Trade number,Type,Date and time,Signal,Price USD,Size (qty),Size (value),Net PnL USD,Return %,Commission USD,Favorable excursion USD,Favorable excursion %,Adverse excursion USD,Adverse excursion %,Cumulative PnL USD,Cumulative PnL %,Duration (bars)
1,Exit long,2010-01-19 07:30,TX30,85.38,100,8524,14,0.16,0,25,0.29,-1,-0.01,14,0.01,2
1,Entry long,2010-01-19 07:00,C0|L|MKT|15|v0.3.0-tier0|SPY,85.24,100,8524,14,0.16,0,25,0.29,-1,-0.01,14,0.01,2
2,Exit short,2010-01-20 07:45,TX30,84.76,100,8485,9,0.11,0,24,0.28,-7,-0.08,23,0.02,2
2,Entry short,2010-01-20 07:15,C0|S|MKT|15|v0.3.0-tier0|SPY,84.85,100,8485,9,0.11,0,24,0.28,-7,-0.08,23,0.02,2
3,Exit short,2010-01-21 07:30,TX30,84.12,100,8497,85,1.00,0,86,1.01,-21,-0.25,108,0.11,2
3,Entry short,2010-01-21 07:00,C0|S|MKT|15|v0.3.0-tier0|SPY,84.97,100,8497,85,1.00,0,86,1.01,-21,-0.25,108,0.11,2
4,Exit short,2010-01-22 07:45,TX30,83.02,100,8268,-34,-0.41,0,17,0.21,-48,-0.58,74,0.07,2
4,Entry short,2010-01-22 07:15,C0|S|MKT|15|v0.3.0-tier0|SPY,82.68,100,8268,-34,-0.41,0,17,0.21,-48,-0.58,74,0.07,2
5,Exit short,2010-01-25 07:45,TX30,81.95,100,8185,-10,-0.12,0,0,0.00,-38,-0.46,64,0.06,2
5,Entry short,2010-01-25 07:15,C0|S|MKT|15|v0.3.0-tier0|SPY,81.85,100,8185,-10,-0.12,0,0,0.00,-38,-0.46,64,0.06,2
6,Exit long,2010-01-26 07:45,TX30,81.94,100,8204,-10,-0.12,0,10,0.12,-21,-0.26,54,0.05,2
6,Entry long,2010-01-26 07:15,C0|L|MKT|15|v0.3.0-tier0|SPY,82.04,100,8204,-10,-0.12,0,10,0.12,-21,-0.26,54,0.05,2
7,Exit short,2010-01-28 07:45,TX30,81.57,100,8149,-8,-0.10,0,13,0.16,-16,-0.20,46,0.05,2
7,Entry short,2010-01-28 07:15,C0|S|MKT|15|v0.3.0-tier0|SPY,81.49,100,8149,-8,-0.10,0,13,0.16,-16,-0.20,46,0.05,2
8,Exit long,2010-01-29 07:30,TX30,81.85,100,8159,26,0.32,0,32,0.39,-23,-0.28,72,0.07,2
8,Entry long,2010-01-29 07:00,C0|L|MKT|15|v0.3.0-tier0|SPY,81.59,100,8159,26,0.32,0,32,0.39,-23,-0.28,72,0.07,2
9,Exit long,2010-02-01 07:45,TX30,81.03,100,8100,3,0.04,0,20,0.25,-3,-0.04,75,0.08,2
9,Entry long,2010-02-01 07:15,C0|L|MKT|15|v0.3.0-tier0|SPY,81,100,8100,3,0.04,0,20,0.25,-3,-0.04,75,0.08,2
10,Exit long,2010-02-02 08:00,TX30,81.99,100,8188,11,0.13,0,21,0.26,0,0.00,86,0.09,2
10,Entry long,2010-02-02 07:30,C0|L|MKT|15|v0.3.0-tier0|SPY,81.88,100,8188,11,0.13,0,21,0.26,0,0.00,86,0.09,2
11,Exit long,2010-02-03 07:30,TX30,81.98,100,8236,-38,-0.46,0,0,0.00,-39,-0.47,48,0.05,2
11,Entry long,2010-02-03 07:00,C0|L|MKT|15|v0.3.0-tier0|SPY,82.36,100,8236,-38,-0.46,0,0,0.00,-39,-0.47,48,0.05,2
12,Exit short,2010-02-04 07:30,TX30,80.29,100,8057,28,0.35,0,34,0.42,-16,-0.20,76,0.08,2
12,Entry short,2010-02-04 07:00,C0|S|MKT|15|v0.3.0-tier0|SPY,80.57,100,8057,28,0.35,0,34,0.42,-16,-0.20,76,0.08,2
13,Exit short,2010-02-05 07:30,TX30,79.38,100,7910,-28,-0.35,0,22,0.28,-38,-0.48,48,0.05,2
13,Entry short,2010-02-05 07:00,C0|S|MKT|15|v0.3.0-tier0|SPY,79.1,100,7910,-28,-0.35,0,22,0.28,-38,-0.48,48,0.05,2
14,Exit long,2010-02-08 07:45,TX30,79.66,100,7970,-4,-0.05,0,8,0.10,-22,-0.28,44,0.04,2
14,Entry long,2010-02-08 07:15,C0|L|MKT|15|v0.3.0-tier0|SPY,79.7,100,7970,-4,-0.05,0,8,0.10,-22,-0.28,44,0.04,2
15,Exit short,2010-02-10 07:45,TX30,79.48,100,7942,-6,-0.08,0,23,0.29,-14,-0.18,38,0.04,2
15,Entry short,2010-02-10 07:15,C0|S|MKT|15|v0.3.0-tier0|SPY,79.42,100,7942,-6,-0.08,0,23,0.29,-14,-0.18,38,0.04,2
16,Exit long,2010-02-11 08:00,TX30,79.59,100,7986,-27,-0.34,0,1,0.01,-34,-0.43,11,0.01,2
16,Entry long,2010-02-11 07:30,C0|L|MKT|15|v0.3.0-tier0|SPY,79.86,100,7986,-27,-0.34,0,1,0.01,-34,-0.43,11,0.01,2
17,Exit long,2010-02-12 08:00,TX30,79.79,100,7992,-13,-0.16,0,9,0.11,-28,-0.35,-2,0.00,2
17,Entry long,2010-02-12 07:30,C0|L|MKT|15|v0.3.0-tier0|SPY,79.92,100,7992,-13,-0.16,0,9,0.11,-28,-0.35,-2,0.00,2
18,Exit long,2010-02-18 07:30,TX30,82.29,100,8243,-14,-0.17,0,15,0.18,-19,-0.23,-16,-0.02,2
18,Entry long,2010-02-18 07:00,C0|L|MKT|15|v0.3.0-tier0|SPY,82.43,100,8243,-14,-0.17,0,15,0.18,-19,-0.23,-16,-0.02,2
19,Exit short,2010-02-19 07:30,TX30,82.71,100,8241,-30,-0.36,0,5,0.06,-38,-0.46,-46,-0.05,2
19,Entry short,2010-02-19 07:00,C0|S|MKT|15|v0.3.0-tier0|SPY,82.41,100,8241,-30,-0.36,0,5,0.06,-38,-0.46,-46,-0.05,2
20,Exit short,2010-02-22 07:45,TX30,83.05,100,8282,-23,-0.28,0,1,0.01,-27,-0.33,-69,-0.07,2
20,Entry short,2010-02-22 07:15,C0|S|MKT|15|v0.3.0-tier0|SPY,82.82,100,8282,-23,-0.28,0,1,0.01,-27,-0.33,-69,-0.07,2
21,Exit short,2010-02-23 07:45,TX30,82.2,100,8209,-11,-0.13,0,12,0.15,-11,-0.13,-80,-0.08,2
21,Entry short,2010-02-23 07:15,C0|S|MKT|15|v0.3.0-tier0|SPY,82.09,100,8209,-11,-0.13,0,12,0.15,-11,-0.13,-80,-0.08,2
22,Exit long,2010-02-24 07:30,TX30,82.1,100,8246,-36,-0.44,0,1,0.01,-47,-0.57,-116,-0.12,2
22,Entry long,2010-02-24 07:00,C0|L|MKT|15|v0.3.0-tier0|SPY,82.46,100,8246,-36,-0.44,0,1,0.01,-47,-0.57,-116,-0.12,2
23,Exit long,2010-02-25 08:00,TX30,81.6,100,8168,-8,-0.10,0,4,0.05,-13,-0.16,-124,-0.12,2
23,Entry long,2010-02-25 07:30,C0|L|MKT|15|v0.3.0-tier0|SPY,81.68,100,8168,-8,-0.10,0,4,0.05,-13,-0.16,-124,-0.12,2
24,Exit long,2010-03-01 07:45,TX30,83.23,100,8335,-12,-0.14,0,6,0.07,-24,-0.29,-136,-0.14,2
24,Entry long,2010-03-01 07:15,C0|L|MKT|15|v0.3.0-tier0|SPY,83.35,100,8335,-12,-0.14,0,6,0.07,-24,-0.29,-136,-0.14,2
25,Exit short,2010-03-02 07:45,TX30,83.94,100,8373,-21,-0.25,0,6,0.07,-24,-0.29,-157,-0.16,2
25,Entry short,2010-03-02 07:15,C0|S|MKT|15|v0.3.0-tier0|SPY,83.73,100,8373,-21,-0.25,0,6,0.07,-24,-0.29,-157,-0.16,2
26,Exit long,2010-03-03 07:30,TX30,84.03,100,8406,-3,-0.04,0,12,0.14,-10,-0.12,-160,-0.16,2
26,Entry long,2010-03-03 07:00,C0|L|MKT|15|v0.3.0-tier0|SPY,84.06,100,8406,-3,-0.04,0,12,0.14,-10,-0.12,-160,-0.16,2
27,Exit long,2010-03-05 07:30,TX30,84.98,100,8470,28,0.33,0,32,0.38,-6,-0.07,-132,-0.13,2
27,Entry long,2010-03-05 07:00,C0|L|MKT|15|v0.3.0-tier0|SPY,84.7,100,8470,28,0.33,0,32,0.38,-6,-0.07,-132,-0.13,2
28,Exit short,2010-03-08 07:30,TX30,85.35,100,8525,-10,-0.12,0,3,0.04,-18,-0.21,-142,-0.14,2
28,Entry short,2010-03-08 07:00,C0|S|MKT|15|v0.3.0-tier0|SPY,85.25,100,8525,-10,-0.12,0,3,0.04,-18,-0.21,-142,-0.14,2
29,Exit long,2010-03-09 07:30,TX30,85.29,100,8522,7,0.08,0,16,0.19,-8,-0.09,-135,-0.13,2
29,Entry long,2010-03-09 07:00,C0|L|MKT|15|v0.3.0-tier0|SPY,85.22,100,8522,7,0.08,0,16,0.19,-8,-0.09,-135,-0.13,2
30,Exit long,2010-03-10 07:45,TX30,85.91,100,8583,8,0.09,0,14,0.16,-11,-0.13,-127,-0.13,2
30,Entry long,2010-03-10 07:15,C0|L|MKT|15|v0.3.0-tier0|SPY,85.83,100,8583,8,0.09,0,14,0.16,-11,-0.13,-127,-0.13,2
31,Exit short,2010-03-11 07:30,TX30,85.65,100,8546,-19,-0.22,0,0,0.00,-26,-0.30,-146,-0.15,2
31,Entry short,2010-03-11 07:00,C0|S|MKT|15|v0.3.0-tier0|SPY,85.46,100,8546,-19,-0.22,0,0,0.00,-26,-0.30,-146,-0.15,2
32,Exit short,2010-03-12 07:45,TX30,86.1,100,8600,-10,-0.12,0,7,0.08,-17,-0.20,-156,-0.16,2
32,Entry short,2010-03-12 07:15,C0|S|MKT|15|v0.3.0-tier0|SPY,86,100,8600,-10,-0.12,0,7,0.08,-17,-0.20,-156,-0.16,2
33,Exit long,2010-03-17 07:30,TX30,87.2,100,8733,-13,-0.15,0,5,0.06,-14,-0.16,-169,-0.17,2
33,Entry long,2010-03-17 07:00,C0|L|MKT|15|v0.3.0-tier0|SPY,87.33,100,8733,-13,-0.15,0,5,0.06,-14,-0.16,-169,-0.17,2
34,Exit short,2010-03-19 07:45,TX30,87.02,100,8714,12,0.14,0,26,0.30,-2,-0.02,-157,-0.16,2
34,Entry short,2010-03-19 07:15,C0|S|MKT|15|v0.3.0-tier0|SPY,87.14,100,8714,12,0.14,0,26,0.30,-2,-0.02,-157,-0.16,2
35,Exit long,2010-03-22 07:30,TX30,87.16,100,8686,30,0.35,0,36,0.41,-6,-0.07,-127,-0.13,2
35,Entry long,2010-03-22 07:00,C0|L|MKT|15|v0.3.0-tier0|SPY,86.86,100,8686,30,0.35,0,36,0.41,-6,-0.07,-127,-0.13,2
36,Exit long,2010-03-24 07:45,TX30,87.8,100,8785,-5,-0.06,0,7,0.08,-15,-0.17,-132,-0.13,2
36,Entry long,2010-03-24 07:15,C0|L|MKT|15|v0.3.0-tier0|SPY,87.85,100,8785,-5,-0.06,0,7,0.08,-15,-0.17,-132,-0.13,2
37,Exit short,2010-03-25 07:30,TX30,88.01,100,8804,3,0.03,0,18,0.20,-12,-0.14,-129,-0.13,2
37,Entry short,2010-03-25 07:00,C0|S|MKT|15|v0.3.0-tier0|SPY,88.04,100,8804,3,0.03,0,18,0.20,-12,-0.14,-129,-0.13,2
38,Exit long,2010-03-26 07:45,TX30,87.86,100,8783,3,0.03,0,16,0.18,-3,-0.03,-126,-0.13,2
38,Entry long,2010-03-26 07:15,C0|L|MKT|15|v0.3.0-tier0|SPY,87.83,100,8783,3,0.03,0,16,0.18,-3,-0.03,-126,-0.13,2
39,Exit short,2010-03-29 07:30,TX30,87.77,100,8776,-1,-0.01,0,6,0.07,-14,-0.16,-127,-0.13,2
39,Entry short,2010-03-29 07:00,C0|S|MKT|15|v0.3.0-tier0|SPY,87.76,100,8776,-1,-0.01,0,6,0.07,-14,-0.16,-127,-0.13,2
40,Exit long,2010-03-30 07:30,TX30,88.04,100,8823,-19,-0.22,0,7,0.08,-27,-0.31,-146,-0.15,2
40,Entry long,2010-03-30 07:00,C0|L|MKT|15|v0.3.0-tier0|SPY,88.23,100,8823,-19,-0.22,0,7,0.08,-27,-0.31,-146,-0.15,2
41,Exit long,2010-03-31 08:00,TX30,87.8,100,8785,-5,-0.06,0,9,0.10,-11,-0.13,-151,-0.15,2
41,Entry long,2010-03-31 07:30,C0|L|MKT|15|v0.3.0-tier0|SPY,87.85,100,8785,-5,-0.06,0,9,0.10,-11,-0.13,-151,-0.15,2
42,Exit long,2010-04-05 07:30,TX30,88.82,100,8870,12,0.14,0,21,0.24,-5,-0.06,-139,-0.14,2
42,Entry long,2010-04-05 07:00,C0|L|MKT|15|v0.3.0-tier0|SPY,88.7,100,8870,12,0.14,0,21,0.24,-5,-0.06,-139,-0.14,2
43,Exit long,2010-04-06 07:45,TX30,88.95,100,8889,6,0.07,0,10,0.11,-4,-0.04,-133,-0.13,2
43,Entry long,2010-04-06 07:15,C0|L|MKT|15|v0.3.0-tier0|SPY,88.89,100,8889,6,0.07,0,10,0.11,-4,-0.04,-133,-0.13,2
44,Exit long,2010-04-08 08:00,TX30,88.43,100,8842,1,0.01,0,9,0.10,-4,-0.05,-132,-0.13,2
44,Entry long,2010-04-08 07:30,C0|L|MKT|15|v0.3.0-tier0|SPY,88.42,100,8842,1,0.01,0,9,0.10,-4,-0.05,-132,-0.13,2
45,Exit short,2010-04-12 07:30,TX30,89.82,100,8962,-20,-0.22,0,3,0.03,-21,-0.23,-152,-0.15,2
45,Entry short,2010-04-12 07:00,C0|S|MKT|15|v0.3.0-tier0|SPY,89.62,100,8962,-20,-0.22,0,3,0.03,-21,-0.23,-152,-0.15,2
46,Exit short,2010-04-13 08:00,TX30,89.35,100,8931,-4,-0.04,0,13,0.15,-8,-0.09,-156,-0.16,2
46,Entry short,2010-04-13 07:30,C0|S|MKT|15|v0.3.0-tier0|SPY,89.31,100,8931,-4,-0.04,0,13,0.15,-8,-0.09,-156,-0.16,2
47,Exit short,2010-04-14 07:45,TX30,90.19,100,9004,-15,-0.17,0,6,0.07,-22,-0.24,-171,-0.17,2
47,Entry short,2010-04-14 07:15,C0|S|MKT|15|v0.3.0-tier0|SPY,90.04,100,9004,-15,-0.17,0,6,0.07,-22,-0.24,-171,-0.17,2
48,Exit long,2010-04-15 07:45,TX30,91.02,100,9081,21,0.23,0,22,0.24,-2,-0.02,-150,-0.15,2
48,Entry long,2010-04-15 07:15,C0|L|MKT|15|v0.3.0-tier0|SPY,90.81,100,9081,21,0.23,0,22,0.24,-2,-0.02,-150,-0.15,2
49,Exit short,2010-04-16 07:30,TX30,90.6,100,9033,-27,-0.30,0,3,0.03,-39,-0.43,-177,-0.18,2
49,Entry short,2010-04-16 07:00,C0|S|MKT|15|v0.3.0-tier0|SPY,90.33,100,9033,-27,-0.30,0,3,0.03,-39,-0.43,-177,-0.18,2
50,Exit long,2010-04-19 07:30,TX30,89.54,100,8952,2,0.02,0,26,0.29,-3,-0.03,-175,-0.17,2
50,Entry long,2010-04-19 07:00,C0|L|MKT|15|v0.3.0-tier0|SPY,89.52,100,8952,2,0.02,0,26,0.29,-3,-0.03,-175,-0.17,2
51,Exit short,2010-04-20 07:45,TX30,90.25,100,9020,-5,-0.06,0,15,0.17,-8,-0.09,-180,-0.18,2
51,Entry short,2010-04-20 07:15,C0|S|MKT|15|v0.3.0-tier0|SPY,90.2,100,9020,-5,-0.06,0,15,0.17,-8,-0.09,-180,-0.18,2
52,Exit long,2010-04-21 07:30,TX30,90.55,100,9081,-26,-0.29,0,1,0.01,-29,-0.32,-206,-0.21,2
52,Entry long,2010-04-21 07:00,C0|L|MKT|15|v0.3.0-tier0|SPY,90.81,100,9081,-26,-0.29,0,1,0.01,-29,-0.32,-206,-0.21,2
53,Exit long,2010-04-23 07:45,TX30,90.81,100,9099,-18,-0.20,0,1,0.01,-42,-0.46,-224,-0.22,2
53,Entry long,2010-04-23 07:15,C0|L|MKT|15|v0.3.0-tier0|SPY,90.99,100,9099,-18,-0.20,0,1,0.01,-42,-0.46,-224,-0.22,2
54,Exit short,2010-04-26 07:30,TX30,91.24,100,9124,0,0.00,0,9,0.10,-18,-0.20,-224,-0.22,2
54,Entry short,2010-04-26 07:00,C0|S|MKT|15|v0.3.0-tier0|SPY,91.24,100,9124,0,0.00,0,9,0.10,-18,-0.20,-224,-0.22,2
55,Exit long,2010-04-27 08:00,TX30,90.74,100,9071,3,0.03,0,17,0.19,-10,-0.11,-221,-0.22,2
55,Entry long,2010-04-27 07:30,C0|L|MKT|15|v0.3.0-tier0|SPY,90.71,100,9071,3,0.03,0,17,0.19,-10,-0.11,-221,-0.22,2
56,Exit short,2010-04-28 07:45,TX30,89.04,100,8904,0,0.00,0,9,0.10,-23,-0.26,-221,-0.22,2
56,Entry short,2010-04-28 07:15,C0|S|MKT|15|v0.3.0-tier0|SPY,89.04,100,8904,0,0.00,0,9,0.10,-23,-0.26,-221,-0.22,2
57,Exit long,2010-04-29 08:00,TX30,90.52,100,9035,17,0.19,0,26,0.29,-7,-0.08,-204,-0.20,2
57,Entry long,2010-04-29 07:30,C0|L|MKT|15|v0.3.0-tier0|SPY,90.35,100,9035,17,0.19,0,26,0.29,-7,-0.08,-204,-0.20,2
58,Exit short,2010-04-30 07:30,TX30,90.12,100,9034,22,0.24,0,53,0.59,-6,-0.07,-182,-0.18,2
58,Entry short,2010-04-30 07:00,C0|S|MKT|15|v0.3.0-tier0|SPY,90.34,100,9034,22,0.24,0,53,0.59,-6,-0.07,-182,-0.18,2
59,Exit long,2010-05-03 07:45,TX30,89.65,100,8973,-8,-0.09,0,5,0.06,-17,-0.19,-190,-0.19,2
59,Entry long,2010-05-03 07:15,C0|L|MKT|15|v0.3.0-tier0|SPY,89.73,100,8973,-8,-0.09,0,5,0.06,-17,-0.19,-190,-0.19,2
60,Exit long,2010-05-05 07:30,TX30,87.56,100,8753,3,0.03,0,34,0.39,-14,-0.16,-187,-0.19,2
60,Entry long,2010-05-05 07:00,C0|L|MKT|15|v0.3.0-tier0|SPY,87.53,100,8753,3,0.03,0,34,0.39,-14,-0.16,-187,-0.19,2
61,Exit short,2010-05-07 07:45,TX30,82.81,100,8395,114,1.36,0,183,2.18,-8,-0.10,-73,-0.07,2
61,Entry short,2010-05-07 07:15,C0|S|MKT|15|v0.3.0-tier0|SPY,83.95,100,8395,114,1.36,0,183,2.18,-8,-0.10,-73,-0.07,2
62,Exit short,2010-05-10 08:00,TX30,86.61,100,8647,-14,-0.16,0,8,0.09,-32,-0.37,-87,-0.09,2
62,Entry short,2010-05-10 07:30,C0|S|MKT|15|v0.3.0-tier0|SPY,86.47,100,8647,-14,-0.16,0,8,0.09,-32,-0.37,-87,-0.09,2
63,Exit long,2010-05-11 07:30,TX30,86.69,100,8660,9,0.10,0,27,0.31,-14,-0.16,-78,-0.08,2
63,Entry long,2010-05-11 07:00,C0|L|MKT|15|v0.3.0-tier0|SPY,86.6,100,8660,9,0.10,0,27,0.31,-14,-0.16,-78,-0.08,2
64,Exit long,2010-05-12 07:30,TX30,87.65,100,8754,11,0.13,0,17,0.19,-6,-0.07,-67,-0.07,2
64,Entry long,2010-05-12 07:00,C0|L|MKT|15|v0.3.0-tier0|SPY,87.54,100,8754,11,0.13,0,17,0.19,-6,-0.07,-67,-0.07,2
65,Exit long,2010-05-13 08:00,TX30,87.9,100,8796,-6,-0.07,0,22,0.25,-9,-0.10,-73,-0.07,2
65,Entry long,2010-05-13 07:30,C0|L|MKT|15|v0.3.0-tier0|SPY,87.96,100,8796,-6,-0.07,0,22,0.25,-9,-0.10,-73,-0.07,2
66,Exit short,2010-05-17 07:30,TX30,85.38,100,8521,-17,-0.20,0,13,0.15,-28,-0.33,-90,-0.09,2
66,Entry short,2010-05-17 07:00,C0|S|MKT|15|v0.3.0-tier0|SPY,85.21,100,8521,-17,-0.20,0,13,0.15,-28,-0.33,-90,-0.09,2
67,Exit short,2010-05-18 08:00,TX30,85.48,100,8586,38,0.44,0,60,0.70,-3,-0.03,-52,-0.05,2
67,Entry short,2010-05-18 07:30,C0|S|MKT|15|v0.3.0-tier0|SPY,85.86,100,8586,38,0.44,0,60,0.70,-3,-0.03,-52,-0.05,2
68,Exit short,2010-05-19 08:00,TX30,83.61,100,8368,7,0.08,0,34,0.41,-20,-0.24,-45,-0.04,2
68,Entry short,2010-05-19 07:30,C0|S|MKT|15|v0.3.0-tier0|SPY,83.68,100,8368,7,0.08,0,34,0.41,-20,-0.24,-45,-0.04,2
69,Exit short,2010-05-20 07:45,TX30,81.43,100,8160,17,0.21,0,70,0.86,-4,-0.05,-28,-0.03,2
69,Entry short,2010-05-20 07:15,C0|S|MKT|15|v0.3.0-tier0|SPY,81.6,100,8160,17,0.21,0,70,0.86,-4,-0.05,-28,-0.03,2
70,Exit long,2010-05-21 07:30,TX30,80.39,100,8074,-35,-0.43,0,54,0.67,-41,-0.51,-63,-0.06,2
70,Entry long,2010-05-21 07:00,C0|L|MKT|15|v0.3.0-tier0|SPY,80.74,100,8074,-35,-0.43,0,54,0.67,-41,-0.51,-63,-0.06,2
71,Exit long,2010-05-25 07:45,TX30,78.86,100,7909,-23,-0.29,0,31,0.39,-25,-0.32,-86,-0.09,2
71,Entry long,2010-05-25 07:15,C0|L|MKT|15|v0.3.0-tier0|SPY,79.09,100,7909,-23,-0.29,0,31,0.39,-25,-0.32,-86,-0.09,2
72,Exit long,2010-05-26 07:30,TX30,81.75,100,8179,-4,-0.05,0,18,0.22,-14,-0.17,-90,-0.09,2
72,Entry long,2010-05-26 07:00,C0|L|MKT|15|v0.3.0-tier0|SPY,81.79,100,8179,-4,-0.05,0,18,0.22,-14,-0.17,-90,-0.09,2
73,Exit long,2010-05-27 08:00,TX30,82.2,100,8224,-4,-0.05,0,18,0.22,-21,-0.26,-94,-0.09,2
73,Entry long,2010-05-27 07:30,C0|L|MKT|15|v0.3.0-tier0|SPY,82.24,100,8224,-4,-0.05,0,18,0.22,-21,-0.26,-94,-0.09,2
74,Exit long,2010-06-01 07:45,TX30,82.09,100,8173,36,0.44,0,66,0.81,0,0.00,-58,-0.06,2
74,Entry long,2010-06-01 07:15,C0|L|MKT|15|v0.3.0-tier0|SPY,81.73,100,8173,36,0.44,0,66,0.81,0,0.00,-58,-0.06,2
75,Exit long,2010-06-03 07:30,TX30,82.71,100,8319,-48,-0.58,0,4,0.05,-50,-0.60,-106,-0.11,2
75,Entry long,2010-06-03 07:00,C0|L|MKT|15|v0.3.0-tier0|SPY,83.19,100,8319,-48,-0.58,0,4,0.05,-50,-0.60,-106,-0.11,2
76,Exit long,2010-06-04 07:45,TX30,81.78,100,8184,-6,-0.07,0,8,0.10,-15,-0.18,-112,-0.11,2
76,Entry long,2010-06-04 07:15,C0|L|MKT|15|v0.3.0-tier0|SPY,81.84,100,8184,-6,-0.07,0,8,0.10,-15,-0.18,-112,-0.11,2
77,Exit long,2010-06-07 07:45,TX30,80.13,100,8052,-39,-0.48,0,6,0.07,-40,-0.50,-151,-0.15,2
77,Entry long,2010-06-07 07:15,C0|L|MKT|15|v0.3.0-tier0|SPY,80.52,100,8052,-39,-0.48,0,6,0.07,-40,-0.50,-151,-0.15,2
78,Exit short,2010-06-08 07:30,TX30,79.04,100,7894,-10,-0.13,0,17,0.22,-42,-0.53,-161,-0.16,2
78,Entry short,2010-06-08 07:00,C0|S|MKT|15|v0.3.0-tier0|SPY,78.94,100,7894,-10,-0.13,0,17,0.22,-42,-0.53,-161,-0.16,2
79,Exit short,2010-06-09 07:45,TX30,80.28,100,8017,-11,-0.14,0,8,0.10,-25,-0.31,-172,-0.17,2
79,Entry short,2010-06-09 07:15,C0|S|MKT|15|v0.3.0-tier0|SPY,80.17,100,8017,-11,-0.14,0,8,0.10,-25,-0.31,-172,-0.17,2
80,Exit long,2010-06-10 07:30,TX30,81.07,100,8137,-30,-0.37,0,18,0.22,-44,-0.54,-202,-0.20,2
80,Entry long,2010-06-10 07:00,C0|L|MKT|15|v0.3.0-tier0|SPY,81.37,100,8137,-30,-0.37,0,18,0.22,-44,-0.54,-202,-0.20,2
81,Exit long,2010-06-11 07:30,TX30,81.85,100,8160,25,0.31,0,38,0.47,-13,-0.16,-177,-0.18,2
81,Entry long,2010-06-11 07:00,C0|L|MKT|15|v0.3.0-tier0|SPY,81.6,100,8160,25,0.31,0,38,0.47,-13,-0.16,-177,-0.18,2
82,Exit long,2010-06-14 08:00,TX30,82.97,100,8289,8,0.10,0,10,0.12,-19,-0.23,-169,-0.17,2
82,Entry long,2010-06-14 07:30,C0|L|MKT|15|v0.3.0-tier0|SPY,82.89,100,8289,8,0.10,0,10,0.12,-19,-0.23,-169,-0.17,2
83,Exit long,2010-06-15 07:30,TX30,82.84,100,8281,3,0.04,0,10,0.12,-21,-0.25,-166,-0.17,2
83,Entry long,2010-06-15 07:00,C0|L|MKT|15|v0.3.0-tier0|SPY,82.81,100,8281,3,0.04,0,10,0.12,-21,-0.25,-166,-0.17,2
84,Exit long,2010-06-16 07:30,TX30,83.51,100,8374,-23,-0.27,0,8,0.10,-27,-0.32,-189,-0.19,2
84,Entry long,2010-06-16 07:00,C0|L|MKT|15|v0.3.0-tier0|SPY,83.74,100,8374,-23,-0.27,0,8,0.10,-27,-0.32,-189,-0.19,2
85,Exit short,2010-06-17 07:45,TX30,83.39,100,8359,20,0.24,0,31,0.37,-1,-0.01,-169,-0.17,2
85,Entry short,2010-06-17 07:15,C0|S|MKT|15|v0.3.0-tier0|SPY,83.59,100,8359,20,0.24,0,31,0.37,-1,-0.01,-169,-0.17,2
86,Exit short,2010-06-18 07:30,TX30,84.23,100,8388,-35,-0.42,0,0,0.00,-39,-0.46,-204,-0.20,2
86,Entry short,2010-06-18 07:00,C0|S|MKT|15|v0.3.0-tier0|SPY,83.88,100,8388,-35,-0.42,0,0,0.00,-39,-0.46,-204,-0.20,2
87,Exit short,2010-06-22 08:00,TX30,83.82,100,8374,-8,-0.10,0,23,0.27,-14,-0.17,-212,-0.21,2
87,Entry short,2010-06-22 07:30,C0|S|MKT|15|v0.3.0-tier0|SPY,83.74,100,8374,-8,-0.10,0,23,0.27,-14,-0.17,-212,-0.21,2
88,Exit short,2010-06-23 07:45,TX30,82,100,8197,-3,-0.04,0,20,0.24,-13,-0.16,-215,-0.21,2
88,Entry short,2010-06-23 07:15,C0|S|MKT|15|v0.3.0-tier0|SPY,81.97,100,8197,-3,-0.04,0,20,0.24,-13,-0.16,-215,-0.21,2
89,Exit short,2010-06-24 07:30,TX30,81.66,100,8133,-33,-0.41,0,1,0.01,-42,-0.52,-248,-0.25,2
89,Entry short,2010-06-24 07:00,C0|S|MKT|15|v0.3.0-tier0|SPY,81.33,100,8133,-33,-0.41,0,1,0.01,-42,-0.52,-248,-0.25,2
90,Exit short,2010-06-28 07:30,TX30,81.08,100,8083,-25,-0.31,0,8,0.10,-30,-0.37,-273,-0.27,2
90,Entry short,2010-06-28 07:00,C0|S|MKT|15|v0.3.0-tier0|SPY,80.83,100,8083,-25,-0.31,0,8,0.10,-30,-0.37,-273,-0.27,2
91,Exit short,2010-06-29 07:30,TX30,78.55,100,7941,86,1.08,0,90,1.13,0,0.00,-187,-0.19,2
91,Entry short,2010-06-29 07:00,C0|S|MKT|15|v0.3.0-tier0|SPY,79.41,100,7941,86,1.08,0,90,1.13,0,0.00,-187,-0.19,2
92,Exit short,2010-07-01 07:30,TX30,76.91,100,7744,53,0.68,0,69,0.89,0,0.00,-134,-0.13,2
92,Entry short,2010-07-01 07:00,C0|S|MKT|15|v0.3.0-tier0|SPY,77.44,100,7744,53,0.68,0,69,0.89,0,0.00,-134,-0.13,2
93,Exit short,2010-07-02 07:45,TX30,77.32,100,7745,13,0.17,0,14,0.18,-20,-0.26,-121,-0.12,2
93,Entry short,2010-07-02 07:15,C0|S|MKT|15|v0.3.0-tier0|SPY,77.45,100,7745,13,0.17,0,14,0.18,-20,-0.26,-121,-0.12,2
94,Exit long,2010-07-06 07:45,TX30,78.36,100,7852,-16,-0.20,0,5,0.06,-25,-0.32,-137,-0.14,2
94,Entry long,2010-07-06 07:15,C0|L|MKT|15|v0.3.0-tier0|SPY,78.52,100,7852,-16,-0.20,0,5,0.06,-25,-0.32,-137,-0.14,2
95,Exit long,2010-07-07 07:30,TX30,78.18,100,7800,18,0.23,0,40,0.51,0,0.00,-119,-0.12,2
95,Entry long,2010-07-07 07:00,C0|L|MKT|15|v0.3.0-tier0|SPY,78,100,7800,18,0.23,0,40,0.51,0,0.00,-119,-0.12,2
96,Exit short,2010-07-08 07:30,TX30,80.51,100,8038,-13,-0.16,0,17,0.21,-15,-0.19,-132,-0.13,2
96,Entry short,2010-07-08 07:00,C0|S|MKT|15|v0.3.0-tier0|SPY,80.38,100,8038,-13,-0.16,0,17,0.21,-15,-0.19,-132,-0.13,2
97,Exit long,2010-07-09 08:00,TX30,80.81,100,8087,-6,-0.07,0,21,0.26,-10,-0.12,-138,-0.14,2
97,Entry long,2010-07-09 07:30,C0|L|MKT|15|v0.3.0-tier0|SPY,80.87,100,8087,-6,-0.07,0,21,0.26,-10,-0.12,-138,-0.14,2
98,Exit long,2010-07-12 07:30,TX30,81.13,100,8141,-28,-0.34,0,4,0.05,-30,-0.37,-166,-0.17,2
98,Entry long,2010-07-12 07:00,C0|L|MKT|15|v0.3.0-tier0|SPY,81.41,100,8141,-28,-0.34,0,4,0.05,-30,-0.37,-166,-0.17,2
99,Exit long,2010-07-13 07:45,TX30,82.21,100,8237,-16,-0.19,0,5,0.06,-22,-0.27,-182,-0.18,2
99,Entry long,2010-07-13 07:15,C0|L|MKT|15|v0.3.0-tier0|SPY,82.37,100,8237,-16,-0.19,0,5,0.06,-22,-0.27,-182,-0.18,2
100,Exit short,2010-07-15 07:45,TX30,81.71,100,8169,-2,-0.02,0,24,0.29,-9,-0.11,-184,-0.18,2
100,Entry short,2010-07-15 07:15,C0|S|MKT|15|v0.3.0-tier0|SPY,81.69,100,8169,-2,-0.02,0,24,0.29,-9,-0.11,-184,-0.18,2
101,Exit short,2010-07-16 07:30,TX30,81.26,100,8136,10,0.12,0,37,0.45,-5,-0.06,-174,-0.17,2
101,Entry short,2010-07-16 07:00,C0|S|MKT|15|v0.3.0-tier0|SPY,81.36,100,8136,10,0.12,0,37,0.45,-5,-0.06,-174,-0.17,2
102,Exit short,2010-07-19 07:45,TX30,80.24,100,8052,28,0.35,0,44,0.55,0,0.00,-146,-0.15,2
102,Entry short,2010-07-19 07:15,C0|S|MKT|15|v0.3.0-tier0|SPY,80.52,100,8052,28,0.35,0,44,0.55,0,0.00,-146,-0.15,2
103,Exit long,2010-07-20 07:30,TX30,80.18,100,8008,10,0.12,0,19,0.24,-25,-0.31,-136,-0.14,2
103,Entry long,2010-07-20 07:00,C0|L|MKT|15|v0.3.0-tier0|SPY,80.08,100,8008,10,0.12,0,19,0.24,-25,-0.31,-136,-0.14,2
104,Exit short,2010-07-21 07:30,TX30,81.81,100,8165,-16,-0.20,0,18,0.22,-18,-0.22,-152,-0.15,2
104,Entry short,2010-07-21 07:00,C0|S|MKT|15|v0.3.0-tier0|SPY,81.65,100,8165,-16,-0.20,0,18,0.22,-18,-0.22,-152,-0.15,2
105,Exit long,2010-07-22 07:30,TX30,82.43,100,8212,31,0.38,0,45,0.55,0,0.00,-121,-0.12,2
105,Entry long,2010-07-22 07:00,C0|L|MKT|15|v0.3.0-tier0|SPY,82.12,100,8212,31,0.38,0,45,0.55,0,0.00,-121,-0.12,2
106,Exit long,2010-07-26 07:45,TX30,83.54,100,8371,-17,-0.20,0,5,0.06,-28,-0.33,-138,-0.14,2
106,Entry long,2010-07-26 07:15,C0|L|MKT|15|v0.3.0-tier0|SPY,83.71,100,8371,-17,-0.20,0,5,0.06,-28,-0.33,-138,-0.14,2
107,Exit short,2010-07-27 07:30,TX30,84.19,100,8416,-3,-0.04,0,24,0.29,-39,-0.46,-141,-0.14,2
107,Entry short,2010-07-27 07:00,C0|S|MKT|15|v0.3.0-tier0|SPY,84.16,100,8416,-3,-0.04,0,24,0.29,-39,-0.46,-141,-0.14,2
108,Exit short,2010-07-28 07:45,TX30,83.76,100,8369,-7,-0.08,0,20,0.24,-8,-0.10,-148,-0.15,2
108,Entry short,2010-07-28 07:15,C0|S|MKT|15|v0.3.0-tier0|SPY,83.69,100,8369,-7,-0.08,0,20,0.24,-8,-0.10,-148,-0.15,2
109,Exit short,2010-07-29 07:30,TX30,83.62,100,8388,26,0.31,0,33,0.39,-1,-0.01,-122,-0.12,2
109,Entry short,2010-07-29 07:00,C0|S|MKT|15|v0.3.0-tier0|SPY,83.88,100,8388,26,0.31,0,33,0.39,-1,-0.01,-122,-0.12,2
110,Exit long,2010-07-30 07:30,TX30,82.84,100,8257,27,0.33,0,39,0.47,-1,-0.01,-95,-0.09,2
110,Entry long,2010-07-30 07:00,C0|L|MKT|15|v0.3.0-tier0|SPY,82.57,100,8257,27,0.33,0,39,0.47,-1,-0.01,-95,-0.09,2
111,Exit long,2010-08-02 07:45,TX30,84.62,100,8458,4,0.05,0,11,0.13,-6,-0.07,-91,-0.09,2
111,Entry long,2010-08-02 07:15,C0|L|MKT|15|v0.3.0-tier0|SPY,84.58,100,8458,4,0.05,0,11,0.13,-6,-0.07,-91,-0.09,2
112,Exit short,2010-08-03 07:30,TX30,84.39,100,8449,10,0.12,0,27,0.32,0,0.00,-81,-0.08,2
112,Entry short,2010-08-03 07:00,C0|S|MKT|15|v0.3.0-tier0|SPY,84.49,100,8449,10,0.12,0,27,0.32,0,0.00,-81,-0.08,2
113,Exit long,2010-08-05 07:30,TX30,84.88,100,8471,17,0.20,0,17,0.20,-6,-0.07,-64,-0.06,2
113,Entry long,2010-08-05 07:00,C0|L|MKT|15|v0.3.0-tier0|SPY,84.71,100,8471,17,0.20,0,17,0.20,-6,-0.07,-64,-0.06,2
114,Exit long,2010-08-06 07:30,TX30,84.49,100,8471,-22,-0.26,0,5,0.06,-28,-0.33,-86,-0.09,2
114,Entry long,2010-08-06 07:00,C0|L|MKT|15|v0.3.0-tier0|SPY,84.71,100,8471,-22,-0.26,0,5,0.06,-28,-0.33,-86,-0.09,2
115,Exit short,2010-08-09 07:30,TX30,84.68,100,8468,0,0.00,0,5,0.06,-16,-0.19,-86,-0.09,2
115,Entry short,2010-08-09 07:00,C0|S|MKT|15|v0.3.0-tier0|SPY,84.68,100,8468,0,0.00,0,5,0.06,-16,-0.19,-86,-0.09,2
116,Exit long,2010-08-12 07:30,TX30,81.54,100,8159,-5,-0.06,0,27,0.33,-8,-0.10,-91,-0.09,2
116,Entry long,2010-08-12 07:00,C0|L|MKT|15|v0.3.0-tier0|SPY,81.59,100,8159,-5,-0.06,0,27,0.33,-8,-0.10,-91,-0.09,2
117,Exit long,2010-08-13 07:30,TX30,81.79,100,8196,-17,-0.21,0,7,0.09,-27,-0.33,-108,-0.11,2
117,Entry long,2010-08-13 07:00,C0|L|MKT|15|v0.3.0-tier0|SPY,81.96,100,8196,-17,-0.21,0,7,0.09,-27,-0.33,-108,-0.11,2
118,Exit long,2010-08-16 07:45,TX30,81.62,100,8140,22,0.27,0,28,0.34,-1,-0.01,-86,-0.09,2
118,Entry long,2010-08-16 07:15,C0|L|MKT|15|v0.3.0-tier0|SPY,81.4,100,8140,22,0.27,0,28,0.34,-1,-0.01,-86,-0.09,2
119,Exit short,2010-08-19 07:30,TX30,81.54,100,8206,52,0.63,0,69,0.84,-1,-0.01,-34,-0.03,2
119,Entry short,2010-08-19 07:00,C0|S|MKT|15|v0.3.0-tier0|SPY,82.06,100,8206,52,0.63,0,69,0.84,-1,-0.01,-34,-0.03,2
120,Exit short,2010-08-20 07:45,TX30,80.84,100,8063,-21,-0.26,0,1,0.01,-27,-0.33,-55,-0.05,2
120,Entry short,2010-08-20 07:15,C0|S|MKT|15|v0.3.0-tier0|SPY,80.63,100,8063,-21,-0.26,0,1,0.01,-27,-0.33,-55,-0.05,2
121,Exit short,2010-08-23 08:00,TX30,81.01,100,8123,22,0.27,0,35,0.43,-13,-0.16,-33,-0.03,2
121,Entry short,2010-08-23 07:30,C0|S|MKT|15|v0.3.0-tier0|SPY,81.23,100,8123,22,0.27,0,35,0.43,-13,-0.16,-33,-0.03,2
122,Exit short,2010-08-24 07:30,TX30,79.56,100,7958,2,0.03,0,54,0.68,-17,-0.21,-31,-0.03,2
122,Entry short,2010-08-24 07:00,C0|S|MKT|15|v0.3.0-tier0|SPY,79.58,100,7958,2,0.03,0,54,0.68,-17,-0.21,-31,-0.03,2
123,Exit short,2010-08-25 07:30,TX30,78.95,100,7884,-11,-0.14,0,31,0.39,-26,-0.33,-42,-0.04,2
123,Entry short,2010-08-25 07:00,C0|S|MKT|15|v0.3.0-tier0|SPY,78.84,100,7884,-11,-0.14,0,31,0.39,-26,-0.33,-42,-0.04,2
124,Exit short,2010-08-27 07:30,TX30,79.5,100,7910,-40,-0.51,0,55,0.70,-46,-0.58,-82,-0.08,2
124,Entry short,2010-08-27 07:00,C0|S|MKT|15|v0.3.0-tier0|SPY,79.1,100,7910,-40,-0.51,0,55,0.70,-46,-0.58,-82,-0.08,2
125,Exit long,2010-08-30 07:30,TX30,80.16,100,8045,-29,-0.36,0,4,0.05,-37,-0.46,-111,-0.11,2
125,Entry long,2010-08-30 07:00,C0|L|MKT|15|v0.3.0-tier0|SPY,80.45,100,8045,-29,-0.36,0,4,0.05,-37,-0.46,-111,-0.11,2
126,Exit long,2010-08-31 07:45,TX30,79.4,100,7961,-21,-0.26,0,7,0.09,-36,-0.45,-132,-0.13,2
126,Entry long,2010-08-31 07:15,C0|L|MKT|15|v0.3.0-tier0|SPY,79.61,100,7961,-21,-0.26,0,7,0.09,-36,-0.45,-132,-0.13,2
127,Exit long,2010-09-01 07:30,TX30,81.31,100,8069,62,0.77,0,78,0.97,-14,-0.17,-70,-0.07,2
127,Entry long,2010-09-01 07:00,C0|L|MKT|15|v0.3.0-tier0|SPY,80.69,100,8069,62,0.77,0,78,0.97,-14,-0.17,-70,-0.07,2
128,Exit long,2010-09-02 07:30,TX30,82.03,100,8200,3,0.04,0,18,0.22,-18,-0.22,-67,-0.07,2
128,Entry long,2010-09-02 07:00,C0|L|MKT|15|v0.3.0-tier0|SPY,82,100,8200,3,0.04,0,18,0.22,-18,-0.22,-67,-0.07,2
129,Exit short,2010-09-03 07:45,TX30,83.03,100,8308,5,0.06,0,25,0.30,-13,-0.16,-62,-0.06,2
129,Entry short,2010-09-03 07:15,C0|S|MKT|15|v0.3.0-tier0|SPY,83.08,100,8308,5,0.06,0,25,0.30,-13,-0.16,-62,-0.06,2
130,Exit short,2010-09-07 07:30,TX30,82.82,100,8273,-9,-0.11,0,9,0.11,-14,-0.17,-71,-0.07,2
130,Entry short,2010-09-07 07:00,C0|S|MKT|15|v0.3.0-tier0|SPY,82.73,100,8273,-9,-0.11,0,9,0.11,-14,-0.17,-71,-0.07,2
131,Exit long,2010-09-08 07:45,TX30,83.27,100,8321,6,0.07,0,13,0.16,-11,-0.13,-65,-0.06,2
131,Entry long,2010-09-08 07:15,C0|L|MKT|15|v0.3.0-tier0|SPY,83.21,100,8321,6,0.07,0,13,0.16,-11,-0.13,-65,-0.06,2
132,Exit short,2010-09-09 07:45,TX30,83.71,100,8374,3,0.04,0,10,0.12,-7,-0.08,-62,-0.06,2
132,Entry short,2010-09-09 07:15,C0|S|MKT|15|v0.3.0-tier0|SPY,83.74,100,8374,3,0.04,0,10,0.12,-7,-0.08,-62,-0.06,2
133,Exit long,2010-09-10 07:30,TX30,83.89,100,8376,13,0.16,0,16,0.19,-7,-0.08,-49,-0.05,2
133,Entry long,2010-09-10 07:00,C0|L|MKT|15|v0.3.0-tier0|SPY,83.76,100,8376,13,0.16,0,16,0.19,-7,-0.08,-49,-0.05,2
134,Exit long,2010-09-13 08:00,TX30,84.92,100,8493,-1,-0.01,0,11,0.13,-1,-0.01,-50,-0.05,2
134,Entry long,2010-09-13 07:30,C0|L|MKT|15|v0.3.0-tier0|SPY,84.93,100,8493,-1,-0.01,0,11,0.13,-1,-0.01,-50,-0.05,2
135,Exit long,2010-09-15 07:30,TX30,84.79,100,8463,16,0.19,0,31,0.37,-2,-0.02,-34,-0.03,2
135,Entry long,2010-09-15 07:00,C0|L|MKT|15|v0.3.0-tier0|SPY,84.63,100,8463,16,0.19,0,31,0.37,-2,-0.02,-34,-0.03,2
136,Exit short,2010-09-17 07:30,TX30,85.08,100,8510,2,0.02,0,18,0.21,-7,-0.08,-32,-0.03,2
136,Entry short,2010-09-17 07:00,C0|S|MKT|15|v0.3.0-tier0|SPY,85.1,100,8510,2,0.02,0,18,0.21,-7,-0.08,-32,-0.03,2
137,Exit long,2010-09-20 07:30,TX30,85.89,100,8552,37,0.43,0,48,0.56,-10,-0.12,5,0.01,2
137,Entry long,2010-09-20 07:00,C0|L|MKT|15|v0.3.0-tier0|SPY,85.52,100,8552,37,0.43,0,48,0.56,-10,-0.12,5,0.01,2
138,Exit short,2010-09-22 08:00,TX30,86.11,100,8607,-4,-0.05,0,15,0.17,-6,-0.07,1,0.00,2
138,Entry short,2010-09-22 07:30,C0|S|MKT|15|v0.3.0-tier0|SPY,86.07,100,8607,-4,-0.05,0,15,0.17,-6,-0.07,1,0.00,2
139,Exit long,2010-09-23 07:45,TX30,85.77,100,8549,28,0.33,0,34,0.40,-13,-0.15,29,0.03,2
139,Entry long,2010-09-23 07:15,C0|L|MKT|15|v0.3.0-tier0|SPY,85.49,100,8549,28,0.33,0,34,0.40,-13,-0.15,29,0.03,2
140,Exit long,2010-09-24 07:30,TX30,86.73,100,8647,26,0.30,0,31,0.36,-10,-0.12,55,0.06,2
140,Entry long,2010-09-24 07:00,C0|L|MKT|15|v0.3.0-tier0|SPY,86.47,100,8647,26,0.30,0,31,0.36,-10,-0.12,55,0.06,2
141,Exit short,2010-09-27 07:30,TX30,86.84,100,8668,-16,-0.18,0,9,0.10,-18,-0.21,39,0.04,2
141,Entry short,2010-09-27 07:00,C0|S|MKT|15|v0.3.0-tier0|SPY,86.68,100,8668,-16,-0.18,0,9,0.10,-18,-0.21,39,0.04,2
142,Exit short,2010-09-28 07:45,TX30,86.22,100,8588,-34,-0.40,0,8,0.09,-44,-0.51,5,0.01,2
142,Entry short,2010-09-28 07:15,C0|S|MKT|15|v0.3.0-tier0|SPY,85.88,100,8588,-34,-0.40,0,8,0.09,-44,-0.51,5,0.01,2
143,Exit short,2010-10-01 08:00,TX30,86.51,100,8648,-3,-0.03,0,24,0.28,-11,-0.13,2,0.00,2
143,Entry short,2010-10-01 07:30,C0|S|MKT|15|v0.3.0-tier0|SPY,86.48,100,8648,-3,-0.03,0,24,0.28,-11,-0.13,2,0.00,2
144,Exit long,2010-10-05 07:30,TX30,87.25,100,8721,4,0.05,0,8,0.09,-25,-0.29,6,0.01,2
144,Entry long,2010-10-05 07:00,C0|L|MKT|15|v0.3.0-tier0|SPY,87.21,100,8721,4,0.05,0,8,0.09,-25,-0.29,6,0.01,2
145,Exit short,2010-10-07 07:30,TX30,87.96,100,8765,-31,-0.35,0,8,0.09,-31,-0.35,-25,-0.02,2
145,Entry short,2010-10-07 07:00,C0|S|MKT|15|v0.3.0-tier0|SPY,87.65,100,8765,-31,-0.35,0,8,0.09,-31,-0.35,-25,-0.02,2
146,Exit short,2010-10-08 08:00,TX30,87.88,100,8756,-32,-0.37,0,2,0.02,-36,-0.41,-57,-0.06,2
146,Entry short,2010-10-08 07:30,C0|S|MKT|15|v0.3.0-tier0|SPY,87.56,100,8756,-32,-0.37,0,2,0.02,-36,-0.41,-57,-0.06,2
147,Exit long,2010-10-11 08:00,TX30,88.26,100,8849,-23,-0.26,0,5,0.06,-29,-0.33,-80,-0.08,2
147,Entry long,2010-10-11 07:30,C0|L|MKT|15|v0.3.0-tier0|SPY,88.49,100,8849,-23,-0.26,0,5,0.06,-29,-0.33,-80,-0.08,2
148,Exit short,2010-10-12 07:30,TX30,87.88,100,8772,-16,-0.18,0,6,0.07,-26,-0.30,-96,-0.10,2
148,Entry short,2010-10-12 07:00,C0|S|MKT|15|v0.3.0-tier0|SPY,87.72,100,8772,-16,-0.18,0,6,0.07,-26,-0.30,-96,-0.10,2
149,Exit long,2010-10-13 07:45,TX30,89.24,100,8913,11,0.12,0,19,0.21,-7,-0.08,-85,-0.08,2
149,Entry long,2010-10-13 07:15,C0|L|MKT|15|v0.3.0-tier0|SPY,89.13,100,8913,11,0.12,0,19,0.21,-7,-0.08,-85,-0.08,2
150,Exit short,2010-10-15 07:30,TX30,88.55,100,8898,43,0.48,0,60,0.67,-15,-0.17,-42,-0.04,2
150,Entry short,2010-10-15 07:00,C0|S|MKT|15|v0.3.0-tier0|SPY,88.98,100,8898,43,0.48,0,60,0.67,-15,-0.17,-42,-0.04,2
151,Exit long,2010-10-18 07:30,TX30,89.32,100,8932,0,0.00,0,21,0.24,-10,-0.11,-42,-0.04,2
151,Entry long,2010-10-18 07:00,C0|L|MKT|15|v0.3.0-tier0|SPY,89.32,100,8932,0,0.00,0,21,0.24,-10,-0.11,-42,-0.04,2
152,Exit long,2010-10-19 08:00,TX30,88.94,100,8895,-1,-0.01,0,15,0.17,-13,-0.15,-43,-0.04,2
152,Entry long,2010-10-19 07:30,C0|L|MKT|15|v0.3.0-tier0|SPY,88.95,100,8895,-1,-0.01,0,15,0.17,-13,-0.15,-43,-0.04,2
153,Exit long,2010-10-21 07:45,TX30,90.06,100,9006,0,0.00,0,8,0.09,-12,-0.13,-43,-0.04,2
153,Entry long,2010-10-21 07:15,C0|L|MKT|15|v0.3.0-tier0|SPY,90.06,100,9006,0,0.00,0,8,0.09,-12,-0.13,-43,-0.04,2
154,Exit short,2010-10-22 07:30,TX30,89.56,100,8940,-16,-0.18,0,7,0.08,-17,-0.19,-59,-0.06,2
154,Entry short,2010-10-22 07:00,C0|S|MKT|15|v0.3.0-tier0|SPY,89.4,100,8940,-16,-0.18,0,7,0.08,-17,-0.19,-59,-0.06,2
155,Exit long,2010-10-25 07:30,TX30,90.41,100,9049,-8,-0.09,0,16,0.18,-10,-0.11,-67,-0.07,2
155,Entry long,2010-10-25 07:00,C0|L|MKT|15|v0.3.0-tier0|SPY,90.49,100,9049,-8,-0.09,0,16,0.18,-10,-0.11,-67,-0.07,2
156,Exit long,2010-10-26 07:30,TX30,89.74,100,8944,30,0.34,0,42,0.47,-2,-0.02,-37,-0.04,2
156,Entry long,2010-10-26 07:00,C0|L|MKT|15|v0.3.0-tier0|SPY,89.44,100,8944,30,0.34,0,42,0.47,-2,-0.02,-37,-0.04,2
157,Exit long,2010-10-27 07:30,TX30,89.07,100,8948,-41,-0.46,0,12,0.13,-47,-0.53,-78,-0.08,2
157,Entry long,2010-10-27 07:00,C0|L|MKT|15|v0.3.0-tier0|SPY,89.48,100,8948,-41,-0.46,0,12,0.13,-47,-0.53,-78,-0.08,2
158,Exit short,2010-10-28 07:30,TX30,89.5,100,8994,44,0.49,0,48,0.53,-9,-0.10,-34,-0.03,2
158,Entry short,2010-10-28 07:00,C0|S|MKT|15|v0.3.0-tier0|SPY,89.94,100,8994,44,0.49,0,48,0.53,-9,-0.10,-34,-0.03,2
159,Exit long,2010-10-29 08:00,TX30,89.69,100,8975,-6,-0.07,0,0,0.00,-22,-0.25,-40,-0.04,2
159,Entry long,2010-10-29 07:30,C0|L|MKT|15|v0.3.0-tier0|SPY,89.75,100,8975,-6,-0.07,0,0,0.00,-22,-0.25,-40,-0.04,2
160,Exit long,2010-11-01 07:45,TX30,90.42,100,9052,-10,-0.11,0,5,0.06,-19,-0.21,-50,-0.05,2
160,Entry long,2010-11-01 07:15,C0|L|MKT|15|v0.3.0-tier0|SPY,90.52,100,9052,-10,-0.11,0,5,0.06,-19,-0.21,-50,-0.05,2
161,Exit short,2010-11-02 07:45,TX30,90.28,100,9028,0,0.00,0,12,0.13,-9,-0.10,-50,-0.05,2
161,Entry short,2010-11-02 07:15,C0|S|MKT|15|v0.3.0-tier0|SPY,90.28,100,9028,0,0.00,0,12,0.13,-9,-0.10,-50,-0.05,2
162,Exit long,2010-11-04 08:00,TX30,92.19,100,9204,15,0.16,0,18,0.20,-8,-0.09,-35,-0.03,2
162,Entry long,2010-11-04 07:30,C0|L|MKT|15|v0.3.0-tier0|SPY,92.04,100,9204,15,0.16,0,18,0.20,-8,-0.09,-35,-0.03,2
163,Exit long,2010-11-05 08:00,TX30,92.95,100,9289,6,0.06,0,15,0.16,-2,-0.02,-29,-0.03,2
163,Entry long,2010-11-05 07:30,C0|L|MKT|15|v0.3.0-tier0|SPY,92.89,100,9289,6,0.06,0,15,0.16,-2,-0.02,-29,-0.03,2
164,Exit short,2010-11-08 07:30,TX30,92.59,100,9243,-16,-0.17,0,8,0.09,-20,-0.22,-45,-0.04,2
164,Entry short,2010-11-08 07:00,C0|S|MKT|15|v0.3.0-tier0|SPY,92.43,100,9243,-16,-0.17,0,8,0.09,-20,-0.22,-45,-0.04,2
165,Exit short,2010-11-10 07:30,TX30,91.39,100,9159,20,0.22,0,25,0.27,-5,-0.05,-25,-0.02,2
165,Entry short,2010-11-10 07:00,C0|S|MKT|15|v0.3.0-tier0|SPY,91.59,100,9159,20,0.22,0,25,0.27,-5,-0.05,-25,-0.02,2
166,Exit long,2010-11-11 08:00,TX30,91.75,100,9178,-3,-0.03,0,1,0.01,-25,-0.27,-28,-0.03,2
166,Entry long,2010-11-11 07:30,C0|L|MKT|15|v0.3.0-tier0|SPY,91.78,100,9178,-3,-0.03,0,1,0.01,-25,-0.27,-28,-0.03,2
167,Exit long,2010-11-12 07:30,TX30,91.43,100,9176,-33,-0.36,0,8,0.09,-35,-0.38,-61,-0.06,2
167,Entry long,2010-11-12 07:00,C0|L|MKT|15|v0.3.0-tier0|SPY,91.76,100,9176,-33,-0.36,0,8,0.09,-35,-0.38,-61,-0.06,2
168,Exit short,2010-11-15 07:30,TX30,91.26,100,9117,-9,-0.10,0,16,0.18,-16,-0.18,-70,-0.07,2
168,Entry short,2010-11-15 07:00,C0|S|MKT|15|v0.3.0-tier0|SPY,91.17,100,9117,-9,-0.10,0,16,0.18,-16,-0.18,-70,-0.07,2
169,Exit long,2010-11-17 07:45,TX30,89.73,100,8976,-3,-0.03,0,9,0.10,-13,-0.14,-73,-0.07,2
169,Entry long,2010-11-17 07:15,C0|L|MKT|15|v0.3.0-tier0|SPY,89.76,100,8976,-3,-0.03,0,9,0.10,-13,-0.14,-73,-0.07,2
170,Exit long,2010-11-18 07:45,TX30,91,100,9095,5,0.05,0,14,0.15,-6,-0.07,-68,-0.07,2
170,Entry long,2010-11-18 07:15,C0|L|MKT|15|v0.3.0-tier0|SPY,90.95,100,9095,5,0.05,0,14,0.15,-6,-0.07,-68,-0.07,2
171,Exit short,2010-11-19 08:00,TX30,90.61,100,9040,-21,-0.23,0,8,0.09,-33,-0.37,-89,-0.09,2
171,Entry short,2010-11-19 07:30,C0|S|MKT|15|v0.3.0-tier0|SPY,90.4,100,9040,-21,-0.23,0,8,0.09,-33,-0.37,-89,-0.09,2
172,Exit long,2010-11-22 07:30,TX30,90.61,100,9097,-36,-0.40,0,3,0.03,-36,-0.40,-125,-0.12,2
172,Entry long,2010-11-22 07:00,C0|L|MKT|15|v0.3.0-tier0|SPY,90.97,100,9097,-36,-0.40,0,3,0.03,-36,-0.40,-125,-0.12,2
173,Exit short,2010-11-23 07:30,TX30,89.73,100,8959,-14,-0.16,0,11,0.12,-24,-0.27,-139,-0.14,2
173,Entry short,2010-11-23 07:00,C0|S|MKT|15|v0.3.0-tier0|SPY,89.59,100,8959,-14,-0.16,0,11,0.12,-24,-0.27,-139,-0.14,2
174,Exit long,2010-11-24 08:00,TX30,90.75,100,9069,6,0.07,0,18,0.20,-4,-0.04,-133,-0.13,2
174,Entry long,2010-11-24 07:30,C0|L|MKT|15|v0.3.0-tier0|SPY,90.69,100,9069,6,0.07,0,18,0.20,-4,-0.04,-133,-0.13,2
175,Exit long,2010-11-26 07:30,TX30,90.57,100,9053,4,0.04,0,16,0.18,-10,-0.11,-129,-0.13,2
175,Entry long,2010-11-26 07:00,C0|L|MKT|15|v0.3.0-tier0|SPY,90.53,100,9053,4,0.04,0,16,0.18,-10,-0.11,-129,-0.13,2
176,Exit short,2010-11-29 07:30,TX30,89.33,100,8934,1,0.01,0,21,0.24,-16,-0.18,-128,-0.13,2
176,Entry short,2010-11-29 07:00,C0|S|MKT|15|v0.3.0-tier0|SPY,89.34,100,8934,1,0.01,0,21,0.24,-16,-0.18,-128,-0.13,2
177,Exit long,2010-11-30 07:30,TX30,89.92,100,8962,30,0.33,0,37,0.41,-12,-0.13,-98,-0.10,2
177,Entry long,2010-11-30 07:00,C0|L|MKT|15|v0.3.0-tier0|SPY,89.62,100,8962,30,0.33,0,37,0.41,-12,-0.13,-98,-0.10,2
178,Exit long,2010-12-01 07:30,TX30,91.1,100,9133,-23,-0.25,0,9,0.10,-26,-0.28,-121,-0.12,2
178,Entry long,2010-12-01 07:00,C0|L|MKT|15|v0.3.0-tier0|SPY,91.33,100,9133,-23,-0.25,0,9,0.10,-26,-0.28,-121,-0.12,2
179,Exit long,2010-12-02 07:30,TX30,92.36,100,9212,24,0.26,0,32,0.35,0,0.00,-97,-0.10,2
179,Entry long,2010-12-02 07:00,C0|L|MKT|15|v0.3.0-tier0|SPY,92.12,100,9212,24,0.26,0,32,0.35,0,0.00,-97,-0.10,2
180,Exit long,2010-12-06 08:00,TX30,92.87,100,9301,-14,-0.15,0,2,0.02,-21,-0.23,-111,-0.11,2
180,Entry long,2010-12-06 07:30,C0|L|MKT|15|v0.3.0-tier0|SPY,93.01,100,9301,-14,-0.15,0,2,0.02,-21,-0.23,-111,-0.11,2
181,Exit short,2010-12-07 07:30,TX30,93.44,100,9357,13,0.14,0,15,0.16,-4,-0.04,-98,-0.10,2
181,Entry short,2010-12-07 07:00,C0|S|MKT|15|v0.3.0-tier0|SPY,93.57,100,9357,13,0.14,0,15,0.16,-4,-0.04,-98,-0.10,2
182,Exit short,2010-12-08 08:00,TX30,92.9,100,9296,6,0.06,0,29,0.31,0,0.00,-92,-0.09,2
182,Entry short,2010-12-08 07:30,C0|S|MKT|15|v0.3.0-tier0|SPY,92.96,100,9296,6,0.06,0,29,0.31,0,0.00,-92,-0.09,2
183,Exit short,2010-12-09 08:00,TX30,93.39,100,9354,15,0.16,0,24,0.26,-6,-0.06,-77,-0.08,2
183,Entry short,2010-12-09 07:30,C0|S|MKT|15|v0.3.0-tier0|SPY,93.54,100,9354,15,0.16,0,24,0.26,-6,-0.06,-77,-0.08,2
184,Exit short,2010-12-10 07:45,TX30,93.84,100,9374,-10,-0.11,0,6,0.06,-13,-0.14,-87,-0.09,2
184,Entry short,2010-12-10 07:15,C0|S|MKT|15|v0.3.0-tier0|SPY,93.74,100,9374,-10,-0.11,0,6,0.06,-13,-0.14,-87,-0.09,2
185,Exit long,2010-12-14 07:45,TX30,94.59,100,9456,3,0.03,0,11,0.12,-2,-0.02,-84,-0.08,2
185,Entry long,2010-12-14 07:15,C0|L|MKT|15|v0.3.0-tier0|SPY,94.56,100,9456,3,0.03,0,11,0.12,-2,-0.02,-84,-0.08,2
186,Exit long,2010-12-15 07:30,TX30,94.43,100,9443,0,0.00,0,9,0.10,-2,-0.02,-84,-0.08,2
186,Entry long,2010-12-15 07:00,C0|L|MKT|15|v0.3.0-tier0|SPY,94.43,100,9443,0,0.00,0,9,0.10,-2,-0.02,-84,-0.08,2
187,Exit short,2010-12-16 07:30,TX30,93.92,100,9372,-20,-0.21,0,4,0.04,-33,-0.35,-104,-0.10,2
187,Entry short,2010-12-16 07:00,C0|S|MKT|15|v0.3.0-tier0|SPY,93.72,100,9372,-20,-0.21,0,4,0.04,-33,-0.35,-104,-0.10,2
188,Exit short,2010-12-20 07:45,TX30,94.53,100,9455,2,0.02,0,12,0.13,-4,-0.04,-102,-0.10,2
188,Entry short,2010-12-20 07:15,C0|S|MKT|15|v0.3.0-tier0|SPY,94.55,100,9455,2,0.02,0,12,0.13,-4,-0.04,-102,-0.10,2
189,Exit long,2010-12-21 08:00,TX30,95.23,100,9523,0,0.00,0,4,0.04,-4,-0.04,-102,-0.10,2
189,Entry long,2010-12-21 07:30,C0|L|MKT|15|v0.3.0-tier0|SPY,95.23,100,9523,0,0.00,0,4,0.04,-4,-0.04,-102,-0.10,2
190,Exit long,2010-12-27 07:45,TX30,95.41,100,9534,7,0.07,0,12,0.13,-2,-0.02,-95,-0.09,2
190,Entry long,2010-12-27 07:15,C0|L|MKT|15|v0.3.0-tier0|SPY,95.34,100,9534,7,0.07,0,12,0.13,-2,-0.02,-95,-0.09,2
191,Exit short,2010-12-28 07:45,TX30,95.61,100,9551,-10,-0.10,0,1,0.01,-11,-0.12,-105,-0.10,2
191,Entry short,2010-12-28 07:15,C0|S|MKT|15|v0.3.0-tier0|SPY,95.51,100,9551,-10,-0.10,0,1,0.01,-11,-0.12,-105,-0.10,2
192,Exit long,2010-12-29 07:45,TX30,95.95,100,9594,1,0.01,0,3,0.03,-4,-0.04,-104,-0.10,2
192,Entry long,2010-12-29 07:15,C0|L|MKT|15|v0.3.0-tier0|SPY,95.94,100,9594,1,0.01,0,3,0.03,-4,-0.04,-104,-0.10,2
193,Exit short,2010-12-30 07:45,TX30,95.71,100,9558,-13,-0.14,0,0,0.00,-17,-0.18,-117,-0.12,2
193,Entry short,2010-12-30 07:15,C0|S|MKT|15|v0.3.0-tier0|SPY,95.58,100,9558,-13,-0.14,0,0,0.00,-17,-0.18,-117,-0.12,2
194,Exit long,2011-01-03 07:30,TX30,96.8,100,9675,5,0.05,0,10,0.10,-13,-0.13,-112,-0.11,2
194,Entry long,2011-01-03 07:00,C0|L|MKT|15|v0.3.0-tier0|SPY,96.75,100,9675,5,0.05,0,10,0.10,-13,-0.13,-112,-0.11,2
195,Exit short,2011-01-04 07:30,TX30,96.57,100,9655,-2,-0.02,0,10,0.10,-8,-0.08,-114,-0.11,2
195,Entry short,2011-01-04 07:00,C0|S|MKT|15|v0.3.0-tier0|SPY,96.55,100,9655,-2,-0.02,0,10,0.10,-8,-0.08,-114,-0.11,2
196,Exit long,2011-01-05 07:45,TX30,96.55,100,9660,-5,-0.05,0,6,0.06,-15,-0.16,-119,-0.12,2
196,Entry long,2011-01-05 07:15,C0|L|MKT|15|v0.3.0-tier0|SPY,96.6,100,9660,-5,-0.05,0,6,0.06,-15,-0.16,-119,-0.12,2
197,Exit short,2011-01-06 07:45,TX30,97.2,100,9700,-20,-0.21,0,0,0.00,-26,-0.27,-139,-0.14,2
197,Entry short,2011-01-06 07:15,C0|S|MKT|15|v0.3.0-tier0|SPY,97,100,9700,-20,-0.21,0,0,0.00,-26,-0.27,-139,-0.14,2
198,Exit short,2011-01-07 07:30,TX30,97.05,100,9684,-21,-0.22,0,3,0.03,-25,-0.26,-160,-0.16,2
198,Entry short,2011-01-07 07:00,C0|S|MKT|15|v0.3.0-tier0|SPY,96.84,100,9684,-21,-0.22,0,3,0.03,-25,-0.26,-160,-0.16,2
199,Exit short,2011-01-10 07:30,TX30,96.34,100,9607,-27,-0.28,0,4,0.04,-29,-0.30,-187,-0.19,2
199,Entry short,2011-01-10 07:00,C0|S|MKT|15|v0.3.0-tier0|SPY,96.07,100,9607,-27,-0.28,0,4,0.04,-29,-0.30,-187,-0.19,2
200,Exit short,2011-01-11 07:30,TX30,96.97,100,9686,-11,-0.11,0,4,0.04,-15,-0.15,-198,-0.20,2
200,Entry short,2011-01-11 07:00,C0|S|MKT|15|v0.3.0-tier0|SPY,96.86,100,9686,-11,-0.11,0,4,0.04,-15,-0.15,-198,-0.20,2
201,Exit long,2011-01-12 08:00,TX30,97.73,100,9763,10,0.10,0,11,0.11,-6,-0.06,-188,-0.19,2
201,Entry long,2011-01-12 07:30,C0|L|MKT|15|v0.3.0-tier0|SPY,97.63,100,9763,10,0.10,0,11,0.11,-6,-0.06,-188,-0.19,2
202,Exit short,2011-01-13 07:45,TX30,97.71,100,9764,-7,-0.07,0,4,0.04,-9,-0.09,-195,-0.19,2
202,Entry short,2011-01-13 07:15,C0|S|MKT|15|v0.3.0-tier0|SPY,97.64,100,9764,-7,-0.07,0,4,0.04,-9,-0.09,-195,-0.19,2
203,Exit long,2011-01-14 07:45,TX30,97.91,100,9783,8,0.08,0,9,0.09,-22,-0.22,-187,-0.19,2
203,Entry long,2011-01-14 07:15,C0|L|MKT|15|v0.3.0-tier0|SPY,97.83,100,9783,8,0.08,0,9,0.09,-22,-0.22,-187,-0.19,2
204,Exit short,2011-01-19 07:30,TX30,98.03,100,9822,19,0.19,0,24,0.24,-10,-0.10,-168,-0.17,2
204,Entry short,2011-01-19 07:00,C0|S|MKT|15|v0.3.0-tier0|SPY,98.22,100,9822,19,0.19,0,24,0.24,-10,-0.10,-168,-0.17,2
205,Exit long,2011-01-21 07:30,TX30,97.96,100,9824,-28,-0.29,0,5,0.05,-30,-0.31,-196,-0.20,2
205,Entry long,2011-01-21 07:00,C0|L|MKT|15|v0.3.0-tier0|SPY,98.24,100,9824,-28,-0.29,0,5,0.05,-30,-0.31,-196,-0.20,2
206,Exit long,2011-01-24 08:00,TX30,97.96,100,9786,10,0.10,0,14,0.14,-6,-0.06,-186,-0.19,2
206,Entry long,2011-01-24 07:30,C0|L|MKT|15|v0.3.0-tier0|SPY,97.86,100,9786,10,0.10,0,14,0.14,-6,-0.06,-186,-0.19,2
207,Exit long,2011-01-25 07:30,TX30,97.96,100,9814,-18,-0.18,0,18,0.18,-24,-0.24,-204,-0.20,2
207,Entry long,2011-01-25 07:00,C0|L|MKT|15|v0.3.0-tier0|SPY,98.14,100,9814,-18,-0.18,0,18,0.18,-24,-0.24,-204,-0.20,2
208,Exit long,2011-01-26 07:45,TX30,98.86,100,9869,17,0.17,0,22,0.22,-6,-0.06,-187,-0.19,2
208,Entry long,2011-01-26 07:15,C0|L|MKT|15|v0.3.0-tier0|SPY,98.69,100,9869,17,0.17,0,22,0.22,-6,-0.06,-187,-0.19,2
209,Exit long,2011-01-27 07:30,TX30,98.92,100,9890,2,0.02,0,15,0.15,-15,-0.15,-185,-0.18,2
209,Entry long,2011-01-27 07:00,C0|L|MKT|15|v0.3.0-tier0|SPY,98.9,100,9890,2,0.02,0,15,0.15,-15,-0.15,-185,-0.18,2
210,Exit short,2011-01-28 07:30,TX30,98.39,100,9888,49,0.50,0,53,0.54,-1,-0.01,-136,-0.14,2
210,Entry short,2011-01-28 07:00,C0|S|MKT|15|v0.3.0-tier0|SPY,98.88,100,9888,49,0.50,0,53,0.54,-1,-0.01,-136,-0.14,2
211,Exit short,2011-01-31 07:30,TX30,97.52,100,9728,-24,-0.25,0,6,0.06,-25,-0.26,-160,-0.16,2
211,Entry short,2011-01-31 07:00,C0|S|MKT|15|v0.3.0-tier0|SPY,97.28,100,9728,-24,-0.25,0,6,0.06,-25,-0.26,-160,-0.16,2
212,Exit long,2011-02-01 07:30,TX30,98.95,100,9883,12,0.12,0,20,0.20,-14,-0.14,-148,-0.15,2
212,Entry long,2011-02-01 07:00,C0|L|MKT|15|v0.3.0-tier0|SPY,98.83,100,9883,12,0.12,0,20,0.20,-14,-0.14,-148,-0.15,2
213,Exit long,2011-02-02 07:30,TX30,99.49,100,9946,3,0.03,0,5,0.05,-25,-0.25,-145,-0.14,2
213,Entry long,2011-02-02 07:00,C0|L|MKT|15|v0.3.0-tier0|SPY,99.46,100,9946,3,0.03,0,5,0.05,-25,-0.25,-145,-0.14,2
214,Exit short,2011-02-03 07:45,TX30,98.92,100,9870,-22,-0.22,0,10,0.10,-25,-0.25,-167,-0.17,2
214,Entry short,2011-02-03 07:15,C0|S|MKT|15|v0.3.0-tier0|SPY,98.7,100,9870,-22,-0.22,0,10,0.10,-25,-0.25,-167,-0.17,2
215,Exit long,2011-02-07 07:45,TX30,100.61,100,10035,26,0.26,0,29,0.29,-4,-0.04,-141,-0.14,2
215,Entry long,2011-02-07 07:15,C0|L|MKT|15|v0.3.0-tier0|SPY,100.35,100,10035,26,0.26,0,29,0.29,-4,-0.04,-141,-0.14,2
216,Exit long,2011-02-08 07:45,TX30,100.57,100,10054,3,0.03,0,16,0.16,-4,-0.04,-138,-0.14,2
216,Entry long,2011-02-08 07:15,C0|L|MKT|15|v0.3.0-tier0|SPY,100.54,100,10054,3,0.03,0,16,0.16,-4,-0.04,-138,-0.14,2
217,Exit long,2011-02-09 08:00,TX30,100.79,100,10074,5,0.05,0,18,0.18,-2,-0.02,-133,-0.13,2
217,Entry long,2011-02-09 07:30,C0|L|MKT|15|v0.3.0-tier0|SPY,100.74,100,10074,5,0.05,0,18,0.18,-2,-0.02,-133,-0.13,2
218,Exit short,2011-02-10 07:30,TX30,100.42,100,10009,-33,-0.33,0,17,0.17,-40,-0.40,-166,-0.17,2
218,Entry short,2011-02-10 07:00,C0|S|MKT|15|v0.3.0-tier0|SPY,100.09,100,10009,-33,-0.33,0,17,0.17,-40,-0.40,-166,-0.17,2
219,Exit long,2011-02-11 07:30,TX30,100.67,100,10054,13,0.13,0,14,0.14,-5,-0.05,-153,-0.15,2
219,Entry long,2011-02-11 07:00,C0|L|MKT|15|v0.3.0-tier0|SPY,100.54,100,10054,13,0.13,0,14,0.14,-5,-0.05,-153,-0.15,2
220,Exit long,2011-02-14 08:00,TX30,101.21,100,10136,-15,-0.15,0,2,0.02,-24,-0.24,-168,-0.17,2
220,Entry long,2011-02-14 07:30,C0|L|MKT|15|v0.3.0-tier0|SPY,101.36,100,10136,-15,-0.15,0,2,0.02,-24,-0.24,-168,-0.17,2
221,Exit long,2011-02-15 07:30,TX30,100.97,100,10133,-36,-0.36,0,4,0.04,-38,-0.38,-204,-0.20,2
221,Entry long,2011-02-15 07:00,C0|L|MKT|15|v0.3.0-tier0|SPY,101.33,100,10133,-36,-0.36,0,4,0.04,-38,-0.38,-204,-0.20,2
222,Exit long,2011-02-16 07:30,TX30,101.76,100,10169,7,0.07,0,14,0.14,-15,-0.15,-197,-0.20,2
222,Entry long,2011-02-16 07:00,C0|L|MKT|15|v0.3.0-tier0|SPY,101.69,100,10169,7,0.07,0,14,0.14,-15,-0.15,-197,-0.20,2
223,Exit long,2011-02-17 07:30,TX30,101.76,100,10165,11,0.11,0,17,0.17,-6,-0.06,-186,-0.19,2
223,Entry long,2011-02-17 07:00,C0|L|MKT|15|v0.3.0-tier0|SPY,101.65,100,10165,11,0.11,0,17,0.17,-6,-0.06,-186,-0.19,2
224,Exit long,2011-02-22 07:30,TX30,101.59,100,10162,-3,-0.03,0,24,0.24,-11,-0.11,-189,-0.19,2
224,Entry long,2011-02-22 07:00,C0|L|MKT|15|v0.3.0-tier0|SPY,101.62,100,10162,-3,-0.03,0,24,0.24,-11,-0.11,-189,-0.19,2
225,Exit short,2011-02-23 07:30,TX30,100.2,100,10011,-9,-0.09,0,26,0.26,-18,-0.18,-198,-0.20,2
225,Entry short,2011-02-23 07:00,C0|S|MKT|15|v0.3.0-tier0|SPY,100.11,100,10011,-9,-0.09,0,26,0.26,-18,-0.18,-198,-0.20,2
226,Exit long,2011-02-25 07:30,TX30,100.42,100,10038,4,0.04,0,20,0.20,-1,-0.01,-194,-0.19,2
226,Entry long,2011-02-25 07:00,C0|L|MKT|15|v0.3.0-tier0|SPY,100.38,100,10038,4,0.04,0,20,0.20,-1,-0.01,-194,-0.19,2
227,Exit short,2011-03-01 07:30,TX30,100.73,100,10125,52,0.51,0,52,0.51,-15,-0.15,-142,-0.14,2
227,Entry short,2011-03-01 07:00,C0|S|MKT|15|v0.3.0-tier0|SPY,101.25,100,10125,52,0.51,0,52,0.51,-15,-0.15,-142,-0.14,2
228,Exit long,2011-03-02 07:30,TX30,99.83,100,9984,-1,-0.01,0,17,0.17,-9,-0.09,-143,-0.14,2
228,Entry long,2011-03-02 07:00,C0|L|MKT|15|v0.3.0-tier0|SPY,99.84,100,9984,-1,-0.01,0,17,0.17,-9,-0.09,-143,-0.14,2
229,Exit short,2011-03-04 07:45,TX30,100.97,100,10095,-2,-0.02,0,21,0.21,-13,-0.13,-145,-0.14,2
229,Entry short,2011-03-04 07:15,C0|S|MKT|15|v0.3.0-tier0|SPY,100.95,100,10095,-2,-0.02,0,21,0.21,-13,-0.13,-145,-0.14,2
230,Exit short,2011-03-07 07:45,TX30,100.52,100,10092,40,0.40,0,43,0.43,-15,-0.15,-105,-0.10,2
230,Entry short,2011-03-07 07:15,C0|S|MKT|15|v0.3.0-tier0|SPY,100.92,100,10092,40,0.40,0,43,0.43,-15,-0.15,-105,-0.10,2
231,Exit long,2011-03-08 07:45,TX30,100.47,100,10049,-2,-0.02,0,21,0.21,-8,-0.08,-107,-0.11,2
231,Entry long,2011-03-08 07:15,C0|L|MKT|15|v0.3.0-tier0|SPY,100.49,100,10049,-2,-0.02,0,21,0.21,-8,-0.08,-107,-0.11,2
232,Exit long,2011-03-09 08:00,TX30,100.3,100,10086,-56,-0.56,0,10,0.10,-64,-0.63,-163,-0.16,2
232,Entry long,2011-03-09 07:30,C0|L|MKT|15|v0.3.0-tier0|SPY,100.86,100,10086,-56,-0.56,0,10,0.10,-64,-0.63,-163,-0.16,2
233,Exit long,2011-03-15 08:00,TX30,97.25,100,9723,2,0.02,0,10,0.10,-21,-0.22,-161,-0.16,2
233,Entry long,2011-03-15 07:30,C0|L|MKT|15|v0.3.0-tier0|SPY,97.23,100,9723,2,0.02,0,10,0.10,-21,-0.22,-161,-0.16,2
234,Exit short,2011-03-17 07:30,TX30,97.62,100,9708,-54,-0.56,0,6,0.06,-61,-0.63,-215,-0.21,2
234,Entry short,2011-03-17 07:00,C0|S|MKT|15|v0.3.0-tier0|SPY,97.08,100,9708,-54,-0.56,0,6,0.06,-61,-0.63,-215,-0.21,2
235,Exit short,2011-03-18 07:45,TX30,98.16,100,9809,-7,-0.07,0,20,0.20,-12,-0.12,-222,-0.22,2
235,Entry short,2011-03-18 07:15,C0|S|MKT|15|v0.3.0-tier0|SPY,98.09,100,9809,-7,-0.07,0,20,0.20,-12,-0.12,-222,-0.22,2
236,Exit long,2011-03-21 07:30,TX30,99.3,100,9915,15,0.15,0,21,0.21,-7,-0.07,-207,-0.21,2
236,Entry long,2011-03-21 07:00,C0|L|MKT|15|v0.3.0-tier0|SPY,99.15,100,9915,15,0.15,0,21,0.21,-7,-0.07,-207,-0.21,2
237,Exit short,2011-03-22 07:30,TX30,99.19,100,9896,-23,-0.23,0,4,0.04,-26,-0.26,-230,-0.23,2
237,Entry short,2011-03-22 07:00,C0|S|MKT|15|v0.3.0-tier0|SPY,98.96,100,9896,-23,-0.23,0,4,0.04,-26,-0.26,-230,-0.23,2
238,Exit short,2011-03-23 07:45,TX30,98.25,100,9815,-10,-0.10,0,3,0.03,-23,-0.23,-240,-0.24,2
238,Entry short,2011-03-23 07:15,C0|S|MKT|15|v0.3.0-tier0|SPY,98.15,100,9815,-10,-0.10,0,3,0.03,-23,-0.23,-240,-0.24,2
239,Exit short,2011-03-24 07:30,TX30,99.4,100,9928,-12,-0.12,0,17,0.17,-13,-0.13,-252,-0.25,2
239,Entry short,2011-03-24 07:00,C0|S|MKT|15|v0.3.0-tier0|SPY,99.28,100,9928,-12,-0.12,0,17,0.17,-13,-0.13,-252,-0.25,2
240,Exit long,2011-03-28 07:30,TX30,100.72,100,10068,4,0.04,0,13,0.13,-7,-0.07,-248,-0.25,2
240,Entry long,2011-03-28 07:00,C0|L|MKT|15|v0.3.0-tier0|SPY,100.68,100,10068,4,0.04,0,13,0.13,-7,-0.07,-248,-0.25,2
241,Exit long,2011-03-29 07:45,TX30,100.13,100,10016,-3,-0.03,0,12,0.12,-7,-0.07,-251,-0.25,2
241,Entry long,2011-03-29 07:15,C0|L|MKT|15|v0.3.0-tier0|SPY,100.16,100,10016,-3,-0.03,0,12,0.12,-7,-0.07,-251,-0.25,2
242,Exit long,2011-03-30 07:30,TX30,101.16,100,10141,-25,-0.25,0,3,0.03,-25,-0.25,-276,-0.28,2
242,Entry long,2011-03-30 07:00,C0|L|MKT|15|v0.3.0-tier0|SPY,101.41,100,10141,-25,-0.25,0,3,0.03,-25,-0.25,-276,-0.28,2
243,Exit short,2011-04-01 07:30,TX30,102.05,100,10172,-33,-0.32,0,2,0.02,-40,-0.39,-309,-0.31,2
243,Entry short,2011-04-01 07:00,C0|S|MKT|15|v0.3.0-tier0|SPY,101.72,100,10172,-33,-0.32,0,2,0.02,-40,-0.39,-309,-0.31,2
244,Exit short,2011-04-04 07:30,TX30,101.85,100,10191,6,0.06,0,13,0.13,-7,-0.07,-303,-0.30,2
244,Entry short,2011-04-04 07:00,C0|S|MKT|15|v0.3.0-tier0|SPY,101.91,100,10191,6,0.06,0,13,0.13,-7,-0.07,-303,-0.30,2
245,Exit long,2011-04-05 07:30,TX30,101.95,100,10178,17,0.17,0,22,0.22,-16,-0.16,-286,-0.29,2
245,Entry long,2011-04-05 07:00,C0|L|MKT|15|v0.3.0-tier0|SPY,101.78,100,10178,17,0.17,0,22,0.22,-16,-0.16,-286,-0.29,2
246,Exit short,2011-04-06 07:45,TX30,102.26,100,10213,-13,-0.13,0,9,0.09,-17,-0.17,-299,-0.30,2
246,Entry short,2011-04-06 07:15,C0|S|MKT|15|v0.3.0-tier0|SPY,102.13,100,10213,-13,-0.13,0,9,0.09,-17,-0.17,-299,-0.30,2
247,Exit long,2011-04-07 07:30,TX30,102.15,100,10231,-16,-0.16,0,5,0.05,-17,-0.17,-315,-0.31,2
247,Entry long,2011-04-07 07:00,C0|L|MKT|15|v0.3.0-tier0|SPY,102.31,100,10231,-16,-0.16,0,5,0.05,-17,-0.17,-315,-0.31,2
248,Exit short,2011-04-08 07:30,TX30,101.92,100,10214,22,0.22,0,27,0.26,-6,-0.06,-293,-0.29,2
248,Entry short,2011-04-08 07:00,C0|S|MKT|15|v0.3.0-tier0|SPY,102.14,100,10214,22,0.22,0,27,0.26,-6,-0.06,-293,-0.29,2
249,Exit long,2011-04-11 07:30,TX30,101.65,100,10185,-20,-0.20,0,7,0.07,-23,-0.23,-313,-0.31,2
249,Entry long,2011-04-11 07:00,C0|L|MKT|15|v0.3.0-tier0|SPY,101.85,100,10185,-20,-0.20,0,7,0.07,-23,-0.23,-313,-0.31,2
250,Exit short,2011-04-12 07:45,TX30,100.31,100,10041,10,0.10,0,14,0.14,-12,-0.12,-303,-0.30,2
250,Entry short,2011-04-12 07:15,C0|S|MKT|15|v0.3.0-tier0|SPY,100.41,100,10041,10,0.10,0,14,0.14,-12,-0.12,-303,-0.30,2
251,Exit short,2011-04-13 07:30,TX30,100.74,100,10071,-3,-0.03,0,18,0.18,-4,-0.04,-306,-0.31,2
251,Entry short,2011-04-13 07:00,C0|S|MKT|15|v0.3.0-tier0|SPY,100.71,100,10071,-3,-0.03,0,18,0.18,-4,-0.04,-306,-0.31,2
252,Exit long,2011-04-14 08:00,TX30,100.14,100,10018,-4,-0.04,0,14,0.14,-8,-0.08,-310,-0.31,2
252,Entry long,2011-04-14 07:30,C0|L|MKT|15|v0.3.0-tier0|SPY,100.18,100,10018,-4,-0.04,0,14,0.14,-8,-0.08,-310,-0.31,2
253,Exit long,2011-04-15 07:45,TX30,100.61,100,10084,-23,-0.23,0,0,0.00,-33,-0.33,-333,-0.33,2
253,Entry long,2011-04-15 07:15,C0|L|MKT|15|v0.3.0-tier0|SPY,100.84,100,10084,-23,-0.23,0,0,0.00,-33,-0.33,-333,-0.33,2
254,Exit short,2011-04-18 07:45,TX30,99.28,100,9922,-6,-0.06,0,8,0.08,-32,-0.32,-339,-0.34,2
254,Entry short,2011-04-18 07:15,C0|S|MKT|15|v0.3.0-tier0|SPY,99.22,100,9922,-6,-0.06,0,8,0.08,-32,-0.32,-339,-0.34,2
255,Exit long,2011-04-20 07:45,TX30,101.77,100,10181,-4,-0.04,0,13,0.13,-5,-0.05,-343,-0.34,2
255,Entry long,2011-04-20 07:15,C0|L|MKT|15|v0.3.0-tier0|SPY,101.81,100,10181,-4,-0.04,0,13,0.13,-5,-0.05,-343,-0.34,2
256,Exit short,2011-04-21 07:45,TX30,102.09,100,10201,-8,-0.08,0,7,0.07,-16,-0.16,-351,-0.35,2
256,Entry short,2011-04-21 07:15,C0|S|MKT|15|v0.3.0-tier0|SPY,102.01,100,10201,-8,-0.08,0,7,0.07,-16,-0.16,-351,-0.35,2
257,Exit long,2011-04-25 07:30,TX30,101.95,100,10223,-28,-0.27,0,5,0.05,-35,-0.34,-379,-0.38,2
257,Entry long,2011-04-25 07:00,C0|L|MKT|15|v0.3.0-tier0|SPY,102.23,100,10223,-28,-0.27,0,5,0.05,-35,-0.34,-379,-0.38,2
258,Exit long,2011-04-26 08:00,TX30,102.91,100,10266,25,0.24,0,25,0.24,0,0.00,-354,-0.35,2
258,Entry long,2011-04-26 07:30,C0|L|MKT|15|v0.3.0-tier0|SPY,102.66,100,10266,25,0.24,0,25,0.24,0,0.00,-354,-0.35,2
259,Exit short,2011-04-27 07:45,TX30,102.92,100,10295,3,0.03,0,9,0.09,-6,-0.06,-351,-0.35,2
259,Entry short,2011-04-27 07:15,C0|S|MKT|15|v0.3.0-tier0|SPY,102.95,100,10295,3,0.03,0,9,0.09,-6,-0.06,-351,-0.35,2
260,Exit long,2011-04-28 07:30,TX30,103.71,100,10376,-5,-0.05,0,6,0.06,-11,-0.11,-356,-0.36,2
260,Entry long,2011-04-28 07:00,C0|L|MKT|15|v0.3.0-tier0|SPY,103.76,100,10376,-5,-0.05,0,6,0.06,-11,-0.11,-356,-0.36,2
261,Exit short,2011-04-29 07:30,TX30,104.09,100,10395,-14,-0.13,0,3,0.03,-15,-0.14,-370,-0.37,2
261,Entry short,2011-04-29 07:00,C0|S|MKT|15|v0.3.0-tier0|SPY,103.95,100,10395,-14,-0.13,0,3,0.03,-15,-0.14,-370,-0.37,2
262,Exit short,2011-05-04 07:30,TX30,103.02,100,10332,30,0.29,0,48,0.46,0,0.00,-340,-0.34,2
262,Entry short,2011-05-04 07:00,C0|S|MKT|15|v0.3.0-tier0|SPY,103.32,100,10332,30,0.29,0,48,0.46,0,0.00,-340,-0.34,2
263,Exit long,2011-05-05 07:30,TX30,102.5,100,10260,-10,-0.10,0,19,0.19,-19,-0.19,-350,-0.35,2
263,Entry long,2011-05-05 07:00,C0|L|MKT|15|v0.3.0-tier0|SPY,102.6,100,10260,-10,-0.10,0,19,0.19,-19,-0.19,-350,-0.35,2
264,Exit short,2011-05-09 07:30,TX30,102.53,100,10252,-1,-0.01,0,10,0.10,-26,-0.25,-351,-0.35,2
264,Entry short,2011-05-09 07:00,C0|S|MKT|15|v0.3.0-tier0|SPY,102.52,100,10252,-1,-0.01,0,10,0.10,-26,-0.25,-351,-0.35,2
265,Exit long,2011-05-10 07:30,TX30,103.59,100,10348,11,0.11,0,19,0.18,-6,-0.06,-340,-0.34,2
265,Entry long,2011-05-10 07:00,C0|L|MKT|15|v0.3.0-tier0|SPY,103.48,100,10348,11,0.11,0,19,0.18,-6,-0.06,-340,-0.34,2
266,Exit short,2011-05-13 07:45,TX30,103.23,100,10304,-19,-0.18,0,1,0.01,-28,-0.27,-359,-0.36,2
266,Entry short,2011-05-13 07:15,C0|S|MKT|15|v0.3.0-tier0|SPY,103.04,100,10304,-19,-0.18,0,1,0.01,-28,-0.27,-359,-0.36,2
267,Exit long,2011-05-16 07:45,TX30,102.59,100,10236,23,0.22,0,25,0.24,-3,-0.03,-336,-0.34,2
267,Entry long,2011-05-16 07:15,C0|L|MKT|15|v0.3.0-tier0|SPY,102.36,100,10236,23,0.22,0,25,0.24,-3,-0.03,-336,-0.34,2
268,Exit long,2011-05-17 07:30,TX30,101.88,100,10167,21,0.21,0,24,0.24,-28,-0.28,-315,-0.31,2
268,Entry long,2011-05-17 07:00,C0|L|MKT|15|v0.3.0-tier0|SPY,101.67,100,10167,21,0.21,0,24,0.24,-28,-0.28,-315,-0.31,2
269,Exit long,2011-05-18 07:45,TX30,102.19,100,10200,19,0.19,0,25,0.25,-8,-0.08,-296,-0.30,2
269,Entry long,2011-05-18 07:15,C0|L|MKT|15|v0.3.0-tier0|SPY,102,100,10200,19,0.19,0,25,0.25,-8,-0.08,-296,-0.30,2
270,Exit long,2011-05-19 07:30,TX30,102.82,100,10311,-29,-0.28,0,2,0.02,-49,-0.48,-325,-0.32,2
270,Entry long,2011-05-19 07:00,C0|L|MKT|15|v0.3.0-tier0|SPY,103.11,100,10311,-29,-0.28,0,2,0.02,-49,-0.48,-325,-0.32,2
271,Exit short,2011-05-20 07:30,TX30,102.28,100,10233,5,0.05,0,25,0.24,-2,-0.02,-320,-0.32,2
271,Entry short,2011-05-20 07:00,C0|S|MKT|15|v0.3.0-tier0|SPY,102.33,100,10233,5,0.05,0,25,0.24,-2,-0.02,-320,-0.32,2
272,Exit long,2011-05-24 07:45,TX30,101.07,100,10139,-32,-0.32,0,4,0.04,-41,-0.40,-352,-0.35,2
272,Entry long,2011-05-24 07:15,C0|L|MKT|15|v0.3.0-tier0|SPY,101.39,100,10139,-32,-0.32,0,4,0.04,-41,-0.40,-352,-0.35,2
273,Exit long,2011-05-25 08:00,TX30,100.95,100,10082,13,0.13,0,27,0.27,-7,-0.07,-339,-0.34,2
273,Entry long,2011-05-25 07:30,C0|L|MKT|15|v0.3.0-tier0|SPY,100.82,100,10082,13,0.13,0,27,0.27,-7,-0.07,-339,-0.34,2
274,Exit short,2011-05-26 07:30,TX30,100.94,100,10083,-11,-0.11,0,12,0.12,-20,-0.20,-350,-0.35,2
274,Entry short,2011-05-26 07:00,C0|S|MKT|15|v0.3.0-tier0|SPY,100.83,100,10083,-11,-0.11,0,12,0.12,-20,-0.20,-350,-0.35,2
275,Exit long,2011-05-27 07:30,TX30,102.03,100,10215,-12,-0.12,0,0,0.00,-36,-0.35,-362,-0.36,2
275,Entry long,2011-05-27 07:00,C0|L|MKT|15|v0.3.0-tier0|SPY,102.15,100,10215,-12,-0.12,0,0,0.00,-36,-0.35,-362,-0.36,2
276,Exit short,2011-05-31 07:30,TX30,102.62,100,10282,20,0.19,0,31,0.30,0,0.00,-342,-0.34,2
276,Entry short,2011-05-31 07:00,C0|S|MKT|15|v0.3.0-tier0|SPY,102.82,100,10282,20,0.19,0,31,0.30,0,0.00,-342,-0.34,2
277,Exit short,2011-06-01 07:30,TX30,102.17,100,10262,45,0.44,0,47,0.46,0,0.00,-297,-0.30,2
277,Entry short,2011-06-01 07:00,C0|S|MKT|15|v0.3.0-tier0|SPY,102.62,100,10262,45,0.44,0,47,0.46,0,0.00,-297,-0.30,2
278,Exit long,2011-06-03 07:30,TX30,100.06,100,9977,29,0.29,0,32,0.32,-3,-0.03,-268,-0.27,2
278,Entry long,2011-06-03 07:00,C0|L|MKT|15|v0.3.0-tier0|SPY,99.77,100,9977,29,0.29,0,32,0.32,-3,-0.03,-268,-0.27,2
279,Exit short,2011-06-06 07:30,TX30,99.25,100,9935,10,0.10,0,35,0.35,-2,-0.02,-258,-0.26,2
279,Entry short,2011-06-06 07:00,C0|S|MKT|15|v0.3.0-tier0|SPY,99.35,100,9935,10,0.10,0,35,0.35,-2,-0.02,-258,-0.26,2
280,Exit long,2011-06-07 07:45,TX30,99.26,100,9919,7,0.07,0,15,0.15,-10,-0.10,-251,-0.25,2
280,Entry long,2011-06-07 07:15,C0|L|MKT|15|v0.3.0-tier0|SPY,99.19,100,9919,7,0.07,0,15,0.15,-10,-0.10,-251,-0.25,2
281,Exit short,2011-06-08 07:30,TX30,98.45,100,9821,-24,-0.24,0,3,0.03,-34,-0.35,-275,-0.27,2
281,Entry short,2011-06-08 07:00,C0|S|MKT|15|v0.3.0-tier0|SPY,98.21,100,9821,-24,-0.24,0,3,0.03,-34,-0.35,-275,-0.27,2
282,Exit long,2011-06-09 07:30,TX30,98.73,100,9862,11,0.11,0,21,0.21,-1,-0.01,-264,-0.26,2
282,Entry long,2011-06-09 07:00,C0|L|MKT|15|v0.3.0-tier0|SPY,98.62,100,9862,11,0.11,0,21,0.21,-1,-0.01,-264,-0.26,2
283,Exit short,2011-06-10 07:30,TX30,98.04,100,9805,1,0.01,0,22,0.22,-3,-0.03,-263,-0.26,2
283,Entry short,2011-06-10 07:00,C0|S|MKT|15|v0.3.0-tier0|SPY,98.05,100,9805,1,0.01,0,22,0.22,-3,-0.03,-263,-0.26,2
284,Exit long,2011-06-14 07:30,TX30,98.8,100,9870,10,0.10,0,12,0.12,-8,-0.08,-253,-0.25,2
284,Entry long,2011-06-14 07:00,C0|L|MKT|15|v0.3.0-tier0|SPY,98.7,100,9870,10,0.10,0,12,0.12,-8,-0.08,-253,-0.25,2
285,Exit long,2011-06-15 07:30,TX30,98.06,100,9818,-12,-0.12,0,14,0.14,-13,-0.13,-265,-0.26,2
285,Entry long,2011-06-15 07:00,C0|L|MKT|15|v0.3.0-tier0|SPY,98.18,100,9818,-12,-0.12,0,14,0.14,-13,-0.13,-265,-0.26,2
286,Exit long,2011-06-16 07:45,TX30,97.67,100,9757,10,0.10,0,16,0.16,-23,-0.24,-255,-0.25,2
286,Entry long,2011-06-16 07:15,C0|L|MKT|15|v0.3.0-tier0|SPY,97.57,100,9757,10,0.10,0,16,0.16,-23,-0.24,-255,-0.25,2
287,Exit short,2011-06-17 08:00,TX30,97.98,100,9783,-15,-0.15,0,6,0.06,-33,-0.34,-270,-0.27,2
287,Entry short,2011-06-17 07:30,C0|S|MKT|15|v0.3.0-tier0|SPY,97.83,100,9783,-15,-0.15,0,6,0.06,-33,-0.34,-270,-0.27,2
288,Exit long,2011-06-20 07:30,TX30,97.68,100,9765,3,0.03,0,11,0.11,-22,-0.23,-267,-0.27,2
288,Entry long,2011-06-20 07:00,C0|L|MKT|15|v0.3.0-tier0|SPY,97.65,100,9765,3,0.03,0,11,0.11,-22,-0.23,-267,-0.27,2
289,Exit long,2011-06-21 07:30,TX30,99.02,100,9872,30,0.30,0,34,0.34,-1,-0.01,-237,-0.24,2
289,Entry long,2011-06-21 07:00,C0|L|MKT|15|v0.3.0-tier0|SPY,98.72,100,9872,30,0.30,0,34,0.34,-1,-0.01,-237,-0.24,2
290,Exit long,2011-06-22 07:30,TX30,99.36,100,9946,-10,-0.10,0,7,0.07,-27,-0.27,-247,-0.25,2
290,Entry long,2011-06-22 07:00,C0|L|MKT|15|v0.3.0-tier0|SPY,99.46,100,9946,-10,-0.10,0,7,0.07,-27,-0.27,-247,-0.25,2
291,Exit short,2011-06-24 07:30,TX30,97.7,100,9821,51,0.52,0,63,0.64,-8,-0.08,-196,-0.20,2
291,Entry short,2011-06-24 07:00,C0|S|MKT|15|v0.3.0-tier0|SPY,98.21,100,9821,51,0.52,0,63,0.64,-8,-0.08,-196,-0.20,2
292,Exit long,2011-06-27 07:45,TX30,98.09,100,9781,28,0.29,0,36,0.37,-6,-0.06,-168,-0.17,2
292,Entry long,2011-06-27 07:15,C0|L|MKT|15|v0.3.0-tier0|SPY,97.81,100,9781,28,0.29,0,36,0.37,-6,-0.06,-168,-0.17,2
293,Exit long,2011-06-28 07:45,TX30,99.16,100,9902,14,0.14,0,23,0.23,-9,-0.09,-154,-0.15,2
293,Entry long,2011-06-28 07:15,C0|L|MKT|15|v0.3.0-tier0|SPY,99.02,100,9902,14,0.14,0,23,0.23,-9,-0.09,-154,-0.15,2
294,Exit long,2011-06-30 07:30,TX30,101.26,100,10102,24,0.24,0,33,0.33,-1,-0.01,-130,-0.13,2
294,Entry long,2011-06-30 07:00,C0|L|MKT|15|v0.3.0-tier0|SPY,101.02,100,10102,24,0.24,0,33,0.33,-1,-0.01,-130,-0.13,2
295,Exit long,2011-07-01 07:30,TX30,102.15,100,10146,69,0.68,0,74,0.73,0,0.00,-61,-0.06,2
295,Entry long,2011-07-01 07:00,C0|L|MKT|15|v0.3.0-tier0|SPY,101.46,100,10146,69,0.68,0,74,0.73,0,0.00,-61,-0.06,2
296,Exit long,2011-07-05 07:45,TX30,102.7,100,10281,-11,-0.11,0,0,0.00,-31,-0.30,-72,-0.07,2
296,Entry long,2011-07-05 07:15,C0|L|MKT|15|v0.3.0-tier0|SPY,102.81,100,10281,-11,-0.11,0,0,0.00,-31,-0.30,-72,-0.07,2
297,Exit short,2011-07-06 07:45,TX30,102.46,100,10239,-7,-0.07,0,16,0.16,-17,-0.17,-79,-0.08,2
297,Entry short,2011-07-06 07:15,C0|S|MKT|15|v0.3.0-tier0|SPY,102.39,100,10239,-7,-0.07,0,16,0.16,-17,-0.17,-79,-0.08,2
298,Exit short,2011-07-08 08:00,TX30,102.73,100,10276,3,0.03,0,18,0.18,-13,-0.13,-76,-0.08,2
298,Entry short,2011-07-08 07:30,C0|S|MKT|15|v0.3.0-tier0|SPY,102.76,100,10276,3,0.03,0,18,0.18,-13,-0.13,-76,-0.08,2
299,Exit short,2011-07-11 07:45,TX30,101.6,100,10192,32,0.31,0,35,0.34,-1,-0.01,-44,-0.04,2
299,Entry short,2011-07-11 07:15,C0|S|MKT|15|v0.3.0-tier0|SPY,101.92,100,10192,32,0.31,0,35,0.34,-1,-0.01,-44,-0.04,2
300,Exit short,2011-07-13 07:30,TX30,101.94,100,10133,-61,-0.60,0,2,0.02,-73,-0.72,-105,-0.10,2
300,Entry short,2011-07-13 07:00,C0|S|MKT|15|v0.3.0-tier0|SPY,101.33,100,10133,-61,-0.60,0,2,0.02,-73,-0.72,-105,-0.10,2
301,Exit long,2011-07-14 07:30,TX30,101.89,100,10188,1,0.01,0,10,0.10,-16,-0.16,-104,-0.10,2
301,Entry long,2011-07-14 07:00,C0|L|MKT|15|v0.3.0-tier0|SPY,101.88,100,10188,1,0.01,0,10,0.10,-16,-0.16,-104,-0.10,2
302,Exit short,2011-07-15 07:30,TX30,100.57,100,10084,27,0.27,0,40,0.40,-34,-0.34,-77,-0.08,2
302,Entry short,2011-07-15 07:00,C0|S|MKT|15|v0.3.0-tier0|SPY,100.84,100,10084,27,0.27,0,40,0.40,-34,-0.34,-77,-0.08,2
303,Exit short,2011-07-18 07:30,TX30,100.15,100,10044,29,0.29,0,51,0.51,-7,-0.07,-48,-0.05,2
303,Entry short,2011-07-18 07:00,C0|S|MKT|15|v0.3.0-tier0|SPY,100.44,100,10044,29,0.29,0,51,0.51,-7,-0.07,-48,-0.05,2
304,Exit long,2011-07-19 07:45,TX30,101.32,100,10133,-1,-0.01,0,13,0.13,-5,-0.05,-49,-0.05,2
304,Entry long,2011-07-19 07:15,C0|L|MKT|15|v0.3.0-tier0|SPY,101.33,100,10133,-1,-0.01,0,13,0.13,-5,-0.05,-49,-0.05,2
305,Exit short,2011-07-20 07:30,TX30,101.94,100,10193,-1,-0.01,0,23,0.23,-15,-0.15,-50,-0.05,2
305,Entry short,2011-07-20 07:00,C0|S|MKT|15|v0.3.0-tier0|SPY,101.93,100,10193,-1,-0.01,0,23,0.23,-15,-0.15,-50,-0.05,2
306,Exit long,2011-07-21 07:30,TX30,103.35,100,10280,55,0.54,0,59,0.57,-12,-0.12,5,0.01,2
306,Entry long,2011-07-21 07:00,C0|L|MKT|15|v0.3.0-tier0|SPY,102.8,100,10280,55,0.54,0,59,0.57,-12,-0.12,5,0.01,2
307,Exit short,2011-07-22 07:30,TX30,102.89,100,10297,8,0.08,0,23,0.22,-17,-0.17,13,0.01,2
307,Entry short,2011-07-22 07:00,C0|S|MKT|15|v0.3.0-tier0|SPY,102.97,100,10297,8,0.08,0,23,0.22,-17,-0.17,13,0.01,2
308,Exit long,2011-07-25 07:30,TX30,102.89,100,10267,22,0.21,0,34,0.33,-2,-0.02,35,0.03,2
308,Entry long,2011-07-25 07:00,C0|L|MKT|15|v0.3.0-tier0|SPY,102.67,100,10267,22,0.21,0,34,0.33,-2,-0.02,35,0.03,2
309,Exit short,2011-07-26 07:30,TX30,102.36,100,10229,-7,-0.07,0,12,0.12,-21,-0.21,28,0.03,2
309,Entry short,2011-07-26 07:00,C0|S|MKT|15|v0.3.0-tier0|SPY,102.29,100,10229,-7,-0.07,0,12,0.12,-21,-0.21,28,0.03,2
310,Exit short,2011-07-27 07:30,TX30,100.88,100,10143,55,0.54,0,59,0.58,-3,-0.03,83,0.08,2
310,Entry short,2011-07-27 07:00,C0|S|MKT|15|v0.3.0-tier0|SPY,101.43,100,10143,55,0.54,0,59,0.58,-3,-0.03,83,0.08,2
311,Exit long,2011-07-28 07:45,TX30,100.69,100,10062,7,0.07,0,17,0.17,-12,-0.12,90,0.09,2
311,Entry long,2011-07-28 07:15,C0|L|MKT|15|v0.3.0-tier0|SPY,100.62,100,10062,7,0.07,0,17,0.17,-12,-0.12,90,0.09,2
312,Exit long,2011-07-29 07:30,TX30,99.32,100,9916,16,0.16,0,28,0.28,-16,-0.16,106,0.11,2
312,Entry long,2011-07-29 07:00,C0|L|MKT|15|v0.3.0-tier0|SPY,99.16,100,9916,16,0.16,0,28,0.28,-16,-0.16,106,0.11,2
313,Exit short,2011-08-01 07:30,TX30,98.77,100,9958,81,0.81,0,121,1.22,0,0.00,187,0.19,2
313,Entry short,2011-08-01 07:00,C0|S|MKT|15|v0.3.0-tier0|SPY,99.58,100,9958,81,0.81,0,121,1.22,0,0.00,187,0.19,2
314,Exit long,2011-08-02 07:30,TX30,98.26,100,9857,-31,-0.31,0,12,0.12,-38,-0.39,156,0.16,2
314,Entry long,2011-08-02 07:00,C0|L|MKT|15|v0.3.0-tier0|SPY,98.57,100,9857,-31,-0.31,0,12,0.12,-38,-0.39,156,0.16,2
315,Exit short,2011-08-03 08:00,TX30,95.74,100,9585,11,0.11,0,97,1.01,0,0.00,167,0.17,2
315,Entry short,2011-08-03 07:30,C0|S|MKT|15|v0.3.0-tier0|SPY,95.85,100,9585,11,0.11,0,97,1.01,0,0.00,167,0.17,2
316,Exit short,2011-08-04 07:45,TX30,94.93,100,9519,26,0.27,0,36,0.38,-19,-0.20,193,0.19,2
316,Entry short,2011-08-04 07:15,C0|S|MKT|15|v0.3.0-tier0|SPY,95.19,100,9519,26,0.27,0,36,0.38,-19,-0.20,193,0.19,2
317,Exit short,2011-08-05 07:30,TX30,92.46,100,9145,-101,-1.10,0,20,0.22,-135,-1.48,92,0.09,2
317,Entry short,2011-08-05 07:00,C0|S|MKT|15|v0.3.0-tier0|SPY,91.45,100,9145,-101,-1.10,0,20,0.22,-135,-1.48,92,0.09,2
318,Exit short,2011-08-08 08:00,TX30,88.95,100,8893,-2,-0.02,0,38,0.43,-53,-0.60,90,0.09,2
318,Entry short,2011-08-08 07:30,C0|S|MKT|15|v0.3.0-tier0|SPY,88.93,100,8893,-2,-0.02,0,38,0.43,-53,-0.60,90,0.09,2
319,Exit long,2011-08-09 07:45,TX30,88.02,100,8820,-18,-0.20,0,33,0.37,-48,-0.54,72,0.07,2
319,Entry long,2011-08-09 07:15,C0|L|MKT|15|v0.3.0-tier0|SPY,88.2,100,8820,-18,-0.20,0,33,0.37,-48,-0.54,72,0.07,2
320,Exit short,2011-08-10 07:45,TX30,87.37,100,8734,-3,-0.03,0,71,0.81,-81,-0.93,69,0.07,2
320,Entry short,2011-08-10 07:15,C0|S|MKT|15|v0.3.0-tier0|SPY,87.34,100,8734,-3,-0.03,0,71,0.81,-81,-0.93,69,0.07,2
321,Exit long,2011-08-11 08:00,TX30,88.58,100,8805,53,0.60,0,101,1.15,-9,-0.10,122,0.12,2
321,Entry long,2011-08-11 07:30,C0|L|MKT|15|v0.3.0-tier0|SPY,88.05,100,8805,53,0.60,0,101,1.15,-9,-0.10,122,0.12,2
322,Exit short,2011-08-12 07:30,TX30,90.81,100,9064,-17,-0.19,0,56,0.62,-30,-0.33,105,0.11,2
322,Entry short,2011-08-12 07:00,C0|S|MKT|15|v0.3.0-tier0|SPY,90.64,100,9064,-17,-0.19,0,56,0.62,-30,-0.33,105,0.11,2
323,Exit long,2011-08-15 07:45,TX30,92.03,100,9210,-7,-0.08,0,25,0.27,-7,-0.08,98,0.10,2
323,Entry long,2011-08-15 07:15,C0|L|MKT|15|v0.3.0-tier0|SPY,92.1,100,9210,-7,-0.08,0,25,0.27,-7,-0.08,98,0.10,2
324,Exit long,2011-08-16 08:00,TX30,92.25,100,9208,17,0.18,0,19,0.21,-23,-0.25,115,0.12,2
324,Entry long,2011-08-16 07:30,C0|L|MKT|15|v0.3.0-tier0|SPY,92.08,100,9208,17,0.18,0,19,0.21,-23,-0.25,115,0.12,2
325,Exit long,2011-08-17 07:30,TX30,93.07,100,9293,14,0.15,0,15,0.16,-18,-0.19,129,0.13,2
325,Entry long,2011-08-17 07:00,C0|L|MKT|15|v0.3.0-tier0|SPY,92.93,100,9293,14,0.15,0,15,0.16,-18,-0.19,129,0.13,2
326,Exit short,2011-08-18 07:45,TX30,87.93,100,8786,-7,-0.08,0,14,0.16,-52,-0.59,122,0.12,2
326,Entry short,2011-08-18 07:15,C0|S|MKT|15|v0.3.0-tier0|SPY,87.86,100,8786,-7,-0.08,0,14,0.16,-52,-0.59,122,0.12,2
327,Exit long,2011-08-19 07:45,TX30,88.3,100,8791,39,0.44,0,109,1.24,-5,-0.06,161,0.16,2
327,Entry long,2011-08-19 07:15,C0|L|MKT|15|v0.3.0-tier0|SPY,87.91,100,8791,39,0.44,0,109,1.24,-5,-0.06,161,0.16,2
328,Exit short,2011-08-22 07:30,TX30,87.73,100,8768,-5,-0.06,0,33,0.38,-20,-0.23,156,0.16,2
328,Entry short,2011-08-22 07:00,C0|S|MKT|15|v0.3.0-tier0|SPY,87.68,100,8768,-5,-0.06,0,33,0.38,-20,-0.23,156,0.16,2
329,Exit long,2011-08-23 07:45,TX30,87.82,100,8760,22,0.25,0,34,0.39,-25,-0.29,178,0.18,2
329,Entry long,2011-08-23 07:15,C0|L|MKT|15|v0.3.0-tier0|SPY,87.6,100,8760,22,0.25,0,34,0.39,-25,-0.29,178,0.18,2
330,Exit long,2011-08-24 07:30,TX30,90.02,100,9018,-16,-0.18,0,40,0.44,-21,-0.23,162,0.16,2
330,Entry long,2011-08-24 07:00,C0|L|MKT|15|v0.3.0-tier0|SPY,90.18,100,9018,-16,-0.18,0,40,0.44,-21,-0.23,162,0.16,2
331,Exit short,2011-08-25 07:30,TX30,90.03,100,9068,65,0.72,0,91,1.00,-3,-0.03,227,0.23,2
331,Entry short,2011-08-25 07:00,C0|S|MKT|15|v0.3.0-tier0|SPY,90.68,100,9068,65,0.72,0,91,1.00,-3,-0.03,227,0.23,2
332,Exit short,2011-08-26 07:45,TX30,89.25,100,8798,-127,-1.44,0,4,0.05,-134,-1.52,100,0.10,2
332,Entry short,2011-08-26 07:15,C0|S|MKT|15|v0.3.0-tier0|SPY,87.98,100,8798,-127,-1.44,0,4,0.05,-134,-1.52,100,0.10,2
333,Exit long,2011-08-29 07:45,TX30,92.29,100,9237,-8,-0.09,0,13,0.14,-13,-0.14,92,0.09,2
333,Entry long,2011-08-29 07:15,C0|L|MKT|15|v0.3.0-tier0|SPY,92.37,100,9237,-8,-0.09,0,13,0.14,-13,-0.14,92,0.09,2
334,Exit short,2011-08-30 07:45,TX30,92.58,100,9253,-5,-0.05,0,26,0.28,-30,-0.32,87,0.09,2
334,Entry short,2011-08-30 07:15,C0|S|MKT|15|v0.3.0-tier0|SPY,92.53,100,9253,-5,-0.05,0,26,0.28,-30,-0.32,87,0.09,2
335,Exit long,2011-08-31 07:30,TX30,94.68,100,9450,18,0.19,0,35,0.37,-3,-0.03,105,0.11,2
335,Entry long,2011-08-31 07:00,C0|L|MKT|15|v0.3.0-tier0|SPY,94.5,100,9450,18,0.19,0,35,0.37,-3,-0.03,105,0.11,2
336,Exit short,2011-09-01 07:30,TX30,94.19,100,9365,-54,-0.58,0,10,0.11,-112,-1.20,51,0.05,2
336,Entry short,2011-09-01 07:00,C0|S|MKT|15|v0.3.0-tier0|SPY,93.65,100,9365,-54,-0.58,0,10,0.11,-112,-1.20,51,0.05,2
337,Exit long,2011-09-06 07:30,TX30,88.07,100,8856,-49,-0.55,0,49,0.55,-52,-0.59,2,0.00,2
337,Entry long,2011-09-06 07:00,C0|L|MKT|15|v0.3.0-tier0|SPY,88.56,100,8856,-49,-0.55,0,49,0.55,-52,-0.59,2,0.00,2
338,Exit long,2011-09-07 07:30,TX30,91.26,100,9139,-13,-0.14,0,15,0.16,-14,-0.15,-11,-0.01,2
338,Entry long,2011-09-07 07:00,C0|L|MKT|15|v0.3.0-tier0|SPY,91.39,100,9139,-13,-0.14,0,15,0.16,-14,-0.15,-11,-0.01,2
339,Exit long,2011-09-12 07:30,TX30,88.48,100,8898,-50,-0.56,0,31,0.35,-52,-0.58,-61,-0.06,2
339,Entry long,2011-09-12 07:00,C0|L|MKT|15|v0.3.0-tier0|SPY,88.98,100,8898,-50,-0.56,0,31,0.35,-52,-0.58,-61,-0.06,2
340,Exit long,2011-09-13 07:30,TX30,90.24,100,9021,3,0.03,0,39,0.43,-7,-0.08,-58,-0.06,2
340,Entry long,2011-09-13 07:00,C0|L|MKT|15|v0.3.0-tier0|SPY,90.21,100,9021,3,0.03,0,39,0.43,-7,-0.08,-58,-0.06,2
341,Exit short,2011-09-14 08:00,TX30,90.33,100,9014,-19,-0.21,0,21,0.23,-24,-0.27,-77,-0.08,2
341,Entry short,2011-09-14 07:30,C0|S|MKT|15|v0.3.0-tier0|SPY,90.14,100,9014,-19,-0.21,0,21,0.23,-24,-0.27,-77,-0.08,2
342,Exit long,2011-09-16 07:45,TX30,93.28,100,9410,-82,-0.87,0,4,0.04,-86,-0.91,-159,-0.16,2
342,Entry long,2011-09-16 07:15,C0|L|MKT|15|v0.3.0-tier0|SPY,94.1,100,9410,-82,-0.87,0,4,0.04,-86,-0.91,-159,-0.16,2
343,Exit short,2011-09-19 07:30,TX30,91.9,100,9175,-15,-0.16,0,10,0.11,-30,-0.33,-174,-0.17,2
343,Entry short,2011-09-19 07:00,C0|S|MKT|15|v0.3.0-tier0|SPY,91.75,100,9175,-15,-0.16,0,10,0.11,-30,-0.33,-174,-0.17,2
344,Exit long,2011-09-20 08:00,TX30,93.89,100,9341,48,0.51,0,50,0.54,-7,-0.07,-126,-0.13,2
344,Entry long,2011-09-20 07:30,C0|L|MKT|15|v0.3.0-tier0|SPY,93.41,100,9341,48,0.51,0,50,0.54,-7,-0.07,-126,-0.13,2
345,Exit short,2011-09-21 08:00,TX30,92.24,100,9260,36,0.39,0,54,0.58,-9,-0.10,-90,-0.09,2
345,Entry short,2011-09-21 07:30,C0|S|MKT|15|v0.3.0-tier0|SPY,92.6,100,9260,36,0.39,0,54,0.58,-9,-0.10,-90,-0.09,2
346,Exit short,2011-09-22 07:30,TX30,87.73,100,8703,-70,-0.80,0,2,0.02,-113,-1.30,-160,-0.16,2
346,Entry short,2011-09-22 07:00,C0|S|MKT|15|v0.3.0-tier0|SPY,87.03,100,8703,-70,-0.80,0,2,0.02,-113,-1.30,-160,-0.16,2
347,Exit long,2011-09-23 07:30,TX30,87.06,100,8732,-26,-0.30,0,14,0.16,-55,-0.63,-186,-0.19,2
347,Entry long,2011-09-23 07:00,C0|L|MKT|15|v0.3.0-tier0|SPY,87.32,100,8732,-26,-0.30,0,14,0.16,-55,-0.63,-186,-0.19,2
348,Exit short,2011-09-26 07:30,TX30,87.82,100,8780,-2,-0.02,0,54,0.62,-16,-0.18,-188,-0.19,2
348,Entry short,2011-09-26 07:00,C0|S|MKT|15|v0.3.0-tier0|SPY,87.8,100,8780,-2,-0.02,0,54,0.62,-16,-0.18,-188,-0.19,2
349,Exit long,2011-09-27 07:30,TX30,91.7,100,9174,-4,-0.04,0,20,0.22,-38,-0.41,-192,-0.19,2
349,Entry long,2011-09-27 07:00,C0|L|MKT|15|v0.3.0-tier0|SPY,91.74,100,9174,-4,-0.04,0,20,0.22,-38,-0.41,-192,-0.19,2
350,Exit long,2011-09-28 07:30,TX30,90.58,100,9129,-71,-0.78,0,0,0.00,-93,-1.02,-263,-0.26,2
350,Entry long,2011-09-28 07:00,C0|L|MKT|15|v0.3.0-tier0|SPY,91.29,100,9129,-71,-0.78,0,0,0.00,-93,-1.02,-263,-0.26,2
351,Exit short,2011-09-29 08:00,TX30,89.53,100,8983,30,0.33,0,62,0.69,-5,-0.06,-233,-0.23,2
351,Entry short,2011-09-29 07:30,C0|S|MKT|15|v0.3.0-tier0|SPY,89.83,100,8983,30,0.33,0,62,0.69,-5,-0.06,-233,-0.23,2
352,Exit short,2011-09-30 07:30,TX30,88.75,100,8809,-66,-0.75,0,7,0.08,-95,-1.08,-299,-0.30,2
352,Entry short,2011-09-30 07:00,C0|S|MKT|15|v0.3.0-tier0|SPY,88.09,100,8809,-66,-0.75,0,7,0.08,-95,-1.08,-299,-0.30,2
353,Exit short,2011-10-03 07:30,TX30,87.37,100,8660,-77,-0.89,0,6,0.07,-136,-1.57,-376,-0.38,2
353,Entry short,2011-10-03 07:00,C0|S|MKT|15|v0.3.0-tier0|SPY,86.6,100,8660,-77,-0.89,0,6,0.07,-136,-1.57,-376,-0.38,2
354,Exit short,2011-10-04 07:30,TX30,83.52,100,8325,-27,-0.32,0,27,0.32,-82,-0.98,-403,-0.40,2
354,Entry short,2011-10-04 07:00,C0|S|MKT|15|v0.3.0-tier0|SPY,83.25,100,8325,-27,-0.32,0,27,0.32,-82,-0.98,-403,-0.40,2
355,Exit short,2011-10-06 07:30,TX30,88.7,100,8793,-77,-0.88,0,20,0.23,-86,-0.98,-480,-0.48,2
355,Entry short,2011-10-06 07:00,C0|S|MKT|15|v0.3.0-tier0|SPY,87.93,100,8793,-77,-0.88,0,20,0.23,-86,-0.98,-480,-0.48,2
356,Exit long,2011-10-10 07:30,TX30,91.71,100,9135,36,0.39,0,47,0.51,-9,-0.10,-444,-0.44,2
356,Entry long,2011-10-10 07:00,C0|L|MKT|15|v0.3.0-tier0|SPY,91.35,100,9135,36,0.39,0,47,0.51,-9,-0.10,-444,-0.44,2
357,Exit long,2011-10-11 07:30,TX30,92.37,100,9201,36,0.39,0,37,0.40,-21,-0.23,-408,-0.41,2
357,Entry long,2011-10-11 07:00,C0|L|MKT|15|v0.3.0-tier0|SPY,92.01,100,9201,36,0.39,0,37,0.40,-21,-0.23,-408,-0.41,2
358,Exit long,2011-10-12 07:45,TX30,93.68,100,9341,27,0.29,0,39,0.42,0,0.00,-381,-0.38,2
358,Entry long,2011-10-12 07:15,C0|L|MKT|15|v0.3.0-tier0|SPY,93.41,100,9341,27,0.29,0,39,0.42,0,0.00,-381,-0.38,2
359,Exit short,2011-10-13 07:30,TX30,92.38,100,9228,-10,-0.11,0,16,0.17,-24,-0.26,-391,-0.39,2
359,Entry short,2011-10-13 07:00,C0|S|MKT|15|v0.3.0-tier0|SPY,92.28,100,9228,-10,-0.11,0,16,0.17,-24,-0.26,-391,-0.39,2
360,Exit short,2011-10-14 07:45,TX30,93.94,100,9406,12,0.13,0,31,0.33,0,0.00,-379,-0.38,2
360,Entry short,2011-10-14 07:15,C0|S|MKT|15|v0.3.0-tier0|SPY,94.06,100,9406,12,0.13,0,31,0.33,0,0.00,-379,-0.38,2
361,Exit short,2011-10-17 07:30,TX30,93.49,100,9385,36,0.38,0,36,0.38,-3,-0.03,-343,-0.34,2
361,Entry short,2011-10-17 07:00,C0|S|MKT|15|v0.3.0-tier0|SPY,93.85,100,9385,36,0.38,0,36,0.38,-3,-0.03,-343,-0.34,2
362,Exit short,2011-10-18 07:30,TX30,92.81,100,9228,-53,-0.57,0,25,0.27,-53,-0.57,-396,-0.40,2
362,Entry short,2011-10-18 07:00,C0|S|MKT|15|v0.3.0-tier0|SPY,92.28,100,9228,-53,-0.57,0,25,0.27,-53,-0.57,-396,-0.40,2
363,Exit long,2011-10-19 08:00,TX30,94.81,100,9499,-18,-0.19,0,3,0.03,-26,-0.27,-414,-0.41,2
363,Entry long,2011-10-19 07:30,C0|L|MKT|15|v0.3.0-tier0|SPY,94.99,100,9499,-18,-0.19,0,3,0.03,-26,-0.27,-414,-0.41,2
364,Exit long,2011-10-20 07:45,TX30,93.68,100,9397,-29,-0.31,0,2,0.02,-49,-0.52,-443,-0.44,2
364,Entry long,2011-10-20 07:15,C0|L|MKT|15|v0.3.0-tier0|SPY,93.97,100,9397,-29,-0.31,0,2,0.02,-49,-0.52,-443,-0.44,2
365,Exit long,2011-10-21 07:30,TX30,95.71,100,9524,47,0.49,0,51,0.54,-14,-0.15,-396,-0.40,2
365,Entry long,2011-10-21 07:00,C0|L|MKT|15|v0.3.0-tier0|SPY,95.24,100,9524,47,0.49,0,51,0.54,-14,-0.15,-396,-0.40,2
366,Exit long,2011-10-24 07:45,TX30,96.54,100,9642,12,0.12,0,21,0.22,-5,-0.05,-384,-0.38,2
366,Entry long,2011-10-24 07:15,C0|L|MKT|15|v0.3.0-tier0|SPY,96.42,100,9642,12,0.12,0,21,0.22,-5,-0.05,-384,-0.38,2
367,Exit short,2011-10-26 07:45,TX30,94.97,100,9520,23,0.24,0,28,0.29,-16,-0.17,-361,-0.36,2
367,Entry short,2011-10-26 07:15,C0|S|MKT|15|v0.3.0-tier0|SPY,95.2,100,9520,23,0.24,0,28,0.29,-16,-0.17,-361,-0.36,2
368,Exit short,2011-10-27 07:30,TX30,97.88,100,9815,27,0.28,0,35,0.36,-7,-0.07,-334,-0.33,2
368,Entry short,2011-10-27 07:00,C0|S|MKT|15|v0.3.0-tier0|SPY,98.15,100,9815,27,0.28,0,35,0.36,-7,-0.07,-334,-0.33,2
369,Exit long,2011-11-01 07:30,TX30,95.07,100,9469,38,0.40,0,48,0.51,-46,-0.49,-296,-0.30,2
369,Entry long,2011-11-01 07:00,C0|L|MKT|15|v0.3.0-tier0|SPY,94.69,100,9469,38,0.40,0,48,0.51,-46,-0.49,-296,-0.30,2
370,Exit short,2011-11-02 07:30,TX30,95.55,100,9537,-18,-0.19,0,20,0.21,-21,-0.22,-314,-0.31,2
370,Entry short,2011-11-02 07:00,C0|S|MKT|15|v0.3.0-tier0|SPY,95.37,100,9537,-18,-0.19,0,20,0.21,-21,-0.22,-314,-0.31,2
371,Exit short,2011-11-03 07:30,TX30,96.02,100,9602,0,0.00,0,60,0.62,-14,-0.15,-314,-0.31,2
371,Entry short,2011-11-03 07:00,C0|S|MKT|15|v0.3.0-tier0|SPY,96.02,100,9602,0,0.00,0,60,0.62,-14,-0.15,-314,-0.31,2
372,Exit short,2011-11-04 07:30,TX30,96.05,100,9643,38,0.39,0,43,0.45,-10,-0.10,-276,-0.28,2
372,Entry short,2011-11-04 07:00,C0|S|MKT|15|v0.3.0-tier0|SPY,96.43,100,9643,38,0.39,0,43,0.45,-10,-0.10,-276,-0.28,2
373,Exit long,2011-11-08 07:30,TX30,97.56,100,9831,-75,-0.76,0,4,0.04,-90,-0.92,-351,-0.35,2
373,Entry long,2011-11-08 07:00,C0|L|MKT|15|v0.3.0-tier0|SPY,98.31,100,9831,-75,-0.76,0,4,0.04,-90,-0.92,-351,-0.35,2
374,Exit short,2011-11-09 07:30,TX30,96.03,100,9612,9,0.09,0,11,0.11,-35,-0.36,-342,-0.34,2
374,Entry short,2011-11-09 07:00,C0|S|MKT|15|v0.3.0-tier0|SPY,96.12,100,9612,9,0.09,0,11,0.11,-35,-0.36,-342,-0.34,2
375,Exit short,2011-11-10 07:30,TX30,95.41,100,9570,29,0.30,0,29,0.30,-28,-0.29,-313,-0.31,2
375,Entry short,2011-11-10 07:00,C0|S|MKT|15|v0.3.0-tier0|SPY,95.7,100,9570,29,0.30,0,29,0.30,-28,-0.29,-313,-0.31,2
376,Exit long,2011-11-11 08:00,TX30,97.91,100,9760,31,0.32,0,38,0.39,0,0.00,-282,-0.28,2
376,Entry long,2011-11-11 07:30,C0|L|MKT|15|v0.3.0-tier0|SPY,97.6,100,9760,31,0.32,0,38,0.39,0,0.00,-282,-0.28,2
377,Exit short,2011-11-14 07:30,TX30,97.31,100,9719,-12,-0.12,0,16,0.16,-25,-0.26,-294,-0.29,2
377,Entry short,2011-11-14 07:00,C0|S|MKT|15|v0.3.0-tier0|SPY,97.19,100,9719,-12,-0.12,0,16,0.16,-25,-0.26,-294,-0.29,2
378,Exit long,2011-11-15 07:30,TX30,96.76,100,9699,-23,-0.24,0,4,0.04,-42,-0.43,-317,-0.32,2
378,Entry long,2011-11-15 07:00,C0|L|MKT|15|v0.3.0-tier0|SPY,96.99,100,9699,-23,-0.24,0,4,0.04,-42,-0.43,-317,-0.32,2
379,Exit long,2011-11-16 07:30,TX30,96.48,100,9668,-20,-0.21,0,12,0.12,-29,-0.30,-337,-0.34,2
379,Entry long,2011-11-16 07:00,C0|L|MKT|15|v0.3.0-tier0|SPY,96.68,100,9668,-20,-0.21,0,12,0.12,-29,-0.30,-337,-0.34,2
380,Exit short,2011-11-18 08:00,TX30,94.56,100,9419,-37,-0.39,0,3,0.03,-57,-0.61,-374,-0.37,2
380,Entry short,2011-11-18 07:30,C0|S|MKT|15|v0.3.0-tier0|SPY,94.19,100,9419,-37,-0.39,0,3,0.03,-57,-0.61,-374,-0.37,2
381,Exit short,2011-11-21 08:00,TX30,91.83,100,9229,46,0.50,0,50,0.54,-3,-0.03,-328,-0.33,2
381,Entry short,2011-11-21 07:30,C0|S|MKT|15|v0.3.0-tier0|SPY,92.29,100,9229,46,0.50,0,50,0.54,-3,-0.03,-328,-0.33,2
382,Exit short,2011-11-23 07:30,TX30,90.47,100,9066,19,0.21,0,27,0.30,-11,-0.12,-309,-0.31,2
382,Entry short,2011-11-23 07:00,C0|S|MKT|15|v0.3.0-tier0|SPY,90.66,100,9066,19,0.21,0,27,0.30,-11,-0.12,-309,-0.31,2
383,Exit long,2011-11-25 07:45,TX30,90.8,100,9078,2,0.02,0,9,0.10,-21,-0.23,-307,-0.31,2
383,Entry long,2011-11-25 07:15,C0|L|MKT|15|v0.3.0-tier0|SPY,90.78,100,9078,2,0.02,0,9,0.10,-21,-0.23,-307,-0.31,2
384,Exit long,2011-11-28 07:30,TX30,92.62,100,9256,6,0.06,0,17,0.18,-10,-0.11,-301,-0.30,2
384,Entry long,2011-11-28 07:00,C0|L|MKT|15|v0.3.0-tier0|SPY,92.56,100,9256,6,0.06,0,17,0.18,-10,-0.11,-301,-0.30,2
385,Exit long,2011-11-29 07:30,TX30,93.14,100,9275,39,0.42,0,56,0.60,-12,-0.13,-262,-0.26,2
385,Entry long,2011-11-29 07:00,C0|L|MKT|15|v0.3.0-tier0|SPY,92.75,100,9275,39,0.42,0,56,0.60,-12,-0.13,-262,-0.26,2
386,Exit long,2011-11-30 07:30,TX30,95.74,100,9573,1,0.01,0,12,0.13,-20,-0.21,-261,-0.26,2
386,Entry long,2011-11-30 07:00,C0|L|MKT|15|v0.3.0-tier0|SPY,95.73,100,9573,1,0.01,0,12,0.13,-20,-0.21,-261,-0.26,2
387,Exit long,2011-12-01 07:30,TX30,96.81,100,9677,4,0.04,0,23,0.24,-16,-0.17,-257,-0.26,2
387,Entry long,2011-12-01 07:00,C0|L|MKT|15|v0.3.0-tier0|SPY,96.77,100,9677,4,0.04,0,23,0.24,-16,-0.17,-257,-0.26,2
388,Exit long,2011-12-02 07:45,TX30,97.46,100,9753,-7,-0.07,0,13,0.13,-10,-0.10,-264,-0.26,2
388,Entry long,2011-12-02 07:15,C0|L|MKT|15|v0.3.0-tier0|SPY,97.53,100,9753,-7,-0.07,0,13,0.13,-10,-0.10,-264,-0.26,2
389,Exit long,2011-12-05 07:30,TX30,98.05,100,9793,12,0.12,0,19,0.19,-23,-0.23,-252,-0.25,2
389,Entry long,2011-12-05 07:00,C0|L|MKT|15|v0.3.0-tier0|SPY,97.93,100,9793,12,0.12,0,19,0.19,-23,-0.23,-252,-0.25,2
390,Exit short,2011-12-08 07:45,TX30,96.98,100,9694,-4,-0.04,0,28,0.29,-13,-0.13,-256,-0.26,2
390,Entry short,2011-12-08 07:15,C0|S|MKT|15|v0.3.0-tier0|SPY,96.94,100,9694,-4,-0.04,0,28,0.29,-13,-0.13,-256,-0.26,2
391,Exit long,2011-12-09 07:45,TX30,96.63,100,9679,-16,-0.17,0,3,0.03,-31,-0.32,-272,-0.27,2
391,Entry long,2011-12-09 07:15,C0|L|MKT|15|v0.3.0-tier0|SPY,96.79,100,9679,-16,-0.17,0,3,0.03,-31,-0.32,-272,-0.27,2
392,Exit short,2011-12-12 07:30,TX30,95.68,100,9590,22,0.23,0,32,0.33,-9,-0.09,-250,-0.25,2
392,Entry short,2011-12-12 07:00,C0|S|MKT|15|v0.3.0-tier0|SPY,95.9,100,9590,22,0.23,0,32,0.33,-9,-0.09,-250,-0.25,2
393,Exit long,2011-12-13 07:45,TX30,96.39,100,9683,-44,-0.45,0,2,0.02,-46,-0.48,-294,-0.29,2
393,Entry long,2011-12-13 07:15,C0|L|MKT|15|v0.3.0-tier0|SPY,96.83,100,9683,-44,-0.45,0,2,0.02,-46,-0.48,-294,-0.29,2
394,Exit short,2011-12-14 07:45,TX30,94.3,100,9417,-13,-0.14,0,6,0.06,-33,-0.35,-307,-0.31,2
394,Entry short,2011-12-14 07:15,C0|S|MKT|15|v0.3.0-tier0|SPY,94.17,100,9417,-13,-0.14,0,6,0.06,-33,-0.35,-307,-0.31,2
395,Exit short,2011-12-15 07:45,TX30,94.3,100,9466,36,0.38,0,43,0.45,-9,-0.10,-271,-0.27,2
395,Entry short,2011-12-15 07:15,C0|S|MKT|15|v0.3.0-tier0|SPY,94.66,100,9466,36,0.38,0,43,0.45,-9,-0.10,-271,-0.27,2
396,Exit long,2011-12-16 07:45,TX30,95.38,100,9540,-2,-0.02,0,12,0.13,-13,-0.14,-273,-0.27,2
396,Entry long,2011-12-16 07:15,C0|L|MKT|15|v0.3.0-tier0|SPY,95.4,100,9540,-2,-0.02,0,12,0.13,-13,-0.14,-273,-0.27,2
397,Exit short,2011-12-19 07:45,TX30,94.78,100,9474,-4,-0.04,0,7,0.07,-20,-0.21,-277,-0.28,2
397,Entry short,2011-12-19 07:15,C0|S|MKT|15|v0.3.0-tier0|SPY,94.74,100,9474,-4,-0.04,0,7,0.07,-20,-0.21,-277,-0.28,2
398,Exit long,2011-12-20 08:00,TX30,95.83,100,9578,5,0.05,0,15,0.16,-5,-0.05,-272,-0.27,2
398,Entry long,2011-12-20 07:30,C0|L|MKT|15|v0.3.0-tier0|SPY,95.78,100,9578,5,0.05,0,15,0.16,-5,-0.05,-272,-0.27,2
399,Exit long,2011-12-22 07:30,TX30,97.08,100,9708,0,0.00,0,12,0.12,-18,-0.19,-272,-0.27,2
399,Entry long,2011-12-22 07:00,C0|L|MKT|15|v0.3.0-tier0|SPY,97.08,100,9708,0,0.00,0,12,0.12,-18,-0.19,-272,-0.27,2
400,Exit long,2011-12-27 07:30,TX30,98.49,100,9839,10,0.10,0,14,0.14,-2,-0.02,-262,-0.26,2
400,Entry long,2011-12-27 07:00,C0|L|MKT|15|v0.3.0-tier0|SPY,98.39,100,9839,10,0.10,0,14,0.14,-2,-0.02,-262,-0.26,2
401,Exit short,2011-12-28 07:30,TX30,97.42,100,9770,28,0.29,0,31,0.32,-14,-0.14,-234,-0.23,2
401,Entry short,2011-12-28 07:00,C0|S|MKT|15|v0.3.0-tier0|SPY,97.7,100,9770,28,0.29,0,31,0.32,-14,-0.14,-234,-0.23,2
402,Exit long,2011-12-29 08:00,TX30,97.74,100,9766,8,0.08,0,15,0.15,0,0.00,-226,-0.23,2
402,Entry long,2011-12-29 07:30,C0|L|MKT|15|v0.3.0-tier0|SPY,97.66,100,9766,8,0.08,0,15,0.15,0,0.00,-226,-0.23,2
403,Exit long,2011-12-30 07:30,TX30,97.95,100,9802,-7,-0.07,0,13,0.13,-11,-0.11,-233,-0.23,2
403,Entry long,2011-12-30 07:00,C0|L|MKT|15|v0.3.0-tier0|SPY,98.02,100,9802,-7,-0.07,0,13,0.13,-11,-0.11,-233,-0.23,2
404,Exit long,2012-01-03 07:45,TX30,99.58,100,9965,-7,-0.07,0,9,0.09,-11,-0.11,-240,-0.24,2
404,Entry long,2012-01-03 07:15,C0|L|MKT|15|v0.3.0-tier0|SPY,99.65,100,9965,-7,-0.07,0,9,0.09,-11,-0.11,-240,-0.24,2
405,Exit short,2012-01-04 07:45,TX30,98.52,100,9864,12,0.12,0,19,0.19,-9,-0.09,-228,-0.23,2
405,Entry short,2012-01-04 07:15,C0|S|MKT|15|v0.3.0-tier0|SPY,98.64,100,9864,12,0.12,0,19,0.19,-9,-0.09,-228,-0.23,2
406,Exit short,2012-01-06 07:30,TX30,99.13,100,9901,-12,-0.12,0,9,0.09,-23,-0.23,-240,-0.24,2
406,Entry short,2012-01-06 07:00,C0|S|MKT|15|v0.3.0-tier0|SPY,99.01,100,9901,-12,-0.12,0,9,0.09,-23,-0.23,-240,-0.24,2
407,Exit long,2012-01-09 08:00,TX30,99.24,100,9955,-31,-0.31,0,3,0.03,-37,-0.37,-271,-0.27,2
407,Entry long,2012-01-09 07:30,C0|L|MKT|15|v0.3.0-tier0|SPY,99.55,100,9955,-31,-0.31,0,3,0.03,-37,-0.37,-271,-0.27,2
408,Exit long,2012-01-10 07:45,TX30,100.61,100,10063,-2,-0.02,0,3,0.03,-16,-0.16,-273,-0.27,2
408,Entry long,2012-01-10 07:15,C0|L|MKT|15|v0.3.0-tier0|SPY,100.63,100,10063,-2,-0.02,0,3,0.03,-16,-0.16,-273,-0.27,2
409,Exit short,2012-01-12 07:45,TX30,99.9,100,10010,20,0.20,0,24,0.24,-4,-0.04,-253,-0.25,2
409,Entry short,2012-01-12 07:15,C0|S|MKT|15|v0.3.0-tier0|SPY,100.1,100,10010,20,0.20,0,24,0.24,-4,-0.04,-253,-0.25,2
410,Exit short,2012-01-13 07:45,TX30,99.5,100,9955,5,0.05,0,32,0.32,-3,-0.03,-248,-0.25,2
410,Entry short,2012-01-13 07:15,C0|S|MKT|15|v0.3.0-tier0|SPY,99.55,100,9955,5,0.05,0,32,0.32,-3,-0.03,-248,-0.25,2
411,Exit short,2012-01-17 07:45,TX30,100.89,100,10093,4,0.04,0,13,0.13,-8,-0.08,-244,-0.24,2
411,Entry short,2012-01-17 07:15,C0|S|MKT|15|v0.3.0-tier0|SPY,100.93,100,10093,4,0.04,0,13,0.13,-8,-0.08,-244,-0.24,2
412,Exit long,2012-01-18 07:30,TX30,101.08,100,10085,23,0.23,0,30,0.30,0,0.00,-221,-0.22,2
412,Entry long,2012-01-18 07:00,C0|L|MKT|15|v0.3.0-tier0|SPY,100.85,100,10085,23,0.23,0,30,0.30,0,0.00,-221,-0.22,2
413,Exit long,2012-01-19 07:30,TX30,101.88,100,10195,-7,-0.07,0,0,0.00,-33,-0.32,-228,-0.23,2
413,Entry long,2012-01-19 07:00,C0|L|MKT|15|v0.3.0-tier0|SPY,101.95,100,10195,-7,-0.07,0,0,0.00,-33,-0.32,-228,-0.23,2
414,Exit long,2012-01-23 07:30,TX30,102.57,100,10261,-4,-0.04,0,14,0.14,-4,-0.04,-232,-0.23,2
414,Entry long,2012-01-23 07:00,C0|L|MKT|15|v0.3.0-tier0|SPY,102.61,100,10261,-4,-0.04,0,14,0.14,-4,-0.04,-232,-0.23,2
415,Exit long,2012-01-24 07:45,TX30,101.93,100,10184,9,0.09,0,11,0.11,-14,-0.14,-223,-0.22,2
415,Entry long,2012-01-24 07:15,C0|L|MKT|15|v0.3.0-tier0|SPY,101.84,100,10184,9,0.09,0,11,0.11,-14,-0.14,-223,-0.22,2
416,Exit long,2012-01-26 07:30,TX30,103.09,100,10357,-48,-0.46,0,0,0.00,-50,-0.48,-271,-0.27,2
416,Entry long,2012-01-26 07:00,C0|L|MKT|15|v0.3.0-tier0|SPY,103.57,100,10357,-48,-0.46,0,0,0.00,-50,-0.48,-271,-0.27,2
417,Exit long,2012-01-27 07:30,TX30,102.29,100,10236,-7,-0.07,0,2,0.02,-32,-0.31,-278,-0.28,2
417,Entry long,2012-01-27 07:00,C0|L|MKT|15|v0.3.0-tier0|SPY,102.36,100,10236,-7,-0.07,0,2,0.02,-32,-0.31,-278,-0.28,2
418,Exit short,2012-01-30 07:45,TX30,101.33,100,10109,-24,-0.24,0,3,0.03,-24,-0.24,-302,-0.30,2
418,Entry short,2012-01-30 07:15,C0|S|MKT|15|v0.3.0-tier0|SPY,101.09,100,10109,-24,-0.24,0,3,0.03,-24,-0.24,-302,-0.30,2
419,Exit short,2012-01-31 07:45,TX30,101.97,100,10208,11,0.11,0,23,0.23,-16,-0.16,-291,-0.29,2
419,Entry short,2012-01-31 07:15,C0|S|MKT|15|v0.3.0-tier0|SPY,102.08,100,10208,11,0.11,0,23,0.23,-16,-0.16,-291,-0.29,2
420,Exit long,2012-02-01 07:45,TX30,103.06,100,10314,-8,-0.08,0,3,0.03,-15,-0.15,-299,-0.30,2
420,Entry long,2012-02-01 07:15,C0|L|MKT|15|v0.3.0-tier0|SPY,103.14,100,10314,-8,-0.08,0,3,0.03,-15,-0.15,-299,-0.30,2
421,Exit long,2012-02-03 07:45,TX30,104.36,100,10432,4,0.04,0,10,0.10,-7,-0.07,-295,-0.29,2
421,Entry long,2012-02-03 07:15,C0|L|MKT|15|v0.3.0-tier0|SPY,104.32,100,10432,4,0.04,0,10,0.10,-7,-0.07,-295,-0.29,2
422,Exit long,2012-02-06 07:30,TX30,104.17,100,10420,-3,-0.03,0,14,0.13,-4,-0.04,-298,-0.30,2
422,Entry long,2012-02-06 07:00,C0|L|MKT|15|v0.3.0-tier0|SPY,104.2,100,10420,-3,-0.03,0,14,0.13,-4,-0.04,-298,-0.30,2
423,Exit short,2012-02-07 07:30,TX30,104.14,100,10404,-10,-0.10,0,21,0.20,-19,-0.18,-308,-0.31,2
423,Entry short,2012-02-07 07:00,C0|S|MKT|15|v0.3.0-tier0|SPY,104.04,100,10404,-10,-0.10,0,21,0.20,-19,-0.18,-308,-0.31,2
424,Exit long,2012-02-08 07:30,TX30,104.98,100,10498,0,0.00,0,7,0.07,-3,-0.03,-308,-0.31,2
424,Entry long,2012-02-08 07:00,C0|L|MKT|15|v0.3.0-tier0|SPY,104.98,100,10498,0,0.00,0,7,0.07,-3,-0.03,-308,-0.31,2
425,Exit short,2012-02-09 08:00,TX30,104.88,100,10466,-22,-0.21,0,12,0.11,-26,-0.25,-330,-0.33,2
425,Entry short,2012-02-09 07:30,C0|S|MKT|15|v0.3.0-tier0|SPY,104.66,100,10466,-22,-0.21,0,12,0.11,-26,-0.25,-330,-0.33,2
426,Exit short,2012-02-10 07:45,TX30,104.25,100,10401,-24,-0.23,0,2,0.02,-27,-0.26,-354,-0.35,2
426,Entry short,2012-02-10 07:15,C0|S|MKT|15|v0.3.0-tier0|SPY,104.01,100,10401,-24,-0.23,0,2,0.02,-27,-0.26,-354,-0.35,2
427,Exit short,2012-02-13 07:45,TX30,104.78,100,10494,16,0.15,0,21,0.20,0,0.00,-338,-0.34,2
427,Entry short,2012-02-13 07:15,C0|S|MKT|15|v0.3.0-tier0|SPY,104.94,100,10494,16,0.15,0,21,0.20,0,0.00,-338,-0.34,2
428,Exit short,2012-02-14 07:45,TX30,104.73,100,10467,-6,-0.06,0,7,0.07,-16,-0.15,-344,-0.34,2
428,Entry short,2012-02-14 07:15,C0|S|MKT|15|v0.3.0-tier0|SPY,104.67,100,10467,-6,-0.06,0,7,0.07,-16,-0.15,-344,-0.34,2
429,Exit long,2012-02-16 07:45,TX30,104.94,100,10479,15,0.14,0,20,0.19,-5,-0.05,-329,-0.33,2
429,Entry long,2012-02-16 07:15,C0|L|MKT|15|v0.3.0-tier0|SPY,104.79,100,10479,15,0.14,0,20,0.19,-5,-0.05,-329,-0.33,2
430,Exit short,2012-02-17 07:45,TX30,105.82,100,10585,3,0.03,0,7,0.07,-11,-0.10,-326,-0.33,2
430,Entry short,2012-02-17 07:15,C0|S|MKT|15|v0.3.0-tier0|SPY,105.85,100,10585,3,0.03,0,7,0.07,-11,-0.10,-326,-0.33,2
431,Exit short,2012-02-21 07:30,TX30,106.13,100,10599,-14,-0.13,0,3,0.03,-16,-0.15,-340,-0.34,2
431,Entry short,2012-02-21 07:00,C0|S|MKT|15|v0.3.0-tier0|SPY,105.99,100,10599,-14,-0.13,0,3,0.03,-16,-0.15,-340,-0.34,2
432,Exit long,2012-02-27 07:45,TX30,106.2,100,10589,31,0.29,0,32,0.30,-4,-0.04,-309,-0.31,2
432,Entry long,2012-02-27 07:15,C0|L|MKT|15|v0.3.0-tier0|SPY,105.89,100,10589,31,0.29,0,32,0.30,-4,-0.04,-309,-0.31,2
433,Exit long,2012-02-28 07:30,TX30,106.66,100,10672,-6,-0.06,0,28,0.26,-24,-0.22,-315,-0.31,2
433,Entry long,2012-02-28 07:00,C0|L|MKT|15|v0.3.0-tier0|SPY,106.72,100,10672,-6,-0.06,0,28,0.26,-24,-0.22,-315,-0.31,2
434,Exit long,2012-02-29 07:30,TX30,107.07,100,10728,-21,-0.20,0,8,0.07,-30,-0.28,-336,-0.34,2
434,Entry long,2012-02-29 07:00,C0|L|MKT|15|v0.3.0-tier0|SPY,107.28,100,10728,-21,-0.20,0,8,0.07,-30,-0.28,-336,-0.34,2
435,Exit long,2012-03-01 07:30,TX30,106.89,100,10701,-12,-0.11,0,0,0.00,-48,-0.45,-348,-0.35,2
435,Entry long,2012-03-01 07:00,C0|L|MKT|15|v0.3.0-tier0|SPY,107.01,100,10701,-12,-0.11,0,0,0.00,-48,-0.45,-348,-0.35,2
436,Exit short,2012-03-02 07:30,TX30,107.02,100,10680,-22,-0.21,0,5,0.05,-27,-0.25,-370,-0.37,2
436,Entry short,2012-03-02 07:00,C0|S|MKT|15|v0.3.0-tier0|SPY,106.8,100,10680,-22,-0.21,0,5,0.05,-27,-0.25,-370,-0.37,2
437,Exit short,2012-03-05 08:00,TX30,106.13,100,10606,-7,-0.07,0,7,0.07,-16,-0.15,-377,-0.38,2
437,Entry short,2012-03-05 07:30,C0|S|MKT|15|v0.3.0-tier0|SPY,106.06,100,10606,-7,-0.07,0,7,0.07,-16,-0.15,-377,-0.38,2
438,Exit short,2012-03-06 07:30,TX30,104.84,100,10497,13,0.12,0,25,0.24,-8,-0.08,-364,-0.36,2
438,Entry short,2012-03-06 07:00,C0|S|MKT|15|v0.3.0-tier0|SPY,104.97,100,10497,13,0.12,0,25,0.24,-8,-0.08,-364,-0.36,2
439,Exit short,2012-03-08 07:45,TX30,106.01,100,10591,-10,-0.09,0,6,0.06,-15,-0.14,-374,-0.37,2
439,Entry short,2012-03-08 07:15,C0|S|MKT|15|v0.3.0-tier0|SPY,105.91,100,10591,-10,-0.09,0,6,0.06,-15,-0.14,-374,-0.37,2
440,Exit long,2012-03-09 08:00,TX30,107.11,100,10697,14,0.13,0,18,0.17,0,0.00,-360,-0.36,2
440,Entry long,2012-03-09 07:30,C0|L|MKT|15|v0.3.0-tier0|SPY,106.97,100,10697,14,0.13,0,18,0.17,0,0.00,-360,-0.36,2
441,Exit short,2012-03-12 07:45,TX30,106.7,100,10669,-1,-0.01,0,12,0.11,-14,-0.13,-361,-0.36,2
441,Entry short,2012-03-12 07:15,C0|S|MKT|15|v0.3.0-tier0|SPY,106.69,100,10669,-1,-0.01,0,12,0.11,-14,-0.13,-361,-0.36,2
442,Exit long,2012-03-14 07:30,TX30,108.99,100,10899,0,0.00,0,12,0.11,-7,-0.06,-361,-0.36,2
442,Entry long,2012-03-14 07:00,C0|L|MKT|15|v0.3.0-tier0|SPY,108.99,100,10899,0,0.00,0,12,0.11,-7,-0.06,-361,-0.36,2
443,Exit long,2012-03-15 08:00,TX30,108.88,100,10895,-7,-0.06,0,11,0.10,-9,-0.08,-368,-0.37,2
443,Entry long,2012-03-15 07:30,C0|L|MKT|15|v0.3.0-tier0|SPY,108.95,100,10895,-7,-0.06,0,11,0.10,-9,-0.08,-368,-0.37,2
444,Exit short,2012-03-16 07:30,TX30,109.35,100,10935,0,0.00,0,10,0.09,-8,-0.07,-368,-0.37,2
444,Entry short,2012-03-16 07:00,C0|S|MKT|15|v0.3.0-tier0|SPY,109.35,100,10935,0,0.00,0,10,0.09,-8,-0.07,-368,-0.37,2
445,Exit long,2012-03-19 07:30,TX30,109.59,100,10969,-10,-0.09,0,1,0.01,-20,-0.18,-378,-0.38,2
445,Entry long,2012-03-19 07:00,C0|L|MKT|15|v0.3.0-tier0|SPY,109.69,100,10969,-10,-0.09,0,1,0.01,-20,-0.18,-378,-0.38,2
446,Exit short,2012-03-21 07:45,TX30,109.5,100,10943,-7,-0.06,0,3,0.03,-16,-0.15,-385,-0.38,2
446,Entry short,2012-03-21 07:15,C0|S|MKT|15|v0.3.0-tier0|SPY,109.43,100,10943,-7,-0.06,0,3,0.03,-16,-0.15,-385,-0.38,2
447,Exit short,2012-03-23 07:45,TX30,108.46,100,10825,-21,-0.19,0,1,0.01,-28,-0.26,-406,-0.41,2
447,Entry short,2012-03-23 07:15,C0|S|MKT|15|v0.3.0-tier0|SPY,108.25,100,10825,-21,-0.19,0,1,0.01,-28,-0.26,-406,-0.41,2
448,Exit long,2012-03-26 07:45,TX30,110,100,11004,-4,-0.04,0,7,0.06,-7,-0.06,-410,-0.41,2
448,Entry long,2012-03-26 07:15,C0|L|MKT|15|v0.3.0-tier0|SPY,110.04,100,11004,-4,-0.04,0,7,0.06,-7,-0.06,-410,-0.41,2
449,Exit short,2012-03-29 07:45,TX30,108.78,100,10884,6,0.06,0,30,0.28,-5,-0.05,-404,-0.40,2
449,Entry short,2012-03-29 07:15,C0|S|MKT|15|v0.3.0-tier0|SPY,108.84,100,10884,6,0.06,0,30,0.28,-5,-0.05,-404,-0.40,2
450,Exit short,2012-03-30 07:30,TX30,109.56,100,10971,15,0.14,0,25,0.23,-10,-0.09,-389,-0.39,2
450,Entry short,2012-03-30 07:00,C0|S|MKT|15|v0.3.0-tier0|SPY,109.71,100,10971,15,0.14,0,25,0.23,-10,-0.09,-389,-0.39,2
451,Exit long,2012-04-02 07:45,TX30,110.01,100,11014,-13,-0.12,0,11,0.10,-13,-0.12,-402,-0.40,2
451,Entry long,2012-04-02 07:15,C0|L|MKT|15|v0.3.0-tier0|SPY,110.14,100,11014,-13,-0.12,0,11,0.10,-13,-0.12,-402,-0.40,2
452,Exit short,2012-04-04 07:45,TX30,109.07,100,10924,17,0.16,0,32,0.29,0,0.00,-385,-0.38,2
452,Entry short,2012-04-04 07:15,C0|S|MKT|15|v0.3.0-tier0|SPY,109.24,100,10924,17,0.16,0,32,0.29,0,0.00,-385,-0.38,2
453,Exit long,2012-04-05 07:30,TX30,109.09,100,10899,10,0.09,0,22,0.20,-1,-0.01,-375,-0.37,2
453,Entry long,2012-04-05 07:00,C0|L|MKT|15|v0.3.0-tier0|SPY,108.99,100,10899,10,0.09,0,22,0.20,-1,-0.01,-375,-0.37,2
454,Exit long,2012-04-09 08:00,TX30,107.89,100,10789,0,0.00,0,4,0.04,-13,-0.12,-375,-0.37,2
454,Entry long,2012-04-09 07:30,C0|L|MKT|15|v0.3.0-tier0|SPY,107.89,100,10789,0,0.00,0,4,0.04,-13,-0.12,-375,-0.37,2
455,Exit short,2012-04-10 07:45,TX30,107.49,100,10752,3,0.03,0,17,0.16,-5,-0.05,-372,-0.37,2
455,Entry short,2012-04-10 07:15,C0|S|MKT|15|v0.3.0-tier0|SPY,107.52,100,10752,3,0.03,0,17,0.16,-5,-0.05,-372,-0.37,2
456,Exit long,2012-04-12 07:30,TX30,107.52,100,10754,-2,-0.02,0,7,0.07,-12,-0.11,-374,-0.37,2
456,Entry long,2012-04-12 07:00,C0|L|MKT|15|v0.3.0-tier0|SPY,107.54,100,10754,-2,-0.02,0,7,0.07,-12,-0.11,-374,-0.37,2
457,Exit short,2012-04-13 07:30,TX30,107.44,100,10760,16,0.15,0,30,0.28,-15,-0.14,-358,-0.36,2
457,Entry short,2012-04-13 07:00,C0|S|MKT|15|v0.3.0-tier0|SPY,107.6,100,10760,16,0.15,0,30,0.28,-15,-0.14,-358,-0.36,2
458,Exit short,2012-04-16 07:30,TX30,106.83,100,10710,27,0.25,0,52,0.49,-4,-0.04,-331,-0.33,2
458,Entry short,2012-04-16 07:00,C0|S|MKT|15|v0.3.0-tier0|SPY,107.1,100,10710,27,0.25,0,52,0.49,-4,-0.04,-331,-0.33,2
459,Exit long,2012-04-17 08:00,TX30,108.14,100,10795,19,0.18,0,24,0.22,-3,-0.03,-312,-0.31,2
459,Entry long,2012-04-17 07:30,C0|L|MKT|15|v0.3.0-tier0|SPY,107.95,100,10795,19,0.18,0,24,0.22,-3,-0.03,-312,-0.31,2
460,Exit long,2012-04-18 07:30,TX30,108.25,100,10836,-11,-0.10,0,8,0.07,-13,-0.12,-323,-0.32,2
460,Entry long,2012-04-18 07:00,C0|L|MKT|15|v0.3.0-tier0|SPY,108.36,100,10836,-11,-0.10,0,8,0.07,-13,-0.12,-323,-0.32,2
461,Exit long,2012-04-19 07:30,TX30,107.98,100,10830,-32,-0.30,0,0,0.00,-64,-0.59,-355,-0.36,2
461,Entry long,2012-04-19 07:00,C0|L|MKT|15|v0.3.0-tier0|SPY,108.3,100,10830,-32,-0.30,0,0,0.00,-64,-0.59,-355,-0.36,2
462,Exit long,2012-04-20 07:30,TX30,108.09,100,10809,0,0.00,0,8,0.07,-25,-0.23,-355,-0.36,2
462,Entry long,2012-04-20 07:00,C0|L|MKT|15|v0.3.0-tier0|SPY,108.09,100,10809,0,0.00,0,8,0.07,-25,-0.23,-355,-0.36,2
463,Exit short,2012-04-23 07:45,TX30,106.3,100,10624,-6,-0.06,0,16,0.15,-9,-0.08,-361,-0.36,2
463,Entry short,2012-04-23 07:15,C0|S|MKT|15|v0.3.0-tier0|SPY,106.24,100,10624,-6,-0.06,0,16,0.15,-9,-0.08,-361,-0.36,2
464,Exit long,2012-04-24 07:45,TX30,107.29,100,10721,8,0.07,0,10,0.09,-7,-0.07,-353,-0.35,2
464,Entry long,2012-04-24 07:15,C0|L|MKT|15|v0.3.0-tier0|SPY,107.21,100,10721,8,0.07,0,10,0.09,-7,-0.07,-353,-0.35,2
465,Exit long,2012-04-25 07:30,TX30,108.34,100,10851,-17,-0.16,0,2,0.02,-26,-0.24,-370,-0.37,2
465,Entry long,2012-04-25 07:00,C0|L|MKT|15|v0.3.0-tier0|SPY,108.51,100,10851,-17,-0.16,0,2,0.02,-26,-0.24,-370,-0.37,2
466,Exit long,2012-04-26 07:45,TX30,108.73,100,10869,4,0.04,0,7,0.06,-17,-0.16,-366,-0.37,2
466,Entry long,2012-04-26 07:15,C0|L|MKT|15|v0.3.0-tier0|SPY,108.69,100,10869,4,0.04,0,7,0.06,-17,-0.16,-366,-0.37,2
467,Exit short,2012-04-27 07:30,TX30,109.29,100,10941,12,0.11,0,31,0.28,-1,-0.01,-354,-0.35,2
467,Entry short,2012-04-27 07:00,C0|S|MKT|15|v0.3.0-tier0|SPY,109.41,100,10941,12,0.11,0,31,0.28,-1,-0.01,-354,-0.35,2
468,Exit short,2012-04-30 07:30,TX30,109.14,100,10903,-11,-0.10,0,7,0.06,-26,-0.24,-365,-0.36,2
468,Entry short,2012-04-30 07:00,C0|S|MKT|15|v0.3.0-tier0|SPY,109.03,100,10903,-11,-0.10,0,7,0.06,-26,-0.24,-365,-0.36,2
469,Exit short,2012-05-01 07:30,TX30,110.12,100,10902,-110,-1.01,0,1,0.01,-112,-1.03,-475,-0.47,2
469,Entry short,2012-05-01 07:00,C0|S|MKT|15|v0.3.0-tier0|SPY,109.02,100,10902,-110,-1.01,0,1,0.01,-112,-1.03,-475,-0.47,2
470,Exit short,2012-05-02 07:45,TX30,109.16,100,10901,-15,-0.14,0,18,0.17,-15,-0.14,-490,-0.49,2
470,Entry short,2012-05-02 07:15,C0|S|MKT|15|v0.3.0-tier0|SPY,109.01,100,10901,-15,-0.14,0,18,0.17,-15,-0.14,-490,-0.49,2
471,Exit short,2012-05-03 07:45,TX30,109.22,100,10914,-8,-0.07,0,18,0.16,-14,-0.13,-498,-0.50,2
471,Entry short,2012-05-03 07:15,C0|S|MKT|15|v0.3.0-tier0|SPY,109.14,100,10914,-8,-0.07,0,18,0.16,-14,-0.13,-498,-0.50,2
472,Exit short,2012-05-04 07:30,TX30,107.57,100,10774,17,0.16,0,27,0.25,-2,-0.02,-481,-0.48,2
472,Entry short,2012-05-04 07:00,C0|S|MKT|15|v0.3.0-tier0|SPY,107.74,100,10774,17,0.16,0,27,0.25,-2,-0.02,-481,-0.48,2
473,Exit short,2012-05-08 07:45,TX30,105.69,100,10596,27,0.25,0,37,0.35,-15,-0.14,-454,-0.45,2
473,Entry short,2012-05-08 07:15,C0|S|MKT|15|v0.3.0-tier0|SPY,105.96,100,10596,27,0.25,0,37,0.35,-15,-0.14,-454,-0.45,2
474,Exit short,2012-05-09 08:00,TX30,105.49,100,10498,-51,-0.49,0,0,0.00,-64,-0.61,-505,-0.50,2
474,Entry short,2012-05-09 07:30,C0|S|MKT|15|v0.3.0-tier0|SPY,104.98,100,10498,-51,-0.49,0,0,0.00,-64,-0.61,-505,-0.50,2
475,Exit short,2012-05-10 08:00,TX30,106.22,100,10630,8,0.08,0,24,0.23,-16,-0.15,-497,-0.50,2
475,Entry short,2012-05-10 07:30,C0|S|MKT|15|v0.3.0-tier0|SPY,106.3,100,10630,8,0.08,0,24,0.23,-16,-0.15,-497,-0.50,2
476,Exit long,2012-05-11 07:30,TX30,106.32,100,10589,43,0.41,0,52,0.49,0,0.00,-454,-0.45,2
476,Entry long,2012-05-11 07:00,C0|L|MKT|15|v0.3.0-tier0|SPY,105.89,100,10589,43,0.41,0,52,0.49,0,0.00,-454,-0.45,2
477,Exit short,2012-05-14 07:45,TX30,104.8,100,10458,-22,-0.21,0,9,0.09,-26,-0.25,-476,-0.48,2
477,Entry short,2012-05-14 07:15,C0|S|MKT|15|v0.3.0-tier0|SPY,104.58,100,10458,-22,-0.21,0,9,0.09,-26,-0.25,-476,-0.48,2
478,Exit long,2012-05-15 08:00,TX30,104.84,100,10510,-26,-0.25,0,0,0.00,-30,-0.29,-502,-0.50,2
478,Entry long,2012-05-15 07:30,C0|L|MKT|15|v0.3.0-tier0|SPY,105.1,100,10510,-26,-0.25,0,0,0.00,-30,-0.29,-502,-0.50,2
479,Exit long,2012-05-16 07:30,TX30,104.8,100,10484,-4,-0.04,0,14,0.13,-16,-0.15,-506,-0.51,2
479,Entry long,2012-05-16 07:00,C0|L|MKT|15|v0.3.0-tier0|SPY,104.84,100,10484,-4,-0.04,0,14,0.13,-16,-0.15,-506,-0.51,2
480,Exit long,2012-05-21 08:00,TX30,102.49,100,10216,33,0.32,0,42,0.41,0,0.00,-473,-0.47,2
480,Entry long,2012-05-21 07:30,C0|L|MKT|15|v0.3.0-tier0|SPY,102.16,100,10216,33,0.32,0,42,0.41,0,0.00,-473,-0.47,2
481,Exit long,2012-05-22 07:45,TX30,103.8,100,10365,15,0.14,0,24,0.23,0,0.00,-458,-0.46,2
481,Entry long,2012-05-22 07:15,C0|L|MKT|15|v0.3.0-tier0|SPY,103.65,100,10365,15,0.14,0,24,0.23,0,0.00,-458,-0.46,2
482,Exit short,2012-05-23 08:00,TX30,101.74,100,10203,29,0.28,0,45,0.44,-3,-0.03,-429,-0.43,2
482,Entry short,2012-05-23 07:30,C0|S|MKT|15|v0.3.0-tier0|SPY,102.03,100,10203,29,0.28,0,45,0.44,-3,-0.03,-429,-0.43,2
483,Exit short,2012-05-24 07:30,TX30,103.3,100,10313,-17,-0.16,0,14,0.14,-21,-0.20,-446,-0.45,2
483,Entry short,2012-05-24 07:00,C0|S|MKT|15|v0.3.0-tier0|SPY,103.13,100,10313,-17,-0.16,0,14,0.14,-21,-0.20,-446,-0.45,2
484,Exit long,2012-05-29 07:30,TX30,104.37,100,10406,31,0.30,0,35,0.34,-23,-0.22,-415,-0.41,2
484,Entry long,2012-05-29 07:00,C0|L|MKT|15|v0.3.0-tier0|SPY,104.06,100,10406,31,0.30,0,35,0.34,-23,-0.22,-415,-0.41,2
485,Exit short,2012-05-31 07:30,TX30,102.14,100,10219,5,0.05,0,30,0.29,-8,-0.08,-410,-0.41,2
485,Entry short,2012-05-31 07:00,C0|S|MKT|15|v0.3.0-tier0|SPY,102.19,100,10219,5,0.05,0,30,0.29,-8,-0.08,-410,-0.41,2
486,Exit short,2012-06-01 07:30,TX30,100.78,100,10093,15,0.15,0,23,0.23,-32,-0.32,-395,-0.39,2
486,Entry short,2012-06-01 07:00,C0|S|MKT|15|v0.3.0-tier0|SPY,100.93,100,10093,15,0.15,0,23,0.23,-32,-0.32,-395,-0.39,2
487,Exit short,2012-06-04 07:30,TX30,99.93,100,9987,-6,-0.06,0,34,0.34,-17,-0.17,-401,-0.40,2
487,Entry short,2012-06-04 07:00,C0|S|MKT|15|v0.3.0-tier0|SPY,99.87,100,9987,-6,-0.06,0,34,0.34,-17,-0.17,-401,-0.40,2
488,Exit long,2012-06-05 07:30,TX30,100.56,100,10019,37,0.37,0,49,0.49,0,0.00,-364,-0.36,2
488,Entry long,2012-06-05 07:00,C0|L|MKT|15|v0.3.0-tier0|SPY,100.19,100,10019,37,0.37,0,49,0.49,0,0.00,-364,-0.36,2
489,Exit long,2012-06-06 07:30,TX30,101.91,100,10196,-5,-0.05,0,16,0.16,-8,-0.08,-369,-0.37,2
489,Entry long,2012-06-06 07:00,C0|L|MKT|15|v0.3.0-tier0|SPY,101.96,100,10196,-5,-0.05,0,16,0.16,-8,-0.08,-369,-0.37,2
490,Exit short,2012-06-07 07:45,TX30,103.42,100,10358,16,0.15,0,21,0.20,-20,-0.19,-353,-0.35,2
490,Entry short,2012-06-07 07:15,C0|S|MKT|15|v0.3.0-tier0|SPY,103.58,100,10358,16,0.15,0,21,0.20,-20,-0.19,-353,-0.35,2
491,Exit long,2012-06-08 08:00,TX30,103.22,100,10285,37,0.36,0,39,0.38,-4,-0.04,-316,-0.32,2
491,Entry long,2012-06-08 07:30,C0|L|MKT|15|v0.3.0-tier0|SPY,102.85,100,10285,37,0.36,0,39,0.38,-4,-0.04,-316,-0.32,2
492,Exit short,2012-06-11 07:30,TX30,103.8,100,10398,18,0.17,0,29,0.28,-17,-0.16,-298,-0.30,2
492,Entry short,2012-06-11 07:00,C0|S|MKT|15|v0.3.0-tier0|SPY,103.98,100,10398,18,0.17,0,29,0.28,-17,-0.16,-298,-0.30,2
493,Exit short,2012-06-12 07:45,TX30,102.63,100,10249,-14,-0.14,0,14,0.14,-21,-0.20,-312,-0.31,2
493,Entry short,2012-06-12 07:15,C0|S|MKT|15|v0.3.0-tier0|SPY,102.49,100,10249,-14,-0.14,0,14,0.14,-21,-0.20,-312,-0.31,2
494,Exit long,2012-06-13 07:45,TX30,103.96,100,10356,40,0.39,0,40,0.39,-10,-0.10,-272,-0.27,2
494,Entry long,2012-06-13 07:15,C0|L|MKT|15|v0.3.0-tier0|SPY,103.56,100,10356,40,0.39,0,40,0.39,-10,-0.10,-272,-0.27,2
495,Exit long,2012-06-14 07:30,TX30,103.61,100,10356,5,0.05,0,18,0.17,-3,-0.03,-267,-0.27,2
495,Entry long,2012-06-14 07:00,C0|L|MKT|15|v0.3.0-tier0|SPY,103.56,100,10356,5,0.05,0,18,0.17,-3,-0.03,-267,-0.27,2
496,Exit long,2012-06-15 07:45,TX30,104.63,100,10474,-11,-0.11,0,3,0.03,-19,-0.18,-278,-0.28,2
496,Entry long,2012-06-15 07:15,C0|L|MKT|15|v0.3.0-tier0|SPY,104.74,100,10474,-11,-0.11,0,3,0.03,-19,-0.18,-278,-0.28,2
497,Exit long,2012-06-18 07:45,TX30,105.29,100,10507,22,0.21,0,29,0.28,-5,-0.05,-256,-0.26,2
497,Entry long,2012-06-18 07:15,C0|L|MKT|15|v0.3.0-tier0|SPY,105.07,100,10507,22,0.21,0,29,0.28,-5,-0.05,-256,-0.26,2
498,Exit long,2012-06-19 07:30,TX30,106.41,100,10622,19,0.18,0,23,0.22,-4,-0.04,-237,-0.24,2
498,Entry long,2012-06-19 07:00,C0|L|MKT|15|v0.3.0-tier0|SPY,106.22,100,10622,19,0.18,0,23,0.22,-4,-0.04,-237,-0.24,2
499,Exit short,2012-06-21 07:45,TX30,105.9,100,10587,-3,-0.03,0,18,0.17,-7,-0.07,-240,-0.24,2
499,Entry short,2012-06-21 07:15,C0|S|MKT|15|v0.3.0-tier0|SPY,105.87,100,10587,-3,-0.03,0,18,0.17,-7,-0.07,-240,-0.24,2
500,Exit short,2012-06-25 08:00,TX30,103.03,100,10296,-7,-0.07,0,5,0.05,-16,-0.16,-247,-0.25,2
500,Entry short,2012-06-25 07:30,C0|S|MKT|15|v0.3.0-tier0|SPY,102.96,100,10296,-7,-0.07,0,5,0.05,-16,-0.16,-247,-0.25,2
501,Exit short,2012-06-26 08:00,TX30,103.04,100,10304,0,0.00,0,18,0.17,-11,-0.11,-247,-0.25,2
501,Entry short,2012-06-26 07:30,C0|S|MKT|15|v0.3.0-tier0|SPY,103.04,100,10304,0,0.00,0,18,0.17,-11,-0.11,-247,-0.25,2
502,Exit long,2012-06-27 07:45,TX30,104.27,100,10440,-13,-0.12,0,6,0.06,-21,-0.20,-260,-0.26,2
502,Entry long,2012-06-27 07:15,C0|L|MKT|15|v0.3.0-tier0|SPY,104.4,100,10440,-13,-0.12,0,6,0.06,-21,-0.20,-260,-0.26,2
503,Exit long,2012-06-29 08:00,TX30,106.19,100,10628,-9,-0.08,0,2,0.02,-19,-0.18,-269,-0.27,2
503,Entry long,2012-06-29 07:30,C0|L|MKT|15|v0.3.0-tier0|SPY,106.28,100,10628,-9,-0.08,0,2,0.02,-19,-0.18,-269,-0.27,2
504,Exit short,2012-07-02 07:45,TX30,106.44,100,10656,12,0.11,0,21,0.20,-20,-0.19,-257,-0.26,2
504,Entry short,2012-07-02 07:15,C0|S|MKT|15|v0.3.0-tier0|SPY,106.56,100,10656,12,0.11,0,21,0.20,-20,-0.19,-257,-0.26,2
505,Exit long,2012-07-03 07:30,TX30,107.4,100,10730,10,0.09,0,18,0.17,-1,-0.01,-247,-0.25,2
505,Entry long,2012-07-03 07:00,C0|L|MKT|15|v0.3.0-tier0|SPY,107.3,100,10730,10,0.09,0,18,0.17,-1,-0.01,-247,-0.25,2
506,Exit short,2012-07-05 07:30,TX30,107.14,100,10715,1,0.01,0,25,0.23,-6,-0.06,-246,-0.25,2
506,Entry short,2012-07-05 07:00,C0|S|MKT|15|v0.3.0-tier0|SPY,107.15,100,10715,1,0.01,0,25,0.23,-6,-0.06,-246,-0.25,2
507,Exit short,2012-07-06 07:45,TX30,106.23,100,10621,-2,-0.02,0,9,0.08,-17,-0.16,-248,-0.25,2
507,Entry short,2012-07-06 07:15,C0|S|MKT|15|v0.3.0-tier0|SPY,106.21,100,10621,-2,-0.02,0,9,0.08,-17,-0.16,-248,-0.25,2
508,Exit short,2012-07-09 07:30,TX30,105.83,100,10591,8,0.08,0,20,0.19,-8,-0.08,-240,-0.24,2
508,Entry short,2012-07-09 07:00,C0|S|MKT|15|v0.3.0-tier0|SPY,105.91,100,10591,8,0.08,0,20,0.19,-8,-0.08,-240,-0.24,2
509,Exit short,2012-07-10 07:30,TX30,106.3,100,10658,28,0.26,0,44,0.41,-11,-0.10,-212,-0.21,2
509,Entry short,2012-07-10 07:00,C0|S|MKT|15|v0.3.0-tier0|SPY,106.58,100,10658,28,0.26,0,44,0.41,-11,-0.10,-212,-0.21,2
510,Exit long,2012-07-11 07:30,TX30,105.31,100,10536,-5,-0.05,0,22,0.21,-10,-0.09,-217,-0.22,2
510,Entry long,2012-07-11 07:00,C0|L|MKT|15|v0.3.0-tier0|SPY,105.36,100,10536,-5,-0.05,0,22,0.21,-10,-0.09,-217,-0.22,2
511,Exit long,2012-07-13 07:30,TX30,105.91,100,10576,15,0.14,0,40,0.38,-5,-0.05,-202,-0.20,2
511,Entry long,2012-07-13 07:00,C0|L|MKT|15|v0.3.0-tier0|SPY,105.76,100,10576,15,0.14,0,40,0.38,-5,-0.05,-202,-0.20,2
512,Exit short,2012-07-16 07:30,TX30,106.12,100,10590,-22,-0.21,0,9,0.08,-24,-0.23,-224,-0.22,2
512,Entry short,2012-07-16 07:00,C0|S|MKT|15|v0.3.0-tier0|SPY,105.9,100,10590,-22,-0.21,0,9,0.08,-24,-0.23,-224,-0.22,2
513,Exit short,2012-07-17 07:30,TX30,106.12,100,10649,37,0.35,0,56,0.53,-2,-0.02,-187,-0.19,2
513,Entry short,2012-07-17 07:00,C0|S|MKT|15|v0.3.0-tier0|SPY,106.49,100,10649,37,0.35,0,56,0.53,-2,-0.02,-187,-0.19,2
514,Exit long,2012-07-18 07:30,TX30,107.37,100,10730,7,0.07,0,24,0.22,-2,-0.02,-180,-0.18,2
514,Entry long,2012-07-18 07:00,C0|L|MKT|15|v0.3.0-tier0|SPY,107.3,100,10730,7,0.07,0,24,0.22,-2,-0.02,-180,-0.18,2
515,Exit short,2012-07-19 07:45,TX30,107.87,100,10772,-15,-0.14,0,5,0.05,-23,-0.21,-195,-0.19,2
515,Entry short,2012-07-19 07:15,C0|S|MKT|15|v0.3.0-tier0|SPY,107.72,100,10772,-15,-0.14,0,5,0.05,-23,-0.21,-195,-0.19,2
516,Exit short,2012-07-23 07:45,TX30,105.47,100,10507,-40,-0.38,0,6,0.06,-41,-0.39,-235,-0.23,2
516,Entry short,2012-07-23 07:15,C0|S|MKT|15|v0.3.0-tier0|SPY,105.07,100,10507,-40,-0.38,0,6,0.06,-41,-0.39,-235,-0.23,2
517,Exit short,2012-07-24 07:30,TX30,105.34,100,10562,28,0.27,0,37,0.35,-13,-0.12,-207,-0.21,2
517,Entry short,2012-07-24 07:00,C0|S|MKT|15|v0.3.0-tier0|SPY,105.62,100,10562,28,0.27,0,37,0.35,-13,-0.12,-207,-0.21,2
518,Exit short,2012-07-25 07:30,TX30,104.99,100,10515,16,0.15,0,30,0.29,-1,-0.01,-191,-0.19,2
518,Entry short,2012-07-25 07:00,C0|S|MKT|15|v0.3.0-tier0|SPY,105.15,100,10515,16,0.15,0,30,0.29,-1,-0.01,-191,-0.19,2
519,Exit long,2012-07-27 07:30,TX30,107.52,100,10757,-5,-0.05,0,15,0.14,-9,-0.08,-196,-0.20,2
519,Entry long,2012-07-27 07:00,C0|L|MKT|15|v0.3.0-tier0|SPY,107.57,100,10757,-5,-0.05,0,15,0.14,-9,-0.08,-196,-0.20,2
520,Exit long,2012-07-30 07:30,TX30,109.19,100,10900,19,0.17,0,29,0.27,-8,-0.07,-177,-0.18,2
520,Entry long,2012-07-30 07:00,C0|L|MKT|15|v0.3.0-tier0|SPY,109,100,10900,19,0.17,0,29,0.27,-8,-0.07,-177,-0.18,2
521,Exit short,2012-08-01 07:45,TX30,108.52,100,10839,-13,-0.12,0,16,0.15,-24,-0.22,-190,-0.19,2
521,Entry short,2012-08-01 07:15,C0|S|MKT|15|v0.3.0-tier0|SPY,108.39,100,10839,-13,-0.12,0,16,0.15,-24,-0.22,-190,-0.19,2
522,Exit long,2012-08-02 07:30,TX30,107.86,100,10749,37,0.34,0,41,0.38,-22,-0.20,-153,-0.15,2
522,Entry long,2012-08-02 07:00,C0|L|MKT|15|v0.3.0-tier0|SPY,107.49,100,10749,37,0.34,0,41,0.38,-22,-0.20,-153,-0.15,2
523,Exit long,2012-08-03 07:30,TX30,109.33,100,10903,30,0.28,0,33,0.30,0,0.00,-123,-0.12,2
523,Entry long,2012-08-03 07:00,C0|L|MKT|15|v0.3.0-tier0|SPY,109.03,100,10903,30,0.28,0,33,0.30,0,0.00,-123,-0.12,2
524,Exit long,2012-08-06 07:30,TX30,109.85,100,10980,5,0.05,0,11,0.10,-8,-0.07,-118,-0.12,2
524,Entry long,2012-08-06 07:00,C0|L|MKT|15|v0.3.0-tier0|SPY,109.8,100,10980,5,0.05,0,11,0.10,-8,-0.07,-118,-0.12,2
525,Exit long,2012-08-07 07:30,TX30,110.25,100,11015,10,0.09,0,17,0.15,-7,-0.06,-108,-0.11,2
525,Entry long,2012-08-07 07:00,C0|L|MKT|15|v0.3.0-tier0|SPY,110.15,100,11015,10,0.09,0,17,0.15,-7,-0.06,-108,-0.11,2
526,Exit long,2012-08-08 07:45,TX30,109.81,100,10994,-13,-0.12,0,6,0.05,-14,-0.13,-121,-0.12,2
526,Entry long,2012-08-08 07:15,C0|L|MKT|15|v0.3.0-tier0|SPY,109.94,100,10994,-13,-0.12,0,6,0.05,-14,-0.13,-121,-0.12,2
527,Exit long,2012-08-10 07:45,TX30,110.14,100,11009,5,0.05,0,11,0.10,-9,-0.08,-116,-0.12,2
527,Entry long,2012-08-10 07:15,C0|L|MKT|15|v0.3.0-tier0|SPY,110.09,100,11009,5,0.05,0,11,0.10,-9,-0.08,-116,-0.12,2
528,Exit short,2012-08-13 08:00,TX30,109.99,100,11012,13,0.12,0,14,0.13,0,0.00,-103,-0.10,2
528,Entry short,2012-08-13 07:30,C0|S|MKT|15|v0.3.0-tier0|SPY,110.12,100,11012,13,0.12,0,14,0.13,0,0.00,-103,-0.10,2
529,Exit long,2012-08-15 07:30,TX30,110.54,100,11057,-3,-0.03,0,9,0.08,-8,-0.07,-106,-0.11,2
529,Entry long,2012-08-15 07:00,C0|L|MKT|15|v0.3.0-tier0|SPY,110.57,100,11057,-3,-0.03,0,9,0.08,-8,-0.07,-106,-0.11,2
530,Exit short,2012-08-20 07:30,TX30,111.17,100,11124,7,0.06,0,18,0.16,-5,-0.04,-99,-0.10,2
530,Entry short,2012-08-20 07:00,C0|S|MKT|15|v0.3.0-tier0|SPY,111.24,100,11124,7,0.06,0,18,0.16,-5,-0.04,-99,-0.10,2
531,Exit long,2012-08-21 07:30,TX30,112.12,100,11196,16,0.14,0,16,0.14,0,0.00,-83,-0.08,2
531,Entry long,2012-08-21 07:00,C0|L|MKT|15|v0.3.0-tier0|SPY,111.96,100,11196,16,0.14,0,16,0.14,0,0.00,-83,-0.08,2
532,Exit long,2012-08-22 07:30,TX30,111.13,100,11107,6,0.05,0,7,0.06,-11,-0.10,-77,-0.08,2
532,Entry long,2012-08-22 07:00,C0|L|MKT|15|v0.3.0-tier0|SPY,111.07,100,11107,6,0.05,0,7,0.06,-11,-0.10,-77,-0.08,2
533,Exit short,2012-08-23 07:30,TX30,110.64,100,11058,-6,-0.05,0,14,0.13,-15,-0.14,-83,-0.08,2
533,Entry short,2012-08-23 07:00,C0|S|MKT|15|v0.3.0-tier0|SPY,110.58,100,11058,-6,-0.05,0,14,0.13,-15,-0.14,-83,-0.08,2
534,Exit short,2012-08-27 07:30,TX30,111.02,100,11093,-9,-0.08,0,4,0.04,-14,-0.13,-92,-0.09,2
534,Entry short,2012-08-27 07:00,C0|S|MKT|15|v0.3.0-tier0|SPY,110.93,100,11093,-9,-0.08,0,4,0.04,-14,-0.13,-92,-0.09,2
535,Exit long,2012-08-28 08:00,TX30,110.95,100,11114,-19,-0.17,0,11,0.10,-24,-0.22,-111,-0.11,2
535,Entry long,2012-08-28 07:30,C0|L|MKT|15|v0.3.0-tier0|SPY,111.14,100,11114,-19,-0.17,0,11,0.10,-24,-0.22,-111,-0.11,2
536,Exit short,2012-08-29 07:30,TX30,111.02,100,11089,-13,-0.12,0,4,0.04,-19,-0.17,-124,-0.12,2
536,Entry short,2012-08-29 07:00,C0|S|MKT|15|v0.3.0-tier0|SPY,110.89,100,11089,-13,-0.12,0,4,0.04,-19,-0.17,-124,-0.12,2
537,Exit short,2012-08-30 08:00,TX30,110.11,100,11016,5,0.05,0,19,0.17,-4,-0.04,-119,-0.12,2
537,Entry short,2012-08-30 07:30,C0|S|MKT|15|v0.3.0-tier0|SPY,110.16,100,11016,5,0.05,0,19,0.17,-4,-0.04,-119,-0.12,2
538,Exit short,2012-08-31 07:45,TX30,110.78,100,11044,-34,-0.31,0,7,0.06,-49,-0.44,-153,-0.15,2
538,Entry short,2012-08-31 07:15,C0|S|MKT|15|v0.3.0-tier0|SPY,110.44,100,11044,-34,-0.31,0,7,0.06,-49,-0.44,-153,-0.15,2
539,Exit short,2012-09-04 07:45,TX30,110.12,100,11017,5,0.05,0,15,0.14,-10,-0.09,-148,-0.15,2
539,Entry short,2012-09-04 07:15,C0|S|MKT|15|v0.3.0-tier0|SPY,110.17,100,11017,5,0.05,0,15,0.14,-10,-0.09,-148,-0.15,2
540,Exit long,2012-09-05 08:00,TX30,110.51,100,11085,-34,-0.31,0,11,0.10,-35,-0.32,-182,-0.18,2
540,Entry long,2012-09-05 07:30,C0|L|MKT|15|v0.3.0-tier0|SPY,110.85,100,11085,-34,-0.31,0,11,0.10,-35,-0.32,-182,-0.18,2
541,Exit long,2012-09-06 07:45,TX30,112.37,100,11202,35,0.31,0,43,0.38,0,0.00,-147,-0.15,2
541,Entry long,2012-09-06 07:15,C0|L|MKT|15|v0.3.0-tier0|SPY,112.02,100,11202,35,0.31,0,43,0.38,0,0.00,-147,-0.15,2
542,Exit long,2012-09-10 08:00,TX30,113.14,100,11324,-10,-0.09,0,2,0.02,-14,-0.12,-157,-0.16,2
542,Entry long,2012-09-10 07:30,C0|L|MKT|15|v0.3.0-tier0|SPY,113.24,100,11324,-10,-0.09,0,2,0.02,-14,-0.12,-157,-0.16,2
543,Exit long,2012-09-11 07:30,TX30,112.92,100,11296,-4,-0.04,0,4,0.04,-9,-0.08,-161,-0.16,2
543,Entry long,2012-09-11 07:00,C0|L|MKT|15|v0.3.0-tier0|SPY,112.96,100,11296,-4,-0.04,0,4,0.04,-9,-0.08,-161,-0.16,2
544,Exit short,2012-09-12 08:00,TX30,113.09,100,11311,2,0.02,0,20,0.18,-2,-0.02,-159,-0.16,2
544,Entry short,2012-09-12 07:30,C0|S|MKT|15|v0.3.0-tier0|SPY,113.11,100,11311,2,0.02,0,20,0.18,-2,-0.02,-159,-0.16,2
545,Exit long,2012-09-14 07:45,TX30,115.76,100,11598,-22,-0.19,0,19,0.16,-22,-0.19,-181,-0.18,2
545,Entry long,2012-09-14 07:15,C0|L|MKT|15|v0.3.0-tier0|SPY,115.98,100,11598,-22,-0.19,0,19,0.16,-22,-0.19,-181,-0.18,2
546,Exit long,2012-09-19 07:45,TX30,115.03,100,11522,-19,-0.16,0,4,0.03,-33,-0.29,-200,-0.20,2
546,Entry long,2012-09-19 07:15,C0|L|MKT|15|v0.3.0-tier0|SPY,115.22,100,11522,-19,-0.16,0,4,0.03,-33,-0.29,-200,-0.20,2
547,Exit short,2012-09-20 07:30,TX30,114.57,100,11431,-26,-0.23,0,2,0.02,-33,-0.29,-226,-0.23,2
547,Entry short,2012-09-20 07:00,C0|S|MKT|15|v0.3.0-tier0|SPY,114.31,100,11431,-26,-0.23,0,2,0.02,-33,-0.29,-226,-0.23,2
548,Exit short,2012-09-25 07:30,TX30,115.11,100,11499,-12,-0.10,0,0,0.00,-29,-0.25,-238,-0.24,2
548,Entry short,2012-09-25 07:00,C0|S|MKT|15|v0.3.0-tier0|SPY,114.99,100,11499,-12,-0.10,0,0,0.00,-29,-0.25,-238,-0.24,2
549,Exit short,2012-09-26 07:45,TX30,112.92,100,11328,36,0.32,0,55,0.49,-2,-0.02,-202,-0.20,2
549,Entry short,2012-09-26 07:15,C0|S|MKT|15|v0.3.0-tier0|SPY,113.28,100,11328,36,0.32,0,55,0.49,-2,-0.02,-202,-0.20,2
550,Exit short,2012-09-27 07:30,TX30,113.3,100,11331,1,0.01,0,14,0.12,-8,-0.07,-201,-0.20,2
550,Entry short,2012-09-27 07:00,C0|S|MKT|15|v0.3.0-tier0|SPY,113.31,100,11331,1,0.01,0,14,0.12,-8,-0.07,-201,-0.20,2
551,Exit short,2012-09-28 07:30,TX30,113.22,100,11328,6,0.05,0,15,0.13,-21,-0.19,-195,-0.19,2
551,Entry short,2012-09-28 07:00,C0|S|MKT|15|v0.3.0-tier0|SPY,113.28,100,11328,6,0.05,0,15,0.13,-21,-0.19,-195,-0.19,2
552,Exit long,2012-10-01 07:45,TX30,114.62,100,11476,-14,-0.12,0,5,0.04,-21,-0.18,-209,-0.21,2
552,Entry long,2012-10-01 07:15,C0|L|MKT|15|v0.3.0-tier0|SPY,114.76,100,11476,-14,-0.12,0,5,0.04,-21,-0.18,-209,-0.21,2
553,Exit short,2012-10-02 07:45,TX30,114.14,100,11397,-17,-0.15,0,6,0.05,-32,-0.28,-226,-0.23,2
553,Entry short,2012-10-02 07:15,C0|S|MKT|15|v0.3.0-tier0|SPY,113.97,100,11397,-17,-0.15,0,6,0.05,-32,-0.28,-226,-0.23,2
554,Exit short,2012-10-03 07:30,TX30,114.25,100,11389,-36,-0.32,0,24,0.21,-40,-0.35,-262,-0.26,2
554,Entry short,2012-10-03 07:00,C0|S|MKT|15|v0.3.0-tier0|SPY,113.89,100,11389,-36,-0.32,0,24,0.21,-40,-0.35,-262,-0.26,2
555,Exit long,2012-10-04 07:45,TX30,115.15,100,11530,-15,-0.13,0,5,0.04,-15,-0.13,-277,-0.28,2
555,Entry long,2012-10-04 07:15,C0|L|MKT|15|v0.3.0-tier0|SPY,115.3,100,11530,-15,-0.13,0,5,0.04,-15,-0.13,-277,-0.28,2
556,Exit long,2012-10-05 08:00,TX30,115.81,100,11597,-16,-0.14,0,7,0.06,-24,-0.21,-293,-0.29,2
556,Entry long,2012-10-05 07:30,C0|L|MKT|15|v0.3.0-tier0|SPY,115.97,100,11597,-16,-0.14,0,7,0.06,-24,-0.21,-293,-0.29,2
557,Exit long,2012-10-08 07:45,TX30,114.95,100,11485,10,0.09,0,12,0.10,-21,-0.18,-283,-0.28,2
557,Entry long,2012-10-08 07:15,C0|L|MKT|15|v0.3.0-tier0|SPY,114.85,100,11485,10,0.09,0,12,0.10,-21,-0.18,-283,-0.28,2
558,Exit short,2012-10-09 07:30,TX30,114.62,100,11458,-4,-0.03,0,1,0.01,-22,-0.19,-287,-0.29,2
558,Entry short,2012-10-09 07:00,C0|S|MKT|15|v0.3.0-tier0|SPY,114.58,100,11458,-4,-0.03,0,1,0.01,-22,-0.19,-287,-0.29,2
559,Exit short,2012-10-11 07:30,TX30,113.73,100,11361,-12,-0.11,0,7,0.06,-19,-0.17,-299,-0.30,2
559,Entry short,2012-10-11 07:00,C0|S|MKT|15|v0.3.0-tier0|SPY,113.61,100,11361,-12,-0.11,0,7,0.06,-19,-0.17,-299,-0.30,2
560,Exit long,2012-10-12 07:30,TX30,113.16,100,11337,-21,-0.19,0,14,0.12,-27,-0.24,-320,-0.32,2
560,Entry long,2012-10-12 07:00,C0|L|MKT|15|v0.3.0-tier0|SPY,113.37,100,11337,-21,-0.19,0,14,0.12,-27,-0.24,-320,-0.32,2
561,Exit short,2012-10-15 07:45,TX30,112.8,100,11268,-12,-0.11,0,9,0.08,-14,-0.12,-332,-0.33,2
561,Entry short,2012-10-15 07:15,C0|S|MKT|15|v0.3.0-tier0|SPY,112.68,100,11268,-12,-0.11,0,9,0.08,-14,-0.12,-332,-0.33,2
562,Exit long,2012-10-16 07:30,TX30,114.45,100,11441,4,0.03,0,9,0.08,-5,-0.04,-328,-0.33,2
562,Entry long,2012-10-16 07:00,C0|L|MKT|15|v0.3.0-tier0|SPY,114.41,100,11441,4,0.03,0,9,0.08,-5,-0.04,-328,-0.33,2
563,Exit long,2012-10-17 07:30,TX30,115.22,100,11503,19,0.17,0,25,0.22,-2,-0.02,-309,-0.31,2
563,Entry long,2012-10-17 07:00,C0|L|MKT|15|v0.3.0-tier0|SPY,115.03,100,11503,19,0.17,0,25,0.22,-2,-0.02,-309,-0.31,2
564,Exit long,2012-10-18 07:30,TX30,114.94,100,11511,-17,-0.15,0,19,0.17,-26,-0.23,-326,-0.33,2
564,Entry long,2012-10-18 07:00,C0|L|MKT|15|v0.3.0-tier0|SPY,115.11,100,11511,-17,-0.15,0,19,0.17,-26,-0.23,-326,-0.33,2
565,Exit long,2012-10-22 07:45,TX30,112.94,100,11320,-26,-0.23,0,0,0.00,-33,-0.29,-352,-0.35,2
565,Entry long,2012-10-22 07:15,C0|L|MKT|15|v0.3.0-tier0|SPY,113.2,100,11320,-26,-0.23,0,0,0.00,-33,-0.29,-352,-0.35,2
566,Exit short,2012-10-23 08:00,TX30,111.34,100,11142,8,0.07,0,37,0.33,0,0.00,-344,-0.34,2
566,Entry short,2012-10-23 07:30,C0|S|MKT|15|v0.3.0-tier0|SPY,111.42,100,11142,8,0.07,0,37,0.33,0,0.00,-344,-0.34,2
567,Exit short,2012-10-24 07:45,TX30,111.79,100,11155,-24,-0.22,0,8,0.07,-26,-0.23,-368,-0.37,2
567,Entry short,2012-10-24 07:15,C0|S|MKT|15|v0.3.0-tier0|SPY,111.55,100,11155,-24,-0.22,0,8,0.07,-26,-0.23,-368,-0.37,2
568,Exit short,2012-10-25 08:00,TX30,111.5,100,11173,23,0.21,0,40,0.36,0,0.00,-345,-0.34,2
568,Entry short,2012-10-25 07:30,C0|S|MKT|15|v0.3.0-tier0|SPY,111.73,100,11173,23,0.21,0,40,0.36,0,0.00,-345,-0.34,2
569,Exit short,2012-10-26 07:30,TX30,111.2,100,11134,14,0.13,0,14,0.13,-28,-0.25,-331,-0.33,2
569,Entry short,2012-10-26 07:00,C0|S|MKT|15|v0.3.0-tier0|SPY,111.34,100,11134,14,0.13,0,14,0.13,-28,-0.25,-331,-0.33,2
570,Exit short,2012-10-31 07:45,TX30,111.39,100,11160,21,0.19,0,21,0.19,-19,-0.17,-310,-0.31,2
570,Entry short,2012-10-31 07:15,C0|S|MKT|15|v0.3.0-tier0|SPY,111.6,100,11160,21,0.19,0,21,0.19,-19,-0.17,-310,-0.31,2
571,Exit long,2012-11-01 07:30,TX30,112.42,100,11211,31,0.28,0,46,0.41,0,0.00,-279,-0.28,2
571,Entry long,2012-11-01 07:00,C0|L|MKT|15|v0.3.0-tier0|SPY,112.11,100,11211,31,0.28,0,46,0.41,0,0.00,-279,-0.28,2
572,Exit short,2012-11-02 07:30,TX30,112.55,100,11292,37,0.33,0,49,0.43,-3,-0.03,-242,-0.24,2
572,Entry short,2012-11-02 07:00,C0|S|MKT|15|v0.3.0-tier0|SPY,112.92,100,11292,37,0.33,0,49,0.43,-3,-0.03,-242,-0.24,2
573,Exit long,2012-11-06 07:30,TX30,112.24,100,11242,-18,-0.16,0,0,0.00,-24,-0.21,-260,-0.26,2
573,Entry long,2012-11-06 07:00,C0|L|MKT|15|v0.3.0-tier0|SPY,112.42,100,11242,-18,-0.16,0,0,0.00,-24,-0.21,-260,-0.26,2
574,Exit short,2012-11-07 07:45,TX30,110.86,100,11100,14,0.13,0,37,0.33,0,0.00,-246,-0.25,2
574,Entry short,2012-11-07 07:15,C0|S|MKT|15|v0.3.0-tier0|SPY,111,100,11100,14,0.13,0,37,0.33,0,0.00,-246,-0.25,2
575,Exit short,2012-11-08 08:00,TX30,110,100,11008,8,0.07,0,26,0.24,-19,-0.17,-238,-0.24,2
575,Entry short,2012-11-08 07:30,C0|S|MKT|15|v0.3.0-tier0|SPY,110.08,100,11008,8,0.07,0,26,0.24,-19,-0.17,-238,-0.24,2
576,Exit long,2012-11-09 07:45,TX30,109.42,100,10923,19,0.17,0,22,0.20,-20,-0.18,-219,-0.22,2
576,Entry long,2012-11-09 07:15,C0|L|MKT|15|v0.3.0-tier0|SPY,109.23,100,10923,19,0.17,0,22,0.20,-20,-0.18,-219,-0.22,2
577,Exit short,2012-11-12 07:45,TX30,109.09,100,10906,-3,-0.03,0,3,0.03,-14,-0.13,-222,-0.22,2
577,Entry short,2012-11-12 07:15,C0|S|MKT|15|v0.3.0-tier0|SPY,109.06,100,10906,-3,-0.03,0,3,0.03,-14,-0.13,-222,-0.22,2
578,Exit long,2012-11-13 07:30,TX30,109.16,100,10909,7,0.06,0,31,0.28,-21,-0.19,-215,-0.21,2
578,Entry long,2012-11-13 07:00,C0|L|MKT|15|v0.3.0-tier0|SPY,109.09,100,10909,7,0.06,0,31,0.28,-21,-0.19,-215,-0.21,2
579,Exit short,2012-11-14 07:30,TX30,108.33,100,10871,38,0.35,0,38,0.35,-18,-0.17,-177,-0.18,2
579,Entry short,2012-11-14 07:00,C0|S|MKT|15|v0.3.0-tier0|SPY,108.71,100,10871,38,0.35,0,38,0.35,-18,-0.17,-177,-0.18,2
580,Exit short,2012-11-15 07:30,TX30,107.27,100,10709,-18,-0.17,0,23,0.21,-48,-0.45,-195,-0.19,2
580,Entry short,2012-11-15 07:00,C0|S|MKT|15|v0.3.0-tier0|SPY,107.09,100,10709,-18,-0.17,0,23,0.21,-48,-0.45,-195,-0.19,2
581,Exit short,2012-11-16 07:30,TX30,106.81,100,10674,-7,-0.07,0,38,0.36,-12,-0.11,-202,-0.20,2
581,Entry short,2012-11-16 07:00,C0|S|MKT|15|v0.3.0-tier0|SPY,106.74,100,10674,-7,-0.07,0,38,0.36,-12,-0.11,-202,-0.20,2
582,Exit long,2012-11-19 07:30,TX30,109.09,100,10918,-9,-0.08,0,11,0.10,-21,-0.19,-211,-0.21,2
582,Entry long,2012-11-19 07:00,C0|L|MKT|15|v0.3.0-tier0|SPY,109.18,100,10918,-9,-0.08,0,11,0.10,-21,-0.19,-211,-0.21,2
583,Exit long,2012-11-20 07:45,TX30,109.7,100,10959,11,0.10,0,21,0.19,-1,-0.01,-200,-0.20,2
583,Entry long,2012-11-20 07:15,C0|L|MKT|15|v0.3.0-tier0|SPY,109.59,100,10959,11,0.10,0,21,0.19,-1,-0.01,-200,-0.20,2
584,Exit short,2012-11-21 07:45,TX30,109.77,100,10971,-6,-0.05,0,8,0.07,-15,-0.14,-206,-0.21,2
584,Entry short,2012-11-21 07:15,C0|S|MKT|15|v0.3.0-tier0|SPY,109.71,100,10971,-6,-0.05,0,8,0.07,-15,-0.14,-206,-0.21,2
585,Exit long,2012-11-23 07:30,TX30,111.01,100,11062,39,0.35,0,47,0.42,0,0.00,-167,-0.17,2
585,Entry long,2012-11-23 07:00,C0|L|MKT|15|v0.3.0-tier0|SPY,110.62,100,11062,39,0.35,0,47,0.42,0,0.00,-167,-0.17,2
586,Exit long,2012-11-26 07:30,TX30,110.92,100,11100,-8,-0.07,0,9,0.08,-15,-0.14,-175,-0.17,2
586,Entry long,2012-11-26 07:00,C0|L|MKT|15|v0.3.0-tier0|SPY,111,100,11100,-8,-0.07,0,9,0.08,-15,-0.14,-175,-0.17,2
587,Exit long,2012-11-27 07:30,TX30,110.86,100,11140,-54,-0.48,0,3,0.03,-61,-0.55,-229,-0.23,2
587,Entry long,2012-11-27 07:00,C0|L|MKT|15|v0.3.0-tier0|SPY,111.4,100,11140,-54,-0.48,0,3,0.03,-61,-0.55,-229,-0.23,2
588,Exit short,2012-11-28 07:45,TX30,110.44,100,10981,-63,-0.57,0,2,0.02,-78,-0.71,-292,-0.29,2
588,Entry short,2012-11-28 07:15,C0|S|MKT|15|v0.3.0-tier0|SPY,109.81,100,10981,-63,-0.57,0,2,0.02,-78,-0.71,-292,-0.29,2
589,Exit short,2012-12-03 07:30,TX30,112.26,100,11244,18,0.16,0,34,0.30,0,0.00,-274,-0.27,2
589,Entry short,2012-12-03 07:00,C0|S|MKT|15|v0.3.0-tier0|SPY,112.44,100,11244,18,0.16,0,34,0.30,0,0.00,-274,-0.27,2
590,Exit long,2012-12-04 07:45,TX30,111.45,100,11184,-39,-0.35,0,2,0.02,-48,-0.43,-313,-0.31,2
590,Entry long,2012-12-04 07:15,C0|L|MKT|15|v0.3.0-tier0|SPY,111.84,100,11184,-39,-0.35,0,2,0.02,-48,-0.43,-313,-0.31,2
591,Exit short,2012-12-05 07:30,TX30,111.18,100,11134,16,0.14,0,17,0.15,-21,-0.19,-297,-0.30,2
591,Entry short,2012-12-05 07:00,C0|S|MKT|15|v0.3.0-tier0|SPY,111.34,100,11134,16,0.14,0,17,0.15,-21,-0.19,-297,-0.30,2
592,Exit short,2012-12-07 07:30,TX30,112.11,100,11208,-3,-0.03,0,4,0.04,-27,-0.24,-300,-0.30,2
592,Entry short,2012-12-07 07:00,C0|S|MKT|15|v0.3.0-tier0|SPY,112.08,100,11208,-3,-0.03,0,4,0.04,-27,-0.24,-300,-0.30,2
593,Exit long,2012-12-10 07:30,TX30,112.34,100,11235,-1,-0.01,0,11,0.10,-9,-0.08,-301,-0.30,2
593,Entry long,2012-12-10 07:00,C0|L|MKT|15|v0.3.0-tier0|SPY,112.35,100,11235,-1,-0.01,0,11,0.10,-9,-0.08,-301,-0.30,2
594,Exit long,2012-12-11 07:30,TX30,113.26,100,11312,14,0.12,0,19,0.17,0,0.00,-287,-0.29,2
594,Entry long,2012-12-11 07:00,C0|L|MKT|15|v0.3.0-tier0|SPY,113.12,100,11312,14,0.12,0,19,0.17,0,0.00,-287,-0.29,2
595,Exit short,2012-12-12 07:45,TX30,113.26,100,11327,1,0.01,0,4,0.04,-16,-0.14,-286,-0.29,2
595,Entry short,2012-12-12 07:15,C0|S|MKT|15|v0.3.0-tier0|SPY,113.27,100,11327,1,0.01,0,4,0.04,-16,-0.14,-286,-0.29,2
596,Exit long,2012-12-13 07:45,TX30,113.2,100,11331,-11,-0.10,0,11,0.10,-14,-0.12,-297,-0.30,2
596,Entry long,2012-12-13 07:15,C0|L|MKT|15|v0.3.0-tier0|SPY,113.31,100,11331,-11,-0.10,0,11,0.10,-14,-0.12,-297,-0.30,2
597,Exit long,2012-12-17 07:30,TX30,112.56,100,11272,-16,-0.14,0,12,0.11,-21,-0.19,-313,-0.31,2
597,Entry long,2012-12-17 07:00,C0|L|MKT|15|v0.3.0-tier0|SPY,112.72,100,11272,-16,-0.14,0,12,0.11,-21,-0.19,-313,-0.31,2
598,Exit long,2012-12-18 08:00,TX30,114.04,100,11378,26,0.23,0,36,0.32,-1,-0.01,-287,-0.29,2
598,Entry long,2012-12-18 07:30,C0|L|MKT|15|v0.3.0-tier0|SPY,113.78,100,11378,26,0.23,0,36,0.32,-1,-0.01,-287,-0.29,2
599,Exit short,2012-12-19 07:30,TX30,114.3,100,11440,10,0.09,0,17,0.15,-7,-0.06,-277,-0.28,2
599,Entry short,2012-12-19 07:00,C0|S|MKT|15|v0.3.0-tier0|SPY,114.4,100,11440,10,0.09,0,17,0.15,-7,-0.06,-277,-0.28,2
600,Exit short,2012-12-20 07:30,TX30,113.84,100,11357,-27,-0.24,0,0,0.00,-49,-0.43,-304,-0.30,2
600,Entry short,2012-12-20 07:00,C0|S|MKT|15|v0.3.0-tier0|SPY,113.57,100,11357,-27,-0.24,0,0,0.00,-49,-0.43,-304,-0.30,2
601,Exit long,2012-12-21 07:45,TX30,113.35,100,11344,-9,-0.08,0,20,0.18,-12,-0.11,-313,-0.31,2
601,Entry long,2012-12-21 07:15,C0|L|MKT|15|v0.3.0-tier0|SPY,113.44,100,11344,-9,-0.08,0,20,0.18,-12,-0.11,-313,-0.31,2
602,Exit short,2012-12-24 07:30,TX30,113.13,100,11298,-15,-0.13,0,1,0.01,-19,-0.17,-328,-0.33,2
602,Entry short,2012-12-24 07:00,C0|S|MKT|15|v0.3.0-tier0|SPY,112.98,100,11298,-15,-0.13,0,1,0.01,-19,-0.17,-328,-0.33,2
603,Exit short,2012-12-26 08:00,TX30,112.78,100,11307,29,0.26,0,29,0.26,-1,-0.01,-299,-0.30,2
603,Entry short,2012-12-26 07:30,C0|S|MKT|15|v0.3.0-tier0|SPY,113.07,100,11307,29,0.26,0,29,0.26,-1,-0.01,-299,-0.30,2
604,Exit short,2012-12-27 07:45,TX30,111.82,100,11236,54,0.48,0,69,0.61,-3,-0.03,-245,-0.24,2
604,Entry short,2012-12-27 07:15,C0|S|MKT|15|v0.3.0-tier0|SPY,112.36,100,11236,54,0.48,0,69,0.61,-3,-0.03,-245,-0.24,2
605,Exit short,2012-12-28 07:45,TX30,111.95,100,11157,-38,-0.34,0,0,0.00,-56,-0.50,-283,-0.28,2
605,Entry short,2012-12-28 07:15,C0|S|MKT|15|v0.3.0-tier0|SPY,111.57,100,11157,-38,-0.34,0,0,0.00,-56,-0.50,-283,-0.28,2
606,Exit long,2012-12-31 07:30,TX30,111.51,100,11152,-1,-0.01,0,21,0.19,-19,-0.17,-284,-0.28,2
606,Entry long,2012-12-31 07:00,C0|L|MKT|15|v0.3.0-tier0|SPY,111.52,100,11152,-1,-0.01,0,21,0.19,-19,-0.17,-284,-0.28,2
607,Exit long,2013-01-02 07:30,TX30,115.39,100,11551,-12,-0.10,0,11,0.10,-22,-0.19,-296,-0.30,2
607,Entry long,2013-01-02 07:00,C0|L|MKT|15|v0.3.0-tier0|SPY,115.51,100,11551,-12,-0.10,0,11,0.10,-22,-0.19,-296,-0.30,2
608,Exit long,2013-01-04 07:30,TX30,116.01,100,11605,-4,-0.03,0,6,0.05,-23,-0.20,-300,-0.30,2
608,Entry long,2013-01-04 07:00,C0|L|MKT|15|v0.3.0-tier0|SPY,116.05,100,11605,-4,-0.03,0,6,0.05,-23,-0.20,-300,-0.30,2
609,Exit short,2013-01-08 07:30,TX30,115.44,100,11557,13,0.11,0,23,0.20,-5,-0.04,-287,-0.29,2
609,Entry short,2013-01-08 07:00,C0|S|MKT|15|v0.3.0-tier0|SPY,115.57,100,11557,13,0.11,0,23,0.20,-5,-0.04,-287,-0.29,2
610,Exit long,2013-01-09 07:30,TX30,116.14,100,11607,7,0.06,0,13,0.11,-5,-0.04,-280,-0.28,2
610,Entry long,2013-01-09 07:00,C0|L|MKT|15|v0.3.0-tier0|SPY,116.07,100,11607,7,0.06,0,13,0.11,-5,-0.04,-280,-0.28,2
611,Exit short,2013-01-10 08:00,TX30,116.06,100,11633,27,0.23,0,27,0.23,-1,-0.01,-253,-0.25,2
611,Entry short,2013-01-10 07:30,C0|S|MKT|15|v0.3.0-tier0|SPY,116.33,100,11633,27,0.23,0,27,0.23,-1,-0.01,-253,-0.25,2
612,Exit short,2013-01-11 07:30,TX30,116.45,100,11652,7,0.06,0,9,0.08,-4,-0.03,-246,-0.25,2
612,Entry short,2013-01-11 07:00,C0|S|MKT|15|v0.3.0-tier0|SPY,116.52,100,11652,7,0.06,0,9,0.08,-4,-0.03,-246,-0.25,2
613,Exit short,2013-01-14 07:30,TX30,116.36,100,11647,11,0.09,0,18,0.15,-2,-0.02,-235,-0.23,2
613,Entry short,2013-01-14 07:00,C0|S|MKT|15|v0.3.0-tier0|SPY,116.47,100,11647,11,0.09,0,18,0.15,-2,-0.02,-235,-0.23,2
614,Exit long,2013-01-15 07:45,TX30,116.37,100,11640,-3,-0.03,0,1,0.01,-16,-0.14,-238,-0.24,2
614,Entry long,2013-01-15 07:15,C0|L|MKT|15|v0.3.0-tier0|SPY,116.4,100,11640,-3,-0.03,0,1,0.01,-16,-0.14,-238,-0.24,2
615,Exit long,2013-01-16 07:45,TX30,116.7,100,11666,4,0.03,0,10,0.09,-4,-0.03,-234,-0.23,2
615,Entry long,2013-01-16 07:15,C0|L|MKT|15|v0.3.0-tier0|SPY,116.66,100,11666,4,0.03,0,10,0.09,-4,-0.03,-234,-0.23,2
616,Exit long,2013-01-17 08:00,TX30,117.26,100,11740,-14,-0.12,0,1,0.01,-19,-0.16,-248,-0.25,2
616,Entry long,2013-01-17 07:30,C0|L|MKT|15|v0.3.0-tier0|SPY,117.4,100,11740,-14,-0.12,0,1,0.01,-19,-0.16,-248,-0.25,2
617,Exit short,2013-01-22 07:45,TX30,117.67,100,11766,-1,-0.01,0,14,0.12,-2,-0.02,-249,-0.25,2
617,Entry short,2013-01-22 07:15,C0|S|MKT|15|v0.3.0-tier0|SPY,117.66,100,11766,-1,-0.01,0,14,0.12,-2,-0.02,-249,-0.25,2
618,Exit long,2013-01-23 07:45,TX30,118.22,100,11857,-35,-0.30,0,2,0.02,-35,-0.30,-284,-0.28,2
618,Entry long,2013-01-23 07:15,C0|L|MKT|15|v0.3.0-tier0|SPY,118.57,100,11857,-35,-0.30,0,2,0.02,-35,-0.30,-284,-0.28,2
619,Exit long,2013-01-24 07:30,TX30,119,100,11892,8,0.07,0,25,0.21,-1,-0.01,-276,-0.28,2
619,Entry long,2013-01-24 07:00,C0|L|MKT|15|v0.3.0-tier0|SPY,118.92,100,11892,8,0.07,0,25,0.21,-1,-0.01,-276,-0.28,2
620,Exit short,2013-01-25 08:00,TX30,118.83,100,11874,-9,-0.08,0,5,0.04,-12,-0.10,-285,-0.29,2
620,Entry short,2013-01-25 07:30,C0|S|MKT|15|v0.3.0-tier0|SPY,118.74,100,11874,-9,-0.08,0,5,0.04,-12,-0.10,-285,-0.29,2
621,Exit short,2013-01-28 07:30,TX30,118.98,100,11906,8,0.07,0,32,0.27,0,0.00,-277,-0.28,2
621,Entry short,2013-01-28 07:00,C0|S|MKT|15|v0.3.0-tier0|SPY,119.06,100,11906,8,0.07,0,32,0.27,0,0.00,-277,-0.28,2
622,Exit long,2013-01-29 07:30,TX30,119.11,100,11916,-5,-0.04,0,8,0.07,-29,-0.24,-282,-0.28,2
622,Entry long,2013-01-29 07:00,C0|L|MKT|15|v0.3.0-tier0|SPY,119.16,100,11916,-5,-0.04,0,8,0.07,-29,-0.24,-282,-0.28,2
623,Exit short,2013-01-30 07:45,TX30,119.35,100,11951,16,0.13,0,17,0.14,-7,-0.06,-266,-0.27,2
623,Entry short,2013-01-30 07:15,C0|S|MKT|15|v0.3.0-tier0|SPY,119.51,100,11951,16,0.13,0,17,0.14,-7,-0.06,-266,-0.27,2
624,Exit long,2013-01-31 07:30,TX30,119.09,100,11931,-22,-0.18,0,2,0.02,-24,-0.20,-288,-0.29,2
624,Entry long,2013-01-31 07:00,C0|L|MKT|15|v0.3.0-tier0|SPY,119.31,100,11931,-22,-0.18,0,2,0.02,-24,-0.20,-288,-0.29,2
625,Exit long,2013-02-01 07:45,TX30,119.81,100,11984,-3,-0.03,0,10,0.08,-18,-0.15,-291,-0.29,2
625,Entry long,2013-02-01 07:15,C0|L|MKT|15|v0.3.0-tier0|SPY,119.84,100,11984,-3,-0.03,0,10,0.08,-18,-0.15,-291,-0.29,2
626,Exit long,2013-02-05 07:30,TX30,119.71,100,11969,2,0.02,0,12,0.10,-7,-0.06,-289,-0.29,2
626,Entry long,2013-02-05 07:00,C0|L|MKT|15|v0.3.0-tier0|SPY,119.69,100,11969,2,0.02,0,12,0.10,-7,-0.06,-289,-0.29,2
627,Exit long,2013-02-06 07:30,TX30,119.81,100,11977,4,0.03,0,9,0.08,-12,-0.10,-285,-0.29,2
627,Entry long,2013-02-06 07:00,C0|L|MKT|15|v0.3.0-tier0|SPY,119.77,100,11977,4,0.03,0,9,0.08,-12,-0.10,-285,-0.29,2
628,Exit short,2013-02-07 07:45,TX30,119.25,100,11959,34,0.28,0,42,0.35,-10,-0.08,-251,-0.25,2
628,Entry short,2013-02-07 07:15,C0|S|MKT|15|v0.3.0-tier0|SPY,119.59,100,11959,34,0.28,0,42,0.35,-10,-0.08,-251,-0.25,2
629,Exit long,2013-02-12 07:45,TX30,120.6,100,12063,-3,-0.02,0,10,0.08,-11,-0.09,-254,-0.25,2
629,Entry long,2013-02-12 07:15,C0|L|MKT|15|v0.3.0-tier0|SPY,120.63,100,12063,-3,-0.02,0,10,0.08,-11,-0.09,-254,-0.25,2
630,Exit long,2013-02-14 07:45,TX30,120.87,100,12065,22,0.18,0,27,0.22,-3,-0.02,-232,-0.23,2
630,Entry long,2013-02-14 07:15,C0|L|MKT|15|v0.3.0-tier0|SPY,120.65,100,12065,22,0.18,0,27,0.22,-3,-0.02,-232,-0.23,2
631,Exit long,2013-02-15 07:30,TX30,121.04,100,12110,-6,-0.05,0,8,0.07,-9,-0.07,-238,-0.24,2
631,Entry long,2013-02-15 07:00,C0|L|MKT|15|v0.3.0-tier0|SPY,121.1,100,12110,-6,-0.05,0,8,0.07,-9,-0.07,-238,-0.24,2
632,Exit long,2013-02-19 07:30,TX30,121.4,100,12137,3,0.02,0,4,0.03,-13,-0.11,-235,-0.23,2
632,Entry long,2013-02-19 07:00,C0|L|MKT|15|v0.3.0-tier0|SPY,121.37,100,12137,3,0.02,0,4,0.03,-13,-0.11,-235,-0.23,2
633,Exit short,2013-02-21 07:30,TX30,119.75,100,11950,-25,-0.21,0,24,0.20,-28,-0.23,-260,-0.26,2
633,Entry short,2013-02-21 07:00,C0|S|MKT|15|v0.3.0-tier0|SPY,119.5,100,11950,-25,-0.21,0,24,0.20,-28,-0.23,-260,-0.26,2
634,Exit short,2013-02-22 07:30,TX30,119.88,100,11992,4,0.03,0,14,0.12,-10,-0.08,-256,-0.26,2
634,Entry short,2013-02-22 07:00,C0|S|MKT|15|v0.3.0-tier0|SPY,119.92,100,11992,4,0.03,0,14,0.12,-10,-0.08,-256,-0.26,2
635,Exit short,2013-02-25 08:00,TX30,120.61,100,12073,12,0.10,0,31,0.26,-20,-0.17,-244,-0.24,2
635,Entry short,2013-02-25 07:30,C0|S|MKT|15|v0.3.0-tier0|SPY,120.73,100,12073,12,0.10,0,31,0.26,-20,-0.17,-244,-0.24,2
636,Exit short,2013-02-26 07:45,TX30,118.55,100,11873,18,0.15,0,35,0.29,-15,-0.13,-226,-0.23,2
636,Entry short,2013-02-26 07:15,C0|S|MKT|15|v0.3.0-tier0|SPY,118.73,100,11873,18,0.15,0,35,0.29,-15,-0.13,-226,-0.23,2
637,Exit long,2013-02-27 07:45,TX30,119.88,100,11957,31,0.26,0,41,0.34,-4,-0.03,-195,-0.19,2
637,Entry long,2013-02-27 07:15,C0|L|MKT|15|v0.3.0-tier0|SPY,119.57,100,11957,31,0.26,0,41,0.34,-4,-0.03,-195,-0.19,2
638,Exit long,2013-03-01 07:45,TX30,120.54,100,12016,38,0.32,0,42,0.35,-22,-0.18,-157,-0.16,2
638,Entry long,2013-03-01 07:15,C0|L|MKT|15|v0.3.0-tier0|SPY,120.16,100,12016,38,0.32,0,42,0.35,-22,-0.18,-157,-0.16,2
639,Exit long,2013-03-05 08:00,TX30,122.63,100,12252,11,0.09,0,22,0.18,-2,-0.02,-146,-0.15,2
639,Entry long,2013-03-05 07:30,C0|L|MKT|15|v0.3.0-tier0|SPY,122.52,100,12252,11,0.09,0,22,0.18,-2,-0.02,-146,-0.15,2
640,Exit short,2013-03-08 07:30,TX30,123.08,100,12312,4,0.03,0,30,0.24,0,0.00,-142,-0.14,2
640,Entry short,2013-03-08 07:00,C0|S|MKT|15|v0.3.0-tier0|SPY,123.12,100,12312,4,0.03,0,30,0.24,0,0.00,-142,-0.14,2
641,Exit long,2013-03-12 07:45,TX30,123.79,100,12392,-13,-0.10,0,5,0.04,-16,-0.13,-155,-0.15,2
641,Entry long,2013-03-12 07:15,C0|L|MKT|15|v0.3.0-tier0|SPY,123.92,100,12392,-13,-0.10,0,5,0.04,-16,-0.13,-155,-0.15,2
642,Exit short,2013-03-15 07:30,TX30,124.11,100,12399,-12,-0.10,0,10,0.08,-18,-0.15,-167,-0.17,2
642,Entry short,2013-03-15 07:00,C0|S|MKT|15|v0.3.0-tier0|SPY,123.99,100,12399,-12,-0.10,0,10,0.08,-18,-0.15,-167,-0.17,2
643,Exit long,2013-03-18 07:30,TX30,123.69,100,12349,20,0.16,0,24,0.19,-8,-0.06,-147,-0.15,2
643,Entry long,2013-03-18 07:00,C0|L|MKT|15|v0.3.0-tier0|SPY,123.49,100,12349,20,0.16,0,24,0.19,-8,-0.06,-147,-0.15,2
644,Exit short,2013-03-19 08:00,TX30,123.64,100,12366,2,0.02,0,21,0.17,-2,-0.02,-145,-0.14,2
644,Entry short,2013-03-19 07:30,C0|S|MKT|15|v0.3.0-tier0|SPY,123.66,100,12366,2,0.02,0,21,0.17,-2,-0.02,-145,-0.14,2
645,Exit short,2013-03-20 07:30,TX30,124.05,100,12397,-8,-0.06,0,6,0.05,-18,-0.15,-153,-0.15,2
645,Entry short,2013-03-20 07:00,C0|S|MKT|15|v0.3.0-tier0|SPY,123.97,100,12397,-8,-0.06,0,6,0.05,-18,-0.15,-153,-0.15,2
646,Exit long,2013-03-21 07:30,TX30,123.46,100,12374,-28,-0.23,0,6,0.05,-44,-0.36,-181,-0.18,2
646,Entry long,2013-03-21 07:00,C0|L|MKT|15|v0.3.0-tier0|SPY,123.74,100,12374,-28,-0.23,0,6,0.05,-44,-0.36,-181,-0.18,2
647,Exit long,2013-03-22 07:45,TX30,123.8,100,12388,-8,-0.06,0,4,0.03,-11,-0.09,-189,-0.19,2
647,Entry long,2013-03-22 07:15,C0|L|MKT|15|v0.3.0-tier0|SPY,123.88,100,12388,-8,-0.06,0,4,0.03,-11,-0.09,-189,-0.19,2
648,Exit long,2013-03-25 07:30,TX30,124.33,100,12461,-28,-0.22,0,4,0.03,-32,-0.26,-217,-0.22,2
648,Entry long,2013-03-25 07:00,C0|L|MKT|15|v0.3.0-tier0|SPY,124.61,100,12461,-28,-0.22,0,4,0.03,-32,-0.26,-217,-0.22,2
649,Exit long,2013-03-26 07:45,TX30,124.11,100,12435,-24,-0.19,0,10,0.08,-26,-0.21,-241,-0.24,2
649,Entry long,2013-03-26 07:15,C0|L|MKT|15|v0.3.0-tier0|SPY,124.35,100,12435,-24,-0.19,0,10,0.08,-26,-0.21,-241,-0.24,2
650,Exit long,2013-03-27 08:00,TX30,124.11,100,12398,13,0.10,0,23,0.19,-1,-0.01,-228,-0.23,2
650,Entry long,2013-03-27 07:30,C0|L|MKT|15|v0.3.0-tier0|SPY,123.98,100,12398,13,0.10,0,23,0.19,-1,-0.01,-228,-0.23,2
651,Exit short,2013-04-01 07:45,TX30,124.49,100,12478,29,0.23,0,36,0.29,-4,-0.03,-199,-0.20,2
651,Entry short,2013-04-01 07:15,C0|S|MKT|15|v0.3.0-tier0|SPY,124.78,100,12478,29,0.23,0,36,0.29,-4,-0.03,-199,-0.20,2
652,Exit long,2013-04-02 07:30,TX30,125.2,100,12513,7,0.06,0,19,0.15,-5,-0.04,-192,-0.19,2
652,Entry long,2013-04-02 07:00,C0|L|MKT|15|v0.3.0-tier0|SPY,125.13,100,12513,7,0.06,0,19,0.15,-5,-0.04,-192,-0.19,2
653,Exit short,2013-04-03 07:30,TX30,124.7,100,12485,15,0.12,0,31,0.25,-6,-0.05,-177,-0.18,2
653,Entry short,2013-04-03 07:00,C0|S|MKT|15|v0.3.0-tier0|SPY,124.85,100,12485,15,0.12,0,31,0.25,-6,-0.05,-177,-0.18,2
654,Exit long,2013-04-04 07:30,TX30,123.93,100,12433,-40,-0.32,0,24,0.19,-44,-0.35,-217,-0.22,2
654,Entry long,2013-04-04 07:00,C0|L|MKT|15|v0.3.0-tier0|SPY,124.33,100,12433,-40,-0.32,0,24,0.19,-44,-0.35,-217,-0.22,2
655,Exit long,2013-04-05 08:00,TX30,123.13,100,12305,8,0.07,0,18,0.15,-14,-0.11,-209,-0.21,2
655,Entry long,2013-04-05 07:30,C0|L|MKT|15|v0.3.0-tier0|SPY,123.05,100,12305,8,0.07,0,18,0.15,-14,-0.11,-209,-0.21,2
656,Exit short,2013-04-08 07:30,TX30,123.59,100,12366,7,0.06,0,21,0.17,-8,-0.06,-202,-0.20,2
656,Entry short,2013-04-08 07:00,C0|S|MKT|15|v0.3.0-tier0|SPY,123.66,100,12366,7,0.06,0,21,0.17,-8,-0.06,-202,-0.20,2
657,Exit short,2013-04-09 07:30,TX30,124.84,100,12449,-35,-0.28,0,3,0.02,-35,-0.28,-237,-0.24,2
657,Entry short,2013-04-09 07:00,C0|S|MKT|15|v0.3.0-tier0|SPY,124.49,100,12449,-35,-0.28,0,3,0.02,-35,-0.28,-237,-0.24,2
658,Exit long,2013-04-10 07:30,TX30,125.96,100,12573,23,0.18,0,25,0.20,0,0.00,-214,-0.21,2
658,Entry long,2013-04-10 07:00,C0|L|MKT|15|v0.3.0-tier0|SPY,125.73,100,12573,23,0.18,0,25,0.20,0,0.00,-214,-0.21,2
659,Exit long,2013-04-11 07:30,TX30,126.97,100,12669,28,0.22,0,29,0.23,0,0.00,-186,-0.19,2
659,Entry long,2013-04-11 07:00,C0|L|MKT|15|v0.3.0-tier0|SPY,126.69,100,12669,28,0.22,0,29,0.23,0,0.00,-186,-0.19,2
660,Exit short,2013-04-12 07:30,TX30,126.58,100,12652,-6,-0.05,0,9,0.07,-18,-0.14,-192,-0.19,2
660,Entry short,2013-04-12 07:00,C0|S|MKT|15|v0.3.0-tier0|SPY,126.52,100,12652,-6,-0.05,0,9,0.07,-18,-0.14,-192,-0.19,2
661,Exit short,2013-04-15 07:45,TX30,126,100,12586,-14,-0.11,0,20,0.16,-15,-0.12,-206,-0.21,2
661,Entry short,2013-04-15 07:15,C0|S|MKT|15|v0.3.0-tier0|SPY,125.86,100,12586,-14,-0.11,0,20,0.16,-15,-0.12,-206,-0.21,2
662,Exit short,2013-04-17 07:45,TX30,123.7,100,12413,43,0.35,0,44,0.35,-8,-0.06,-163,-0.16,2
662,Entry short,2013-04-17 07:15,C0|S|MKT|15|v0.3.0-tier0|SPY,124.13,100,12413,43,0.35,0,44,0.35,-8,-0.06,-163,-0.16,2
663,Exit short,2013-04-18 07:30,TX30,123.24,100,12335,11,0.09,0,47,0.38,-1,-0.01,-152,-0.15,2
663,Entry short,2013-04-18 07:00,C0|S|MKT|15|v0.3.0-tier0|SPY,123.35,100,12335,11,0.09,0,47,0.38,-1,-0.01,-152,-0.15,2
664,Exit long,2013-04-19 07:45,TX30,123.54,100,12350,4,0.03,0,8,0.06,-25,-0.20,-148,-0.15,2
664,Entry long,2013-04-19 07:15,C0|L|MKT|15|v0.3.0-tier0|SPY,123.5,100,12350,4,0.03,0,8,0.06,-25,-0.20,-148,-0.15,2
665,Exit short,2013-04-22 07:45,TX30,123.65,100,12364,-1,-0.01,0,20,0.16,-16,-0.13,-149,-0.15,2
665,Entry short,2013-04-22 07:15,C0|S|MKT|15|v0.3.0-tier0|SPY,123.64,100,12364,-1,-0.01,0,20,0.16,-16,-0.13,-149,-0.15,2
666,Exit long,2013-04-23 08:00,TX30,125.65,100,12569,-4,-0.03,0,12,0.10,-6,-0.05,-153,-0.15,2
666,Entry long,2013-04-23 07:30,C0|L|MKT|15|v0.3.0-tier0|SPY,125.69,100,12569,-4,-0.03,0,12,0.10,-6,-0.05,-153,-0.15,2
667,Exit short,2013-04-24 07:45,TX30,126.01,100,12571,-30,-0.24,0,4,0.03,-35,-0.28,-183,-0.18,2
667,Entry short,2013-04-24 07:15,C0|S|MKT|15|v0.3.0-tier0|SPY,125.71,100,12571,-30,-0.24,0,4,0.03,-35,-0.28,-183,-0.18,2
668,Exit long,2013-04-25 07:45,TX30,126.79,100,12649,30,0.24,0,33,0.26,-4,-0.03,-153,-0.15,2
668,Entry long,2013-04-25 07:15,C0|L|MKT|15|v0.3.0-tier0|SPY,126.49,100,12649,30,0.24,0,33,0.26,-4,-0.03,-153,-0.15,2
669,Exit long,2013-04-26 07:30,TX30,126.22,100,12646,-24,-0.19,0,4,0.03,-47,-0.37,-177,-0.18,2
669,Entry long,2013-04-26 07:00,C0|L|MKT|15|v0.3.0-tier0|SPY,126.46,100,12646,-24,-0.19,0,4,0.03,-47,-0.37,-177,-0.18,2
670,Exit long,2013-04-29 07:45,TX30,126.89,100,12678,11,0.09,0,18,0.14,0,0.00,-166,-0.17,2
670,Entry long,2013-04-29 07:15,C0|L|MKT|15|v0.3.0-tier0|SPY,126.78,100,12678,11,0.09,0,18,0.14,0,0.00,-166,-0.17,2
671,Exit short,2013-04-30 07:30,TX30,126.61,100,12666,5,0.04,0,14,0.11,-22,-0.17,-161,-0.16,2
671,Entry short,2013-04-30 07:00,C0|S|MKT|15|v0.3.0-tier0|SPY,126.66,100,12666,5,0.04,0,14,0.11,-22,-0.17,-161,-0.16,2
672,Exit short,2013-05-01 07:45,TX30,126.9,100,12666,-24,-0.19,0,1,0.01,-27,-0.21,-185,-0.18,2
672,Entry short,2013-05-01 07:15,C0|S|MKT|15|v0.3.0-tier0|SPY,126.66,100,12666,-24,-0.19,0,1,0.01,-27,-0.21,-185,-0.18,2
673,Exit long,2013-05-02 07:45,TX30,126.98,100,12697,1,0.01,0,10,0.08,-5,-0.04,-184,-0.18,2
673,Entry long,2013-05-02 07:15,C0|L|MKT|15|v0.3.0-tier0|SPY,126.97,100,12697,1,0.01,0,10,0.08,-5,-0.04,-184,-0.18,2
674,Exit long,2013-05-03 08:00,TX30,129.05,100,12908,-3,-0.02,0,5,0.04,-8,-0.06,-187,-0.19,2
674,Entry long,2013-05-03 07:30,C0|L|MKT|15|v0.3.0-tier0|SPY,129.08,100,12908,-3,-0.02,0,5,0.04,-8,-0.06,-187,-0.19,2
675,Exit long,2013-05-06 08:00,TX30,128.82,100,12905,-23,-0.18,0,5,0.04,-25,-0.19,-210,-0.21,2
675,Entry long,2013-05-06 07:30,C0|L|MKT|15|v0.3.0-tier0|SPY,129.05,100,12905,-23,-0.18,0,5,0.04,-25,-0.19,-210,-0.21,2
676,Exit long,2013-05-07 07:30,TX30,129.2,100,12952,-32,-0.25,0,5,0.04,-56,-0.43,-242,-0.24,2
676,Entry long,2013-05-07 07:00,C0|L|MKT|15|v0.3.0-tier0|SPY,129.52,100,12952,-32,-0.25,0,5,0.04,-56,-0.43,-242,-0.24,2
677,Exit long,2013-05-08 07:30,TX30,129.92,100,12985,7,0.05,0,11,0.08,-6,-0.05,-235,-0.23,2
677,Entry long,2013-05-08 07:00,C0|L|MKT|15|v0.3.0-tier0|SPY,129.85,100,12985,7,0.05,0,11,0.08,-6,-0.05,-235,-0.23,2
678,Exit short,2013-05-09 07:45,TX30,130.08,100,13014,6,0.05,0,24,0.18,0,0.00,-229,-0.23,2
678,Entry short,2013-05-09 07:15,C0|S|MKT|15|v0.3.0-tier0|SPY,130.14,100,13014,6,0.05,0,24,0.18,0,0.00,-229,-0.23,2
679,Exit long,2013-05-10 07:30,TX30,130.08,100,13022,-14,-0.11,0,11,0.08,-14,-0.11,-243,-0.24,2
679,Entry long,2013-05-10 07:00,C0|L|MKT|15|v0.3.0-tier0|SPY,130.22,100,13022,-14,-0.11,0,11,0.08,-14,-0.11,-243,-0.24,2
680,Exit short,2013-05-13 07:30,TX30,130.24,100,12997,-27,-0.21,0,7,0.05,-37,-0.28,-270,-0.27,2
680,Entry short,2013-05-13 07:00,C0|S|MKT|15|v0.3.0-tier0|SPY,129.97,100,12997,-27,-0.21,0,7,0.05,-37,-0.28,-270,-0.27,2
681,Exit long,2013-05-14 07:30,TX30,131.35,100,13102,33,0.25,0,37,0.28,0,0.00,-237,-0.24,2
681,Entry long,2013-05-14 07:00,C0|L|MKT|15|v0.3.0-tier0|SPY,131.02,100,13102,33,0.25,0,37,0.28,0,0.00,-237,-0.24,2
682,Exit long,2013-05-16 07:30,TX30,132.28,100,13253,-25,-0.19,0,1,0.01,-46,-0.35,-262,-0.26,2
682,Entry long,2013-05-16 07:00,C0|L|MKT|15|v0.3.0-tier0|SPY,132.53,100,13253,-25,-0.19,0,1,0.01,-46,-0.35,-262,-0.26,2
683,Exit long,2013-05-17 07:30,TX30,132.61,100,13257,4,0.03,0,13,0.10,-6,-0.05,-258,-0.26,2
683,Entry long,2013-05-17 07:00,C0|L|MKT|15|v0.3.0-tier0|SPY,132.57,100,13257,4,0.03,0,13,0.10,-6,-0.05,-258,-0.26,2
684,Exit short,2013-05-21 07:45,TX30,132.96,100,13310,14,0.11,0,29,0.22,-7,-0.05,-244,-0.24,2
684,Entry short,2013-05-21 07:15,C0|S|MKT|15|v0.3.0-tier0|SPY,133.1,100,13310,14,0.11,0,29,0.22,-7,-0.05,-244,-0.24,2
685,Exit long,2013-05-22 07:30,TX30,134.74,100,13379,95,0.71,0,107,0.80,0,0.00,-149,-0.15,2
685,Entry long,2013-05-22 07:00,C0|L|MKT|15|v0.3.0-tier0|SPY,133.79,100,13379,95,0.71,0,107,0.80,0,0.00,-149,-0.15,2
686,Exit long,2013-05-23 07:45,TX30,131.19,100,13143,-24,-0.18,0,22,0.17,-24,-0.18,-173,-0.17,2
686,Entry long,2013-05-23 07:15,C0|L|MKT|15|v0.3.0-tier0|SPY,131.43,100,13143,-24,-0.18,0,22,0.17,-24,-0.18,-173,-0.17,2
687,Exit short,2013-05-24 07:45,TX30,131.15,100,13095,-20,-0.15,0,10,0.08,-27,-0.21,-193,-0.19,2
687,Entry short,2013-05-24 07:15,C0|S|MKT|15|v0.3.0-tier0|SPY,130.95,100,13095,-20,-0.15,0,10,0.08,-27,-0.21,-193,-0.19,2
688,Exit long,2013-05-28 07:30,TX30,133.77,100,13359,18,0.13,0,24,0.18,-8,-0.06,-175,-0.17,2
688,Entry long,2013-05-28 07:00,C0|L|MKT|15|v0.3.0-tier0|SPY,133.59,100,13359,18,0.13,0,24,0.18,-8,-0.06,-175,-0.17,2
689,Exit long,2013-05-30 07:30,TX30,132.34,100,13257,-23,-0.17,0,14,0.11,-32,-0.24,-198,-0.20,2
689,Entry long,2013-05-30 07:00,C0|L|MKT|15|v0.3.0-tier0|SPY,132.57,100,13257,-23,-0.17,0,14,0.11,-32,-0.24,-198,-0.20,2
690,Exit short,2013-06-03 07:30,TX30,130.57,100,13031,-26,-0.20,0,23,0.18,-64,-0.49,-224,-0.22,2
690,Entry short,2013-06-03 07:00,C0|S|MKT|15|v0.3.0-tier0|SPY,130.31,100,13031,-26,-0.20,0,23,0.18,-64,-0.49,-224,-0.22,2
691,Exit short,2013-06-05 07:45,TX30,129.77,100,12989,12,0.09,0,32,0.25,-8,-0.06,-212,-0.21,2
691,Entry short,2013-06-05 07:15,C0|S|MKT|15|v0.3.0-tier0|SPY,129.89,100,12989,12,0.09,0,32,0.25,-8,-0.06,-212,-0.21,2
692,Exit long,2013-06-07 07:45,TX30,131.17,100,13104,13,0.10,0,16,0.12,-11,-0.08,-199,-0.20,2
692,Entry long,2013-06-07 07:15,C0|L|MKT|15|v0.3.0-tier0|SPY,131.04,100,13104,13,0.10,0,16,0.12,-11,-0.08,-199,-0.20,2
693,Exit short,2013-06-10 07:45,TX30,131.7,100,13118,-52,-0.40,0,3,0.02,-56,-0.43,-251,-0.25,2
693,Entry short,2013-06-10 07:15,C0|S|MKT|15|v0.3.0-tier0|SPY,131.18,100,13118,-52,-0.40,0,3,0.02,-56,-0.43,-251,-0.25,2
694,Exit long,2013-06-11 08:00,TX30,130.66,100,13038,28,0.21,0,38,0.29,-2,-0.02,-223,-0.22,2
694,Entry long,2013-06-11 07:30,C0|L|MKT|15|v0.3.0-tier0|SPY,130.38,100,13038,28,0.21,0,38,0.29,-2,-0.02,-223,-0.22,2
695,Exit short,2013-06-12 07:30,TX30,130.5,100,13068,18,0.14,0,50,0.38,0,0.00,-205,-0.20,2
695,Entry short,2013-06-12 07:00,C0|S|MKT|15|v0.3.0-tier0|SPY,130.68,100,13068,18,0.14,0,50,0.38,0,0.00,-205,-0.20,2
696,Exit long,2013-06-13 07:30,TX30,129.23,100,12922,1,0.01,0,18,0.14,-21,-0.16,-204,-0.20,2
696,Entry long,2013-06-13 07:00,C0|L|MKT|15|v0.3.0-tier0|SPY,129.22,100,12922,1,0.01,0,18,0.14,-21,-0.16,-204,-0.20,2
697,Exit long,2013-06-14 07:30,TX30,130.94,100,13118,-24,-0.18,0,17,0.13,-28,-0.21,-228,-0.23,2
697,Entry long,2013-06-14 07:00,C0|L|MKT|15|v0.3.0-tier0|SPY,131.18,100,13118,-24,-0.18,0,17,0.13,-28,-0.21,-228,-0.23,2
698,Exit long,2013-06-17 07:30,TX30,131.52,100,13147,5,0.04,0,14,0.11,-11,-0.08,-223,-0.22,2
698,Entry long,2013-06-17 07:00,C0|L|MKT|15|v0.3.0-tier0|SPY,131.47,100,13147,5,0.04,0,14,0.11,-11,-0.08,-223,-0.22,2
699,Exit long,2013-06-18 08:00,TX30,131.88,100,13165,23,0.17,0,28,0.21,0,0.00,-200,-0.20,2
699,Entry long,2013-06-18 07:30,C0|L|MKT|15|v0.3.0-tier0|SPY,131.65,100,13165,23,0.17,0,28,0.21,0,0.00,-200,-0.20,2
700,Exit short,2013-06-20 07:45,TX30,128.45,100,12871,26,0.20,0,57,0.44,-3,-0.02,-174,-0.17,2
700,Entry short,2013-06-20 07:15,C0|S|MKT|15|v0.3.0-tier0|SPY,128.71,100,12871,26,0.20,0,57,0.44,-3,-0.02,-174,-0.17,2
701,Exit short,2013-06-21 07:30,TX30,127.34,100,12757,23,0.18,0,33,0.26,-35,-0.27,-151,-0.15,2
701,Entry short,2013-06-21 07:00,C0|S|MKT|15|v0.3.0-tier0|SPY,127.57,100,12757,23,0.18,0,33,0.26,-35,-0.27,-151,-0.15,2
702,Exit short,2013-06-24 07:30,TX30,125.3,100,12543,13,0.10,0,28,0.22,-12,-0.10,-138,-0.14,2
702,Entry short,2013-06-24 07:00,C0|S|MKT|15|v0.3.0-tier0|SPY,125.43,100,12543,13,0.10,0,28,0.22,-12,-0.10,-138,-0.14,2
703,Exit short,2013-06-25 07:30,TX30,126.54,100,12670,16,0.13,0,46,0.36,-19,-0.15,-122,-0.12,2
703,Entry short,2013-06-25 07:00,C0|S|MKT|15|v0.3.0-tier0|SPY,126.7,100,12670,16,0.13,0,46,0.36,-19,-0.15,-122,-0.12,2
704,Exit short,2013-06-26 07:45,TX30,128.15,100,12813,-2,-0.02,0,24,0.19,-7,-0.05,-124,-0.12,2
704,Entry short,2013-06-26 07:15,C0|S|MKT|15|v0.3.0-tier0|SPY,128.13,100,12813,-2,-0.02,0,24,0.19,-7,-0.05,-124,-0.12,2
705,Exit long,2013-06-27 07:30,TX30,129.55,100,12948,7,0.05,0,11,0.08,-27,-0.21,-117,-0.12,2
705,Entry long,2013-06-27 07:00,C0|L|MKT|15|v0.3.0-tier0|SPY,129.48,100,12948,7,0.05,0,11,0.08,-27,-0.21,-117,-0.12,2
706,Exit short,2013-06-28 07:30,TX30,128.65,100,12833,-32,-0.25,0,13,0.10,-33,-0.26,-149,-0.15,2
706,Entry short,2013-06-28 07:00,C0|S|MKT|15|v0.3.0-tier0|SPY,128.33,100,12833,-32,-0.25,0,13,0.10,-33,-0.26,-149,-0.15,2
707,Exit long,2013-07-01 07:30,TX30,130.07,100,12981,26,0.20,0,45,0.35,-6,-0.05,-123,-0.12,2
707,Entry long,2013-07-01 07:00,C0|L|MKT|15|v0.3.0-tier0|SPY,129.81,100,12981,26,0.20,0,45,0.35,-6,-0.05,-123,-0.12,2
708,Exit long,2013-07-02 07:30,TX30,129.93,100,12980,13,0.10,0,28,0.22,-14,-0.11,-110,-0.11,2
708,Entry long,2013-07-02 07:00,C0|L|MKT|15|v0.3.0-tier0|SPY,129.8,100,12980,13,0.10,0,28,0.22,-14,-0.11,-110,-0.11,2
709,Exit short,2013-07-05 07:45,TX30,129.64,100,12971,7,0.05,0,36,0.28,-4,-0.03,-103,-0.10,2
709,Entry short,2013-07-05 07:15,C0|S|MKT|15|v0.3.0-tier0|SPY,129.71,100,12971,7,0.05,0,36,0.28,-4,-0.03,-103,-0.10,2
710,Exit long,2013-07-08 07:30,TX30,131.62,100,13157,5,0.04,0,25,0.19,-1,-0.01,-98,-0.10,2
710,Entry long,2013-07-08 07:00,C0|L|MKT|15|v0.3.0-tier0|SPY,131.57,100,13157,5,0.04,0,25,0.19,-1,-0.01,-98,-0.10,2
711,Exit short,2013-07-09 07:45,TX30,132.07,100,13195,-12,-0.09,0,21,0.16,-12,-0.09,-110,-0.11,2
711,Entry short,2013-07-09 07:15,C0|S|MKT|15|v0.3.0-tier0|SPY,131.95,100,13195,-12,-0.09,0,21,0.16,-12,-0.09,-110,-0.11,2
712,Exit short,2013-07-10 08:00,TX30,132.23,100,13227,4,0.03,0,14,0.11,-2,-0.02,-106,-0.11,2
712,Entry short,2013-07-10 07:30,C0|S|MKT|15|v0.3.0-tier0|SPY,132.27,100,13227,4,0.03,0,14,0.11,-2,-0.02,-106,-0.11,2
713,Exit short,2013-07-11 07:30,TX30,133.78,100,13376,-2,-0.01,0,10,0.07,-9,-0.07,-108,-0.11,2
713,Entry short,2013-07-11 07:00,C0|S|MKT|15|v0.3.0-tier0|SPY,133.76,100,13376,-2,-0.01,0,10,0.07,-9,-0.07,-108,-0.11,2
714,Exit short,2013-07-17 07:30,TX30,134.92,100,13470,-22,-0.16,0,1,0.01,-24,-0.18,-130,-0.13,2
714,Entry short,2013-07-17 07:00,C0|S|MKT|15|v0.3.0-tier0|SPY,134.7,100,13470,-22,-0.16,0,1,0.01,-24,-0.18,-130,-0.13,2
715,Exit long,2013-07-18 07:45,TX30,135.58,100,13538,20,0.15,0,27,0.20,0,0.00,-110,-0.11,2
715,Entry long,2013-07-18 07:15,C0|L|MKT|15|v0.3.0-tier0|SPY,135.38,100,13538,20,0.15,0,27,0.20,0,0.00,-110,-0.11,2
716,Exit short,2013-07-22 07:30,TX30,135.72,100,13559,-13,-0.10,0,5,0.04,-23,-0.17,-123,-0.12,2
716,Entry short,2013-07-22 07:00,C0|S|MKT|15|v0.3.0-tier0|SPY,135.59,100,13559,-13,-0.10,0,5,0.04,-23,-0.17,-123,-0.12,2
717,Exit short,2013-07-23 07:30,TX30,135.78,100,13603,25,0.18,0,27,0.20,0,0.00,-98,-0.10,2
717,Entry short,2013-07-23 07:00,C0|S|MKT|15|v0.3.0-tier0|SPY,136.03,100,13603,25,0.18,0,27,0.20,0,0.00,-98,-0.10,2
718,Exit short,2013-07-24 07:30,TX30,135.34,100,13562,28,0.21,0,36,0.27,-12,-0.09,-70,-0.07,2
718,Entry short,2013-07-24 07:00,C0|S|MKT|15|v0.3.0-tier0|SPY,135.62,100,13562,28,0.21,0,36,0.27,-12,-0.09,-70,-0.07,2
719,Exit long,2013-07-25 07:30,TX30,135.1,100,13506,4,0.03,0,20,0.15,0,0.00,-66,-0.07,2
719,Entry long,2013-07-25 07:00,C0|L|MKT|15|v0.3.0-tier0|SPY,135.06,100,13506,4,0.03,0,20,0.15,0,0.00,-66,-0.07,2
720,Exit short,2013-07-26 08:00,TX30,134.44,100,13481,37,0.27,0,47,0.35,-5,-0.04,-29,-0.03,2
720,Entry short,2013-07-26 07:30,C0|S|MKT|15|v0.3.0-tier0|SPY,134.81,100,13481,37,0.27,0,47,0.35,-5,-0.04,-29,-0.03,2
721,Exit short,2013-07-29 07:45,TX30,135.23,100,13521,-2,-0.01,0,11,0.08,-15,-0.11,-31,-0.03,2
721,Entry short,2013-07-29 07:15,C0|S|MKT|15|v0.3.0-tier0|SPY,135.21,100,13521,-2,-0.01,0,11,0.08,-15,-0.11,-31,-0.03,2
722,Exit long,2013-07-31 08:00,TX30,136.03,100,13588,15,0.11,0,19,0.14,-4,-0.03,-16,-0.02,2
722,Entry long,2013-07-31 07:30,C0|L|MKT|15|v0.3.0-tier0|SPY,135.88,100,13588,15,0.11,0,19,0.14,-4,-0.03,-16,-0.02,2
723,Exit long,2013-08-01 07:45,TX30,136.63,100,13665,-2,-0.01,0,9,0.07,-8,-0.06,-18,-0.02,2
723,Entry long,2013-08-01 07:15,C0|L|MKT|15|v0.3.0-tier0|SPY,136.65,100,13665,-2,-0.01,0,9,0.07,-8,-0.06,-18,-0.02,2
724,Exit long,2013-08-02 08:00,TX30,136.53,100,13672,-19,-0.14,0,2,0.01,-23,-0.17,-37,-0.04,2
724,Entry long,2013-08-02 07:30,C0|L|MKT|15|v0.3.0-tier0|SPY,136.72,100,13672,-19,-0.14,0,2,0.01,-23,-0.17,-37,-0.04,2
725,Exit long,2013-08-05 07:30,TX30,136.92,100,13683,9,0.07,0,12,0.09,-3,-0.02,-28,-0.03,2
725,Entry long,2013-08-05 07:00,C0|L|MKT|15|v0.3.0-tier0|SPY,136.83,100,13683,9,0.07,0,12,0.09,-3,-0.02,-28,-0.03,2
726,Exit short,2013-08-06 07:30,TX30,136.23,100,13647,24,0.18,0,26,0.19,0,0.00,-4,0.00,2
726,Entry short,2013-08-06 07:00,C0|S|MKT|15|v0.3.0-tier0|SPY,136.47,100,13647,24,0.18,0,26,0.19,0,0.00,-4,0.00,2
727,Exit short,2013-08-07 07:30,TX30,135.24,100,13543,19,0.14,0,23,0.17,0,0.00,15,0.02,2
727,Entry short,2013-08-07 07:00,C0|S|MKT|15|v0.3.0-tier0|SPY,135.43,100,13543,19,0.14,0,23,0.17,0,0.00,15,0.02,2
728,Exit short,2013-08-08 07:30,TX30,135.86,100,13619,33,0.24,0,45,0.33,-4,-0.03,48,0.05,2
728,Entry short,2013-08-08 07:00,C0|S|MKT|15|v0.3.0-tier0|SPY,136.19,100,13619,33,0.24,0,45,0.33,-4,-0.03,48,0.05,2
729,Exit long,2013-08-12 07:45,TX30,135.7,100,13563,7,0.05,0,9,0.07,-18,-0.13,55,0.06,2
729,Entry long,2013-08-12 07:15,C0|L|MKT|15|v0.3.0-tier0|SPY,135.63,100,13563,7,0.05,0,9,0.07,-18,-0.13,55,0.06,2
730,Exit short,2013-08-13 07:30,TX30,135.25,100,13559,34,0.25,0,54,0.40,-1,-0.01,89,0.09,2
730,Entry short,2013-08-13 07:00,C0|S|MKT|15|v0.3.0-tier0|SPY,135.59,100,13559,34,0.25,0,54,0.40,-1,-0.01,89,0.09,2
731,Exit short,2013-08-14 07:45,TX30,135.63,100,13573,10,0.07,0,16,0.12,-16,-0.12,99,0.10,2
731,Entry short,2013-08-14 07:15,C0|S|MKT|15|v0.3.0-tier0|SPY,135.73,100,13573,10,0.07,0,16,0.12,-16,-0.12,99,0.10,2
732,Exit short,2013-08-15 07:30,TX30,133.63,100,13361,-2,-0.01,0,36,0.27,-11,-0.08,97,0.10,2
732,Entry short,2013-08-15 07:00,C0|S|MKT|15|v0.3.0-tier0|SPY,133.61,100,13361,-2,-0.01,0,36,0.27,-11,-0.08,97,0.10,2
733,Exit long,2013-08-16 07:30,TX30,133.4,100,13336,4,0.03,0,17,0.13,-18,-0.13,101,0.10,2
733,Entry long,2013-08-16 07:00,C0|L|MKT|15|v0.3.0-tier0|SPY,133.36,100,13336,4,0.03,0,17,0.13,-18,-0.13,101,0.10,2
734,Exit long,2013-08-19 07:30,TX30,133.03,100,13318,-15,-0.11,0,10,0.08,-17,-0.13,86,0.09,2
734,Entry long,2013-08-19 07:00,C0|L|MKT|15|v0.3.0-tier0|SPY,133.18,100,13318,-15,-0.11,0,10,0.08,-17,-0.13,86,0.09,2
735,Exit long,2013-08-20 08:00,TX30,132.79,100,13259,20,0.15,0,31,0.23,-3,-0.02,106,0.11,2
735,Entry long,2013-08-20 07:30,C0|L|MKT|15|v0.3.0-tier0|SPY,132.59,100,13259,20,0.15,0,31,0.23,-3,-0.02,106,0.11,2
736,Exit long,2013-08-22 07:45,TX30,133.05,100,13272,33,0.25,0,35,0.26,0,0.00,139,0.14,2
736,Entry long,2013-08-22 07:15,C0|L|MKT|15|v0.3.0-tier0|SPY,132.72,100,13272,33,0.25,0,35,0.26,0,0.00,139,0.14,2
737,Exit short,2013-08-23 07:30,TX30,133.1,100,13323,13,0.10,0,29,0.22,-5,-0.04,152,0.15,2
737,Entry short,2013-08-23 07:00,C0|S|MKT|15|v0.3.0-tier0|SPY,133.23,100,13323,13,0.10,0,29,0.22,-5,-0.04,152,0.15,2
738,Exit long,2013-08-26 07:45,TX30,133.99,100,13393,6,0.04,0,10,0.07,-9,-0.07,158,0.16,2
738,Entry long,2013-08-26 07:15,C0|L|MKT|15|v0.3.0-tier0|SPY,133.93,100,13393,6,0.04,0,10,0.07,-9,-0.07,158,0.16,2
739,Exit long,2013-08-27 07:30,TX30,131.7,100,13211,-41,-0.31,0,14,0.11,-48,-0.36,117,0.12,2
739,Entry long,2013-08-27 07:00,C0|L|MKT|15|v0.3.0-tier0|SPY,132.11,100,13211,-41,-0.31,0,14,0.11,-48,-0.36,117,0.12,2
740,Exit long,2013-08-28 08:00,TX30,131.5,100,13129,21,0.16,0,24,0.18,-8,-0.06,138,0.14,2
740,Entry long,2013-08-28 07:30,C0|L|MKT|15|v0.3.0-tier0|SPY,131.29,100,13129,21,0.16,0,24,0.18,-8,-0.06,138,0.14,2
741,Exit long,2013-08-29 07:30,TX30,131.78,100,13169,9,0.07,0,25,0.19,-2,-0.02,147,0.15,2
741,Entry long,2013-08-29 07:00,C0|L|MKT|15|v0.3.0-tier0|SPY,131.69,100,13169,9,0.07,0,25,0.19,-2,-0.02,147,0.15,2
742,Exit short,2013-08-30 07:45,TX30,131.27,100,13136,9,0.07,0,12,0.09,-20,-0.15,156,0.16,2
742,Entry short,2013-08-30 07:15,C0|S|MKT|15|v0.3.0-tier0|SPY,131.36,100,13136,9,0.07,0,12,0.09,-20,-0.15,156,0.16,2
743,Exit short,2013-09-03 08:00,TX30,132.37,100,13242,5,0.04,0,7,0.05,-18,-0.14,161,0.16,2
743,Entry short,2013-09-03 07:30,C0|S|MKT|15|v0.3.0-tier0|SPY,132.42,100,13242,5,0.04,0,7,0.05,-18,-0.14,161,0.16,2
744,Exit long,2013-09-04 07:30,TX30,132.56,100,13219,37,0.28,0,38,0.29,0,0.00,198,0.20,2
744,Entry long,2013-09-04 07:00,C0|L|MKT|15|v0.3.0-tier0|SPY,132.19,100,13219,37,0.28,0,38,0.29,0,0.00,198,0.20,2
745,Exit long,2013-09-05 07:30,TX30,133.32,100,13336,-4,-0.03,0,6,0.04,-16,-0.12,194,0.19,2
745,Entry long,2013-09-05 07:00,C0|L|MKT|15|v0.3.0-tier0|SPY,133.36,100,13336,-4,-0.03,0,6,0.04,-16,-0.12,194,0.19,2
746,Exit short,2013-09-06 07:30,TX30,132.69,100,13245,-24,-0.18,0,55,0.42,-30,-0.23,170,0.17,2
746,Entry short,2013-09-06 07:00,C0|S|MKT|15|v0.3.0-tier0|SPY,132.45,100,13245,-24,-0.18,0,55,0.42,-30,-0.23,170,0.17,2
747,Exit long,2013-09-09 07:30,TX30,133.64,100,13391,-27,-0.20,0,10,0.07,-27,-0.20,143,0.14,2
747,Entry long,2013-09-09 07:00,C0|L|MKT|15|v0.3.0-tier0|SPY,133.91,100,13391,-27,-0.20,0,10,0.07,-27,-0.20,143,0.14,2
748,Exit long,2013-09-10 07:45,TX30,135.39,100,13532,7,0.05,0,7,0.05,-21,-0.16,150,0.15,2
748,Entry long,2013-09-10 07:15,C0|L|MKT|15|v0.3.0-tier0|SPY,135.32,100,13532,7,0.05,0,7,0.05,-21,-0.16,150,0.15,2
749,Exit short,2013-09-11 07:30,TX30,135.02,100,13512,10,0.07,0,12,0.09,-16,-0.12,160,0.16,2
749,Entry short,2013-09-11 07:00,C0|S|MKT|15|v0.3.0-tier0|SPY,135.12,100,13512,10,0.07,0,12,0.09,-16,-0.12,160,0.16,2
750,Exit long,2013-09-12 08:00,TX30,135.79,100,13591,-12,-0.09,0,6,0.04,-12,-0.09,148,0.15,2
750,Entry long,2013-09-12 07:30,C0|L|MKT|15|v0.3.0-tier0|SPY,135.91,100,13591,-12,-0.09,0,6,0.04,-12,-0.09,148,0.15,2
751,Exit short,2013-09-13 07:45,TX30,135.64,100,13544,-20,-0.15,0,13,0.10,-21,-0.16,128,0.13,2
751,Entry short,2013-09-13 07:15,C0|S|MKT|15|v0.3.0-tier0|SPY,135.44,100,13544,-20,-0.15,0,13,0.10,-21,-0.16,128,0.13,2
752,Exit long,2013-09-17 07:30,TX30,137.04,100,13692,12,0.09,0,17,0.12,-1,-0.01,140,0.14,2
752,Entry long,2013-09-17 07:00,C0|L|MKT|15|v0.3.0-tier0|SPY,136.92,100,13692,12,0.09,0,17,0.12,-1,-0.01,140,0.14,2
753,Exit short,2013-09-18 08:00,TX30,136.99,100,13699,0,0.00,0,10,0.07,-3,-0.02,140,0.14,2
753,Entry short,2013-09-18 07:30,C0|S|MKT|15|v0.3.0-tier0|SPY,136.99,100,13699,0,0.00,0,10,0.07,-3,-0.02,140,0.14,2
754,Exit short,2013-09-19 07:45,TX30,138.92,100,13881,-11,-0.08,0,7,0.05,-17,-0.12,129,0.13,2
754,Entry short,2013-09-19 07:15,C0|S|MKT|15|v0.3.0-tier0|SPY,138.81,100,13881,-11,-0.08,0,7,0.05,-17,-0.12,129,0.13,2
755,Exit short,2013-09-20 07:30,TX30,138.46,100,13849,3,0.02,0,21,0.15,-6,-0.04,132,0.13,2
755,Entry short,2013-09-20 07:00,C0|S|MKT|15|v0.3.0-tier0|SPY,138.49,100,13849,3,0.02,0,21,0.15,-6,-0.04,132,0.13,2
756,Exit short,2013-09-23 07:30,TX30,136.89,100,13706,17,0.12,0,19,0.14,-8,-0.06,149,0.15,2
756,Entry short,2013-09-23 07:00,C0|S|MKT|15|v0.3.0-tier0|SPY,137.06,100,13706,17,0.12,0,19,0.14,-8,-0.06,149,0.15,2
757,Exit short,2013-09-24 07:45,TX30,136.91,100,13649,-42,-0.31,0,13,0.10,-43,-0.32,107,0.11,2
757,Entry short,2013-09-24 07:15,C0|S|MKT|15|v0.3.0-tier0|SPY,136.49,100,13649,-42,-0.31,0,13,0.10,-43,-0.32,107,0.11,2
758,Exit short,2013-09-25 07:45,TX30,136.59,100,13621,-38,-0.28,0,4,0.03,-44,-0.32,69,0.07,2
758,Entry short,2013-09-25 07:15,C0|S|MKT|15|v0.3.0-tier0|SPY,136.21,100,13621,-38,-0.28,0,4,0.03,-44,-0.32,69,0.07,2
759,Exit long,2013-09-26 07:30,TX30,136.93,100,13691,2,0.01,0,21,0.15,-4,-0.03,71,0.07,2
759,Entry long,2013-09-26 07:00,C0|L|MKT|15|v0.3.0-tier0|SPY,136.91,100,13691,2,0.01,0,21,0.15,-4,-0.03,71,0.07,2
760,Exit long,2013-09-30 08:00,TX30,135.51,100,13538,13,0.10,0,23,0.17,-6,-0.04,84,0.08,2
760,Entry long,2013-09-30 07:30,C0|L|MKT|15|v0.3.0-tier0|SPY,135.38,100,13538,13,0.10,0,23,0.17,-6,-0.04,84,0.08,2
761,Exit long,2013-10-01 08:00,TX30,136.32,100,13604,28,0.21,0,36,0.26,0,0.00,112,0.11,2
761,Entry long,2013-10-01 07:30,C0|L|MKT|15|v0.3.0-tier0|SPY,136.04,100,13604,28,0.21,0,36,0.26,0,0.00,112,0.11,2
762,Exit short,2013-10-02 07:45,TX30,135.46,100,13539,-7,-0.05,0,14,0.10,-12,-0.09,105,0.11,2
762,Entry short,2013-10-02 07:15,C0|S|MKT|15|v0.3.0-tier0|SPY,135.39,100,13539,-7,-0.05,0,14,0.10,-12,-0.09,105,0.11,2
763,Exit short,2013-10-03 07:30,TX30,135.26,100,13566,40,0.29,0,56,0.41,0,0.00,145,0.14,2
763,Entry short,2013-10-03 07:00,C0|S|MKT|15|v0.3.0-tier0|SPY,135.66,100,13566,40,0.29,0,56,0.41,0,0.00,145,0.14,2
764,Exit long,2013-10-04 07:30,TX30,135.61,100,13554,7,0.05,0,19,0.14,-10,-0.07,152,0.15,2
764,Entry long,2013-10-04 07:00,C0|L|MKT|15|v0.3.0-tier0|SPY,135.54,100,13554,7,0.05,0,19,0.14,-10,-0.07,152,0.15,2
765,Exit long,2013-10-07 07:30,TX30,135.57,100,13515,42,0.31,0,50,0.37,-9,-0.07,194,0.19,2
765,Entry long,2013-10-07 07:00,C0|L|MKT|15|v0.3.0-tier0|SPY,135.15,100,13515,42,0.31,0,50,0.37,-9,-0.07,194,0.19,2
766,Exit long,2013-10-10 07:30,TX30,135.26,100,13523,3,0.02,0,11,0.08,-15,-0.11,197,0.20,2
766,Entry long,2013-10-10 07:00,C0|L|MKT|15|v0.3.0-tier0|SPY,135.23,100,13523,3,0.02,0,11,0.08,-15,-0.11,197,0.20,2
767,Exit long,2013-10-11 07:30,TX30,136.57,100,13660,-3,-0.02,0,10,0.07,-14,-0.10,194,0.19,2
767,Entry long,2013-10-11 07:00,C0|L|MKT|15|v0.3.0-tier0|SPY,136.6,100,13660,-3,-0.02,0,10,0.07,-14,-0.10,194,0.19,2
768,Exit long,2013-10-15 07:45,TX30,137.49,100,13758,-9,-0.07,0,15,0.11,-21,-0.15,185,0.19,2
768,Entry long,2013-10-15 07:15,C0|L|MKT|15|v0.3.0-tier0|SPY,137.58,100,13758,-9,-0.07,0,15,0.11,-21,-0.15,185,0.19,2
769,Exit long,2013-10-16 07:30,TX30,138.27,100,13832,-5,-0.04,0,13,0.09,-26,-0.19,180,0.18,2
769,Entry long,2013-10-16 07:00,C0|L|MKT|15|v0.3.0-tier0|SPY,138.32,100,13832,-5,-0.04,0,13,0.09,-26,-0.19,180,0.18,2
770,Exit long,2013-10-17 07:45,TX30,138.66,100,13844,22,0.16,0,27,0.20,-1,-0.01,202,0.20,2
770,Entry long,2013-10-17 07:15,C0|L|MKT|15|v0.3.0-tier0|SPY,138.44,100,13844,22,0.16,0,27,0.20,-1,-0.01,202,0.20,2
771,Exit long,2013-10-18 07:30,TX30,139.98,100,14021,-23,-0.16,0,9,0.06,-25,-0.18,179,0.18,2
771,Entry long,2013-10-18 07:00,C0|L|MKT|15|v0.3.0-tier0|SPY,140.21,100,14021,-23,-0.16,0,9,0.06,-25,-0.18,179,0.18,2
772,Exit long,2013-10-21 07:30,TX30,140.48,100,14070,-22,-0.16,0,11,0.08,-22,-0.16,157,0.16,2
772,Entry long,2013-10-21 07:00,C0|L|MKT|15|v0.3.0-tier0|SPY,140.7,100,14070,-22,-0.16,0,11,0.08,-22,-0.16,157,0.16,2
773,Exit long,2013-10-22 07:30,TX30,141.58,100,14133,25,0.18,0,43,0.30,-2,-0.01,182,0.18,2
773,Entry long,2013-10-22 07:00,C0|L|MKT|15|v0.3.0-tier0|SPY,141.33,100,14133,25,0.18,0,43,0.30,-2,-0.01,182,0.18,2
774,Exit short,2013-10-23 07:30,TX30,140.4,100,14040,0,0.00,0,11,0.08,-38,-0.27,182,0.18,2
774,Entry short,2013-10-23 07:00,C0|S|MKT|15|v0.3.0-tier0|SPY,140.4,100,14040,0,0.00,0,11,0.08,-38,-0.27,182,0.18,2
775,Exit short,2013-10-25 08:00,TX30,141.36,100,14127,-9,-0.06,0,6,0.04,-15,-0.11,173,0.17,2
775,Entry short,2013-10-25 07:30,C0|S|MKT|15|v0.3.0-tier0|SPY,141.27,100,14127,-9,-0.06,0,6,0.04,-15,-0.11,173,0.17,2
776,Exit long,2013-10-28 07:45,TX30,141.84,100,14194,-10,-0.07,0,10,0.07,-14,-0.10,163,0.16,2
776,Entry long,2013-10-28 07:15,C0|L|MKT|15|v0.3.0-tier0|SPY,141.94,100,14194,-10,-0.07,0,10,0.07,-14,-0.10,163,0.16,2
777,Exit short,2013-10-29 07:45,TX30,142.3,100,14226,-4,-0.03,0,2,0.01,-21,-0.15,159,0.16,2
777,Entry short,2013-10-29 07:15,C0|S|MKT|15|v0.3.0-tier0|SPY,142.26,100,14226,-4,-0.03,0,2,0.01,-21,-0.15,159,0.16,2
778,Exit short,2013-10-31 07:30,TX30,141.68,100,14176,8,0.06,0,25,0.18,-5,-0.04,167,0.17,2
778,Entry short,2013-10-31 07:00,C0|S|MKT|15|v0.3.0-tier0|SPY,141.76,100,14176,8,0.06,0,25,0.18,-5,-0.04,167,0.17,2
779,Exit short,2013-11-01 08:00,TX30,141.9,100,14175,-15,-0.11,0,6,0.04,-20,-0.14,152,0.15,2
779,Entry short,2013-11-01 07:30,C0|S|MKT|15|v0.3.0-tier0|SPY,141.75,100,14175,-15,-0.11,0,6,0.04,-20,-0.14,152,0.15,2
780,Exit short,2013-11-04 07:30,TX30,142.2,100,14218,-2,-0.01,0,14,0.10,-4,-0.03,150,0.15,2
780,Entry short,2013-11-04 07:00,C0|S|MKT|15|v0.3.0-tier0|SPY,142.18,100,14218,-2,-0.01,0,14,0.10,-4,-0.03,150,0.15,2
781,Exit short,2013-11-05 07:30,TX30,141.76,100,14167,-9,-0.06,0,19,0.13,-14,-0.10,141,0.14,2
781,Entry short,2013-11-05 07:00,C0|S|MKT|15|v0.3.0-tier0|SPY,141.67,100,14167,-9,-0.06,0,19,0.13,-14,-0.10,141,0.14,2
782,Exit long,2013-11-06 07:30,TX30,142.64,100,14291,-27,-0.19,0,10,0.07,-27,-0.19,114,0.11,2
782,Entry long,2013-11-06 07:00,C0|L|MKT|15|v0.3.0-tier0|SPY,142.91,100,14291,-27,-0.19,0,10,0.07,-27,-0.19,114,0.11,2
783,Exit short,2013-11-07 07:30,TX30,142.34,100,14276,42,0.29,0,62,0.43,-7,-0.05,156,0.16,2
783,Entry short,2013-11-07 07:00,C0|S|MKT|15|v0.3.0-tier0|SPY,142.76,100,14276,42,0.29,0,62,0.43,-7,-0.05,156,0.16,2
784,Exit long,2013-11-08 08:00,TX30,141.99,100,14177,22,0.16,0,27,0.19,-2,-0.01,178,0.18,2
784,Entry long,2013-11-08 07:30,C0|L|MKT|15|v0.3.0-tier0|SPY,141.77,100,14177,22,0.16,0,27,0.19,-2,-0.01,178,0.18,2
785,Exit long,2013-11-11 07:30,TX30,142.82,100,14298,-16,-0.11,0,5,0.03,-18,-0.13,162,0.16,2
785,Entry long,2013-11-11 07:00,C0|L|MKT|15|v0.3.0-tier0|SPY,142.98,100,14298,-16,-0.11,0,5,0.03,-18,-0.13,162,0.16,2
786,Exit long,2013-11-12 07:30,TX30,142.85,100,14274,11,0.08,0,18,0.13,-23,-0.16,173,0.17,2
786,Entry long,2013-11-12 07:00,C0|L|MKT|15|v0.3.0-tier0|SPY,142.74,100,14274,11,0.08,0,18,0.13,-23,-0.16,173,0.17,2
787,Exit long,2013-11-13 07:30,TX30,142.45,100,14238,7,0.05,0,12,0.08,-20,-0.14,180,0.18,2
787,Entry long,2013-11-13 07:00,C0|L|MKT|15|v0.3.0-tier0|SPY,142.38,100,14238,7,0.05,0,12,0.08,-20,-0.14,180,0.18,2
788,Exit short,2013-11-18 07:30,TX30,145.14,100,14497,-17,-0.12,0,9,0.06,-25,-0.17,163,0.16,2
788,Entry short,2013-11-18 07:00,C0|S|MKT|15|v0.3.0-tier0|SPY,144.97,100,14497,-17,-0.12,0,9,0.06,-25,-0.17,163,0.16,2
789,Exit long,2013-11-19 07:45,TX30,144.87,100,14475,12,0.08,0,19,0.13,-10,-0.07,175,0.18,2
789,Entry long,2013-11-19 07:15,C0|L|MKT|15|v0.3.0-tier0|SPY,144.75,100,14475,12,0.08,0,19,0.13,-10,-0.07,175,0.18,2
790,Exit long,2013-11-20 08:00,TX30,144.67,100,14475,-8,-0.06,0,3,0.02,-39,-0.27,167,0.17,2
790,Entry long,2013-11-20 07:30,C0|L|MKT|15|v0.3.0-tier0|SPY,144.75,100,14475,-8,-0.06,0,3,0.02,-39,-0.27,167,0.17,2
791,Exit long,2013-11-21 07:30,TX30,144.46,100,14446,0,0.00,0,10,0.07,-16,-0.11,167,0.17,2
791,Entry long,2013-11-21 07:00,C0|L|MKT|15|v0.3.0-tier0|SPY,144.46,100,14446,0,0.00,0,10,0.07,-16,-0.11,167,0.17,2
792,Exit long,2013-11-22 07:45,TX30,145.21,100,14517,4,0.03,0,7,0.05,-7,-0.05,171,0.17,2
792,Entry long,2013-11-22 07:15,C0|L|MKT|15|v0.3.0-tier0|SPY,145.17,100,14517,4,0.03,0,7,0.05,-7,-0.05,171,0.17,2
793,Exit short,2013-11-25 07:30,TX30,145.7,100,14574,4,0.03,0,11,0.08,-5,-0.03,175,0.18,2
793,Entry short,2013-11-25 07:00,C0|S|MKT|15|v0.3.0-tier0|SPY,145.74,100,14574,4,0.03,0,11,0.08,-5,-0.03,175,0.18,2
794,Exit short,2013-11-26 07:45,TX30,145.64,100,14558,-6,-0.04,0,1,0.01,-15,-0.10,169,0.17,2
794,Entry short,2013-11-26 07:15,C0|S|MKT|15|v0.3.0-tier0|SPY,145.58,100,14558,-6,-0.04,0,1,0.01,-15,-0.10,169,0.17,2
795,Exit long,2013-11-27 07:30,TX30,145.9,100,14594,-4,-0.03,0,5,0.03,-9,-0.06,165,0.17,2
795,Entry long,2013-11-27 07:00,C0|L|MKT|15|v0.3.0-tier0|SPY,145.94,100,14594,-4,-0.03,0,5,0.03,-9,-0.06,165,0.17,2
796,Exit long,2013-11-29 07:30,TX30,146.39,100,14630,9,0.06,0,10,0.07,-5,-0.03,174,0.17,2
796,Entry long,2013-11-29 07:00,C0|L|MKT|15|v0.3.0-tier0|SPY,146.3,100,14630,9,0.06,0,10,0.07,-5,-0.03,174,0.17,2
797,Exit short,2013-12-02 07:30,TX30,145.85,100,14569,-16,-0.11,0,14,0.10,-21,-0.14,158,0.16,2
797,Entry short,2013-12-02 07:00,C0|S|MKT|15|v0.3.0-tier0|SPY,145.69,100,14569,-16,-0.11,0,14,0.10,-21,-0.14,158,0.16,2
798,Exit long,2013-12-03 07:30,TX30,145.17,100,14527,-10,-0.07,0,9,0.06,-13,-0.09,148,0.15,2
798,Entry long,2013-12-03 07:00,C0|L|MKT|15|v0.3.0-tier0|SPY,145.27,100,14527,-10,-0.07,0,9,0.06,-13,-0.09,148,0.15,2
799,Exit long,2013-12-04 07:45,TX30,145.23,100,14527,-4,-0.03,0,16,0.11,-8,-0.06,144,0.14,2
799,Entry long,2013-12-04 07:15,C0|L|MKT|15|v0.3.0-tier0|SPY,145.27,100,14527,-4,-0.03,0,16,0.11,-8,-0.06,144,0.14,2
800,Exit long,2013-12-09 07:30,TX30,146.08,100,14636,-28,-0.19,0,2,0.01,-30,-0.20,116,0.12,2
800,Entry long,2013-12-09 07:00,C0|L|MKT|15|v0.3.0-tier0|SPY,146.36,100,14636,-28,-0.19,0,2,0.01,-30,-0.20,116,0.12,2
801,Exit long,2013-12-10 07:45,TX30,146.03,100,14603,0,0.00,0,11,0.08,-8,-0.05,116,0.12,2
801,Entry long,2013-12-10 07:15,C0|L|MKT|15|v0.3.0-tier0|SPY,146.03,100,14603,0,0.00,0,11,0.08,-8,-0.05,116,0.12,2
802,Exit short,2013-12-11 07:30,TX30,144.8,100,14529,49,0.34,0,50,0.34,0,0.00,165,0.17,2
802,Entry short,2013-12-11 07:00,C0|S|MKT|15|v0.3.0-tier0|SPY,145.29,100,14529,49,0.34,0,50,0.34,0,0.00,165,0.17,2
803,Exit short,2013-12-12 07:30,TX30,143.73,100,14378,5,0.03,0,27,0.19,-14,-0.10,170,0.17,2
803,Entry short,2013-12-12 07:00,C0|S|MKT|15|v0.3.0-tier0|SPY,143.78,100,14378,5,0.03,0,27,0.19,-14,-0.10,170,0.17,2
804,Exit short,2013-12-13 07:30,TX30,143.42,100,14347,5,0.03,0,22,0.15,-17,-0.12,175,0.18,2
804,Entry short,2013-12-13 07:00,C0|S|MKT|15|v0.3.0-tier0|SPY,143.47,100,14347,5,0.03,0,22,0.15,-17,-0.12,175,0.18,2
805,Exit long,2013-12-16 07:30,TX30,144.67,100,14480,-13,-0.09,0,9,0.06,-20,-0.14,162,0.16,2
805,Entry long,2013-12-16 07:00,C0|L|MKT|15|v0.3.0-tier0|SPY,144.8,100,14480,-13,-0.09,0,9,0.06,-20,-0.14,162,0.16,2
806,Exit short,2013-12-19 07:45,TX30,146.06,100,14566,-40,-0.27,0,3,0.02,-40,-0.27,122,0.12,2
806,Entry short,2013-12-19 07:15,C0|S|MKT|15|v0.3.0-tier0|SPY,145.66,100,14566,-40,-0.27,0,3,0.02,-40,-0.27,122,0.12,2
807,Exit short,2013-12-23 07:30,TX30,147.71,100,14760,-11,-0.07,0,9,0.06,-16,-0.11,111,0.11,2
807,Entry short,2013-12-23 07:00,C0|S|MKT|15|v0.3.0-tier0|SPY,147.6,100,14760,-11,-0.07,0,9,0.06,-16,-0.11,111,0.11,2
808,Exit long,2013-12-24 08:00,TX30,148.15,100,14812,3,0.02,0,5,0.03,-6,-0.04,114,0.11,2
808,Entry long,2013-12-24 07:30,C0|L|MKT|15|v0.3.0-tier0|SPY,148.12,100,14812,3,0.02,0,5,0.03,-6,-0.04,114,0.11,2
809,Exit long,2013-12-26 08:00,TX30,148.64,100,14870,-6,-0.04,0,2,0.01,-11,-0.07,108,0.11,2
809,Entry long,2013-12-26 07:30,C0|L|MKT|15|v0.3.0-tier0|SPY,148.7,100,14870,-6,-0.04,0,2,0.01,-11,-0.07,108,0.11,2
810,Exit short,2013-12-30 07:30,TX30,148.76,100,14881,5,0.03,0,7,0.05,-10,-0.07,113,0.11,2
810,Entry short,2013-12-30 07:00,C0|S|MKT|15|v0.3.0-tier0|SPY,148.81,100,14881,5,0.03,0,7,0.05,-10,-0.07,113,0.11,2
811,Exit long,2013-12-31 07:45,TX30,149.32,100,14927,5,0.03,0,5,0.03,-9,-0.06,118,0.12,2
811,Entry long,2013-12-31 07:15,C0|L|MKT|15|v0.3.0-tier0|SPY,149.27,100,14927,5,0.03,0,5,0.03,-9,-0.06,118,0.12,2
812,Exit long,2014-01-07 07:30,TX30,148.7,100,14866,4,0.03,0,13,0.09,-4,-0.03,122,0.12,2
812,Entry long,2014-01-07 07:00,C0|L|MKT|15|v0.3.0-tier0|SPY,148.66,100,14866,4,0.03,0,13,0.09,-4,-0.03,122,0.12,2
813,Exit long,2014-01-08 08:00,TX30,148.74,100,14881,-7,-0.05,0,12,0.08,-10,-0.07,115,0.12,2
813,Entry long,2014-01-08 07:30,C0|L|MKT|15|v0.3.0-tier0|SPY,148.81,100,14881,-7,-0.05,0,12,0.08,-10,-0.07,115,0.12,2
814,Exit short,2014-01-09 07:45,TX30,148.46,100,14887,41,0.28,0,44,0.30,-1,-0.01,156,0.16,2
814,Entry short,2014-01-09 07:15,C0|S|MKT|15|v0.3.0-tier0|SPY,148.87,100,14887,41,0.28,0,44,0.30,-1,-0.01,156,0.16,2
815,Exit short,2014-01-10 07:30,TX30,148.67,100,14881,14,0.09,0,45,0.30,0,0.00,170,0.17,2
815,Entry short,2014-01-10 07:00,C0|S|MKT|15|v0.3.0-tier0|SPY,148.81,100,14881,14,0.09,0,45,0.30,0,0.00,170,0.17,2
816,Exit long,2014-01-13 07:45,TX30,149.12,100,14908,4,0.03,0,14,0.09,-9,-0.06,174,0.17,2
816,Entry long,2014-01-13 07:15,C0|L|MKT|15|v0.3.0-tier0|SPY,149.08,100,14908,4,0.03,0,14,0.09,-9,-0.06,174,0.17,2
817,Exit long,2014-01-15 07:45,TX30,149.44,100,14953,-9,-0.06,0,10,0.07,-12,-0.08,165,0.17,2
817,Entry long,2014-01-15 07:15,C0|L|MKT|15|v0.3.0-tier0|SPY,149.53,100,14953,-9,-0.06,0,10,0.07,-12,-0.08,165,0.17,2
818,Exit short,2014-01-17 07:30,TX30,149.12,100,14907,-5,-0.03,0,13,0.09,-15,-0.10,160,0.16,2
818,Entry short,2014-01-17 07:00,C0|S|MKT|15|v0.3.0-tier0|SPY,149.07,100,14907,-5,-0.03,0,13,0.09,-15,-0.10,160,0.16,2
819,Exit short,2014-01-21 07:45,TX30,149.09,100,14921,12,0.08,0,27,0.18,-1,-0.01,172,0.17,2
819,Entry short,2014-01-21 07:15,C0|S|MKT|15|v0.3.0-tier0|SPY,149.21,100,14921,12,0.08,0,27,0.18,-1,-0.01,172,0.17,2
820,Exit short,2014-01-22 07:45,TX30,149.22,100,14920,-2,-0.01,0,10,0.07,-23,-0.15,170,0.17,2
820,Entry short,2014-01-22 07:15,C0|S|MKT|15|v0.3.0-tier0|SPY,149.2,100,14920,-2,-0.01,0,10,0.07,-23,-0.15,170,0.17,2
821,Exit short,2014-01-23 07:45,TX30,147.99,100,14796,-3,-0.02,0,13,0.09,-16,-0.11,167,0.17,2
821,Entry short,2014-01-23 07:15,C0|S|MKT|15|v0.3.0-tier0|SPY,147.96,100,14796,-3,-0.02,0,13,0.09,-16,-0.11,167,0.17,2
822,Exit short,2014-01-27 07:45,TX30,144.65,100,14486,21,0.14,0,59,0.41,-13,-0.09,188,0.19,2
822,Entry short,2014-01-27 07:15,C0|S|MKT|15|v0.3.0-tier0|SPY,144.86,100,14486,21,0.14,0,59,0.41,-13,-0.09,188,0.19,2
823,Exit long,2014-01-28 07:30,TX30,144.97,100,14492,5,0.03,0,31,0.21,-10,-0.07,193,0.19,2
823,Entry long,2014-01-28 07:00,C0|L|MKT|15|v0.3.0-tier0|SPY,144.92,100,14492,5,0.03,0,31,0.21,-10,-0.07,193,0.19,2
824,Exit short,2014-01-30 07:30,TX30,144.69,100,14463,-6,-0.04,0,20,0.14,-24,-0.17,187,0.19,2
824,Entry short,2014-01-30 07:00,C0|S|MKT|15|v0.3.0-tier0|SPY,144.63,100,14463,-6,-0.04,0,20,0.14,-24,-0.17,187,0.19,2
825,Exit long,2014-01-31 07:45,TX30,143.73,100,14403,-30,-0.21,0,2,0.01,-42,-0.29,157,0.16,2
825,Entry long,2014-01-31 07:15,C0|L|MKT|15|v0.3.0-tier0|SPY,144.03,100,14403,-30,-0.21,0,2,0.01,-42,-0.29,157,0.16,2
826,Exit short,2014-02-03 07:30,TX30,142.96,100,14395,99,0.69,0,119,0.83,0,0.00,256,0.26,2
826,Entry short,2014-02-03 07:00,C0|S|MKT|15|v0.3.0-tier0|SPY,143.95,100,14395,99,0.69,0,119,0.83,0,0.00,256,0.26,2
827,Exit long,2014-02-04 07:30,TX30,141.71,100,14190,-19,-0.13,0,9,0.06,-37,-0.26,237,0.24,2
827,Entry long,2014-02-04 07:00,C0|L|MKT|15|v0.3.0-tier0|SPY,141.9,100,14190,-19,-0.13,0,9,0.06,-37,-0.26,237,0.24,2
828,Exit short,2014-02-05 07:30,TX30,141.02,100,14139,37,0.26,0,65,0.46,-71,-0.50,274,0.27,2
828,Entry short,2014-02-05 07:00,C0|S|MKT|15|v0.3.0-tier0|SPY,141.39,100,14139,37,0.26,0,65,0.46,-71,-0.50,274,0.27,2
829,Exit long,2014-02-06 07:30,TX30,143.13,100,14293,20,0.14,0,25,0.17,-5,-0.03,294,0.29,2
829,Entry long,2014-02-06 07:00,C0|L|MKT|15|v0.3.0-tier0|SPY,142.93,100,14293,20,0.14,0,25,0.17,-5,-0.03,294,0.29,2
830,Exit short,2014-02-07 07:45,TX30,144.09,100,14424,15,0.10,0,24,0.17,-13,-0.09,309,0.31,2
830,Entry short,2014-02-07 07:15,C0|S|MKT|15|v0.3.0-tier0|SPY,144.24,100,14424,15,0.10,0,24,0.17,-13,-0.09,309,0.31,2
831,Exit long,2014-02-11 07:45,TX30,146.51,100,14629,22,0.15,0,27,0.18,-2,-0.01,331,0.33,2
831,Entry long,2014-02-11 07:15,C0|L|MKT|15|v0.3.0-tier0|SPY,146.29,100,14629,22,0.15,0,27,0.18,-2,-0.01,331,0.33,2
832,Exit long,2014-02-12 07:30,TX30,147.69,100,14808,-39,-0.26,0,5,0.03,-49,-0.33,292,0.29,2
832,Entry long,2014-02-12 07:00,C0|L|MKT|15|v0.3.0-tier0|SPY,148.08,100,14808,-39,-0.26,0,5,0.03,-49,-0.33,292,0.29,2
833,Exit long,2014-02-13 07:30,TX30,147.36,100,14709,27,0.18,0,45,0.31,-7,-0.05,319,0.32,2
833,Entry long,2014-02-13 07:00,C0|L|MKT|15|v0.3.0-tier0|SPY,147.09,100,14709,27,0.18,0,45,0.31,-7,-0.05,319,0.32,2
834,Exit long,2014-02-14 07:45,TX30,148.73,100,14857,16,0.11,0,32,0.22,-5,-0.03,335,0.34,2
834,Entry long,2014-02-14 07:15,C0|L|MKT|15|v0.3.0-tier0|SPY,148.57,100,14857,16,0.11,0,32,0.22,-5,-0.03,335,0.34,2
835,Exit short,2014-02-18 07:30,TX30,149.22,100,14911,-11,-0.07,0,32,0.21,-14,-0.09,324,0.32,2
835,Entry short,2014-02-18 07:00,C0|S|MKT|15|v0.3.0-tier0|SPY,149.11,100,14911,-11,-0.07,0,32,0.21,-14,-0.09,324,0.32,2
836,Exit long,2014-02-19 07:30,TX30,149.79,100,14945,34,0.23,0,38,0.25,-18,-0.12,358,0.36,2
836,Entry long,2014-02-19 07:00,C0|L|MKT|15|v0.3.0-tier0|SPY,149.45,100,14945,34,0.23,0,38,0.25,-18,-0.12,358,0.36,2
837,Exit short,2014-02-20 07:30,TX30,148.57,100,14821,-36,-0.24,0,26,0.18,-43,-0.29,322,0.32,2
837,Entry short,2014-02-20 07:00,C0|S|MKT|15|v0.3.0-tier0|SPY,148.21,100,14821,-36,-0.24,0,26,0.18,-43,-0.29,322,0.32,2
838,Exit long,2014-02-21 07:30,TX30,149.37,100,14955,-18,-0.12,0,17,0.11,-28,-0.19,304,0.30,2
838,Entry long,2014-02-21 07:00,C0|L|MKT|15|v0.3.0-tier0|SPY,149.55,100,14955,-18,-0.12,0,17,0.11,-28,-0.19,304,0.30,2
839,Exit long,2014-02-24 07:30,TX30,150.13,100,15019,-6,-0.04,0,5,0.03,-18,-0.12,298,0.30,2
839,Entry long,2014-02-24 07:00,C0|L|MKT|15|v0.3.0-tier0|SPY,150.19,100,15019,-6,-0.04,0,5,0.03,-18,-0.12,298,0.30,2
840,Exit short,2014-02-25 07:30,TX30,149.58,100,14943,-15,-0.10,0,17,0.11,-49,-0.33,283,0.28,2
840,Entry short,2014-02-25 07:00,C0|S|MKT|15|v0.3.0-tier0|SPY,149.43,100,14943,-15,-0.10,0,17,0.11,-49,-0.33,283,0.28,2
841,Exit short,2014-02-26 07:30,TX30,150.2,100,14959,-61,-0.41,0,1,0.01,-66,-0.44,222,0.22,2
841,Entry short,2014-02-26 07:00,C0|S|MKT|15|v0.3.0-tier0|SPY,149.59,100,14959,-61,-0.41,0,1,0.01,-66,-0.44,222,0.22,2
842,Exit short,2014-02-27 07:45,TX30,149.79,100,14949,-30,-0.20,0,7,0.05,-46,-0.31,192,0.19,2
842,Entry short,2014-02-27 07:15,C0|S|MKT|15|v0.3.0-tier0|SPY,149.49,100,14949,-30,-0.20,0,7,0.05,-46,-0.31,192,0.19,2
843,Exit long,2014-02-28 07:45,TX30,151.28,100,15141,-13,-0.09,0,6,0.04,-19,-0.13,179,0.18,2
843,Entry long,2014-02-28 07:15,C0|L|MKT|15|v0.3.0-tier0|SPY,151.41,100,15141,-13,-0.09,0,6,0.04,-19,-0.13,179,0.18,2
844,Exit long,2014-03-04 07:30,TX30,151.74,100,15168,6,0.04,0,12,0.08,-19,-0.13,185,0.19,2
844,Entry long,2014-03-04 07:00,C0|L|MKT|15|v0.3.0-tier0|SPY,151.68,100,15168,6,0.04,0,12,0.08,-19,-0.13,185,0.19,2
845,Exit long,2014-03-06 07:30,TX30,152.65,100,15278,-13,-0.09,0,0,0.00,-37,-0.24,172,0.17,2
845,Entry long,2014-03-06 07:00,C0|L|MKT|15|v0.3.0-tier0|SPY,152.78,100,15278,-13,-0.09,0,0,0.00,-37,-0.24,172,0.17,2
846,Exit short,2014-03-07 07:30,TX30,152.64,100,15246,-18,-0.12,0,21,0.14,-36,-0.24,154,0.15,2
846,Entry short,2014-03-07 07:00,C0|S|MKT|15|v0.3.0-tier0|SPY,152.46,100,15246,-18,-0.12,0,21,0.14,-36,-0.24,154,0.15,2
847,Exit long,2014-03-10 07:30,TX30,151.97,100,15240,-43,-0.28,0,2,0.01,-52,-0.34,111,0.11,2
847,Entry long,2014-03-10 07:00,C0|L|MKT|15|v0.3.0-tier0|SPY,152.4,100,15240,-43,-0.28,0,2,0.01,-52,-0.34,111,0.11,2
848,Exit short,2014-03-11 07:30,TX30,152.52,100,15227,-25,-0.16,0,23,0.15,-25,-0.16,86,0.09,2
848,Entry short,2014-03-11 07:00,C0|S|MKT|15|v0.3.0-tier0|SPY,152.27,100,15227,-25,-0.16,0,23,0.15,-25,-0.16,86,0.09,2
849,Exit short,2014-03-13 07:45,TX30,151.64,100,15188,24,0.16,0,29,0.19,-13,-0.09,110,0.11,2
849,Entry short,2014-03-13 07:15,C0|S|MKT|15|v0.3.0-tier0|SPY,151.88,100,15188,24,0.16,0,29,0.19,-13,-0.09,110,0.11,2
850,Exit long,2014-03-18 07:30,TX30,152.01,100,15165,36,0.24,0,39,0.26,-12,-0.08,146,0.15,2
850,Entry long,2014-03-18 07:00,C0|L|MKT|15|v0.3.0-tier0|SPY,151.65,100,15165,36,0.24,0,39,0.26,-12,-0.08,146,0.15,2
851,Exit long,2014-03-19 07:30,TX30,152.19,100,15219,0,0.00,0,8,0.05,-11,-0.07,146,0.15,2
851,Entry long,2014-03-19 07:00,C0|L|MKT|15|v0.3.0-tier0|SPY,152.19,100,15219,0,0.00,0,8,0.05,-11,-0.07,146,0.15,2
852,Exit long,2014-03-20 07:45,TX30,151.72,100,15150,22,0.15,0,26,0.17,0,0.00,168,0.17,2
852,Entry long,2014-03-20 07:15,C0|L|MKT|15|v0.3.0-tier0|SPY,151.5,100,15150,22,0.15,0,26,0.17,0,0.00,168,0.17,2
853,Exit short,2014-03-21 07:45,TX30,152.61,100,15268,7,0.05,0,27,0.18,0,0.00,175,0.18,2
853,Entry short,2014-03-21 07:15,C0|S|MKT|15|v0.3.0-tier0|SPY,152.68,100,15268,7,0.05,0,27,0.18,0,0.00,175,0.18,2
854,Exit short,2014-03-24 07:30,TX30,151.02,100,15160,58,0.38,0,64,0.42,-1,-0.01,233,0.23,2
854,Entry short,2014-03-24 07:00,C0|S|MKT|15|v0.3.0-tier0|SPY,151.6,100,15160,58,0.38,0,64,0.42,-1,-0.01,233,0.23,2
855,Exit short,2014-03-26 08:00,TX30,151.78,100,15199,21,0.14,0,24,0.16,-14,-0.09,254,0.25,2
855,Entry short,2014-03-26 07:30,C0|S|MKT|15|v0.3.0-tier0|SPY,151.99,100,15199,21,0.14,0,24,0.16,-14,-0.09,254,0.25,2
856,Exit long,2014-03-27 08:00,TX30,150.6,100,15072,-12,-0.08,0,7,0.05,-31,-0.21,242,0.24,2
856,Entry long,2014-03-27 07:30,C0|L|MKT|15|v0.3.0-tier0|SPY,150.72,100,15072,-12,-0.08,0,7,0.05,-31,-0.21,242,0.24,2
857,Exit long,2014-03-28 07:30,TX30,151.38,100,15135,3,0.02,0,24,0.16,-4,-0.03,245,0.25,2
857,Entry long,2014-03-28 07:00,C0|L|MKT|15|v0.3.0-tier0|SPY,151.35,100,15135,3,0.02,0,24,0.16,-4,-0.03,245,0.25,2
858,Exit long,2014-03-31 07:30,TX30,152.17,100,15219,-2,-0.01,0,13,0.09,-20,-0.13,243,0.24,2
858,Entry long,2014-03-31 07:00,C0|L|MKT|15|v0.3.0-tier0|SPY,152.19,100,15219,-2,-0.01,0,13,0.09,-20,-0.13,243,0.24,2
859,Exit long,2014-04-01 07:30,TX30,153.01,100,15294,7,0.05,0,23,0.15,-2,-0.01,250,0.25,2
859,Entry long,2014-04-01 07:00,C0|L|MKT|15|v0.3.0-tier0|SPY,152.94,100,15294,7,0.05,0,23,0.15,-2,-0.01,250,0.25,2
860,Exit long,2014-04-02 08:00,TX30,153.62,100,15353,9,0.06,0,13,0.08,-4,-0.03,259,0.26,2
860,Entry long,2014-04-02 07:30,C0|L|MKT|15|v0.3.0-tier0|SPY,153.53,100,15353,9,0.06,0,13,0.08,-4,-0.03,259,0.26,2
861,Exit short,2014-04-03 07:45,TX30,153.47,100,15373,26,0.17,0,32,0.21,-9,-0.06,285,0.29,2
861,Entry short,2014-04-03 07:15,C0|S|MKT|15|v0.3.0-tier0|SPY,153.73,100,15373,26,0.17,0,32,0.21,-9,-0.06,285,0.29,2
862,Exit long,2014-04-07 07:45,TX30,151.01,100,15148,-47,-0.31,0,3,0.02,-70,-0.46,238,0.24,2
862,Entry long,2014-04-07 07:15,C0|L|MKT|15|v0.3.0-tier0|SPY,151.48,100,15148,-47,-0.31,0,3,0.02,-70,-0.46,238,0.24,2
863,Exit short,2014-04-08 08:00,TX30,150.18,100,14941,-77,-0.52,0,0,0.00,-87,-0.58,161,0.16,2
863,Entry short,2014-04-08 07:30,C0|S|MKT|15|v0.3.0-tier0|SPY,149.41,100,14941,-77,-0.52,0,0,0.00,-87,-0.58,161,0.16,2
864,Exit short,2014-04-09 07:45,TX30,151.07,100,15067,-40,-0.27,0,1,0.01,-50,-0.33,121,0.12,2
864,Entry short,2014-04-09 07:15,C0|S|MKT|15|v0.3.0-tier0|SPY,150.67,100,15067,-40,-0.27,0,1,0.01,-50,-0.33,121,0.12,2
865,Exit long,2014-04-11 07:30,TX30,148.39,100,14866,-27,-0.18,0,6,0.04,-69,-0.46,94,0.09,2
865,Entry long,2014-04-11 07:00,C0|L|MKT|15|v0.3.0-tier0|SPY,148.66,100,14866,-27,-0.18,0,6,0.04,-69,-0.46,94,0.09,2
866,Exit short,2014-04-14 07:30,TX30,148.47,100,14833,-14,-0.09,0,12,0.08,-35,-0.24,80,0.08,2
866,Entry short,2014-04-14 07:00,C0|S|MKT|15|v0.3.0-tier0|SPY,148.33,100,14833,-14,-0.09,0,12,0.08,-35,-0.24,80,0.08,2
867,Exit long,2014-04-15 07:30,TX30,148.86,100,14981,-95,-0.63,0,12,0.08,-100,-0.67,-15,-0.01,2
867,Entry long,2014-04-15 07:00,C0|L|MKT|15|v0.3.0-tier0|SPY,149.81,100,14981,-95,-0.63,0,12,0.08,-100,-0.67,-15,-0.01,2
868,Exit short,2014-04-16 07:30,TX30,150.56,100,15061,5,0.03,0,20,0.13,-17,-0.11,-10,-0.01,2
868,Entry short,2014-04-16 07:00,C0|S|MKT|15|v0.3.0-tier0|SPY,150.61,100,15061,5,0.03,0,20,0.13,-17,-0.11,-10,-0.01,2
869,Exit long,2014-04-17 08:00,TX30,151.61,100,15154,7,0.05,0,15,0.10,-10,-0.07,-3,0.00,2
869,Entry long,2014-04-17 07:30,C0|L|MKT|15|v0.3.0-tier0|SPY,151.54,100,15154,7,0.05,0,15,0.10,-10,-0.07,-3,0.00,2
870,Exit long,2014-04-22 07:30,TX30,152.85,100,15270,15,0.10,0,23,0.15,-6,-0.04,12,0.01,2
870,Entry long,2014-04-22 07:00,C0|L|MKT|15|v0.3.0-tier0|SPY,152.7,100,15270,15,0.10,0,23,0.15,-6,-0.04,12,0.01,2
871,Exit short,2014-04-23 07:45,TX30,152.88,100,15258,-30,-0.20,0,3,0.02,-32,-0.21,-18,-0.02,2
871,Entry short,2014-04-23 07:15,C0|S|MKT|15|v0.3.0-tier0|SPY,152.58,100,15258,-30,-0.20,0,3,0.02,-32,-0.21,-18,-0.02,2
872,Exit short,2014-04-24 07:30,TX30,152.75,100,15254,-21,-0.14,0,42,0.28,-22,-0.14,-39,-0.04,2
872,Entry short,2014-04-24 07:00,C0|S|MKT|15|v0.3.0-tier0|SPY,152.54,100,15254,-21,-0.14,0,42,0.28,-22,-0.14,-39,-0.04,2
873,Exit short,2014-04-25 07:30,TX30,152.03,100,15203,0,0.00,0,15,0.10,-24,-0.16,-39,-0.04,2
873,Entry short,2014-04-25 07:00,C0|S|MKT|15|v0.3.0-tier0|SPY,152.03,100,15203,0,0.00,0,15,0.10,-24,-0.16,-39,-0.04,2
874,Exit long,2014-04-28 07:45,TX30,152.63,100,15242,21,0.14,0,31,0.20,-1,-0.01,-18,-0.02,2
874,Entry long,2014-04-28 07:15,C0|L|MKT|15|v0.3.0-tier0|SPY,152.42,100,15242,21,0.14,0,31,0.20,-1,-0.01,-18,-0.02,2
875,Exit short,2014-04-29 08:00,TX30,152.61,100,15226,-35,-0.23,0,2,0.01,-50,-0.33,-53,-0.05,2
875,Entry short,2014-04-29 07:30,C0|S|MKT|15|v0.3.0-tier0|SPY,152.26,100,15226,-35,-0.23,0,2,0.01,-50,-0.33,-53,-0.05,2
876,Exit long,2014-04-30 08:00,TX30,152.9,100,15281,9,0.06,0,26,0.17,-5,-0.03,-44,-0.04,2
876,Entry long,2014-04-30 07:30,C0|L|MKT|15|v0.3.0-tier0|SPY,152.81,100,15281,9,0.06,0,26,0.17,-5,-0.03,-44,-0.04,2
877,Exit short,2014-05-01 07:45,TX30,153.26,100,15293,-33,-0.22,0,16,0.10,-36,-0.24,-77,-0.08,2
877,Entry short,2014-05-01 07:15,C0|S|MKT|15|v0.3.0-tier0|SPY,152.93,100,15293,-33,-0.22,0,16,0.10,-36,-0.24,-77,-0.08,2
878,Exit long,2014-05-02 07:45,TX30,153.48,100,15383,-35,-0.23,0,6,0.04,-42,-0.27,-112,-0.11,2
878,Entry long,2014-05-02 07:15,C0|L|MKT|15|v0.3.0-tier0|SPY,153.83,100,15383,-35,-0.23,0,6,0.04,-42,-0.27,-112,-0.11,2
879,Exit long,2014-05-05 07:30,TX30,152.68,100,15250,18,0.12,0,38,0.25,-14,-0.09,-94,-0.09,2
879,Entry long,2014-05-05 07:00,C0|L|MKT|15|v0.3.0-tier0|SPY,152.5,100,15250,18,0.12,0,38,0.25,-14,-0.09,-94,-0.09,2
880,Exit short,2014-05-07 07:30,TX30,151.75,100,15212,37,0.24,0,75,0.49,-31,-0.20,-57,-0.06,2
880,Entry short,2014-05-07 07:00,C0|S|MKT|15|v0.3.0-tier0|SPY,152.12,100,15212,37,0.24,0,75,0.49,-31,-0.20,-57,-0.06,2
881,Exit long,2014-05-08 07:30,TX30,153.51,100,15343,8,0.05,0,24,0.16,0,0.00,-49,-0.05,2
881,Entry long,2014-05-08 07:00,C0|L|MKT|15|v0.3.0-tier0|SPY,153.43,100,15343,8,0.05,0,24,0.16,0,0.00,-49,-0.05,2
882,Exit long,2014-05-12 07:30,TX30,154.11,100,15408,3,0.02,0,15,0.10,-7,-0.05,-46,-0.05,2
882,Entry long,2014-05-12 07:00,C0|L|MKT|15|v0.3.0-tier0|SPY,154.08,100,15408,3,0.02,0,15,0.10,-7,-0.05,-46,-0.05,2
883,Exit long,2014-05-13 07:45,TX30,154.9,100,15478,12,0.08,0,18,0.12,-6,-0.04,-34,-0.03,2
883,Entry long,2014-05-13 07:15,C0|L|MKT|15|v0.3.0-tier0|SPY,154.78,100,15478,12,0.08,0,18,0.12,-6,-0.04,-34,-0.03,2
884,Exit short,2014-05-15 07:30,TX30,152.42,100,15295,53,0.35,0,75,0.49,0,0.00,19,0.02,2
884,Entry short,2014-05-15 07:00,C0|S|MKT|15|v0.3.0-tier0|SPY,152.95,100,15295,53,0.35,0,75,0.49,0,0.00,19,0.02,2
885,Exit short,2014-05-16 07:45,TX30,152.24,100,15212,-12,-0.08,0,17,0.11,-20,-0.13,7,0.01,2
885,Entry short,2014-05-16 07:15,C0|S|MKT|15|v0.3.0-tier0|SPY,152.12,100,15212,-12,-0.08,0,17,0.11,-20,-0.13,7,0.01,2
886,Exit long,2014-05-19 08:00,TX30,153.24,100,15329,-5,-0.03,0,1,0.01,-12,-0.08,2,0.00,2
886,Entry long,2014-05-19 07:30,C0|L|MKT|15|v0.3.0-tier0|SPY,153.29,100,15329,-5,-0.03,0,1,0.01,-12,-0.08,2,0.00,2
887,Exit short,2014-05-20 07:30,TX30,153.05,100,15306,1,0.01,0,7,0.05,-26,-0.17,3,0.00,2
887,Entry short,2014-05-20 07:00,C0|S|MKT|15|v0.3.0-tier0|SPY,153.06,100,15306,1,0.01,0,7,0.05,-26,-0.17,3,0.00,2
888,Exit long,2014-05-21 07:45,TX30,153.6,100,15356,4,0.03,0,13,0.08,-9,-0.06,7,0.01,2
888,Entry long,2014-05-21 07:15,C0|L|MKT|15|v0.3.0-tier0|SPY,153.56,100,15356,4,0.03,0,13,0.08,-9,-0.06,7,0.01,2
889,Exit long,2014-05-22 07:30,TX30,154.07,100,15417,-10,-0.06,0,5,0.03,-26,-0.17,-3,0.00,2
889,Entry long,2014-05-22 07:00,C0|L|MKT|15|v0.3.0-tier0|SPY,154.17,100,15417,-10,-0.06,0,5,0.03,-26,-0.17,-3,0.00,2
890,Exit long,2014-05-23 07:45,TX30,154.73,100,15464,9,0.06,0,14,0.09,-7,-0.05,6,0.01,2
890,Entry long,2014-05-23 07:15,C0|L|MKT|15|v0.3.0-tier0|SPY,154.64,100,15464,9,0.06,0,14,0.09,-7,-0.05,6,0.01,2
891,Exit long,2014-05-27 07:45,TX30,155.77,100,15566,11,0.07,0,15,0.10,-2,-0.01,17,0.02,2
891,Entry long,2014-05-27 07:15,C0|L|MKT|15|v0.3.0-tier0|SPY,155.66,100,15566,11,0.07,0,15,0.10,-2,-0.01,17,0.02,2
892,Exit short,2014-05-28 07:45,TX30,155.53,100,15563,10,0.06,0,10,0.06,-11,-0.07,27,0.03,2
892,Entry short,2014-05-28 07:15,C0|S|MKT|15|v0.3.0-tier0|SPY,155.63,100,15563,10,0.06,0,10,0.06,-11,-0.07,27,0.03,2
893,Exit short,2014-05-29 07:45,TX30,156,100,15580,-20,-0.13,0,10,0.06,-22,-0.14,7,0.01,2
893,Entry short,2014-05-29 07:15,C0|S|MKT|15|v0.3.0-tier0|SPY,155.8,100,15580,-20,-0.13,0,10,0.06,-22,-0.14,7,0.01,2
894,Exit long,2014-05-30 07:45,TX30,156.53,100,15661,-8,-0.05,0,5,0.03,-11,-0.07,-1,0.00,2
894,Entry long,2014-05-30 07:15,C0|L|MKT|15|v0.3.0-tier0|SPY,156.61,100,15661,-8,-0.05,0,5,0.03,-11,-0.07,-1,0.00,2
895,Exit short,2014-06-02 07:30,TX30,156.5,100,15666,16,0.10,0,44,0.28,-2,-0.01,15,0.02,2
895,Entry short,2014-06-02 07:00,C0|S|MKT|15|v0.3.0-tier0|SPY,156.66,100,15666,16,0.10,0,44,0.28,-2,-0.01,15,0.02,2
896,Exit long,2014-06-03 07:30,TX30,156.78,100,15677,1,0.01,0,14,0.09,-2,-0.01,16,0.02,2
896,Entry long,2014-06-03 07:00,C0|L|MKT|15|v0.3.0-tier0|SPY,156.77,100,15677,1,0.01,0,14,0.09,-2,-0.01,16,0.02,2
897,Exit long,2014-06-04 07:30,TX30,156.75,100,15679,-4,-0.03,0,13,0.08,-7,-0.04,12,0.01,2
897,Entry long,2014-06-04 07:00,C0|L|MKT|15|v0.3.0-tier0|SPY,156.79,100,15679,-4,-0.03,0,13,0.08,-7,-0.04,12,0.01,2
898,Exit short,2014-06-05 07:45,TX30,157.39,100,15695,-44,-0.28,0,14,0.09,-50,-0.32,-32,-0.03,2
898,Entry short,2014-06-05 07:15,C0|S|MKT|15|v0.3.0-tier0|SPY,156.95,100,15695,-44,-0.28,0,14,0.09,-50,-0.32,-32,-0.03,2
899,Exit long,2014-06-06 07:30,TX30,158.85,100,15883,2,0.01,0,8,0.05,-11,-0.07,-30,-0.03,2
899,Entry long,2014-06-06 07:00,C0|L|MKT|15|v0.3.0-tier0|SPY,158.83,100,15883,2,0.01,0,8,0.05,-11,-0.07,-30,-0.03,2
900,Exit long,2014-06-09 08:00,TX30,159.26,100,15919,7,0.04,0,12,0.08,-7,-0.04,-23,-0.02,2
900,Entry long,2014-06-09 07:30,C0|L|MKT|15|v0.3.0-tier0|SPY,159.19,100,15919,7,0.04,0,12,0.08,-7,-0.04,-23,-0.02,2
901,Exit short,2014-06-10 07:45,TX30,158.94,100,15879,-15,-0.09,0,5,0.03,-25,-0.16,-38,-0.04,2
901,Entry short,2014-06-10 07:15,C0|S|MKT|15|v0.3.0-tier0|SPY,158.79,100,15879,-15,-0.09,0,5,0.03,-25,-0.16,-38,-0.04,2
902,Exit short,2014-06-12 08:00,TX30,157.99,100,15805,6,0.04,0,18,0.11,-7,-0.04,-32,-0.03,2
902,Entry short,2014-06-12 07:30,C0|S|MKT|15|v0.3.0-tier0|SPY,158.05,100,15805,6,0.04,0,18,0.11,-7,-0.04,-32,-0.03,2
903,Exit short,2014-06-13 07:45,TX30,158.02,100,15740,-62,-0.39,0,1,0.01,-70,-0.44,-94,-0.09,2
903,Entry short,2014-06-13 07:15,C0|S|MKT|15|v0.3.0-tier0|SPY,157.4,100,15740,-62,-0.39,0,1,0.01,-70,-0.44,-94,-0.09,2
904,Exit long,2014-06-16 07:45,TX30,158.3,100,15837,-7,-0.04,0,6,0.04,-13,-0.08,-101,-0.10,2
904,Entry long,2014-06-16 07:15,C0|L|MKT|15|v0.3.0-tier0|SPY,158.37,100,15837,-7,-0.04,0,6,0.04,-13,-0.08,-101,-0.10,2
905,Exit long,2014-06-17 07:30,TX30,158.38,100,15817,21,0.13,0,29,0.18,0,0.00,-80,-0.08,2
905,Entry long,2014-06-17 07:00,C0|L|MKT|15|v0.3.0-tier0|SPY,158.17,100,15817,21,0.13,0,29,0.18,0,0.00,-80,-0.08,2
906,Exit long,2014-06-18 07:30,TX30,158.61,100,15871,-10,-0.06,0,3,0.02,-23,-0.14,-90,-0.09,2
906,Entry long,2014-06-18 07:00,C0|L|MKT|15|v0.3.0-tier0|SPY,158.71,100,15871,-10,-0.06,0,3,0.02,-23,-0.14,-90,-0.09,2
907,Exit short,2014-06-19 07:45,TX30,159.79,100,15976,-3,-0.02,0,16,0.10,-7,-0.04,-93,-0.09,2
907,Entry short,2014-06-19 07:15,C0|S|MKT|15|v0.3.0-tier0|SPY,159.76,100,15976,-3,-0.02,0,16,0.10,-7,-0.04,-93,-0.09,2
908,Exit short,2014-06-20 08:00,TX30,160.2,100,16004,-16,-0.10,0,0,0.00,-18,-0.11,-109,-0.11,2
908,Entry short,2014-06-20 07:30,C0|S|MKT|15|v0.3.0-tier0|SPY,160.04,100,16004,-16,-0.10,0,0,0.00,-18,-0.11,-109,-0.11,2
909,Exit long,2014-06-24 07:45,TX30,160.58,100,16028,30,0.19,0,33,0.21,-6,-0.04,-79,-0.08,2
909,Entry long,2014-06-24 07:15,C0|L|MKT|15|v0.3.0-tier0|SPY,160.28,100,16028,30,0.19,0,33,0.21,-6,-0.04,-79,-0.08,2
910,Exit long,2014-06-25 07:30,TX30,159.32,100,15939,-7,-0.04,0,12,0.08,-21,-0.13,-86,-0.09,2
910,Entry long,2014-06-25 07:00,C0|L|MKT|15|v0.3.0-tier0|SPY,159.39,100,15939,-7,-0.04,0,12,0.08,-21,-0.13,-86,-0.09,2
911,Exit short,2014-06-26 07:30,TX30,159.22,100,15898,-24,-0.15,0,6,0.04,-33,-0.21,-110,-0.11,2
911,Entry short,2014-06-26 07:00,C0|S|MKT|15|v0.3.0-tier0|SPY,158.98,100,15898,-24,-0.15,0,6,0.04,-33,-0.21,-110,-0.11,2
912,Exit long,2014-06-30 07:45,TX30,160.19,100,16029,-10,-0.06,0,11,0.07,-12,-0.07,-120,-0.12,2
912,Entry long,2014-06-30 07:15,C0|L|MKT|15|v0.3.0-tier0|SPY,160.29,100,16029,-10,-0.06,0,11,0.07,-12,-0.07,-120,-0.12,2
913,Exit long,2014-07-01 07:30,TX30,160.81,100,16071,10,0.06,0,29,0.18,-14,-0.09,-110,-0.11,2
913,Entry long,2014-07-01 07:00,C0|L|MKT|15|v0.3.0-tier0|SPY,160.71,100,16071,10,0.06,0,29,0.18,-14,-0.09,-110,-0.11,2
914,Exit long,2014-07-07 07:45,TX30,161.75,100,16181,-6,-0.04,0,6,0.04,-13,-0.08,-116,-0.12,2
914,Entry long,2014-07-07 07:15,C0|L|MKT|15|v0.3.0-tier0|SPY,161.81,100,16181,-6,-0.04,0,6,0.04,-13,-0.08,-116,-0.12,2
915,Exit short,2014-07-08 07:45,TX30,160.54,100,16061,7,0.04,0,29,0.18,-9,-0.06,-109,-0.11,2
915,Entry short,2014-07-08 07:15,C0|S|MKT|15|v0.3.0-tier0|SPY,160.61,100,16061,7,0.04,0,29,0.18,-9,-0.06,-109,-0.11,2
916,Exit short,2014-07-09 07:30,TX30,160.81,100,16064,-17,-0.11,0,12,0.07,-18,-0.11,-126,-0.13,2
916,Entry short,2014-07-09 07:00,C0|S|MKT|15|v0.3.0-tier0|SPY,160.64,100,16064,-17,-0.11,0,12,0.07,-18,-0.11,-126,-0.13,2
917,Exit long,2014-07-10 07:45,TX30,160.09,100,15999,10,0.06,0,19,0.12,-4,-0.03,-116,-0.12,2
917,Entry long,2014-07-10 07:15,C0|L|MKT|15|v0.3.0-tier0|SPY,159.99,100,15999,10,0.06,0,19,0.12,-4,-0.03,-116,-0.12,2
918,Exit short,2014-07-15 07:45,TX30,161.2,100,16146,26,0.16,0,37,0.23,-13,-0.08,-90,-0.09,2
918,Entry short,2014-07-15 07:15,C0|S|MKT|15|v0.3.0-tier0|SPY,161.46,100,16146,26,0.16,0,37,0.23,-13,-0.08,-90,-0.09,2
919,Exit long,2014-07-17 07:30,TX30,161.94,100,16177,17,0.11,0,19,0.12,-12,-0.07,-73,-0.07,2
919,Entry long,2014-07-17 07:00,C0|L|MKT|15|v0.3.0-tier0|SPY,161.77,100,16177,17,0.11,0,19,0.12,-12,-0.07,-73,-0.07,2
920,Exit long,2014-07-22 07:45,TX30,162.14,100,16212,2,0.01,0,9,0.06,-9,-0.06,-71,-0.07,2
920,Entry long,2014-07-22 07:15,C0|L|MKT|15|v0.3.0-tier0|SPY,162.12,100,16212,2,0.01,0,9,0.06,-9,-0.06,-71,-0.07,2
921,Exit short,2014-07-24 07:30,TX30,162.5,100,16244,-6,-0.04,0,18,0.11,-9,-0.06,-77,-0.08,2
921,Entry short,2014-07-24 07:00,C0|S|MKT|15|v0.3.0-tier0|SPY,162.44,100,16244,-6,-0.04,0,18,0.11,-9,-0.06,-77,-0.08,2
922,Exit short,2014-07-28 07:30,TX30,160.94,100,16124,30,0.19,0,47,0.29,-1,-0.01,-47,-0.05,2
922,Entry short,2014-07-28 07:00,C0|S|MKT|15|v0.3.0-tier0|SPY,161.24,100,16124,30,0.19,0,47,0.29,-1,-0.01,-47,-0.05,2
923,Exit long,2014-07-29 07:45,TX30,162.21,100,16221,0,0.00,0,5,0.03,-13,-0.08,-47,-0.05,2
923,Entry long,2014-07-29 07:15,C0|L|MKT|15|v0.3.0-tier0|SPY,162.21,100,16221,0,0.00,0,5,0.03,-13,-0.08,-47,-0.05,2
924,Exit short,2014-07-30 07:30,TX30,161.19,100,16127,8,0.05,0,36,0.22,-4,-0.02,-39,-0.04,2
924,Entry short,2014-07-30 07:00,C0|S|MKT|15|v0.3.0-tier0|SPY,161.27,100,16127,8,0.05,0,36,0.22,-4,-0.02,-39,-0.04,2
925,Exit short,2014-07-31 08:00,TX30,158.82,100,15950,68,0.43,0,71,0.45,-3,-0.02,29,0.03,2
925,Entry short,2014-07-31 07:30,C0|S|MKT|15|v0.3.0-tier0|SPY,159.5,100,15950,68,0.43,0,71,0.45,-3,-0.02,29,0.03,2
926,Exit long,2014-08-01 07:30,TX30,158.03,100,15815,-12,-0.08,0,27,0.17,-50,-0.32,17,0.02,2
926,Entry long,2014-08-01 07:00,C0|L|MKT|15|v0.3.0-tier0|SPY,158.15,100,15815,-12,-0.08,0,27,0.17,-50,-0.32,17,0.02,2
927,Exit long,2014-08-04 07:30,TX30,157.64,100,15777,-13,-0.08,0,10,0.06,-32,-0.20,4,0.00,2
927,Entry long,2014-08-04 07:00,C0|L|MKT|15|v0.3.0-tier0|SPY,157.77,100,15777,-13,-0.08,0,10,0.06,-32,-0.20,4,0.00,2
928,Exit short,2014-08-05 07:30,TX30,158.03,100,15772,-31,-0.20,0,26,0.16,-32,-0.20,-27,-0.03,2
928,Entry short,2014-08-05 07:00,C0|S|MKT|15|v0.3.0-tier0|SPY,157.72,100,15772,-31,-0.20,0,26,0.16,-32,-0.20,-27,-0.03,2
929,Exit long,2014-08-06 07:45,TX30,157.17,100,15698,19,0.12,0,43,0.27,-20,-0.13,-8,-0.01,2
929,Entry long,2014-08-06 07:15,C0|L|MKT|15|v0.3.0-tier0|SPY,156.98,100,15698,19,0.12,0,43,0.27,-20,-0.13,-8,-0.01,2
930,Exit long,2014-08-11 07:30,TX30,158.76,100,15876,0,0.00,0,15,0.09,-8,-0.05,-8,-0.01,2
930,Entry long,2014-08-11 07:00,C0|L|MKT|15|v0.3.0-tier0|SPY,158.76,100,15876,0,0.00,0,15,0.09,-8,-0.05,-8,-0.01,2
931,Exit short,2014-08-13 07:30,TX30,158.81,100,15869,-12,-0.08,0,9,0.06,-21,-0.13,-20,-0.02,2
931,Entry short,2014-08-13 07:00,C0|S|MKT|15|v0.3.0-tier0|SPY,158.69,100,15869,-12,-0.08,0,9,0.06,-21,-0.13,-20,-0.02,2
932,Exit long,2014-08-15 08:00,TX30,159.76,100,16069,-93,-0.58,0,10,0.06,-144,-0.90,-113,-0.11,2
932,Entry long,2014-08-15 07:30,C0|L|MKT|15|v0.3.0-tier0|SPY,160.69,100,16069,-93,-0.58,0,10,0.06,-144,-0.90,-113,-0.11,2
933,Exit long,2014-08-18 07:30,TX30,161.18,100,16118,0,0.00,0,9,0.06,-9,-0.06,-113,-0.11,2
933,Entry long,2014-08-18 07:00,C0|L|MKT|15|v0.3.0-tier0|SPY,161.18,100,16118,0,0.00,0,9,0.06,-9,-0.06,-113,-0.11,2
934,Exit long,2014-08-19 07:30,TX30,161.9,100,16190,0,0.00,0,9,0.06,-9,-0.06,-113,-0.11,2
934,Entry long,2014-08-19 07:00,C0|L|MKT|15|v0.3.0-tier0|SPY,161.9,100,16190,0,0.00,0,9,0.06,-9,-0.06,-113,-0.11,2
935,Exit long,2014-08-20 07:45,TX30,162.24,100,16217,7,0.04,0,20,0.12,-1,-0.01,-106,-0.11,2
935,Entry long,2014-08-20 07:15,C0|L|MKT|15|v0.3.0-tier0|SPY,162.17,100,16217,7,0.04,0,20,0.12,-1,-0.01,-106,-0.11,2
936,Exit long,2014-08-21 07:30,TX30,162.92,100,16301,-9,-0.06,0,10,0.06,-35,-0.21,-115,-0.11,2
936,Entry long,2014-08-21 07:00,C0|L|MKT|15|v0.3.0-tier0|SPY,163.01,100,16301,-9,-0.06,0,10,0.06,-35,-0.21,-115,-0.11,2
937,Exit long,2014-08-22 07:45,TX30,162.93,100,16321,-28,-0.17,0,5,0.03,-35,-0.21,-143,-0.14,2
937,Entry long,2014-08-22 07:15,C0|L|MKT|15|v0.3.0-tier0|SPY,163.21,100,16321,-28,-0.17,0,5,0.03,-35,-0.21,-143,-0.14,2
938,Exit long,2014-08-25 07:30,TX30,163.69,100,16374,-5,-0.03,0,7,0.04,-13,-0.08,-148,-0.15,2
938,Entry long,2014-08-25 07:00,C0|L|MKT|15|v0.3.0-tier0|SPY,163.74,100,16374,-5,-0.03,0,7,0.04,-13,-0.08,-148,-0.15,2
939,Exit short,2014-08-27 07:30,TX30,163.65,100,16367,2,0.01,0,7,0.04,-9,-0.05,-146,-0.15,2
939,Entry short,2014-08-27 07:00,C0|S|MKT|15|v0.3.0-tier0|SPY,163.67,100,16367,2,0.01,0,7,0.04,-9,-0.05,-146,-0.15,2
940,Exit long,2014-08-28 07:30,TX30,163.37,100,16338,-1,-0.01,0,9,0.06,-24,-0.15,-147,-0.15,2
940,Entry long,2014-08-28 07:00,C0|L|MKT|15|v0.3.0-tier0|SPY,163.38,100,16338,-1,-0.01,0,9,0.06,-24,-0.15,-147,-0.15,2
941,Exit short,2014-08-29 07:30,TX30,163.44,100,16365,21,0.13,0,27,0.16,-3,-0.02,-126,-0.13,2
941,Entry short,2014-08-29 07:00,C0|S|MKT|15|v0.3.0-tier0|SPY,163.65,100,16365,21,0.13,0,27,0.16,-3,-0.02,-126,-0.13,2
942,Exit short,2014-09-03 08:00,TX30,164.38,100,16432,-6,-0.04,0,3,0.02,-14,-0.09,-132,-0.13,2
942,Entry short,2014-09-03 07:30,C0|S|MKT|15|v0.3.0-tier0|SPY,164.32,100,16432,-6,-0.04,0,3,0.02,-14,-0.09,-132,-0.13,2
943,Exit long,2014-09-04 07:30,TX30,164.68,100,16459,9,0.05,0,21,0.13,-9,-0.05,-123,-0.12,2
943,Entry long,2014-09-04 07:00,C0|L|MKT|15|v0.3.0-tier0|SPY,164.59,100,16459,9,0.05,0,21,0.13,-9,-0.05,-123,-0.12,2
944,Exit short,2014-09-08 08:00,TX30,164.25,100,16414,-11,-0.07,0,18,0.11,-13,-0.08,-134,-0.13,2
944,Entry short,2014-09-08 07:30,C0|S|MKT|15|v0.3.0-tier0|SPY,164.14,100,16414,-11,-0.07,0,18,0.11,-13,-0.08,-134,-0.13,2
945,Exit short,2014-09-09 07:30,TX30,163.4,100,16336,-4,-0.02,0,16,0.10,-19,-0.12,-138,-0.14,2
945,Entry short,2014-09-09 07:00,C0|S|MKT|15|v0.3.0-tier0|SPY,163.36,100,16336,-4,-0.02,0,16,0.10,-19,-0.12,-138,-0.14,2
946,Exit long,2014-09-11 07:30,TX30,163.16,100,16342,-26,-0.16,0,6,0.04,-26,-0.16,-164,-0.16,2
946,Entry long,2014-09-11 07:00,C0|L|MKT|15|v0.3.0-tier0|SPY,163.42,100,16342,-26,-0.16,0,6,0.04,-26,-0.16,-164,-0.16,2
947,Exit short,2014-09-12 07:30,TX30,163.31,100,16314,-17,-0.10,0,25,0.15,-28,-0.17,-181,-0.18,2
947,Entry short,2014-09-12 07:00,C0|S|MKT|15|v0.3.0-tier0|SPY,163.14,100,16314,-17,-0.10,0,25,0.15,-28,-0.17,-181,-0.18,2
948,Exit short,2014-09-15 07:30,TX30,162.7,100,16239,-31,-0.19,0,18,0.11,-35,-0.22,-212,-0.21,2
948,Entry short,2014-09-15 07:00,C0|S|MKT|15|v0.3.0-tier0|SPY,162.39,100,16239,-31,-0.19,0,18,0.11,-35,-0.22,-212,-0.21,2
949,Exit long,2014-09-16 07:30,TX30,162.99,100,16291,8,0.05,0,24,0.15,-4,-0.02,-204,-0.20,2
949,Entry long,2014-09-16 07:00,C0|L|MKT|15|v0.3.0-tier0|SPY,162.91,100,16291,8,0.05,0,24,0.15,-4,-0.02,-204,-0.20,2
950,Exit long,2014-09-18 07:30,TX30,164.57,100,16471,-14,-0.08,0,19,0.12,-17,-0.10,-218,-0.22,2
950,Entry long,2014-09-18 07:00,C0|L|MKT|15|v0.3.0-tier0|SPY,164.71,100,16471,-14,-0.08,0,19,0.12,-17,-0.10,-218,-0.22,2
951,Exit short,2014-09-19 08:00,TX30,165.27,100,16527,0,0.00,0,12,0.07,-7,-0.04,-218,-0.22,2
951,Entry short,2014-09-19 07:30,C0|S|MKT|15|v0.3.0-tier0|SPY,165.27,100,16527,0,0.00,0,12,0.07,-7,-0.04,-218,-0.22,2
952,Exit short,2014-09-22 08:00,TX30,163.7,100,16404,34,0.21,0,43,0.26,-1,-0.01,-184,-0.18,2
952,Entry short,2014-09-22 07:30,C0|S|MKT|15|v0.3.0-tier0|SPY,164.04,100,16404,34,0.21,0,43,0.26,-1,-0.01,-184,-0.18,2
953,Exit long,2014-09-23 07:30,TX30,163.41,100,16351,-10,-0.06,0,18,0.11,-11,-0.07,-194,-0.19,2
953,Entry long,2014-09-23 07:00,C0|L|MKT|15|v0.3.0-tier0|SPY,163.51,100,16351,-10,-0.06,0,18,0.11,-11,-0.07,-194,-0.19,2
954,Exit short,2014-09-24 07:30,TX30,162.59,100,16258,-1,-0.01,0,31,0.19,-11,-0.07,-195,-0.19,2
954,Entry short,2014-09-24 07:00,C0|S|MKT|15|v0.3.0-tier0|SPY,162.58,100,16258,-1,-0.01,0,31,0.19,-11,-0.07,-195,-0.19,2
955,Exit short,2014-09-25 07:30,TX30,162.3,100,16269,39,0.24,0,72,0.44,-6,-0.04,-156,-0.16,2
955,Entry short,2014-09-25 07:00,C0|S|MKT|15|v0.3.0-tier0|SPY,162.69,100,16269,39,0.24,0,72,0.44,-6,-0.04,-156,-0.16,2
956,Exit long,2014-09-29 07:30,TX30,161.84,100,16149,35,0.22,0,53,0.33,-14,-0.09,-121,-0.12,2
956,Entry long,2014-09-29 07:00,C0|L|MKT|15|v0.3.0-tier0|SPY,161.49,100,16149,35,0.22,0,53,0.33,-14,-0.09,-121,-0.12,2
957,Exit short,2014-10-01 07:45,TX30,160.62,100,16053,-9,-0.06,0,17,0.11,-30,-0.19,-130,-0.13,2
957,Entry short,2014-10-01 07:15,C0|S|MKT|15|v0.3.0-tier0|SPY,160.53,100,16053,-9,-0.06,0,17,0.11,-30,-0.19,-130,-0.13,2
958,Exit short,2014-10-02 07:45,TX30,159.09,100,15944,35,0.22,0,43,0.27,-28,-0.18,-95,-0.09,2
958,Entry short,2014-10-02 07:15,C0|S|MKT|15|v0.3.0-tier0|SPY,159.44,100,15944,35,0.22,0,43,0.27,-28,-0.18,-95,-0.09,2
959,Exit long,2014-10-03 07:30,TX30,161.06,100,16103,3,0.02,0,39,0.24,-3,-0.02,-92,-0.09,2
959,Entry long,2014-10-03 07:00,C0|L|MKT|15|v0.3.0-tier0|SPY,161.03,100,16103,3,0.02,0,39,0.24,-3,-0.02,-92,-0.09,2
960,Exit short,2014-10-06 07:45,TX30,161.87,100,16191,4,0.02,0,22,0.14,-12,-0.07,-88,-0.09,2
960,Entry short,2014-10-06 07:15,C0|S|MKT|15|v0.3.0-tier0|SPY,161.91,100,16191,4,0.02,0,22,0.14,-12,-0.07,-88,-0.09,2
961,Exit short,2014-10-09 07:30,TX30,160.88,100,16077,-11,-0.07,0,20,0.12,-33,-0.21,-99,-0.10,2
961,Entry short,2014-10-09 07:00,C0|S|MKT|15|v0.3.0-tier0|SPY,160.77,100,16077,-11,-0.07,0,20,0.12,-33,-0.21,-99,-0.10,2
962,Exit short,2014-10-10 07:45,TX30,157.71,100,15767,-4,-0.03,0,62,0.39,-11,-0.07,-103,-0.10,2
962,Entry short,2014-10-10 07:15,C0|S|MKT|15|v0.3.0-tier0|SPY,157.67,100,15767,-4,-0.03,0,62,0.39,-11,-0.07,-103,-0.10,2
963,Exit short,2014-10-13 07:30,TX30,155.43,100,15615,72,0.46,0,73,0.47,-29,-0.19,-31,-0.03,2
963,Entry short,2014-10-13 07:00,C0|S|MKT|15|v0.3.0-tier0|SPY,156.15,100,15615,72,0.46,0,73,0.47,-29,-0.19,-31,-0.03,2
964,Exit short,2014-10-14 07:30,TX30,154.41,100,15430,-11,-0.07,0,26,0.17,-56,-0.36,-42,-0.04,2
964,Entry short,2014-10-14 07:00,C0|S|MKT|15|v0.3.0-tier0|SPY,154.3,100,15430,-11,-0.07,0,26,0.17,-56,-0.36,-42,-0.04,2
965,Exit long,2014-10-15 07:30,TX30,152.61,100,15270,-9,-0.06,0,64,0.42,-19,-0.12,-51,-0.05,2
965,Entry long,2014-10-15 07:00,C0|L|MKT|15|v0.3.0-tier0|SPY,152.7,100,15270,-9,-0.06,0,64,0.42,-19,-0.12,-51,-0.05,2
966,Exit long,2014-10-16 07:30,TX30,151.71,100,15205,-34,-0.22,0,60,0.39,-141,-0.93,-85,-0.08,2
966,Entry long,2014-10-16 07:00,C0|L|MKT|15|v0.3.0-tier0|SPY,152.05,100,15205,-34,-0.22,0,60,0.39,-141,-0.93,-85,-0.08,2
967,Exit long,2014-10-17 07:45,TX30,155.14,100,15494,20,0.13,0,52,0.34,-3,-0.02,-65,-0.06,2
967,Entry long,2014-10-17 07:15,C0|L|MKT|15|v0.3.0-tier0|SPY,154.94,100,15494,20,0.13,0,52,0.34,-3,-0.02,-65,-0.06,2
968,Exit long,2014-10-20 08:00,TX30,155.37,100,15545,-8,-0.05,0,22,0.14,-18,-0.12,-73,-0.07,2
968,Entry long,2014-10-20 07:30,C0|L|MKT|15|v0.3.0-tier0|SPY,155.45,100,15545,-8,-0.05,0,22,0.14,-18,-0.12,-73,-0.07,2
969,Exit long,2014-10-21 07:30,TX30,158.03,100,15785,18,0.11,0,29,0.18,-12,-0.08,-55,-0.05,2
969,Entry long,2014-10-21 07:00,C0|L|MKT|15|v0.3.0-tier0|SPY,157.85,100,15785,18,0.11,0,29,0.18,-12,-0.08,-55,-0.05,2
970,Exit long,2014-10-22 07:30,TX30,159.76,100,15990,-14,-0.09,0,2,0.01,-48,-0.30,-69,-0.07,2
970,Entry long,2014-10-22 07:00,C0|L|MKT|15|v0.3.0-tier0|SPY,159.9,100,15990,-14,-0.09,0,2,0.01,-48,-0.30,-69,-0.07,2
971,Exit short,2014-10-23 07:30,TX30,160.18,100,15975,-43,-0.27,0,4,0.03,-67,-0.42,-112,-0.11,2
971,Entry short,2014-10-23 07:00,C0|S|MKT|15|v0.3.0-tier0|SPY,159.75,100,15975,-43,-0.27,0,4,0.03,-67,-0.42,-112,-0.11,2
972,Exit short,2014-10-27 07:30,TX30,160.75,100,16051,-24,-0.15,0,30,0.19,-35,-0.22,-136,-0.14,2
972,Entry short,2014-10-27 07:00,C0|S|MKT|15|v0.3.0-tier0|SPY,160.51,100,16051,-24,-0.15,0,30,0.19,-35,-0.22,-136,-0.14,2
973,Exit long,2014-10-29 07:30,TX30,163.1,100,16354,-44,-0.27,0,3,0.02,-55,-0.34,-180,-0.18,2
973,Entry long,2014-10-29 07:00,C0|L|MKT|15|v0.3.0-tier0|SPY,163.54,100,16354,-44,-0.27,0,3,0.02,-55,-0.34,-180,-0.18,2
974,Exit short,2014-11-03 08:00,TX30,165.84,100,16551,-33,-0.20,0,4,0.02,-37,-0.22,-213,-0.21,2
974,Entry short,2014-11-03 07:30,C0|S|MKT|15|v0.3.0-tier0|SPY,165.51,100,16551,-33,-0.20,0,4,0.02,-37,-0.22,-213,-0.21,2
975,Exit short,2014-11-04 08:00,TX30,164.55,100,16506,51,0.31,0,53,0.32,-2,-0.01,-162,-0.16,2
975,Entry short,2014-11-04 07:30,C0|S|MKT|15|v0.3.0-tier0|SPY,165.06,100,16506,51,0.31,0,53,0.32,-2,-0.01,-162,-0.16,2
976,Exit short,2014-11-05 08:00,TX30,165.91,100,16572,-19,-0.11,0,23,0.14,-19,-0.11,-181,-0.18,2
976,Entry short,2014-11-05 07:30,C0|S|MKT|15|v0.3.0-tier0|SPY,165.72,100,16572,-19,-0.11,0,23,0.14,-19,-0.11,-181,-0.18,2
977,Exit short,2014-11-06 07:45,TX30,166.15,100,16597,-18,-0.11,0,33,0.20,-28,-0.17,-199,-0.20,2
977,Entry short,2014-11-06 07:15,C0|S|MKT|15|v0.3.0-tier0|SPY,165.97,100,16597,-18,-0.11,0,33,0.20,-28,-0.17,-199,-0.20,2
978,Exit long,2014-11-11 08:00,TX30,167.75,100,16769,6,0.04,0,9,0.05,-7,-0.04,-193,-0.19,2
978,Entry long,2014-11-11 07:30,C0|L|MKT|15|v0.3.0-tier0|SPY,167.69,100,16769,6,0.04,0,9,0.05,-7,-0.04,-193,-0.19,2
979,Exit long,2014-11-12 07:45,TX30,167.29,100,16742,-13,-0.08,0,11,0.07,-18,-0.11,-206,-0.21,2
979,Entry long,2014-11-12 07:15,C0|L|MKT|15|v0.3.0-tier0|SPY,167.42,100,16742,-13,-0.08,0,11,0.07,-18,-0.11,-206,-0.21,2
980,Exit long,2014-11-13 07:30,TX30,168.16,100,16806,10,0.06,0,15,0.09,-17,-0.10,-196,-0.20,2
980,Entry long,2014-11-13 07:00,C0|L|MKT|15|v0.3.0-tier0|SPY,168.06,100,16806,10,0.06,0,15,0.09,-17,-0.10,-196,-0.20,2
981,Exit long,2014-11-14 07:45,TX30,167.64,100,16791,-27,-0.16,0,0,0.00,-52,-0.31,-223,-0.22,2
981,Entry long,2014-11-14 07:15,C0|L|MKT|15|v0.3.0-tier0|SPY,167.91,100,16791,-27,-0.16,0,0,0.00,-52,-0.31,-223,-0.22,2
982,Exit long,2014-11-17 07:45,TX30,167.69,100,16769,0,0.00,0,29,0.17,-8,-0.05,-223,-0.22,2
982,Entry long,2014-11-17 07:15,C0|L|MKT|15|v0.3.0-tier0|SPY,167.69,100,16769,0,0.00,0,29,0.17,-8,-0.05,-223,-0.22,2
983,Exit long,2014-11-18 07:30,TX30,168.41,100,16853,-12,-0.07,0,12,0.07,-13,-0.08,-235,-0.23,2
983,Entry long,2014-11-18 07:00,C0|L|MKT|15|v0.3.0-tier0|SPY,168.53,100,16853,-12,-0.07,0,12,0.07,-13,-0.08,-235,-0.23,2
984,Exit short,2014-11-19 07:45,TX30,167.94,100,16812,18,0.11,0,22,0.13,-12,-0.07,-217,-0.22,2
984,Entry short,2014-11-19 07:15,C0|S|MKT|15|v0.3.0-tier0|SPY,168.12,100,16812,18,0.11,0,22,0.13,-12,-0.07,-217,-0.22,2
985,Exit long,2014-11-20 07:30,TX30,168.52,100,16828,24,0.14,0,29,0.17,-2,-0.01,-193,-0.19,2
985,Entry long,2014-11-20 07:00,C0|L|MKT|15|v0.3.0-tier0|SPY,168.28,100,16828,24,0.14,0,29,0.17,-2,-0.01,-193,-0.19,2
986,Exit short,2014-11-21 08:00,TX30,170.08,100,17025,17,0.10,0,25,0.15,0,0.00,-176,-0.18,2
986,Entry short,2014-11-21 07:30,C0|S|MKT|15|v0.3.0-tier0|SPY,170.25,100,17025,17,0.10,0,25,0.15,0,0.00,-176,-0.18,2
987,Exit short,2014-11-24 07:30,TX30,170.25,100,17005,-20,-0.12,0,3,0.02,-21,-0.12,-196,-0.20,2
987,Entry short,2014-11-24 07:00,C0|S|MKT|15|v0.3.0-tier0|SPY,170.05,100,17005,-20,-0.12,0,3,0.02,-21,-0.12,-196,-0.20,2
988,Exit short,2014-11-25 07:45,TX30,170.19,100,17027,8,0.05,0,16,0.09,-7,-0.04,-188,-0.19,2
988,Entry short,2014-11-25 07:15,C0|S|MKT|15|v0.3.0-tier0|SPY,170.27,100,17027,8,0.05,0,16,0.09,-7,-0.04,-188,-0.19,2
989,Exit long,2014-11-28 07:30,TX30,170.62,100,17057,5,0.03,0,12,0.07,-10,-0.06,-183,-0.18,2
989,Entry long,2014-11-28 07:00,C0|L|MKT|15|v0.3.0-tier0|SPY,170.57,100,17057,5,0.03,0,12,0.07,-10,-0.06,-183,-0.18,2
990,Exit short,2014-12-01 07:30,TX30,169.43,100,16900,-43,-0.25,0,6,0.04,-57,-0.34,-226,-0.23,2
990,Entry short,2014-12-01 07:00,C0|S|MKT|15|v0.3.0-tier0|SPY,169,100,16900,-43,-0.25,0,6,0.04,-57,-0.34,-226,-0.23,2
991,Exit long,2014-12-02 07:45,TX30,169.65,100,16966,-1,-0.01,0,9,0.05,-12,-0.07,-227,-0.23,2
991,Entry long,2014-12-02 07:15,C0|L|MKT|15|v0.3.0-tier0|SPY,169.66,100,16966,-1,-0.01,0,9,0.05,-12,-0.07,-227,-0.23,2
992,Exit long,2014-12-03 07:45,TX30,170.56,100,17052,4,0.02,0,15,0.09,-18,-0.11,-223,-0.22,2
992,Entry long,2014-12-03 07:15,C0|L|MKT|15|v0.3.0-tier0|SPY,170.52,100,17052,4,0.02,0,15,0.09,-18,-0.11,-223,-0.22,2
993,Exit short,2014-12-04 08:00,TX30,170.01,100,17028,27,0.16,0,48,0.28,0,0.00,-196,-0.20,2
993,Entry short,2014-12-04 07:30,C0|S|MKT|15|v0.3.0-tier0|SPY,170.28,100,17028,27,0.16,0,48,0.28,0,0.00,-196,-0.20,2
994,Exit long,2014-12-08 08:00,TX30,170.84,100,17095,-11,-0.06,0,1,0.01,-12,-0.07,-207,-0.21,2
994,Entry long,2014-12-08 07:30,C0|L|MKT|15|v0.3.0-tier0|SPY,170.95,100,17095,-11,-0.06,0,1,0.01,-12,-0.07,-207,-0.21,2
995,Exit long,2014-12-09 07:30,TX30,167.75,100,16844,-69,-0.41,0,11,0.07,-75,-0.45,-276,-0.28,2
995,Entry long,2014-12-09 07:00,C0|L|MKT|15|v0.3.0-tier0|SPY,168.44,100,16844,-69,-0.41,0,11,0.07,-75,-0.45,-276,-0.28,2
996,Exit short,2014-12-10 07:30,TX30,168.6,100,16872,12,0.07,0,33,0.20,-9,-0.05,-264,-0.26,2
996,Entry short,2014-12-10 07:00,C0|S|MKT|15|v0.3.0-tier0|SPY,168.72,100,16872,12,0.07,0,33,0.20,-9,-0.05,-264,-0.26,2
997,Exit long,2014-12-11 07:30,TX30,169.07,100,16860,47,0.28,0,53,0.31,-8,-0.05,-217,-0.22,2
997,Entry long,2014-12-11 07:00,C0|L|MKT|15|v0.3.0-tier0|SPY,168.6,100,16860,47,0.28,0,53,0.31,-8,-0.05,-217,-0.22,2
998,Exit long,2014-12-12 07:30,TX30,166.82,100,16737,-55,-0.33,0,4,0.02,-79,-0.47,-272,-0.27,2
998,Entry long,2014-12-12 07:00,C0|L|MKT|15|v0.3.0-tier0|SPY,167.37,100,16737,-55,-0.33,0,4,0.02,-79,-0.47,-272,-0.27,2
999,Exit short,2014-12-15 07:45,TX30,164.63,100,16570,107,0.65,0,107,0.65,-16,-0.10,-165,-0.16,2
999,Entry short,2014-12-15 07:15,C0|S|MKT|15|v0.3.0-tier0|SPY,165.7,100,16570,107,0.65,0,107,0.65,-16,-0.10,-165,-0.16,2
1000,Exit long,2014-12-16 08:00,TX30,164.66,100,16426,40,0.24,0,50,0.30,-44,-0.27,-125,-0.12,2
1000,Entry long,2014-12-16 07:30,C0|L|MKT|15|v0.3.0-tier0|SPY,164.26,100,16426,40,0.24,0,50,0.30,-44,-0.27,-125,-0.12,2
1001,Exit long,2014-12-18 07:30,TX30,168.3,100,16843,-13,-0.08,0,26,0.15,-19,-0.11,-138,-0.14,2
1001,Entry long,2014-12-18 07:00,C0|L|MKT|15|v0.3.0-tier0|SPY,168.43,100,16843,-13,-0.08,0,26,0.15,-19,-0.11,-138,-0.14,2
1002,Exit short,2014-12-23 07:30,TX30,171.73,100,17174,1,0.01,0,21,0.12,-19,-0.11,-137,-0.14,2
1002,Entry short,2014-12-23 07:00,C0|S|MKT|15|v0.3.0-tier0|SPY,171.74,100,17174,1,0.01,0,21,0.12,-19,-0.11,-137,-0.14,2
1003,Exit long,2014-12-26 07:30,TX30,172.26,100,17236,-10,-0.06,0,6,0.03,-12,-0.07,-147,-0.15,2
1003,Entry long,2014-12-26 07:00,C0|L|MKT|15|v0.3.0-tier0|SPY,172.36,100,17236,-10,-0.06,0,6,0.03,-12,-0.07,-147,-0.15,2
1004,Exit long,2014-12-29 07:30,TX30,172.41,100,17243,-2,-0.01,0,10,0.06,-7,-0.04,-149,-0.15,2
1004,Entry long,2014-12-29 07:00,C0|L|MKT|15|v0.3.0-tier0|SPY,172.43,100,17243,-2,-0.01,0,10,0.06,-7,-0.04,-149,-0.15,2
1005,Exit short,2014-12-30 07:45,TX30,171.77,100,17180,3,0.02,0,10,0.06,-10,-0.06,-146,-0.15,2
1005,Entry short,2014-12-30 07:15,C0|S|MKT|15|v0.3.0-tier0|SPY,171.8,100,17180,3,0.02,0,10,0.06,-10,-0.06,-146,-0.15,2
1006,Exit short,2015-01-02 08:00,TX30,169.53,100,17020,67,0.39,0,100,0.59,0,0.00,-79,-0.08,2
1006,Entry short,2015-01-02 07:30,C0|S|MKT|15|v0.3.0-tier0|SPY,170.2,100,17020,67,0.39,0,100,0.59,0,0.00,-79,-0.08,2
1007,Exit short,2015-01-05 07:30,TX30,167.85,100,16778,-7,-0.04,0,17,0.10,-31,-0.18,-86,-0.09,2
1007,Entry short,2015-01-05 07:00,C0|S|MKT|15|v0.3.0-tier0|SPY,167.78,100,16778,-7,-0.04,0,17,0.10,-31,-0.18,-86,-0.09,2
1008,Exit long,2015-01-06 08:00,TX30,166.27,100,16731,-104,-0.62,0,2,0.01,-105,-0.63,-190,-0.19,2
1008,Entry long,2015-01-06 07:30,C0|L|MKT|15|v0.3.0-tier0|SPY,167.31,100,16731,-104,-0.62,0,2,0.01,-105,-0.63,-190,-0.19,2
1009,Exit long,2015-01-07 07:30,TX30,166.58,100,16684,-26,-0.16,0,18,0.11,-41,-0.25,-216,-0.22,2
1009,Entry long,2015-01-07 07:00,C0|L|MKT|15|v0.3.0-tier0|SPY,166.84,100,16684,-26,-0.16,0,18,0.11,-41,-0.25,-216,-0.22,2
1010,Exit long,2015-01-08 07:30,TX30,169.37,100,16918,19,0.11,0,35,0.21,0,0.00,-197,-0.20,2
1010,Entry long,2015-01-08 07:00,C0|L|MKT|15|v0.3.0-tier0|SPY,169.18,100,16918,19,0.11,0,35,0.21,0,0.00,-197,-0.20,2
1011,Exit short,2015-01-09 07:30,TX30,169.09,100,16935,26,0.15,0,32,0.19,-44,-0.26,-171,-0.17,2
1011,Entry short,2015-01-09 07:00,C0|S|MKT|15|v0.3.0-tier0|SPY,169.35,100,16935,26,0.15,0,32,0.19,-44,-0.26,-171,-0.17,2
1012,Exit short,2015-01-12 07:30,TX30,167.09,100,16716,7,0.04,0,36,0.22,-29,-0.17,-164,-0.16,2
1012,Entry short,2015-01-12 07:00,C0|S|MKT|15|v0.3.0-tier0|SPY,167.16,100,16716,7,0.04,0,36,0.22,-29,-0.17,-164,-0.16,2
1013,Exit long,2015-01-13 07:30,TX30,169.33,100,16962,-29,-0.17,0,10,0.06,-35,-0.21,-193,-0.19,2
1013,Entry long,2015-01-13 07:00,C0|L|MKT|15|v0.3.0-tier0|SPY,169.62,100,16962,-29,-0.17,0,10,0.06,-35,-0.21,-193,-0.19,2
1014,Exit long,2015-01-14 07:45,TX30,165.69,100,16579,-10,-0.06,0,12,0.07,-52,-0.31,-203,-0.20,2
1014,Entry long,2015-01-14 07:15,C0|L|MKT|15|v0.3.0-tier0|SPY,165.79,100,16579,-10,-0.06,0,12,0.07,-52,-0.31,-203,-0.20,2
1015,Exit short,2015-01-15 07:30,TX30,165.95,100,16515,-80,-0.48,0,33,0.20,-87,-0.53,-283,-0.28,2
1015,Entry short,2015-01-15 07:00,C0|S|MKT|15|v0.3.0-tier0|SPY,165.15,100,16515,-80,-0.48,0,33,0.20,-87,-0.53,-283,-0.28,2
1016,Exit short,2015-01-16 07:45,TX30,164.94,100,16403,-91,-0.55,0,2,0.01,-111,-0.68,-374,-0.37,2
1016,Entry short,2015-01-16 07:15,C0|S|MKT|15|v0.3.0-tier0|SPY,164.03,100,16403,-91,-0.55,0,2,0.01,-111,-0.68,-374,-0.37,2
1017,Exit short,2015-01-20 07:30,TX30,166.41,100,16605,-36,-0.22,0,21,0.13,-45,-0.27,-410,-0.41,2
1017,Entry short,2015-01-20 07:00,C0|S|MKT|15|v0.3.0-tier0|SPY,166.05,100,16605,-36,-0.22,0,21,0.13,-45,-0.27,-410,-0.41,2
1018,Exit short,2015-01-28 08:00,TX30,167.16,100,16804,88,0.52,0,99,0.59,-15,-0.09,-322,-0.32,2
1018,Entry short,2015-01-28 07:30,C0|S|MKT|15|v0.3.0-tier0|SPY,168.04,100,16804,88,0.52,0,99,0.59,-15,-0.09,-322,-0.32,2
1019,Exit short,2015-02-02 07:30,TX30,163.92,100,16433,41,0.25,0,89,0.54,0,0.00,-281,-0.28,2
1019,Entry short,2015-02-02 07:00,C0|S|MKT|15|v0.3.0-tier0|SPY,164.33,100,16433,41,0.25,0,89,0.54,0,0.00,-281,-0.28,2
1020,Exit long,2015-02-03 07:30,TX30,168.3,100,16833,-3,-0.02,0,5,0.03,-48,-0.29,-284,-0.28,2
1020,Entry long,2015-02-03 07:00,C0|L|MKT|15|v0.3.0-tier0|SPY,168.33,100,16833,-3,-0.02,0,5,0.03,-48,-0.29,-284,-0.28,2
1021,Exit long,2015-02-05 07:30,TX30,169.81,100,16962,19,0.11,0,32,0.19,-7,-0.04,-265,-0.26,2
1021,Entry long,2015-02-05 07:00,C0|L|MKT|15|v0.3.0-tier0|SPY,169.62,100,16962,19,0.11,0,32,0.19,-7,-0.04,-265,-0.26,2
1022,Exit long,2015-02-06 07:45,TX30,171.11,100,17087,24,0.14,0,25,0.15,-8,-0.05,-241,-0.24,2
1022,Entry long,2015-02-06 07:15,C0|L|MKT|15|v0.3.0-tier0|SPY,170.87,100,17087,24,0.14,0,25,0.15,-8,-0.05,-241,-0.24,2
1023,Exit short,2015-02-10 07:30,TX30,169.56,100,16960,4,0.02,0,16,0.09,-32,-0.19,-237,-0.24,2
1023,Entry short,2015-02-10 07:00,C0|S|MKT|15|v0.3.0-tier0|SPY,169.6,100,16960,4,0.02,0,16,0.09,-32,-0.19,-237,-0.24,2
1024,Exit long,2015-02-11 07:30,TX30,170.64,100,17089,-25,-0.15,0,4,0.02,-34,-0.20,-262,-0.26,2
1024,Entry long,2015-02-11 07:00,C0|L|MKT|15|v0.3.0-tier0|SPY,170.89,100,17089,-25,-0.15,0,4,0.02,-34,-0.20,-262,-0.26,2
1025,Exit long,2015-02-12 07:30,TX30,171.83,100,17198,-15,-0.09,0,21,0.12,-16,-0.09,-277,-0.28,2
1025,Entry long,2015-02-12 07:00,C0|L|MKT|15|v0.3.0-tier0|SPY,171.98,100,17198,-15,-0.09,0,21,0.12,-16,-0.09,-277,-0.28,2
1026,Exit long,2015-02-13 07:30,TX30,173.02,100,17298,4,0.02,0,11,0.06,-28,-0.16,-273,-0.27,2
1026,Entry long,2015-02-13 07:00,C0|L|MKT|15|v0.3.0-tier0|SPY,172.98,100,17298,4,0.02,0,11,0.06,-28,-0.16,-273,-0.27,2
1027,Exit long,2015-02-17 07:45,TX30,173.16,100,17319,-3,-0.02,0,0,0.00,-23,-0.13,-276,-0.28,2
1027,Entry long,2015-02-17 07:15,C0|L|MKT|15|v0.3.0-tier0|SPY,173.19,100,17319,-3,-0.02,0,0,0.00,-23,-0.13,-276,-0.28,2
1028,Exit short,2015-02-18 08:00,TX30,173.22,100,17300,-22,-0.13,0,3,0.02,-32,-0.18,-298,-0.30,2
1028,Entry short,2015-02-18 07:30,C0|S|MKT|15|v0.3.0-tier0|SPY,173,100,17300,-22,-0.13,0,3,0.02,-32,-0.18,-298,-0.30,2
1029,Exit long,2015-02-19 07:45,TX30,173.54,100,17332,22,0.13,0,23,0.13,-6,-0.03,-276,-0.28,2
1029,Entry long,2015-02-19 07:15,C0|L|MKT|15|v0.3.0-tier0|SPY,173.32,100,17332,22,0.13,0,23,0.13,-6,-0.03,-276,-0.28,2
1030,Exit short,2015-02-20 07:30,TX30,172.72,100,17253,-19,-0.11,0,11,0.06,-39,-0.23,-295,-0.29,2
1030,Entry short,2015-02-20 07:00,C0|S|MKT|15|v0.3.0-tier0|SPY,172.53,100,17253,-19,-0.11,0,11,0.06,-39,-0.23,-295,-0.29,2
1031,Exit long,2015-02-24 08:00,TX30,174.74,100,17476,-2,-0.01,0,4,0.02,-12,-0.07,-297,-0.30,2
1031,Entry long,2015-02-24 07:30,C0|L|MKT|15|v0.3.0-tier0|SPY,174.76,100,17476,-2,-0.01,0,4,0.02,-12,-0.07,-297,-0.30,2
1032,Exit short,2015-02-26 07:30,TX30,174.48,100,17421,-27,-0.15,0,2,0.01,-29,-0.17,-324,-0.32,2
1032,Entry short,2015-02-26 07:00,C0|S|MKT|15|v0.3.0-tier0|SPY,174.21,100,17421,-27,-0.15,0,2,0.01,-29,-0.17,-324,-0.32,2
1033,Exit long,2015-03-02 07:30,TX30,174.8,100,17451,29,0.17,0,32,0.18,-2,-0.01,-295,-0.29,2
1033,Entry long,2015-03-02 07:00,C0|L|MKT|15|v0.3.0-tier0|SPY,174.51,100,17451,29,0.17,0,32,0.18,-2,-0.01,-295,-0.29,2
1034,Exit short,2015-03-03 07:30,TX30,174.27,100,17420,-7,-0.04,0,3,0.02,-25,-0.14,-302,-0.30,2
1034,Entry short,2015-03-03 07:00,C0|S|MKT|15|v0.3.0-tier0|SPY,174.2,100,17420,-7,-0.04,0,3,0.02,-25,-0.14,-302,-0.30,2
1035,Exit short,2015-03-04 07:45,TX30,173.17,100,17284,-33,-0.19,0,5,0.03,-39,-0.23,-335,-0.33,2
1035,Entry short,2015-03-04 07:15,C0|S|MKT|15|v0.3.0-tier0|SPY,172.84,100,17284,-33,-0.19,0,5,0.03,-39,-0.23,-335,-0.33,2
1036,Exit long,2015-03-05 07:45,TX30,174.02,100,17406,-4,-0.02,0,5,0.03,-17,-0.10,-339,-0.34,2
1036,Entry long,2015-03-05 07:15,C0|L|MKT|15|v0.3.0-tier0|SPY,174.06,100,17406,-4,-0.02,0,5,0.03,-17,-0.10,-339,-0.34,2
1037,Exit long,2015-03-06 07:30,TX30,173.33,100,17334,-1,-0.01,0,7,0.04,-27,-0.16,-340,-0.34,2
1037,Entry long,2015-03-06 07:00,C0|L|MKT|15|v0.3.0-tier0|SPY,173.34,100,17334,-1,-0.01,0,7,0.04,-27,-0.16,-340,-0.34,2
1038,Exit long,2015-03-09 07:45,TX30,171.89,100,17185,4,0.02,0,9,0.05,-21,-0.12,-336,-0.34,2
1038,Entry long,2015-03-09 07:15,C0|L|MKT|15|v0.3.0-tier0|SPY,171.85,100,17185,4,0.02,0,9,0.05,-21,-0.12,-336,-0.34,2
1039,Exit short,2015-03-10 07:45,TX30,170.06,100,17022,16,0.09,0,31,0.18,-7,-0.04,-320,-0.32,2
1039,Entry short,2015-03-10 07:15,C0|S|MKT|15|v0.3.0-tier0|SPY,170.22,100,17022,16,0.09,0,31,0.18,-7,-0.04,-320,-0.32,2
1040,Exit short,2015-03-13 07:45,TX30,170.11,100,17029,18,0.11,0,32,0.19,-18,-0.11,-302,-0.30,2
1040,Entry short,2015-03-13 07:15,C0|S|MKT|15|v0.3.0-tier0|SPY,170.29,100,17029,18,0.11,0,32,0.19,-18,-0.11,-302,-0.30,2
1041,Exit long,2015-03-16 07:30,TX30,171.55,100,17149,6,0.03,0,27,0.16,0,0.00,-296,-0.30,2
1041,Entry long,2015-03-16 07:00,C0|L|MKT|15|v0.3.0-tier0|SPY,171.49,100,17149,6,0.03,0,27,0.16,0,0.00,-296,-0.30,2
1042,Exit short,2015-03-17 07:45,TX30,171.55,100,17141,-14,-0.08,0,6,0.04,-28,-0.16,-310,-0.31,2
1042,Entry short,2015-03-17 07:15,C0|S|MKT|15|v0.3.0-tier0|SPY,171.41,100,17141,-14,-0.08,0,6,0.04,-28,-0.16,-310,-0.31,2
1043,Exit long,2015-03-18 08:00,TX30,171.4,100,17137,3,0.02,0,6,0.04,-20,-0.12,-307,-0.31,2
1043,Entry long,2015-03-18 07:30,C0|L|MKT|15|v0.3.0-tier0|SPY,171.37,100,17137,3,0.02,0,6,0.04,-20,-0.12,-307,-0.31,2
1044,Exit long,2015-03-19 07:45,TX30,173.25,100,17352,-27,-0.16,0,17,0.10,-27,-0.16,-334,-0.33,2
1044,Entry long,2015-03-19 07:15,C0|L|MKT|15|v0.3.0-tier0|SPY,173.52,100,17352,-27,-0.16,0,17,0.10,-27,-0.16,-334,-0.33,2
1045,Exit long,2015-03-23 07:45,TX30,174.95,100,17511,-16,-0.09,0,2,0.01,-30,-0.17,-350,-0.35,2
1045,Entry long,2015-03-23 07:15,C0|L|MKT|15|v0.3.0-tier0|SPY,175.11,100,17511,-16,-0.09,0,2,0.01,-30,-0.17,-350,-0.35,2
1046,Exit long,2015-03-24 07:45,TX30,174.19,100,17430,-11,-0.06,0,10,0.06,-16,-0.09,-361,-0.36,2
1046,Entry long,2015-03-24 07:15,C0|L|MKT|15|v0.3.0-tier0|SPY,174.3,100,17430,-11,-0.06,0,10,0.06,-16,-0.09,-361,-0.36,2
1047,Exit short,2015-03-25 07:30,TX30,173.25,100,17300,-25,-0.14,0,9,0.05,-37,-0.21,-386,-0.39,2
1047,Entry short,2015-03-25 07:00,C0|S|MKT|15|v0.3.0-tier0|SPY,173,100,17300,-25,-0.14,0,9,0.05,-37,-0.21,-386,-0.39,2
1048,Exit short,2015-03-26 07:45,TX30,170.25,100,16959,-66,-0.39,0,22,0.13,-71,-0.42,-452,-0.45,2
1048,Entry short,2015-03-26 07:15,C0|S|MKT|15|v0.3.0-tier0|SPY,169.59,100,16959,-66,-0.39,0,22,0.13,-71,-0.42,-452,-0.45,2
1049,Exit long,2015-03-30 07:30,TX30,172.29,100,17252,-23,-0.13,0,14,0.08,-34,-0.20,-475,-0.47,2
1049,Entry long,2015-03-30 07:00,C0|L|MKT|15|v0.3.0-tier0|SPY,172.52,100,17252,-23,-0.13,0,14,0.08,-34,-0.20,-475,-0.47,2
1050,Exit long,2015-03-31 08:00,TX30,172.2,100,17224,-4,-0.02,0,22,0.13,-4,-0.02,-479,-0.48,2
1050,Entry long,2015-03-31 07:30,C0|L|MKT|15|v0.3.0-tier0|SPY,172.24,100,17224,-4,-0.02,0,22,0.13,-4,-0.02,-479,-0.48,2
1051,Exit short,2015-04-01 07:30,TX30,170.22,100,16993,-29,-0.17,0,12,0.07,-45,-0.26,-508,-0.51,2
1051,Entry short,2015-04-01 07:00,C0|S|MKT|15|v0.3.0-tier0|SPY,169.93,100,16993,-29,-0.17,0,12,0.07,-45,-0.26,-508,-0.51,2
1052,Exit long,2015-04-02 07:30,TX30,171.33,100,17156,-23,-0.13,0,17,0.10,-28,-0.16,-531,-0.53,2
1052,Entry long,2015-04-02 07:00,C0|L|MKT|15|v0.3.0-tier0|SPY,171.56,100,17156,-23,-0.13,0,17,0.10,-28,-0.16,-531,-0.53,2
1053,Exit long,2015-04-06 07:30,TX30,172.13,100,17134,79,0.46,0,81,0.47,0,0.00,-452,-0.45,2
1053,Entry long,2015-04-06 07:00,C0|L|MKT|15|v0.3.0-tier0|SPY,171.34,100,17134,79,0.46,0,81,0.47,0,0.00,-452,-0.45,2
1054,Exit long,2015-04-08 07:30,TX30,172.72,100,17289,-17,-0.10,0,10,0.06,-29,-0.17,-469,-0.47,2
1054,Entry long,2015-04-08 07:00,C0|L|MKT|15|v0.3.0-tier0|SPY,172.89,100,17289,-17,-0.10,0,10,0.06,-29,-0.17,-469,-0.47,2
1055,Exit long,2015-04-10 07:45,TX30,173.95,100,17373,22,0.13,0,26,0.15,-10,-0.06,-447,-0.45,2
1055,Entry long,2015-04-10 07:15,C0|L|MKT|15|v0.3.0-tier0|SPY,173.73,100,17373,22,0.13,0,26,0.15,-10,-0.06,-447,-0.45,2
1056,Exit long,2015-04-13 07:30,TX30,174.65,100,17461,4,0.02,0,14,0.08,-12,-0.07,-443,-0.44,2
1056,Entry long,2015-04-13 07:00,C0|L|MKT|15|v0.3.0-tier0|SPY,174.61,100,17461,4,0.02,0,14,0.08,-12,-0.07,-443,-0.44,2
1057,Exit short,2015-04-14 07:30,TX30,173.03,100,17316,13,0.08,0,49,0.28,-1,-0.01,-430,-0.43,2
1057,Entry short,2015-04-14 07:00,C0|S|MKT|15|v0.3.0-tier0|SPY,173.16,100,17316,13,0.08,0,49,0.28,-1,-0.01,-430,-0.43,2
1058,Exit short,2015-04-17 07:45,TX30,172.91,100,17265,-26,-0.15,0,18,0.10,-28,-0.16,-456,-0.46,2
1058,Entry short,2015-04-17 07:15,C0|S|MKT|15|v0.3.0-tier0|SPY,172.65,100,17265,-26,-0.15,0,18,0.10,-28,-0.16,-456,-0.46,2
1059,Exit long,2015-04-20 07:30,TX30,174.02,100,17407,-5,-0.03,0,12,0.07,-22,-0.13,-461,-0.46,2
1059,Entry long,2015-04-20 07:00,C0|L|MKT|15|v0.3.0-tier0|SPY,174.07,100,17407,-5,-0.03,0,12,0.07,-22,-0.13,-461,-0.46,2
1060,Exit short,2015-04-21 07:45,TX30,174.04,100,17420,16,0.09,0,25,0.14,-22,-0.13,-445,-0.44,2
1060,Entry short,2015-04-21 07:15,C0|S|MKT|15|v0.3.0-tier0|SPY,174.2,100,17420,16,0.09,0,25,0.14,-22,-0.13,-445,-0.44,2
1061,Exit short,2015-04-22 07:45,TX30,174.14,100,17359,-55,-0.32,0,27,0.16,-60,-0.35,-500,-0.50,2
1061,Entry short,2015-04-22 07:15,C0|S|MKT|15|v0.3.0-tier0|SPY,173.59,100,17359,-55,-0.32,0,27,0.16,-60,-0.35,-500,-0.50,2
1062,Exit long,2015-04-23 07:30,TX30,174.58,100,17475,-17,-0.10,0,20,0.11,-37,-0.21,-517,-0.52,2
1062,Entry long,2015-04-23 07:00,C0|L|MKT|15|v0.3.0-tier0|SPY,174.75,100,17475,-17,-0.10,0,20,0.11,-37,-0.21,-517,-0.52,2
1063,Exit short,2015-04-28 07:45,TX30,174.54,100,17372,-82,-0.47,0,3,0.02,-89,-0.51,-599,-0.60,2
1063,Entry short,2015-04-28 07:15,C0|S|MKT|15|v0.3.0-tier0|SPY,173.72,100,17372,-82,-0.47,0,3,0.02,-89,-0.51,-599,-0.60,2
1064,Exit short,2015-04-29 08:00,TX30,174.71,100,17444,-27,-0.15,0,2,0.01,-44,-0.25,-626,-0.63,2
1064,Entry short,2015-04-29 07:30,C0|S|MKT|15|v0.3.0-tier0|SPY,174.44,100,17444,-27,-0.15,0,2,0.01,-44,-0.25,-626,-0.63,2
1065,Exit short,2015-04-30 07:30,TX30,173.46,100,17365,19,0.11,0,30,0.17,-18,-0.10,-607,-0.61,2
1065,Entry short,2015-04-30 07:00,C0|S|MKT|15|v0.3.0-tier0|SPY,173.65,100,17365,19,0.11,0,30,0.17,-18,-0.10,-607,-0.61,2
1066,Exit long,2015-05-04 07:30,TX30,175.81,100,17583,-2,-0.01,0,8,0.05,-14,-0.08,-609,-0.61,2
1066,Entry long,2015-05-04 07:00,C0|L|MKT|15|v0.3.0-tier0|SPY,175.83,100,17583,-2,-0.01,0,8,0.05,-14,-0.08,-609,-0.61,2
1067,Exit short,2015-05-05 07:30,TX30,174.82,100,17476,-6,-0.03,0,30,0.17,-20,-0.11,-615,-0.61,2
1067,Entry short,2015-05-05 07:00,C0|S|MKT|15|v0.3.0-tier0|SPY,174.76,100,17476,-6,-0.03,0,30,0.17,-20,-0.11,-615,-0.61,2
1068,Exit short,2015-05-06 07:45,TX30,172.99,100,17255,-44,-0.25,0,9,0.05,-57,-0.33,-659,-0.66,2
1068,Entry short,2015-05-06 07:15,C0|S|MKT|15|v0.3.0-tier0|SPY,172.55,100,17255,-44,-0.25,0,9,0.05,-57,-0.33,-659,-0.66,2
1069,Exit long,2015-05-08 07:45,TX30,175.42,100,17541,1,0.01,0,3,0.02,-14,-0.08,-658,-0.66,2
1069,Entry long,2015-05-08 07:15,C0|L|MKT|15|v0.3.0-tier0|SPY,175.41,100,17541,1,0.01,0,3,0.02,-14,-0.08,-658,-0.66,2
1070,Exit long,2015-05-14 07:45,TX30,175.5,100,17559,-9,-0.05,0,2,0.01,-20,-0.11,-667,-0.67,2
1070,Entry long,2015-05-14 07:15,C0|L|MKT|15|v0.3.0-tier0|SPY,175.59,100,17559,-9,-0.05,0,2,0.01,-20,-0.11,-667,-0.67,2
1071,Exit short,2015-05-15 07:45,TX30,176.11,100,17594,-17,-0.10,0,10,0.06,-22,-0.13,-684,-0.68,2
1071,Entry short,2015-05-15 07:15,C0|S|MKT|15|v0.3.0-tier0|SPY,175.94,100,17594,-17,-0.10,0,10,0.06,-22,-0.13,-684,-0.68,2
1072,Exit long,2015-05-18 07:30,TX30,176.24,100,17637,-13,-0.07,0,2,0.01,-26,-0.15,-697,-0.70,2
1072,Entry long,2015-05-18 07:00,C0|L|MKT|15|v0.3.0-tier0|SPY,176.37,100,17637,-13,-0.07,0,2,0.01,-26,-0.15,-697,-0.70,2
1073,Exit long,2015-05-21 07:45,TX30,176.91,100,17686,5,0.03,0,11,0.06,-4,-0.02,-692,-0.69,2
1073,Entry long,2015-05-21 07:15,C0|L|MKT|15|v0.3.0-tier0|SPY,176.86,100,17686,5,0.03,0,11,0.06,-4,-0.02,-692,-0.69,2
1074,Exit short,2015-05-26 07:30,TX30,175.3,100,17554,24,0.14,0,43,0.24,-10,-0.06,-668,-0.67,2
1074,Entry short,2015-05-26 07:00,C0|S|MKT|15|v0.3.0-tier0|SPY,175.54,100,17554,24,0.14,0,43,0.24,-10,-0.06,-668,-0.67,2
1075,Exit long,2015-05-27 07:30,TX30,175.61,100,17579,-18,-0.10,0,7,0.04,-23,-0.13,-686,-0.69,2
1075,Entry long,2015-05-27 07:00,C0|L|MKT|15|v0.3.0-tier0|SPY,175.79,100,17579,-18,-0.10,0,7,0.04,-23,-0.13,-686,-0.69,2
1076,Exit short,2015-05-28 07:30,TX30,175.88,100,17579,-9,-0.05,0,8,0.05,-28,-0.16,-695,-0.69,2
1076,Entry short,2015-05-28 07:00,C0|S|MKT|15|v0.3.0-tier0|SPY,175.79,100,17579,-9,-0.05,0,8,0.05,-28,-0.16,-695,-0.69,2
1077,Exit short,2015-05-29 07:45,TX30,175.28,100,17578,50,0.28,0,53,0.30,-16,-0.09,-645,-0.64,2
1077,Entry short,2015-05-29 07:15,C0|S|MKT|15|v0.3.0-tier0|SPY,175.78,100,17578,50,0.28,0,53,0.30,-16,-0.09,-645,-0.64,2
1078,Exit short,2015-06-01 07:30,TX30,175.1,100,17531,21,0.12,0,56,0.32,-36,-0.21,-624,-0.62,2
1078,Entry short,2015-06-01 07:00,C0|S|MKT|15|v0.3.0-tier0|SPY,175.31,100,17531,21,0.12,0,56,0.32,-36,-0.21,-624,-0.62,2
1079,Exit long,2015-06-03 07:45,TX30,176.24,100,17620,4,0.02,0,25,0.14,-9,-0.05,-620,-0.62,2
1079,Entry long,2015-06-03 07:15,C0|L|MKT|15|v0.3.0-tier0|SPY,176.2,100,17620,4,0.02,0,25,0.14,-9,-0.05,-620,-0.62,2
1080,Exit long,2015-06-04 07:30,TX30,175.31,100,17535,-4,-0.02,0,35,0.20,-10,-0.06,-624,-0.62,2
1080,Entry long,2015-06-04 07:00,C0|L|MKT|15|v0.3.0-tier0|SPY,175.35,100,17535,-4,-0.02,0,35,0.20,-10,-0.06,-624,-0.62,2
1081,Exit long,2015-06-05 08:00,TX30,174.2,100,17443,-23,-0.13,0,29,0.17,-37,-0.21,-647,-0.65,2
1081,Entry long,2015-06-05 07:30,C0|L|MKT|15|v0.3.0-tier0|SPY,174.43,100,17443,-23,-0.13,0,29,0.17,-37,-0.21,-647,-0.65,2
1082,Exit short,2015-06-09 07:30,TX30,172.44,100,17255,11,0.06,0,16,0.09,-33,-0.19,-636,-0.64,2
1082,Entry short,2015-06-09 07:00,C0|S|MKT|15|v0.3.0-tier0|SPY,172.55,100,17255,11,0.06,0,16,0.09,-33,-0.19,-636,-0.64,2
1083,Exit long,2015-06-10 07:30,TX30,174.41,100,17416,25,0.14,0,30,0.17,0,0.00,-611,-0.61,2
1083,Entry long,2015-06-10 07:00,C0|L|MKT|15|v0.3.0-tier0|SPY,174.16,100,17416,25,0.14,0,30,0.17,0,0.00,-611,-0.61,2
1084,Exit long,2015-06-11 07:30,TX30,175.79,100,17584,-5,-0.03,0,12,0.07,-9,-0.05,-616,-0.62,2
1084,Entry long,2015-06-11 07:00,C0|L|MKT|15|v0.3.0-tier0|SPY,175.84,100,17584,-5,-0.03,0,12,0.07,-9,-0.05,-616,-0.62,2
1085,Exit long,2015-06-18 07:30,TX30,176.13,100,17579,34,0.19,0,42,0.24,0,0.00,-582,-0.58,2
1085,Entry long,2015-06-18 07:00,C0|L|MKT|15|v0.3.0-tier0|SPY,175.79,100,17579,34,0.19,0,42,0.24,0,0.00,-582,-0.58,2
1086,Exit long,2015-06-22 07:45,TX30,177.08,100,17696,12,0.07,0,17,0.10,-14,-0.08,-570,-0.57,2
1086,Entry long,2015-06-22 07:15,C0|L|MKT|15|v0.3.0-tier0|SPY,176.96,100,17696,12,0.07,0,17,0.10,-14,-0.08,-570,-0.57,2
1087,Exit long,2015-06-23 07:45,TX30,176.52,100,17705,-53,-0.30,0,0,0.00,-54,-0.30,-623,-0.62,2
1087,Entry long,2015-06-23 07:15,C0|L|MKT|15|v0.3.0-tier0|SPY,177.05,100,17705,-53,-0.30,0,0,0.00,-54,-0.30,-623,-0.62,2
1088,Exit long,2015-06-24 08:00,TX30,176.64,100,17678,-14,-0.08,0,10,0.06,-19,-0.11,-637,-0.64,2
1088,Entry long,2015-06-24 07:30,C0|L|MKT|15|v0.3.0-tier0|SPY,176.78,100,17678,-14,-0.08,0,10,0.06,-19,-0.11,-637,-0.64,2
1089,Exit long,2015-06-26 07:30,TX30,175.39,100,17540,-1,-0.01,0,16,0.09,-33,-0.19,-638,-0.64,2
1089,Entry long,2015-06-26 07:00,C0|L|MKT|15|v0.3.0-tier0|SPY,175.4,100,17540,-1,-0.01,0,16,0.09,-33,-0.19,-638,-0.64,2
1090,Exit short,2015-06-30 07:30,TX30,172.07,100,17187,-20,-0.12,0,22,0.13,-25,-0.15,-658,-0.66,2
1090,Entry short,2015-06-30 07:00,C0|S|MKT|15|v0.3.0-tier0|SPY,171.87,100,17187,-20,-0.12,0,22,0.13,-25,-0.15,-658,-0.66,2
1091,Exit short,2015-07-02 07:30,TX30,173.27,100,17330,3,0.02,0,14,0.08,-12,-0.07,-655,-0.65,2
1091,Entry short,2015-07-02 07:00,C0|S|MKT|15|v0.3.0-tier0|SPY,173.3,100,17330,3,0.02,0,14,0.08,-12,-0.07,-655,-0.65,2
1092,Exit long,2015-07-06 07:30,TX30,172.39,100,17207,32,0.19,0,39,0.23,-12,-0.07,-623,-0.62,2
1092,Entry long,2015-07-06 07:00,C0|L|MKT|15|v0.3.0-tier0|SPY,172.07,100,17207,32,0.19,0,39,0.23,-12,-0.07,-623,-0.62,2
1093,Exit short,2015-07-07 07:30,TX30,171.07,100,17172,65,0.38,0,74,0.43,0,0.00,-558,-0.56,2
1093,Entry short,2015-07-07 07:00,C0|S|MKT|15|v0.3.0-tier0|SPY,171.72,100,17172,65,0.38,0,74,0.43,0,0.00,-558,-0.56,2
1094,Exit short,2015-07-08 07:30,TX30,171.59,100,17172,13,0.08,0,44,0.26,-5,-0.03,-545,-0.55,2
1094,Entry short,2015-07-08 07:00,C0|S|MKT|15|v0.3.0-tier0|SPY,171.72,100,17172,13,0.08,0,44,0.26,-5,-0.03,-545,-0.55,2
1095,Exit short,2015-07-09 07:30,TX30,171.72,100,17242,70,0.41,0,72,0.42,-11,-0.06,-475,-0.47,2
1095,Entry short,2015-07-09 07:00,C0|S|MKT|15|v0.3.0-tier0|SPY,172.42,100,17242,70,0.41,0,72,0.42,-11,-0.06,-475,-0.47,2
1096,Exit short,2015-07-10 07:30,TX30,172.56,100,17247,-9,-0.05,0,6,0.03,-28,-0.16,-484,-0.48,2
1096,Entry short,2015-07-10 07:00,C0|S|MKT|15|v0.3.0-tier0|SPY,172.47,100,17247,-9,-0.05,0,6,0.03,-28,-0.16,-484,-0.48,2
1097,Exit long,2015-07-13 07:30,TX30,174.54,100,17452,2,0.01,0,26,0.15,-5,-0.03,-482,-0.48,2
1097,Entry long,2015-07-13 07:00,C0|L|MKT|15|v0.3.0-tier0|SPY,174.52,100,17452,2,0.01,0,26,0.15,-5,-0.03,-482,-0.48,2
1098,Exit long,2015-07-14 07:30,TX30,175.36,100,17523,13,0.07,0,15,0.09,-10,-0.06,-469,-0.47,2
1098,Entry long,2015-07-14 07:00,C0|L|MKT|15|v0.3.0-tier0|SPY,175.23,100,17523,13,0.07,0,15,0.09,-10,-0.06,-469,-0.47,2
1099,Exit long,2015-07-15 07:45,TX30,176.01,100,17589,12,0.07,0,15,0.09,-9,-0.05,-457,-0.46,2
1099,Entry long,2015-07-15 07:15,C0|L|MKT|15|v0.3.0-tier0|SPY,175.89,100,17589,12,0.07,0,15,0.09,-9,-0.05,-457,-0.46,2
1100,Exit short,2015-07-17 07:45,TX30,176.77,100,17663,-14,-0.08,0,5,0.03,-19,-0.11,-471,-0.47,2
1100,Entry short,2015-07-17 07:15,C0|S|MKT|15|v0.3.0-tier0|SPY,176.63,100,17663,-14,-0.08,0,5,0.03,-19,-0.11,-471,-0.47,2
1101,Exit short,2015-07-20 07:30,TX30,177.08,100,17708,0,0.00,0,15,0.08,-8,-0.05,-471,-0.47,2
1101,Entry short,2015-07-20 07:00,C0|S|MKT|15|v0.3.0-tier0|SPY,177.08,100,17708,0,0.00,0,15,0.08,-8,-0.05,-471,-0.47,2
1102,Exit long,2015-07-22 07:30,TX30,176.34,100,17642,-8,-0.05,0,13,0.07,-12,-0.07,-479,-0.48,2
1102,Entry long,2015-07-22 07:00,C0|L|MKT|15|v0.3.0-tier0|SPY,176.42,100,17642,-8,-0.05,0,13,0.07,-12,-0.07,-479,-0.48,2
1103,Exit short,2015-07-24 08:00,TX30,174.43,100,17472,29,0.17,0,29,0.17,0,0.00,-450,-0.45,2
1103,Entry short,2015-07-24 07:30,C0|S|MKT|15|v0.3.0-tier0|SPY,174.72,100,17472,29,0.17,0,29,0.17,0,0.00,-450,-0.45,2
1104,Exit short,2015-07-28 08:00,TX30,173.22,100,17250,-72,-0.42,0,3,0.02,-73,-0.42,-522,-0.52,2
1104,Entry short,2015-07-28 07:30,C0|S|MKT|15|v0.3.0-tier0|SPY,172.5,100,17250,-72,-0.42,0,3,0.02,-73,-0.42,-522,-0.52,2
1105,Exit short,2015-07-30 07:30,TX30,175.15,100,17474,-41,-0.23,0,11,0.06,-42,-0.24,-563,-0.56,2
1105,Entry short,2015-07-30 07:00,C0|S|MKT|15|v0.3.0-tier0|SPY,174.74,100,17474,-41,-0.23,0,11,0.06,-42,-0.24,-563,-0.56,2
1106,Exit short,2015-07-31 07:30,TX30,175.93,100,17560,-33,-0.19,0,6,0.03,-48,-0.27,-596,-0.60,2
1106,Entry short,2015-07-31 07:00,C0|S|MKT|15|v0.3.0-tier0|SPY,175.6,100,17560,-33,-0.19,0,6,0.03,-48,-0.27,-596,-0.60,2
1107,Exit long,2015-08-04 07:45,TX30,174.95,100,17513,-18,-0.10,0,15,0.09,-30,-0.17,-614,-0.61,2
1107,Entry long,2015-08-04 07:15,C0|L|MKT|15|v0.3.0-tier0|SPY,175.13,100,17513,-18,-0.10,0,15,0.09,-30,-0.17,-614,-0.61,2
1108,Exit long,2015-08-05 07:30,TX30,176.11,100,17583,28,0.16,0,30,0.17,-19,-0.11,-586,-0.59,2
1108,Entry long,2015-08-05 07:00,C0|L|MKT|15|v0.3.0-tier0|SPY,175.83,100,17583,28,0.16,0,30,0.17,-19,-0.11,-586,-0.59,2
1109,Exit short,2015-08-06 07:30,TX30,174.29,100,17453,24,0.14,0,25,0.14,-23,-0.13,-562,-0.56,2
1109,Entry short,2015-08-06 07:00,C0|S|MKT|15|v0.3.0-tier0|SPY,174.53,100,17453,24,0.14,0,25,0.14,-23,-0.13,-562,-0.56,2
1110,Exit short,2015-08-07 08:00,TX30,173.13,100,17302,-11,-0.06,0,8,0.05,-46,-0.27,-573,-0.57,2
1110,Entry short,2015-08-07 07:30,C0|S|MKT|15|v0.3.0-tier0|SPY,173.02,100,17302,-11,-0.06,0,8,0.05,-46,-0.27,-573,-0.57,2
1111,Exit long,2015-08-10 07:30,TX30,175.08,100,17497,11,0.06,0,23,0.13,-8,-0.05,-562,-0.56,2
1111,Entry long,2015-08-10 07:00,C0|L|MKT|15|v0.3.0-tier0|SPY,174.97,100,17497,11,0.06,0,23,0.13,-8,-0.05,-562,-0.56,2
1112,Exit short,2015-08-12 07:45,TX30,171.59,100,17165,6,0.03,0,43,0.25,-19,-0.11,-556,-0.56,2
1112,Entry short,2015-08-12 07:15,C0|S|MKT|15|v0.3.0-tier0|SPY,171.65,100,17165,6,0.03,0,43,0.25,-19,-0.11,-556,-0.56,2
1113,Exit short,2015-08-13 07:45,TX30,174.08,100,17354,-54,-0.31,0,11,0.06,-64,-0.37,-610,-0.61,2
1113,Entry short,2015-08-13 07:15,C0|S|MKT|15|v0.3.0-tier0|SPY,173.54,100,17354,-54,-0.31,0,11,0.06,-64,-0.37,-610,-0.61,2
1114,Exit long,2015-08-14 07:30,TX30,174.05,100,17423,-18,-0.10,0,10,0.06,-20,-0.11,-628,-0.63,2
1114,Entry long,2015-08-14 07:00,C0|L|MKT|15|v0.3.0-tier0|SPY,174.23,100,17423,-18,-0.10,0,10,0.06,-20,-0.11,-628,-0.63,2
1115,Exit long,2015-08-17 07:45,TX30,174.44,100,17418,26,0.15,0,44,0.25,-2,-0.01,-602,-0.60,2
1115,Entry long,2015-08-17 07:15,C0|L|MKT|15|v0.3.0-tier0|SPY,174.18,100,17418,26,0.15,0,44,0.25,-2,-0.01,-602,-0.60,2
1116,Exit short,2015-08-19 07:30,TX30,173.96,100,17365,-31,-0.18,0,9,0.05,-46,-0.26,-633,-0.63,2
1116,Entry short,2015-08-19 07:00,C0|S|MKT|15|v0.3.0-tier0|SPY,173.65,100,17365,-31,-0.18,0,9,0.05,-46,-0.26,-633,-0.63,2
1117,Exit short,2015-08-20 07:45,TX30,171.72,100,17187,15,0.09,0,56,0.33,-2,-0.01,-618,-0.62,2
1117,Entry short,2015-08-20 07:15,C0|S|MKT|15|v0.3.0-tier0|SPY,171.87,100,17187,15,0.09,0,56,0.33,-2,-0.01,-618,-0.62,2
1118,Exit long,2015-08-24 07:45,TX30,160.43,100,15936,107,0.67,0,208,1.31,-38,-0.24,-511,-0.51,2
1118,Entry long,2015-08-24 07:15,C0|L|MKT|15|v0.3.0-tier0|SPY,159.36,100,15936,107,0.67,0,208,1.31,-38,-0.24,-511,-0.51,2
1119,Exit short,2015-08-26 08:00,TX30,158.6,100,15873,13,0.08,0,55,0.35,-77,-0.49,-498,-0.50,2
1119,Entry short,2015-08-26 07:30,C0|S|MKT|15|v0.3.0-tier0|SPY,158.73,100,15873,13,0.08,0,55,0.35,-77,-0.49,-498,-0.50,2
1120,Exit long,2015-08-28 07:30,TX30,165.97,100,16599,-2,-0.01,0,16,0.10,-61,-0.37,-500,-0.50,2
1120,Entry long,2015-08-28 07:00,C0|L|MKT|15|v0.3.0-tier0|SPY,165.99,100,16599,-2,-0.01,0,16,0.10,-61,-0.37,-500,-0.50,2
1121,Exit short,2015-08-31 07:30,TX30,165.14,100,16465,-49,-0.30,0,40,0.24,-56,-0.34,-549,-0.55,2
1121,Entry short,2015-08-31 07:00,C0|S|MKT|15|v0.3.0-tier0|SPY,164.65,100,16465,-49,-0.30,0,40,0.24,-56,-0.34,-549,-0.55,2
1122,Exit long,2015-09-01 08:00,TX30,161.59,100,16191,-32,-0.20,0,39,0.24,-72,-0.44,-581,-0.58,2
1122,Entry long,2015-09-01 07:30,C0|L|MKT|15|v0.3.0-tier0|SPY,161.91,100,16191,-32,-0.20,0,39,0.24,-72,-0.44,-581,-0.58,2
1123,Exit short,2015-09-02 07:30,TX30,160.89,100,16141,52,0.32,0,57,0.35,-46,-0.28,-529,-0.53,2
1123,Entry short,2015-09-02 07:00,C0|S|MKT|15|v0.3.0-tier0|SPY,161.41,100,16141,52,0.32,0,57,0.35,-46,-0.28,-529,-0.53,2
1124,Exit long,2015-09-03 08:00,TX30,164.98,100,16466,32,0.19,0,37,0.22,-30,-0.18,-497,-0.50,2
1124,Entry long,2015-09-03 07:30,C0|L|MKT|15|v0.3.0-tier0|SPY,164.66,100,16466,32,0.19,0,37,0.22,-30,-0.18,-497,-0.50,2
1125,Exit short,2015-09-08 07:45,TX30,162.84,100,16314,30,0.18,0,41,0.25,-24,-0.15,-467,-0.47,2
1125,Entry short,2015-09-08 07:15,C0|S|MKT|15|v0.3.0-tier0|SPY,163.14,100,16314,30,0.18,0,41,0.25,-24,-0.15,-467,-0.47,2
1126,Exit short,2015-09-09 07:45,TX30,164.93,100,16528,35,0.21,0,53,0.32,-17,-0.10,-432,-0.43,2
1126,Entry short,2015-09-09 07:15,C0|S|MKT|15|v0.3.0-tier0|SPY,165.28,100,16528,35,0.21,0,53,0.32,-17,-0.10,-432,-0.43,2
1127,Exit short,2015-09-10 07:45,TX30,163.23,100,16210,-113,-0.70,0,15,0.09,-124,-0.76,-545,-0.55,2
1127,Entry short,2015-09-10 07:15,C0|S|MKT|15|v0.3.0-tier0|SPY,162.1,100,16210,-113,-0.70,0,15,0.09,-124,-0.76,-545,-0.55,2
1128,Exit short,2015-09-11 07:30,TX30,162.54,100,16233,-21,-0.13,0,14,0.09,-47,-0.29,-566,-0.57,2
1128,Entry short,2015-09-11 07:00,C0|S|MKT|15|v0.3.0-tier0|SPY,162.33,100,16233,-21,-0.13,0,14,0.09,-47,-0.29,-566,-0.57,2
1129,Exit short,2015-09-14 07:30,TX30,163.44,100,16329,-15,-0.09,0,7,0.04,-45,-0.28,-581,-0.58,2
1129,Entry short,2015-09-14 07:00,C0|S|MKT|15|v0.3.0-tier0|SPY,163.29,100,16329,-15,-0.09,0,7,0.04,-45,-0.28,-581,-0.58,2
1130,Exit long,2015-09-15 08:00,TX30,164.77,100,16410,67,0.41,0,83,0.51,0,0.00,-514,-0.51,2
1130,Entry long,2015-09-15 07:30,C0|L|MKT|15|v0.3.0-tier0|SPY,164.1,100,16410,67,0.41,0,83,0.51,0,0.00,-514,-0.51,2
1131,Exit long,2015-09-17 07:30,TX30,166.9,100,16685,5,0.03,0,24,0.14,-9,-0.05,-509,-0.51,2
1131,Entry long,2015-09-17 07:00,C0|L|MKT|15|v0.3.0-tier0|SPY,166.85,100,16685,5,0.03,0,24,0.14,-9,-0.05,-509,-0.51,2
1132,Exit long,2015-09-18 07:45,TX30,164.71,100,16494,-23,-0.14,0,44,0.27,-33,-0.20,-532,-0.53,2
1132,Entry long,2015-09-18 07:15,C0|L|MKT|15|v0.3.0-tier0|SPY,164.94,100,16494,-23,-0.14,0,44,0.27,-33,-0.20,-532,-0.53,2
1133,Exit short,2015-09-24 07:30,TX30,160.09,100,16042,33,0.21,0,39,0.24,-31,-0.19,-499,-0.50,2
1133,Entry short,2015-09-24 07:00,C0|S|MKT|15|v0.3.0-tier0|SPY,160.42,100,16042,33,0.21,0,39,0.24,-31,-0.19,-499,-0.50,2
1134,Exit short,2015-09-28 07:30,TX30,159.73,100,15981,8,0.05,0,56,0.35,-13,-0.08,-491,-0.49,2
1134,Entry short,2015-09-28 07:00,C0|S|MKT|15|v0.3.0-tier0|SPY,159.81,100,15981,8,0.05,0,56,0.35,-13,-0.08,-491,-0.49,2
1135,Exit long,2015-09-29 07:30,TX30,158.92,100,15811,81,0.51,0,81,0.51,-28,-0.18,-410,-0.41,2
1135,Entry long,2015-09-29 07:00,C0|L|MKT|15|v0.3.0-tier0|SPY,158.11,100,15811,81,0.51,0,81,0.51,-28,-0.18,-410,-0.41,2
1136,Exit long,2015-09-30 08:00,TX30,160.05,100,16031,-26,-0.16,0,16,0.10,-36,-0.22,-436,-0.44,2
1136,Entry long,2015-09-30 07:30,C0|L|MKT|15|v0.3.0-tier0|SPY,160.31,100,16031,-26,-0.16,0,16,0.10,-36,-0.22,-436,-0.44,2
1137,Exit short,2015-10-01 07:30,TX30,160.8,100,16015,-65,-0.41,0,40,0.25,-77,-0.48,-501,-0.50,2
1137,Entry short,2015-10-01 07:00,C0|S|MKT|15|v0.3.0-tier0|SPY,160.15,100,16015,-65,-0.41,0,40,0.25,-77,-0.48,-501,-0.50,2
1138,Exit long,2015-10-05 07:30,TX30,165.44,100,16535,9,0.05,0,24,0.15,-29,-0.18,-492,-0.49,2
1138,Entry long,2015-10-05 07:00,C0|L|MKT|15|v0.3.0-tier0|SPY,165.35,100,16535,9,0.05,0,24,0.15,-29,-0.18,-492,-0.49,2
1139,Exit long,2015-10-06 07:30,TX30,165.8,100,16671,-91,-0.55,0,1,0.01,-97,-0.58,-583,-0.58,2
1139,Entry long,2015-10-06 07:00,C0|L|MKT|15|v0.3.0-tier0|SPY,166.71,100,16671,-91,-0.55,0,1,0.01,-97,-0.58,-583,-0.58,2
1140,Exit long,2015-10-07 07:30,TX30,167.3,100,16716,14,0.08,0,30,0.18,-12,-0.07,-569,-0.57,2
1140,Entry long,2015-10-07 07:00,C0|L|MKT|15|v0.3.0-tier0|SPY,167.16,100,16716,14,0.08,0,30,0.18,-12,-0.07,-569,-0.57,2
1141,Exit short,2015-10-09 07:45,TX30,168.96,100,16854,-42,-0.25,0,7,0.04,-49,-0.29,-611,-0.61,2
1141,Entry short,2015-10-09 07:15,C0|S|MKT|15|v0.3.0-tier0|SPY,168.54,100,16854,-42,-0.25,0,7,0.04,-49,-0.29,-611,-0.61,2
1142,Exit long,2015-10-13 07:30,TX30,169,100,16859,41,0.24,0,41,0.24,-5,-0.03,-570,-0.57,2
1142,Entry long,2015-10-13 07:00,C0|L|MKT|15|v0.3.0-tier0|SPY,168.59,100,16859,41,0.24,0,41,0.24,-5,-0.03,-570,-0.57,2
1143,Exit long,2015-10-14 07:30,TX30,167.54,100,16824,-70,-0.42,0,4,0.02,-83,-0.49,-640,-0.64,2
1143,Entry long,2015-10-14 07:00,C0|L|MKT|15|v0.3.0-tier0|SPY,168.24,100,16824,-70,-0.42,0,4,0.02,-83,-0.49,-640,-0.64,2
1144,Exit short,2015-10-16 08:00,TX30,169.74,100,16959,-15,-0.09,0,9,0.05,-22,-0.13,-655,-0.65,2
1144,Entry short,2015-10-16 07:30,C0|S|MKT|15|v0.3.0-tier0|SPY,169.59,100,16959,-15,-0.09,0,9,0.05,-22,-0.13,-655,-0.65,2
1145,Exit long,2015-10-19 07:30,TX30,169.95,100,17002,-7,-0.04,0,17,0.10,-19,-0.11,-662,-0.66,2
1145,Entry long,2015-10-19 07:00,C0|L|MKT|15|v0.3.0-tier0|SPY,170.02,100,17002,-7,-0.04,0,17,0.10,-19,-0.11,-662,-0.66,2
1146,Exit long,2015-10-20 07:30,TX30,170.49,100,17036,13,0.08,0,24,0.14,-12,-0.07,-649,-0.65,2
1146,Entry long,2015-10-20 07:00,C0|L|MKT|15|v0.3.0-tier0|SPY,170.36,100,17036,13,0.08,0,24,0.14,-12,-0.07,-649,-0.65,2
1147,Exit short,2015-10-21 07:45,TX30,170.13,100,17014,1,0.01,0,41,0.24,-1,-0.01,-648,-0.65,2
1147,Entry short,2015-10-21 07:15,C0|S|MKT|15|v0.3.0-tier0|SPY,170.14,100,17014,1,0.01,0,41,0.24,-1,-0.01,-648,-0.65,2
1148,Exit long,2015-10-22 07:30,TX30,170.96,100,17089,7,0.04,0,31,0.18,-8,-0.05,-641,-0.64,2
1148,Entry long,2015-10-22 07:00,C0|L|MKT|15|v0.3.0-tier0|SPY,170.89,100,17089,7,0.04,0,31,0.18,-8,-0.05,-641,-0.64,2
1149,Exit long,2015-10-23 07:30,TX30,173.47,100,17406,-59,-0.34,0,5,0.03,-62,-0.36,-700,-0.70,2
1149,Entry long,2015-10-23 07:00,C0|L|MKT|15|v0.3.0-tier0|SPY,174.06,100,17406,-59,-0.34,0,5,0.03,-62,-0.36,-700,-0.70,2
1150,Exit short,2015-10-26 07:30,TX30,173.4,100,17331,-9,-0.05,0,20,0.12,-20,-0.12,-709,-0.71,2
1150,Entry short,2015-10-26 07:00,C0|S|MKT|15|v0.3.0-tier0|SPY,173.31,100,17331,-9,-0.05,0,20,0.12,-20,-0.12,-709,-0.71,2
1151,Exit long,2015-10-27 07:30,TX30,172.79,100,17316,-37,-0.21,0,6,0.03,-49,-0.28,-746,-0.75,2
1151,Entry long,2015-10-27 07:00,C0|L|MKT|15|v0.3.0-tier0|SPY,173.16,100,17316,-37,-0.21,0,6,0.03,-49,-0.28,-746,-0.75,2
1152,Exit long,2015-10-28 07:30,TX30,173.77,100,17377,0,0.00,0,16,0.09,-5,-0.03,-746,-0.75,2
1152,Entry long,2015-10-28 07:00,C0|L|MKT|15|v0.3.0-tier0|SPY,173.77,100,17377,0,0.00,0,16,0.09,-5,-0.03,-746,-0.75,2
1153,Exit long,2015-10-29 07:45,TX30,174.85,100,17509,-24,-0.14,0,1,0.01,-46,-0.26,-770,-0.77,2
1153,Entry long,2015-10-29 07:15,C0|L|MKT|15|v0.3.0-tier0|SPY,175.09,100,17509,-24,-0.14,0,1,0.01,-46,-0.26,-770,-0.77,2
1154,Exit short,2015-10-30 07:30,TX30,174.8,100,17487,7,0.04,0,22,0.13,-13,-0.07,-763,-0.76,2
1154,Entry short,2015-10-30 07:00,C0|S|MKT|15|v0.3.0-tier0|SPY,174.87,100,17487,7,0.04,0,22,0.13,-13,-0.07,-763,-0.76,2
1155,Exit long,2015-11-02 07:30,TX30,175.29,100,17513,16,0.09,0,28,0.16,-12,-0.07,-747,-0.75,2
1155,Entry long,2015-11-02 07:00,C0|L|MKT|15|v0.3.0-tier0|SPY,175.13,100,17513,16,0.09,0,28,0.16,-12,-0.07,-747,-0.75,2
1156,Exit long,2015-11-03 08:00,TX30,176.26,100,17622,4,0.02,0,22,0.12,0,0.00,-743,-0.74,2
1156,Entry long,2015-11-03 07:30,C0|L|MKT|15|v0.3.0-tier0|SPY,176.22,100,17622,4,0.02,0,22,0.12,0,0.00,-743,-0.74,2
1157,Exit short,2015-11-04 07:30,TX30,176.78,100,17656,-22,-0.12,0,27,0.15,-29,-0.16,-765,-0.76,2
1157,Entry short,2015-11-04 07:00,C0|S|MKT|15|v0.3.0-tier0|SPY,176.56,100,17656,-22,-0.12,0,27,0.15,-29,-0.16,-765,-0.76,2
1158,Exit long,2015-11-05 07:30,TX30,175.63,100,17672,-109,-0.62,0,10,0.06,-110,-0.62,-874,-0.87,2
1158,Entry long,2015-11-05 07:00,C0|L|MKT|15|v0.3.0-tier0|SPY,176.72,100,17672,-109,-0.62,0,10,0.06,-110,-0.62,-874,-0.87,2
1159,Exit short,2015-11-06 07:30,TX30,175.16,100,17527,11,0.06,0,56,0.32,-3,-0.02,-863,-0.86,2
1159,Entry short,2015-11-06 07:00,C0|S|MKT|15|v0.3.0-tier0|SPY,175.27,100,17527,11,0.06,0,56,0.32,-3,-0.02,-863,-0.86,2
1160,Exit short,2015-11-09 07:30,TX30,174.39,100,17484,45,0.26,0,59,0.34,-9,-0.05,-818,-0.82,2
1160,Entry short,2015-11-09 07:00,C0|S|MKT|15|v0.3.0-tier0|SPY,174.84,100,17484,45,0.26,0,59,0.34,-9,-0.05,-818,-0.82,2
1161,Exit short,2015-11-10 08:00,TX30,174.13,100,17381,-32,-0.18,0,10,0.06,-35,-0.20,-850,-0.85,2
1161,Entry short,2015-11-10 07:30,C0|S|MKT|15|v0.3.0-tier0|SPY,173.81,100,17381,-32,-0.18,0,10,0.06,-35,-0.20,-850,-0.85,2
1162,Exit short,2015-11-11 07:30,TX30,174.41,100,17466,25,0.14,0,35,0.20,-8,-0.05,-825,-0.82,2
1162,Entry short,2015-11-11 07:00,C0|S|MKT|15|v0.3.0-tier0|SPY,174.66,100,17466,25,0.14,0,35,0.20,-8,-0.05,-825,-0.82,2
1163,Exit short,2015-11-13 07:30,TX30,170.31,100,17102,71,0.42,0,88,0.51,-14,-0.08,-754,-0.75,2
1163,Entry short,2015-11-13 07:00,C0|S|MKT|15|v0.3.0-tier0|SPY,171.02,100,17102,71,0.42,0,88,0.51,-14,-0.08,-754,-0.75,2
1164,Exit long,2015-11-20 07:30,TX30,175.88,100,17595,-7,-0.04,0,14,0.08,-21,-0.12,-761,-0.76,2
1164,Entry long,2015-11-20 07:00,C0|L|MKT|15|v0.3.0-tier0|SPY,175.95,100,17595,-7,-0.04,0,14,0.08,-21,-0.12,-761,-0.76,2
1165,Exit long,2015-11-23 07:45,TX30,175.85,100,17573,12,0.07,0,25,0.14,-5,-0.03,-749,-0.75,2
1165,Entry long,2015-11-23 07:15,C0|L|MKT|15|v0.3.0-tier0|SPY,175.73,100,17573,12,0.07,0,25,0.14,-5,-0.03,-749,-0.75,2
1166,Exit long,2015-11-25 07:30,TX30,175.47,100,17563,-16,-0.09,0,1,0.01,-22,-0.13,-765,-0.76,2
1166,Entry long,2015-11-25 07:00,C0|L|MKT|15|v0.3.0-tier0|SPY,175.63,100,17563,-16,-0.09,0,1,0.01,-22,-0.13,-765,-0.76,2
1167,Exit short,2015-11-27 07:45,TX30,175.47,100,17531,-16,-0.09,0,9,0.05,-20,-0.11,-781,-0.78,2
1167,Entry short,2015-11-27 07:15,C0|S|MKT|15|v0.3.0-tier0|SPY,175.31,100,17531,-16,-0.09,0,9,0.05,-20,-0.11,-781,-0.78,2
1168,Exit short,2015-11-30 07:30,TX30,175.4,100,17530,-10,-0.06,0,13,0.07,-15,-0.09,-791,-0.79,2
1168,Entry short,2015-11-30 07:00,C0|S|MKT|15|v0.3.0-tier0|SPY,175.3,100,17530,-10,-0.06,0,13,0.07,-15,-0.09,-791,-0.79,2
1169,Exit long,2015-12-01 07:30,TX30,175.58,100,17619,-61,-0.35,0,2,0.01,-93,-0.53,-852,-0.85,2
1169,Entry long,2015-12-01 07:00,C0|L|MKT|15|v0.3.0-tier0|SPY,176.19,100,17619,-61,-0.35,0,2,0.01,-93,-0.53,-852,-0.85,2
1170,Exit short,2015-12-03 07:30,TX30,173.92,100,17440,48,0.28,0,71,0.41,0,0.00,-804,-0.80,2
1170,Entry short,2015-12-03 07:00,C0|S|MKT|15|v0.3.0-tier0|SPY,174.4,100,17440,48,0.28,0,71,0.41,0,0.00,-804,-0.80,2
1171,Exit long,2015-12-04 07:30,TX30,174.07,100,17373,34,0.20,0,45,0.26,-26,-0.15,-770,-0.77,2
1171,Entry long,2015-12-04 07:00,C0|L|MKT|15|v0.3.0-tier0|SPY,173.73,100,17373,34,0.20,0,45,0.26,-26,-0.15,-770,-0.77,2
1172,Exit short,2015-12-07 07:30,TX30,174.54,100,17484,30,0.17,0,40,0.23,-5,-0.03,-740,-0.74,2
1172,Entry short,2015-12-07 07:00,C0|S|MKT|15|v0.3.0-tier0|SPY,174.84,100,17484,30,0.17,0,40,0.23,-5,-0.03,-740,-0.74,2
1173,Exit long,2015-12-09 07:45,TX30,174.73,100,17428,45,0.26,0,61,0.35,-16,-0.09,-695,-0.69,2
1173,Entry long,2015-12-09 07:15,C0|L|MKT|15|v0.3.0-tier0|SPY,174.28,100,17428,45,0.26,0,61,0.35,-16,-0.09,-695,-0.69,2
1174,Exit short,2015-12-11 07:30,TX30,170.86,100,17013,-73,-0.43,0,14,0.08,-79,-0.46,-768,-0.77,2
1174,Entry short,2015-12-11 07:00,C0|S|MKT|15|v0.3.0-tier0|SPY,170.13,100,17013,-73,-0.43,0,14,0.08,-79,-0.46,-768,-0.77,2
1175,Exit short,2015-12-14 07:30,TX30,168.39,100,16894,55,0.33,0,63,0.37,-117,-0.69,-713,-0.71,2
1175,Entry short,2015-12-14 07:00,C0|S|MKT|15|v0.3.0-tier0|SPY,168.94,100,16894,55,0.33,0,63,0.37,-117,-0.69,-713,-0.71,2
1176,Exit long,2015-12-15 07:30,TX30,172.04,100,17227,-23,-0.13,0,7,0.04,-45,-0.26,-736,-0.74,2
1176,Entry long,2015-12-15 07:00,C0|L|MKT|15|v0.3.0-tier0|SPY,172.27,100,17227,-23,-0.13,0,7,0.04,-45,-0.26,-736,-0.74,2
1177,Exit short,2015-12-16 07:30,TX30,172.66,100,17278,12,0.07,0,20,0.12,-16,-0.09,-724,-0.72,2
1177,Entry short,2015-12-16 07:00,C0|S|MKT|15|v0.3.0-tier0|SPY,172.78,100,17278,12,0.07,0,20,0.12,-16,-0.09,-724,-0.72,2
1178,Exit short,2015-12-17 08:00,TX30,172.91,100,17355,64,0.37,0,97,0.56,-19,-0.11,-660,-0.66,2
1178,Entry short,2015-12-17 07:30,C0|S|MKT|15|v0.3.0-tier0|SPY,173.55,100,17355,64,0.37,0,97,0.56,-19,-0.11,-660,-0.66,2
1179,Exit short,2015-12-18 07:45,TX30,169.83,100,17007,24,0.14,0,39,0.23,-48,-0.28,-636,-0.64,2
1179,Entry short,2015-12-18 07:15,C0|S|MKT|15|v0.3.0-tier0|SPY,170.07,100,17007,24,0.14,0,39,0.23,-48,-0.28,-636,-0.64,2
1180,Exit short,2015-12-24 07:30,TX30,173.48,100,17331,-17,-0.10,0,12,0.07,-20,-0.12,-653,-0.65,2
1180,Entry short,2015-12-24 07:00,C0|S|MKT|15|v0.3.0-tier0|SPY,173.31,100,17331,-17,-0.10,0,12,0.07,-20,-0.12,-653,-0.65,2
1181,Exit short,2015-12-28 07:45,TX30,172.3,100,17219,-11,-0.06,0,4,0.02,-19,-0.11,-664,-0.66,2
1181,Entry short,2015-12-28 07:15,C0|S|MKT|15|v0.3.0-tier0|SPY,172.19,100,17219,-11,-0.06,0,4,0.02,-19,-0.11,-664,-0.66,2
1182,Exit long,2015-12-29 07:30,TX30,174.66,100,17454,12,0.07,0,17,0.10,-2,-0.01,-652,-0.65,2
1182,Entry long,2015-12-29 07:00,C0|L|MKT|15|v0.3.0-tier0|SPY,174.54,100,17454,12,0.07,0,17,0.10,-2,-0.01,-652,-0.65,2
1183,Exit short,2015-12-30 08:00,TX30,174.35,100,17417,-18,-0.10,0,7,0.04,-27,-0.16,-670,-0.67,2
1183,Entry short,2015-12-30 07:30,C0|S|MKT|15|v0.3.0-tier0|SPY,174.17,100,17417,-18,-0.10,0,7,0.04,-27,-0.16,-670,-0.67,2
1184,Exit short,2015-12-31 08:00,TX30,172.45,100,17243,-2,-0.01,0,30,0.17,-3,-0.02,-672,-0.67,2
1184,Entry short,2015-12-31 07:30,C0|S|MKT|15|v0.3.0-tier0|SPY,172.43,100,17243,-2,-0.01,0,30,0.17,-3,-0.02,-672,-0.67,2
1185,Exit short,2016-01-05 07:30,TX30,168.99,100,16939,40,0.24,0,41,0.24,-8,-0.05,-632,-0.63,2
1185,Entry short,2016-01-05 07:00,C0|S|MKT|15|v0.3.0-tier0|SPY,169.39,100,16939,40,0.24,0,41,0.24,-8,-0.05,-632,-0.63,2
1186,Exit long,2016-01-06 07:30,TX30,168.3,100,16793,37,0.22,0,42,0.25,-39,-0.23,-595,-0.60,2
1186,Entry long,2016-01-06 07:00,C0|L|MKT|15|v0.3.0-tier0|SPY,167.93,100,16793,37,0.22,0,42,0.25,-39,-0.23,-595,-0.60,2
1187,Exit short,2016-01-08 07:45,TX30,163.78,100,16377,-1,-0.01,0,5,0.03,-56,-0.34,-596,-0.60,2
1187,Entry short,2016-01-08 07:15,C0|S|MKT|15|v0.3.0-tier0|SPY,163.77,100,16377,-1,-0.01,0,5,0.03,-56,-0.34,-596,-0.60,2
1188,Exit short,2016-01-11 07:30,TX30,162.12,100,16193,-19,-0.12,0,26,0.16,-42,-0.26,-615,-0.61,2
1188,Entry short,2016-01-11 07:00,C0|S|MKT|15|v0.3.0-tier0|SPY,161.93,100,16193,-19,-0.12,0,26,0.16,-42,-0.26,-615,-0.61,2
1189,Exit short,2016-01-12 08:00,TX30,162.76,100,16279,3,0.02,0,43,0.26,-48,-0.29,-612,-0.61,2
1189,Entry short,2016-01-12 07:30,C0|S|MKT|15|v0.3.0-tier0|SPY,162.79,100,16279,3,0.02,0,43,0.26,-48,-0.29,-612,-0.61,2
1190,Exit short,2016-01-13 07:30,TX30,163.38,100,16365,27,0.16,0,54,0.33,-24,-0.15,-585,-0.58,2
1190,Entry short,2016-01-13 07:00,C0|S|MKT|15|v0.3.0-tier0|SPY,163.65,100,16365,27,0.16,0,54,0.33,-24,-0.15,-585,-0.58,2
1191,Exit short,2016-01-14 07:30,TX30,160.42,100,15846,-196,-1.24,0,25,0.16,-198,-1.25,-781,-0.78,2
1191,Entry short,2016-01-14 07:00,C0|S|MKT|15|v0.3.0-tier0|SPY,158.46,100,15846,-196,-1.24,0,25,0.16,-198,-1.25,-781,-0.78,2
1192,Exit short,2016-01-20 07:30,TX30,154.96,100,15524,28,0.18,0,47,0.30,-26,-0.17,-753,-0.75,2
1192,Entry short,2016-01-20 07:00,C0|S|MKT|15|v0.3.0-tier0|SPY,155.24,100,15524,28,0.18,0,47,0.30,-26,-0.17,-753,-0.75,2
1193,Exit short,2016-01-21 07:30,TX30,157.71,100,15607,-164,-1.05,0,5,0.03,-188,-1.20,-917,-0.92,2
1193,Entry short,2016-01-21 07:00,C0|S|MKT|15|v0.3.0-tier0|SPY,156.07,100,15607,-164,-1.05,0,5,0.03,-188,-1.20,-917,-0.92,2
1194,Exit long,2016-01-22 07:30,TX30,160.37,100,16038,-1,-0.01,0,27,0.17,-21,-0.13,-918,-0.92,2
1194,Entry long,2016-01-22 07:00,C0|L|MKT|15|v0.3.0-tier0|SPY,160.38,100,16038,-1,-0.01,0,27,0.17,-21,-0.13,-918,-0.92,2
1195,Exit short,2016-01-25 07:45,TX30,159.51,100,15963,12,0.08,0,25,0.16,-43,-0.27,-906,-0.91,2
1195,Entry short,2016-01-25 07:15,C0|S|MKT|15|v0.3.0-tier0|SPY,159.63,100,15963,12,0.08,0,25,0.16,-43,-0.27,-906,-0.91,2
1196,Exit short,2016-01-26 07:30,TX30,159.72,100,15873,-99,-0.62,0,1,0.01,-124,-0.78,-1005,-1.00,2
1196,Entry short,2016-01-26 07:00,C0|S|MKT|15|v0.3.0-tier0|SPY,158.73,100,15873,-99,-0.62,0,1,0.01,-124,-0.78,-1005,-1.00,2
1197,Exit short,2016-01-27 07:45,TX30,159.79,100,15908,-71,-0.45,0,12,0.08,-76,-0.48,-1076,-1.08,2
1197,Entry short,2016-01-27 07:15,C0|S|MKT|15|v0.3.0-tier0|SPY,159.08,100,15908,-71,-0.45,0,12,0.08,-76,-0.48,-1076,-1.08,2
1198,Exit short,2016-01-28 07:45,TX30,158.6,100,15912,52,0.33,0,133,0.84,-7,-0.04,-1024,-1.02,2
1198,Entry short,2016-01-28 07:15,C0|S|MKT|15|v0.3.0-tier0|SPY,159.12,100,15912,52,0.33,0,133,0.84,-7,-0.04,-1024,-1.02,2
1199,Exit long,2016-01-29 07:30,TX30,161.11,100,16115,-4,-0.02,0,46,0.29,-8,-0.05,-1028,-1.03,2
1199,Entry long,2016-01-29 07:00,C0|L|MKT|15|v0.3.0-tier0|SPY,161.15,100,16115,-4,-0.02,0,46,0.29,-8,-0.05,-1028,-1.03,2
1200,Exit short,2016-02-03 07:30,TX30,158.35,100,16025,190,1.19,0,193,1.20,0,0.00,-838,-0.84,2
1200,Entry short,2016-02-03 07:00,C0|S|MKT|15|v0.3.0-tier0|SPY,160.25,100,16025,190,1.19,0,193,1.20,0,0.00,-838,-0.84,2
1201,Exit long,2016-02-04 07:45,TX30,162.14,100,16178,36,0.22,0,71,0.44,-11,-0.07,-802,-0.80,2
1201,Entry long,2016-02-04 07:15,C0|L|MKT|15|v0.3.0-tier0|SPY,161.78,100,16178,36,0.22,0,71,0.44,-11,-0.07,-802,-0.80,2
1202,Exit short,2016-02-05 07:30,TX30,159.52,100,16026,74,0.46,0,85,0.53,-40,-0.25,-728,-0.73,2
1202,Entry short,2016-02-05 07:00,C0|S|MKT|15|v0.3.0-tier0|SPY,160.26,100,16026,74,0.46,0,85,0.53,-40,-0.25,-728,-0.73,2
1203,Exit short,2016-02-08 07:30,TX30,155.23,100,15560,37,0.24,0,53,0.34,-43,-0.28,-691,-0.69,2
1203,Entry short,2016-02-08 07:00,C0|S|MKT|15|v0.3.0-tier0|SPY,155.6,100,15560,37,0.24,0,53,0.34,-43,-0.28,-691,-0.69,2
1204,Exit long,2016-02-09 07:30,TX30,156.19,100,15616,3,0.02,0,88,0.56,-9,-0.06,-688,-0.69,2
1204,Entry long,2016-02-09 07:00,C0|L|MKT|15|v0.3.0-tier0|SPY,156.16,100,15616,3,0.02,0,88,0.56,-9,-0.06,-688,-0.69,2
1205,Exit long,2016-02-10 07:30,TX30,157.97,100,15774,23,0.15,0,46,0.29,-32,-0.20,-665,-0.66,2
1205,Entry long,2016-02-10 07:00,C0|L|MKT|15|v0.3.0-tier0|SPY,157.74,100,15774,23,0.15,0,46,0.29,-32,-0.20,-665,-0.66,2
1206,Exit long,2016-02-11 07:30,TX30,154.03,100,15472,-69,-0.45,0,28,0.18,-76,-0.49,-734,-0.73,2
1206,Entry long,2016-02-11 07:00,C0|L|MKT|15|v0.3.0-tier0|SPY,154.72,100,15472,-69,-0.45,0,28,0.18,-76,-0.49,-734,-0.73,2
1207,Exit short,2016-02-12 07:30,TX30,155.84,100,15536,-48,-0.31,0,26,0.17,-62,-0.40,-782,-0.78,2
1207,Entry short,2016-02-12 07:00,C0|S|MKT|15|v0.3.0-tier0|SPY,155.36,100,15536,-48,-0.31,0,26,0.17,-62,-0.40,-782,-0.78,2
1208,Exit short,2016-02-16 07:30,TX30,158.61,100,15874,13,0.08,0,37,0.23,-20,-0.13,-769,-0.77,2
1208,Entry short,2016-02-16 07:00,C0|S|MKT|15|v0.3.0-tier0|SPY,158.74,100,15874,13,0.08,0,37,0.23,-20,-0.13,-769,-0.77,2
1209,Exit long,2016-02-17 07:45,TX30,162.16,100,16190,26,0.16,0,32,0.20,-12,-0.07,-743,-0.74,2
1209,Entry long,2016-02-17 07:15,C0|L|MKT|15|v0.3.0-tier0|SPY,161.9,100,16190,26,0.16,0,32,0.20,-12,-0.07,-743,-0.74,2
1210,Exit long,2016-02-22 07:45,TX30,163.99,100,16408,-9,-0.05,0,7,0.04,-17,-0.10,-752,-0.75,2
1210,Entry long,2016-02-22 07:15,C0|L|MKT|15|v0.3.0-tier0|SPY,164.08,100,16408,-9,-0.05,0,7,0.04,-17,-0.10,-752,-0.75,2
1211,Exit short,2016-02-23 07:45,TX30,163.05,100,16293,-12,-0.07,0,5,0.03,-29,-0.18,-764,-0.76,2
1211,Entry short,2016-02-23 07:15,C0|S|MKT|15|v0.3.0-tier0|SPY,162.93,100,16293,-12,-0.07,0,5,0.03,-29,-0.18,-764,-0.76,2
1212,Exit short,2016-02-24 07:30,TX30,159.89,100,16001,12,0.07,0,31,0.19,-19,-0.12,-752,-0.75,2
1212,Entry short,2016-02-24 07:00,C0|S|MKT|15|v0.3.0-tier0|SPY,160.01,100,16001,12,0.07,0,31,0.19,-19,-0.12,-752,-0.75,2
1213,Exit short,2016-02-25 07:45,TX30,163.32,100,16290,-42,-0.26,0,6,0.04,-50,-0.31,-794,-0.79,2
1213,Entry short,2016-02-25 07:15,C0|S|MKT|15|v0.3.0-tier0|SPY,162.9,100,16290,-42,-0.26,0,6,0.04,-50,-0.31,-794,-0.79,2
1214,Exit short,2016-02-26 07:45,TX30,165.44,100,16511,-33,-0.20,0,28,0.17,-36,-0.22,-827,-0.83,2
1214,Entry short,2016-02-26 07:15,C0|S|MKT|15|v0.3.0-tier0|SPY,165.11,100,16511,-33,-0.20,0,28,0.17,-36,-0.22,-827,-0.83,2
1215,Exit long,2016-03-01 07:45,TX30,165.34,100,16466,68,0.41,0,75,0.46,-31,-0.19,-759,-0.76,2
1215,Entry long,2016-03-01 07:15,C0|L|MKT|15|v0.3.0-tier0|SPY,164.66,100,16466,68,0.41,0,75,0.46,-31,-0.19,-759,-0.76,2
1216,Exit long,2016-03-02 07:45,TX30,166.47,100,16707,-60,-0.36,0,7,0.04,-78,-0.47,-819,-0.82,2
1216,Entry long,2016-03-02 07:15,C0|L|MKT|15|v0.3.0-tier0|SPY,167.07,100,16707,-60,-0.36,0,7,0.04,-78,-0.47,-819,-0.82,2
1217,Exit short,2016-03-03 07:45,TX30,167.42,100,16703,-39,-0.23,0,0,0.00,-54,-0.32,-858,-0.86,2
1217,Entry short,2016-03-03 07:15,C0|S|MKT|15|v0.3.0-tier0|SPY,167.03,100,16703,-39,-0.23,0,0,0.00,-54,-0.32,-858,-0.86,2
1218,Exit short,2016-03-04 07:30,TX30,168.33,100,16801,-32,-0.19,0,18,0.11,-43,-0.26,-890,-0.89,2
1218,Entry short,2016-03-04 07:00,C0|S|MKT|15|v0.3.0-tier0|SPY,168.01,100,16801,-32,-0.19,0,18,0.11,-43,-0.26,-890,-0.89,2
1219,Exit short,2016-03-08 08:00,TX30,167.42,100,16746,4,0.02,0,21,0.13,-33,-0.20,-886,-0.89,2
1219,Entry short,2016-03-08 07:30,C0|S|MKT|15|v0.3.0-tier0|SPY,167.46,100,16746,4,0.02,0,21,0.13,-33,-0.20,-886,-0.89,2
1220,Exit short,2016-03-09 07:45,TX30,168.21,100,16767,-54,-0.32,0,7,0.04,-68,-0.41,-940,-0.94,2
1220,Entry short,2016-03-09 07:15,C0|S|MKT|15|v0.3.0-tier0|SPY,167.67,100,16767,-54,-0.32,0,7,0.04,-68,-0.41,-940,-0.94,2
1221,Exit long,2016-03-10 07:30,TX30,168.79,100,16929,-50,-0.30,0,21,0.12,-52,-0.31,-990,-0.99,2
1221,Entry long,2016-03-10 07:00,C0|L|MKT|15|v0.3.0-tier0|SPY,169.29,100,16929,-50,-0.30,0,21,0.12,-52,-0.31,-990,-0.99,2
1222,Exit short,2016-03-14 07:30,TX30,170.36,100,17017,-19,-0.11,0,7,0.04,-27,-0.16,-1009,-1.01,2
1222,Entry short,2016-03-14 07:00,C0|S|MKT|15|v0.3.0-tier0|SPY,170.17,100,17017,-19,-0.11,0,7,0.04,-27,-0.16,-1009,-1.01,2
1223,Exit long,2016-03-15 08:00,TX30,169.87,100,17003,-16,-0.09,0,12,0.07,-28,-0.16,-1025,-1.03,2
1223,Entry long,2016-03-15 07:30,C0|L|MKT|15|v0.3.0-tier0|SPY,170.03,100,17003,-16,-0.09,0,12,0.07,-28,-0.16,-1025,-1.03,2
1224,Exit long,2016-03-16 07:30,TX30,170.44,100,17046,-2,-0.01,0,14,0.08,-6,-0.04,-1027,-1.03,2
1224,Entry long,2016-03-16 07:00,C0|L|MKT|15|v0.3.0-tier0|SPY,170.46,100,17046,-2,-0.01,0,14,0.08,-6,-0.04,-1027,-1.03,2
1225,Exit long,2016-03-18 07:45,TX30,173.2,100,17327,-7,-0.04,0,5,0.03,-29,-0.17,-1034,-1.03,2
1225,Entry long,2016-03-18 07:15,C0|L|MKT|15|v0.3.0-tier0|SPY,173.27,100,17327,-7,-0.04,0,5,0.03,-29,-0.17,-1034,-1.03,2
1226,Exit short,2016-03-21 07:45,TX30,172.79,100,17286,7,0.04,0,8,0.05,-25,-0.14,-1027,-1.03,2
1226,Entry short,2016-03-21 07:15,C0|S|MKT|15|v0.3.0-tier0|SPY,172.86,100,17286,7,0.04,0,8,0.05,-25,-0.14,-1027,-1.03,2
1227,Exit long,2016-03-22 07:30,TX30,173.18,100,17303,15,0.09,0,21,0.12,-11,-0.06,-1012,-1.01,2
1227,Entry long,2016-03-22 07:00,C0|L|MKT|15|v0.3.0-tier0|SPY,173.03,100,17303,15,0.09,0,21,0.12,-11,-0.06,-1012,-1.01,2
1228,Exit long,2016-03-24 07:30,TX30,171.18,100,17139,-21,-0.12,0,6,0.04,-27,-0.16,-1033,-1.03,2
1228,Entry long,2016-03-24 07:00,C0|L|MKT|15|v0.3.0-tier0|SPY,171.39,100,17139,-21,-0.12,0,6,0.04,-27,-0.16,-1033,-1.03,2
1229,Exit long,2016-03-29 07:45,TX30,171.91,100,17194,-3,-0.02,0,14,0.08,-8,-0.05,-1036,-1.04,2
1229,Entry long,2016-03-29 07:15,C0|L|MKT|15|v0.3.0-tier0|SPY,171.94,100,17194,-3,-0.02,0,14,0.08,-8,-0.05,-1036,-1.04,2
1230,Exit long,2016-03-31 07:45,TX30,174.73,100,17471,2,0.01,0,17,0.10,-17,-0.10,-1034,-1.03,2
1230,Entry long,2016-03-31 07:15,C0|L|MKT|15|v0.3.0-tier0|SPY,174.71,100,17471,2,0.01,0,17,0.10,-17,-0.10,-1034,-1.03,2
1231,Exit long,2016-04-01 07:30,TX30,173.86,100,17333,53,0.31,0,71,0.41,-9,-0.05,-981,-0.98,2
1231,Entry long,2016-04-01 07:00,C0|L|MKT|15|v0.3.0-tier0|SPY,173.33,100,17333,53,0.31,0,71,0.41,-9,-0.05,-981,-0.98,2
1232,Exit long,2016-04-04 07:30,TX30,175.28,100,17535,-7,-0.04,0,12,0.07,-19,-0.11,-988,-0.99,2
1232,Entry long,2016-04-04 07:00,C0|L|MKT|15|v0.3.0-tier0|SPY,175.35,100,17535,-7,-0.04,0,12,0.07,-19,-0.11,-988,-0.99,2
1233,Exit long,2016-04-05 08:00,TX30,173.25,100,17376,-51,-0.29,0,0,0.00,-57,-0.33,-1039,-1.04,2
1233,Entry long,2016-04-05 07:30,C0|L|MKT|15|v0.3.0-tier0|SPY,173.76,100,17376,-51,-0.29,0,0,0.00,-57,-0.33,-1039,-1.04,2
1234,Exit short,2016-04-07 07:45,TX30,173.33,100,17373,40,0.23,0,47,0.27,0,0.00,-999,-1.00,2
1234,Entry short,2016-04-07 07:15,C0|S|MKT|15|v0.3.0-tier0|SPY,173.73,100,17373,40,0.23,0,47,0.27,0,0.00,-999,-1.00,2
1235,Exit long,2016-04-08 07:30,TX30,174.19,100,17420,-1,-0.01,0,23,0.13,-12,-0.07,-1000,-1.00,2
1235,Entry long,2016-04-08 07:00,C0|L|MKT|15|v0.3.0-tier0|SPY,174.2,100,17420,-1,-0.01,0,23,0.13,-12,-0.07,-1000,-1.00,2
1236,Exit long,2016-04-11 07:45,TX30,174,100,17454,-54,-0.31,0,6,0.03,-60,-0.34,-1054,-1.05,2
1236,Entry long,2016-04-11 07:15,C0|L|MKT|15|v0.3.0-tier0|SPY,174.54,100,17454,-54,-0.31,0,6,0.03,-60,-0.34,-1054,-1.05,2
1237,Exit short,2016-04-12 07:45,TX30,173.2,100,17282,-38,-0.22,0,20,0.12,-63,-0.36,-1092,-1.09,2
1237,Entry short,2016-04-12 07:15,C0|S|MKT|15|v0.3.0-tier0|SPY,172.82,100,17282,-38,-0.22,0,20,0.12,-63,-0.36,-1092,-1.09,2
1238,Exit short,2016-04-14 07:30,TX30,176.27,100,17601,-26,-0.15,0,7,0.04,-28,-0.16,-1118,-1.12,2
1238,Entry short,2016-04-14 07:00,C0|S|MKT|15|v0.3.0-tier0|SPY,176.01,100,17601,-26,-0.15,0,7,0.04,-28,-0.16,-1118,-1.12,2
1239,Exit short,2016-04-15 07:45,TX30,176.24,100,17595,-29,-0.16,0,5,0.03,-35,-0.20,-1147,-1.15,2
1239,Entry short,2016-04-15 07:15,C0|S|MKT|15|v0.3.0-tier0|SPY,175.95,100,17595,-29,-0.16,0,5,0.03,-35,-0.20,-1147,-1.15,2
1240,Exit long,2016-04-18 07:30,TX30,176.72,100,17609,63,0.36,0,65,0.37,0,0.00,-1084,-1.08,2
1240,Entry long,2016-04-18 07:00,C0|L|MKT|15|v0.3.0-tier0|SPY,176.09,100,17609,63,0.36,0,65,0.37,0,0.00,-1084,-1.08,2
1241,Exit long,2016-04-19 07:30,TX30,177.95,100,17795,0,0.00,0,17,0.10,-6,-0.03,-1084,-1.08,2
1241,Entry long,2016-04-19 07:00,C0|L|MKT|15|v0.3.0-tier0|SPY,177.95,100,17795,0,0.00,0,17,0.10,-6,-0.03,-1084,-1.08,2
1242,Exit short,2016-04-21 07:30,TX30,177.67,100,17756,-11,-0.06,0,17,0.10,-28,-0.16,-1095,-1.09,2
1242,Entry short,2016-04-21 07:00,C0|S|MKT|15|v0.3.0-tier0|SPY,177.56,100,17756,-11,-0.06,0,17,0.10,-28,-0.16,-1095,-1.09,2
1243,Exit short,2016-04-25 07:30,TX30,176.03,100,17637,34,0.19,0,39,0.22,-14,-0.08,-1061,-1.06,2
1243,Entry short,2016-04-25 07:00,C0|S|MKT|15|v0.3.0-tier0|SPY,176.37,100,17637,34,0.19,0,39,0.22,-14,-0.08,-1061,-1.06,2
1244,Exit long,2016-04-26 07:30,TX30,176.88,100,17749,-61,-0.34,0,6,0.03,-63,-0.35,-1122,-1.12,2
1244,Entry long,2016-04-26 07:00,C0|L|MKT|15|v0.3.0-tier0|SPY,177.49,100,17749,-61,-0.34,0,6,0.03,-63,-0.35,-1122,-1.12,2
1245,Exit long,2016-04-28 07:30,TX30,177.19,100,17714,5,0.03,0,26,0.15,-9,-0.05,-1117,-1.12,2
1245,Entry long,2016-04-28 07:00,C0|L|MKT|15|v0.3.0-tier0|SPY,177.14,100,17714,5,0.03,0,26,0.15,-9,-0.05,-1117,-1.12,2
1246,Exit short,2016-04-29 07:30,TX30,174.86,100,17466,-20,-0.11,0,25,0.14,-33,-0.19,-1137,-1.14,2
1246,Entry short,2016-04-29 07:00,C0|S|MKT|15|v0.3.0-tier0|SPY,174.66,100,17466,-20,-0.11,0,25,0.14,-33,-0.19,-1137,-1.14,2
1247,Exit long,2016-05-02 08:00,TX30,175.25,100,17553,-28,-0.16,0,8,0.05,-38,-0.22,-1165,-1.16,2
1247,Entry long,2016-05-02 07:30,C0|L|MKT|15|v0.3.0-tier0|SPY,175.53,100,17553,-28,-0.16,0,8,0.05,-38,-0.22,-1165,-1.16,2
1248,Exit short,2016-05-03 07:30,TX30,174.52,100,17465,13,0.07,0,49,0.28,0,0.00,-1152,-1.15,2
1248,Entry short,2016-05-03 07:00,C0|S|MKT|15|v0.3.0-tier0|SPY,174.65,100,17465,13,0.07,0,49,0.28,0,0.00,-1152,-1.15,2
1249,Exit long,2016-05-04 07:30,TX30,174.12,100,17402,10,0.06,0,40,0.23,-14,-0.08,-1142,-1.14,2
1249,Entry long,2016-05-04 07:00,C0|L|MKT|15|v0.3.0-tier0|SPY,174.02,100,17402,10,0.06,0,40,0.23,-14,-0.08,-1142,-1.14,2
1250,Exit long,2016-05-05 07:45,TX30,174.07,100,17453,-46,-0.26,0,1,0.01,-65,-0.37,-1188,-1.19,2
1250,Entry long,2016-05-05 07:15,C0|L|MKT|15|v0.3.0-tier0|SPY,174.53,100,17453,-46,-0.26,0,1,0.01,-65,-0.37,-1188,-1.19,2
1251,Exit long,2016-05-10 07:30,TX30,175.67,100,17565,2,0.01,0,14,0.08,-18,-0.10,-1186,-1.19,2
1251,Entry long,2016-05-10 07:00,C0|L|MKT|15|v0.3.0-tier0|SPY,175.65,100,17565,2,0.01,0,14,0.08,-18,-0.10,-1186,-1.19,2
1252,Exit short,2016-05-11 07:30,TX30,176.19,100,17601,-18,-0.10,0,12,0.07,-18,-0.10,-1204,-1.20,2
1252,Entry short,2016-05-11 07:00,C0|S|MKT|15|v0.3.0-tier0|SPY,176.01,100,17601,-18,-0.10,0,12,0.07,-18,-0.10,-1204,-1.20,2
1253,Exit short,2016-05-12 07:30,TX30,175.06,100,17510,4,0.02,0,18,0.10,-29,-0.17,-1200,-1.20,2
1253,Entry short,2016-05-12 07:00,C0|S|MKT|15|v0.3.0-tier0|SPY,175.1,100,17510,4,0.02,0,18,0.10,-29,-0.17,-1200,-1.20,2
1254,Exit short,2016-05-13 08:00,TX30,174.53,100,17463,10,0.06,0,35,0.20,-8,-0.05,-1190,-1.19,2
1254,Entry short,2016-05-13 07:30,C0|S|MKT|15|v0.3.0-tier0|SPY,174.63,100,17463,10,0.06,0,35,0.20,-8,-0.05,-1190,-1.19,2
1255,Exit long,2016-05-16 07:45,TX30,174.3,100,17437,-7,-0.04,0,13,0.07,-20,-0.11,-1197,-1.20,2
1255,Entry long,2016-05-16 07:15,C0|L|MKT|15|v0.3.0-tier0|SPY,174.37,100,17437,-7,-0.04,0,13,0.07,-20,-0.11,-1197,-1.20,2
1256,Exit short,2016-05-17 07:45,TX30,174.78,100,17450,-28,-0.16,0,8,0.05,-32,-0.18,-1225,-1.23,2
1256,Entry short,2016-05-17 07:15,C0|S|MKT|15|v0.3.0-tier0|SPY,174.5,100,17450,-28,-0.16,0,8,0.05,-32,-0.18,-1225,-1.23,2
1257,Exit long,2016-05-18 07:30,TX30,174.25,100,17358,67,0.39,0,74,0.43,-13,-0.07,-1158,-1.16,2
1257,Entry long,2016-05-18 07:00,C0|L|MKT|15|v0.3.0-tier0|SPY,173.58,100,17358,67,0.39,0,74,0.43,-13,-0.07,-1158,-1.16,2
1258,Exit short,2016-05-19 07:30,TX30,172.4,100,17212,-28,-0.16,0,14,0.08,-29,-0.17,-1186,-1.19,2
1258,Entry short,2016-05-19 07:00,C0|S|MKT|15|v0.3.0-tier0|SPY,172.12,100,17212,-28,-0.16,0,14,0.08,-29,-0.17,-1186,-1.19,2
1259,Exit long,2016-05-20 07:30,TX30,174.12,100,17428,-16,-0.09,0,24,0.14,-16,-0.09,-1202,-1.20,2
1259,Entry long,2016-05-20 07:00,C0|L|MKT|15|v0.3.0-tier0|SPY,174.28,100,17428,-16,-0.09,0,24,0.14,-16,-0.09,-1202,-1.20,2
1260,Exit long,2016-05-24 07:30,TX30,175.74,100,17531,43,0.25,0,47,0.27,0,0.00,-1159,-1.16,2
1260,Entry long,2016-05-24 07:00,C0|L|MKT|15|v0.3.0-tier0|SPY,175.31,100,17531,43,0.25,0,47,0.27,0,0.00,-1159,-1.16,2
1261,Exit long,2016-05-25 07:30,TX30,177.56,100,17728,28,0.16,0,42,0.24,0,0.00,-1131,-1.13,2
1261,Entry long,2016-05-25 07:00,C0|L|MKT|15|v0.3.0-tier0|SPY,177.28,100,17728,28,0.16,0,42,0.24,0,0.00,-1131,-1.13,2
1262,Exit short,2016-05-26 07:30,TX30,177.4,100,17716,-24,-0.14,0,1,0.01,-35,-0.20,-1155,-1.15,2
1262,Entry short,2016-05-26 07:00,C0|S|MKT|15|v0.3.0-tier0|SPY,177.16,100,17716,-24,-0.14,0,1,0.01,-35,-0.20,-1155,-1.15,2
1263,Exit long,2016-05-27 07:45,TX30,177.84,100,17782,2,0.01,0,8,0.04,-15,-0.08,-1153,-1.15,2
1263,Entry long,2016-05-27 07:15,C0|L|MKT|15|v0.3.0-tier0|SPY,177.82,100,17782,2,0.01,0,8,0.04,-15,-0.08,-1153,-1.15,2
1264,Exit long,2016-06-01 07:45,TX30,177.45,100,17751,-6,-0.03,0,15,0.08,-14,-0.08,-1159,-1.16,2
1264,Entry long,2016-06-01 07:15,C0|L|MKT|15|v0.3.0-tier0|SPY,177.51,100,17751,-6,-0.03,0,15,0.08,-14,-0.08,-1159,-1.16,2
1265,Exit short,2016-06-02 07:30,TX30,177.62,100,17745,-17,-0.10,0,4,0.02,-31,-0.17,-1176,-1.18,2
1265,Entry short,2016-06-02 07:00,C0|S|MKT|15|v0.3.0-tier0|SPY,177.45,100,17745,-17,-0.10,0,4,0.02,-31,-0.17,-1176,-1.18,2
1266,Exit short,2016-06-03 07:30,TX30,177.18,100,17764,46,0.26,0,65,0.37,0,0.00,-1130,-1.13,2
1266,Entry short,2016-06-03 07:00,C0|S|MKT|15|v0.3.0-tier0|SPY,177.64,100,17764,46,0.26,0,65,0.37,0,0.00,-1130,-1.13,2
1267,Exit long,2016-06-06 07:30,TX30,178.94,100,17896,-2,-0.01,0,11,0.06,-8,-0.04,-1132,-1.13,2
1267,Entry long,2016-06-06 07:00,C0|L|MKT|15|v0.3.0-tier0|SPY,178.96,100,17896,-2,-0.01,0,11,0.06,-8,-0.04,-1132,-1.13,2
1268,Exit long,2016-06-07 07:45,TX30,179.73,100,17951,22,0.12,0,23,0.13,-3,-0.02,-1110,-1.11,2
1268,Entry long,2016-06-07 07:15,C0|L|MKT|15|v0.3.0-tier0|SPY,179.51,100,17951,22,0.12,0,23,0.13,-3,-0.02,-1110,-1.11,2
1269,Exit long,2016-06-08 07:30,TX30,179.62,100,17999,-37,-0.21,0,1,0.01,-54,-0.30,-1147,-1.15,2
1269,Entry long,2016-06-08 07:00,C0|L|MKT|15|v0.3.0-tier0|SPY,179.99,100,17999,-37,-0.21,0,1,0.01,-54,-0.30,-1147,-1.15,2
1270,Exit long,2016-06-13 07:30,TX30,178.08,100,17793,15,0.08,0,22,0.12,-21,-0.12,-1132,-1.13,2
1270,Entry long,2016-06-13 07:00,C0|L|MKT|15|v0.3.0-tier0|SPY,177.93,100,17793,15,0.08,0,22,0.12,-21,-0.12,-1132,-1.13,2
1271,Exit short,2016-06-14 08:00,TX30,175.56,100,17603,47,0.27,0,55,0.31,-17,-0.10,-1085,-1.08,2
1271,Entry short,2016-06-14 07:30,C0|S|MKT|15|v0.3.0-tier0|SPY,176.03,100,17603,47,0.27,0,55,0.31,-17,-0.10,-1085,-1.08,2
1272,Exit long,2016-06-15 07:45,TX30,176.94,100,17706,-12,-0.07,0,0,0.00,-30,-0.17,-1097,-1.10,2
1272,Entry long,2016-06-15 07:15,C0|L|MKT|15|v0.3.0-tier0|SPY,177.06,100,17706,-12,-0.07,0,0,0.00,-30,-0.17,-1097,-1.10,2
1273,Exit short,2016-06-16 07:30,TX30,174.58,100,17448,-10,-0.06,0,16,0.09,-24,-0.14,-1107,-1.11,2
1273,Entry short,2016-06-16 07:00,C0|S|MKT|15|v0.3.0-tier0|SPY,174.48,100,17448,-10,-0.06,0,16,0.09,-24,-0.14,-1107,-1.11,2
1274,Exit short,2016-06-17 08:00,TX30,175.74,100,17586,12,0.07,0,30,0.17,-11,-0.06,-1095,-1.09,2
1274,Entry short,2016-06-17 07:30,C0|S|MKT|15|v0.3.0-tier0|SPY,175.86,100,17586,12,0.07,0,30,0.17,-11,-0.06,-1095,-1.09,2
1275,Exit long,2016-06-22 08:00,TX30,178.29,100,17806,23,0.13,0,39,0.22,-19,-0.11,-1072,-1.07,2
1275,Entry long,2016-06-22 07:30,C0|L|MKT|15|v0.3.0-tier0|SPY,178.06,100,17806,23,0.13,0,39,0.22,-19,-0.11,-1072,-1.07,2
1276,Exit long,2016-06-24 07:30,TX30,175.4,100,17546,-6,-0.03,0,78,0.44,-34,-0.19,-1078,-1.08,2
1276,Entry long,2016-06-24 07:00,C0|L|MKT|15|v0.3.0-tier0|SPY,175.46,100,17546,-6,-0.03,0,78,0.44,-34,-0.19,-1078,-1.08,2
1277,Exit short,2016-06-27 07:30,TX30,169.92,100,17075,83,0.49,0,93,0.54,-34,-0.20,-995,-1.00,2
1277,Entry short,2016-06-27 07:00,C0|S|MKT|15|v0.3.0-tier0|SPY,170.75,100,17075,83,0.49,0,93,0.54,-34,-0.20,-995,-1.00,2
1278,Exit long,2016-06-28 07:30,TX30,171.84,100,17218,-34,-0.20,0,14,0.08,-37,-0.21,-1029,-1.03,2
1278,Entry long,2016-06-28 07:00,C0|L|MKT|15|v0.3.0-tier0|SPY,172.18,100,17218,-34,-0.20,0,14,0.08,-37,-0.21,-1029,-1.03,2
1279,Exit long,2016-06-29 07:45,TX30,174.94,100,17487,7,0.04,0,37,0.21,-4,-0.02,-1022,-1.02,2
1279,Entry long,2016-06-29 07:15,C0|L|MKT|15|v0.3.0-tier0|SPY,174.87,100,17487,7,0.04,0,37,0.21,-4,-0.02,-1022,-1.02,2
1280,Exit short,2016-06-30 07:30,TX30,176.11,100,17604,-7,-0.04,0,8,0.05,-33,-0.19,-1029,-1.03,2
1280,Entry short,2016-06-30 07:00,C0|S|MKT|15|v0.3.0-tier0|SPY,176.04,100,17604,-7,-0.04,0,8,0.05,-33,-0.19,-1029,-1.03,2
1281,Exit long,2016-07-01 07:45,TX30,179.27,100,17903,24,0.13,0,25,0.14,-2,-0.01,-1005,-1.00,2
1281,Entry long,2016-07-01 07:15,C0|L|MKT|15|v0.3.0-tier0|SPY,179.03,100,17903,24,0.13,0,25,0.14,-2,-0.01,-1005,-1.00,2
1282,Exit short,2016-07-05 07:30,TX30,177.6,100,17753,-7,-0.04,0,24,0.14,-9,-0.05,-1012,-1.01,2
1282,Entry short,2016-07-05 07:00,C0|S|MKT|15|v0.3.0-tier0|SPY,177.53,100,17753,-7,-0.04,0,24,0.14,-9,-0.05,-1012,-1.01,2
1283,Exit short,2016-07-06 08:00,TX30,177.29,100,17654,-75,-0.42,0,16,0.09,-75,-0.42,-1087,-1.09,2
1283,Entry short,2016-07-06 07:30,C0|S|MKT|15|v0.3.0-tier0|SPY,176.54,100,17654,-75,-0.42,0,16,0.09,-75,-0.42,-1087,-1.09,2
1284,Exit long,2016-07-07 07:30,TX30,179.31,100,17936,-5,-0.03,0,2,0.01,-26,-0.14,-1092,-1.09,2
1284,Entry long,2016-07-07 07:00,C0|L|MKT|15|v0.3.0-tier0|SPY,179.36,100,17936,-5,-0.03,0,2,0.01,-26,-0.14,-1092,-1.09,2
1285,Exit long,2016-07-08 07:30,TX30,180.23,100,18003,20,0.11,0,37,0.21,-3,-0.02,-1072,-1.07,2
1285,Entry long,2016-07-08 07:00,C0|L|MKT|15|v0.3.0-tier0|SPY,180.03,100,18003,20,0.11,0,37,0.21,-3,-0.02,-1072,-1.07,2
1286,Exit short,2016-07-11 08:00,TX30,181.95,100,18155,-40,-0.22,0,0,0.00,-41,-0.23,-1112,-1.11,2
1286,Entry short,2016-07-11 07:30,C0|S|MKT|15|v0.3.0-tier0|SPY,181.55,100,18155,-40,-0.22,0,0,0.00,-41,-0.23,-1112,-1.11,2
1287,Exit short,2016-07-12 07:45,TX30,182.76,100,18265,-11,-0.06,0,15,0.08,-11,-0.06,-1123,-1.12,2
1287,Entry short,2016-07-12 07:15,C0|S|MKT|15|v0.3.0-tier0|SPY,182.65,100,18265,-11,-0.06,0,15,0.08,-11,-0.06,-1123,-1.12,2
1288,Exit short,2016-07-13 07:30,TX30,183.07,100,18303,-4,-0.02,0,1,0.01,-25,-0.14,-1127,-1.13,2
1288,Entry short,2016-07-13 07:00,C0|S|MKT|15|v0.3.0-tier0|SPY,183.03,100,18303,-4,-0.02,0,1,0.01,-25,-0.14,-1127,-1.13,2
1289,Exit long,2016-07-14 07:45,TX30,184.31,100,18451,-20,-0.11,0,4,0.02,-28,-0.15,-1147,-1.15,2
1289,Entry long,2016-07-14 07:15,C0|L|MKT|15|v0.3.0-tier0|SPY,184.51,100,18451,-20,-0.11,0,4,0.02,-28,-0.15,-1147,-1.15,2
1290,Exit short,2016-07-15 07:45,TX30,184.29,100,18415,-14,-0.08,0,10,0.05,-20,-0.11,-1161,-1.16,2
1290,Entry short,2016-07-15 07:15,C0|S|MKT|15|v0.3.0-tier0|SPY,184.15,100,18415,-14,-0.08,0,10,0.05,-20,-0.11,-1161,-1.16,2
1291,Exit long,2016-07-18 07:45,TX30,184.37,100,18411,26,0.14,0,32,0.17,0,0.00,-1135,-1.13,2
1291,Entry long,2016-07-18 07:15,C0|L|MKT|15|v0.3.0-tier0|SPY,184.11,100,18411,26,0.14,0,32,0.17,0,0.00,-1135,-1.13,2
1292,Exit long,2016-07-20 08:00,TX30,184.94,100,18469,25,0.14,0,30,0.16,-7,-0.04,-1110,-1.11,2
1292,Entry long,2016-07-20 07:30,C0|L|MKT|15|v0.3.0-tier0|SPY,184.69,100,18469,25,0.14,0,30,0.16,-7,-0.04,-1110,-1.11,2
1293,Exit short,2016-07-25 07:30,TX30,184.31,100,18449,18,0.10,0,33,0.18,-4,-0.02,-1092,-1.09,2
1293,Entry short,2016-07-25 07:00,C0|S|MKT|15|v0.3.0-tier0|SPY,184.49,100,18449,18,0.10,0,33,0.18,-4,-0.02,-1092,-1.09,2
1294,Exit short,2016-07-27 08:00,TX30,184.32,100,18457,25,0.14,0,40,0.22,0,0.00,-1067,-1.07,2
1294,Entry short,2016-07-27 07:30,C0|S|MKT|15|v0.3.0-tier0|SPY,184.57,100,18457,25,0.14,0,40,0.22,0,0.00,-1067,-1.07,2
1295,Exit short,2016-07-29 08:00,TX30,184.8,100,18432,-48,-0.26,0,1,0.01,-60,-0.33,-1115,-1.11,2
1295,Entry short,2016-07-29 07:30,C0|S|MKT|15|v0.3.0-tier0|SPY,184.32,100,18432,-48,-0.26,0,1,0.01,-60,-0.33,-1115,-1.11,2
1296,Exit short,2016-08-02 07:45,TX30,183.5,100,18387,37,0.20,0,42,0.23,0,0.00,-1078,-1.08,2
1296,Entry short,2016-08-02 07:15,C0|S|MKT|15|v0.3.0-tier0|SPY,183.87,100,18387,37,0.20,0,42,0.23,0,0.00,-1078,-1.08,2
1297,Exit long,2016-08-03 07:45,TX30,183.88,100,18387,1,0.01,0,7,0.04,-32,-0.17,-1077,-1.08,2
1297,Entry long,2016-08-03 07:15,C0|L|MKT|15|v0.3.0-tier0|SPY,183.87,100,18387,1,0.01,0,7,0.04,-32,-0.17,-1077,-1.08,2
1298,Exit short,2016-08-04 07:30,TX30,184.1,100,18407,-3,-0.02,0,22,0.12,-7,-0.04,-1080,-1.08,2
1298,Entry short,2016-08-04 07:00,C0|S|MKT|15|v0.3.0-tier0|SPY,184.07,100,18407,-3,-0.02,0,22,0.12,-7,-0.04,-1080,-1.08,2
1299,Exit long,2016-08-05 07:30,TX30,185.53,100,18558,-5,-0.03,0,10,0.05,-10,-0.05,-1085,-1.08,2
1299,Entry long,2016-08-05 07:00,C0|L|MKT|15|v0.3.0-tier0|SPY,185.58,100,18558,-5,-0.03,0,10,0.05,-10,-0.05,-1085,-1.08,2
1300,Exit short,2016-08-08 07:30,TX30,185.67,100,18584,17,0.09,0,22,0.12,-9,-0.05,-1068,-1.07,2
1300,Entry short,2016-08-08 07:00,C0|S|MKT|15|v0.3.0-tier0|SPY,185.84,100,18584,17,0.09,0,22,0.12,-9,-0.05,-1068,-1.07,2
1301,Exit long,2016-08-09 07:30,TX30,186.2,100,18604,16,0.09,0,21,0.11,-19,-0.10,-1052,-1.05,2
1301,Entry long,2016-08-09 07:00,C0|L|MKT|15|v0.3.0-tier0|SPY,186.04,100,18604,16,0.09,0,21,0.11,-19,-0.10,-1052,-1.05,2
1302,Exit short,2016-08-10 07:30,TX30,185.76,100,18564,-12,-0.06,0,3,0.02,-26,-0.14,-1064,-1.06,2
1302,Entry short,2016-08-10 07:00,C0|S|MKT|15|v0.3.0-tier0|SPY,185.64,100,18564,-12,-0.06,0,3,0.02,-26,-0.14,-1064,-1.06,2
1303,Exit short,2016-08-11 07:30,TX30,185.86,100,18584,-2,-0.01,0,19,0.10,-5,-0.03,-1066,-1.07,2
1303,Entry short,2016-08-11 07:00,C0|S|MKT|15|v0.3.0-tier0|SPY,185.84,100,18584,-2,-0.01,0,19,0.10,-5,-0.03,-1066,-1.07,2
1304,Exit long,2016-08-12 07:45,TX30,186.08,100,18611,-3,-0.02,0,4,0.02,-12,-0.06,-1069,-1.07,2
1304,Entry long,2016-08-12 07:15,C0|L|MKT|15|v0.3.0-tier0|SPY,186.11,100,18611,-3,-0.02,0,4,0.02,-12,-0.06,-1069,-1.07,2
1305,Exit long,2016-08-15 08:00,TX30,186.88,100,18679,9,0.05,0,16,0.09,0,0.00,-1060,-1.06,2
1305,Entry long,2016-08-15 07:30,C0|L|MKT|15|v0.3.0-tier0|SPY,186.79,100,18679,9,0.05,0,16,0.09,0,0.00,-1060,-1.06,2
1306,Exit short,2016-08-17 07:30,TX30,185.19,100,18514,-5,-0.03,0,4,0.02,-10,-0.05,-1065,-1.06,2
1306,Entry short,2016-08-17 07:00,C0|S|MKT|15|v0.3.0-tier0|SPY,185.14,100,18514,-5,-0.03,0,4,0.02,-10,-0.05,-1065,-1.06,2
1307,Exit long,2016-08-19 08:00,TX30,186.01,100,18604,-3,-0.02,0,15,0.08,-7,-0.04,-1068,-1.07,2
1307,Entry long,2016-08-19 07:30,C0|L|MKT|15|v0.3.0-tier0|SPY,186.04,100,18604,-3,-0.02,0,15,0.08,-7,-0.04,-1068,-1.07,2
1308,Exit long,2016-08-22 08:00,TX30,186.2,100,18623,-3,-0.02,0,9,0.05,-4,-0.02,-1071,-1.07,2
1308,Entry long,2016-08-22 07:30,C0|L|MKT|15|v0.3.0-tier0|SPY,186.23,100,18623,-3,-0.02,0,9,0.05,-4,-0.02,-1071,-1.07,2
1309,Exit short,2016-08-24 08:00,TX30,186.1,100,18624,14,0.08,0,30,0.16,-3,-0.02,-1057,-1.06,2
1309,Entry short,2016-08-24 07:30,C0|S|MKT|15|v0.3.0-tier0|SPY,186.24,100,18624,14,0.08,0,30,0.16,-3,-0.02,-1057,-1.06,2
1310,Exit long,2016-08-25 07:45,TX30,185.53,100,18556,-3,-0.02,0,7,0.04,-21,-0.11,-1060,-1.06,2
1310,Entry long,2016-08-25 07:15,C0|L|MKT|15|v0.3.0-tier0|SPY,185.56,100,18556,-3,-0.02,0,7,0.04,-21,-0.11,-1060,-1.06,2
1311,Exit long,2016-08-26 08:00,TX30,186.27,100,18652,-25,-0.13,0,2,0.01,-39,-0.21,-1085,-1.08,2
1311,Entry long,2016-08-26 07:30,C0|L|MKT|15|v0.3.0-tier0|SPY,186.52,100,18652,-25,-0.13,0,2,0.01,-39,-0.21,-1085,-1.08,2
1312,Exit short,2016-08-30 07:45,TX30,185.56,100,18569,13,0.07,0,32,0.17,-6,-0.03,-1072,-1.07,2
1312,Entry short,2016-08-30 07:15,C0|S|MKT|15|v0.3.0-tier0|SPY,185.69,100,18569,13,0.07,0,32,0.17,-6,-0.03,-1072,-1.07,2
1313,Exit short,2016-09-01 07:30,TX30,184.49,100,18506,57,0.31,0,59,0.32,-17,-0.09,-1015,-1.01,2
1313,Entry short,2016-09-01 07:00,C0|S|MKT|15|v0.3.0-tier0|SPY,185.06,100,18506,57,0.31,0,59,0.32,-17,-0.09,-1015,-1.01,2
1314,Exit long,2016-09-02 07:30,TX30,186.19,100,18632,-13,-0.07,0,12,0.06,-37,-0.20,-1028,-1.03,2
1314,Entry long,2016-09-02 07:00,C0|L|MKT|15|v0.3.0-tier0|SPY,186.32,100,18632,-13,-0.07,0,12,0.06,-37,-0.20,-1028,-1.03,2
1315,Exit short,2016-09-06 07:45,TX30,185.81,100,18582,1,0.01,0,24,0.13,-8,-0.04,-1027,-1.03,2
1315,Entry short,2016-09-06 07:15,C0|S|MKT|15|v0.3.0-tier0|SPY,185.82,100,18582,1,0.01,0,24,0.13,-8,-0.04,-1027,-1.03,2
1316,Exit long,2016-09-07 07:45,TX30,186.46,100,18663,-17,-0.09,0,10,0.05,-19,-0.10,-1044,-1.04,2
1316,Entry long,2016-09-07 07:15,C0|L|MKT|15|v0.3.0-tier0|SPY,186.63,100,18663,-17,-0.09,0,10,0.05,-19,-0.10,-1044,-1.04,2
1317,Exit short,2016-09-09 07:30,TX30,184.3,100,18443,13,0.07,0,30,0.16,-10,-0.05,-1031,-1.03,2
1317,Entry short,2016-09-09 07:00,C0|S|MKT|15|v0.3.0-tier0|SPY,184.43,100,18443,13,0.07,0,30,0.16,-10,-0.05,-1031,-1.03,2
1318,Exit long,2016-09-12 07:30,TX30,182.37,100,18182,55,0.30,0,57,0.31,-5,-0.03,-976,-0.98,2
1318,Entry long,2016-09-12 07:00,C0|L|MKT|15|v0.3.0-tier0|SPY,181.82,100,18182,55,0.30,0,57,0.31,-5,-0.03,-976,-0.98,2
1319,Exit short,2016-09-13 07:30,TX30,182.09,100,18236,27,0.15,0,37,0.20,-12,-0.07,-949,-0.95,2
1319,Entry short,2016-09-13 07:00,C0|S|MKT|15|v0.3.0-tier0|SPY,182.36,100,18236,27,0.15,0,37,0.20,-12,-0.07,-949,-0.95,2
1320,Exit long,2016-09-14 07:45,TX30,182.36,100,18237,-1,-0.01,0,51,0.28,-14,-0.08,-950,-0.95,2
1320,Entry long,2016-09-14 07:15,C0|L|MKT|15|v0.3.0-tier0|SPY,182.37,100,18237,-1,-0.01,0,51,0.28,-14,-0.08,-950,-0.95,2
1321,Exit long,2016-09-15 07:45,TX30,182.11,100,18218,-7,-0.04,0,19,0.10,-14,-0.08,-957,-0.96,2
1321,Entry long,2016-09-15 07:15,C0|L|MKT|15|v0.3.0-tier0|SPY,182.18,100,18218,-7,-0.04,0,19,0.10,-14,-0.08,-957,-0.96,2
1322,Exit short,2016-09-16 07:45,TX30,182.64,100,18214,-50,-0.27,0,10,0.05,-52,-0.29,-1007,-1.01,2
1322,Entry short,2016-09-16 07:15,C0|S|MKT|15|v0.3.0-tier0|SPY,182.14,100,18214,-50,-0.27,0,10,0.05,-52,-0.29,-1007,-1.01,2
1323,Exit long,2016-09-19 07:30,TX30,183.71,100,18388,-17,-0.09,0,7,0.04,-24,-0.13,-1024,-1.02,2
1323,Entry long,2016-09-19 07:00,C0|L|MKT|15|v0.3.0-tier0|SPY,183.88,100,18388,-17,-0.09,0,7,0.04,-24,-0.13,-1024,-1.02,2
1324,Exit long,2016-09-21 07:30,TX30,183.62,100,18370,-8,-0.04,0,11,0.06,-18,-0.10,-1032,-1.03,2
1324,Entry long,2016-09-21 07:00,C0|L|MKT|15|v0.3.0-tier0|SPY,183.7,100,18370,-8,-0.04,0,11,0.06,-18,-0.10,-1032,-1.03,2
1325,Exit short,2016-09-23 07:30,TX30,185.49,100,18542,-7,-0.04,0,10,0.05,-13,-0.07,-1039,-1.04,2
1325,Entry short,2016-09-23 07:00,C0|S|MKT|15|v0.3.0-tier0|SPY,185.42,100,18542,-7,-0.04,0,10,0.05,-13,-0.07,-1039,-1.04,2
1326,Exit long,2016-09-27 07:30,TX30,183.92,100,18381,11,0.06,0,37,0.20,-2,-0.01,-1028,-1.03,2
1326,Entry long,2016-09-27 07:00,C0|L|MKT|15|v0.3.0-tier0|SPY,183.81,100,18381,11,0.06,0,37,0.20,-2,-0.01,-1028,-1.03,2
1327,Exit short,2016-09-28 07:45,TX30,184.38,100,18454,16,0.09,0,24,0.13,-15,-0.08,-1012,-1.01,2
1327,Entry short,2016-09-28 07:15,C0|S|MKT|15|v0.3.0-tier0|SPY,184.54,100,18454,16,0.09,0,24,0.13,-15,-0.08,-1012,-1.01,2
1328,Exit long,2016-09-29 07:30,TX30,185.55,100,18543,12,0.06,0,24,0.13,-24,-0.13,-1000,-1.00,2
1328,Entry long,2016-09-29 07:00,C0|L|MKT|15|v0.3.0-tier0|SPY,185.43,100,18543,12,0.06,0,24,0.13,-24,-0.13,-1000,-1.00,2
1329,Exit short,2016-09-30 07:30,TX30,184.71,100,18449,-22,-0.12,0,7,0.04,-35,-0.19,-1022,-1.02,2
1329,Entry short,2016-09-30 07:00,C0|S|MKT|15|v0.3.0-tier0|SPY,184.49,100,18449,-22,-0.12,0,7,0.04,-35,-0.19,-1022,-1.02,2
1330,Exit short,2016-10-04 07:45,TX30,184.91,100,18436,-55,-0.30,0,16,0.09,-62,-0.34,-1077,-1.08,2
1330,Entry short,2016-10-04 07:15,C0|S|MKT|15|v0.3.0-tier0|SPY,184.36,100,18436,-55,-0.30,0,16,0.09,-62,-0.34,-1077,-1.08,2
1331,Exit long,2016-10-05 07:45,TX30,184.54,100,18467,-13,-0.07,0,14,0.08,-23,-0.12,-1090,-1.09,2
1331,Entry long,2016-10-05 07:15,C0|L|MKT|15|v0.3.0-tier0|SPY,184.67,100,18467,-13,-0.07,0,14,0.08,-23,-0.12,-1090,-1.09,2
1332,Exit short,2016-10-07 07:30,TX30,184.42,100,18425,-17,-0.09,0,3,0.02,-29,-0.16,-1107,-1.11,2
1332,Entry short,2016-10-07 07:00,C0|S|MKT|15|v0.3.0-tier0|SPY,184.25,100,18425,-17,-0.09,0,3,0.02,-29,-0.16,-1107,-1.11,2
1333,Exit short,2016-10-11 07:30,TX30,183.65,100,18399,34,0.18,0,46,0.25,-7,-0.04,-1073,-1.07,2
1333,Entry short,2016-10-11 07:00,C0|S|MKT|15|v0.3.0-tier0|SPY,183.99,100,18399,34,0.18,0,46,0.25,-7,-0.04,-1073,-1.07,2
1334,Exit long,2016-10-12 08:00,TX30,182.69,100,18312,-43,-0.23,0,3,0.02,-49,-0.27,-1116,-1.12,2
1334,Entry long,2016-10-12 07:30,C0|L|MKT|15|v0.3.0-tier0|SPY,183.12,100,18312,-43,-0.23,0,3,0.02,-49,-0.27,-1116,-1.12,2
1335,Exit short,2016-10-13 07:30,TX30,181.12,100,18104,-8,-0.04,0,22,0.12,-22,-0.12,-1124,-1.12,2
1335,Entry short,2016-10-13 07:00,C0|S|MKT|15|v0.3.0-tier0|SPY,181.04,100,18104,-8,-0.04,0,22,0.12,-22,-0.12,-1124,-1.12,2
1336,Exit long,2016-10-14 07:45,TX30,183.68,100,18363,5,0.03,0,17,0.09,-11,-0.06,-1119,-1.12,2
1336,Entry long,2016-10-14 07:15,C0|L|MKT|15|v0.3.0-tier0|SPY,183.63,100,18363,5,0.03,0,17,0.09,-11,-0.06,-1119,-1.12,2
1337,Exit short,2016-10-17 07:30,TX30,182.49,100,18203,-46,-0.25,0,13,0.07,-56,-0.31,-1165,-1.16,2
1337,Entry short,2016-10-17 07:00,C0|S|MKT|15|v0.3.0-tier0|SPY,182.03,100,18203,-46,-0.25,0,13,0.07,-56,-0.31,-1165,-1.16,2
1338,Exit short,2016-10-18 07:30,TX30,182.71,100,18292,21,0.11,0,34,0.19,-8,-0.04,-1144,-1.14,2
1338,Entry short,2016-10-18 07:00,C0|S|MKT|15|v0.3.0-tier0|SPY,182.92,100,18292,21,0.11,0,34,0.19,-8,-0.04,-1144,-1.14,2
1339,Exit long,2016-10-19 08:00,TX30,183.57,100,18330,27,0.15,0,32,0.17,-5,-0.03,-1117,-1.12,2
1339,Entry long,2016-10-19 07:30,C0|L|MKT|15|v0.3.0-tier0|SPY,183.3,100,18330,27,0.15,0,32,0.17,-5,-0.03,-1117,-1.12,2
1340,Exit long,2016-10-20 07:30,TX30,183.11,100,18333,-22,-0.12,0,33,0.18,-30,-0.16,-1139,-1.14,2
1340,Entry long,2016-10-20 07:00,C0|L|MKT|15|v0.3.0-tier0|SPY,183.33,100,18333,-22,-0.12,0,33,0.18,-30,-0.16,-1139,-1.14,2
1341,Exit long,2016-10-21 07:30,TX30,182.57,100,18250,7,0.04,0,12,0.07,-17,-0.09,-1132,-1.13,2
1341,Entry long,2016-10-21 07:00,C0|L|MKT|15|v0.3.0-tier0|SPY,182.5,100,18250,7,0.04,0,12,0.07,-17,-0.09,-1132,-1.13,2
1342,Exit short,2016-10-24 07:45,TX30,183.86,100,18395,9,0.05,0,14,0.08,-13,-0.07,-1123,-1.12,2
1342,Entry short,2016-10-24 07:15,C0|S|MKT|15|v0.3.0-tier0|SPY,183.95,100,18395,9,0.05,0,14,0.08,-13,-0.07,-1123,-1.12,2
1343,Exit long,2016-10-25 07:30,TX30,183.81,100,18388,-7,-0.04,0,17,0.09,-18,-0.10,-1130,-1.13,2
1343,Entry long,2016-10-25 07:00,C0|L|MKT|15|v0.3.0-tier0|SPY,183.88,100,18388,-7,-0.04,0,17,0.09,-18,-0.10,-1130,-1.13,2
1344,Exit short,2016-10-27 07:45,TX30,182.69,100,18286,17,0.09,0,42,0.23,-6,-0.03,-1113,-1.11,2
1344,Entry short,2016-10-27 07:15,C0|S|MKT|15|v0.3.0-tier0|SPY,182.86,100,18286,17,0.09,0,42,0.23,-6,-0.03,-1113,-1.11,2
1345,Exit short,2016-10-31 07:30,TX30,182.28,100,18204,-24,-0.13,0,5,0.03,-24,-0.13,-1137,-1.14,2
1345,Entry short,2016-10-31 07:00,C0|S|MKT|15|v0.3.0-tier0|SPY,182.04,100,18204,-24,-0.13,0,5,0.03,-24,-0.13,-1137,-1.14,2
1346,Exit short,2016-11-01 07:45,TX30,181.4,100,18166,26,0.14,0,29,0.16,-9,-0.05,-1111,-1.11,2
1346,Entry short,2016-11-01 07:15,C0|S|MKT|15|v0.3.0-tier0|SPY,181.66,100,18166,26,0.14,0,29,0.16,-9,-0.05,-1111,-1.11,2
1347,Exit long,2016-11-07 08:00,TX30,181.79,100,18138,41,0.23,0,42,0.23,-2,-0.01,-1070,-1.07,2
1347,Entry long,2016-11-07 07:30,C0|L|MKT|15|v0.3.0-tier0|SPY,181.38,100,18138,41,0.23,0,42,0.23,-2,-0.01,-1070,-1.07,2
1348,Exit long,2016-11-09 07:30,TX30,182.82,100,18358,-76,-0.41,0,1,0.01,-119,-0.65,-1146,-1.15,2
1348,Entry long,2016-11-09 07:00,C0|L|MKT|15|v0.3.0-tier0|SPY,183.58,100,18358,-76,-0.41,0,1,0.01,-119,-0.65,-1146,-1.15,2
1349,Exit short,2016-11-10 07:45,TX30,185.04,100,18545,41,0.22,0,120,0.65,-31,-0.17,-1105,-1.10,2
1349,Entry short,2016-11-10 07:15,C0|S|MKT|15|v0.3.0-tier0|SPY,185.45,100,18545,41,0.22,0,120,0.65,-31,-0.17,-1105,-1.10,2
1350,Exit short,2016-11-11 08:00,TX30,184.65,100,18482,17,0.09,0,34,0.18,-25,-0.14,-1088,-1.09,2
1350,Entry short,2016-11-11 07:30,C0|S|MKT|15|v0.3.0-tier0|SPY,184.82,100,18482,17,0.09,0,34,0.18,-25,-0.14,-1088,-1.09,2
1351,Exit long,2016-11-15 07:45,TX30,185.89,100,18603,-14,-0.08,0,11,0.06,-23,-0.12,-1102,-1.10,2
1351,Entry long,2016-11-15 07:15,C0|L|MKT|15|v0.3.0-tier0|SPY,186.03,100,18603,-14,-0.08,0,11,0.06,-23,-0.12,-1102,-1.10,2
1352,Exit long,2016-11-17 07:30,TX30,186.92,100,18715,-23,-0.12,0,0,0.00,-26,-0.14,-1125,-1.12,2
1352,Entry long,2016-11-17 07:00,C0|L|MKT|15|v0.3.0-tier0|SPY,187.15,100,18715,-23,-0.12,0,0,0.00,-26,-0.14,-1125,-1.12,2
1353,Exit long,2016-11-21 07:30,TX30,187.62,100,18800,-38,-0.20,0,2,0.01,-50,-0.27,-1163,-1.16,2
1353,Entry long,2016-11-21 07:00,C0|L|MKT|15|v0.3.0-tier0|SPY,188,100,18800,-38,-0.20,0,2,0.01,-50,-0.27,-1163,-1.16,2
1354,Exit long,2016-11-23 08:00,TX30,188.6,100,18858,2,0.01,0,14,0.07,-11,-0.06,-1161,-1.16,2
1354,Entry long,2016-11-23 07:30,C0|L|MKT|15|v0.3.0-tier0|SPY,188.58,100,18858,2,0.01,0,14,0.07,-11,-0.06,-1161,-1.16,2
1355,Exit long,2016-11-25 07:30,TX30,189.42,100,18943,-1,-0.01,0,2,0.01,-9,-0.05,-1162,-1.16,2
1355,Entry long,2016-11-25 07:00,C0|L|MKT|15|v0.3.0-tier0|SPY,189.43,100,18943,-1,-0.01,0,2,0.01,-9,-0.05,-1162,-1.16,2
1356,Exit short,2016-11-29 07:30,TX30,188.84,100,18860,-24,-0.13,0,0,0.00,-34,-0.18,-1186,-1.19,2
1356,Entry short,2016-11-29 07:00,C0|S|MKT|15|v0.3.0-tier0|SPY,188.6,100,18860,-24,-0.13,0,0,0.00,-34,-0.18,-1186,-1.19,2
1357,Exit short,2016-11-30 07:30,TX30,189.27,100,18958,31,0.16,0,43,0.23,-13,-0.07,-1155,-1.15,2
1357,Entry short,2016-11-30 07:00,C0|S|MKT|15|v0.3.0-tier0|SPY,189.58,100,18958,31,0.16,0,43,0.23,-13,-0.07,-1155,-1.15,2
1358,Exit long,2016-12-05 07:30,TX30,189.31,100,18930,1,0.01,0,24,0.13,-10,-0.05,-1154,-1.15,2
1358,Entry long,2016-12-05 07:00,C0|L|MKT|15|v0.3.0-tier0|SPY,189.3,100,18930,1,0.01,0,24,0.13,-10,-0.05,-1154,-1.15,2
1359,Exit short,2016-12-06 08:00,TX30,189.23,100,18893,-30,-0.16,0,0,0.00,-37,-0.20,-1184,-1.18,2
1359,Entry short,2016-12-06 07:30,C0|S|MKT|15|v0.3.0-tier0|SPY,188.93,100,18893,-30,-0.16,0,0,0.00,-37,-0.20,-1184,-1.18,2
1360,Exit long,2016-12-07 07:45,TX30,189.91,100,18983,8,0.04,0,15,0.08,-7,-0.04,-1176,-1.18,2
1360,Entry long,2016-12-07 07:15,C0|L|MKT|15|v0.3.0-tier0|SPY,189.83,100,18983,8,0.04,0,15,0.08,-7,-0.04,-1176,-1.18,2
1361,Exit long,2016-12-09 07:30,TX30,193.22,100,19327,-5,-0.03,0,4,0.02,-23,-0.12,-1181,-1.18,2
1361,Entry long,2016-12-09 07:00,C0|L|MKT|15|v0.3.0-tier0|SPY,193.27,100,19327,-5,-0.03,0,4,0.02,-23,-0.12,-1181,-1.18,2
1362,Exit long,2016-12-12 07:30,TX30,193.67,100,19417,-50,-0.26,0,12,0.06,-50,-0.26,-1231,-1.23,2
1362,Entry long,2016-12-12 07:00,C0|L|MKT|15|v0.3.0-tier0|SPY,194.17,100,19417,-50,-0.26,0,12,0.06,-50,-0.26,-1231,-1.23,2
1363,Exit short,2016-12-14 07:45,TX30,194.64,100,19465,1,0.01,0,13,0.07,-21,-0.11,-1230,-1.23,2
1363,Entry short,2016-12-14 07:15,C0|S|MKT|15|v0.3.0-tier0|SPY,194.65,100,19465,1,0.01,0,13,0.07,-21,-0.11,-1230,-1.23,2
1364,Exit long,2016-12-15 07:30,TX30,194.37,100,19447,-10,-0.05,0,26,0.13,-20,-0.10,-1240,-1.24,2
1364,Entry long,2016-12-15 07:00,C0|L|MKT|15|v0.3.0-tier0|SPY,194.47,100,19447,-10,-0.05,0,26,0.13,-20,-0.10,-1240,-1.24,2
1365,Exit short,2016-12-16 08:00,TX30,194.42,100,19436,-6,-0.03,0,21,0.11,-21,-0.11,-1246,-1.25,2
1365,Entry short,2016-12-16 07:30,C0|S|MKT|15|v0.3.0-tier0|SPY,194.36,100,19436,-6,-0.03,0,21,0.11,-21,-0.11,-1246,-1.25,2
1366,Exit long,2016-12-23 07:30,TX30,194.15,100,19421,-6,-0.03,0,8,0.04,-8,-0.04,-1252,-1.25,2
1366,Entry long,2016-12-23 07:00,C0|L|MKT|15|v0.3.0-tier0|SPY,194.21,100,19421,-6,-0.03,0,8,0.04,-8,-0.04,-1252,-1.25,2
1367,Exit long,2016-12-27 07:30,TX30,195.14,100,19515,-1,-0.01,0,9,0.05,-5,-0.03,-1253,-1.25,2
1367,Entry long,2016-12-27 07:00,C0|L|MKT|15|v0.3.0-tier0|SPY,195.15,100,19515,-1,-0.01,0,9,0.05,-5,-0.03,-1253,-1.25,2
1368,Exit short,2016-12-28 07:30,TX30,194.2,100,19422,2,0.01,0,18,0.09,-4,-0.02,-1251,-1.25,2
1368,Entry short,2016-12-28 07:00,C0|S|MKT|15|v0.3.0-tier0|SPY,194.22,100,19422,2,0.01,0,18,0.09,-4,-0.02,-1251,-1.25,2
1369,Exit short,2016-12-30 07:30,TX30,192.57,100,19268,11,0.06,0,13,0.07,-13,-0.07,-1240,-1.24,2
1369,Entry short,2016-12-30 07:00,C0|S|MKT|15|v0.3.0-tier0|SPY,192.68,100,19268,11,0.06,0,13,0.07,-13,-0.07,-1240,-1.24,2
1370,Exit long,2017-01-03 07:45,TX30,193.82,100,19425,-43,-0.22,0,6,0.03,-43,-0.22,-1283,-1.28,2
1370,Entry long,2017-01-03 07:15,C0|L|MKT|15|v0.3.0-tier0|SPY,194.25,100,19425,-43,-0.22,0,6,0.03,-43,-0.22,-1283,-1.28,2
1371,Exit long,2017-01-05 07:45,TX30,194.89,100,19507,-18,-0.09,0,5,0.03,-22,-0.11,-1301,-1.30,2
1371,Entry long,2017-01-05 07:15,C0|L|MKT|15|v0.3.0-tier0|SPY,195.07,100,19507,-18,-0.09,0,5,0.03,-22,-0.11,-1301,-1.30,2
1372,Exit long,2017-01-11 07:30,TX30,195.27,100,19532,-5,-0.03,0,3,0.02,-28,-0.14,-1306,-1.31,2
1372,Entry long,2017-01-11 07:00,C0|L|MKT|15|v0.3.0-tier0|SPY,195.32,100,19532,-5,-0.03,0,3,0.02,-28,-0.14,-1306,-1.31,2
1373,Exit short,2017-01-12 07:30,TX30,194.18,100,19463,45,0.23,0,71,0.36,-4,-0.02,-1261,-1.26,2
1373,Entry short,2017-01-12 07:00,C0|S|MKT|15|v0.3.0-tier0|SPY,194.63,100,19463,45,0.23,0,71,0.36,-4,-0.02,-1261,-1.26,2
1374,Exit long,2017-01-17 07:45,TX30,195.2,100,19507,13,0.07,0,22,0.11,-3,-0.02,-1248,-1.25,2
1374,Entry long,2017-01-17 07:15,C0|L|MKT|15|v0.3.0-tier0|SPY,195.07,100,19507,13,0.07,0,22,0.11,-3,-0.02,-1248,-1.25,2
1375,Exit short,2017-01-19 07:45,TX30,195.09,100,19508,-1,-0.01,0,19,0.10,-4,-0.02,-1249,-1.25,2
1375,Entry short,2017-01-19 07:15,C0|S|MKT|15|v0.3.0-tier0|SPY,195.08,100,19508,-1,-0.01,0,19,0.10,-4,-0.02,-1249,-1.25,2
1376,Exit short,2017-01-23 08:00,TX30,194.41,100,19455,14,0.07,0,26,0.13,-1,-0.01,-1235,-1.23,2
1376,Entry short,2017-01-23 07:30,C0|S|MKT|15|v0.3.0-tier0|SPY,194.55,100,19455,14,0.07,0,26,0.13,-1,-0.01,-1235,-1.23,2
1377,Exit long,2017-01-25 07:30,TX30,197.05,100,19712,-7,-0.04,0,14,0.07,-7,-0.04,-1242,-1.24,2
1377,Entry long,2017-01-25 07:00,C0|L|MKT|15|v0.3.0-tier0|SPY,197.12,100,19712,-7,-0.04,0,14,0.07,-7,-0.04,-1242,-1.24,2
1378,Exit long,2017-01-26 07:45,TX30,197.56,100,19781,-25,-0.13,0,1,0.01,-31,-0.16,-1267,-1.27,2
1378,Entry long,2017-01-26 07:15,C0|L|MKT|15|v0.3.0-tier0|SPY,197.81,100,19781,-25,-0.13,0,1,0.01,-31,-0.16,-1267,-1.27,2
1379,Exit short,2017-01-27 07:30,TX30,197.16,100,19723,7,0.04,0,13,0.07,-9,-0.05,-1260,-1.26,2
1379,Entry short,2017-01-27 07:00,C0|S|MKT|15|v0.3.0-tier0|SPY,197.23,100,19723,7,0.04,0,13,0.07,-9,-0.05,-1260,-1.26,2
1380,Exit short,2017-01-30 07:45,TX30,195.29,100,19544,15,0.08,0,22,0.11,-4,-0.02,-1245,-1.24,2
1380,Entry short,2017-01-30 07:15,C0|S|MKT|15|v0.3.0-tier0|SPY,195.44,100,19544,15,0.08,0,22,0.11,-4,-0.02,-1245,-1.24,2
1381,Exit short,2017-01-31 07:30,TX30,195.27,100,19539,12,0.06,0,33,0.17,-11,-0.06,-1233,-1.23,2
1381,Entry short,2017-01-31 07:00,C0|S|MKT|15|v0.3.0-tier0|SPY,195.39,100,19539,12,0.06,0,33,0.17,-11,-0.06,-1233,-1.23,2
1382,Exit short,2017-02-01 07:30,TX30,196.21,100,19652,31,0.16,0,39,0.20,-13,-0.07,-1202,-1.20,2
1382,Entry short,2017-02-01 07:00,C0|S|MKT|15|v0.3.0-tier0|SPY,196.52,100,19652,31,0.16,0,39,0.20,-13,-0.07,-1202,-1.20,2
1383,Exit long,2017-02-02 07:30,TX30,195.84,100,19584,0,0.00,0,16,0.08,-15,-0.08,-1202,-1.20,2
1383,Entry long,2017-02-02 07:00,C0|L|MKT|15|v0.3.0-tier0|SPY,195.84,100,19584,0,0.00,0,16,0.08,-15,-0.08,-1202,-1.20,2
1384,Exit long,2017-02-03 07:45,TX30,197.35,100,19711,24,0.12,0,35,0.18,-1,-0.01,-1178,-1.18,2
1384,Entry long,2017-02-03 07:15,C0|L|MKT|15|v0.3.0-tier0|SPY,197.11,100,19711,24,0.12,0,35,0.18,-1,-0.01,-1178,-1.18,2
1385,Exit long,2017-02-06 07:30,TX30,197.38,100,19733,5,0.03,0,15,0.08,-10,-0.05,-1173,-1.17,2
1385,Entry long,2017-02-06 07:00,C0|L|MKT|15|v0.3.0-tier0|SPY,197.33,100,19733,5,0.03,0,15,0.08,-10,-0.05,-1173,-1.17,2
1386,Exit long,2017-02-07 07:45,TX30,197.67,100,19769,-2,-0.01,0,4,0.02,-17,-0.09,-1175,-1.17,2
1386,Entry long,2017-02-07 07:15,C0|L|MKT|15|v0.3.0-tier0|SPY,197.69,100,19769,-2,-0.01,0,4,0.02,-17,-0.09,-1175,-1.17,2
1387,Exit long,2017-02-08 07:45,TX30,197.15,100,19702,13,0.07,0,17,0.09,-22,-0.11,-1162,-1.16,2
1387,Entry long,2017-02-08 07:15,C0|L|MKT|15|v0.3.0-tier0|SPY,197.02,100,19702,13,0.07,0,17,0.09,-22,-0.11,-1162,-1.16,2
1388,Exit long,2017-02-09 07:45,TX30,198.33,100,19794,39,0.20,0,41,0.21,0,0.00,-1123,-1.12,2
1388,Entry long,2017-02-09 07:15,C0|L|MKT|15|v0.3.0-tier0|SPY,197.94,100,19794,39,0.20,0,41,0.21,0,0.00,-1123,-1.12,2
1389,Exit long,2017-02-15 07:30,TX30,201.33,100,20130,3,0.01,0,6,0.03,-19,-0.09,-1120,-1.12,2
1389,Entry long,2017-02-15 07:00,C0|L|MKT|15|v0.3.0-tier0|SPY,201.3,100,20130,3,0.01,0,6,0.03,-19,-0.09,-1120,-1.12,2
1390,Exit short,2017-02-16 07:30,TX30,202.04,100,20208,4,0.02,0,16,0.08,-9,-0.04,-1116,-1.12,2
1390,Entry short,2017-02-16 07:00,C0|S|MKT|15|v0.3.0-tier0|SPY,202.08,100,20208,4,0.02,0,16,0.08,-9,-0.04,-1116,-1.12,2
1391,Exit long,2017-02-17 07:30,TX30,201.86,100,20178,8,0.04,0,14,0.07,-8,-0.04,-1108,-1.11,2
1391,Entry long,2017-02-17 07:00,C0|L|MKT|15|v0.3.0-tier0|SPY,201.78,100,20178,8,0.04,0,14,0.07,-8,-0.04,-1108,-1.11,2
1392,Exit long,2017-02-21 07:30,TX30,203.62,100,20332,30,0.15,0,38,0.19,-2,-0.01,-1078,-1.08,2
1392,Entry long,2017-02-21 07:00,C0|L|MKT|15|v0.3.0-tier0|SPY,203.32,100,20332,30,0.15,0,38,0.19,-2,-0.01,-1078,-1.08,2
1393,Exit long,2017-02-22 07:45,TX30,203.62,100,20347,15,0.07,0,23,0.11,-6,-0.03,-1063,-1.06,2
1393,Entry long,2017-02-22 07:15,C0|L|MKT|15|v0.3.0-tier0|SPY,203.47,100,20347,15,0.07,0,23,0.11,-6,-0.03,-1063,-1.06,2
1394,Exit short,2017-02-23 07:45,TX30,203.34,100,20341,7,0.03,0,15,0.07,-9,-0.04,-1056,-1.06,2
1394,Entry short,2017-02-23 07:15,C0|S|MKT|15|v0.3.0-tier0|SPY,203.41,100,20341,7,0.03,0,15,0.07,-9,-0.04,-1056,-1.06,2
1395,Exit long,2017-02-24 07:30,TX30,202.99,100,20319,-20,-0.10,0,17,0.08,-28,-0.14,-1076,-1.08,2
1395,Entry long,2017-02-24 07:00,C0|L|MKT|15|v0.3.0-tier0|SPY,203.19,100,20319,-20,-0.10,0,17,0.08,-28,-0.14,-1076,-1.08,2
1396,Exit long,2017-02-27 07:30,TX30,204.07,100,20397,10,0.05,0,12,0.06,-34,-0.17,-1066,-1.07,2
1396,Entry long,2017-02-27 07:00,C0|L|MKT|15|v0.3.0-tier0|SPY,203.97,100,20397,10,0.05,0,12,0.06,-34,-0.17,-1066,-1.07,2
1397,Exit long,2017-02-28 07:45,TX30,203.89,100,20402,-13,-0.06,0,1,0.00,-18,-0.09,-1079,-1.08,2
1397,Entry long,2017-02-28 07:15,C0|L|MKT|15|v0.3.0-tier0|SPY,204.02,100,20402,-13,-0.06,0,1,0.00,-18,-0.09,-1079,-1.08,2
1398,Exit long,2017-03-01 07:30,TX30,205.89,100,20565,24,0.12,0,33,0.16,-1,0.00,-1055,-1.05,2
1398,Entry long,2017-03-01 07:00,C0|L|MKT|15|v0.3.0-tier0|SPY,205.65,100,20565,24,0.12,0,33,0.16,-1,0.00,-1055,-1.05,2
1399,Exit short,2017-03-02 07:45,TX30,206.01,100,20582,-19,-0.09,0,1,0.00,-21,-0.10,-1074,-1.07,2
1399,Entry short,2017-03-02 07:15,C0|S|MKT|15|v0.3.0-tier0|SPY,205.82,100,20582,-19,-0.09,0,1,0.00,-21,-0.10,-1074,-1.07,2
1400,Exit short,2017-03-03 07:30,TX30,204.87,100,20500,13,0.06,0,20,0.10,-21,-0.10,-1061,-1.06,2
1400,Entry short,2017-03-03 07:00,C0|S|MKT|15|v0.3.0-tier0|SPY,205,100,20500,13,0.06,0,20,0.10,-21,-0.10,-1061,-1.06,2
1401,Exit long,2017-03-07 08:00,TX30,204.52,100,20461,-9,-0.04,0,15,0.07,-12,-0.06,-1070,-1.07,2
1401,Entry long,2017-03-07 07:30,C0|L|MKT|15|v0.3.0-tier0|SPY,204.61,100,20461,-9,-0.04,0,15,0.07,-12,-0.06,-1070,-1.07,2
1402,Exit short,2017-03-08 07:45,TX30,204.43,100,20420,-23,-0.11,0,0,0.00,-34,-0.17,-1093,-1.09,2
1402,Entry short,2017-03-08 07:15,C0|S|MKT|15|v0.3.0-tier0|SPY,204.2,100,20420,-23,-0.11,0,0,0.00,-34,-0.17,-1093,-1.09,2
1403,Exit long,2017-03-09 07:30,TX30,204.08,100,20399,9,0.04,0,31,0.15,0,0.00,-1084,-1.08,2
1403,Entry long,2017-03-09 07:00,C0|L|MKT|15|v0.3.0-tier0|SPY,203.99,100,20399,9,0.04,0,31,0.15,0,0.00,-1084,-1.08,2
1404,Exit short,2017-03-13 07:30,TX30,204.58,100,20448,-10,-0.05,0,5,0.02,-21,-0.10,-1094,-1.09,2
1404,Entry short,2017-03-13 07:00,C0|S|MKT|15|v0.3.0-tier0|SPY,204.48,100,20448,-10,-0.05,0,5,0.02,-21,-0.10,-1094,-1.09,2
1405,Exit short,2017-03-14 07:30,TX30,203.55,100,20397,42,0.21,0,46,0.23,0,0.00,-1052,-1.05,2
1405,Entry short,2017-03-14 07:00,C0|S|MKT|15|v0.3.0-tier0|SPY,203.97,100,20397,42,0.21,0,46,0.23,0,0.00,-1052,-1.05,2
1406,Exit long,2017-03-15 08:00,TX30,204.61,100,20471,-10,-0.05,0,3,0.01,-20,-0.10,-1062,-1.06,2
1406,Entry long,2017-03-15 07:30,C0|L|MKT|15|v0.3.0-tier0|SPY,204.71,100,20471,-10,-0.05,0,3,0.01,-20,-0.10,-1062,-1.06,2
1407,Exit short,2017-03-16 07:45,TX30,205.57,100,20566,9,0.04,0,25,0.12,-2,-0.01,-1053,-1.05,2
1407,Entry short,2017-03-16 07:15,C0|S|MKT|15|v0.3.0-tier0|SPY,205.66,100,20566,9,0.04,0,25,0.12,-2,-0.01,-1053,-1.05,2
1408,Exit long,2017-03-20 07:45,TX30,205.18,100,20506,12,0.06,0,22,0.11,-1,0.00,-1041,-1.04,2
1408,Entry long,2017-03-20 07:15,C0|L|MKT|15|v0.3.0-tier0|SPY,205.06,100,20506,12,0.06,0,22,0.11,-1,0.00,-1041,-1.04,2
1409,Exit short,2017-03-21 07:30,TX30,204.17,100,20510,93,0.45,0,98,0.48,0,0.00,-948,-0.95,2
1409,Entry short,2017-03-21 07:00,C0|S|MKT|15|v0.3.0-tier0|SPY,205.1,100,20510,93,0.45,0,98,0.48,0,0.00,-948,-0.95,2
1410,Exit short,2017-03-22 07:30,TX30,201.81,100,20176,-5,-0.02,0,13,0.06,-24,-0.12,-953,-0.95,2
1410,Entry short,2017-03-22 07:00,C0|S|MKT|15|v0.3.0-tier0|SPY,201.76,100,20176,-5,-0.02,0,13,0.06,-24,-0.12,-953,-0.95,2
1411,Exit long,2017-03-24 08:00,TX30,203.2,100,20296,24,0.12,0,27,0.13,-4,-0.02,-929,-0.93,2
1411,Entry long,2017-03-24 07:30,C0|L|MKT|15|v0.3.0-tier0|SPY,202.96,100,20296,24,0.12,0,27,0.13,-4,-0.02,-929,-0.93,2
1412,Exit long,2017-03-27 07:30,TX30,201,100,20106,-6,-0.03,0,8,0.04,-28,-0.14,-935,-0.93,2
1412,Entry long,2017-03-27 07:00,C0|L|MKT|15|v0.3.0-tier0|SPY,201.06,100,20106,-6,-0.03,0,8,0.04,-28,-0.14,-935,-0.93,2
1413,Exit long,2017-03-29 07:30,TX30,203.44,100,20348,-4,-0.02,0,6,0.03,-16,-0.08,-939,-0.94,2
1413,Entry long,2017-03-29 07:00,C0|L|MKT|15|v0.3.0-tier0|SPY,203.48,100,20348,-4,-0.02,0,6,0.03,-16,-0.08,-939,-0.94,2
1414,Exit long,2017-03-30 07:30,TX30,204.12,100,20388,24,0.12,0,35,0.17,-1,0.00,-915,-0.91,2
1414,Entry long,2017-03-30 07:00,C0|L|MKT|15|v0.3.0-tier0|SPY,203.88,100,20388,24,0.12,0,35,0.17,-1,0.00,-915,-0.91,2
1415,Exit long,2017-03-31 07:30,TX30,204.08,100,20415,-7,-0.03,0,24,0.12,-11,-0.05,-922,-0.92,2
1415,Entry long,2017-03-31 07:00,C0|L|MKT|15|v0.3.0-tier0|SPY,204.15,100,20415,-7,-0.03,0,24,0.12,-11,-0.05,-922,-0.92,2
1416,Exit short,2017-04-03 07:45,TX30,203.57,100,20354,-3,-0.01,0,3,0.01,-29,-0.14,-925,-0.92,2
1416,Entry short,2017-04-03 07:15,C0|S|MKT|15|v0.3.0-tier0|SPY,203.54,100,20354,-3,-0.01,0,3,0.01,-29,-0.14,-925,-0.92,2
1417,Exit short,2017-04-04 07:45,TX30,203.17,100,20303,-14,-0.07,0,8,0.04,-33,-0.16,-939,-0.94,2
1417,Entry short,2017-04-04 07:15,C0|S|MKT|15|v0.3.0-tier0|SPY,203.03,100,20303,-14,-0.07,0,8,0.04,-33,-0.16,-939,-0.94,2
1418,Exit long,2017-04-05 07:30,TX30,205.17,100,20487,30,0.15,0,45,0.22,-13,-0.06,-909,-0.91,2
1418,Entry long,2017-04-05 07:00,C0|L|MKT|15|v0.3.0-tier0|SPY,204.87,100,20487,30,0.15,0,45,0.22,-13,-0.06,-909,-0.91,2
1419,Exit long,2017-04-06 07:30,TX30,203.54,100,20352,2,0.01,0,10,0.05,-35,-0.17,-907,-0.91,2
1419,Entry long,2017-04-06 07:00,C0|L|MKT|15|v0.3.0-tier0|SPY,203.52,100,20352,2,0.01,0,10,0.05,-35,-0.17,-907,-0.91,2
1420,Exit short,2017-04-07 07:30,TX30,203.59,100,20302,-57,-0.28,0,8,0.04,-62,-0.31,-964,-0.96,2
1420,Entry short,2017-04-07 07:00,C0|S|MKT|15|v0.3.0-tier0|SPY,203.02,100,20302,-57,-0.28,0,8,0.04,-62,-0.31,-964,-0.96,2
1421,Exit long,2017-04-10 07:30,TX30,204.08,100,20407,1,0.00,0,12,0.06,-6,-0.03,-963,-0.96,2
1421,Entry long,2017-04-10 07:00,C0|L|MKT|15|v0.3.0-tier0|SPY,204.07,100,20407,1,0.00,0,12,0.06,-6,-0.03,-963,-0.96,2
1422,Exit short,2017-04-11 08:00,TX30,202.09,100,20259,50,0.25,0,77,0.38,0,0.00,-913,-0.91,2
1422,Entry short,2017-04-11 07:30,C0|S|MKT|15|v0.3.0-tier0|SPY,202.59,100,20259,50,0.25,0,77,0.38,0,0.00,-913,-0.91,2
1423,Exit long,2017-04-13 07:30,TX30,202.47,100,20250,-3,-0.01,0,29,0.14,-4,-0.02,-916,-0.92,2
1423,Entry long,2017-04-13 07:00,C0|L|MKT|15|v0.3.0-tier0|SPY,202.5,100,20250,-3,-0.01,0,29,0.14,-4,-0.02,-916,-0.92,2
1424,Exit long,2017-04-17 07:45,TX30,201.84,100,20200,-16,-0.08,0,18,0.09,-17,-0.08,-932,-0.93,2
1424,Entry long,2017-04-17 07:15,C0|L|MKT|15|v0.3.0-tier0|SPY,202,100,20200,-16,-0.08,0,18,0.09,-17,-0.08,-932,-0.93,2
1425,Exit long,2017-04-18 07:30,TX30,202.21,100,20279,-58,-0.29,0,1,0.00,-64,-0.32,-990,-0.99,2
1425,Entry long,2017-04-18 07:00,C0|L|MKT|15|v0.3.0-tier0|SPY,202.79,100,20279,-58,-0.29,0,1,0.00,-64,-0.32,-990,-0.99,2
1426,Exit long,2017-04-19 07:30,TX30,202.98,100,20317,-19,-0.09,0,2,0.01,-25,-0.12,-1009,-1.01,2
1426,Entry long,2017-04-19 07:00,C0|L|MKT|15|v0.3.0-tier0|SPY,203.17,100,20317,-19,-0.09,0,2,0.01,-25,-0.12,-1009,-1.01,2
1427,Exit long,2017-04-20 07:45,TX30,202.56,100,20271,-15,-0.07,0,2,0.01,-28,-0.14,-1024,-1.02,2
1427,Entry long,2017-04-20 07:15,C0|L|MKT|15|v0.3.0-tier0|SPY,202.71,100,20271,-15,-0.07,0,2,0.01,-28,-0.14,-1024,-1.02,2
1428,Exit long,2017-04-25 07:45,TX30,206.21,100,20639,-18,-0.09,0,2,0.01,-19,-0.09,-1042,-1.04,2
1428,Entry long,2017-04-25 07:15,C0|L|MKT|15|v0.3.0-tier0|SPY,206.39,100,20639,-18,-0.09,0,2,0.01,-19,-0.09,-1042,-1.04,2
1429,Exit long,2017-04-26 07:45,TX30,206.6,100,20663,-3,-0.01,0,5,0.02,-13,-0.06,-1045,-1.04,2
1429,Entry long,2017-04-26 07:15,C0|L|MKT|15|v0.3.0-tier0|SPY,206.63,100,20663,-3,-0.01,0,5,0.02,-13,-0.06,-1045,-1.04,2
1430,Exit short,2017-04-28 08:00,TX30,206.18,100,20613,-5,-0.02,0,11,0.05,-12,-0.06,-1050,-1.05,2
1430,Entry short,2017-04-28 07:30,C0|S|MKT|15|v0.3.0-tier0|SPY,206.13,100,20613,-5,-0.02,0,11,0.05,-12,-0.06,-1050,-1.05,2
1431,Exit short,2017-05-01 07:45,TX30,206.33,100,20604,-29,-0.14,0,2,0.01,-31,-0.15,-1079,-1.08,2
1431,Entry short,2017-05-01 07:15,C0|S|MKT|15|v0.3.0-tier0|SPY,206.04,100,20604,-29,-0.14,0,2,0.01,-31,-0.15,-1079,-1.08,2
1432,Exit short,2017-05-02 07:30,TX30,206.3,100,20616,-14,-0.07,0,5,0.02,-17,-0.08,-1093,-1.09,2
1432,Entry short,2017-05-02 07:00,C0|S|MKT|15|v0.3.0-tier0|SPY,206.16,100,20616,-14,-0.07,0,5,0.02,-17,-0.08,-1093,-1.09,2
1433,Exit short,2017-05-04 07:30,TX30,206.5,100,20620,-30,-0.15,0,3,0.01,-37,-0.18,-1123,-1.12,2
1433,Entry short,2017-05-04 07:00,C0|S|MKT|15|v0.3.0-tier0|SPY,206.2,100,20620,-30,-0.15,0,3,0.01,-37,-0.18,-1123,-1.12,2
1434,Exit short,2017-05-05 07:30,TX30,206.61,100,20658,-3,-0.01,0,10,0.05,-18,-0.09,-1126,-1.13,2
1434,Entry short,2017-05-05 07:00,C0|S|MKT|15|v0.3.0-tier0|SPY,206.58,100,20658,-3,-0.01,0,10,0.05,-18,-0.09,-1126,-1.13,2
1435,Exit long,2017-05-09 07:45,TX30,207.5,100,20769,-19,-0.09,0,4,0.02,-21,-0.10,-1145,-1.14,2
1435,Entry long,2017-05-09 07:15,C0|L|MKT|15|v0.3.0-tier0|SPY,207.69,100,20769,-19,-0.09,0,4,0.02,-21,-0.10,-1145,-1.14,2
1436,Exit short,2017-05-10 08:00,TX30,207.07,100,20689,-18,-0.09,0,3,0.01,-26,-0.13,-1163,-1.16,2
1436,Entry short,2017-05-10 07:30,C0|S|MKT|15|v0.3.0-tier0|SPY,206.89,100,20689,-18,-0.09,0,3,0.01,-26,-0.13,-1163,-1.16,2
1437,Exit short,2017-05-11 07:30,TX30,206.15,100,20633,18,0.09,0,36,0.17,-11,-0.05,-1145,-1.14,2
1437,Entry short,2017-05-11 07:00,C0|S|MKT|15|v0.3.0-tier0|SPY,206.33,100,20633,18,0.09,0,36,0.17,-11,-0.05,-1145,-1.14,2
1438,Exit short,2017-05-12 08:00,TX30,206.54,100,20652,-2,-0.01,0,9,0.04,-10,-0.05,-1147,-1.15,2
1438,Entry short,2017-05-12 07:30,C0|S|MKT|15|v0.3.0-tier0|SPY,206.52,100,20652,-2,-0.01,0,9,0.04,-10,-0.05,-1147,-1.15,2
1439,Exit long,2017-05-15 07:30,TX30,207.71,100,20760,11,0.05,0,18,0.09,-1,0.00,-1136,-1.14,2
1439,Entry long,2017-05-15 07:00,C0|L|MKT|15|v0.3.0-tier0|SPY,207.6,100,20760,11,0.05,0,18,0.09,-1,0.00,-1136,-1.14,2
1440,Exit short,2017-05-16 08:00,TX30,207.43,100,20755,12,0.06,0,29,0.14,-4,-0.02,-1124,-1.12,2
1440,Entry short,2017-05-16 07:30,C0|S|MKT|15|v0.3.0-tier0|SPY,207.55,100,20755,12,0.06,0,29,0.14,-4,-0.02,-1124,-1.12,2
1441,Exit short,2017-05-17 07:30,TX30,205.51,100,20564,13,0.06,0,22,0.11,-18,-0.09,-1111,-1.11,2
1441,Entry short,2017-05-17 07:00,C0|S|MKT|15|v0.3.0-tier0|SPY,205.64,100,20564,13,0.06,0,22,0.11,-18,-0.09,-1111,-1.11,2
1442,Exit long,2017-05-18 07:45,TX30,204.73,100,20453,20,0.10,0,46,0.22,-10,-0.05,-1091,-1.09,2
1442,Entry long,2017-05-18 07:15,C0|L|MKT|15|v0.3.0-tier0|SPY,204.53,100,20453,20,0.10,0,46,0.22,-10,-0.05,-1091,-1.09,2
1443,Exit long,2017-05-19 07:30,TX30,206.18,100,20586,32,0.16,0,41,0.20,-4,-0.02,-1059,-1.06,2
1443,Entry long,2017-05-19 07:00,C0|L|MKT|15|v0.3.0-tier0|SPY,205.86,100,20586,32,0.16,0,41,0.20,-4,-0.02,-1059,-1.06,2
1444,Exit short,2017-05-23 07:30,TX30,207.46,100,20727,-19,-0.09,0,11,0.05,-21,-0.10,-1078,-1.08,2
1444,Entry short,2017-05-23 07:00,C0|S|MKT|15|v0.3.0-tier0|SPY,207.27,100,20727,-19,-0.09,0,11,0.05,-21,-0.10,-1078,-1.08,2
1445,Exit long,2017-05-25 07:30,TX30,208.97,100,20880,17,0.08,0,23,0.11,-6,-0.03,-1061,-1.06,2
1445,Entry long,2017-05-25 07:00,C0|L|MKT|15|v0.3.0-tier0|SPY,208.8,100,20880,17,0.08,0,23,0.11,-6,-0.03,-1061,-1.06,2
1446,Exit long,2017-05-26 07:30,TX30,209.03,100,20907,-4,-0.02,0,9,0.04,-10,-0.05,-1065,-1.06,2
1446,Entry long,2017-05-26 07:00,C0|L|MKT|15|v0.3.0-tier0|SPY,209.07,100,20907,-4,-0.02,0,9,0.04,-10,-0.05,-1065,-1.06,2
1447,Exit short,2017-05-31 07:30,TX30,208.41,100,20842,1,0.00,0,29,0.14,-4,-0.02,-1064,-1.06,2
1447,Entry short,2017-05-31 07:00,C0|S|MKT|15|v0.3.0-tier0|SPY,208.42,100,20842,1,0.00,0,29,0.14,-4,-0.02,-1064,-1.06,2
1448,Exit long,2017-06-05 07:30,TX30,211.16,100,21111,5,0.02,0,19,0.09,-1,0.00,-1059,-1.06,2
1448,Entry long,2017-06-05 07:00,C0|L|MKT|15|v0.3.0-tier0|SPY,211.11,100,21111,5,0.02,0,19,0.09,-1,0.00,-1059,-1.06,2
1449,Exit long,2017-06-06 07:30,TX30,210.78,100,21074,4,0.02,0,14,0.07,-16,-0.08,-1055,-1.05,2
1449,Entry long,2017-06-06 07:00,C0|L|MKT|15|v0.3.0-tier0|SPY,210.74,100,21074,4,0.02,0,14,0.07,-16,-0.08,-1055,-1.05,2
1450,Exit short,2017-06-08 07:30,TX30,210.43,100,21067,24,0.11,0,35,0.17,-19,-0.09,-1031,-1.03,2
1450,Entry short,2017-06-08 07:00,C0|S|MKT|15|v0.3.0-tier0|SPY,210.67,100,21067,24,0.11,0,35,0.17,-19,-0.09,-1031,-1.03,2
1451,Exit long,2017-06-09 07:30,TX30,211.81,100,21145,36,0.17,0,37,0.17,-7,-0.03,-995,-1.00,2
1451,Entry long,2017-06-09 07:00,C0|L|MKT|15|v0.3.0-tier0|SPY,211.45,100,21145,36,0.17,0,37,0.17,-7,-0.03,-995,-1.00,2
1452,Exit short,2017-06-12 07:30,TX30,210,100,20986,-14,-0.07,0,22,0.10,-31,-0.15,-1009,-1.01,2
1452,Entry short,2017-06-12 07:00,C0|S|MKT|15|v0.3.0-tier0|SPY,209.86,100,20986,-14,-0.07,0,22,0.10,-31,-0.15,-1009,-1.01,2
1453,Exit long,2017-06-19 07:30,TX30,212.39,100,21197,42,0.20,0,44,0.21,-3,-0.01,-967,-0.97,2
1453,Entry long,2017-06-19 07:00,C0|L|MKT|15|v0.3.0-tier0|SPY,211.97,100,21197,42,0.20,0,44,0.21,-3,-0.01,-967,-0.97,2
1454,Exit short,2017-06-20 07:30,TX30,211.95,100,21193,-2,-0.01,0,8,0.04,-22,-0.10,-969,-0.97,2
1454,Entry short,2017-06-20 07:00,C0|S|MKT|15|v0.3.0-tier0|SPY,211.93,100,21193,-2,-0.01,0,8,0.04,-22,-0.10,-969,-0.97,2
1455,Exit short,2017-06-21 07:30,TX30,211.36,100,21128,-8,-0.04,0,3,0.01,-18,-0.09,-977,-0.98,2
1455,Entry short,2017-06-21 07:00,C0|S|MKT|15|v0.3.0-tier0|SPY,211.28,100,21128,-8,-0.04,0,3,0.01,-18,-0.09,-977,-0.98,2
1456,Exit long,2017-06-23 08:00,TX30,211.41,100,21115,26,0.12,0,37,0.18,-1,0.00,-951,-0.95,2
1456,Entry long,2017-06-23 07:30,C0|L|MKT|15|v0.3.0-tier0|SPY,211.15,100,21115,26,0.12,0,37,0.18,-1,0.00,-951,-0.95,2
1457,Exit long,2017-06-26 07:30,TX30,212.21,100,21238,-17,-0.08,0,0,0.00,-31,-0.15,-968,-0.97,2
1457,Entry long,2017-06-26 07:00,C0|L|MKT|15|v0.3.0-tier0|SPY,212.38,100,21238,-17,-0.08,0,0,0.00,-31,-0.15,-968,-0.97,2
1458,Exit short,2017-06-28 07:30,TX30,210.85,100,21061,-24,-0.11,0,1,0.00,-48,-0.23,-992,-0.99,2
1458,Entry short,2017-06-28 07:00,C0|S|MKT|15|v0.3.0-tier0|SPY,210.61,100,21061,-24,-0.11,0,1,0.00,-48,-0.23,-992,-0.99,2
1459,Exit short,2017-06-29 07:45,TX30,211.1,100,21078,-32,-0.15,0,18,0.09,-32,-0.15,-1024,-1.02,2
1459,Entry short,2017-06-29 07:15,C0|S|MKT|15|v0.3.0-tier0|SPY,210.78,100,21078,-32,-0.15,0,18,0.09,-32,-0.15,-1024,-1.02,2
1460,Exit short,2017-06-30 07:30,TX30,210.26,100,21041,15,0.07,0,45,0.21,-3,-0.01,-1009,-1.01,2
1460,Entry short,2017-06-30 07:00,C0|S|MKT|15|v0.3.0-tier0|SPY,210.41,100,21041,15,0.07,0,45,0.21,-3,-0.01,-1009,-1.01,2
1461,Exit long,2017-07-03 07:45,TX30,211.35,100,21148,-13,-0.06,0,4,0.02,-33,-0.16,-1022,-1.02,2
1461,Entry long,2017-07-03 07:15,C0|L|MKT|15|v0.3.0-tier0|SPY,211.48,100,21148,-13,-0.06,0,4,0.02,-33,-0.16,-1022,-1.02,2
1462,Exit short,2017-07-05 07:45,TX30,210.7,100,21017,-53,-0.25,0,9,0.04,-55,-0.26,-1075,-1.07,2
1462,Entry short,2017-07-05 07:15,C0|S|MKT|15|v0.3.0-tier0|SPY,210.17,100,21017,-53,-0.25,0,9,0.04,-55,-0.26,-1075,-1.07,2
1463,Exit short,2017-07-06 07:30,TX30,209.62,100,20972,10,0.05,0,39,0.19,-16,-0.08,-1065,-1.06,2
1463,Entry short,2017-07-06 07:00,C0|S|MKT|15|v0.3.0-tier0|SPY,209.72,100,20972,10,0.05,0,39,0.19,-16,-0.08,-1065,-1.06,2
1464,Exit long,2017-07-07 07:30,TX30,209.78,100,20988,-10,-0.05,0,2,0.01,-37,-0.18,-1075,-1.07,2
1464,Entry long,2017-07-07 07:00,C0|L|MKT|15|v0.3.0-tier0|SPY,209.88,100,20988,-10,-0.05,0,2,0.01,-37,-0.18,-1075,-1.07,2
1465,Exit long,2017-07-11 08:00,TX30,210.65,100,21057,8,0.04,0,10,0.05,-2,-0.01,-1067,-1.07,2
1465,Entry long,2017-07-11 07:30,C0|L|MKT|15|v0.3.0-tier0|SPY,210.57,100,21057,8,0.04,0,10,0.05,-2,-0.01,-1067,-1.07,2
1466,Exit long,2017-07-12 07:30,TX30,212.04,100,21195,9,0.04,0,20,0.09,-8,-0.04,-1058,-1.06,2
1466,Entry long,2017-07-12 07:00,C0|L|MKT|15|v0.3.0-tier0|SPY,211.95,100,21195,9,0.04,0,20,0.09,-8,-0.04,-1058,-1.06,2
1467,Exit short,2017-07-13 08:00,TX30,212.08,100,21194,-14,-0.07,0,7,0.03,-20,-0.09,-1072,-1.07,2
1467,Entry short,2017-07-13 07:30,C0|S|MKT|15|v0.3.0-tier0|SPY,211.94,100,21194,-14,-0.07,0,7,0.03,-20,-0.09,-1072,-1.07,2
1468,Exit long,2017-07-17 07:30,TX30,213.52,100,21350,2,0.01,0,10,0.05,-7,-0.03,-1070,-1.07,2
1468,Entry long,2017-07-17 07:00,C0|L|MKT|15|v0.3.0-tier0|SPY,213.5,100,21350,2,0.01,0,10,0.05,-7,-0.03,-1070,-1.07,2
1469,Exit long,2017-07-18 07:45,TX30,212.67,100,21318,-51,-0.24,0,3,0.01,-52,-0.24,-1121,-1.12,2
1469,Entry long,2017-07-18 07:15,C0|L|MKT|15|v0.3.0-tier0|SPY,213.18,100,21318,-51,-0.24,0,3,0.01,-52,-0.24,-1121,-1.12,2
1470,Exit long,2017-07-19 07:30,TX30,214.07,100,21413,-6,-0.03,0,13,0.06,-13,-0.06,-1127,-1.13,2
1470,Entry long,2017-07-19 07:00,C0|L|MKT|15|v0.3.0-tier0|SPY,214.13,100,21413,-6,-0.03,0,13,0.06,-13,-0.06,-1127,-1.13,2
1471,Exit short,2017-07-20 08:00,TX30,214.74,100,21471,-3,-0.01,0,50,0.23,-11,-0.05,-1130,-1.13,2
1471,Entry short,2017-07-20 07:30,C0|S|MKT|15|v0.3.0-tier0|SPY,214.71,100,21471,-3,-0.01,0,50,0.23,-11,-0.05,-1130,-1.13,2
1472,Exit short,2017-07-21 07:30,TX30,214.21,100,21409,-12,-0.06,0,13,0.06,-19,-0.09,-1142,-1.14,2
1472,Entry short,2017-07-21 07:00,C0|S|MKT|15|v0.3.0-tier0|SPY,214.09,100,21409,-12,-0.06,0,13,0.06,-19,-0.09,-1142,-1.14,2
1473,Exit short,2017-07-25 07:45,TX30,215.13,100,21489,-24,-0.11,0,0,0.00,-29,-0.13,-1166,-1.17,2
1473,Entry short,2017-07-25 07:15,C0|S|MKT|15|v0.3.0-tier0|SPY,214.89,100,21489,-24,-0.11,0,0,0.00,-29,-0.13,-1166,-1.17,2
1474,Exit short,2017-07-27 07:30,TX30,215.44,100,21520,-24,-0.11,0,2,0.01,-24,-0.11,-1190,-1.19,2
1474,Entry short,2017-07-27 07:00,C0|S|MKT|15|v0.3.0-tier0|SPY,215.2,100,21520,-24,-0.11,0,2,0.01,-24,-0.11,-1190,-1.19,2
1475,Exit short,2017-07-28 08:00,TX30,214.13,100,21412,-1,0.00,0,14,0.07,-8,-0.04,-1191,-1.19,2
1475,Entry short,2017-07-28 07:30,C0|S|MKT|15|v0.3.0-tier0|SPY,214.12,100,21412,-1,0.00,0,14,0.07,-8,-0.04,-1191,-1.19,2
1476,Exit short,2017-07-31 07:30,TX30,214.53,100,21470,17,0.08,0,24,0.11,-3,-0.01,-1174,-1.17,2
1476,Entry short,2017-07-31 07:00,C0|S|MKT|15|v0.3.0-tier0|SPY,214.7,100,21470,17,0.08,0,24,0.11,-3,-0.01,-1174,-1.17,2
1477,Exit short,2017-08-01 07:30,TX30,214.63,100,21468,5,0.02,0,13,0.06,-25,-0.12,-1169,-1.17,2
1477,Entry short,2017-08-01 07:00,C0|S|MKT|15|v0.3.0-tier0|SPY,214.68,100,21468,5,0.02,0,13,0.06,-25,-0.12,-1169,-1.17,2
1478,Exit short,2017-08-02 07:30,TX30,214.4,100,21484,44,0.20,0,48,0.22,-25,-0.12,-1125,-1.12,2
1478,Entry short,2017-08-02 07:00,C0|S|MKT|15|v0.3.0-tier0|SPY,214.84,100,21484,44,0.20,0,48,0.22,-25,-0.12,-1125,-1.12,2
1479,Exit short,2017-08-03 07:30,TX30,214.86,100,21466,-20,-0.09,0,10,0.05,-20,-0.09,-1145,-1.14,2
1479,Entry short,2017-08-03 07:00,C0|S|MKT|15|v0.3.0-tier0|SPY,214.66,100,21466,-20,-0.09,0,10,0.05,-20,-0.09,-1145,-1.14,2
1480,Exit short,2017-08-04 07:30,TX30,215.11,100,21490,-21,-0.10,0,25,0.12,-23,-0.11,-1166,-1.17,2
1480,Entry short,2017-08-04 07:00,C0|S|MKT|15|v0.3.0-tier0|SPY,214.9,100,21490,-21,-0.10,0,25,0.12,-23,-0.11,-1166,-1.17,2
1481,Exit long,2017-08-07 07:30,TX30,215.11,100,21517,-6,-0.03,0,5,0.02,-6,-0.03,-1172,-1.17,2
1481,Entry long,2017-08-07 07:00,C0|L|MKT|15|v0.3.0-tier0|SPY,215.17,100,21517,-6,-0.03,0,5,0.02,-6,-0.03,-1172,-1.17,2
1482,Exit long,2017-08-08 07:30,TX30,215.37,100,21520,17,0.08,0,20,0.09,-2,-0.01,-1155,-1.15,2
1482,Entry long,2017-08-08 07:00,C0|L|MKT|15|v0.3.0-tier0|SPY,215.2,100,21520,17,0.08,0,20,0.09,-2,-0.01,-1155,-1.15,2
1483,Exit short,2017-08-10 07:45,TX30,213.56,100,21325,-31,-0.15,0,14,0.07,-34,-0.16,-1186,-1.19,2
1483,Entry short,2017-08-10 07:15,C0|S|MKT|15|v0.3.0-tier0|SPY,213.25,100,21325,-31,-0.15,0,14,0.07,-34,-0.16,-1186,-1.19,2
1484,Exit long,2017-08-11 07:45,TX30,212.63,100,21250,13,0.06,0,25,0.12,-19,-0.09,-1173,-1.17,2
1484,Entry long,2017-08-11 07:15,C0|L|MKT|15|v0.3.0-tier0|SPY,212.5,100,21250,13,0.06,0,25,0.12,-19,-0.09,-1173,-1.17,2
1485,Exit long,2017-08-14 07:30,TX30,214.06,100,21397,9,0.04,0,15,0.07,-2,-0.01,-1164,-1.16,2
1485,Entry long,2017-08-14 07:00,C0|L|MKT|15|v0.3.0-tier0|SPY,213.97,100,21397,9,0.04,0,15,0.07,-2,-0.01,-1164,-1.16,2
1486,Exit short,2017-08-15 07:45,TX30,214.25,100,21412,-13,-0.06,0,18,0.08,-18,-0.08,-1177,-1.18,2
1486,Entry short,2017-08-15 07:15,C0|S|MKT|15|v0.3.0-tier0|SPY,214.12,100,21412,-13,-0.06,0,18,0.08,-18,-0.08,-1177,-1.18,2
1487,Exit long,2017-08-16 08:00,TX30,215.01,100,21491,10,0.05,0,16,0.07,-8,-0.04,-1167,-1.17,2
1487,Entry long,2017-08-16 07:30,C0|L|MKT|15|v0.3.0-tier0|SPY,214.91,100,21491,10,0.05,0,16,0.07,-8,-0.04,-1167,-1.17,2
1488,Exit short,2017-08-17 07:30,TX30,213.33,100,21386,53,0.25,0,77,0.36,-8,-0.04,-1114,-1.11,2
1488,Entry short,2017-08-17 07:00,C0|S|MKT|15|v0.3.0-tier0|SPY,213.86,100,21386,53,0.25,0,77,0.36,-8,-0.04,-1114,-1.11,2
1489,Exit short,2017-08-18 07:30,TX30,210.91,100,21051,-40,-0.19,0,0,0.00,-68,-0.32,-1154,-1.15,2
1489,Entry short,2017-08-18 07:00,C0|S|MKT|15|v0.3.0-tier0|SPY,210.51,100,21051,-40,-0.19,0,0,0.00,-68,-0.32,-1154,-1.15,2
1490,Exit short,2017-08-21 07:30,TX30,210.41,100,21061,20,0.09,0,43,0.20,-3,-0.01,-1134,-1.13,2
1490,Entry short,2017-08-21 07:00,C0|S|MKT|15|v0.3.0-tier0|SPY,210.61,100,21061,20,0.09,0,43,0.20,-3,-0.01,-1134,-1.13,2
1491,Exit long,2017-08-22 07:45,TX30,212.42,100,21245,-3,-0.01,0,10,0.05,-7,-0.03,-1137,-1.14,2
1491,Entry long,2017-08-22 07:15,C0|L|MKT|15|v0.3.0-tier0|SPY,212.45,100,21245,-3,-0.01,0,10,0.05,-7,-0.03,-1137,-1.14,2
1492,Exit long,2017-08-23 07:30,TX30,212.67,100,21275,-8,-0.04,0,9,0.04,-34,-0.16,-1145,-1.14,2
1492,Entry long,2017-08-23 07:00,C0|L|MKT|15|v0.3.0-tier0|SPY,212.75,100,21275,-8,-0.04,0,9,0.04,-34,-0.16,-1145,-1.14,2
1493,Exit short,2017-08-24 07:30,TX30,212.54,100,21223,-31,-0.15,0,16,0.08,-35,-0.16,-1176,-1.18,2
1493,Entry short,2017-08-24 07:00,C0|S|MKT|15|v0.3.0-tier0|SPY,212.23,100,21223,-31,-0.15,0,16,0.08,-35,-0.16,-1176,-1.18,2
1494,Exit long,2017-08-25 07:30,TX30,213.27,100,21317,10,0.05,0,30,0.14,-3,-0.01,-1166,-1.17,2
1494,Entry long,2017-08-25 07:00,C0|L|MKT|15|v0.3.0-tier0|SPY,213.17,100,21317,10,0.05,0,30,0.14,-3,-0.01,-1166,-1.17,2
1495,Exit short,2017-08-28 07:30,TX30,212.46,100,21262,16,0.08,0,19,0.09,-8,-0.04,-1150,-1.15,2
1495,Entry short,2017-08-28 07:00,C0|S|MKT|15|v0.3.0-tier0|SPY,212.62,100,21262,16,0.08,0,19,0.09,-8,-0.04,-1150,-1.15,2
1496,Exit long,2017-08-29 07:30,TX30,211.91,100,21189,2,0.01,0,7,0.03,-28,-0.13,-1148,-1.15,2
1496,Entry long,2017-08-29 07:00,C0|L|MKT|15|v0.3.0-tier0|SPY,211.89,100,21189,2,0.01,0,7,0.03,-28,-0.13,-1148,-1.15,2
1497,Exit long,2017-08-30 07:30,TX30,213.14,100,21303,11,0.05,0,13,0.06,-11,-0.05,-1137,-1.14,2
1497,Entry long,2017-08-30 07:00,C0|L|MKT|15|v0.3.0-tier0|SPY,213.03,100,21303,11,0.05,0,13,0.06,-11,-0.05,-1137,-1.14,2
1498,Exit long,2017-08-31 07:45,TX30,214.64,100,21491,-27,-0.13,0,3,0.01,-42,-0.20,-1164,-1.16,2
1498,Entry long,2017-08-31 07:15,C0|L|MKT|15|v0.3.0-tier0|SPY,214.91,100,21491,-27,-0.13,0,3,0.01,-42,-0.20,-1164,-1.16,2
1499,Exit short,2017-09-07 07:30,TX30,214.24,100,21460,36,0.17,0,42,0.20,0,0.00,-1128,-1.13,2
1499,Entry short,2017-09-07 07:00,C0|S|MKT|15|v0.3.0-tier0|SPY,214.6,100,21460,36,0.17,0,42,0.20,0,0.00,-1128,-1.13,2
1500,Exit long,2017-09-08 07:30,TX30,214.37,100,21442,-5,-0.02,0,13,0.06,-12,-0.06,-1133,-1.13,2
1500,Entry long,2017-09-08 07:00,C0|L|MKT|15|v0.3.0-tier0|SPY,214.42,100,21442,-5,-0.02,0,13,0.06,-12,-0.06,-1133,-1.13,2
1501,Exit long,2017-09-11 07:45,TX30,215.99,100,21617,-18,-0.08,0,5,0.02,-18,-0.08,-1151,-1.15,2
1501,Entry long,2017-09-11 07:15,C0|L|MKT|15|v0.3.0-tier0|SPY,216.17,100,21617,-18,-0.08,0,5,0.02,-18,-0.08,-1151,-1.15,2
1502,Exit long,2017-09-13 07:30,TX30,217.28,100,21725,3,0.01,0,8,0.04,-7,-0.03,-1148,-1.15,2
1502,Entry long,2017-09-13 07:00,C0|L|MKT|15|v0.3.0-tier0|SPY,217.25,100,21725,3,0.01,0,8,0.04,-7,-0.03,-1148,-1.15,2
1503,Exit long,2017-09-14 07:30,TX30,217.26,100,21725,1,0.00,0,7,0.03,-13,-0.06,-1147,-1.15,2
1503,Entry long,2017-09-14 07:00,C0|L|MKT|15|v0.3.0-tier0|SPY,217.25,100,21725,1,0.00,0,7,0.03,-13,-0.06,-1147,-1.15,2
1504,Exit short,2017-09-15 07:45,TX30,217.35,100,21714,-21,-0.10,0,0,0.00,-24,-0.11,-1168,-1.17,2
1504,Entry short,2017-09-15 07:15,C0|S|MKT|15|v0.3.0-tier0|SPY,217.14,100,21714,-21,-0.10,0,0,0.00,-24,-0.11,-1168,-1.17,2
1505,Exit long,2017-09-18 07:30,TX30,218.32,100,21835,-3,-0.01,0,5,0.02,-14,-0.06,-1171,-1.17,2
1505,Entry long,2017-09-18 07:00,C0|L|MKT|15|v0.3.0-tier0|SPY,218.35,100,21835,-3,-0.01,0,5,0.02,-14,-0.06,-1171,-1.17,2
1506,Exit short,2017-09-20 07:45,TX30,218.33,100,21829,-4,-0.02,0,5,0.02,-10,-0.05,-1175,-1.17,2
1506,Entry short,2017-09-20 07:15,C0|S|MKT|15|v0.3.0-tier0|SPY,218.29,100,21829,-4,-0.02,0,5,0.02,-10,-0.05,-1175,-1.17,2
1507,Exit short,2017-09-21 07:30,TX30,217.82,100,21784,2,0.01,0,19,0.09,-7,-0.03,-1173,-1.17,2
1507,Entry short,2017-09-21 07:00,C0|S|MKT|15|v0.3.0-tier0|SPY,217.84,100,21784,2,0.01,0,19,0.09,-7,-0.03,-1173,-1.17,2
1508,Exit long,2017-09-22 08:00,TX30,217.58,100,21778,-20,-0.09,0,7,0.03,-22,-0.10,-1193,-1.19,2
1508,Entry long,2017-09-22 07:30,C0|L|MKT|15|v0.3.0-tier0|SPY,217.78,100,21778,-20,-0.09,0,7,0.03,-22,-0.10,-1193,-1.19,2
1509,Exit long,2017-09-25 07:45,TX30,217.56,100,21792,-36,-0.17,0,5,0.02,-43,-0.20,-1229,-1.23,2
1509,Entry long,2017-09-25 07:15,C0|L|MKT|15|v0.3.0-tier0|SPY,217.92,100,21792,-36,-0.17,0,5,0.02,-43,-0.20,-1229,-1.23,2
1510,Exit short,2017-09-27 07:30,TX30,217.95,100,21814,19,0.09,0,21,0.10,-10,-0.05,-1210,-1.21,2
1510,Entry short,2017-09-27 07:00,C0|S|MKT|15|v0.3.0-tier0|SPY,218.14,100,21814,19,0.09,0,21,0.10,-10,-0.05,-1210,-1.21,2
1511,Exit long,2017-09-28 08:00,TX30,218.36,100,21832,4,0.02,0,20,0.09,-4,-0.02,-1206,-1.21,2
1511,Entry long,2017-09-28 07:30,C0|L|MKT|15|v0.3.0-tier0|SPY,218.32,100,21832,4,0.02,0,20,0.09,-4,-0.02,-1206,-1.21,2
1512,Exit long,2017-10-02 07:30,TX30,219.99,100,21999,0,0.00,0,29,0.13,-9,-0.04,-1206,-1.21,2
1512,Entry long,2017-10-02 07:00,C0|L|MKT|15|v0.3.0-tier0|SPY,219.99,100,21999,0,0.00,0,29,0.13,-9,-0.04,-1206,-1.21,2
1513,Exit long,2017-10-05 07:45,TX30,221.72,100,22161,11,0.05,0,11,0.05,-10,-0.05,-1195,-1.19,2
1513,Entry long,2017-10-05 07:15,C0|L|MKT|15|v0.3.0-tier0|SPY,221.61,100,22161,11,0.05,0,11,0.05,-10,-0.05,-1195,-1.19,2
1514,Exit long,2017-10-06 07:45,TX30,222.01,100,22218,-17,-0.08,0,7,0.03,-30,-0.14,-1212,-1.21,2
1514,Entry long,2017-10-06 07:15,C0|L|MKT|15|v0.3.0-tier0|SPY,222.18,100,22218,-17,-0.08,0,7,0.03,-30,-0.14,-1212,-1.21,2
1515,Exit short,2017-10-09 07:30,TX30,222.05,100,22211,6,0.03,0,10,0.05,-4,-0.02,-1206,-1.21,2
1515,Entry short,2017-10-09 07:00,C0|S|MKT|15|v0.3.0-tier0|SPY,222.11,100,22211,6,0.03,0,10,0.05,-4,-0.02,-1206,-1.21,2
1516,Exit short,2017-10-10 07:45,TX30,222.18,100,22224,6,0.03,0,36,0.16,0,0.00,-1200,-1.20,2
1516,Entry short,2017-10-10 07:15,C0|S|MKT|15|v0.3.0-tier0|SPY,222.24,100,22224,6,0.03,0,36,0.16,0,0.00,-1200,-1.20,2
1517,Exit long,2017-10-12 08:00,TX30,222.55,100,22256,-1,0.00,0,12,0.05,-5,-0.02,-1201,-1.20,2
1517,Entry long,2017-10-12 07:30,C0|L|MKT|15|v0.3.0-tier0|SPY,222.56,100,22256,-1,0.00,0,12,0.05,-5,-0.02,-1201,-1.20,2
1518,Exit long,2017-10-13 08:00,TX30,222.84,100,22292,-8,-0.04,0,4,0.02,-18,-0.08,-1209,-1.21,2
1518,Entry long,2017-10-13 07:30,C0|L|MKT|15|v0.3.0-tier0|SPY,222.92,100,22292,-8,-0.04,0,4,0.02,-18,-0.08,-1209,-1.21,2
1519,Exit short,2017-10-16 08:00,TX30,222.73,100,22281,8,0.04,0,14,0.06,-1,0.00,-1201,-1.20,2
1519,Entry short,2017-10-16 07:30,C0|S|MKT|15|v0.3.0-tier0|SPY,222.81,100,22281,8,0.04,0,14,0.06,-1,0.00,-1201,-1.20,2
1520,Exit long,2017-10-17 07:45,TX30,222.75,100,22301,-26,-0.12,0,1,0.00,-29,-0.13,-1227,-1.23,2
1520,Entry long,2017-10-17 07:15,C0|L|MKT|15|v0.3.0-tier0|SPY,223.01,100,22301,-26,-0.12,0,1,0.00,-29,-0.13,-1227,-1.23,2
1521,Exit short,2017-10-18 07:45,TX30,223.33,100,22323,-10,-0.04,0,1,0.00,-11,-0.05,-1237,-1.24,2
1521,Entry short,2017-10-18 07:15,C0|S|MKT|15|v0.3.0-tier0|SPY,223.23,100,22323,-10,-0.04,0,1,0.00,-11,-0.05,-1237,-1.24,2
1522,Exit short,2017-10-19 07:30,TX30,222.59,100,22234,-25,-0.11,0,18,0.08,-26,-0.12,-1262,-1.26,2
1522,Entry short,2017-10-19 07:00,C0|S|MKT|15|v0.3.0-tier0|SPY,222.34,100,22234,-25,-0.11,0,18,0.08,-26,-0.12,-1262,-1.26,2
1523,Exit long,2017-10-20 07:45,TX30,223.98,100,22424,-26,-0.12,0,1,0.00,-26,-0.12,-1288,-1.29,2
1523,Entry long,2017-10-20 07:15,C0|L|MKT|15|v0.3.0-tier0|SPY,224.24,100,22424,-26,-0.12,0,1,0.00,-26,-0.12,-1288,-1.29,2
1524,Exit short,2017-10-23 08:00,TX30,224.49,100,22457,8,0.04,0,10,0.04,-10,-0.04,-1280,-1.28,2
1524,Entry short,2017-10-23 07:30,C0|S|MKT|15|v0.3.0-tier0|SPY,224.57,100,22457,8,0.04,0,10,0.04,-10,-0.04,-1280,-1.28,2
1525,Exit short,2017-10-24 07:30,TX30,223.98,100,22375,-23,-0.10,0,2,0.01,-26,-0.12,-1303,-1.30,2
1525,Entry short,2017-10-24 07:00,C0|S|MKT|15|v0.3.0-tier0|SPY,223.75,100,22375,-23,-0.10,0,2,0.01,-26,-0.12,-1303,-1.30,2
1526,Exit short,2017-10-25 07:30,TX30,223.26,100,22343,17,0.08,0,32,0.14,-18,-0.08,-1286,-1.29,2
1526,Entry short,2017-10-25 07:00,C0|S|MKT|15|v0.3.0-tier0|SPY,223.43,100,22343,17,0.08,0,32,0.14,-18,-0.08,-1286,-1.29,2
1527,Exit short,2017-10-26 07:45,TX30,223.6,100,22331,-29,-0.13,0,9,0.04,-36,-0.16,-1315,-1.31,2
1527,Entry short,2017-10-26 07:15,C0|S|MKT|15|v0.3.0-tier0|SPY,223.31,100,22331,-29,-0.13,0,9,0.04,-36,-0.16,-1315,-1.31,2
1528,Exit long,2017-10-27 07:45,TX30,224.36,100,22432,4,0.02,0,14,0.06,-7,-0.03,-1311,-1.31,2
1528,Entry long,2017-10-27 07:15,C0|L|MKT|15|v0.3.0-tier0|SPY,224.32,100,22432,4,0.02,0,14,0.06,-7,-0.03,-1311,-1.31,2
1529,Exit long,2017-10-30 08:00,TX30,224.88,100,22488,0,0.00,0,11,0.05,-2,-0.01,-1311,-1.31,2
1529,Entry long,2017-10-30 07:30,C0|L|MKT|15|v0.3.0-tier0|SPY,224.88,100,22488,0,0.00,0,11,0.05,-2,-0.01,-1311,-1.31,2
1530,Exit short,2017-10-31 07:30,TX30,224.52,100,22442,-10,-0.04,0,12,0.05,-11,-0.05,-1321,-1.32,2
1530,Entry short,2017-10-31 07:00,C0|S|MKT|15|v0.3.0-tier0|SPY,224.42,100,22442,-10,-0.04,0,12,0.05,-11,-0.05,-1321,-1.32,2
1531,Exit long,2017-11-01 07:30,TX30,225.36,100,22560,-24,-0.11,0,1,0.00,-24,-0.11,-1345,-1.34,2
1531,Entry long,2017-11-01 07:00,C0|L|MKT|15|v0.3.0-tier0|SPY,225.6,100,22560,-24,-0.11,0,1,0.00,-24,-0.11,-1345,-1.34,2
1532,Exit short,2017-11-02 07:45,TX30,224.48,100,22387,-61,-0.27,0,1,0.00,-68,-0.30,-1406,-1.41,2
1532,Entry short,2017-11-02 07:15,C0|S|MKT|15|v0.3.0-tier0|SPY,223.87,100,22387,-61,-0.27,0,1,0.00,-68,-0.30,-1406,-1.41,2
1533,Exit long,2017-11-06 07:30,TX30,225.92,100,22586,6,0.03,0,16,0.07,-12,-0.05,-1400,-1.40,2
1533,Entry long,2017-11-06 07:00,C0|L|MKT|15|v0.3.0-tier0|SPY,225.86,100,22586,6,0.03,0,16,0.07,-12,-0.05,-1400,-1.40,2
1534,Exit short,2017-11-08 07:30,TX30,225.76,100,22557,-19,-0.08,0,0,0.00,-25,-0.11,-1419,-1.42,2
1534,Entry short,2017-11-08 07:00,C0|S|MKT|15|v0.3.0-tier0|SPY,225.57,100,22557,-19,-0.08,0,0,0.00,-25,-0.11,-1419,-1.42,2
1535,Exit long,2017-11-09 08:00,TX30,225.67,100,22545,22,0.10,0,24,0.11,-30,-0.13,-1397,-1.40,2
1535,Entry long,2017-11-09 07:30,C0|L|MKT|15|v0.3.0-tier0|SPY,225.45,100,22545,22,0.10,0,24,0.11,-30,-0.13,-1397,-1.40,2
1536,Exit long,2017-11-13 07:30,TX30,225.55,100,22519,36,0.16,0,37,0.16,0,0.00,-1361,-1.36,2
1536,Entry long,2017-11-13 07:00,C0|L|MKT|15|v0.3.0-tier0|SPY,225.19,100,22519,36,0.16,0,37,0.16,0,0.00,-1361,-1.36,2
1537,Exit short,2017-11-14 07:45,TX30,224.88,100,22451,-37,-0.16,0,13,0.06,-39,-0.17,-1398,-1.40,2
1537,Entry short,2017-11-14 07:15,C0|S|MKT|15|v0.3.0-tier0|SPY,224.51,100,22451,-37,-0.16,0,13,0.06,-39,-0.17,-1398,-1.40,2
1538,Exit long,2017-11-16 07:45,TX30,225.67,100,22529,38,0.17,0,41,0.18,-2,-0.01,-1360,-1.36,2
1538,Entry long,2017-11-16 07:15,C0|L|MKT|15|v0.3.0-tier0|SPY,225.29,100,22529,38,0.17,0,41,0.18,-2,-0.01,-1360,-1.36,2
1539,Exit long,2017-11-21 07:45,TX30,227.09,100,22692,17,0.07,0,17,0.07,0,0.00,-1343,-1.34,2
1539,Entry long,2017-11-21 07:15,C0|L|MKT|15|v0.3.0-tier0|SPY,226.92,100,22692,17,0.07,0,17,0.07,0,0.00,-1343,-1.34,2
1540,Exit short,2017-11-22 08:00,TX30,227.05,100,22694,-11,-0.05,0,12,0.05,-12,-0.05,-1354,-1.35,2
1540,Entry short,2017-11-22 07:30,C0|S|MKT|15|v0.3.0-tier0|SPY,226.94,100,22694,-11,-0.05,0,12,0.05,-12,-0.05,-1354,-1.35,2
1541,Exit long,2017-11-28 07:45,TX30,228.1,100,22798,12,0.05,0,14,0.06,-7,-0.03,-1342,-1.34,2
1541,Entry long,2017-11-28 07:15,C0|L|MKT|15|v0.3.0-tier0|SPY,227.98,100,22798,12,0.05,0,14,0.06,-7,-0.03,-1342,-1.34,2
1542,Exit long,2017-11-29 07:30,TX30,229.62,100,23016,-54,-0.23,0,1,0.00,-68,-0.30,-1396,-1.40,2
1542,Entry long,2017-11-29 07:00,C0|L|MKT|15|v0.3.0-tier0|SPY,230.16,100,23016,-54,-0.23,0,1,0.00,-68,-0.30,-1396,-1.40,2
1543,Exit long,2017-11-30 07:45,TX30,230.58,100,23075,-17,-0.07,0,0,0.00,-36,-0.16,-1413,-1.41,2
1543,Entry long,2017-11-30 07:15,C0|L|MKT|15|v0.3.0-tier0|SPY,230.75,100,23075,-17,-0.07,0,0,0.00,-36,-0.16,-1413,-1.41,2
1544,Exit long,2017-12-05 08:00,TX30,231.3,100,23099,31,0.13,0,37,0.16,-17,-0.07,-1382,-1.38,2
1544,Entry long,2017-12-05 07:30,C0|L|MKT|15|v0.3.0-tier0|SPY,230.99,100,23099,31,0.13,0,37,0.16,-17,-0.07,-1382,-1.38,2
1545,Exit long,2017-12-07 07:30,TX30,230.25,100,23019,6,0.03,0,13,0.06,-23,-0.10,-1376,-1.38,2
1545,Entry long,2017-12-07 07:00,C0|L|MKT|15|v0.3.0-tier0|SPY,230.19,100,23019,6,0.03,0,13,0.06,-23,-0.10,-1376,-1.38,2
1546,Exit long,2017-12-11 07:30,TX30,232.09,100,23231,-22,-0.09,0,10,0.04,-26,-0.11,-1398,-1.40,2
1546,Entry long,2017-12-11 07:00,C0|L|MKT|15|v0.3.0-tier0|SPY,232.31,100,23231,-22,-0.09,0,10,0.04,-26,-0.11,-1398,-1.40,2
1547,Exit long,2017-12-12 07:45,TX30,232.96,100,23289,7,0.03,0,13,0.06,-8,-0.03,-1391,-1.39,2
1547,Entry long,2017-12-12 07:15,C0|L|MKT|15|v0.3.0-tier0|SPY,232.89,100,23289,7,0.03,0,13,0.06,-8,-0.03,-1391,-1.39,2
1548,Exit long,2017-12-15 08:00,TX30,233.47,100,23364,-17,-0.07,0,0,0.00,-24,-0.10,-1408,-1.41,2
1548,Entry long,2017-12-15 07:30,C0|L|MKT|15|v0.3.0-tier0|SPY,233.64,100,23364,-17,-0.07,0,0,0.00,-24,-0.10,-1408,-1.41,2
1549,Exit short,2017-12-19 07:30,TX30,235.11,100,23516,5,0.02,0,15,0.06,-15,-0.06,-1403,-1.40,2
1549,Entry short,2017-12-19 07:00,C0|S|MKT|15|v0.3.0-tier0|SPY,235.16,100,23516,5,0.02,0,15,0.06,-15,-0.06,-1403,-1.40,2
1550,Exit short,2017-12-21 07:30,TX30,235,100,23473,-27,-0.12,0,0,0.00,-28,-0.12,-1430,-1.43,2
1550,Entry short,2017-12-21 07:00,C0|S|MKT|15|v0.3.0-tier0|SPY,234.73,100,23473,-27,-0.12,0,0,0.00,-28,-0.12,-1430,-1.43,2
1551,Exit long,2017-12-27 07:45,TX30,234.88,100,23479,9,0.04,0,10,0.04,-5,-0.02,-1421,-1.42,2
1551,Entry long,2017-12-27 07:15,C0|L|MKT|15|v0.3.0-tier0|SPY,234.79,100,23479,9,0.04,0,10,0.04,-5,-0.02,-1421,-1.42,2
1552,Exit short,2017-12-28 07:30,TX30,234.84,100,23494,10,0.04,0,12,0.05,-2,-0.01,-1411,-1.41,2
1552,Entry short,2017-12-28 07:00,C0|S|MKT|15|v0.3.0-tier0|SPY,234.94,100,23494,10,0.04,0,12,0.05,-2,-0.01,-1411,-1.41,2
1553,Exit short,2017-12-29 07:45,TX30,235.11,100,23508,-3,-0.01,0,8,0.03,-20,-0.09,-1414,-1.41,2
1553,Entry short,2017-12-29 07:15,C0|S|MKT|15|v0.3.0-tier0|SPY,235.08,100,23508,-3,-0.01,0,8,0.03,-20,-0.09,-1414,-1.41,2
1554,Exit long,2018-01-02 07:30,TX30,235.63,100,23526,37,0.16,0,38,0.16,-1,0.00,-1377,-1.38,2
1554,Entry long,2018-01-02 07:00,C0|L|MKT|15|v0.3.0-tier0|SPY,235.26,100,23526,37,0.16,0,38,0.16,-1,0.00,-1377,-1.38,2
1555,Exit long,2018-01-03 07:30,TX30,236.94,100,23665,29,0.12,0,33,0.14,-2,-0.01,-1348,-1.35,2
1555,Entry long,2018-01-03 07:00,C0|L|MKT|15|v0.3.0-tier0|SPY,236.65,100,23665,29,0.12,0,33,0.14,-2,-0.01,-1348,-1.35,2
1556,Exit long,2018-01-04 07:30,TX30,238.75,100,23865,10,0.04,0,10,0.04,-16,-0.07,-1338,-1.34,2
1556,Entry long,2018-01-04 07:00,C0|L|MKT|15|v0.3.0-tier0|SPY,238.65,100,23865,10,0.04,0,10,0.04,-16,-0.07,-1338,-1.34,2
1557,Exit short,2018-01-09 07:30,TX30,241.07,100,24075,-32,-0.13,0,10,0.04,-34,-0.14,-1370,-1.37,2
1557,Entry short,2018-01-09 07:00,C0|S|MKT|15|v0.3.0-tier0|SPY,240.75,100,24075,-32,-0.13,0,10,0.04,-34,-0.14,-1370,-1.37,2
1558,Exit short,2018-01-10 07:30,TX30,240.23,100,23999,-24,-0.10,0,20,0.08,-41,-0.17,-1394,-1.39,2
1558,Entry short,2018-01-10 07:00,C0|S|MKT|15|v0.3.0-tier0|SPY,239.99,100,23999,-24,-0.10,0,20,0.08,-41,-0.17,-1394,-1.39,2
1559,Exit long,2018-01-11 07:30,TX30,241.31,100,24148,-17,-0.07,0,15,0.06,-29,-0.12,-1411,-1.41,2
1559,Entry long,2018-01-11 07:00,C0|L|MKT|15|v0.3.0-tier0|SPY,241.48,100,24148,-17,-0.07,0,15,0.06,-29,-0.12,-1411,-1.41,2
1560,Exit long,2018-01-12 07:30,TX30,243.32,100,24320,12,0.05,0,14,0.06,-17,-0.07,-1399,-1.40,2
1560,Entry long,2018-01-12 07:00,C0|L|MKT|15|v0.3.0-tier0|SPY,243.2,100,24320,12,0.05,0,14,0.06,-17,-0.07,-1399,-1.40,2
1561,Exit long,2018-01-16 07:30,TX30,245.49,100,24581,-32,-0.13,0,1,0.00,-39,-0.16,-1431,-1.43,2
1561,Entry long,2018-01-16 07:00,C0|L|MKT|15|v0.3.0-tier0|SPY,245.81,100,24581,-32,-0.13,0,1,0.00,-39,-0.16,-1431,-1.43,2
1562,Exit short,2018-01-17 07:30,TX30,243.73,100,24342,-31,-0.13,0,0,0.00,-63,-0.26,-1462,-1.46,2
1562,Entry short,2018-01-17 07:00,C0|S|MKT|15|v0.3.0-tier0|SPY,243.42,100,24342,-31,-0.13,0,0,0.00,-63,-0.26,-1462,-1.46,2
1563,Exit short,2018-01-18 07:45,TX30,245.2,100,24508,-12,-0.05,0,36,0.15,-15,-0.06,-1474,-1.47,2
1563,Entry short,2018-01-18 07:15,C0|S|MKT|15|v0.3.0-tier0|SPY,245.08,100,24508,-12,-0.05,0,36,0.15,-15,-0.06,-1474,-1.47,2
1564,Exit short,2018-01-19 07:45,TX30,245.66,100,24536,-30,-0.12,0,13,0.05,-42,-0.17,-1504,-1.50,2
1564,Entry short,2018-01-19 07:15,C0|S|MKT|15|v0.3.0-tier0|SPY,245.36,100,24536,-30,-0.12,0,13,0.05,-42,-0.17,-1504,-1.50,2
1565,Exit long,2018-01-22 07:30,TX30,246.98,100,24639,59,0.24,0,68,0.28,-6,-0.02,-1445,-1.44,2
1565,Entry long,2018-01-22 07:00,C0|L|MKT|15|v0.3.0-tier0|SPY,246.39,100,24639,59,0.24,0,68,0.28,-6,-0.02,-1445,-1.44,2
1566,Exit long,2018-01-24 07:30,TX30,249.68,100,24957,11,0.04,0,32,0.13,-6,-0.02,-1434,-1.43,2
1566,Entry long,2018-01-24 07:00,C0|L|MKT|15|v0.3.0-tier0|SPY,249.57,100,24957,11,0.04,0,32,0.13,-6,-0.02,-1434,-1.43,2
1567,Exit short,2018-01-25 07:30,TX30,248.6,100,24841,-19,-0.08,0,21,0.08,-48,-0.19,-1453,-1.45,2
1567,Entry short,2018-01-25 07:00,C0|S|MKT|15|v0.3.0-tier0|SPY,248.41,100,24841,-19,-0.08,0,21,0.08,-48,-0.19,-1453,-1.45,2
1568,Exit long,2018-01-26 07:30,TX30,249.55,100,24971,-16,-0.06,0,11,0.04,-30,-0.12,-1469,-1.47,2
1568,Entry long,2018-01-26 07:00,C0|L|MKT|15|v0.3.0-tier0|SPY,249.71,100,24971,-16,-0.06,0,11,0.04,-30,-0.12,-1469,-1.47,2
1569,Exit short,2018-01-30 07:30,TX30,247.79,100,24755,-24,-0.10,0,67,0.27,-26,-0.11,-1493,-1.49,2
1569,Entry short,2018-01-30 07:00,C0|S|MKT|15|v0.3.0-tier0|SPY,247.55,100,24755,-24,-0.10,0,67,0.27,-26,-0.11,-1493,-1.49,2
1570,Exit short,2018-02-02 07:30,TX30,245.18,100,24528,10,0.04,0,88,0.36,0,0.00,-1483,-1.48,2
1570,Entry short,2018-02-02 07:00,C0|S|MKT|15|v0.3.0-tier0|SPY,245.28,100,24528,10,0.04,0,88,0.36,0,0.00,-1483,-1.48,2
1571,Exit long,2018-02-05 07:45,TX30,241.74,100,24144,30,0.12,0,72,0.30,-23,-0.10,-1453,-1.45,2
1571,Entry long,2018-02-05 07:15,C0|L|MKT|15|v0.3.0-tier0|SPY,241.44,100,24144,30,0.12,0,72,0.30,-23,-0.10,-1453,-1.45,2
1572,Exit long,2018-02-06 07:30,TX30,231.17,100,23338,-221,-0.95,0,175,0.75,-286,-1.23,-1674,-1.67,2
1572,Entry long,2018-02-06 07:00,C0|L|MKT|15|v0.3.0-tier0|SPY,233.38,100,23338,-221,-0.95,0,175,0.75,-286,-1.23,-1674,-1.67,2
1573,Exit long,2018-02-07 07:45,TX30,237.14,100,23798,-84,-0.35,0,19,0.08,-100,-0.42,-1758,-1.76,2
1573,Entry long,2018-02-07 07:15,C0|L|MKT|15|v0.3.0-tier0|SPY,237.98,100,23798,-84,-0.35,0,19,0.08,-100,-0.42,-1758,-1.76,2
1574,Exit short,2018-02-08 08:00,TX30,232.6,100,23357,97,0.42,0,153,0.66,-43,-0.18,-1661,-1.66,2
1574,Entry short,2018-02-08 07:30,C0|S|MKT|15|v0.3.0-tier0|SPY,233.57,100,23357,97,0.42,0,153,0.66,-43,-0.18,-1661,-1.66,2
1575,Exit short,2018-02-12 07:30,TX30,230.65,100,23148,83,0.36,0,158,0.68,-87,-0.38,-1578,-1.58,2
1575,Entry short,2018-02-12 07:00,C0|S|MKT|15|v0.3.0-tier0|SPY,231.48,100,23148,83,0.36,0,158,0.68,-87,-0.38,-1578,-1.58,2
1576,Exit long,2018-02-14 07:45,TX30,234.5,100,23390,60,0.26,0,100,0.43,-19,-0.08,-1518,-1.52,2
1576,Entry long,2018-02-14 07:15,C0|L|MKT|15|v0.3.0-tier0|SPY,233.9,100,23390,60,0.26,0,100,0.43,-19,-0.08,-1518,-1.52,2
1577,Exit long,2018-02-16 08:00,TX30,240.18,100,24020,-2,-0.01,0,37,0.15,-15,-0.06,-1520,-1.52,2
1577,Entry long,2018-02-16 07:30,C0|L|MKT|15|v0.3.0-tier0|SPY,240.2,100,24020,-2,-0.01,0,37,0.15,-15,-0.06,-1520,-1.52,2
1578,Exit short,2018-02-23 08:00,TX30,238.76,100,23824,-52,-0.22,0,11,0.05,-70,-0.29,-1572,-1.57,2
1578,Entry short,2018-02-23 07:30,C0|S|MKT|15|v0.3.0-tier0|SPY,238.24,100,23824,-52,-0.22,0,11,0.05,-70,-0.29,-1572,-1.57,2
1579,Exit short,2018-02-26 08:00,TX30,241.98,100,24197,-1,0.00,0,32,0.13,-29,-0.12,-1573,-1.57,2
1579,Entry short,2018-02-26 07:30,C0|S|MKT|15|v0.3.0-tier0|SPY,241.97,100,24197,-1,0.00,0,32,0.13,-29,-0.12,-1573,-1.57,2
1580,Exit long,2018-02-27 07:45,TX30,243.73,100,24459,-86,-0.35,0,27,0.11,-105,-0.43,-1659,-1.66,2
1580,Entry long,2018-02-27 07:15,C0|L|MKT|15|v0.3.0-tier0|SPY,244.59,100,24459,-86,-0.35,0,27,0.11,-105,-0.43,-1659,-1.66,2
1581,Exit long,2018-02-28 07:30,TX30,242.3,100,24245,-15,-0.06,0,1,0.00,-56,-0.23,-1674,-1.67,2
1581,Entry long,2018-02-28 07:00,C0|L|MKT|15|v0.3.0-tier0|SPY,242.45,100,24245,-15,-0.06,0,1,0.00,-56,-0.23,-1674,-1.67,2
1582,Exit short,2018-03-06 07:45,TX30,239.53,100,23891,-62,-0.26,0,0,0.00,-75,-0.31,-1736,-1.74,2
1582,Entry short,2018-03-06 07:15,C0|S|MKT|15|v0.3.0-tier0|SPY,238.91,100,23891,-62,-0.26,0,0,0.00,-75,-0.31,-1736,-1.74,2
1583,Exit long,2018-03-07 08:00,TX30,239.06,100,23865,41,0.17,0,59,0.25,-14,-0.06,-1695,-1.69,2
1583,Entry long,2018-03-07 07:30,C0|L|MKT|15|v0.3.0-tier0|SPY,238.65,100,23865,41,0.17,0,59,0.25,-14,-0.06,-1695,-1.69,2
1584,Exit short,2018-03-08 07:30,TX30,239.82,100,23993,11,0.05,0,34,0.14,-28,-0.12,-1684,-1.68,2
1584,Entry short,2018-03-08 07:00,C0|S|MKT|15|v0.3.0-tier0|SPY,239.93,100,23993,11,0.05,0,34,0.14,-28,-0.12,-1684,-1.68,2
1585,Exit long,2018-03-09 07:45,TX30,243.13,100,24264,49,0.20,0,49,0.20,-7,-0.03,-1635,-1.63,2
1585,Entry long,2018-03-09 07:15,C0|L|MKT|15|v0.3.0-tier0|SPY,242.64,100,24264,49,0.20,0,49,0.20,-7,-0.03,-1635,-1.63,2
1586,Exit short,2018-03-14 07:45,TX30,243.1,100,24289,-21,-0.09,0,23,0.09,-31,-0.13,-1656,-1.66,2
1586,Entry short,2018-03-14 07:15,C0|S|MKT|15|v0.3.0-tier0|SPY,242.89,100,24289,-21,-0.09,0,23,0.09,-31,-0.13,-1656,-1.66,2
1587,Exit long,2018-03-16 08:00,TX30,242.49,100,24248,1,0.00,0,13,0.05,-17,-0.07,-1655,-1.65,2
1587,Entry long,2018-03-16 07:30,C0|L|MKT|15|v0.3.0-tier0|SPY,242.48,100,24248,1,0.00,0,13,0.05,-17,-0.07,-1655,-1.65,2
1588,Exit short,2018-03-19 07:45,TX30,239.76,100,23997,21,0.09,0,21,0.09,-37,-0.15,-1634,-1.63,2
1588,Entry short,2018-03-19 07:15,C0|S|MKT|15|v0.3.0-tier0|SPY,239.97,100,23997,21,0.09,0,21,0.09,-37,-0.15,-1634,-1.63,2
1589,Exit short,2018-03-20 07:45,TX30,238.86,100,23862,-24,-0.10,0,15,0.06,-83,-0.35,-1658,-1.66,2
1589,Entry short,2018-03-20 07:15,C0|S|MKT|15|v0.3.0-tier0|SPY,238.62,100,23862,-24,-0.10,0,15,0.06,-83,-0.35,-1658,-1.66,2
1590,Exit long,2018-03-21 07:45,TX30,238.97,100,23888,9,0.04,0,9,0.04,-42,-0.18,-1649,-1.65,2
1590,Entry long,2018-03-21 07:15,C0|L|MKT|15|v0.3.0-tier0|SPY,238.88,100,23888,9,0.04,0,9,0.04,-42,-0.18,-1649,-1.65,2
1591,Exit long,2018-03-22 07:45,TX30,235.7,100,23687,-117,-0.49,0,9,0.04,-127,-0.54,-1766,-1.77,2
1591,Entry long,2018-03-22 07:15,C0|L|MKT|15|v0.3.0-tier0|SPY,236.87,100,23687,-117,-0.49,0,9,0.04,-127,-0.54,-1766,-1.77,2
1592,Exit short,2018-03-26 08:00,TX30,230.12,100,23051,39,0.17,0,61,0.26,-22,-0.10,-1727,-1.73,2
1592,Entry short,2018-03-26 07:30,C0|S|MKT|15|v0.3.0-tier0|SPY,230.51,100,23051,39,0.17,0,61,0.26,-22,-0.10,-1727,-1.73,2
1593,Exit short,2018-03-27 07:45,TX30,234.15,100,23341,-74,-0.32,0,29,0.12,-75,-0.32,-1801,-1.80,2
1593,Entry short,2018-03-27 07:15,C0|S|MKT|15|v0.3.0-tier0|SPY,233.41,100,23341,-74,-0.32,0,29,0.12,-75,-0.32,-1801,-1.80,2
1594,Exit short,2018-03-29 07:30,TX30,230.16,100,22964,-52,-0.23,0,13,0.06,-73,-0.32,-1853,-1.85,2
1594,Entry short,2018-03-29 07:00,C0|S|MKT|15|v0.3.0-tier0|SPY,229.64,100,22964,-52,-0.23,0,13,0.06,-73,-0.32,-1853,-1.85,2
1595,Exit short,2018-04-02 07:30,TX30,229.74,100,23070,96,0.42,0,110,0.48,-10,-0.04,-1757,-1.76,2
1595,Entry short,2018-04-02 07:00,C0|S|MKT|15|v0.3.0-tier0|SPY,230.7,100,23070,96,0.42,0,110,0.48,-10,-0.04,-1757,-1.76,2
1596,Exit short,2018-04-03 07:45,TX30,227.51,100,22684,-67,-0.30,0,46,0.20,-82,-0.36,-1824,-1.82,2
1596,Entry short,2018-04-03 07:15,C0|S|MKT|15|v0.3.0-tier0|SPY,226.84,100,22684,-67,-0.30,0,46,0.20,-82,-0.36,-1824,-1.82,2
1597,Exit long,2018-04-04 07:30,TX30,227.56,100,22765,-9,-0.04,0,60,0.26,-60,-0.26,-1833,-1.83,2
1597,Entry long,2018-04-04 07:00,C0|L|MKT|15|v0.3.0-tier0|SPY,227.65,100,22765,-9,-0.04,0,60,0.26,-60,-0.26,-1833,-1.83,2
1598,Exit long,2018-04-09 07:30,TX30,231.2,100,23103,17,0.07,0,23,0.10,-48,-0.21,-1816,-1.82,2
1598,Entry long,2018-04-09 07:00,C0|L|MKT|15|v0.3.0-tier0|SPY,231.03,100,23103,17,0.07,0,23,0.10,-48,-0.21,-1816,-1.82,2
1599,Exit short,2018-04-10 07:30,TX30,233.32,100,23226,-106,-0.46,0,11,0.05,-122,-0.53,-1922,-1.92,2
1599,Entry short,2018-04-10 07:00,C0|S|MKT|15|v0.3.0-tier0|SPY,232.26,100,23226,-106,-0.46,0,11,0.05,-122,-0.53,-1922,-1.92,2
1600,Exit long,2018-04-11 07:30,TX30,233.36,100,23311,25,0.11,0,32,0.14,-40,-0.17,-1897,-1.90,2
1600,Entry long,2018-04-11 07:00,C0|L|MKT|15|v0.3.0-tier0|SPY,233.11,100,23311,25,0.11,0,32,0.14,-40,-0.17,-1897,-1.90,2
1601,Exit long,2018-04-12 07:30,TX30,234.81,100,23485,-4,-0.02,0,19,0.08,-34,-0.14,-1901,-1.90,2
1601,Entry long,2018-04-12 07:00,C0|L|MKT|15|v0.3.0-tier0|SPY,234.85,100,23485,-4,-0.02,0,19,0.08,-34,-0.14,-1901,-1.90,2
1602,Exit short,2018-04-13 07:30,TX30,233.92,100,23496,104,0.44,0,122,0.52,-16,-0.07,-1797,-1.80,2
1602,Entry short,2018-04-13 07:00,C0|S|MKT|15|v0.3.0-tier0|SPY,234.96,100,23496,104,0.44,0,122,0.52,-16,-0.07,-1797,-1.80,2
1603,Exit long,2018-04-16 08:00,TX30,235.14,100,23543,-29,-0.12,0,8,0.03,-53,-0.23,-1826,-1.83,2
1603,Entry long,2018-04-16 07:30,C0|L|MKT|15|v0.3.0-tier0|SPY,235.43,100,23543,-29,-0.12,0,8,0.03,-53,-0.23,-1826,-1.83,2
1604,Exit long,2018-04-17 08:00,TX30,237.96,100,23745,51,0.21,0,57,0.24,-2,-0.01,-1775,-1.77,2
1604,Entry long,2018-04-17 07:30,C0|L|MKT|15|v0.3.0-tier0|SPY,237.45,100,23745,51,0.21,0,57,0.24,-2,-0.01,-1775,-1.77,2
1605,Exit short,2018-04-18 07:45,TX30,238.74,100,23790,-84,-0.35,0,2,0.01,-88,-0.37,-1859,-1.86,2
1605,Entry short,2018-04-18 07:15,C0|S|MKT|15|v0.3.0-tier0|SPY,237.9,100,23790,-84,-0.35,0,2,0.01,-88,-0.37,-1859,-1.86,2
1606,Exit short,2018-04-20 07:45,TX30,236.31,100,23625,-6,-0.03,0,11,0.05,-34,-0.14,-1865,-1.86,2
1606,Entry short,2018-04-20 07:15,C0|S|MKT|15|v0.3.0-tier0|SPY,236.25,100,23625,-6,-0.03,0,11,0.05,-34,-0.14,-1865,-1.86,2
1607,Exit short,2018-04-23 07:45,TX30,235.17,100,23508,-9,-0.04,0,30,0.13,-45,-0.19,-1874,-1.87,2
1607,Entry short,2018-04-23 07:15,C0|S|MKT|15|v0.3.0-tier0|SPY,235.08,100,23508,-9,-0.04,0,30,0.13,-45,-0.19,-1874,-1.87,2
1608,Exit short,2018-04-24 07:30,TX30,235,100,23559,59,0.25,0,84,0.36,-44,-0.19,-1815,-1.81,2
1608,Entry short,2018-04-24 07:00,C0|S|MKT|15|v0.3.0-tier0|SPY,235.59,100,23559,59,0.25,0,84,0.36,-44,-0.19,-1815,-1.81,2
1609,Exit long,2018-04-26 07:30,TX30,233.86,100,23353,33,0.14,0,62,0.27,-16,-0.07,-1782,-1.78,2
1609,Entry long,2018-04-26 07:00,C0|L|MKT|15|v0.3.0-tier0|SPY,233.53,100,23353,33,0.14,0,62,0.27,-16,-0.07,-1782,-1.78,2
1610,Exit short,2018-04-27 07:30,TX30,234.73,100,23486,13,0.06,0,21,0.09,-50,-0.21,-1769,-1.77,2
1610,Entry short,2018-04-27 07:00,C0|S|MKT|15|v0.3.0-tier0|SPY,234.86,100,23486,13,0.06,0,21,0.09,-50,-0.21,-1769,-1.77,2
1611,Exit short,2018-05-02 07:30,TX30,232.92,100,23282,-10,-0.04,0,7,0.03,-54,-0.23,-1779,-1.78,2
1611,Entry short,2018-05-02 07:00,C0|S|MKT|15|v0.3.0-tier0|SPY,232.82,100,23282,-10,-0.04,0,7,0.03,-54,-0.23,-1779,-1.78,2
1612,Exit short,2018-05-03 08:00,TX30,228.76,100,22956,80,0.35,0,123,0.54,-8,-0.03,-1699,-1.70,2
1612,Entry short,2018-05-03 07:30,C0|S|MKT|15|v0.3.0-tier0|SPY,229.56,100,22956,80,0.35,0,123,0.54,-8,-0.03,-1699,-1.70,2
1613,Exit long,2018-05-04 07:30,TX30,232.48,100,23142,106,0.46,0,110,0.48,-24,-0.10,-1593,-1.59,2
1613,Entry long,2018-05-04 07:00,C0|L|MKT|15|v0.3.0-tier0|SPY,231.42,100,23142,106,0.46,0,110,0.48,-24,-0.10,-1593,-1.59,2
1614,Exit long,2018-05-07 07:30,TX30,235.71,100,23599,-28,-0.12,0,3,0.01,-54,-0.23,-1621,-1.62,2
1614,Entry long,2018-05-07 07:00,C0|L|MKT|15|v0.3.0-tier0|SPY,235.99,100,23599,-28,-0.12,0,3,0.01,-54,-0.23,-1621,-1.62,2
1615,Exit short,2018-05-08 07:30,TX30,234.59,100,23459,0,0.00,0,12,0.05,-27,-0.12,-1621,-1.62,2
1615,Entry short,2018-05-08 07:00,C0|S|MKT|15|v0.3.0-tier0|SPY,234.59,100,23459,0,0.00,0,12,0.05,-27,-0.12,-1621,-1.62,2
1616,Exit long,2018-05-10 08:00,TX30,238.8,100,23873,7,0.03,0,24,0.10,-9,-0.04,-1614,-1.61,2
1616,Entry long,2018-05-10 07:30,C0|L|MKT|15|v0.3.0-tier0|SPY,238.73,100,23873,7,0.03,0,24,0.10,-9,-0.04,-1614,-1.61,2
1617,Exit long,2018-05-11 07:30,TX30,240.41,100,24038,3,0.01,0,26,0.11,-12,-0.05,-1611,-1.61,2
1617,Entry long,2018-05-11 07:00,C0|L|MKT|15|v0.3.0-tier0|SPY,240.38,100,24038,3,0.01,0,26,0.11,-12,-0.05,-1611,-1.61,2
1618,Exit long,2018-05-14 07:30,TX30,241.44,100,24131,13,0.05,0,13,0.05,-29,-0.12,-1598,-1.60,2
1618,Entry long,2018-05-14 07:00,C0|L|MKT|15|v0.3.0-tier0|SPY,241.31,100,24131,13,0.05,0,13,0.05,-29,-0.12,-1598,-1.60,2
1619,Exit short,2018-05-15 07:30,TX30,238.69,100,23829,-40,-0.17,0,3,0.01,-62,-0.26,-1638,-1.64,2
1619,Entry short,2018-05-15 07:00,C0|S|MKT|15|v0.3.0-tier0|SPY,238.29,100,23829,-40,-0.17,0,3,0.01,-62,-0.26,-1638,-1.64,2
1620,Exit long,2018-05-16 07:30,TX30,239.36,100,23960,-24,-0.10,0,4,0.02,-47,-0.20,-1662,-1.66,2
1620,Entry long,2018-05-16 07:00,C0|L|MKT|15|v0.3.0-tier0|SPY,239.6,100,23960,-24,-0.10,0,4,0.02,-47,-0.20,-1662,-1.66,2
1621,Exit long,2018-05-17 07:45,TX30,240.64,100,24010,54,0.22,0,64,0.27,-5,-0.02,-1608,-1.61,2
1621,Entry long,2018-05-17 07:15,C0|L|MKT|15|v0.3.0-tier0|SPY,240.1,100,24010,54,0.22,0,64,0.27,-5,-0.02,-1608,-1.61,2
1622,Exit short,2018-05-22 07:45,TX30,241.17,100,24114,-3,-0.01,0,16,0.07,-19,-0.08,-1611,-1.61,2
1622,Entry short,2018-05-22 07:15,C0|S|MKT|15|v0.3.0-tier0|SPY,241.14,100,24114,-3,-0.01,0,16,0.07,-19,-0.08,-1611,-1.61,2
1623,Exit long,2018-05-23 07:45,TX30,239.28,100,23984,-56,-0.23,0,2,0.01,-67,-0.28,-1667,-1.67,2
1623,Entry long,2018-05-23 07:15,C0|L|MKT|15|v0.3.0-tier0|SPY,239.84,100,23984,-56,-0.23,0,2,0.01,-67,-0.28,-1667,-1.67,2
1624,Exit short,2018-05-24 07:30,TX30,239.31,100,23963,32,0.13,0,37,0.15,-35,-0.15,-1635,-1.63,2
1624,Entry short,2018-05-24 07:00,C0|S|MKT|15|v0.3.0-tier0|SPY,239.63,100,23963,32,0.13,0,37,0.15,-35,-0.15,-1635,-1.63,2
1625,Exit long,2018-05-25 08:00,TX30,240.18,100,24034,-16,-0.07,0,16,0.07,-39,-0.16,-1651,-1.65,2
1625,Entry long,2018-05-25 07:30,C0|L|MKT|15|v0.3.0-tier0|SPY,240.34,100,24034,-16,-0.07,0,16,0.07,-39,-0.16,-1651,-1.65,2
1626,Exit long,2018-05-29 07:30,TX30,238.75,100,23880,-5,-0.02,0,21,0.09,-29,-0.12,-1656,-1.66,2
1626,Entry long,2018-05-29 07:00,C0|L|MKT|15|v0.3.0-tier0|SPY,238.8,100,23880,-5,-0.02,0,21,0.09,-29,-0.12,-1656,-1.66,2
1627,Exit short,2018-05-30 07:30,TX30,238.75,100,23842,-33,-0.14,0,6,0.03,-52,-0.22,-1689,-1.69,2
1627,Entry short,2018-05-30 07:00,C0|S|MKT|15|v0.3.0-tier0|SPY,238.42,100,23842,-33,-0.14,0,6,0.03,-52,-0.22,-1689,-1.69,2
1628,Exit short,2018-05-31 08:00,TX30,239.06,100,23949,43,0.18,0,69,0.29,-15,-0.06,-1646,-1.65,2
1628,Entry short,2018-05-31 07:30,C0|S|MKT|15|v0.3.0-tier0|SPY,239.49,100,23949,43,0.18,0,69,0.29,-15,-0.06,-1646,-1.65,2
1629,Exit long,2018-06-01 08:00,TX30,240.86,100,24068,18,0.07,0,29,0.12,-26,-0.11,-1628,-1.63,2
1629,Entry long,2018-06-01 07:30,C0|L|MKT|15|v0.3.0-tier0|SPY,240.68,100,24068,18,0.07,0,29,0.12,-26,-0.11,-1628,-1.63,2
1630,Exit long,2018-06-05 07:30,TX30,242.73,100,24257,16,0.07,0,28,0.12,-3,-0.01,-1612,-1.61,2
1630,Entry long,2018-06-05 07:00,C0|L|MKT|15|v0.3.0-tier0|SPY,242.57,100,24257,16,0.07,0,28,0.12,-3,-0.01,-1612,-1.61,2
1631,Exit short,2018-06-06 07:30,TX30,242.79,100,24274,-5,-0.02,0,24,0.10,-13,-0.05,-1617,-1.62,2
1631,Entry short,2018-06-06 07:00,C0|S|MKT|15|v0.3.0-tier0|SPY,242.74,100,24274,-5,-0.02,0,24,0.10,-13,-0.05,-1617,-1.62,2
1632,Exit long,2018-06-07 07:30,TX30,244.61,100,24505,-44,-0.18,0,20,0.08,-49,-0.20,-1661,-1.66,2
1632,Entry long,2018-06-07 07:00,C0|L|MKT|15|v0.3.0-tier0|SPY,245.05,100,24505,-44,-0.18,0,20,0.08,-49,-0.20,-1661,-1.66,2
1633,Exit long,2018-06-08 07:30,TX30,244.13,100,24441,-28,-0.11,0,2,0.01,-34,-0.14,-1689,-1.69,2
1633,Entry long,2018-06-08 07:00,C0|L|MKT|15|v0.3.0-tier0|SPY,244.41,100,24441,-28,-0.11,0,2,0.01,-34,-0.14,-1689,-1.69,2
1634,Exit short,2018-06-12 07:30,TX30,245.62,100,24565,3,0.01,0,5,0.02,-27,-0.11,-1686,-1.69,2
1634,Entry short,2018-06-12 07:00,C0|S|MKT|15|v0.3.0-tier0|SPY,245.65,100,24565,3,0.01,0,5,0.02,-27,-0.11,-1686,-1.69,2
1635,Exit long,2018-06-13 08:00,TX30,246.09,100,24619,-10,-0.04,0,11,0.04,-19,-0.08,-1696,-1.70,2
1635,Entry long,2018-06-13 07:30,C0|L|MKT|15|v0.3.0-tier0|SPY,246.19,100,24619,-10,-0.04,0,11,0.04,-19,-0.08,-1696,-1.70,2
1636,Exit short,2018-06-14 07:30,TX30,246.02,100,24566,-36,-0.15,0,0,0.00,-55,-0.22,-1732,-1.73,2
1636,Entry short,2018-06-14 07:00,C0|S|MKT|15|v0.3.0-tier0|SPY,245.66,100,24566,-36,-0.15,0,0,0.00,-55,-0.22,-1732,-1.73,2
1637,Exit long,2018-06-18 07:30,TX30,243.97,100,24393,4,0.02,0,24,0.10,-17,-0.07,-1728,-1.73,2
1637,Entry long,2018-06-18 07:00,C0|L|MKT|15|v0.3.0-tier0|SPY,243.93,100,24393,4,0.02,0,24,0.10,-17,-0.07,-1728,-1.73,2
1638,Exit short,2018-06-19 08:00,TX30,243.01,100,24230,-71,-0.29,0,12,0.05,-95,-0.39,-1799,-1.80,2
1638,Entry short,2018-06-19 07:30,C0|S|MKT|15|v0.3.0-tier0|SPY,242.3,100,24230,-71,-0.29,0,12,0.05,-95,-0.39,-1799,-1.80,2
1639,Exit short,2018-06-20 07:45,TX30,244.27,100,24434,7,0.03,0,34,0.14,-7,-0.03,-1792,-1.79,2
1639,Entry short,2018-06-20 07:15,C0|S|MKT|15|v0.3.0-tier0|SPY,244.34,100,24434,7,0.03,0,34,0.14,-7,-0.03,-1792,-1.79,2
1640,Exit short,2018-06-21 07:30,TX30,242.92,100,24392,100,0.41,0,124,0.51,-1,0.00,-1692,-1.69,2
1640,Entry short,2018-06-21 07:00,C0|S|MKT|15|v0.3.0-tier0|SPY,243.92,100,24392,100,0.41,0,124,0.51,-1,0.00,-1692,-1.69,2
1641,Exit short,2018-06-22 07:30,TX30,243.41,100,24364,23,0.09,0,35,0.14,-38,-0.16,-1669,-1.67,2
1641,Entry short,2018-06-22 07:00,C0|S|MKT|15|v0.3.0-tier0|SPY,243.64,100,24364,23,0.09,0,35,0.14,-38,-0.16,-1669,-1.67,2
1642,Exit short,2018-06-25 07:30,TX30,240.5,100,24083,33,0.14,0,83,0.34,-17,-0.07,-1636,-1.64,2
1642,Entry short,2018-06-25 07:00,C0|S|MKT|15|v0.3.0-tier0|SPY,240.83,100,24083,33,0.14,0,83,0.34,-17,-0.07,-1636,-1.64,2
1643,Exit long,2018-06-27 07:30,TX30,241.91,100,24195,-4,-0.02,0,25,0.10,-26,-0.11,-1640,-1.64,2
1643,Entry long,2018-06-27 07:00,C0|L|MKT|15|v0.3.0-tier0|SPY,241.95,100,24195,-4,-0.02,0,25,0.10,-26,-0.11,-1640,-1.64,2
1644,Exit short,2018-06-28 07:45,TX30,238.59,100,23821,-38,-0.16,0,50,0.21,-48,-0.20,-1678,-1.68,2
1644,Entry short,2018-06-28 07:15,C0|S|MKT|15|v0.3.0-tier0|SPY,238.21,100,23821,-38,-0.16,0,50,0.21,-48,-0.20,-1678,-1.68,2
1645,Exit long,2018-07-02 07:30,TX30,239.29,100,23909,20,0.08,0,36,0.15,-38,-0.16,-1658,-1.66,2
1645,Entry long,2018-07-02 07:00,C0|L|MKT|15|v0.3.0-tier0|SPY,239.09,100,23909,20,0.08,0,36,0.15,-38,-0.16,-1658,-1.66,2
1646,Exit short,2018-07-05 07:30,TX30,240.53,100,24063,10,0.04,0,22,0.09,-34,-0.14,-1648,-1.65,2
1646,Entry short,2018-07-05 07:00,C0|S|MKT|15|v0.3.0-tier0|SPY,240.63,100,24063,10,0.04,0,22,0.09,-34,-0.14,-1648,-1.65,2
1647,Exit long,2018-07-06 07:30,TX30,242.6,100,24234,26,0.11,0,27,0.11,-13,-0.05,-1622,-1.62,2
1647,Entry long,2018-07-06 07:00,C0|L|MKT|15|v0.3.0-tier0|SPY,242.34,100,24234,26,0.11,0,27,0.11,-13,-0.05,-1622,-1.62,2
1648,Exit long,2018-07-10 08:00,TX30,246.92,100,24666,26,0.11,0,36,0.15,-1,0.00,-1596,-1.60,2
1648,Entry long,2018-07-10 07:30,C0|L|MKT|15|v0.3.0-tier0|SPY,246.66,100,24666,26,0.11,0,36,0.15,-1,0.00,-1596,-1.60,2
1649,Exit long,2018-07-11 08:00,TX30,245.9,100,24604,-14,-0.06,0,12,0.05,-44,-0.18,-1610,-1.61,2
1649,Entry long,2018-07-11 07:30,C0|L|MKT|15|v0.3.0-tier0|SPY,246.04,100,24604,-14,-0.06,0,12,0.05,-44,-0.18,-1610,-1.61,2
1650,Exit long,2018-07-12 08:00,TX30,246.43,100,24673,-30,-0.12,0,7,0.03,-45,-0.18,-1640,-1.64,2
1650,Entry long,2018-07-12 07:30,C0|L|MKT|15|v0.3.0-tier0|SPY,246.73,100,24673,-30,-0.12,0,7,0.03,-45,-0.18,-1640,-1.64,2
1651,Exit short,2018-07-13 07:30,TX30,247.2,100,24684,-36,-0.15,0,3,0.01,-43,-0.17,-1676,-1.68,2
1651,Entry short,2018-07-13 07:00,C0|S|MKT|15|v0.3.0-tier0|SPY,246.84,100,24684,-36,-0.15,0,3,0.01,-43,-0.17,-1676,-1.68,2
1652,Exit short,2018-07-16 07:45,TX30,247.2,100,24720,0,0.00,0,15,0.06,-26,-0.11,-1676,-1.68,2
1652,Entry short,2018-07-16 07:15,C0|S|MKT|15|v0.3.0-tier0|SPY,247.2,100,24720,0,0.00,0,15,0.06,-26,-0.11,-1676,-1.68,2
1653,Exit long,2018-07-17 07:30,TX30,247.22,100,24697,25,0.10,0,28,0.11,-2,-0.01,-1651,-1.65,2
1653,Entry long,2018-07-17 07:00,C0|L|MKT|15|v0.3.0-tier0|SPY,246.97,100,24697,25,0.10,0,28,0.11,-2,-0.01,-1651,-1.65,2
1654,Exit short,2018-07-18 07:45,TX30,248.19,100,24812,-7,-0.03,0,16,0.06,-19,-0.08,-1658,-1.66,2
1654,Entry short,2018-07-18 07:15,C0|S|MKT|15|v0.3.0-tier0|SPY,248.12,100,24812,-7,-0.03,0,16,0.06,-19,-0.08,-1658,-1.66,2
1655,Exit short,2018-07-19 07:30,TX30,247.82,100,24770,-12,-0.05,0,4,0.02,-39,-0.16,-1670,-1.67,2
1655,Entry short,2018-07-19 07:00,C0|S|MKT|15|v0.3.0-tier0|SPY,247.7,100,24770,-12,-0.05,0,4,0.02,-39,-0.16,-1670,-1.67,2
1656,Exit long,2018-07-20 07:30,TX30,247.99,100,24794,5,0.02,0,9,0.04,-23,-0.09,-1665,-1.67,2
1656,Entry long,2018-07-20 07:00,C0|L|MKT|15|v0.3.0-tier0|SPY,247.94,100,24794,5,0.02,0,9,0.04,-23,-0.09,-1665,-1.67,2
1657,Exit long,2018-07-24 08:00,TX30,249.93,100,25008,-15,-0.06,0,8,0.03,-20,-0.08,-1680,-1.68,2
1657,Entry long,2018-07-24 07:30,C0|L|MKT|15|v0.3.0-tier0|SPY,250.08,100,25008,-15,-0.06,0,8,0.03,-20,-0.08,-1680,-1.68,2
1658,Exit long,2018-07-25 07:30,TX30,249.37,100,24957,-20,-0.08,0,5,0.02,-41,-0.16,-1700,-1.70,2
1658,Entry long,2018-07-25 07:00,C0|L|MKT|15|v0.3.0-tier0|SPY,249.57,100,24957,-20,-0.08,0,5,0.02,-41,-0.16,-1700,-1.70,2
1659,Exit short,2018-07-27 07:30,TX30,250.53,100,25061,8,0.03,0,16,0.06,-21,-0.08,-1692,-1.69,2
1659,Entry short,2018-07-27 07:00,C0|S|MKT|15|v0.3.0-tier0|SPY,250.61,100,25061,8,0.03,0,16,0.06,-21,-0.08,-1692,-1.69,2
1660,Exit short,2018-07-30 07:45,TX30,248.63,100,24845,-18,-0.07,0,3,0.01,-50,-0.20,-1710,-1.71,2
1660,Entry short,2018-07-30 07:15,C0|S|MKT|15|v0.3.0-tier0|SPY,248.45,100,24845,-18,-0.07,0,3,0.01,-50,-0.20,-1710,-1.71,2
1661,Exit short,2018-07-31 07:30,TX30,248.38,100,24849,11,0.04,0,25,0.10,-44,-0.18,-1699,-1.70,2
1661,Entry short,2018-07-31 07:00,C0|S|MKT|15|v0.3.0-tier0|SPY,248.49,100,24849,11,0.04,0,25,0.10,-44,-0.18,-1699,-1.70,2
1662,Exit long,2018-08-01 07:45,TX30,249.73,100,24951,22,0.09,0,23,0.09,-10,-0.04,-1677,-1.68,2
1662,Entry long,2018-08-01 07:15,C0|L|MKT|15|v0.3.0-tier0|SPY,249.51,100,24951,22,0.09,0,23,0.09,-10,-0.04,-1677,-1.68,2
1663,Exit long,2018-08-02 07:30,TX30,248.39,100,24790,49,0.20,0,62,0.25,-4,-0.02,-1628,-1.63,2
1663,Entry long,2018-08-02 07:00,C0|L|MKT|15|v0.3.0-tier0|SPY,247.9,100,24790,49,0.20,0,62,0.25,-4,-0.02,-1628,-1.63,2
1664,Exit long,2018-08-03 08:00,TX30,250.34,100,25061,-27,-0.11,0,11,0.04,-35,-0.14,-1655,-1.65,2
1664,Entry long,2018-08-03 07:30,C0|L|MKT|15|v0.3.0-tier0|SPY,250.61,100,25061,-27,-0.11,0,11,0.04,-35,-0.14,-1655,-1.65,2
1665,Exit long,2018-08-06 07:30,TX30,251.12,100,25123,-11,-0.04,0,20,0.08,-18,-0.07,-1666,-1.67,2
1665,Entry long,2018-08-06 07:00,C0|L|MKT|15|v0.3.0-tier0|SPY,251.23,100,25123,-11,-0.04,0,20,0.08,-18,-0.07,-1666,-1.67,2
1666,Exit long,2018-08-07 07:45,TX30,253.01,100,25297,4,0.02,0,26,0.10,-18,-0.07,-1662,-1.66,2
1666,Entry long,2018-08-07 07:15,C0|L|MKT|15|v0.3.0-tier0|SPY,252.97,100,25297,4,0.02,0,26,0.10,-18,-0.07,-1662,-1.66,2
1667,Exit long,2018-08-09 08:00,TX30,252.99,100,25307,-8,-0.03,0,12,0.05,-10,-0.04,-1670,-1.67,2
1667,Entry long,2018-08-09 07:30,C0|L|MKT|15|v0.3.0-tier0|SPY,253.07,100,25307,-8,-0.03,0,12,0.05,-10,-0.04,-1670,-1.67,2
1668,Exit short,2018-08-10 07:30,TX30,250.87,100,25077,-10,-0.04,0,24,0.10,-42,-0.17,-1680,-1.68,2
1668,Entry short,2018-08-10 07:00,C0|S|MKT|15|v0.3.0-tier0|SPY,250.77,100,25077,-10,-0.04,0,24,0.10,-42,-0.17,-1680,-1.68,2
1669,Exit long,2018-08-13 07:30,TX30,251.43,100,25136,7,0.03,0,23,0.09,-12,-0.05,-1673,-1.67,2
1669,Entry long,2018-08-13 07:00,C0|L|MKT|15|v0.3.0-tier0|SPY,251.36,100,25136,7,0.03,0,23,0.09,-12,-0.05,-1673,-1.67,2
1670,Exit long,2018-08-14 08:00,TX30,251.22,100,25079,43,0.17,0,64,0.26,-7,-0.03,-1630,-1.63,2
1670,Entry long,2018-08-14 07:30,C0|L|MKT|15|v0.3.0-tier0|SPY,250.79,100,25079,43,0.17,0,64,0.26,-7,-0.03,-1630,-1.63,2
1671,Exit short,2018-08-15 07:30,TX30,248.35,100,24910,75,0.30,0,76,0.31,0,0.00,-1555,-1.55,2
1671,Entry short,2018-08-15 07:00,C0|S|MKT|15|v0.3.0-tier0|SPY,249.1,100,24910,75,0.30,0,76,0.31,0,0.00,-1555,-1.55,2
1672,Exit long,2018-08-16 08:00,TX30,251.4,100,25133,7,0.03,0,23,0.09,-4,-0.02,-1548,-1.55,2
1672,Entry long,2018-08-16 07:30,C0|L|MKT|15|v0.3.0-tier0|SPY,251.33,100,25133,7,0.03,0,23,0.09,-4,-0.02,-1548,-1.55,2
1673,Exit short,2018-08-17 07:45,TX30,251.02,100,25102,0,0.00,0,13,0.05,-23,-0.09,-1548,-1.55,2
1673,Entry short,2018-08-17 07:15,C0|S|MKT|15|v0.3.0-tier0|SPY,251.02,100,25102,0,0.00,0,13,0.05,-23,-0.09,-1548,-1.55,2
1674,Exit short,2018-08-20 07:30,TX30,252.69,100,25265,-4,-0.02,0,18,0.07,-30,-0.12,-1552,-1.55,2
1674,Entry short,2018-08-20 07:00,C0|S|MKT|15|v0.3.0-tier0|SPY,252.65,100,25265,-4,-0.02,0,18,0.07,-30,-0.12,-1552,-1.55,2
1675,Exit long,2018-08-21 07:30,TX30,253.82,100,25395,-13,-0.05,0,4,0.02,-23,-0.09,-1565,-1.57,2
1675,Entry long,2018-08-21 07:00,C0|L|MKT|15|v0.3.0-tier0|SPY,253.95,100,25395,-13,-0.05,0,4,0.02,-23,-0.09,-1565,-1.57,2
1676,Exit short,2018-08-22 07:30,TX30,253,100,25302,2,0.01,0,18,0.07,-34,-0.13,-1563,-1.56,2
1676,Entry short,2018-08-22 07:00,C0|S|MKT|15|v0.3.0-tier0|SPY,253.02,100,25302,2,0.01,0,18,0.07,-34,-0.13,-1563,-1.56,2
1677,Exit long,2018-08-23 07:30,TX30,253.98,100,25363,35,0.14,0,36,0.14,-6,-0.02,-1528,-1.53,2
1677,Entry long,2018-08-23 07:00,C0|L|MKT|15|v0.3.0-tier0|SPY,253.63,100,25363,35,0.14,0,36,0.14,-6,-0.02,-1528,-1.53,2
1678,Exit long,2018-08-24 08:00,TX30,254.29,100,25390,39,0.15,0,56,0.22,-1,0.00,-1489,-1.49,2
1678,Entry long,2018-08-24 07:30,C0|L|MKT|15|v0.3.0-tier0|SPY,253.9,100,25390,39,0.15,0,56,0.22,-1,0.00,-1489,-1.49,2
1679,Exit long,2018-08-27 07:30,TX30,256.4,100,25616,24,0.09,0,31,0.12,-7,-0.03,-1465,-1.46,2
1679,Entry long,2018-08-27 07:00,C0|L|MKT|15|v0.3.0-tier0|SPY,256.16,100,25616,24,0.09,0,31,0.12,-7,-0.03,-1465,-1.46,2
1680,Exit short,2018-08-28 07:45,TX30,256.7,100,25683,13,0.05,0,25,0.10,0,0.00,-1452,-1.45,2
1680,Entry short,2018-08-28 07:15,C0|S|MKT|15|v0.3.0-tier0|SPY,256.83,100,25683,13,0.05,0,25,0.10,0,0.00,-1452,-1.45,2
1681,Exit long,2018-08-29 08:00,TX30,257.53,100,25723,30,0.12,0,34,0.13,-2,-0.01,-1422,-1.42,2
1681,Entry long,2018-08-29 07:30,C0|L|MKT|15|v0.3.0-tier0|SPY,257.23,100,25723,30,0.12,0,34,0.13,-2,-0.01,-1422,-1.42,2
1682,Exit long,2018-08-31 07:30,TX30,257.17,100,25692,25,0.10,0,56,0.22,-1,0.00,-1397,-1.40,2
1682,Entry long,2018-08-31 07:00,C0|L|MKT|15|v0.3.0-tier0|SPY,256.92,100,25692,25,0.10,0,56,0.22,-1,0.00,-1397,-1.40,2
1683,Exit short,2018-09-05 07:30,TX30,255.41,100,25576,35,0.14,0,87,0.34,-14,-0.05,-1362,-1.36,2
1683,Entry short,2018-09-05 07:00,C0|S|MKT|15|v0.3.0-tier0|SPY,255.76,100,25576,35,0.14,0,87,0.34,-14,-0.05,-1362,-1.36,2
1684,Exit long,2018-09-06 07:30,TX30,255.57,100,25628,-71,-0.28,0,2,0.01,-115,-0.45,-1433,-1.43,2
1684,Entry long,2018-09-06 07:00,C0|L|MKT|15|v0.3.0-tier0|SPY,256.28,100,25628,-71,-0.28,0,2,0.01,-115,-0.45,-1433,-1.43,2
1685,Exit long,2018-09-07 07:30,TX30,255,100,25479,21,0.08,0,52,0.20,-11,-0.04,-1412,-1.41,2
1685,Entry long,2018-09-07 07:00,C0|L|MKT|15|v0.3.0-tier0|SPY,254.79,100,25479,21,0.08,0,52,0.20,-11,-0.04,-1412,-1.41,2
1686,Exit short,2018-09-10 07:45,TX30,255.46,100,25512,-34,-0.13,0,11,0.04,-36,-0.14,-1446,-1.45,2
1686,Entry short,2018-09-10 07:15,C0|S|MKT|15|v0.3.0-tier0|SPY,255.12,100,25512,-34,-0.13,0,11,0.04,-36,-0.14,-1446,-1.45,2
1687,Exit long,2018-09-11 07:30,TX30,255.24,100,25486,38,0.15,0,46,0.18,-8,-0.03,-1408,-1.41,2
1687,Entry long,2018-09-11 07:00,C0|L|MKT|15|v0.3.0-tier0|SPY,254.86,100,25486,38,0.15,0,46,0.18,-8,-0.03,-1408,-1.41,2
1688,Exit short,2018-09-12 07:45,TX30,255.53,100,25564,11,0.04,0,45,0.18,-4,-0.02,-1397,-1.40,2
1688,Entry short,2018-09-12 07:15,C0|S|MKT|15|v0.3.0-tier0|SPY,255.64,100,25564,11,0.04,0,45,0.18,-4,-0.02,-1397,-1.40,2
1689,Exit short,2018-09-14 07:45,TX30,257.73,100,25732,-41,-0.16,0,0,0.00,-44,-0.17,-1438,-1.44,2
1689,Entry short,2018-09-14 07:15,C0|S|MKT|15|v0.3.0-tier0|SPY,257.32,100,25732,-41,-0.16,0,0,0.00,-44,-0.17,-1438,-1.44,2
1690,Exit short,2018-09-17 08:00,TX30,256.59,100,25705,46,0.18,0,52,0.20,-5,-0.02,-1392,-1.39,2
1690,Entry short,2018-09-17 07:30,C0|S|MKT|15|v0.3.0-tier0|SPY,257.05,100,25705,46,0.18,0,52,0.20,-5,-0.02,-1392,-1.39,2
1691,Exit long,2018-09-18 08:00,TX30,257.47,100,25729,18,0.07,0,20,0.08,-24,-0.09,-1374,-1.37,2
1691,Entry long,2018-09-18 07:30,C0|L|MKT|15|v0.3.0-tier0|SPY,257.29,100,25729,18,0.07,0,20,0.08,-24,-0.09,-1374,-1.37,2
1692,Exit short,2018-09-19 07:45,TX30,257.86,100,25759,-27,-0.10,0,10,0.04,-31,-0.12,-1401,-1.40,2
1692,Entry short,2018-09-19 07:15,C0|S|MKT|15|v0.3.0-tier0|SPY,257.59,100,25759,-27,-0.10,0,10,0.04,-31,-0.12,-1401,-1.40,2
1693,Exit short,2018-09-21 08:00,TX30,260.19,100,26021,2,0.01,0,10,0.04,-14,-0.05,-1399,-1.40,2
1693,Entry short,2018-09-21 07:30,C0|S|MKT|15|v0.3.0-tier0|SPY,260.21,100,26021,2,0.01,0,10,0.04,-14,-0.05,-1399,-1.40,2
1694,Exit short,2018-09-24 08:00,TX30,258.67,100,25867,0,0.00,0,42,0.16,-16,-0.06,-1399,-1.40,2
1694,Entry short,2018-09-24 07:30,C0|S|MKT|15|v0.3.0-tier0|SPY,258.67,100,25867,0,0.00,0,42,0.16,-16,-0.06,-1399,-1.40,2
1695,Exit short,2018-09-25 07:30,TX30,258.95,100,25900,5,0.02,0,17,0.07,-14,-0.05,-1394,-1.39,2
1695,Entry short,2018-09-25 07:00,C0|S|MKT|15|v0.3.0-tier0|SPY,259,100,25900,5,0.02,0,17,0.07,-14,-0.05,-1394,-1.39,2
1696,Exit long,2018-09-27 07:30,TX30,259,100,25848,52,0.20,0,55,0.21,-1,0.00,-1342,-1.34,2
1696,Entry long,2018-09-27 07:00,C0|L|MKT|15|v0.3.0-tier0|SPY,258.48,100,25848,52,0.20,0,55,0.21,-1,0.00,-1342,-1.34,2
1697,Exit long,2018-09-28 08:00,TX30,258.82,100,25852,30,0.12,0,38,0.15,-10,-0.04,-1312,-1.31,2
1697,Entry long,2018-09-28 07:30,C0|L|MKT|15|v0.3.0-tier0|SPY,258.52,100,25852,30,0.12,0,38,0.15,-10,-0.04,-1312,-1.31,2
1698,Exit long,2018-10-01 07:30,TX30,260.42,100,26022,20,0.08,0,21,0.08,-8,-0.03,-1292,-1.29,2
1698,Entry long,2018-10-01 07:00,C0|L|MKT|15|v0.3.0-tier0|SPY,260.22,100,26022,20,0.08,0,21,0.08,-8,-0.03,-1292,-1.29,2
1699,Exit short,2018-10-03 07:30,TX30,260.53,100,26015,-38,-0.15,0,1,0.00,-62,-0.24,-1330,-1.33,2
1699,Entry short,2018-10-03 07:00,C0|S|MKT|15|v0.3.0-tier0|SPY,260.15,100,26015,-38,-0.15,0,1,0.00,-62,-0.24,-1330,-1.33,2
1700,Exit short,2018-10-04 07:45,TX30,257.64,100,25803,39,0.15,0,62,0.24,-5,-0.02,-1291,-1.29,2
1700,Entry short,2018-10-04 07:15,C0|S|MKT|15|v0.3.0-tier0|SPY,258.03,100,25803,39,0.15,0,62,0.24,-5,-0.02,-1291,-1.29,2
1701,Exit short,2018-10-05 07:45,TX30,257.35,100,25723,-12,-0.05,0,6,0.02,-56,-0.22,-1303,-1.30,2
1701,Entry short,2018-10-05 07:15,C0|S|MKT|15|v0.3.0-tier0|SPY,257.23,100,25723,-12,-0.05,0,6,0.02,-56,-0.22,-1303,-1.30,2
1702,Exit long,2018-10-08 07:30,TX30,256.17,100,25590,27,0.11,0,41,0.16,-5,-0.02,-1276,-1.28,2
1702,Entry long,2018-10-08 07:00,C0|L|MKT|15|v0.3.0-tier0|SPY,255.9,100,25590,27,0.11,0,41,0.16,-5,-0.02,-1276,-1.28,2
1703,Exit long,2018-10-09 07:30,TX30,256.59,100,25601,58,0.23,0,63,0.25,-32,-0.12,-1218,-1.22,2
1703,Entry long,2018-10-09 07:00,C0|L|MKT|15|v0.3.0-tier0|SPY,256.01,100,25601,58,0.23,0,63,0.25,-32,-0.12,-1218,-1.22,2
1704,Exit short,2018-10-10 07:30,TX30,253.22,100,25324,2,0.01,0,66,0.26,-28,-0.11,-1216,-1.22,2
1704,Entry short,2018-10-10 07:00,C0|S|MKT|15|v0.3.0-tier0|SPY,253.24,100,25324,2,0.01,0,66,0.26,-28,-0.11,-1216,-1.22,2
1705,Exit long,2018-10-11 07:30,TX30,246.58,100,24792,-134,-0.54,0,3,0.01,-195,-0.79,-1350,-1.35,2
1705,Entry long,2018-10-11 07:00,C0|L|MKT|15|v0.3.0-tier0|SPY,247.92,100,24792,-134,-0.54,0,3,0.01,-195,-0.79,-1350,-1.35,2
1706,Exit short,2018-10-12 08:00,TX30,245.59,100,24466,-93,-0.38,0,1,0.00,-138,-0.56,-1443,-1.44,2
1706,Entry short,2018-10-12 07:30,C0|S|MKT|15|v0.3.0-tier0|SPY,244.66,100,24466,-93,-0.38,0,1,0.00,-138,-0.56,-1443,-1.44,2
1707,Exit short,2018-10-15 07:45,TX30,244.78,100,24412,-66,-0.27,0,16,0.07,-105,-0.43,-1509,-1.51,2
1707,Entry short,2018-10-15 07:15,C0|S|MKT|15|v0.3.0-tier0|SPY,244.12,100,24412,-66,-0.27,0,16,0.07,-105,-0.43,-1509,-1.51,2
1708,Exit long,2018-10-16 07:30,TX30,246.25,100,24635,-10,-0.04,0,49,0.20,-11,-0.04,-1519,-1.52,2
1708,Entry long,2018-10-16 07:00,C0|L|MKT|15|v0.3.0-tier0|SPY,246.35,100,24635,-10,-0.04,0,49,0.20,-11,-0.04,-1519,-1.52,2
1709,Exit short,2018-10-17 07:30,TX30,248.07,100,24825,18,0.07,0,54,0.22,-31,-0.12,-1501,-1.50,2
1709,Entry short,2018-10-17 07:00,C0|S|MKT|15|v0.3.0-tier0|SPY,248.25,100,24825,18,0.07,0,54,0.22,-31,-0.12,-1501,-1.50,2
1710,Exit long,2018-10-19 07:30,TX30,247.73,100,24764,9,0.04,0,76,0.31,-7,-0.03,-1492,-1.49,2
1710,Entry long,2018-10-19 07:00,C0|L|MKT|15|v0.3.0-tier0|SPY,247.64,100,24764,9,0.04,0,76,0.31,-7,-0.03,-1492,-1.49,2
1711,Exit short,2018-10-22 07:30,TX30,244.26,100,24490,64,0.26,0,84,0.34,-12,-0.05,-1428,-1.43,2
1711,Entry short,2018-10-22 07:00,C0|S|MKT|15|v0.3.0-tier0|SPY,244.9,100,24490,64,0.26,0,84,0.34,-12,-0.05,-1428,-1.43,2
1712,Exit short,2018-10-23 07:45,TX30,239.75,100,23931,-44,-0.18,0,40,0.17,-65,-0.27,-1472,-1.47,2
1712,Entry short,2018-10-23 07:15,C0|S|MKT|15|v0.3.0-tier0|SPY,239.31,100,23931,-44,-0.18,0,40,0.17,-65,-0.27,-1472,-1.47,2
1713,Exit short,2018-10-24 07:30,TX30,242.08,100,24260,52,0.21,0,66,0.27,-30,-0.12,-1420,-1.42,2
1713,Entry short,2018-10-24 07:00,C0|S|MKT|15|v0.3.0-tier0|SPY,242.6,100,24260,52,0.21,0,66,0.27,-30,-0.12,-1420,-1.42,2
1714,Exit long,2018-10-25 07:30,TX30,238.99,100,23842,57,0.24,0,97,0.41,-26,-0.11,-1363,-1.36,2
1714,Entry long,2018-10-25 07:00,C0|L|MKT|15|v0.3.0-tier0|SPY,238.42,100,23842,57,0.24,0,97,0.41,-26,-0.11,-1363,-1.36,2
1715,Exit short,2018-10-26 07:45,TX30,234.1,100,23498,88,0.37,0,90,0.38,-111,-0.47,-1275,-1.27,2
1715,Entry short,2018-10-26 07:15,C0|S|MKT|15|v0.3.0-tier0|SPY,234.98,100,23498,88,0.37,0,90,0.38,-111,-0.47,-1275,-1.27,2
1716,Exit long,2018-10-29 07:45,TX30,239.29,100,23987,-58,-0.24,0,31,0.13,-72,-0.30,-1333,-1.33,2
1716,Entry long,2018-10-29 07:15,C0|L|MKT|15|v0.3.0-tier0|SPY,239.87,100,23987,-58,-0.24,0,31,0.13,-72,-0.30,-1333,-1.33,2
1717,Exit long,2018-10-30 07:30,TX30,236.47,100,23720,-73,-0.31,0,18,0.08,-98,-0.41,-1406,-1.41,2
1717,Entry long,2018-10-30 07:00,C0|L|MKT|15|v0.3.0-tier0|SPY,237.2,100,23720,-73,-0.31,0,18,0.08,-98,-0.41,-1406,-1.41,2
1718,Exit long,2018-10-31 07:30,TX30,241.92,100,24151,41,0.17,0,61,0.25,-43,-0.18,-1365,-1.36,2
1718,Entry long,2018-10-31 07:00,C0|L|MKT|15|v0.3.0-tier0|SPY,241.51,100,24151,41,0.17,0,61,0.25,-43,-0.18,-1365,-1.36,2
1719,Exit short,2018-11-01 07:30,TX30,241.75,100,24125,-50,-0.21,0,78,0.32,-77,-0.32,-1415,-1.41,2
1719,Entry short,2018-11-01 07:00,C0|S|MKT|15|v0.3.0-tier0|SPY,241.25,100,24125,-50,-0.21,0,78,0.32,-77,-0.32,-1415,-1.41,2
1720,Exit short,2018-11-02 07:45,TX30,242.15,100,24373,158,0.65,0,201,0.82,-28,-0.11,-1257,-1.26,2
1720,Entry short,2018-11-02 07:15,C0|S|MKT|15|v0.3.0-tier0|SPY,243.73,100,24373,158,0.65,0,201,0.82,-28,-0.11,-1257,-1.26,2
1721,Exit short,2018-11-05 07:30,TX30,241.71,100,24204,33,0.14,0,71,0.29,-8,-0.03,-1224,-1.22,2
1721,Entry short,2018-11-05 07:00,C0|S|MKT|15|v0.3.0-tier0|SPY,242.04,100,24204,33,0.14,0,71,0.29,-8,-0.03,-1224,-1.22,2
1722,Exit long,2018-11-06 07:30,TX30,243.94,100,24421,-27,-0.11,0,7,0.03,-36,-0.15,-1251,-1.25,2
1722,Entry long,2018-11-06 07:00,C0|L|MKT|15|v0.3.0-tier0|SPY,244.21,100,24421,-27,-0.11,0,7,0.03,-36,-0.15,-1251,-1.25,2
1723,Exit short,2018-11-07 07:30,TX30,247.22,100,24672,-50,-0.20,0,29,0.12,-55,-0.22,-1301,-1.30,2
1723,Entry short,2018-11-07 07:00,C0|S|MKT|15|v0.3.0-tier0|SPY,246.72,100,24672,-50,-0.20,0,29,0.12,-55,-0.22,-1301,-1.30,2
1724,Exit long,2018-11-08 07:30,TX30,249.28,100,24984,-56,-0.22,0,8,0.03,-69,-0.28,-1357,-1.36,2
1724,Entry long,2018-11-08 07:00,C0|L|MKT|15|v0.3.0-tier0|SPY,249.84,100,24984,-56,-0.22,0,8,0.03,-69,-0.28,-1357,-1.36,2
1725,Exit short,2018-11-09 07:45,TX30,247.59,100,24699,-60,-0.24,0,15,0.06,-78,-0.32,-1417,-1.42,2
1725,Entry short,2018-11-09 07:15,C0|S|MKT|15|v0.3.0-tier0|SPY,246.99,100,24699,-60,-0.24,0,15,0.06,-78,-0.32,-1417,-1.42,2
1726,Exit short,2018-11-12 07:30,TX30,245.26,100,24512,-14,-0.06,0,43,0.18,-30,-0.12,-1431,-1.43,2
1726,Entry short,2018-11-12 07:00,C0|S|MKT|15|v0.3.0-tier0|SPY,245.12,100,24512,-14,-0.06,0,43,0.18,-30,-0.12,-1431,-1.43,2
1727,Exit short,2018-11-13 08:00,TX30,243.17,100,24187,-130,-0.54,0,20,0.08,-139,-0.57,-1561,-1.56,2
1727,Entry short,2018-11-13 07:30,C0|S|MKT|15|v0.3.0-tier0|SPY,241.87,100,24187,-130,-0.54,0,20,0.08,-139,-0.57,-1561,-1.56,2
1728,Exit short,2018-11-14 07:45,TX30,242.78,100,24291,13,0.05,0,51,0.21,-6,-0.02,-1548,-1.55,2
1728,Entry short,2018-11-14 07:15,C0|S|MKT|15|v0.3.0-tier0|SPY,242.91,100,24291,13,0.05,0,51,0.21,-6,-0.02,-1548,-1.55,2
1729,Exit long,2018-11-16 07:30,TX30,242.68,100,24252,16,0.07,0,43,0.18,-36,-0.15,-1532,-1.53,2
1729,Entry long,2018-11-16 07:00,C0|L|MKT|15|v0.3.0-tier0|SPY,242.52,100,24252,16,0.07,0,43,0.18,-36,-0.15,-1532,-1.53,2
1730,Exit short,2018-11-19 07:30,TX30,241.23,100,24237,114,0.47,0,142,0.59,-3,-0.01,-1418,-1.42,2
1730,Entry short,2018-11-19 07:00,C0|S|MKT|15|v0.3.0-tier0|SPY,242.37,100,24237,114,0.47,0,142,0.59,-3,-0.01,-1418,-1.42,2
1731,Exit short,2018-11-20 07:30,TX30,235.69,100,23535,-34,-0.14,0,115,0.49,-48,-0.20,-1452,-1.45,2
1731,Entry short,2018-11-20 07:00,C0|S|MKT|15|v0.3.0-tier0|SPY,235.35,100,23535,-34,-0.14,0,115,0.49,-48,-0.20,-1452,-1.45,2
1732,Exit long,2018-11-21 08:00,TX30,236.74,100,23698,-24,-0.10,0,10,0.04,-70,-0.30,-1476,-1.48,2
1732,Entry long,2018-11-21 07:30,C0|L|MKT|15|v0.3.0-tier0|SPY,236.98,100,23698,-24,-0.10,0,10,0.04,-70,-0.30,-1476,-1.48,2
1733,Exit long,2018-11-23 07:30,TX30,234.4,100,23488,-48,-0.20,0,28,0.12,-58,-0.25,-1524,-1.52,2
1733,Entry long,2018-11-23 07:00,C0|L|MKT|15|v0.3.0-tier0|SPY,234.88,100,23488,-48,-0.20,0,28,0.12,-58,-0.25,-1524,-1.52,2
1734,Exit long,2018-11-26 07:30,TX30,237.23,100,23760,-37,-0.16,0,8,0.03,-59,-0.25,-1561,-1.56,2
1734,Entry long,2018-11-26 07:00,C0|L|MKT|15|v0.3.0-tier0|SPY,237.6,100,23760,-37,-0.16,0,8,0.03,-59,-0.25,-1561,-1.56,2
1735,Exit long,2018-11-27 07:45,TX30,237.29,100,23794,-65,-0.27,0,14,0.06,-88,-0.37,-1626,-1.63,2
1735,Entry long,2018-11-27 07:15,C0|L|MKT|15|v0.3.0-tier0|SPY,237.94,100,23794,-65,-0.27,0,14,0.06,-88,-0.37,-1626,-1.63,2
1736,Exit short,2018-11-28 07:30,TX30,239.06,100,23954,48,0.20,0,52,0.22,-28,-0.12,-1578,-1.58,2
1736,Entry short,2018-11-28 07:00,C0|S|MKT|15|v0.3.0-tier0|SPY,239.54,100,23954,48,0.20,0,52,0.22,-28,-0.12,-1578,-1.58,2
1737,Exit short,2018-11-29 08:00,TX30,242.62,100,24285,23,0.09,0,56,0.23,-95,-0.39,-1555,-1.55,2
1737,Entry short,2018-11-29 07:30,C0|S|MKT|15|v0.3.0-tier0|SPY,242.85,100,24285,23,0.09,0,56,0.23,-95,-0.39,-1555,-1.55,2
1738,Exit long,2018-11-30 07:30,TX30,243.93,100,24385,8,0.03,0,22,0.09,-21,-0.09,-1547,-1.55,2
1738,Entry long,2018-11-30 07:00,C0|L|MKT|15|v0.3.0-tier0|SPY,243.85,100,24385,8,0.03,0,22,0.09,-21,-0.09,-1547,-1.55,2
1739,Exit short,2018-12-03 07:30,TX30,248.65,100,24808,-57,-0.23,0,23,0.09,-72,-0.29,-1604,-1.60,2
1739,Entry short,2018-12-03 07:00,C0|S|MKT|15|v0.3.0-tier0|SPY,248.08,100,24808,-57,-0.23,0,23,0.09,-72,-0.29,-1604,-1.60,2
1740,Exit short,2018-12-04 07:30,TX30,246.87,100,24703,16,0.06,0,59,0.24,-20,-0.08,-1588,-1.59,2
1740,Entry short,2018-12-04 07:00,C0|S|MKT|15|v0.3.0-tier0|SPY,247.03,100,24703,16,0.06,0,59,0.24,-20,-0.08,-1588,-1.59,2
1741,Exit short,2018-12-06 07:30,TX30,236.45,100,23575,-70,-0.30,0,29,0.12,-93,-0.39,-1658,-1.66,2
1741,Entry short,2018-12-06 07:00,C0|S|MKT|15|v0.3.0-tier0|SPY,235.75,100,23575,-70,-0.30,0,29,0.12,-93,-0.39,-1658,-1.66,2
1742,Exit short,2018-12-07 07:45,TX30,238.18,100,23942,124,0.52,0,193,0.81,0,0.00,-1534,-1.53,2
1742,Entry short,2018-12-07 07:15,C0|S|MKT|15|v0.3.0-tier0|SPY,239.42,100,23942,124,0.52,0,193,0.81,0,0.00,-1534,-1.53,2
1743,Exit short,2018-12-10 07:30,TX30,233.32,100,23272,-60,-0.26,0,30,0.13,-142,-0.61,-1594,-1.59,2
1743,Entry short,2018-12-10 07:00,C0|S|MKT|15|v0.3.0-tier0|SPY,232.72,100,23272,-60,-0.26,0,30,0.13,-142,-0.61,-1594,-1.59,2
1744,Exit short,2018-12-11 07:30,TX30,237.97,100,23759,-38,-0.16,0,53,0.22,-62,-0.26,-1632,-1.63,2
1744,Entry short,2018-12-11 07:00,C0|S|MKT|15|v0.3.0-tier0|SPY,237.59,100,23759,-38,-0.16,0,53,0.22,-62,-0.26,-1632,-1.63,2
1745,Exit long,2018-12-12 07:45,TX30,237.66,100,23823,-57,-0.24,0,17,0.07,-95,-0.40,-1689,-1.69,2
1745,Entry long,2018-12-12 07:15,C0|L|MKT|15|v0.3.0-tier0|SPY,238.23,100,23823,-57,-0.24,0,17,0.07,-95,-0.40,-1689,-1.69,2
1746,Exit short,2018-12-13 07:30,TX30,236.88,100,23636,-52,-0.22,0,1,0.00,-154,-0.65,-1741,-1.74,2
1746,Entry short,2018-12-13 07:00,C0|S|MKT|15|v0.3.0-tier0|SPY,236.36,100,23636,-52,-0.22,0,1,0.00,-154,-0.65,-1741,-1.74,2
1747,Exit long,2018-12-14 07:30,TX30,233.95,100,23447,-52,-0.22,0,35,0.15,-52,-0.22,-1793,-1.79,2
1747,Entry long,2018-12-14 07:00,C0|L|MKT|15|v0.3.0-tier0|SPY,234.47,100,23447,-52,-0.22,0,35,0.15,-52,-0.22,-1793,-1.79,2
1748,Exit long,2018-12-18 07:30,TX30,228.97,100,22926,-29,-0.13,0,7,0.03,-79,-0.34,-1822,-1.82,2
1748,Entry long,2018-12-18 07:00,C0|L|MKT|15|v0.3.0-tier0|SPY,229.26,100,22926,-29,-0.13,0,7,0.03,-79,-0.34,-1822,-1.82,2
1749,Exit long,2018-12-19 07:30,TX30,228.94,100,22849,45,0.20,0,58,0.25,-3,-0.01,-1777,-1.78,2
1749,Entry long,2018-12-19 07:00,C0|L|MKT|15|v0.3.0-tier0|SPY,228.49,100,22849,45,0.20,0,58,0.25,-3,-0.01,-1777,-1.78,2
1750,Exit long,2018-12-20 07:45,TX30,223.53,100,22334,19,0.09,0,37,0.17,-110,-0.49,-1758,-1.76,2
1750,Entry long,2018-12-20 07:15,C0|L|MKT|15|v0.3.0-tier0|SPY,223.34,100,22334,19,0.09,0,37,0.17,-110,-0.49,-1758,-1.76,2
1751,Exit long,2018-12-21 07:45,TX30,221.5,100,22222,-72,-0.32,0,116,0.52,-80,-0.36,-1830,-1.83,2
1751,Entry long,2018-12-21 07:15,C0|L|MKT|15|v0.3.0-tier0|SPY,222.22,100,22222,-72,-0.32,0,116,0.52,-80,-0.36,-1830,-1.83,2
1752,Exit short,2018-12-24 07:30,TX30,212.62,100,21235,-27,-0.13,0,132,0.62,-55,-0.26,-1857,-1.86,2
1752,Entry short,2018-12-24 07:00,C0|S|MKT|15|v0.3.0-tier0|SPY,212.35,100,21235,-27,-0.13,0,132,0.62,-55,-0.26,-1857,-1.86,2
1753,Exit short,2018-12-26 07:30,TX30,210.36,100,21075,39,0.19,0,137,0.65,-32,-0.15,-1818,-1.82,2
1753,Entry short,2018-12-26 07:00,C0|S|MKT|15|v0.3.0-tier0|SPY,210.75,100,21075,39,0.19,0,137,0.65,-32,-0.15,-1818,-1.82,2
1754,Exit short,2018-12-27 07:30,TX30,215.59,100,21647,88,0.41,0,122,0.56,-87,-0.40,-1730,-1.73,2
1754,Entry short,2018-12-27 07:00,C0|S|MKT|15|v0.3.0-tier0|SPY,216.47,100,21647,88,0.41,0,122,0.56,-87,-0.40,-1730,-1.73,2
1755,Exit short,2018-12-28 08:00,TX30,221.46,100,22151,5,0.02,0,104,0.47,-76,-0.34,-1725,-1.72,2
1755,Entry short,2018-12-28 07:30,C0|S|MKT|15|v0.3.0-tier0|SPY,221.51,100,22151,5,0.02,0,104,0.47,-76,-0.34,-1725,-1.72,2
1756,Exit short,2018-12-31 07:45,TX30,222.58,100,22285,27,0.12,0,51,0.23,-21,-0.09,-1698,-1.70,2
1756,Entry short,2018-12-31 07:15,C0|S|MKT|15|v0.3.0-tier0|SPY,222.85,100,22285,27,0.12,0,51,0.23,-21,-0.09,-1698,-1.70,2
1757,Exit long,2019-01-02 07:30,TX30,221.69,100,22112,57,0.26,0,136,0.62,-49,-0.22,-1641,-1.64,2
1757,Entry long,2019-01-02 07:00,C0|L|MKT|15|v0.3.0-tier0|SPY,221.12,100,22112,57,0.26,0,136,0.62,-49,-0.22,-1641,-1.64,2
1758,Exit short,2019-01-03 07:30,TX30,219.73,100,22112,139,0.63,0,217,0.98,-2,-0.01,-1502,-1.50,2
1758,Entry short,2019-01-03 07:00,C0|S|MKT|15|v0.3.0-tier0|SPY,221.12,100,22112,139,0.63,0,217,0.98,-2,-0.01,-1502,-1.50,2
1759,Exit long,2019-01-04 07:30,TX30,224.48,100,22284,164,0.74,0,166,0.74,-96,-0.43,-1338,-1.34,2
1759,Entry long,2019-01-04 07:00,C0|L|MKT|15|v0.3.0-tier0|SPY,222.84,100,22284,164,0.74,0,166,0.74,-96,-0.43,-1338,-1.34,2
1760,Exit long,2019-01-07 08:00,TX30,227.14,100,22629,85,0.38,0,111,0.49,0,0.00,-1253,-1.25,2
1760,Entry long,2019-01-07 07:30,C0|L|MKT|15|v0.3.0-tier0|SPY,226.29,100,22629,85,0.38,0,111,0.49,0,0.00,-1253,-1.25,2
1761,Exit short,2019-01-08 07:30,TX30,228.49,100,22921,72,0.31,0,110,0.48,-42,-0.18,-1181,-1.18,2
1761,Entry short,2019-01-08 07:00,C0|S|MKT|15|v0.3.0-tier0|SPY,229.21,100,22921,72,0.31,0,110,0.48,-42,-0.18,-1181,-1.18,2
1762,Exit long,2019-01-09 07:30,TX30,230.65,100,23086,-21,-0.09,0,20,0.09,-56,-0.24,-1202,-1.20,2
1762,Entry long,2019-01-09 07:00,C0|L|MKT|15|v0.3.0-tier0|SPY,230.86,100,23086,-21,-0.09,0,20,0.09,-56,-0.24,-1202,-1.20,2
1763,Exit long,2019-01-10 08:00,TX30,230.42,100,23000,42,0.18,0,44,0.19,-17,-0.07,-1160,-1.16,2
1763,Entry long,2019-01-10 07:30,C0|L|MKT|15|v0.3.0-tier0|SPY,230,100,23000,42,0.18,0,44,0.19,-17,-0.07,-1160,-1.16,2
1764,Exit short,2019-01-11 08:00,TX30,230.93,100,23009,-84,-0.37,0,12,0.05,-86,-0.37,-1244,-1.24,2
1764,Entry short,2019-01-11 07:30,C0|S|MKT|15|v0.3.0-tier0|SPY,230.09,100,23009,-84,-0.37,0,12,0.05,-86,-0.37,-1244,-1.24,2
1765,Exit long,2019-01-14 07:45,TX30,230.72,100,23051,21,0.09,0,27,0.12,-31,-0.13,-1223,-1.22,2
1765,Entry long,2019-01-14 07:15,C0|L|MKT|15|v0.3.0-tier0|SPY,230.51,100,23051,21,0.09,0,27,0.12,-31,-0.13,-1223,-1.22,2
1766,Exit long,2019-01-16 07:30,TX30,233.82,100,23386,-4,-0.02,0,28,0.12,-7,-0.03,-1227,-1.23,2
1766,Entry long,2019-01-16 07:00,C0|L|MKT|15|v0.3.0-tier0|SPY,233.86,100,23386,-4,-0.02,0,28,0.12,-7,-0.03,-1227,-1.23,2
1767,Exit long,2019-01-17 07:30,TX30,233.58,100,23353,5,0.02,0,19,0.08,-45,-0.19,-1222,-1.22,2
1767,Entry long,2019-01-17 07:00,C0|L|MKT|15|v0.3.0-tier0|SPY,233.53,100,23353,5,0.02,0,19,0.08,-45,-0.19,-1222,-1.22,2
1768,Exit short,2019-01-22 07:30,TX30,236.26,100,23653,27,0.11,0,77,0.33,0,0.00,-1195,-1.19,2
1768,Entry short,2019-01-22 07:00,C0|S|MKT|15|v0.3.0-tier0|SPY,236.53,100,23653,27,0.11,0,77,0.33,0,0.00,-1195,-1.19,2
1769,Exit short,2019-01-23 08:00,TX30,235.16,100,23576,60,0.25,0,78,0.33,-14,-0.06,-1135,-1.13,2
1769,Entry short,2019-01-23 07:30,C0|S|MKT|15|v0.3.0-tier0|SPY,235.76,100,23576,60,0.25,0,78,0.33,-14,-0.06,-1135,-1.13,2
1770,Exit long,2019-01-24 07:45,TX30,235.85,100,23590,-5,-0.02,0,43,0.18,-11,-0.05,-1140,-1.14,2
1770,Entry long,2019-01-24 07:15,C0|L|MKT|15|v0.3.0-tier0|SPY,235.9,100,23590,-5,-0.02,0,43,0.18,-11,-0.05,-1140,-1.14,2
1771,Exit long,2019-01-25 07:30,TX30,238.07,100,23769,38,0.16,0,51,0.21,-1,0.00,-1102,-1.10,2
1771,Entry long,2019-01-25 07:00,C0|L|MKT|15|v0.3.0-tier0|SPY,237.69,100,23769,38,0.16,0,51,0.21,-1,0.00,-1102,-1.10,2
1772,Exit short,2019-01-28 07:45,TX30,235.64,100,23478,-86,-0.37,0,4,0.02,-93,-0.40,-1188,-1.19,2
1772,Entry short,2019-01-28 07:15,C0|S|MKT|15|v0.3.0-tier0|SPY,234.78,100,23478,-86,-0.37,0,4,0.02,-93,-0.40,-1188,-1.19,2
1773,Exit long,2019-01-29 07:30,TX30,236.33,100,23635,-2,-0.01,0,30,0.13,-72,-0.30,-1190,-1.19,2
1773,Entry long,2019-01-29 07:00,C0|L|MKT|15|v0.3.0-tier0|SPY,236.35,100,23635,-2,-0.01,0,30,0.13,-72,-0.30,-1190,-1.19,2
1774,Exit short,2019-01-30 07:30,TX30,236.85,100,23666,-19,-0.08,0,27,0.11,-21,-0.09,-1209,-1.21,2
1774,Entry short,2019-01-30 07:00,C0|S|MKT|15|v0.3.0-tier0|SPY,236.66,100,23666,-19,-0.08,0,27,0.11,-21,-0.09,-1209,-1.21,2
1775,Exit long,2019-01-31 07:30,TX30,240.69,100,23970,99,0.41,0,103,0.43,-6,-0.03,-1110,-1.11,2
1775,Entry long,2019-01-31 07:00,C0|L|MKT|15|v0.3.0-tier0|SPY,239.7,100,23970,99,0.41,0,103,0.43,-6,-0.03,-1110,-1.11,2
1776,Exit short,2019-02-01 07:30,TX30,242.43,100,24114,-129,-0.53,0,0,0.00,-147,-0.61,-1239,-1.24,2
1776,Entry short,2019-02-01 07:00,C0|S|MKT|15|v0.3.0-tier0|SPY,241.14,100,24114,-129,-0.53,0,0,0.00,-147,-0.61,-1239,-1.24,2
1777,Exit long,2019-02-05 07:30,TX30,244.1,100,24405,5,0.02,0,18,0.07,-26,-0.11,-1234,-1.23,2
1777,Entry long,2019-02-05 07:00,C0|L|MKT|15|v0.3.0-tier0|SPY,244.05,100,24405,5,0.02,0,18,0.07,-26,-0.11,-1234,-1.23,2
1778,Exit short,2019-02-06 07:45,TX30,243.99,100,24341,-58,-0.24,0,16,0.07,-64,-0.26,-1292,-1.29,2
1778,Entry short,2019-02-06 07:15,C0|S|MKT|15|v0.3.0-tier0|SPY,243.41,100,24341,-58,-0.24,0,16,0.07,-64,-0.26,-1292,-1.29,2
1779,Exit long,2019-02-07 08:00,TX30,241.42,100,24269,-127,-0.52,0,22,0.09,-128,-0.53,-1419,-1.42,2
1779,Entry long,2019-02-07 07:30,C0|L|MKT|15|v0.3.0-tier0|SPY,242.69,100,24269,-127,-0.52,0,22,0.09,-128,-0.53,-1419,-1.42,2
1780,Exit short,2019-02-08 07:30,TX30,240.22,100,24028,6,0.02,0,45,0.19,-32,-0.13,-1413,-1.41,2
1780,Entry short,2019-02-08 07:00,C0|S|MKT|15|v0.3.0-tier0|SPY,240.28,100,24028,6,0.02,0,45,0.19,-32,-0.13,-1413,-1.41,2
1781,Exit short,2019-02-11 07:30,TX30,242.11,100,24222,11,0.05,0,28,0.12,-33,-0.14,-1402,-1.40,2
1781,Entry short,2019-02-11 07:00,C0|S|MKT|15|v0.3.0-tier0|SPY,242.22,100,24222,11,0.05,0,28,0.12,-33,-0.14,-1402,-1.40,2
1782,Exit long,2019-02-12 07:30,TX30,244.23,100,24424,-1,0.00,0,23,0.09,-13,-0.05,-1403,-1.40,2
1782,Entry long,2019-02-12 07:00,C0|L|MKT|15|v0.3.0-tier0|SPY,244.24,100,24424,-1,0.00,0,23,0.09,-13,-0.05,-1403,-1.40,2
1783,Exit long,2019-02-14 07:45,TX30,245.02,100,24513,-11,-0.04,0,57,0.23,-54,-0.22,-1414,-1.41,2
1783,Entry long,2019-02-14 07:15,C0|L|MKT|15|v0.3.0-tier0|SPY,245.13,100,24513,-11,-0.04,0,57,0.23,-54,-0.22,-1414,-1.41,2
1784,Exit long,2019-02-19 07:30,TX30,248.27,100,24810,17,0.07,0,26,0.10,-8,-0.03,-1397,-1.40,2
1784,Entry long,2019-02-19 07:00,C0|L|MKT|15|v0.3.0-tier0|SPY,248.1,100,24810,17,0.07,0,26,0.10,-8,-0.03,-1397,-1.40,2
1785,Exit long,2019-02-20 07:30,TX30,248.85,100,24871,14,0.06,0,18,0.07,-24,-0.10,-1383,-1.38,2
1785,Entry long,2019-02-20 07:00,C0|L|MKT|15|v0.3.0-tier0|SPY,248.71,100,24871,14,0.06,0,18,0.07,-24,-0.10,-1383,-1.38,2
1786,Exit short,2019-02-21 07:30,TX30,247.82,100,24803,21,0.08,0,37,0.15,-21,-0.08,-1362,-1.36,2
1786,Entry short,2019-02-21 07:00,C0|S|MKT|15|v0.3.0-tier0|SPY,248.03,100,24803,21,0.08,0,37,0.15,-21,-0.08,-1362,-1.36,2
1787,Exit long,2019-02-22 07:30,TX30,249.07,100,24910,-3,-0.01,0,16,0.06,-14,-0.06,-1365,-1.36,2
1787,Entry long,2019-02-22 07:00,C0|L|MKT|15|v0.3.0-tier0|SPY,249.1,100,24910,-3,-0.01,0,16,0.06,-14,-0.06,-1365,-1.36,2
1788,Exit short,2019-02-25 07:30,TX30,251.01,100,25104,3,0.01,0,16,0.06,-33,-0.13,-1362,-1.36,2
1788,Entry short,2019-02-25 07:00,C0|S|MKT|15|v0.3.0-tier0|SPY,251.04,100,25104,3,0.01,0,16,0.06,-33,-0.13,-1362,-1.36,2
1789,Exit long,2019-02-26 07:45,TX30,250.17,100,25024,-7,-0.03,0,21,0.08,-13,-0.05,-1369,-1.37,2
1789,Entry long,2019-02-26 07:15,C0|L|MKT|15|v0.3.0-tier0|SPY,250.24,100,25024,-7,-0.03,0,21,0.08,-13,-0.05,-1369,-1.37,2
1790,Exit short,2019-02-27 07:45,TX30,248.92,100,24858,-34,-0.14,0,34,0.14,-38,-0.15,-1403,-1.40,2
1790,Entry short,2019-02-27 07:15,C0|S|MKT|15|v0.3.0-tier0|SPY,248.58,100,24858,-34,-0.14,0,34,0.14,-38,-0.15,-1403,-1.40,2
1791,Exit short,2019-03-01 07:45,TX30,250.43,100,25068,25,0.10,0,62,0.25,0,0.00,-1378,-1.38,2
1791,Entry short,2019-03-01 07:15,C0|S|MKT|15|v0.3.0-tier0|SPY,250.68,100,25068,25,0.10,0,62,0.25,0,0.00,-1378,-1.38,2
1792,Exit short,2019-03-04 07:45,TX30,251.51,100,25158,7,0.03,0,20,0.08,-34,-0.14,-1371,-1.37,2
1792,Entry short,2019-03-04 07:15,C0|S|MKT|15|v0.3.0-tier0|SPY,251.58,100,25158,7,0.03,0,20,0.08,-34,-0.14,-1371,-1.37,2
1793,Exit short,2019-03-05 07:30,TX30,249.4,100,24934,-6,-0.02,0,15,0.06,-61,-0.24,-1377,-1.38,2
1793,Entry short,2019-03-05 07:00,C0|S|MKT|15|v0.3.0-tier0|SPY,249.34,100,24934,-6,-0.02,0,15,0.06,-61,-0.24,-1377,-1.38,2
1794,Exit short,2019-03-06 07:30,TX30,248.72,100,24917,45,0.18,0,48,0.19,-17,-0.07,-1332,-1.33,2
1794,Entry short,2019-03-06 07:00,C0|S|MKT|15|v0.3.0-tier0|SPY,249.17,100,24917,45,0.18,0,48,0.19,-17,-0.07,-1332,-1.33,2
1795,Exit short,2019-03-07 07:30,TX30,246.04,100,24625,21,0.09,0,81,0.33,-8,-0.03,-1311,-1.31,2
1795,Entry short,2019-03-07 07:00,C0|S|MKT|15|v0.3.0-tier0|SPY,246.25,100,24625,21,0.09,0,81,0.33,-8,-0.03,-1311,-1.31,2
1796,Exit long,2019-03-11 07:30,TX30,247.56,100,24716,40,0.16,0,46,0.19,-3,-0.01,-1271,-1.27,2
1796,Entry long,2019-03-11 07:00,C0|L|MKT|15|v0.3.0-tier0|SPY,247.16,100,24716,40,0.16,0,46,0.19,-3,-0.01,-1271,-1.27,2
1797,Exit long,2019-03-12 08:00,TX30,250.25,100,25015,10,0.04,0,32,0.13,-9,-0.04,-1261,-1.26,2
1797,Entry long,2019-03-12 07:30,C0|L|MKT|15|v0.3.0-tier0|SPY,250.15,100,25015,10,0.04,0,32,0.13,-9,-0.04,-1261,-1.26,2
1798,Exit long,2019-03-13 07:30,TX30,251.27,100,25126,1,0.00,0,25,0.10,-6,-0.02,-1260,-1.26,2
1798,Entry long,2019-03-13 07:00,C0|L|MKT|15|v0.3.0-tier0|SPY,251.26,100,25126,1,0.00,0,25,0.10,-6,-0.02,-1260,-1.26,2
1799,Exit short,2019-03-14 07:45,TX30,251.53,100,25121,-32,-0.13,0,0,0.00,-55,-0.22,-1292,-1.29,2
1799,Entry short,2019-03-14 07:15,C0|S|MKT|15|v0.3.0-tier0|SPY,251.21,100,25121,-32,-0.13,0,0,0.00,-55,-0.22,-1292,-1.29,2
1800,Exit long,2019-03-15 07:30,TX30,252.29,100,25233,-4,-0.02,0,6,0.02,-45,-0.18,-1296,-1.30,2
1800,Entry long,2019-03-15 07:00,C0|L|MKT|15|v0.3.0-tier0|SPY,252.33,100,25233,-4,-0.02,0,6,0.02,-45,-0.18,-1296,-1.30,2
1801,Exit long,2019-03-18 07:30,TX30,253.71,100,25378,-7,-0.03,0,16,0.06,-26,-0.10,-1303,-1.30,2
1801,Entry long,2019-03-18 07:00,C0|L|MKT|15|v0.3.0-tier0|SPY,253.78,100,25378,-7,-0.03,0,16,0.06,-26,-0.10,-1303,-1.30,2
1802,Exit short,2019-03-19 07:30,TX30,254.52,100,25443,-9,-0.04,0,0,0.00,-56,-0.22,-1312,-1.31,2
1802,Entry short,2019-03-19 07:00,C0|S|MKT|15|v0.3.0-tier0|SPY,254.43,100,25443,-9,-0.04,0,0,0.00,-56,-0.22,-1312,-1.31,2
1803,Exit short,2019-03-20 07:30,TX30,252.89,100,25275,-14,-0.06,0,19,0.08,-44,-0.17,-1326,-1.33,2
1803,Entry short,2019-03-20 07:00,C0|S|MKT|15|v0.3.0-tier0|SPY,252.75,100,25275,-14,-0.06,0,19,0.08,-44,-0.17,-1326,-1.33,2
1804,Exit long,2019-03-21 07:30,TX30,253.95,100,25349,46,0.18,0,53,0.21,-2,-0.01,-1280,-1.28,2
1804,Entry long,2019-03-21 07:00,C0|L|MKT|15|v0.3.0-tier0|SPY,253.49,100,25349,46,0.18,0,53,0.21,-2,-0.01,-1280,-1.28,2
1805,Exit short,2019-03-22 07:30,TX30,253.5,100,25332,-18,-0.07,0,12,0.05,-96,-0.38,-1298,-1.30,2
1805,Entry short,2019-03-22 07:00,C0|S|MKT|15|v0.3.0-tier0|SPY,253.32,100,25332,-18,-0.07,0,12,0.05,-96,-0.38,-1298,-1.30,2
1806,Exit short,2019-03-25 07:30,TX30,250.08,100,24979,-29,-0.12,0,25,0.10,-40,-0.16,-1327,-1.33,2
1806,Entry short,2019-03-25 07:00,C0|S|MKT|15|v0.3.0-tier0|SPY,249.79,100,24979,-29,-0.12,0,25,0.10,-40,-0.16,-1327,-1.33,2
1807,Exit long,2019-03-26 07:30,TX30,253.11,100,25336,-25,-0.10,0,6,0.02,-53,-0.21,-1352,-1.35,2
1807,Entry long,2019-03-26 07:00,C0|L|MKT|15|v0.3.0-tier0|SPY,253.36,100,25336,-25,-0.10,0,6,0.02,-53,-0.21,-1352,-1.35,2
1808,Exit short,2019-03-27 07:30,TX30,252.76,100,25219,-57,-0.23,0,18,0.07,-79,-0.31,-1409,-1.41,2
1808,Entry short,2019-03-27 07:00,C0|S|MKT|15|v0.3.0-tier0|SPY,252.19,100,25219,-57,-0.23,0,18,0.07,-79,-0.31,-1409,-1.41,2
1809,Exit long,2019-03-28 07:45,TX30,252.35,100,25237,-2,-0.01,0,29,0.11,-17,-0.07,-1411,-1.41,2
1809,Entry long,2019-03-28 07:15,C0|L|MKT|15|v0.3.0-tier0|SPY,252.37,100,25237,-2,-0.01,0,29,0.11,-17,-0.07,-1411,-1.41,2
1810,Exit short,2019-04-03 07:45,TX30,257.98,100,25762,-36,-0.14,0,3,0.01,-48,-0.19,-1447,-1.45,2
1810,Entry short,2019-04-03 07:15,C0|S|MKT|15|v0.3.0-tier0|SPY,257.62,100,25762,-36,-0.14,0,3,0.01,-48,-0.19,-1447,-1.45,2
1811,Exit long,2019-04-04 07:30,TX30,257.61,100,25817,-56,-0.22,0,9,0.03,-58,-0.22,-1503,-1.50,2
1811,Entry long,2019-04-04 07:00,C0|L|MKT|15|v0.3.0-tier0|SPY,258.17,100,25817,-56,-0.22,0,9,0.03,-58,-0.22,-1503,-1.50,2
1812,Exit long,2019-04-05 07:30,TX30,258.98,100,25894,4,0.02,0,23,0.09,-4,-0.02,-1499,-1.50,2
1812,Entry long,2019-04-05 07:00,C0|L|MKT|15|v0.3.0-tier0|SPY,258.94,100,25894,4,0.02,0,23,0.09,-4,-0.02,-1499,-1.50,2
1813,Exit short,2019-04-10 07:45,TX30,258.4,100,25831,-9,-0.03,0,14,0.05,-17,-0.07,-1508,-1.51,2
1813,Entry short,2019-04-10 07:15,C0|S|MKT|15|v0.3.0-tier0|SPY,258.31,100,25831,-9,-0.03,0,14,0.05,-17,-0.07,-1508,-1.51,2
1814,Exit short,2019-04-15 07:30,TX30,260.14,100,26041,27,0.10,0,27,0.10,-11,-0.04,-1481,-1.48,2
1814,Entry short,2019-04-15 07:00,C0|S|MKT|15|v0.3.0-tier0|SPY,260.41,100,26041,27,0.10,0,27,0.10,-11,-0.04,-1481,-1.48,2
1815,Exit short,2019-04-16 07:30,TX30,261.08,100,26116,8,0.03,0,22,0.08,-15,-0.06,-1473,-1.47,2
1815,Entry short,2019-04-16 07:00,C0|S|MKT|15|v0.3.0-tier0|SPY,261.16,100,26116,8,0.03,0,22,0.08,-15,-0.06,-1473,-1.47,2
1816,Exit short,2019-04-17 07:30,TX30,260.74,100,26068,-6,-0.02,0,49,0.19,-7,-0.03,-1479,-1.48,2
1816,Entry short,2019-04-17 07:00,C0|S|MKT|15|v0.3.0-tier0|SPY,260.68,100,26068,-6,-0.02,0,49,0.19,-7,-0.03,-1479,-1.48,2
1817,Exit short,2019-04-18 07:30,TX30,259.64,100,26004,40,0.15,0,51,0.20,-4,-0.02,-1439,-1.44,2
1817,Entry short,2019-04-18 07:00,C0|S|MKT|15|v0.3.0-tier0|SPY,260.04,100,26004,40,0.15,0,51,0.20,-4,-0.02,-1439,-1.44,2
1818,Exit long,2019-04-22 07:30,TX30,260.38,100,26046,-8,-0.03,0,17,0.07,-30,-0.12,-1447,-1.45,2
1818,Entry long,2019-04-22 07:00,C0|L|MKT|15|v0.3.0-tier0|SPY,260.46,100,26046,-8,-0.03,0,17,0.07,-30,-0.12,-1447,-1.45,2
1819,Exit long,2019-04-23 07:45,TX30,262.02,100,26183,19,0.07,0,20,0.08,-22,-0.08,-1428,-1.43,2
1819,Entry long,2019-04-23 07:15,C0|L|MKT|15|v0.3.0-tier0|SPY,261.83,100,26183,19,0.07,0,20,0.08,-22,-0.08,-1428,-1.43,2
1820,Exit long,2019-04-24 08:00,TX30,263.35,100,26318,17,0.06,0,17,0.06,-19,-0.07,-1411,-1.41,2
1820,Entry long,2019-04-24 07:30,C0|L|MKT|15|v0.3.0-tier0|SPY,263.18,100,26318,17,0.06,0,17,0.06,-19,-0.07,-1411,-1.41,2
1821,Exit short,2019-04-25 07:45,TX30,261.79,100,26150,-29,-0.11,0,27,0.10,-30,-0.11,-1440,-1.44,2
1821,Entry short,2019-04-25 07:15,C0|S|MKT|15|v0.3.0-tier0|SPY,261.5,100,26150,-29,-0.11,0,27,0.10,-30,-0.11,-1440,-1.44,2
1822,Exit short,2019-04-30 08:00,TX30,263.11,100,26324,13,0.05,0,13,0.05,-27,-0.10,-1427,-1.43,2
1822,Entry short,2019-04-30 07:30,C0|S|MKT|15|v0.3.0-tier0|SPY,263.24,100,26324,13,0.05,0,13,0.05,-27,-0.10,-1427,-1.43,2
1823,Exit short,2019-05-01 08:00,TX30,264.44,100,26435,-9,-0.03,0,5,0.02,-20,-0.08,-1436,-1.44,2
1823,Entry short,2019-05-01 07:30,C0|S|MKT|15|v0.3.0-tier0|SPY,264.35,100,26435,-9,-0.03,0,5,0.02,-20,-0.08,-1436,-1.44,2
1824,Exit long,2019-05-02 07:30,TX30,262.67,100,26252,15,0.06,0,47,0.18,0,0.00,-1421,-1.42,2
1824,Entry long,2019-05-02 07:00,C0|L|MKT|15|v0.3.0-tier0|SPY,262.52,100,26252,15,0.06,0,47,0.18,0,0.00,-1421,-1.42,2
1825,Exit long,2019-05-06 07:30,TX30,261.5,100,26140,10,0.04,0,43,0.16,-43,-0.16,-1411,-1.41,2
1825,Entry long,2019-05-06 07:00,C0|L|MKT|15|v0.3.0-tier0|SPY,261.4,100,26140,10,0.04,0,43,0.16,-43,-0.16,-1411,-1.41,2
1826,Exit short,2019-05-07 07:30,TX30,260.18,100,26040,22,0.08,0,111,0.43,0,0.00,-1389,-1.39,2
1826,Entry short,2019-05-07 07:00,C0|S|MKT|15|v0.3.0-tier0|SPY,260.4,100,26040,22,0.08,0,111,0.43,0,0.00,-1389,-1.39,2
1827,Exit long,2019-05-08 07:30,TX30,258.5,100,25878,-28,-0.11,0,37,0.14,-33,-0.13,-1417,-1.42,2
1827,Entry long,2019-05-08 07:00,C0|L|MKT|15|v0.3.0-tier0|SPY,258.78,100,25878,-28,-0.11,0,37,0.14,-33,-0.13,-1417,-1.42,2
1828,Exit short,2019-05-09 07:30,TX30,254.93,100,25567,74,0.29,0,107,0.42,0,0.00,-1343,-1.34,2
1828,Entry short,2019-05-09 07:00,C0|S|MKT|15|v0.3.0-tier0|SPY,255.67,100,25567,74,0.29,0,107,0.42,0,0.00,-1343,-1.34,2
1829,Exit short,2019-05-10 07:45,TX30,254.37,100,25573,136,0.53,0,184,0.72,-1,0.00,-1207,-1.21,2
1829,Entry short,2019-05-10 07:15,C0|S|MKT|15|v0.3.0-tier0|SPY,255.73,100,25573,136,0.53,0,184,0.72,-1,0.00,-1207,-1.21,2
1830,Exit short,2019-05-13 07:30,TX30,253.11,100,25352,41,0.16,0,97,0.38,0,0.00,-1166,-1.17,2
1830,Entry short,2019-05-13 07:00,C0|S|MKT|15|v0.3.0-tier0|SPY,253.52,100,25352,41,0.16,0,97,0.38,0,0.00,-1166,-1.17,2
1831,Exit long,2019-05-14 07:45,TX30,254.72,100,25423,49,0.19,0,65,0.26,-5,-0.02,-1117,-1.12,2
1831,Entry long,2019-05-14 07:15,C0|L|MKT|15|v0.3.0-tier0|SPY,254.23,100,25423,49,0.19,0,65,0.26,-5,-0.02,-1117,-1.12,2
1832,Exit long,2019-05-15 07:30,TX30,255.14,100,25362,152,0.60,0,163,0.64,-36,-0.14,-965,-0.97,2
1832,Entry long,2019-05-15 07:00,C0|L|MKT|15|v0.3.0-tier0|SPY,253.62,100,25362,152,0.60,0,163,0.64,-36,-0.14,-965,-0.97,2
1833,Exit long,2019-05-16 07:30,TX30,259.09,100,25844,65,0.25,0,66,0.26,-4,-0.02,-900,-0.90,2
1833,Entry long,2019-05-16 07:00,C0|L|MKT|15|v0.3.0-tier0|SPY,258.44,100,25844,65,0.25,0,66,0.26,-4,-0.02,-900,-0.90,2
1834,Exit long,2019-05-17 08:00,TX30,258.84,100,25780,104,0.40,0,132,0.51,-31,-0.12,-796,-0.80,2
1834,Entry long,2019-05-17 07:30,C0|L|MKT|15|v0.3.0-tier0|SPY,257.8,100,25780,104,0.40,0,132,0.51,-31,-0.12,-796,-0.80,2
1835,Exit long,2019-05-20 07:30,TX30,256.05,100,25562,43,0.17,0,62,0.24,-38,-0.15,-753,-0.75,2
1835,Entry long,2019-05-20 07:00,C0|L|MKT|15|v0.3.0-tier0|SPY,255.62,100,25562,43,0.17,0,62,0.24,-38,-0.15,-753,-0.75,2
1836,Exit long,2019-05-22 07:30,TX30,257.05,100,25698,7,0.03,0,60,0.23,-40,-0.16,-746,-0.75,2
1836,Entry long,2019-05-22 07:00,C0|L|MKT|15|v0.3.0-tier0|SPY,256.98,100,25698,7,0.03,0,60,0.23,-40,-0.16,-746,-0.75,2
1837,Exit short,2019-05-23 07:30,TX30,253.56,100,25341,-15,-0.06,0,44,0.17,-46,-0.18,-761,-0.76,2
1837,Entry short,2019-05-23 07:00,C0|S|MKT|15|v0.3.0-tier0|SPY,253.41,100,25341,-15,-0.06,0,44,0.17,-46,-0.18,-761,-0.76,2
1838,Exit short,2019-05-24 07:30,TX30,254.36,100,25485,49,0.19,0,50,0.20,-18,-0.07,-712,-0.71,2
1838,Entry short,2019-05-24 07:00,C0|S|MKT|15|v0.3.0-tier0|SPY,254.85,100,25485,49,0.19,0,50,0.20,-18,-0.07,-712,-0.71,2
1839,Exit long,2019-05-29 08:00,TX30,250.05,100,25090,-85,-0.34,0,10,0.04,-87,-0.35,-797,-0.80,2
1839,Entry long,2019-05-29 07:30,C0|L|MKT|15|v0.3.0-tier0|SPY,250.9,100,25090,-85,-0.34,0,10,0.04,-87,-0.35,-797,-0.80,2
1840,Exit short,2019-06-03 07:30,TX30,248.06,100,24671,-135,-0.55,0,51,0.21,-139,-0.56,-932,-0.93,2
1840,Entry short,2019-06-03 07:00,C0|S|MKT|15|v0.3.0-tier0|SPY,246.71,100,24671,-135,-0.55,0,51,0.21,-139,-0.56,-932,-0.93,2
1841,Exit long,2019-06-04 08:00,TX30,249.88,100,24983,5,0.02,0,15,0.06,-54,-0.22,-927,-0.93,2
1841,Entry long,2019-06-04 07:30,C0|L|MKT|15|v0.3.0-tier0|SPY,249.83,100,24983,5,0.02,0,15,0.06,-54,-0.22,-927,-0.93,2
1842,Exit short,2019-06-05 07:45,TX30,252.46,100,25284,38,0.15,0,68,0.27,-24,-0.09,-889,-0.89,2
1842,Entry short,2019-06-05 07:15,C0|S|MKT|15|v0.3.0-tier0|SPY,252.84,100,25284,38,0.15,0,68,0.27,-24,-0.09,-889,-0.89,2
1843,Exit short,2019-06-06 08:00,TX30,254.5,100,25397,-53,-0.21,0,7,0.03,-82,-0.32,-942,-0.94,2
1843,Entry short,2019-06-06 07:30,C0|S|MKT|15|v0.3.0-tier0|SPY,253.97,100,25397,-53,-0.21,0,7,0.03,-82,-0.32,-942,-0.94,2
1844,Exit long,2019-06-07 07:30,TX30,258.26,100,25793,33,0.13,0,35,0.14,-5,-0.02,-909,-0.91,2
1844,Entry long,2019-06-07 07:00,C0|L|MKT|15|v0.3.0-tier0|SPY,257.93,100,25793,33,0.13,0,35,0.14,-5,-0.02,-909,-0.91,2
1845,Exit long,2019-06-10 07:45,TX30,260.61,100,26049,12,0.05,0,14,0.05,-20,-0.08,-897,-0.90,2
1845,Entry long,2019-06-10 07:15,C0|L|MKT|15|v0.3.0-tier0|SPY,260.49,100,26049,12,0.05,0,14,0.05,-20,-0.08,-897,-0.90,2
1846,Exit short,2019-06-11 07:45,TX30,260.35,100,26079,44,0.17,0,45,0.17,-28,-0.11,-853,-0.85,2
1846,Entry short,2019-06-11 07:15,C0|S|MKT|15|v0.3.0-tier0|SPY,260.79,100,26079,44,0.17,0,45,0.17,-28,-0.11,-853,-0.85,2
1847,Exit short,2019-06-12 08:00,TX30,259.06,100,25901,-5,-0.02,0,20,0.08,-52,-0.20,-858,-0.86,2
1847,Entry short,2019-06-12 07:30,C0|S|MKT|15|v0.3.0-tier0|SPY,259.01,100,25901,-5,-0.02,0,20,0.08,-52,-0.20,-858,-0.86,2
1848,Exit long,2019-06-17 07:30,TX30,260.52,100,26036,16,0.06,0,20,0.08,-17,-0.07,-842,-0.84,2
1848,Entry long,2019-06-17 07:00,C0|L|MKT|15|v0.3.0-tier0|SPY,260.36,100,26036,16,0.06,0,20,0.08,-17,-0.07,-842,-0.84,2
1849,Exit short,2019-06-20 08:00,TX30,265.06,100,26541,35,0.13,0,37,0.14,-7,-0.03,-807,-0.81,2
1849,Entry short,2019-06-20 07:30,C0|S|MKT|15|v0.3.0-tier0|SPY,265.41,100,26541,35,0.13,0,37,0.14,-7,-0.03,-807,-0.81,2
1850,Exit short,2019-06-24 07:30,TX30,265.94,100,26538,-56,-0.21,0,4,0.02,-56,-0.21,-863,-0.86,2
1850,Entry short,2019-06-24 07:00,C0|S|MKT|15|v0.3.0-tier0|SPY,265.38,100,26538,-56,-0.21,0,4,0.02,-56,-0.21,-863,-0.86,2
1851,Exit short,2019-06-26 07:30,TX30,263.01,100,26325,24,0.09,0,46,0.17,-4,-0.02,-839,-0.84,2
1851,Entry short,2019-06-26 07:00,C0|S|MKT|15|v0.3.0-tier0|SPY,263.25,100,26325,24,0.09,0,46,0.17,-4,-0.02,-839,-0.84,2
1852,Exit long,2019-06-27 07:30,TX30,263.3,100,26345,-15,-0.06,0,7,0.03,-38,-0.14,-854,-0.85,2
1852,Entry long,2019-06-27 07:00,C0|L|MKT|15|v0.3.0-tier0|SPY,263.45,100,26345,-15,-0.06,0,7,0.03,-38,-0.14,-854,-0.85,2
1853,Exit short,2019-06-28 07:30,TX30,263.77,100,26383,6,0.02,0,12,0.05,-15,-0.06,-848,-0.85,2
1853,Entry short,2019-06-28 07:00,C0|S|MKT|15|v0.3.0-tier0|SPY,263.83,100,26383,6,0.02,0,12,0.05,-15,-0.06,-848,-0.85,2
1854,Exit short,2019-07-01 07:30,TX30,267,100,26739,39,0.15,0,42,0.16,-32,-0.12,-809,-0.81,2
1854,Entry short,2019-07-01 07:00,C0|S|MKT|15|v0.3.0-tier0|SPY,267.39,100,26739,39,0.15,0,42,0.16,-32,-0.12,-809,-0.81,2
1855,Exit long,2019-07-02 08:00,TX30,267.13,100,26718,-5,-0.02,0,21,0.08,-13,-0.05,-814,-0.81,2
1855,Entry long,2019-07-02 07:30,C0|L|MKT|15|v0.3.0-tier0|SPY,267.18,100,26718,-5,-0.02,0,21,0.08,-13,-0.05,-814,-0.81,2
1856,Exit long,2019-07-03 08:00,TX30,268.98,100,26873,25,0.09,0,33,0.12,-3,-0.01,-789,-0.79,2
1856,Entry long,2019-07-03 07:30,C0|L|MKT|15|v0.3.0-tier0|SPY,268.73,100,26873,25,0.09,0,33,0.12,-3,-0.01,-789,-0.79,2
1857,Exit short,2019-07-05 07:30,TX30,267.7,100,26790,20,0.07,0,23,0.09,-34,-0.13,-769,-0.77,2
1857,Entry short,2019-07-05 07:00,C0|S|MKT|15|v0.3.0-tier0|SPY,267.9,100,26790,20,0.07,0,23,0.09,-34,-0.13,-769,-0.77,2
1858,Exit long,2019-07-08 07:45,TX30,268.05,100,26836,-31,-0.12,0,9,0.03,-63,-0.23,-800,-0.80,2
1858,Entry long,2019-07-08 07:15,C0|L|MKT|15|v0.3.0-tier0|SPY,268.36,100,26836,-31,-0.12,0,9,0.03,-63,-0.23,-800,-0.80,2
1859,Exit long,2019-07-09 08:00,TX30,267.67,100,26756,11,0.04,0,35,0.13,-2,-0.01,-789,-0.79,2
1859,Entry long,2019-07-09 07:30,C0|L|MKT|15|v0.3.0-tier0|SPY,267.56,100,26756,11,0.04,0,35,0.13,-2,-0.01,-789,-0.79,2
1860,Exit long,2019-07-10 07:30,TX30,269.64,100,27031,-67,-0.25,0,8,0.03,-72,-0.27,-856,-0.86,2
1860,Entry long,2019-07-10 07:00,C0|L|MKT|15|v0.3.0-tier0|SPY,270.31,100,27031,-67,-0.25,0,8,0.03,-72,-0.27,-856,-0.86,2
1861,Exit short,2019-07-11 08:00,TX30,269.76,100,26985,9,0.03,0,31,0.11,-6,-0.02,-847,-0.85,2
1861,Entry short,2019-07-11 07:30,C0|S|MKT|15|v0.3.0-tier0|SPY,269.85,100,26985,9,0.03,0,31,0.11,-6,-0.02,-847,-0.85,2
1862,Exit short,2019-07-17 07:30,TX30,270,100,27047,47,0.17,0,47,0.17,-9,-0.03,-800,-0.80,2
1862,Entry short,2019-07-17 07:00,C0|S|MKT|15|v0.3.0-tier0|SPY,270.47,100,27047,47,0.17,0,47,0.17,-9,-0.03,-800,-0.80,2
1863,Exit long,2019-07-18 07:45,TX30,269.04,100,26883,21,0.08,0,33,0.12,-6,-0.02,-779,-0.78,2
1863,Entry long,2019-07-18 07:15,C0|L|MKT|15|v0.3.0-tier0|SPY,268.83,100,26883,21,0.08,0,33,0.12,-6,-0.02,-779,-0.78,2
1864,Exit short,2019-07-19 07:30,TX30,270.36,100,27050,14,0.05,0,38,0.14,-14,-0.05,-765,-0.76,2
1864,Entry short,2019-07-19 07:00,C0|S|MKT|15|v0.3.0-tier0|SPY,270.5,100,27050,14,0.05,0,38,0.14,-14,-0.05,-765,-0.76,2
1865,Exit long,2019-07-22 07:30,TX30,268.73,100,26914,-41,-0.15,0,2,0.01,-64,-0.24,-806,-0.81,2
1865,Entry long,2019-07-22 07:00,C0|L|MKT|15|v0.3.0-tier0|SPY,269.14,100,26914,-41,-0.15,0,2,0.01,-64,-0.24,-806,-0.81,2
1866,Exit short,2019-07-23 07:30,TX30,269.44,100,26960,16,0.06,0,30,0.11,-10,-0.04,-790,-0.79,2
1866,Entry short,2019-07-23 07:00,C0|S|MKT|15|v0.3.0-tier0|SPY,269.6,100,26960,16,0.06,0,30,0.11,-10,-0.04,-790,-0.79,2
1867,Exit long,2019-07-24 07:30,TX30,270.9,100,27081,9,0.03,0,21,0.08,-6,-0.02,-781,-0.78,2
1867,Entry long,2019-07-24 07:00,C0|L|MKT|15|v0.3.0-tier0|SPY,270.81,100,27081,9,0.03,0,21,0.08,-6,-0.02,-781,-0.78,2
1868,Exit short,2019-07-25 07:30,TX30,271.2,100,27087,-33,-0.12,0,8,0.03,-38,-0.14,-814,-0.81,2
1868,Entry short,2019-07-25 07:00,C0|S|MKT|15|v0.3.0-tier0|SPY,270.87,100,27087,-33,-0.12,0,8,0.03,-38,-0.14,-814,-0.81,2
1869,Exit short,2019-07-29 07:30,TX30,271.94,100,27188,-6,-0.02,0,25,0.09,-12,-0.04,-820,-0.82,2
1869,Entry short,2019-07-29 07:00,C0|S|MKT|15|v0.3.0-tier0|SPY,271.88,100,27188,-6,-0.02,0,25,0.09,-12,-0.04,-820,-0.82,2
1870,Exit long,2019-07-30 07:30,TX30,271.24,100,27122,2,0.01,0,29,0.11,-22,-0.08,-818,-0.82,2
1870,Entry long,2019-07-30 07:00,C0|L|MKT|15|v0.3.0-tier0|SPY,271.22,100,27122,2,0.01,0,29,0.11,-22,-0.08,-818,-0.82,2
1871,Exit short,2019-07-31 08:00,TX30,271.46,100,27136,-10,-0.04,0,22,0.08,-11,-0.04,-828,-0.83,2
1871,Entry short,2019-07-31 07:30,C0|S|MKT|15|v0.3.0-tier0|SPY,271.36,100,27136,-10,-0.04,0,22,0.08,-11,-0.04,-828,-0.83,2
1872,Exit long,2019-08-01 07:30,TX30,270.57,100,26966,91,0.34,0,92,0.34,-28,-0.10,-737,-0.74,2
1872,Entry long,2019-08-01 07:00,C0|L|MKT|15|v0.3.0-tier0|SPY,269.66,100,26966,91,0.34,0,92,0.34,-28,-0.10,-737,-0.74,2
1873,Exit short,2019-08-02 07:30,TX30,264.03,100,26450,47,0.18,0,93,0.35,-32,-0.12,-690,-0.69,2
1873,Entry short,2019-08-02 07:00,C0|S|MKT|15|v0.3.0-tier0|SPY,264.5,100,26450,47,0.18,0,93,0.35,-32,-0.12,-690,-0.69,2
1874,Exit short,2019-08-05 07:45,TX30,258.02,100,25900,98,0.38,0,102,0.39,-30,-0.12,-592,-0.59,2
1874,Entry short,2019-08-05 07:15,C0|S|MKT|15|v0.3.0-tier0|SPY,259,100,25900,98,0.38,0,102,0.39,-30,-0.12,-592,-0.59,2
1875,Exit short,2019-08-06 07:45,TX30,258.25,100,25761,-64,-0.25,0,55,0.21,-103,-0.40,-656,-0.66,2
1875,Entry short,2019-08-06 07:15,C0|S|MKT|15|v0.3.0-tier0|SPY,257.61,100,25761,-64,-0.25,0,55,0.21,-103,-0.40,-656,-0.66,2
1876,Exit long,2019-08-08 07:30,TX30,262.4,100,26197,43,0.16,0,49,0.19,-6,-0.02,-613,-0.61,2
1876,Entry long,2019-08-08 07:00,C0|L|MKT|15|v0.3.0-tier0|SPY,261.97,100,26197,43,0.16,0,49,0.19,-6,-0.02,-613,-0.61,2
1877,Exit short,2019-08-09 07:30,TX30,262.76,100,26363,87,0.33,0,87,0.33,-35,-0.13,-526,-0.53,2
1877,Entry short,2019-08-09 07:00,C0|S|MKT|15|v0.3.0-tier0|SPY,263.63,100,26363,87,0.33,0,87,0.33,-35,-0.13,-526,-0.53,2
1878,Exit long,2019-08-13 07:30,TX30,265.27,100,26448,79,0.30,0,110,0.42,-84,-0.32,-447,-0.45,2
1878,Entry long,2019-08-13 07:00,C0|L|MKT|15|v0.3.0-tier0|SPY,264.48,100,26448,79,0.30,0,110,0.42,-84,-0.32,-447,-0.45,2
1879,Exit short,2019-08-14 07:45,TX30,259.53,100,25943,-10,-0.04,0,39,0.15,-62,-0.24,-457,-0.46,2
1879,Entry short,2019-08-14 07:15,C0|S|MKT|15|v0.3.0-tier0|SPY,259.43,100,25943,-10,-0.04,0,39,0.15,-62,-0.24,-457,-0.46,2
1880,Exit long,2019-08-16 08:00,TX30,260.92,100,25958,134,0.52,0,134,0.52,-5,-0.02,-323,-0.32,2
1880,Entry long,2019-08-16 07:30,C0|L|MKT|15|v0.3.0-tier0|SPY,259.58,100,25958,134,0.52,0,134,0.52,-5,-0.02,-323,-0.32,2
1881,Exit short,2019-08-19 07:45,TX30,263.62,100,26324,-38,-0.14,0,9,0.03,-56,-0.21,-361,-0.36,2
1881,Entry short,2019-08-19 07:15,C0|S|MKT|15|v0.3.0-tier0|SPY,263.24,100,26324,-38,-0.14,0,9,0.03,-56,-0.21,-361,-0.36,2
1882,Exit short,2019-08-22 07:45,TX30,262.57,100,26436,179,0.68,0,203,0.77,-11,-0.04,-182,-0.18,2
1882,Entry short,2019-08-22 07:15,C0|S|MKT|15|v0.3.0-tier0|SPY,264.36,100,26436,179,0.68,0,203,0.77,-11,-0.04,-182,-0.18,2
1883,Exit long,2019-08-23 07:45,TX30,263.93,100,26320,73,0.28,0,112,0.43,-22,-0.08,-109,-0.11,2
1883,Entry long,2019-08-23 07:15,C0|L|MKT|15|v0.3.0-tier0|SPY,263.2,100,26320,73,0.28,0,112,0.43,-22,-0.08,-109,-0.11,2
1884,Exit short,2019-08-26 07:45,TX30,258.41,100,25827,-14,-0.05,0,42,0.16,-29,-0.11,-123,-0.12,2
1884,Entry short,2019-08-26 07:15,C0|S|MKT|15|v0.3.0-tier0|SPY,258.27,100,25827,-14,-0.05,0,42,0.16,-29,-0.11,-123,-0.12,2
1885,Exit short,2019-08-27 07:45,TX30,260.92,100,26090,-2,-0.01,0,22,0.08,-35,-0.13,-125,-0.12,2
1885,Entry short,2019-08-27 07:15,C0|S|MKT|15|v0.3.0-tier0|SPY,260.9,100,26090,-2,-0.01,0,22,0.08,-35,-0.13,-125,-0.12,2
1886,Exit long,2019-08-28 07:30,TX30,259.21,100,25926,-5,-0.02,0,41,0.16,-20,-0.08,-130,-0.13,2
1886,Entry long,2019-08-28 07:00,C0|L|MKT|15|v0.3.0-tier0|SPY,259.26,100,25926,-5,-0.02,0,41,0.16,-20,-0.08,-130,-0.13,2
1887,Exit short,2019-08-30 08:00,TX30,264.59,100,26495,36,0.14,0,36,0.14,-25,-0.09,-94,-0.09,2
1887,Entry short,2019-08-30 07:30,C0|S|MKT|15|v0.3.0-tier0|SPY,264.95,100,26495,36,0.14,0,36,0.14,-25,-0.09,-94,-0.09,2
1888,Exit long,2019-09-03 07:30,TX30,262.06,100,26306,-100,-0.38,0,0,0.00,-188,-0.71,-194,-0.19,2
1888,Entry long,2019-09-03 07:00,C0|L|MKT|15|v0.3.0-tier0|SPY,263.06,100,26306,-100,-0.38,0,0,0.00,-188,-0.71,-194,-0.19,2
1889,Exit short,2019-09-04 07:45,TX30,264.17,100,26399,-18,-0.07,0,6,0.02,-39,-0.15,-212,-0.21,2
1889,Entry short,2019-09-04 07:15,C0|S|MKT|15|v0.3.0-tier0|SPY,263.99,100,26399,-18,-0.07,0,6,0.02,-39,-0.15,-212,-0.21,2
1890,Exit long,2019-09-05 07:30,TX30,269.26,100,26865,61,0.23,0,115,0.43,0,0.00,-151,-0.15,2
1890,Entry long,2019-09-05 07:00,C0|L|MKT|15|v0.3.0-tier0|SPY,268.65,100,26865,61,0.23,0,115,0.43,0,0.00,-151,-0.15,2
1891,Exit long,2019-09-06 08:00,TX30,269.45,100,26944,1,0.00,0,16,0.06,-20,-0.07,-150,-0.15,2
1891,Entry long,2019-09-06 07:30,C0|L|MKT|15|v0.3.0-tier0|SPY,269.44,100,26944,1,0.00,0,16,0.06,-20,-0.07,-150,-0.15,2
1892,Exit short,2019-09-09 07:30,TX30,269.68,100,26935,-33,-0.12,0,4,0.01,-40,-0.15,-183,-0.18,2
1892,Entry short,2019-09-09 07:00,C0|S|MKT|15|v0.3.0-tier0|SPY,269.35,100,26935,-33,-0.12,0,4,0.01,-40,-0.15,-183,-0.18,2
1893,Exit long,2019-09-11 07:30,TX30,269.88,100,26958,30,0.11,0,42,0.16,-6,-0.02,-153,-0.15,2
1893,Entry long,2019-09-11 07:00,C0|L|MKT|15|v0.3.0-tier0|SPY,269.58,100,26958,30,0.11,0,42,0.16,-6,-0.02,-153,-0.15,2
1894,Exit long,2019-09-12 08:00,TX30,271.61,100,27273,-112,-0.41,0,8,0.03,-145,-0.53,-265,-0.26,2
1894,Entry long,2019-09-12 07:30,C0|L|MKT|15|v0.3.0-tier0|SPY,272.73,100,27273,-112,-0.41,0,8,0.03,-145,-0.53,-265,-0.26,2
1895,Exit short,2019-09-13 07:45,TX30,272.35,100,27207,-28,-0.10,0,2,0.01,-56,-0.21,-293,-0.29,2
1895,Entry short,2019-09-13 07:15,C0|S|MKT|15|v0.3.0-tier0|SPY,272.07,100,27207,-28,-0.10,0,2,0.01,-56,-0.21,-293,-0.29,2
1896,Exit long,2019-09-16 07:30,TX30,270.95,100,27133,-38,-0.14,0,11,0.04,-40,-0.15,-331,-0.33,2
1896,Entry long,2019-09-16 07:00,C0|L|MKT|15|v0.3.0-tier0|SPY,271.33,100,27133,-38,-0.14,0,11,0.04,-40,-0.15,-331,-0.33,2
1897,Exit long,2019-09-19 08:00,TX30,272.83,100,27291,-8,-0.03,0,23,0.08,-12,-0.04,-339,-0.34,2
1897,Entry long,2019-09-19 07:30,C0|L|MKT|15|v0.3.0-tier0|SPY,272.91,100,27291,-8,-0.03,0,23,0.08,-12,-0.04,-339,-0.34,2
1898,Exit short,2019-09-24 08:00,TX30,271.12,100,27106,-6,-0.02,0,5,0.02,-50,-0.18,-345,-0.34,2
1898,Entry short,2019-09-24 07:30,C0|S|MKT|15|v0.3.0-tier0|SPY,271.06,100,27106,-6,-0.02,0,5,0.02,-50,-0.18,-345,-0.34,2
1899,Exit short,2019-09-25 07:30,TX30,268.05,100,26776,-29,-0.11,0,79,0.30,-55,-0.21,-374,-0.37,2
1899,Entry short,2019-09-25 07:00,C0|S|MKT|15|v0.3.0-tier0|SPY,267.76,100,26776,-29,-0.11,0,79,0.30,-55,-0.21,-374,-0.37,2
1900,Exit short,2019-09-27 07:30,TX30,269.39,100,26929,-10,-0.04,0,50,0.19,-11,-0.04,-384,-0.38,2
1900,Entry short,2019-09-27 07:00,C0|S|MKT|15|v0.3.0-tier0|SPY,269.29,100,26929,-10,-0.04,0,50,0.19,-11,-0.04,-384,-0.38,2
1901,Exit long,2019-09-30 07:30,TX30,268.79,100,26890,-11,-0.04,0,32,0.12,-19,-0.07,-395,-0.39,2
1901,Entry long,2019-09-30 07:00,C0|L|MKT|15|v0.3.0-tier0|SPY,268.9,100,26890,-11,-0.04,0,32,0.12,-19,-0.07,-395,-0.39,2
1902,Exit short,2019-10-01 07:45,TX30,268.42,100,26829,-13,-0.05,0,30,0.11,-52,-0.19,-408,-0.41,2
1902,Entry short,2019-10-01 07:15,C0|S|MKT|15|v0.3.0-tier0|SPY,268.29,100,26829,-13,-0.05,0,30,0.11,-52,-0.19,-408,-0.41,2
1903,Exit short,2019-10-02 07:30,TX30,262.4,100,26284,44,0.17,0,61,0.23,-24,-0.09,-364,-0.36,2
1903,Entry short,2019-10-02 07:00,C0|S|MKT|15|v0.3.0-tier0|SPY,262.84,100,26284,44,0.17,0,61,0.23,-24,-0.09,-364,-0.36,2
1904,Exit short,2019-10-03 07:45,TX30,260.32,100,25890,-142,-0.55,0,15,0.06,-210,-0.81,-506,-0.51,2
1904,Entry short,2019-10-03 07:15,C0|S|MKT|15|v0.3.0-tier0|SPY,258.9,100,25890,-142,-0.55,0,15,0.06,-210,-0.81,-506,-0.51,2
1905,Exit long,2019-10-04 07:30,TX30,264.78,100,26514,-36,-0.14,0,35,0.13,-36,-0.14,-542,-0.54,2
1905,Entry long,2019-10-04 07:00,C0|L|MKT|15|v0.3.0-tier0|SPY,265.14,100,26514,-36,-0.14,0,35,0.13,-36,-0.14,-542,-0.54,2
1906,Exit long,2019-10-07 08:00,TX30,266.75,100,26648,27,0.10,0,34,0.13,-31,-0.12,-515,-0.51,2
1906,Entry long,2019-10-07 07:30,C0|L|MKT|15|v0.3.0-tier0|SPY,266.48,100,26648,27,0.10,0,34,0.13,-31,-0.12,-515,-0.51,2
1907,Exit short,2019-10-08 07:30,TX30,262.52,100,26276,24,0.09,0,56,0.21,-19,-0.07,-491,-0.49,2
1907,Entry short,2019-10-08 07:00,C0|S|MKT|15|v0.3.0-tier0|SPY,262.76,100,26276,24,0.09,0,56,0.21,-19,-0.07,-491,-0.49,2
1908,Exit long,2019-10-10 07:30,TX30,265.83,100,26594,-11,-0.04,0,9,0.03,-56,-0.21,-502,-0.50,2
1908,Entry long,2019-10-10 07:00,C0|L|MKT|15|v0.3.0-tier0|SPY,265.94,100,26594,-11,-0.04,0,9,0.03,-56,-0.21,-502,-0.50,2
1909,Exit long,2019-10-11 07:30,TX30,270.16,100,26966,50,0.19,0,52,0.19,0,0.00,-452,-0.45,2
1909,Entry long,2019-10-11 07:00,C0|L|MKT|15|v0.3.0-tier0|SPY,269.66,100,26966,50,0.19,0,52,0.19,0,0.00,-452,-0.45,2
1910,Exit long,2019-10-14 07:45,TX30,268.89,100,26876,13,0.05,0,14,0.05,-41,-0.15,-439,-0.44,2
1910,Entry long,2019-10-14 07:15,C0|L|MKT|15|v0.3.0-tier0|SPY,268.76,100,26876,13,0.05,0,14,0.05,-41,-0.15,-439,-0.44,2
1911,Exit long,2019-10-15 07:45,TX30,271.25,100,27038,87,0.32,0,99,0.37,-7,-0.03,-352,-0.35,2
1911,Entry long,2019-10-15 07:15,C0|L|MKT|15|v0.3.0-tier0|SPY,270.38,100,27038,87,0.32,0,99,0.37,-7,-0.03,-352,-0.35,2
1912,Exit long,2019-10-16 08:00,TX30,271.21,100,27096,25,0.09,0,28,0.10,-13,-0.05,-327,-0.33,2
1912,Entry long,2019-10-16 07:30,C0|L|MKT|15|v0.3.0-tier0|SPY,270.96,100,27096,25,0.09,0,28,0.10,-13,-0.05,-327,-0.33,2
1913,Exit long,2019-10-17 07:30,TX30,272.03,100,27220,-17,-0.06,0,13,0.05,-34,-0.12,-344,-0.34,2
1913,Entry long,2019-10-17 07:00,C0|L|MKT|15|v0.3.0-tier0|SPY,272.2,100,27220,-17,-0.06,0,13,0.05,-34,-0.12,-344,-0.34,2
1914,Exit long,2019-10-18 07:30,TX30,271.05,100,27147,-42,-0.15,0,2,0.01,-61,-0.22,-386,-0.39,2
1914,Entry long,2019-10-18 07:00,C0|L|MKT|15|v0.3.0-tier0|SPY,271.47,100,27147,-42,-0.15,0,2,0.01,-61,-0.22,-386,-0.39,2
1915,Exit short,2019-10-21 07:30,TX30,271.6,100,27142,-18,-0.07,0,27,0.10,-20,-0.07,-404,-0.40,2
1915,Entry short,2019-10-21 07:00,C0|S|MKT|15|v0.3.0-tier0|SPY,271.42,100,27142,-18,-0.07,0,27,0.10,-20,-0.07,-404,-0.40,2
1916,Exit long,2019-10-23 07:30,TX30,271.26,100,27147,-21,-0.08,0,7,0.03,-39,-0.14,-425,-0.43,2
1916,Entry long,2019-10-23 07:00,C0|L|MKT|15|v0.3.0-tier0|SPY,271.47,100,27147,-21,-0.08,0,7,0.03,-39,-0.14,-425,-0.43,2
1917,Exit short,2019-10-24 07:30,TX30,271.9,100,27201,11,0.04,0,30,0.11,-13,-0.05,-414,-0.41,2
1917,Entry short,2019-10-24 07:00,C0|S|MKT|15|v0.3.0-tier0|SPY,272.01,100,27201,11,0.04,0,30,0.11,-13,-0.05,-414,-0.41,2
1918,Exit long,2019-10-25 07:30,TX30,272.93,100,27244,49,0.18,0,63,0.23,-6,-0.02,-365,-0.36,2
1918,Entry long,2019-10-25 07:00,C0|L|MKT|15|v0.3.0-tier0|SPY,272.44,100,27244,49,0.18,0,63,0.23,-6,-0.02,-365,-0.36,2
1919,Exit long,2019-10-29 07:30,TX30,275.3,100,27514,16,0.06,0,20,0.07,-17,-0.06,-349,-0.35,2
1919,Entry long,2019-10-29 07:00,C0|L|MKT|15|v0.3.0-tier0|SPY,275.14,100,27514,16,0.06,0,20,0.07,-17,-0.06,-349,-0.35,2
1920,Exit short,2019-10-31 07:30,TX30,274.35,100,27508,73,0.27,0,90,0.33,-1,0.00,-276,-0.28,2
1920,Entry short,2019-10-31 07:00,C0|S|MKT|15|v0.3.0-tier0|SPY,275.08,100,27508,73,0.27,0,90,0.33,-1,0.00,-276,-0.28,2
1921,Exit long,2019-11-01 07:30,TX30,277.19,100,27685,34,0.12,0,61,0.22,-38,-0.14,-242,-0.24,2
1921,Entry long,2019-11-01 07:00,C0|L|MKT|15|v0.3.0-tier0|SPY,276.85,100,27685,34,0.12,0,61,0.22,-38,-0.14,-242,-0.24,2
1922,Exit short,2019-11-04 07:30,TX30,279.23,100,27904,-19,-0.07,0,28,0.10,-20,-0.07,-261,-0.26,2
1922,Entry short,2019-11-04 07:00,C0|S|MKT|15|v0.3.0-tier0|SPY,279.04,100,27904,-19,-0.07,0,28,0.10,-20,-0.07,-261,-0.26,2
1923,Exit short,2019-11-05 07:45,TX30,278.33,100,27852,19,0.07,0,26,0.09,-14,-0.05,-242,-0.24,2
1923,Entry short,2019-11-05 07:15,C0|S|MKT|15|v0.3.0-tier0|SPY,278.52,100,27852,19,0.07,0,26,0.09,-14,-0.05,-242,-0.24,2
1924,Exit long,2019-11-06 07:45,TX30,278.44,100,27858,-14,-0.05,0,1,0.00,-34,-0.12,-256,-0.26,2
1924,Entry long,2019-11-06 07:15,C0|L|MKT|15|v0.3.0-tier0|SPY,278.58,100,27858,-14,-0.05,0,1,0.00,-34,-0.12,-256,-0.26,2
1925,Exit short,2019-11-08 07:30,TX30,279.39,100,27876,-63,-0.23,0,26,0.09,-63,-0.23,-319,-0.32,2
1925,Entry short,2019-11-08 07:00,C0|S|MKT|15|v0.3.0-tier0|SPY,278.76,100,27876,-63,-0.23,0,26,0.09,-63,-0.23,-319,-0.32,2
1926,Exit long,2019-11-11 07:30,TX30,279.49,100,27939,10,0.04,0,15,0.05,-12,-0.04,-309,-0.31,2
1926,Entry long,2019-11-11 07:00,C0|L|MKT|15|v0.3.0-tier0|SPY,279.39,100,27939,10,0.04,0,15,0.05,-12,-0.04,-309,-0.31,2
1927,Exit long,2019-11-12 07:30,TX30,281,100,28071,29,0.10,0,37,0.13,-17,-0.06,-280,-0.28,2
1927,Entry long,2019-11-12 07:00,C0|L|MKT|15|v0.3.0-tier0|SPY,280.71,100,28071,29,0.10,0,37,0.13,-17,-0.06,-280,-0.28,2
1928,Exit long,2019-11-13 07:45,TX30,280.11,100,27991,20,0.07,0,35,0.13,-27,-0.10,-260,-0.26,2
1928,Entry long,2019-11-13 07:15,C0|L|MKT|15|v0.3.0-tier0|SPY,279.91,100,27991,20,0.07,0,35,0.13,-27,-0.10,-260,-0.26,2
1929,Exit long,2019-11-14 07:30,TX30,280.51,100,28046,5,0.02,0,24,0.09,-6,-0.02,-255,-0.25,2
1929,Entry long,2019-11-14 07:00,C0|L|MKT|15|v0.3.0-tier0|SPY,280.46,100,28046,5,0.02,0,24,0.09,-6,-0.02,-255,-0.25,2
1930,Exit short,2019-11-15 07:30,TX30,281.93,100,28147,-46,-0.16,0,2,0.01,-49,-0.17,-301,-0.30,2
1930,Entry short,2019-11-15 07:00,C0|S|MKT|15|v0.3.0-tier0|SPY,281.47,100,28147,-46,-0.16,0,2,0.01,-49,-0.17,-301,-0.30,2
1931,Exit short,2019-11-19 07:30,TX30,282.96,100,28301,5,0.02,0,22,0.08,-10,-0.04,-296,-0.30,2
1931,Entry short,2019-11-19 07:00,C0|S|MKT|15|v0.3.0-tier0|SPY,283.01,100,28301,5,0.02,0,22,0.08,-10,-0.04,-296,-0.30,2
1932,Exit short,2019-11-21 08:00,TX30,281.27,100,28088,-39,-0.14,0,25,0.09,-42,-0.15,-335,-0.33,2
1932,Entry short,2019-11-21 07:30,C0|S|MKT|15|v0.3.0-tier0|SPY,280.88,100,28088,-39,-0.14,0,25,0.09,-42,-0.15,-335,-0.33,2
1933,Exit short,2019-11-22 08:00,TX30,281.53,100,28164,11,0.04,0,30,0.11,-7,-0.02,-324,-0.32,2
1933,Entry short,2019-11-22 07:30,C0|S|MKT|15|v0.3.0-tier0|SPY,281.64,100,28164,11,0.04,0,30,0.11,-7,-0.02,-324,-0.32,2
1934,Exit long,2019-11-25 07:30,TX30,283.84,100,28365,19,0.07,0,23,0.08,-3,-0.01,-305,-0.30,2
1934,Entry long,2019-11-25 07:00,C0|L|MKT|15|v0.3.0-tier0|SPY,283.65,100,28365,19,0.07,0,23,0.08,-3,-0.01,-305,-0.30,2
1935,Exit long,2019-11-26 07:30,TX30,284.43,100,28458,-15,-0.05,0,12,0.04,-30,-0.11,-320,-0.32,2
1935,Entry long,2019-11-26 07:00,C0|L|MKT|15|v0.3.0-tier0|SPY,284.58,100,28458,-15,-0.05,0,12,0.04,-30,-0.11,-320,-0.32,2
1936,Exit short,2019-12-02 07:30,TX30,283.23,100,28399,76,0.27,0,118,0.42,0,0.00,-244,-0.24,2
1936,Entry short,2019-12-02 07:00,C0|S|MKT|15|v0.3.0-tier0|SPY,283.99,100,28399,76,0.27,0,118,0.42,0,0.00,-244,-0.24,2
1937,Exit short,2019-12-03 07:45,TX30,279.83,100,27915,-68,-0.24,0,9,0.03,-72,-0.26,-312,-0.31,2
1937,Entry short,2019-12-03 07:15,C0|S|MKT|15|v0.3.0-tier0|SPY,279.15,100,27915,-68,-0.24,0,9,0.03,-72,-0.26,-312,-0.31,2
1938,Exit long,2019-12-04 07:30,TX30,282.49,100,28268,-19,-0.07,0,26,0.09,-20,-0.07,-331,-0.33,2
1938,Entry long,2019-12-04 07:00,C0|L|MKT|15|v0.3.0-tier0|SPY,282.68,100,28268,-19,-0.07,0,26,0.09,-20,-0.07,-331,-0.33,2
1939,Exit short,2019-12-05 07:30,TX30,282.31,100,28247,16,0.06,0,75,0.27,-3,-0.01,-315,-0.31,2
1939,Entry short,2019-12-05 07:00,C0|S|MKT|15|v0.3.0-tier0|SPY,282.47,100,28247,16,0.06,0,75,0.27,-3,-0.01,-315,-0.31,2
1940,Exit long,2019-12-06 07:30,TX30,285.43,100,28539,4,0.01,0,22,0.08,-16,-0.06,-311,-0.31,2
1940,Entry long,2019-12-06 07:00,C0|L|MKT|15|v0.3.0-tier0|SPY,285.39,100,28539,4,0.01,0,22,0.08,-16,-0.06,-311,-0.31,2
1941,Exit long,2019-12-09 07:45,TX30,285.67,100,28586,-19,-0.07,0,2,0.01,-27,-0.09,-330,-0.33,2
1941,Entry long,2019-12-09 07:15,C0|L|MKT|15|v0.3.0-tier0|SPY,285.86,100,28586,-19,-0.07,0,2,0.01,-27,-0.09,-330,-0.33,2
1942,Exit long,2019-12-10 07:45,TX30,284.95,100,28478,17,0.06,0,43,0.15,-7,-0.02,-313,-0.31,2
1942,Entry long,2019-12-10 07:15,C0|L|MKT|15|v0.3.0-tier0|SPY,284.78,100,28478,17,0.06,0,43,0.15,-7,-0.02,-313,-0.31,2
1943,Exit long,2019-12-11 07:30,TX30,285.03,100,28521,-18,-0.06,0,9,0.03,-23,-0.08,-331,-0.33,2
1943,Entry long,2019-12-11 07:00,C0|L|MKT|15|v0.3.0-tier0|SPY,285.21,100,28521,-18,-0.06,0,9,0.03,-23,-0.08,-331,-0.33,2
1944,Exit long,2019-12-12 07:30,TX30,288.22,100,28741,81,0.28,0,102,0.35,0,0.00,-250,-0.25,2
1944,Entry long,2019-12-12 07:00,C0|L|MKT|15|v0.3.0-tier0|SPY,287.41,100,28741,81,0.28,0,102,0.35,0,0.00,-250,-0.25,2
1945,Exit long,2019-12-13 07:30,TX30,288.15,100,28783,32,0.11,0,122,0.42,-29,-0.10,-218,-0.22,2
1945,Entry long,2019-12-13 07:00,C0|L|MKT|15|v0.3.0-tier0|SPY,287.83,100,28783,32,0.11,0,122,0.42,-29,-0.10,-218,-0.22,2
1946,Exit long,2019-12-16 07:45,TX30,290.28,100,29007,21,0.07,0,23,0.08,-9,-0.03,-197,-0.20,2
1946,Entry long,2019-12-16 07:15,C0|L|MKT|15|v0.3.0-tier0|SPY,290.07,100,29007,21,0.07,0,23,0.08,-9,-0.03,-197,-0.20,2
1947,Exit short,2019-12-17 07:30,TX30,290.28,100,28989,-39,-0.13,0,6,0.02,-48,-0.17,-236,-0.24,2
1947,Entry short,2019-12-17 07:00,C0|S|MKT|15|v0.3.0-tier0|SPY,289.89,100,28989,-39,-0.13,0,6,0.02,-48,-0.17,-236,-0.24,2
1948,Exit short,2019-12-18 07:30,TX30,289.9,100,29001,11,0.04,0,18,0.06,-12,-0.04,-225,-0.22,2
1948,Entry short,2019-12-18 07:00,C0|S|MKT|15|v0.3.0-tier0|SPY,290.01,100,29001,11,0.04,0,18,0.06,-12,-0.04,-225,-0.22,2
1949,Exit long,2019-12-19 08:00,TX30,290.38,100,29036,2,0.01,0,11,0.04,-11,-0.04,-223,-0.22,2
1949,Entry long,2019-12-19 07:30,C0|L|MKT|15|v0.3.0-tier0|SPY,290.36,100,29036,2,0.01,0,11,0.04,-11,-0.04,-223,-0.22,2
1950,Exit long,2019-12-26 07:45,TX30,293.67,100,29358,9,0.03,0,13,0.04,-4,-0.01,-214,-0.21,2
1950,Entry long,2019-12-26 07:15,C0|L|MKT|15|v0.3.0-tier0|SPY,293.58,100,29358,9,0.03,0,13,0.04,-4,-0.01,-214,-0.21,2
1951,Exit short,2019-12-27 07:30,TX30,294.45,100,29399,-46,-0.16,0,4,0.01,-51,-0.17,-260,-0.26,2
1951,Entry short,2019-12-27 07:00,C0|S|MKT|15|v0.3.0-tier0|SPY,293.99,100,29399,-46,-0.16,0,4,0.01,-51,-0.17,-260,-0.26,2
1952,Exit short,2019-12-30 07:30,TX30,292.5,100,29302,52,0.18,0,83,0.28,-15,-0.05,-208,-0.21,2
1952,Entry short,2019-12-30 07:00,C0|S|MKT|15|v0.3.0-tier0|SPY,293.02,100,29302,52,0.18,0,83,0.28,-15,-0.05,-208,-0.21,2
1953,Exit short,2020-01-02 07:45,TX30,294.33,100,29453,20,0.07,0,46,0.16,0,0.00,-188,-0.19,2
1953,Entry short,2020-01-02 07:15,C0|S|MKT|15|v0.3.0-tier0|SPY,294.53,100,29453,20,0.07,0,46,0.16,0,0.00,-188,-0.19,2
1954,Exit long,2020-01-06 07:30,TX30,293.62,100,29314,48,0.16,0,49,0.17,-10,-0.03,-140,-0.14,2
1954,Entry long,2020-01-06 07:00,C0|L|MKT|15|v0.3.0-tier0|SPY,293.14,100,29314,48,0.16,0,49,0.17,-10,-0.03,-140,-0.14,2
1955,Exit long,2020-01-08 07:30,TX30,294.79,100,29509,-30,-0.10,0,21,0.07,-33,-0.11,-170,-0.17,2
1955,Entry long,2020-01-08 07:00,C0|L|MKT|15|v0.3.0-tier0|SPY,295.09,100,29509,-30,-0.10,0,21,0.07,-33,-0.11,-170,-0.17,2
1956,Exit long,2020-01-13 07:30,TX30,297.71,100,29775,-4,-0.01,0,4,0.01,-32,-0.11,-174,-0.17,2
1956,Entry long,2020-01-13 07:00,C0|L|MKT|15|v0.3.0-tier0|SPY,297.75,100,29775,-4,-0.01,0,4,0.01,-32,-0.11,-174,-0.17,2
1957,Exit short,2020-01-14 07:30,TX30,298.5,100,29819,-31,-0.10,0,9,0.03,-45,-0.15,-205,-0.20,2
1957,Entry short,2020-01-14 07:00,C0|S|MKT|15|v0.3.0-tier0|SPY,298.19,100,29819,-31,-0.10,0,9,0.03,-45,-0.15,-205,-0.20,2
1958,Exit long,2020-01-15 07:30,TX30,299.42,100,29954,-12,-0.04,0,16,0.05,-29,-0.10,-217,-0.22,2
1958,Entry long,2020-01-15 07:00,C0|L|MKT|15|v0.3.0-tier0|SPY,299.54,100,29954,-12,-0.04,0,16,0.05,-29,-0.10,-217,-0.22,2
1959,Exit long,2020-01-17 08:00,TX30,302.15,100,30244,-29,-0.10,0,2,0.01,-42,-0.14,-246,-0.25,2
1959,Entry long,2020-01-17 07:30,C0|L|MKT|15|v0.3.0-tier0|SPY,302.44,100,30244,-29,-0.10,0,2,0.01,-42,-0.14,-246,-0.25,2
1960,Exit short,2020-01-24 07:45,TX30,301.74,100,30248,74,0.24,0,83,0.27,-8,-0.03,-172,-0.17,2
1960,Entry short,2020-01-24 07:15,C0|S|MKT|15|v0.3.0-tier0|SPY,302.48,100,30248,74,0.24,0,83,0.27,-8,-0.03,-172,-0.17,2
1961,Exit long,2020-01-27 07:30,TX30,295.8,100,29576,4,0.01,0,13,0.04,-84,-0.28,-168,-0.17,2
1961,Entry long,2020-01-27 07:00,C0|L|MKT|15|v0.3.0-tier0|SPY,295.76,100,29576,4,0.01,0,13,0.04,-84,-0.28,-168,-0.17,2
1962,Exit long,2020-01-28 07:45,TX30,297.96,100,29726,70,0.24,0,70,0.24,-21,-0.07,-98,-0.10,2
1962,Entry long,2020-01-28 07:15,C0|L|MKT|15|v0.3.0-tier0|SPY,297.26,100,29726,70,0.24,0,70,0.24,-21,-0.07,-98,-0.10,2
1963,Exit short,2020-01-29 07:30,TX30,298.31,100,29827,-4,-0.01,0,75,0.25,-10,-0.03,-102,-0.10,2
1963,Entry short,2020-01-29 07:00,C0|S|MKT|15|v0.3.0-tier0|SPY,298.27,100,29827,-4,-0.01,0,75,0.25,-10,-0.03,-102,-0.10,2
1964,Exit short,2020-01-31 07:45,TX30,295.59,100,29627,68,0.23,0,71,0.24,-41,-0.14,-34,-0.03,2
1964,Entry short,2020-01-31 07:15,C0|S|MKT|15|v0.3.0-tier0|SPY,296.27,100,29627,68,0.23,0,71,0.24,-41,-0.14,-34,-0.03,2
1965,Exit long,2020-02-03 07:30,TX30,297.26,100,29640,86,0.29,0,89,0.30,-14,-0.05,52,0.05,2
1965,Entry long,2020-02-03 07:00,C0|L|MKT|15|v0.3.0-tier0|SPY,296.4,100,29640,86,0.29,0,89,0.30,-14,-0.05,52,0.05,2
1966,Exit long,2020-02-04 07:30,TX30,300,100,29966,34,0.11,0,34,0.11,-43,-0.14,86,0.09,2
1966,Entry long,2020-02-04 07:00,C0|L|MKT|15|v0.3.0-tier0|SPY,299.66,100,29966,34,0.11,0,34,0.11,-43,-0.14,86,0.09,2
1967,Exit short,2020-02-05 08:00,TX30,302.21,100,30184,-37,-0.12,0,42,0.14,-52,-0.17,49,0.05,2
1967,Entry short,2020-02-05 07:30,C0|S|MKT|15|v0.3.0-tier0|SPY,301.84,100,30184,-37,-0.12,0,42,0.14,-52,-0.17,49,0.05,2
1968,Exit long,2020-02-10 07:30,TX30,303.83,100,30335,48,0.16,0,49,0.16,-4,-0.01,97,0.10,2
1968,Entry long,2020-02-10 07:00,C0|L|MKT|15|v0.3.0-tier0|SPY,303.35,100,30335,48,0.16,0,49,0.16,-4,-0.01,97,0.10,2
1969,Exit long,2020-02-11 07:45,TX30,307.08,100,30699,9,0.03,0,21,0.07,-16,-0.05,106,0.11,2
1969,Entry long,2020-02-11 07:15,C0|L|MKT|15|v0.3.0-tier0|SPY,306.99,100,30699,9,0.03,0,21,0.07,-16,-0.05,106,0.11,2
1970,Exit short,2020-02-14 07:30,TX30,307.38,100,30721,-17,-0.06,0,31,0.10,-26,-0.08,89,0.09,2
1970,Entry short,2020-02-14 07:00,C0|S|MKT|15|v0.3.0-tier0|SPY,307.21,100,30721,-17,-0.06,0,31,0.10,-26,-0.08,89,0.09,2
1971,Exit short,2020-02-18 08:00,TX30,306.63,100,30626,-37,-0.12,0,1,0.00,-59,-0.19,52,0.05,2
1971,Entry short,2020-02-18 07:30,C0|S|MKT|15|v0.3.0-tier0|SPY,306.26,100,30626,-37,-0.12,0,1,0.00,-59,-0.19,52,0.05,2
1972,Exit long,2020-02-19 07:30,TX30,308.21,100,30824,-3,-0.01,0,13,0.04,-19,-0.06,49,0.05,2
1972,Entry long,2020-02-19 07:00,C0|L|MKT|15|v0.3.0-tier0|SPY,308.24,100,30824,-3,-0.01,0,13,0.04,-19,-0.06,49,0.05,2
1973,Exit long,2020-02-20 07:30,TX30,308.38,100,30834,4,0.01,0,33,0.11,-10,-0.03,53,0.05,2
1973,Entry long,2020-02-20 07:00,C0|L|MKT|15|v0.3.0-tier0|SPY,308.34,100,30834,4,0.01,0,33,0.11,-10,-0.03,53,0.05,2
1974,Exit short,2020-02-21 07:30,TX30,304.63,100,30453,-10,-0.03,0,50,0.16,-45,-0.15,43,0.04,2
1974,Entry short,2020-02-21 07:00,C0|S|MKT|15|v0.3.0-tier0|SPY,304.53,100,30453,-10,-0.03,0,50,0.16,-45,-0.15,43,0.04,2
1975,Exit long,2020-02-24 07:30,TX30,295.64,100,29653,-89,-0.30,0,48,0.16,-94,-0.32,-46,-0.05,2
1975,Entry long,2020-02-24 07:00,C0|L|MKT|15|v0.3.0-tier0|SPY,296.53,100,29653,-89,-0.30,0,48,0.16,-94,-0.32,-46,-0.05,2
1976,Exit short,2020-02-25 07:45,TX30,292.67,100,29401,134,0.46,0,279,0.95,-19,-0.06,88,0.09,2
1976,Entry short,2020-02-25 07:15,C0|S|MKT|15|v0.3.0-tier0|SPY,294.01,100,29401,134,0.46,0,279,0.95,-19,-0.06,88,0.09,2
1977,Exit short,2020-02-27 08:00,TX30,278.48,100,27579,-269,-0.98,0,173,0.63,-273,-0.99,-181,-0.18,2
1977,Entry short,2020-02-27 07:30,C0|S|MKT|15|v0.3.0-tier0|SPY,275.79,100,27579,-269,-0.98,0,173,0.63,-273,-0.99,-181,-0.18,2
1978,Exit short,2020-02-28 07:30,TX30,261.03,100,26211,108,0.41,0,183,0.70,-171,-0.65,-73,-0.07,2
1978,Entry short,2020-02-28 07:00,C0|S|MKT|15|v0.3.0-tier0|SPY,262.11,100,26211,108,0.41,0,183,0.70,-171,-0.65,-73,-0.07,2
1979,Exit short,2020-03-03 07:30,TX30,282.11,100,27887,-324,-1.16,0,11,0.04,-717,-2.57,-397,-0.40,2
1979,Entry short,2020-03-03 07:00,C0|S|MKT|15|v0.3.0-tier0|SPY,278.87,100,27887,-324,-1.16,0,11,0.04,-717,-2.57,-397,-0.40,2
1980,Exit long,2020-03-06 08:00,TX30,270.8,100,27018,62,0.23,0,142,0.53,-120,-0.44,-335,-0.33,2
1980,Entry long,2020-03-06 07:30,C0|L|MKT|15|v0.3.0-tier0|SPY,270.18,100,27018,62,0.23,0,142,0.53,-120,-0.44,-335,-0.33,2
1981,Exit long,2020-03-09 07:30,TX30,255.85,100,25506,79,0.31,0,256,1.00,-134,-0.53,-256,-0.26,2
1981,Entry long,2020-03-09 07:00,C0|L|MKT|15|v0.3.0-tier0|SPY,255.06,100,25506,79,0.31,0,256,1.00,-134,-0.53,-256,-0.26,2
1982,Exit short,2020-03-11 08:00,TX30,253.88,100,25412,24,0.09,0,141,0.55,-92,-0.36,-232,-0.23,2
1982,Entry short,2020-03-11 07:30,C0|S|MKT|15|v0.3.0-tier0|SPY,254.12,100,25412,24,0.09,0,141,0.55,-92,-0.36,-232,-0.23,2
1983,Exit long,2020-03-12 07:30,TX30,233.5,100,23572,-222,-0.94,0,2,0.01,-489,-2.07,-454,-0.45,2
1983,Entry long,2020-03-12 07:00,C0|L|MKT|15|v0.3.0-tier0|SPY,235.72,100,23572,-222,-0.94,0,2,0.01,-489,-2.07,-454,-0.45,2
1984,Exit short,2020-03-13 07:30,TX30,236.32,100,23385,-247,-1.06,0,82,0.35,-455,-1.95,-701,-0.70,2
1984,Entry short,2020-03-13 07:00,C0|S|MKT|15|v0.3.0-tier0|SPY,233.85,100,23385,-247,-1.06,0,82,0.35,-455,-1.95,-701,-0.70,2
1985,Exit long,2020-03-16 07:30,TX30,224.12,100,22379,33,0.15,0,175,0.78,-270,-1.21,-668,-0.67,2
1985,Entry long,2020-03-16 07:00,C0|L|MKT|15|v0.3.0-tier0|SPY,223.79,100,22379,33,0.15,0,175,0.78,-270,-1.21,-668,-0.67,2
1986,Exit short,2020-03-17 07:30,TX30,222.22,100,21709,-513,-2.36,0,100,0.46,-568,-2.62,-1181,-1.18,2
1986,Entry short,2020-03-17 07:00,C0|S|MKT|15|v0.3.0-tier0|SPY,217.09,100,21709,-513,-2.36,0,100,0.46,-568,-2.62,-1181,-1.18,2
1987,Exit long,2020-03-18 07:45,TX30,222.69,100,22244,25,0.11,0,125,0.56,-202,-0.91,-1156,-1.16,2
1987,Entry long,2020-03-18 07:15,C0|L|MKT|15|v0.3.0-tier0|SPY,222.44,100,22244,25,0.11,0,125,0.56,-202,-0.91,-1156,-1.16,2
1988,Exit long,2020-03-19 07:45,TX30,218.57,100,22150,-293,-1.32,0,81,0.37,-399,-1.80,-1449,-1.45,2
1988,Entry long,2020-03-19 07:15,C0|L|MKT|15|v0.3.0-tier0|SPY,221.5,100,22150,-293,-1.32,0,81,0.37,-399,-1.80,-1449,-1.45,2
1989,Exit long,2020-03-24 08:00,TX30,217.74,100,21865,-91,-0.42,0,57,0.26,-131,-0.60,-1540,-1.54,2
1989,Entry long,2020-03-24 07:30,C0|L|MKT|15|v0.3.0-tier0|SPY,218.65,100,21865,-91,-0.42,0,57,0.26,-131,-0.60,-1540,-1.54,2
1990,Exit short,2020-03-25 07:30,TX30,222.17,100,22234,17,0.08,0,251,1.13,-64,-0.29,-1523,-1.52,2
1990,Entry short,2020-03-25 07:00,C0|S|MKT|15|v0.3.0-tier0|SPY,222.34,100,22234,17,0.08,0,251,1.13,-64,-0.29,-1523,-1.52,2
1991,Exit long,2020-03-26 07:30,TX30,234.19,100,23268,151,0.65,0,341,1.47,-88,-0.38,-1372,-1.37,2
1991,Entry long,2020-03-26 07:00,C0|L|MKT|15|v0.3.0-tier0|SPY,232.68,100,23268,151,0.65,0,341,1.47,-88,-0.38,-1372,-1.37,2
1992,Exit short,2020-03-31 07:30,TX30,240.16,100,23759,-257,-1.08,0,0,0.00,-348,-1.46,-1629,-1.63,2
1992,Entry short,2020-03-31 07:00,C0|S|MKT|15|v0.3.0-tier0|SPY,237.59,100,23759,-257,-1.08,0,0,0.00,-348,-1.46,-1629,-1.63,2
1993,Exit long,2020-04-02 07:45,TX30,229.96,100,22754,242,1.06,0,413,1.82,-69,-0.30,-1387,-1.39,2
1993,Entry long,2020-04-02 07:15,C0|L|MKT|15|v0.3.0-tier0|SPY,227.54,100,22754,242,1.06,0,413,1.82,-69,-0.30,-1387,-1.39,2
1994,Exit short,2020-04-03 08:00,TX30,228.89,100,22943,54,0.24,0,133,0.58,-26,-0.11,-1333,-1.33,2
1994,Entry short,2020-04-03 07:30,C0|S|MKT|15|v0.3.0-tier0|SPY,229.43,100,22943,54,0.24,0,133,0.58,-26,-0.11,-1333,-1.33,2
1995,Exit long,2020-04-06 07:30,TX30,238.18,100,23818,0,0.00,0,95,0.40,-27,-0.11,-1333,-1.33,2
1995,Entry long,2020-04-06 07:00,C0|L|MKT|15|v0.3.0-tier0|SPY,238.18,100,23818,0,0.00,0,95,0.40,-27,-0.11,-1333,-1.33,2
1996,Exit short,2020-04-07 07:45,TX30,247.54,100,24817,63,0.25,0,126,0.51,-36,-0.15,-1270,-1.27,2
1996,Entry short,2020-04-07 07:15,C0|S|MKT|15|v0.3.0-tier0|SPY,248.17,100,24817,63,0.25,0,126,0.51,-36,-0.15,-1270,-1.27,2
1997,Exit short,2020-04-08 07:30,TX30,245.57,100,24437,-120,-0.49,0,88,0.36,-132,-0.54,-1390,-1.39,2
1997,Entry short,2020-04-08 07:00,C0|S|MKT|15|v0.3.0-tier0|SPY,244.37,100,24437,-120,-0.49,0,88,0.36,-132,-0.54,-1390,-1.39,2
1998,Exit long,2020-04-09 07:30,TX30,256.05,100,25721,-116,-0.45,0,5,0.02,-318,-1.24,-1506,-1.51,2
1998,Entry long,2020-04-09 07:00,C0|L|MKT|15|v0.3.0-tier0|SPY,257.21,100,25721,-116,-0.45,0,5,0.02,-318,-1.24,-1506,-1.51,2
1999,Exit short,2020-04-13 07:30,TX30,250.75,100,25141,66,0.26,0,132,0.53,-123,-0.49,-1440,-1.44,2
1999,Entry short,2020-04-13 07:00,C0|S|MKT|15|v0.3.0-tier0|SPY,251.41,100,25141,66,0.26,0,132,0.53,-123,-0.49,-1440,-1.44,2
2000,Exit long,2020-04-14 07:30,TX30,259.49,100,25936,13,0.05,0,83,0.32,-49,-0.19,-1427,-1.43,2
2000,Entry long,2020-04-14 07:00,C0|L|MKT|15|v0.3.0-tier0|SPY,259.36,100,25936,13,0.05,0,83,0.32,-49,-0.19,-1427,-1.43,2
2001,Exit short,2020-04-15 07:45,TX30,253.35,100,25373,38,0.15,0,117,0.46,-19,-0.07,-1389,-1.39,2
2001,Entry short,2020-04-15 07:15,C0|S|MKT|15|v0.3.0-tier0|SPY,253.73,100,25373,38,0.15,0,117,0.46,-19,-0.07,-1389,-1.39,2
2002,Exit short,2020-04-16 07:30,TX30,254.38,100,25381,-57,-0.22,0,97,0.38,-63,-0.25,-1446,-1.45,2
2002,Entry short,2020-04-16 07:00,C0|S|MKT|15|v0.3.0-tier0|SPY,253.81,100,25381,-57,-0.22,0,97,0.38,-63,-0.25,-1446,-1.45,2
2003,Exit short,2020-04-17 08:00,TX30,259.81,100,26014,33,0.13,0,107,0.41,-16,-0.06,-1413,-1.41,2
2003,Entry short,2020-04-17 07:30,C0|S|MKT|15|v0.3.0-tier0|SPY,260.14,100,26014,33,0.13,0,107,0.41,-16,-0.06,-1413,-1.41,2
2004,Exit long,2020-04-20 07:45,TX30,260.71,100,26026,45,0.17,0,53,0.20,-41,-0.16,-1368,-1.37,2
2004,Entry long,2020-04-20 07:15,C0|L|MKT|15|v0.3.0-tier0|SPY,260.26,100,26026,45,0.17,0,53,0.20,-41,-0.16,-1368,-1.37,2
2005,Exit long,2020-04-21 07:30,TX30,253.92,100,25461,-69,-0.27,0,10,0.04,-155,-0.61,-1437,-1.44,2
2005,Entry long,2020-04-21 07:00,C0|L|MKT|15|v0.3.0-tier0|SPY,254.61,100,25461,-69,-0.27,0,10,0.04,-155,-0.61,-1437,-1.44,2
2006,Exit short,2020-04-22 07:45,TX30,255.21,100,25399,-122,-0.48,0,9,0.04,-151,-0.59,-1559,-1.56,2
2006,Entry short,2020-04-22 07:15,C0|S|MKT|15|v0.3.0-tier0|SPY,253.99,100,25399,-122,-0.48,0,9,0.04,-151,-0.59,-1559,-1.56,2
2007,Exit long,2020-04-23 08:00,TX30,259.77,100,25899,78,0.30,0,135,0.52,-3,-0.01,-1481,-1.48,2
2007,Entry long,2020-04-23 07:30,C0|L|MKT|15|v0.3.0-tier0|SPY,258.99,100,25899,78,0.30,0,135,0.52,-3,-0.01,-1481,-1.48,2
2008,Exit short,2020-04-24 07:30,TX30,256.23,100,25571,-52,-0.20,0,6,0.02,-104,-0.41,-1533,-1.53,2
2008,Entry short,2020-04-24 07:00,C0|S|MKT|15|v0.3.0-tier0|SPY,255.71,100,25571,-52,-0.20,0,6,0.02,-104,-0.41,-1533,-1.53,2
2009,Exit long,2020-04-27 07:45,TX30,262.27,100,26193,34,0.13,0,55,0.21,-18,-0.07,-1499,-1.50,2
2009,Entry long,2020-04-27 07:15,C0|L|MKT|15|v0.3.0-tier0|SPY,261.93,100,26193,34,0.13,0,55,0.21,-18,-0.07,-1499,-1.50,2
2010,Exit short,2020-04-28 07:30,TX30,264.83,100,26540,57,0.21,0,86,0.32,-47,-0.18,-1442,-1.44,2
2010,Entry short,2020-04-28 07:00,C0|S|MKT|15|v0.3.0-tier0|SPY,265.4,100,26540,57,0.21,0,86,0.32,-47,-0.18,-1442,-1.44,2
2011,Exit long,2020-04-29 07:30,TX30,267.82,100,26768,14,0.05,0,14,0.05,-104,-0.39,-1428,-1.43,2
2011,Entry long,2020-04-29 07:00,C0|L|MKT|15|v0.3.0-tier0|SPY,267.68,100,26768,14,0.05,0,14,0.05,-104,-0.39,-1428,-1.43,2
2012,Exit long,2020-04-30 08:00,TX30,266.86,100,26776,-90,-0.34,0,18,0.07,-134,-0.50,-1518,-1.52,2
2012,Entry long,2020-04-30 07:30,C0|L|MKT|15|v0.3.0-tier0|SPY,267.76,100,26776,-90,-0.34,0,18,0.07,-134,-0.50,-1518,-1.52,2
2013,Exit long,2020-05-04 07:45,TX30,258.05,100,25790,15,0.06,0,76,0.29,-54,-0.21,-1503,-1.50,2
2013,Entry long,2020-05-04 07:15,C0|L|MKT|15|v0.3.0-tier0|SPY,257.9,100,25790,15,0.06,0,76,0.29,-54,-0.21,-1503,-1.50,2
2014,Exit long,2020-05-05 07:30,TX30,263.6,100,26421,-61,-0.23,0,28,0.11,-73,-0.28,-1564,-1.56,2
2014,Entry long,2020-05-05 07:00,C0|L|MKT|15|v0.3.0-tier0|SPY,264.21,100,26421,-61,-0.23,0,28,0.11,-73,-0.28,-1564,-1.56,2
2015,Exit short,2020-05-06 07:30,TX30,262.69,100,26253,-16,-0.06,0,117,0.45,-25,-0.10,-1580,-1.58,2
2015,Entry short,2020-05-06 07:00,C0|S|MKT|15|v0.3.0-tier0|SPY,262.53,100,26253,-16,-0.06,0,117,0.45,-25,-0.10,-1580,-1.58,2
2016,Exit short,2020-05-07 07:45,TX30,264.42,100,26364,-78,-0.30,0,16,0.06,-100,-0.38,-1658,-1.66,2
2016,Entry short,2020-05-07 07:15,C0|S|MKT|15|v0.3.0-tier0|SPY,263.64,100,26364,-78,-0.30,0,16,0.06,-100,-0.38,-1658,-1.66,2
2017,Exit short,2020-05-12 07:30,TX30,267.76,100,26797,21,0.08,0,38,0.14,-38,-0.14,-1637,-1.64,2
2017,Entry short,2020-05-12 07:00,C0|S|MKT|15|v0.3.0-tier0|SPY,267.97,100,26797,21,0.08,0,38,0.14,-38,-0.14,-1637,-1.64,2
2018,Exit short,2020-05-14 07:30,TX30,254.31,100,25392,-39,-0.15,0,51,0.20,-123,-0.48,-1676,-1.68,2
2018,Entry short,2020-05-14 07:00,C0|S|MKT|15|v0.3.0-tier0|SPY,253.92,100,25392,-39,-0.15,0,51,0.20,-123,-0.48,-1676,-1.68,2
2019,Exit long,2020-05-15 07:30,TX30,260.39,100,26026,13,0.05,0,112,0.43,-42,-0.16,-1663,-1.66,2
2019,Entry long,2020-05-15 07:00,C0|L|MKT|15|v0.3.0-tier0|SPY,260.26,100,26026,13,0.05,0,112,0.43,-42,-0.16,-1663,-1.66,2
2020,Exit long,2020-05-19 07:45,TX30,269.82,100,27101,-119,-0.44,0,1,0.00,-126,-0.46,-1782,-1.78,2
2020,Entry long,2020-05-19 07:15,C0|L|MKT|15|v0.3.0-tier0|SPY,271.01,100,27101,-119,-0.44,0,1,0.00,-126,-0.46,-1782,-1.78,2
2021,Exit long,2020-05-20 07:30,TX30,272.63,100,27195,68,0.25,0,86,0.32,-11,-0.04,-1714,-1.71,2
2021,Entry long,2020-05-20 07:00,C0|L|MKT|15|v0.3.0-tier0|SPY,271.95,100,27195,68,0.25,0,86,0.32,-11,-0.04,-1714,-1.71,2
2022,Exit short,2020-05-26 07:30,TX30,276.3,100,27580,-50,-0.18,0,40,0.15,-53,-0.19,-1764,-1.76,2
2022,Entry short,2020-05-26 07:00,C0|S|MKT|15|v0.3.0-tier0|SPY,275.8,100,27580,-50,-0.18,0,40,0.15,-53,-0.19,-1764,-1.76,2
2023,Exit short,2020-05-27 07:30,TX30,274.96,100,27491,-5,-0.02,0,51,0.19,-69,-0.25,-1769,-1.77,2
2023,Entry short,2020-05-27 07:00,C0|S|MKT|15|v0.3.0-tier0|SPY,274.91,100,27491,-5,-0.02,0,51,0.19,-69,-0.25,-1769,-1.77,2
2024,Exit short,2020-05-29 08:00,TX30,276.01,100,27650,49,0.18,0,85,0.31,-43,-0.16,-1720,-1.72,2
2024,Entry short,2020-05-29 07:30,C0|S|MKT|15|v0.3.0-tier0|SPY,276.5,100,27650,49,0.18,0,85,0.31,-43,-0.16,-1720,-1.72,2
2025,Exit long,2020-06-01 07:45,TX30,279.85,100,27949,36,0.13,0,40,0.14,-23,-0.08,-1684,-1.68,2
2025,Entry long,2020-06-01 07:15,C0|L|MKT|15|v0.3.0-tier0|SPY,279.49,100,27949,36,0.13,0,40,0.14,-23,-0.08,-1684,-1.68,2
2026,Exit long,2020-06-02 08:00,TX30,280.93,100,28164,-71,-0.25,0,8,0.03,-122,-0.43,-1755,-1.75,2
2026,Entry long,2020-06-02 07:30,C0|L|MKT|15|v0.3.0-tier0|SPY,281.64,100,28164,-71,-0.25,0,8,0.03,-122,-0.43,-1755,-1.75,2
2027,Exit long,2020-06-03 08:00,TX30,285.15,100,28508,7,0.02,0,39,0.14,-13,-0.05,-1748,-1.75,2
2027,Entry long,2020-06-03 07:30,C0|L|MKT|15|v0.3.0-tier0|SPY,285.08,100,28508,7,0.02,0,39,0.14,-13,-0.05,-1748,-1.75,2
2028,Exit long,2020-06-04 07:30,TX30,286.59,100,28615,44,0.15,0,51,0.18,-18,-0.06,-1704,-1.70,2
2028,Entry long,2020-06-04 07:00,C0|L|MKT|15|v0.3.0-tier0|SPY,286.15,100,28615,44,0.15,0,51,0.18,-18,-0.06,-1704,-1.70,2
2029,Exit long,2020-06-05 07:45,TX30,291.89,100,29203,-14,-0.05,0,10,0.03,-65,-0.22,-1718,-1.72,2
2029,Entry long,2020-06-05 07:15,C0|L|MKT|15|v0.3.0-tier0|SPY,292.03,100,29203,-14,-0.05,0,10,0.03,-65,-0.22,-1718,-1.72,2
2030,Exit short,2020-06-08 08:00,TX30,294.09,100,29332,-77,-0.26,0,26,0.09,-93,-0.32,-1795,-1.80,2
2030,Entry short,2020-06-08 07:30,C0|S|MKT|15|v0.3.0-tier0|SPY,293.32,100,29332,-77,-0.26,0,26,0.09,-93,-0.32,-1795,-1.80,2
2031,Exit short,2020-06-09 07:45,TX30,293.94,100,29286,-108,-0.37,0,4,0.01,-108,-0.37,-1903,-1.90,2
2031,Entry short,2020-06-09 07:15,C0|S|MKT|15|v0.3.0-tier0|SPY,292.86,100,29286,-108,-0.37,0,4,0.01,-108,-0.37,-1903,-1.90,2
2032,Exit short,2020-06-10 07:30,TX30,292.49,100,29367,118,0.40,0,152,0.52,-26,-0.09,-1785,-1.78,2
2032,Entry short,2020-06-10 07:00,C0|S|MKT|15|v0.3.0-tier0|SPY,293.67,100,29367,118,0.40,0,152,0.52,-26,-0.09,-1785,-1.78,2
2033,Exit short,2020-06-12 07:45,TX30,279.87,100,28124,137,0.49,0,195,0.69,-72,-0.26,-1648,-1.65,2
2033,Entry short,2020-06-12 07:15,C0|S|MKT|15|v0.3.0-tier0|SPY,281.24,100,28124,137,0.49,0,195,0.69,-72,-0.26,-1648,-1.65,2
2034,Exit long,2020-06-15 07:30,TX30,275.03,100,27502,1,0.00,0,126,0.46,-50,-0.18,-1647,-1.65,2
2034,Entry long,2020-06-15 07:00,C0|L|MKT|15|v0.3.0-tier0|SPY,275.02,100,27502,1,0.00,0,126,0.46,-50,-0.18,-1647,-1.65,2
2035,Exit short,2020-06-17 08:00,TX30,286.81,100,28574,-107,-0.37,0,45,0.16,-159,-0.56,-1754,-1.75,2
2035,Entry short,2020-06-17 07:30,C0|S|MKT|15|v0.3.0-tier0|SPY,285.74,100,28574,-107,-0.37,0,45,0.16,-159,-0.56,-1754,-1.75,2
2036,Exit long,2020-06-18 07:45,TX30,285.61,100,28575,-14,-0.05,0,41,0.14,-132,-0.46,-1768,-1.77,2
2036,Entry long,2020-06-18 07:15,C0|L|MKT|15|v0.3.0-tier0|SPY,285.75,100,28575,-14,-0.05,0,41,0.14,-132,-0.46,-1768,-1.77,2
2037,Exit short,2020-06-19 07:30,TX30,288.29,100,28821,-8,-0.03,0,22,0.08,-37,-0.13,-1776,-1.78,2
2037,Entry short,2020-06-19 07:00,C0|S|MKT|15|v0.3.0-tier0|SPY,288.21,100,28821,-8,-0.03,0,22,0.08,-37,-0.13,-1776,-1.78,2
2038,Exit long,2020-06-22 07:30,TX30,284.93,100,28415,78,0.27,0,102,0.36,-22,-0.08,-1698,-1.70,2
2038,Entry long,2020-06-22 07:00,C0|L|MKT|15|v0.3.0-tier0|SPY,284.15,100,28415,78,0.27,0,102,0.36,-22,-0.08,-1698,-1.70,2
2039,Exit short,2020-06-24 07:30,TX30,283.88,100,28336,-52,-0.18,0,62,0.22,-60,-0.21,-1750,-1.75,2
2039,Entry short,2020-06-24 07:00,C0|S|MKT|15|v0.3.0-tier0|SPY,283.36,100,28336,-52,-0.18,0,62,0.22,-60,-0.21,-1750,-1.75,2
2040,Exit long,2020-06-25 07:45,TX30,279.98,100,28027,-29,-0.10,0,58,0.21,-57,-0.20,-1779,-1.78,2
2040,Entry long,2020-06-25 07:15,C0|L|MKT|15|v0.3.0-tier0|SPY,280.27,100,28027,-29,-0.10,0,58,0.21,-57,-0.20,-1779,-1.78,2
2041,Exit short,2020-06-26 07:45,TX30,277.98,100,27970,172,0.61,0,244,0.87,0,0.00,-1607,-1.61,2
2041,Entry short,2020-06-26 07:15,C0|S|MKT|15|v0.3.0-tier0|SPY,279.7,100,27970,172,0.61,0,244,0.87,0,0.00,-1607,-1.61,2
2042,Exit long,2020-06-29 08:00,TX30,278.67,100,27810,57,0.20,0,132,0.47,-6,-0.02,-1550,-1.55,2
2042,Entry long,2020-06-29 07:30,C0|L|MKT|15|v0.3.0-tier0|SPY,278.1,100,27810,57,0.20,0,132,0.47,-6,-0.02,-1550,-1.55,2
2043,Exit long,2020-06-30 07:45,TX30,281.49,100,28123,26,0.09,0,53,0.19,-18,-0.06,-1524,-1.52,2
2043,Entry long,2020-06-30 07:15,C0|L|MKT|15|v0.3.0-tier0|SPY,281.23,100,28123,26,0.09,0,53,0.19,-18,-0.06,-1524,-1.52,2
2044,Exit long,2020-07-01 08:00,TX30,286.05,100,28633,-28,-0.10,0,30,0.10,-107,-0.37,-1552,-1.55,2
2044,Entry long,2020-07-01 07:30,C0|L|MKT|15|v0.3.0-tier0|SPY,286.33,100,28633,-28,-0.10,0,30,0.10,-107,-0.37,-1552,-1.55,2
2045,Exit short,2020-07-02 08:00,TX30,288.13,100,28880,67,0.23,0,73,0.25,-66,-0.23,-1485,-1.48,2
2045,Entry short,2020-07-02 07:30,C0|S|MKT|15|v0.3.0-tier0|SPY,288.8,100,28880,67,0.23,0,73,0.25,-66,-0.23,-1485,-1.48,2
2046,Exit long,2020-07-06 07:30,TX30,290.96,100,29171,-75,-0.26,0,64,0.22,-109,-0.37,-1560,-1.56,2
2046,Entry long,2020-07-06 07:00,C0|L|MKT|15|v0.3.0-tier0|SPY,291.71,100,29171,-75,-0.26,0,64,0.22,-109,-0.37,-1560,-1.56,2
2047,Exit long,2020-07-07 07:30,TX30,291.72,100,29101,71,0.24,0,95,0.33,-14,-0.05,-1489,-1.49,2
2047,Entry long,2020-07-07 07:00,C0|L|MKT|15|v0.3.0-tier0|SPY,291.01,100,29101,71,0.24,0,95,0.33,-14,-0.05,-1489,-1.49,2
2048,Exit long,2020-07-08 07:30,TX30,290.3,100,29112,-82,-0.28,0,15,0.05,-91,-0.31,-1571,-1.57,2
2048,Entry long,2020-07-08 07:00,C0|L|MKT|15|v0.3.0-tier0|SPY,291.12,100,29112,-82,-0.28,0,15,0.05,-91,-0.31,-1571,-1.57,2
2049,Exit short,2020-07-09 08:00,TX30,287.29,100,29021,292,1.01,0,303,1.04,-24,-0.08,-1279,-1.28,2
2049,Entry short,2020-07-09 07:30,C0|S|MKT|15|v0.3.0-tier0|SPY,290.21,100,29021,292,1.01,0,303,1.04,-24,-0.08,-1279,-1.28,2
2050,Exit short,2020-07-13 07:30,TX30,295.71,100,29432,-139,-0.47,0,32,0.11,-139,-0.47,-1418,-1.42,2
2050,Entry short,2020-07-13 07:00,C0|S|MKT|15|v0.3.0-tier0|SPY,294.32,100,29432,-139,-0.47,0,32,0.11,-139,-0.47,-1418,-1.42,2
2051,Exit short,2020-07-14 07:45,TX30,290.44,100,28772,-272,-0.95,0,8,0.03,-295,-1.03,-1690,-1.69,2
2051,Entry short,2020-07-14 07:15,C0|S|MKT|15|v0.3.0-tier0|SPY,287.72,100,28772,-272,-0.95,0,8,0.03,-295,-1.03,-1690,-1.69,2
2052,Exit short,2020-07-17 07:45,TX30,294.87,100,29562,75,0.25,0,116,0.39,-21,-0.07,-1615,-1.62,2
2052,Entry short,2020-07-17 07:15,C0|S|MKT|15|v0.3.0-tier0|SPY,295.62,100,29562,75,0.25,0,116,0.39,-21,-0.07,-1615,-1.62,2
2053,Exit long,2020-07-20 08:00,TX30,296.99,100,29712,-13,-0.04,0,35,0.12,-20,-0.07,-1628,-1.63,2
2053,Entry long,2020-07-20 07:30,C0|L|MKT|15|v0.3.0-tier0|SPY,297.12,100,29712,-13,-0.04,0,35,0.12,-20,-0.07,-1628,-1.63,2
2054,Exit long,2020-07-21 07:30,TX30,300,100,30091,-91,-0.30,0,13,0.04,-116,-0.39,-1719,-1.72,2
2054,Entry long,2020-07-21 07:00,C0|L|MKT|15|v0.3.0-tier0|SPY,300.91,100,30091,-91,-0.30,0,13,0.04,-116,-0.39,-1719,-1.72,2
2055,Exit long,2020-07-22 07:30,TX30,299.55,100,29996,-41,-0.14,0,26,0.09,-41,-0.14,-1760,-1.76,2
2055,Entry long,2020-07-22 07:00,C0|L|MKT|15|v0.3.0-tier0|SPY,299.96,100,29996,-41,-0.14,0,26,0.09,-41,-0.14,-1760,-1.76,2
2056,Exit long,2020-07-23 07:30,TX30,300.6,100,30111,-51,-0.17,0,10,0.03,-133,-0.44,-1811,-1.81,2
2056,Entry long,2020-07-23 07:00,C0|L|MKT|15|v0.3.0-tier0|SPY,301.11,100,30111,-51,-0.17,0,10,0.03,-133,-0.44,-1811,-1.81,2
2057,Exit long,2020-07-24 08:00,TX30,296.37,100,29590,47,0.16,0,48,0.16,-103,-0.35,-1764,-1.76,2
2057,Entry long,2020-07-24 07:30,C0|L|MKT|15|v0.3.0-tier0|SPY,295.9,100,29590,47,0.16,0,48,0.16,-103,-0.35,-1764,-1.76,2
2058,Exit long,2020-07-27 07:30,TX30,297.05,100,29710,-5,-0.02,0,25,0.08,-21,-0.07,-1769,-1.77,2
2058,Entry long,2020-07-27 07:00,C0|L|MKT|15|v0.3.0-tier0|SPY,297.1,100,29710,-5,-0.02,0,25,0.08,-21,-0.07,-1769,-1.77,2
2059,Exit short,2020-07-28 07:30,TX30,297.31,100,29637,-94,-0.32,0,8,0.03,-104,-0.35,-1863,-1.86,2
2059,Entry short,2020-07-28 07:00,C0|S|MKT|15|v0.3.0-tier0|SPY,296.37,100,29637,-94,-0.32,0,8,0.03,-104,-0.35,-1863,-1.86,2
2060,Exit long,2020-07-29 07:45,TX30,297.94,100,29766,28,0.09,0,28,0.09,-4,-0.01,-1835,-1.84,2
2060,Entry long,2020-07-29 07:15,C0|L|MKT|15|v0.3.0-tier0|SPY,297.66,100,29766,28,0.09,0,28,0.09,-4,-0.01,-1835,-1.84,2
2061,Exit short,2020-07-30 07:30,TX30,295.39,100,29482,-57,-0.19,0,46,0.16,-77,-0.26,-1892,-1.89,2
2061,Entry short,2020-07-30 07:00,C0|S|MKT|15|v0.3.0-tier0|SPY,294.82,100,29482,-57,-0.19,0,46,0.16,-77,-0.26,-1892,-1.89,2
2062,Exit short,2020-07-31 07:45,TX30,297.43,100,29785,42,0.14,0,92,0.31,-9,-0.03,-1850,-1.85,2
2062,Entry short,2020-07-31 07:15,C0|S|MKT|15|v0.3.0-tier0|SPY,297.85,100,29785,42,0.14,0,92,0.31,-9,-0.03,-1850,-1.85,2
2063,Exit long,2020-08-03 07:45,TX30,302.44,100,30291,-47,-0.16,0,19,0.06,-48,-0.16,-1897,-1.90,2
2063,Entry long,2020-08-03 07:15,C0|L|MKT|15|v0.3.0-tier0|SPY,302.91,100,30291,-47,-0.16,0,19,0.06,-48,-0.16,-1897,-1.90,2
2064,Exit long,2020-08-04 07:30,TX30,302.81,100,30265,16,0.05,0,63,0.21,-9,-0.03,-1881,-1.88,2
2064,Entry long,2020-08-04 07:00,C0|L|MKT|15|v0.3.0-tier0|SPY,302.65,100,30265,16,0.05,0,63,0.21,-9,-0.03,-1881,-1.88,2
2065,Exit long,2020-08-05 07:30,TX30,305.73,100,30565,8,0.03,0,20,0.07,-15,-0.05,-1873,-1.87,2
2065,Entry long,2020-08-05 07:00,C0|L|MKT|15|v0.3.0-tier0|SPY,305.65,100,30565,8,0.03,0,20,0.07,-15,-0.05,-1873,-1.87,2
2066,Exit long,2020-08-06 07:30,TX30,306.21,100,30603,18,0.06,0,30,0.10,-30,-0.10,-1855,-1.85,2
2066,Entry long,2020-08-06 07:00,C0|L|MKT|15|v0.3.0-tier0|SPY,306.03,100,30603,18,0.06,0,30,0.10,-30,-0.10,-1855,-1.85,2
2067,Exit long,2020-08-07 07:30,TX30,307.32,100,30744,-12,-0.04,0,23,0.07,-72,-0.23,-1867,-1.87,2
2067,Entry long,2020-08-07 07:00,C0|L|MKT|15|v0.3.0-tier0|SPY,307.44,100,30744,-12,-0.04,0,23,0.07,-72,-0.23,-1867,-1.87,2
2068,Exit short,2020-08-11 07:45,TX30,310,100,30925,-75,-0.24,0,12,0.04,-88,-0.28,-1942,-1.94,2
2068,Entry short,2020-08-11 07:15,C0|S|MKT|15|v0.3.0-tier0|SPY,309.25,100,30925,-75,-0.24,0,12,0.04,-88,-0.28,-1942,-1.94,2
2069,Exit long,2020-08-12 07:30,TX30,310.48,100,30979,69,0.22,0,69,0.22,-26,-0.08,-1873,-1.87,2
2069,Entry long,2020-08-12 07:00,C0|L|MKT|15|v0.3.0-tier0|SPY,309.79,100,30979,69,0.22,0,69,0.22,-26,-0.08,-1873,-1.87,2
2070,Exit long,2020-08-13 07:30,TX30,310.94,100,31112,-18,-0.06,0,13,0.04,-52,-0.17,-1891,-1.89,2
2070,Entry long,2020-08-13 07:00,C0|L|MKT|15|v0.3.0-tier0|SPY,311.12,100,31112,-18,-0.06,0,13,0.04,-52,-0.17,-1891,-1.89,2
2071,Exit long,2020-08-14 07:30,TX30,309.69,100,31005,-36,-0.12,0,18,0.06,-46,-0.15,-1927,-1.93,2
2071,Entry long,2020-08-14 07:00,C0|L|MKT|15|v0.3.0-tier0|SPY,310.05,100,31005,-36,-0.12,0,18,0.06,-46,-0.15,-1927,-1.93,2
2072,Exit short,2020-08-17 07:45,TX30,311.29,100,31096,-33,-0.11,0,17,0.05,-37,-0.12,-1960,-1.96,2
2072,Entry short,2020-08-17 07:15,C0|S|MKT|15|v0.3.0-tier0|SPY,310.96,100,31096,-33,-0.11,0,17,0.05,-37,-0.12,-1960,-1.96,2
2073,Exit short,2020-08-18 07:45,TX30,310.5,100,31093,43,0.14,0,93,0.30,-17,-0.05,-1917,-1.92,2
2073,Entry short,2020-08-18 07:15,C0|S|MKT|15|v0.3.0-tier0|SPY,310.93,100,31093,43,0.14,0,93,0.30,-17,-0.05,-1917,-1.92,2
2074,Exit long,2020-08-20 07:30,TX30,310.48,100,31012,36,0.12,0,53,0.17,-21,-0.07,-1881,-1.88,2
2074,Entry long,2020-08-20 07:00,C0|L|MKT|15|v0.3.0-tier0|SPY,310.12,100,31012,36,0.12,0,53,0.17,-21,-0.07,-1881,-1.88,2
2075,Exit long,2020-08-21 07:30,TX30,311.71,100,31185,-14,-0.04,0,13,0.04,-64,-0.21,-1895,-1.90,2
2075,Entry long,2020-08-21 07:00,C0|L|MKT|15|v0.3.0-tier0|SPY,311.85,100,31185,-14,-0.04,0,13,0.04,-64,-0.21,-1895,-1.90,2
2076,Exit short,2020-08-25 07:45,TX30,315.59,100,31556,-3,-0.01,0,31,0.10,-56,-0.18,-1898,-1.90,2
2076,Entry short,2020-08-25 07:15,C0|S|MKT|15|v0.3.0-tier0|SPY,315.56,100,31556,-3,-0.01,0,31,0.10,-56,-0.18,-1898,-1.90,2
2077,Exit long,2020-08-26 08:00,TX30,317.93,100,31763,30,0.09,0,38,0.12,-5,-0.02,-1868,-1.87,2
2077,Entry long,2020-08-26 07:30,C0|L|MKT|15|v0.3.0-tier0|SPY,317.63,100,31763,30,0.09,0,38,0.12,-5,-0.02,-1868,-1.87,2
2078,Exit long,2020-08-27 07:30,TX30,321.6,100,32164,-4,-0.01,0,7,0.02,-160,-0.50,-1872,-1.87,2
2078,Entry long,2020-08-27 07:00,C0|L|MKT|15|v0.3.0-tier0|SPY,321.64,100,32164,-4,-0.01,0,7,0.02,-160,-0.50,-1872,-1.87,2
2079,Exit long,2020-09-01 07:30,TX30,323.6,100,32279,81,0.25,0,81,0.25,-30,-0.09,-1791,-1.79,2
2079,Entry long,2020-09-01 07:00,C0|L|MKT|15|v0.3.0-tier0|SPY,322.79,100,32279,81,0.25,0,81,0.25,-30,-0.09,-1791,-1.79,2
2080,Exit long,2020-09-02 08:00,TX30,326.83,100,32689,-6,-0.02,0,30,0.09,-49,-0.15,-1797,-1.80,2
2080,Entry long,2020-09-02 07:30,C0|L|MKT|15|v0.3.0-tier0|SPY,326.89,100,32689,-6,-0.02,0,30,0.09,-49,-0.15,-1797,-1.80,2
2081,Exit short,2020-09-03 07:45,TX30,323.91,100,32663,272,0.83,0,301,0.92,0,0.00,-1525,-1.52,2
2081,Entry short,2020-09-03 07:15,C0|S|MKT|15|v0.3.0-tier0|SPY,326.63,100,32663,272,0.83,0,301,0.92,0,0.00,-1525,-1.52,2
2082,Exit short,2020-09-04 07:30,TX30,312.42,100,31632,390,1.23,0,405,1.28,-113,-0.36,-1135,-1.13,2
2082,Entry short,2020-09-04 07:00,C0|S|MKT|15|v0.3.0-tier0|SPY,316.32,100,31632,390,1.23,0,405,1.28,-113,-0.36,-1135,-1.13,2
2083,Exit long,2020-09-08 07:45,TX30,309.97,100,31064,-67,-0.22,0,67,0.22,-124,-0.40,-1202,-1.20,2
2083,Entry long,2020-09-08 07:15,C0|L|MKT|15|v0.3.0-tier0|SPY,310.64,100,31064,-67,-0.22,0,67,0.22,-124,-0.40,-1202,-1.20,2
2084,Exit long,2020-09-09 07:30,TX30,312.56,100,31141,115,0.37,0,154,0.49,-4,-0.01,-1087,-1.09,2
2084,Entry long,2020-09-09 07:00,C0|L|MKT|15|v0.3.0-tier0|SPY,311.41,100,31141,115,0.37,0,154,0.49,-4,-0.01,-1087,-1.09,2
2085,Exit short,2020-09-11 07:30,TX30,308.99,100,30770,-129,-0.42,0,37,0.12,-176,-0.57,-1216,-1.22,2
2085,Entry short,2020-09-11 07:00,C0|S|MKT|15|v0.3.0-tier0|SPY,307.7,100,30770,-129,-0.42,0,37,0.12,-176,-0.57,-1216,-1.22,2
2086,Exit long,2020-09-14 07:30,TX30,313.25,100,31221,104,0.33,0,124,0.40,-23,-0.07,-1112,-1.11,2
2086,Entry long,2020-09-14 07:00,C0|L|MKT|15|v0.3.0-tier0|SPY,312.21,100,31221,104,0.33,0,124,0.40,-23,-0.07,-1112,-1.11,2
2087,Exit long,2020-09-17 07:30,TX30,309.16,100,30866,50,0.16,0,151,0.49,-30,-0.10,-1062,-1.06,2
2087,Entry long,2020-09-17 07:00,C0|L|MKT|15|v0.3.0-tier0|SPY,308.66,100,30866,50,0.16,0,151,0.49,-30,-0.10,-1062,-1.06,2
2088,Exit short,2020-09-18 07:30,TX30,309.25,100,30874,-51,-0.17,0,3,0.01,-98,-0.32,-1113,-1.11,2
2088,Entry short,2020-09-18 07:00,C0|S|MKT|15|v0.3.0-tier0|SPY,308.74,100,30874,-51,-0.17,0,3,0.01,-98,-0.32,-1113,-1.11,2
2089,Exit short,2020-09-21 08:00,TX30,298.37,100,29834,-3,-0.01,0,87,0.29,-43,-0.14,-1116,-1.12,2
2089,Entry short,2020-09-21 07:30,C0|S|MKT|15|v0.3.0-tier0|SPY,298.34,100,29834,-3,-0.01,0,87,0.29,-43,-0.14,-1116,-1.12,2
2090,Exit short,2020-09-22 07:30,TX30,304,100,30277,-123,-0.41,0,10,0.03,-124,-0.41,-1239,-1.24,2
2090,Entry short,2020-09-22 07:00,C0|S|MKT|15|v0.3.0-tier0|SPY,302.77,100,30277,-123,-0.41,0,10,0.03,-124,-0.41,-1239,-1.24,2
2091,Exit short,2020-09-23 07:30,TX30,304.82,100,30495,13,0.04,0,85,0.28,-40,-0.13,-1226,-1.23,2
2091,Entry short,2020-09-23 07:00,C0|S|MKT|15|v0.3.0-tier0|SPY,304.95,100,30495,13,0.04,0,85,0.28,-40,-0.13,-1226,-1.23,2
2092,Exit long,2020-09-24 07:30,TX30,298.31,100,29790,41,0.14,0,225,0.76,0,0.00,-1185,-1.18,2
2092,Entry long,2020-09-24 07:00,C0|L|MKT|15|v0.3.0-tier0|SPY,297.9,100,29790,41,0.14,0,225,0.76,0,0.00,-1185,-1.18,2
2093,Exit short,2020-09-25 07:45,TX30,300.45,100,29765,-280,-0.94,0,15,0.05,-311,-1.04,-1465,-1.46,2
2093,Entry short,2020-09-25 07:15,C0|S|MKT|15|v0.3.0-tier0|SPY,297.65,100,29765,-280,-0.94,0,15,0.05,-311,-1.04,-1465,-1.46,2
2094,Exit long,2020-09-28 08:00,TX30,308,100,30880,-80,-0.26,0,44,0.14,-109,-0.35,-1545,-1.54,2
2094,Entry long,2020-09-28 07:30,C0|L|MKT|15|v0.3.0-tier0|SPY,308.8,100,30880,-80,-0.26,0,44,0.14,-109,-0.35,-1545,-1.54,2
2095,Exit long,2020-09-29 07:45,TX30,308.16,100,30929,-113,-0.37,0,23,0.07,-127,-0.41,-1658,-1.66,2
2095,Entry long,2020-09-29 07:15,C0|L|MKT|15|v0.3.0-tier0|SPY,309.29,100,30929,-113,-0.37,0,23,0.07,-127,-0.41,-1658,-1.66,2
2096,Exit long,2020-09-30 07:30,TX30,310.59,100,30983,76,0.25,0,111,0.36,-8,-0.03,-1582,-1.58,2
2096,Entry long,2020-09-30 07:00,C0|L|MKT|15|v0.3.0-tier0|SPY,309.83,100,30983,76,0.25,0,111,0.36,-8,-0.03,-1582,-1.58,2
2097,Exit short,2020-10-01 07:30,TX30,310.83,100,31137,54,0.17,0,109,0.35,-27,-0.09,-1528,-1.53,2
2097,Entry short,2020-10-01 07:00,C0|S|MKT|15|v0.3.0-tier0|SPY,311.37,100,31137,54,0.17,0,109,0.35,-27,-0.09,-1528,-1.53,2
2098,Exit long,2020-10-02 07:45,TX30,308.61,100,30965,-104,-0.34,0,20,0.06,-107,-0.35,-1632,-1.63,2
2098,Entry long,2020-10-02 07:15,C0|L|MKT|15|v0.3.0-tier0|SPY,309.65,100,30965,-104,-0.34,0,20,0.06,-107,-0.35,-1632,-1.63,2
2099,Exit long,2020-10-05 07:45,TX30,312.74,100,31199,75,0.24,0,94,0.30,-2,-0.01,-1557,-1.56,2
2099,Entry long,2020-10-05 07:15,C0|L|MKT|15|v0.3.0-tier0|SPY,311.99,100,31199,75,0.24,0,94,0.30,-2,-0.01,-1557,-1.56,2
2100,Exit long,2020-10-06 08:00,TX30,314.31,100,31466,-35,-0.11,0,20,0.06,-116,-0.37,-1592,-1.59,2
2100,Entry long,2020-10-06 07:30,C0|L|MKT|15|v0.3.0-tier0|SPY,314.66,100,31466,-35,-0.11,0,20,0.06,-116,-0.37,-1592,-1.59,2
2101,Exit long,2020-10-08 07:30,TX30,316.95,100,31732,-37,-0.12,0,22,0.07,-82,-0.26,-1629,-1.63,2
2101,Entry long,2020-10-08 07:00,C0|L|MKT|15|v0.3.0-tier0|SPY,317.32,100,31732,-37,-0.12,0,22,0.07,-82,-0.26,-1629,-1.63,2
2102,Exit short,2020-10-09 07:45,TX30,319.32,100,31905,-27,-0.08,0,17,0.05,-39,-0.12,-1656,-1.66,2
2102,Entry short,2020-10-09 07:15,C0|S|MKT|15|v0.3.0-tier0|SPY,319.05,100,31905,-27,-0.08,0,17,0.05,-39,-0.12,-1656,-1.66,2
2103,Exit long,2020-10-12 07:45,TX30,323.9,100,32352,38,0.12,0,49,0.15,-7,-0.02,-1618,-1.62,2
2103,Entry long,2020-10-12 07:15,C0|L|MKT|15|v0.3.0-tier0|SPY,323.52,100,32352,38,0.12,0,49,0.15,-7,-0.02,-1618,-1.62,2
2104,Exit short,2020-10-13 07:45,TX30,324.43,100,32458,15,0.05,0,30,0.09,-59,-0.18,-1603,-1.60,2
2104,Entry short,2020-10-13 07:15,C0|S|MKT|15|v0.3.0-tier0|SPY,324.58,100,32458,15,0.05,0,30,0.09,-59,-0.18,-1603,-1.60,2
2105,Exit long,2020-10-14 07:30,TX30,323.79,100,32521,-142,-0.44,0,5,0.02,-152,-0.47,-1745,-1.74,2
2105,Entry long,2020-10-14 07:00,C0|L|MKT|15|v0.3.0-tier0|SPY,325.21,100,32521,-142,-0.44,0,5,0.02,-152,-0.47,-1745,-1.74,2
2106,Exit long,2020-10-15 07:30,TX30,318.67,100,31958,-91,-0.28,0,4,0.01,-106,-0.33,-1836,-1.84,2
2106,Entry long,2020-10-15 07:00,C0|L|MKT|15|v0.3.0-tier0|SPY,319.58,100,31958,-91,-0.28,0,4,0.01,-106,-0.33,-1836,-1.84,2
2107,Exit long,2020-10-16 07:45,TX30,323.88,100,32304,84,0.26,0,125,0.39,-4,-0.01,-1752,-1.75,2
2107,Entry long,2020-10-16 07:15,C0|L|MKT|15|v0.3.0-tier0|SPY,323.04,100,32304,84,0.26,0,125,0.39,-4,-0.01,-1752,-1.75,2
2108,Exit short,2020-10-19 07:30,TX30,322.05,100,32219,14,0.04,0,147,0.46,0,0.00,-1738,-1.74,2
2108,Entry short,2020-10-19 07:00,C0|S|MKT|15|v0.3.0-tier0|SPY,322.19,100,32219,14,0.04,0,147,0.46,0,0.00,-1738,-1.74,2
2109,Exit long,2020-10-20 07:30,TX30,318.37,100,31885,-48,-0.15,0,39,0.12,-82,-0.26,-1786,-1.79,2
2109,Entry long,2020-10-20 07:00,C0|L|MKT|15|v0.3.0-tier0|SPY,318.85,100,31885,-48,-0.15,0,39,0.12,-82,-0.26,-1786,-1.79,2
2110,Exit long,2020-10-21 07:30,TX30,318.96,100,31941,-45,-0.14,0,18,0.06,-50,-0.16,-1831,-1.83,2
2110,Entry long,2020-10-21 07:00,C0|L|MKT|15|v0.3.0-tier0|SPY,319.41,100,31941,-45,-0.14,0,18,0.06,-50,-0.16,-1831,-1.83,2
2111,Exit short,2020-10-22 08:00,TX30,316.41,100,31615,-26,-0.08,0,119,0.38,-47,-0.15,-1857,-1.86,2
2111,Entry short,2020-10-22 07:30,C0|S|MKT|15|v0.3.0-tier0|SPY,316.15,100,31615,-26,-0.08,0,119,0.38,-47,-0.15,-1857,-1.86,2
2112,Exit short,2020-10-23 07:45,TX30,318.78,100,31895,17,0.05,0,51,0.16,-28,-0.09,-1840,-1.84,2
2112,Entry short,2020-10-23 07:15,C0|S|MKT|15|v0.3.0-tier0|SPY,318.95,100,31895,17,0.05,0,51,0.16,-28,-0.09,-1840,-1.84,2
2113,Exit short,2020-10-26 08:00,TX30,314.02,100,31572,170,0.54,0,178,0.56,-9,-0.03,-1670,-1.67,2
2113,Entry short,2020-10-26 07:30,C0|S|MKT|15|v0.3.0-tier0|SPY,315.72,100,31572,170,0.54,0,178,0.56,-9,-0.03,-1670,-1.67,2
2114,Exit short,2020-10-27 08:00,TX30,313.33,100,31295,-38,-0.12,0,12,0.04,-107,-0.34,-1708,-1.71,2
2114,Entry short,2020-10-27 07:30,C0|S|MKT|15|v0.3.0-tier0|SPY,312.95,100,31295,-38,-0.12,0,12,0.04,-107,-0.34,-1708,-1.71,2
2115,Exit short,2020-10-28 07:30,TX30,303.98,100,30631,233,0.76,0,284,0.93,-14,-0.05,-1475,-1.47,2
2115,Entry short,2020-10-28 07:00,C0|S|MKT|15|v0.3.0-tier0|SPY,306.31,100,30631,233,0.76,0,284,0.93,-14,-0.05,-1475,-1.47,2
2116,Exit long,2020-10-29 07:30,TX30,304.28,100,30315,113,0.37,0,117,0.39,-71,-0.23,-1362,-1.36,2
2116,Entry long,2020-10-29 07:00,C0|L|MKT|15|v0.3.0-tier0|SPY,303.15,100,30315,113,0.37,0,117,0.39,-71,-0.23,-1362,-1.36,2
2117,Exit short,2020-10-30 07:45,TX30,299.65,100,30250,285,0.94,0,315,1.04,-18,-0.06,-1077,-1.08,2
2117,Entry short,2020-10-30 07:15,C0|S|MKT|15|v0.3.0-tier0|SPY,302.5,100,30250,285,0.94,0,315,1.04,-18,-0.06,-1077,-1.08,2
2118,Exit long,2020-11-02 07:30,TX30,306.62,100,30587,75,0.25,0,142,0.46,-1,0.00,-1002,-1.00,2
2118,Entry long,2020-11-02 07:00,C0|L|MKT|15|v0.3.0-tier0|SPY,305.87,100,30587,75,0.25,0,142,0.46,-1,0.00,-1002,-1.00,2
2119,Exit long,2020-11-03 07:30,TX30,312.01,100,31009,192,0.62,0,245,0.79,-14,-0.05,-810,-0.81,2
2119,Entry long,2020-11-03 07:00,C0|L|MKT|15|v0.3.0-tier0|SPY,310.09,100,31009,192,0.62,0,245,0.79,-14,-0.05,-810,-0.81,2
2120,Exit long,2020-11-04 07:30,TX30,319.09,100,31671,238,0.75,0,363,1.15,-19,-0.06,-572,-0.57,2
2120,Entry long,2020-11-04 07:00,C0|L|MKT|15|v0.3.0-tier0|SPY,316.71,100,31671,238,0.75,0,363,1.15,-19,-0.06,-572,-0.57,2
2121,Exit long,2020-11-05 07:45,TX30,324.69,100,32464,5,0.02,0,97,0.30,-39,-0.12,-567,-0.57,2
2121,Entry long,2020-11-05 07:15,C0|L|MKT|15|v0.3.0-tier0|SPY,324.64,100,32464,5,0.02,0,97,0.30,-39,-0.12,-567,-0.57,2
2122,Exit short,2020-11-09 07:30,TX30,334.18,100,33334,-84,-0.25,0,2,0.01,-228,-0.68,-651,-0.65,2
2122,Entry short,2020-11-09 07:00,C0|S|MKT|15|v0.3.0-tier0|SPY,333.34,100,33334,-84,-0.25,0,2,0.01,-228,-0.68,-651,-0.65,2
2123,Exit short,2020-11-11 07:30,TX30,329.04,100,32853,-51,-0.16,0,18,0.05,-51,-0.16,-702,-0.70,2
2123,Entry short,2020-11-11 07:00,C0|S|MKT|15|v0.3.0-tier0|SPY,328.53,100,32853,-51,-0.16,0,18,0.05,-51,-0.16,-702,-0.70,2
2124,Exit long,2020-11-12 07:45,TX30,329.41,100,32926,15,0.05,0,23,0.07,-87,-0.26,-687,-0.69,2
2124,Entry long,2020-11-12 07:15,C0|L|MKT|15|v0.3.0-tier0|SPY,329.26,100,32926,15,0.05,0,23,0.07,-87,-0.26,-687,-0.69,2
2125,Exit long,2020-11-16 08:00,TX30,334.65,100,33429,36,0.11,0,36,0.11,-20,-0.06,-651,-0.65,2
2125,Entry long,2020-11-16 07:30,C0|L|MKT|15|v0.3.0-tier0|SPY,334.29,100,33429,36,0.11,0,36,0.11,-20,-0.06,-651,-0.65,2
2126,Exit short,2020-11-17 07:30,TX30,332.43,100,33139,-104,-0.31,0,3,0.01,-119,-0.36,-755,-0.75,2
2126,Entry short,2020-11-17 07:00,C0|S|MKT|15|v0.3.0-tier0|SPY,331.39,100,33139,-104,-0.31,0,3,0.01,-119,-0.36,-755,-0.75,2
2127,Exit long,2020-11-19 07:30,TX30,328.41,100,32928,-87,-0.26,0,25,0.08,-124,-0.38,-842,-0.84,2
2127,Entry long,2020-11-19 07:00,C0|L|MKT|15|v0.3.0-tier0|SPY,329.28,100,32928,-87,-0.26,0,25,0.08,-124,-0.38,-842,-0.84,2
2128,Exit short,2020-11-20 07:45,TX30,329.93,100,32950,-43,-0.13,0,17,0.05,-73,-0.22,-885,-0.88,2
2128,Entry short,2020-11-20 07:15,C0|S|MKT|15|v0.3.0-tier0|SPY,329.5,100,32950,-43,-0.13,0,17,0.05,-73,-0.22,-885,-0.88,2
2129,Exit long,2020-11-23 07:30,TX30,329.24,100,33114,-190,-0.57,0,10,0.03,-198,-0.60,-1075,-1.07,2
2129,Entry long,2020-11-23 07:00,C0|L|MKT|15|v0.3.0-tier0|SPY,331.14,100,33114,-190,-0.57,0,10,0.03,-198,-0.60,-1075,-1.07,2
2130,Exit long,2020-11-24 07:45,TX30,334.17,100,33345,72,0.22,0,77,0.23,-15,-0.04,-1003,-1.00,2
2130,Entry long,2020-11-24 07:15,C0|L|MKT|15|v0.3.0-tier0|SPY,333.45,100,33345,72,0.22,0,77,0.23,-15,-0.04,-1003,-1.00,2
2131,Exit short,2020-11-25 07:30,TX30,334.74,100,33485,11,0.03,0,63,0.19,-24,-0.07,-992,-0.99,2
2131,Entry short,2020-11-25 07:00,C0|S|MKT|15|v0.3.0-tier0|SPY,334.85,100,33485,11,0.03,0,63,0.19,-24,-0.07,-992,-0.99,2
2132,Exit short,2020-11-27 07:30,TX30,336.53,100,33627,-26,-0.08,0,7,0.02,-45,-0.13,-1018,-1.02,2
2132,Entry short,2020-11-27 07:00,C0|S|MKT|15|v0.3.0-tier0|SPY,336.27,100,33627,-26,-0.08,0,7,0.02,-45,-0.13,-1018,-1.02,2
2133,Exit short,2020-11-30 07:45,TX30,332.26,100,33455,229,0.68,0,230,0.69,-17,-0.05,-789,-0.79,2
2133,Entry short,2020-11-30 07:15,C0|S|MKT|15|v0.3.0-tier0|SPY,334.55,100,33455,229,0.68,0,230,0.69,-17,-0.05,-789,-0.79,2
2134,Exit long,2020-12-01 07:30,TX30,339.32,100,33856,76,0.22,0,117,0.35,-19,-0.06,-713,-0.71,2
2134,Entry long,2020-12-01 07:00,C0|L|MKT|15|v0.3.0-tier0|SPY,338.56,100,33856,76,0.22,0,117,0.35,-19,-0.06,-713,-0.71,2
2135,Exit long,2020-12-02 07:30,TX30,338.1,100,33786,24,0.07,0,30,0.09,-42,-0.12,-689,-0.69,2
2135,Entry long,2020-12-02 07:00,C0|L|MKT|15|v0.3.0-tier0|SPY,337.86,100,33786,24,0.07,0,30,0.09,-42,-0.12,-689,-0.69,2
2136,Exit long,2020-12-03 07:45,TX30,340.11,100,33977,34,0.10,0,47,0.14,-2,-0.01,-655,-0.65,2
2136,Entry long,2020-12-03 07:15,C0|L|MKT|15|v0.3.0-tier0|SPY,339.77,100,33977,34,0.10,0,47,0.14,-2,-0.01,-655,-0.65,2
2137,Exit long,2020-12-04 08:00,TX30,341.22,100,34060,62,0.18,0,82,0.24,-1,0.00,-593,-0.59,2
2137,Entry long,2020-12-04 07:30,C0|L|MKT|15|v0.3.0-tier0|SPY,340.6,100,34060,62,0.18,0,82,0.24,-1,0.00,-593,-0.59,2
2138,Exit long,2020-12-07 07:30,TX30,341.55,100,34153,2,0.01,0,10,0.03,-30,-0.09,-591,-0.59,2
2138,Entry long,2020-12-07 07:00,C0|L|MKT|15|v0.3.0-tier0|SPY,341.53,100,34153,2,0.01,0,10,0.03,-30,-0.09,-591,-0.59,2
2139,Exit long,2020-12-08 07:45,TX30,340.82,100,34089,-7,-0.02,0,0,0.00,-89,-0.26,-598,-0.60,2
2139,Entry long,2020-12-08 07:15,C0|L|MKT|15|v0.3.0-tier0|SPY,340.89,100,34089,-7,-0.02,0,0,0.00,-89,-0.26,-598,-0.60,2
2140,Exit short,2020-12-09 07:45,TX30,342.1,100,34178,-32,-0.09,0,12,0.04,-80,-0.23,-630,-0.63,2
2140,Entry short,2020-12-09 07:15,C0|S|MKT|15|v0.3.0-tier0|SPY,341.78,100,34178,-32,-0.09,0,12,0.04,-80,-0.23,-630,-0.63,2
2141,Exit long,2020-12-10 07:30,TX30,339.3,100,33950,-20,-0.06,0,37,0.11,-44,-0.13,-650,-0.65,2
2141,Entry long,2020-12-10 07:00,C0|L|MKT|15|v0.3.0-tier0|SPY,339.5,100,33950,-20,-0.06,0,37,0.11,-44,-0.13,-650,-0.65,2
2142,Exit long,2020-12-11 07:45,TX30,337.67,100,33820,-53,-0.16,0,13,0.04,-64,-0.19,-703,-0.70,2
2142,Entry long,2020-12-11 07:15,C0|L|MKT|15|v0.3.0-tier0|SPY,338.2,100,33820,-53,-0.16,0,13,0.04,-64,-0.19,-703,-0.70,2
2143,Exit long,2020-12-14 07:30,TX30,341.8,100,34166,14,0.04,0,25,0.07,-18,-0.05,-689,-0.69,2
2143,Entry long,2020-12-14 07:00,C0|L|MKT|15|v0.3.0-tier0|SPY,341.66,100,34166,14,0.04,0,25,0.07,-18,-0.05,-689,-0.69,2
2144,Exit short,2020-12-15 07:30,TX30,338.96,100,33926,30,0.09,0,46,0.14,-22,-0.06,-659,-0.66,2
2144,Entry short,2020-12-15 07:00,C0|S|MKT|15|v0.3.0-tier0|SPY,339.26,100,33926,30,0.09,0,46,0.14,-22,-0.06,-659,-0.66,2
2145,Exit long,2020-12-16 08:00,TX30,341.89,100,34213,-24,-0.07,0,17,0.05,-34,-0.10,-683,-0.68,2
2145,Entry long,2020-12-16 07:30,C0|L|MKT|15|v0.3.0-tier0|SPY,342.13,100,34213,-24,-0.07,0,17,0.05,-34,-0.10,-683,-0.68,2
2146,Exit short,2020-12-17 07:30,TX30,343.83,100,34369,-14,-0.04,0,33,0.10,-21,-0.06,-697,-0.70,2
2146,Entry short,2020-12-17 07:00,C0|S|MKT|15|v0.3.0-tier0|SPY,343.69,100,34369,-14,-0.04,0,33,0.10,-21,-0.06,-697,-0.70,2
2147,Exit short,2020-12-18 07:30,TX30,342.46,100,34320,74,0.22,0,98,0.29,0,0.00,-623,-0.62,2
2147,Entry short,2020-12-18 07:00,C0|S|MKT|15|v0.3.0-tier0|SPY,343.2,100,34320,74,0.22,0,98,0.29,0,0.00,-623,-0.62,2
2148,Exit short,2020-12-21 07:45,TX30,337.29,100,33708,-21,-0.06,0,92,0.27,-37,-0.11,-644,-0.64,2
2148,Entry short,2020-12-21 07:15,C0|S|MKT|15|v0.3.0-tier0|SPY,337.08,100,33708,-21,-0.06,0,92,0.27,-37,-0.11,-644,-0.64,2
2149,Exit short,2020-12-22 07:45,TX30,341.7,100,34096,-74,-0.22,0,1,0.00,-105,-0.31,-718,-0.72,2
2149,Entry short,2020-12-22 07:15,C0|S|MKT|15|v0.3.0-tier0|SPY,340.96,100,34096,-74,-0.22,0,1,0.00,-105,-0.31,-718,-0.72,2
2150,Exit long,2020-12-24 08:00,TX30,341.87,100,34227,-40,-0.12,0,9,0.03,-42,-0.12,-758,-0.76,2
2150,Entry long,2020-12-24 07:30,C0|L|MKT|15|v0.3.0-tier0|SPY,342.27,100,34227,-40,-0.12,0,9,0.03,-42,-0.12,-758,-0.76,2
2151,Exit long,2020-12-28 08:00,TX30,345.52,100,34543,9,0.03,0,26,0.08,-5,-0.01,-749,-0.75,2
2151,Entry long,2020-12-28 07:30,C0|L|MKT|15|v0.3.0-tier0|SPY,345.43,100,34543,9,0.03,0,26,0.08,-5,-0.01,-749,-0.75,2
2152,Exit short,2020-12-29 07:30,TX30,345.74,100,34591,17,0.05,0,70,0.20,-33,-0.10,-732,-0.73,2
2152,Entry short,2020-12-29 07:00,C0|S|MKT|15|v0.3.0-tier0|SPY,345.91,100,34591,17,0.05,0,70,0.20,-33,-0.10,-732,-0.73,2
2153,Exit long,2020-12-31 07:45,TX30,345.35,100,34537,-2,-0.01,0,26,0.08,-15,-0.04,-734,-0.73,2
2153,Entry long,2020-12-31 07:15,C0|L|MKT|15|v0.3.0-tier0|SPY,345.37,100,34537,-2,-0.01,0,26,0.08,-15,-0.04,-734,-0.73,2
2154,Exit short,2021-01-04 07:30,TX30,345.83,100,34696,113,0.33,0,142,0.41,-6,-0.02,-621,-0.62,2
2154,Entry short,2021-01-04 07:00,C0|S|MKT|15|v0.3.0-tier0|SPY,346.96,100,34696,113,0.33,0,142,0.41,-6,-0.02,-621,-0.62,2
2155,Exit long,2021-01-06 07:30,TX30,347.1,100,34571,139,0.40,0,153,0.44,-33,-0.10,-482,-0.48,2
2155,Entry long,2021-01-06 07:00,C0|L|MKT|15|v0.3.0-tier0|SPY,345.71,100,34571,139,0.40,0,153,0.44,-33,-0.10,-482,-0.48,2
2156,Exit long,2021-01-07 07:30,TX30,351.93,100,35087,106,0.30,0,130,0.37,-10,-0.03,-376,-0.38,2
2156,Entry long,2021-01-07 07:00,C0|L|MKT|15|v0.3.0-tier0|SPY,350.87,100,35087,106,0.30,0,130,0.37,-10,-0.03,-376,-0.38,2
2157,Exit short,2021-01-08 08:00,TX30,353.37,100,35183,-154,-0.44,0,0,0.00,-171,-0.49,-530,-0.53,2
2157,Entry short,2021-01-08 07:30,C0|S|MKT|15|v0.3.0-tier0|SPY,351.83,100,35183,-154,-0.44,0,0,0.00,-171,-0.49,-530,-0.53,2
2158,Exit long,2021-01-11 07:30,TX30,352.55,100,35201,54,0.15,0,65,0.18,-24,-0.07,-476,-0.48,2
2158,Entry long,2021-01-11 07:00,C0|L|MKT|15|v0.3.0-tier0|SPY,352.01,100,35201,54,0.15,0,65,0.18,-24,-0.07,-476,-0.48,2
2159,Exit long,2021-01-12 08:00,TX30,352.04,100,35231,-27,-0.08,0,10,0.03,-53,-0.15,-503,-0.50,2
2159,Entry long,2021-01-12 07:30,C0|L|MKT|15|v0.3.0-tier0|SPY,352.31,100,35231,-27,-0.08,0,10,0.03,-53,-0.15,-503,-0.50,2
2160,Exit long,2021-01-14 07:30,TX30,353.74,100,35360,14,0.04,0,29,0.08,-29,-0.08,-489,-0.49,2
2160,Entry long,2021-01-14 07:00,C0|L|MKT|15|v0.3.0-tier0|SPY,353.6,100,35360,14,0.04,0,29,0.08,-29,-0.08,-489,-0.49,2
2161,Exit short,2021-01-15 07:45,TX30,348.54,100,34836,-18,-0.05,0,134,0.38,-41,-0.12,-507,-0.51,2
2161,Entry short,2021-01-15 07:15,C0|S|MKT|15|v0.3.0-tier0|SPY,348.36,100,34836,-18,-0.05,0,134,0.38,-41,-0.12,-507,-0.51,2
2162,Exit short,2021-01-19 07:30,TX30,350.57,100,35073,16,0.05,0,64,0.18,-14,-0.04,-491,-0.49,2
2162,Entry short,2021-01-19 07:00,C0|S|MKT|15|v0.3.0-tier0|SPY,350.73,100,35073,16,0.05,0,64,0.18,-14,-0.04,-491,-0.49,2
2163,Exit long,2021-01-20 07:45,TX30,355.49,100,35506,43,0.12,0,61,0.17,-4,-0.01,-448,-0.45,2
2163,Entry long,2021-01-20 07:15,C0|L|MKT|15|v0.3.0-tier0|SPY,355.06,100,35506,43,0.12,0,61,0.17,-4,-0.01,-448,-0.45,2
2164,Exit long,2021-01-21 08:00,TX30,357.28,100,35731,-3,-0.01,0,8,0.02,-17,-0.05,-451,-0.45,2
2164,Entry long,2021-01-21 07:30,C0|L|MKT|15|v0.3.0-tier0|SPY,357.31,100,35731,-3,-0.01,0,8,0.02,-17,-0.05,-451,-0.45,2
2165,Exit long,2021-01-22 07:30,TX30,354.82,100,35560,-78,-0.22,0,32,0.09,-95,-0.27,-529,-0.53,2
2165,Entry long,2021-01-22 07:00,C0|L|MKT|15|v0.3.0-tier0|SPY,355.6,100,35560,-78,-0.22,0,32,0.09,-95,-0.27,-529,-0.53,2
2166,Exit long,2021-01-25 08:00,TX30,353.99,100,35707,-308,-0.86,0,7,0.02,-319,-0.89,-837,-0.84,2
2166,Entry long,2021-01-25 07:30,C0|L|MKT|15|v0.3.0-tier0|SPY,357.07,100,35707,-308,-0.86,0,7,0.02,-319,-0.89,-837,-0.84,2
2167,Exit short,2021-01-26 07:45,TX30,357.22,100,35681,-41,-0.11,0,41,0.11,-52,-0.15,-878,-0.88,2
2167,Entry short,2021-01-26 07:15,C0|S|MKT|15|v0.3.0-tier0|SPY,356.81,100,35681,-41,-0.11,0,41,0.11,-52,-0.15,-878,-0.88,2
2168,Exit long,2021-01-28 07:45,TX30,351.72,100,35206,-34,-0.10,0,94,0.27,-70,-0.20,-912,-0.91,2
2168,Entry long,2021-01-28 07:15,C0|L|MKT|15|v0.3.0-tier0|SPY,352.06,100,35206,-34,-0.10,0,94,0.27,-70,-0.20,-912,-0.91,2
2169,Exit long,2021-01-29 08:00,TX30,348.7,100,34936,-66,-0.19,0,39,0.11,-168,-0.48,-978,-0.98,2
2169,Entry long,2021-01-29 07:30,C0|L|MKT|15|v0.3.0-tier0|SPY,349.36,100,34936,-66,-0.19,0,39,0.11,-168,-0.48,-978,-0.98,2
2170,Exit short,2021-02-01 07:30,TX30,346.31,100,34593,-38,-0.11,0,77,0.22,-87,-0.25,-1016,-1.02,2
2170,Entry short,2021-02-01 07:00,C0|S|MKT|15|v0.3.0-tier0|SPY,345.93,100,34593,-38,-0.11,0,77,0.22,-87,-0.25,-1016,-1.02,2
2171,Exit long,2021-02-02 07:30,TX30,354.25,100,35368,57,0.16,0,151,0.43,-1,0.00,-959,-0.96,2
2171,Entry long,2021-02-02 07:00,C0|L|MKT|15|v0.3.0-tier0|SPY,353.68,100,35368,57,0.16,0,151,0.43,-1,0.00,-959,-0.96,2
2172,Exit short,2021-02-03 08:00,TX30,354.42,100,35355,-87,-0.25,0,25,0.07,-114,-0.32,-1046,-1.05,2
2172,Entry short,2021-02-03 07:30,C0|S|MKT|15|v0.3.0-tier0|SPY,353.55,100,35355,-87,-0.25,0,25,0.07,-114,-0.32,-1046,-1.05,2
2173,Exit long,2021-02-04 07:30,TX30,356.33,100,35647,-14,-0.04,0,47,0.13,-32,-0.09,-1060,-1.06,2
2173,Entry long,2021-02-04 07:00,C0|L|MKT|15|v0.3.0-tier0|SPY,356.47,100,35647,-14,-0.04,0,47,0.13,-32,-0.09,-1060,-1.06,2
2174,Exit short,2021-02-05 07:30,TX30,359.49,100,35948,-1,0.00,0,61,0.17,-23,-0.06,-1061,-1.06,2
2174,Entry short,2021-02-05 07:00,C0|S|MKT|15|v0.3.0-tier0|SPY,359.48,100,35948,-1,0.00,0,61,0.17,-23,-0.06,-1061,-1.06,2
2175,Exit long,2021-02-08 07:30,TX30,361.69,100,36178,-9,-0.02,0,23,0.06,-35,-0.10,-1070,-1.07,2
2175,Entry long,2021-02-08 07:00,C0|L|MKT|15|v0.3.0-tier0|SPY,361.78,100,36178,-9,-0.02,0,23,0.06,-35,-0.10,-1070,-1.07,2
2176,Exit long,2021-02-09 07:30,TX30,362.32,100,36224,8,0.02,0,26,0.07,-27,-0.07,-1062,-1.06,2
2176,Entry long,2021-02-09 07:00,C0|L|MKT|15|v0.3.0-tier0|SPY,362.24,100,36224,8,0.02,0,26,0.07,-27,-0.07,-1062,-1.06,2
2177,Exit short,2021-02-10 07:45,TX30,360.03,100,36318,315,0.87,0,336,0.93,-3,-0.01,-747,-0.75,2
2177,Entry short,2021-02-10 07:15,C0|S|MKT|15|v0.3.0-tier0|SPY,363.18,100,36318,315,0.87,0,336,0.93,-3,-0.01,-747,-0.75,2
2178,Exit short,2021-02-11 07:30,TX30,363.08,100,36253,-55,-0.15,0,9,0.02,-71,-0.20,-802,-0.80,2
2178,Entry short,2021-02-11 07:00,C0|S|MKT|15|v0.3.0-tier0|SPY,362.53,100,36253,-55,-0.15,0,9,0.02,-71,-0.20,-802,-0.80,2
2179,Exit long,2021-02-12 07:45,TX30,363.47,100,36281,66,0.18,0,68,0.19,-64,-0.18,-736,-0.74,2
2179,Entry long,2021-02-12 07:15,C0|L|MKT|15|v0.3.0-tier0|SPY,362.81,100,36281,66,0.18,0,68,0.19,-64,-0.18,-736,-0.74,2
2180,Exit short,2021-02-16 07:45,TX30,365.78,100,36495,-83,-0.23,0,18,0.05,-104,-0.28,-819,-0.82,2
2180,Entry short,2021-02-16 07:15,C0|S|MKT|15|v0.3.0-tier0|SPY,364.95,100,36495,-83,-0.23,0,18,0.05,-104,-0.28,-819,-0.82,2
2181,Exit long,2021-02-17 07:30,TX30,362.58,100,36310,-52,-0.14,0,62,0.17,-75,-0.21,-871,-0.87,2
2181,Entry long,2021-02-17 07:00,C0|L|MKT|15|v0.3.0-tier0|SPY,363.1,100,36310,-52,-0.14,0,62,0.17,-75,-0.21,-871,-0.87,2
2182,Exit short,2021-02-18 08:00,TX30,361.22,100,36072,-50,-0.14,0,68,0.19,-91,-0.25,-921,-0.92,2
2182,Entry short,2021-02-18 07:30,C0|S|MKT|15|v0.3.0-tier0|SPY,360.72,100,36072,-50,-0.14,0,68,0.19,-91,-0.25,-921,-0.92,2
2183,Exit long,2021-02-22 07:45,TX30,360.24,100,36059,-35,-0.10,0,0,0.00,-107,-0.30,-956,-0.96,2
2183,Entry long,2021-02-22 07:15,C0|L|MKT|15|v0.3.0-tier0|SPY,360.59,100,36059,-35,-0.10,0,0,0.00,-107,-0.30,-956,-0.96,2
2184,Exit long,2021-02-24 08:00,TX30,360.61,100,35977,84,0.23,0,108,0.30,-41,-0.11,-872,-0.87,2
2184,Entry long,2021-02-24 07:30,C0|L|MKT|15|v0.3.0-tier0|SPY,359.77,100,35977,84,0.23,0,108,0.30,-41,-0.11,-872,-0.87,2
2185,Exit short,2021-02-25 07:45,TX30,360.97,100,36158,61,0.17,0,110,0.30,-121,-0.33,-811,-0.81,2
2185,Entry short,2021-02-25 07:15,C0|S|MKT|15|v0.3.0-tier0|SPY,361.58,100,36158,61,0.17,0,110,0.30,-121,-0.33,-811,-0.81,2
2186,Exit short,2021-02-26 07:30,TX30,351.45,100,35476,331,0.93,0,356,1.00,-31,-0.09,-480,-0.48,2
2186,Entry short,2021-02-26 07:00,C0|S|MKT|15|v0.3.0-tier0|SPY,354.76,100,35476,331,0.93,0,356,1.00,-31,-0.09,-480,-0.48,2
2187,Exit long,2021-03-01 07:30,TX30,360.32,100,35929,103,0.29,0,134,0.37,-43,-0.12,-377,-0.38,2
2187,Entry long,2021-03-01 07:00,C0|L|MKT|15|v0.3.0-tier0|SPY,359.29,100,35929,103,0.29,0,134,0.37,-43,-0.12,-377,-0.38,2
2188,Exit short,2021-03-02 08:00,TX30,360.38,100,35984,-54,-0.15,0,41,0.11,-83,-0.23,-431,-0.43,2
2188,Entry short,2021-03-02 07:30,C0|S|MKT|15|v0.3.0-tier0|SPY,359.84,100,35984,-54,-0.15,0,41,0.11,-83,-0.23,-431,-0.43,2
2189,Exit short,2021-03-03 07:30,TX30,356.55,100,35703,48,0.13,0,128,0.36,-52,-0.15,-383,-0.38,2
2189,Entry short,2021-03-03 07:00,C0|S|MKT|15|v0.3.0-tier0|SPY,357.03,100,35703,48,0.13,0,128,0.36,-52,-0.15,-383,-0.38,2
2190,Exit short,2021-03-04 07:30,TX30,353.1,100,35365,55,0.16,0,213,0.60,-27,-0.08,-328,-0.33,2
2190,Entry short,2021-03-04 07:00,C0|S|MKT|15|v0.3.0-tier0|SPY,353.65,100,35365,55,0.16,0,213,0.60,-27,-0.08,-328,-0.33,2
2191,Exit short,2021-03-05 07:30,TX30,349.24,100,35036,112,0.32,0,118,0.34,-177,-0.51,-216,-0.22,2
2191,Entry short,2021-03-05 07:00,C0|S|MKT|15|v0.3.0-tier0|SPY,350.36,100,35036,112,0.32,0,118,0.34,-177,-0.51,-216,-0.22,2
2192,Exit long,2021-03-08 08:00,TX30,358.95,100,35908,-13,-0.04,0,62,0.17,-56,-0.16,-229,-0.23,2
2192,Entry long,2021-03-08 07:30,C0|L|MKT|15|v0.3.0-tier0|SPY,359.08,100,35908,-13,-0.04,0,62,0.17,-56,-0.16,-229,-0.23,2
2193,Exit long,2021-03-09 07:30,TX30,360.6,100,35959,101,0.28,0,124,0.34,-19,-0.05,-128,-0.13,2
2193,Entry long,2021-03-09 07:00,C0|L|MKT|15|v0.3.0-tier0|SPY,359.59,100,35959,101,0.28,0,124,0.34,-19,-0.05,-128,-0.13,2
2194,Exit long,2021-03-10 07:30,TX30,360.7,100,36243,-173,-0.48,0,46,0.13,-175,-0.48,-301,-0.30,2
2194,Entry long,2021-03-10 07:00,C0|L|MKT|15|v0.3.0-tier0|SPY,362.43,100,36243,-173,-0.48,0,46,0.13,-175,-0.48,-301,-0.30,2
2195,Exit long,2021-03-11 07:30,TX30,364.88,100,36487,1,0.00,0,28,0.08,-91,-0.25,-300,-0.30,2
2195,Entry long,2021-03-11 07:00,C0|L|MKT|15|v0.3.0-tier0|SPY,364.87,100,36487,1,0.00,0,28,0.08,-91,-0.25,-300,-0.30,2
2196,Exit long,2021-03-12 07:30,TX30,363.71,100,36477,-106,-0.29,0,22,0.06,-143,-0.39,-406,-0.41,2
2196,Entry long,2021-03-12 07:00,C0|L|MKT|15|v0.3.0-tier0|SPY,364.77,100,36477,-106,-0.29,0,22,0.06,-143,-0.39,-406,-0.41,2
2197,Exit short,2021-03-15 08:00,TX30,365.8,100,36546,-34,-0.09,0,23,0.06,-36,-0.10,-440,-0.44,2
2197,Entry short,2021-03-15 07:30,C0|S|MKT|15|v0.3.0-tier0|SPY,365.46,100,36546,-34,-0.09,0,23,0.06,-36,-0.10,-440,-0.44,2
2198,Exit long,2021-03-16 07:30,TX30,369.17,100,36905,12,0.03,0,16,0.04,-39,-0.11,-428,-0.43,2
2198,Entry long,2021-03-16 07:00,C0|L|MKT|15|v0.3.0-tier0|SPY,369.05,100,36905,12,0.03,0,16,0.04,-39,-0.11,-428,-0.43,2
2199,Exit long,2021-03-17 08:00,TX30,365.48,100,36652,-104,-0.28,0,0,0.00,-121,-0.33,-532,-0.53,2
2199,Entry long,2021-03-17 07:30,C0|L|MKT|15|v0.3.0-tier0|SPY,366.52,100,36652,-104,-0.28,0,0,0.00,-121,-0.33,-532,-0.53,2
2200,Exit long,2021-03-22 07:30,TX30,364.72,100,36452,20,0.05,0,39,0.11,-24,-0.07,-512,-0.51,2
2200,Entry long,2021-03-22 07:00,C0|L|MKT|15|v0.3.0-tier0|SPY,364.52,100,36452,20,0.05,0,39,0.11,-24,-0.07,-512,-0.51,2
2201,Exit long,2021-03-23 07:30,TX30,365.82,100,36559,23,0.06,0,51,0.14,-18,-0.05,-489,-0.49,2
2201,Entry long,2021-03-23 07:00,C0|L|MKT|15|v0.3.0-tier0|SPY,365.59,100,36559,23,0.06,0,51,0.14,-18,-0.05,-489,-0.49,2
2202,Exit short,2021-03-24 07:30,TX30,364.12,100,36397,-15,-0.04,0,40,0.11,-89,-0.24,-504,-0.50,2
2202,Entry short,2021-03-24 07:00,C0|S|MKT|15|v0.3.0-tier0|SPY,363.97,100,36397,-15,-0.04,0,40,0.11,-89,-0.24,-504,-0.50,2
2203,Exit long,2021-03-25 07:45,TX30,358.9,100,36030,-140,-0.39,0,30,0.08,-163,-0.45,-644,-0.64,2
2203,Entry long,2021-03-25 07:15,C0|L|MKT|15|v0.3.0-tier0|SPY,360.3,100,36030,-140,-0.39,0,30,0.08,-163,-0.45,-644,-0.64,2
2204,Exit long,2021-03-26 07:45,TX30,365.26,100,36489,37,0.10,0,61,0.17,-37,-0.10,-607,-0.61,2
2204,Entry long,2021-03-26 07:15,C0|L|MKT|15|v0.3.0-tier0|SPY,364.89,100,36489,37,0.10,0,61,0.17,-37,-0.10,-607,-0.61,2
2205,Exit short,2021-03-29 07:30,TX30,366.21,100,36715,94,0.26,0,94,0.26,-25,-0.07,-513,-0.51,2
2205,Entry short,2021-03-29 07:00,C0|S|MKT|15|v0.3.0-tier0|SPY,367.15,100,36715,94,0.26,0,94,0.26,-25,-0.07,-513,-0.51,2
2206,Exit long,2021-04-01 07:45,TX30,371.97,100,37166,31,0.08,0,34,0.09,-4,-0.01,-482,-0.48,2
2206,Entry long,2021-04-01 07:15,C0|L|MKT|15|v0.3.0-tier0|SPY,371.66,100,37166,31,0.08,0,34,0.09,-4,-0.01,-482,-0.48,2
2207,Exit long,2021-04-05 07:30,TX30,377.57,100,37687,70,0.19,0,87,0.23,-31,-0.08,-412,-0.41,2
2207,Entry long,2021-04-05 07:00,C0|L|MKT|15|v0.3.0-tier0|SPY,376.87,100,37687,70,0.19,0,87,0.23,-31,-0.08,-412,-0.41,2
2208,Exit long,2021-04-06 07:30,TX30,379.02,100,37895,7,0.02,0,38,0.10,-13,-0.03,-405,-0.40,2
2208,Entry long,2021-04-06 07:00,C0|L|MKT|15|v0.3.0-tier0|SPY,378.95,100,37895,7,0.02,0,38,0.10,-13,-0.03,-405,-0.40,2
2209,Exit long,2021-04-07 08:00,TX30,378.84,100,37902,-18,-0.05,0,8,0.02,-21,-0.06,-423,-0.42,2
2209,Entry long,2021-04-07 07:30,C0|L|MKT|15|v0.3.0-tier0|SPY,379.02,100,37902,-18,-0.05,0,8,0.02,-21,-0.06,-423,-0.42,2
2210,Exit short,2021-04-08 07:45,TX30,380,100,37927,-73,-0.19,0,7,0.02,-75,-0.20,-496,-0.50,2
2210,Entry short,2021-04-08 07:15,C0|S|MKT|15|v0.3.0-tier0|SPY,379.27,100,37927,-73,-0.19,0,7,0.02,-75,-0.20,-496,-0.50,2
2211,Exit long,2021-04-09 07:30,TX30,380.74,100,38107,-33,-0.09,0,17,0.04,-41,-0.11,-529,-0.53,2
2211,Entry long,2021-04-09 07:00,C0|L|MKT|15|v0.3.0-tier0|SPY,381.07,100,38107,-33,-0.09,0,17,0.04,-41,-0.11,-529,-0.53,2
2212,Exit long,2021-04-13 07:30,TX30,383.79,100,38362,17,0.04,0,31,0.08,-4,-0.01,-512,-0.51,2
2212,Entry long,2021-04-13 07:00,C0|L|MKT|15|v0.3.0-tier0|SPY,383.62,100,38362,17,0.04,0,31,0.08,-4,-0.01,-512,-0.51,2
2213,Exit long,2021-04-14 07:30,TX30,385.04,100,38551,-47,-0.12,0,0,0.00,-59,-0.15,-559,-0.56,2
2213,Entry long,2021-04-14 07:00,C0|L|MKT|15|v0.3.0-tier0|SPY,385.51,100,38551,-47,-0.12,0,0,0.00,-59,-0.15,-559,-0.56,2
2214,Exit long,2021-04-15 08:00,TX30,386.58,100,38619,39,0.10,0,56,0.15,0,0.00,-520,-0.52,2
2214,Entry long,2021-04-15 07:30,C0|L|MKT|15|v0.3.0-tier0|SPY,386.19,100,38619,39,0.10,0,56,0.15,0,0.00,-520,-0.52,2
2215,Exit short,2021-04-16 07:30,TX30,387.94,100,38759,-35,-0.09,0,30,0.08,-88,-0.23,-555,-0.56,2
2215,Entry short,2021-04-16 07:00,C0|S|MKT|15|v0.3.0-tier0|SPY,387.59,100,38759,-35,-0.09,0,30,0.08,-88,-0.23,-555,-0.56,2
2216,Exit short,2021-04-19 07:45,TX30,386.86,100,38695,9,0.02,0,23,0.06,-64,-0.17,-546,-0.55,2
2216,Entry short,2021-04-19 07:15,C0|S|MKT|15|v0.3.0-tier0|SPY,386.95,100,38695,9,0.02,0,23,0.06,-64,-0.17,-546,-0.55,2
2217,Exit long,2021-04-21 07:30,TX30,385.64,100,38513,51,0.13,0,64,0.17,-39,-0.10,-495,-0.50,2
2217,Entry long,2021-04-21 07:00,C0|L|MKT|15|v0.3.0-tier0|SPY,385.13,100,38513,51,0.13,0,64,0.17,-39,-0.10,-495,-0.50,2
2218,Exit long,2021-04-23 07:30,TX30,386,100,38585,15,0.04,0,26,0.07,-8,-0.02,-480,-0.48,2
2218,Entry long,2021-04-23 07:00,C0|L|MKT|15|v0.3.0-tier0|SPY,385.85,100,38585,15,0.04,0,26,0.07,-8,-0.02,-480,-0.48,2
2219,Exit long,2021-04-26 07:45,TX30,389.17,100,38953,-36,-0.09,0,3,0.01,-49,-0.13,-516,-0.52,2
2219,Entry long,2021-04-26 07:15,C0|L|MKT|15|v0.3.0-tier0|SPY,389.53,100,38953,-36,-0.09,0,3,0.01,-49,-0.13,-516,-0.52,2
2220,Exit long,2021-04-28 07:30,TX30,389.55,100,38978,-23,-0.06,0,3,0.01,-34,-0.09,-539,-0.54,2
2220,Entry long,2021-04-28 07:00,C0|L|MKT|15|v0.3.0-tier0|SPY,389.78,100,38978,-23,-0.06,0,3,0.01,-34,-0.09,-539,-0.54,2
2221,Exit short,2021-04-29 07:30,TX30,390.27,100,39086,59,0.15,0,84,0.21,0,0.00,-480,-0.48,2
2221,Entry short,2021-04-29 07:00,C0|S|MKT|15|v0.3.0-tier0|SPY,390.86,100,39086,59,0.15,0,84,0.21,0,0.00,-480,-0.48,2
2222,Exit long,2021-04-30 07:30,TX30,389.84,100,38983,1,0.00,0,7,0.02,-78,-0.20,-479,-0.48,2
2222,Entry long,2021-04-30 07:00,C0|L|MKT|15|v0.3.0-tier0|SPY,389.83,100,38983,1,0.00,0,7,0.02,-78,-0.20,-479,-0.48,2
2223,Exit long,2021-05-03 07:30,TX30,390.67,100,39078,-11,-0.03,0,24,0.06,-56,-0.14,-490,-0.49,2
2223,Entry long,2021-05-03 07:00,C0|L|MKT|15|v0.3.0-tier0|SPY,390.78,100,39078,-11,-0.03,0,24,0.06,-56,-0.14,-490,-0.49,2
2224,Exit short,2021-05-04 07:30,TX30,385.93,100,38556,-37,-0.10,0,67,0.17,-65,-0.17,-527,-0.53,2
2224,Entry short,2021-05-04 07:00,C0|S|MKT|15|v0.3.0-tier0|SPY,385.56,100,38556,-37,-0.10,0,67,0.17,-65,-0.17,-527,-0.53,2
2225,Exit short,2021-05-05 07:45,TX30,387.8,100,38733,-47,-0.12,0,77,0.20,-56,-0.14,-574,-0.57,2
2225,Entry short,2021-05-05 07:15,C0|S|MKT|15|v0.3.0-tier0|SPY,387.33,100,38733,-47,-0.12,0,77,0.20,-56,-0.14,-574,-0.57,2
2226,Exit short,2021-05-06 07:30,TX30,385.95,100,38637,42,0.11,0,100,0.26,-11,-0.03,-532,-0.53,2
2226,Entry short,2021-05-06 07:00,C0|S|MKT|15|v0.3.0-tier0|SPY,386.37,100,38637,42,0.11,0,100,0.26,-11,-0.03,-532,-0.53,2
2227,Exit long,2021-05-07 07:30,TX30,393.26,100,39217,109,0.28,0,158,0.40,-9,-0.02,-423,-0.42,2
2227,Entry long,2021-05-07 07:00,C0|L|MKT|15|v0.3.0-tier0|SPY,392.17,100,39217,109,0.28,0,158,0.40,-9,-0.02,-423,-0.42,2
2228,Exit long,2021-05-11 07:30,TX30,383.69,100,38651,-282,-0.73,0,35,0.09,-287,-0.74,-705,-0.70,2
2228,Entry long,2021-05-11 07:00,C0|L|MKT|15|v0.3.0-tier0|SPY,386.51,100,38651,-282,-0.73,0,35,0.09,-287,-0.74,-705,-0.70,2
2229,Exit short,2021-05-12 07:45,TX30,381.64,100,38264,100,0.26,0,132,0.34,-70,-0.18,-605,-0.60,2
2229,Entry short,2021-05-12 07:15,C0|S|MKT|15|v0.3.0-tier0|SPY,382.64,100,38264,100,0.26,0,132,0.34,-70,-0.18,-605,-0.60,2
2230,Exit long,2021-05-13 07:30,TX30,383.1,100,38202,108,0.28,0,127,0.33,0,0.00,-497,-0.50,2
2230,Entry long,2021-05-13 07:00,C0|L|MKT|15|v0.3.0-tier0|SPY,382.02,100,38202,108,0.28,0,127,0.33,0,0.00,-497,-0.50,2
2231,Exit long,2021-05-14 07:30,TX30,386.09,100,38651,-42,-0.11,0,30,0.08,-68,-0.18,-539,-0.54,2
2231,Entry long,2021-05-14 07:00,C0|L|MKT|15|v0.3.0-tier0|SPY,386.51,100,38651,-42,-0.11,0,30,0.08,-68,-0.18,-539,-0.54,2
2232,Exit short,2021-05-17 07:30,TX30,385.99,100,38653,54,0.14,0,71,0.18,-61,-0.16,-485,-0.48,2
2232,Entry short,2021-05-17 07:00,C0|S|MKT|15|v0.3.0-tier0|SPY,386.53,100,38653,54,0.14,0,71,0.18,-61,-0.16,-485,-0.48,2
2233,Exit long,2021-05-20 07:30,TX30,385.36,100,38482,54,0.14,0,56,0.15,-11,-0.03,-431,-0.43,2
2233,Entry long,2021-05-20 07:00,C0|L|MKT|15|v0.3.0-tier0|SPY,384.82,100,38482,54,0.14,0,56,0.15,-11,-0.03,-431,-0.43,2
2234,Exit long,2021-05-21 07:30,TX30,388.26,100,38958,-132,-0.34,0,0,0.00,-132,-0.34,-563,-0.56,2
2234,Entry long,2021-05-21 07:00,C0|L|MKT|15|v0.3.0-tier0|SPY,389.58,100,38958,-132,-0.34,0,0,0.00,-132,-0.34,-563,-0.56,2
2235,Exit long,2021-05-24 07:30,TX30,390.34,100,38958,76,0.20,0,100,0.26,0,0.00,-487,-0.49,2
2235,Entry long,2021-05-24 07:00,C0|L|MKT|15|v0.3.0-tier0|SPY,389.58,100,38958,76,0.20,0,100,0.26,0,0.00,-487,-0.49,2
2236,Exit short,2021-05-25 07:30,TX30,390.76,100,39059,-17,-0.04,0,9,0.02,-35,-0.09,-504,-0.50,2
2236,Entry short,2021-05-25 07:00,C0|S|MKT|15|v0.3.0-tier0|SPY,390.59,100,39059,-17,-0.04,0,9,0.02,-35,-0.09,-504,-0.50,2
2237,Exit short,2021-05-26 07:30,TX30,390.11,100,38932,-79,-0.20,0,15,0.04,-96,-0.25,-583,-0.58,2
2237,Entry short,2021-05-26 07:00,C0|S|MKT|15|v0.3.0-tier0|SPY,389.32,100,38932,-79,-0.20,0,15,0.04,-96,-0.25,-583,-0.58,2
2238,Exit short,2021-05-28 07:45,TX30,391.76,100,39175,-1,0.00,0,52,0.13,-11,-0.03,-584,-0.58,2
2238,Entry short,2021-05-28 07:15,C0|S|MKT|15|v0.3.0-tier0|SPY,391.75,100,39175,-1,0.00,0,52,0.13,-11,-0.03,-584,-0.58,2
2239,Exit short,2021-06-01 07:30,TX30,391.67,100,39247,80,0.20,0,129,0.33,-19,-0.05,-504,-0.50,2
2239,Entry short,2021-06-01 07:00,C0|S|MKT|15|v0.3.0-tier0|SPY,392.47,100,39247,80,0.20,0,129,0.33,-19,-0.05,-504,-0.50,2
2240,Exit long,2021-06-02 07:30,TX30,392.05,100,39163,42,0.11,0,54,0.14,-14,-0.04,-462,-0.46,2
2240,Entry long,2021-06-02 07:00,C0|L|MKT|15|v0.3.0-tier0|SPY,391.63,100,39163,42,0.11,0,54,0.14,-14,-0.04,-462,-0.46,2
2241,Exit long,2021-06-04 07:45,TX30,392.58,100,39267,-9,-0.02,0,22,0.06,-25,-0.06,-471,-0.47,2
2241,Entry long,2021-06-04 07:15,C0|L|MKT|15|v0.3.0-tier0|SPY,392.67,100,39267,-9,-0.02,0,22,0.06,-25,-0.06,-471,-0.47,2
2242,Exit short,2021-06-07 07:30,TX30,392.79,100,39330,51,0.13,0,66,0.17,0,0.00,-420,-0.42,2
2242,Entry short,2021-06-07 07:00,C0|S|MKT|15|v0.3.0-tier0|SPY,393.3,100,39330,51,0.13,0,66,0.17,0,0.00,-420,-0.42,2
2243,Exit short,2021-06-08 07:30,TX30,392.98,100,39286,-12,-0.03,0,15,0.04,-51,-0.13,-432,-0.43,2
2243,Entry short,2021-06-08 07:00,C0|S|MKT|15|v0.3.0-tier0|SPY,392.86,100,39286,-12,-0.03,0,15,0.04,-51,-0.13,-432,-0.43,2
2244,Exit short,2021-06-11 08:00,TX30,394.4,100,39466,26,0.07,0,39,0.10,-3,-0.01,-406,-0.41,2
2244,Entry short,2021-06-11 07:30,C0|S|MKT|15|v0.3.0-tier0|SPY,394.66,100,39466,26,0.07,0,39,0.10,-3,-0.01,-406,-0.41,2
2245,Exit short,2021-06-14 07:45,TX30,394.49,100,39454,5,0.01,0,26,0.07,-24,-0.06,-401,-0.40,2
2245,Entry short,2021-06-14 07:15,C0|S|MKT|15|v0.3.0-tier0|SPY,394.54,100,39454,5,0.01,0,26,0.07,-24,-0.06,-401,-0.40,2
2246,Exit short,2021-06-15 07:45,TX30,395.16,100,39540,24,0.06,0,29,0.07,-26,-0.07,-377,-0.38,2
2246,Entry short,2021-06-15 07:15,C0|S|MKT|15|v0.3.0-tier0|SPY,395.4,100,39540,24,0.06,0,29,0.07,-26,-0.07,-377,-0.38,2
2247,Exit short,2021-06-17 07:45,TX30,393.81,100,39253,-128,-0.33,0,6,0.02,-146,-0.37,-505,-0.50,2
2247,Entry short,2021-06-17 07:15,C0|S|MKT|15|v0.3.0-tier0|SPY,392.53,100,39253,-128,-0.33,0,6,0.02,-146,-0.37,-505,-0.50,2
2248,Exit long,2021-06-21 07:30,TX30,391.68,100,39056,112,0.29,0,124,0.32,-7,-0.02,-393,-0.39,2
2248,Entry long,2021-06-21 07:00,C0|L|MKT|15|v0.3.0-tier0|SPY,390.56,100,39056,112,0.29,0,124,0.32,-7,-0.02,-393,-0.39,2
2249,Exit long,2021-06-22 08:00,TX30,394.31,100,39372,59,0.15,0,59,0.15,-4,-0.01,-334,-0.33,2
2249,Entry long,2021-06-22 07:30,C0|L|MKT|15|v0.3.0-tier0|SPY,393.72,100,39372,59,0.15,0,59,0.15,-4,-0.01,-334,-0.33,2
2250,Exit long,2021-06-23 07:45,TX30,395.77,100,39611,-34,-0.09,0,22,0.06,-47,-0.12,-368,-0.37,2
2250,Entry long,2021-06-23 07:15,C0|L|MKT|15|v0.3.0-tier0|SPY,396.11,100,39611,-34,-0.09,0,22,0.06,-47,-0.12,-368,-0.37,2
2251,Exit long,2021-06-24 08:00,TX30,397.22,100,39766,-44,-0.11,0,4,0.01,-47,-0.12,-412,-0.41,2
2251,Entry long,2021-06-24 07:30,C0|L|MKT|15|v0.3.0-tier0|SPY,397.66,100,39766,-44,-0.11,0,4,0.01,-47,-0.12,-412,-0.41,2
2252,Exit long,2021-06-25 07:45,TX30,398.21,100,39830,-9,-0.02,0,30,0.08,-9,-0.02,-421,-0.42,2
2252,Entry long,2021-06-25 07:15,C0|L|MKT|15|v0.3.0-tier0|SPY,398.3,100,39830,-9,-0.02,0,30,0.08,-9,-0.02,-421,-0.42,2
2253,Exit long,2021-07-01 07:30,TX30,401.31,100,40127,4,0.01,0,28,0.07,-21,-0.05,-417,-0.42,2
2253,Entry long,2021-07-01 07:00,C0|L|MKT|15|v0.3.0-tier0|SPY,401.27,100,40127,4,0.01,0,28,0.07,-21,-0.05,-417,-0.42,2
2254,Exit long,2021-07-02 07:30,TX30,403.64,100,40358,6,0.01,0,14,0.03,-18,-0.04,-411,-0.41,2
2254,Entry long,2021-07-02 07:00,C0|L|MKT|15|v0.3.0-tier0|SPY,403.58,100,40358,6,0.01,0,14,0.03,-18,-0.04,-411,-0.41,2
2255,Exit short,2021-07-06 07:45,TX30,403.64,100,40433,69,0.17,0,126,0.31,0,0.00,-342,-0.34,2
2255,Entry short,2021-07-06 07:15,C0|S|MKT|15|v0.3.0-tier0|SPY,404.33,100,40433,69,0.17,0,126,0.31,0,0.00,-342,-0.34,2
2256,Exit short,2021-07-07 08:00,TX30,404.33,100,40429,-4,-0.01,0,97,0.24,-22,-0.05,-346,-0.35,2
2256,Entry short,2021-07-07 07:30,C0|S|MKT|15|v0.3.0-tier0|SPY,404.29,100,40429,-4,-0.01,0,97,0.24,-22,-0.05,-346,-0.35,2
2257,Exit long,2021-07-09 07:30,TX30,405.78,100,40523,55,0.14,0,74,0.18,0,0.00,-291,-0.29,2
2257,Entry long,2021-07-09 07:00,C0|L|MKT|15|v0.3.0-tier0|SPY,405.23,100,40523,55,0.14,0,74,0.18,0,0.00,-291,-0.29,2
2258,Exit long,2021-07-12 07:30,TX30,407.93,100,40747,46,0.11,0,46,0.11,-32,-0.08,-245,-0.24,2
2258,Entry long,2021-07-12 07:00,C0|L|MKT|15|v0.3.0-tier0|SPY,407.47,100,40747,46,0.11,0,46,0.11,-32,-0.08,-245,-0.24,2
2259,Exit long,2021-07-13 07:45,TX30,408.45,100,40840,5,0.01,0,48,0.12,-5,-0.01,-240,-0.24,2
2259,Entry long,2021-07-13 07:15,C0|L|MKT|15|v0.3.0-tier0|SPY,408.4,100,40840,5,0.01,0,48,0.12,-5,-0.01,-240,-0.24,2
2260,Exit short,2021-07-14 07:30,TX30,408.26,100,40847,21,0.05,0,31,0.08,-36,-0.09,-219,-0.22,2
2260,Entry short,2021-07-14 07:00,C0|S|MKT|15|v0.3.0-tier0|SPY,408.47,100,40847,21,0.05,0,31,0.08,-36,-0.09,-219,-0.22,2
2261,Exit long,2021-07-15 07:30,TX30,406.21,100,40694,-73,-0.18,0,12,0.03,-89,-0.22,-292,-0.29,2
2261,Entry long,2021-07-15 07:00,C0|L|MKT|15|v0.3.0-tier0|SPY,406.94,100,40694,-73,-0.18,0,12,0.03,-89,-0.22,-292,-0.29,2
2262,Exit short,2021-07-16 07:30,TX30,404.88,100,40674,186,0.46,0,192,0.47,-7,-0.02,-106,-0.11,2
2262,Entry short,2021-07-16 07:00,C0|S|MKT|15|v0.3.0-tier0|SPY,406.74,100,40674,186,0.46,0,192,0.47,-7,-0.02,-106,-0.11,2
2263,Exit short,2021-07-19 07:30,TX30,396.2,100,39651,31,0.08,0,147,0.37,-16,-0.04,-75,-0.07,2
2263,Entry short,2021-07-19 07:00,C0|S|MKT|15|v0.3.0-tier0|SPY,396.51,100,39651,31,0.08,0,147,0.37,-16,-0.04,-75,-0.07,2
2264,Exit long,2021-07-20 07:30,TX30,400.98,100,40023,75,0.19,0,115,0.29,-26,-0.06,0,0.00,2
2264,Entry long,2021-07-20 07:00,C0|L|MKT|15|v0.3.0-tier0|SPY,400.23,100,40023,75,0.19,0,115,0.29,-26,-0.06,0,0.00,2
2265,Exit long,2021-07-21 07:30,TX30,404.72,100,40531,-59,-0.15,0,4,0.01,-59,-0.15,-59,-0.06,2
2265,Entry long,2021-07-21 07:00,C0|L|MKT|15|v0.3.0-tier0|SPY,405.31,100,40531,-59,-0.15,0,4,0.01,-59,-0.15,-59,-0.06,2
2266,Exit short,2021-07-23 07:30,TX30,408.95,100,40841,-54,-0.13,0,2,0.00,-56,-0.14,-113,-0.11,2
2266,Entry short,2021-07-23 07:00,C0|S|MKT|15|v0.3.0-tier0|SPY,408.41,100,40841,-54,-0.13,0,2,0.00,-56,-0.14,-113,-0.11,2
2267,Exit short,2021-07-27 07:45,TX30,409.61,100,40961,0,0.00,0,20,0.05,-84,-0.21,-113,-0.11,2
2267,Entry short,2021-07-27 07:15,C0|S|MKT|15|v0.3.0-tier0|SPY,409.61,100,40961,0,0.00,0,20,0.05,-84,-0.21,-113,-0.11,2
2268,Exit long,2021-07-30 07:30,TX30,410.03,100,41066,-63,-0.15,0,62,0.15,-73,-0.18,-176,-0.18,2
2268,Entry long,2021-07-30 07:00,C0|L|MKT|15|v0.3.0-tier0|SPY,410.66,100,41066,-63,-0.15,0,62,0.15,-73,-0.18,-176,-0.18,2
2269,Exit short,2021-08-03 07:30,TX30,409.16,100,40786,-130,-0.32,0,26,0.06,-148,-0.36,-306,-0.31,2
2269,Entry short,2021-08-03 07:00,C0|S|MKT|15|v0.3.0-tier0|SPY,407.86,100,40786,-130,-0.32,0,26,0.06,-148,-0.36,-306,-0.31,2
2270,Exit long,2021-08-04 07:45,TX30,411.06,100,41136,-30,-0.07,0,0,0.00,-101,-0.25,-336,-0.34,2
2270,Entry long,2021-08-04 07:15,C0|L|MKT|15|v0.3.0-tier0|SPY,411.36,100,41136,-30,-0.07,0,0,0.00,-101,-0.25,-336,-0.34,2
2271,Exit long,2021-08-05 07:30,TX30,411.66,100,41198,-32,-0.08,0,8,0.02,-42,-0.10,-368,-0.37,2
2271,Entry long,2021-08-05 07:00,C0|L|MKT|15|v0.3.0-tier0|SPY,411.98,100,41198,-32,-0.08,0,8,0.02,-42,-0.10,-368,-0.37,2
2272,Exit short,2021-08-06 07:30,TX30,413.49,100,41315,-34,-0.08,0,23,0.06,-44,-0.11,-402,-0.40,2
2272,Entry short,2021-08-06 07:00,C0|S|MKT|15|v0.3.0-tier0|SPY,413.15,100,41315,-34,-0.08,0,23,0.06,-44,-0.11,-402,-0.40,2
2273,Exit long,2021-08-10 07:30,TX30,414.13,100,41394,19,0.05,0,50,0.12,-3,-0.01,-383,-0.38,2
2273,Entry long,2021-08-10 07:00,C0|L|MKT|15|v0.3.0-tier0|SPY,413.94,100,41394,19,0.05,0,50,0.12,-3,-0.01,-383,-0.38,2
2274,Exit short,2021-08-16 07:30,TX30,414.11,100,41440,29,0.07,0,44,0.11,-68,-0.16,-354,-0.35,2
2274,Entry short,2021-08-16 07:00,C0|S|MKT|15|v0.3.0-tier0|SPY,414.4,100,41440,29,0.07,0,44,0.11,-68,-0.16,-354,-0.35,2
2275,Exit long,2021-08-18 07:30,TX30,415.15,100,41506,9,0.02,0,47,0.11,-22,-0.05,-345,-0.34,2
2275,Entry long,2021-08-18 07:00,C0|L|MKT|15|v0.3.0-tier0|SPY,415.06,100,41506,9,0.02,0,47,0.11,-22,-0.05,-345,-0.34,2
2276,Exit long,2021-08-19 07:30,TX30,410.36,100,40987,49,0.12,0,135,0.33,-11,-0.03,-296,-0.30,2
2276,Entry long,2021-08-19 07:00,C0|L|MKT|15|v0.3.0-tier0|SPY,409.87,100,40987,49,0.12,0,135,0.33,-11,-0.03,-296,-0.30,2
2277,Exit long,2021-08-20 07:30,TX30,413.64,100,41296,68,0.16,0,102,0.25,-10,-0.02,-228,-0.23,2
2277,Entry long,2021-08-20 07:00,C0|L|MKT|15|v0.3.0-tier0|SPY,412.96,100,41296,68,0.16,0,102,0.25,-10,-0.02,-228,-0.23,2
2278,Exit long,2021-08-23 07:30,TX30,417.66,100,41718,48,0.12,0,78,0.19,-17,-0.04,-180,-0.18,2
2278,Entry long,2021-08-23 07:00,C0|L|MKT|15|v0.3.0-tier0|SPY,417.18,100,41718,48,0.12,0,78,0.19,-17,-0.04,-180,-0.18,2
2279,Exit long,2021-08-24 07:45,TX30,419,100,41884,16,0.04,0,22,0.05,-2,0.00,-164,-0.16,2
2279,Entry long,2021-08-24 07:15,C0|L|MKT|15|v0.3.0-tier0|SPY,418.84,100,41884,16,0.04,0,22,0.05,-2,0.00,-164,-0.16,2
2280,Exit long,2021-08-25 07:45,TX30,419.14,100,41905,9,0.02,0,14,0.03,-27,-0.06,-155,-0.15,2
2280,Entry long,2021-08-25 07:15,C0|L|MKT|15|v0.3.0-tier0|SPY,419.05,100,41905,9,0.02,0,14,0.03,-27,-0.06,-155,-0.15,2
2281,Exit short,2021-08-26 07:30,TX30,418.29,100,41888,59,0.14,0,146,0.35,-40,-0.10,-96,-0.10,2
2281,Entry short,2021-08-26 07:00,C0|S|MKT|15|v0.3.0-tier0|SPY,418.88,100,41888,59,0.14,0,146,0.35,-40,-0.10,-96,-0.10,2
2282,Exit long,2021-08-27 07:30,TX30,420.02,100,41851,151,0.36,0,193,0.46,-59,-0.14,55,0.06,2
2282,Entry long,2021-08-27 07:00,C0|L|MKT|15|v0.3.0-tier0|SPY,418.51,100,41851,151,0.36,0,193,0.46,-59,-0.14,55,0.06,2
2283,Exit long,2021-08-30 07:30,TX30,422.62,100,42194,68,0.16,0,68,0.16,-18,-0.04,123,0.12,2
2283,Entry long,2021-08-30 07:00,C0|L|MKT|15|v0.3.0-tier0|SPY,421.94,100,42194,68,0.16,0,68,0.16,-18,-0.04,123,0.12,2
2284,Exit short,2021-08-31 07:30,TX30,422.09,100,42162,-47,-0.11,0,7,0.02,-79,-0.19,76,0.08,2
2284,Entry short,2021-08-31 07:00,C0|S|MKT|15|v0.3.0-tier0|SPY,421.62,100,42162,-47,-0.11,0,7,0.02,-79,-0.19,76,0.08,2
2285,Exit short,2021-09-01 07:30,TX30,422.67,100,42246,-21,-0.05,0,3,0.01,-54,-0.13,55,0.06,2
2285,Entry short,2021-09-01 07:00,C0|S|MKT|15|v0.3.0-tier0|SPY,422.46,100,42246,-21,-0.05,0,3,0.01,-54,-0.13,55,0.06,2
2286,Exit short,2021-09-02 07:45,TX30,423.95,100,42353,-42,-0.10,0,8,0.02,-45,-0.11,13,0.01,2
2286,Entry short,2021-09-02 07:15,C0|S|MKT|15|v0.3.0-tier0|SPY,423.53,100,42353,-42,-0.10,0,8,0.02,-45,-0.11,13,0.01,2
2287,Exit long,2021-09-03 07:45,TX30,422.82,100,42331,-49,-0.12,0,6,0.01,-74,-0.17,-36,-0.04,2
2287,Entry long,2021-09-03 07:15,C0|L|MKT|15|v0.3.0-tier0|SPY,423.31,100,42331,-49,-0.12,0,6,0.01,-74,-0.17,-36,-0.04,2
2288,Exit short,2021-09-07 07:30,TX30,421.64,100,42221,57,0.14,0,93,0.22,-7,-0.02,21,0.02,2
2288,Entry short,2021-09-07 07:00,C0|S|MKT|15|v0.3.0-tier0|SPY,422.21,100,42221,57,0.14,0,93,0.22,-7,-0.02,21,0.02,2
2289,Exit long,2021-09-08 07:30,TX30,421.34,100,42177,-43,-0.10,0,36,0.09,-54,-0.13,-22,-0.02,2
2289,Entry long,2021-09-08 07:00,C0|L|MKT|15|v0.3.0-tier0|SPY,421.77,100,42177,-43,-0.10,0,36,0.09,-54,-0.13,-22,-0.02,2
2290,Exit long,2021-09-09 07:45,TX30,422.5,100,42281,-31,-0.07,0,17,0.04,-40,-0.09,-53,-0.05,2
2290,Entry long,2021-09-09 07:15,C0|L|MKT|15|v0.3.0-tier0|SPY,422.81,100,42281,-31,-0.07,0,17,0.04,-40,-0.09,-53,-0.05,2
2291,Exit short,2021-09-10 07:30,TX30,419.63,100,42030,67,0.16,0,94,0.22,-1,0.00,14,0.01,2
2291,Entry short,2021-09-10 07:00,C0|S|MKT|15|v0.3.0-tier0|SPY,420.3,100,42030,67,0.16,0,94,0.22,-1,0.00,14,0.01,2
2292,Exit short,2021-09-13 07:45,TX30,417,100,41670,-30,-0.07,0,35,0.08,-76,-0.18,-16,-0.02,2
2292,Entry short,2021-09-13 07:15,C0|S|MKT|15|v0.3.0-tier0|SPY,416.7,100,41670,-30,-0.07,0,35,0.08,-76,-0.18,-16,-0.02,2
2293,Exit short,2021-09-14 07:30,TX30,416.68,100,41691,23,0.06,0,87,0.21,-3,-0.01,7,0.01,2
2293,Entry short,2021-09-14 07:00,C0|S|MKT|15|v0.3.0-tier0|SPY,416.91,100,41691,23,0.06,0,87,0.21,-3,-0.01,7,0.01,2
2294,Exit long,2021-09-15 07:30,TX30,415.36,100,41597,-61,-0.15,0,40,0.10,-105,-0.25,-54,-0.05,2
2294,Entry long,2021-09-15 07:00,C0|L|MKT|15|v0.3.0-tier0|SPY,415.97,100,41597,-61,-0.15,0,40,0.10,-105,-0.25,-54,-0.05,2
2295,Exit short,2021-09-16 07:30,TX30,416.16,100,41697,81,0.19,0,147,0.35,0,0.00,27,0.03,2
2295,Entry short,2021-09-16 07:00,C0|S|MKT|15|v0.3.0-tier0|SPY,416.97,100,41697,81,0.19,0,147,0.35,0,0.00,27,0.03,2
2296,Exit short,2021-09-17 07:30,TX30,415.55,100,41582,27,0.06,0,97,0.23,-23,-0.06,54,0.05,2
2296,Entry short,2021-09-17 07:00,C0|S|MKT|15|v0.3.0-tier0|SPY,415.82,100,41582,27,0.06,0,97,0.23,-23,-0.06,54,0.05,2
2297,Exit short,2021-09-21 07:45,TX30,407.72,100,40802,30,0.07,0,90,0.22,-50,-0.12,84,0.08,2
2297,Entry short,2021-09-21 07:15,C0|S|MKT|15|v0.3.0-tier0|SPY,408.02,100,40802,30,0.07,0,90,0.22,-50,-0.12,84,0.08,2
2298,Exit long,2021-09-22 07:30,TX30,410.11,100,40959,52,0.13,0,83,0.20,-21,-0.05,136,0.14,2
2298,Entry long,2021-09-22 07:00,C0|L|MKT|15|v0.3.0-tier0|SPY,409.59,100,40959,52,0.13,0,83,0.20,-21,-0.05,136,0.14,2
2299,Exit long,2021-09-23 07:30,TX30,415.61,100,41464,97,0.23,0,132,0.32,0,0.00,233,0.23,2
2299,Entry long,2021-09-23 07:00,C0|L|MKT|15|v0.3.0-tier0|SPY,414.64,100,41464,97,0.23,0,132,0.32,0,0.00,233,0.23,2
2300,Exit long,2021-09-24 07:30,TX30,415.46,100,41595,-49,-0.12,0,27,0.06,-78,-0.19,184,0.18,2
2300,Entry long,2021-09-24 07:00,C0|L|MKT|15|v0.3.0-tier0|SPY,415.95,100,41595,-49,-0.12,0,27,0.06,-78,-0.19,184,0.18,2
2301,Exit long,2021-09-27 07:45,TX30,416.16,100,41571,45,0.11,0,63,0.15,-6,-0.01,229,0.23,2
2301,Entry long,2021-09-27 07:15,C0|L|MKT|15|v0.3.0-tier0|SPY,415.71,100,41571,45,0.11,0,63,0.15,-6,-0.01,229,0.23,2
2302,Exit short,2021-09-28 07:30,TX30,408.65,100,41060,195,0.47,0,277,0.67,-1,0.00,424,0.42,2
2302,Entry short,2021-09-28 07:00,C0|S|MKT|15|v0.3.0-tier0|SPY,410.6,100,41060,195,0.47,0,277,0.67,-1,0.00,424,0.42,2
2303,Exit long,2021-09-29 07:30,TX30,409.05,100,40914,-9,-0.02,0,56,0.14,-54,-0.13,415,0.42,2
2303,Entry long,2021-09-29 07:00,C0|L|MKT|15|v0.3.0-tier0|SPY,409.14,100,40914,-9,-0.02,0,56,0.14,-54,-0.13,415,0.42,2
2304,Exit short,2021-09-30 07:45,TX30,407.47,100,40769,22,0.05,0,59,0.14,-120,-0.29,437,0.44,2
2304,Entry short,2021-09-30 07:15,C0|S|MKT|15|v0.3.0-tier0|SPY,407.69,100,40769,22,0.05,0,59,0.14,-120,-0.29,437,0.44,2
2305,Exit short,2021-10-01 08:00,TX30,402.41,100,40100,-141,-0.35,0,41,0.10,-146,-0.36,296,0.30,2
2305,Entry short,2021-10-01 07:30,C0|S|MKT|15|v0.3.0-tier0|SPY,401,100,40100,-141,-0.35,0,41,0.10,-146,-0.36,296,0.30,2
2306,Exit short,2021-10-04 07:45,TX30,402.39,100,40499,260,0.64,0,394,0.97,-7,-0.02,556,0.56,2
2306,Entry short,2021-10-04 07:15,C0|S|MKT|15|v0.3.0-tier0|SPY,404.99,100,40499,260,0.64,0,394,0.97,-7,-0.02,556,0.56,2
2307,Exit long,2021-10-05 07:30,TX30,406.7,100,40438,232,0.57,0,235,0.58,-11,-0.03,788,0.79,2
2307,Entry long,2021-10-05 07:00,C0|L|MKT|15|v0.3.0-tier0|SPY,404.38,100,40438,232,0.57,0,235,0.58,-11,-0.03,788,0.79,2
2308,Exit short,2021-10-06 07:30,TX30,403.68,100,40206,-162,-0.40,0,119,0.30,-216,-0.54,626,0.63,2
2308,Entry short,2021-10-06 07:00,C0|S|MKT|15|v0.3.0-tier0|SPY,402.06,100,40206,-162,-0.40,0,119,0.30,-216,-0.54,626,0.63,2
2309,Exit long,2021-10-07 07:30,TX30,413.87,100,41318,69,0.17,0,94,0.23,-11,-0.03,695,0.70,2
2309,Entry long,2021-10-07 07:00,C0|L|MKT|15|v0.3.0-tier0|SPY,413.18,100,41318,69,0.17,0,94,0.23,-11,-0.03,695,0.70,2
2310,Exit long,2021-10-11 07:30,TX30,412.72,100,41200,72,0.17,0,80,0.19,-5,-0.01,767,0.77,2
2310,Entry long,2021-10-11 07:00,C0|L|MKT|15|v0.3.0-tier0|SPY,412,100,41200,72,0.17,0,80,0.19,-5,-0.01,767,0.77,2
2311,Exit short,2021-10-12 07:30,TX30,407.5,100,40704,-46,-0.11,0,50,0.12,-106,-0.26,721,0.72,2
2311,Entry short,2021-10-12 07:00,C0|S|MKT|15|v0.3.0-tier0|SPY,407.04,100,40704,-46,-0.11,0,50,0.12,-106,-0.26,721,0.72,2
2312,Exit short,2021-10-13 07:30,TX30,405.02,100,40608,106,0.26,0,145,0.36,-15,-0.04,827,0.83,2
2312,Entry short,2021-10-13 07:00,C0|S|MKT|15|v0.3.0-tier0|SPY,406.08,100,40608,106,0.26,0,145,0.36,-15,-0.04,827,0.83,2
2313,Exit long,2021-10-14 07:45,TX30,413.06,100,41323,-17,-0.04,0,22,0.05,-36,-0.09,810,0.81,2
2313,Entry long,2021-10-14 07:15,C0|L|MKT|15|v0.3.0-tier0|SPY,413.23,100,41323,-17,-0.04,0,22,0.05,-36,-0.09,810,0.81,2
2314,Exit long,2021-10-15 07:30,TX30,416.75,100,41748,-73,-0.17,0,42,0.10,-86,-0.21,737,0.74,2
2314,Entry long,2021-10-15 07:00,C0|L|MKT|15|v0.3.0-tier0|SPY,417.48,100,41748,-73,-0.17,0,42,0.10,-86,-0.21,737,0.74,2
2315,Exit long,2021-10-18 07:30,TX30,417.93,100,41757,36,0.09,0,39,0.09,-24,-0.06,773,0.77,2
2315,Entry long,2021-10-18 07:00,C0|L|MKT|15|v0.3.0-tier0|SPY,417.57,100,41757,36,0.09,0,39,0.09,-24,-0.06,773,0.77,2
2316,Exit long,2021-10-19 07:45,TX30,421.37,100,42148,-11,-0.03,0,22,0.05,-46,-0.11,762,0.76,2
2316,Entry long,2021-10-19 07:15,C0|L|MKT|15|v0.3.0-tier0|SPY,421.48,100,42148,-11,-0.03,0,22,0.05,-46,-0.11,762,0.76,2
2317,Exit long,2021-10-20 07:30,TX30,424.27,100,42341,86,0.20,0,87,0.21,-22,-0.05,848,0.85,2
2317,Entry long,2021-10-20 07:00,C0|L|MKT|15|v0.3.0-tier0|SPY,423.41,100,42341,86,0.20,0,87,0.21,-22,-0.05,848,0.85,2
2318,Exit long,2021-10-21 07:30,TX30,424.24,100,42377,47,0.11,0,47,0.11,-18,-0.04,895,0.90,2
2318,Entry long,2021-10-21 07:00,C0|L|MKT|15|v0.3.0-tier0|SPY,423.77,100,42377,47,0.11,0,47,0.11,-18,-0.04,895,0.90,2
2319,Exit long,2021-10-22 08:00,TX30,425.21,100,42629,-108,-0.25,0,0,0.00,-122,-0.29,787,0.79,2
2319,Entry long,2021-10-22 07:30,C0|L|MKT|15|v0.3.0-tier0|SPY,426.29,100,42629,-108,-0.25,0,0,0.00,-122,-0.29,787,0.79,2
2320,Exit long,2021-10-26 07:45,TX30,429.33,100,42939,-6,-0.01,0,50,0.12,-10,-0.02,781,0.78,2
2320,Entry long,2021-10-26 07:15,C0|L|MKT|15|v0.3.0-tier0|SPY,429.39,100,42939,-6,-0.01,0,50,0.12,-10,-0.02,781,0.78,2
2321,Exit long,2021-10-27 07:30,TX30,427.41,100,42852,-111,-0.26,0,10,0.02,-127,-0.30,670,0.67,2
2321,Entry long,2021-10-27 07:00,C0|L|MKT|15|v0.3.0-tier0|SPY,428.52,100,42852,-111,-0.26,0,10,0.02,-127,-0.30,670,0.67,2
2322,Exit long,2021-10-28 07:30,TX30,428.58,100,42828,30,0.07,0,32,0.07,-67,-0.16,700,0.70,2
2322,Entry long,2021-10-28 07:00,C0|L|MKT|15|v0.3.0-tier0|SPY,428.28,100,42828,30,0.07,0,32,0.07,-67,-0.16,700,0.70,2
2323,Exit short,2021-11-01 07:30,TX30,430.39,100,43064,25,0.06,0,102,0.24,-10,-0.02,725,0.73,2
2323,Entry short,2021-11-01 07:00,C0|S|MKT|15|v0.3.0-tier0|SPY,430.64,100,43064,25,0.06,0,102,0.24,-10,-0.02,725,0.73,2
2324,Exit long,2021-11-02 07:30,TX30,432.48,100,43240,8,0.02,0,24,0.06,-40,-0.09,733,0.73,2
2324,Entry long,2021-11-02 07:00,C0|L|MKT|15|v0.3.0-tier0|SPY,432.4,100,43240,8,0.02,0,24,0.06,-40,-0.09,733,0.73,2
2325,Exit long,2021-11-04 07:30,TX30,437.57,100,43729,28,0.06,0,57,0.13,-15,-0.03,761,0.76,2
2325,Entry long,2021-11-04 07:00,C0|L|MKT|15|v0.3.0-tier0|SPY,437.29,100,43729,28,0.06,0,57,0.13,-15,-0.03,761,0.76,2
2326,Exit short,2021-11-09 07:30,TX30,438.05,100,43779,-26,-0.06,0,71,0.16,-57,-0.13,735,0.74,2
2326,Entry short,2021-11-09 07:00,C0|S|MKT|15|v0.3.0-tier0|SPY,437.79,100,43779,-26,-0.06,0,71,0.16,-57,-0.13,735,0.74,2
2327,Exit long,2021-11-10 07:30,TX30,437.8,100,43801,-21,-0.05,0,21,0.05,-38,-0.09,714,0.71,2
2327,Entry long,2021-11-10 07:00,C0|L|MKT|15|v0.3.0-tier0|SPY,438.01,100,43801,-21,-0.05,0,21,0.05,-38,-0.09,714,0.71,2
2328,Exit short,2021-11-15 07:45,TX30,438.49,100,43860,11,0.03,0,26,0.06,-13,-0.03,725,0.73,2
2328,Entry short,2021-11-15 07:15,C0|S|MKT|15|v0.3.0-tier0|SPY,438.6,100,43860,11,0.03,0,26,0.06,-13,-0.03,725,0.73,2
2329,Exit long,2021-11-16 07:45,TX30,439.12,100,43965,-53,-0.12,0,17,0.04,-80,-0.18,672,0.67,2
2329,Entry long,2021-11-16 07:15,C0|L|MKT|15|v0.3.0-tier0|SPY,439.65,100,43965,-53,-0.12,0,17,0.04,-80,-0.18,672,0.67,2
2330,Exit short,2021-11-17 07:30,TX30,438.82,100,43839,-43,-0.10,0,6,0.01,-68,-0.16,629,0.63,2
2330,Entry short,2021-11-17 07:00,C0|S|MKT|15|v0.3.0-tier0|SPY,438.39,100,43839,-43,-0.10,0,6,0.01,-68,-0.16,629,0.63,2
2331,Exit short,2021-11-18 07:30,TX30,437.66,100,43929,163,0.37,0,202,0.46,-16,-0.04,792,0.79,2
2331,Entry short,2021-11-18 07:00,C0|S|MKT|15|v0.3.0-tier0|SPY,439.29,100,43929,163,0.37,0,202,0.46,-16,-0.04,792,0.79,2
2332,Exit long,2021-11-19 07:30,TX30,439.59,100,44085,-126,-0.29,0,3,0.01,-127,-0.29,666,0.67,2
2332,Entry long,2021-11-19 07:00,C0|L|MKT|15|v0.3.0-tier0|SPY,440.85,100,44085,-126,-0.29,0,3,0.01,-127,-0.29,666,0.67,2
2333,Exit long,2021-11-22 07:30,TX30,443.7,100,44321,49,0.11,0,78,0.18,0,0.00,715,0.72,2
2333,Entry long,2021-11-22 07:00,C0|L|MKT|15|v0.3.0-tier0|SPY,443.21,100,44321,49,0.11,0,78,0.18,0,0.00,715,0.72,2
2334,Exit long,2021-11-23 07:30,TX30,437,100,43934,-234,-0.53,0,13,0.03,-248,-0.56,481,0.48,2
2334,Entry long,2021-11-23 07:00,C0|L|MKT|15|v0.3.0-tier0|SPY,439.34,100,43934,-234,-0.53,0,13,0.03,-248,-0.56,481,0.48,2
2335,Exit long,2021-11-24 08:00,TX30,438.24,100,43822,2,0.00,0,26,0.06,-62,-0.14,483,0.48,2
2335,Entry long,2021-11-24 07:30,C0|L|MKT|15|v0.3.0-tier0|SPY,438.22,100,43822,2,0.00,0,26,0.06,-62,-0.14,483,0.48,2
2336,Exit short,2021-11-26 07:30,TX30,432.2,100,43269,49,0.11,0,228,0.53,-1,0.00,532,0.53,2
2336,Entry short,2021-11-26 07:00,C0|S|MKT|15|v0.3.0-tier0|SPY,432.69,100,43269,49,0.11,0,228,0.53,-1,0.00,532,0.53,2
2337,Exit short,2021-11-29 08:00,TX30,433.73,100,43377,4,0.01,0,83,0.19,-42,-0.10,536,0.54,2
2337,Entry short,2021-11-29 07:30,C0|S|MKT|15|v0.3.0-tier0|SPY,433.77,100,43377,4,0.01,0,83,0.19,-42,-0.10,536,0.54,2
2338,Exit long,2021-11-30 07:45,TX30,433.69,100,43410,-41,-0.09,0,96,0.22,-99,-0.23,495,0.50,2
2338,Entry long,2021-11-30 07:15,C0|L|MKT|15|v0.3.0-tier0|SPY,434.1,100,43410,-41,-0.09,0,96,0.22,-99,-0.23,495,0.50,2
2339,Exit long,2021-12-01 07:45,TX30,433.59,100,43377,-18,-0.04,0,48,0.11,-131,-0.30,477,0.48,2
2339,Entry long,2021-12-01 07:15,C0|L|MKT|15|v0.3.0-tier0|SPY,433.77,100,43377,-18,-0.04,0,48,0.11,-131,-0.30,477,0.48,2
2340,Exit long,2021-12-02 07:30,TX30,426.52,100,42743,-91,-0.21,0,42,0.10,-213,-0.50,386,0.39,2
2340,Entry long,2021-12-02 07:00,C0|L|MKT|15|v0.3.0-tier0|SPY,427.43,100,42743,-91,-0.21,0,42,0.10,-213,-0.50,386,0.39,2
2341,Exit short,2021-12-03 07:30,TX30,427.1,100,42702,-8,-0.02,0,176,0.41,-66,-0.15,378,0.38,2
2341,Entry short,2021-12-03 07:00,C0|S|MKT|15|v0.3.0-tier0|SPY,427.02,100,42702,-8,-0.02,0,176,0.41,-66,-0.15,378,0.38,2
2342,Exit long,2021-12-06 07:45,TX30,428.56,100,42920,-64,-0.15,0,58,0.14,-79,-0.18,314,0.31,2
2342,Entry long,2021-12-06 07:15,C0|L|MKT|15|v0.3.0-tier0|SPY,429.2,100,42920,-64,-0.15,0,58,0.14,-79,-0.18,314,0.31,2
2343,Exit long,2021-12-07 07:30,TX30,438.38,100,43809,29,0.07,0,86,0.20,-25,-0.06,343,0.34,2
2343,Entry long,2021-12-07 07:00,C0|L|MKT|15|v0.3.0-tier0|SPY,438.09,100,43809,29,0.07,0,86,0.20,-25,-0.06,343,0.34,2
2344,Exit short,2021-12-08 08:00,TX30,437.93,100,43831,38,0.09,0,47,0.11,-75,-0.17,381,0.38,2
2344,Entry short,2021-12-08 07:30,C0|S|MKT|15|v0.3.0-tier0|SPY,438.31,100,43831,38,0.09,0,47,0.11,-75,-0.17,381,0.38,2
2345,Exit short,2021-12-09 08:00,TX30,439.02,100,43839,-63,-0.14,0,46,0.10,-69,-0.16,318,0.32,2
2345,Entry short,2021-12-09 07:30,C0|S|MKT|15|v0.3.0-tier0|SPY,438.39,100,43839,-63,-0.14,0,46,0.10,-69,-0.16,318,0.32,2
2346,Exit short,2021-12-10 07:30,TX30,440.17,100,43916,-101,-0.23,0,12,0.03,-108,-0.25,217,0.22,2
2346,Entry short,2021-12-10 07:00,C0|S|MKT|15|v0.3.0-tier0|SPY,439.16,100,43916,-101,-0.23,0,12,0.03,-108,-0.25,217,0.22,2
2347,Exit short,2021-12-13 07:30,TX30,438.63,100,43946,83,0.19,0,123,0.28,-64,-0.15,300,0.30,2
2347,Entry short,2021-12-13 07:00,C0|S|MKT|15|v0.3.0-tier0|SPY,439.46,100,43946,83,0.19,0,123,0.28,-64,-0.15,300,0.30,2
2348,Exit short,2021-12-15 07:30,TX30,433.12,100,43283,-29,-0.07,0,44,0.10,-53,-0.12,271,0.27,2
2348,Entry short,2021-12-15 07:00,C0|S|MKT|15|v0.3.0-tier0|SPY,432.83,100,43283,-29,-0.07,0,44,0.10,-53,-0.12,271,0.27,2
2349,Exit short,2021-12-16 07:30,TX30,442.42,100,44147,-95,-0.22,0,99,0.22,-108,-0.24,176,0.18,2
2349,Entry short,2021-12-16 07:00,C0|S|MKT|15|v0.3.0-tier0|SPY,441.47,100,44147,-95,-0.22,0,99,0.22,-108,-0.24,176,0.18,2
2350,Exit short,2021-12-17 07:45,TX30,434.13,100,43147,-266,-0.62,0,47,0.11,-291,-0.67,-90,-0.09,2
2350,Entry short,2021-12-17 07:15,C0|S|MKT|15|v0.3.0-tier0|SPY,431.47,100,43147,-266,-0.62,0,47,0.11,-291,-0.67,-90,-0.09,2
2351,Exit short,2021-12-20 07:45,TX30,426.42,100,42609,-33,-0.08,0,76,0.18,-104,-0.24,-123,-0.12,2
2351,Entry short,2021-12-20 07:15,C0|S|MKT|15|v0.3.0-tier0|SPY,426.09,100,42609,-33,-0.08,0,76,0.18,-104,-0.24,-123,-0.12,2
2352,Exit short,2021-12-21 07:30,TX30,429.87,100,43038,51,0.12,0,74,0.17,-128,-0.30,-72,-0.07,2
2352,Entry short,2021-12-21 07:00,C0|S|MKT|15|v0.3.0-tier0|SPY,430.38,100,43038,51,0.12,0,74,0.17,-128,-0.30,-72,-0.07,2
2353,Exit long,2021-12-22 08:00,TX30,438.59,100,43673,186,0.43,0,203,0.46,-2,0.00,114,0.11,2
2353,Entry long,2021-12-22 07:30,C0|L|MKT|15|v0.3.0-tier0|SPY,436.73,100,43673,186,0.43,0,203,0.46,-2,0.00,114,0.11,2
2354,Exit long,2021-12-23 07:45,TX30,442.75,100,44291,-16,-0.04,0,16,0.04,-39,-0.09,98,0.10,2
2354,Entry long,2021-12-23 07:15,C0|L|MKT|15|v0.3.0-tier0|SPY,442.91,100,44291,-16,-0.04,0,16,0.04,-39,-0.09,98,0.10,2
2355,Exit long,2021-12-27 07:45,TX30,446.77,100,44598,79,0.18,0,81,0.18,-14,-0.03,177,0.18,2
2355,Entry long,2021-12-27 07:15,C0|L|MKT|15|v0.3.0-tier0|SPY,445.98,100,44598,79,0.18,0,81,0.18,-14,-0.03,177,0.18,2
2356,Exit long,2021-12-28 07:30,TX30,449.68,100,45021,-53,-0.12,0,25,0.06,-129,-0.29,124,0.12,2
2356,Entry long,2021-12-28 07:00,C0|L|MKT|15|v0.3.0-tier0|SPY,450.21,100,45021,-53,-0.12,0,25,0.06,-129,-0.29,124,0.12,2
2357,Exit short,2021-12-29 07:45,TX30,449.02,100,44832,-70,-0.16,0,51,0.11,-91,-0.20,54,0.05,2
2357,Entry short,2021-12-29 07:15,C0|S|MKT|15|v0.3.0-tier0|SPY,448.32,100,44832,-70,-0.16,0,51,0.11,-91,-0.20,54,0.05,2
2358,Exit short,2022-01-03 07:30,TX30,448.58,100,44689,-169,-0.38,0,16,0.04,-169,-0.38,-115,-0.11,2
2358,Entry short,2022-01-03 07:00,C0|S|MKT|15|v0.3.0-tier0|SPY,446.89,100,44689,-169,-0.38,0,16,0.04,-169,-0.38,-115,-0.11,2
2359,Exit long,2022-01-05 08:00,TX30,449.09,100,44950,-41,-0.09,0,0,0.00,-75,-0.17,-156,-0.16,2
2359,Entry long,2022-01-05 07:30,C0|L|MKT|15|v0.3.0-tier0|SPY,449.5,100,44950,-41,-0.09,0,0,0.00,-75,-0.17,-156,-0.16,2
2360,Exit short,2022-01-06 07:30,TX30,440.05,100,43945,-60,-0.14,0,150,0.34,-150,-0.34,-216,-0.22,2
2360,Entry short,2022-01-06 07:00,C0|S|MKT|15|v0.3.0-tier0|SPY,439.45,100,43945,-60,-0.14,0,150,0.34,-150,-0.34,-216,-0.22,2
2361,Exit short,2022-01-10 07:30,TX30,431.08,100,43219,111,0.26,0,185,0.43,-23,-0.05,-105,-0.10,2
2361,Entry short,2022-01-10 07:00,C0|S|MKT|15|v0.3.0-tier0|SPY,432.19,100,43219,111,0.26,0,185,0.43,-23,-0.05,-105,-0.10,2
2362,Exit long,2022-01-12 07:45,TX30,442.88,100,44510,-222,-0.50,0,1,0.00,-273,-0.61,-327,-0.33,2
2362,Entry long,2022-01-12 07:15,C0|L|MKT|15|v0.3.0-tier0|SPY,445.1,100,44510,-222,-0.50,0,1,0.00,-273,-0.61,-327,-0.33,2
2363,Exit short,2022-01-13 07:45,TX30,442.55,100,44330,75,0.17,0,76,0.17,-22,-0.05,-252,-0.25,2
2363,Entry short,2022-01-13 07:15,C0|S|MKT|15|v0.3.0-tier0|SPY,443.3,100,44330,75,0.17,0,76,0.17,-22,-0.05,-252,-0.25,2
2364,Exit long,2022-01-14 07:30,TX30,435.73,100,43694,-121,-0.28,0,45,0.10,-160,-0.37,-373,-0.37,2
2364,Entry long,2022-01-14 07:00,C0|L|MKT|15|v0.3.0-tier0|SPY,436.94,100,43694,-121,-0.28,0,45,0.10,-160,-0.37,-373,-0.37,2
2365,Exit short,2022-01-19 08:00,TX30,429.22,100,42944,22,0.05,0,86,0.20,-31,-0.07,-351,-0.35,2
2365,Entry short,2022-01-19 07:30,C0|S|MKT|15|v0.3.0-tier0|SPY,429.44,100,42944,22,0.05,0,86,0.20,-31,-0.07,-351,-0.35,2
2366,Exit long,2022-01-20 07:30,TX30,429.51,100,42975,-24,-0.06,0,21,0.05,-112,-0.26,-375,-0.37,2
2366,Entry long,2022-01-20 07:00,C0|L|MKT|15|v0.3.0-tier0|SPY,429.75,100,42975,-24,-0.06,0,21,0.05,-112,-0.26,-375,-0.37,2
2367,Exit short,2022-01-21 07:45,TX30,418.33,100,41585,-248,-0.60,0,123,0.30,-375,-0.90,-623,-0.62,2
2367,Entry short,2022-01-21 07:15,C0|S|MKT|15|v0.3.0-tier0|SPY,415.85,100,41585,-248,-0.60,0,123,0.30,-375,-0.90,-623,-0.62,2
2368,Exit short,2022-01-24 07:30,TX30,403.21,100,40373,52,0.13,0,309,0.77,-118,-0.29,-571,-0.57,2
2368,Entry short,2022-01-24 07:00,C0|S|MKT|15|v0.3.0-tier0|SPY,403.73,100,40373,52,0.13,0,309,0.77,-118,-0.29,-571,-0.57,2
2369,Exit short,2022-01-25 07:30,TX30,406.9,100,40379,-311,-0.77,0,188,0.47,-314,-0.78,-882,-0.88,2
2369,Entry short,2022-01-25 07:00,C0|S|MKT|15|v0.3.0-tier0|SPY,403.79,100,40379,-311,-0.77,0,188,0.47,-314,-0.78,-882,-0.88,2
2370,Exit long,2022-01-26 07:30,TX30,413.22,100,41588,-266,-0.64,0,102,0.25,-324,-0.78,-1148,-1.15,2
2370,Entry long,2022-01-26 07:00,C0|L|MKT|15|v0.3.0-tier0|SPY,415.88,100,41588,-266,-0.64,0,102,0.25,-324,-0.78,-1148,-1.15,2
2371,Exit long,2022-01-27 07:30,TX30,411.56,100,41429,-273,-0.66,0,121,0.29,-273,-0.66,-1421,-1.42,2
2371,Entry long,2022-01-27 07:00,C0|L|MKT|15|v0.3.0-tier0|SPY,414.29,100,41429,-273,-0.66,0,121,0.29,-273,-0.66,-1421,-1.42,2
2372,Exit short,2022-01-28 07:30,TX30,405.3,100,40317,-213,-0.53,0,63,0.16,-363,-0.90,-1634,-1.63,2
2372,Entry short,2022-01-28 07:00,C0|S|MKT|15|v0.3.0-tier0|SPY,403.17,100,40317,-213,-0.53,0,63,0.16,-363,-0.90,-1634,-1.63,2
2373,Exit long,2022-01-31 07:30,TX30,418.13,100,41714,99,0.24,0,231,0.55,-4,-0.01,-1535,-1.53,2
2373,Entry long,2022-01-31 07:00,C0|L|MKT|15|v0.3.0-tier0|SPY,417.14,100,41714,99,0.24,0,231,0.55,-4,-0.01,-1535,-1.53,2
2374,Exit short,2022-02-01 08:00,TX30,423.41,100,42228,-113,-0.27,0,85,0.20,-115,-0.27,-1648,-1.65,2
2374,Entry short,2022-02-01 07:30,C0|S|MKT|15|v0.3.0-tier0|SPY,422.28,100,42228,-113,-0.27,0,85,0.20,-115,-0.27,-1648,-1.65,2
2375,Exit short,2022-02-02 07:30,TX30,427.36,100,42769,33,0.08,0,65,0.15,-144,-0.34,-1615,-1.62,2
2375,Entry short,2022-02-02 07:00,C0|S|MKT|15|v0.3.0-tier0|SPY,427.69,100,42769,33,0.08,0,65,0.15,-144,-0.34,-1615,-1.62,2
2376,Exit long,2022-02-03 08:00,TX30,425.27,100,42579,-52,-0.12,0,36,0.08,-100,-0.23,-1667,-1.67,2
2376,Entry long,2022-02-03 07:30,C0|L|MKT|15|v0.3.0-tier0|SPY,425.79,100,42579,-52,-0.12,0,36,0.08,-100,-0.23,-1667,-1.67,2
2377,Exit long,2022-02-07 07:30,TX30,423.21,100,42337,-16,-0.04,0,32,0.08,-137,-0.32,-1683,-1.68,2
2377,Entry long,2022-02-07 07:00,C0|L|MKT|15|v0.3.0-tier0|SPY,423.37,100,42337,-16,-0.04,0,32,0.08,-137,-0.32,-1683,-1.68,2
2378,Exit short,2022-02-08 08:00,TX30,421.46,100,41995,-151,-0.36,0,47,0.11,-186,-0.44,-1834,-1.83,2
2378,Entry short,2022-02-08 07:30,C0|S|MKT|15|v0.3.0-tier0|SPY,419.95,100,41995,-151,-0.36,0,47,0.11,-186,-0.44,-1834,-1.83,2
2379,Exit long,2022-02-10 07:30,TX30,429.08,100,42829,79,0.18,0,162,0.38,-14,-0.03,-1755,-1.75,2
2379,Entry long,2022-02-10 07:00,C0|L|MKT|15|v0.3.0-tier0|SPY,428.29,100,42829,79,0.18,0,162,0.38,-14,-0.03,-1755,-1.75,2
2380,Exit short,2022-02-14 08:00,TX30,412.01,100,41301,100,0.24,0,149,0.36,-40,-0.10,-1655,-1.65,2
2380,Entry short,2022-02-14 07:30,C0|S|MKT|15|v0.3.0-tier0|SPY,413.01,100,41301,100,0.24,0,149,0.36,-40,-0.10,-1655,-1.65,2
2381,Exit short,2022-02-16 07:30,TX30,417.08,100,41660,-48,-0.12,0,48,0.12,-62,-0.15,-1703,-1.70,2
2381,Entry short,2022-02-16 07:00,C0|S|MKT|15|v0.3.0-tier0|SPY,416.6,100,41660,-48,-0.12,0,48,0.12,-62,-0.15,-1703,-1.70,2
2382,Exit short,2022-02-17 07:30,TX30,414,100,41472,72,0.17,0,82,0.20,-85,-0.20,-1631,-1.63,2
2382,Entry short,2022-02-17 07:00,C0|S|MKT|15|v0.3.0-tier0|SPY,414.72,100,41472,72,0.17,0,82,0.20,-85,-0.20,-1631,-1.63,2
2383,Exit long,2022-02-18 07:30,TX30,411.06,100,41249,-143,-0.35,0,24,0.06,-158,-0.38,-1774,-1.77,2
2383,Entry long,2022-02-18 07:00,C0|L|MKT|15|v0.3.0-tier0|SPY,412.49,100,41249,-143,-0.35,0,24,0.06,-158,-0.38,-1774,-1.77,2
2384,Exit long,2022-02-22 07:30,TX30,409.73,100,40854,119,0.29,0,119,0.29,-124,-0.30,-1655,-1.65,2
2384,Entry long,2022-02-22 07:00,C0|L|MKT|15|v0.3.0-tier0|SPY,408.54,100,40854,119,0.29,0,119,0.29,-124,-0.30,-1655,-1.65,2
2385,Exit short,2022-02-23 07:30,TX30,402.96,100,40566,270,0.67,0,282,0.70,-3,-0.01,-1385,-1.38,2
2385,Entry short,2022-02-23 07:00,C0|S|MKT|15|v0.3.0-tier0|SPY,405.66,100,40566,270,0.67,0,282,0.70,-3,-0.01,-1385,-1.38,2
2386,Exit long,2022-02-24 07:30,TX30,390.9,100,39113,-23,-0.06,0,230,0.59,-243,-0.62,-1408,-1.41,2
2386,Entry long,2022-02-24 07:00,C0|L|MKT|15|v0.3.0-tier0|SPY,391.13,100,39113,-23,-0.06,0,230,0.59,-243,-0.62,-1408,-1.41,2
2387,Exit short,2022-02-25 07:30,TX30,406.35,100,40317,-318,-0.79,0,59,0.15,-355,-0.88,-1726,-1.73,2
2387,Entry short,2022-02-25 07:00,C0|S|MKT|15|v0.3.0-tier0|SPY,403.17,100,40317,-318,-0.79,0,59,0.15,-355,-0.88,-1726,-1.73,2
2388,Exit long,2022-02-28 07:30,TX30,407.35,100,40861,-126,-0.31,0,27,0.07,-227,-0.56,-1852,-1.85,2
2388,Entry long,2022-02-28 07:00,C0|L|MKT|15|v0.3.0-tier0|SPY,408.61,100,40861,-126,-0.31,0,27,0.07,-227,-0.56,-1852,-1.85,2
2389,Exit short,2022-03-01 07:30,TX30,409.09,100,40917,8,0.02,0,136,0.33,-126,-0.31,-1844,-1.84,2
2389,Entry short,2022-03-01 07:00,C0|S|MKT|15|v0.3.0-tier0|SPY,409.17,100,40917,8,0.02,0,136,0.33,-126,-0.31,-1844,-1.84,2
2390,Exit short,2022-03-02 07:45,TX30,409.15,100,40633,-282,-0.69,0,25,0.06,-360,-0.89,-2126,-2.13,2
2390,Entry short,2022-03-02 07:15,C0|S|MKT|15|v0.3.0-tier0|SPY,406.33,100,40633,-282,-0.69,0,25,0.06,-360,-0.89,-2126,-2.13,2
2391,Exit short,2022-03-03 07:45,TX30,410.15,100,41306,291,0.70,0,304,0.74,0,0.00,-1835,-1.84,2
2391,Entry short,2022-03-03 07:15,C0|S|MKT|15|v0.3.0-tier0|SPY,413.06,100,41306,291,0.70,0,304,0.74,0,0.00,-1835,-1.84,2
2392,Exit short,2022-03-04 07:45,TX30,403.69,100,40371,2,0.00,0,32,0.08,-138,-0.34,-1833,-1.83,2
2392,Entry short,2022-03-04 07:15,C0|S|MKT|15|v0.3.0-tier0|SPY,403.71,100,40371,2,0.00,0,32,0.08,-138,-0.34,-1833,-1.83,2
2393,Exit short,2022-03-07 07:30,TX30,400.91,100,40253,162,0.40,0,164,0.41,-84,-0.21,-1671,-1.67,2
2393,Entry short,2022-03-07 07:00,C0|S|MKT|15|v0.3.0-tier0|SPY,402.53,100,40253,162,0.40,0,164,0.41,-84,-0.21,-1671,-1.67,2
2394,Exit short,2022-03-08 07:45,TX30,392.39,100,39201,-38,-0.10,0,115,0.29,-245,-0.62,-1709,-1.71,2
2394,Entry short,2022-03-08 07:15,C0|S|MKT|15|v0.3.0-tier0|SPY,392.01,100,39201,-38,-0.10,0,115,0.29,-245,-0.62,-1709,-1.71,2
2395,Exit long,2022-03-09 07:45,TX30,400.61,100,40068,-7,-0.02,0,50,0.12,-95,-0.24,-1716,-1.72,2
2395,Entry long,2022-03-09 07:15,C0|L|MKT|15|v0.3.0-tier0|SPY,400.68,100,40068,-7,-0.02,0,50,0.12,-95,-0.24,-1716,-1.72,2
2396,Exit long,2022-03-10 07:30,TX30,398.17,100,39944,-127,-0.32,0,70,0.18,-129,-0.32,-1843,-1.84,2
2396,Entry long,2022-03-10 07:00,C0|L|MKT|15|v0.3.0-tier0|SPY,399.44,100,39944,-127,-0.32,0,70,0.18,-129,-0.32,-1843,-1.84,2
2397,Exit short,2022-03-11 07:45,TX30,400.73,100,40053,-20,-0.05,0,72,0.18,-86,-0.21,-1863,-1.86,2
2397,Entry short,2022-03-11 07:15,C0|S|MKT|15|v0.3.0-tier0|SPY,400.53,100,40053,-20,-0.05,0,72,0.18,-86,-0.21,-1863,-1.86,2
2398,Exit long,2022-03-14 07:45,TX30,397.79,100,39798,-19,-0.05,0,48,0.12,-86,-0.22,-1882,-1.88,2
2398,Entry long,2022-03-14 07:15,C0|L|MKT|15|v0.3.0-tier0|SPY,397.98,100,39798,-19,-0.05,0,48,0.12,-86,-0.22,-1882,-1.88,2
2399,Exit long,2022-03-15 08:00,TX30,396.86,100,39683,3,0.01,0,100,0.25,-25,-0.06,-1879,-1.88,2
2399,Entry long,2022-03-15 07:30,C0|L|MKT|15|v0.3.0-tier0|SPY,396.83,100,39683,3,0.01,0,100,0.25,-25,-0.06,-1879,-1.88,2
2400,Exit long,2022-03-16 08:00,TX30,407.71,100,40785,-14,-0.03,0,76,0.19,-125,-0.31,-1893,-1.89,2
2400,Entry long,2022-03-16 07:30,C0|L|MKT|15|v0.3.0-tier0|SPY,407.85,100,40785,-14,-0.03,0,76,0.19,-125,-0.31,-1893,-1.89,2
2401,Exit long,2022-03-17 07:30,TX30,410.62,100,41042,20,0.05,0,72,0.18,-27,-0.07,-1873,-1.87,2
2401,Entry long,2022-03-17 07:00,C0|L|MKT|15|v0.3.0-tier0|SPY,410.42,100,41042,20,0.05,0,72,0.18,-27,-0.07,-1873,-1.87,2
2402,Exit long,2022-03-18 07:30,TX30,415,100,41441,59,0.14,0,171,0.41,-28,-0.07,-1814,-1.81,2
2402,Entry long,2022-03-18 07:00,C0|L|MKT|15|v0.3.0-tier0|SPY,414.41,100,41441,59,0.14,0,171,0.41,-28,-0.07,-1814,-1.81,2
2403,Exit short,2022-03-21 07:30,TX30,418.15,100,41901,86,0.21,0,113,0.27,-32,-0.08,-1728,-1.73,2
2403,Entry short,2022-03-21 07:00,C0|S|MKT|15|v0.3.0-tier0|SPY,419.01,100,41901,86,0.21,0,113,0.27,-32,-0.08,-1728,-1.73,2
2404,Exit long,2022-03-22 07:45,TX30,423.7,100,42292,78,0.18,0,123,0.29,-37,-0.09,-1650,-1.65,2
2404,Entry long,2022-03-22 07:15,C0|L|MKT|15|v0.3.0-tier0|SPY,422.92,100,42292,78,0.18,0,123,0.29,-37,-0.09,-1650,-1.65,2
2405,Exit short,2022-03-23 07:30,TX30,422.43,100,42102,-141,-0.33,0,35,0.08,-171,-0.41,-1791,-1.79,2
2405,Entry short,2022-03-23 07:00,C0|S|MKT|15|v0.3.0-tier0|SPY,421.02,100,42102,-141,-0.33,0,35,0.08,-171,-0.41,-1791,-1.79,2
2406,Exit long,2022-03-24 07:45,TX30,421.43,100,42141,2,0.00,0,18,0.04,-118,-0.28,-1789,-1.79,2
2406,Entry long,2022-03-24 07:15,C0|L|MKT|15|v0.3.0-tier0|SPY,421.41,100,42141,2,0.00,0,18,0.04,-118,-0.28,-1789,-1.79,2
2407,Exit long,2022-03-25 08:00,TX30,426.93,100,42647,46,0.11,0,107,0.25,0,0.00,-1743,-1.74,2
2407,Entry long,2022-03-25 07:30,C0|L|MKT|15|v0.3.0-tier0|SPY,426.47,100,42647,46,0.11,0,107,0.25,0,0.00,-1743,-1.74,2
2408,Exit long,2022-03-28 07:30,TX30,427.48,100,42809,-61,-0.14,0,1,0.00,-139,-0.32,-1804,-1.80,2
2408,Entry long,2022-03-28 07:00,C0|L|MKT|15|v0.3.0-tier0|SPY,428.09,100,42809,-61,-0.14,0,1,0.00,-139,-0.32,-1804,-1.80,2
2409,Exit short,2022-03-29 07:30,TX30,432.95,100,43355,60,0.14,0,204,0.47,-33,-0.08,-1744,-1.74,2
2409,Entry short,2022-03-29 07:00,C0|S|MKT|15|v0.3.0-tier0|SPY,433.55,100,43355,60,0.14,0,204,0.47,-33,-0.08,-1744,-1.74,2
2410,Exit long,2022-03-30 07:30,TX30,434.29,100,43505,-76,-0.17,0,24,0.06,-84,-0.19,-1820,-1.82,2
2410,Entry long,2022-03-30 07:00,C0|L|MKT|15|v0.3.0-tier0|SPY,435.05,100,43505,-76,-0.17,0,24,0.06,-84,-0.19,-1820,-1.82,2
2411,Exit short,2022-03-31 08:00,TX30,432.73,100,43150,-123,-0.29,0,14,0.03,-149,-0.35,-1943,-1.94,2
2411,Entry short,2022-03-31 07:30,C0|S|MKT|15|v0.3.0-tier0|SPY,431.5,100,43150,-123,-0.29,0,14,0.03,-149,-0.35,-1943,-1.94,2
2412,Exit short,2022-04-01 08:00,TX30,426.57,100,42574,-83,-0.19,0,25,0.06,-116,-0.27,-2026,-2.03,2
2412,Entry short,2022-04-01 07:30,C0|S|MKT|15|v0.3.0-tier0|SPY,425.74,100,42574,-83,-0.19,0,25,0.06,-116,-0.27,-2026,-2.03,2
2413,Exit long,2022-04-04 07:30,TX30,429.3,100,42898,32,0.07,0,34,0.08,-96,-0.22,-1994,-1.99,2
2413,Entry long,2022-04-04 07:00,C0|L|MKT|15|v0.3.0-tier0|SPY,428.98,100,42898,32,0.07,0,34,0.08,-96,-0.22,-1994,-1.99,2
2414,Exit short,2022-04-05 07:45,TX30,428.65,100,42938,73,0.17,0,105,0.24,0,0.00,-1921,-1.92,2
2414,Entry short,2022-04-05 07:15,C0|S|MKT|15|v0.3.0-tier0|SPY,429.38,100,42938,73,0.17,0,105,0.24,0,0.00,-1921,-1.92,2
2415,Exit short,2022-04-06 07:30,TX30,420.02,100,42059,57,0.14,0,104,0.25,-16,-0.04,-1864,-1.86,2
2415,Entry short,2022-04-06 07:00,C0|S|MKT|15|v0.3.0-tier0|SPY,420.59,100,42059,57,0.14,0,104,0.25,-16,-0.04,-1864,-1.86,2
2416,Exit short,2022-04-08 07:30,TX30,422.25,100,42103,-122,-0.29,0,12,0.03,-140,-0.33,-1986,-1.99,2
2416,Entry short,2022-04-08 07:00,C0|S|MKT|15|v0.3.0-tier0|SPY,421.03,100,42103,-122,-0.29,0,12,0.03,-140,-0.33,-1986,-1.99,2
2417,Exit short,2022-04-11 08:00,TX30,417.48,100,41790,42,0.10,0,74,0.18,-4,-0.01,-1944,-1.94,2
2417,Entry short,2022-04-11 07:30,C0|S|MKT|15|v0.3.0-tier0|SPY,417.9,100,41790,42,0.10,0,74,0.18,-4,-0.01,-1944,-1.94,2
2418,Exit long,2022-04-12 07:30,TX30,418.71,100,42013,-142,-0.34,0,15,0.04,-147,-0.35,-2086,-2.09,2
2418,Entry long,2022-04-12 07:00,C0|L|MKT|15|v0.3.0-tier0|SPY,420.13,100,42013,-142,-0.34,0,15,0.04,-147,-0.35,-2086,-2.09,2
2419,Exit short,2022-04-14 07:30,TX30,416.49,100,41737,88,0.21,0,160,0.38,-70,-0.17,-1998,-2.00,2
2419,Entry short,2022-04-14 07:00,C0|S|MKT|15|v0.3.0-tier0|SPY,417.37,100,41737,88,0.21,0,160,0.38,-70,-0.17,-1998,-2.00,2
2420,Exit long,2022-04-19 07:30,TX30,417.86,100,41661,125,0.30,0,139,0.33,-21,-0.05,-1873,-1.87,2
2420,Entry long,2022-04-19 07:00,C0|L|MKT|15|v0.3.0-tier0|SPY,416.61,100,41661,125,0.30,0,139,0.33,-21,-0.05,-1873,-1.87,2
2421,Exit short,2022-04-20 07:30,TX30,420.79,100,41997,-82,-0.20,0,54,0.13,-100,-0.24,-1955,-1.95,2
2421,Entry short,2022-04-20 07:00,C0|S|MKT|15|v0.3.0-tier0|SPY,419.97,100,41997,-82,-0.20,0,54,0.13,-100,-0.24,-1955,-1.95,2
2422,Exit short,2022-04-21 07:45,TX30,422.84,100,42330,46,0.11,0,66,0.16,-44,-0.10,-1909,-1.91,2
2422,Entry short,2022-04-21 07:15,C0|S|MKT|15|v0.3.0-tier0|SPY,423.3,100,42330,46,0.11,0,66,0.16,-44,-0.10,-1909,-1.91,2
2423,Exit short,2022-04-22 08:00,TX30,408.04,100,40862,58,0.14,0,71,0.17,-107,-0.26,-1851,-1.85,2
2423,Entry short,2022-04-22 07:30,C0|S|MKT|15|v0.3.0-tier0|SPY,408.62,100,40862,58,0.14,0,71,0.17,-107,-0.26,-1851,-1.85,2
2424,Exit short,2022-04-25 07:30,TX30,398.9,100,39676,-214,-0.54,0,35,0.09,-248,-0.63,-2065,-2.07,2
2424,Entry short,2022-04-25 07:00,C0|S|MKT|15|v0.3.0-tier0|SPY,396.76,100,39676,-214,-0.54,0,35,0.09,-248,-0.63,-2065,-2.07,2
2425,Exit short,2022-04-26 07:30,TX30,398.75,100,40003,128,0.32,0,225,0.56,-73,-0.18,-1937,-1.94,2
2425,Entry short,2022-04-26 07:00,C0|S|MKT|15|v0.3.0-tier0|SPY,400.03,100,40003,128,0.32,0,225,0.56,-73,-0.18,-1937,-1.94,2
2426,Exit long,2022-04-27 07:30,TX30,392.55,100,39713,-458,-1.15,0,92,0.23,-467,-1.18,-2395,-2.39,2
2426,Entry long,2022-04-27 07:00,C0|L|MKT|15|v0.3.0-tier0|SPY,397.13,100,39713,-458,-1.15,0,92,0.23,-467,-1.18,-2395,-2.39,2
2427,Exit short,2022-04-28 07:45,TX30,394.86,100,39592,106,0.27,0,177,0.45,-114,-0.29,-2289,-2.29,2
2427,Entry short,2022-04-28 07:15,C0|S|MKT|15|v0.3.0-tier0|SPY,395.92,100,39592,106,0.27,0,177,0.45,-114,-0.29,-2289,-2.29,2
2428,Exit long,2022-04-29 07:30,TX30,397.46,100,40179,-433,-1.08,0,14,0.03,-442,-1.10,-2722,-2.72,2
2428,Entry long,2022-04-29 07:00,C0|L|MKT|15|v0.3.0-tier0|SPY,401.79,100,40179,-433,-1.08,0,14,0.03,-442,-1.10,-2722,-2.72,2
2429,Exit long,2022-05-02 08:00,TX30,389.26,100,39117,-191,-0.49,0,138,0.35,-203,-0.52,-2913,-2.91,2
2429,Entry long,2022-05-02 07:30,C0|L|MKT|15|v0.3.0-tier0|SPY,391.17,100,39117,-191,-0.49,0,138,0.35,-203,-0.52,-2913,-2.91,2
2430,Exit long,2022-05-03 08:00,TX30,391.96,100,39241,-45,-0.11,0,89,0.23,-174,-0.44,-2958,-2.96,2
2430,Entry long,2022-05-03 07:30,C0|L|MKT|15|v0.3.0-tier0|SPY,392.41,100,39241,-45,-0.11,0,89,0.23,-174,-0.44,-2958,-2.96,2
2431,Exit short,2022-05-04 07:30,TX30,392.01,100,39264,63,0.16,0,147,0.37,-15,-0.04,-2895,-2.89,2
2431,Entry short,2022-05-04 07:00,C0|S|MKT|15|v0.3.0-tier0|SPY,392.64,100,39264,63,0.16,0,147,0.37,-15,-0.04,-2895,-2.89,2
2432,Exit short,2022-05-05 07:30,TX30,394.55,100,39792,337,0.85,0,362,0.91,-2,-0.01,-2558,-2.56,2
2432,Entry short,2022-05-05 07:00,C0|S|MKT|15|v0.3.0-tier0|SPY,397.92,100,39792,337,0.85,0,362,0.91,-2,-0.01,-2558,-2.56,2
2433,Exit short,2022-05-06 07:30,TX30,386.5,100,38361,-289,-0.75,0,65,0.17,-486,-1.27,-2847,-2.85,2
2433,Entry short,2022-05-06 07:00,C0|S|MKT|15|v0.3.0-tier0|SPY,383.61,100,38361,-289,-0.75,0,65,0.17,-486,-1.27,-2847,-2.85,2
2434,Exit short,2022-05-09 08:00,TX30,378.43,100,37979,136,0.36,0,149,0.39,-64,-0.17,-2711,-2.71,2
2434,Entry short,2022-05-09 07:30,C0|S|MKT|15|v0.3.0-tier0|SPY,379.79,100,37979,136,0.36,0,149,0.39,-64,-0.17,-2711,-2.71,2
2435,Exit short,2022-05-10 08:00,TX30,376.54,100,37991,337,0.89,0,393,1.03,-22,-0.06,-2374,-2.37,2
2435,Entry short,2022-05-10 07:30,C0|S|MKT|15|v0.3.0-tier0|SPY,379.91,100,37991,337,0.89,0,393,1.03,-22,-0.06,-2374,-2.37,2
2436,Exit long,2022-05-11 07:30,TX30,380.01,100,37966,35,0.09,0,110,0.29,-250,-0.66,-2339,-2.34,2
2436,Entry long,2022-05-11 07:00,C0|L|MKT|15|v0.3.0-tier0|SPY,379.66,100,37966,35,0.09,0,110,0.29,-250,-0.66,-2339,-2.34,2
2437,Exit long,2022-05-12 07:45,TX30,369.42,100,36987,-45,-0.12,0,173,0.47,-103,-0.28,-2384,-2.38,2
2437,Entry long,2022-05-12 07:15,C0|L|MKT|15|v0.3.0-tier0|SPY,369.87,100,36987,-45,-0.12,0,173,0.47,-103,-0.28,-2384,-2.38,2
2438,Exit long,2022-05-13 07:30,TX30,378.47,100,37626,221,0.59,0,267,0.71,-12,-0.03,-2163,-2.16,2
2438,Entry long,2022-05-13 07:00,C0|L|MKT|15|v0.3.0-tier0|SPY,376.26,100,37626,221,0.59,0,267,0.71,-12,-0.03,-2163,-2.16,2
2439,Exit short,2022-05-16 07:30,TX30,379.03,100,37624,-279,-0.74,0,91,0.24,-296,-0.79,-2442,-2.44,2
2439,Entry short,2022-05-16 07:00,C0|S|MKT|15|v0.3.0-tier0|SPY,376.24,100,37624,-279,-0.74,0,91,0.24,-296,-0.79,-2442,-2.44,2
2440,Exit short,2022-05-17 07:30,TX30,381.55,100,38243,88,0.23,0,100,0.26,-89,-0.23,-2354,-2.35,2
2440,Entry short,2022-05-17 07:00,C0|S|MKT|15|v0.3.0-tier0|SPY,382.43,100,38243,88,0.23,0,100,0.26,-89,-0.23,-2354,-2.35,2
2441,Exit short,2022-05-18 07:30,TX30,377.95,100,37863,68,0.18,0,68,0.18,-88,-0.23,-2286,-2.29,2
2441,Entry short,2022-05-18 07:00,C0|S|MKT|15|v0.3.0-tier0|SPY,378.63,100,37863,68,0.18,0,68,0.18,-88,-0.23,-2286,-2.29,2
2442,Exit short,2022-05-20 07:45,TX30,368.75,100,36878,3,0.01,0,80,0.22,-57,-0.15,-2283,-2.28,2
2442,Entry short,2022-05-20 07:15,C0|S|MKT|15|v0.3.0-tier0|SPY,368.78,100,36878,3,0.01,0,80,0.22,-57,-0.15,-2283,-2.28,2
2443,Exit long,2022-05-23 08:00,TX30,371.81,100,37193,-12,-0.03,0,90,0.24,-126,-0.34,-2295,-2.30,2
2443,Entry long,2022-05-23 07:30,C0|L|MKT|15|v0.3.0-tier0|SPY,371.93,100,37193,-12,-0.03,0,90,0.24,-126,-0.34,-2295,-2.30,2
2444,Exit short,2022-05-24 07:30,TX30,367.14,100,36880,166,0.45,0,312,0.85,-11,-0.03,-2129,-2.13,2
2444,Entry short,2022-05-24 07:00,C0|S|MKT|15|v0.3.0-tier0|SPY,368.8,100,36880,166,0.45,0,312,0.85,-11,-0.03,-2129,-2.13,2
2445,Exit long,2022-05-25 07:45,TX30,374.37,100,37285,152,0.41,0,227,0.61,-37,-0.10,-1977,-1.98,2
2445,Entry long,2022-05-25 07:15,C0|L|MKT|15|v0.3.0-tier0|SPY,372.85,100,37285,152,0.41,0,227,0.61,-37,-0.10,-1977,-1.98,2
2446,Exit long,2022-05-26 07:30,TX30,380.69,100,38006,63,0.17,0,123,0.32,-32,-0.08,-1914,-1.91,2
2446,Entry long,2022-05-26 07:00,C0|L|MKT|15|v0.3.0-tier0|SPY,380.06,100,38006,63,0.17,0,123,0.32,-32,-0.08,-1914,-1.91,2
2447,Exit long,2022-05-27 07:30,TX30,388.63,100,38797,66,0.17,0,116,0.30,-37,-0.10,-1848,-1.85,2
2447,Entry long,2022-05-27 07:00,C0|L|MKT|15|v0.3.0-tier0|SPY,387.97,100,38797,66,0.17,0,116,0.30,-37,-0.10,-1848,-1.85,2
2448,Exit short,2022-06-01 07:45,TX30,387.04,100,38881,177,0.46,0,268,0.69,-1,0.00,-1671,-1.67,2
2448,Entry short,2022-06-01 07:15,C0|S|MKT|15|v0.3.0-tier0|SPY,388.81,100,38881,177,0.46,0,268,0.69,-1,0.00,-1671,-1.67,2
2449,Exit long,2022-06-02 07:45,TX30,385.97,100,38725,-128,-0.33,0,5,0.01,-307,-0.79,-1799,-1.80,2
2449,Entry long,2022-06-02 07:15,C0|L|MKT|15|v0.3.0-tier0|SPY,387.25,100,38725,-128,-0.33,0,5,0.01,-307,-0.79,-1799,-1.80,2
2450,Exit long,2022-06-06 07:45,TX30,392.81,100,39295,-14,-0.04,0,5,0.01,-82,-0.21,-1813,-1.81,2
2450,Entry long,2022-06-06 07:15,C0|L|MKT|15|v0.3.0-tier0|SPY,392.95,100,39295,-14,-0.04,0,5,0.01,-82,-0.21,-1813,-1.81,2
2451,Exit long,2022-06-07 07:30,TX30,388.23,100,38670,153,0.40,0,168,0.43,-70,-0.18,-1660,-1.66,2
2451,Entry long,2022-06-07 07:00,C0|L|MKT|15|v0.3.0-tier0|SPY,386.7,100,38670,153,0.40,0,168,0.43,-70,-0.18,-1660,-1.66,2
2452,Exit long,2022-06-08 07:30,TX30,391.13,100,39201,-88,-0.22,0,10,0.03,-196,-0.50,-1748,-1.75,2
2452,Entry long,2022-06-08 07:00,C0|L|MKT|15|v0.3.0-tier0|SPY,392.01,100,39201,-88,-0.22,0,10,0.03,-196,-0.50,-1748,-1.75,2
2453,Exit long,2022-06-09 07:30,TX30,387.68,100,38854,-86,-0.22,0,8,0.02,-249,-0.64,-1834,-1.83,2
2453,Entry long,2022-06-09 07:00,C0|L|MKT|15|v0.3.0-tier0|SPY,388.54,100,38854,-86,-0.22,0,8,0.02,-249,-0.64,-1834,-1.83,2
2454,Exit short,2022-06-10 07:45,TX30,370.05,100,36926,-79,-0.21,0,98,0.27,-98,-0.27,-1913,-1.91,2
2454,Entry short,2022-06-10 07:15,C0|S|MKT|15|v0.3.0-tier0|SPY,369.26,100,36926,-79,-0.21,0,98,0.27,-98,-0.27,-1913,-1.91,2
2455,Exit short,2022-06-13 07:45,TX30,355.13,100,35719,206,0.58,0,223,0.62,-1,0.00,-1707,-1.71,2
2455,Entry short,2022-06-13 07:15,C0|S|MKT|15|v0.3.0-tier0|SPY,357.19,100,35719,206,0.58,0,223,0.62,-1,0.00,-1707,-1.71,2
2456,Exit long,2022-06-14 07:30,TX30,353.16,100,35624,-308,-0.86,0,46,0.13,-319,-0.90,-2015,-2.01,2
2456,Entry long,2022-06-14 07:00,C0|L|MKT|15|v0.3.0-tier0|SPY,356.24,100,35624,-308,-0.86,0,46,0.13,-319,-0.90,-2015,-2.01,2
2457,Exit short,2022-06-16 07:45,TX30,346.22,100,34693,71,0.20,0,79,0.23,-148,-0.43,-1944,-1.94,2
2457,Entry short,2022-06-16 07:15,C0|S|MKT|15|v0.3.0-tier0|SPY,346.93,100,34693,71,0.20,0,79,0.23,-148,-0.43,-1944,-1.94,2
2458,Exit short,2022-06-17 08:00,TX30,344.64,100,34558,94,0.27,0,228,0.66,-36,-0.10,-1850,-1.85,2
2458,Entry short,2022-06-17 07:30,C0|S|MKT|15|v0.3.0-tier0|SPY,345.58,100,34558,94,0.27,0,228,0.66,-36,-0.10,-1850,-1.85,2
2459,Exit long,2022-06-21 07:30,TX30,355.59,100,35533,26,0.07,0,65,0.18,-43,-0.12,-1824,-1.82,2
2459,Entry long,2022-06-21 07:00,C0|L|MKT|15|v0.3.0-tier0|SPY,355.33,100,35533,26,0.07,0,65,0.18,-43,-0.12,-1824,-1.82,2
2460,Exit long,2022-06-22 07:30,TX30,357.25,100,35409,316,0.89,0,329,0.93,-73,-0.21,-1508,-1.51,2
2460,Entry long,2022-06-22 07:00,C0|L|MKT|15|v0.3.0-tier0|SPY,354.09,100,35409,316,0.89,0,329,0.93,-73,-0.21,-1508,-1.51,2
2461,Exit long,2022-06-24 07:30,TX30,366.41,100,36381,260,0.71,0,319,0.88,0,0.00,-1248,-1.25,2
2461,Entry long,2022-06-24 07:00,C0|L|MKT|15|v0.3.0-tier0|SPY,363.81,100,36381,260,0.71,0,319,0.88,0,0.00,-1248,-1.25,2
2462,Exit short,2022-06-27 07:30,TX30,367.97,100,36792,-5,-0.01,0,13,0.04,-164,-0.45,-1253,-1.25,2
2462,Entry short,2022-06-27 07:00,C0|S|MKT|15|v0.3.0-tier0|SPY,367.92,100,36792,-5,-0.01,0,13,0.04,-164,-0.45,-1253,-1.25,2
2463,Exit short,2022-06-28 08:00,TX30,368.49,100,36924,75,0.20,0,171,0.46,-10,-0.03,-1178,-1.18,2
2463,Entry short,2022-06-28 07:30,C0|S|MKT|15|v0.3.0-tier0|SPY,369.24,100,36924,75,0.20,0,171,0.46,-10,-0.03,-1178,-1.18,2
2464,Exit short,2022-06-30 07:30,TX30,354.08,100,35391,-17,-0.05,0,74,0.21,-69,-0.19,-1195,-1.19,2
2464,Entry short,2022-06-30 07:00,C0|S|MKT|15|v0.3.0-tier0|SPY,353.91,100,35391,-17,-0.05,0,74,0.21,-69,-0.19,-1195,-1.19,2
2465,Exit long,2022-07-01 07:30,TX30,355.37,100,35897,-360,-1.00,0,125,0.35,-363,-1.01,-1555,-1.55,2
2465,Entry long,2022-07-01 07:00,C0|L|MKT|15|v0.3.0-tier0|SPY,358.97,100,35897,-360,-1.00,0,125,0.35,-363,-1.01,-1555,-1.55,2
2466,Exit short,2022-07-06 07:45,TX30,362.23,100,36128,-95,-0.26,0,37,0.10,-131,-0.36,-1650,-1.65,2
2466,Entry short,2022-07-06 07:15,C0|S|MKT|15|v0.3.0-tier0|SPY,361.28,100,36128,-95,-0.26,0,37,0.10,-131,-0.36,-1650,-1.65,2
2467,Exit long,2022-07-07 07:30,TX30,366.72,100,36715,-43,-0.12,0,1,0.00,-120,-0.33,-1693,-1.69,2
2467,Entry long,2022-07-07 07:00,C0|L|MKT|15|v0.3.0-tier0|SPY,367.15,100,36715,-43,-0.12,0,1,0.00,-120,-0.33,-1693,-1.69,2
2468,Exit short,2022-07-08 07:30,TX30,368.88,100,36621,-267,-0.73,0,64,0.17,-283,-0.77,-1960,-1.96,2
2468,Entry short,2022-07-08 07:00,C0|S|MKT|15|v0.3.0-tier0|SPY,366.21,100,36621,-267,-0.73,0,64,0.17,-283,-0.77,-1960,-1.96,2
2469,Exit short,2022-07-12 07:45,TX30,363.77,100,36342,-35,-0.10,0,63,0.17,-78,-0.21,-1995,-1.99,2
2469,Entry short,2022-07-12 07:15,C0|S|MKT|15|v0.3.0-tier0|SPY,363.42,100,36342,-35,-0.10,0,63,0.17,-78,-0.21,-1995,-1.99,2
2470,Exit short,2022-07-14 07:45,TX30,352.6,100,35227,-33,-0.09,0,47,0.13,-92,-0.26,-2028,-2.03,2
2470,Entry short,2022-07-14 07:15,C0|S|MKT|15|v0.3.0-tier0|SPY,352.27,100,35227,-33,-0.09,0,47,0.13,-92,-0.26,-2028,-2.03,2
2471,Exit short,2022-07-15 07:30,TX30,364.24,100,36160,-264,-0.73,0,1,0.00,-269,-0.74,-2292,-2.29,2
2471,Entry short,2022-07-15 07:00,C0|S|MKT|15|v0.3.0-tier0|SPY,361.6,100,36160,-264,-0.73,0,1,0.00,-269,-0.74,-2292,-2.29,2
2472,Exit long,2022-07-19 07:30,TX30,367.87,100,36675,112,0.31,0,121,0.33,-63,-0.17,-2180,-2.18,2
2472,Entry long,2022-07-19 07:00,C0|L|MKT|15|v0.3.0-tier0|SPY,366.75,100,36675,112,0.31,0,121,0.33,-63,-0.17,-2180,-2.18,2
2473,Exit short,2022-07-20 07:30,TX30,373.02,100,37107,-195,-0.53,0,40,0.11,-199,-0.54,-2375,-2.37,2
2473,Entry short,2022-07-20 07:00,C0|S|MKT|15|v0.3.0-tier0|SPY,371.07,100,37107,-195,-0.53,0,40,0.11,-199,-0.54,-2375,-2.37,2
2474,Exit long,2022-07-21 07:30,TX30,371.7,100,37438,-268,-0.72,0,77,0.21,-315,-0.84,-2643,-2.64,2
2474,Entry long,2022-07-21 07:00,C0|L|MKT|15|v0.3.0-tier0|SPY,374.38,100,37438,-268,-0.72,0,77,0.21,-315,-0.84,-2643,-2.64,2
2475,Exit short,2022-07-22 07:30,TX30,377.62,100,37722,-40,-0.11,0,70,0.19,-95,-0.25,-2683,-2.68,2
2475,Entry short,2022-07-22 07:00,C0|S|MKT|15|v0.3.0-tier0|SPY,377.22,100,37722,-40,-0.11,0,70,0.19,-95,-0.25,-2683,-2.68,2
2476,Exit short,2022-07-26 07:45,TX30,372.1,100,37242,32,0.09,0,67,0.18,-23,-0.06,-2651,-2.65,2
2476,Entry short,2022-07-26 07:15,C0|S|MKT|15|v0.3.0-tier0|SPY,372.42,100,37242,32,0.09,0,67,0.18,-23,-0.06,-2651,-2.65,2
2477,Exit long,2022-07-27 07:45,TX30,374.95,100,37495,0,0.00,0,41,0.11,-26,-0.07,-2651,-2.65,2
2477,Entry long,2022-07-27 07:15,C0|L|MKT|15|v0.3.0-tier0|SPY,374.95,100,37495,0,0.00,0,41,0.11,-26,-0.07,-2651,-2.65,2
2478,Exit short,2022-07-28 07:30,TX30,378.02,100,37858,56,0.15,0,115,0.30,-60,-0.16,-2595,-2.59,2
2478,Entry short,2022-07-28 07:00,C0|S|MKT|15|v0.3.0-tier0|SPY,378.58,100,37858,56,0.15,0,115,0.30,-60,-0.16,-2595,-2.59,2
2479,Exit long,2022-07-29 07:30,TX30,389.22,100,38788,134,0.35,0,170,0.44,-45,-0.12,-2461,-2.46,2
2479,Entry long,2022-07-29 07:00,C0|L|MKT|15|v0.3.0-tier0|SPY,387.88,100,38788,134,0.35,0,170,0.44,-45,-0.12,-2461,-2.46,2
2480,Exit long,2022-08-01 07:30,TX30,389.01,100,38972,-71,-0.18,0,163,0.42,-102,-0.26,-2532,-2.53,2
2480,Entry long,2022-08-01 07:00,C0|L|MKT|15|v0.3.0-tier0|SPY,389.72,100,38972,-71,-0.18,0,163,0.42,-102,-0.26,-2532,-2.53,2
2481,Exit short,2022-08-02 07:45,TX30,388.77,100,38676,-201,-0.52,0,16,0.04,-205,-0.53,-2733,-2.73,2
2481,Entry short,2022-08-02 07:15,C0|S|MKT|15|v0.3.0-tier0|SPY,386.76,100,38676,-201,-0.52,0,16,0.04,-205,-0.53,-2733,-2.73,2
2482,Exit long,2022-08-03 07:45,TX30,389.6,100,39076,-116,-0.30,0,8,0.02,-193,-0.49,-2849,-2.85,2
2482,Entry long,2022-08-03 07:15,C0|L|MKT|15|v0.3.0-tier0|SPY,390.76,100,39076,-116,-0.30,0,8,0.02,-193,-0.49,-2849,-2.85,2
2483,Exit long,2022-08-05 07:30,TX30,391.9,100,39059,131,0.34,0,199,0.51,-18,-0.05,-2718,-2.72,2
2483,Entry long,2022-08-05 07:00,C0|L|MKT|15|v0.3.0-tier0|SPY,390.59,100,39059,131,0.34,0,199,0.51,-18,-0.05,-2718,-2.72,2
2484,Exit short,2022-08-09 07:30,TX30,390.27,100,38966,-61,-0.16,0,32,0.08,-64,-0.16,-2779,-2.78,2
2484,Entry short,2022-08-09 07:00,C0|S|MKT|15|v0.3.0-tier0|SPY,389.66,100,38966,-61,-0.16,0,32,0.08,-64,-0.16,-2779,-2.78,2
2485,Exit long,2022-08-11 07:30,TX30,401.85,100,40141,44,0.11,0,140,0.35,-10,-0.02,-2735,-2.73,2
2485,Entry long,2022-08-11 07:00,C0|L|MKT|15|v0.3.0-tier0|SPY,401.41,100,40141,44,0.11,0,140,0.35,-10,-0.02,-2735,-2.73,2
2486,Exit long,2022-08-15 07:30,TX30,403.88,100,40471,-83,-0.21,0,0,0.00,-131,-0.32,-2818,-2.82,2
2486,Entry long,2022-08-15 07:00,C0|L|MKT|15|v0.3.0-tier0|SPY,404.71,100,40471,-83,-0.21,0,0,0.00,-131,-0.32,-2818,-2.82,2
2487,Exit short,2022-08-19 07:30,TX30,401.15,100,40115,0,0.00,0,50,0.12,-34,-0.08,-2818,-2.82,2
2487,Entry short,2022-08-19 07:00,C0|S|MKT|15|v0.3.0-tier0|SPY,401.15,100,40115,0,0.00,0,50,0.12,-34,-0.08,-2818,-2.82,2
2488,Exit short,2022-08-22 07:45,TX30,393.45,100,39394,49,0.12,0,98,0.25,-14,-0.04,-2769,-2.77,2
2488,Entry short,2022-08-22 07:15,C0|S|MKT|15|v0.3.0-tier0|SPY,393.94,100,39394,49,0.12,0,98,0.25,-14,-0.04,-2769,-2.77,2
2489,Exit long,2022-08-23 07:45,TX30,392.4,100,39355,-115,-0.29,0,19,0.05,-161,-0.41,-2884,-2.88,2
2489,Entry long,2022-08-23 07:15,C0|L|MKT|15|v0.3.0-tier0|SPY,393.55,100,39355,-115,-0.29,0,19,0.05,-161,-0.41,-2884,-2.88,2
2490,Exit long,2022-08-24 08:00,TX30,391.58,100,39173,-15,-0.04,0,26,0.07,-78,-0.20,-2899,-2.90,2
2490,Entry long,2022-08-24 07:30,C0|L|MKT|15|v0.3.0-tier0|SPY,391.73,100,39173,-15,-0.04,0,26,0.07,-78,-0.20,-2899,-2.90,2
2491,Exit long,2022-08-25 07:30,TX30,395.63,100,39473,90,0.23,0,111,0.28,-30,-0.08,-2809,-2.81,2
2491,Entry long,2022-08-25 07:00,C0|L|MKT|15|v0.3.0-tier0|SPY,394.73,100,39473,90,0.23,0,111,0.28,-30,-0.08,-2809,-2.81,2
2492,Exit short,2022-08-26 07:45,TX30,391.25,100,39675,550,1.39,0,623,1.57,-33,-0.08,-2259,-2.26,2
2492,Entry short,2022-08-26 07:15,C0|S|MKT|15|v0.3.0-tier0|SPY,396.75,100,39675,550,1.39,0,623,1.57,-33,-0.08,-2259,-2.26,2
2493,Exit short,2022-08-30 07:30,TX30,379.19,100,38092,173,0.45,0,212,0.56,-49,-0.13,-2086,-2.09,2
2493,Entry short,2022-08-30 07:00,C0|S|MKT|15|v0.3.0-tier0|SPY,380.92,100,38092,173,0.45,0,212,0.56,-49,-0.13,-2086,-2.09,2
2494,Exit short,2022-08-31 08:00,TX30,377.54,100,37737,-17,-0.05,0,52,0.14,-146,-0.39,-2103,-2.10,2
2494,Entry short,2022-08-31 07:30,C0|S|MKT|15|v0.3.0-tier0|SPY,377.37,100,37737,-17,-0.05,0,52,0.14,-146,-0.39,-2103,-2.10,2
2495,Exit short,2022-09-01 07:45,TX30,370.27,100,37059,32,0.09,0,49,0.13,-168,-0.45,-2071,-2.07,2
2495,Entry short,2022-09-01 07:15,C0|S|MKT|15|v0.3.0-tier0|SPY,370.59,100,37059,32,0.09,0,49,0.13,-168,-0.45,-2071,-2.07,2
2496,Exit short,2022-09-06 07:30,TX30,370.05,100,37108,103,0.28,0,289,0.78,-13,-0.04,-1968,-1.97,2
2496,Entry short,2022-09-06 07:00,C0|S|MKT|15|v0.3.0-tier0|SPY,371.08,100,37108,103,0.28,0,289,0.78,-13,-0.04,-1968,-1.97,2
2497,Exit long,2022-09-08 07:30,TX30,377.09,100,37663,46,0.12,0,109,0.29,-148,-0.39,-1922,-1.92,2
2497,Entry long,2022-09-08 07:00,C0|L|MKT|15|v0.3.0-tier0|SPY,376.63,100,37663,46,0.12,0,109,0.29,-148,-0.39,-1922,-1.92,2
2498,Exit long,2022-09-09 07:30,TX30,384.03,100,38321,82,0.21,0,122,0.32,-14,-0.04,-1840,-1.84,2
2498,Entry long,2022-09-09 07:00,C0|L|MKT|15|v0.3.0-tier0|SPY,383.21,100,38321,82,0.21,0,122,0.32,-14,-0.04,-1840,-1.84,2
2499,Exit long,2022-09-12 07:30,TX30,389.95,100,38961,34,0.09,0,68,0.17,-38,-0.10,-1806,-1.81,2
2499,Entry long,2022-09-12 07:00,C0|L|MKT|15|v0.3.0-tier0|SPY,389.61,100,38961,34,0.09,0,68,0.17,-38,-0.10,-1806,-1.81,2
2500,Exit short,2022-09-13 07:45,TX30,378,100,37950,150,0.40,0,165,0.43,-64,-0.17,-1656,-1.66,2
2500,Entry short,2022-09-13 07:15,C0|S|MKT|15|v0.3.0-tier0|SPY,379.5,100,37950,150,0.40,0,165,0.43,-64,-0.17,-1656,-1.66,2
2501,Exit long,2022-09-14 07:30,TX30,371.61,100,37454,-293,-0.78,0,2,0.01,-299,-0.80,-1949,-1.95,2
2501,Entry long,2022-09-14 07:00,C0|L|MKT|15|v0.3.0-tier0|SPY,374.54,100,37454,-293,-0.78,0,2,0.01,-299,-0.80,-1949,-1.95,2
2502,Exit long,2022-09-15 07:30,TX30,372.44,100,37468,-224,-0.60,0,65,0.17,-231,-0.62,-2173,-2.17,2
2502,Entry long,2022-09-15 07:00,C0|L|MKT|15|v0.3.0-tier0|SPY,374.68,100,37468,-224,-0.60,0,65,0.17,-231,-0.62,-2173,-2.17,2
2503,Exit short,2022-09-16 07:30,TX30,365.77,100,36411,-166,-0.46,0,2,0.01,-261,-0.72,-2339,-2.34,2
2503,Entry short,2022-09-16 07:00,C0|S|MKT|15|v0.3.0-tier0|SPY,364.11,100,36411,-166,-0.46,0,2,0.01,-261,-0.72,-2339,-2.34,2
2504,Exit long,2022-09-19 07:30,TX30,367.1,100,36631,79,0.22,0,103,0.28,-78,-0.21,-2260,-2.26,2
2504,Entry long,2022-09-19 07:00,C0|L|MKT|15|v0.3.0-tier0|SPY,366.31,100,36631,79,0.22,0,103,0.28,-78,-0.21,-2260,-2.26,2
2505,Exit short,2022-09-20 07:45,TX30,365.3,100,36507,-23,-0.06,0,76,0.21,-60,-0.16,-2283,-2.28,2
2505,Entry short,2022-09-20 07:15,C0|S|MKT|15|v0.3.0-tier0|SPY,365.07,100,36507,-23,-0.06,0,76,0.21,-60,-0.16,-2283,-2.28,2
2506,Exit long,2022-09-21 08:00,TX30,367.42,100,36851,-109,-0.30,0,8,0.02,-150,-0.41,-2392,-2.39,2
2506,Entry long,2022-09-21 07:30,C0|L|MKT|15|v0.3.0-tier0|SPY,368.51,100,36851,-109,-0.30,0,8,0.02,-150,-0.41,-2392,-2.39,2
2507,Exit short,2022-09-22 07:30,TX30,357.54,100,35688,-66,-0.18,0,63,0.18,-153,-0.43,-2458,-2.46,2
2507,Entry short,2022-09-22 07:00,C0|S|MKT|15|v0.3.0-tier0|SPY,356.88,100,35688,-66,-0.18,0,63,0.18,-153,-0.43,-2458,-2.46,2
2508,Exit short,2022-09-23 07:30,TX30,350.93,100,35008,-85,-0.24,0,36,0.10,-95,-0.27,-2543,-2.54,2
2508,Entry short,2022-09-23 07:00,C0|S|MKT|15|v0.3.0-tier0|SPY,350.08,100,35008,-85,-0.24,0,36,0.10,-95,-0.27,-2543,-2.54,2
2509,Exit long,2022-09-26 07:45,TX30,351.4,100,35124,16,0.05,0,112,0.32,-48,-0.14,-2527,-2.53,2
2509,Entry long,2022-09-26 07:15,C0|L|MKT|15|v0.3.0-tier0|SPY,351.24,100,35124,16,0.05,0,112,0.32,-48,-0.14,-2527,-2.53,2
2510,Exit short,2022-09-27 07:45,TX30,350.87,100,34935,-152,-0.44,0,51,0.15,-158,-0.45,-2679,-2.68,2
2510,Entry short,2022-09-27 07:15,C0|S|MKT|15|v0.3.0-tier0|SPY,349.35,100,34935,-152,-0.44,0,51,0.15,-158,-0.45,-2679,-2.68,2
2511,Exit long,2022-09-28 08:00,TX30,348.83,100,34880,3,0.01,0,99,0.28,-47,-0.13,-2676,-2.68,2
2511,Entry long,2022-09-28 07:30,C0|L|MKT|15|v0.3.0-tier0|SPY,348.8,100,34880,3,0.01,0,99,0.28,-47,-0.13,-2676,-2.68,2
2512,Exit short,2022-09-29 07:30,TX30,344.38,100,34569,131,0.38,0,248,0.72,-11,-0.03,-2545,-2.54,2
2512,Entry short,2022-09-29 07:00,C0|S|MKT|15|v0.3.0-tier0|SPY,345.69,100,34569,131,0.38,0,248,0.72,-11,-0.03,-2545,-2.54,2
2513,Exit long,2022-09-30 07:30,TX30,345.55,100,34560,-5,-0.01,0,36,0.10,-143,-0.41,-2550,-2.55,2
2513,Entry long,2022-09-30 07:00,C0|L|MKT|15|v0.3.0-tier0|SPY,345.6,100,34560,-5,-0.01,0,36,0.10,-143,-0.41,-2550,-2.55,2
2514,Exit long,2022-10-03 07:45,TX30,346.86,100,34564,122,0.35,0,157,0.45,-18,-0.05,-2428,-2.43,2
2514,Entry long,2022-10-03 07:15,C0|L|MKT|15|v0.3.0-tier0|SPY,345.64,100,34564,122,0.35,0,157,0.45,-18,-0.05,-2428,-2.43,2
2515,Exit long,2022-10-04 07:30,TX30,358.03,100,35789,14,0.04,0,114,0.32,0,0.00,-2414,-2.41,2
2515,Entry long,2022-10-04 07:00,C0|L|MKT|15|v0.3.0-tier0|SPY,357.89,100,35789,14,0.04,0,114,0.32,0,0.00,-2414,-2.41,2
2516,Exit short,2022-10-05 07:45,TX30,354.18,100,35429,11,0.03,0,122,0.34,-9,-0.03,-2403,-2.40,2
2516,Entry short,2022-10-05 07:15,C0|S|MKT|15|v0.3.0-tier0|SPY,354.29,100,35429,11,0.03,0,122,0.34,-9,-0.03,-2403,-2.40,2
2517,Exit short,2022-10-06 07:45,TX30,356.56,100,35620,-36,-0.10,0,78,0.22,-94,-0.26,-2439,-2.44,2
2517,Entry short,2022-10-06 07:15,C0|S|MKT|15|v0.3.0-tier0|SPY,356.2,100,35620,-36,-0.10,0,78,0.22,-94,-0.26,-2439,-2.44,2
2518,Exit short,2022-10-07 07:30,TX30,348.6,100,34787,-73,-0.21,0,65,0.19,-136,-0.39,-2512,-2.51,2
2518,Entry short,2022-10-07 07:00,C0|S|MKT|15|v0.3.0-tier0|SPY,347.87,100,34787,-73,-0.21,0,65,0.19,-136,-0.39,-2512,-2.51,2
2519,Exit short,2022-10-10 07:30,TX30,345.04,100,34419,-85,-0.25,0,63,0.18,-132,-0.38,-2597,-2.60,2
2519,Entry short,2022-10-10 07:00,C0|S|MKT|15|v0.3.0-tier0|SPY,344.19,100,34419,-85,-0.25,0,63,0.18,-132,-0.38,-2597,-2.60,2
2520,Exit short,2022-10-11 07:30,TX30,339.52,100,33933,-19,-0.06,0,66,0.19,-89,-0.26,-2616,-2.62,2
2520,Entry short,2022-10-11 07:00,C0|S|MKT|15|v0.3.0-tier0|SPY,339.33,100,33933,-19,-0.06,0,66,0.19,-89,-0.26,-2616,-2.62,2
2521,Exit long,2022-10-13 07:30,TX30,334.98,100,33499,-1,0.00,0,208,0.62,-48,-0.14,-2617,-2.62,2
2521,Entry long,2022-10-13 07:00,C0|L|MKT|15|v0.3.0-tier0|SPY,334.99,100,33499,-1,0.00,0,208,0.62,-48,-0.14,-2617,-2.62,2
2522,Exit short,2022-10-14 07:30,TX30,344.51,100,34894,443,1.27,0,569,1.63,0,0.00,-2174,-2.17,2
2522,Entry short,2022-10-14 07:00,C0|S|MKT|15|v0.3.0-tier0|SPY,348.94,100,34894,443,1.27,0,569,1.63,0,0.00,-2174,-2.17,2
2523,Exit long,2022-10-17 07:45,TX30,349.01,100,35008,-107,-0.31,0,16,0.05,-155,-0.44,-2281,-2.28,2
2523,Entry long,2022-10-17 07:15,C0|L|MKT|15|v0.3.0-tier0|SPY,350.08,100,35008,-107,-0.31,0,16,0.05,-155,-0.44,-2281,-2.28,2
2524,Exit short,2022-10-18 07:30,TX30,354.01,100,35519,118,0.33,0,118,0.33,-114,-0.32,-2163,-2.16,2
2524,Entry short,2022-10-18 07:00,C0|S|MKT|15|v0.3.0-tier0|SPY,355.19,100,35519,118,0.33,0,118,0.33,-114,-0.32,-2163,-2.16,2
2525,Exit long,2022-10-19 08:00,TX30,351.85,100,35371,-186,-0.53,0,22,0.06,-218,-0.62,-2349,-2.35,2
2525,Entry long,2022-10-19 07:30,C0|L|MKT|15|v0.3.0-tier0|SPY,353.71,100,35371,-186,-0.53,0,22,0.06,-218,-0.62,-2349,-2.35,2
2526,Exit long,2022-10-20 07:30,TX30,354.25,100,35135,290,0.83,0,334,0.95,-15,-0.04,-2059,-2.06,2
2526,Entry long,2022-10-20 07:00,C0|L|MKT|15|v0.3.0-tier0|SPY,351.35,100,35135,290,0.83,0,334,0.95,-15,-0.04,-2059,-2.06,2
2527,Exit long,2022-10-21 07:30,TX30,349.64,100,35143,-179,-0.51,0,132,0.38,-185,-0.53,-2238,-2.24,2
2527,Entry long,2022-10-21 07:00,C0|L|MKT|15|v0.3.0-tier0|SPY,351.43,100,35143,-179,-0.51,0,132,0.38,-185,-0.53,-2238,-2.24,2
2528,Exit short,2022-10-24 08:00,TX30,358.45,100,35657,-188,-0.53,0,44,0.12,-208,-0.58,-2426,-2.43,2
2528,Entry short,2022-10-24 07:30,C0|S|MKT|15|v0.3.0-tier0|SPY,356.57,100,35657,-188,-0.53,0,44,0.12,-208,-0.58,-2426,-2.43,2
2529,Exit long,2022-10-25 07:30,TX30,364.28,100,36396,32,0.09,0,37,0.10,-102,-0.28,-2394,-2.39,2
2529,Entry long,2022-10-25 07:00,C0|L|MKT|15|v0.3.0-tier0|SPY,363.96,100,36396,32,0.09,0,37,0.10,-102,-0.28,-2394,-2.39,2
2530,Exit long,2022-10-26 07:45,TX30,366.9,100,36532,158,0.43,0,167,0.46,-38,-0.10,-2236,-2.24,2
2530,Entry long,2022-10-26 07:15,C0|L|MKT|15|v0.3.0-tier0|SPY,365.32,100,36532,158,0.43,0,167,0.46,-38,-0.10,-2236,-2.24,2
2531,Exit short,2022-10-27 07:30,TX30,366.01,100,36283,-318,-0.88,0,34,0.09,-332,-0.92,-2554,-2.55,2
2531,Entry short,2022-10-27 07:00,C0|S|MKT|15|v0.3.0-tier0|SPY,362.83,100,36283,-318,-0.88,0,34,0.09,-332,-0.92,-2554,-2.55,2
2532,Exit long,2022-10-28 08:00,TX30,367.15,100,36550,165,0.45,0,173,0.47,-20,-0.05,-2389,-2.39,2
2532,Entry long,2022-10-28 07:30,C0|L|MKT|15|v0.3.0-tier0|SPY,365.5,100,36550,165,0.45,0,173,0.47,-20,-0.05,-2389,-2.39,2
2533,Exit short,2022-10-31 07:30,TX30,367.19,100,36685,-34,-0.09,0,15,0.04,-141,-0.38,-2423,-2.42,2
2533,Entry short,2022-10-31 07:00,C0|S|MKT|15|v0.3.0-tier0|SPY,366.85,100,36685,-34,-0.09,0,15,0.04,-141,-0.38,-2423,-2.42,2
2534,Exit short,2022-11-01 07:30,TX30,367.77,100,36942,165,0.45,0,302,0.82,-26,-0.07,-2258,-2.26,2
2534,Entry short,2022-11-01 07:00,C0|S|MKT|15|v0.3.0-tier0|SPY,369.42,100,36942,165,0.45,0,302,0.82,-26,-0.07,-2258,-2.26,2
2535,Exit short,2022-11-02 07:30,TX30,363.87,100,36401,14,0.04,0,31,0.09,-60,-0.16,-2244,-2.24,2
2535,Entry short,2022-11-02 07:00,C0|S|MKT|15|v0.3.0-tier0|SPY,364.01,100,36401,14,0.04,0,31,0.09,-60,-0.16,-2244,-2.24,2
2536,Exit short,2022-11-03 07:30,TX30,354.66,100,35143,-323,-0.92,0,40,0.11,-343,-0.98,-2567,-2.57,2
2536,Entry short,2022-11-03 07:00,C0|S|MKT|15|v0.3.0-tier0|SPY,351.43,100,35143,-323,-0.92,0,40,0.11,-343,-0.98,-2567,-2.57,2
2537,Exit long,2022-11-04 08:00,TX30,358.75,100,35947,-72,-0.20,0,112,0.31,-121,-0.34,-2639,-2.64,2
2537,Entry long,2022-11-04 07:30,C0|L|MKT|15|v0.3.0-tier0|SPY,359.47,100,35947,-72,-0.20,0,112,0.31,-121,-0.34,-2639,-2.64,2
2538,Exit short,2022-11-07 07:30,TX30,358.72,100,35799,-73,-0.20,0,9,0.03,-217,-0.61,-2712,-2.71,2
2538,Entry short,2022-11-07 07:00,C0|S|MKT|15|v0.3.0-tier0|SPY,357.99,100,35799,-73,-0.20,0,9,0.03,-217,-0.61,-2712,-2.71,2
2539,Exit long,2022-11-08 08:00,TX30,364.65,100,36355,110,0.30,0,129,0.35,-5,-0.01,-2602,-2.60,2
2539,Entry long,2022-11-08 07:30,C0|L|MKT|15|v0.3.0-tier0|SPY,363.55,100,36355,110,0.30,0,129,0.35,-5,-0.01,-2602,-2.60,2
2540,Exit long,2022-11-09 07:45,TX30,360.5,100,36227,-177,-0.49,0,47,0.13,-236,-0.65,-2779,-2.78,2
2540,Entry long,2022-11-09 07:15,C0|L|MKT|15|v0.3.0-tier0|SPY,362.27,100,36227,-177,-0.49,0,47,0.13,-236,-0.65,-2779,-2.78,2
2541,Exit long,2022-11-10 07:30,TX30,370.99,100,37104,-5,-0.01,0,61,0.16,-94,-0.25,-2784,-2.78,2
2541,Entry long,2022-11-10 07:00,C0|L|MKT|15|v0.3.0-tier0|SPY,371.04,100,37104,-5,-0.01,0,61,0.16,-94,-0.25,-2784,-2.78,2
2542,Exit long,2022-11-11 07:45,TX30,377.4,100,37729,11,0.03,0,110,0.29,-50,-0.13,-2773,-2.77,2
2542,Entry long,2022-11-11 07:15,C0|L|MKT|15|v0.3.0-tier0|SPY,377.29,100,37729,11,0.03,0,110,0.29,-50,-0.13,-2773,-2.77,2
2543,Exit long,2022-11-14 07:45,TX30,379.15,100,37915,0,0.00,0,59,0.16,-75,-0.20,-2773,-2.77,2
2543,Entry long,2022-11-14 07:15,C0|L|MKT|15|v0.3.0-tier0|SPY,379.15,100,37915,0,0.00,0,59,0.16,-75,-0.20,-2773,-2.77,2
2544,Exit short,2022-11-15 07:45,TX30,382.03,100,38154,-49,-0.13,0,60,0.16,-97,-0.25,-2822,-2.82,2
2544,Entry short,2022-11-15 07:15,C0|S|MKT|15|v0.3.0-tier0|SPY,381.54,100,38154,-49,-0.13,0,60,0.16,-97,-0.25,-2822,-2.82,2
2545,Exit short,2022-11-16 07:30,TX30,377.17,100,37722,5,0.01,0,52,0.14,-70,-0.19,-2817,-2.82,2
2545,Entry short,2022-11-16 07:00,C0|S|MKT|15|v0.3.0-tier0|SPY,377.22,100,37722,5,0.01,0,52,0.14,-70,-0.19,-2817,-2.82,2
2546,Exit long,2022-11-17 08:00,TX30,371.71,100,37307,-136,-0.36,0,1,0.00,-139,-0.37,-2953,-2.95,2
2546,Entry long,2022-11-17 07:30,C0|L|MKT|15|v0.3.0-tier0|SPY,373.07,100,37307,-136,-0.36,0,1,0.00,-139,-0.37,-2953,-2.95,2
2547,Exit short,2022-11-18 07:45,TX30,376.39,100,37576,-63,-0.17,0,29,0.08,-87,-0.23,-3016,-3.02,2
2547,Entry short,2022-11-18 07:15,C0|S|MKT|15|v0.3.0-tier0|SPY,375.76,100,37576,-63,-0.17,0,29,0.08,-87,-0.23,-3016,-3.02,2
2548,Exit short,2022-11-21 08:00,TX30,374.89,100,37493,4,0.01,0,63,0.17,-23,-0.06,-3012,-3.01,2
2548,Entry short,2022-11-21 07:30,C0|S|MKT|15|v0.3.0-tier0|SPY,374.93,100,37493,4,0.01,0,63,0.17,-23,-0.06,-3012,-3.01,2
2549,Exit long,2022-11-22 07:45,TX30,377.82,100,37816,-34,-0.09,0,18,0.05,-69,-0.18,-3046,-3.05,2
2549,Entry long,2022-11-22 07:15,C0|L|MKT|15|v0.3.0-tier0|SPY,378.16,100,37816,-34,-0.09,0,18,0.05,-69,-0.18,-3046,-3.05,2
2550,Exit long,2022-11-23 07:30,TX30,382.54,100,38207,47,0.12,0,63,0.16,-66,-0.17,-2999,-3.00,2
2550,Entry long,2022-11-23 07:00,C0|L|MKT|15|v0.3.0-tier0|SPY,382.07,100,38207,47,0.12,0,63,0.16,-66,-0.17,-2999,-3.00,2
2551,Exit long,2022-11-25 07:30,TX30,383.08,100,38305,3,0.01,0,31,0.08,-14,-0.04,-2996,-3.00,2
2551,Entry long,2022-11-25 07:00,C0|L|MKT|15|v0.3.0-tier0|SPY,383.05,100,38305,3,0.01,0,31,0.08,-14,-0.04,-2996,-3.00,2
2552,Exit long,2022-11-29 08:00,TX30,377.24,100,37790,-66,-0.17,0,20,0.05,-76,-0.20,-3062,-3.06,2
2552,Entry long,2022-11-29 07:30,C0|L|MKT|15|v0.3.0-tier0|SPY,377.9,100,37790,-66,-0.17,0,20,0.05,-76,-0.20,-3062,-3.06,2
2553,Exit short,2022-11-30 07:45,TX30,375.58,100,37565,7,0.02,0,70,0.19,-10,-0.03,-3055,-3.05,2
2553,Entry short,2022-11-30 07:15,C0|S|MKT|15|v0.3.0-tier0|SPY,375.65,100,37565,7,0.02,0,70,0.19,-10,-0.03,-3055,-3.05,2
2554,Exit short,2022-12-01 07:45,TX30,386.27,100,38691,64,0.17,0,166,0.43,-24,-0.06,-2991,-2.99,2
2554,Entry short,2022-12-01 07:15,C0|S|MKT|15|v0.3.0-tier0|SPY,386.91,100,38691,64,0.17,0,166,0.43,-24,-0.06,-2991,-2.99,2
2555,Exit long,2022-12-02 07:45,TX30,384.97,100,38500,-3,-0.01,0,17,0.04,-121,-0.31,-2994,-2.99,2
2555,Entry long,2022-12-02 07:15,C0|L|MKT|15|v0.3.0-tier0|SPY,385,100,38500,-3,-0.01,0,17,0.04,-121,-0.31,-2994,-2.99,2
2556,Exit short,2022-12-05 07:30,TX30,383.3,100,38385,55,0.14,0,160,0.42,-17,-0.04,-2939,-2.94,2
2556,Entry short,2022-12-05 07:00,C0|S|MKT|15|v0.3.0-tier0|SPY,383.85,100,38385,55,0.14,0,160,0.42,-17,-0.04,-2939,-2.94,2
2557,Exit short,2022-12-06 07:30,TX30,376.78,100,37804,126,0.33,0,129,0.34,-30,-0.08,-2813,-2.81,2
2557,Entry short,2022-12-06 07:00,C0|S|MKT|15|v0.3.0-tier0|SPY,378.04,100,37804,126,0.33,0,129,0.34,-30,-0.08,-2813,-2.81,2
2558,Exit long,2022-12-08 07:30,TX30,377.88,100,37711,77,0.20,0,93,0.25,-10,-0.03,-2736,-2.74,2
2558,Entry long,2022-12-08 07:00,C0|L|MKT|15|v0.3.0-tier0|SPY,377.11,100,37711,77,0.20,0,93,0.25,-10,-0.03,-2736,-2.74,2
2559,Exit long,2022-12-12 07:30,TX30,375.38,100,37558,-20,-0.05,0,25,0.07,-74,-0.20,-2756,-2.76,2
2559,Entry long,2022-12-12 07:00,C0|L|MKT|15|v0.3.0-tier0|SPY,375.58,100,37558,-20,-0.05,0,25,0.07,-74,-0.20,-2756,-2.76,2
2560,Exit short,2022-12-13 08:00,TX30,384.95,100,38594,99,0.26,0,176,0.46,-62,-0.16,-2657,-2.66,2
2560,Entry short,2022-12-13 07:30,C0|S|MKT|15|v0.3.0-tier0|SPY,385.94,100,38594,99,0.26,0,176,0.46,-62,-0.16,-2657,-2.66,2
2561,Exit long,2022-12-14 07:30,TX30,384.61,100,38441,20,0.05,0,47,0.12,-38,-0.10,-2637,-2.64,2
2561,Entry long,2022-12-14 07:00,C0|L|MKT|15|v0.3.0-tier0|SPY,384.41,100,38441,20,0.05,0,47,0.12,-38,-0.10,-2637,-2.64,2
2562,Exit short,2022-12-15 07:30,TX30,372.29,100,37279,50,0.13,0,128,0.34,-10,-0.03,-2587,-2.59,2
2562,Entry short,2022-12-15 07:00,C0|S|MKT|15|v0.3.0-tier0|SPY,372.79,100,37279,50,0.13,0,128,0.34,-10,-0.03,-2587,-2.59,2
2563,Exit short,2022-12-16 07:45,TX30,366.28,100,36643,15,0.04,0,130,0.35,-54,-0.15,-2572,-2.57,2
2563,Entry short,2022-12-16 07:15,C0|S|MKT|15|v0.3.0-tier0|SPY,366.43,100,36643,15,0.04,0,130,0.35,-54,-0.15,-2572,-2.57,2
2564,Exit short,2022-12-19 07:30,TX30,366.73,100,36567,-106,-0.29,0,66,0.18,-118,-0.32,-2678,-2.68,2
2564,Entry short,2022-12-19 07:00,C0|S|MKT|15|v0.3.0-tier0|SPY,365.67,100,36567,-106,-0.29,0,66,0.18,-118,-0.32,-2678,-2.68,2
2565,Exit long,2022-12-20 07:30,TX30,364.81,100,36344,137,0.38,0,149,0.41,-10,-0.03,-2541,-2.54,2
2565,Entry long,2022-12-20 07:00,C0|L|MKT|15|v0.3.0-tier0|SPY,363.44,100,36344,137,0.38,0,149,0.41,-10,-0.03,-2541,-2.54,2
2566,Exit long,2022-12-21 07:45,TX30,369.38,100,36763,175,0.48,0,206,0.56,-11,-0.03,-2366,-2.37,2
2566,Entry long,2022-12-21 07:15,C0|L|MKT|15|v0.3.0-tier0|SPY,367.63,100,36763,175,0.48,0,206,0.56,-11,-0.03,-2366,-2.37,2
2567,Exit short,2022-12-22 07:45,TX30,362.61,100,36327,66,0.18,0,95,0.26,-26,-0.07,-2300,-2.30,2
2567,Entry short,2022-12-22 07:15,C0|S|MKT|15|v0.3.0-tier0|SPY,363.27,100,36327,66,0.18,0,95,0.26,-26,-0.07,-2300,-2.30,2
2568,Exit long,2022-12-23 08:00,TX30,364.11,100,36470,-59,-0.16,0,121,0.33,-79,-0.22,-2359,-2.36,2
2568,Entry long,2022-12-23 07:30,C0|L|MKT|15|v0.3.0-tier0|SPY,364.7,100,36470,-59,-0.16,0,121,0.33,-79,-0.22,-2359,-2.36,2
2569,Exit short,2022-12-27 07:30,TX30,365.66,100,36385,-181,-0.50,0,83,0.23,-234,-0.64,-2540,-2.54,2
2569,Entry short,2022-12-27 07:00,C0|S|MKT|15|v0.3.0-tier0|SPY,363.85,100,36385,-181,-0.50,0,83,0.23,-234,-0.64,-2540,-2.54,2
2570,Exit long,2022-12-29 07:30,TX30,365.57,100,36489,68,0.19,0,124,0.34,-25,-0.07,-2472,-2.47,2
2570,Entry long,2022-12-29 07:00,C0|L|MKT|15|v0.3.0-tier0|SPY,364.89,100,36489,68,0.19,0,124,0.34,-25,-0.07,-2472,-2.47,2
2571,Exit short,2023-01-03 07:30,TX30,364.18,100,36501,83,0.23,0,151,0.41,-77,-0.21,-2389,-2.39,2
2571,Entry short,2023-01-03 07:00,C0|S|MKT|15|v0.3.0-tier0|SPY,365.01,100,36501,83,0.23,0,151,0.41,-77,-0.21,-2389,-2.39,2
2572,Exit short,2023-01-04 07:45,TX30,365.43,100,36428,-115,-0.32,0,38,0.10,-125,-0.34,-2504,-2.50,2
2572,Entry short,2023-01-04 07:15,C0|S|MKT|15|v0.3.0-tier0|SPY,364.28,100,36428,-115,-0.32,0,38,0.10,-125,-0.34,-2504,-2.50,2
2573,Exit long,2023-01-09 07:30,TX30,374.3,100,37455,-25,-0.07,0,42,0.11,-46,-0.12,-2529,-2.53,2
2573,Entry long,2023-01-09 07:00,C0|L|MKT|15|v0.3.0-tier0|SPY,374.55,100,37455,-25,-0.07,0,42,0.11,-46,-0.12,-2529,-2.53,2
2574,Exit long,2023-01-10 07:45,TX30,369.37,100,37246,-309,-0.83,0,44,0.12,-309,-0.83,-2838,-2.84,2
2574,Entry long,2023-01-10 07:15,C0|L|MKT|15|v0.3.0-tier0|SPY,372.46,100,37246,-309,-0.83,0,44,0.12,-309,-0.83,-2838,-2.84,2
2575,Exit long,2023-01-13 07:30,TX30,379.15,100,37745,170,0.45,0,172,0.46,-38,-0.10,-2668,-2.67,2
2575,Entry long,2023-01-13 07:00,C0|L|MKT|15|v0.3.0-tier0|SPY,377.45,100,37745,170,0.45,0,172,0.46,-38,-0.10,-2668,-2.67,2
2576,Exit long,2023-01-17 07:45,TX30,380.93,100,38213,-120,-0.31,0,56,0.15,-171,-0.45,-2788,-2.79,2
2576,Entry long,2023-01-17 07:15,C0|L|MKT|15|v0.3.0-tier0|SPY,382.13,100,38213,-120,-0.31,0,56,0.15,-171,-0.45,-2788,-2.79,2
2577,Exit short,2023-01-19 07:45,TX30,371.46,100,37182,36,0.10,0,58,0.16,-95,-0.26,-2752,-2.75,2
2577,Entry short,2023-01-19 07:15,C0|S|MKT|15|v0.3.0-tier0|SPY,371.82,100,37182,36,0.10,0,58,0.16,-95,-0.26,-2752,-2.75,2
2578,Exit long,2023-01-20 07:45,TX30,373.37,100,37322,15,0.04,0,81,0.22,-40,-0.11,-2737,-2.74,2
2578,Entry long,2023-01-20 07:15,C0|L|MKT|15|v0.3.0-tier0|SPY,373.22,100,37322,15,0.04,0,81,0.22,-40,-0.11,-2737,-2.74,2
2579,Exit long,2023-01-23 07:30,TX30,381.75,100,38045,130,0.34,0,150,0.39,-25,-0.07,-2607,-2.61,2
2579,Entry long,2023-01-23 07:00,C0|L|MKT|15|v0.3.0-tier0|SPY,380.45,100,38045,130,0.34,0,150,0.39,-25,-0.07,-2607,-2.61,2
2580,Exit long,2023-01-24 07:45,TX30,382.07,100,38177,30,0.08,0,68,0.18,-81,-0.21,-2577,-2.58,2
2580,Entry long,2023-01-24 07:15,C0|L|MKT|15|v0.3.0-tier0|SPY,381.77,100,38177,30,0.08,0,68,0.18,-81,-0.21,-2577,-2.58,2
2581,Exit short,2023-01-25 07:30,TX30,377.54,100,37713,-41,-0.11,0,18,0.05,-138,-0.37,-2618,-2.62,2
2581,Entry short,2023-01-25 07:00,C0|S|MKT|15|v0.3.0-tier0|SPY,377.13,100,37713,-41,-0.11,0,18,0.05,-138,-0.37,-2618,-2.62,2
2582,Exit short,2023-01-26 07:30,TX30,385.07,100,38394,-113,-0.29,0,61,0.16,-164,-0.43,-2731,-2.73,2
2582,Entry short,2023-01-26 07:00,C0|S|MKT|15|v0.3.0-tier0|SPY,383.94,100,38394,-113,-0.29,0,61,0.16,-164,-0.43,-2731,-2.73,2
2583,Exit long,2023-01-27 07:30,TX30,387.94,100,38740,54,0.14,0,139,0.36,-64,-0.17,-2677,-2.68,2
2583,Entry long,2023-01-27 07:00,C0|L|MKT|15|v0.3.0-tier0|SPY,387.4,100,38740,54,0.14,0,139,0.36,-64,-0.17,-2677,-2.68,2
2584,Exit long,2023-01-30 07:30,TX30,386.2,100,38660,-40,-0.10,0,78,0.20,-106,-0.27,-2717,-2.72,2
2584,Entry long,2023-01-30 07:00,C0|L|MKT|15|v0.3.0-tier0|SPY,386.6,100,38660,-40,-0.10,0,78,0.20,-106,-0.27,-2717,-2.72,2
2585,Exit long,2023-01-31 07:45,TX30,385.24,100,38452,72,0.19,0,76,0.20,-31,-0.08,-2645,-2.64,2
2585,Entry long,2023-01-31 07:15,C0|L|MKT|15|v0.3.0-tier0|SPY,384.52,100,38452,72,0.19,0,76,0.20,-31,-0.08,-2645,-2.64,2
2586,Exit long,2023-02-01 07:30,TX30,387.81,100,38849,-68,-0.18,0,6,0.02,-144,-0.37,-2713,-2.71,2
2586,Entry long,2023-02-01 07:00,C0|L|MKT|15|v0.3.0-tier0|SPY,388.49,100,38849,-68,-0.18,0,6,0.02,-144,-0.37,-2713,-2.71,2
2587,Exit short,2023-02-02 07:30,TX30,396.53,100,39546,-107,-0.27,0,66,0.17,-122,-0.31,-2820,-2.82,2
2587,Entry short,2023-02-02 07:00,C0|S|MKT|15|v0.3.0-tier0|SPY,395.46,100,39546,-107,-0.27,0,66,0.17,-122,-0.31,-2820,-2.82,2
2588,Exit long,2023-02-03 07:45,TX30,398.22,100,39638,184,0.46,0,207,0.52,-30,-0.08,-2636,-2.64,2
2588,Entry long,2023-02-03 07:15,C0|L|MKT|15|v0.3.0-tier0|SPY,396.38,100,39638,184,0.46,0,207,0.52,-30,-0.08,-2636,-2.64,2
2589,Exit short,2023-02-06 08:00,TX30,392.31,100,39078,-153,-0.39,0,56,0.14,-166,-0.42,-2789,-2.79,2
2589,Entry short,2023-02-06 07:30,C0|S|MKT|15|v0.3.0-tier0|SPY,390.78,100,39078,-153,-0.39,0,56,0.14,-166,-0.42,-2789,-2.79,2
2590,Exit short,2023-02-09 08:00,TX30,394.94,100,39421,-73,-0.19,0,18,0.05,-92,-0.23,-2862,-2.86,2
2590,Entry short,2023-02-09 07:30,C0|S|MKT|15|v0.3.0-tier0|SPY,394.21,100,39421,-73,-0.19,0,18,0.05,-92,-0.23,-2862,-2.86,2
2591,Exit long,2023-02-10 07:45,TX30,389.09,100,38947,-38,-0.10,0,75,0.19,-65,-0.17,-2900,-2.90,2
2591,Entry long,2023-02-10 07:15,C0|L|MKT|15|v0.3.0-tier0|SPY,389.47,100,38947,-38,-0.10,0,75,0.19,-65,-0.17,-2900,-2.90,2
2592,Exit long,2023-02-13 07:30,TX30,392.93,100,39234,59,0.15,0,59,0.15,-32,-0.08,-2841,-2.84,2
2592,Entry long,2023-02-13 07:00,C0|L|MKT|15|v0.3.0-tier0|SPY,392.34,100,39234,59,0.15,0,59,0.15,-32,-0.08,-2841,-2.84,2
2593,Exit long,2023-02-14 07:30,TX30,395.27,100,39525,2,0.01,0,161,0.41,-6,-0.02,-2839,-2.84,2
2593,Entry long,2023-02-14 07:00,C0|L|MKT|15|v0.3.0-tier0|SPY,395.25,100,39525,2,0.01,0,161,0.41,-6,-0.02,-2839,-2.84,2
2594,Exit long,2023-02-16 07:45,TX30,392.86,100,39183,103,0.26,0,150,0.38,-44,-0.11,-2736,-2.74,2
2594,Entry long,2023-02-16 07:15,C0|L|MKT|15|v0.3.0-tier0|SPY,391.83,100,39183,103,0.26,0,150,0.38,-44,-0.11,-2736,-2.74,2
2595,Exit short,2023-02-17 07:30,TX30,388.09,100,38698,-111,-0.29,0,2,0.01,-222,-0.57,-2847,-2.85,2
2595,Entry short,2023-02-17 07:00,C0|S|MKT|15|v0.3.0-tier0|SPY,386.98,100,38698,-111,-0.29,0,2,0.01,-222,-0.57,-2847,-2.85,2
2596,Exit short,2023-02-21 07:30,TX30,384.1,100,38486,76,0.20,0,94,0.24,-40,-0.10,-2771,-2.77,2
2596,Entry short,2023-02-21 07:00,C0|S|MKT|15|v0.3.0-tier0|SPY,384.86,100,38486,76,0.20,0,94,0.24,-40,-0.10,-2771,-2.77,2
2597,Exit short,2023-02-22 07:45,TX30,380.82,100,38086,4,0.01,0,65,0.17,-83,-0.22,-2767,-2.77,2
2597,Entry short,2023-02-22 07:15,C0|S|MKT|15|v0.3.0-tier0|SPY,380.86,100,38086,4,0.01,0,65,0.17,-83,-0.22,-2767,-2.77,2
2598,Exit long,2023-02-23 07:30,TX30,383.49,100,38421,-72,-0.19,0,34,0.09,-125,-0.33,-2839,-2.84,2
2598,Entry long,2023-02-23 07:00,C0|L|MKT|15|v0.3.0-tier0|SPY,384.21,100,38421,-72,-0.19,0,34,0.09,-125,-0.33,-2839,-2.84,2
2599,Exit short,2023-02-24 07:30,TX30,376.99,100,37712,13,0.03,0,52,0.14,-96,-0.25,-2826,-2.83,2
2599,Entry short,2023-02-24 07:00,C0|S|MKT|15|v0.3.0-tier0|SPY,377.12,100,37712,13,0.03,0,52,0.14,-96,-0.25,-2826,-2.83,2
2600,Exit long,2023-02-27 07:30,TX30,383.14,100,38277,37,0.10,0,93,0.24,-21,-0.05,-2789,-2.79,2
2600,Entry long,2023-02-27 07:00,C0|L|MKT|15|v0.3.0-tier0|SPY,382.77,100,38277,37,0.10,0,93,0.24,-21,-0.05,-2789,-2.79,2
2601,Exit long,2023-03-01 07:30,TX30,377.32,100,37875,-143,-0.38,0,44,0.12,-198,-0.52,-2932,-2.93,2
2601,Entry long,2023-03-01 07:00,C0|L|MKT|15|v0.3.0-tier0|SPY,378.75,100,37875,-143,-0.38,0,44,0.12,-198,-0.52,-2932,-2.93,2
2602,Exit long,2023-03-02 07:30,TX30,376.77,100,37600,77,0.20,0,85,0.23,-40,-0.11,-2855,-2.85,2
2602,Entry long,2023-03-02 07:00,C0|L|MKT|15|v0.3.0-tier0|SPY,376,100,37600,77,0.20,0,85,0.23,-40,-0.11,-2855,-2.85,2
2603,Exit long,2023-03-03 07:30,TX30,383.78,100,38298,80,0.21,0,81,0.21,-143,-0.37,-2775,-2.77,2
2603,Entry long,2023-03-03 07:00,C0|L|MKT|15|v0.3.0-tier0|SPY,382.98,100,38298,80,0.21,0,81,0.21,-143,-0.37,-2775,-2.77,2
2604,Exit long,2023-03-06 07:45,TX30,389.45,100,38864,81,0.21,0,86,0.22,-9,-0.02,-2694,-2.69,2
2604,Entry long,2023-03-06 07:15,C0|L|MKT|15|v0.3.0-tier0|SPY,388.64,100,38864,81,0.21,0,86,0.22,-9,-0.02,-2694,-2.69,2
2605,Exit short,2023-03-07 07:45,TX30,383.72,100,38362,-10,-0.03,0,42,0.11,-193,-0.50,-2704,-2.70,2
2605,Entry short,2023-03-07 07:15,C0|S|MKT|15|v0.3.0-tier0|SPY,383.62,100,38362,-10,-0.03,0,42,0.11,-193,-0.50,-2704,-2.70,2
2606,Exit long,2023-03-09 07:30,TX30,382.6,100,38322,-62,-0.16,0,47,0.12,-131,-0.34,-2766,-2.77,2
2606,Entry long,2023-03-09 07:00,C0|L|MKT|15|v0.3.0-tier0|SPY,383.22,100,38322,-62,-0.16,0,47,0.12,-131,-0.34,-2766,-2.77,2
2607,Exit long,2023-03-13 07:30,TX30,367.18,100,36866,-148,-0.40,0,166,0.45,-181,-0.49,-2914,-2.91,2
2607,Entry long,2023-03-13 07:00,C0|L|MKT|15|v0.3.0-tier0|SPY,368.66,100,36866,-148,-0.40,0,166,0.45,-181,-0.49,-2914,-2.91,2
2608,Exit long,2023-03-14 07:45,TX30,375.21,100,37445,76,0.20,0,101,0.27,-44,-0.12,-2838,-2.84,2
2608,Entry long,2023-03-14 07:15,C0|L|MKT|15|v0.3.0-tier0|SPY,374.45,100,37445,76,0.20,0,101,0.27,-44,-0.12,-2838,-2.84,2
2609,Exit short,2023-03-15 07:30,TX30,368.97,100,36865,-32,-0.09,0,46,0.12,-181,-0.49,-2870,-2.87,2
2609,Entry short,2023-03-15 07:00,C0|S|MKT|15|v0.3.0-tier0|SPY,368.65,100,36865,-32,-0.09,0,46,0.12,-181,-0.49,-2870,-2.87,2
2610,Exit long,2023-03-16 07:30,TX30,370.85,100,37155,-70,-0.19,0,37,0.10,-189,-0.51,-2940,-2.94,2
2610,Entry long,2023-03-16 07:00,C0|L|MKT|15|v0.3.0-tier0|SPY,371.55,100,37155,-70,-0.19,0,37,0.10,-189,-0.51,-2940,-2.94,2
2611,Exit short,2023-03-17 07:45,TX30,374.02,100,37681,279,0.74,0,279,0.74,-47,-0.12,-2661,-2.66,2
2611,Entry short,2023-03-17 07:15,C0|S|MKT|15|v0.3.0-tier0|SPY,376.81,100,37681,279,0.74,0,279,0.74,-47,-0.12,-2661,-2.66,2
2612,Exit long,2023-03-20 08:00,TX30,377.35,100,37660,75,0.20,0,79,0.21,-55,-0.15,-2586,-2.59,2
2612,Entry long,2023-03-20 07:30,C0|L|MKT|15|v0.3.0-tier0|SPY,376.6,100,37660,75,0.20,0,79,0.21,-55,-0.15,-2586,-2.59,2
2613,Exit short,2023-03-21 07:45,TX30,380.59,100,38103,44,0.12,0,97,0.25,-9,-0.02,-2542,-2.54,2
2613,Entry short,2023-03-21 07:15,C0|S|MKT|15|v0.3.0-tier0|SPY,381.03,100,38103,44,0.12,0,97,0.25,-9,-0.02,-2542,-2.54,2
2614,Exit long,2023-03-22 08:00,TX30,383.2,100,38368,-48,-0.13,0,14,0.04,-58,-0.15,-2590,-2.59,2
2614,Entry long,2023-03-22 07:30,C0|L|MKT|15|v0.3.0-tier0|SPY,383.68,100,38368,-48,-0.13,0,14,0.04,-58,-0.15,-2590,-2.59,2
2615,Exit long,2023-03-23 07:45,TX30,381.21,100,38077,44,0.12,0,53,0.14,-39,-0.10,-2546,-2.55,2
2615,Entry long,2023-03-23 07:15,C0|L|MKT|15|v0.3.0-tier0|SPY,380.77,100,38077,44,0.12,0,53,0.14,-39,-0.10,-2546,-2.55,2
2616,Exit long,2023-03-24 08:00,TX30,375.83,100,37668,-85,-0.23,0,47,0.12,-157,-0.42,-2631,-2.63,2
2616,Entry long,2023-03-24 07:30,C0|L|MKT|15|v0.3.0-tier0|SPY,376.68,100,37668,-85,-0.23,0,47,0.12,-157,-0.42,-2631,-2.63,2
2617,Exit short,2023-03-27 08:00,TX30,380.48,100,38119,71,0.19,0,88,0.23,-12,-0.03,-2560,-2.56,2
2617,Entry short,2023-03-27 07:30,C0|S|MKT|15|v0.3.0-tier0|SPY,381.19,100,38119,71,0.19,0,88,0.23,-12,-0.03,-2560,-2.56,2
2618,Exit long,2023-03-28 07:45,TX30,378.96,100,38032,-136,-0.36,0,24,0.06,-162,-0.43,-2696,-2.70,2
2618,Entry long,2023-03-28 07:15,C0|L|MKT|15|v0.3.0-tier0|SPY,380.32,100,38032,-136,-0.36,0,24,0.06,-162,-0.43,-2696,-2.70,2
2619,Exit short,2023-03-30 07:45,TX30,387.72,100,38680,-92,-0.24,0,13,0.03,-116,-0.30,-2788,-2.79,2
2619,Entry short,2023-03-30 07:15,C0|S|MKT|15|v0.3.0-tier0|SPY,386.8,100,38680,-92,-0.24,0,13,0.03,-116,-0.30,-2788,-2.79,2
2620,Exit long,2023-04-03 07:30,TX30,394.68,100,39366,102,0.26,0,113,0.29,-8,-0.02,-2686,-2.69,2
2620,Entry long,2023-04-03 07:00,C0|L|MKT|15|v0.3.0-tier0|SPY,393.66,100,39366,102,0.26,0,113,0.29,-8,-0.02,-2686,-2.69,2
2621,Exit short,2023-04-04 08:00,TX30,393.25,100,39399,74,0.19,0,90,0.23,-53,-0.13,-2612,-2.61,2
2621,Entry short,2023-04-04 07:30,C0|S|MKT|15|v0.3.0-tier0|SPY,393.99,100,39399,74,0.19,0,90,0.23,-53,-0.13,-2612,-2.61,2
2622,Exit long,2023-04-05 07:30,TX30,390.87,100,39200,-113,-0.29,0,26,0.07,-115,-0.29,-2725,-2.72,2
2622,Entry long,2023-04-05 07:00,C0|L|MKT|15|v0.3.0-tier0|SPY,392,100,39200,-113,-0.29,0,26,0.07,-115,-0.29,-2725,-2.72,2
2623,Exit long,2023-04-06 07:45,TX30,390.02,100,39079,-77,-0.20,0,14,0.04,-98,-0.25,-2802,-2.80,2
2623,Entry long,2023-04-06 07:15,C0|L|MKT|15|v0.3.0-tier0|SPY,390.79,100,39079,-77,-0.20,0,14,0.04,-98,-0.25,-2802,-2.80,2
2624,Exit long,2023-04-10 07:45,TX30,390.97,100,39053,44,0.11,0,50,0.13,-53,-0.14,-2758,-2.76,2
2624,Entry long,2023-04-10 07:15,C0|L|MKT|15|v0.3.0-tier0|SPY,390.53,100,39053,44,0.11,0,50,0.13,-53,-0.14,-2758,-2.76,2
2625,Exit short,2023-04-11 07:30,TX30,393.54,100,39308,-46,-0.12,0,19,0.05,-46,-0.12,-2804,-2.80,2
2625,Entry short,2023-04-11 07:00,C0|S|MKT|15|v0.3.0-tier0|SPY,393.08,100,39308,-46,-0.12,0,19,0.05,-46,-0.12,-2804,-2.80,2
2626,Exit short,2023-04-12 07:30,TX30,395.03,100,39423,-80,-0.20,0,37,0.09,-108,-0.27,-2884,-2.88,2
2626,Entry short,2023-04-12 07:00,C0|S|MKT|15|v0.3.0-tier0|SPY,394.23,100,39423,-80,-0.20,0,37,0.09,-108,-0.27,-2884,-2.88,2
2627,Exit long,2023-04-13 07:45,TX30,393.86,100,39379,7,0.02,0,59,0.15,-15,-0.04,-2877,-2.88,2
2627,Entry long,2023-04-13 07:15,C0|L|MKT|15|v0.3.0-tier0|SPY,393.79,100,39379,7,0.02,0,59,0.15,-15,-0.04,-2877,-2.88,2
2628,Exit long,2023-04-14 07:30,TX30,395.79,100,39813,-234,-0.59,0,17,0.04,-254,-0.64,-3111,-3.11,2
2628,Entry long,2023-04-14 07:00,C0|L|MKT|15|v0.3.0-tier0|SPY,398.13,100,39813,-234,-0.59,0,17,0.04,-254,-0.64,-3111,-3.11,2
2629,Exit short,2023-04-18 07:30,TX30,396.91,100,39802,111,0.28,0,127,0.32,-2,-0.01,-3000,-3.00,2
2629,Entry short,2023-04-18 07:00,C0|S|MKT|15|v0.3.0-tier0|SPY,398.02,100,39802,111,0.28,0,127,0.32,-2,-0.01,-3000,-3.00,2
2630,Exit long,2023-04-19 07:45,TX30,396.91,100,39627,64,0.16,0,67,0.17,-28,-0.07,-2936,-2.94,2
2630,Entry long,2023-04-19 07:15,C0|L|MKT|15|v0.3.0-tier0|SPY,396.27,100,39627,64,0.16,0,67,0.17,-28,-0.07,-2936,-2.94,2
2631,Exit long,2023-04-20 07:45,TX30,395.93,100,39581,12,0.03,0,34,0.09,-26,-0.07,-2924,-2.92,2
2631,Entry long,2023-04-20 07:15,C0|L|MKT|15|v0.3.0-tier0|SPY,395.81,100,39581,12,0.03,0,34,0.09,-26,-0.07,-2924,-2.92,2
2632,Exit short,2023-04-21 07:30,TX30,395.5,100,39444,-106,-0.27,0,49,0.12,-142,-0.36,-3030,-3.03,2
2632,Entry short,2023-04-21 07:00,C0|S|MKT|15|v0.3.0-tier0|SPY,394.44,100,39444,-106,-0.27,0,49,0.12,-142,-0.36,-3030,-3.03,2
2633,Exit short,2023-04-25 07:30,TX30,393.22,100,39380,58,0.15,0,82,0.21,-49,-0.12,-2972,-2.97,2
2633,Entry short,2023-04-25 07:00,C0|S|MKT|15|v0.3.0-tier0|SPY,393.8,100,39380,58,0.15,0,82,0.21,-49,-0.12,-2972,-2.97,2
2634,Exit short,2023-04-26 07:45,TX30,389.56,100,38982,26,0.07,0,107,0.27,0,0.00,-2946,-2.95,2
2634,Entry short,2023-04-26 07:15,C0|S|MKT|15|v0.3.0-tier0|SPY,389.82,100,38982,26,0.07,0,107,0.27,0,0.00,-2946,-2.95,2
2635,Exit long,2023-04-27 07:30,TX30,391.81,100,39123,58,0.15,0,87,0.22,-16,-0.04,-2888,-2.89,2
2635,Entry long,2023-04-27 07:00,C0|L|MKT|15|v0.3.0-tier0|SPY,391.23,100,39123,58,0.15,0,87,0.22,-16,-0.04,-2888,-2.89,2
2636,Exit long,2023-04-28 07:30,TX30,398.05,100,39596,209,0.53,0,218,0.55,-18,-0.05,-2679,-2.68,2
2636,Entry long,2023-04-28 07:00,C0|L|MKT|15|v0.3.0-tier0|SPY,395.96,100,39596,209,0.53,0,218,0.55,-18,-0.05,-2679,-2.68,2
2637,Exit long,2023-05-01 07:30,TX30,399.29,100,39963,-34,-0.09,0,41,0.10,-56,-0.14,-2713,-2.71,2
2637,Entry long,2023-05-01 07:00,C0|L|MKT|15|v0.3.0-tier0|SPY,399.63,100,39963,-34,-0.09,0,41,0.10,-56,-0.14,-2713,-2.71,2
2638,Exit short,2023-05-02 07:45,TX30,393.43,100,39548,205,0.52,0,229,0.58,-27,-0.07,-2508,-2.51,2
2638,Entry short,2023-05-02 07:15,C0|S|MKT|15|v0.3.0-tier0|SPY,395.48,100,39548,205,0.52,0,229,0.58,-27,-0.07,-2508,-2.51,2
2639,Exit long,2023-05-03 07:30,TX30,394.89,100,39564,-75,-0.19,0,27,0.07,-78,-0.20,-2583,-2.58,2
2639,Entry long,2023-05-03 07:00,C0|L|MKT|15|v0.3.0-tier0|SPY,395.64,100,39564,-75,-0.19,0,27,0.07,-78,-0.20,-2583,-2.58,2
2640,Exit short,2023-05-04 08:00,TX30,388.6,100,38778,-82,-0.21,0,14,0.04,-167,-0.43,-2665,-2.66,2
2640,Entry short,2023-05-04 07:30,C0|S|MKT|15|v0.3.0-tier0|SPY,387.78,100,38778,-82,-0.21,0,14,0.04,-167,-0.43,-2665,-2.66,2
2641,Exit long,2023-05-05 07:45,TX30,394.83,100,39436,47,0.12,0,75,0.19,-38,-0.10,-2618,-2.62,2
2641,Entry long,2023-05-05 07:15,C0|L|MKT|15|v0.3.0-tier0|SPY,394.36,100,39436,47,0.12,0,75,0.19,-38,-0.10,-2618,-2.62,2
2642,Exit short,2023-05-08 07:30,TX30,395.32,100,39566,34,0.09,0,44,0.11,-28,-0.07,-2584,-2.58,2
2642,Entry short,2023-05-08 07:00,C0|S|MKT|15|v0.3.0-tier0|SPY,395.66,100,39566,34,0.09,0,44,0.11,-28,-0.07,-2584,-2.58,2
2643,Exit long,2023-05-09 07:30,TX30,394.78,100,39510,-32,-0.08,0,20,0.05,-76,-0.19,-2616,-2.62,2
2643,Entry long,2023-05-09 07:00,C0|L|MKT|15|v0.3.0-tier0|SPY,395.1,100,39510,-32,-0.08,0,20,0.05,-76,-0.19,-2616,-2.62,2
2644,Exit short,2023-05-11 07:30,TX30,394.39,100,39384,-55,-0.14,0,34,0.09,-72,-0.18,-2671,-2.67,2
2644,Entry short,2023-05-11 07:00,C0|S|MKT|15|v0.3.0-tier0|SPY,393.84,100,39384,-55,-0.14,0,34,0.09,-72,-0.18,-2671,-2.67,2
2645,Exit short,2023-05-12 07:30,TX30,395.42,100,39628,86,0.22,0,98,0.25,-6,-0.02,-2585,-2.58,2
2645,Entry short,2023-05-12 07:00,C0|S|MKT|15|v0.3.0-tier0|SPY,396.28,100,39628,86,0.22,0,98,0.25,-6,-0.02,-2585,-2.58,2
2646,Exit short,2023-05-15 07:30,TX30,394.51,100,39436,-15,-0.04,0,61,0.15,-34,-0.09,-2600,-2.60,2
2646,Entry short,2023-05-15 07:00,C0|S|MKT|15|v0.3.0-tier0|SPY,394.36,100,39436,-15,-0.04,0,61,0.15,-34,-0.09,-2600,-2.60,2
2647,Exit short,2023-05-16 07:30,TX30,395.27,100,39508,-19,-0.05,0,88,0.22,-47,-0.12,-2619,-2.62,2
2647,Entry short,2023-05-16 07:00,C0|S|MKT|15|v0.3.0-tier0|SPY,395.08,100,39508,-19,-0.05,0,88,0.22,-47,-0.12,-2619,-2.62,2
2648,Exit short,2023-05-17 07:30,TX30,395.19,100,39427,-92,-0.23,0,12,0.03,-96,-0.24,-2711,-2.71,2
2648,Entry short,2023-05-17 07:00,C0|S|MKT|15|v0.3.0-tier0|SPY,394.27,100,39427,-92,-0.23,0,12,0.03,-96,-0.24,-2711,-2.71,2
2649,Exit long,2023-05-18 07:45,TX30,400,100,39902,98,0.25,0,174,0.44,-13,-0.03,-2613,-2.61,2
2649,Entry long,2023-05-18 07:15,C0|L|MKT|15|v0.3.0-tier0|SPY,399.02,100,39902,98,0.25,0,174,0.44,-13,-0.03,-2613,-2.61,2
2650,Exit long,2023-05-23 07:30,TX30,400.95,100,40087,8,0.02,0,47,0.12,-65,-0.16,-2605,-2.60,2
2650,Entry long,2023-05-23 07:00,C0|L|MKT|15|v0.3.0-tier0|SPY,400.87,100,40087,8,0.02,0,47,0.12,-65,-0.16,-2605,-2.60,2
2651,Exit short,2023-05-24 07:30,TX30,394.17,100,39462,45,0.11,0,80,0.20,-25,-0.06,-2560,-2.56,2
2651,Entry short,2023-05-24 07:00,C0|S|MKT|15|v0.3.0-tier0|SPY,394.62,100,39462,45,0.11,0,80,0.20,-25,-0.06,-2560,-2.56,2
2652,Exit long,2023-05-26 07:45,TX30,402.41,100,40099,142,0.35,0,196,0.49,0,0.00,-2418,-2.42,2
2652,Entry long,2023-05-26 07:15,C0|L|MKT|15|v0.3.0-tier0|SPY,400.99,100,40099,142,0.35,0,196,0.49,0,0.00,-2418,-2.42,2
2653,Exit short,2023-05-30 07:30,TX30,403.79,100,40443,64,0.16,0,111,0.27,-60,-0.15,-2354,-2.35,2
2653,Entry short,2023-05-30 07:00,C0|S|MKT|15|v0.3.0-tier0|SPY,404.43,100,40443,64,0.16,0,111,0.27,-60,-0.15,-2354,-2.35,2
2654,Exit short,2023-05-31 07:45,TX30,399.93,100,40065,72,0.18,0,104,0.26,-8,-0.02,-2282,-2.28,2
2654,Entry short,2023-05-31 07:15,C0|S|MKT|15|v0.3.0-tier0|SPY,400.65,100,40065,72,0.18,0,104,0.26,-8,-0.02,-2282,-2.28,2
2655,Exit long,2023-06-01 07:45,TX30,402.35,100,40167,68,0.17,0,77,0.19,-102,-0.25,-2214,-2.21,2
2655,Entry long,2023-06-01 07:15,C0|L|MKT|15|v0.3.0-tier0|SPY,401.67,100,40167,68,0.17,0,77,0.19,-102,-0.25,-2214,-2.21,2
2656,Exit short,2023-06-02 07:30,TX30,408.42,100,40733,-109,-0.27,0,41,0.10,-140,-0.34,-2323,-2.32,2
2656,Entry short,2023-06-02 07:00,C0|S|MKT|15|v0.3.0-tier0|SPY,407.33,100,40733,-109,-0.27,0,41,0.10,-140,-0.34,-2323,-2.32,2
2657,Exit short,2023-06-05 07:45,TX30,411.23,100,41075,-48,-0.12,0,30,0.07,-51,-0.12,-2371,-2.37,2
2657,Entry short,2023-06-05 07:15,C0|S|MKT|15|v0.3.0-tier0|SPY,410.75,100,41075,-48,-0.12,0,30,0.07,-51,-0.12,-2371,-2.37,2
2658,Exit long,2023-06-06 07:45,TX30,410.44,100,41005,39,0.10,0,49,0.12,-24,-0.06,-2332,-2.33,2
2658,Entry long,2023-06-06 07:15,C0|L|MKT|15|v0.3.0-tier0|SPY,410.05,100,41005,39,0.10,0,49,0.12,-24,-0.06,-2332,-2.33,2
2659,Exit long,2023-06-08 07:45,TX30,410.35,100,40999,36,0.09,0,49,0.12,-23,-0.06,-2296,-2.30,2
2659,Entry long,2023-06-08 07:15,C0|L|MKT|15|v0.3.0-tier0|SPY,409.99,100,40999,36,0.09,0,49,0.12,-23,-0.06,-2296,-2.30,2
2660,Exit long,2023-06-09 07:45,TX30,413.86,100,41425,-39,-0.09,0,39,0.09,-65,-0.16,-2335,-2.33,2
2660,Entry long,2023-06-09 07:15,C0|L|MKT|15|v0.3.0-tier0|SPY,414.25,100,41425,-39,-0.09,0,39,0.09,-65,-0.16,-2335,-2.33,2
2661,Exit long,2023-06-14 07:30,TX30,420.15,100,41994,21,0.05,0,67,0.16,-16,-0.04,-2314,-2.31,2
2661,Entry long,2023-06-14 07:00,C0|L|MKT|15|v0.3.0-tier0|SPY,419.94,100,41994,21,0.05,0,67,0.16,-16,-0.04,-2314,-2.31,2
2662,Exit long,2023-06-15 07:30,TX30,421.84,100,42110,74,0.18,0,90,0.21,-27,-0.06,-2240,-2.24,2
2662,Entry long,2023-06-15 07:00,C0|L|MKT|15|v0.3.0-tier0|SPY,421.1,100,42110,74,0.18,0,90,0.21,-27,-0.06,-2240,-2.24,2
2663,Exit short,2023-06-20 07:45,TX30,419.87,100,42077,90,0.21,0,165,0.39,-1,0.00,-2150,-2.15,2
2663,Entry short,2023-06-20 07:15,C0|S|MKT|15|v0.3.0-tier0|SPY,420.77,100,42077,90,0.21,0,165,0.39,-1,0.00,-2150,-2.15,2
2664,Exit long,2023-06-22 07:30,TX30,419.64,100,41887,77,0.18,0,118,0.28,-25,-0.06,-2073,-2.07,2
2664,Entry long,2023-06-22 07:00,C0|L|MKT|15|v0.3.0-tier0|SPY,418.87,100,41887,77,0.18,0,118,0.28,-25,-0.06,-2073,-2.07,2
2665,Exit long,2023-06-23 08:00,TX30,417.71,100,41780,-9,-0.02,0,55,0.13,-54,-0.13,-2082,-2.08,2
2665,Entry long,2023-06-23 07:30,C0|L|MKT|15|v0.3.0-tier0|SPY,417.8,100,41780,-9,-0.02,0,55,0.13,-54,-0.13,-2082,-2.08,2
2666,Exit long,2023-06-26 07:30,TX30,418.11,100,41837,-26,-0.06,0,33,0.08,-51,-0.12,-2108,-2.11,2
2666,Entry long,2023-06-26 07:00,C0|L|MKT|15|v0.3.0-tier0|SPY,418.37,100,41837,-26,-0.06,0,33,0.08,-51,-0.12,-2108,-2.11,2
2667,Exit long,2023-06-28 08:00,TX30,419.92,100,41959,33,0.08,0,91,0.22,-6,-0.01,-2075,-2.08,2
2667,Entry long,2023-06-28 07:30,C0|L|MKT|15|v0.3.0-tier0|SPY,419.59,100,41959,33,0.08,0,91,0.22,-6,-0.01,-2075,-2.08,2
2668,Exit long,2023-06-30 07:45,TX30,426.35,100,42667,-32,-0.07,0,46,0.11,-45,-0.11,-2107,-2.11,2
2668,Entry long,2023-06-30 07:15,C0|L|MKT|15|v0.3.0-tier0|SPY,426.67,100,42667,-32,-0.07,0,46,0.11,-45,-0.11,-2107,-2.11,2
2669,Exit long,2023-07-03 07:30,TX30,427.26,100,42726,0,0.00,0,18,0.04,-39,-0.09,-2107,-2.11,2
2669,Entry long,2023-07-03 07:00,C0|L|MKT|15|v0.3.0-tier0|SPY,427.26,100,42726,0,0.00,0,18,0.04,-39,-0.09,-2107,-2.11,2
2670,Exit long,2023-07-05 07:30,TX30,427.27,100,42704,23,0.05,0,34,0.08,-31,-0.07,-2084,-2.08,2
2670,Entry long,2023-07-05 07:00,C0|L|MKT|15|v0.3.0-tier0|SPY,427.04,100,42704,23,0.05,0,34,0.08,-31,-0.07,-2084,-2.08,2
2671,Exit short,2023-07-06 07:30,TX30,421.68,100,42241,73,0.17,0,97,0.23,-5,-0.01,-2011,-2.01,2
2671,Entry short,2023-07-06 07:00,C0|S|MKT|15|v0.3.0-tier0|SPY,422.41,100,42241,73,0.17,0,97,0.23,-5,-0.01,-2011,-2.01,2
2672,Exit long,2023-07-07 07:30,TX30,423.4,100,42404,-64,-0.15,0,10,0.02,-83,-0.20,-2075,-2.08,2
2672,Entry long,2023-07-07 07:00,C0|L|MKT|15|v0.3.0-tier0|SPY,424.04,100,42404,-64,-0.15,0,10,0.02,-83,-0.20,-2075,-2.08,2
2673,Exit long,2023-07-10 07:45,TX30,422.54,100,42355,-101,-0.24,0,18,0.04,-122,-0.29,-2176,-2.18,2
2673,Entry long,2023-07-10 07:15,C0|L|MKT|15|v0.3.0-tier0|SPY,423.55,100,42355,-101,-0.24,0,18,0.04,-122,-0.29,-2176,-2.18,2
2674,Exit short,2023-07-11 07:45,TX30,424.55,100,42345,-110,-0.26,0,4,0.01,-110,-0.26,-2286,-2.29,2
2674,Entry short,2023-07-11 07:15,C0|S|MKT|15|v0.3.0-tier0|SPY,423.45,100,42345,-110,-0.26,0,4,0.01,-110,-0.26,-2286,-2.29,2
2675,Exit long,2023-07-12 07:30,TX30,430.86,100,43059,27,0.06,0,38,0.09,-41,-0.10,-2259,-2.26,2
2675,Entry long,2023-07-12 07:00,C0|L|MKT|15|v0.3.0-tier0|SPY,430.59,100,43059,27,0.06,0,38,0.09,-41,-0.10,-2259,-2.26,2
2676,Exit long,2023-07-14 07:30,TX30,433.94,100,43452,-58,-0.13,0,32,0.07,-82,-0.19,-2317,-2.32,2
2676,Entry long,2023-07-14 07:00,C0|L|MKT|15|v0.3.0-tier0|SPY,434.52,100,43452,-58,-0.13,0,32,0.07,-82,-0.19,-2317,-2.32,2
2677,Exit long,2023-07-17 07:45,TX30,433.43,100,43340,3,0.01,0,16,0.04,-19,-0.04,-2314,-2.31,2
2677,Entry long,2023-07-17 07:15,C0|L|MKT|15|v0.3.0-tier0|SPY,433.4,100,43340,3,0.01,0,16,0.04,-19,-0.04,-2314,-2.31,2
2678,Exit long,2023-07-18 07:30,TX30,435.12,100,43499,13,0.03,0,30,0.07,-6,-0.01,-2301,-2.30,2
2678,Entry long,2023-07-18 07:00,C0|L|MKT|15|v0.3.0-tier0|SPY,434.99,100,43499,13,0.03,0,30,0.07,-6,-0.01,-2301,-2.30,2
2679,Exit short,2023-07-20 07:45,TX30,436.7,100,43742,72,0.16,0,118,0.27,-19,-0.04,-2229,-2.23,2
2679,Entry short,2023-07-20 07:15,C0|S|MKT|15|v0.3.0-tier0|SPY,437.42,100,43742,72,0.16,0,118,0.27,-19,-0.04,-2229,-2.23,2
2680,Exit short,2023-07-21 07:30,TX30,435.75,100,43626,51,0.12,0,60,0.14,-71,-0.16,-2178,-2.18,2
2680,Entry short,2023-07-21 07:00,C0|S|MKT|15|v0.3.0-tier0|SPY,436.26,100,43626,51,0.12,0,60,0.14,-71,-0.16,-2178,-2.18,2
2681,Exit short,2023-07-24 07:30,TX30,437.53,100,43661,-92,-0.21,0,27,0.06,-102,-0.23,-2270,-2.27,2
2681,Entry short,2023-07-24 07:00,C0|S|MKT|15|v0.3.0-tier0|SPY,436.61,100,43661,-92,-0.21,0,27,0.06,-102,-0.23,-2270,-2.27,2
2682,Exit long,2023-07-25 07:30,TX30,438.09,100,43817,-8,-0.02,0,23,0.05,-35,-0.08,-2278,-2.28,2
2682,Entry long,2023-07-25 07:00,C0|L|MKT|15|v0.3.0-tier0|SPY,438.17,100,43817,-8,-0.02,0,23,0.05,-35,-0.08,-2278,-2.28,2
2683,Exit short,2023-07-27 07:45,TX30,441.43,100,44157,14,0.03,0,70,0.16,-19,-0.04,-2264,-2.26,2
2683,Entry short,2023-07-27 07:15,C0|S|MKT|15|v0.3.0-tier0|SPY,441.57,100,44157,14,0.03,0,70,0.16,-19,-0.04,-2264,-2.26,2
2684,Exit long,2023-07-28 07:45,TX30,439.51,100,43984,-33,-0.08,0,31,0.07,-50,-0.11,-2297,-2.30,2
2684,Entry long,2023-07-28 07:15,C0|L|MKT|15|v0.3.0-tier0|SPY,439.84,100,43984,-33,-0.08,0,31,0.07,-50,-0.11,-2297,-2.30,2
2685,Exit short,2023-07-31 07:30,TX30,440.95,100,44028,-67,-0.15,0,33,0.07,-68,-0.15,-2364,-2.36,2
2685,Entry short,2023-07-31 07:00,C0|S|MKT|15|v0.3.0-tier0|SPY,440.28,100,44028,-67,-0.15,0,33,0.07,-68,-0.15,-2364,-2.36,2
2686,Exit short,2023-08-01 07:45,TX30,439.46,100,43931,-15,-0.03,0,45,0.10,-55,-0.13,-2379,-2.38,2
2686,Entry short,2023-08-01 07:15,C0|S|MKT|15|v0.3.0-tier0|SPY,439.31,100,43931,-15,-0.03,0,45,0.10,-55,-0.13,-2379,-2.38,2
2687,Exit short,2023-08-02 07:45,TX30,435.04,100,43545,41,0.09,0,49,0.11,-34,-0.08,-2338,-2.34,2
2687,Entry short,2023-08-02 07:15,C0|S|MKT|15|v0.3.0-tier0|SPY,435.45,100,43545,41,0.09,0,49,0.11,-34,-0.08,-2338,-2.34,2
2688,Exit short,2023-08-03 08:00,TX30,432.08,100,43105,-103,-0.24,0,4,0.01,-106,-0.25,-2441,-2.44,2
2688,Entry short,2023-08-03 07:30,C0|S|MKT|15|v0.3.0-tier0|SPY,431.05,100,43105,-103,-0.24,0,4,0.01,-106,-0.25,-2441,-2.44,2
2689,Exit short,2023-08-04 07:30,TX30,433.94,100,43384,-10,-0.02,0,149,0.34,-18,-0.04,-2451,-2.45,2
2689,Entry short,2023-08-04 07:00,C0|S|MKT|15|v0.3.0-tier0|SPY,433.84,100,43384,-10,-0.02,0,149,0.34,-18,-0.04,-2451,-2.45,2
2690,Exit short,2023-08-08 07:30,TX30,429.85,100,43024,39,0.09,0,114,0.26,-27,-0.06,-2412,-2.41,2
2690,Entry short,2023-08-08 07:00,C0|S|MKT|15|v0.3.0-tier0|SPY,430.24,100,43024,39,0.09,0,114,0.26,-27,-0.06,-2412,-2.41,2
2691,Exit long,2023-08-10 07:30,TX30,434.45,100,43471,-26,-0.06,0,46,0.11,-65,-0.15,-2438,-2.44,2
2691,Entry long,2023-08-10 07:00,C0|L|MKT|15|v0.3.0-tier0|SPY,434.71,100,43471,-26,-0.06,0,46,0.11,-65,-0.15,-2438,-2.44,2
2692,Exit long,2023-08-11 07:45,TX30,429.88,100,42913,75,0.17,0,122,0.28,-5,-0.01,-2363,-2.36,2
2692,Entry long,2023-08-11 07:15,C0|L|MKT|15|v0.3.0-tier0|SPY,429.13,100,42913,75,0.17,0,122,0.28,-5,-0.01,-2363,-2.36,2
2693,Exit long,2023-08-14 07:45,TX30,430.53,100,42979,74,0.17,0,88,0.20,-35,-0.08,-2289,-2.29,2
2693,Entry long,2023-08-14 07:15,C0|L|MKT|15|v0.3.0-tier0|SPY,429.79,100,42979,74,0.17,0,88,0.20,-35,-0.08,-2289,-2.29,2
2694,Exit short,2023-08-15 07:30,TX30,427.74,100,42894,120,0.28,0,146,0.34,-2,0.00,-2169,-2.17,2
2694,Entry short,2023-08-15 07:00,C0|S|MKT|15|v0.3.0-tier0|SPY,428.94,100,42894,120,0.28,0,146,0.34,-2,0.00,-2169,-2.17,2
2695,Exit short,2023-08-17 07:30,TX30,424.03,100,42428,25,0.06,0,41,0.10,-33,-0.08,-2144,-2.14,2
2695,Entry short,2023-08-17 07:00,C0|S|MKT|15|v0.3.0-tier0|SPY,424.28,100,42428,25,0.06,0,41,0.10,-33,-0.08,-2144,-2.14,2
2696,Exit long,2023-08-21 07:30,TX30,420.67,100,42266,-199,-0.47,0,16,0.04,-209,-0.49,-2343,-2.34,2
2696,Entry long,2023-08-21 07:00,C0|L|MKT|15|v0.3.0-tier0|SPY,422.66,100,42266,-199,-0.47,0,16,0.04,-209,-0.49,-2343,-2.34,2
2697,Exit short,2023-08-22 07:30,TX30,423.48,100,42356,8,0.02,0,24,0.06,-73,-0.17,-2335,-2.33,2
2697,Entry short,2023-08-22 07:00,C0|S|MKT|15|v0.3.0-tier0|SPY,423.56,100,42356,8,0.02,0,24,0.06,-73,-0.17,-2335,-2.33,2
2698,Exit long,2023-08-23 07:30,TX30,424.76,100,42425,51,0.12,0,78,0.18,-15,-0.04,-2284,-2.28,2
2698,Entry long,2023-08-23 07:00,C0|L|MKT|15|v0.3.0-tier0|SPY,424.25,100,42425,51,0.12,0,78,0.18,-15,-0.04,-2284,-2.28,2
2699,Exit short,2023-08-24 07:45,TX30,425.29,100,42706,177,0.41,0,194,0.45,-5,-0.01,-2107,-2.11,2
2699,Entry short,2023-08-24 07:15,C0|S|MKT|15|v0.3.0-tier0|SPY,427.06,100,42706,177,0.41,0,194,0.45,-5,-0.01,-2107,-2.11,2
2700,Exit long,2023-08-25 07:45,TX30,420.53,100,42372,-319,-0.75,0,133,0.31,-319,-0.75,-2426,-2.43,2
2700,Entry long,2023-08-25 07:15,C0|L|MKT|15|v0.3.0-tier0|SPY,423.72,100,42372,-319,-0.75,0,133,0.31,-319,-0.75,-2426,-2.43,2
2701,Exit long,2023-08-29 07:30,TX30,429.68,100,42762,206,0.48,0,212,0.50,-1,0.00,-2220,-2.22,2
2701,Entry long,2023-08-29 07:00,C0|L|MKT|15|v0.3.0-tier0|SPY,427.62,100,42762,206,0.48,0,212,0.50,-1,0.00,-2220,-2.22,2
2702,Exit long,2023-08-30 07:30,TX30,432.84,100,43473,-189,-0.43,0,36,0.08,-238,-0.55,-2409,-2.41,2
2702,Entry long,2023-08-30 07:00,C0|L|MKT|15|v0.3.0-tier0|SPY,434.73,100,43473,-189,-0.43,0,36,0.08,-238,-0.55,-2409,-2.41,2
2703,Exit long,2023-08-31 07:30,TX30,436.11,100,43590,21,0.05,0,21,0.05,-62,-0.14,-2388,-2.39,2
2703,Entry long,2023-08-31 07:00,C0|L|MKT|15|v0.3.0-tier0|SPY,435.9,100,43590,21,0.05,0,21,0.05,-62,-0.14,-2388,-2.39,2
2704,Exit short,2023-09-05 07:45,TX30,433.34,100,43313,-21,-0.05,0,39,0.09,-80,-0.18,-2409,-2.41,2
2704,Entry short,2023-09-05 07:15,C0|S|MKT|15|v0.3.0-tier0|SPY,433.13,100,43313,-21,-0.05,0,39,0.09,-80,-0.18,-2409,-2.41,2
2705,Exit short,2023-09-06 07:45,TX30,429.84,100,43041,57,0.13,0,73,0.17,-52,-0.12,-2352,-2.35,2
2705,Entry short,2023-09-06 07:15,C0|S|MKT|15|v0.3.0-tier0|SPY,430.41,100,43041,57,0.13,0,73,0.17,-52,-0.12,-2352,-2.35,2
2706,Exit long,2023-09-08 07:45,TX30,430.1,100,43009,1,0.00,0,66,0.15,-27,-0.06,-2351,-2.35,2
2706,Entry long,2023-09-08 07:15,C0|L|MKT|15|v0.3.0-tier0|SPY,430.09,100,43009,1,0.00,0,66,0.15,-27,-0.06,-2351,-2.35,2
2707,Exit short,2023-09-11 07:30,TX30,431.41,100,43062,-79,-0.18,0,26,0.06,-85,-0.20,-2430,-2.43,2
2707,Entry short,2023-09-11 07:00,C0|S|MKT|15|v0.3.0-tier0|SPY,430.62,100,43062,-79,-0.18,0,26,0.06,-85,-0.20,-2430,-2.43,2
2708,Exit short,2023-09-12 08:00,TX30,429.91,100,43028,37,0.09,0,39,0.09,-30,-0.07,-2393,-2.39,2
2708,Entry short,2023-09-12 07:30,C0|S|MKT|15|v0.3.0-tier0|SPY,430.28,100,43028,37,0.09,0,39,0.09,-30,-0.07,-2393,-2.39,2
2709,Exit short,2023-09-13 07:45,TX30,430.46,100,42918,-128,-0.30,0,39,0.09,-154,-0.36,-2521,-2.52,2
2709,Entry short,2023-09-13 07:15,C0|S|MKT|15|v0.3.0-tier0|SPY,429.18,100,42918,-128,-0.30,0,39,0.09,-154,-0.36,-2521,-2.52,2
2710,Exit short,2023-09-14 07:45,TX30,432.73,100,43173,-100,-0.23,0,41,0.09,-102,-0.24,-2621,-2.62,2
2710,Entry short,2023-09-14 07:15,C0|S|MKT|15|v0.3.0-tier0|SPY,431.73,100,43173,-100,-0.23,0,41,0.09,-102,-0.24,-2621,-2.62,2
2711,Exit short,2023-09-15 07:30,TX30,431.19,100,43158,39,0.09,0,79,0.18,-52,-0.12,-2582,-2.58,2
2711,Entry short,2023-09-15 07:00,C0|S|MKT|15|v0.3.0-tier0|SPY,431.58,100,43158,39,0.09,0,79,0.18,-52,-0.12,-2582,-2.58,2
2712,Exit short,2023-09-19 07:30,TX30,426.96,100,42751,55,0.13,0,106,0.25,-4,-0.01,-2527,-2.53,2
2712,Entry short,2023-09-19 07:00,C0|S|MKT|15|v0.3.0-tier0|SPY,427.51,100,42751,55,0.13,0,106,0.25,-4,-0.01,-2527,-2.53,2
2713,Exit short,2023-09-21 07:30,TX30,420.26,100,41973,-53,-0.13,0,13,0.03,-138,-0.33,-2580,-2.58,2
2713,Entry short,2023-09-21 07:00,C0|S|MKT|15|v0.3.0-tier0|SPY,419.73,100,41973,-53,-0.13,0,13,0.03,-138,-0.33,-2580,-2.58,2
2714,Exit long,2023-09-22 08:00,TX30,419.27,100,41839,88,0.21,0,101,0.24,0,0.00,-2492,-2.49,2
2714,Entry long,2023-09-22 07:30,C0|L|MKT|15|v0.3.0-tier0|SPY,418.39,100,41839,88,0.21,0,101,0.24,0,0.00,-2492,-2.49,2
2715,Exit long,2023-09-25 07:30,TX30,415.24,100,41627,-103,-0.25,0,13,0.03,-129,-0.31,-2595,-2.59,2
2715,Entry long,2023-09-25 07:00,C0|L|MKT|15|v0.3.0-tier0|SPY,416.27,100,41627,-103,-0.25,0,13,0.03,-129,-0.31,-2595,-2.59,2
2716,Exit short,2023-09-26 07:30,TX30,413.72,100,41446,74,0.18,0,164,0.40,-24,-0.06,-2521,-2.52,2
2716,Entry short,2023-09-26 07:00,C0|S|MKT|15|v0.3.0-tier0|SPY,414.46,100,41446,74,0.18,0,164,0.40,-24,-0.06,-2521,-2.52,2
2717,Exit short,2023-09-27 07:45,TX30,412.17,100,41176,-41,-0.10,0,4,0.01,-108,-0.26,-2562,-2.56,2
2717,Entry short,2023-09-27 07:15,C0|S|MKT|15|v0.3.0-tier0|SPY,411.76,100,41176,-41,-0.10,0,4,0.01,-108,-0.26,-2562,-2.56,2
2718,Exit long,2023-09-28 07:30,TX30,412.23,100,41257,-34,-0.08,0,49,0.12,-75,-0.18,-2596,-2.60,2
2718,Entry long,2023-09-28 07:00,C0|L|MKT|15|v0.3.0-tier0|SPY,412.57,100,41257,-34,-0.08,0,49,0.12,-75,-0.18,-2596,-2.60,2
2719,Exit short,2023-09-29 08:00,TX30,416.26,100,41607,-19,-0.05,0,7,0.02,-90,-0.22,-2615,-2.61,2
2719,Entry short,2023-09-29 07:30,C0|S|MKT|15|v0.3.0-tier0|SPY,416.07,100,41607,-19,-0.05,0,7,0.02,-90,-0.22,-2615,-2.61,2
2720,Exit long,2023-10-03 07:30,TX30,408.49,100,41215,-366,-0.89,0,4,0.01,-378,-0.92,-2981,-2.98,2
2720,Entry long,2023-10-03 07:00,C0|L|MKT|15|v0.3.0-tier0|SPY,412.15,100,41215,-366,-0.89,0,4,0.01,-378,-0.92,-2981,-2.98,2
2721,Exit short,2023-10-04 07:45,TX30,408,100,40786,-14,-0.03,0,126,0.31,-70,-0.17,-2995,-2.99,2
2721,Entry short,2023-10-04 07:15,C0|S|MKT|15|v0.3.0-tier0|SPY,407.86,100,40786,-14,-0.03,0,126,0.31,-70,-0.17,-2995,-2.99,2
2722,Exit short,2023-10-05 07:45,TX30,408.09,100,40922,113,0.28,0,157,0.38,-49,-0.12,-2882,-2.88,2
2722,Entry short,2023-10-05 07:15,C0|S|MKT|15|v0.3.0-tier0|SPY,409.22,100,40922,113,0.28,0,157,0.38,-49,-0.12,-2882,-2.88,2
2723,Exit long,2023-10-09 07:30,TX30,414.09,100,41460,-51,-0.12,0,28,0.07,-110,-0.27,-2933,-2.93,2
2723,Entry long,2023-10-09 07:00,C0|L|MKT|15|v0.3.0-tier0|SPY,414.6,100,41460,-51,-0.12,0,28,0.07,-110,-0.27,-2933,-2.93,2
2724,Exit long,2023-10-10 07:30,TX30,420.61,100,41923,138,0.33,0,157,0.37,0,0.00,-2795,-2.79,2
2724,Entry long,2023-10-10 07:00,C0|L|MKT|15|v0.3.0-tier0|SPY,419.23,100,41923,138,0.33,0,157,0.37,0,0.00,-2795,-2.79,2
2725,Exit short,2023-10-11 07:30,TX30,420.58,100,42107,49,0.12,0,82,0.19,-9,-0.02,-2746,-2.75,2
2725,Entry short,2023-10-11 07:00,C0|S|MKT|15|v0.3.0-tier0|SPY,421.07,100,42107,49,0.12,0,82,0.19,-9,-0.02,-2746,-2.75,2
2726,Exit short,2023-10-12 07:30,TX30,421.45,100,42097,-48,-0.11,0,43,0.10,-123,-0.29,-2794,-2.79,2
2726,Entry short,2023-10-12 07:00,C0|S|MKT|15|v0.3.0-tier0|SPY,420.97,100,42097,-48,-0.11,0,43,0.10,-123,-0.29,-2794,-2.79,2
2727,Exit short,2023-10-13 07:45,TX30,419.84,100,42001,17,0.04,0,46,0.11,-64,-0.15,-2777,-2.78,2
2727,Entry short,2023-10-13 07:15,C0|S|MKT|15|v0.3.0-tier0|SPY,420.01,100,42001,17,0.04,0,46,0.11,-64,-0.15,-2777,-2.78,2
2728,Exit long,2023-10-16 07:45,TX30,421.89,100,42056,133,0.32,0,166,0.39,-12,-0.03,-2644,-2.64,2
2728,Entry long,2023-10-16 07:15,C0|L|MKT|15|v0.3.0-tier0|SPY,420.56,100,42056,133,0.32,0,166,0.39,-12,-0.03,-2644,-2.64,2
2729,Exit short,2023-10-17 07:30,TX30,420.27,100,41834,-193,-0.46,0,10,0.02,-244,-0.58,-2837,-2.84,2
2729,Entry short,2023-10-17 07:00,C0|S|MKT|15|v0.3.0-tier0|SPY,418.34,100,41834,-193,-0.46,0,10,0.02,-244,-0.58,-2837,-2.84,2
2730,Exit short,2023-10-18 08:00,TX30,418.19,100,41917,98,0.23,0,131,0.31,-17,-0.04,-2739,-2.74,2
2730,Entry short,2023-10-18 07:30,C0|S|MKT|15|v0.3.0-tier0|SPY,419.17,100,41917,98,0.23,0,131,0.31,-17,-0.04,-2739,-2.74,2
2731,Exit short,2023-10-19 08:00,TX30,414.73,100,41477,4,0.01,0,33,0.08,-59,-0.14,-2735,-2.73,2
2731,Entry short,2023-10-19 07:30,C0|S|MKT|15|v0.3.0-tier0|SPY,414.77,100,41477,4,0.01,0,33,0.08,-59,-0.14,-2735,-2.73,2
2732,Exit short,2023-10-20 07:30,TX30,409.29,100,41096,167,0.41,0,175,0.43,-35,-0.09,-2568,-2.57,2
2732,Entry short,2023-10-20 07:00,C0|S|MKT|15|v0.3.0-tier0|SPY,410.96,100,41096,167,0.41,0,175,0.43,-35,-0.09,-2568,-2.57,2
2733,Exit long,2023-10-23 07:30,TX30,406.84,100,40667,17,0.04,0,97,0.24,-38,-0.09,-2551,-2.55,2
2733,Entry long,2023-10-23 07:00,C0|L|MKT|15|v0.3.0-tier0|SPY,406.67,100,40667,17,0.04,0,97,0.24,-38,-0.09,-2551,-2.55,2
2734,Exit long,2023-10-24 08:00,TX30,410.11,100,41032,-21,-0.05,0,39,0.10,-54,-0.13,-2572,-2.57,2
2734,Entry long,2023-10-24 07:30,C0|L|MKT|15|v0.3.0-tier0|SPY,410.32,100,41032,-21,-0.05,0,39,0.10,-54,-0.13,-2572,-2.57,2
2735,Exit short,2023-10-25 07:45,TX30,406.25,100,40539,-86,-0.21,0,28,0.07,-132,-0.33,-2658,-2.66,2
2735,Entry short,2023-10-25 07:15,C0|S|MKT|15|v0.3.0-tier0|SPY,405.39,100,40539,-86,-0.21,0,28,0.07,-132,-0.33,-2658,-2.66,2
2736,Exit short,2023-10-26 07:30,TX30,401.61,100,40160,-1,0.00,0,91,0.23,-39,-0.10,-2659,-2.66,2
2736,Entry short,2023-10-26 07:00,C0|S|MKT|15|v0.3.0-tier0|SPY,401.6,100,40160,-1,0.00,0,91,0.23,-39,-0.10,-2659,-2.66,2
2737,Exit short,2023-10-27 08:00,TX30,399.79,100,39928,-51,-0.13,0,108,0.27,-59,-0.15,-2710,-2.71,2
2737,Entry short,2023-10-27 07:30,C0|S|MKT|15|v0.3.0-tier0|SPY,399.28,100,39928,-51,-0.13,0,108,0.27,-59,-0.15,-2710,-2.71,2
2738,Exit short,2023-10-30 08:00,TX30,399.33,100,39928,-5,-0.01,0,75,0.19,-54,-0.14,-2715,-2.71,2
2738,Entry short,2023-10-30 07:30,C0|S|MKT|15|v0.3.0-tier0|SPY,399.28,100,39928,-5,-0.01,0,75,0.19,-54,-0.14,-2715,-2.71,2
2739,Exit long,2023-11-01 07:30,TX30,407.18,100,40556,162,0.40,0,191,0.47,-31,-0.08,-2553,-2.55,2
2739,Entry long,2023-11-01 07:00,C0|L|MKT|15|v0.3.0-tier0|SPY,405.56,100,40556,162,0.40,0,191,0.47,-31,-0.08,-2553,-2.55,2
2740,Exit long,2023-11-02 08:00,TX30,415.07,100,41401,106,0.26,0,106,0.26,-5,-0.01,-2447,-2.45,2
2740,Entry long,2023-11-02 07:30,C0|L|MKT|15|v0.3.0-tier0|SPY,414.01,100,41401,106,0.26,0,106,0.26,-5,-0.01,-2447,-2.45,2
2741,Exit long,2023-11-03 07:30,TX30,419.46,100,42024,-78,-0.19,0,78,0.19,-119,-0.28,-2525,-2.53,2
2741,Entry long,2023-11-03 07:00,C0|L|MKT|15|v0.3.0-tier0|SPY,420.24,100,42024,-78,-0.19,0,78,0.19,-119,-0.28,-2525,-2.53,2
2742,Exit short,2023-11-06 07:45,TX30,421.08,100,42034,-74,-0.18,0,0,0.00,-107,-0.25,-2599,-2.60,2
2742,Entry short,2023-11-06 07:15,C0|S|MKT|15|v0.3.0-tier0|SPY,420.34,100,42034,-74,-0.18,0,0,0.00,-107,-0.25,-2599,-2.60,2
2743,Exit long,2023-11-07 08:00,TX30,422.66,100,42196,70,0.17,0,96,0.23,-12,-0.03,-2529,-2.53,2
2743,Entry long,2023-11-07 07:30,C0|L|MKT|15|v0.3.0-tier0|SPY,421.96,100,42196,70,0.17,0,96,0.23,-12,-0.03,-2529,-2.53,2
2744,Exit short,2023-11-08 07:45,TX30,422.58,100,42274,16,0.04,0,63,0.15,-11,-0.03,-2513,-2.51,2
2744,Entry short,2023-11-08 07:15,C0|S|MKT|15|v0.3.0-tier0|SPY,422.74,100,42274,16,0.04,0,63,0.15,-11,-0.03,-2513,-2.51,2
2745,Exit short,2023-11-09 07:45,TX30,422.12,100,42239,27,0.06,0,79,0.19,-7,-0.02,-2486,-2.49,2
2745,Entry short,2023-11-09 07:15,C0|S|MKT|15|v0.3.0-tier0|SPY,422.39,100,42239,27,0.06,0,79,0.19,-7,-0.02,-2486,-2.49,2
2746,Exit short,2023-11-10 08:00,TX30,420.92,100,42036,-56,-0.13,0,35,0.08,-59,-0.14,-2542,-2.54,2
2746,Entry short,2023-11-10 07:30,C0|S|MKT|15|v0.3.0-tier0|SPY,420.36,100,42036,-56,-0.13,0,35,0.08,-59,-0.14,-2542,-2.54,2
2747,Exit long,2023-11-14 07:30,TX30,433.96,100,43306,90,0.21,0,92,0.21,-30,-0.07,-2452,-2.45,2
2747,Entry long,2023-11-14 07:00,C0|L|MKT|15|v0.3.0-tier0|SPY,433.06,100,43306,90,0.21,0,92,0.21,-30,-0.07,-2452,-2.45,2
2748,Exit long,2023-11-16 07:30,TX30,435.01,100,43542,-41,-0.09,0,18,0.04,-104,-0.24,-2493,-2.49,2
2748,Entry long,2023-11-16 07:00,C0|L|MKT|15|v0.3.0-tier0|SPY,435.42,100,43542,-41,-0.09,0,18,0.04,-104,-0.24,-2493,-2.49,2
2749,Exit long,2023-11-20 07:30,TX30,436.95,100,43715,-20,-0.05,0,16,0.04,-68,-0.16,-2513,-2.51,2
2749,Entry long,2023-11-20 07:00,C0|L|MKT|15|v0.3.0-tier0|SPY,437.15,100,43715,-20,-0.05,0,16,0.04,-68,-0.16,-2513,-2.51,2
2750,Exit short,2023-11-21 07:30,TX30,437.15,100,43779,64,0.15,0,76,0.17,-33,-0.08,-2449,-2.45,2
2750,Entry short,2023-11-21 07:00,C0|S|MKT|15|v0.3.0-tier0|SPY,437.79,100,43779,64,0.15,0,76,0.17,-33,-0.08,-2449,-2.45,2
2751,Exit short,2023-11-22 07:45,TX30,440.2,100,43934,-86,-0.20,0,52,0.12,-107,-0.24,-2535,-2.53,2
2751,Entry short,2023-11-22 07:15,C0|S|MKT|15|v0.3.0-tier0|SPY,439.34,100,43934,-86,-0.20,0,52,0.12,-107,-0.24,-2535,-2.53,2
2752,Exit long,2023-11-29 07:30,TX30,441.33,100,44291,-158,-0.36,0,13,0.03,-193,-0.44,-2693,-2.69,2
2752,Entry long,2023-11-29 07:00,C0|L|MKT|15|v0.3.0-tier0|SPY,442.91,100,44291,-158,-0.36,0,13,0.03,-193,-0.44,-2693,-2.69,2
2753,Exit long,2023-12-01 07:30,TX30,440.54,100,44101,-47,-0.11,0,94,0.21,-54,-0.12,-2740,-2.74,2
2753,Entry long,2023-12-01 07:00,C0|L|MKT|15|v0.3.0-tier0|SPY,441.01,100,44101,-47,-0.11,0,94,0.21,-54,-0.12,-2740,-2.74,2
2754,Exit short,2023-12-04 08:00,TX30,439.46,100,43971,25,0.06,0,44,0.10,-26,-0.06,-2715,-2.71,2
2754,Entry short,2023-12-04 07:30,C0|S|MKT|15|v0.3.0-tier0|SPY,439.71,100,43971,25,0.06,0,44,0.10,-26,-0.06,-2715,-2.71,2
2755,Exit long,2023-12-05 07:45,TX30,441.66,100,44094,72,0.16,0,79,0.18,-32,-0.07,-2643,-2.64,2
2755,Entry long,2023-12-05 07:15,C0|L|MKT|15|v0.3.0-tier0|SPY,440.94,100,44094,72,0.16,0,79,0.18,-32,-0.07,-2643,-2.64,2
2756,Exit short,2023-12-06 08:00,TX30,442.02,100,44195,-7,-0.02,0,15,0.03,-42,-0.10,-2650,-2.65,2
2756,Entry short,2023-12-06 07:30,C0|S|MKT|15|v0.3.0-tier0|SPY,441.95,100,44195,-7,-0.02,0,15,0.03,-42,-0.10,-2650,-2.65,2
2757,Exit short,2023-12-07 07:30,TX30,442.77,100,44130,-147,-0.33,0,5,0.01,-150,-0.34,-2797,-2.80,2
2757,Entry short,2023-12-07 07:00,C0|S|MKT|15|v0.3.0-tier0|SPY,441.3,100,44130,-147,-0.33,0,5,0.01,-150,-0.34,-2797,-2.80,2
2758,Exit long,2023-12-08 07:45,TX30,443.66,100,44465,-99,-0.22,0,47,0.11,-129,-0.29,-2896,-2.90,2
2758,Entry long,2023-12-08 07:15,C0|L|MKT|15|v0.3.0-tier0|SPY,444.65,100,44465,-99,-0.22,0,47,0.11,-129,-0.29,-2896,-2.90,2
2759,Exit long,2023-12-11 07:30,TX30,444.93,100,44511,-18,-0.04,0,18,0.04,-43,-0.10,-2914,-2.91,2
2759,Entry long,2023-12-11 07:00,C0|L|MKT|15|v0.3.0-tier0|SPY,445.11,100,44511,-18,-0.04,0,18,0.04,-43,-0.10,-2914,-2.91,2
2760,Exit long,2023-12-12 07:45,TX30,446.96,100,44655,41,0.09,0,57,0.13,-2,0.00,-2873,-2.87,2
2760,Entry long,2023-12-12 07:15,C0|L|MKT|15|v0.3.0-tier0|SPY,446.55,100,44655,41,0.09,0,57,0.13,-2,0.00,-2873,-2.87,2
2761,Exit long,2023-12-15 08:00,TX30,456.55,100,45631,24,0.05,0,45,0.10,-25,-0.05,-2849,-2.85,2
2761,Entry long,2023-12-15 07:30,C0|L|MKT|15|v0.3.0-tier0|SPY,456.31,100,45631,24,0.05,0,45,0.10,-25,-0.05,-2849,-2.85,2
2762,Exit long,2023-12-18 07:45,TX30,457.64,100,45766,-2,0.00,0,40,0.09,-9,-0.02,-2851,-2.85,2
2762,Entry long,2023-12-18 07:15,C0|L|MKT|15|v0.3.0-tier0|SPY,457.66,100,45766,-2,0.00,0,40,0.09,-9,-0.02,-2851,-2.85,2
2763,Exit long,2023-12-19 07:30,TX30,459.97,100,45964,33,0.07,0,51,0.11,-45,-0.10,-2818,-2.82,2
2763,Entry long,2023-12-19 07:00,C0|L|MKT|15|v0.3.0-tier0|SPY,459.64,100,45964,33,0.07,0,51,0.11,-45,-0.10,-2818,-2.82,2
2764,Exit long,2023-12-20 07:30,TX30,461.23,100,46072,51,0.11,0,59,0.13,-6,-0.01,-2767,-2.77,2
2764,Entry long,2023-12-20 07:00,C0|L|MKT|15|v0.3.0-tier0|SPY,460.72,100,46072,51,0.11,0,59,0.13,-6,-0.01,-2767,-2.77,2
2765,Exit short,2023-12-21 08:00,TX30,457.35,100,45742,7,0.02,0,36,0.08,-57,-0.12,-2760,-2.76,2
2765,Entry short,2023-12-21 07:30,C0|S|MKT|15|v0.3.0-tier0|SPY,457.42,100,45742,7,0.02,0,36,0.08,-57,-0.12,-2760,-2.76,2
2766,Exit long,2023-12-22 08:00,TX30,460.27,100,46124,-97,-0.21,0,13,0.03,-99,-0.21,-2857,-2.86,2
2766,Entry long,2023-12-22 07:30,C0|L|MKT|15|v0.3.0-tier0|SPY,461.24,100,46124,-97,-0.21,0,13,0.03,-99,-0.21,-2857,-2.86,2
2767,Exit long,2023-12-26 07:45,TX30,461.05,100,46098,7,0.02,0,30,0.07,-11,-0.02,-2850,-2.85,2
2767,Entry long,2023-12-26 07:15,C0|L|MKT|15|v0.3.0-tier0|SPY,460.98,100,46098,7,0.02,0,30,0.07,-11,-0.02,-2850,-2.85,2
2768,Exit short,2024-01-03 07:30,TX30,455.74,100,45616,42,0.09,0,67,0.15,-99,-0.22,-2808,-2.81,2
2768,Entry short,2024-01-03 07:00,C0|S|MKT|15|v0.3.0-tier0|SPY,456.16,100,45616,42,0.09,0,67,0.15,-99,-0.22,-2808,-2.81,2
2769,Exit long,2024-01-04 07:45,TX30,456.28,100,45633,-5,-0.01,0,4,0.01,-55,-0.12,-2813,-2.81,2
2769,Entry long,2024-01-04 07:15,C0|L|MKT|15|v0.3.0-tier0|SPY,456.33,100,45633,-5,-0.01,0,4,0.01,-55,-0.12,-2813,-2.81,2
2770,Exit long,2024-01-05 07:45,TX30,456.31,100,45596,35,0.08,0,39,0.09,-54,-0.12,-2778,-2.78,2
2770,Entry long,2024-01-05 07:15,C0|L|MKT|15|v0.3.0-tier0|SPY,455.96,100,45596,35,0.08,0,39,0.09,-54,-0.12,-2778,-2.78,2
2771,Exit long,2024-01-08 07:30,TX30,456.21,100,45602,19,0.04,0,24,0.05,-40,-0.09,-2759,-2.76,2
2771,Entry long,2024-01-08 07:00,C0|L|MKT|15|v0.3.0-tier0|SPY,456.02,100,45602,19,0.04,0,24,0.05,-40,-0.09,-2759,-2.76,2
2772,Exit long,2024-01-09 07:45,TX30,458.86,100,45871,15,0.03,0,39,0.09,-26,-0.06,-2744,-2.74,2
2772,Entry long,2024-01-09 07:15,C0|L|MKT|15|v0.3.0-tier0|SPY,458.71,100,45871,15,0.03,0,39,0.09,-26,-0.06,-2744,-2.74,2
2773,Exit short,2024-01-11 07:30,TX30,461.08,100,46237,129,0.28,0,266,0.58,-6,-0.01,-2615,-2.61,2
2773,Entry short,2024-01-11 07:00,C0|S|MKT|15|v0.3.0-tier0|SPY,462.37,100,46237,129,0.28,0,266,0.58,-6,-0.01,-2615,-2.61,2
2774,Exit short,2024-01-12 07:30,TX30,462.6,100,46319,59,0.13,0,122,0.26,-33,-0.07,-2556,-2.56,2
2774,Entry short,2024-01-12 07:00,C0|S|MKT|15|v0.3.0-tier0|SPY,463.19,100,46319,59,0.13,0,122,0.26,-33,-0.07,-2556,-2.56,2
2775,Exit long,2024-01-16 08:00,TX30,462.28,100,46200,28,0.06,0,63,0.14,-33,-0.07,-2528,-2.53,2
2775,Entry long,2024-01-16 07:30,C0|L|MKT|15|v0.3.0-tier0|SPY,462,100,46200,28,0.06,0,63,0.14,-33,-0.07,-2528,-2.53,2
2776,Exit long,2024-01-17 07:45,TX30,458.1,100,45830,-20,-0.04,0,19,0.04,-79,-0.17,-2548,-2.55,2
2776,Entry long,2024-01-17 07:15,C0|L|MKT|15|v0.3.0-tier0|SPY,458.3,100,45830,-20,-0.04,0,19,0.04,-79,-0.17,-2548,-2.55,2
2777,Exit long,2024-01-22 07:30,TX30,470.22,100,47082,-60,-0.13,0,19,0.04,-75,-0.16,-2608,-2.61,2
2777,Entry long,2024-01-22 07:00,C0|L|MKT|15|v0.3.0-tier0|SPY,470.82,100,47082,-60,-0.13,0,19,0.04,-75,-0.16,-2608,-2.61,2
2778,Exit short,2024-01-24 07:30,TX30,473.24,100,47283,-41,-0.09,0,67,0.14,-45,-0.10,-2649,-2.65,2
2778,Entry short,2024-01-24 07:00,C0|S|MKT|15|v0.3.0-tier0|SPY,472.83,100,47283,-41,-0.09,0,67,0.14,-45,-0.10,-2649,-2.65,2
2779,Exit long,2024-01-25 08:00,TX30,472.92,100,47380,-88,-0.19,0,8,0.02,-119,-0.25,-2737,-2.74,2
2779,Entry long,2024-01-25 07:30,C0|L|MKT|15|v0.3.0-tier0|SPY,473.8,100,47380,-88,-0.19,0,8,0.02,-119,-0.25,-2737,-2.74,2
2780,Exit long,2024-01-30 07:30,TX30,476.37,100,47693,-56,-0.12,0,4,0.01,-95,-0.20,-2793,-2.79,2
2780,Entry long,2024-01-30 07:00,C0|L|MKT|15|v0.3.0-tier0|SPY,476.93,100,47693,-56,-0.12,0,4,0.01,-95,-0.20,-2793,-2.79,2
2781,Exit short,2024-01-31 07:30,TX30,473.03,100,47348,45,0.10,0,57,0.12,-7,-0.01,-2748,-2.75,2
2781,Entry short,2024-01-31 07:00,C0|S|MKT|15|v0.3.0-tier0|SPY,473.48,100,47348,45,0.10,0,57,0.12,-7,-0.01,-2748,-2.75,2
2782,Exit long,2024-02-01 07:45,TX30,471.47,100,47152,-5,-0.01,0,45,0.10,-73,-0.15,-2753,-2.75,2
2782,Entry long,2024-02-01 07:15,C0|L|MKT|15|v0.3.0-tier0|SPY,471.52,100,47152,-5,-0.01,0,45,0.10,-73,-0.15,-2753,-2.75,2
2783,Exit long,2024-02-02 07:30,TX30,476.48,100,47610,38,0.08,0,85,0.18,-45,-0.09,-2715,-2.71,2
2783,Entry long,2024-02-02 07:00,C0|L|MKT|15|v0.3.0-tier0|SPY,476.1,100,47610,38,0.08,0,85,0.18,-45,-0.09,-2715,-2.71,2
2784,Exit short,2024-02-05 07:45,TX30,476.15,100,47762,147,0.31,0,167,0.35,-1,0.00,-2568,-2.57,2
2784,Entry short,2024-02-05 07:15,C0|S|MKT|15|v0.3.0-tier0|SPY,477.62,100,47762,147,0.31,0,167,0.35,-1,0.00,-2568,-2.57,2
2785,Exit short,2024-02-06 07:30,TX30,478.06,100,47856,50,0.10,0,92,0.19,-4,-0.01,-2518,-2.52,2
2785,Entry short,2024-02-06 07:00,C0|S|MKT|15|v0.3.0-tier0|SPY,478.56,100,47856,50,0.10,0,92,0.19,-4,-0.01,-2518,-2.52,2
2786,Exit long,2024-02-07 07:45,TX30,482.94,100,48230,64,0.13,0,115,0.24,-14,-0.03,-2454,-2.45,2
2786,Entry long,2024-02-07 07:15,C0|L|MKT|15|v0.3.0-tier0|SPY,482.3,100,48230,64,0.13,0,115,0.24,-14,-0.03,-2454,-2.45,2
2787,Exit long,2024-02-09 07:30,TX30,485.01,100,48488,13,0.03,0,28,0.06,-36,-0.07,-2441,-2.44,2
2787,Entry long,2024-02-09 07:00,C0|L|MKT|15|v0.3.0-tier0|SPY,484.88,100,48488,13,0.03,0,28,0.06,-36,-0.07,-2441,-2.44,2
2788,Exit short,2024-02-13 07:30,TX30,480.4,100,47936,-104,-0.22,0,59,0.12,-104,-0.22,-2545,-2.54,2
2788,Entry short,2024-02-13 07:00,C0|S|MKT|15|v0.3.0-tier0|SPY,479.36,100,47936,-104,-0.22,0,59,0.12,-104,-0.22,-2545,-2.54,2
2789,Exit long,2024-02-14 08:00,TX30,481.44,100,48314,-170,-0.35,0,19,0.04,-172,-0.36,-2715,-2.71,2
2789,Entry long,2024-02-14 07:30,C0|L|MKT|15|v0.3.0-tier0|SPY,483.14,100,48314,-170,-0.35,0,19,0.04,-172,-0.36,-2715,-2.71,2
2790,Exit long,2024-02-15 07:45,TX30,484.97,100,48553,-56,-0.12,0,38,0.08,-85,-0.18,-2771,-2.77,2
2790,Entry long,2024-02-15 07:15,C0|L|MKT|15|v0.3.0-tier0|SPY,485.53,100,48553,-56,-0.12,0,38,0.08,-85,-0.18,-2771,-2.77,2
2791,Exit short,2024-02-16 07:30,TX30,485.6,100,48502,-58,-0.12,0,87,0.18,-82,-0.17,-2829,-2.83,2
2791,Entry short,2024-02-16 07:00,C0|S|MKT|15|v0.3.0-tier0|SPY,485.02,100,48502,-58,-0.12,0,87,0.18,-82,-0.17,-2829,-2.83,2
2792,Exit short,2024-02-20 07:45,TX30,481.72,100,48142,-30,-0.06,0,19,0.04,-71,-0.15,-2859,-2.86,2
2792,Entry short,2024-02-20 07:15,C0|S|MKT|15|v0.3.0-tier0|SPY,481.42,100,48142,-30,-0.06,0,19,0.04,-71,-0.15,-2859,-2.86,2
2793,Exit long,2024-02-22 07:30,TX30,490.54,100,49021,33,0.07,0,37,0.08,-39,-0.08,-2826,-2.83,2
2793,Entry long,2024-02-22 07:00,C0|L|MKT|15|v0.3.0-tier0|SPY,490.21,100,49021,33,0.07,0,37,0.08,-39,-0.08,-2826,-2.83,2
2794,Exit short,2024-02-26 07:45,TX30,493.01,100,49308,7,0.01,0,27,0.05,-34,-0.07,-2819,-2.82,2
2794,Entry short,2024-02-26 07:15,C0|S|MKT|15|v0.3.0-tier0|SPY,493.08,100,49308,7,0.01,0,27,0.05,-34,-0.07,-2819,-2.82,2
2795,Exit short,2024-02-29 07:45,TX30,492.35,100,49214,-21,-0.04,0,12,0.02,-83,-0.17,-2840,-2.84,2
2795,Entry short,2024-02-29 07:15,C0|S|MKT|15|v0.3.0-tier0|SPY,492.14,100,49214,-21,-0.04,0,12,0.02,-83,-0.17,-2840,-2.84,2
2796,Exit long,2024-03-01 07:45,TX30,495.28,100,49492,36,0.07,0,60,0.12,-15,-0.03,-2804,-2.80,2
2796,Entry long,2024-03-01 07:15,C0|L|MKT|15|v0.3.0-tier0|SPY,494.92,100,49492,36,0.07,0,60,0.12,-15,-0.03,-2804,-2.80,2
2797,Exit short,2024-03-05 07:45,TX30,493.02,100,49414,112,0.23,0,133,0.27,-21,-0.04,-2692,-2.69,2
2797,Entry short,2024-03-05 07:15,C0|S|MKT|15|v0.3.0-tier0|SPY,494.14,100,49414,112,0.23,0,133,0.27,-21,-0.04,-2692,-2.69,2
2798,Exit short,2024-03-06 07:45,TX30,494.73,100,49422,-51,-0.10,0,7,0.01,-85,-0.17,-2743,-2.74,2
2798,Entry short,2024-03-06 07:15,C0|S|MKT|15|v0.3.0-tier0|SPY,494.22,100,49422,-51,-0.10,0,7,0.01,-85,-0.17,-2743,-2.74,2
2799,Exit long,2024-03-07 07:45,TX30,499.62,100,49865,97,0.19,0,104,0.21,-5,-0.01,-2646,-2.65,2
2799,Entry long,2024-03-07 07:15,C0|L|MKT|15|v0.3.0-tier0|SPY,498.65,100,49865,97,0.19,0,104,0.21,-5,-0.01,-2646,-2.65,2
2800,Exit long,2024-03-08 07:30,TX30,502.81,100,50260,21,0.04,0,45,0.09,-24,-0.05,-2625,-2.62,2
2800,Entry long,2024-03-08 07:00,C0|L|MKT|15|v0.3.0-tier0|SPY,502.6,100,50260,21,0.04,0,45,0.09,-24,-0.05,-2625,-2.62,2
2801,Exit short,2024-03-11 07:30,TX30,494.09,100,49452,43,0.09,0,91,0.18,-19,-0.04,-2582,-2.58,2
2801,Entry short,2024-03-11 07:00,C0|S|MKT|15|v0.3.0-tier0|SPY,494.52,100,49452,43,0.09,0,91,0.18,-19,-0.04,-2582,-2.58,2
2802,Exit long,2024-03-12 08:00,TX30,500.82,100,49998,84,0.17,0,138,0.28,0,0.00,-2498,-2.50,2
2802,Entry long,2024-03-12 07:30,C0|L|MKT|15|v0.3.0-tier0|SPY,499.98,100,49998,84,0.17,0,138,0.28,0,0.00,-2498,-2.50,2
2803,Exit short,2024-03-13 07:30,TX30,501.3,100,50097,-33,-0.07,0,41,0.08,-49,-0.10,-2531,-2.53,2
2803,Entry short,2024-03-13 07:00,C0|S|MKT|15|v0.3.0-tier0|SPY,500.97,100,50097,-33,-0.07,0,41,0.08,-49,-0.10,-2531,-2.53,2
2804,Exit short,2024-03-14 07:30,TX30,499.98,100,49894,-104,-0.21,0,62,0.12,-128,-0.26,-2635,-2.63,2
2804,Entry short,2024-03-14 07:00,C0|S|MKT|15|v0.3.0-tier0|SPY,498.94,100,49894,-104,-0.21,0,62,0.12,-128,-0.26,-2635,-2.63,2
2805,Exit short,2024-03-18 07:30,TX30,501.65,100,50034,-131,-0.26,0,2,0.00,-159,-0.32,-2766,-2.77,2
2805,Entry short,2024-03-18 07:00,C0|S|MKT|15|v0.3.0-tier0|SPY,500.34,100,50034,-131,-0.26,0,2,0.00,-159,-0.32,-2766,-2.77,2
2806,Exit long,2024-03-20 08:00,TX30,502.34,100,50278,-44,-0.09,0,10,0.02,-77,-0.15,-2810,-2.81,2
2806,Entry long,2024-03-20 07:30,C0|L|MKT|15|v0.3.0-tier0|SPY,502.78,100,50278,-44,-0.09,0,10,0.02,-77,-0.15,-2810,-2.81,2
2807,Exit short,2024-03-22 07:45,TX30,507.51,100,50801,50,0.10,0,50,0.10,-27,-0.05,-2760,-2.76,2
2807,Entry short,2024-03-22 07:15,C0|S|MKT|15|v0.3.0-tier0|SPY,508.01,100,50801,50,0.10,0,50,0.10,-27,-0.05,-2760,-2.76,2
2808,Exit long,2024-03-25 07:45,TX30,506.74,100,50698,-24,-0.05,0,23,0.05,-40,-0.08,-2784,-2.78,2
2808,Entry long,2024-03-25 07:15,C0|L|MKT|15|v0.3.0-tier0|SPY,506.98,100,50698,-24,-0.05,0,23,0.05,-40,-0.08,-2784,-2.78,2
2809,Exit short,2024-03-27 07:30,TX30,506.27,100,50722,95,0.19,0,115,0.23,-5,-0.01,-2689,-2.69,2
2809,Entry short,2024-03-27 07:00,C0|S|MKT|15|v0.3.0-tier0|SPY,507.22,100,50722,95,0.19,0,115,0.23,-5,-0.01,-2689,-2.69,2
2810,Exit short,2024-04-01 08:00,TX30,508.61,100,50924,63,0.12,0,86,0.17,-12,-0.02,-2626,-2.63,2
2810,Entry short,2024-04-01 07:30,C0|S|MKT|15|v0.3.0-tier0|SPY,509.24,100,50924,63,0.12,0,86,0.17,-12,-0.02,-2626,-2.63,2
2811,Exit short,2024-04-02 07:45,TX30,503.82,100,50305,-77,-0.15,0,10,0.02,-98,-0.19,-2703,-2.70,2
2811,Entry short,2024-04-02 07:15,C0|S|MKT|15|v0.3.0-tier0|SPY,503.05,100,50305,-77,-0.15,0,10,0.02,-98,-0.19,-2703,-2.70,2
2812,Exit long,2024-04-03 07:45,TX30,506.82,100,50657,25,0.05,0,44,0.09,-18,-0.04,-2678,-2.68,2
2812,Entry long,2024-04-03 07:15,C0|L|MKT|15|v0.3.0-tier0|SPY,506.57,100,50657,25,0.05,0,44,0.09,-18,-0.04,-2678,-2.68,2
2813,Exit short,2024-04-04 07:30,TX30,509.19,100,50911,-8,-0.02,0,36,0.07,-19,-0.04,-2686,-2.69,2
2813,Entry short,2024-04-04 07:00,C0|S|MKT|15|v0.3.0-tier0|SPY,509.11,100,50911,-8,-0.02,0,36,0.07,-19,-0.04,-2686,-2.69,2
2814,Exit long,2024-04-05 07:30,TX30,501.93,100,50237,-44,-0.09,0,50,0.10,-100,-0.20,-2730,-2.73,2
2814,Entry long,2024-04-05 07:00,C0|L|MKT|15|v0.3.0-tier0|SPY,502.37,100,50237,-44,-0.09,0,50,0.10,-100,-0.20,-2730,-2.73,2
2815,Exit long,2024-04-08 08:00,TX30,506.33,100,50588,45,0.09,0,63,0.12,-3,-0.01,-2685,-2.68,2
2815,Entry long,2024-04-08 07:30,C0|L|MKT|15|v0.3.0-tier0|SPY,505.88,100,50588,45,0.09,0,63,0.12,-3,-0.01,-2685,-2.68,2
2816,Exit short,2024-04-09 07:30,TX30,504.01,100,50527,126,0.25,0,144,0.28,-36,-0.07,-2559,-2.56,2
2816,Entry short,2024-04-09 07:00,C0|S|MKT|15|v0.3.0-tier0|SPY,505.27,100,50527,126,0.25,0,144,0.28,-36,-0.07,-2559,-2.56,2
2817,Exit long,2024-04-10 08:00,TX30,500.96,100,50114,-18,-0.04,0,146,0.29,-67,-0.13,-2577,-2.58,2
2817,Entry long,2024-04-10 07:30,C0|L|MKT|15|v0.3.0-tier0|SPY,501.14,100,50114,-18,-0.04,0,146,0.29,-67,-0.13,-2577,-2.58,2
2818,Exit short,2024-04-11 07:45,TX30,499.96,100,49960,-36,-0.07,0,96,0.19,-53,-0.11,-2613,-2.61,2
2818,Entry short,2024-04-11 07:15,C0|S|MKT|15|v0.3.0-tier0|SPY,499.6,100,49960,-36,-0.07,0,96,0.19,-53,-0.11,-2613,-2.61,2
2819,Exit long,2024-04-12 07:30,TX30,500.3,100,50183,-153,-0.30,0,6,0.01,-176,-0.35,-2766,-2.77,2
2819,Entry long,2024-04-12 07:00,C0|L|MKT|15|v0.3.0-tier0|SPY,501.83,100,50183,-153,-0.30,0,6,0.01,-176,-0.35,-2766,-2.77,2
2820,Exit short,2024-04-15 07:45,TX30,498.64,100,49907,43,0.09,0,101,0.20,-88,-0.18,-2723,-2.72,2
2820,Entry short,2024-04-15 07:15,C0|S|MKT|15|v0.3.0-tier0|SPY,499.07,100,49907,43,0.09,0,101,0.20,-88,-0.18,-2723,-2.72,2
2821,Exit short,2024-04-16 08:00,TX30,489.89,100,48995,6,0.01,0,72,0.15,-58,-0.12,-2717,-2.72,2
2821,Entry short,2024-04-16 07:30,C0|S|MKT|15|v0.3.0-tier0|SPY,489.95,100,48995,6,0.01,0,72,0.15,-58,-0.12,-2717,-2.72,2
2822,Exit short,2024-04-17 07:45,TX30,490.58,100,49082,24,0.05,0,59,0.12,-60,-0.12,-2693,-2.69,2
2822,Entry short,2024-04-17 07:15,C0|S|MKT|15|v0.3.0-tier0|SPY,490.82,100,49082,24,0.05,0,59,0.12,-60,-0.12,-2693,-2.69,2
2823,Exit short,2024-04-19 08:00,TX30,485.44,100,48536,-8,-0.02,0,85,0.18,-92,-0.19,-2701,-2.70,2
2823,Entry short,2024-04-19 07:30,C0|S|MKT|15|v0.3.0-tier0|SPY,485.36,100,48536,-8,-0.02,0,85,0.18,-92,-0.19,-2701,-2.70,2
2824,Exit short,2024-04-22 08:00,TX30,483.14,100,48340,26,0.05,0,48,0.10,-85,-0.18,-2675,-2.67,2
2824,Entry short,2024-04-22 07:30,C0|S|MKT|15|v0.3.0-tier0|SPY,483.4,100,48340,26,0.05,0,48,0.10,-85,-0.18,-2675,-2.67,2
2825,Exit long,2024-04-23 07:30,TX30,491.08,100,48987,121,0.25,0,129,0.26,-38,-0.08,-2554,-2.55,2
2825,Entry long,2024-04-23 07:00,C0|L|MKT|15|v0.3.0-tier0|SPY,489.87,100,48987,121,0.25,0,129,0.26,-38,-0.08,-2554,-2.55,2
2826,Exit short,2024-04-25 07:30,TX30,486.49,100,48511,-138,-0.28,0,69,0.14,-152,-0.31,-2692,-2.69,2
2826,Entry short,2024-04-25 07:00,C0|S|MKT|15|v0.3.0-tier0|SPY,485.11,100,48511,-138,-0.28,0,69,0.14,-152,-0.31,-2692,-2.69,2
2827,Exit long,2024-04-26 07:30,TX30,494.74,100,49449,25,0.05,0,117,0.24,-17,-0.03,-2667,-2.67,2
2827,Entry long,2024-04-26 07:00,C0|L|MKT|15|v0.3.0-tier0|SPY,494.49,100,49449,25,0.05,0,117,0.24,-17,-0.03,-2667,-2.67,2
2828,Exit short,2024-05-01 07:30,TX30,487.67,100,48768,1,0.00,0,73,0.15,-40,-0.08,-2666,-2.67,2
2828,Entry short,2024-05-01 07:00,C0|S|MKT|15|v0.3.0-tier0|SPY,487.68,100,48768,1,0.00,0,73,0.15,-40,-0.08,-2666,-2.67,2
2829,Exit short,2024-05-02 07:30,TX30,488.83,100,48880,-3,-0.01,0,237,0.48,-22,-0.05,-2669,-2.67,2
2829,Entry short,2024-05-02 07:00,C0|S|MKT|15|v0.3.0-tier0|SPY,488.8,100,48880,-3,-0.01,0,237,0.48,-22,-0.05,-2669,-2.67,2
2830,Exit long,2024-05-03 07:30,TX30,496.28,100,49826,-198,-0.40,0,82,0.16,-298,-0.60,-2867,-2.87,2
2830,Entry long,2024-05-03 07:00,C0|L|MKT|15|v0.3.0-tier0|SPY,498.26,100,49826,-198,-0.40,0,82,0.16,-298,-0.60,-2867,-2.87,2
2831,Exit long,2024-05-06 07:45,TX30,500.9,100,50090,0,0.00,0,21,0.04,-36,-0.07,-2867,-2.87,2
2831,Entry long,2024-05-06 07:15,C0|L|MKT|15|v0.3.0-tier0|SPY,500.9,100,50090,0,0.00,0,21,0.04,-36,-0.07,-2867,-2.87,2
2832,Exit short,2024-05-07 07:30,TX30,503.7,100,50363,-7,-0.01,0,26,0.05,-54,-0.11,-2874,-2.87,2
2832,Entry short,2024-05-07 07:00,C0|S|MKT|15|v0.3.0-tier0|SPY,503.63,100,50363,-7,-0.01,0,26,0.05,-54,-0.11,-2874,-2.87,2
2833,Exit long,2024-05-08 07:30,TX30,503.33,100,50293,40,0.08,0,60,0.12,-43,-0.09,-2834,-2.83,2
2833,Entry long,2024-05-08 07:00,C0|L|MKT|15|v0.3.0-tier0|SPY,502.93,100,50293,40,0.08,0,60,0.12,-43,-0.09,-2834,-2.83,2
2834,Exit long,2024-05-09 08:00,TX30,505.53,100,50445,108,0.21,0,119,0.24,0,0.00,-2726,-2.73,2
2834,Entry long,2024-05-09 07:30,C0|L|MKT|15|v0.3.0-tier0|SPY,504.45,100,50445,108,0.21,0,119,0.24,0,0.00,-2726,-2.73,2
2835,Exit short,2024-05-10 08:00,TX30,506.83,100,50710,27,0.05,0,74,0.15,-58,-0.11,-2699,-2.70,2
2835,Entry short,2024-05-10 07:30,C0|S|MKT|15|v0.3.0-tier0|SPY,507.1,100,50710,27,0.05,0,74,0.15,-58,-0.11,-2699,-2.70,2
2836,Exit long,2024-05-14 08:00,TX30,508.07,100,50850,-43,-0.08,0,6,0.01,-153,-0.30,-2742,-2.74,2
2836,Entry long,2024-05-14 07:30,C0|L|MKT|15|v0.3.0-tier0|SPY,508.5,100,50850,-43,-0.08,0,6,0.01,-153,-0.30,-2742,-2.74,2
2837,Exit short,2024-05-15 07:30,TX30,512.59,100,51186,-73,-0.14,0,4,0.01,-94,-0.18,-2815,-2.81,2
2837,Entry short,2024-05-15 07:00,C0|S|MKT|15|v0.3.0-tier0|SPY,511.86,100,51186,-73,-0.14,0,4,0.01,-94,-0.18,-2815,-2.81,2
2838,Exit long,2024-05-16 07:45,TX30,516.97,100,51643,54,0.10,0,56,0.11,0,0.00,-2761,-2.76,2
2838,Entry long,2024-05-16 07:15,C0|L|MKT|15|v0.3.0-tier0|SPY,516.43,100,51643,54,0.10,0,56,0.11,0,0.00,-2761,-2.76,2
2839,Exit long,2024-05-20 07:30,TX30,517.34,100,51721,13,0.03,0,17,0.03,-45,-0.09,-2748,-2.75,2
2839,Entry long,2024-05-20 07:00,C0|L|MKT|15|v0.3.0-tier0|SPY,517.21,100,51721,13,0.03,0,17,0.03,-45,-0.09,-2748,-2.75,2
2840,Exit long,2024-05-21 07:45,TX30,516.46,100,51593,53,0.10,0,72,0.14,-13,-0.03,-2695,-2.69,2
2840,Entry long,2024-05-21 07:15,C0|L|MKT|15|v0.3.0-tier0|SPY,515.93,100,51593,53,0.10,0,72,0.14,-13,-0.03,-2695,-2.69,2
2841,Exit long,2024-05-22 07:30,TX30,517.18,100,51719,-1,0.00,0,14,0.03,-23,-0.04,-2696,-2.70,2
2841,Entry long,2024-05-22 07:00,C0|L|MKT|15|v0.3.0-tier0|SPY,517.19,100,51719,-1,0.00,0,14,0.03,-23,-0.04,-2696,-2.70,2
2842,Exit short,2024-05-23 07:30,TX30,516.53,100,51600,-53,-0.10,0,35,0.07,-104,-0.20,-2749,-2.75,2
2842,Entry short,2024-05-23 07:00,C0|S|MKT|15|v0.3.0-tier0|SPY,516,100,51600,-53,-0.10,0,35,0.07,-104,-0.20,-2749,-2.75,2
2843,Exit short,2024-05-24 07:30,TX30,514.72,100,51340,-132,-0.26,0,0,0.00,-145,-0.28,-2881,-2.88,2
2843,Entry short,2024-05-24 07:00,C0|S|MKT|15|v0.3.0-tier0|SPY,513.4,100,51340,-132,-0.26,0,0,0.00,-145,-0.28,-2881,-2.88,2
2844,Exit short,2024-05-28 07:30,TX30,515.64,100,51545,-19,-0.04,0,34,0.07,-49,-0.10,-2900,-2.90,2
2844,Entry short,2024-05-28 07:00,C0|S|MKT|15|v0.3.0-tier0|SPY,515.45,100,51545,-19,-0.04,0,34,0.07,-49,-0.10,-2900,-2.90,2
2845,Exit long,2024-05-29 07:30,TX30,512.91,100,51238,53,0.10,0,74,0.14,-32,-0.06,-2847,-2.85,2
2845,Entry long,2024-05-29 07:00,C0|L|MKT|15|v0.3.0-tier0|SPY,512.38,100,51238,53,0.10,0,74,0.14,-32,-0.06,-2847,-2.85,2
2846,Exit short,2024-05-30 07:45,TX30,509.66,100,50988,22,0.04,0,55,0.11,-63,-0.12,-2825,-2.82,2
2846,Entry short,2024-05-30 07:15,C0|S|MKT|15|v0.3.0-tier0|SPY,509.88,100,50988,22,0.04,0,55,0.11,-63,-0.12,-2825,-2.82,2
2847,Exit short,2024-05-31 07:30,TX30,507.4,100,50941,201,0.39,0,223,0.44,-6,-0.01,-2624,-2.62,2
2847,Entry short,2024-05-31 07:00,C0|S|MKT|15|v0.3.0-tier0|SPY,509.41,100,50941,201,0.39,0,223,0.44,-6,-0.01,-2624,-2.62,2
2848,Exit short,2024-06-03 07:30,TX30,514.34,100,51405,-29,-0.06,0,46,0.09,-125,-0.24,-2653,-2.65,2
2848,Entry short,2024-06-03 07:00,C0|S|MKT|15|v0.3.0-tier0|SPY,514.05,100,51405,-29,-0.06,0,46,0.09,-125,-0.24,-2653,-2.65,2
2849,Exit long,2024-06-04 08:00,TX30,512.13,100,51312,-99,-0.19,0,41,0.08,-110,-0.21,-2752,-2.75,2
2849,Entry long,2024-06-04 07:30,C0|L|MKT|15|v0.3.0-tier0|SPY,513.12,100,51312,-99,-0.19,0,41,0.08,-110,-0.21,-2752,-2.75,2
2850,Exit short,2024-06-05 07:45,TX30,516.68,100,51542,-126,-0.24,0,12,0.02,-174,-0.34,-2878,-2.88,2
2850,Entry short,2024-06-05 07:15,C0|S|MKT|15|v0.3.0-tier0|SPY,515.42,100,51542,-126,-0.24,0,12,0.02,-174,-0.34,-2878,-2.88,2
2851,Exit short,2024-06-06 07:30,TX30,520.99,100,52032,-67,-0.13,0,0,0.00,-82,-0.16,-2945,-2.94,2
2851,Entry short,2024-06-06 07:00,C0|S|MKT|15|v0.3.0-tier0|SPY,520.32,100,52032,-67,-0.13,0,0,0.00,-82,-0.16,-2945,-2.94,2
2852,Exit long,2024-06-07 07:30,TX30,520.59,100,52002,57,0.11,0,70,0.13,-17,-0.03,-2888,-2.89,2
2852,Entry long,2024-06-07 07:00,C0|L|MKT|15|v0.3.0-tier0|SPY,520.02,100,52002,57,0.11,0,70,0.13,-17,-0.03,-2888,-2.89,2
2853,Exit long,2024-06-10 08:00,TX30,519.73,100,51958,15,0.03,0,30,0.06,-16,-0.03,-2873,-2.87,2
2853,Entry long,2024-06-10 07:30,C0|L|MKT|15|v0.3.0-tier0|SPY,519.58,100,51958,15,0.03,0,30,0.06,-16,-0.03,-2873,-2.87,2
2854,Exit short,2024-06-11 07:30,TX30,519.7,100,51877,-93,-0.18,0,16,0.03,-102,-0.20,-2966,-2.97,2
2854,Entry short,2024-06-11 07:00,C0|S|MKT|15|v0.3.0-tier0|SPY,518.77,100,51877,-93,-0.18,0,16,0.03,-102,-0.20,-2966,-2.97,2
2855,Exit long,2024-06-12 07:45,TX30,528.8,100,52887,-7,-0.01,0,80,0.15,-21,-0.04,-2973,-2.97,2
2855,Entry long,2024-06-12 07:15,C0|L|MKT|15|v0.3.0-tier0|SPY,528.87,100,52887,-7,-0.01,0,80,0.15,-21,-0.04,-2973,-2.97,2
2856,Exit short,2024-06-13 07:30,TX30,526.82,100,52776,94,0.18,0,152,0.29,-28,-0.05,-2879,-2.88,2
2856,Entry short,2024-06-13 07:00,C0|S|MKT|15|v0.3.0-tier0|SPY,527.76,100,52776,94,0.18,0,152,0.29,-28,-0.05,-2879,-2.88,2
2857,Exit short,2024-06-14 07:45,TX30,526.32,100,52594,-38,-0.07,0,26,0.05,-107,-0.20,-2917,-2.92,2
2857,Entry short,2024-06-14 07:15,C0|S|MKT|15|v0.3.0-tier0|SPY,525.94,100,52594,-38,-0.07,0,26,0.05,-107,-0.20,-2917,-2.92,2
2858,Exit long,2024-06-17 07:45,TX30,528.44,100,52826,18,0.03,0,37,0.07,-41,-0.08,-2899,-2.90,2
2858,Entry long,2024-06-17 07:15,C0|L|MKT|15|v0.3.0-tier0|SPY,528.26,100,52826,18,0.03,0,37,0.07,-41,-0.08,-2899,-2.90,2
2859,Exit short,2024-06-20 07:45,TX30,534.6,100,53428,-32,-0.06,0,28,0.05,-68,-0.13,-2931,-2.93,2
2859,Entry short,2024-06-20 07:15,C0|S|MKT|15|v0.3.0-tier0|SPY,534.28,100,53428,-32,-0.06,0,28,0.05,-68,-0.13,-2931,-2.93,2
2860,Exit long,2024-06-24 07:30,TX30,532.82,100,53303,-21,-0.04,0,126,0.24,-37,-0.07,-2952,-2.95,2
2860,Entry long,2024-06-24 07:00,C0|L|MKT|15|v0.3.0-tier0|SPY,533.03,100,53303,-21,-0.04,0,126,0.24,-37,-0.07,-2952,-2.95,2
2861,Exit short,2024-06-25 07:30,TX30,531.4,100,53060,-80,-0.15,0,13,0.02,-101,-0.19,-3032,-3.03,2
2861,Entry short,2024-06-25 07:00,C0|S|MKT|15|v0.3.0-tier0|SPY,530.6,100,53060,-80,-0.15,0,13,0.02,-101,-0.19,-3032,-3.03,2
2862,Exit long,2024-06-26 07:30,TX30,531.23,100,53152,-29,-0.05,0,68,0.13,-46,-0.09,-3061,-3.06,2
2862,Entry long,2024-06-26 07:00,C0|L|MKT|15|v0.3.0-tier0|SPY,531.52,100,53152,-29,-0.05,0,68,0.13,-46,-0.09,-3061,-3.06,2
2863,Exit long,2024-06-27 07:45,TX30,533.88,100,53422,-34,-0.06,0,10,0.02,-67,-0.13,-3095,-3.09,2
2863,Entry long,2024-06-27 07:15,C0|L|MKT|15|v0.3.0-tier0|SPY,534.22,100,53422,-34,-0.06,0,10,0.02,-67,-0.13,-3095,-3.09,2
2864,Exit long,2024-06-28 07:30,TX30,536.81,100,53539,142,0.27,0,217,0.41,0,0.00,-2953,-2.95,2
2864,Entry long,2024-06-28 07:00,C0|L|MKT|15|v0.3.0-tier0|SPY,535.39,100,53539,142,0.27,0,217,0.41,0,0.00,-2953,-2.95,2
2865,Exit short,2024-07-01 07:30,TX30,531.75,100,53217,42,0.08,0,211,0.40,-66,-0.12,-2911,-2.91,2
2865,Entry short,2024-07-01 07:00,C0|S|MKT|15|v0.3.0-tier0|SPY,532.17,100,53217,42,0.08,0,211,0.40,-66,-0.12,-2911,-2.91,2
2866,Exit long,2024-07-03 07:30,TX30,536.46,100,53688,-42,-0.08,0,47,0.09,-69,-0.13,-2953,-2.95,2
2866,Entry long,2024-07-03 07:00,C0|L|MKT|15|v0.3.0-tier0|SPY,536.88,100,53688,-42,-0.08,0,47,0.09,-69,-0.13,-2953,-2.95,2
2867,Exit long,2024-07-05 07:30,TX30,539.32,100,53976,-44,-0.08,0,23,0.04,-138,-0.26,-2997,-3.00,2
2867,Entry long,2024-07-05 07:00,C0|L|MKT|15|v0.3.0-tier0|SPY,539.76,100,53976,-44,-0.08,0,23,0.04,-138,-0.26,-2997,-3.00,2
2868,Exit short,2024-07-09 08:00,TX30,543.48,100,54315,-33,-0.06,0,24,0.04,-87,-0.16,-3030,-3.03,2
2868,Entry short,2024-07-09 07:30,C0|S|MKT|15|v0.3.0-tier0|SPY,543.15,100,54315,-33,-0.06,0,24,0.04,-87,-0.16,-3030,-3.03,2
2869,Exit long,2024-07-10 07:45,TX30,544.28,100,54480,-52,-0.10,0,3,0.01,-63,-0.12,-3082,-3.08,2
2869,Entry long,2024-07-10 07:15,C0|L|MKT|15|v0.3.0-tier0|SPY,544.8,100,54480,-52,-0.10,0,3,0.01,-63,-0.12,-3082,-3.08,2
2870,Exit short,2024-07-11 07:45,TX30,546.23,100,54812,189,0.34,0,192,0.35,0,0.00,-2893,-2.89,2
2870,Entry short,2024-07-11 07:15,C0|S|MKT|15|v0.3.0-tier0|SPY,548.12,100,54812,189,0.34,0,192,0.35,0,0.00,-2893,-2.89,2
2871,Exit long,2024-07-12 07:30,TX30,546.84,100,54593,91,0.17,0,98,0.18,-21,-0.04,-2802,-2.80,2
2871,Entry long,2024-07-12 07:00,C0|L|MKT|15|v0.3.0-tier0|SPY,545.93,100,54593,91,0.17,0,98,0.18,-21,-0.04,-2802,-2.80,2
2872,Exit short,2024-07-16 07:45,TX30,550.3,100,54923,-107,-0.19,0,12,0.02,-136,-0.25,-2909,-2.91,2
2872,Entry short,2024-07-16 07:15,C0|S|MKT|15|v0.3.0-tier0|SPY,549.23,100,54923,-107,-0.19,0,12,0.02,-136,-0.25,-2909,-2.91,2
2873,Exit short,2024-07-17 08:00,TX30,545.37,100,54577,40,0.07,0,48,0.09,-40,-0.07,-2869,-2.87,2
2873,Entry short,2024-07-17 07:30,C0|S|MKT|15|v0.3.0-tier0|SPY,545.77,100,54577,40,0.07,0,48,0.09,-40,-0.07,-2869,-2.87,2
2874,Exit long,2024-07-18 07:45,TX30,543.4,100,54625,-285,-0.52,0,34,0.06,-340,-0.62,-3154,-3.15,2
2874,Entry long,2024-07-18 07:15,C0|L|MKT|15|v0.3.0-tier0|SPY,546.25,100,54625,-285,-0.52,0,34,0.06,-340,-0.62,-3154,-3.15,2
2875,Exit short,2024-07-19 08:00,TX30,538.41,100,53839,-2,0.00,0,46,0.09,-60,-0.11,-3156,-3.16,2
2875,Entry short,2024-07-19 07:30,C0|S|MKT|15|v0.3.0-tier0|SPY,538.39,100,53839,-2,0.00,0,46,0.09,-60,-0.11,-3156,-3.16,2
2876,Exit long,2024-07-23 07:45,TX30,542.51,100,54302,-51,-0.09,0,52,0.10,-52,-0.10,-3207,-3.21,2
2876,Entry long,2024-07-23 07:15,C0|L|MKT|15|v0.3.0-tier0|SPY,543.02,100,54302,-51,-0.09,0,52,0.10,-52,-0.10,-3207,-3.21,2
2877,Exit short,2024-07-24 07:30,TX30,533.37,100,53410,73,0.14,0,127,0.24,-14,-0.03,-3134,-3.13,2
2877,Entry short,2024-07-24 07:00,C0|S|MKT|15|v0.3.0-tier0|SPY,534.1,100,53410,73,0.14,0,127,0.24,-14,-0.03,-3134,-3.13,2
2878,Exit short,2024-07-25 07:30,TX30,528.05,100,52737,-68,-0.13,0,235,0.45,-85,-0.16,-3202,-3.20,2
2878,Entry short,2024-07-25 07:00,C0|S|MKT|15|v0.3.0-tier0|SPY,527.37,100,52737,-68,-0.13,0,235,0.45,-85,-0.16,-3202,-3.20,2
2879,Exit long,2024-07-26 08:00,TX30,530.84,100,53107,-23,-0.04,0,16,0.03,-193,-0.36,-3225,-3.22,2
2879,Entry long,2024-07-26 07:30,C0|L|MKT|15|v0.3.0-tier0|SPY,531.07,100,53107,-23,-0.04,0,16,0.03,-193,-0.36,-3225,-3.22,2
2880,Exit long,2024-07-29 07:30,TX30,532.79,100,53399,-120,-0.22,0,40,0.07,-168,-0.31,-3345,-3.34,2
2880,Entry long,2024-07-29 07:00,C0|L|MKT|15|v0.3.0-tier0|SPY,533.99,100,53399,-120,-0.22,0,40,0.07,-168,-0.31,-3345,-3.34,2
2881,Exit short,2024-07-30 07:45,TX30,531.81,100,53298,117,0.22,0,168,0.32,-37,-0.07,-3228,-3.23,2
2881,Entry short,2024-07-30 07:15,C0|S|MKT|15|v0.3.0-tier0|SPY,532.98,100,53298,117,0.22,0,168,0.32,-37,-0.07,-3228,-3.23,2
2882,Exit long,2024-07-31 07:45,TX30,537.9,100,53713,77,0.14,0,139,0.26,-7,-0.01,-3151,-3.15,2
2882,Entry long,2024-07-31 07:15,C0|L|MKT|15|v0.3.0-tier0|SPY,537.13,100,53713,77,0.14,0,139,0.26,-7,-0.01,-3151,-3.15,2
2883,Exit short,2024-08-01 07:45,TX30,535.99,100,53932,333,0.62,0,352,0.65,-17,-0.03,-2818,-2.82,2
2883,Entry short,2024-08-01 07:15,C0|S|MKT|15|v0.3.0-tier0|SPY,539.32,100,53932,333,0.62,0,352,0.65,-17,-0.03,-2818,-2.82,2
2884,Exit short,2024-08-02 07:45,TX30,517.43,100,51765,22,0.04,0,84,0.16,-135,-0.26,-2796,-2.80,2
2884,Entry short,2024-08-02 07:15,C0|S|MKT|15|v0.3.0-tier0|SPY,517.65,100,51765,22,0.04,0,84,0.16,-135,-0.26,-2796,-2.80,2
2885,Exit long,2024-08-05 07:45,TX30,504.28,100,50564,-136,-0.27,0,84,0.17,-293,-0.58,-2932,-2.93,2
2885,Entry long,2024-08-05 07:15,C0|L|MKT|15|v0.3.0-tier0|SPY,505.64,100,50564,-136,-0.27,0,84,0.17,-293,-0.58,-2932,-2.93,2
2886,Exit long,2024-08-06 07:30,TX30,510.85,100,50982,103,0.20,0,235,0.46,-68,-0.13,-2829,-2.83,2
2886,Entry long,2024-08-06 07:00,C0|L|MKT|15|v0.3.0-tier0|SPY,509.82,100,50982,103,0.20,0,235,0.46,-68,-0.13,-2829,-2.83,2
2887,Exit long,2024-08-07 07:30,TX30,516.54,100,51878,-224,-0.43,0,52,0.10,-274,-0.53,-3053,-3.05,2
2887,Entry long,2024-08-07 07:00,C0|L|MKT|15|v0.3.0-tier0|SPY,518.78,100,51878,-224,-0.43,0,52,0.10,-274,-0.53,-3053,-3.05,2
2888,Exit long,2024-08-08 07:30,TX30,515.69,100,51293,276,0.54,0,285,0.56,-39,-0.08,-2777,-2.78,2
2888,Entry long,2024-08-08 07:00,C0|L|MKT|15|v0.3.0-tier0|SPY,512.93,100,51293,276,0.54,0,285,0.56,-39,-0.08,-2777,-2.78,2
2889,Exit long,2024-08-09 07:45,TX30,517.9,100,51914,-124,-0.24,0,17,0.03,-200,-0.39,-2901,-2.90,2
2889,Entry long,2024-08-09 07:15,C0|L|MKT|15|v0.3.0-tier0|SPY,519.14,100,51914,-124,-0.24,0,17,0.03,-200,-0.39,-2901,-2.90,2
2890,Exit short,2024-08-12 07:30,TX30,521.86,100,51914,-272,-0.52,0,21,0.04,-323,-0.62,-3173,-3.17,2
2890,Entry short,2024-08-12 07:00,C0|S|MKT|15|v0.3.0-tier0|SPY,519.14,100,51914,-272,-0.52,0,21,0.04,-323,-0.62,-3173,-3.17,2
2891,Exit long,2024-08-13 07:30,TX30,525.02,100,52535,-33,-0.06,0,14,0.03,-117,-0.22,-3206,-3.21,2
2891,Entry long,2024-08-13 07:00,C0|L|MKT|15|v0.3.0-tier0|SPY,525.35,100,52535,-33,-0.06,0,14,0.03,-117,-0.22,-3206,-3.21,2
2892,Exit short,2024-08-14 07:30,TX30,529.32,100,52898,-34,-0.06,0,65,0.12,-49,-0.09,-3240,-3.24,2
2892,Entry short,2024-08-14 07:00,C0|S|MKT|15|v0.3.0-tier0|SPY,528.98,100,52898,-34,-0.06,0,65,0.12,-49,-0.09,-3240,-3.24,2
2893,Exit long,2024-08-15 08:00,TX30,538.19,100,53767,52,0.10,0,83,0.15,-3,-0.01,-3188,-3.19,2
2893,Entry long,2024-08-15 07:30,C0|L|MKT|15|v0.3.0-tier0|SPY,537.67,100,53767,52,0.10,0,83,0.15,-3,-0.01,-3188,-3.19,2
2894,Exit long,2024-08-16 07:45,TX30,539.78,100,54009,-31,-0.06,0,74,0.14,-58,-0.11,-3219,-3.22,2
2894,Entry long,2024-08-16 07:15,C0|L|MKT|15|v0.3.0-tier0|SPY,540.09,100,54009,-31,-0.06,0,74,0.14,-58,-0.11,-3219,-3.22,2
2895,Exit long,2024-08-20 07:30,TX30,546.17,100,54778,-161,-0.29,0,7,0.01,-191,-0.35,-3380,-3.38,2
2895,Entry long,2024-08-20 07:00,C0|L|MKT|15|v0.3.0-tier0|SPY,547.78,100,54778,-161,-0.29,0,7,0.01,-191,-0.35,-3380,-3.38,2
2896,Exit long,2024-08-21 07:30,TX30,547.23,100,54741,-18,-0.03,0,46,0.08,-132,-0.24,-3398,-3.40,2
2896,Entry long,2024-08-21 07:00,C0|L|MKT|15|v0.3.0-tier0|SPY,547.41,100,54741,-18,-0.03,0,46,0.08,-132,-0.24,-3398,-3.40,2
2897,Exit short,2024-08-22 07:30,TX30,548.13,100,54936,123,0.22,0,179,0.33,-9,-0.02,-3275,-3.28,2
2897,Entry short,2024-08-22 07:00,C0|S|MKT|15|v0.3.0-tier0|SPY,549.36,100,54936,123,0.22,0,179,0.33,-9,-0.02,-3275,-3.28,2
2898,Exit long,2024-08-23 07:30,TX30,549.72,100,54686,286,0.52,0,322,0.59,0,0.00,-2989,-2.99,2
2898,Entry long,2024-08-23 07:00,C0|L|MKT|15|v0.3.0-tier0|SPY,546.86,100,54686,286,0.52,0,322,0.59,0,0.00,-2989,-2.99,2
2899,Exit short,2024-08-26 07:45,TX30,547.69,100,54910,141,0.26,0,188,0.34,-12,-0.02,-2848,-2.85,2
2899,Entry short,2024-08-26 07:15,C0|S|MKT|15|v0.3.0-tier0|SPY,549.1,100,54910,141,0.26,0,188,0.34,-12,-0.02,-2848,-2.85,2
2900,Exit long,2024-08-27 07:30,TX30,548.06,100,54689,117,0.21,0,124,0.23,-25,-0.05,-2731,-2.73,2
2900,Entry long,2024-08-27 07:00,C0|L|MKT|15|v0.3.0-tier0|SPY,546.89,100,54689,117,0.21,0,124,0.23,-25,-0.05,-2731,-2.73,2
2901,Exit long,2024-08-29 07:30,TX30,548.73,100,54813,60,0.11,0,83,0.15,-98,-0.18,-2671,-2.67,2
2901,Entry long,2024-08-29 07:00,C0|L|MKT|15|v0.3.0-tier0|SPY,548.13,100,54813,60,0.11,0,83,0.15,-98,-0.18,-2671,-2.67,2
2902,Exit short,2024-09-03 07:30,TX30,544.3,100,54619,189,0.35,0,274,0.50,-2,0.00,-2482,-2.48,2
2902,Entry short,2024-09-03 07:00,C0|S|MKT|15|v0.3.0-tier0|SPY,546.19,100,54619,189,0.35,0,274,0.50,-2,0.00,-2482,-2.48,2
2903,Exit long,2024-09-04 07:30,TX30,539.72,100,53970,2,0.00,0,30,0.06,-241,-0.45,-2480,-2.48,2
2903,Entry long,2024-09-04 07:00,C0|L|MKT|15|v0.3.0-tier0|SPY,539.7,100,53970,2,0.00,0,30,0.06,-241,-0.45,-2480,-2.48,2
2904,Exit long,2024-09-05 08:00,TX30,537.65,100,54019,-254,-0.47,0,56,0.10,-258,-0.48,-2734,-2.73,2
2904,Entry long,2024-09-05 07:30,C0|L|MKT|15|v0.3.0-tier0|SPY,540.19,100,54019,-254,-0.47,0,56,0.10,-258,-0.48,-2734,-2.73,2
2905,Exit short,2024-09-06 07:30,TX30,532.09,100,53522,313,0.58,0,317,0.59,-36,-0.07,-2421,-2.42,2
2905,Entry short,2024-09-06 07:00,C0|S|MKT|15|v0.3.0-tier0|SPY,535.22,100,53522,313,0.58,0,317,0.59,-36,-0.07,-2421,-2.42,2
2906,Exit long,2024-09-09 07:45,TX30,531.2,100,53341,-221,-0.41,0,20,0.04,-230,-0.43,-2642,-2.64,2
2906,Entry long,2024-09-09 07:15,C0|L|MKT|15|v0.3.0-tier0|SPY,533.41,100,53341,-221,-0.41,0,20,0.04,-230,-0.43,-2642,-2.64,2
2907,Exit short,2024-09-10 07:45,TX30,533.68,100,53328,-40,-0.08,0,35,0.07,-134,-0.25,-2682,-2.68,2
2907,Entry short,2024-09-10 07:15,C0|S|MKT|15|v0.3.0-tier0|SPY,533.28,100,53328,-40,-0.08,0,35,0.07,-134,-0.25,-2682,-2.68,2
2908,Exit short,2024-09-11 07:30,TX30,528.74,100,53210,336,0.63,0,347,0.65,-7,-0.01,-2346,-2.35,2
2908,Entry short,2024-09-11 07:00,C0|S|MKT|15|v0.3.0-tier0|SPY,532.1,100,53210,336,0.63,0,347,0.65,-7,-0.01,-2346,-2.35,2
2909,Exit short,2024-09-12 07:30,TX30,542.97,100,54100,-197,-0.36,0,48,0.09,-214,-0.40,-2543,-2.54,2
2909,Entry short,2024-09-12 07:00,C0|S|MKT|15|v0.3.0-tier0|SPY,541,100,54100,-197,-0.36,0,48,0.09,-214,-0.40,-2543,-2.54,2
2910,Exit long,2024-09-13 07:30,TX30,548.18,100,54804,14,0.03,0,130,0.24,-106,-0.19,-2529,-2.53,2
2910,Entry long,2024-09-13 07:00,C0|L|MKT|15|v0.3.0-tier0|SPY,548.04,100,54804,14,0.03,0,130,0.24,-106,-0.19,-2529,-2.53,2
2911,Exit long,2024-09-16 07:30,TX30,548.46,100,54949,-103,-0.19,0,33,0.06,-140,-0.25,-2632,-2.63,2
2911,Entry long,2024-09-16 07:00,C0|L|MKT|15|v0.3.0-tier0|SPY,549.49,100,54949,-103,-0.19,0,33,0.06,-140,-0.25,-2632,-2.63,2
2912,Exit short,2024-09-17 07:30,TX30,552.86,100,55146,-140,-0.25,0,24,0.04,-170,-0.31,-2772,-2.77,2
2912,Entry short,2024-09-17 07:00,C0|S|MKT|15|v0.3.0-tier0|SPY,551.46,100,55146,-140,-0.25,0,24,0.04,-170,-0.31,-2772,-2.77,2
2913,Exit long,2024-09-19 08:00,TX30,556.74,100,55812,-138,-0.25,0,55,0.10,-154,-0.28,-2910,-2.91,2
2913,Entry long,2024-09-19 07:30,C0|L|MKT|15|v0.3.0-tier0|SPY,558.12,100,55812,-138,-0.25,0,55,0.10,-154,-0.28,-2910,-2.91,2
2914,Exit short,2024-09-20 07:30,TX30,555.81,100,55567,-14,-0.03,0,67,0.12,-54,-0.10,-2924,-2.92,2
2914,Entry short,2024-09-20 07:00,C0|S|MKT|15|v0.3.0-tier0|SPY,555.67,100,55567,-14,-0.03,0,67,0.12,-54,-0.10,-2924,-2.92,2
2915,Exit long,2024-09-23 08:00,TX30,558.39,100,55834,5,0.01,0,28,0.05,-92,-0.16,-2919,-2.92,2
2915,Entry long,2024-09-23 07:30,C0|L|MKT|15|v0.3.0-tier0|SPY,558.34,100,55834,5,0.01,0,28,0.05,-92,-0.16,-2919,-2.92,2
2916,Exit short,2024-09-24 07:30,TX30,556.84,100,55788,104,0.19,0,159,0.29,0,0.00,-2815,-2.81,2
2916,Entry short,2024-09-24 07:00,C0|S|MKT|15|v0.3.0-tier0|SPY,557.88,100,55788,104,0.19,0,159,0.29,0,0.00,-2815,-2.81,2
2917,Exit short,2024-09-26 07:45,TX30,561.22,100,56164,42,0.07,0,79,0.14,-22,-0.04,-2773,-2.77,2
2917,Entry short,2024-09-26 07:15,C0|S|MKT|15|v0.3.0-tier0|SPY,561.64,100,56164,42,0.07,0,79,0.14,-22,-0.04,-2773,-2.77,2
2918,Exit long,2024-09-27 08:00,TX30,562.14,100,56231,-17,-0.03,0,8,0.01,-59,-0.10,-2790,-2.79,2
2918,Entry long,2024-09-27 07:30,C0|L|MKT|15|v0.3.0-tier0|SPY,562.31,100,56231,-17,-0.03,0,8,0.01,-59,-0.10,-2790,-2.79,2
2919,Exit short,2024-10-01 07:30,TX30,556.06,100,55803,197,0.35,0,267,0.48,-81,-0.15,-2593,-2.59,2
2919,Entry short,2024-10-01 07:00,C0|S|MKT|15|v0.3.0-tier0|SPY,558.03,100,55803,197,0.35,0,267,0.48,-81,-0.15,-2593,-2.59,2
2920,Exit long,2024-10-02 07:45,TX30,557.25,100,55644,81,0.15,0,111,0.20,-50,-0.09,-2512,-2.51,2
2920,Entry long,2024-10-02 07:15,C0|L|MKT|15|v0.3.0-tier0|SPY,556.44,100,55644,81,0.15,0,111,0.20,-50,-0.09,-2512,-2.51,2
2921,Exit short,2024-10-04 07:30,TX30,557.35,100,55866,131,0.23,0,176,0.32,-99,-0.18,-2381,-2.38,2
2921,Entry short,2024-10-04 07:00,C0|S|MKT|15|v0.3.0-tier0|SPY,558.66,100,55866,131,0.23,0,176,0.32,-99,-0.18,-2381,-2.38,2
2922,Exit short,2024-10-07 07:30,TX30,559.95,100,55924,-71,-0.13,0,7,0.01,-120,-0.21,-2452,-2.45,2
2922,Entry short,2024-10-07 07:00,C0|S|MKT|15|v0.3.0-tier0|SPY,559.24,100,55924,-71,-0.13,0,7,0.01,-120,-0.21,-2452,-2.45,2
2923,Exit long,2024-10-08 07:30,TX30,559.36,100,55928,8,0.01,0,57,0.10,-37,-0.07,-2444,-2.44,2
2923,Entry long,2024-10-08 07:00,C0|L|MKT|15|v0.3.0-tier0|SPY,559.28,100,55928,8,0.01,0,57,0.10,-37,-0.07,-2444,-2.44,2
2924,Exit long,2024-10-09 08:00,TX30,563.33,100,56254,79,0.14,0,86,0.15,-16,-0.03,-2365,-2.37,2
2924,Entry long,2024-10-09 07:30,C0|L|MKT|15|v0.3.0-tier0|SPY,562.54,100,56254,79,0.14,0,86,0.15,-16,-0.03,-2365,-2.37,2
2925,Exit long,2024-10-10 07:45,TX30,564.38,100,56459,-21,-0.04,0,23,0.04,-66,-0.12,-2386,-2.39,2
2925,Entry long,2024-10-10 07:15,C0|L|MKT|15|v0.3.0-tier0|SPY,564.59,100,56459,-21,-0.04,0,23,0.04,-66,-0.12,-2386,-2.39,2
2926,Exit long,2024-10-11 07:30,TX30,568.11,100,56572,239,0.42,0,270,0.48,-32,-0.06,-2147,-2.15,2
2926,Entry long,2024-10-11 07:00,C0|L|MKT|15|v0.3.0-tier0|SPY,565.72,100,56572,239,0.42,0,270,0.48,-32,-0.06,-2147,-2.15,2
2927,Exit long,2024-10-14 07:30,TX30,571.69,100,57157,12,0.02,0,28,0.05,-68,-0.12,-2135,-2.14,2
2927,Entry long,2024-10-14 07:00,C0|L|MKT|15|v0.3.0-tier0|SPY,571.57,100,57157,12,0.02,0,28,0.05,-68,-0.12,-2135,-2.14,2
2928,Exit short,2024-10-15 07:30,TX30,571.47,100,57245,98,0.17,0,101,0.18,-41,-0.07,-2037,-2.04,2
2928,Entry short,2024-10-15 07:00,C0|S|MKT|15|v0.3.0-tier0|SPY,572.45,100,57245,98,0.17,0,101,0.18,-41,-0.07,-2037,-2.04,2
2929,Exit long,2024-10-16 07:45,TX30,567.97,100,56860,-63,-0.11,0,85,0.15,-80,-0.14,-2100,-2.10,2
2929,Entry long,2024-10-16 07:15,C0|L|MKT|15|v0.3.0-tier0|SPY,568.6,100,56860,-63,-0.11,0,85,0.15,-80,-0.14,-2100,-2.10,2
2930,Exit long,2024-10-21 07:45,TX30,571.37,100,57285,-148,-0.26,0,23,0.04,-181,-0.32,-2248,-2.25,2
2930,Entry long,2024-10-21 07:15,C0|L|MKT|15|v0.3.0-tier0|SPY,572.85,100,57285,-148,-0.26,0,23,0.04,-181,-0.32,-2248,-2.25,2
2931,Exit long,2024-10-22 07:30,TX30,569.75,100,56963,12,0.02,0,86,0.15,-28,-0.05,-2236,-2.24,2
2931,Entry long,2024-10-22 07:00,C0|L|MKT|15|v0.3.0-tier0|SPY,569.63,100,56963,12,0.02,0,86,0.15,-28,-0.05,-2236,-2.24,2
2932,Exit short,2024-10-23 07:45,TX30,569.63,100,56909,-54,-0.09,0,67,0.12,-67,-0.12,-2290,-2.29,2
2932,Entry short,2024-10-23 07:15,C0|S|MKT|15|v0.3.0-tier0|SPY,569.09,100,56909,-54,-0.09,0,67,0.12,-67,-0.12,-2290,-2.29,2
2933,Exit long,2024-10-25 07:30,TX30,572.45,100,57157,88,0.15,0,113,0.20,0,0.00,-2202,-2.20,2
2933,Entry long,2024-10-25 07:00,C0|L|MKT|15|v0.3.0-tier0|SPY,571.57,100,57157,88,0.15,0,113,0.20,0,0.00,-2202,-2.20,2
2934,Exit short,2024-10-28 07:30,TX30,570.66,100,56980,-86,-0.15,0,26,0.05,-97,-0.17,-2288,-2.29,2
2934,Entry short,2024-10-28 07:00,C0|S|MKT|15|v0.3.0-tier0|SPY,569.8,100,56980,-86,-0.15,0,26,0.05,-97,-0.17,-2288,-2.29,2
2935,Exit long,2024-10-29 07:30,TX30,568.78,100,56827,51,0.09,0,185,0.33,-39,-0.07,-2237,-2.24,2
2935,Entry long,2024-10-29 07:00,C0|L|MKT|15|v0.3.0-tier0|SPY,568.27,100,56827,51,0.09,0,185,0.33,-39,-0.07,-2237,-2.24,2
2936,Exit long,2024-10-30 07:30,TX30,570.96,100,57015,81,0.14,0,102,0.18,-12,-0.02,-2156,-2.16,2
2936,Entry long,2024-10-30 07:00,C0|L|MKT|15|v0.3.0-tier0|SPY,570.15,100,57015,81,0.14,0,102,0.18,-12,-0.02,-2156,-2.16,2
2937,Exit short,2024-10-31 07:30,TX30,560.47,100,56219,172,0.31,0,191,0.34,-5,-0.01,-1984,-1.98,2
2937,Entry short,2024-10-31 07:00,C0|S|MKT|15|v0.3.0-tier0|SPY,562.19,100,56219,172,0.31,0,191,0.34,-5,-0.01,-1984,-1.98,2
2938,Exit long,2024-11-01 07:30,TX30,563.93,100,56159,234,0.42,0,234,0.42,-48,-0.09,-1750,-1.75,2
2938,Entry long,2024-11-01 07:00,C0|L|MKT|15|v0.3.0-tier0|SPY,561.59,100,56159,234,0.42,0,234,0.42,-48,-0.09,-1750,-1.75,2
2939,Exit long,2024-11-04 08:00,TX30,560.12,100,56059,-47,-0.08,0,11,0.02,-77,-0.14,-1797,-1.80,2
2939,Entry long,2024-11-04 07:30,C0|L|MKT|15|v0.3.0-tier0|SPY,560.59,100,56059,-47,-0.08,0,11,0.02,-77,-0.14,-1797,-1.80,2
2940,Exit long,2024-11-05 07:30,TX30,562.5,100,56246,4,0.01,0,75,0.13,-49,-0.09,-1793,-1.79,2
2940,Entry long,2024-11-05 07:00,C0|L|MKT|15|v0.3.0-tier0|SPY,562.46,100,56246,4,0.01,0,75,0.13,-49,-0.09,-1793,-1.79,2
2941,Exit short,2024-11-06 07:30,TX30,576.97,100,57434,-263,-0.46,0,2,0.00,-288,-0.50,-2056,-2.06,2
2941,Entry short,2024-11-06 07:00,C0|S|MKT|15|v0.3.0-tier0|SPY,574.34,100,57434,-263,-0.46,0,2,0.00,-288,-0.50,-2056,-2.06,2
2942,Exit long,2024-11-07 07:30,TX30,582.32,100,58202,30,0.05,0,43,0.07,-17,-0.03,-2026,-2.03,2
2942,Entry long,2024-11-07 07:00,C0|L|MKT|15|v0.3.0-tier0|SPY,582.02,100,58202,30,0.05,0,43,0.07,-17,-0.03,-2026,-2.03,2
2943,Exit long,2024-11-08 07:30,TX30,585.31,100,58517,14,0.02,0,38,0.06,-60,-0.10,-2012,-2.01,2
2943,Entry long,2024-11-08 07:00,C0|L|MKT|15|v0.3.0-tier0|SPY,585.17,100,58517,14,0.02,0,38,0.06,-60,-0.10,-2012,-2.01,2
2944,Exit short,2024-11-11 07:30,TX30,586.83,100,58712,29,0.05,0,63,0.11,-8,-0.01,-1983,-1.98,2
2944,Entry short,2024-11-11 07:00,C0|S|MKT|15|v0.3.0-tier0|SPY,587.12,100,58712,29,0.05,0,63,0.11,-8,-0.01,-1983,-1.98,2
2945,Exit short,2024-11-12 07:45,TX30,585.53,100,58628,75,0.13,0,75,0.13,-6,-0.01,-1908,-1.91,2
2945,Entry short,2024-11-12 07:15,C0|S|MKT|15|v0.3.0-tier0|SPY,586.28,100,58628,75,0.13,0,75,0.13,-6,-0.01,-1908,-1.91,2
2946,Exit short,2024-11-13 07:45,TX30,584.9,100,58411,-79,-0.14,0,21,0.04,-107,-0.18,-1987,-1.99,2
2946,Entry short,2024-11-13 07:15,C0|S|MKT|15|v0.3.0-tier0|SPY,584.11,100,58411,-79,-0.14,0,21,0.04,-107,-0.18,-1987,-1.99,2
2947,Exit short,2024-11-15 07:30,TX30,574.96,100,57688,192,0.33,0,202,0.35,-1,0.00,-1795,-1.80,2
2947,Entry short,2024-11-15 07:00,C0|S|MKT|15|v0.3.0-tier0|SPY,576.88,100,57688,192,0.33,0,202,0.35,-1,0.00,-1795,-1.80,2
2948,Exit long,2024-11-18 07:45,TX30,576.24,100,57497,127,0.22,0,135,0.23,-22,-0.04,-1668,-1.67,2
2948,Entry long,2024-11-18 07:15,C0|L|MKT|15|v0.3.0-tier0|SPY,574.97,100,57497,127,0.22,0,135,0.23,-22,-0.04,-1668,-1.67,2
2949,Exit long,2024-11-19 08:00,TX30,575.93,100,57465,128,0.22,0,161,0.28,-34,-0.06,-1540,-1.54,2
2949,Entry long,2024-11-19 07:30,C0|L|MKT|15|v0.3.0-tier0|SPY,574.65,100,57465,128,0.22,0,161,0.28,-34,-0.06,-1540,-1.54,2
2950,Exit short,2024-11-20 07:30,TX30,573.93,100,57558,165,0.29,0,271,0.47,-73,-0.13,-1375,-1.37,2
2950,Entry short,2024-11-20 07:00,C0|S|MKT|15|v0.3.0-tier0|SPY,575.58,100,57558,165,0.29,0,271,0.47,-73,-0.13,-1375,-1.37,2
2951,Exit short,2024-11-21 08:00,TX30,579.78,100,57586,-392,-0.68,0,25,0.04,-408,-0.71,-1767,-1.77,2
2951,Entry short,2024-11-21 07:30,C0|S|MKT|15|v0.3.0-tier0|SPY,575.86,100,57586,-392,-0.68,0,25,0.04,-408,-0.71,-1767,-1.77,2
2952,Exit long,2024-11-22 07:30,TX30,581.83,100,58393,-210,-0.36,0,9,0.02,-269,-0.46,-1977,-1.98,2
2952,Entry long,2024-11-22 07:00,C0|L|MKT|15|v0.3.0-tier0|SPY,583.93,100,58393,-210,-0.36,0,9,0.02,-269,-0.46,-1977,-1.98,2
2953,Exit short,2024-11-25 07:45,TX30,586.86,100,58597,-89,-0.15,0,19,0.03,-123,-0.21,-2066,-2.07,2
2953,Entry short,2024-11-25 07:15,C0|S|MKT|15|v0.3.0-tier0|SPY,585.97,100,58597,-89,-0.15,0,19,0.03,-123,-0.21,-2066,-2.07,2
2954,Exit short,2024-11-27 07:45,TX30,587.49,100,58775,26,0.04,0,125,0.21,-16,-0.03,-2040,-2.04,2
2954,Entry short,2024-11-27 07:15,C0|S|MKT|15|v0.3.0-tier0|SPY,587.75,100,58775,26,0.04,0,125,0.21,-16,-0.03,-2040,-2.04,2
2955,Exit long,2024-11-29 07:30,TX30,589.31,100,58863,68,0.12,0,100,0.17,-2,0.00,-1972,-1.97,2
2955,Entry long,2024-11-29 07:00,C0|L|MKT|15|v0.3.0-tier0|SPY,588.63,100,58863,68,0.12,0,100,0.17,-2,0.00,-1972,-1.97,2
2956,Exit short,2024-12-03 08:00,TX30,590.75,100,59036,-39,-0.07,0,13,0.02,-49,-0.08,-2011,-2.01,2
2956,Entry short,2024-12-03 07:30,C0|S|MKT|15|v0.3.0-tier0|SPY,590.36,100,59036,-39,-0.07,0,13,0.02,-49,-0.08,-2011,-2.01,2
2957,Exit short,2024-12-04 07:45,TX30,593.93,100,59326,-67,-0.11,0,49,0.08,-84,-0.14,-2078,-2.08,2
2957,Entry short,2024-12-04 07:15,C0|S|MKT|15|v0.3.0-tier0|SPY,593.26,100,59326,-67,-0.11,0,49,0.08,-84,-0.14,-2078,-2.08,2
2958,Exit short,2024-12-05 08:00,TX30,594.73,100,59489,16,0.03,0,29,0.05,-15,-0.03,-2062,-2.06,2
2958,Entry short,2024-12-05 07:30,C0|S|MKT|15|v0.3.0-tier0|SPY,594.89,100,59489,16,0.03,0,29,0.05,-15,-0.03,-2062,-2.06,2
2959,Exit long,2024-12-06 07:30,TX30,596.61,100,59676,-15,-0.03,0,5,0.01,-59,-0.10,-2077,-2.08,2
2959,Entry long,2024-12-06 07:00,C0|L|MKT|15|v0.3.0-tier0|SPY,596.76,100,59676,-15,-0.03,0,5,0.01,-59,-0.10,-2077,-2.08,2
2960,Exit short,2024-12-09 08:00,TX30,593.19,100,59416,97,0.16,0,109,0.18,-27,-0.05,-1980,-1.98,2
2960,Entry short,2024-12-09 07:30,C0|S|MKT|15|v0.3.0-tier0|SPY,594.16,100,59416,97,0.16,0,109,0.18,-27,-0.05,-1980,-1.98,2
2961,Exit long,2024-12-11 07:30,TX30,594.32,100,59441,-9,-0.02,0,60,0.10,-29,-0.05,-1989,-1.99,2
2961,Entry long,2024-12-11 07:00,C0|L|MKT|15|v0.3.0-tier0|SPY,594.41,100,59441,-9,-0.02,0,60,0.10,-29,-0.05,-1989,-1.99,2
2962,Exit short,2024-12-12 07:45,TX30,594.22,100,59328,-94,-0.16,0,20,0.03,-146,-0.25,-2083,-2.08,2
2962,Entry short,2024-12-12 07:15,C0|S|MKT|15|v0.3.0-tier0|SPY,593.28,100,59328,-94,-0.16,0,20,0.03,-146,-0.25,-2083,-2.08,2
2963,Exit short,2024-12-13 07:45,TX30,591.65,100,59332,167,0.28,0,187,0.32,-13,-0.02,-1916,-1.92,2
2963,Entry short,2024-12-13 07:15,C0|S|MKT|15|v0.3.0-tier0|SPY,593.32,100,59332,167,0.28,0,187,0.32,-13,-0.02,-1916,-1.92,2
2964,Exit long,2024-12-16 08:00,TX30,594.52,100,59424,28,0.05,0,64,0.11,-9,-0.02,-1888,-1.89,2
2964,Entry long,2024-12-16 07:30,C0|L|MKT|15|v0.3.0-tier0|SPY,594.24,100,59424,28,0.05,0,64,0.11,-9,-0.02,-1888,-1.89,2
2965,Exit short,2024-12-17 07:45,TX30,591.48,100,59126,-22,-0.04,0,24,0.04,-34,-0.06,-1910,-1.91,2
2965,Entry short,2024-12-17 07:15,C0|S|MKT|15|v0.3.0-tier0|SPY,591.26,100,59126,-22,-0.04,0,24,0.04,-34,-0.06,-1910,-1.91,2
2966,Exit long,2024-12-18 07:30,TX30,593.22,100,59246,76,0.13,0,77,0.13,-14,-0.02,-1834,-1.83,2
2966,Entry long,2024-12-18 07:00,C0|L|MKT|15|v0.3.0-tier0|SPY,592.46,100,59246,76,0.13,0,77,0.13,-14,-0.02,-1834,-1.83,2
2967,Exit short,2024-12-19 07:30,TX30,576.83,100,57863,180,0.31,0,183,0.32,-40,-0.07,-1654,-1.65,2
2967,Entry short,2024-12-19 07:00,C0|S|MKT|15|v0.3.0-tier0|SPY,578.63,100,57863,180,0.31,0,183,0.32,-40,-0.07,-1654,-1.65,2
2968,Exit long,2024-12-20 07:45,TX30,578.59,100,57450,409,0.71,0,445,0.77,-25,-0.04,-1245,-1.24,2
2968,Entry long,2024-12-20 07:15,C0|L|MKT|15|v0.3.0-tier0|SPY,574.5,100,57450,409,0.71,0,445,0.77,-25,-0.04,-1245,-1.24,2
2969,Exit short,2024-12-23 07:30,TX30,579.38,100,58050,112,0.19,0,273,0.47,-17,-0.03,-1133,-1.13,2
2969,Entry short,2024-12-23 07:00,C0|S|MKT|15|v0.3.0-tier0|SPY,580.5,100,58050,112,0.19,0,273,0.47,-17,-0.03,-1133,-1.13,2
2970,Exit long,2024-12-24 07:30,TX30,588.15,100,58716,99,0.17,0,111,0.19,0,0.00,-1034,-1.03,2
2970,Entry long,2024-12-24 07:00,C0|L|MKT|15|v0.3.0-tier0|SPY,587.16,100,58716,99,0.17,0,111,0.19,0,0.00,-1034,-1.03,2
2971,Exit long,2024-12-26 08:00,TX30,590.78,100,59018,60,0.10,0,62,0.11,-47,-0.08,-974,-0.97,2
2971,Entry long,2024-12-26 07:30,C0|L|MKT|15|v0.3.0-tier0|SPY,590.18,100,59018,60,0.10,0,62,0.11,-47,-0.08,-974,-0.97,2
2972,Exit short,2024-12-27 07:45,TX30,583.84,100,58403,19,0.03,0,175,0.30,-51,-0.09,-955,-0.95,2
2972,Entry short,2024-12-27 07:15,C0|S|MKT|15|v0.3.0-tier0|SPY,584.03,100,58403,19,0.03,0,175,0.30,-51,-0.09,-955,-0.95,2
2973,Exit short,2024-12-30 07:30,TX30,574.95,100,57535,40,0.07,0,78,0.14,-102,-0.18,-915,-0.91,2
2973,Entry short,2024-12-30 07:00,C0|S|MKT|15|v0.3.0-tier0|SPY,575.35,100,57535,40,0.07,0,78,0.14,-102,-0.18,-915,-0.91,2
2974,Exit long,2025-01-02 07:30,TX30,577.9,100,58024,-234,-0.40,0,94,0.16,-281,-0.48,-1149,-1.15,2
2974,Entry long,2025-01-02 07:00,C0|L|MKT|15|v0.3.0-tier0|SPY,580.24,100,58024,-234,-0.40,0,94,0.16,-281,-0.48,-1149,-1.15,2
2975,Exit long,2025-01-06 07:30,TX30,588.83,100,58787,96,0.16,0,105,0.18,-25,-0.04,-1053,-1.05,2
2975,Entry long,2025-01-06 07:00,C0|L|MKT|15|v0.3.0-tier0|SPY,587.87,100,58787,96,0.16,0,105,0.18,-25,-0.04,-1053,-1.05,2
2976,Exit short,2025-01-07 07:45,TX30,581.2,100,58308,188,0.32,0,229,0.39,-147,-0.25,-865,-0.86,2
2976,Entry short,2025-01-07 07:15,C0|S|MKT|15|v0.3.0-tier0|SPY,583.08,100,58308,188,0.32,0,229,0.39,-147,-0.25,-865,-0.86,2
2977,Exit short,2025-01-08 07:45,TX30,577.36,100,57665,-71,-0.12,0,51,0.09,-164,-0.28,-936,-0.94,2
2977,Entry short,2025-01-08 07:15,C0|S|MKT|15|v0.3.0-tier0|SPY,576.65,100,57665,-71,-0.12,0,51,0.09,-164,-0.28,-936,-0.94,2
2978,Exit short,2025-01-10 07:30,TX30,572.1,100,57315,105,0.18,0,375,0.65,0,0.00,-831,-0.83,2
2978,Entry short,2025-01-10 07:00,C0|S|MKT|15|v0.3.0-tier0|SPY,573.15,100,57315,105,0.18,0,375,0.65,0,0.00,-831,-0.83,2
2979,Exit long,2025-01-13 07:30,TX30,566.41,100,56807,-166,-0.29,0,82,0.14,-181,-0.32,-997,-1.00,2
2979,Entry long,2025-01-13 07:00,C0|L|MKT|15|v0.3.0-tier0|SPY,568.07,100,56807,-166,-0.29,0,82,0.14,-181,-0.32,-997,-1.00,2
2980,Exit short,2025-01-14 07:30,TX30,573.35,100,57250,-85,-0.15,0,12,0.02,-230,-0.40,-1082,-1.08,2
2980,Entry short,2025-01-14 07:00,C0|S|MKT|15|v0.3.0-tier0|SPY,572.5,100,57250,-85,-0.15,0,12,0.02,-230,-0.40,-1082,-1.08,2
2981,Exit long,2025-01-15 07:30,TX30,582.37,100,58201,36,0.06,0,97,0.17,-41,-0.07,-1046,-1.05,2
2981,Entry long,2025-01-15 07:00,C0|L|MKT|15|v0.3.0-tier0|SPY,582.01,100,58201,36,0.06,0,97,0.17,-41,-0.07,-1046,-1.05,2
2982,Exit short,2025-01-16 07:30,TX30,582.28,100,58221,-7,-0.01,0,84,0.14,-102,-0.18,-1053,-1.05,2
2982,Entry short,2025-01-16 07:00,C0|S|MKT|15|v0.3.0-tier0|SPY,582.21,100,58221,-7,-0.01,0,84,0.14,-102,-0.18,-1053,-1.05,2
2983,Exit short,2025-01-21 07:45,TX30,590.27,100,58887,-140,-0.24,0,19,0.03,-163,-0.28,-1193,-1.19,2
2983,Entry short,2025-01-21 07:15,C0|S|MKT|15|v0.3.0-tier0|SPY,588.87,100,58887,-140,-0.24,0,19,0.03,-163,-0.28,-1193,-1.19,2
2984,Exit long,2025-01-22 07:30,TX30,596.51,100,59629,22,0.04,0,54,0.09,-50,-0.08,-1171,-1.17,2
2984,Entry long,2025-01-22 07:00,C0|L|MKT|15|v0.3.0-tier0|SPY,596.29,100,59629,22,0.04,0,54,0.09,-50,-0.08,-1171,-1.17,2
2985,Exit short,2025-01-24 07:45,TX30,599.02,100,59929,27,0.05,0,48,0.08,-34,-0.06,-1144,-1.14,2
2985,Entry short,2025-01-24 07:15,C0|S|MKT|15|v0.3.0-tier0|SPY,599.29,100,59929,27,0.05,0,48,0.08,-34,-0.06,-1144,-1.14,2
2986,Exit long,2025-01-27 07:30,TX30,588.9,100,58852,38,0.06,0,60,0.10,-189,-0.32,-1106,-1.11,2
2986,Entry long,2025-01-27 07:00,C0|L|MKT|15|v0.3.0-tier0|SPY,588.52,100,58852,38,0.06,0,60,0.10,-189,-0.32,-1106,-1.11,2
2987,Exit long,2025-01-28 07:45,TX30,592.22,100,59071,151,0.26,0,193,0.33,-18,-0.03,-955,-0.95,2
2987,Entry long,2025-01-28 07:15,C0|L|MKT|15|v0.3.0-tier0|SPY,590.71,100,59071,151,0.26,0,193,0.33,-18,-0.03,-955,-0.95,2
2988,Exit long,2025-01-30 07:30,TX30,592.5,100,59478,-228,-0.38,0,0,0.00,-251,-0.42,-1183,-1.18,2
2988,Entry long,2025-01-30 07:00,C0|L|MKT|15|v0.3.0-tier0|SPY,594.78,100,59478,-228,-0.38,0,0,0.00,-251,-0.42,-1183,-1.18,2
2989,Exit long,2025-01-31 07:30,TX30,598.71,100,59788,83,0.14,0,89,0.15,-7,-0.01,-1100,-1.10,2
2989,Entry long,2025-01-31 07:00,C0|L|MKT|15|v0.3.0-tier0|SPY,597.88,100,59788,83,0.14,0,89,0.15,-7,-0.01,-1100,-1.10,2
2990,Exit short,2025-02-03 07:45,TX30,588.06,100,58114,-692,-1.19,0,58,0.10,-743,-1.28,-1792,-1.79,2
2990,Entry short,2025-02-03 07:15,C0|S|MKT|15|v0.3.0-tier0|SPY,581.14,100,58114,-692,-1.19,0,58,0.10,-743,-1.28,-1792,-1.79,2
2991,Exit long,2025-02-04 07:30,TX30,590.41,100,58894,147,0.25,0,208,0.35,-4,-0.01,-1645,-1.64,2
2991,Entry long,2025-02-04 07:00,C0|L|MKT|15|v0.3.0-tier0|SPY,588.94,100,58894,147,0.25,0,208,0.35,-4,-0.01,-1645,-1.64,2
2992,Exit short,2025-02-05 07:30,TX30,590.51,100,59002,-49,-0.08,0,151,0.26,-96,-0.16,-1694,-1.69,2
2992,Entry short,2025-02-05 07:00,C0|S|MKT|15|v0.3.0-tier0|SPY,590.02,100,59002,-49,-0.08,0,151,0.26,-96,-0.16,-1694,-1.69,2
2993,Exit short,2025-02-06 08:00,TX30,594.45,100,59477,32,0.05,0,78,0.13,-79,-0.13,-1662,-1.66,2
2993,Entry short,2025-02-06 07:30,C0|S|MKT|15|v0.3.0-tier0|SPY,594.77,100,59477,32,0.05,0,78,0.13,-79,-0.13,-1662,-1.66,2
2994,Exit long,2025-02-07 07:30,TX30,594.39,100,59754,-315,-0.53,0,4,0.01,-392,-0.66,-1977,-1.98,2
2994,Entry long,2025-02-07 07:00,C0|L|MKT|15|v0.3.0-tier0|SPY,597.54,100,59754,-315,-0.53,0,4,0.01,-392,-0.66,-1977,-1.98,2
2995,Exit long,2025-02-10 07:45,TX30,594.65,100,59422,43,0.07,0,58,0.10,-29,-0.05,-1934,-1.93,2
2995,Entry long,2025-02-10 07:15,C0|L|MKT|15|v0.3.0-tier0|SPY,594.22,100,59422,43,0.07,0,58,0.10,-29,-0.05,-1934,-1.93,2
2996,Exit long,2025-02-11 08:00,TX30,594.54,100,59399,55,0.09,0,105,0.18,-16,-0.03,-1879,-1.88,2
2996,Entry long,2025-02-11 07:30,C0|L|MKT|15|v0.3.0-tier0|SPY,593.99,100,59399,55,0.09,0,105,0.18,-16,-0.03,-1879,-1.88,2
2997,Exit long,2025-02-12 07:30,TX30,591.33,100,59124,9,0.02,0,98,0.17,-173,-0.29,-1870,-1.87,2
2997,Entry long,2025-02-12 07:00,C0|L|MKT|15|v0.3.0-tier0|SPY,591.24,100,59124,9,0.02,0,98,0.17,-173,-0.29,-1870,-1.87,2
2998,Exit long,2025-02-13 07:45,TX30,597.03,100,59510,193,0.32,0,217,0.36,0,0.00,-1677,-1.68,2
2998,Entry long,2025-02-13 07:15,C0|L|MKT|15|v0.3.0-tier0|SPY,595.1,100,59510,193,0.32,0,217,0.36,0,0.00,-1677,-1.68,2
2999,Exit long,2025-02-14 07:45,TX30,599.81,100,60038,-57,-0.09,0,12,0.02,-91,-0.15,-1734,-1.73,2
2999,Entry long,2025-02-14 07:15,C0|L|MKT|15|v0.3.0-tier0|SPY,600.38,100,60038,-57,-0.09,0,12,0.02,-91,-0.15,-1734,-1.73,2
3000,Exit short,2025-02-18 08:00,TX30,600.32,100,59937,-95,-0.16,0,23,0.04,-98,-0.16,-1829,-1.83,2
3000,Entry short,2025-02-18 07:30,C0|S|MKT|15|v0.3.0-tier0|SPY,599.37,100,59937,-95,-0.16,0,23,0.04,-98,-0.16,-1829,-1.83,2
3001,Exit short,2025-02-19 07:45,TX30,600.27,100,59943,-84,-0.14,0,7,0.01,-117,-0.20,-1913,-1.91,2
3001,Entry short,2025-02-19 07:15,C0|S|MKT|15|v0.3.0-tier0|SPY,599.43,100,59943,-84,-0.14,0,7,0.01,-117,-0.20,-1913,-1.91,2
3002,Exit short,2025-02-20 07:30,TX30,598.77,100,59816,-61,-0.10,0,136,0.23,-94,-0.16,-1974,-1.97,2
3002,Entry short,2025-02-20 07:00,C0|S|MKT|15|v0.3.0-tier0|SPY,598.16,100,59816,-61,-0.10,0,136,0.23,-94,-0.16,-1974,-1.97,2
3003,Exit short,2025-02-21 07:30,TX30,596.53,100,59823,170,0.28,0,190,0.32,-18,-0.03,-1804,-1.80,2
3003,Entry short,2025-02-21 07:00,C0|S|MKT|15|v0.3.0-tier0|SPY,598.23,100,59823,170,0.28,0,190,0.32,-18,-0.03,-1804,-1.80,2
3004,Exit short,2025-02-24 07:30,TX30,587.86,100,58868,82,0.14,0,224,0.38,-67,-0.11,-1722,-1.72,2
3004,Entry short,2025-02-24 07:00,C0|S|MKT|15|v0.3.0-tier0|SPY,588.68,100,58868,82,0.14,0,224,0.38,-67,-0.11,-1722,-1.72,2
3005,Exit short,2025-02-25 07:30,TX30,580.9,100,58524,434,0.74,0,451,0.77,-2,0.00,-1288,-1.29,2
3005,Entry short,2025-02-25 07:00,C0|S|MKT|15|v0.3.0-tier0|SPY,585.24,100,58524,434,0.74,0,451,0.77,-2,0.00,-1288,-1.29,2
3006,Exit long,2025-02-26 07:30,TX30,587.87,100,58765,22,0.04,0,153,0.26,-45,-0.08,-1266,-1.27,2
3006,Entry long,2025-02-26 07:00,C0|L|MKT|15|v0.3.0-tier0|SPY,587.65,100,58765,22,0.04,0,153,0.26,-45,-0.08,-1266,-1.27,2
3007,Exit short,2025-02-27 07:30,TX30,585.43,100,58246,-297,-0.51,0,188,0.32,-402,-0.69,-1563,-1.56,2
3007,Entry short,2025-02-27 07:00,C0|S|MKT|15|v0.3.0-tier0|SPY,582.46,100,58246,-297,-0.51,0,188,0.32,-402,-0.69,-1563,-1.56,2
3008,Exit long,2025-02-28 07:45,TX30,577.55,100,57759,-4,-0.01,0,120,0.21,-166,-0.29,-1567,-1.57,2
3008,Entry long,2025-02-28 07:15,C0|L|MKT|15|v0.3.0-tier0|SPY,577.59,100,57759,-4,-0.01,0,120,0.21,-166,-0.29,-1567,-1.57,2
3009,Exit short,2025-03-03 07:30,TX30,584.09,100,58279,-130,-0.22,0,204,0.35,-134,-0.23,-1697,-1.70,2
3009,Entry short,2025-03-03 07:00,C0|S|MKT|15|v0.3.0-tier0|SPY,582.79,100,58279,-130,-0.22,0,204,0.35,-134,-0.23,-1697,-1.70,2
3010,Exit short,2025-03-04 07:30,TX30,564.85,100,56601,116,0.20,0,340,0.60,-46,-0.08,-1581,-1.58,2
3010,Entry short,2025-03-04 07:00,C0|S|MKT|15|v0.3.0-tier0|SPY,566.01,100,56601,116,0.20,0,340,0.60,-46,-0.08,-1581,-1.58,2
3011,Exit short,2025-03-05 07:30,TX30,566.28,100,56615,-13,-0.02,0,43,0.08,-373,-0.66,-1594,-1.59,2
3011,Entry short,2025-03-05 07:00,C0|S|MKT|15|v0.3.0-tier0|SPY,566.15,100,56615,-13,-0.02,0,43,0.08,-373,-0.66,-1594,-1.59,2
3012,Exit long,2025-03-06 07:45,TX30,569.97,100,56772,225,0.40,0,258,0.45,-43,-0.08,-1369,-1.37,2
3012,Entry long,2025-03-06 07:15,C0|L|MKT|15|v0.3.0-tier0|SPY,567.72,100,56772,225,0.40,0,258,0.45,-43,-0.08,-1369,-1.37,2
3013,Exit short,2025-03-10 08:00,TX30,554.46,100,55601,155,0.28,0,243,0.44,-51,-0.09,-1214,-1.21,2
3013,Entry short,2025-03-10 07:30,C0|S|MKT|15|v0.3.0-tier0|SPY,556.01,100,55601,155,0.28,0,243,0.44,-51,-0.09,-1214,-1.21,2
3014,Exit short,2025-03-11 07:45,TX30,545.9,100,54861,271,0.49,0,389,0.71,-84,-0.15,-943,-0.94,2
3014,Entry short,2025-03-11 07:15,C0|S|MKT|15|v0.3.0-tier0|SPY,548.61,100,54861,271,0.49,0,389,0.71,-84,-0.15,-943,-0.94,2
3015,Exit short,2025-03-12 07:30,TX30,549.65,100,55005,40,0.07,0,147,0.27,-108,-0.20,-903,-0.90,2
3015,Entry short,2025-03-12 07:00,C0|S|MKT|15|v0.3.0-tier0|SPY,550.05,100,55005,40,0.07,0,147,0.27,-108,-0.20,-903,-0.90,2
3016,Exit short,2025-03-13 07:30,TX30,547.75,100,54557,-218,-0.40,0,46,0.08,-412,-0.76,-1121,-1.12,2
3016,Entry short,2025-03-13 07:00,C0|S|MKT|15|v0.3.0-tier0|SPY,545.57,100,54557,-218,-0.40,0,46,0.08,-412,-0.76,-1121,-1.12,2
3017,Exit long,2025-03-14 07:30,TX30,547.63,100,54829,-66,-0.12,0,120,0.22,-214,-0.39,-1187,-1.19,2
3017,Entry long,2025-03-14 07:00,C0|L|MKT|15|v0.3.0-tier0|SPY,548.29,100,54829,-66,-0.12,0,120,0.22,-214,-0.39,-1187,-1.19,2
3018,Exit long,2025-03-17 07:45,TX30,556,100,55667,-67,-0.12,0,9,0.02,-222,-0.40,-1254,-1.25,2
3018,Entry long,2025-03-17 07:15,C0|L|MKT|15|v0.3.0-tier0|SPY,556.67,100,55667,-67,-0.12,0,9,0.02,-222,-0.40,-1254,-1.25,2
3019,Exit short,2025-03-18 07:30,TX30,551.83,100,55136,-47,-0.09,0,64,0.12,-85,-0.15,-1301,-1.30,2
3019,Entry short,2025-03-18 07:00,C0|S|MKT|15|v0.3.0-tier0|SPY,551.36,100,55136,-47,-0.09,0,64,0.12,-85,-0.15,-1301,-1.30,2
3020,Exit long,2025-03-19 07:30,TX30,554.98,100,55455,43,0.08,0,129,0.23,0,0.00,-1258,-1.26,2
3020,Entry long,2025-03-19 07:00,C0|L|MKT|15|v0.3.0-tier0|SPY,554.55,100,55455,43,0.08,0,129,0.23,0,0.00,-1258,-1.26,2
3021,Exit long,2025-03-20 07:30,TX30,559.95,100,55711,284,0.51,0,335,0.60,-19,-0.03,-974,-0.97,2
3021,Entry long,2025-03-20 07:00,C0|L|MKT|15|v0.3.0-tier0|SPY,557.11,100,55711,284,0.51,0,335,0.60,-19,-0.03,-974,-0.97,2
3022,Exit long,2025-03-24 07:30,TX30,565.19,100,56480,39,0.07,0,58,0.10,-73,-0.13,-935,-0.93,2
3022,Entry long,2025-03-24 07:00,C0|L|MKT|15|v0.3.0-tier0|SPY,564.8,100,56480,39,0.07,0,58,0.10,-73,-0.13,-935,-0.93,2
3023,Exit long,2025-03-25 08:00,TX30,567.98,100,56782,16,0.03,0,60,0.11,-43,-0.08,-919,-0.92,2
3023,Entry long,2025-03-25 07:30,C0|L|MKT|15|v0.3.0-tier0|SPY,567.82,100,56782,16,0.03,0,60,0.11,-43,-0.08,-919,-0.92,2
3024,Exit short,2025-03-26 07:30,TX30,565.36,100,56566,30,0.05,0,110,0.19,-89,-0.16,-889,-0.89,2
3024,Entry short,2025-03-26 07:00,C0|S|MKT|15|v0.3.0-tier0|SPY,565.66,100,56566,30,0.05,0,110,0.19,-89,-0.16,-889,-0.89,2
3025,Exit long,2025-03-27 07:30,TX30,561.62,100,56043,119,0.21,0,123,0.22,-76,-0.14,-770,-0.77,2
3025,Entry long,2025-03-27 07:00,C0|L|MKT|15|v0.3.0-tier0|SPY,560.43,100,56043,119,0.21,0,123,0.22,-76,-0.14,-770,-0.77,2
3026,Exit short,2025-03-28 07:30,TX30,551.81,100,55606,425,0.76,0,435,0.78,-47,-0.08,-345,-0.34,2
3026,Entry short,2025-03-28 07:00,C0|S|MKT|15|v0.3.0-tier0|SPY,556.06,100,55606,425,0.76,0,435,0.78,-47,-0.08,-345,-0.34,2
3027,Exit long,2025-03-31 07:45,TX30,543.23,100,54324,-1,0.00,0,101,0.19,-142,-0.26,-346,-0.35,2
3027,Entry long,2025-03-31 07:15,C0|L|MKT|15|v0.3.0-tier0|SPY,543.24,100,54324,-1,0.00,0,101,0.19,-142,-0.26,-346,-0.35,2
3028,Exit short,2025-04-01 07:45,TX30,550.24,100,54663,-361,-0.66,0,64,0.12,-425,-0.78,-707,-0.71,2
3028,Entry short,2025-04-01 07:15,C0|S|MKT|15|v0.3.0-tier0|SPY,546.63,100,54663,-361,-0.66,0,64,0.12,-425,-0.78,-707,-0.71,2
3029,Exit long,2025-04-02 07:45,TX30,553.05,100,55134,171,0.31,0,244,0.44,-17,-0.03,-536,-0.54,2
3029,Entry long,2025-04-02 07:15,C0|L|MKT|15|v0.3.0-tier0|SPY,551.34,100,55134,171,0.31,0,244,0.44,-17,-0.03,-536,-0.54,2
3030,Exit short,2025-04-03 07:45,TX30,534.67,100,53515,48,0.09,0,109,0.20,-119,-0.22,-488,-0.49,2
3030,Entry short,2025-04-03 07:15,C0|S|MKT|15|v0.3.0-tier0|SPY,535.15,100,53515,48,0.09,0,109,0.20,-119,-0.22,-488,-0.49,2
3031,Exit short,2025-04-04 07:45,TX30,507.48,100,51117,369,0.72,0,390,0.76,-107,-0.21,-119,-0.12,2
3031,Entry short,2025-04-04 07:15,C0|S|MKT|15|v0.3.0-tier0|SPY,511.17,100,51117,369,0.72,0,390,0.76,-107,-0.21,-119,-0.12,2
3032,Exit long,2025-04-07 07:30,TX30,491.34,100,48878,256,0.52,0,2708,5.54,-227,-0.46,137,0.14,2
3032,Entry long,2025-04-07 07:00,C0|L|MKT|15|v0.3.0-tier0|SPY,488.78,100,48878,256,0.52,0,2708,5.54,-227,-0.46,137,0.14,2
3033,Exit long,2025-04-08 07:30,TX30,516.1,100,51533,77,0.15,0,238,0.46,-41,-0.08,214,0.21,2
3033,Entry long,2025-04-08 07:00,C0|L|MKT|15|v0.3.0-tier0|SPY,515.33,100,51533,77,0.15,0,238,0.46,-41,-0.08,214,0.21,2
3034,Exit short,2025-04-10 07:45,TX30,522.62,100,52037,-225,-0.43,0,65,0.12,-421,-0.81,-11,-0.01,2
3034,Entry short,2025-04-10 07:15,C0|S|MKT|15|v0.3.0-tier0|SPY,520.37,100,52037,-225,-0.43,0,65,0.12,-421,-0.81,-11,-0.01,2
3035,Exit long,2025-04-11 07:30,TX30,513.57,100,51919,-562,-1.08,0,190,0.37,-634,-1.22,-573,-0.57,2
3035,Entry long,2025-04-11 07:00,C0|L|MKT|15|v0.3.0-tier0|SPY,519.19,100,51919,-562,-1.08,0,190,0.37,-634,-1.22,-573,-0.57,2
3036,Exit short,2025-04-16 07:30,TX30,524.39,100,52255,-184,-0.35,0,23,0.04,-228,-0.44,-757,-0.76,2
3036,Entry short,2025-04-16 07:00,C0|S|MKT|15|v0.3.0-tier0|SPY,522.55,100,52255,-184,-0.35,0,23,0.04,-228,-0.44,-757,-0.76,2
3037,Exit long,2025-04-17 07:30,TX30,517.98,100,52125,-327,-0.63,0,56,0.11,-338,-0.65,-1084,-1.08,2
3037,Entry long,2025-04-17 07:00,C0|L|MKT|15|v0.3.0-tier0|SPY,521.25,100,52125,-327,-0.63,0,56,0.11,-338,-0.65,-1084,-1.08,2
3038,Exit short,2025-04-21 07:30,TX30,508.48,100,51034,186,0.36,0,230,0.45,0,0.00,-898,-0.90,2
3038,Entry short,2025-04-21 07:00,C0|S|MKT|15|v0.3.0-tier0|SPY,510.34,100,51034,186,0.36,0,230,0.45,0,0.00,-898,-0.90,2
3039,Exit long,2025-04-22 07:30,TX30,515.81,100,51472,109,0.21,0,146,0.28,-16,-0.03,-789,-0.79,2
3039,Entry long,2025-04-22 07:00,C0|L|MKT|15|v0.3.0-tier0|SPY,514.72,100,51472,109,0.21,0,146,0.28,-16,-0.03,-789,-0.79,2
3040,Exit long,2025-04-24 07:30,TX30,534.71,100,53200,271,0.51,0,281,0.53,-47,-0.09,-518,-0.52,2
3040,Entry long,2025-04-24 07:00,C0|L|MKT|15|v0.3.0-tier0|SPY,532,100,53200,271,0.51,0,281,0.53,-47,-0.09,-518,-0.52,2
3041,Exit short,2025-04-25 07:30,TX30,537.11,100,53738,27,0.05,0,104,0.19,-295,-0.55,-491,-0.49,2
3041,Entry short,2025-04-25 07:00,C0|S|MKT|15|v0.3.0-tier0|SPY,537.38,100,53738,27,0.05,0,104,0.19,-295,-0.55,-491,-0.49,2
3042,Exit short,2025-04-28 07:30,TX30,543.33,100,54270,-63,-0.12,0,66,0.12,-174,-0.32,-554,-0.55,2
3042,Entry short,2025-04-28 07:00,C0|S|MKT|15|v0.3.0-tier0|SPY,542.7,100,54270,-63,-0.12,0,66,0.12,-174,-0.32,-554,-0.55,2
3043,Exit long,2025-04-29 07:30,TX30,542.25,100,54303,-78,-0.14,0,209,0.38,-123,-0.23,-632,-0.63,2
3043,Entry long,2025-04-29 07:00,C0|L|MKT|15|v0.3.0-tier0|SPY,543.03,100,54303,-78,-0.14,0,209,0.38,-123,-0.23,-632,-0.63,2
3044,Exit short,2025-04-30 07:30,TX30,538.73,100,53430,-443,-0.83,0,17,0.03,-461,-0.86,-1075,-1.07,2
3044,Entry short,2025-04-30 07:00,C0|S|MKT|15|v0.3.0-tier0|SPY,534.3,100,53430,-443,-0.83,0,17,0.03,-461,-0.86,-1075,-1.07,2
3045,Exit short,2025-05-01 07:30,TX30,554.25,100,55110,-315,-0.57,0,0,0.00,-331,-0.60,-1390,-1.39,2
3045,Entry short,2025-05-01 07:00,C0|S|MKT|15|v0.3.0-tier0|SPY,551.1,100,55110,-315,-0.57,0,0,0.00,-331,-0.60,-1390,-1.39,2
3046,Exit short,2025-05-02 07:30,TX30,558.44,100,55577,-267,-0.48,0,31,0.06,-269,-0.48,-1657,-1.66,2
3046,Entry short,2025-05-02 07:00,C0|S|MKT|15|v0.3.0-tier0|SPY,555.77,100,55577,-267,-0.48,0,31,0.06,-269,-0.48,-1657,-1.66,2
3047,Exit long,2025-05-05 08:00,TX30,557.16,100,55587,129,0.23,0,148,0.27,-76,-0.14,-1528,-1.53,2
3047,Entry long,2025-05-05 07:30,C0|L|MKT|15|v0.3.0-tier0|SPY,555.87,100,55587,129,0.23,0,148,0.27,-76,-0.14,-1528,-1.53,2
3048,Exit short,2025-05-06 07:30,TX30,552.82,100,54967,-315,-0.57,0,29,0.05,-344,-0.63,-1843,-1.84,2
3048,Entry short,2025-05-06 07:00,C0|S|MKT|15|v0.3.0-tier0|SPY,549.67,100,54967,-315,-0.57,0,29,0.05,-344,-0.63,-1843,-1.84,2
3049,Exit long,2025-05-07 07:30,TX30,554.04,100,55369,35,0.06,0,46,0.08,-49,-0.09,-1808,-1.81,2
3049,Entry long,2025-05-07 07:00,C0|L|MKT|15|v0.3.0-tier0|SPY,553.69,100,55369,35,0.06,0,46,0.08,-49,-0.09,-1808,-1.81,2
3050,Exit short,2025-05-08 07:30,TX30,556.59,100,55631,-28,-0.05,0,180,0.32,-67,-0.12,-1836,-1.84,2
3050,Entry short,2025-05-08 07:00,C0|S|MKT|15|v0.3.0-tier0|SPY,556.31,100,55631,-28,-0.05,0,180,0.32,-67,-0.12,-1836,-1.84,2
3051,Exit short,2025-05-09 08:00,TX30,556.76,100,55662,-14,-0.03,0,165,0.30,-42,-0.08,-1850,-1.85,2
3051,Entry short,2025-05-09 07:30,C0|S|MKT|15|v0.3.0-tier0|SPY,556.62,100,55662,-14,-0.03,0,165,0.30,-42,-0.08,-1850,-1.85,2
3052,Exit short,2025-05-12 08:00,TX30,571.03,100,57025,-78,-0.14,0,122,0.21,-188,-0.33,-1928,-1.93,2
3052,Entry short,2025-05-12 07:30,C0|S|MKT|15|v0.3.0-tier0|SPY,570.25,100,57025,-78,-0.14,0,122,0.21,-188,-0.33,-1928,-1.93,2
3053,Exit long,2025-05-13 07:30,TX30,578.7,100,57716,154,0.27,0,258,0.45,-6,-0.01,-1774,-1.77,2
3053,Entry long,2025-05-13 07:00,C0|L|MKT|15|v0.3.0-tier0|SPY,577.16,100,57716,154,0.27,0,258,0.45,-6,-0.01,-1774,-1.77,2
3054,Exit short,2025-05-14 07:30,TX30,579.34,100,57939,5,0.01,0,113,0.20,-25,-0.04,-1769,-1.77,2
3054,Entry short,2025-05-14 07:00,C0|S|MKT|15|v0.3.0-tier0|SPY,579.39,100,57939,5,0.01,0,113,0.20,-25,-0.04,-1769,-1.77,2
3055,Exit long,2025-05-19 07:30,TX30,584.05,100,58302,103,0.18,0,204,0.35,-17,-0.03,-1666,-1.67,2
3055,Entry long,2025-05-19 07:00,C0|L|MKT|15|v0.3.0-tier0|SPY,583.02,100,58302,103,0.18,0,204,0.35,-17,-0.03,-1666,-1.67,2
3056,Exit long,2025-05-21 07:45,TX30,581.14,100,58182,-68,-0.12,0,54,0.09,-82,-0.14,-1734,-1.73,2
3056,Entry long,2025-05-21 07:15,C0|L|MKT|15|v0.3.0-tier0|SPY,581.82,100,58182,-68,-0.12,0,54,0.09,-82,-0.14,-1734,-1.73,2
3057,Exit long,2025-05-22 07:30,TX30,574.76,100,57610,-134,-0.23,0,95,0.16,-167,-0.29,-1868,-1.87,2
3057,Entry long,2025-05-22 07:00,C0|L|MKT|15|v0.3.0-tier0|SPY,576.1,100,57610,-134,-0.23,0,95,0.16,-167,-0.29,-1868,-1.87,2
3058,Exit long,2025-05-23 07:45,TX30,570.39,100,57023,16,0.03,0,47,0.08,-130,-0.23,-1852,-1.85,2
3058,Entry long,2025-05-23 07:15,C0|L|MKT|15|v0.3.0-tier0|SPY,570.23,100,57023,16,0.03,0,47,0.08,-130,-0.23,-1852,-1.85,2
3059,Exit long,2025-05-27 07:45,TX30,579.95,100,57890,105,0.18,0,120,0.21,-7,-0.01,-1747,-1.75,2
3059,Entry long,2025-05-27 07:15,C0|L|MKT|15|v0.3.0-tier0|SPY,578.9,100,57890,105,0.18,0,120,0.21,-7,-0.01,-1747,-1.75,2
3060,Exit short,2025-05-28 07:30,TX30,582.05,100,58260,55,0.09,0,81,0.14,-35,-0.06,-1692,-1.69,2
3060,Entry short,2025-05-28 07:00,C0|S|MKT|15|v0.3.0-tier0|SPY,582.6,100,58260,55,0.09,0,81,0.14,-35,-0.06,-1692,-1.69,2
3061,Exit short,2025-05-29 07:45,TX30,581.56,100,58152,-4,-0.01,0,119,0.20,-77,-0.13,-1696,-1.70,2
3061,Entry short,2025-05-29 07:15,C0|S|MKT|15|v0.3.0-tier0|SPY,581.52,100,58152,-4,-0.01,0,119,0.20,-77,-0.13,-1696,-1.70,2
3062,Exit short,2025-05-30 07:30,TX30,581.4,100,57891,-249,-0.43,0,4,0.01,-261,-0.45,-1945,-1.94,2
3062,Entry short,2025-05-30 07:00,C0|S|MKT|15|v0.3.0-tier0|SPY,578.91,100,57891,-249,-0.43,0,4,0.01,-261,-0.45,-1945,-1.94,2
3063,Exit short,2025-06-02 07:30,TX30,580.41,100,57849,-192,-0.33,0,155,0.27,-195,-0.34,-2137,-2.14,2
3063,Entry short,2025-06-02 07:00,C0|S|MKT|15|v0.3.0-tier0|SPY,578.49,100,57849,-192,-0.33,0,155,0.27,-195,-0.34,-2137,-2.14,2
3064,Exit long,2025-06-03 08:00,TX30,586.12,100,58565,47,0.08,0,51,0.09,-71,-0.12,-2090,-2.09,2
3064,Entry long,2025-06-03 07:30,C0|L|MKT|15|v0.3.0-tier0|SPY,585.65,100,58565,47,0.08,0,51,0.09,-71,-0.12,-2090,-2.09,2
3065,Exit short,2025-06-04 07:45,TX30,588.72,100,58851,-21,-0.04,0,14,0.02,-98,-0.17,-2111,-2.11,2
3065,Entry short,2025-06-04 07:15,C0|S|MKT|15|v0.3.0-tier0|SPY,588.51,100,58851,-21,-0.04,0,14,0.02,-98,-0.17,-2111,-2.11,2
3066,Exit short,2025-06-05 07:30,TX30,587.89,100,58605,-184,-0.31,0,11,0.02,-189,-0.32,-2295,-2.30,2
3066,Entry short,2025-06-05 07:00,C0|S|MKT|15|v0.3.0-tier0|SPY,586.05,100,58605,-184,-0.31,0,11,0.02,-189,-0.32,-2295,-2.30,2
3067,Exit long,2025-06-10 08:00,TX30,592.73,100,59286,-13,-0.02,0,59,0.10,-19,-0.03,-2308,-2.31,2
3067,Entry long,2025-06-10 07:30,C0|L|MKT|15|v0.3.0-tier0|SPY,592.86,100,59286,-13,-0.02,0,59,0.10,-19,-0.03,-2308,-2.31,2
3068,Exit long,2025-06-11 08:00,TX30,596.31,100,59635,-4,-0.01,0,32,0.05,-36,-0.06,-2312,-2.31,2
3068,Entry long,2025-06-11 07:30,C0|L|MKT|15|v0.3.0-tier0|SPY,596.35,100,59635,-4,-0.01,0,32,0.05,-36,-0.06,-2312,-2.31,2
3069,Exit long,2025-06-12 07:45,TX30,594.58,100,59351,107,0.18,0,124,0.21,-6,-0.01,-2205,-2.20,2
3069,Entry long,2025-06-12 07:15,C0|L|MKT|15|v0.3.0-tier0|SPY,593.51,100,59351,107,0.18,0,124,0.21,-6,-0.01,-2205,-2.20,2
3070,Exit short,2025-06-13 07:30,TX30,588.5,100,58988,138,0.23,0,154,0.26,-98,-0.17,-2067,-2.07,2
3070,Entry short,2025-06-13 07:00,C0|S|MKT|15|v0.3.0-tier0|SPY,589.88,100,58988,138,0.23,0,154,0.26,-98,-0.17,-2067,-2.07,2
3071,Exit long,2025-06-16 07:30,TX30,595.69,100,59469,100,0.17,0,112,0.19,-9,-0.02,-1967,-1.97,2
3071,Entry long,2025-06-16 07:00,C0|L|MKT|15|v0.3.0-tier0|SPY,594.69,100,59469,100,0.17,0,112,0.19,-9,-0.02,-1967,-1.97,2
3072,Exit long,2025-06-17 07:45,TX30,592.28,100,59317,-89,-0.15,0,9,0.02,-101,-0.17,-2056,-2.06,2
3072,Entry long,2025-06-17 07:15,C0|L|MKT|15|v0.3.0-tier0|SPY,593.17,100,59317,-89,-0.15,0,9,0.02,-101,-0.17,-2056,-2.06,2
3073,Exit long,2025-06-18 07:30,TX30,592.46,100,59082,164,0.28,0,188,0.32,-38,-0.06,-1892,-1.89,2
3073,Entry long,2025-06-18 07:00,C0|L|MKT|15|v0.3.0-tier0|SPY,590.82,100,59082,164,0.28,0,188,0.32,-38,-0.06,-1892,-1.89,2
3074,Exit short,2025-06-20 07:30,TX30,589.62,100,59079,117,0.20,0,200,0.34,-25,-0.04,-1775,-1.77,2
3074,Entry short,2025-06-20 07:00,C0|S|MKT|15|v0.3.0-tier0|SPY,590.79,100,59079,117,0.20,0,200,0.34,-25,-0.04,-1775,-1.77,2
3075,Exit long,2025-06-23 07:30,TX30,591,100,59012,88,0.15,0,161,0.27,0,0.00,-1687,-1.69,2
3075,Entry long,2025-06-23 07:00,C0|L|MKT|15|v0.3.0-tier0|SPY,590.12,100,59012,88,0.15,0,161,0.27,0,0.00,-1687,-1.69,2
3076,Exit short,2025-06-25 07:45,TX30,601.47,100,60083,-64,-0.11,0,18,0.03,-69,-0.11,-1751,-1.75,2
3076,Entry short,2025-06-25 07:15,C0|S|MKT|15|v0.3.0-tier0|SPY,600.83,100,60083,-64,-0.11,0,18,0.03,-69,-0.11,-1751,-1.75,2
3077,Exit long,2025-06-26 07:45,TX30,603.32,100,60272,60,0.10,0,117,0.19,-13,-0.02,-1691,-1.69,2
3077,Entry long,2025-06-26 07:15,C0|L|MKT|15|v0.3.0-tier0|SPY,602.72,100,60272,60,0.10,0,117,0.19,-13,-0.02,-1691,-1.69,2
3078,Exit long,2025-06-27 07:30,TX30,608.17,100,60769,48,0.08,0,106,0.17,0,0.00,-1643,-1.64,2
3078,Entry long,2025-06-27 07:00,C0|L|MKT|15|v0.3.0-tier0|SPY,607.69,100,60769,48,0.08,0,106,0.17,0,0.00,-1643,-1.64,2
3079,Exit long,2025-07-01 07:30,TX30,610.34,100,61047,-13,-0.02,0,82,0.13,-48,-0.08,-1656,-1.66,2
3079,Entry long,2025-07-01 07:00,C0|L|MKT|15|v0.3.0-tier0|SPY,610.47,100,61047,-13,-0.02,0,82,0.13,-48,-0.08,-1656,-1.66,2
3080,Exit long,2025-07-02 07:45,TX30,611.56,100,61115,41,0.07,0,118,0.19,-5,-0.01,-1615,-1.62,2
3080,Entry long,2025-07-02 07:15,C0|L|MKT|15|v0.3.0-tier0|SPY,611.15,100,61115,41,0.07,0,118,0.19,-5,-0.01,-1615,-1.62,2
3081,Exit long,2025-07-03 07:30,TX30,618.15,100,61723,92,0.15,0,103,0.17,-1,0.00,-1523,-1.52,2
3081,Entry long,2025-07-03 07:00,C0|L|MKT|15|v0.3.0-tier0|SPY,617.23,100,61723,92,0.15,0,103,0.17,-1,0.00,-1523,-1.52,2
3082,Exit short,2025-07-07 07:45,TX30,615.85,100,61593,8,0.01,0,23,0.04,-66,-0.11,-1515,-1.51,2
3082,Entry short,2025-07-07 07:15,C0|S|MKT|15|v0.3.0-tier0|SPY,615.93,100,61593,8,0.01,0,23,0.04,-66,-0.11,-1515,-1.51,2
3083,Exit short,2025-07-08 07:45,TX30,614.28,100,61352,-76,-0.12,0,66,0.11,-116,-0.19,-1591,-1.59,2
3083,Entry short,2025-07-08 07:15,C0|S|MKT|15|v0.3.0-tier0|SPY,613.52,100,61352,-76,-0.12,0,66,0.11,-116,-0.19,-1591,-1.59,2
3084,Exit long,2025-07-09 07:30,TX30,616.55,100,61739,-84,-0.14,0,30,0.05,-107,-0.17,-1675,-1.67,2
3084,Entry long,2025-07-09 07:00,C0|L|MKT|15|v0.3.0-tier0|SPY,617.39,100,61739,-84,-0.14,0,30,0.05,-107,-0.17,-1675,-1.67,2
3085,Exit short,2025-07-10 07:30,TX30,616.93,100,61659,-34,-0.06,0,41,0.07,-84,-0.14,-1709,-1.71,2
3085,Entry short,2025-07-10 07:00,C0|S|MKT|15|v0.3.0-tier0|SPY,616.59,100,61659,-34,-0.06,0,41,0.07,-84,-0.14,-1709,-1.71,2
3086,Exit long,2025-07-11 07:45,TX30,617.13,100,61674,39,0.06,0,80,0.13,-17,-0.03,-1670,-1.67,2
3086,Entry long,2025-07-11 07:15,C0|L|MKT|15|v0.3.0-tier0|SPY,616.74,100,61674,39,0.06,0,80,0.13,-17,-0.03,-1670,-1.67,2
3087,Exit short,2025-07-15 07:30,TX30,618.64,100,61881,17,0.03,0,39,0.06,-73,-0.12,-1653,-1.65,2
3087,Entry short,2025-07-15 07:00,C0|S|MKT|15|v0.3.0-tier0|SPY,618.81,100,61881,17,0.03,0,39,0.06,-73,-0.12,-1653,-1.65,2
3088,Exit short,2025-07-16 07:30,TX30,615.67,100,61529,-38,-0.06,0,42,0.07,-74,-0.12,-1691,-1.69,2
3088,Entry short,2025-07-16 07:00,C0|S|MKT|15|v0.3.0-tier0|SPY,615.29,100,61529,-38,-0.06,0,42,0.07,-74,-0.12,-1691,-1.69,2
3089,Exit long,2025-07-17 07:30,TX30,618.61,100,61894,-33,-0.05,0,43,0.07,-95,-0.15,-1724,-1.72,2
3089,Entry long,2025-07-17 07:00,C0|L|MKT|15|v0.3.0-tier0|SPY,618.94,100,61894,-33,-0.05,0,43,0.07,-95,-0.15,-1724,-1.72,2
3090,Exit short,2025-07-18 07:45,TX30,620.58,100,62118,60,0.10,0,87,0.14,-15,-0.02,-1664,-1.66,2
3090,Entry short,2025-07-18 07:15,C0|S|MKT|15|v0.3.0-tier0|SPY,621.18,100,62118,60,0.10,0,87,0.14,-15,-0.02,-1664,-1.66,2
3091,Exit long,2025-07-21 07:30,TX30,624.33,100,62367,66,0.11,0,74,0.12,-20,-0.03,-1598,-1.60,2
3091,Entry long,2025-07-21 07:00,C0|L|MKT|15|v0.3.0-tier0|SPY,623.67,100,62367,66,0.11,0,74,0.12,-20,-0.03,-1598,-1.60,2
3092,Exit short,2025-07-22 07:30,TX30,620.21,100,62001,-20,-0.03,0,63,0.10,-53,-0.09,-1618,-1.62,2
3092,Entry short,2025-07-22 07:00,C0|S|MKT|15|v0.3.0-tier0|SPY,620.01,100,62001,-20,-0.03,0,63,0.10,-53,-0.09,-1618,-1.62,2
3093,Exit short,2025-07-23 07:30,TX30,623.81,100,62309,-72,-0.12,0,26,0.04,-73,-0.12,-1690,-1.69,2
3093,Entry short,2025-07-23 07:00,C0|S|MKT|15|v0.3.0-tier0|SPY,623.09,100,62309,-72,-0.12,0,26,0.04,-73,-0.12,-1690,-1.69,2
3094,Exit long,2025-07-24 07:30,TX30,627.86,100,62817,-31,-0.05,0,20,0.03,-106,-0.17,-1721,-1.72,2
3094,Entry long,2025-07-24 07:00,C0|L|MKT|15|v0.3.0-tier0|SPY,628.17,100,62817,-31,-0.05,0,20,0.03,-106,-0.17,-1721,-1.72,2
3095,Exit long,2025-07-28 07:45,TX30,630.84,100,63097,-13,-0.02,0,8,0.01,-64,-0.10,-1734,-1.73,2
3095,Entry long,2025-07-28 07:15,C0|L|MKT|15|v0.3.0-tier0|SPY,630.97,100,63097,-13,-0.02,0,8,0.01,-64,-0.10,-1734,-1.73,2
3096,Exit short,2025-07-29 07:45,TX30,630.22,100,63087,65,0.10,0,68,0.11,-18,-0.03,-1669,-1.67,2
3096,Entry short,2025-07-29 07:15,C0|S|MKT|15|v0.3.0-tier0|SPY,630.87,100,63087,65,0.10,0,68,0.11,-18,-0.03,-1669,-1.67,2
3097,Exit long,2025-07-30 08:00,TX30,629.26,100,62936,-10,-0.02,0,48,0.08,-13,-0.02,-1679,-1.68,2
3097,Entry long,2025-07-30 07:30,C0|L|MKT|15|v0.3.0-tier0|SPY,629.36,100,62936,-10,-0.02,0,48,0.08,-13,-0.02,-1679,-1.68,2
3098,Exit short,2025-08-01 07:30,TX30,616.54,100,61458,-196,-0.32,0,172,0.28,-209,-0.34,-1875,-1.87,2
3098,Entry short,2025-08-01 07:00,C0|S|MKT|15|v0.3.0-tier0|SPY,614.58,100,61458,-196,-0.32,0,172,0.28,-209,-0.34,-1875,-1.87,2
3099,Exit long,2025-08-04 07:30,TX30,622.51,100,62212,39,0.06,0,51,0.08,-74,-0.12,-1836,-1.84,2
3099,Entry long,2025-08-04 07:00,C0|L|MKT|15|v0.3.0-tier0|SPY,622.12,100,62212,39,0.06,0,51,0.08,-74,-0.12,-1836,-1.84,2
3100,Exit short,2025-08-05 07:45,TX30,620.93,100,62344,251,0.40,0,269,0.43,-27,-0.04,-1585,-1.58,2
3100,Entry short,2025-08-05 07:15,C0|S|MKT|15|v0.3.0-tier0|SPY,623.44,100,62344,251,0.40,0,269,0.43,-27,-0.04,-1585,-1.58,2
3101,Exit short,2025-08-07 07:45,TX30,627.04,100,62771,67,0.11,0,153,0.24,-7,-0.01,-1518,-1.52,2
3101,Entry short,2025-08-07 07:15,C0|S|MKT|15|v0.3.0-tier0|SPY,627.71,100,62771,67,0.11,0,153,0.24,-7,-0.01,-1518,-1.52,2
3102,Exit long,2025-08-08 07:30,TX30,629.46,100,62889,57,0.09,0,91,0.14,-11,-0.02,-1461,-1.46,2
3102,Entry long,2025-08-08 07:00,C0|L|MKT|15|v0.3.0-tier0|SPY,628.89,100,62889,57,0.09,0,91,0.14,-11,-0.02,-1461,-1.46,2
3103,Exit short,2025-08-12 07:30,TX30,632.3,100,63039,-191,-0.30,0,58,0.09,-217,-0.34,-1652,-1.65,2
3103,Entry short,2025-08-12 07:00,C0|S|MKT|15|v0.3.0-tier0|SPY,630.39,100,63039,-191,-0.30,0,58,0.09,-217,-0.34,-1652,-1.65,2
3104,Exit long,2025-08-13 07:30,TX30,637.19,100,63854,-135,-0.21,0,10,0.02,-161,-0.25,-1787,-1.79,2
3104,Entry long,2025-08-13 07:00,C0|L|MKT|15|v0.3.0-tier0|SPY,638.54,100,63854,-135,-0.21,0,10,0.02,-161,-0.25,-1787,-1.79,2
3105,Exit long,2025-08-14 07:30,TX30,637.19,100,63697,22,0.03,0,58,0.09,-32,-0.05,-1765,-1.76,2
3105,Entry long,2025-08-14 07:00,C0|L|MKT|15|v0.3.0-tier0|SPY,636.97,100,63697,22,0.03,0,58,0.09,-32,-0.05,-1765,-1.76,2
3106,Exit short,2025-08-15 07:30,TX30,637.14,100,63676,-38,-0.06,0,59,0.09,-83,-0.13,-1803,-1.80,2
3106,Entry short,2025-08-15 07:00,C0|S|MKT|15|v0.3.0-tier0|SPY,636.76,100,63676,-38,-0.06,0,59,0.09,-83,-0.13,-1803,-1.80,2
3107,Exit short,2025-08-18 07:30,TX30,635.95,100,63569,-26,-0.04,0,1,0.00,-118,-0.19,-1829,-1.83,2
3107,Entry short,2025-08-18 07:00,C0|S|MKT|15|v0.3.0-tier0|SPY,635.69,100,63569,-26,-0.04,0,1,0.00,-118,-0.19,-1829,-1.83,2
3108,Exit long,2025-08-19 07:45,TX30,635.25,100,63671,-146,-0.23,0,15,0.02,-184,-0.29,-1975,-1.97,2
3108,Entry long,2025-08-19 07:15,C0|L|MKT|15|v0.3.0-tier0|SPY,636.71,100,63671,-146,-0.23,0,15,0.02,-184,-0.29,-1975,-1.97,2
3109,Exit short,2025-08-20 07:30,TX30,627,100,62842,142,0.23,0,170,0.27,-90,-0.14,-1833,-1.83,2
3109,Entry short,2025-08-20 07:00,C0|S|MKT|15|v0.3.0-tier0|SPY,628.42,100,62842,142,0.23,0,170,0.27,-90,-0.14,-1833,-1.83,2
3110,Exit short,2025-08-21 07:30,TX30,630.9,100,62816,-274,-0.44,0,50,0.08,-282,-0.45,-2107,-2.11,2
3110,Entry short,2025-08-21 07:00,C0|S|MKT|15|v0.3.0-tier0|SPY,628.16,100,62816,-274,-0.44,0,50,0.08,-282,-0.45,-2107,-2.11,2
3111,Exit long,2025-08-22 07:45,TX30,638.45,100,63764,81,0.13,0,92,0.14,-164,-0.26,-2026,-2.03,2
3111,Entry long,2025-08-22 07:15,C0|L|MKT|15|v0.3.0-tier0|SPY,637.64,100,63764,81,0.13,0,92,0.14,-164,-0.26,-2026,-2.03,2
3112,Exit long,2025-08-26 08:00,TX30,635.64,100,63600,-36,-0.06,0,13,0.02,-55,-0.09,-2062,-2.06,2
3112,Entry long,2025-08-26 07:30,C0|L|MKT|15|v0.3.0-tier0|SPY,636,100,63600,-36,-0.06,0,13,0.02,-55,-0.09,-2062,-2.06,2
3113,Exit long,2025-08-27 07:45,TX30,639.02,100,63876,26,0.04,0,56,0.09,-1,0.00,-2036,-2.04,2
3113,Entry long,2025-08-27 07:15,C0|L|MKT|15|v0.3.0-tier0|SPY,638.76,100,63876,26,0.04,0,56,0.09,-1,0.00,-2036,-2.04,2
3114,Exit short,2025-08-28 07:30,TX30,638.9,100,63886,-4,-0.01,0,35,0.05,-72,-0.11,-2040,-2.04,2
3114,Entry short,2025-08-28 07:00,C0|S|MKT|15|v0.3.0-tier0|SPY,638.86,100,63886,-4,-0.01,0,35,0.05,-72,-0.11,-2040,-2.04,2
3115,Exit short,2025-08-29 07:30,TX30,637.6,100,63843,83,0.13,0,184,0.29,-54,-0.08,-1957,-1.96,2
3115,Entry short,2025-08-29 07:00,C0|S|MKT|15|v0.3.0-tier0|SPY,638.43,100,63843,83,0.13,0,184,0.29,-54,-0.08,-1957,-1.96,2
3116,Exit long,2025-09-02 07:30,TX30,632.46,100,63200,46,0.07,0,112,0.18,-84,-0.13,-1911,-1.91,2
3116,Entry long,2025-09-02 07:00,C0|L|MKT|15|v0.3.0-tier0|SPY,632,100,63200,46,0.07,0,112,0.18,-84,-0.13,-1911,-1.91,2
3117,Exit short,2025-09-03 07:30,TX30,635.3,100,63494,-36,-0.06,0,38,0.06,-123,-0.19,-1947,-1.95,2
3117,Entry short,2025-09-03 07:00,C0|S|MKT|15|v0.3.0-tier0|SPY,634.94,100,63494,-36,-0.06,0,38,0.06,-123,-0.19,-1947,-1.95,2
3118,Exit short,2025-09-04 07:45,TX30,638.29,100,63686,-143,-0.22,0,41,0.06,-184,-0.29,-2090,-2.09,2
3118,Entry short,2025-09-04 07:15,C0|S|MKT|15|v0.3.0-tier0|SPY,636.86,100,63686,-143,-0.22,0,41,0.06,-184,-0.29,-2090,-2.09,2
3119,Exit short,2025-09-05 07:30,TX30,639.47,100,64392,445,0.69,0,494,0.77,-2,0.00,-1645,-1.64,2
3119,Entry short,2025-09-05 07:00,C0|S|MKT|15|v0.3.0-tier0|SPY,643.92,100,64392,445,0.69,0,494,0.77,-2,0.00,-1645,-1.64,2
3120,Exit short,2025-09-09 08:00,TX30,641.22,100,64164,42,0.07,0,151,0.24,-5,-0.01,-1603,-1.60,2
3120,Entry short,2025-09-09 07:30,C0|S|MKT|15|v0.3.0-tier0|SPY,641.64,100,64164,42,0.07,0,151,0.24,-5,-0.01,-1603,-1.60,2
3121,Exit long,2025-09-10 07:45,TX30,646.64,100,64721,-57,-0.09,0,17,0.03,-97,-0.15,-1660,-1.66,2
3121,Entry long,2025-09-10 07:15,C0|L|MKT|15|v0.3.0-tier0|SPY,647.21,100,64721,-57,-0.09,0,17,0.03,-97,-0.15,-1660,-1.66,2
3122,Exit long,2025-09-11 07:30,TX30,648.76,100,64838,38,0.06,0,68,0.10,-18,-0.03,-1622,-1.62,2
3122,Entry long,2025-09-11 07:00,C0|L|MKT|15|v0.3.0-tier0|SPY,648.38,100,64838,38,0.06,0,68,0.10,-18,-0.03,-1622,-1.62,2
3123,Exit long,2025-09-12 07:30,TX30,650.76,100,65080,-4,-0.01,0,18,0.03,-68,-0.10,-1626,-1.63,2
3123,Entry long,2025-09-12 07:00,C0|L|MKT|15|v0.3.0-tier0|SPY,650.8,100,65080,-4,-0.01,0,18,0.03,-68,-0.10,-1626,-1.63,2
3124,Exit long,2025-09-15 07:30,TX30,653.42,100,65340,2,0.00,0,10,0.02,-65,-0.10,-1624,-1.62,2
3124,Entry long,2025-09-15 07:00,C0|L|MKT|15|v0.3.0-tier0|SPY,653.4,100,65340,2,0.00,0,10,0.02,-65,-0.10,-1624,-1.62,2
3125,Exit short,2025-09-16 07:30,TX30,652.71,100,65303,32,0.05,0,63,0.10,-24,-0.04,-1592,-1.59,2
3125,Entry short,2025-09-16 07:00,C0|S|MKT|15|v0.3.0-tier0|SPY,653.03,100,65303,32,0.05,0,63,0.10,-24,-0.04,-1592,-1.59,2
3126,Exit short,2025-09-17 07:45,TX30,651.97,100,65224,27,0.04,0,39,0.06,-11,-0.02,-1565,-1.57,2
3126,Entry short,2025-09-17 07:15,C0|S|MKT|15|v0.3.0-tier0|SPY,652.24,100,65224,27,0.04,0,39,0.06,-11,-0.02,-1565,-1.57,2
3127,Exit long,2025-09-18 07:45,TX30,656.22,100,65632,-10,-0.02,0,128,0.20,-10,-0.02,-1575,-1.57,2
3127,Entry long,2025-09-18 07:15,C0|L|MKT|15|v0.3.0-tier0|SPY,656.32,100,65632,-10,-0.02,0,128,0.20,-10,-0.02,-1575,-1.57,2
3128,Exit long,2025-09-22 07:30,TX30,658.61,100,65797,64,0.10,0,71,0.11,-25,-0.04,-1511,-1.51,2
3128,Entry long,2025-09-22 07:00,C0|L|MKT|15|v0.3.0-tier0|SPY,657.97,100,65797,64,0.10,0,71,0.11,-25,-0.04,-1511,-1.51,2
3129,Exit short,2025-09-24 07:30,TX30,657.75,100,65760,-15,-0.02,0,39,0.06,-44,-0.07,-1526,-1.53,2
3129,Entry short,2025-09-24 07:00,C0|S|MKT|15|v0.3.0-tier0|SPY,657.6,100,65760,-15,-0.02,0,39,0.06,-44,-0.07,-1526,-1.53,2
3130,Exit long,2025-09-25 08:00,TX30,653.38,100,65307,31,0.05,0,61,0.09,-24,-0.04,-1495,-1.49,2
3130,Entry long,2025-09-25 07:30,C0|L|MKT|15|v0.3.0-tier0|SPY,653.07,100,65307,31,0.05,0,61,0.09,-24,-0.04,-1495,-1.49,2
3131,Exit long,2025-09-26 07:30,TX30,653.37,100,65634,-297,-0.45,0,60,0.09,-387,-0.59,-1792,-1.79,2
3131,Entry long,2025-09-26 07:00,C0|L|MKT|15|v0.3.0-tier0|SPY,656.34,100,65634,-297,-0.45,0,60,0.09,-387,-0.59,-1792,-1.79,2
3132,Exit long,2025-10-01 08:00,TX30,660.33,100,66007,26,0.04,0,52,0.08,-28,-0.04,-1766,-1.77,2
3132,Entry long,2025-10-01 07:30,C0|L|MKT|15|v0.3.0-tier0|SPY,660.07,100,66007,26,0.04,0,52,0.08,-28,-0.04,-1766,-1.77,2
3133,Exit short,2025-10-02 07:45,TX30,662.84,100,66313,29,0.04,0,43,0.06,-39,-0.06,-1737,-1.74,2
3133,Entry short,2025-10-02 07:15,C0|S|MKT|15|v0.3.0-tier0|SPY,663.13,100,66313,29,0.04,0,43,0.06,-39,-0.06,-1737,-1.74,2
3134,Exit long,2025-10-03 08:00,TX30,666.59,100,66587,72,0.11,0,89,0.13,-7,-0.01,-1665,-1.67,2
3134,Entry long,2025-10-03 07:30,C0|L|MKT|15|v0.3.0-tier0|SPY,665.87,100,66587,72,0.11,0,89,0.13,-7,-0.01,-1665,-1.67,2
3135,Exit short,2025-10-06 07:30,TX30,665,100,66451,-49,-0.07,0,56,0.08,-68,-0.10,-1714,-1.71,2
3135,Entry short,2025-10-06 07:00,C0|S|MKT|15|v0.3.0-tier0|SPY,664.51,100,66451,-49,-0.07,0,56,0.08,-68,-0.10,-1714,-1.71,2
3136,Exit short,2025-10-07 07:45,TX30,665.53,100,66644,91,0.14,0,113,0.17,-20,-0.03,-1623,-1.62,2
3136,Entry short,2025-10-07 07:15,C0|S|MKT|15|v0.3.0-tier0|SPY,666.44,100,66644,91,0.14,0,113,0.17,-20,-0.03,-1623,-1.62,2
3137,Exit long,2025-10-08 07:45,TX30,666.17,100,66623,-6,-0.01,0,42,0.06,-57,-0.09,-1629,-1.63,2
3137,Entry long,2025-10-08 07:15,C0|L|MKT|15|v0.3.0-tier0|SPY,666.23,100,66623,-6,-0.01,0,42,0.06,-57,-0.09,-1629,-1.63,2
3138,Exit short,2025-10-09 07:30,TX30,665.71,100,66639,68,0.10,0,78,0.12,-33,-0.05,-1561,-1.56,2
3138,Entry short,2025-10-09 07:00,C0|S|MKT|15|v0.3.0-tier0|SPY,666.39,100,66639,68,0.10,0,78,0.12,-33,-0.05,-1561,-1.56,2
3139,Exit long,2025-10-13 07:30,TX30,655.45,100,65741,-196,-0.30,0,37,0.06,-272,-0.41,-1757,-1.76,2
3139,Entry long,2025-10-13 07:00,C0|L|MKT|15|v0.3.0-tier0|SPY,657.41,100,65741,-196,-0.30,0,37,0.06,-272,-0.41,-1757,-1.76,2
3140,Exit long,2025-10-14 07:45,TX30,654.39,100,65280,159,0.24,0,205,0.31,-40,-0.06,-1598,-1.60,2
3140,Entry long,2025-10-14 07:15,C0|L|MKT|15|v0.3.0-tier0|SPY,652.8,100,65280,159,0.24,0,205,0.31,-40,-0.06,-1598,-1.60,2
3141,Exit long,2025-10-15 07:30,TX30,664.14,100,66284,130,0.20,0,188,0.28,-2,0.00,-1468,-1.47,2
3141,Entry long,2025-10-15 07:00,C0|L|MKT|15|v0.3.0-tier0|SPY,662.84,100,66284,130,0.20,0,188,0.28,-2,0.00,-1468,-1.47,2
3142,Exit short,2025-10-16 07:45,TX30,662.97,100,66035,-262,-0.40,0,29,0.04,-287,-0.43,-1730,-1.73,2
3142,Entry short,2025-10-16 07:15,C0|S|MKT|15|v0.3.0-tier0|SPY,660.35,100,66035,-262,-0.40,0,29,0.04,-287,-0.43,-1730,-1.73,2
3143,Exit long,2025-10-17 07:45,TX30,654.93,100,65768,-275,-0.42,0,59,0.09,-303,-0.46,-2005,-2.00,2
3143,Entry long,2025-10-17 07:15,C0|L|MKT|15|v0.3.0-tier0|SPY,657.68,100,65768,-275,-0.42,0,59,0.09,-303,-0.46,-2005,-2.00,2
3144,Exit long,2025-10-20 07:45,TX30,665.32,100,66407,125,0.19,0,129,0.19,-56,-0.08,-1880,-1.88,2
3144,Entry long,2025-10-20 07:15,C0|L|MKT|15|v0.3.0-tier0|SPY,664.07,100,66407,125,0.19,0,129,0.19,-56,-0.08,-1880,-1.88,2
3145,Exit short,2025-10-21 07:30,TX30,665.09,100,66507,-2,0.00,0,59,0.09,-130,-0.20,-1882,-1.88,2
3145,Entry short,2025-10-21 07:00,C0|S|MKT|15|v0.3.0-tier0|SPY,665.07,100,66507,-2,0.00,0,59,0.09,-130,-0.20,-1882,-1.88,2
3146,Exit short,2025-10-22 08:00,TX30,664.56,100,66395,-61,-0.09,0,135,0.20,-67,-0.10,-1943,-1.94,2
3146,Entry short,2025-10-22 07:30,C0|S|MKT|15|v0.3.0-tier0|SPY,663.95,100,66395,-61,-0.09,0,135,0.20,-67,-0.10,-1943,-1.94,2
3147,Exit long,2025-10-23 07:30,TX30,663.91,100,66449,-58,-0.09,0,37,0.06,-186,-0.28,-2001,-2.00,2
3147,Entry long,2025-10-23 07:00,C0|L|MKT|15|v0.3.0-tier0|SPY,664.49,100,66449,-58,-0.09,0,37,0.06,-186,-0.28,-2001,-2.00,2
3148,Exit long,2025-10-24 07:45,TX30,671.99,100,67222,-23,-0.03,0,2,0.00,-163,-0.24,-2024,-2.02,2
3148,Entry long,2025-10-24 07:15,C0|L|MKT|15|v0.3.0-tier0|SPY,672.22,100,67222,-23,-0.03,0,2,0.00,-163,-0.24,-2024,-2.02,2
3149,Exit long,2025-10-27 07:45,TX30,677.73,100,67763,10,0.01,0,10,0.01,-84,-0.12,-2014,-2.01,2
3149,Entry long,2025-10-27 07:15,C0|L|MKT|15|v0.3.0-tier0|SPY,677.63,100,67763,10,0.01,0,10,0.01,-84,-0.12,-2014,-2.01,2
3150,Exit short,2025-10-28 07:30,TX30,680.48,100,68005,-43,-0.06,0,18,0.03,-47,-0.07,-2057,-2.06,2
3150,Entry short,2025-10-28 07:00,C0|S|MKT|15|v0.3.0-tier0|SPY,680.05,100,68005,-43,-0.06,0,18,0.03,-47,-0.07,-2057,-2.06,2
3151,Exit long,2025-10-29 07:30,TX30,683.33,100,68393,-60,-0.09,0,10,0.01,-114,-0.17,-2117,-2.12,2
3151,Entry long,2025-10-29 07:00,C0|L|MKT|15|v0.3.0-tier0|SPY,683.93,100,68393,-60,-0.09,0,10,0.01,-114,-0.17,-2117,-2.12,2
3152,Exit long,2025-10-30 07:30,TX30,677.84,100,67937,-153,-0.23,0,93,0.14,-173,-0.25,-2270,-2.27,2
3152,Entry long,2025-10-30 07:00,C0|L|MKT|15|v0.3.0-tier0|SPY,679.37,100,67937,-153,-0.23,0,93,0.14,-173,-0.25,-2270,-2.27,2
3153,Exit short,2025-10-31 07:45,TX30,678.74,100,67716,-158,-0.23,0,55,0.08,-170,-0.25,-2428,-2.43,2
3153,Entry short,2025-10-31 07:15,C0|S|MKT|15|v0.3.0-tier0|SPY,677.16,100,67716,-158,-0.23,0,55,0.08,-170,-0.25,-2428,-2.43,2
3154,Exit short,2025-11-03 07:30,TX30,674.82,100,67696,214,0.32,0,231,0.34,-43,-0.06,-2214,-2.21,2
3154,Entry short,2025-11-03 07:00,C0|S|MKT|15|v0.3.0-tier0|SPY,676.96,100,67696,214,0.32,0,231,0.34,-43,-0.06,-2214,-2.21,2
3155,Exit long,2025-11-04 07:30,TX30,673.74,100,67311,63,0.09,0,95,0.14,-33,-0.05,-2151,-2.15,2
3155,Entry long,2025-11-04 07:00,C0|L|MKT|15|v0.3.0-tier0|SPY,673.11,100,67311,63,0.09,0,95,0.14,-33,-0.05,-2151,-2.15,2
3156,Exit long,2025-11-05 07:30,TX30,671.85,100,67177,8,0.01,0,75,0.11,-192,-0.29,-2143,-2.14,2
3156,Entry long,2025-11-05 07:00,C0|L|MKT|15|v0.3.0-tier0|SPY,671.77,100,67177,8,0.01,0,75,0.11,-192,-0.29,-2143,-2.14,2
3157,Exit short,2025-11-06 07:30,TX30,669.08,100,66858,-50,-0.07,0,159,0.24,-124,-0.19,-2193,-2.19,2
3157,Entry short,2025-11-06 07:00,C0|S|MKT|15|v0.3.0-tier0|SPY,668.58,100,66858,-50,-0.07,0,159,0.24,-124,-0.19,-2193,-2.19,2
3158,Exit long,2025-11-11 07:30,TX30,673.87,100,67510,-123,-0.18,0,0,0.00,-186,-0.28,-2316,-2.32,2
3158,Entry long,2025-11-11 07:00,C0|L|MKT|15|v0.3.0-tier0|SPY,675.1,100,67510,-123,-0.18,0,0,0.00,-186,-0.28,-2316,-2.32,2
3159,Exit short,2025-11-12 07:30,TX30,677.61,100,67810,49,0.07,0,90,0.13,-53,-0.08,-2267,-2.27,2
3159,Entry short,2025-11-12 07:00,C0|S|MKT|15|v0.3.0-tier0|SPY,678.1,100,67810,49,0.07,0,90,0.13,-53,-0.08,-2267,-2.27,2
3160,Exit long,2025-11-14 07:30,TX30,664.28,100,66322,106,0.16,0,124,0.19,-177,-0.27,-2161,-2.16,2
3160,Entry long,2025-11-14 07:00,C0|L|MKT|15|v0.3.0-tier0|SPY,663.22,100,66322,106,0.16,0,124,0.19,-177,-0.27,-2161,-2.16,2
3161,Exit long,2025-11-17 07:30,TX30,666.52,100,66719,-67,-0.10,0,42,0.06,-223,-0.33,-2228,-2.23,2
3161,Entry long,2025-11-17 07:00,C0|L|MKT|15|v0.3.0-tier0|SPY,667.19,100,66719,-67,-0.10,0,42,0.06,-223,-0.33,-2228,-2.23,2
3162,Exit short,2025-11-18 07:30,TX30,653.66,100,65324,-42,-0.06,0,183,0.28,-164,-0.25,-2270,-2.27,2
3162,Entry short,2025-11-18 07:00,C0|S|MKT|15|v0.3.0-tier0|SPY,653.24,100,65324,-42,-0.06,0,183,0.28,-164,-0.25,-2270,-2.27,2
3163,Exit long,2025-11-19 07:30,TX30,660.85,100,66020,65,0.10,0,166,0.25,-25,-0.04,-2205,-2.20,2
3163,Entry long,2025-11-19 07:00,C0|L|MKT|15|v0.3.0-tier0|SPY,660.2,100,66020,65,0.10,0,166,0.25,-25,-0.04,-2205,-2.20,2
3164,Exit long,2025-11-20 07:30,TX30,669.29,100,66938,-9,-0.01,0,48,0.07,-213,-0.32,-2214,-2.21,2
3164,Entry long,2025-11-20 07:00,C0|L|MKT|15|v0.3.0-tier0|SPY,669.38,100,66938,-9,-0.01,0,48,0.07,-213,-0.32,-2214,-2.21,2
3165,Exit short,2025-11-21 07:45,TX30,647.51,100,64836,85,0.13,0,286,0.44,-219,-0.34,-2129,-2.13,2
3165,Entry short,2025-11-21 07:15,C0|S|MKT|15|v0.3.0-tier0|SPY,648.36,100,64836,85,0.13,0,286,0.44,-219,-0.34,-2129,-2.13,2
3166,Exit short,2025-11-26 07:30,TX30,672.58,100,67174,-84,-0.13,0,56,0.08,-122,-0.18,-2213,-2.21,2
3166,Entry short,2025-11-26 07:00,C0|S|MKT|15|v0.3.0-tier0|SPY,671.74,100,67174,-84,-0.13,0,56,0.08,-122,-0.18,-2213,-2.21,2
3167,Exit long,2025-12-01 07:30,TX30,674.25,100,67589,-164,-0.24,0,27,0.04,-188,-0.28,-2377,-2.38,2
3167,Entry long,2025-12-01 07:00,C0|L|MKT|15|v0.3.0-tier0|SPY,675.89,100,67589,-164,-0.24,0,27,0.04,-188,-0.28,-2377,-2.38,2
3168,Exit long,2025-12-02 07:45,TX30,677.11,100,67739,-28,-0.04,0,23,0.03,-211,-0.31,-2405,-2.40,2
3168,Entry long,2025-12-02 07:15,C0|L|MKT|15|v0.3.0-tier0|SPY,677.39,100,67739,-28,-0.04,0,23,0.03,-211,-0.31,-2405,-2.40,2
3169,Exit long,2025-12-03 08:00,TX30,676.71,100,67606,65,0.10,0,127,0.19,-32,-0.05,-2340,-2.34,2
3169,Entry long,2025-12-03 07:30,C0|L|MKT|15|v0.3.0-tier0|SPY,676.06,100,67606,65,0.10,0,127,0.19,-32,-0.05,-2340,-2.34,2
3170,Exit short,2025-12-04 07:30,TX30,677.95,100,67745,-50,-0.07,0,89,0.13,-75,-0.11,-2390,-2.39,2
3170,Entry short,2025-12-04 07:00,C0|S|MKT|15|v0.3.0-tier0|SPY,677.45,100,67745,-50,-0.07,0,89,0.13,-75,-0.11,-2390,-2.39,2
3171,Exit long,2025-12-05 07:30,TX30,682.22,100,68128,94,0.14,0,136,0.20,-18,-0.03,-2296,-2.30,2
3171,Entry long,2025-12-05 07:00,C0|L|MKT|15|v0.3.0-tier0|SPY,681.28,100,68128,94,0.14,0,136,0.20,-18,-0.03,-2296,-2.30,2
3172,Exit short,2025-12-08 07:45,TX30,678.45,100,67930,85,0.13,0,104,0.15,-29,-0.04,-2211,-2.21,2
3172,Entry short,2025-12-08 07:15,C0|S|MKT|15|v0.3.0-tier0|SPY,679.3,100,67930,85,0.13,0,104,0.15,-29,-0.04,-2211,-2.21,2
3173,Exit long,2025-12-09 07:30,TX30,678.56,100,67882,-26,-0.04,0,48,0.07,-68,-0.10,-2237,-2.24,2
3173,Entry long,2025-12-09 07:00,C0|L|MKT|15|v0.3.0-tier0|SPY,678.82,100,67882,-26,-0.04,0,48,0.07,-68,-0.10,-2237,-2.24,2
3174,Exit long,2025-12-10 07:30,TX30,677.37,100,67749,-12,-0.02,0,34,0.05,-38,-0.06,-2249,-2.25,2
3174,Entry long,2025-12-10 07:00,C0|L|MKT|15|v0.3.0-tier0|SPY,677.49,100,67749,-12,-0.02,0,34,0.05,-38,-0.06,-2249,-2.25,2
3175,Exit short,2025-12-11 07:30,TX30,680.63,100,67704,-359,-0.53,0,48,0.07,-411,-0.61,-2608,-2.61,2
3175,Entry short,2025-12-11 07:00,C0|S|MKT|15|v0.3.0-tier0|SPY,677.04,100,67704,-359,-0.53,0,48,0.07,-411,-0.61,-2608,-2.61,2
3176,Exit short,2025-12-12 07:30,TX30,678.13,100,68181,368,0.54,0,379,0.56,-5,-0.01,-2240,-2.24,2
3176,Entry short,2025-12-12 07:00,C0|S|MKT|15|v0.3.0-tier0|SPY,681.81,100,68181,368,0.54,0,379,0.56,-5,-0.01,-2240,-2.24,2
3177,Exit short,2025-12-15 07:30,TX30,674.23,100,67681,258,0.38,0,314,0.46,-16,-0.02,-1982,-1.98,2
3177,Entry short,2025-12-15 07:00,C0|S|MKT|15|v0.3.0-tier0|SPY,676.81,100,67681,258,0.38,0,314,0.46,-16,-0.02,-1982,-1.98,2
3178,Exit long,2025-12-16 07:30,TX30,672.09,100,67526,-317,-0.47,0,22,0.03,-438,-0.65,-2299,-2.30,2
3178,Entry long,2025-12-16 07:00,C0|L|MKT|15|v0.3.0-tier0|SPY,675.26,100,67526,-317,-0.47,0,22,0.03,-438,-0.65,-2299,-2.30,2
3179,Exit long,2025-12-18 08:00,TX30,674.44,100,67343,101,0.15,0,158,0.23,-34,-0.05,-2198,-2.20,2
3179,Entry long,2025-12-18 07:30,C0|L|MKT|15|v0.3.0-tier0|SPY,673.43,100,67343,101,0.15,0,158,0.23,-34,-0.05,-2198,-2.20,2
3180,Exit long,2025-12-19 07:30,TX30,675.6,100,67622,-62,-0.09,0,69,0.10,-136,-0.20,-2260,-2.26,2
3180,Entry long,2025-12-19 07:00,C0|L|MKT|15|v0.3.0-tier0|SPY,676.22,100,67622,-62,-0.09,0,69,0.10,-136,-0.20,-2260,-2.26,2
3181,Exit long,2025-12-24 07:45,TX30,685.58,100,68540,18,0.03,0,24,0.04,-21,-0.03,-2242,-2.24,2
3181,Entry long,2025-12-24 07:15,C0|L|MKT|15|v0.3.0-tier0|SPY,685.4,100,68540,18,0.03,0,24,0.04,-21,-0.03,-2242,-2.24,2
3182,Exit short,2025-12-26 07:45,TX30,686.87,100,68626,-61,-0.09,0,26,0.04,-109,-0.16,-2303,-2.30,2
3182,Entry short,2025-12-26 07:15,C0|S|MKT|15|v0.3.0-tier0|SPY,686.26,100,68626,-61,-0.09,0,26,0.04,-109,-0.16,-2303,-2.30,2
3183,Exit short,2025-12-29 07:45,TX30,684.54,100,68347,-107,-0.16,0,1,0.00,-129,-0.19,-2410,-2.41,2
3183,Entry short,2025-12-29 07:15,C0|S|MKT|15|v0.3.0-tier0|SPY,683.47,100,68347,-107,-0.16,0,1,0.00,-129,-0.19,-2410,-2.41,2
3184,Exit long,2025-12-30 07:30,TX30,683.3,100,68445,-115,-0.17,0,8,0.01,-133,-0.19,-2525,-2.53,2
3184,Entry long,2025-12-30 07:00,C0|L|MKT|15|v0.3.0-tier0|SPY,684.45,100,68445,-115,-0.17,0,8,0.01,-133,-0.19,-2525,-2.53,2
3185,Exit short,2025-12-31 07:45,TX30,681.5,100,68183,33,0.05,0,53,0.08,-19,-0.03,-2492,-2.49,2
3185,Entry short,2025-12-31 07:15,C0|S|MKT|15|v0.3.0-tier0|SPY,681.83,100,68183,33,0.05,0,53,0.08,-19,-0.03,-2492,-2.49,2
3186,Exit long,2026-01-02 07:30,TX30,678.82,100,68257,-375,-0.55,0,67,0.10,-458,-0.67,-2867,-2.87,2
3186,Entry long,2026-01-02 07:00,C0|L|MKT|15|v0.3.0-tier0|SPY,682.57,100,68257,-375,-0.55,0,67,0.10,-458,-0.67,-2867,-2.87,2
3187,Exit long,2026-01-05 08:00,TX30,684.68,100,68488,-20,-0.03,0,29,0.04,-56,-0.08,-2887,-2.89,2
3187,Entry long,2026-01-05 07:30,C0|L|MKT|15|v0.3.0-tier0|SPY,684.88,100,68488,-20,-0.03,0,29,0.04,-56,-0.08,-2887,-2.89,2
3188,Exit long,2026-01-06 07:30,TX30,687,100,68643,57,0.08,0,78,0.11,-9,-0.01,-2830,-2.83,2
3188,Entry long,2026-01-06 07:00,C0|L|MKT|15|v0.3.0-tier0|SPY,686.43,100,68643,57,0.08,0,78,0.11,-9,-0.01,-2830,-2.83,2
3189,Exit short,2026-01-07 07:45,TX30,688.07,100,68797,-10,-0.01,0,65,0.09,-89,-0.13,-2840,-2.84,2
3189,Entry short,2026-01-07 07:15,C0|S|MKT|15|v0.3.0-tier0|SPY,687.97,100,68797,-10,-0.01,0,65,0.09,-89,-0.13,-2840,-2.84,2
3190,Exit long,2026-01-08 07:45,TX30,686.06,100,68603,3,0.00,0,34,0.05,-95,-0.14,-2837,-2.84,2
3190,Entry long,2026-01-08 07:15,C0|L|MKT|15|v0.3.0-tier0|SPY,686.03,100,68603,3,0.00,0,34,0.05,-95,-0.14,-2837,-2.84,2
3191,Exit long,2026-01-09 08:00,TX30,688.27,100,68947,-120,-0.17,0,31,0.04,-183,-0.27,-2957,-2.96,2
3191,Entry long,2026-01-09 07:30,C0|L|MKT|15|v0.3.0-tier0|SPY,689.47,100,68947,-120,-0.17,0,31,0.04,-183,-0.27,-2957,-2.96,2
3192,Exit long,2026-01-12 07:30,TX30,689.89,100,68996,-7,-0.01,0,18,0.03,-61,-0.09,-2964,-2.96,2
3192,Entry long,2026-01-12 07:00,C0|L|MKT|15|v0.3.0-tier0|SPY,689.96,100,68996,-7,-0.01,0,18,0.03,-61,-0.09,-2964,-2.96,2
3193,Exit short,2026-01-13 07:30,TX30,689.05,100,69057,152,0.22,0,213,0.31,-27,-0.04,-2812,-2.81,2
3193,Entry short,2026-01-13 07:00,C0|S|MKT|15|v0.3.0-tier0|SPY,690.57,100,69057,152,0.22,0,213,0.31,-27,-0.04,-2812,-2.81,2
3194,Exit short,2026-01-14 07:30,TX30,685.11,100,68503,-8,-0.01,0,99,0.14,-216,-0.32,-2820,-2.82,2
3194,Entry short,2026-01-14 07:00,C0|S|MKT|15|v0.3.0-tier0|SPY,685.03,100,68503,-8,-0.01,0,99,0.14,-216,-0.32,-2820,-2.82,2
3195,Exit short,2026-01-16 07:30,TX30,687.99,100,68830,31,0.05,0,45,0.07,-85,-0.12,-2789,-2.79,2
3195,Entry short,2026-01-16 07:00,C0|S|MKT|15|v0.3.0-tier0|SPY,688.3,100,68830,31,0.05,0,45,0.07,-85,-0.12,-2789,-2.79,2
3196,Exit long,2026-01-20 08:00,TX30,680.2,100,68024,-4,-0.01,0,91,0.13,-91,-0.13,-2793,-2.79,2
3196,Entry long,2026-01-20 07:30,C0|L|MKT|15|v0.3.0-tier0|SPY,680.24,100,68024,-4,-0.01,0,91,0.13,-91,-0.13,-2793,-2.79,2
3197,Exit long,2026-01-21 07:30,TX30,679.41,100,67887,54,0.08,0,93,0.14,-82,-0.12,-2739,-2.74,2
3197,Entry long,2026-01-21 07:00,C0|L|MKT|15|v0.3.0-tier0|SPY,678.87,100,67887,54,0.08,0,93,0.14,-82,-0.12,-2739,-2.74,2
3198,Exit short,2026-01-22 07:30,TX30,684.82,100,68425,-57,-0.08,0,96,0.14,-72,-0.11,-2796,-2.80,2
3198,Entry short,2026-01-22 07:00,C0|S|MKT|15|v0.3.0-tier0|SPY,684.25,100,68425,-57,-0.08,0,96,0.14,-72,-0.11,-2796,-2.80,2
3199,Exit long,2026-01-23 07:30,TX30,685.68,100,68520,48,0.07,0,101,0.15,-54,-0.08,-2748,-2.75,2
3199,Entry long,2026-01-23 07:00,C0|L|MKT|15|v0.3.0-tier0|SPY,685.2,100,68520,48,0.07,0,101,0.15,-54,-0.08,-2748,-2.75,2
3200,Exit long,2026-01-26 07:45,TX30,688.64,100,68894,-30,-0.04,0,80,0.12,-37,-0.05,-2778,-2.78,2
3200,Entry long,2026-01-26 07:15,C0|L|MKT|15|v0.3.0-tier0|SPY,688.94,100,68894,-30,-0.04,0,80,0.12,-37,-0.05,-2778,-2.78,2
3201,Exit long,2026-01-27 07:30,TX30,691.1,100,69155,-45,-0.07,0,21,0.03,-71,-0.10,-2823,-2.82,2
3201,Entry long,2026-01-27 07:00,C0|L|MKT|15|v0.3.0-tier0|SPY,691.55,100,69155,-45,-0.07,0,21,0.03,-71,-0.10,-2823,-2.82,2
3202,Exit short,2026-01-28 07:45,TX30,692.13,100,69244,31,0.04,0,34,0.05,-98,-0.14,-2792,-2.79,2
3202,Entry short,2026-01-28 07:15,C0|S|MKT|15|v0.3.0-tier0|SPY,692.44,100,69244,31,0.04,0,34,0.05,-98,-0.14,-2792,-2.79,2
3203,Exit short,2026-01-29 07:30,TX30,685.35,100,68790,255,0.37,0,268,0.39,-8,-0.01,-2537,-2.54,2
3203,Entry short,2026-01-29 07:00,C0|S|MKT|15|v0.3.0-tier0|SPY,687.9,100,68790,255,0.37,0,268,0.39,-8,-0.01,-2537,-2.54,2
3204,Exit long,2026-02-02 07:45,TX30,691.44,100,69144,0,0.00,0,63,0.09,-65,-0.09,-2537,-2.54,2
3204,Entry long,2026-02-02 07:15,C0|L|MKT|15|v0.3.0-tier0|SPY,691.44,100,69144,0,0.00,0,63,0.09,-65,-0.09,-2537,-2.54,2
3205,Exit short,2026-02-03 07:30,TX30,688.51,100,68985,134,0.19,0,270,0.39,-20,-0.03,-2403,-2.40,2
3205,Entry short,2026-02-03 07:00,C0|S|MKT|15|v0.3.0-tier0|SPY,689.85,100,68985,134,0.19,0,270,0.39,-20,-0.03,-2403,-2.40,2
3206,Exit short,2026-02-04 07:30,TX30,686.26,100,68452,-174,-0.25,0,163,0.24,-267,-0.39,-2577,-2.58,2
3206,Entry short,2026-02-04 07:00,C0|S|MKT|15|v0.3.0-tier0|SPY,684.52,100,68452,-174,-0.25,0,163,0.24,-267,-0.39,-2577,-2.58,2
3207,Exit short,2026-02-05 07:45,TX30,674.24,100,67328,-96,-0.14,0,91,0.14,-169,-0.25,-2673,-2.67,2
3207,Entry short,2026-02-05 07:15,C0|S|MKT|15|v0.3.0-tier0|SPY,673.28,100,67328,-96,-0.14,0,91,0.14,-169,-0.25,-2673,-2.67,2
3208,Exit long,2026-02-06 08:00,TX30,682.16,100,68203,13,0.02,0,139,0.20,-132,-0.19,-2660,-2.66,2
3208,Entry long,2026-02-06 07:30,C0|L|MKT|15|v0.3.0-tier0|SPY,682.03,100,68203,13,0.02,0,139,0.20,-132,-0.19,-2660,-2.66,2
3209,Exit long,2026-02-09 07:45,TX30,689.87,100,68813,174,0.25,0,196,0.28,-8,-0.01,-2486,-2.49,2
3209,Entry long,2026-02-09 07:15,C0|L|MKT|15|v0.3.0-tier0|SPY,688.13,100,68813,174,0.25,0,196,0.28,-8,-0.01,-2486,-2.49,2
3210,Exit long,2026-02-10 07:30,TX30,692.22,100,69204,18,0.03,0,72,0.10,-100,-0.14,-2468,-2.47,2
3210,Entry long,2026-02-10 07:00,C0|L|MKT|15|v0.3.0-tier0|SPY,692.04,100,69204,18,0.03,0,72,0.10,-100,-0.14,-2468,-2.47,2
3211,Exit short,2026-02-11 07:30,TX30,686.07,100,69047,440,0.64,0,492,0.71,-62,-0.09,-2028,-2.03,2
3211,Entry short,2026-02-11 07:00,C0|S|MKT|15|v0.3.0-tier0|SPY,690.47,100,69047,440,0.64,0,492,0.71,-62,-0.09,-2028,-2.03,2
3212,Exit short,2026-02-12 07:30,TX30,689.42,100,68917,-25,-0.04,0,67,0.10,-88,-0.13,-2053,-2.05,2
3212,Entry short,2026-02-12 07:00,C0|S|MKT|15|v0.3.0-tier0|SPY,689.17,100,68917,-25,-0.04,0,67,0.10,-88,-0.13,-2053,-2.05,2
3213,Exit long,2026-02-13 08:00,TX30,678.95,100,67934,-39,-0.06,0,161,0.24,-215,-0.32,-2092,-2.09,2
3213,Entry long,2026-02-13 07:30,C0|L|MKT|15|v0.3.0-tier0|SPY,679.34,100,67934,-39,-0.06,0,161,0.24,-215,-0.32,-2092,-2.09,2
3214,Exit short,2026-02-17 07:30,TX30,673.73,100,67302,-71,-0.11,0,32,0.05,-315,-0.47,-2163,-2.16,2
3214,Entry short,2026-02-17 07:00,C0|S|MKT|15|v0.3.0-tier0|SPY,673.02,100,67302,-71,-0.11,0,32,0.05,-315,-0.47,-2163,-2.16,2
3215,Exit long,2026-02-18 07:30,TX30,684.2,100,68254,166,0.24,0,228,0.33,-6,-0.01,-1997,-2.00,2
3215,Entry long,2026-02-18 07:00,C0|L|MKT|15|v0.3.0-tier0|SPY,682.54,100,68254,166,0.24,0,228,0.33,-6,-0.01,-1997,-2.00,2
3216,Exit long,2026-02-19 07:30,TX30,680.24,100,68138,-114,-0.17,0,117,0.17,-118,-0.17,-2111,-2.11,2
3216,Entry long,2026-02-19 07:00,C0|L|MKT|15|v0.3.0-tier0|SPY,681.38,100,68138,-114,-0.17,0,117,0.17,-118,-0.17,-2111,-2.11,2
3217,Exit long,2026-02-20 07:45,TX30,684.43,100,68182,261,0.38,0,272,0.40,-124,-0.18,-1850,-1.85,2
3217,Entry long,2026-02-20 07:15,C0|L|MKT|15|v0.3.0-tier0|SPY,681.82,100,68182,261,0.38,0,272,0.40,-124,-0.18,-1850,-1.85,2
3218,Exit short,2026-02-23 07:30,TX30,680.9,100,68285,195,0.29,0,219,0.32,-75,-0.11,-1655,-1.65,2
3218,Entry short,2026-02-23 07:00,C0|S|MKT|15|v0.3.0-tier0|SPY,682.85,100,68285,195,0.29,0,219,0.32,-75,-0.11,-1655,-1.65,2
3219,Exit long,2026-02-24 08:00,TX30,681.75,100,68268,-93,-0.14,0,23,0.03,-112,-0.16,-1748,-1.75,2
3219,Entry long,2026-02-24 07:30,C0|L|MKT|15|v0.3.0-tier0|SPY,682.68,100,68268,-93,-0.14,0,23,0.03,-112,-0.16,-1748,-1.75,2
3220,Exit short,2026-02-26 07:30,TX30,682.06,100,68700,494,0.72,0,587,0.85,-37,-0.05,-1254,-1.25,2
3220,Entry short,2026-02-26 07:00,C0|S|MKT|15|v0.3.0-tier0|SPY,687,100,68700,494,0.72,0,587,0.85,-37,-0.05,-1254,-1.25,2
3221,Exit long,2026-02-27 07:45,TX30,682.06,100,68101,105,0.15,0,111,0.16,-99,-0.15,-1149,-1.15,2
3221,Entry long,2026-02-27 07:15,C0|L|MKT|15|v0.3.0-tier0|SPY,681.01,100,68101,105,0.15,0,111,0.16,-99,-0.15,-1149,-1.15,2
3222,Exit long,2026-03-02 07:30,TX30,679.8,100,67928,52,0.08,0,246,0.36,-92,-0.14,-1097,-1.10,2
3222,Entry long,2026-03-02 07:00,C0|L|MKT|15|v0.3.0-tier0|SPY,679.28,100,67928,52,0.08,0,246,0.36,-92,-0.14,-1097,-1.10,2
3223,Exit short,2026-03-03 07:30,TX30,666.31,100,66881,250,0.37,0,269,0.40,-156,-0.23,-847,-0.85,2
3223,Entry short,2026-03-03 07:00,C0|S|MKT|15|v0.3.0-tier0|SPY,668.81,100,66881,250,0.37,0,269,0.40,-156,-0.23,-847,-0.85,2
3224,Exit long,2026-03-04 08:00,TX30,682.21,100,68252,-31,-0.05,0,16,0.02,-225,-0.33,-878,-0.88,2
3224,Entry long,2026-03-04 07:30,C0|L|MKT|15|v0.3.0-tier0|SPY,682.52,100,68252,-31,-0.05,0,16,0.02,-225,-0.33,-878,-0.88,2
3225,Exit long,2026-03-05 07:30,TX30,677.24,100,68147,-423,-0.62,0,43,0.06,-473,-0.69,-1301,-1.30,2
3225,Entry long,2026-03-05 07:00,C0|L|MKT|15|v0.3.0-tier0|SPY,681.47,100,68147,-423,-0.62,0,43,0.06,-473,-0.69,-1301,-1.30,2
3226,Exit long,2026-03-06 08:00,TX30,671.4,100,67059,81,0.12,0,175,0.26,-168,-0.25,-1220,-1.22,2
3226,Entry long,2026-03-06 07:30,C0|L|MKT|15|v0.3.0-tier0|SPY,670.59,100,67059,81,0.12,0,175,0.26,-168,-0.25,-1220,-1.22,2
3227,Exit short,2026-03-09 07:45,TX30,663.39,100,65968,-371,-0.56,0,33,0.05,-371,-0.56,-1591,-1.59,2
3227,Entry short,2026-03-09 07:15,C0|S|MKT|15|v0.3.0-tier0|SPY,659.68,100,65968,-371,-0.56,0,33,0.05,-371,-0.56,-1591,-1.59,2
3228,Exit short,2026-03-10 07:45,TX30,676.44,100,67196,-448,-0.67,0,70,0.10,-469,-0.70,-2039,-2.04,2
3228,Entry short,2026-03-10 07:15,C0|S|MKT|15|v0.3.0-tier0|SPY,671.96,100,67196,-448,-0.67,0,70,0.10,-469,-0.70,-2039,-2.04,2
3229,Exit short,2026-03-11 08:00,TX30,674.5,100,67256,-194,-0.29,0,93,0.14,-223,-0.33,-2233,-2.23,2
3229,Entry short,2026-03-11 07:30,C0|S|MKT|15|v0.3.0-tier0|SPY,672.56,100,67256,-194,-0.29,0,93,0.14,-223,-0.33,-2233,-2.23,2
3230,Exit short,2026-03-12 07:30,TX30,664.53,100,66533,80,0.12,0,81,0.12,-232,-0.35,-2153,-2.15,2
3230,Entry short,2026-03-12 07:00,C0|S|MKT|15|v0.3.0-tier0|SPY,665.33,100,66533,80,0.12,0,81,0.12,-232,-0.35,-2153,-2.15,2
3231,Exit short,2026-03-13 07:45,TX30,663.77,100,66532,155,0.23,0,163,0.24,-137,-0.21,-1998,-2.00,2
3231,Entry short,2026-03-13 07:15,C0|S|MKT|15|v0.3.0-tier0|SPY,665.32,100,66532,155,0.23,0,163,0.24,-137,-0.21,-1998,-2.00,2
3232,Exit long,2026-03-16 07:30,TX30,666.74,100,66728,-54,-0.08,0,57,0.09,-82,-0.12,-2052,-2.05,2
3232,Entry long,2026-03-16 07:00,C0|L|MKT|15|v0.3.0-tier0|SPY,667.28,100,66728,-54,-0.08,0,57,0.09,-82,-0.12,-2052,-2.05,2
3233,Exit short,2026-03-18 07:45,TX30,662.38,100,66363,125,0.19,0,143,0.22,-67,-0.10,-1927,-1.93,2
3233,Entry short,2026-03-18 07:15,C0|S|MKT|15|v0.3.0-tier0|SPY,663.63,100,66363,125,0.19,0,143,0.22,-67,-0.10,-1927,-1.93,2
3234,Exit long,2026-03-19 07:30,TX30,652.87,100,65517,-230,-0.35,0,81,0.12,-260,-0.40,-2157,-2.16,2
3234,Entry long,2026-03-19 07:00,C0|L|MKT|15|v0.3.0-tier0|SPY,655.17,100,65517,-230,-0.35,0,81,0.12,-260,-0.40,-2157,-2.16,2
3235,Exit short,2026-03-20 07:30,TX30,650.2,100,65146,126,0.19,0,165,0.25,-68,-0.10,-2031,-2.03,2
3235,Entry short,2026-03-20 07:00,C0|S|MKT|15|v0.3.0-tier0|SPY,651.46,100,65146,126,0.19,0,165,0.25,-68,-0.10,-2031,-2.03,2
3236,Exit long,2026-03-23 07:30,TX30,659.28,100,65849,79,0.12,0,208,0.32,-154,-0.23,-1952,-1.95,2
3236,Entry long,2026-03-23 07:00,C0|L|MKT|15|v0.3.0-tier0|SPY,658.49,100,65849,79,0.12,0,208,0.32,-154,-0.23,-1952,-1.95,2
3237,Exit short,2026-03-25 07:30,TX30,656.48,100,65486,-162,-0.25,0,87,0.13,-394,-0.60,-2114,-2.11,2
3237,Entry short,2026-03-25 07:00,C0|S|MKT|15|v0.3.0-tier0|SPY,654.86,100,65486,-162,-0.25,0,87,0.13,-394,-0.60,-2114,-2.11,2
3238,Exit long,2026-03-26 07:30,TX30,651.94,100,65278,-84,-0.13,0,37,0.06,-109,-0.17,-2198,-2.20,2
3238,Entry long,2026-03-26 07:00,C0|L|MKT|15|v0.3.0-tier0|SPY,652.78,100,65278,-84,-0.13,0,37,0.06,-109,-0.17,-2198,-2.20,2
3239,Exit short,2026-03-27 07:30,TX30,637.46,100,63737,-9,-0.01,0,36,0.06,-180,-0.28,-2207,-2.21,2
3239,Entry short,2026-03-27 07:00,C0|S|MKT|15|v0.3.0-tier0|SPY,637.37,100,63737,-9,-0.01,0,36,0.06,-180,-0.28,-2207,-2.21,2
3240,Exit short,2026-03-30 07:30,TX30,634.22,100,63342,-80,-0.13,0,5,0.01,-174,-0.27,-2287,-2.29,2
3240,Entry short,2026-03-30 07:00,C0|S|MKT|15|v0.3.0-tier0|SPY,633.42,100,63342,-80,-0.13,0,5,0.01,-174,-0.27,-2287,-2.29,2
3241,Exit long,2026-03-31 07:30,TX30,640.84,100,64096,-12,-0.02,0,34,0.05,-169,-0.26,-2299,-2.30,2
3241,Entry long,2026-03-31 07:00,C0|L|MKT|15|v0.3.0-tier0|SPY,640.96,100,64096,-12,-0.02,0,34,0.05,-169,-0.26,-2299,-2.30,2
3242,Exit long,2026-04-02 07:30,TX30,648.66,100,64796,70,0.11,0,143,0.22,-108,-0.17,-2229,-2.23,2
3242,Entry long,2026-04-02 07:00,C0|L|MKT|15|v0.3.0-tier0|SPY,647.96,100,64796,70,0.11,0,143,0.22,-108,-0.17,-2229,-2.23,2
3243,Exit long,2026-04-06 07:30,TX30,656.74,100,65681,-7,-0.01,0,122,0.19,-245,-0.37,-2236,-2.24,2
3243,Entry long,2026-04-06 07:00,C0|L|MKT|15|v0.3.0-tier0|SPY,656.81,100,65681,-7,-0.01,0,122,0.19,-245,-0.37,-2236,-2.24,2
3244,Exit short,2026-04-07 07:30,TX30,652.77,100,65239,-38,-0.06,0,213,0.33,-71,-0.11,-2274,-2.27,2
3244,Entry short,2026-04-07 07:00,C0|S|MKT|15|v0.3.0-tier0|SPY,652.39,100,65239,-38,-0.06,0,213,0.33,-71,-0.11,-2274,-2.27,2
3245,Exit short,2026-04-08 07:30,TX30,672.4,100,67290,50,0.07,0,59,0.09,-63,-0.09,-2224,-2.22,2
3245,Entry short,2026-04-08 07:00,C0|S|MKT|15|v0.3.0-tier0|SPY,672.9,100,67290,50,0.07,0,59,0.09,-63,-0.09,-2224,-2.22,2
3246,Exit short,2026-04-09 08:00,TX30,673.59,100,67253,-106,-0.16,0,49,0.07,-123,-0.18,-2330,-2.33,2
3246,Entry short,2026-04-09 07:30,C0|S|MKT|15|v0.3.0-tier0|SPY,672.53,100,67253,-106,-0.16,0,49,0.07,-123,-0.18,-2330,-2.33,2
3247,Exit long,2026-04-13 07:30,TX30,677.82,100,67799,-17,-0.03,0,28,0.04,-133,-0.20,-2347,-2.35,2
3247,Entry long,2026-04-13 07:00,C0|L|MKT|15|v0.3.0-tier0|SPY,677.99,100,67799,-17,-0.03,0,28,0.04,-133,-0.20,-2347,-2.35,2
3248,Exit long,2026-04-14 07:45,TX30,689.1,100,68911,-1,0.00,0,48,0.07,-29,-0.04,-2348,-2.35,2
3248,Entry long,2026-04-14 07:15,C0|L|MKT|15|v0.3.0-tier0|SPY,689.11,100,68911,-1,0.00,0,48,0.07,-29,-0.04,-2348,-2.35,2
3249,Exit long,2026-04-15 08:00,TX30,694.95,100,69513,-18,-0.03,0,21,0.03,-98,-0.14,-2366,-2.37,2
3249,Entry long,2026-04-15 07:30,C0|L|MKT|15|v0.3.0-tier0|SPY,695.13,100,69513,-18,-0.03,0,21,0.03,-98,-0.14,-2366,-2.37,2
3250,Exit short,2026-04-16 07:30,TX30,697.35,100,69767,32,0.05,0,80,0.11,-68,-0.10,-2334,-2.33,2
3250,Entry short,2026-04-16 07:00,C0|S|MKT|15|v0.3.0-tier0|SPY,697.67,100,69767,32,0.05,0,80,0.11,-68,-0.10,-2334,-2.33,2
3251,Exit long,2026-04-17 07:30,TX30,707.42,100,70653,89,0.13,0,111,0.16,-20,-0.03,-2245,-2.24,2
3251,Entry long,2026-04-17 07:00,C0|L|MKT|15|v0.3.0-tier0|SPY,706.53,100,70653,89,0.13,0,111,0.16,-20,-0.03,-2245,-2.24,2
3252,Exit long,2026-04-20 07:30,TX30,707.07,100,70786,-79,-0.11,0,4,0.01,-101,-0.14,-2324,-2.32,2
3252,Entry long,2026-04-20 07:00,C0|L|MKT|15|v0.3.0-tier0|SPY,707.86,100,70786,-79,-0.11,0,4,0.01,-101,-0.14,-2324,-2.32,2
3253,Exit long,2026-04-21 07:30,TX30,708.73,100,70894,-21,-0.03,0,50,0.07,-57,-0.08,-2345,-2.34,2
3253,Entry long,2026-04-21 07:00,C0|L|MKT|15|v0.3.0-tier0|SPY,708.94,100,70894,-21,-0.03,0,50,0.07,-57,-0.08,-2345,-2.34,2
3254,Exit long,2026-04-22 07:30,TX30,708.72,100,70757,115,0.16,0,130,0.18,-62,-0.09,-2230,-2.23,2
3254,Entry long,2026-04-22 07:00,C0|L|MKT|15|v0.3.0-tier0|SPY,707.57,100,70757,115,0.16,0,130,0.18,-62,-0.09,-2230,-2.23,2
3255,Exit long,2026-04-29 08:00,TX30,709.6,100,70966,-6,-0.01,0,70,0.10,-19,-0.03,-2236,-2.24,2
3255,Entry long,2026-04-29 07:30,C0|L|MKT|15|v0.3.0-tier0|SPY,709.66,100,70966,-6,-0.01,0,70,0.10,-19,-0.03,-2236,-2.24,2
3256,Exit short,2026-04-30 07:30,TX30,710.14,100,70948,-66,-0.09,0,86,0.12,-105,-0.15,-2302,-2.30,2
3256,Entry short,2026-04-30 07:00,C0|S|MKT|15|v0.3.0-tier0|SPY,709.48,100,70948,-66,-0.09,0,86,0.12,-105,-0.15,-2302,-2.30,2
3257,Exit long,2026-05-01 07:30,TX30,722.37,100,72236,1,0.00,0,65,0.09,-44,-0.06,-2301,-2.30,2
3257,Entry long,2026-05-01 07:00,C0|L|MKT|15|v0.3.0-tier0|SPY,722.36,100,72236,1,0.00,0,65,0.09,-44,-0.06,-2301,-2.30,2
3258,Exit long,2026-05-04 07:30,TX30,719.38,100,71895,43,0.06,0,91,0.13,-92,-0.13,-2258,-2.26,2
3258,Entry long,2026-05-04 07:00,C0|L|MKT|15|v0.3.0-tier0|SPY,718.95,100,71895,43,0.06,0,91,0.13,-92,-0.13,-2258,-2.26,2
3259,Exit long,2026-05-05 07:30,TX30,721.45,100,72069,76,0.11,0,111,0.15,-75,-0.10,-2182,-2.18,2
3259,Entry long,2026-05-05 07:00,C0|L|MKT|15|v0.3.0-tier0|SPY,720.69,100,72069,76,0.11,0,111,0.15,-75,-0.10,-2182,-2.18,2
3260,Exit long,2026-05-06 07:30,TX30,728.16,100,72783,33,0.05,0,97,0.13,-99,-0.14,-2149,-2.15,2
3260,Entry long,2026-05-06 07:00,C0|L|MKT|15|v0.3.0-tier0|SPY,727.83,100,72783,33,0.05,0,97,0.13,-99,-0.14,-2149,-2.15,2
3261,Exit short,2026-05-07 07:30,TX30,732.77,100,73205,-72,-0.10,0,5,0.01,-114,-0.16,-2221,-2.22,2
3261,Entry short,2026-05-07 07:00,C0|S|MKT|15|v0.3.0-tier0|SPY,732.05,100,73205,-72,-0.10,0,5,0.01,-114,-0.16,-2221,-2.22,2
3262,Exit long,2026-05-08 07:30,TX30,734.93,100,73472,21,0.03,0,94,0.13,-37,-0.05,-2200,-2.20,2
3262,Entry long,2026-05-08 07:00,C0|L|MKT|15|v0.3.0-tier0|SPY,734.72,100,73472,21,0.03,0,94,0.13,-37,-0.05,-2200,-2.20,2
3263,Exit long,2026-05-11 07:30,TX30,736.54,100,73678,-24,-0.03,0,91,0.12,-28,-0.04,-2224,-2.22,2
3263,Entry long,2026-05-11 07:00,C0|L|MKT|15|v0.3.0-tier0|SPY,736.78,100,73678,-24,-0.03,0,91,0.12,-28,-0.04,-2224,-2.22,2
3264,Exit short,2026-05-12 07:30,TX30,733.03,100,73322,19,0.03,0,54,0.07,-125,-0.17,-2205,-2.20,2
3264,Entry short,2026-05-12 07:00,C0|S|MKT|15|v0.3.0-tier0|SPY,733.22,100,73322,19,0.03,0,54,0.07,-125,-0.17,-2205,-2.20,2
3265,Exit long,2026-05-14 08:00,TX30,745.25,100,74403,122,0.16,0,159,0.21,-19,-0.03,-2083,-2.08,2
3265,Entry long,2026-05-14 07:30,C0|L|MKT|15|v0.3.0-tier0|SPY,744.03,100,74403,122,0.16,0,159,0.21,-19,-0.03,-2083,-2.08,2
3266,Exit long,2026-05-18 07:30,TX30,737.62,100,73865,-103,-0.14,0,25,0.03,-195,-0.26,-2186,-2.19,2
3266,Entry long,2026-05-18 07:00,C0|L|MKT|15|v0.3.0-tier0|SPY,738.65,100,73865,-103,-0.14,0,25,0.03,-195,-0.26,-2186,-2.19,2
3267,Exit short,2026-05-19 07:45,TX30,730.88,100,73104,16,0.02,0,118,0.16,-54,-0.07,-2170,-2.17,2
3267,Entry short,2026-05-19 07:15,C0|S|MKT|15|v0.3.0-tier0|SPY,731.04,100,73104,16,0.02,0,118,0.16,-54,-0.07,-2170,-2.17,2
3268,Exit long,2026-05-20 08:00,TX30,737.3,100,73603,127,0.17,0,154,0.21,-48,-0.07,-2043,-2.04,2
3268,Entry long,2026-05-20 07:30,C0|L|MKT|15|v0.3.0-tier0|SPY,736.03,100,73603,127,0.17,0,154,0.21,-48,-0.07,-2043,-2.04,2
3269,Exit long,2026-05-21 07:30,TX30,736.58,100,73789,-131,-0.18,0,82,0.11,-234,-0.32,-2174,-2.17,2
3269,Entry long,2026-05-21 07:00,C0|L|MKT|15|v0.3.0-tier0|SPY,737.89,100,73789,-131,-0.18,0,82,0.11,-234,-0.32,-2174,-2.17,2
3270,Exit short,2026-05-22 07:45,TX30,744.44,100,74362,-82,-0.11,0,104,0.14,-97,-0.13,-2256,-2.26,2
3270,Entry short,2026-05-22 07:15,C0|S|MKT|15|v0.3.0-tier0|SPY,743.62,100,74362,-82,-0.11,0,104,0.14,-97,-0.13,-2256,-2.26,2
3271,Exit long,2026-05-26 07:30,TX30,749.61,100,74885,76,0.10,0,108,0.14,-24,-0.03,-2180,-2.18,2
3271,Entry long,2026-05-26 07:00,C0|L|MKT|15|v0.3.0-tier0|SPY,748.85,100,74885,76,0.10,0,108,0.14,-24,-0.03,-2180,-2.18,2
3272,Exit long,2026-05-28 07:45,TX30,750.55,100,75108,-53,-0.07,0,44,0.06,-128,-0.17,-2233,-2.23,2
3272,Entry long,2026-05-28 07:15,C0|L|MKT|15|v0.3.0-tier0|SPY,751.08,100,75108,-53,-0.07,0,44,0.06,-128,-0.17,-2233,-2.23,2
3273,Exit long,2026-05-29 07:30,TX30,754.67,100,75587,-120,-0.16,0,26,0.03,-196,-0.26,-2353,-2.35,2
3273,Entry long,2026-05-29 07:00,C0|L|MKT|15|v0.3.0-tier0|SPY,755.87,100,75587,-120,-0.16,0,26,0.03,-196,-0.26,-2353,-2.35,2
3274,Exit long,2026-06-02 07:45,TX30,756.95,100,75625,70,0.09,0,74,0.10,-66,-0.09,-2283,-2.28,2
3274,Entry long,2026-06-02 07:15,C0|L|MKT|15|v0.3.0-tier0|SPY,756.25,100,75625,70,0.09,0,74,0.10,-66,-0.09,-2283,-2.28,2
3275,Exit short,2026-06-03 07:30,TX30,754.86,100,75397,-89,-0.12,0,8,0.01,-107,-0.14,-2372,-2.37,2
3275,Entry short,2026-06-03 07:00,C0|S|MKT|15|v0.3.0-tier0|SPY,753.97,100,75397,-89,-0.12,0,8,0.01,-107,-0.14,-2372,-2.37,2
3276,Exit long,2026-06-04 08:00,TX30,752.28,100,75207,21,0.03,0,23,0.03,-62,-0.08,-2351,-2.35,2
3276,Entry long,2026-06-04 07:30,C0|L|MKT|15|v0.3.0-tier0|SPY,752.07,100,75207,21,0.03,0,23,0.03,-62,-0.08,-2351,-2.35,2
3277,Exit short,2026-06-05 07:30,TX30,747.29,100,74683,-46,-0.06,0,52,0.07,-220,-0.29,-2397,-2.40,2
3277,Entry short,2026-06-05 07:00,C0|S|MKT|15|v0.3.0-tier0|SPY,746.83,100,74683,-46,-0.06,0,52,0.07,-220,-0.29,-2397,-2.40,2
3278,Exit short,2026-06-08 07:30,TX30,740.59,100,73890,-169,-0.23,0,18,0.02,-220,-0.30,-2566,-2.57,2
3278,Entry short,2026-06-08 07:00,C0|S|MKT|15|v0.3.0-tier0|SPY,738.9,100,73890,-169,-0.23,0,18,0.02,-220,-0.30,-2566,-2.57,2
3279,Exit short,2026-06-09 07:45,TX30,736.76,100,73964,288,0.39,0,311,0.42,-64,-0.09,-2278,-2.28,2
3279,Entry short,2026-06-09 07:15,C0|S|MKT|15|v0.3.0-tier0|SPY,739.64,100,73964,288,0.39,0,311,0.42,-64,-0.09,-2278,-2.28,2
3280,Exit long,2026-06-10 07:45,TX30,733.66,100,73481,-115,-0.16,0,167,0.23,-115,-0.16,-2393,-2.39,2
3280,Entry long,2026-06-10 07:15,C0|L|MKT|15|v0.3.0-tier0|SPY,734.81,100,73481,-115,-0.16,0,167,0.23,-115,-0.16,-2393,-2.39,2
3281,Exit long,2026-06-11 07:30,TX30,727.04,100,72789,-85,-0.12,0,180,0.25,-281,-0.39,-2478,-2.48,2
3281,Entry long,2026-06-11 07:00,C0|L|MKT|15|v0.3.0-tier0|SPY,727.89,100,72789,-85,-0.12,0,180,0.25,-281,-0.39,-2478,-2.48,2
3282,Exit long,2026-06-15 08:00,TX30,752.27,100,75171,56,0.07,0,75,0.10,-68,-0.09,-2422,-2.42,2
3282,Entry long,2026-06-15 07:30,C0|L|MKT|15|v0.3.0-tier0|SPY,751.71,100,75171,56,0.07,0,75,0.10,-68,-0.09,-2422,-2.42,2
3283,Exit short,2026-06-16 07:30,TX30,751.12,100,75217,105,0.14,0,105,0.14,-108,-0.14,-2317,-2.32,2
3283,Entry short,2026-06-16 07:00,C0|S|MKT|15|v0.3.0-tier0|SPY,752.17,100,75217,105,0.14,0,105,0.14,-108,-0.14,-2317,-2.32,2
3284,Exit short,2026-06-17 07:30,TX30,749.76,100,74793,-183,-0.24,0,23,0.03,-228,-0.30,-2500,-2.50,2
3284,Entry short,2026-06-17 07:00,C0|S|MKT|15|v0.3.0-tier0|SPY,747.93,100,74793,-183,-0.24,0,23,0.03,-228,-0.30,-2500,-2.50,2
3285,Exit short,2026-06-22 08:00,TX30,744.73,100,74651,178,0.24,0,335,0.45,-8,-0.01,-2322,-2.32,2
3285,Entry short,2026-06-22 07:30,C0|S|MKT|15|v0.3.0-tier0|SPY,746.51,100,74651,178,0.24,0,335,0.45,-8,-0.01,-2322,-2.32,2
3286,Exit long,2026-06-23 07:30,TX30,738.91,100,73715,176,0.24,0,248,0.34,-15,-0.02,-2146,-2.15,2
3286,Entry long,2026-06-23 07:00,C0|L|MKT|15|v0.3.0-tier0|SPY,737.15,100,73715,176,0.24,0,248,0.34,-15,-0.02,-2146,-2.15,2
3287,Exit short,2026-06-25 07:30,TX30,735.44,100,72985,-559,-0.77,0,22,0.03,-665,-0.91,-2705,-2.70,2
3287,Entry short,2026-06-25 07:00,C0|S|MKT|15|v0.3.0-tier0|SPY,729.85,100,72985,-559,-0.77,0,22,0.03,-665,-0.91,-2705,-2.70,2
3288,Exit long,2026-06-26 07:30,TX30,733.48,100,73088,260,0.36,0,335,0.46,-24,-0.03,-2445,-2.44,2
3288,Entry long,2026-06-26 07:00,C0|L|MKT|15|v0.3.0-tier0|SPY,730.88,100,73088,260,0.36,0,335,0.46,-24,-0.03,-2445,-2.44,2
3289,Exit short,2026-06-29 07:45,TX30,737.04,100,73270,-434,-0.59,0,61,0.08,-513,-0.70,-2879,-2.88,2
3289,Entry short,2026-06-29 07:15,C0|S|MKT|15|v0.3.0-tier0|SPY,732.7,100,73270,-434,-0.59,0,61,0.08,-513,-0.70,-2879,-2.88,2
3290,Exit long,2026-06-30 07:30,TX30,744.46,100,74392,54,0.07,0,66,0.09,-106,-0.14,-2825,-2.82,2
3290,Entry long,2026-06-30 07:00,C0|L|MKT|15|v0.3.0-tier0|SPY,743.92,100,74392,54,0.07,0,66,0.09,-106,-0.14,-2825,-2.82,2
3291,Exit long,2026-07-01 07:30,TX30,746.83,100,74534,149,0.20,0,167,0.22,-34,-0.05,-2676,-2.68,2
3291,Entry long,2026-07-01 07:00,C0|L|MKT|15|v0.3.0-tier0|SPY,745.34,100,74534,149,0.20,0,167,0.22,-34,-0.05,-2676,-2.68,2
3292,Exit long,2026-07-02 07:30,TX30,747.99,100,75078,-279,-0.37,0,46,0.06,-311,-0.41,-2955,-2.95,2
3292,Entry long,2026-07-02 07:00,C0|L|MKT|15|v0.3.0-tier0|SPY,750.78,100,75078,-279,-0.37,0,46,0.06,-311,-0.41,-2955,-2.95,2
3293,Exit long,2026-07-06 08:00,TX30,750.28,100,74996,32,0.04,0,32,0.04,-86,-0.11,-2923,-2.92,2
3293,Entry long,2026-07-06 07:30,C0|L|MKT|15|v0.3.0-tier0|SPY,749.96,100,74996,32,0.04,0,32,0.04,-86,-0.11,-2923,-2.92,2
3294,Exit short,2026-07-07 07:30,TX30,746.68,100,74882,214,0.29,0,274,0.37,-38,-0.05,-2709,-2.71,2
3294,Entry short,2026-07-07 07:00,C0|S|MKT|15|v0.3.0-tier0|SPY,748.82,100,74882,214,0.29,0,274,0.37,-38,-0.05,-2709,-2.71,2
3295,Exit long,2026-07-09 07:30,TX30,747.86,100,74869,-83,-0.11,0,33,0.04,-310,-0.41,-2792,-2.79,2
3295,Entry long,2026-07-09 07:00,C0|L|MKT|15|v0.3.0-tier0|SPY,748.69,100,74869,-83,-0.11,0,33,0.04,-310,-0.41,-2792,-2.79,2
3296,Exit long,2026-07-16 08:00,TX30,754.21,100,75432,-11,-0.01,0,25,0.03,-98,-0.13,-2803,-2.80,2
3296,Entry long,2026-07-16 07:30,C0|L|MKT|15|v0.3.0-tier0|SPY,754.32,100,75432,-11,-0.01,0,25,0.03,-98,-0.13,-2803,-2.80,2
3297,Exit long,2026-07-17 07:30,TX30,746.37,100,74484,153,0.21,0,243,0.33,-14,-0.02,-2650,-2.65,2
3297,Entry long,2026-07-17 07:00,C0|L|MKT|15|v0.3.0-tier0|SPY,744.84,100,74484,153,0.21,0,243,0.33,-14,-0.02,-2650,-2.65,2
3298,Exit short,2026-07-20 07:30,TX30,745.67,100,74571,4,0.01,0,144,0.19,-65,-0.09,-2646,-2.65,2
3298,Entry short,2026-07-20 07:00,C0|S|MKT|15|v0.3.0-tier0|SPY,745.71,100,74571,4,0.01,0,144,0.19,-65,-0.09,-2646,-2.65,2
3299,Exit long,2026-07-21 08:00,TX30,746.77,100,74685,-8,-0.01,0,41,0.05,-107,-0.14,-2654,-2.65,2
3299,Entry long,2026-07-21 07:30,C0|L|MKT|15|v0.3.0-tier0|SPY,746.85,100,74685,-8,-0.01,0,41,0.05,-107,-0.14,-2654,-2.65,2
3300,Exit long,2026-07-22 07:30,TX30,747.28,100,74877,-149,-0.20,0,61,0.08,-168,-0.22,-2803,-2.80,2
3300,Entry long,2026-07-22 07:00,C0|L|MKT|15|v0.3.0-tier0|SPY,748.77,100,74877,-149,-0.20,0,61,0.08,-168,-0.22,-2803,-2.80,2