Trade number,Type,Date and time,Signal,Price USD,Size (qty),Size (value),Net PnL USD,Return %,Commission USD,Favorable excursion USD,Favorable excursion %,Adverse excursion USD,Adverse excursion %,Cumulative PnL USD,Cumulative PnL %,Duration (bars)
1,Exit short,2016-01-04 12:55,STP,101.41,870,87974.4,-253.17,-0.29,0.87,817.37,0.93,-252.73,-0.29,-253.17,-1.01,76
1,Entry short,2016-01-04 06:35,QQQREP|S|v1.1.7-rep|P1/10/4,101.12,870,87974.4,-253.17,-0.29,0.87,817.37,0.93,-252.73,-0.29,-253.17,-1.01,76
2,Exit short,2016-01-05 12:55,EOD,101.22,809,82340.02,452.23,0.55,0.81,784.33,0.95,-129.84,-0.16,199.06,0.80,76
2,Entry short,2016-01-05 06:35,QQQREP|S|v1.1.7-rep|P1/10/4,101.78,809,82340.02,452.23,0.55,0.81,784.33,0.95,-129.84,-0.16,199.06,0.80,76
3,Exit long,2016-01-06 12:55,EOD,100.32,1011,100766.37,656.14,0.65,1.01,1212.69,1.20,-91.5,-0.09,855.2,3.42,76
3,Entry long,2016-01-06 06:35,QQQREP|L|v1.1.7-rep|P1/10/4,99.67,1011,100766.37,656.14,0.65,1.01,1212.69,1.20,-91.5,-0.09,855.2,3.42,76
4,Exit short,2016-01-07 06:35,STP,98.22,1054,103334.16,-190.77,-0.18,1.05,10.01,0.01,-190.25,-0.18,664.43,2.66,0
4,Entry short,2016-01-07 06:35,QQQREP|S|v1.1.7-rep|P1/10/4,98.04,1054,103334.16,-190.77,-0.18,1.05,10.01,0.01,-190.25,-0.18,664.43,2.66,0
5,Exit long,2016-01-08 07:10,STP,97.77,512,50314.24,-256.51,-0.51,0.51,107.26,0.21,-256.26,-0.51,407.91,1.63,7
5,Entry long,2016-01-08 06:35,QQQREP|L|v1.1.7-rep|P1/10/4,98.27,512,50314.24,-256.51,-0.51,0.51,107.26,0.21,-256.26,-0.51,407.91,1.63,7
6,Exit long,2016-01-11 06:35,STP,97.04,1045,101553.1,-147.34,-0.15,1.05,51.73,0.05,-146.82,-0.14,260.57,1.04,0
6,Entry long,2016-01-11 06:35,QQQREP|L|v1.1.7-rep|P1/10/4,97.18,1045,101553.1,-147.34,-0.15,1.05,51.73,0.05,-146.82,-0.14,260.57,1.04,0
7,Exit long,2016-01-12 07:45,STP,97.51,778,76119.52,-257.52,-0.34,0.78,341.93,0.45,-257.13,-0.34,3.05,0.01,14
7,Entry long,2016-01-12 06:35,QQQREP|L|v1.1.7-rep|P1/10/4,97.84,778,76119.52,-257.52,-0.34,0.78,341.93,0.45,-257.13,-0.34,3.05,0.01,14
8,Exit long,2016-01-13 06:45,STP,98.07,1018,99957.42,-123.18,-0.12,1.02,233.63,0.23,-122.67,-0.12,-120.13,-0.48,2
8,Entry long,2016-01-13 06:35,QQQREP|L|v1.1.7-rep|P1/10/4,98.19,1018,99957.42,-123.18,-0.12,1.02,233.63,0.23,-122.67,-0.12,-120.13,-0.48,2
9,Exit short,2016-01-14 07:20,STP,94.91,1051,99498.17,-253.29,-0.25,1.05,1460.36,1.47,-252.77,-0.25,-373.42,-1.49,9
9,Entry short,2016-01-14 06:35,QQQREP|S|v1.1.7-rep|P1/10/4,94.67,1051,99498.17,-253.29,-0.25,1.05,1460.36,1.47,-252.77,-0.25,-373.42,-1.49,9
10,Exit long,2016-01-15 09:05,STP,93.07,474,44366.4,-251.69,-0.57,0.47,402.66,0.91,-251.46,-0.57,-625.11,-2.50,30
10,Entry long,2016-01-15 06:35,QQQREP|L|v1.1.7-rep|P1/10/4,93.6,474,44366.4,-251.69,-0.57,0.47,402.66,0.91,-251.46,-0.57,-625.11,-2.50,30
11,Exit short,2016-01-19 12:55,EOD,93.63,848,80203.84,804.75,1.00,0.85,1729.5,2.16,-144.58,-0.18,179.64,0.72,76
11,Entry short,2016-01-19 06:35,QQQREP|S|v1.1.7-rep|P1/10/4,94.58,848,80203.84,804.75,1.00,0.85,1729.5,2.16,-144.58,-0.18,179.64,0.72,76
12,Exit long,2016-01-20 06:35,STP,92.06,679,62766.76,-258.7,-0.41,0.68,53.98,0.09,-258.36,-0.41,-79.06,-0.32,0
12,Entry long,2016-01-20 06:35,QQQREP|L|v1.1.7-rep|P1/10/4,92.44,679,62766.76,-258.7,-0.41,0.68,53.98,0.09,-258.36,-0.41,-79.06,-0.32,0
13,Exit short,2016-01-21 07:10,STP,93.76,1065,99641.4,-214.06,-0.21,1.07,1139.02,1.14,-213.53,-0.21,-293.12,-1.17,7
13,Entry short,2016-01-21 06:35,QQQREP|S|v1.1.7-rep|P1/10/4,93.56,1065,99641.4,-214.06,-0.21,1.07,1139.02,1.14,-213.53,-0.21,-293.12,-1.17,7
14,Exit long,2016-01-25 06:35,STP,95.75,1030,98746.1,-124.63,-0.13,1.03,0,0.00,-124.11,-0.13,-417.75,-1.67,0
14,Entry long,2016-01-25 06:35,QQQREP|L|v1.1.7-rep|P1/10/4,95.87,1030,98746.1,-124.63,-0.13,1.03,0,0.00,-124.11,-0.13,-417.75,-1.67,0
15,Exit long,2016-01-26 06:35,STP,94.89,947,90107.05,-247.17,-0.27,0.95,103.7,0.12,-246.69,-0.27,-664.92,-2.66,0
15,Entry long,2016-01-26 06:35,QQQREP|L|v1.1.7-rep|P1/10/4,95.15,947,90107.05,-247.17,-0.27,0.95,103.7,0.12,-246.69,-0.27,-664.92,-2.66,0
16,Exit short,2016-01-28 07:20,TGT,93.26,1028,97289.92,1417.61,1.46,1.03,1418.13,1.46,-134.15,-0.14,752.69,3.01,9
16,Entry short,2016-01-28 06:35,QQQREP|S|v1.1.7-rep|P1/10/4,94.64,1028,97289.92,1417.61,1.46,1.03,1418.13,1.46,-134.15,-0.14,752.69,3.01,9
17,Exit long,2016-01-29 09:05,TGT,95.74,1089,102986.73,1273.04,1.24,1.09,1273.59,1.24,-0.54,0.00,2025.73,8.10,30
17,Entry long,2016-01-29 06:35,QQQREP|L|v1.1.7-rep|P1/10/4,94.57,1089,102986.73,1273.04,1.24,1.09,1273.59,1.24,-0.54,0.00,2025.73,8.10,30
18,Exit short,2016-02-01 06:35,STP,96.06,1127,108011.68,-249.07,-0.23,1.13,33.25,0.03,-248.5,-0.23,1776.67,7.11,0
18,Entry short,2016-02-01 06:35,QQQREP|S|v1.1.7-rep|P1/10/4,95.84,1127,108011.68,-249.07,-0.23,1.13,33.25,0.03,-248.5,-0.23,1776.67,7.11,0
19,Exit short,2016-02-02 12:00,TGT,94.52,1113,107037.21,1835.34,1.71,1.11,1835.89,1.72,-0.56,0.00,3612,14.45,65
19,Entry short,2016-02-02 06:35,QQQREP|S|v1.1.7-rep|P1/10/4,96.17,1113,107037.21,1835.34,1.71,1.11,1835.89,1.72,-0.56,0.00,3612,14.45,65
20,Exit short,2016-02-03 07:25,TGT,93.17,1203,114369.21,2284.5,2.00,1.2,2285.1,2.00,-0.6,0.00,5896.5,23.59,10
20,Entry short,2016-02-03 06:35,QQQREP|S|v1.1.7-rep|P1/10/4,95.07,1203,114369.21,2284.5,2.00,1.2,2285.1,2.00,-0.6,0.00,5896.5,23.59,10
21,Exit short,2016-02-04 07:10,STP,94.19,855,80216.1,-317.2,-0.40,0.86,649.37,0.81,-316.78,-0.39,5579.29,22.32,7
21,Entry short,2016-02-04 06:35,QQQREP|S|v1.1.7-rep|P1/10/4,93.82,855,80216.1,-317.2,-0.40,0.86,649.37,0.81,-316.78,-0.39,5579.29,22.32,7
22,Exit short,2016-02-05 12:55,EOD,90.92,733,68491.52,1846.43,2.70,0.73,2125.33,3.10,-44.35,-0.06,7425.72,29.70,76
22,Entry short,2016-02-05 06:35,QQQREP|S|v1.1.7-rep|P1/10/4,93.44,733,68491.52,1846.43,2.70,0.73,2125.33,3.10,-44.35,-0.06,7425.72,29.70,76
23,Exit short,2016-02-08 06:40,STP,89.32,1455,129625.95,-336.1,-0.26,1.46,479.42,0.37,-335.38,-0.26,7089.62,28.36,1
23,Entry short,2016-02-08 06:35,QQQREP|S|v1.1.7-rep|P1/10/4,89.09,1455,129625.95,-336.1,-0.26,1.46,479.42,0.37,-335.38,-0.26,7089.62,28.36,1
24,Exit long,2016-02-09 12:55,EOD,89.24,1282,113380.08,1024.32,0.90,1.28,2768.48,2.44,-231.4,-0.20,8113.93,32.46,76
24,Entry long,2016-02-09 06:35,QQQREP|L|v1.1.7-rep|P1/10/4,88.44,1282,113380.08,1024.32,0.90,1.28,2768.48,2.44,-231.4,-0.20,8113.93,32.46,76
25,Exit short,2016-02-10 06:45,STP,90.43,871,78416.13,-349.27,-0.45,0.87,112.79,0.14,-348.84,-0.44,7764.66,31.06,2
25,Entry short,2016-02-10 06:35,QQQREP|S|v1.1.7-rep|P1/10/4,90.03,871,78416.13,-349.27,-0.45,0.87,112.79,0.14,-348.84,-0.44,7764.66,31.06,2
26,Exit long,2016-02-11 08:10,STP,88.38,862,76511.12,-328.42,-0.43,0.86,654.69,0.86,-327.99,-0.43,7436.24,29.74,19
26,Entry long,2016-02-11 06:35,QQQREP|L|v1.1.7-rep|P1/10/4,88.76,862,76511.12,-328.42,-0.43,0.86,654.69,0.86,-327.99,-0.43,7436.24,29.74,19
27,Exit short,2016-02-12 08:25,STP,90.61,1250,112900,-363.75,-0.32,1.25,849.38,0.75,-363.12,-0.32,7072.49,28.29,22
27,Entry short,2016-02-12 06:35,QQQREP|S|v1.1.7-rep|P1/10/4,90.32,1250,112900,-363.75,-0.32,1.25,849.38,0.75,-363.12,-0.32,7072.49,28.29,22
28,Exit long,2016-02-16 07:00,STP,92.11,1391,128208.47,-84.85,-0.07,1.39,611.34,0.48,-84.16,-0.07,6987.64,27.95,5
28,Entry long,2016-02-16 06:35,QQQREP|L|v1.1.7-rep|P1/10/4,92.17,1391,128208.47,-84.85,-0.07,1.39,611.34,0.48,-84.16,-0.07,6987.64,27.95,5
29,Exit long,2016-02-17 06:40,STP,93.52,1366,127966.88,-219.93,-0.17,1.37,122.26,0.10,-219.24,-0.17,6767.71,27.07,1
29,Entry long,2016-02-17 06:35,QQQREP|L|v1.1.7-rep|P1/10/4,93.68,1366,127966.88,-219.93,-0.17,1.37,122.26,0.10,-219.24,-0.17,6767.71,27.07,1
30,Exit short,2016-02-18 12:55,EOD,93.89,879,83417.1,886.91,1.06,0.88,992.83,1.19,-44.39,-0.05,7654.63,30.62,76
30,Entry short,2016-02-18 06:35,QQQREP|S|v1.1.7-rep|P1/10/4,94.9,879,83417.1,886.91,1.06,0.88,992.83,1.19,-44.39,-0.05,7654.63,30.62,76
31,Exit long,2016-02-19 06:35,STP,93.47,1174,110050.76,-318.15,-0.29,1.17,0,0.00,-317.57,-0.29,7336.47,29.35,0
31,Entry long,2016-02-19 06:35,QQQREP|L|v1.1.7-rep|P1/10/4,93.74,1174,110050.76,-318.15,-0.29,1.17,0,0.00,-317.57,-0.29,7336.47,29.35,0
32,Exit long,2016-02-22 12:55,EOD,95.69,1360,129295.2,841.84,0.65,1.36,964.92,0.75,-0.68,0.00,8178.31,32.71,76
32,Entry long,2016-02-22 06:35,QQQREP|L|v1.1.7-rep|P1/10/4,95.07,1360,129295.2,841.84,0.65,1.36,964.92,0.75,-0.68,0.00,8178.31,32.71,76
33,Exit long,2016-02-23 07:05,STP,95.05,1394,132680.92,-182.61,-0.14,1.39,292.04,0.22,-181.92,-0.14,7995.7,31.98,6
33,Entry long,2016-02-23 06:35,QQQREP|L|v1.1.7-rep|P1/10/4,95.18,1394,132680.92,-182.61,-0.14,1.39,292.04,0.22,-181.92,-0.14,7995.7,31.98,6
34,Exit short,2016-02-24 08:40,STP,93.12,1187,110189.21,-345.42,-0.31,1.19,450.47,0.41,-344.82,-0.31,7650.28,30.60,25
34,Entry short,2016-02-24 06:35,QQQREP|S|v1.1.7-rep|P1/10/4,92.83,1187,110189.21,-345.42,-0.31,1.19,450.47,0.41,-344.82,-0.31,7650.28,30.60,25
35,Exit long,2016-02-25 06:35,STP,95.2,1370,130574.7,-152.07,-0.12,1.37,95.22,0.07,-151.38,-0.12,7498.21,29.99,0
35,Entry long,2016-02-25 06:35,QQQREP|L|v1.1.7-rep|P1/10/4,95.31,1370,130574.7,-152.07,-0.12,1.37,95.22,0.07,-151.38,-0.12,7498.21,29.99,0
36,Exit short,2016-02-26 06:35,STP,96.66,1346,129969.76,-135.95,-0.10,1.35,12.79,0.01,-135.27,-0.10,7362.26,29.45,0
36,Entry short,2016-02-26 06:35,QQQREP|S|v1.1.7-rep|P1/10/4,96.56,1346,129969.76,-135.95,-0.10,1.35,12.79,0.01,-135.27,-0.10,7362.26,29.45,0
37,Exit long,2016-02-29 11:20,STP,95.61,1351,129385.27,-217.51,-0.17,1.35,918,0.71,-216.84,-0.17,7144.75,28.58,57
37,Entry long,2016-02-29 06:35,QQQREP|L|v1.1.7-rep|P1/10/4,95.77,1351,129385.27,-217.51,-0.17,1.35,918,0.71,-216.84,-0.17,7144.75,28.58,57
38,Exit short,2016-03-01 07:00,STP,96,1341,128588.49,-148.85,-0.12,1.34,415.04,0.32,-148.18,-0.12,6995.9,27.98,5
38,Entry short,2016-03-01 06:35,QQQREP|S|v1.1.7-rep|P1/10/4,95.89,1341,128588.49,-148.85,-0.12,1.34,415.04,0.32,-148.18,-0.12,6995.9,27.98,5
39,Exit short,2016-03-03 06:35,STP,97.96,1307,127929.16,-105.87,-0.08,1.31,90.84,0.07,-105.21,-0.08,6890.04,27.56,0
39,Entry short,2016-03-03 06:35,QQQREP|S|v1.1.7-rep|P1/10/4,97.88,1307,127929.16,-105.87,-0.08,1.31,90.84,0.07,-105.21,-0.08,6890.04,27.56,0
40,Exit short,2016-03-04 08:05,STP,98.05,764,74589.32,-321.64,-0.43,0.76,274.66,0.37,-321.26,-0.43,6568.39,26.27,18
40,Entry short,2016-03-04 06:35,QQQREP|S|v1.1.7-rep|P1/10/4,97.63,764,74589.32,-321.64,-0.43,0.76,274.66,0.37,-321.26,-0.43,6568.39,26.27,18
41,Exit short,2016-03-07 06:35,STP,97.42,1297,126275.92,-79.12,-0.06,1.3,25.29,0.02,-78.47,-0.06,6489.27,25.96,0
41,Entry short,2016-03-07 06:35,QQQREP|S|v1.1.7-rep|P1/10/4,97.36,1297,126275.92,-79.12,-0.06,1.3,25.29,0.02,-78.47,-0.06,6489.27,25.96,0
42,Exit short,2016-03-08 06:40,STP,96.66,1305,125880.3,-262.3,-0.21,1.31,90.7,0.07,-261.65,-0.21,6226.97,24.91,1
42,Entry short,2016-03-08 06:35,QQQREP|S|v1.1.7-rep|P1/10/4,96.46,1305,125880.3,-262.3,-0.21,1.31,90.7,0.07,-261.65,-0.21,6226.97,24.91,1
43,Exit short,2016-03-09 07:30,STP,96.92,1291,124904.25,-220.76,-0.18,1.29,541.57,0.43,-220.12,-0.18,6006.21,24.02,11
43,Entry short,2016-03-09 06:35,QQQREP|S|v1.1.7-rep|P1/10/4,96.75,1291,124904.25,-220.76,-0.18,1.29,541.57,0.43,-220.12,-0.18,6006.21,24.02,11
44,Exit long,2016-03-10 07:30,STP,97.27,836,81610.32,-293.44,-0.36,0.84,392.5,0.48,-293.02,-0.36,5712.77,22.85,11
44,Entry long,2016-03-10 06:35,QQQREP|L|v1.1.7-rep|P1/10/4,97.62,836,81610.32,-293.44,-0.36,0.84,392.5,0.48,-293.02,-0.36,5712.77,22.85,11
45,Exit short,2016-03-11 06:50,STP,98.15,1254,122841.84,-239.51,-0.19,1.25,99.69,0.08,-238.89,-0.19,5473.26,21.89,3
45,Entry short,2016-03-11 06:35,QQQREP|S|v1.1.7-rep|P1/10/4,97.96,1254,122841.84,-239.51,-0.19,1.25,99.69,0.08,-238.89,-0.19,5473.26,21.89,3
46,Exit long,2016-03-14 12:55,EOD,98.82,1239,121892.82,543.92,0.45,1.24,854.29,0.70,-37.79,-0.03,6017.18,24.07,76
46,Entry long,2016-03-14 06:35,QQQREP|L|v1.1.7-rep|P1/10/4,98.38,1239,121892.82,543.92,0.45,1.24,854.29,0.70,-37.79,-0.03,6017.18,24.07,76
47,Exit short,2016-03-15 07:30,STP,98.61,1260,124059.6,-190.26,-0.15,1.26,364.77,0.29,-189.63,-0.15,5826.92,23.31,11
47,Entry short,2016-03-15 06:35,QQQREP|S|v1.1.7-rep|P1/10/4,98.46,1260,124059.6,-190.26,-0.15,1.26,364.77,0.29,-189.63,-0.15,5826.92,23.31,11
48,Exit long,2016-03-16 11:45,TGT,99.76,1250,123312.5,1386.25,1.12,1.25,1386.88,1.12,-75.62,-0.06,7213.17,28.85,62
48,Entry long,2016-03-16 06:35,QQQREP|L|v1.1.7-rep|P1/10/4,98.65,1250,123312.5,1386.25,1.12,1.25,1386.88,1.12,-75.62,-0.06,7213.17,28.85,62
49,Exit long,2016-03-17 06:40,STP,99.3,1294,128791.82,-298.91,-0.23,1.29,141.69,0.11,-298.27,-0.23,6914.26,27.66,1
49,Entry long,2016-03-17 06:35,QQQREP|L|v1.1.7-rep|P1/10/4,99.53,1294,128791.82,-298.91,-0.23,1.29,141.69,0.11,-298.27,-0.23,6914.26,27.66,1
50,Exit short,2016-03-18 08:05,STP,99.96,1279,127631.41,-218.71,-0.17,1.28,677.23,0.53,-218.07,-0.17,6695.55,26.78,18
50,Entry short,2016-03-18 06:35,QQQREP|S|v1.1.7-rep|P1/10/4,99.79,1279,127631.41,-218.71,-0.17,1.28,677.23,0.53,-218.07,-0.17,6695.55,26.78,18
51,Exit long,2016-03-21 07:30,STP,99.59,1270,126695.2,-217.17,-0.17,1.27,393.07,0.31,-216.53,-0.17,6478.38,25.91,11
51,Entry long,2016-03-21 06:35,QQQREP|L|v1.1.7-rep|P1/10/4,99.76,1270,126695.2,-217.17,-0.17,1.27,393.07,0.31,-216.53,-0.17,6478.38,25.91,11
52,Exit long,2016-03-22 12:55,EOD,100.43,1262,125846.64,894.76,0.71,1.26,1248.75,0.99,-0.63,0.00,7373.13,29.49,76
52,Entry long,2016-03-22 06:35,QQQREP|L|v1.1.7-rep|P1/10/4,99.72,1262,125846.64,894.76,0.71,1.26,1248.75,0.99,-0.63,0.00,7373.13,29.49,76
53,Exit short,2016-03-23 06:35,STP,100.31,1291,129409.84,-91.66,-0.07,1.29,102.63,0.08,-91.02,-0.07,7281.47,29.13,0
53,Entry short,2016-03-23 06:35,QQQREP|S|v1.1.7-rep|P1/10/4,100.24,1291,129409.84,-91.66,-0.07,1.29,102.63,0.08,-91.02,-0.07,7281.47,29.13,0
54,Exit short,2016-03-24 06:35,STP,99.2,1302,129041.22,-118.48,-0.09,1.3,25.39,0.02,-117.83,-0.09,7162.99,28.65,0
54,Entry short,2016-03-24 06:35,QQQREP|S|v1.1.7-rep|P1/10/4,99.11,1302,129041.22,-118.48,-0.09,1.3,25.39,0.02,-117.83,-0.09,7162.99,28.65,0
55,Exit short,2016-03-28 12:55,EOD,99.54,1289,128564.86,256.51,0.20,1.29,476.29,0.37,-181.1,-0.14,7419.5,29.68,76
55,Entry short,2016-03-28 06:35,QQQREP|S|v1.1.7-rep|P1/10/4,99.74,1289,128564.86,256.51,0.20,1.29,476.29,0.37,-181.1,-0.14,7419.5,29.68,76
56,Exit long,2016-03-29 06:35,STP,99.3,1304,129591.52,-105.62,-0.08,1.3,64.55,0.05,-104.97,-0.08,7313.88,29.26,0
56,Entry long,2016-03-29 06:35,QQQREP|L|v1.1.7-rep|P1/10/4,99.38,1304,129591.52,-105.62,-0.08,1.3,64.55,0.05,-104.97,-0.08,7313.88,29.26,0
57,Exit short,2016-03-30 06:35,STP,101.75,1270,129159,-64.77,-0.05,1.27,0,0.00,-64.14,-0.05,7249.11,29.00,0
57,Entry short,2016-03-30 06:35,QQQREP|S|v1.1.7-rep|P1/10/4,101.7,1270,129159,-64.77,-0.05,1.27,0,0.00,-64.14,-0.05,7249.11,29.00,0
58,Exit long,2016-03-31 06:35,STP,101.52,1269,128968.47,-140.86,-0.11,1.27,12.06,0.01,-140.22,-0.11,7108.25,28.43,0
58,Entry long,2016-03-31 06:35,QQQREP|L|v1.1.7-rep|P1/10/4,101.63,1269,128968.47,-140.86,-0.11,1.27,12.06,0.01,-140.22,-0.11,7108.25,28.43,0
59,Exit short,2016-04-01 06:35,STP,100.95,1273,128382.05,-128.57,-0.10,1.27,139.39,0.11,-127.94,-0.10,6979.68,27.92,0
59,Entry short,2016-04-01 06:35,QQQREP|S|v1.1.7-rep|P1/10/4,100.85,1273,128382.05,-128.57,-0.10,1.27,139.39,0.11,-127.94,-0.10,6979.68,27.92,0
60,Exit short,2016-04-04 07:00,STP,102.53,1248,127882.56,-76.13,-0.06,1.25,273.94,0.21,-75.5,-0.06,6903.55,27.61,5
60,Entry short,2016-04-04 06:35,QQQREP|S|v1.1.7-rep|P1/10/4,102.47,1248,127882.56,-76.13,-0.06,1.25,273.94,0.21,-75.5,-0.06,6903.55,27.61,5
61,Exit short,2016-04-05 06:35,STP,101.47,1259,127599.65,-152.34,-0.12,1.26,0,0.00,-151.71,-0.12,6751.21,27.00,0
61,Entry short,2016-04-05 06:35,QQQREP|S|v1.1.7-rep|P1/10/4,101.35,1259,127599.65,-152.34,-0.12,1.26,0,0.00,-151.71,-0.12,6751.21,27.00,0
62,Exit long,2016-04-06 12:55,EOD,102.85,1251,126963.99,1700.11,1.34,1.25,1725.75,1.36,-225.81,-0.18,8451.32,33.81,76
62,Entry long,2016-04-06 06:35,QQQREP|L|v1.1.7-rep|P1/10/4,101.49,1251,126963.99,1700.11,1.34,1.25,1725.75,1.36,-225.81,-0.18,8451.32,33.81,76
63,Exit long,2016-04-07 06:45,STP,102.17,1307,133706.1,-171.22,-0.13,1.31,169.26,0.13,-170.56,-0.13,8280.1,33.12,2
63,Entry long,2016-04-07 06:35,QQQREP|L|v1.1.7-rep|P1/10/4,102.3,1307,133706.1,-171.22,-0.13,1.31,169.26,0.13,-170.56,-0.13,8280.1,33.12,2
64,Exit short,2016-04-08 06:55,STP,102.04,1306,133068.34,-197.21,-0.15,1.31,273.61,0.21,-196.55,-0.15,8082.9,32.33,4
64,Entry short,2016-04-08 06:35,QQQREP|S|v1.1.7-rep|P1/10/4,101.89,1306,133068.34,-197.21,-0.15,1.31,273.61,0.21,-196.55,-0.15,8082.9,32.33,4
65,Exit short,2016-04-11 06:50,STP,101.91,1227,124712.28,-332.52,-0.27,1.23,85.28,0.07,-331.9,-0.27,7750.38,31.00,3
65,Entry short,2016-04-11 06:35,QQQREP|S|v1.1.7-rep|P1/10/4,101.64,1227,124712.28,-332.52,-0.27,1.23,85.28,0.07,-331.9,-0.27,7750.38,31.00,3
66,Exit short,2016-04-12 06:50,STP,101.1,1067,107542.93,-331.84,-0.31,1.07,31.48,0.03,-331.3,-0.31,7418.54,29.67,3
66,Entry short,2016-04-12 06:35,QQQREP|S|v1.1.7-rep|P1/10/4,100.79,1067,107542.93,-331.84,-0.31,1.07,31.48,0.03,-331.3,-0.31,7418.54,29.67,3
67,Exit short,2016-04-13 06:35,STP,102.56,1265,129599.25,-140.41,-0.11,1.26,0,0.00,-139.78,-0.11,7278.13,29.11,0
67,Entry short,2016-04-13 06:35,QQQREP|S|v1.1.7-rep|P1/10/4,102.45,1265,129599.25,-140.41,-0.11,1.26,0,0.00,-139.78,-0.11,7278.13,29.11,0
68,Exit short,2016-04-14 07:30,STP,103.15,1252,129043.64,-101.41,-0.08,1.25,324.89,0.25,-100.79,-0.08,7176.71,28.71,11
68,Entry short,2016-04-14 06:35,QQQREP|S|v1.1.7-rep|P1/10/4,103.07,1252,129043.64,-101.41,-0.08,1.25,324.89,0.25,-100.79,-0.08,7176.71,28.71,11
69,Exit short,2016-04-15 07:45,STP,103.12,1249,128634.51,-163.62,-0.13,1.25,249.18,0.19,-162.99,-0.13,7013.1,28.05,14
69,Entry short,2016-04-15 06:35,QQQREP|S|v1.1.7-rep|P1/10/4,102.99,1249,128634.51,-163.62,-0.13,1.25,249.18,0.19,-162.99,-0.13,7013.1,28.05,14
70,Exit long,2016-04-18 12:55,EOD,103.35,1248,127994.88,984.67,0.77,1.25,1035.22,0.81,-13.1,-0.01,7997.77,31.99,76
70,Entry long,2016-04-18 06:35,QQQREP|L|v1.1.7-rep|P1/10/4,102.56,1248,127994.88,984.67,0.77,1.25,1035.22,0.81,-13.1,-0.01,7997.77,31.99,76
71,Exit short,2016-04-19 12:55,EOD,102.72,986,101784.78,501.87,0.49,0.99,1093.97,1.07,-20.21,-0.02,8499.64,34.00,76
71,Entry short,2016-04-19 06:35,QQQREP|S|v1.1.7-rep|P1/10/4,103.23,986,101784.78,501.87,0.49,0.99,1093.97,1.07,-20.21,-0.02,8499.64,34.00,76
72,Exit short,2016-04-20 06:50,STP,102.81,1305,133906.05,-262.3,-0.20,1.31,286.45,0.21,-261.65,-0.20,8237.34,32.95,3
72,Entry short,2016-04-20 06:35,QQQREP|S|v1.1.7-rep|P1/10/4,102.61,1305,133906.05,-262.3,-0.20,1.31,286.45,0.21,-261.65,-0.20,8237.34,32.95,3
73,Exit long,2016-04-21 06:35,STP,102.69,1293,132907.47,-130.59,-0.10,1.29,25.21,0.02,-129.95,-0.10,8106.74,32.43,0
73,Entry long,2016-04-21 06:35,QQQREP|L|v1.1.7-rep|P1/10/4,102.79,1293,132907.47,-130.59,-0.10,1.29,25.21,0.02,-129.95,-0.10,8106.74,32.43,0
74,Exit long,2016-04-22 07:10,STP,101.39,809,82372.38,-348.68,-0.42,0.81,112.86,0.14,-348.27,-0.42,7758.06,31.03,7
74,Entry long,2016-04-22 06:35,QQQREP|L|v1.1.7-rep|P1/10/4,101.82,809,82372.38,-348.68,-0.42,0.81,112.86,0.14,-348.27,-0.42,7758.06,31.03,7
75,Exit long,2016-04-25 07:15,STP,100.9,1295,130950.4,-286.19,-0.22,1.3,206.55,0.16,-285.55,-0.22,7471.87,29.89,8
75,Entry long,2016-04-25 06:35,QQQREP|L|v1.1.7-rep|P1/10/4,101.12,1295,130950.4,-286.19,-0.22,1.3,206.55,0.16,-285.55,-0.22,7471.87,29.89,8
76,Exit short,2016-04-26 06:45,STP,101.49,1282,129840.96,-270.5,-0.21,1.28,12.18,0.01,-269.86,-0.21,7201.37,28.81,2
76,Entry short,2016-04-26 06:35,QQQREP|S|v1.1.7-rep|P1/10/4,101.28,1282,129840.96,-270.5,-0.21,1.28,12.18,0.01,-269.86,-0.21,7201.37,28.81,2
77,Exit long,2016-04-27 06:50,STP,99.72,1019,101950.95,-337.29,-0.33,1.02,131.96,0.13,-336.78,-0.33,6864.08,27.46,3
77,Entry long,2016-04-27 06:35,QQQREP|L|v1.1.7-rep|P1/10/4,100.05,1019,101950.95,-337.29,-0.33,1.02,131.96,0.13,-336.78,-0.33,6864.08,27.46,3
78,Exit short,2016-04-28 06:35,STP,100.11,1274,127361.78,-179.63,-0.14,1.27,0,0.00,-179,-0.14,6684.44,26.74,0
78,Entry short,2016-04-28 06:35,QQQREP|S|v1.1.7-rep|P1/10/4,99.97,1274,127361.78,-179.63,-0.14,1.27,0,0.00,-179,-0.14,6684.44,26.74,0
79,Exit long,2016-04-29 06:45,STP,98.59,1282,126648.78,-257.68,-0.20,1.28,217.3,0.17,-257.04,-0.20,6426.76,25.71,2
79,Entry long,2016-04-29 06:35,QQQREP|L|v1.1.7-rep|P1/10/4,98.79,1282,126648.78,-257.68,-0.20,1.28,217.3,0.17,-257.04,-0.20,6426.76,25.71,2
80,Exit short,2016-05-02 06:40,STP,98.5,1166,114536.18,-315.99,-0.28,1.17,104.36,0.09,-315.4,-0.28,6110.78,24.44,1
80,Entry short,2016-05-02 06:35,QQQREP|S|v1.1.7-rep|P1/10/4,98.23,1166,114536.18,-315.99,-0.28,1.17,104.36,0.09,-315.4,-0.28,6110.78,24.44,1
81,Exit long,2016-05-03 06:45,STP,98.4,1261,124372.43,-291.29,-0.23,1.26,100.25,0.08,-290.66,-0.23,5819.49,23.28,2
81,Entry long,2016-05-03 06:35,QQQREP|L|v1.1.7-rep|P1/10/4,98.63,1261,124372.43,-291.29,-0.23,1.26,100.25,0.08,-290.66,-0.23,5819.49,23.28,2
82,Exit long,2016-05-04 06:35,STP,97.64,1260,123265.8,-240.66,-0.20,1.26,11.97,0.01,-240.03,-0.19,5578.83,22.32,0
82,Entry long,2016-05-04 06:35,QQQREP|L|v1.1.7-rep|P1/10/4,97.83,1260,123265.8,-240.66,-0.20,1.26,11.97,0.01,-240.03,-0.19,5578.83,22.32,0
83,Exit short,2016-05-05 07:10,STP,98.04,1249,122302.08,-151.13,-0.12,1.25,361.59,0.30,-150.5,-0.12,5427.7,21.71,7
83,Entry short,2016-05-05 06:35,QQQREP|S|v1.1.7-rep|P1/10/4,97.92,1249,122302.08,-151.13,-0.12,1.25,361.59,0.30,-150.5,-0.12,5427.7,21.71,7
84,Exit long,2016-05-06 07:40,STP,97.11,1251,121697.28,-213.92,-0.18,1.25,649.89,0.53,-213.3,-0.18,5213.77,20.86,13
84,Entry long,2016-05-06 06:35,QQQREP|L|v1.1.7-rep|P1/10/4,97.28,1251,121697.28,-213.92,-0.18,1.25,649.89,0.53,-213.3,-0.18,5213.77,20.86,13
85,Exit long,2016-05-09 12:55,EOD,98.37,1229,120822.99,72.51,0.06,1.23,663.05,0.55,-86.64,-0.07,5286.29,21.15,76
85,Entry long,2016-05-09 06:35,QQQREP|L|v1.1.7-rep|P1/10/4,98.31,1229,120822.99,72.51,0.06,1.23,663.05,0.55,-86.64,-0.07,5286.29,21.15,76
86,Exit long,2016-05-10 06:35,STP,98.69,1226,121116.54,-123.83,-0.10,1.23,36.17,0.03,-123.21,-0.10,5162.46,20.65,0
86,Entry long,2016-05-10 06:35,QQQREP|L|v1.1.7-rep|P1/10/4,98.79,1226,121116.54,-123.83,-0.10,1.23,36.17,0.03,-123.21,-0.10,5162.46,20.65,0
87,Exit short,2016-05-11 06:55,STP,99.64,1211,120591.38,-73.87,-0.06,1.21,193.15,0.16,-73.27,-0.06,5088.59,20.35,4
87,Entry short,2016-05-11 06:35,QQQREP|S|v1.1.7-rep|P1/10/4,99.58,1211,120591.38,-73.87,-0.06,1.21,193.15,0.16,-73.27,-0.06,5088.59,20.35,4
88,Exit long,2016-05-12 06:35,STP,98.99,1214,120355.96,-183.31,-0.15,1.21,47.95,0.04,-182.71,-0.15,4905.27,19.62,0
88,Entry long,2016-05-12 06:35,QQQREP|L|v1.1.7-rep|P1/10/4,99.14,1214,120355.96,-183.31,-0.15,1.21,47.95,0.04,-182.71,-0.15,4905.27,19.62,0
89,Exit long,2016-05-13 07:40,STP,98.31,1214,119566.86,-219.73,-0.18,1.21,412.15,0.34,-219.13,-0.18,4685.54,18.74,13
89,Entry long,2016-05-13 06:35,QQQREP|L|v1.1.7-rep|P1/10/4,98.49,1214,119566.86,-219.73,-0.18,1.21,412.15,0.34,-219.13,-0.18,4685.54,18.74,13
90,Exit long,2016-05-16 12:55,EOD,99.29,1208,118710.16,1230.95,1.04,1.21,1642.28,1.38,-12.68,-0.01,5916.49,23.67,76
90,Entry long,2016-05-16 06:35,QQQREP|L|v1.1.7-rep|P1/10/4,98.27,1208,118710.16,1230.95,1.04,1.21,1642.28,1.38,-12.68,-0.01,5916.49,23.67,76
91,Exit long,2016-05-17 06:35,STP,99.17,1244,123603.84,-237.6,-0.19,1.24,111.34,0.09,-236.98,-0.19,5678.89,22.72,0
91,Entry long,2016-05-17 06:35,QQQREP|L|v1.1.7-rep|P1/10/4,99.36,1244,123603.84,-237.6,-0.19,1.24,111.34,0.09,-236.98,-0.19,5678.89,22.72,0
92,Exit long,2016-05-18 07:15,TGT,98.53,1253,122668.7,788.14,0.64,1.25,788.76,0.64,-13.16,-0.01,6467.03,25.87,8
92,Entry long,2016-05-18 06:35,QQQREP|L|v1.1.7-rep|P1/10/4,97.9,1253,122668.7,788.14,0.64,1.25,788.76,0.64,-13.16,-0.01,6467.03,25.87,8
93,Exit long,2016-05-19 06:50,STP,97.9,1283,125798.15,-193.73,-0.15,1.28,230.3,0.18,-193.09,-0.15,6273.29,25.09,3
93,Entry long,2016-05-19 06:35,QQQREP|L|v1.1.7-rep|P1/10/4,98.05,1283,125798.15,-193.73,-0.15,1.28,230.3,0.18,-193.09,-0.15,6273.29,25.09,3
94,Exit long,2016-05-20 12:55,EOD,98.93,1271,125066.4,672.36,0.54,1.27,1181.39,0.94,-0.64,0.00,6945.65,27.78,76
94,Entry long,2016-05-20 06:35,QQQREP|L|v1.1.7-rep|P1/10/4,98.4,1271,125066.4,672.36,0.54,1.27,1181.39,0.94,-0.64,0.00,6945.65,27.78,76
95,Exit long,2016-05-23 12:10,STP,98.95,1288,127756.72,-310.41,-0.24,1.29,269.84,0.21,-309.76,-0.24,6635.24,26.54,67
95,Entry long,2016-05-23 06:35,QQQREP|L|v1.1.7-rep|P1/10/4,99.19,1288,127756.72,-310.41,-0.24,1.29,269.84,0.21,-309.76,-0.24,6635.24,26.54,67
96,Exit long,2016-05-24 12:55,EOD,100.78,1271,126451.79,1638.32,1.30,1.27,1804.18,1.43,-0.64,0.00,8273.56,33.09,76
96,Entry long,2016-05-24 06:35,QQQREP|L|v1.1.7-rep|P1/10/4,99.49,1271,126451.79,1638.32,1.30,1.27,1804.18,1.43,-0.64,0.00,8273.56,33.09,76
97,Exit long,2016-05-26 06:35,STP,101.53,1309,133099.12,-197.66,-0.15,1.31,0,0.00,-197,-0.15,8075.9,32.30,0
97,Entry long,2016-05-26 06:35,QQQREP|L|v1.1.7-rep|P1/10/4,101.68,1309,133099.12,-197.66,-0.15,1.31,0,0.00,-197,-0.15,8075.9,32.30,0
98,Exit long,2016-05-27 12:55,EOD,102.34,1297,132255.09,478.59,0.36,1.3,492.21,0.37,-26.59,-0.02,8554.5,34.22,76
98,Entry long,2016-05-27 06:35,QQQREP|L|v1.1.7-rep|P1/10/4,101.97,1297,132255.09,478.59,0.36,1.3,492.21,0.37,-26.59,-0.02,8554.5,34.22,76
99,Exit short,2016-05-31 06:35,STP,102.5,1310,134209.5,-66.81,-0.05,1.31,12.45,0.01,-66.15,-0.05,8487.69,33.95,0
99,Entry short,2016-05-31 06:35,QQQREP|S|v1.1.7-rep|P1/10/4,102.45,1310,134209.5,-66.81,-0.05,1.31,12.45,0.01,-66.15,-0.05,8487.69,33.95,0
100,Exit long,2016-06-01 06:35,STP,102.21,1309,133871.43,-79.85,-0.06,1.31,0,0.00,-79.19,-0.06,8407.84,33.63,0
100,Entry long,2016-06-01 06:35,QQQREP|L|v1.1.7-rep|P1/10/4,102.27,1309,133871.43,-79.85,-0.06,1.31,0,0.00,-79.19,-0.06,8407.84,33.63,0
101,Exit short,2016-06-02 08:05,STP,102.38,1306,133590.74,-118.85,-0.09,1.31,639.29,0.48,-118.19,-0.09,8288.99,33.16,18
101,Entry short,2016-06-02 06:35,QQQREP|S|v1.1.7-rep|P1/10/4,102.29,1306,133590.74,-118.85,-0.09,1.31,639.29,0.48,-118.19,-0.09,8288.99,33.16,18
102,Exit short,2016-06-03 12:55,EOD,102.28,1299,133134.51,271.49,0.20,1.3,1129.48,0.85,-39.62,-0.03,8560.48,34.24,76
102,Entry short,2016-06-03 06:35,QQQREP|S|v1.1.7-rep|P1/10/4,102.49,1299,133134.51,271.49,0.20,1.3,1129.48,0.85,-39.62,-0.03,8560.48,34.24,76
103,Exit short,2016-06-06 06:40,STP,102.47,1311,134246.4,-93.08,-0.07,1.31,78,0.06,-92.43,-0.07,8467.4,33.87,1
103,Entry short,2016-06-06 06:35,QQQREP|S|v1.1.7-rep|P1/10/4,102.4,1311,134246.4,-93.08,-0.07,1.31,78,0.06,-92.43,-0.07,8467.4,33.87,1
104,Exit short,2016-06-07 06:45,STP,102.73,1303,133805.07,-53.42,-0.04,1.3,103.59,0.08,-52.77,-0.04,8413.98,33.66,2
104,Entry short,2016-06-07 06:35,QQQREP|S|v1.1.7-rep|P1/10/4,102.69,1303,133805.07,-53.42,-0.04,1.3,103.59,0.08,-52.77,-0.04,8413.98,33.66,2
105,Exit short,2016-06-08 06:35,STP,102.61,1303,133648.71,-53.42,-0.04,1.3,0,0.00,-52.77,-0.04,8360.56,33.44,0
105,Entry short,2016-06-08 06:35,QQQREP|S|v1.1.7-rep|P1/10/4,102.57,1303,133648.71,-53.42,-0.04,1.3,0,0.00,-52.77,-0.04,8360.56,33.44,0
106,Exit short,2016-06-09 06:35,STP,102.24,1306,133420.96,-105.79,-0.08,1.31,51.59,0.04,-105.13,-0.08,8254.77,33.02,0
106,Entry short,2016-06-09 06:35,QQQREP|S|v1.1.7-rep|P1/10/4,102.16,1306,133420.96,-105.79,-0.08,1.31,51.59,0.04,-105.13,-0.08,8254.77,33.02,0
107,Exit long,2016-06-10 06:35,STP,101.43,1310,133004.3,-132.31,-0.10,1.31,25.55,0.02,-131.65,-0.10,8122.46,32.49,0
107,Entry long,2016-06-10 06:35,QQQREP|L|v1.1.7-rep|P1/10/4,101.53,1310,133004.3,-132.31,-0.10,1.31,25.55,0.02,-131.65,-0.10,8122.46,32.49,0
108,Exit long,2016-06-13 06:35,STP,100.67,1313,132402.92,-224.52,-0.17,1.31,25.6,0.02,-223.87,-0.17,7897.94,31.59,0
108,Entry long,2016-06-13 06:35,QQQREP|L|v1.1.7-rep|P1/10/4,100.84,1313,132402.92,-224.52,-0.17,1.31,25.6,0.02,-223.87,-0.17,7897.94,31.59,0
109,Exit long,2016-06-14 07:25,STP,100.14,931,93565.5,-336.09,-0.36,0.93,232.28,0.25,-335.63,-0.36,7561.85,30.25,10
109,Entry long,2016-06-14 06:35,QQQREP|L|v1.1.7-rep|P1/10/4,100.5,931,93565.5,-336.09,-0.36,0.93,232.28,0.25,-335.63,-0.36,7561.85,30.25,10
110,Exit short,2016-06-15 06:40,STP,100.68,1295,130147.5,-234.39,-0.18,1.3,12.3,0.01,-233.75,-0.18,7327.45,29.31,1
110,Entry short,2016-06-15 06:35,QQQREP|S|v1.1.7-rep|P1/10/4,100.5,1295,130147.5,-234.39,-0.18,1.3,12.3,0.01,-233.75,-0.18,7327.45,29.31,1
111,Exit short,2016-06-16 09:20,STP,99.69,1298,129228.88,-170.04,-0.13,1.3,752.19,0.58,-169.39,-0.13,7157.41,28.63,33
111,Entry short,2016-06-16 06:35,QQQREP|S|v1.1.7-rep|P1/10/4,99.56,1298,129228.88,-170.04,-0.13,1.3,752.19,0.58,-169.39,-0.13,7157.41,28.63,33
112,Exit short,2016-06-17 12:55,EOD,99.25,1113,111188.7,722.34,0.65,1.11,1001.14,0.90,-0.56,0.00,7879.75,31.52,76
112,Entry short,2016-06-17 06:35,QQQREP|S|v1.1.7-rep|P1/10/4,99.9,1113,111188.7,722.34,0.65,1.11,1001.14,0.90,-0.56,0.00,7879.75,31.52,76
113,Exit long,2016-06-20 11:15,STP,100.37,1309,131475.96,-92.94,-0.07,1.31,536.04,0.41,-92.28,-0.07,7786.81,31.15,56
113,Entry long,2016-06-20 06:35,QQQREP|L|v1.1.7-rep|P1/10/4,100.44,1309,131475.96,-92.94,-0.07,1.31,536.04,0.41,-92.28,-0.07,7786.81,31.15,56
114,Exit long,2016-06-21 07:20,STP,99.94,1310,131117.9,-197.81,-0.15,1.31,235.15,0.18,-197.15,-0.15,7589,30.36,9
114,Entry long,2016-06-21 06:35,QQQREP|L|v1.1.7-rep|P1/10/4,100.09,1310,131117.9,-197.81,-0.15,1.31,235.15,0.18,-197.15,-0.15,7589,30.36,9
115,Exit short,2016-06-22 06:40,STP,100.26,1300,130286,-53.3,-0.04,1.3,103.35,0.08,-52.65,-0.04,7535.7,30.14,1
115,Entry short,2016-06-22 06:35,QQQREP|S|v1.1.7-rep|P1/10/4,100.22,1300,130286,-53.3,-0.04,1.3,103.35,0.08,-52.65,-0.04,7535.7,30.14,1
116,Exit short,2016-06-23 07:25,STP,100.74,1294,130098.76,-260.09,-0.20,1.29,335.79,0.26,-259.45,-0.20,7275.61,29.10,10
116,Entry short,2016-06-23 06:35,QQQREP|S|v1.1.7-rep|P1/10/4,100.54,1294,130098.76,-260.09,-0.20,1.29,335.79,0.26,-259.45,-0.20,7275.61,29.10,10
117,Exit long,2016-06-24 11:20,STP,97.43,532,52162.6,-330.37,-0.63,0.53,627.49,1.20,-330.11,-0.63,6945.24,27.78,57
117,Entry long,2016-06-24 06:35,QQQREP|L|v1.1.7-rep|P1/10/4,98.05,532,52162.6,-330.37,-0.63,0.53,627.49,1.20,-330.11,-0.63,6945.24,27.78,57
118,Exit short,2016-06-27 07:55,TGT,94.95,1326,127799.88,1894.85,1.48,1.33,1895.52,1.48,-0.66,0.00,8840.09,35.36,16
118,Entry short,2016-06-27 06:35,QQQREP|S|v1.1.7-rep|P1/10/4,96.38,1326,127799.88,1894.85,1.48,1.33,1895.52,1.48,-0.66,0.00,8840.09,35.36,16
119,Exit long,2016-06-28 12:55,EOD,97.33,1403,135263.23,1289.36,0.95,1.4,1346.18,1.00,-98.91,-0.07,10129.45,40.52,76
119,Entry long,2016-06-28 06:35,QQQREP|L|v1.1.7-rep|P1/10/4,96.41,1403,135263.23,1289.36,0.95,1.4,1346.18,1.00,-98.91,-0.07,10129.45,40.52,76
120,Exit long,2016-06-29 12:55,EOD,99.04,1429,140470.7,1056.03,0.75,1.43,1371.13,0.98,-243.64,-0.17,11185.48,44.74,76
120,Entry long,2016-06-29 06:35,QQQREP|L|v1.1.7-rep|P1/10/4,98.3,1429,140470.7,1056.03,0.75,1.43,1371.13,0.98,-243.64,-0.17,11185.48,44.74,76
121,Exit long,2016-06-30 06:40,STP,99.14,1458,144764.82,-220.16,-0.15,1.46,101.33,0.07,-219.43,-0.15,10965.32,43.86,1
121,Entry long,2016-06-30 06:35,QQQREP|L|v1.1.7-rep|P1/10/4,99.29,1458,144764.82,-220.16,-0.15,1.46,101.33,0.07,-219.43,-0.15,10965.32,43.86,1
122,Exit long,2016-07-01 12:55,EOD,100.68,1434,143830.2,543.49,0.38,1.43,1103.46,0.77,-0.72,0.00,11508.81,46.04,76
122,Entry long,2016-07-01 06:35,QQQREP|L|v1.1.7-rep|P1/10/4,100.3,1434,143830.2,543.49,0.38,1.43,1103.46,0.77,-0.72,0.00,11508.81,46.04,76
123,Exit short,2016-07-05 12:55,EOD,100.09,1457,145933.12,100.53,0.07,1.46,888.04,0.61,-73.58,-0.05,11609.34,46.44,76
123,Entry short,2016-07-05 06:35,QQQREP|S|v1.1.7-rep|P1/10/4,100.16,1457,145933.12,100.53,0.07,1.46,888.04,0.61,-73.58,-0.05,11609.34,46.44,76
124,Exit short,2016-07-06 06:55,STP,99.76,1309,130206.23,-380.92,-0.29,1.31,208.79,0.16,-380.26,-0.29,11228.42,44.91,4
124,Entry short,2016-07-06 06:35,QQQREP|S|v1.1.7-rep|P1/10/4,99.47,1309,130206.23,-380.92,-0.29,1.31,208.79,0.16,-380.26,-0.29,11228.42,44.91,4
125,Exit long,2016-07-07 08:00,STP,100.99,1432,144861.12,-244.87,-0.17,1.43,385.92,0.27,-244.16,-0.17,10983.55,43.93,17
125,Entry long,2016-07-07 06:35,QQQREP|L|v1.1.7-rep|P1/10/4,101.16,1432,144861.12,-244.87,-0.17,1.43,385.92,0.27,-244.16,-0.17,10983.55,43.93,17
126,Exit short,2016-07-08 06:35,STP,101.8,1416,143865.6,-284.62,-0.20,1.42,0,0.00,-283.91,-0.20,10698.93,42.80,0
126,Entry short,2016-07-08 06:35,QQQREP|S|v1.1.7-rep|P1/10/4,101.6,1416,143865.6,-284.62,-0.20,1.42,0,0.00,-283.91,-0.20,10698.93,42.80,0
127,Exit long,2016-07-11 12:55,EOD,103.37,1382,142829.7,26.26,0.02,1.38,524.47,0.37,-221.81,-0.16,10725.19,42.90,76
127,Entry long,2016-07-11 06:35,QQQREP|L|v1.1.7-rep|P1/10/4,103.35,1382,142829.7,26.26,0.02,1.38,524.47,0.37,-221.81,-0.16,10725.19,42.90,76
128,Exit long,2016-07-12 07:05,STP,103.93,1373,142833.19,-138.67,-0.10,1.37,177.8,0.12,-137.99,-0.10,10586.52,42.35,6
128,Entry long,2016-07-12 06:35,QQQREP|L|v1.1.7-rep|P1/10/4,104.03,1373,142833.19,-138.67,-0.10,1.37,177.8,0.12,-137.99,-0.10,10586.52,42.35,6
129,Exit short,2016-07-13 07:40,STP,104.18,1369,142252.79,-371,-0.26,1.37,122.53,0.09,-370.31,-0.26,10215.52,40.86,13
129,Entry short,2016-07-13 06:35,QQQREP|S|v1.1.7-rep|P1/10/4,103.91,1369,142252.79,-371,-0.26,1.37,122.53,0.09,-370.31,-0.26,10215.52,40.86,13
130,Exit long,2016-07-19 06:45,STP,104.49,1346,140872.36,-230.17,-0.16,1.35,174.31,0.12,-229.49,-0.16,9985.35,39.94,2
130,Entry long,2016-07-19 06:35,QQQREP|L|v1.1.7-rep|P1/10/4,104.66,1346,140872.36,-230.17,-0.16,1.35,174.31,0.12,-229.49,-0.16,9985.35,39.94,2
131,Exit short,2016-07-20 06:40,STP,105.08,1333,139898.35,-174.62,-0.12,1.33,12.66,0.01,-173.96,-0.12,9810.73,39.24,1
131,Entry short,2016-07-20 06:35,QQQREP|S|v1.1.7-rep|P1/10/4,104.95,1333,139898.35,-174.62,-0.12,1.33,12.66,0.01,-173.96,-0.12,9810.73,39.24,1
132,Exit short,2016-07-21 06:35,STP,105.82,1317,139259.58,-106.68,-0.08,1.32,12.51,0.01,-106.02,-0.08,9704.05,38.82,0
132,Entry short,2016-07-21 06:35,QQQREP|S|v1.1.7-rep|P1/10/4,105.74,1317,139259.58,-106.68,-0.08,1.32,12.51,0.01,-106.02,-0.08,9704.05,38.82,0
133,Exit short,2016-07-22 07:00,STP,105.59,1317,138759.12,-304.23,-0.22,1.32,183.72,0.13,-303.57,-0.22,9399.82,37.60,5
133,Entry short,2016-07-22 06:35,QQQREP|S|v1.1.7-rep|P1/10/4,105.36,1317,138759.12,-304.23,-0.22,1.32,183.72,0.13,-303.57,-0.22,9399.82,37.60,5
134,Exit long,2016-07-25 06:35,STP,105.79,1299,137499.15,-79.24,-0.06,1.3,0,0.00,-78.59,-0.06,9320.58,37.28,0
134,Entry long,2016-07-25 06:35,QQQREP|L|v1.1.7-rep|P1/10/4,105.85,1299,137499.15,-79.24,-0.06,1.3,0,0.00,-78.59,-0.06,9320.58,37.28,0
135,Exit long,2016-07-26 07:50,STP,105.85,1296,137272.32,-92.02,-0.07,1.3,634.39,0.46,-91.37,-0.07,9228.57,36.91,15
135,Entry long,2016-07-26 06:35,QQQREP|L|v1.1.7-rep|P1/10/4,105.92,1296,137272.32,-92.02,-0.07,1.3,634.39,0.46,-91.37,-0.07,9228.57,36.91,15
136,Exit short,2016-07-27 12:05,STP,106.95,1281,136849.23,-155,-0.11,1.28,652.67,0.48,-154.36,-0.11,9073.57,36.29,66
136,Entry short,2016-07-27 06:35,QQQREP|S|v1.1.7-rep|P1/10/4,106.83,1281,136849.23,-155,-0.11,1.28,652.67,0.48,-154.36,-0.11,9073.57,36.29,66
137,Exit long,2016-07-28 06:35,STP,106.89,1273,136198.27,-128.57,-0.09,1.27,12.09,0.01,-127.94,-0.09,8945,35.78,0
137,Entry long,2016-07-28 06:35,QQQREP|L|v1.1.7-rep|P1/10/4,106.99,1273,136198.27,-128.57,-0.09,1.27,12.09,0.01,-127.94,-0.09,8945,35.78,0
138,Exit long,2016-07-29 06:35,STP,107.35,1263,135696.72,-114.93,-0.08,1.26,0,0.00,-114.3,-0.08,8830.06,35.32,0
138,Entry long,2016-07-29 06:35,QQQREP|L|v1.1.7-rep|P1/10/4,107.44,1263,135696.72,-114.93,-0.08,1.26,0,0.00,-114.3,-0.08,8830.06,35.32,0
139,Exit short,2016-08-01 06:45,STP,107.5,1260,135324,-127.26,-0.09,1.26,112.77,0.08,-126.63,-0.09,8702.8,34.81,2
139,Entry short,2016-08-01 06:35,QQQREP|S|v1.1.7-rep|P1/10/4,107.4,1260,135324,-127.26,-0.09,1.26,112.77,0.08,-126.63,-0.09,8702.8,34.81,2
140,Exit short,2016-08-02 06:35,STP,107.82,1250,134737.5,-38.75,-0.03,1.25,0,0.00,-38.12,-0.03,8664.05,34.66,0
140,Entry short,2016-08-02 06:35,QQQREP|S|v1.1.7-rep|P1/10/4,107.79,1250,134737.5,-38.75,-0.03,1.25,0,0.00,-38.12,-0.03,8664.05,34.66,0
141,Exit short,2016-08-03 06:35,STP,107.09,1258,134618.58,-101.9,-0.08,1.26,37.11,0.03,-101.27,-0.08,8562.15,34.25,0
141,Entry short,2016-08-03 06:35,QQQREP|S|v1.1.7-rep|P1/10/4,107.01,1258,134618.58,-101.9,-0.08,1.26,37.11,0.03,-101.27,-0.08,8562.15,34.25,0
142,Exit long,2016-08-05 12:55,EOD,108.8,1238,134236.34,456.82,0.34,1.24,766.94,0.57,-62.52,-0.05,9018.98,36.08,76
142,Entry long,2016-08-05 06:35,QQQREP|L|v1.1.7-rep|P1/10/4,108.43,1238,134236.34,456.82,0.34,1.24,766.94,0.57,-62.52,-0.05,9018.98,36.08,76
143,Exit short,2016-08-08 06:35,STP,108.86,1250,136025,-51.25,-0.04,1.25,0,0.00,-50.62,-0.04,8967.73,35.87,0
143,Entry short,2016-08-08 06:35,QQQREP|S|v1.1.7-rep|P1/10/4,108.82,1250,136025,-51.25,-0.04,1.25,0,0.00,-50.62,-0.04,8967.73,35.87,0
144,Exit long,2016-08-09 12:55,EOD,108.94,1247,135823.24,23.69,0.02,1.25,448.3,0.33,-162.73,-0.12,8991.42,35.97,76
144,Entry long,2016-08-09 06:35,QQQREP|L|v1.1.7-rep|P1/10/4,108.92,1247,135823.24,23.69,0.02,1.25,448.3,0.33,-162.73,-0.12,8991.42,35.97,76
145,Exit short,2016-08-10 12:55,EOD,108.65,1247,135885.59,397.79,0.29,1.25,735.11,0.54,-38.03,-0.03,9389.21,37.56,76
145,Entry short,2016-08-10 06:35,QQQREP|S|v1.1.7-rep|P1/10/4,108.97,1247,135885.59,397.79,0.29,1.25,735.11,0.54,-38.03,-0.03,9389.21,37.56,76
146,Exit long,2016-08-11 07:05,STP,109.02,1259,137495.39,-240.47,-0.17,1.26,188.22,0.14,-239.84,-0.17,9148.74,36.59,6
146,Entry long,2016-08-11 06:35,QQQREP|L|v1.1.7-rep|P1/10/4,109.21,1259,137495.39,-240.47,-0.17,1.26,188.22,0.14,-239.84,-0.17,9148.74,36.59,6
147,Exit long,2016-08-12 12:55,EOD,109.2,1252,136505.56,211.59,0.16,1.25,224.73,0.16,-213.47,-0.16,9360.33,37.44,76
147,Entry long,2016-08-12 06:35,QQQREP|L|v1.1.7-rep|P1/10/4,109.03,1252,136505.56,211.59,0.16,1.25,224.73,0.16,-213.47,-0.16,9360.33,37.44,76
148,Exit long,2016-08-15 12:55,EOD,109.68,1256,137481.76,275.06,0.20,1.26,564.57,0.41,-0.63,0.00,9635.4,38.54,76
148,Entry long,2016-08-15 06:35,QQQREP|L|v1.1.7-rep|P1/10/4,109.46,1256,137481.76,275.06,0.20,1.26,564.57,0.41,-0.63,0.00,9635.4,38.54,76
149,Exit short,2016-08-16 12:55,EOD,109.06,1267,138521.11,340.82,0.25,1.27,354.13,0.26,-114.66,-0.08,9976.22,39.90,76
149,Entry short,2016-08-16 06:35,QQQREP|S|v1.1.7-rep|P1/10/4,109.33,1267,138521.11,340.82,0.25,1.27,354.13,0.26,-114.66,-0.08,9976.22,39.90,76
150,Exit short,2016-08-17 10:40,STP,109.15,1283,139808.51,-232.22,-0.17,1.28,602.37,0.43,-231.58,-0.17,9744,38.98,49
150,Entry short,2016-08-17 06:35,QQQREP|S|v1.1.7-rep|P1/10/4,108.97,1283,139808.51,-232.22,-0.17,1.28,602.37,0.43,-231.58,-0.17,9744,38.98,49
151,Exit long,2016-08-18 06:40,STP,109.16,1271,138945.72,-204.63,-0.15,1.27,0,0.00,-204,-0.15,9539.36,38.16,1
151,Entry long,2016-08-18 06:35,QQQREP|L|v1.1.7-rep|P1/10/4,109.32,1271,138945.72,-204.63,-0.15,1.27,0,0.00,-204,-0.15,9539.36,38.16,1
152,Exit short,2016-08-19 07:20,STP,109.13,1267,138077.66,-191.32,-0.14,1.27,214.76,0.16,-190.68,-0.14,9348.05,37.39,9
152,Entry short,2016-08-19 06:35,QQQREP|S|v1.1.7-rep|P1/10/4,108.98,1267,138077.66,-191.32,-0.14,1.27,214.76,0.16,-190.68,-0.14,9348.05,37.39,9
153,Exit short,2016-08-22 06:40,STP,109.11,1260,137251.8,-228.06,-0.17,1.26,37.17,0.03,-227.43,-0.17,9119.99,36.48,1
153,Entry short,2016-08-22 06:35,QQQREP|S|v1.1.7-rep|P1/10/4,108.93,1260,137251.8,-228.06,-0.17,1.26,37.17,0.03,-227.43,-0.17,9119.99,36.48,1
154,Exit long,2016-08-24 07:20,STP,109.4,1245,136377.3,-175.54,-0.13,1.25,86.53,0.06,-174.92,-0.13,8944.44,35.78,9
154,Entry long,2016-08-24 06:35,QQQREP|L|v1.1.7-rep|P1/10/4,109.54,1245,136377.3,-175.54,-0.13,1.25,86.53,0.06,-174.92,-0.13,8944.44,35.78,9
155,Exit short,2016-08-25 06:35,STP,108.62,1251,135683.46,-201.41,-0.15,1.25,49.41,0.04,-200.79,-0.15,8743.03,34.97,0
155,Entry short,2016-08-25 06:35,QQQREP|S|v1.1.7-rep|P1/10/4,108.46,1251,135683.46,-201.41,-0.15,1.25,49.41,0.04,-200.79,-0.15,8743.03,34.97,0
156,Exit long,2016-08-26 07:00,STP,108.68,1239,134914.71,-261.43,-0.19,1.24,321.52,0.24,-260.81,-0.19,8481.6,33.93,5
156,Entry long,2016-08-26 06:35,QQQREP|L|v1.1.7-rep|P1/10/4,108.89,1239,134914.71,-261.43,-0.19,1.24,321.52,0.24,-260.81,-0.19,8481.6,33.93,5
157,Exit long,2016-08-29 06:35,TGT,109.03,1230,133910.1,195.57,0.15,1.23,196.19,0.15,-0.61,0.00,8677.17,34.71,0
157,Entry long,2016-08-29 06:35,QQQREP|L|v1.1.7-rep|P1/10/4,108.87,1230,133910.1,195.57,0.15,1.23,196.19,0.15,-0.61,0.00,8677.17,34.71,0
158,Exit long,2016-08-30 07:05,STP,108.76,1204,131308.24,-362.4,-0.28,1.2,35.52,0.03,-361.8,-0.28,8314.77,33.26,6
158,Entry long,2016-08-30 06:35,QQQREP|L|v1.1.7-rep|P1/10/4,109.06,1204,131308.24,-362.4,-0.28,1.2,35.52,0.03,-361.8,-0.28,8314.77,33.26,6
159,Exit short,2016-08-31 06:55,STP,108.55,1228,133139.76,-160.87,-0.12,1.23,97.63,0.07,-160.25,-0.12,8153.9,32.62,4
159,Entry short,2016-08-31 06:35,QQQREP|S|v1.1.7-rep|P1/10/4,108.42,1228,133139.76,-160.87,-0.12,1.23,97.63,0.07,-160.25,-0.12,8153.9,32.62,4
160,Exit long,2016-09-01 07:00,STP,108.53,1219,132541.87,-245.02,-0.18,1.22,133.48,0.10,-244.41,-0.18,7908.88,31.64,5
160,Entry long,2016-09-01 06:35,QQQREP|L|v1.1.7-rep|P1/10/4,108.73,1219,132541.87,-245.02,-0.18,1.22,133.48,0.10,-244.41,-0.18,7908.88,31.64,5
161,Exit short,2016-09-02 06:45,STP,109.4,1204,131585.16,-133.64,-0.10,1.2,192.04,0.15,-133.04,-0.10,7775.24,31.10,2
161,Entry short,2016-09-02 06:35,QQQREP|S|v1.1.7-rep|P1/10/4,109.29,1204,131585.16,-133.64,-0.10,1.2,192.04,0.15,-133.04,-0.10,7775.24,31.10,2
162,Exit short,2016-09-06 06:35,STP,109.32,1200,131004,-181.2,-0.14,1.2,0,0.00,-180.6,-0.14,7594.04,30.38,0
162,Entry short,2016-09-06 06:35,QQQREP|S|v1.1.7-rep|P1/10/4,109.17,1200,131004,-181.2,-0.14,1.2,0,0.00,-180.6,-0.14,7594.04,30.38,0
163,Exit short,2016-09-07 06:35,STP,109.92,1186,130317.68,-48.63,-0.04,1.19,11.27,0.01,-48.03,-0.04,7545.41,30.18,0
163,Entry short,2016-09-07 06:35,QQQREP|S|v1.1.7-rep|P1/10/4,109.88,1186,130317.68,-48.63,-0.04,1.19,11.27,0.01,-48.03,-0.04,7545.41,30.18,0
164,Exit short,2016-09-08 12:55,EOD,109.23,1189,130124.16,248.5,0.19,1.19,582.02,0.45,-119.49,-0.09,7793.91,31.18,76
164,Entry short,2016-09-08 06:35,QQQREP|S|v1.1.7-rep|P1/10/4,109.44,1189,130124.16,248.5,0.19,1.19,582.02,0.45,-119.49,-0.09,7793.91,31.18,76
165,Exit long,2016-09-09 06:55,STP,108.28,1210,131164,-146.41,-0.11,1.21,180.9,0.14,-145.8,-0.11,7647.5,30.59,4
165,Entry long,2016-09-09 06:35,QQQREP|L|v1.1.7-rep|P1/10/4,108.4,1210,131164,-146.41,-0.11,1.21,180.9,0.14,-145.8,-0.11,7647.5,30.59,4
166,Exit long,2016-09-12 12:55,EOD,108.36,614,65348.02,1184.41,1.81,0.61,1295.23,1.98,-12.59,-0.02,8831.91,35.33,76
166,Entry long,2016-09-12 06:35,QQQREP|L|v1.1.7-rep|P1/10/4,106.43,614,65348.02,1184.41,1.81,0.61,1295.23,1.98,-12.59,-0.02,8831.91,35.33,76
167,Exit long,2016-09-13 06:35,STP,107.75,1254,135294.06,-176.81,-0.13,1.25,0,0.00,-176.19,-0.13,8655.09,34.62,0
167,Entry long,2016-09-13 06:35,QQQREP|L|v1.1.7-rep|P1/10/4,107.89,1254,135294.06,-176.81,-0.13,1.25,0,0.00,-176.19,-0.13,8655.09,34.62,0
168,Exit long,2016-09-14 12:55,EOD,107.97,926,99906.14,73.15,0.07,0.93,582.92,0.58,-278.26,-0.28,8728.25,34.91,76
168,Entry long,2016-09-14 06:35,QQQREP|L|v1.1.7-rep|P1/10/4,107.89,926,99906.14,73.15,0.07,0.93,582.92,0.58,-278.26,-0.28,8728.25,34.91,76
169,Exit long,2016-09-15 12:55,EOD,109.63,1246,134867.04,1730.69,1.28,1.25,1905.76,1.41,-324.58,-0.24,10458.94,41.84,76
169,Entry long,2016-09-15 06:35,QQQREP|L|v1.1.7-rep|P1/10/4,108.24,1246,134867.04,1730.69,1.28,1.25,1905.76,1.41,-324.58,-0.24,10458.94,41.84,76
170,Exit short,2016-09-16 12:30,STP,109.65,1296,141834.24,-273.46,-0.19,1.3,543.67,0.38,-272.81,-0.19,10185.49,40.74,71
170,Entry short,2016-09-16 06:35,QQQREP|S|v1.1.7-rep|P1/10/4,109.44,1296,141834.24,-273.46,-0.19,1.3,543.67,0.38,-272.81,-0.19,10185.49,40.74,71
171,Exit long,2016-09-19 07:25,STP,109.82,1280,140684.8,-116.48,-0.08,1.28,344.96,0.25,-115.84,-0.08,10069.01,40.28,10
171,Entry long,2016-09-19 06:35,QQQREP|L|v1.1.7-rep|P1/10/4,109.91,1280,140684.8,-116.48,-0.08,1.28,344.96,0.25,-115.84,-0.08,10069.01,40.28,10
172,Exit long,2016-09-20 06:35,STP,109.37,1281,140282.31,-180.62,-0.13,1.28,50.6,0.04,-179.98,-0.13,9888.39,39.55,0
172,Entry long,2016-09-20 06:35,QQQREP|L|v1.1.7-rep|P1/10/4,109.51,1281,140282.31,-180.62,-0.13,1.28,50.6,0.04,-179.98,-0.13,9888.39,39.55,0
173,Exit short,2016-09-21 06:40,STP,109.8,1272,139551.12,-115.75,-0.08,1.27,75.68,0.05,-115.12,-0.08,9772.63,39.09,1
173,Entry short,2016-09-21 06:35,QQQREP|S|v1.1.7-rep|P1/10/4,109.71,1272,139551.12,-115.75,-0.08,1.27,75.68,0.05,-115.12,-0.08,9772.63,39.09,1
174,Exit long,2016-09-22 12:55,EOD,111.24,1252,139059.64,211.59,0.15,1.25,362.45,0.26,-163.39,-0.12,9984.22,39.94,76
174,Entry long,2016-09-22 06:35,QQQREP|L|v1.1.7-rep|P1/10/4,111.07,1252,139059.64,211.59,0.15,1.25,362.45,0.26,-163.39,-0.12,9984.22,39.94,76
175,Exit short,2016-09-23 12:55,EOD,110.51,1260,139897.8,653.94,0.47,1.26,818.37,0.58,-25.83,-0.02,10638.16,42.55,76
175,Entry short,2016-09-23 06:35,QQQREP|S|v1.1.7-rep|P1/10/4,111.03,1260,139897.8,653.94,0.47,1.26,818.37,0.58,-25.83,-0.02,10638.16,42.55,76
176,Exit short,2016-09-26 07:10,STP,109.93,1298,142520.4,-170.04,-0.12,1.3,323.85,0.23,-169.39,-0.12,10468.12,41.87,7
176,Entry short,2016-09-26 06:35,QQQREP|S|v1.1.7-rep|P1/10/4,109.8,1298,142520.4,-170.04,-0.12,1.3,323.85,0.23,-169.39,-0.12,10468.12,41.87,7
177,Exit long,2016-09-27 12:55,EOD,110.69,1294,141887.1,1344.47,0.95,1.29,1409.81,0.99,-0.65,0.00,11812.59,47.25,76
177,Entry long,2016-09-27 06:35,QQQREP|L|v1.1.7-rep|P1/10/4,109.65,1294,141887.1,1344.47,0.95,1.29,1409.81,0.99,-0.65,0.00,11812.59,47.25,76
178,Exit short,2016-09-28 07:00,STP,110.85,1329,147239.91,-81.07,-0.06,1.33,132.24,0.09,-80.4,-0.05,11731.52,46.93,5
178,Entry short,2016-09-28 06:35,QQQREP|S|v1.1.7-rep|P1/10/4,110.79,1329,147239.91,-81.07,-0.06,1.33,132.24,0.09,-80.4,-0.05,11731.52,46.93,5
179,Exit short,2016-09-29 06:35,STP,110.79,1327,146898.9,-120.76,-0.08,1.33,12.61,0.01,-120.09,-0.08,11610.76,46.44,0
179,Entry short,2016-09-29 06:35,QQQREP|S|v1.1.7-rep|P1/10/4,110.7,1327,146898.9,-120.76,-0.08,1.33,12.61,0.01,-120.09,-0.08,11610.76,46.44,0
180,Exit long,2016-09-30 07:15,STP,110.36,1324,146407.92,-292.6,-0.20,1.32,12.58,0.01,-291.94,-0.20,11318.16,45.27,8
180,Entry long,2016-09-30 06:35,QQQREP|L|v1.1.7-rep|P1/10/4,110.58,1324,146407.92,-292.6,-0.20,1.32,12.58,0.01,-291.94,-0.20,11318.16,45.27,8
181,Exit short,2016-10-03 06:35,STP,110.73,1312,145264.64,-14.43,-0.01,1.31,0,0.00,-13.78,-0.01,11303.73,45.21,0
181,Entry short,2016-10-03 06:35,QQQREP|S|v1.1.7-rep|P1/10/4,110.72,1312,145264.64,-14.43,-0.01,1.31,0,0.00,-13.78,-0.01,11303.73,45.21,0
182,Exit long,2016-10-04 07:10,STP,111,1306,145135.78,-171.09,-0.12,1.31,221.37,0.15,-170.43,-0.12,11132.64,44.53,7
182,Entry long,2016-10-04 06:35,QQQREP|L|v1.1.7-rep|P1/10/4,111.13,1306,145135.78,-171.09,-0.12,1.31,221.37,0.15,-170.43,-0.12,11132.64,44.53,7
183,Exit long,2016-10-05 07:10,TGT,111.19,1303,144489.67,389.6,0.27,1.3,390.25,0.27,-0.65,0.00,11522.24,46.09,7
183,Entry long,2016-10-05 06:35,QQQREP|L|v1.1.7-rep|P1/10/4,110.89,1303,144489.67,389.6,0.27,1.3,390.25,0.27,-0.65,0.00,11522.24,46.09,7
184,Exit short,2016-10-06 08:45,STP,110.92,1319,146066.06,-238.74,-0.16,1.32,487.37,0.33,-238.08,-0.16,11283.5,45.13,26
184,Entry short,2016-10-06 06:35,QQQREP|S|v1.1.7-rep|P1/10/4,110.74,1319,146066.06,-238.74,-0.16,1.32,487.37,0.33,-238.08,-0.16,11283.5,45.13,26
185,Exit short,2016-10-07 12:55,EOD,110.66,1177,130505.76,257.76,0.20,1.18,882.16,0.68,-153.6,-0.12,11541.26,46.17,76
185,Entry short,2016-10-07 06:35,QQQREP|S|v1.1.7-rep|P1/10/4,110.88,1177,130505.76,257.76,0.20,1.18,882.16,0.68,-153.6,-0.12,11541.26,46.17,76
186,Exit long,2016-10-10 12:55,EOD,111.36,1313,146150.03,64.34,0.04,1.31,393.24,0.27,-40.05,-0.03,11605.6,46.42,76
186,Entry long,2016-10-10 06:35,QQQREP|L|v1.1.7-rep|P1/10/4,111.31,1313,146150.03,64.34,0.04,1.31,393.24,0.27,-40.05,-0.03,11605.6,46.42,76
187,Exit short,2016-10-11 12:55,EOD,109.74,1317,146331.87,1802.97,1.23,1.32,2369.94,1.62,-40.17,-0.03,13408.57,53.63,76
187,Entry short,2016-10-11 06:35,QQQREP|S|v1.1.7-rep|P1/10/4,111.11,1317,146331.87,1802.97,1.23,1.32,2369.94,1.62,-40.17,-0.03,13408.57,53.63,76
188,Exit short,2016-10-12 09:35,STP,109.85,1027,112446.23,-370.75,-0.33,1.03,133,0.12,-370.23,-0.33,13037.83,52.15,36
188,Entry short,2016-10-12 06:35,QQQREP|S|v1.1.7-rep|P1/10/4,109.49,1027,112446.23,-370.75,-0.33,1.03,133,0.12,-370.23,-0.33,13037.83,52.15,36
189,Exit short,2016-10-13 06:50,TGT,108.47,1396,152052.32,626.8,0.41,1.4,627.5,0.41,-56.54,-0.04,13664.63,54.66,3
189,Entry short,2016-10-13 06:35,QQQREP|S|v1.1.7-rep|P1/10/4,108.92,1396,152052.32,626.8,0.41,1.4,627.5,0.41,-56.54,-0.04,13664.63,54.66,3
190,Exit long,2016-10-14 08:25,STP,109.79,1407,154615.23,-142.11,-0.09,1.41,533.96,0.35,-141.4,-0.09,13522.52,54.09,22
190,Entry long,2016-10-14 06:35,QQQREP|L|v1.1.7-rep|P1/10/4,109.89,1407,154615.23,-142.11,-0.09,1.41,533.96,0.35,-141.4,-0.09,13522.52,54.09,22
191,Exit short,2016-10-17 07:20,STP,109.45,1409,154102.33,-114.13,-0.07,1.41,534.72,0.35,-113.42,-0.07,13408.39,53.63,9
191,Entry short,2016-10-17 06:35,QQQREP|S|v1.1.7-rep|P1/10/4,109.37,1409,154102.33,-114.13,-0.07,1.41,534.72,0.35,-113.42,-0.07,13408.39,53.63,9
192,Exit short,2016-10-18 08:50,STP,110.46,1392,153537.6,-224.11,-0.15,1.39,361.22,0.24,-223.42,-0.15,13184.28,52.74,27
192,Entry short,2016-10-18 06:35,QQQREP|S|v1.1.7-rep|P1/10/4,110.3,1392,153537.6,-224.11,-0.15,1.39,361.22,0.24,-223.42,-0.15,13184.28,52.74,27
193,Exit long,2016-10-20 06:35,STP,109.84,1389,152720.55,-154.18,-0.10,1.39,27.09,0.02,-153.48,-0.10,13030.1,52.12,0
193,Entry long,2016-10-20 06:35,QQQREP|L|v1.1.7-rep|P1/10/4,109.95,1389,152720.55,-154.18,-0.10,1.39,27.09,0.02,-153.48,-0.10,13030.1,52.12,0
194,Exit short,2016-10-21 06:55,STP,110.08,1384,152101.6,-250.5,-0.16,1.38,303.79,0.20,-249.81,-0.16,12779.6,51.12,4
194,Entry short,2016-10-21 06:35,QQQREP|S|v1.1.7-rep|P1/10/4,109.9,1384,152101.6,-250.5,-0.16,1.38,303.79,0.20,-249.81,-0.16,12779.6,51.12,4
195,Exit long,2016-10-24 06:40,STP,111.09,1359,151107.21,-137.26,-0.09,1.36,53.68,0.04,-136.58,-0.09,12642.34,50.57,1
195,Entry long,2016-10-24 06:35,QQQREP|L|v1.1.7-rep|P1/10/4,111.19,1359,151107.21,-137.26,-0.09,1.36,53.68,0.04,-136.58,-0.09,12642.34,50.57,1
196,Exit short,2016-10-25 06:45,STP,111.73,1349,150575.38,-149.74,-0.10,1.35,107.25,0.07,-149.06,-0.10,12492.6,49.97,2
196,Entry short,2016-10-25 06:35,QQQREP|S|v1.1.7-rep|P1/10/4,111.62,1349,150575.38,-149.74,-0.10,1.35,107.25,0.07,-149.06,-0.10,12492.6,49.97,2
197,Exit short,2016-10-26 06:40,STP,110.67,1356,149905.8,-164.08,-0.11,1.36,107.8,0.07,-163.4,-0.11,12328.52,49.31,1
197,Entry short,2016-10-26 06:35,QQQREP|S|v1.1.7-rep|P1/10/4,110.55,1356,149905.8,-164.08,-0.11,1.36,107.8,0.07,-163.4,-0.11,12328.52,49.31,1
198,Exit short,2016-10-27 12:15,TGT,110.04,1344,149251.2,1356.1,0.91,1.34,1356.77,0.91,-40.99,-0.03,13684.62,54.74,68
198,Entry short,2016-10-27 06:35,QQQREP|S|v1.1.7-rep|P1/10/4,111.05,1344,149251.2,1356.1,0.91,1.34,1356.77,0.91,-40.99,-0.03,13684.62,54.74,68
199,Exit short,2016-10-28 06:40,STP,109.74,1150,125833,-369.15,-0.29,1.15,33.92,0.03,-368.57,-0.29,13315.47,53.26,1
199,Entry short,2016-10-28 06:35,QQQREP|S|v1.1.7-rep|P1/10/4,109.42,1150,125833,-369.15,-0.29,1.15,33.92,0.03,-368.57,-0.29,13315.47,53.26,1
200,Exit short,2016-10-31 12:55,EOD,109.25,1397,153195.02,571.37,0.37,1.4,600.01,0.39,-168.34,-0.11,13886.84,55.55,76
200,Entry short,2016-10-31 06:35,QQQREP|S|v1.1.7-rep|P1/10/4,109.66,1397,153195.02,571.37,0.37,1.4,600.01,0.39,-168.34,-0.11,13886.84,55.55,76
201,Exit short,2016-11-01 09:10,TGT,108.62,1422,155566.8,1107.74,0.71,1.42,1108.45,0.71,-29.15,-0.02,14994.58,59.98,31
201,Entry short,2016-11-01 06:35,QQQREP|S|v1.1.7-rep|P1/10/4,109.4,1422,155566.8,1107.74,0.71,1.42,1108.45,0.71,-29.15,-0.02,14994.58,59.98,31
202,Exit short,2016-11-02 06:35,STP,108.42,1477,159959.1,-178.72,-0.11,1.48,43.57,0.03,-177.98,-0.11,14815.86,59.26,0
202,Entry short,2016-11-02 06:35,QQQREP|S|v1.1.7-rep|P1/10/4,108.3,1477,159959.1,-178.72,-0.11,1.48,43.57,0.03,-177.98,-0.11,14815.86,59.26,0
203,Exit long,2016-11-03 06:45,STP,107.42,1479,159303.09,-430.39,-0.27,1.48,43.63,0.03,-429.65,-0.27,14385.48,57.54,2
203,Entry long,2016-11-03 06:35,QQQREP|L|v1.1.7-rep|P1/10/4,107.71,1479,159303.09,-430.39,-0.27,1.48,43.63,0.03,-429.65,-0.27,14385.48,57.54,2
204,Exit long,2016-11-04 12:55,EOD,106.13,980,104252.4,-245.98,-0.24,0.98,587.51,0.56,-284.69,-0.27,14139.5,56.56,76
204,Entry long,2016-11-04 06:35,QQQREP|L|v1.1.7-rep|P1/10/4,106.38,980,104252.4,-245.98,-0.24,0.98,587.51,0.56,-284.69,-0.27,14139.5,56.56,76
205,Exit short,2016-11-07 06:40,STP,107.93,1452,156525.6,-190.21,-0.12,1.45,0,0.00,-189.49,-0.12,13949.28,55.80,1
205,Entry short,2016-11-07 06:35,QQQREP|S|v1.1.7-rep|P1/10/4,107.8,1452,156525.6,-190.21,-0.12,1.45,0,0.00,-189.49,-0.12,13949.28,55.80,1
206,Exit short,2016-11-08 06:40,STP,108.62,1435,155711.85,-159.28,-0.10,1.44,114.08,0.07,-158.57,-0.10,13790,55.16,1
206,Entry short,2016-11-08 06:35,QQQREP|S|v1.1.7-rep|P1/10/4,108.51,1435,155711.85,-159.28,-0.10,1.44,114.08,0.07,-158.57,-0.10,13790,55.16,1
207,Exit long,2016-11-09 12:55,EOD,109.87,561,60975.09,661.42,1.08,0.56,779.51,1.28,-342.49,-0.56,14451.42,57.81,76
207,Entry long,2016-11-09 06:35,QQQREP|L|v1.1.7-rep|P1/10/4,108.69,561,60975.09,661.42,1.08,0.56,779.51,1.28,-342.49,-0.56,14451.42,57.81,76
208,Exit short,2016-11-10 06:40,STP,110.45,1431,157739.13,-316.25,-0.20,1.43,156.69,0.10,-315.54,-0.20,14135.17,56.54,1
208,Entry short,2016-11-10 06:35,QQQREP|S|v1.1.7-rep|P1/10/4,110.23,1431,157739.13,-316.25,-0.20,1.43,156.69,0.10,-315.54,-0.20,14135.17,56.54,1
209,Exit short,2016-11-11 06:40,STP,107.87,891,95693.4,-419.66,-0.44,0.89,79.74,0.08,-419.22,-0.44,13715.51,54.86,1
209,Entry short,2016-11-11 06:35,QQQREP|S|v1.1.7-rep|P1/10/4,107.4,891,95693.4,-419.66,-0.44,0.89,79.74,0.08,-419.22,-0.44,13715.51,54.86,1
210,Exit short,2016-11-14 12:55,EOD,107.1,963,103907.7,769.44,0.74,0.96,1318.83,1.27,-173.82,-0.17,14484.94,57.94,76
210,Entry short,2016-11-14 06:35,QQQREP|S|v1.1.7-rep|P1/10/4,107.9,963,103907.7,769.44,0.74,0.96,1318.83,1.27,-173.82,-0.17,14484.94,57.94,76
211,Exit short,2016-11-15 06:35,STP,107.97,1464,157863.12,-206.42,-0.13,1.46,0,0.00,-205.69,-0.13,14278.52,57.11,0
211,Entry short,2016-11-15 06:35,QQQREP|S|v1.1.7-rep|P1/10/4,107.83,1464,157863.12,-206.42,-0.13,1.46,0,0.00,-205.69,-0.13,14278.52,57.11,0
212,Exit long,2016-11-16 12:55,EOD,109.22,1450,157035,1332.55,0.85,1.45,1420.28,0.90,-58.72,-0.04,15611.07,62.44,76
212,Entry long,2016-11-16 06:35,QQQREP|L|v1.1.7-rep|P1/10/4,108.3,1450,157035,1332.55,0.85,1.45,1420.28,0.90,-58.72,-0.04,15611.07,62.44,76
213,Exit long,2016-11-17 12:55,EOD,110.01,1449,158303.25,1099.79,0.69,1.45,1115.01,0.70,-261.54,-0.17,16710.86,66.84,76
213,Entry long,2016-11-17 06:35,QQQREP|L|v1.1.7-rep|P1/10/4,109.25,1449,158303.25,1099.79,0.69,1.45,1115.01,0.70,-261.54,-0.17,16710.86,66.84,76
214,Exit long,2016-11-18 06:55,STP,110.06,1513,166823.38,-304.11,-0.18,1.51,0,0.00,-303.36,-0.18,16406.75,65.63,4
214,Entry long,2016-11-18 06:35,QQQREP|L|v1.1.7-rep|P1/10/4,110.26,1513,166823.38,-304.11,-0.18,1.51,0,0.00,-303.36,-0.18,16406.75,65.63,4
215,Exit long,2016-11-21 12:55,EOD,110.75,1506,165644.94,1143.05,0.69,1.51,1249.23,0.75,-60.99,-0.04,17549.8,70.20,76
215,Entry long,2016-11-21 06:35,QQQREP|L|v1.1.7-rep|P1/10/4,109.99,1506,165644.94,1143.05,0.69,1.51,1249.23,0.75,-60.99,-0.04,17549.8,70.20,76
216,Exit long,2016-11-22 06:40,STP,111.09,1529,170070.67,-215.59,-0.13,1.53,0,0.00,-214.82,-0.13,17334.21,69.34,1
216,Entry long,2016-11-22 06:35,QQQREP|L|v1.1.7-rep|P1/10/4,111.23,1529,170070.67,-215.59,-0.13,1.53,0,0.00,-214.82,-0.13,17334.21,69.34,1
217,Exit short,2016-11-23 12:55,EOD,110.62,1461,161469.72,-147.56,-0.09,1.46,569.06,0.35,-146.83,-0.09,17186.65,68.75,76
217,Entry short,2016-11-23 06:35,QQQREP|S|v1.1.7-rep|P1/10/4,110.52,1461,161469.72,-147.56,-0.09,1.46,569.06,0.35,-146.83,-0.09,17186.65,68.75,76
218,Exit short,2016-11-25 06:45,STP,110.83,1524,168645.84,-260.6,-0.15,1.52,44.96,0.03,-259.84,-0.15,16926.05,67.70,2
218,Entry short,2016-11-25 06:35,QQQREP|S|v1.1.7-rep|P1/10/4,110.66,1524,168645.84,-260.6,-0.15,1.52,44.96,0.03,-259.84,-0.15,16926.05,67.70,2
219,Exit long,2016-11-29 06:45,STP,110.74,1513,167716.05,-167.94,-0.10,1.51,120.28,0.07,-167.19,-0.10,16758.1,67.03,2
219,Entry long,2016-11-29 06:35,QQQREP|L|v1.1.7-rep|P1/10/4,110.85,1513,167716.05,-167.94,-0.10,1.51,120.28,0.07,-167.19,-0.10,16758.1,67.03,2
220,Exit short,2016-11-30 06:40,STP,111.22,1504,166974.08,-302.3,-0.18,1.5,44.37,0.03,-301.55,-0.18,16455.8,65.82,1
220,Entry short,2016-11-30 06:35,QQQREP|S|v1.1.7-rep|P1/10/4,111.02,1504,166974.08,-302.3,-0.18,1.5,44.37,0.03,-301.55,-0.18,16455.8,65.82,1
221,Exit short,2016-12-01 12:55,EOD,107.91,1344,147087.36,2054.98,1.40,1.34,2351.33,1.60,-0.67,0.00,18510.78,74.04,76
221,Entry short,2016-12-01 06:35,QQQREP|S|v1.1.7-rep|P1/10/4,109.44,1344,147087.36,2054.98,1.40,1.34,2351.33,1.60,-0.67,0.00,18510.78,74.04,76
222,Exit long,2016-12-02 07:10,STP,107.74,1293,139760.37,-453.84,-0.32,1.29,529.48,0.38,-453.2,-0.32,18056.93,72.23,7
222,Entry long,2016-12-02 06:35,QQQREP|L|v1.1.7-rep|P1/10/4,108.09,1293,139760.37,-453.84,-0.32,1.29,529.48,0.38,-453.2,-0.32,18056.93,72.23,7
223,Exit short,2016-12-05 06:50,STP,108.66,1097,118772.19,-428.93,-0.36,1.1,142.06,0.12,-428.38,-0.36,17628.01,70.51,3
223,Entry short,2016-12-05 06:35,QQQREP|S|v1.1.7-rep|P1/10/4,108.27,1097,118772.19,-428.93,-0.36,1.1,142.06,0.12,-428.38,-0.36,17628.01,70.51,3
224,Exit short,2016-12-06 06:50,STP,109.22,1564,170397.8,-423.84,-0.25,1.56,343.3,0.20,-423.06,-0.25,17204.16,68.82,3
224,Entry short,2016-12-06 06:35,QQQREP|S|v1.1.7-rep|P1/10/4,108.95,1564,170397.8,-423.84,-0.25,1.56,343.3,0.20,-423.06,-0.25,17204.16,68.82,3
225,Exit long,2016-12-07 06:45,STP,108.84,1548,168747.48,-264.71,-0.16,1.55,123.07,0.07,-263.93,-0.16,16939.45,67.76,2
225,Entry long,2016-12-07 06:35,QQQREP|L|v1.1.7-rep|P1/10/4,109.01,1548,168747.48,-264.71,-0.16,1.55,123.07,0.07,-263.93,-0.16,16939.45,67.76,2
226,Exit short,2016-12-08 06:35,STP,110.6,1517,167734.69,-47.03,-0.03,1.52,226.79,0.14,-46.27,-0.03,16892.43,67.57,0
226,Entry short,2016-12-08 06:35,QQQREP|S|v1.1.7-rep|P1/10/4,110.57,1517,167734.69,-47.03,-0.03,1.52,226.79,0.14,-46.27,-0.03,16892.43,67.57,0
227,Exit long,2016-12-09 12:55,EOD,111.63,1506,167602.74,510.53,0.30,1.51,556.47,0.33,-136.29,-0.08,17402.96,69.61,76
227,Entry long,2016-12-09 06:35,QQQREP|L|v1.1.7-rep|P1/10/4,111.29,1506,167602.74,510.53,0.30,1.51,556.47,0.33,-136.29,-0.08,17402.96,69.61,76
228,Exit short,2016-12-12 06:50,STP,111.21,1526,169462.3,-245.69,-0.14,1.53,197.62,0.12,-244.92,-0.14,17157.27,68.63,3
228,Entry short,2016-12-12 06:35,QQQREP|S|v1.1.7-rep|P1/10/4,111.05,1526,169462.3,-245.69,-0.14,1.53,197.62,0.12,-244.92,-0.14,17157.27,68.63,3
229,Exit long,2016-12-13 12:55,EOD,112.53,1510,168546.2,1372.59,0.81,1.51,2264.25,1.34,-0.75,0.00,18529.86,74.12,76
229,Entry long,2016-12-13 06:35,QQQREP|L|v1.1.7-rep|P1/10/4,111.62,1510,168546.2,1372.59,0.81,1.51,2264.25,1.34,-0.75,0.00,18529.86,74.12,76
230,Exit long,2016-12-14 08:05,STP,112.61,1542,174014.7,-371.62,-0.21,1.54,122.59,0.07,-370.85,-0.21,18158.24,72.63,18
230,Entry long,2016-12-14 06:35,QQQREP|L|v1.1.7-rep|P1/10/4,112.85,1542,174014.7,-371.62,-0.21,1.54,122.59,0.07,-370.85,-0.21,18158.24,72.63,18
231,Exit long,2016-12-15 10:55,STP,112.26,1215,136845.45,-450.76,-0.33,1.22,582.59,0.43,-450.16,-0.33,17707.48,70.83,52
231,Entry long,2016-12-15 06:35,QQQREP|L|v1.1.7-rep|P1/10/4,112.63,1215,136845.45,-450.76,-0.33,1.22,582.59,0.43,-450.16,-0.33,17707.48,70.83,52
232,Exit long,2016-12-16 06:35,STP,112.68,1513,170742.05,-258.72,-0.15,1.51,90.02,0.05,-257.97,-0.15,17448.75,69.80,0
232,Entry long,2016-12-16 06:35,QQQREP|L|v1.1.7-rep|P1/10/4,112.85,1513,170742.05,-258.72,-0.15,1.51,90.02,0.05,-257.97,-0.15,17448.75,69.80,0
233,Exit short,2016-12-19 06:40,STP,112.23,1514,169764.82,-152.91,-0.09,1.51,196.06,0.12,-152.16,-0.09,17295.84,69.18,1
233,Entry short,2016-12-19 06:35,QQQREP|S|v1.1.7-rep|P1/10/4,112.13,1514,169764.82,-152.91,-0.09,1.51,196.06,0.12,-152.16,-0.09,17295.84,69.18,1
234,Exit long,2016-12-20 07:25,STP,112.79,1498,169154.16,-196.24,-0.12,1.5,343.79,0.20,-195.49,-0.12,17099.6,68.40,10
234,Entry long,2016-12-20 06:35,QQQREP|L|v1.1.7-rep|P1/10/4,112.92,1498,169154.16,-196.24,-0.12,1.5,343.79,0.20,-195.49,-0.12,17099.6,68.40,10
235,Exit long,2016-12-21 06:40,STP,112.84,1489,168316.56,-299.29,-0.18,1.49,0,0.00,-298.54,-0.18,16800.31,67.20,1
235,Entry long,2016-12-21 06:35,QQQREP|L|v1.1.7-rep|P1/10/4,113.04,1489,168316.56,-299.29,-0.18,1.49,0,0.00,-298.54,-0.18,16800.31,67.20,1
236,Exit short,2016-12-22 12:55,EOD,112.52,1484,167202.28,221.12,0.13,1.48,830.3,0.50,-89.78,-0.05,17021.43,68.09,76
236,Entry short,2016-12-22 06:35,QQQREP|S|v1.1.7-rep|P1/10/4,112.67,1484,167202.28,221.12,0.13,1.48,830.3,0.50,-89.78,-0.05,17021.43,68.09,76
237,Exit long,2016-12-23 07:50,STP,112.37,1494,168045.12,-165.83,-0.10,1.49,238.29,0.14,-165.09,-0.10,16855.6,67.42,15
237,Entry long,2016-12-23 06:35,QQQREP|L|v1.1.7-rep|P1/10/4,112.48,1494,168045.12,-165.83,-0.10,1.49,238.29,0.14,-165.09,-0.10,16855.6,67.42,15
238,Exit long,2016-12-27 12:55,EOD,113.21,1482,167406.72,369.02,0.22,1.48,1303.42,0.78,-0.74,0.00,17224.61,68.90,76
238,Entry long,2016-12-27 06:35,QQQREP|L|v1.1.7-rep|P1/10/4,112.96,1482,167406.72,369.02,0.22,1.48,1303.42,0.78,-0.74,0.00,17224.61,68.90,76
239,Exit long,2016-12-28 06:35,STP,113.4,1487,168744.76,-120.45,-0.07,1.49,43.87,0.03,-119.7,-0.07,17104.17,68.42,0
239,Entry long,2016-12-28 06:35,QQQREP|L|v1.1.7-rep|P1/10/4,113.48,1487,168744.76,-120.45,-0.07,1.49,43.87,0.03,-119.7,-0.07,17104.17,68.42,0
240,Exit long,2016-12-29 06:40,STP,112.3,1498,168465.08,-241.18,-0.14,1.5,119.09,0.07,-240.43,-0.14,16862.99,67.45,1
240,Entry long,2016-12-29 06:35,QQQREP|L|v1.1.7-rep|P1/10/4,112.46,1498,168465.08,-241.18,-0.14,1.5,119.09,0.07,-240.43,-0.14,16862.99,67.45,1
241,Exit short,2016-12-30 12:55,EOD,111.03,1493,167335.44,1566.16,0.94,1.49,2074.52,1.24,-164.98,-0.10,18429.15,73.72,76
241,Entry short,2016-12-30 06:35,QQQREP|S|v1.1.7-rep|P1/10/4,112.08,1493,167335.44,1566.16,0.94,1.49,2074.52,1.24,-164.98,-0.10,18429.15,73.72,76
242,Exit long,2017-01-03 06:35,STP,111.63,1553,173703.05,-343.21,-0.20,1.55,201.11,0.12,-342.44,-0.20,18085.93,72.34,0
242,Entry long,2017-01-03 06:35,QQQREP|L|v1.1.7-rep|P1/10/4,111.85,1553,173703.05,-343.21,-0.20,1.55,201.11,0.12,-342.44,-0.20,18085.93,72.34,0
243,Exit long,2017-01-04 12:55,EOD,112.6,1179,132625.71,128.51,0.10,1.18,376.69,0.28,-295.34,-0.22,18214.44,72.86,76
243,Entry long,2017-01-04 06:35,QQQREP|L|v1.1.7-rep|P1/10/4,112.49,1179,132625.71,128.51,0.10,1.18,376.69,0.28,-295.34,-0.22,18214.44,72.86,76
244,Exit long,2017-01-05 12:55,EOD,113.24,1532,172870.88,611.27,0.35,1.53,719.27,0.42,-123.33,-0.07,18825.71,75.30,76
244,Entry long,2017-01-05 06:35,QQQREP|L|v1.1.7-rep|P1/10/4,112.84,1532,172870.88,611.27,0.35,1.53,719.27,0.42,-123.33,-0.07,18825.71,75.30,76
245,Exit short,2017-01-06 06:40,STP,113.44,1548,175249.08,-357.59,-0.20,1.55,215.95,0.12,-356.81,-0.20,18468.12,73.87,1
245,Entry short,2017-01-06 06:35,QQQREP|S|v1.1.7-rep|P1/10/4,113.21,1548,175249.08,-357.59,-0.20,1.55,215.95,0.12,-356.81,-0.20,18468.12,73.87,1
246,Exit long,2017-01-09 07:05,STP,114.26,1519,173819.17,-259.75,-0.15,1.52,227.09,0.13,-258.99,-0.15,18208.37,72.83,6
246,Entry long,2017-01-09 06:35,QQQREP|L|v1.1.7-rep|P1/10/4,114.43,1519,173819.17,-259.75,-0.15,1.52,227.09,0.13,-258.99,-0.15,18208.37,72.83,6
247,Exit long,2017-01-10 06:35,STP,114.62,1506,172798.44,-182.23,-0.11,1.51,0,0.00,-181.47,-0.11,18026.15,72.10,0
247,Entry long,2017-01-10 06:35,QQQREP|L|v1.1.7-rep|P1/10/4,114.74,1506,172798.44,-182.23,-0.11,1.51,0,0.00,-181.47,-0.11,18026.15,72.10,0
248,Exit long,2017-01-11 06:50,STP,114.79,1497,172035.24,-196.11,-0.11,1.5,44.16,0.03,-195.36,-0.11,17830.04,71.32,3
248,Entry long,2017-01-11 06:35,QQQREP|L|v1.1.7-rep|P1/10/4,114.92,1497,172035.24,-196.11,-0.11,1.5,44.16,0.03,-195.36,-0.11,17830.04,71.32,3
249,Exit short,2017-01-12 10:45,STP,114.8,1494,171316.98,-195.71,-0.11,1.49,1119.75,0.65,-194.97,-0.11,17634.33,70.54,50
249,Entry short,2017-01-12 06:35,QQQREP|S|v1.1.7-rep|P1/10/4,114.67,1494,171316.98,-195.71,-0.11,1.49,1119.75,0.65,-194.97,-0.11,17634.33,70.54,50
250,Exit long,2017-01-13 12:55,EOD,115.39,1480,170555.2,220.52,0.13,1.48,487.66,0.29,-15.54,-0.01,17854.85,71.42,76
250,Entry long,2017-01-13 06:35,QQQREP|L|v1.1.7-rep|P1/10/4,115.24,1480,170555.2,220.52,0.13,1.48,487.66,0.29,-15.54,-0.01,17854.85,71.42,76
251,Exit short,2017-01-17 07:10,STP,115.12,1490,171350,-180.29,-0.11,1.49,431.36,0.25,-179.54,-0.10,17674.56,70.70,7
251,Entry short,2017-01-17 06:35,QQQREP|S|v1.1.7-rep|P1/10/4,115,1490,171350,-180.29,-0.11,1.49,431.36,0.25,-179.54,-0.10,17674.56,70.70,7
252,Exit short,2017-01-18 06:40,STP,115.24,1484,170719.36,-298.28,-0.17,1.48,73.46,0.04,-297.54,-0.17,17376.27,69.51,1
252,Entry short,2017-01-18 06:35,QQQREP|S|v1.1.7-rep|P1/10/4,115.04,1484,170719.36,-298.28,-0.17,1.48,73.46,0.04,-297.54,-0.17,17376.27,69.51,1
253,Exit long,2017-01-19 07:15,STP,115.41,1467,169497.18,-192.18,-0.11,1.47,424.7,0.25,-191.44,-0.11,17184.1,68.74,8
253,Entry long,2017-01-19 06:35,QQQREP|L|v1.1.7-rep|P1/10/4,115.54,1467,169497.18,-192.18,-0.11,1.47,424.7,0.25,-191.44,-0.11,17184.1,68.74,8
254,Exit long,2017-01-20 07:20,STP,115.66,1456,168706.72,-307.22,-0.18,1.46,203.11,0.12,-306.49,-0.18,16876.88,67.51,9
254,Entry long,2017-01-20 06:35,QQQREP|L|v1.1.7-rep|P1/10/4,115.87,1456,168706.72,-307.22,-0.18,1.46,203.11,0.12,-306.49,-0.18,16876.88,67.51,9
255,Exit long,2017-01-23 07:15,STP,115.27,1441,166493.14,-390.51,-0.23,1.44,258.66,0.16,-389.79,-0.23,16486.37,65.95,8
255,Entry long,2017-01-23 06:35,QQQREP|L|v1.1.7-rep|P1/10/4,115.54,1441,166493.14,-390.51,-0.23,1.44,258.66,0.16,-389.79,-0.23,16486.37,65.95,8
256,Exit long,2017-01-24 06:40,STP,115.75,1432,165940.16,-187.59,-0.11,1.43,113.84,0.07,-186.88,-0.11,16298.78,65.20,1
256,Entry long,2017-01-24 06:35,QQQREP|L|v1.1.7-rep|P1/10/4,115.88,1432,165940.16,-187.59,-0.11,1.43,113.84,0.07,-186.88,-0.11,16298.78,65.20,1
257,Exit short,2017-01-25 06:35,STP,117.1,1411,165115.22,-114.29,-0.07,1.41,0,0.00,-113.59,-0.07,16184.49,64.74,0
257,Entry short,2017-01-25 06:35,QQQREP|S|v1.1.7-rep|P1/10/4,117.02,1411,165115.22,-114.29,-0.07,1.41,0,0.00,-113.59,-0.07,16184.49,64.74,0
258,Exit long,2017-01-26 06:40,STP,117.68,1398,164726.34,-211.1,-0.13,1.4,41.24,0.03,-210.4,-0.13,15973.39,63.89,1
258,Entry long,2017-01-26 06:35,QQQREP|L|v1.1.7-rep|P1/10/4,117.83,1398,164726.34,-211.1,-0.13,1.4,41.24,0.03,-210.4,-0.13,15973.39,63.89,1
259,Exit short,2017-01-27 12:55,EOD,117.86,1391,163859.8,-84.85,-0.05,1.39,458.33,0.28,-98.07,-0.06,15888.54,63.55,76
259,Entry short,2017-01-27 06:35,QQQREP|S|v1.1.7-rep|P1/10/4,117.8,1391,163859.8,-84.85,-0.05,1.39,458.33,0.28,-98.07,-0.06,15888.54,63.55,76
260,Exit short,2017-01-30 12:55,EOD,116.97,1395,163521.9,347.36,0.21,1.4,1282.7,0.78,-0.7,0.00,16235.89,64.94,76
260,Entry short,2017-01-30 06:35,QQQREP|S|v1.1.7-rep|P1/10/4,117.22,1395,163521.9,347.36,0.21,1.4,1282.7,0.78,-0.7,0.00,16235.89,64.94,76
261,Exit short,2017-01-31 12:40,STP,116.68,1415,164904.1,-199.51,-0.12,1.42,706.79,0.43,-198.81,-0.12,16036.38,64.15,73
261,Entry short,2017-01-31 06:35,QQQREP|S|v1.1.7-rep|P1/10/4,116.54,1415,164904.1,-199.51,-0.12,1.42,706.79,0.43,-198.81,-0.12,16036.38,64.15,73
262,Exit long,2017-02-01 06:45,STP,117.5,1395,164107.8,-196.69,-0.12,1.4,138.8,0.08,-196,-0.12,15839.68,63.36,2
262,Entry long,2017-02-01 06:35,QQQREP|L|v1.1.7-rep|P1/10/4,117.64,1395,164107.8,-196.69,-0.12,1.4,138.8,0.08,-196,-0.12,15839.68,63.36,2
263,Exit short,2017-02-02 06:40,STP,117.35,1395,163326.6,-378.04,-0.23,1.4,138.8,0.08,-377.35,-0.23,15461.64,61.85,1
263,Entry short,2017-02-02 06:35,QQQREP|S|v1.1.7-rep|P1/10/4,117.08,1395,163326.6,-378.04,-0.23,1.4,138.8,0.08,-377.35,-0.23,15461.64,61.85,1
264,Exit long,2017-02-03 08:35,STP,117.49,1376,161790.08,-125.22,-0.08,1.38,384.59,0.24,-124.53,-0.08,15336.42,61.35,24
264,Entry long,2017-02-03 06:35,QQQREP|L|v1.1.7-rep|P1/10/4,117.58,1376,161790.08,-125.22,-0.08,1.38,384.59,0.24,-124.53,-0.08,15336.42,61.35,24
265,Exit long,2017-02-06 06:35,STP,117.49,1372,161292.32,-97.41,-0.06,1.37,95.35,0.06,-96.73,-0.06,15239.01,60.96,0
265,Entry long,2017-02-06 06:35,QQQREP|L|v1.1.7-rep|P1/10/4,117.56,1372,161292.32,-97.41,-0.06,1.37,95.35,0.06,-96.73,-0.06,15239.01,60.96,0
266,Exit long,2017-02-07 12:55,EOD,118.31,1362,160879.44,257.42,0.16,1.36,598.6,0.37,-0.68,0.00,15496.43,61.99,76
266,Entry long,2017-02-07 06:35,QQQREP|L|v1.1.7-rep|P1/10/4,118.12,1362,160879.44,257.42,0.16,1.36,598.6,0.37,-0.68,0.00,15496.43,61.99,76
267,Exit short,2017-02-08 06:35,STP,118.18,1371,161956.23,-69.92,-0.04,1.37,0,0.00,-69.24,-0.04,15426.51,61.71,0
267,Entry short,2017-02-08 06:35,QQQREP|S|v1.1.7-rep|P1/10/4,118.13,1371,161956.23,-69.92,-0.04,1.37,0,0.00,-69.24,-0.04,15426.51,61.71,0
268,Exit long,2017-02-09 12:55,EOD,118.96,1362,161710.26,311.9,0.19,1.36,639.46,0.40,-96.02,-0.06,15738.4,62.95,76
268,Entry long,2017-02-09 06:35,QQQREP|L|v1.1.7-rep|P1/10/4,118.73,1362,161710.26,311.9,0.19,1.36,639.46,0.40,-96.02,-0.06,15738.4,62.95,76
269,Exit long,2017-02-10 06:50,STP,119.09,1367,162919.06,-124.4,-0.08,1.37,67.67,0.04,-123.71,-0.08,15614.01,62.46,3
269,Entry long,2017-02-10 06:35,QQQREP|L|v1.1.7-rep|P1/10/4,119.18,1367,162919.06,-124.4,-0.08,1.37,67.67,0.04,-123.71,-0.08,15614.01,62.46,3
270,Exit long,2017-02-13 12:55,EOD,120.01,1356,162353.88,378.32,0.23,1.36,582.4,0.36,-54.92,-0.03,15992.33,63.97,76
270,Entry long,2017-02-13 06:35,QQQREP|L|v1.1.7-rep|P1/10/4,119.73,1356,162353.88,378.32,0.23,1.36,582.4,0.36,-54.92,-0.03,15992.33,63.97,76
271,Exit short,2017-02-14 08:55,STP,120.06,1366,163892.68,-110.65,-0.07,1.37,409.12,0.25,-109.96,-0.07,15881.69,63.53,28
271,Entry short,2017-02-14 06:35,QQQREP|S|v1.1.7-rep|P1/10/4,119.98,1366,163892.68,-110.65,-0.07,1.37,409.12,0.25,-109.96,-0.07,15881.69,63.53,28
272,Exit long,2017-02-15 12:55,EOD,121.12,1358,163503.2,976.4,0.60,1.36,1058.56,0.65,-55,-0.03,16858.09,67.43,76
272,Entry long,2017-02-15 06:35,QQQREP|L|v1.1.7-rep|P1/10/4,120.4,1358,163503.2,976.4,0.60,1.36,1058.56,0.65,-55,-0.03,16858.09,67.43,76
273,Exit long,2017-02-16 06:50,STP,121.12,1380,167394,-249.78,-0.15,1.38,192.51,0.12,-249.09,-0.15,16608.31,66.43,3
273,Entry long,2017-02-16 06:35,QQQREP|L|v1.1.7-rep|P1/10/4,121.3,1380,167394,-249.78,-0.15,1.38,192.51,0.12,-249.09,-0.15,16608.31,66.43,3
274,Exit short,2017-02-17 06:35,STP,121.05,1376,166413.44,-152.74,-0.09,1.38,0,0.00,-152.05,-0.09,16455.57,65.82,0
274,Entry short,2017-02-17 06:35,QQQREP|S|v1.1.7-rep|P1/10/4,120.94,1376,166413.44,-152.74,-0.09,1.38,0,0.00,-152.05,-0.09,16455.57,65.82,0
275,Exit long,2017-02-21 12:55,EOD,122.22,1360,165743.2,474.64,0.29,1.36,570.52,0.34,-27.88,-0.02,16930.21,67.72,76
275,Entry long,2017-02-21 06:35,QQQREP|L|v1.1.7-rep|P1/10/4,121.87,1360,165743.2,474.64,0.29,1.36,570.52,0.34,-27.88,-0.02,16930.21,67.72,76
276,Exit long,2017-02-22 06:35,STP,122.06,1373,167684.49,-97.48,-0.06,1.37,67.96,0.04,-96.8,-0.06,16832.73,67.33,0
276,Entry long,2017-02-22 06:35,QQQREP|L|v1.1.7-rep|P1/10/4,122.13,1373,167684.49,-97.48,-0.06,1.37,67.96,0.04,-96.8,-0.06,16832.73,67.33,0
277,Exit short,2017-02-23 08:10,TGT,121.32,1367,167225.11,1379.3,0.82,1.37,1379.99,0.83,-0.68,0.00,18212.03,72.85,19
277,Entry short,2017-02-23 06:35,QQQREP|S|v1.1.7-rep|P1/10/4,122.33,1367,167225.11,1379.3,0.82,1.37,1379.99,0.83,-0.68,0.00,18212.03,72.85,19
278,Exit short,2017-02-24 06:35,STP,121.32,1425,172752.75,-129.68,-0.08,1.43,0,0.00,-128.96,-0.07,18082.36,72.33,0
278,Entry short,2017-02-24 06:35,QQQREP|S|v1.1.7-rep|P1/10/4,121.23,1425,172752.75,-129.68,-0.08,1.43,0,0.00,-128.96,-0.07,18082.36,72.33,0
279,Exit short,2017-02-27 06:50,STP,121.82,1415,172205.5,-171.21,-0.10,1.42,112.49,0.07,-170.51,-0.10,17911.14,71.64,3
279,Entry short,2017-02-27 06:35,QQQREP|S|v1.1.7-rep|P1/10/4,121.7,1415,172205.5,-171.21,-0.10,1.42,112.49,0.07,-170.51,-0.10,17911.14,71.64,3
280,Exit short,2017-02-28 12:55,EOD,121.79,1405,171592.65,476.3,0.28,1.41,912.55,0.53,-42.85,-0.02,18387.44,73.55,76
280,Entry short,2017-02-28 06:35,QQQREP|S|v1.1.7-rep|P1/10/4,122.13,1405,171592.65,476.3,0.28,1.41,912.55,0.53,-42.85,-0.02,18387.44,73.55,76
281,Exit short,2017-03-01 07:00,STP,122.65,1416,173431.68,-242.14,-0.14,1.42,155.05,0.09,-241.43,-0.14,18145.3,72.58,5
281,Entry short,2017-03-01 06:35,QQQREP|S|v1.1.7-rep|P1/10/4,122.48,1416,173431.68,-242.14,-0.14,1.42,155.05,0.09,-241.43,-0.14,18145.3,72.58,5
282,Exit short,2017-03-02 12:55,EOD,122.53,1403,172554.97,643.98,0.37,1.4,855.13,0.50,-155.03,-0.09,18789.28,75.16,76
282,Entry short,2017-03-02 06:35,QQQREP|S|v1.1.7-rep|P1/10/4,122.99,1403,172554.97,643.98,0.37,1.4,855.13,0.50,-155.03,-0.09,18789.28,75.16,76
283,Exit long,2017-03-03 07:20,STP,122.31,1430,175074.9,-173.03,-0.10,1.43,185.19,0.11,-172.31,-0.10,18616.25,74.46,9
283,Entry long,2017-03-03 06:35,QQQREP|L|v1.1.7-rep|P1/10/4,122.43,1430,175074.9,-173.03,-0.10,1.43,185.19,0.11,-172.31,-0.10,18616.25,74.46,9
284,Exit long,2017-03-06 06:35,STP,122.28,1426,174456.84,-86.99,-0.05,1.43,0,0.00,-86.27,-0.05,18529.26,74.12,0
284,Entry long,2017-03-06 06:35,QQQREP|L|v1.1.7-rep|P1/10/4,122.34,1426,174456.84,-86.99,-0.05,1.43,0,0.00,-86.27,-0.05,18529.26,74.12,0
285,Exit long,2017-03-07 06:35,STP,122.21,1422,174024.36,-243.16,-0.14,1.42,27.73,0.02,-242.45,-0.14,18286.1,73.14,0
285,Entry long,2017-03-07 06:35,QQQREP|L|v1.1.7-rep|P1/10/4,122.38,1422,174024.36,-243.16,-0.14,1.42,27.73,0.02,-242.45,-0.14,18286.1,73.14,0
286,Exit short,2017-03-08 06:35,STP,122.33,1416,173134.32,-86.38,-0.05,1.42,0,0.00,-85.67,-0.05,18199.72,72.80,0
286,Entry short,2017-03-08 06:35,QQQREP|S|v1.1.7-rep|P1/10/4,122.27,1416,173134.32,-86.38,-0.05,1.42,0,0.00,-85.67,-0.05,18199.72,72.80,0
287,Exit short,2017-03-09 06:45,STP,122.49,1413,172739.25,-340.53,-0.20,1.41,0,0.00,-339.83,-0.20,17859.19,71.44,2
287,Entry short,2017-03-09 06:35,QQQREP|S|v1.1.7-rep|P1/10/4,122.25,1413,172739.25,-340.53,-0.20,1.41,0,0.00,-339.83,-0.20,17859.19,71.44,2
288,Exit short,2017-03-10 06:50,STP,123.19,1392,171327.36,-154.51,-0.09,1.39,222.02,0.13,-153.82,-0.09,17704.68,70.82,3
288,Entry short,2017-03-10 06:35,QQQREP|S|v1.1.7-rep|P1/10/4,123.08,1392,171327.36,-154.51,-0.09,1.39,222.02,0.13,-153.82,-0.09,17704.68,70.82,3
289,Exit long,2017-03-13 07:05,STP,123.03,1387,170822.92,-181.7,-0.11,1.39,82.53,0.05,-181,-0.11,17522.98,70.09,6
289,Entry long,2017-03-13 06:35,QQQREP|L|v1.1.7-rep|P1/10/4,123.16,1387,170822.92,-181.7,-0.11,1.39,82.53,0.05,-181,-0.11,17522.98,70.09,6
290,Exit short,2017-03-14 06:40,STP,123.05,1383,170081.34,-98.19,-0.06,1.38,54.63,0.03,-97.5,-0.06,17424.79,69.70,1
290,Entry short,2017-03-14 06:35,QQQREP|S|v1.1.7-rep|P1/10/4,122.98,1383,170081.34,-98.19,-0.06,1.38,54.63,0.03,-97.5,-0.06,17424.79,69.70,1
291,Exit short,2017-03-15 09:35,STP,123.26,1378,169700.7,-152.96,-0.09,1.38,371.37,0.22,-152.27,-0.09,17271.83,69.09,36
291,Entry short,2017-03-15 06:35,QQQREP|S|v1.1.7-rep|P1/10/4,123.15,1378,169700.7,-152.96,-0.09,1.38,371.37,0.22,-152.27,-0.09,17271.83,69.09,36
292,Exit short,2017-03-16 06:35,STP,123.99,1363,168998.37,-1.36,0.00,1.36,0,0.00,0,0.00,17270.47,69.08,0
292,Entry short,2017-03-16 06:35,QQQREP|S|v1.1.7-rep|P1/10/4,123.99,1363,168998.37,-1.36,0.00,1.36,0,0.00,0,0.00,17270.47,69.08,0
293,Exit short,2017-03-17 06:50,STP,123.81,1366,169001.52,-124.31,-0.07,1.37,81.28,0.05,-123.62,-0.07,17146.16,68.58,3
293,Entry short,2017-03-17 06:35,QQQREP|S|v1.1.7-rep|P1/10/4,123.72,1366,169001.52,-124.31,-0.07,1.37,81.28,0.05,-123.62,-0.07,17146.16,68.58,3
294,Exit short,2017-03-20 06:45,STP,123.64,1364,168563.12,-83.2,-0.05,1.36,67.52,0.04,-82.52,-0.05,17062.96,68.25,2
294,Entry short,2017-03-20 06:35,QQQREP|S|v1.1.7-rep|P1/10/4,123.58,1364,168563.12,-83.2,-0.05,1.36,67.52,0.04,-82.52,-0.05,17062.96,68.25,2
295,Exit long,2017-03-21 07:00,STP,124.16,1354,168261.58,-150.29,-0.09,1.35,67.02,0.04,-149.62,-0.09,16912.66,67.65,5
295,Entry long,2017-03-21 06:35,QQQREP|L|v1.1.7-rep|P1/10/4,124.27,1354,168261.58,-150.29,-0.09,1.35,67.02,0.04,-149.62,-0.09,16912.66,67.65,5
296,Exit long,2017-03-22 07:10,STP,121.87,1372,167534.92,-330.65,-0.20,1.37,287.43,0.17,-329.97,-0.20,16582.01,66.33,7
296,Entry long,2017-03-22 06:35,QQQREP|L|v1.1.7-rep|P1/10/4,122.11,1372,167534.92,-330.65,-0.20,1.37,287.43,0.17,-329.97,-0.20,16582.01,66.33,7
297,Exit short,2017-03-23 06:35,STP,122.56,1358,166314.26,-123.58,-0.07,1.36,53.64,0.03,-122.9,-0.07,16458.43,65.83,0
297,Entry short,2017-03-23 06:35,QQQREP|S|v1.1.7-rep|P1/10/4,122.47,1358,166314.26,-123.58,-0.07,1.36,53.64,0.03,-122.9,-0.07,16458.43,65.83,0
298,Exit long,2017-03-24 10:55,STP,122.77,1349,165778.61,-163.23,-0.10,1.35,484.97,0.29,-162.55,-0.10,16295.2,65.18,52
298,Entry long,2017-03-24 06:35,QQQREP|L|v1.1.7-rep|P1/10/4,122.89,1349,165778.61,-163.23,-0.10,1.35,484.97,0.29,-162.55,-0.10,16295.2,65.18,52
299,Exit long,2017-03-27 06:40,STP,121.54,1356,165174.36,-367.48,-0.22,1.36,0,0.00,-366.8,-0.22,15927.73,63.71,1
299,Entry long,2017-03-27 06:35,QQQREP|L|v1.1.7-rep|P1/10/4,121.81,1356,165174.36,-367.48,-0.22,1.36,0,0.00,-366.8,-0.22,15927.73,63.71,1
300,Exit long,2017-03-28 06:45,STP,122.73,1331,163606.52,-254.22,-0.16,1.33,159.05,0.10,-253.56,-0.15,15673.51,62.69,2
300,Entry long,2017-03-28 06:35,QQQREP|L|v1.1.7-rep|P1/10/4,122.92,1331,163606.52,-254.22,-0.16,1.33,159.05,0.10,-253.56,-0.15,15673.51,62.69,2
301,Exit short,2017-03-29 06:35,STP,123.7,1316,162670.76,-119.76,-0.07,1.32,38.82,0.02,-119.1,-0.07,15553.75,62.22,0
301,Entry short,2017-03-29 06:35,QQQREP|S|v1.1.7-rep|P1/10/4,123.61,1316,162670.76,-119.76,-0.07,1.32,38.82,0.02,-119.1,-0.07,15553.75,62.22,0
302,Exit long,2017-03-30 06:35,STP,124.11,1306,162126.84,-40.49,-0.02,1.31,51.59,0.03,-39.83,-0.02,15513.27,62.05,0
302,Entry long,2017-03-30 06:35,QQQREP|L|v1.1.7-rep|P1/10/4,124.14,1306,162126.84,-40.49,-0.02,1.31,51.59,0.03,-39.83,-0.02,15513.27,62.05,0
303,Exit short,2017-03-31 06:35,STP,124.2,1305,161976.6,-105.7,-0.07,1.31,25.45,0.02,-105.05,-0.06,15407.56,61.63,0
303,Entry short,2017-03-31 06:35,QQQREP|S|v1.1.7-rep|P1/10/4,124.12,1305,161976.6,-105.7,-0.07,1.31,25.45,0.02,-105.05,-0.06,15407.56,61.63,0
304,Exit long,2017-04-03 07:10,STP,124.33,1298,161626.96,-247.92,-0.15,1.3,207.03,0.13,-247.27,-0.15,15159.64,60.64,7
304,Entry long,2017-04-03 06:35,QQQREP|L|v1.1.7-rep|P1/10/4,124.52,1298,161626.96,-247.92,-0.15,1.3,207.03,0.13,-247.27,-0.15,15159.64,60.64,7
305,Exit long,2017-04-04 07:05,STP,123.84,1296,160665.12,-169.78,-0.11,1.3,362.23,0.23,-169.13,-0.11,14989.87,59.96,6
305,Entry long,2017-04-04 06:35,QQQREP|L|v1.1.7-rep|P1/10/4,123.97,1296,160665.12,-169.78,-0.11,1.3,362.23,0.23,-169.13,-0.11,14989.87,59.96,6
306,Exit short,2017-04-05 06:35,STP,124.6,1284,159909.36,-78.32,-0.05,1.28,0,0.00,-77.68,-0.05,14911.54,59.65,0
306,Entry short,2017-04-05 06:35,QQQREP|S|v1.1.7-rep|P1/10/4,124.54,1284,159909.36,-78.32,-0.05,1.28,0,0.00,-77.68,-0.05,14911.54,59.65,0
307,Exit short,2017-04-06 06:35,STP,124.08,1287,159562.26,-129.99,-0.08,1.29,0,0.00,-129.34,-0.08,14781.56,59.13,0
307,Entry short,2017-04-06 06:35,QQQREP|S|v1.1.7-rep|P1/10/4,123.98,1287,159562.26,-129.99,-0.08,1.29,0,0.00,-129.34,-0.08,14781.56,59.13,0
308,Exit short,2017-04-07 06:35,STP,124,1284,159049.08,-168.2,-0.11,1.28,12.2,0.01,-167.56,-0.11,14613.35,58.45,0
308,Entry short,2017-04-07 06:35,QQQREP|S|v1.1.7-rep|P1/10/4,123.87,1284,159049.08,-168.2,-0.11,1.28,12.2,0.01,-167.56,-0.11,14613.35,58.45,0
309,Exit long,2017-04-10 08:30,STP,123.98,1276,158428.16,-230.96,-0.15,1.28,369.4,0.23,-230.32,-0.15,14382.4,57.53,23
309,Entry long,2017-04-10 06:35,QQQREP|L|v1.1.7-rep|P1/10/4,124.16,1276,158428.16,-230.96,-0.15,1.28,369.4,0.23,-230.32,-0.15,14382.4,57.53,23
310,Exit long,2017-04-11 06:40,STP,123.69,1270,157429.2,-344.17,-0.22,1.27,62.87,0.04,-343.53,-0.22,14038.23,56.15,1
310,Entry long,2017-04-11 06:35,QQQREP|L|v1.1.7-rep|P1/10/4,123.96,1270,157429.2,-344.17,-0.22,1.27,62.87,0.04,-343.53,-0.22,14038.23,56.15,1
311,Exit short,2017-04-12 06:35,STP,123.41,1266,156047.16,-191.17,-0.12,1.27,100.65,0.06,-190.53,-0.12,13847.06,55.39,0
311,Entry short,2017-04-12 06:35,QQQREP|S|v1.1.7-rep|P1/10/4,123.26,1266,156047.16,-191.17,-0.12,1.27,100.65,0.06,-190.53,-0.12,13847.06,55.39,0
312,Exit long,2017-04-13 10:10,STP,122.69,1265,155379.95,-178.36,-0.11,1.26,796.32,0.51,-177.73,-0.11,13668.69,54.67,43
312,Entry long,2017-04-13 06:35,QQQREP|L|v1.1.7-rep|P1/10/4,122.83,1265,155379.95,-178.36,-0.11,1.26,796.32,0.51,-177.73,-0.11,13668.69,54.67,43
313,Exit long,2017-04-17 12:55,EOD,123.44,1258,154671.1,615.16,0.40,1.26,640.95,0.41,-227.07,-0.15,14283.86,57.14,76
313,Entry long,2017-04-17 06:35,QQQREP|L|v1.1.7-rep|P1/10/4,122.95,1258,154671.1,615.16,0.40,1.26,640.95,0.41,-227.07,-0.15,14283.86,57.14,76
314,Exit long,2017-04-18 09:00,STP,122.96,1275,157092.75,-320.02,-0.20,1.27,509.36,0.32,-319.39,-0.20,13963.83,55.86,29
314,Entry long,2017-04-18 06:35,QQQREP|L|v1.1.7-rep|P1/10/4,123.21,1275,157092.75,-320.02,-0.20,1.27,509.36,0.32,-319.39,-0.20,13963.83,55.86,29
315,Exit long,2017-04-19 10:05,STP,123.77,1258,155841.04,-139.64,-0.09,1.26,389.35,0.25,-139.01,-0.09,13824.19,55.30,42
315,Entry long,2017-04-19 06:35,QQQREP|L|v1.1.7-rep|P1/10/4,123.88,1258,155841.04,-139.64,-0.09,1.26,389.35,0.25,-139.01,-0.09,13824.19,55.30,42
316,Exit long,2017-04-20 06:40,STP,123.9,1251,155224.08,-226.43,-0.15,1.25,49.41,0.03,-225.81,-0.15,13597.76,54.39,1
316,Entry long,2017-04-20 06:35,QQQREP|L|v1.1.7-rep|P1/10/4,124.08,1251,155224.08,-226.43,-0.15,1.25,49.41,0.03,-225.81,-0.15,13597.76,54.39,1
317,Exit short,2017-04-21 08:35,STP,124.59,1241,154355.58,-261.85,-0.17,1.24,148.3,0.10,-261.23,-0.17,13335.91,53.34,24
317,Entry short,2017-04-21 06:35,QQQREP|S|v1.1.7-rep|P1/10/4,124.38,1241,154355.58,-261.85,-0.17,1.24,148.3,0.10,-261.23,-0.17,13335.91,53.34,24
318,Exit short,2017-04-24 06:40,STP,125.84,1219,153252.68,-147.5,-0.10,1.22,121.29,0.08,-146.89,-0.10,13188.41,52.75,1
318,Entry short,2017-04-24 06:35,QQQREP|S|v1.1.7-rep|P1/10/4,125.72,1219,153252.68,-147.5,-0.10,1.22,121.29,0.08,-146.89,-0.10,13188.41,52.75,1
319,Exit long,2017-04-25 12:55,EOD,126.86,1208,152642.88,602.79,0.39,1.21,869.16,0.57,-97.24,-0.06,13791.2,55.16,76
319,Entry long,2017-04-25 06:35,QQQREP|L|v1.1.7-rep|P1/10/4,126.36,1208,152642.88,602.79,0.39,1.21,869.16,0.57,-97.24,-0.06,13791.2,55.16,76
320,Exit long,2017-04-26 06:40,STP,126.88,1220,155135.2,-342.82,-0.22,1.22,0,0.00,-342.21,-0.22,13448.38,53.79,1
320,Entry long,2017-04-26 06:35,QQQREP|L|v1.1.7-rep|P1/10/4,127.16,1220,155135.2,-342.82,-0.22,1.22,0,0.00,-342.21,-0.22,13448.38,53.79,1
321,Exit short,2017-04-27 06:40,STP,127.03,1211,153724.34,-110.2,-0.07,1.21,23.61,0.02,-109.6,-0.07,13338.18,53.35,1
321,Entry short,2017-04-27 06:35,QQQREP|S|v1.1.7-rep|P1/10/4,126.94,1211,153724.34,-110.2,-0.07,1.21,23.61,0.02,-109.6,-0.07,13338.18,53.35,1
322,Exit short,2017-04-28 12:55,EOD,127.65,1198,153224.2,298.3,0.19,1.2,526.52,0.34,-12.58,-0.01,13636.49,54.55,76
322,Entry short,2017-04-28 06:35,QQQREP|S|v1.1.7-rep|P1/10/4,127.9,1198,153224.2,298.3,0.19,1.2,526.52,0.34,-12.58,-0.01,13636.49,54.55,76
323,Exit long,2017-05-01 12:55,EOD,128.76,1206,154548.9,734.45,0.48,1.21,988.32,0.64,-36.78,-0.02,14370.94,57.48,76
323,Entry long,2017-05-01 06:35,QQQREP|L|v1.1.7-rep|P1/10/4,128.15,1206,154548.9,734.45,0.48,1.21,988.32,0.64,-36.78,-0.02,14370.94,57.48,76
324,Exit short,2017-05-02 09:00,STP,129,1221,157411.32,-98.9,-0.06,1.22,341.27,0.22,-98.29,-0.06,14272.04,57.09,29
324,Entry short,2017-05-02 06:35,QQQREP|S|v1.1.7-rep|P1/10/4,128.92,1221,157411.32,-98.9,-0.06,1.22,341.27,0.22,-98.29,-0.06,14272.04,57.09,29
325,Exit short,2017-05-03 12:55,EOD,128.59,1221,157020.6,10.99,0.01,1.22,414.53,0.26,-183.76,-0.12,14283.03,57.13,75
325,Entry short,2017-05-03 06:35,QQQREP|S|v1.1.7-rep|P1/10/4,128.6,1221,157020.6,10.99,0.01,1.22,414.53,0.26,-183.76,-0.12,14283.03,57.13,75
326,Exit short,2017-05-04 08:35,STP,128.72,1222,157039.22,-257.84,-0.16,1.22,353.77,0.23,-257.23,-0.16,14025.19,56.10,24
326,Entry short,2017-05-04 06:35,QQQREP|S|v1.1.7-rep|P1/10/4,128.51,1222,157039.22,-257.84,-0.16,1.22,353.77,0.23,-257.23,-0.16,14025.19,56.10,24
327,Exit short,2017-05-05 12:50,STP,129.01,1210,156005.3,-98.01,-0.06,1.21,507.6,0.33,-97.4,-0.06,13927.18,55.71,75
327,Entry short,2017-05-05 06:35,QQQREP|S|v1.1.7-rep|P1/10/4,128.93,1210,156005.3,-98.01,-0.06,1.21,507.6,0.33,-97.4,-0.06,13927.18,55.71,75
328,Exit long,2017-05-08 06:35,STP,129.13,1204,155629.04,-157.72,-0.10,1.2,35.52,0.02,-157.12,-0.10,13769.45,55.08,0
328,Entry long,2017-05-08 06:35,QQQREP|L|v1.1.7-rep|P1/10/4,129.26,1204,155629.04,-157.72,-0.10,1.2,35.52,0.02,-157.12,-0.10,13769.45,55.08,0
329,Exit long,2017-05-09 12:55,EOD,129.86,1195,154979.55,201.96,0.13,1.2,537.15,0.35,-96.2,-0.06,13971.41,55.89,76
329,Entry long,2017-05-09 06:35,QQQREP|L|v1.1.7-rep|P1/10/4,129.69,1195,154979.55,201.96,0.13,1.2,537.15,0.35,-96.2,-0.06,13971.41,55.89,76
330,Exit short,2017-05-10 12:05,STP,129.94,1200,155784,-145.2,-0.09,1.2,407.4,0.26,-144.6,-0.09,13826.21,55.30,66
330,Entry short,2017-05-10 06:35,QQQREP|S|v1.1.7-rep|P1/10/4,129.82,1200,155784,-145.2,-0.09,1.2,407.4,0.26,-144.6,-0.09,13826.21,55.30,66
331,Exit long,2017-05-11 06:35,STP,129.55,1198,155272.78,-73.08,-0.05,1.2,0,0.00,-72.48,-0.05,13753.13,55.01,0
331,Entry long,2017-05-11 06:35,QQQREP|L|v1.1.7-rep|P1/10/4,129.61,1198,155272.78,-73.08,-0.05,1.2,0,0.00,-72.48,-0.05,13753.13,55.01,0
332,Exit long,2017-05-12 06:35,STP,129.9,1192,154948.08,-108.47,-0.07,1.19,11.32,0.01,-107.88,-0.07,13644.66,54.58,0
332,Entry long,2017-05-12 06:35,QQQREP|L|v1.1.7-rep|P1/10/4,129.99,1192,154948.08,-108.47,-0.07,1.19,11.32,0.01,-107.88,-0.07,13644.66,54.58,0
333,Exit long,2017-05-15 12:55,EOD,130.53,1186,154476.5,330.89,0.21,1.19,426.37,0.28,-36.17,-0.02,13975.55,55.90,76
333,Entry long,2017-05-15 06:35,QQQREP|L|v1.1.7-rep|P1/10/4,130.25,1186,154476.5,330.89,0.21,1.19,426.37,0.28,-36.17,-0.02,13975.55,55.90,76
334,Exit short,2017-05-16 06:50,STP,130.86,1192,155842.08,-144.23,-0.09,1.19,82.84,0.05,-143.64,-0.09,13831.32,55.33,3
334,Entry short,2017-05-16 06:35,QQQREP|S|v1.1.7-rep|P1/10/4,130.74,1192,155842.08,-144.23,-0.09,1.19,82.84,0.05,-143.64,-0.09,13831.32,55.33,3
335,Exit long,2017-05-17 06:50,STP,129.97,1193,155233.16,-180.14,-0.12,1.19,190.28,0.12,-179.55,-0.12,13651.18,54.60,3
335,Entry long,2017-05-17 06:35,QQQREP|L|v1.1.7-rep|P1/10/4,130.12,1193,155233.16,-180.14,-0.12,1.19,190.28,0.12,-179.55,-0.12,13651.18,54.60,3
336,Exit long,2017-05-18 12:55,EOD,128.85,957,122457.72,850.77,0.69,0.96,1272.33,1.04,-86.61,-0.07,14501.95,58.01,76
336,Entry long,2017-05-18 06:35,QQQREP|L|v1.1.7-rep|P1/10/4,127.96,957,122457.72,850.77,0.69,0.96,1272.33,1.04,-86.61,-0.07,14501.95,58.01,76
337,Exit long,2017-05-19 12:55,EOD,129.41,1221,157911.93,96.46,0.06,1.22,756.41,0.48,-12.82,-0.01,14598.41,58.39,76
337,Entry long,2017-05-19 06:35,QQQREP|L|v1.1.7-rep|P1/10/4,129.33,1221,157911.93,96.46,0.06,1.22,756.41,0.48,-12.82,-0.01,14598.41,58.39,76
338,Exit long,2017-05-22 12:55,EOD,130.52,1218,158279.1,693.04,0.44,1.22,742.37,0.47,-0.61,0.00,15291.45,61.17,76
338,Entry long,2017-05-22 06:35,QQQREP|L|v1.1.7-rep|P1/10/4,129.95,1218,158279.1,693.04,0.44,1.22,742.37,0.47,-0.61,0.00,15291.45,61.17,76
339,Exit short,2017-05-23 12:55,EOD,130.63,1232,161071.68,134.29,0.08,1.23,541.46,0.34,-74.54,-0.05,15425.74,61.70,76
339,Entry short,2017-05-23 06:35,QQQREP|S|v1.1.7-rep|P1/10/4,130.74,1232,161071.68,134.29,0.08,1.23,541.46,0.34,-74.54,-0.05,15425.74,61.70,76
340,Exit short,2017-05-24 11:10,STP,131.05,1235,161698.55,-149.43,-0.09,1.24,332.83,0.21,-148.82,-0.09,15276.3,61.11,55
340,Entry short,2017-05-24 06:35,QQQREP|S|v1.1.7-rep|P1/10/4,130.93,1235,161698.55,-149.43,-0.09,1.24,332.83,0.21,-148.82,-0.09,15276.3,61.11,55
341,Exit short,2017-05-25 06:50,STP,131.74,1224,160992.72,-258.26,-0.16,1.22,109.55,0.07,-257.65,-0.16,15018.04,60.07,3
341,Entry short,2017-05-25 06:35,QQQREP|S|v1.1.7-rep|P1/10/4,131.53,1224,160992.72,-258.26,-0.16,1.22,109.55,0.07,-257.65,-0.16,15018.04,60.07,3
342,Exit short,2017-05-26 06:50,STP,132.43,1210,160070.9,-170.61,-0.11,1.21,108.3,0.07,-170,-0.11,14847.43,59.39,3
342,Entry short,2017-05-26 06:35,QQQREP|S|v1.1.7-rep|P1/10/4,132.29,1210,160070.9,-170.61,-0.11,1.21,108.3,0.07,-170,-0.11,14847.43,59.39,3
343,Exit long,2017-05-30 12:55,EOD,132.69,1201,159276.62,82.87,0.05,1.2,275.63,0.17,-36.63,-0.02,14930.3,59.72,76
343,Entry long,2017-05-30 06:35,QQQREP|L|v1.1.7-rep|P1/10/4,132.62,1201,159276.62,82.87,0.05,1.2,275.63,0.17,-36.63,-0.02,14930.3,59.72,76
344,Exit short,2017-05-31 07:00,TGT,132.23,1200,159684,1006.8,0.63,1.2,1007.4,0.63,-24.6,-0.02,15937.1,63.75,5
344,Entry short,2017-05-31 06:35,QQQREP|S|v1.1.7-rep|P1/10/4,133.07,1200,159684,1006.8,0.63,1.2,1007.4,0.63,-24.6,-0.02,15937.1,63.75,5
345,Exit long,2017-06-01 06:35,STP,132.87,1231,163624.52,-62.78,-0.04,1.23,24,0.01,-62.17,-0.04,15874.32,63.50,0
345,Entry long,2017-06-01 06:35,QQQREP|L|v1.1.7-rep|P1/10/4,132.92,1231,163624.52,-62.78,-0.04,1.23,24,0.01,-62.17,-0.04,15874.32,63.50,0
346,Exit long,2017-06-02 06:40,STP,133.51,1222,163405.84,-257.84,-0.16,1.22,36.05,0.02,-257.23,-0.16,15616.47,62.47,1
346,Entry long,2017-06-02 06:35,QQQREP|L|v1.1.7-rep|P1/10/4,133.72,1222,163405.84,-257.84,-0.16,1.22,36.05,0.02,-257.23,-0.16,15616.47,62.47,1
347,Exit short,2017-06-05 06:45,STP,134.7,1207,162353.57,-230.54,-0.14,1.21,0,0.00,-229.93,-0.14,15385.94,61.54,2
347,Entry short,2017-06-05 06:35,QQQREP|S|v1.1.7-rep|P1/10/4,134.51,1207,162353.57,-230.54,-0.14,1.21,0,0.00,-229.93,-0.14,15385.94,61.54,2
348,Exit short,2017-06-06 06:35,STP,134.56,1201,161522.49,-85.27,-0.05,1.2,35.43,0.02,-84.67,-0.05,15300.67,61.20,0
348,Entry short,2017-06-06 06:35,QQQREP|S|v1.1.7-rep|P1/10/4,134.49,1201,161522.49,-85.27,-0.05,1.2,35.43,0.02,-84.67,-0.05,15300.67,61.20,0
349,Exit long,2017-06-07 06:50,STP,134.46,1198,161202.88,-121,-0.08,1.2,155.14,0.10,-120.4,-0.07,15179.67,60.72,3
349,Entry long,2017-06-07 06:35,QQQREP|L|v1.1.7-rep|P1/10/4,134.56,1198,161202.88,-121,-0.08,1.2,155.14,0.10,-120.4,-0.07,15179.67,60.72,3
350,Exit short,2017-06-08 12:55,EOD,134.79,1191,160594.44,58.36,0.04,1.19,940.29,0.59,-12.51,-0.01,15238.03,60.95,76
350,Entry short,2017-06-08 06:35,QQQREP|S|v1.1.7-rep|P1/10/4,134.84,1191,160594.44,58.36,0.04,1.19,940.29,0.59,-12.51,-0.01,15238.03,60.95,76
351,Exit short,2017-06-09 07:05,STP,135,1193,160899.91,-156.28,-0.10,1.19,261.86,0.16,-155.69,-0.10,15081.74,60.33,6
351,Entry short,2017-06-09 06:35,QQQREP|S|v1.1.7-rep|P1/10/4,134.87,1193,160899.91,-156.28,-0.10,1.19,261.86,0.16,-155.69,-0.10,15081.74,60.33,6
352,Exit short,2017-06-12 06:35,STP,130.34,1230,160207.5,-111.93,-0.07,1.23,0,0.00,-111.31,-0.07,14969.81,59.88,0
352,Entry short,2017-06-12 06:35,QQQREP|S|v1.1.7-rep|P1/10/4,130.25,1230,160207.5,-111.93,-0.07,1.23,0,0.00,-111.31,-0.07,14969.81,59.88,0
353,Exit long,2017-06-13 07:15,STP,131.42,1214,159762.4,-219.73,-0.14,1.21,424.29,0.27,-219.13,-0.14,14750.08,59.00,8
353,Entry long,2017-06-13 06:35,QQQREP|L|v1.1.7-rep|P1/10/4,131.6,1214,159762.4,-219.73,-0.14,1.21,424.29,0.27,-219.13,-0.14,14750.08,59.00,8
354,Exit short,2017-06-14 12:10,TGT,130.32,1203,158940.36,2164.2,1.36,1.2,2164.8,1.36,-132.93,-0.08,16914.28,67.66,67
354,Entry short,2017-06-14 06:35,QQQREP|S|v1.1.7-rep|P1/10/4,132.12,1203,158940.36,2164.2,1.36,1.2,2164.8,1.36,-132.93,-0.08,16914.28,67.66,67
355,Exit short,2017-06-15 06:35,STP,130.03,1291,167636.35,-233.67,-0.14,1.29,0,0.00,-233.03,-0.14,16680.61,66.72,0
355,Entry short,2017-06-15 06:35,QQQREP|S|v1.1.7-rep|P1/10/4,129.85,1291,167636.35,-233.67,-0.14,1.29,0,0.00,-233.03,-0.14,16680.61,66.72,0
356,Exit short,2017-06-16 12:55,EOD,130.13,1229,160077.25,146.25,0.09,1.23,835.11,0.52,-283.28,-0.18,16826.86,67.31,76
356,Entry short,2017-06-16 06:35,QQQREP|S|v1.1.7-rep|P1/10/4,130.25,1229,160077.25,146.25,0.09,1.23,835.11,0.52,-283.28,-0.18,16826.86,67.31,76
357,Exit short,2017-06-19 06:35,STP,131.3,1275,167241.75,-167.02,-0.10,1.27,0,0.00,-166.39,-0.10,16659.83,66.64,0
357,Entry short,2017-06-19 06:35,QQQREP|S|v1.1.7-rep|P1/10/4,131.17,1275,167241.75,-167.02,-0.10,1.27,0,0.00,-166.39,-0.10,16659.83,66.64,0
358,Exit short,2017-06-20 06:40,STP,132.12,1263,166539.18,-329.64,-0.20,1.26,12,0.01,-329.01,-0.20,16330.19,65.32,1
358,Entry short,2017-06-20 06:35,QQQREP|S|v1.1.7-rep|P1/10/4,131.86,1263,166539.18,-329.64,-0.20,1.26,12,0.01,-329.01,-0.20,16330.19,65.32,1
359,Exit long,2017-06-21 06:50,STP,131.46,1256,165164,-51.5,-0.03,1.26,313.37,0.19,-50.87,-0.03,16278.69,65.11,3
359,Entry long,2017-06-21 06:35,QQQREP|L|v1.1.7-rep|P1/10/4,131.5,1256,165164,-51.5,-0.03,1.26,313.37,0.19,-50.87,-0.03,16278.69,65.11,3
360,Exit short,2017-06-22 09:30,STP,132.68,1245,165024.75,-163.09,-0.10,1.25,547.18,0.33,-162.47,-0.10,16115.6,64.46,35
360,Entry short,2017-06-22 06:35,QQQREP|S|v1.1.7-rep|P1/10/4,132.55,1245,165024.75,-163.09,-0.10,1.25,547.18,0.33,-162.47,-0.10,16115.6,64.46,35
361,Exit short,2017-06-23 07:30,STP,132.44,1243,164399.18,-224.98,-0.14,1.24,397.14,0.24,-224.36,-0.14,15890.62,63.56,11
361,Entry short,2017-06-23 06:35,QQQREP|S|v1.1.7-rep|P1/10/4,132.26,1243,164399.18,-224.98,-0.14,1.24,397.14,0.24,-224.36,-0.14,15890.62,63.56,11
362,Exit long,2017-06-26 07:00,STP,133.62,1221,163467.48,-318.68,-0.19,1.22,84.86,0.05,-318.07,-0.19,15571.93,62.29,5
362,Entry long,2017-06-26 06:35,QQQREP|L|v1.1.7-rep|P1/10/4,133.88,1221,163467.48,-318.68,-0.19,1.22,84.86,0.05,-318.07,-0.19,15571.93,62.29,5
363,Exit short,2017-06-27 07:05,STP,131.86,1164,153066,-420.2,-0.27,1.16,92.54,0.06,-419.62,-0.27,15151.73,60.61,6
363,Entry short,2017-06-27 06:35,QQQREP|S|v1.1.7-rep|P1/10/4,131.5,1164,153066,-420.2,-0.27,1.16,92.54,0.06,-419.62,-0.27,15151.73,60.61,6
364,Exit short,2017-06-29 12:55,EOD,129.52,1040,136104.8,1402.96,1.03,1.04,2703.48,1.99,-125.32,-0.09,16554.69,66.22,76
364,Entry short,2017-06-29 06:35,QQQREP|S|v1.1.7-rep|P1/10/4,130.87,1040,136104.8,1402.96,1.03,1.04,2703.48,1.99,-125.32,-0.09,16554.69,66.22,76
365,Exit short,2017-06-30 06:35,STP,130.06,1280,166208,-270.08,-0.16,1.28,37.76,0.02,-269.44,-0.16,16284.61,65.14,0
365,Entry short,2017-06-30 06:35,QQQREP|S|v1.1.7-rep|P1/10/4,129.85,1280,166208,-270.08,-0.16,1.28,37.76,0.02,-269.44,-0.16,16284.61,65.14,0
366,Exit long,2017-07-03 06:35,STP,130.13,1268,165042.88,-39.31,-0.02,1.27,100.81,0.06,-38.67,-0.02,16245.3,64.98,0
366,Entry long,2017-07-03 06:35,QQQREP|L|v1.1.7-rep|P1/10/4,130.16,1268,165042.88,-39.31,-0.02,1.27,100.81,0.06,-38.67,-0.02,16245.3,64.98,0
367,Exit long,2017-07-05 06:45,STP,128.43,1281,164864.7,-347.15,-0.21,1.28,383.66,0.23,-346.51,-0.21,15898.15,63.59,2
367,Entry long,2017-07-05 06:35,QQQREP|L|v1.1.7-rep|P1/10/4,128.7,1281,164864.7,-347.15,-0.21,1.28,383.66,0.23,-346.51,-0.21,15898.15,63.59,2
368,Exit long,2017-07-06 06:35,STP,128.32,1271,163526.86,-433.41,-0.27,1.27,113.75,0.07,-432.78,-0.26,15464.74,61.86,0
368,Entry long,2017-07-06 06:35,QQQREP|L|v1.1.7-rep|P1/10/4,128.66,1271,163526.86,-433.41,-0.27,1.27,113.75,0.07,-432.78,-0.26,15464.74,61.86,0
369,Exit long,2017-07-07 12:55,EOD,129.65,1255,161844.8,864.7,0.53,1.25,1342.22,0.83,-176.33,-0.11,16329.44,65.32,76
369,Entry long,2017-07-07 06:35,QQQREP|L|v1.1.7-rep|P1/10/4,128.96,1255,161844.8,864.7,0.53,1.25,1342.22,0.83,-176.33,-0.11,16329.44,65.32,76
370,Exit long,2017-07-10 06:50,STP,129.59,1219,158421.24,-452.25,-0.29,1.22,243.19,0.15,-451.64,-0.29,15877.19,63.51,3
370,Entry long,2017-07-10 06:35,QQQREP|L|v1.1.7-rep|P1/10/4,129.96,1219,158421.24,-452.25,-0.29,1.22,243.19,0.15,-451.64,-0.29,15877.19,63.51,3
371,Exit long,2017-07-11 06:35,STP,130.2,1254,163396.2,-126.65,-0.08,1.25,0,0.00,-126.03,-0.08,15750.53,63.00,0
371,Entry long,2017-07-11 06:35,QQQREP|L|v1.1.7-rep|P1/10/4,130.3,1254,163396.2,-126.65,-0.08,1.25,0,0.00,-126.03,-0.08,15750.53,63.00,0
372,Exit long,2017-07-12 06:35,STP,131.86,1234,162875.66,-161.65,-0.10,1.23,147.46,0.09,-161.04,-0.10,15588.88,62.36,0
372,Entry long,2017-07-12 06:35,QQQREP|L|v1.1.7-rep|P1/10/4,131.99,1234,162875.66,-161.65,-0.10,1.23,147.46,0.09,-161.04,-0.10,15588.88,62.36,0
373,Exit long,2017-07-13 07:25,STP,132.44,1224,162388.08,-282.74,-0.17,1.22,476.75,0.29,-282.13,-0.17,15306.13,61.22,10
373,Entry long,2017-07-13 06:35,QQQREP|L|v1.1.7-rep|P1/10/4,132.67,1224,162388.08,-282.74,-0.17,1.22,476.75,0.29,-282.13,-0.17,15306.13,61.22,10
374,Exit short,2017-07-14 09:25,STP,133.4,1210,161172,-243.21,-0.15,1.21,338.2,0.21,-242.6,-0.15,15062.92,60.25,34
374,Entry short,2017-07-14 06:35,QQQREP|S|v1.1.7-rep|P1/10/4,133.2,1210,161172,-243.21,-0.15,1.21,338.2,0.21,-242.6,-0.15,15062.92,60.25,34
375,Exit long,2017-07-17 06:40,STP,133.82,1196,160192.24,-144.72,-0.09,1.2,107.04,0.07,-144.12,-0.09,14918.21,59.67,1
375,Entry long,2017-07-17 06:35,QQQREP|L|v1.1.7-rep|P1/10/4,133.94,1196,160192.24,-144.72,-0.09,1.2,107.04,0.07,-144.12,-0.09,14918.21,59.67,1
376,Exit short,2017-07-18 06:45,STP,133.76,1146,152864.94,-425.17,-0.28,1.15,22.35,0.01,-424.59,-0.28,14493.04,57.97,2
376,Entry short,2017-07-18 06:35,QQQREP|S|v1.1.7-rep|P1/10/4,133.39,1146,152864.94,-425.17,-0.28,1.15,22.35,0.01,-424.59,-0.28,14493.04,57.97,2
377,Exit long,2017-07-19 12:55,EOD,135.54,1168,157925.28,384.27,0.24,1.17,606.78,0.38,-117.38,-0.07,14877.31,59.51,76
377,Entry long,2017-07-19 06:35,QQQREP|L|v1.1.7-rep|P1/10/4,135.21,1168,157925.28,384.27,0.24,1.17,606.78,0.38,-117.38,-0.07,14877.31,59.51,76
378,Exit short,2017-07-20 12:55,EOD,135.72,1174,159417.46,81.01,0.05,1.17,797.73,0.50,-82.77,-0.05,14958.32,59.83,76
378,Entry short,2017-07-20 06:35,QQQREP|S|v1.1.7-rep|P1/10/4,135.79,1174,159417.46,81.01,0.05,1.17,797.73,0.50,-82.77,-0.05,14958.32,59.83,76
379,Exit long,2017-07-21 06:35,STP,135.15,1181,159718.44,-107.47,-0.07,1.18,0,0.00,-106.88,-0.07,14850.85,59.40,0
379,Entry long,2017-07-21 06:35,QQQREP|L|v1.1.7-rep|P1/10/4,135.24,1181,159718.44,-107.47,-0.07,1.18,0,0.00,-106.88,-0.07,14850.85,59.40,0
380,Exit long,2017-07-24 06:40,STP,135.56,1174,159323.54,-177.27,-0.11,1.17,22.89,0.01,-176.69,-0.11,14673.58,58.69,1
380,Entry long,2017-07-24 06:35,QQQREP|L|v1.1.7-rep|P1/10/4,135.71,1174,159323.54,-177.27,-0.11,1.17,22.89,0.01,-176.69,-0.11,14673.58,58.69,1
381,Exit long,2017-07-25 06:35,STP,135.69,1167,158571.96,-222.9,-0.14,1.17,11.09,0.01,-222.31,-0.14,14450.68,57.80,0
381,Entry long,2017-07-25 06:35,QQQREP|L|v1.1.7-rep|P1/10/4,135.88,1167,158571.96,-222.9,-0.14,1.17,11.09,0.01,-222.31,-0.14,14450.68,57.80,0
382,Exit short,2017-07-27 07:40,STP,137.36,1150,157803,-162.15,-0.10,1.15,355.93,0.23,-161.57,-0.10,14288.53,57.15,13
382,Entry short,2017-07-27 06:35,QQQREP|S|v1.1.7-rep|P1/10/4,137.22,1150,157803,-162.15,-0.10,1.15,355.93,0.23,-161.57,-0.10,14288.53,57.15,13
383,Exit short,2017-07-28 06:35,STP,134.9,1167,157078.2,-351.27,-0.22,1.17,0,0.00,-350.68,-0.22,13937.26,55.75,0
383,Entry short,2017-07-28 06:35,QQQREP|S|v1.1.7-rep|P1/10/4,134.6,1167,157078.2,-351.27,-0.22,1.17,0,0.00,-350.68,-0.22,13937.26,55.75,0
384,Exit long,2017-07-31 06:45,STP,135.74,1146,155741.4,-184.51,-0.12,1.15,68.19,0.04,-183.93,-0.12,13752.76,55.01,2
384,Entry long,2017-07-31 06:35,QQQREP|L|v1.1.7-rep|P1/10/4,135.9,1146,155741.4,-184.51,-0.12,1.15,68.19,0.04,-183.93,-0.12,13752.76,55.01,2
385,Exit short,2017-08-01 12:55,EOD,135.09,1147,154982.64,33.26,0.02,1.15,435.29,0.28,-207.03,-0.13,13786.02,55.14,76
385,Entry short,2017-08-01 06:35,QQQREP|S|v1.1.7-rep|P1/10/4,135.12,1147,154982.64,33.26,0.02,1.15,435.29,0.28,-207.03,-0.13,13786.02,55.14,76
386,Exit short,2017-08-02 07:40,TGT,134.5,1141,155061.9,1596.26,1.03,1.14,1596.83,1.03,-114.67,-0.07,15382.28,61.53,13
386,Entry short,2017-08-02 06:35,QQQREP|S|v1.1.7-rep|P1/10/4,135.9,1141,155061.9,1596.26,1.03,1.14,1596.83,1.03,-114.67,-0.07,15382.28,61.53,13
387,Exit short,2017-08-03 07:05,TGT,134.87,1191,161499.6,868.24,0.54,1.19,868.83,0.54,-36.33,-0.02,16250.52,65.00,6
387,Entry short,2017-08-03 06:35,QQQREP|S|v1.1.7-rep|P1/10/4,135.6,1191,161499.6,868.24,0.54,1.19,868.83,0.54,-36.33,-0.02,16250.52,65.00,6
388,Exit short,2017-08-04 06:35,STP,135.3,1221,164969.31,-233.21,-0.14,1.22,0,0.00,-232.6,-0.14,16017.31,64.07,0
388,Entry short,2017-08-04 06:35,QQQREP|S|v1.1.7-rep|P1/10/4,135.11,1221,164969.31,-233.21,-0.14,1.22,0,0.00,-232.6,-0.14,16017.31,64.07,0
389,Exit short,2017-08-07 06:35,STP,135.5,1211,164005.73,-85.98,-0.05,1.21,0,0.00,-85.38,-0.05,15931.32,63.73,0
389,Entry short,2017-08-07 06:35,QQQREP|S|v1.1.7-rep|P1/10/4,135.43,1211,164005.73,-85.98,-0.05,1.21,0,0.00,-85.38,-0.05,15931.32,63.73,0
390,Exit short,2017-08-08 07:00,STP,135.89,1205,163626.95,-121.7,-0.07,1.21,276.55,0.17,-121.1,-0.07,15809.62,63.24,5
390,Entry short,2017-08-08 06:35,QQQREP|S|v1.1.7-rep|P1/10/4,135.79,1205,163626.95,-121.7,-0.07,1.21,276.55,0.17,-121.1,-0.07,15809.62,63.24,5
391,Exit long,2017-08-09 06:40,STP,134.66,1210,163229,-291.61,-0.18,1.21,120.4,0.07,-291,-0.18,15518.01,62.07,1
391,Entry long,2017-08-09 06:35,QQQREP|L|v1.1.7-rep|P1/10/4,134.9,1210,163229,-291.61,-0.18,1.21,120.4,0.07,-291,-0.18,15518.01,62.07,1
392,Exit long,2017-08-10 06:40,STP,134.77,1201,162086.96,-229.39,-0.14,1.2,35.43,0.02,-228.79,-0.14,15288.62,61.15,1
392,Entry long,2017-08-10 06:35,QQQREP|L|v1.1.7-rep|P1/10/4,134.96,1201,162086.96,-229.39,-0.14,1.2,35.43,0.02,-228.79,-0.14,15288.62,61.15,1
393,Exit long,2017-08-11 06:40,STP,132.81,1043,138896.31,-376.52,-0.27,1.04,62.06,0.04,-376,-0.27,14912.1,59.65,1
393,Entry long,2017-08-11 06:35,QQQREP|L|v1.1.7-rep|P1/10/4,133.17,1043,138896.31,-376.52,-0.27,1.04,62.06,0.04,-376,-0.27,14912.1,59.65,1
394,Exit long,2017-08-14 12:55,EOD,135.49,1182,159581.82,566.18,0.35,1.18,814.99,0.51,-130.61,-0.08,15478.27,61.91,76
394,Entry long,2017-08-14 06:35,QQQREP|L|v1.1.7-rep|P1/10/4,135.01,1182,159581.82,566.18,0.35,1.18,814.99,0.51,-130.61,-0.08,15478.27,61.91,76
395,Exit long,2017-08-15 06:35,STP,135.67,1192,161873.6,-156.15,-0.10,1.19,35.16,0.02,-155.56,-0.10,15322.12,61.29,0
395,Entry long,2017-08-15 06:35,QQQREP|L|v1.1.7-rep|P1/10/4,135.8,1192,161873.6,-156.15,-0.10,1.19,35.16,0.02,-155.56,-0.10,15322.12,61.29,0
396,Exit short,2017-08-16 07:45,STP,135.98,1186,161153.68,-119.79,-0.07,1.19,438.23,0.27,-119.19,-0.07,15202.34,60.81,14
396,Entry short,2017-08-16 06:35,QQQREP|S|v1.1.7-rep|P1/10/4,135.88,1186,161153.68,-119.79,-0.07,1.19,438.23,0.27,-119.19,-0.07,15202.34,60.81,14
397,Exit short,2017-08-17 06:35,STP,135.38,1188,160748.28,-84.35,-0.05,1.19,0,0.00,-83.75,-0.05,15117.99,60.47,0
397,Entry short,2017-08-17 06:35,QQQREP|S|v1.1.7-rep|P1/10/4,135.31,1188,160748.28,-84.35,-0.05,1.19,0,0.00,-83.75,-0.05,15117.99,60.47,0
398,Exit short,2017-08-18 07:40,STP,133.27,1206,160470.36,-254.47,-0.16,1.21,771.24,0.48,-253.86,-0.16,14863.52,59.45,13
398,Entry short,2017-08-18 06:35,QQQREP|S|v1.1.7-rep|P1/10/4,133.06,1206,160470.36,-254.47,-0.16,1.21,771.24,0.48,-253.86,-0.16,14863.52,59.45,13
399,Exit short,2017-08-21 06:35,STP,132.99,1199,159347.1,-109.11,-0.07,1.2,143.28,0.09,-108.51,-0.07,14754.41,59.02,0
399,Entry short,2017-08-21 06:35,QQQREP|S|v1.1.7-rep|P1/10/4,132.9,1199,159347.1,-109.11,-0.07,1.2,143.28,0.09,-108.51,-0.07,14754.41,59.02,0
400,Exit long,2017-08-22 12:55,EOD,134.81,1189,158945.52,1342.38,0.84,1.19,1497.55,0.94,-0.59,0.00,16096.79,64.39,76
400,Entry long,2017-08-22 06:35,QQQREP|L|v1.1.7-rep|P1/10/4,133.68,1189,158945.52,1342.38,0.84,1.19,1497.55,0.94,-0.59,0.00,16096.79,64.39,76
401,Exit short,2017-08-23 06:35,STP,134.26,1225,164272.5,-197.22,-0.12,1.23,60.64,0.04,-196.61,-0.12,15899.57,63.60,0
401,Entry short,2017-08-23 06:35,QQQREP|S|v1.1.7-rep|P1/10/4,134.1,1225,164272.5,-197.22,-0.12,1.23,60.64,0.04,-196.61,-0.12,15899.57,63.60,0
402,Exit long,2017-08-24 06:35,STP,134.58,1214,163501.52,-122.61,-0.07,1.21,108.65,0.07,-122.01,-0.07,15776.95,63.11,0
402,Entry long,2017-08-24 06:35,QQQREP|L|v1.1.7-rep|P1/10/4,134.68,1214,163501.52,-122.61,-0.07,1.21,108.65,0.07,-122.01,-0.07,15776.95,63.11,0
403,Exit short,2017-08-25 06:35,STP,134.45,1213,163075.72,-13.34,-0.01,1.21,0,0.00,-12.74,-0.01,15763.61,63.05,0
403,Entry short,2017-08-25 06:35,QQQREP|S|v1.1.7-rep|P1/10/4,134.44,1213,163075.72,-13.34,-0.01,1.21,0,0.00,-12.74,-0.01,15763.61,63.05,0
404,Exit short,2017-08-28 07:20,STP,134.08,1218,163041.48,-269.18,-0.17,1.22,255.17,0.16,-268.57,-0.16,15494.43,61.98,9
404,Entry short,2017-08-28 06:35,QQQREP|S|v1.1.7-rep|P1/10/4,133.86,1218,163041.48,-269.18,-0.17,1.22,255.17,0.16,-268.57,-0.16,15494.43,61.98,9
405,Exit long,2017-08-29 12:55,EOD,134.59,827,110247.37,1057.73,0.96,0.83,1248.36,1.13,-58.3,-0.05,16552.17,66.21,76
405,Entry long,2017-08-29 06:35,QQQREP|L|v1.1.7-rep|P1/10/4,133.31,827,110247.37,1057.73,0.96,0.83,1248.36,1.13,-58.3,-0.05,16552.17,66.21,76
406,Exit short,2017-08-30 06:35,STP,134.86,1234,166195.12,-223.35,-0.13,1.23,73.42,0.04,-222.74,-0.13,16328.81,65.32,0
406,Entry short,2017-08-30 06:35,QQQREP|S|v1.1.7-rep|P1/10/4,134.68,1234,166195.12,-223.35,-0.13,1.23,73.42,0.04,-222.74,-0.13,16328.81,65.32,0
407,Exit long,2017-08-31 12:55,EOD,137.49,1209,165282.39,941.81,0.57,1.21,1123.77,0.68,-12.69,-0.01,17270.62,69.08,76
407,Entry long,2017-08-31 06:35,QQQREP|L|v1.1.7-rep|P1/10/4,136.71,1209,165282.39,941.81,0.57,1.21,1123.77,0.68,-12.69,-0.01,17270.62,69.08,76
408,Exit long,2017-09-01 06:35,STP,137.76,1225,168952,-197.22,-0.12,1.23,0,0.00,-196.61,-0.12,17073.4,68.29,0
408,Entry long,2017-09-01 06:35,QQQREP|L|v1.1.7-rep|P1/10/4,137.92,1225,168952,-197.22,-0.12,1.23,0,0.00,-196.61,-0.12,17073.4,68.29,0
409,Exit long,2017-09-05 06:35,STP,136.99,1227,168197.16,-111.66,-0.07,1.23,23.93,0.01,-111.04,-0.07,16961.74,67.85,0
409,Entry long,2017-09-05 06:35,QQQREP|L|v1.1.7-rep|P1/10/4,137.08,1227,168197.16,-111.66,-0.07,1.23,23.93,0.01,-111.04,-0.07,16961.74,67.85,0
410,Exit short,2017-09-06 11:25,STP,136.81,1229,167783.08,-357.64,-0.21,1.23,1093.2,0.65,-357.02,-0.21,16604.1,66.42,58
410,Entry short,2017-09-06 06:35,QQQREP|S|v1.1.7-rep|P1/10/4,136.52,1229,167783.08,-357.64,-0.21,1.23,1093.2,0.65,-357.02,-0.21,16604.1,66.42,58
411,Exit short,2017-09-07 06:45,STP,136.9,1217,166303.05,-305.47,-0.18,1.22,96.75,0.06,-304.86,-0.18,16298.64,65.19,2
411,Entry short,2017-09-07 06:35,QQQREP|S|v1.1.7-rep|P1/10/4,136.65,1217,166303.05,-305.47,-0.18,1.22,96.75,0.06,-304.86,-0.18,16298.64,65.19,2
412,Exit short,2017-09-08 12:55,EOD,135.78,1208,165145.68,1122.23,0.68,1.21,1304.04,0.79,-48.92,-0.03,17420.87,69.68,76
412,Entry short,2017-09-08 06:35,QQQREP|S|v1.1.7-rep|P1/10/4,136.71,1208,165145.68,1122.23,0.68,1.21,1304.04,0.79,-48.92,-0.03,17420.87,69.68,76
413,Exit long,2017-09-11 12:55,EOD,137.28,1238,169544.1,407.3,0.24,1.24,729.8,0.43,-87.28,-0.05,17828.17,71.31,76
413,Entry long,2017-09-11 06:35,QQQREP|L|v1.1.7-rep|P1/10/4,136.95,1238,169544.1,407.3,0.24,1.24,729.8,0.43,-87.28,-0.05,17828.17,71.31,76
414,Exit short,2017-09-12 06:35,STP,137.74,1244,171298.8,-51,-0.03,1.24,161.1,0.09,-50.38,-0.03,17777.16,71.11,0
414,Entry short,2017-09-12 06:35,QQQREP|S|v1.1.7-rep|P1/10/4,137.7,1244,171298.8,-51,-0.03,1.24,161.1,0.09,-50.38,-0.03,17777.16,71.11,0
415,Exit short,2017-09-13 06:40,STP,137.47,1245,171013.2,-138.19,-0.08,1.25,86.53,0.05,-137.57,-0.08,17638.97,70.56,1
415,Entry short,2017-09-13 06:35,QQQREP|S|v1.1.7-rep|P1/10/4,137.36,1245,171013.2,-138.19,-0.08,1.25,86.53,0.05,-137.57,-0.08,17638.97,70.56,1
416,Exit short,2017-09-14 07:30,STP,137.42,1243,170440.16,-374.14,-0.22,1.24,198.26,0.12,-373.52,-0.22,17264.83,69.06,11
416,Entry short,2017-09-14 06:35,QQQREP|S|v1.1.7-rep|P1/10/4,137.12,1243,170440.16,-374.14,-0.22,1.24,198.26,0.12,-373.52,-0.22,17264.83,69.06,11
417,Exit short,2017-09-18 06:35,STP,137.73,1228,168985.08,-148.59,-0.09,1.23,0,0.00,-147.97,-0.09,17116.24,68.46,0
417,Entry short,2017-09-18 06:35,QQQREP|S|v1.1.7-rep|P1/10/4,137.61,1228,168985.08,-148.59,-0.09,1.23,0,0.00,-147.97,-0.09,17116.24,68.46,0
418,Exit short,2017-09-20 06:40,STP,137.59,1226,168440.14,-246.43,-0.15,1.23,36.17,0.02,-245.81,-0.15,16869.81,67.48,1
418,Entry short,2017-09-20 06:35,QQQREP|S|v1.1.7-rep|P1/10/4,137.39,1226,168440.14,-246.43,-0.15,1.23,36.17,0.02,-245.81,-0.15,16869.81,67.48,1
419,Exit short,2017-09-21 12:55,EOD,136.28,1223,167428.7,757.04,0.45,1.22,1332.46,0.80,-12.84,-0.01,17626.85,70.51,76
419,Entry short,2017-09-21 06:35,QQQREP|S|v1.1.7-rep|P1/10/4,136.9,1223,167428.7,757.04,0.45,1.22,1332.46,0.80,-12.84,-0.01,17626.85,70.51,76
420,Exit long,2017-09-22 10:15,STP,135.78,1252,170384.68,-389.37,-0.23,1.25,337.41,0.20,-388.75,-0.23,17237.48,68.95,44
420,Entry long,2017-09-22 06:35,QQQREP|L|v1.1.7-rep|P1/10/4,136.09,1252,170384.68,-389.37,-0.23,1.25,337.41,0.20,-388.75,-0.23,17237.48,68.95,44
421,Exit short,2017-09-25 07:10,STP,135.63,1247,168868.74,-263.12,-0.16,1.25,448.3,0.27,-262.49,-0.16,16974.36,67.90,7
421,Entry short,2017-09-25 06:35,QQQREP|S|v1.1.7-rep|P1/10/4,135.42,1247,168868.74,-263.12,-0.16,1.25,448.3,0.27,-262.49,-0.16,16974.36,67.90,7
422,Exit long,2017-09-26 07:30,STP,135.27,1239,167896.89,-298.6,-0.18,1.24,185.23,0.11,-297.98,-0.18,16675.76,66.70,11
422,Entry long,2017-09-26 06:35,QQQREP|L|v1.1.7-rep|P1/10/4,135.51,1239,167896.89,-298.6,-0.18,1.24,185.23,0.11,-297.98,-0.18,16675.76,66.70,11
423,Exit long,2017-09-27 07:10,STP,135.76,1226,166723.74,-283.21,-0.17,1.23,269.11,0.16,-282.59,-0.17,16392.56,65.57,7
423,Entry long,2017-09-27 06:35,QQQREP|L|v1.1.7-rep|P1/10/4,135.99,1226,166723.74,-283.21,-0.17,1.23,269.11,0.16,-282.59,-0.17,16392.56,65.57,7
424,Exit long,2017-09-28 06:35,STP,135.88,1216,165436.8,-207.94,-0.13,1.22,48.03,0.03,-207.33,-0.13,16184.62,64.74,0
424,Entry long,2017-09-28 06:35,QQQREP|L|v1.1.7-rep|P1/10/4,136.05,1216,165436.8,-207.94,-0.13,1.22,48.03,0.03,-207.33,-0.13,16184.62,64.74,0
425,Exit long,2017-09-29 06:50,STP,136.44,1205,164663.25,-254.25,-0.15,1.21,71.7,0.04,-253.65,-0.15,15930.37,63.72,3
425,Entry long,2017-09-29 06:35,QQQREP|L|v1.1.7-rep|P1/10/4,136.65,1205,164663.25,-254.25,-0.15,1.21,71.7,0.04,-253.65,-0.15,15930.37,63.72,3
426,Exit long,2017-10-02 08:35,STP,137.43,1190,163696.4,-155.89,-0.10,1.19,404.01,0.25,-155.29,-0.09,15774.48,63.10,24
426,Entry long,2017-10-02 06:35,QQQREP|L|v1.1.7-rep|P1/10/4,137.56,1190,163696.4,-155.89,-0.10,1.19,404.01,0.25,-155.29,-0.09,15774.48,63.10,24
427,Exit short,2017-10-03 06:35,STP,137.56,1186,163098.72,-48.63,-0.03,1.19,34.99,0.02,-48.03,-0.03,15725.85,62.90,0
427,Entry short,2017-10-03 06:35,QQQREP|S|v1.1.7-rep|P1/10/4,137.52,1186,163098.72,-48.63,-0.03,1.19,34.99,0.02,-48.03,-0.03,15725.85,62.90,0
428,Exit long,2017-10-04 06:40,STP,137.37,1185,162913.8,-131.53,-0.08,1.19,153.46,0.09,-130.94,-0.08,15594.31,62.38,1
428,Entry long,2017-10-04 06:35,QQQREP|L|v1.1.7-rep|P1/10/4,137.48,1185,162913.8,-131.53,-0.08,1.19,153.46,0.09,-130.94,-0.08,15594.31,62.38,1
429,Exit long,2017-10-05 06:55,STP,138.19,1162,161018.34,-442.72,-0.27,1.16,69.14,0.04,-442.14,-0.27,15151.59,60.61,4
429,Entry long,2017-10-05 06:35,QQQREP|L|v1.1.7-rep|P1/10/4,138.57,1162,161018.34,-442.72,-0.27,1.16,69.14,0.04,-442.14,-0.27,15151.59,60.61,4
430,Exit long,2017-10-06 12:55,EOD,139.27,1157,160522.18,612.05,0.38,1.16,635.77,0.40,-58.43,-0.04,15763.65,63.05,76
430,Entry long,2017-10-06 06:35,QQQREP|L|v1.1.7-rep|P1/10/4,138.74,1157,160522.18,612.05,0.38,1.16,635.77,0.40,-58.43,-0.04,15763.65,63.05,76
431,Exit short,2017-10-09 06:55,STP,139.5,1169,162981.98,-94.69,-0.06,1.17,139.7,0.09,-94.1,-0.06,15668.96,62.68,4
431,Entry short,2017-10-09 06:35,QQQREP|S|v1.1.7-rep|P1/10/4,139.42,1169,162981.98,-94.69,-0.06,1.17,139.7,0.09,-94.1,-0.06,15668.96,62.68,4
432,Exit short,2017-10-10 06:35,STP,139.63,1165,162634,-36.11,-0.02,1.17,34.37,0.02,-35.53,-0.02,15632.84,62.53,0
432,Entry short,2017-10-10 06:35,QQQREP|S|v1.1.7-rep|P1/10/4,139.6,1165,162634,-36.11,-0.02,1.17,34.37,0.02,-35.53,-0.02,15632.84,62.53,0
433,Exit short,2017-10-11 07:00,STP,139.31,1167,162388.05,-187.89,-0.12,1.17,151.13,0.09,-187.3,-0.12,15444.95,61.78,5
433,Entry short,2017-10-11 06:35,QQQREP|S|v1.1.7-rep|P1/10/4,139.15,1167,162388.05,-187.89,-0.12,1.17,151.13,0.09,-187.3,-0.12,15444.95,61.78,5
434,Exit long,2017-10-12 06:40,STP,139.42,1159,161738.45,-151.83,-0.09,1.16,34.19,0.02,-151.25,-0.09,15293.13,61.17,1
434,Entry long,2017-10-12 06:35,QQQREP|L|v1.1.7-rep|P1/10/4,139.55,1159,161738.45,-151.83,-0.09,1.16,34.19,0.02,-151.25,-0.09,15293.13,61.17,1
435,Exit short,2017-10-13 07:05,STP,140.01,1151,160990.37,-162.29,-0.10,1.15,68.48,0.04,-161.72,-0.10,15130.83,60.52,6
435,Entry short,2017-10-13 06:35,QQQREP|S|v1.1.7-rep|P1/10/4,139.87,1151,160990.37,-162.29,-0.10,1.15,68.48,0.04,-161.72,-0.10,15130.83,60.52,6
436,Exit long,2017-10-16 07:15,STP,140.27,1143,160454.34,-126.87,-0.08,1.14,90.87,0.06,-126.3,-0.08,15003.96,60.02,8
436,Entry long,2017-10-16 06:35,QQQREP|L|v1.1.7-rep|P1/10/4,140.38,1143,160454.34,-126.87,-0.08,1.14,90.87,0.06,-126.3,-0.08,15003.96,60.02,8
437,Exit short,2017-10-17 07:05,STP,140.42,1140,159999,-80.94,-0.05,1.14,113.43,0.07,-80.37,-0.05,14923.02,59.69,6
437,Entry short,2017-10-17 06:35,QQQREP|S|v1.1.7-rep|P1/10/4,140.35,1140,159999,-80.94,-0.05,1.14,113.43,0.07,-80.37,-0.05,14923.02,59.69,6
438,Exit short,2017-10-18 12:55,EOD,140.45,1135,159660.45,248.57,0.16,1.14,487.48,0.31,-34.62,-0.02,15171.59,60.69,76
438,Entry short,2017-10-18 06:35,QQQREP|S|v1.1.7-rep|P1/10/4,140.67,1135,159660.45,248.57,0.16,1.14,487.48,0.31,-34.62,-0.02,15171.59,60.69,76
439,Exit short,2017-10-19 12:15,STP,139.88,1151,160656.58,-346.45,-0.22,1.15,736.06,0.46,-345.88,-0.22,14825.14,59.30,68
439,Entry short,2017-10-19 06:35,QQQREP|S|v1.1.7-rep|P1/10/4,139.58,1151,160656.58,-346.45,-0.22,1.15,736.06,0.46,-345.88,-0.22,14825.14,59.30,68
440,Exit short,2017-10-20 07:00,STP,140.53,1134,159292.98,-69.17,-0.04,1.13,135.51,0.09,-68.61,-0.04,14755.96,59.02,5
440,Entry short,2017-10-20 06:35,QQQREP|S|v1.1.7-rep|P1/10/4,140.47,1134,159292.98,-69.17,-0.04,1.13,135.51,0.09,-68.61,-0.04,14755.96,59.02,5
441,Exit short,2017-10-23 12:35,TGT,139.37,1132,159034.68,1266.71,0.80,1.13,1267.27,0.80,-68.49,-0.04,16022.67,64.09,72
441,Entry short,2017-10-23 06:35,QQQREP|S|v1.1.7-rep|P1/10/4,140.49,1132,159034.68,1266.71,0.80,1.13,1267.27,0.80,-68.49,-0.04,16022.67,64.09,72
442,Exit short,2017-10-24 07:40,STP,139.67,1175,163994.75,-118.67,-0.07,1.18,539.91,0.33,-118.09,-0.07,15903.99,63.62,13
442,Entry short,2017-10-24 06:35,QQQREP|S|v1.1.7-rep|P1/10/4,139.57,1175,163994.75,-118.67,-0.07,1.18,539.91,0.33,-118.09,-0.07,15903.99,63.62,13
443,Exit long,2017-10-25 06:50,STP,139.35,1172,163552.6,-235.57,-0.14,1.17,292.41,0.18,-234.99,-0.14,15668.42,62.67,3
443,Entry long,2017-10-25 06:35,QQQREP|L|v1.1.7-rep|P1/10/4,139.55,1172,163552.6,-235.57,-0.14,1.17,292.41,0.18,-234.99,-0.14,15668.42,62.67,3
444,Exit long,2017-10-26 07:05,STP,138.82,1169,162678.04,-398.63,-0.25,1.17,92.94,0.06,-398.04,-0.24,15269.79,61.08,6
444,Entry long,2017-10-26 06:35,QQQREP|L|v1.1.7-rep|P1/10/4,139.16,1169,162678.04,-398.63,-0.25,1.17,92.94,0.06,-398.04,-0.24,15269.79,61.08,6
445,Exit short,2017-10-27 06:40,STP,140.94,1143,161037.27,-58.29,-0.04,1.14,136.59,0.08,-57.72,-0.04,15211.5,60.85,1
445,Entry short,2017-10-27 06:35,QQQREP|S|v1.1.7-rep|P1/10/4,140.89,1143,161037.27,-58.29,-0.04,1.14,136.59,0.08,-57.72,-0.04,15211.5,60.85,1
446,Exit long,2017-10-30 09:15,STP,142.53,1126,160815.32,-327.67,-0.20,1.13,843.94,0.52,-327.1,-0.20,14883.83,59.54,32
446,Entry long,2017-10-30 06:35,QQQREP|L|v1.1.7-rep|P1/10/4,142.82,1126,160815.32,-327.67,-0.20,1.13,843.94,0.52,-327.1,-0.20,14883.83,59.54,32
447,Exit short,2017-10-31 06:40,STP,143.48,1113,159459.51,-234.84,-0.15,1.11,43.96,0.03,-234.29,-0.15,14648.99,58.60,1
447,Entry short,2017-10-31 06:35,QQQREP|S|v1.1.7-rep|P1/10/4,143.27,1113,159459.51,-234.84,-0.15,1.11,43.96,0.03,-234.29,-0.15,14648.99,58.60,1
448,Exit long,2017-11-01 06:40,STP,143.99,1100,158565,-177.1,-0.11,1.1,32.45,0.02,-176.55,-0.11,14471.89,57.89,1
448,Entry long,2017-11-01 06:35,QQQREP|L|v1.1.7-rep|P1/10/4,144.15,1100,158565,-177.1,-0.11,1.1,32.45,0.02,-176.55,-0.11,14471.89,57.89,1
449,Exit short,2017-11-02 06:45,STP,143.33,1103,157828.27,-265.82,-0.17,1.1,87.69,0.06,-265.27,-0.17,14206.07,56.82,2
449,Entry short,2017-11-02 06:35,QQQREP|S|v1.1.7-rep|P1/10/4,143.09,1103,157828.27,-265.82,-0.17,1.1,87.69,0.06,-265.27,-0.17,14206.07,56.82,2
450,Exit short,2017-11-03 08:55,STP,143.88,1091,156743.97,-230.2,-0.15,1.09,457.67,0.29,-229.66,-0.15,13975.87,55.90,28
450,Entry short,2017-11-03 06:35,QQQREP|S|v1.1.7-rep|P1/10/4,143.67,1091,156743.97,-230.2,-0.15,1.09,457.67,0.29,-229.66,-0.15,13975.87,55.90,28
451,Exit long,2017-11-06 12:55,EOD,145.06,1076,155794.04,289.44,0.19,1.08,376.06,0.24,-183.46,-0.12,14265.31,57.06,76
451,Entry long,2017-11-06 06:35,QQQREP|L|v1.1.7-rep|P1/10/4,144.79,1076,155794.04,289.44,0.19,1.08,376.06,0.24,-183.46,-0.12,14265.31,57.06,76
452,Exit long,2017-11-07 07:05,STP,144.96,1081,156928.77,-228.09,-0.15,1.08,215.66,0.14,-227.55,-0.15,14037.22,56.15,6
452,Entry long,2017-11-07 06:35,QQQREP|L|v1.1.7-rep|P1/10/4,145.17,1081,156928.77,-228.09,-0.15,1.08,215.66,0.14,-227.55,-0.15,14037.22,56.15,6
453,Exit long,2017-11-08 06:50,STP,145.02,1075,156036.25,-140.82,-0.09,1.08,74.71,0.05,-140.29,-0.09,13896.4,55.59,3
453,Entry long,2017-11-08 06:35,QQQREP|L|v1.1.7-rep|P1/10/4,145.15,1075,156036.25,-140.82,-0.09,1.08,74.71,0.05,-140.29,-0.09,13896.4,55.59,3
454,Exit long,2017-11-09 06:40,STP,144.56,1075,155531,-130.07,-0.08,1.08,139.21,0.09,-129.54,-0.08,13766.32,55.07,1
454,Entry long,2017-11-09 06:35,QQQREP|L|v1.1.7-rep|P1/10/4,144.68,1075,155531,-130.07,-0.08,1.08,139.21,0.09,-129.54,-0.08,13766.32,55.07,1
455,Exit long,2017-11-10 06:35,STP,144.61,1071,154973.7,-97.46,-0.06,1.07,0,0.00,-96.93,-0.06,13668.86,54.68,0
455,Entry long,2017-11-10 06:35,QQQREP|L|v1.1.7-rep|P1/10/4,144.7,1071,154973.7,-97.46,-0.06,1.07,0,0.00,-96.93,-0.06,13668.86,54.68,0
456,Exit long,2017-11-13 12:55,EOD,145.16,1069,154598.78,576.19,0.37,1.07,779.84,0.50,-171.57,-0.11,14245.05,56.98,76
456,Entry long,2017-11-13 06:35,QQQREP|L|v1.1.7-rep|P1/10/4,144.62,1069,154598.78,576.19,0.37,1.07,779.84,0.50,-171.57,-0.11,14245.05,56.98,76
457,Exit long,2017-11-14 06:35,STP,144.59,1084,156833.12,-98.64,-0.06,1.08,0,0.00,-98.1,-0.06,14146.41,56.59,0
457,Entry long,2017-11-14 06:35,QQQREP|L|v1.1.7-rep|P1/10/4,144.68,1084,156833.12,-98.64,-0.06,1.08,0,0.00,-98.1,-0.06,14146.41,56.59,0
458,Exit short,2017-11-15 07:35,STP,144.04,1088,156487.04,-229.57,-0.15,1.09,684.9,0.44,-229.02,-0.15,13916.84,55.67,12
458,Entry short,2017-11-15 06:35,QQQREP|S|v1.1.7-rep|P1/10/4,143.83,1088,156487.04,-229.57,-0.15,1.09,684.9,0.44,-229.02,-0.15,13916.84,55.67,12
459,Exit long,2017-11-16 12:55,EOD,145.8,1073,155606.46,835.87,0.54,1.07,1190.49,0.77,-140.03,-0.09,14752.71,59.01,76
459,Entry long,2017-11-16 06:35,QQQREP|L|v1.1.7-rep|P1/10/4,145.02,1073,155606.46,835.87,0.54,1.07,1190.49,0.77,-140.03,-0.09,14752.71,59.01,76
460,Exit long,2017-11-17 06:35,STP,145.77,1090,159009.2,-120.99,-0.08,1.09,0,0.00,-120.44,-0.08,14631.72,58.53,0
460,Entry long,2017-11-17 06:35,QQQREP|L|v1.1.7-rep|P1/10/4,145.88,1090,159009.2,-120.99,-0.08,1.09,0,0.00,-120.44,-0.08,14631.72,58.53,0
461,Exit short,2017-11-20 06:35,STP,145.37,1090,158409.7,-44.69,-0.03,1.09,21.26,0.01,-44.14,-0.03,14587.03,58.35,0
461,Entry short,2017-11-20 06:35,QQQREP|S|v1.1.7-rep|P1/10/4,145.33,1090,158409.7,-44.69,-0.03,1.09,21.26,0.01,-44.14,-0.03,14587.03,58.35,0
462,Exit long,2017-11-21 12:55,EOD,146.7,1085,158355.75,812.67,0.51,1.09,878.31,0.55,-11.39,-0.01,15399.69,61.60,76
462,Entry long,2017-11-21 06:35,QQQREP|L|v1.1.7-rep|P1/10/4,145.95,1085,158355.75,812.67,0.51,1.09,878.31,0.55,-11.39,-0.01,15399.69,61.60,76
463,Exit long,2017-11-22 06:35,STP,146.79,1099,161487.06,-165.95,-0.10,1.1,0,0.00,-165.4,-0.10,15233.74,60.93,0
463,Entry long,2017-11-22 06:35,QQQREP|L|v1.1.7-rep|P1/10/4,146.94,1099,161487.06,-165.95,-0.10,1.1,0,0.00,-165.4,-0.10,15233.74,60.93,0
464,Exit short,2017-11-24 06:35,STP,147.08,1094,160807.06,-99.55,-0.06,1.09,0,0.00,-99.01,-0.06,15134.19,60.54,0
464,Entry short,2017-11-24 06:35,QQQREP|S|v1.1.7-rep|P1/10/4,146.99,1094,160807.06,-99.55,-0.06,1.09,0,0.00,-99.01,-0.06,15134.19,60.54,0
465,Exit short,2017-11-27 06:40,STP,147.41,1089,160420.59,-109.99,-0.07,1.09,86.58,0.05,-109.44,-0.07,15024.2,60.10,1
465,Entry short,2017-11-27 06:35,QQQREP|S|v1.1.7-rep|P1/10/4,147.31,1089,160420.59,-109.99,-0.07,1.09,86.58,0.05,-109.44,-0.07,15024.2,60.10,1
466,Exit short,2017-11-28 06:45,STP,147.7,1084,160063.44,-44.44,-0.03,1.08,216.26,0.14,-43.9,-0.03,14979.75,59.92,2
466,Entry short,2017-11-28 06:35,QQQREP|S|v1.1.7-rep|P1/10/4,147.66,1084,160063.44,-44.44,-0.03,1.08,216.26,0.14,-43.9,-0.03,14979.75,59.92,2
467,Exit short,2017-11-29 12:55,EOD,145.17,1086,159880.92,2225.21,1.39,1.09,2985.96,1.87,-0.54,0.00,17204.97,68.82,76
467,Entry short,2017-11-29 06:35,QQQREP|S|v1.1.7-rep|P1/10/4,147.22,1086,159880.92,2225.21,1.39,1.09,2985.96,1.87,-0.54,0.00,17204.97,68.82,76
468,Exit long,2017-11-30 06:35,STP,145.62,1156,168752.88,-417.32,-0.25,1.16,91.9,0.05,-416.74,-0.25,16787.65,67.15,0
468,Entry long,2017-11-30 06:35,QQQREP|L|v1.1.7-rep|P1/10/4,145.98,1156,168752.88,-417.32,-0.25,1.16,91.9,0.05,-416.74,-0.25,16787.65,67.15,0
469,Exit long,2017-12-01 08:10,STP,145.45,750,109507.5,-420.75,-0.38,0.75,337.13,0.31,-420.37,-0.38,16366.9,65.47,19
469,Entry long,2017-12-01 06:35,QQQREP|L|v1.1.7-rep|P1/10/4,146.01,750,109507.5,-420.75,-0.38,0.75,337.13,0.31,-420.37,-0.38,16366.9,65.47,19
470,Exit short,2017-12-04 12:55,EOD,144.09,1129,165364.63,2685.89,1.62,1.13,2855.81,1.73,-260.23,-0.16,19052.79,76.21,76
470,Entry short,2017-12-04 06:35,QQQREP|S|v1.1.7-rep|P1/10/4,146.47,1129,165364.63,2685.89,1.62,1.13,2855.81,1.73,-260.23,-0.16,19052.79,76.21,76
471,Exit long,2017-12-05 12:55,EOD,144.14,555,80114.25,-117.1,-0.15,0.56,810.02,1.01,-172.33,-0.22,18935.69,75.74,76
471,Entry long,2017-12-05 06:35,QQQREP|L|v1.1.7-rep|P1/10/4,144.35,555,80114.25,-117.1,-0.15,0.56,810.02,1.01,-172.33,-0.22,18935.69,75.74,76
472,Exit long,2017-12-06 12:55,EOD,144.8,802,115496.02,632.78,0.55,0.8,825.66,0.71,-72.58,-0.06,19568.47,78.27,76
472,Entry long,2017-12-06 06:35,QQQREP|L|v1.1.7-rep|P1/10/4,144.01,802,115496.02,632.78,0.55,0.8,825.66,0.71,-72.58,-0.06,19568.47,78.27,76
473,Exit long,2017-12-07 12:55,EOD,145.33,1229,178143.55,465.79,0.26,1.23,945.72,0.53,-307.86,-0.17,20034.26,80.14,76
473,Entry long,2017-12-07 06:35,QQQREP|L|v1.1.7-rep|P1/10/4,144.95,1229,178143.55,465.79,0.26,1.23,945.72,0.53,-307.86,-0.17,20034.26,80.14,76
474,Exit long,2017-12-08 06:40,STP,146.35,1228,180037.08,-320.51,-0.18,1.23,146.75,0.08,-319.89,-0.18,19713.75,78.85,1
474,Entry long,2017-12-08 06:35,QQQREP|L|v1.1.7-rep|P1/10/4,146.61,1228,180037.08,-320.51,-0.18,1.23,146.75,0.08,-319.89,-0.18,19713.75,78.85,1
475,Exit long,2017-12-11 12:55,EOD,147.08,1222,178839.7,890.84,0.50,1.22,952.55,0.53,-281.67,-0.16,20604.59,82.42,76
475,Entry long,2017-12-11 06:35,QQQREP|L|v1.1.7-rep|P1/10/4,146.35,1222,178839.7,890.84,0.50,1.22,952.55,0.53,-281.67,-0.16,20604.59,82.42,76
476,Exit short,2017-12-12 07:00,STP,147.04,1242,182424.96,-199.96,-0.11,1.24,371.98,0.20,-199.34,-0.11,20404.63,81.62,5
476,Entry short,2017-12-12 06:35,QQQREP|S|v1.1.7-rep|P1/10/4,146.88,1242,182424.96,-199.96,-0.11,1.24,371.98,0.20,-199.34,-0.11,20404.63,81.62,5
477,Exit long,2017-12-13 06:45,STP,147.39,1230,181560.3,-271.83,-0.15,1.23,36.28,0.02,-271.21,-0.15,20132.79,80.53,2
477,Entry long,2017-12-13 06:35,QQQREP|L|v1.1.7-rep|P1/10/4,147.61,1230,181560.3,-271.83,-0.15,1.23,36.28,0.02,-271.21,-0.15,20132.79,80.53,2
478,Exit long,2017-12-14 06:35,STP,147.3,1223,180465.88,-319.2,-0.18,1.22,23.85,0.01,-318.59,-0.18,19813.59,79.25,0
478,Entry long,2017-12-14 06:35,QQQREP|L|v1.1.7-rep|P1/10/4,147.56,1223,180465.88,-319.2,-0.18,1.22,23.85,0.01,-318.59,-0.18,19813.59,79.25,0
479,Exit short,2017-12-15 07:10,STP,147.71,1214,179113.56,-207.59,-0.12,1.21,169.35,0.09,-206.99,-0.12,19606,78.42,7
479,Entry short,2017-12-15 06:35,QQQREP|S|v1.1.7-rep|P1/10/4,147.54,1214,179113.56,-207.59,-0.12,1.21,169.35,0.09,-206.99,-0.12,19606,78.42,7
480,Exit short,2017-12-18 06:40,STP,149.79,1192,178370.88,-179.99,-0.10,1.19,237.8,0.13,-179.4,-0.10,19426.01,77.70,1
480,Entry short,2017-12-18 06:35,QQQREP|S|v1.1.7-rep|P1/10/4,149.64,1192,178370.88,-179.99,-0.10,1.19,237.8,0.13,-179.4,-0.10,19426.01,77.70,1
481,Exit short,2017-12-19 12:55,EOD,149.1,1187,177634.55,651.66,0.37,1.19,1138.93,0.64,-71.81,-0.04,20077.67,80.31,76
481,Entry short,2017-12-19 06:35,QQQREP|S|v1.1.7-rep|P1/10/4,149.65,1187,177634.55,651.66,0.37,1.19,1138.93,0.64,-71.81,-0.04,20077.67,80.31,76
482,Exit short,2017-12-20 12:55,EOD,148.95,1205,180171.6,685.65,0.38,1.21,1409.25,0.78,-24.7,-0.01,20763.31,83.05,76
482,Entry short,2017-12-20 06:35,QQQREP|S|v1.1.7-rep|P1/10/4,149.52,1205,180171.6,685.65,0.38,1.21,1409.25,0.78,-24.7,-0.01,20763.31,83.05,76
483,Exit long,2017-12-21 06:40,STP,149.1,1226,182980.5,-185.13,-0.10,1.23,134.25,0.07,-184.51,-0.10,20578.19,82.31,1
483,Entry long,2017-12-21 06:35,QQQREP|L|v1.1.7-rep|P1/10/4,149.25,1226,182980.5,-185.13,-0.10,1.23,134.25,0.07,-184.51,-0.10,20578.19,82.31,1
484,Exit short,2017-12-22 06:50,STP,148.74,1226,182257.16,-99.31,-0.05,1.23,342.67,0.19,-98.69,-0.05,20478.88,81.92,3
484,Entry short,2017-12-22 06:35,QQQREP|S|v1.1.7-rep|P1/10/4,148.66,1226,182257.16,-99.31,-0.05,1.23,342.67,0.19,-98.69,-0.05,20478.88,81.92,3
485,Exit short,2017-12-26 09:40,STP,148.09,1230,181892.4,-259.53,-0.14,1.23,528.29,0.29,-258.92,-0.14,20219.35,80.88,37
485,Entry short,2017-12-26 06:35,QQQREP|S|v1.1.7-rep|P1/10/4,147.88,1230,181892.4,-259.53,-0.14,1.23,528.29,0.29,-258.92,-0.14,20219.35,80.88,37
486,Exit long,2017-12-27 06:35,STP,147.97,1222,180868.22,-50.1,-0.03,1.22,0,0.00,-49.49,-0.03,20169.25,80.68,0
486,Entry long,2017-12-27 06:35,QQQREP|L|v1.1.7-rep|P1/10/4,148.01,1222,180868.22,-50.1,-0.03,1.22,0,0.00,-49.49,-0.03,20169.25,80.68,0
487,Exit short,2017-12-28 12:55,EOD,148.18,1217,180578.46,242.18,0.13,1.22,449.68,0.25,-61.46,-0.03,20411.43,81.65,76
487,Entry short,2017-12-28 06:35,QQQREP|S|v1.1.7-rep|P1/10/4,148.38,1217,180578.46,242.18,0.13,1.22,449.68,0.25,-61.46,-0.03,20411.43,81.65,76
488,Exit short,2017-12-29 12:55,EOD,147.25,1226,181570.6,1040.87,0.57,1.23,1102.79,0.61,-98.69,-0.05,21452.31,85.81,76
488,Entry short,2017-12-29 06:35,QQQREP|S|v1.1.7-rep|P1/10/4,148.1,1226,181570.6,1040.87,0.57,1.23,1102.79,0.61,-98.69,-0.05,21452.31,85.81,76
489,Exit short,2018-01-02 06:35,STP,148.08,1257,185759.46,-378.36,-0.20,1.26,112.5,0.06,-377.73,-0.20,21073.95,84.30,0
489,Entry short,2018-01-02 06:35,QQQREP|S|v1.1.7-rep|P1/10/4,147.78,1257,185759.46,-378.36,-0.20,1.26,112.5,0.06,-377.73,-0.20,21073.95,84.30,0
490,Exit long,2018-01-03 12:55,EOD,151.29,1226,184218.76,1261.55,0.68,1.23,1433.81,0.78,-98.69,-0.05,22335.5,89.34,76
490,Entry long,2018-01-03 06:35,QQQREP|L|v1.1.7-rep|P1/10/4,150.26,1226,184218.76,1261.55,0.68,1.23,1433.81,0.78,-98.69,-0.05,22335.5,89.34,76
491,Exit long,2018-01-04 06:40,STP,151.69,1246,189279.86,-275.37,-0.15,1.25,123.98,0.07,-274.74,-0.15,22060.14,88.24,1
491,Entry long,2018-01-04 06:35,QQQREP|L|v1.1.7-rep|P1/10/4,151.91,1246,189279.86,-275.37,-0.15,1.25,123.98,0.07,-274.74,-0.15,22060.14,88.24,1
492,Exit short,2018-01-05 07:20,STP,152.4,1237,188110.59,-409.45,-0.22,1.24,85.97,0.05,-408.83,-0.22,21650.69,86.60,9
492,Entry short,2018-01-05 06:35,QQQREP|S|v1.1.7-rep|P1/10/4,152.07,1237,188110.59,-409.45,-0.22,1.24,85.97,0.05,-408.83,-0.22,21650.69,86.60,9
493,Exit long,2018-01-08 12:55,EOD,153.64,1217,186505.25,473.41,0.25,1.22,607.89,0.33,-244.01,-0.13,22124.1,88.50,76
493,Entry long,2018-01-08 06:35,QQQREP|L|v1.1.7-rep|P1/10/4,153.25,1217,186505.25,473.41,0.25,1.22,607.89,0.33,-244.01,-0.13,22124.1,88.50,76
494,Exit long,2018-01-10 06:50,STP,152.76,1231,188466.1,-419.77,-0.22,1.23,171.72,0.09,-419.16,-0.22,21704.33,86.82,3
494,Entry long,2018-01-10 06:35,QQQREP|L|v1.1.7-rep|P1/10/4,153.1,1231,188466.1,-419.77,-0.22,1.23,171.72,0.09,-419.16,-0.22,21704.33,86.82,3
495,Exit short,2018-01-11 06:35,STP,153.66,1216,186741.12,-110.66,-0.06,1.22,11.55,0.01,-110.05,-0.06,21593.68,86.37,0
495,Entry short,2018-01-11 06:35,QQQREP|S|v1.1.7-rep|P1/10/4,153.57,1216,186741.12,-110.66,-0.06,1.22,11.55,0.01,-110.05,-0.06,21593.68,86.37,0
496,Exit long,2018-01-12 12:55,EOD,155.49,1207,186336.66,1338.56,0.72,1.21,1556.43,0.84,-60.95,-0.03,22932.24,91.73,76
496,Entry long,2018-01-12 06:35,QQQREP|L|v1.1.7-rep|P1/10/4,154.38,1207,186336.66,1338.56,0.72,1.21,1556.43,0.84,-60.95,-0.03,22932.24,91.73,76
497,Exit long,2018-01-16 07:35,STP,156.51,1222,191695.14,-441.14,-0.23,1.22,561.51,0.29,-440.53,-0.23,22491.1,89.96,12
497,Entry long,2018-01-16 06:35,QQQREP|L|v1.1.7-rep|P1/10/4,156.87,1222,191695.14,-441.14,-0.23,1.22,561.51,0.29,-440.53,-0.23,22491.1,89.96,12
498,Exit short,2018-01-17 08:10,STP,155.81,1222,189898.8,-502.24,-0.26,1.22,390.43,0.21,-501.63,-0.26,21988.86,87.96,19
498,Entry short,2018-01-17 06:35,QQQREP|S|v1.1.7-rep|P1/10/4,155.4,1222,189898.8,-502.24,-0.26,1.22,390.43,0.21,-501.63,-0.26,21988.86,87.96,19
499,Exit short,2018-01-18 06:35,STP,156.69,1201,187920.47,-265.42,-0.14,1.2,23.42,0.01,-264.82,-0.14,21723.44,86.89,0
499,Entry short,2018-01-18 06:35,QQQREP|S|v1.1.7-rep|P1/10/4,156.47,1201,187920.47,-265.42,-0.14,1.2,23.42,0.01,-264.82,-0.14,21723.44,86.89,0
500,Exit short,2018-01-19 06:35,STP,157.38,1188,186753.6,-215.03,-0.12,1.19,58.81,0.03,-214.43,-0.11,21508.41,86.03,0
500,Entry short,2018-01-19 06:35,QQQREP|S|v1.1.7-rep|P1/10/4,157.2,1188,186753.6,-215.03,-0.12,1.19,58.81,0.03,-214.43,-0.11,21508.41,86.03,0
501,Exit short,2018-01-22 06:35,STP,157.23,1183,185920.28,-83.99,-0.05,1.18,34.9,0.02,-83.4,-0.04,21424.41,85.70,0
501,Entry short,2018-01-22 06:35,QQQREP|S|v1.1.7-rep|P1/10/4,157.16,1183,185920.28,-83.99,-0.05,1.18,34.9,0.02,-83.4,-0.04,21424.41,85.70,0
502,Exit long,2018-01-23 12:55,EOD,160.24,1164,185634.72,883.48,0.48,1.16,1070.3,0.58,-70.42,-0.04,22307.89,89.23,76
502,Entry long,2018-01-23 06:35,QQQREP|L|v1.1.7-rep|P1/10/4,159.48,1164,185634.72,883.48,0.48,1.16,1070.3,0.58,-70.42,-0.04,22307.89,89.23,76
503,Exit short,2018-01-25 06:35,STP,160.32,1180,189059.6,-119.18,-0.06,1.18,0,0.00,-118.59,-0.06,22188.71,88.75,0
503,Entry short,2018-01-25 06:35,QQQREP|S|v1.1.7-rep|P1/10/4,160.22,1180,189059.6,-119.18,-0.06,1.18,0,0.00,-118.59,-0.06,22188.71,88.75,0
504,Exit short,2018-01-26 06:35,STP,160.11,1180,188682,-248.98,-0.13,1.18,23.01,0.01,-248.39,-0.13,21939.73,87.76,0
504,Entry short,2018-01-26 06:35,QQQREP|S|v1.1.7-rep|P1/10/4,159.9,1180,188682,-248.98,-0.13,1.18,23.01,0.01,-248.39,-0.13,21939.73,87.76,0
505,Exit short,2018-01-29 06:40,STP,161.26,1167,187746.96,-444.63,-0.24,1.17,162.8,0.09,-444.04,-0.24,21495.1,85.98,1
505,Entry short,2018-01-29 06:35,QQQREP|S|v1.1.7-rep|P1/10/4,160.88,1167,187746.96,-444.63,-0.24,1.17,162.8,0.09,-444.04,-0.24,21495.1,85.98,1
506,Exit long,2018-01-30 07:00,STP,158.91,819,130630.5,-484.03,-0.37,0.82,196.15,0.15,-483.62,-0.37,21011.07,84.04,5
506,Entry long,2018-01-30 06:35,QQQREP|L|v1.1.7-rep|P1/10/4,159.5,819,130630.5,-484.03,-0.37,0.82,196.15,0.15,-483.62,-0.37,21011.07,84.04,5
507,Exit long,2018-01-31 06:55,STP,160.35,1146,183944.46,-184.51,-0.10,1.15,228.63,0.12,-183.93,-0.10,20826.57,83.31,4
507,Entry long,2018-01-31 06:35,QQQREP|L|v1.1.7-rep|P1/10/4,160.51,1146,183944.46,-184.51,-0.10,1.15,228.63,0.12,-183.93,-0.10,20826.57,83.31,4
508,Exit long,2018-02-01 12:30,STP,158.92,897,142990.77,-440.43,-0.31,0.9,941.4,0.66,-439.98,-0.31,20386.14,81.54,71
508,Entry long,2018-02-01 06:35,QQQREP|L|v1.1.7-rep|P1/10/4,159.41,897,142990.77,-440.43,-0.31,0.9,941.4,0.66,-439.98,-0.31,20386.14,81.54,71
509,Exit long,2018-02-02 06:45,STP,157.96,1146,181354.5,-333.49,-0.18,1.15,331.77,0.18,-332.91,-0.18,20052.65,80.21,2
509,Entry long,2018-02-02 06:35,QQQREP|L|v1.1.7-rep|P1/10/4,158.25,1146,181354.5,-333.49,-0.18,1.15,331.77,0.18,-332.91,-0.18,20052.65,80.21,2
510,Exit long,2018-02-05 11:25,STP,153.65,547,84500.56,-454.56,-0.54,0.55,1214.07,1.44,-454.28,-0.54,19598.1,78.39,58
510,Entry long,2018-02-05 06:35,QQQREP|L|v1.1.7-rep|P1/10/4,154.48,547,84500.56,-454.56,-0.54,0.55,1214.07,1.44,-454.28,-0.54,19598.1,78.39,58
511,Exit long,2018-02-06 12:55,EOD,153.47,188,28013.88,838.29,2.99,0.19,870.35,3.11,-223.81,-0.80,20436.39,81.75,76
511,Entry long,2018-02-06 06:35,QQQREP|L|v1.1.7-rep|P1/10/4,149.01,188,28013.88,838.29,2.99,0.19,870.35,3.11,-223.81,-0.80,20436.39,81.75,76
512,Exit short,2018-02-07 06:35,STP,153.2,1092,166846.68,-448.81,-0.27,1.09,130.49,0.08,-448.27,-0.27,19987.58,79.95,0
512,Entry short,2018-02-07 06:35,QQQREP|S|v1.1.7-rep|P1/10/4,152.79,1092,166846.68,-448.81,-0.27,1.09,130.49,0.08,-448.27,-0.27,19987.58,79.95,0
513,Exit short,2018-02-08 09:50,TGT,147.68,1186,179833.18,4683.51,2.60,1.19,4684.11,2.60,-285.23,-0.16,24671.09,98.68,39
513,Entry short,2018-02-08 06:35,QQQREP|S|v1.1.7-rep|P1/10/4,151.63,1186,179833.18,4683.51,2.60,1.19,4684.11,2.60,-285.23,-0.16,24671.09,98.68,39
514,Exit long,2018-02-09 06:35,STP,147.03,1348,198668.24,-473.15,-0.24,1.35,161.09,0.08,-472.47,-0.24,24197.94,96.79,0
514,Entry long,2018-02-09 06:35,QQQREP|L|v1.1.7-rep|P1/10/4,147.38,1348,198668.24,-473.15,-0.24,1.35,161.09,0.08,-472.47,-0.24,24197.94,96.79,0
515,Exit long,2018-02-12 06:55,STP,149.02,963,144007.02,-501.72,-0.35,0.96,461.76,0.32,-501.24,-0.35,23696.22,94.78,4
515,Entry long,2018-02-12 06:35,QQQREP|L|v1.1.7-rep|P1/10/4,149.54,963,144007.02,-501.72,-0.35,0.96,461.76,0.32,-501.24,-0.35,23696.22,94.78,4
516,Exit long,2018-02-13 06:35,STP,149.18,1302,194688.06,-457,-0.23,1.3,0,0.00,-456.35,-0.23,23239.22,92.96,0
516,Entry long,2018-02-13 06:35,QQQREP|L|v1.1.7-rep|P1/10/4,149.53,1302,194688.06,-457,-0.23,1.3,0,0.00,-456.35,-0.23,23239.22,92.96,0
517,Exit long,2018-02-14 12:55,EOD,153.83,962,144809.86,3173.64,2.19,0.96,3366.52,2.32,-115.92,-0.08,26412.86,105.65,76
517,Entry long,2018-02-14 06:35,QQQREP|L|v1.1.7-rep|P1/10/4,150.53,962,144809.86,3173.64,2.19,0.96,3366.52,2.32,-115.92,-0.08,26412.86,105.65,76
518,Exit short,2018-02-15 06:50,STP,155.22,891,137802.06,-499.85,-0.36,0.89,266.85,0.19,-499.41,-0.36,25913.01,103.65,3
518,Entry short,2018-02-15 06:35,QQQREP|S|v1.1.7-rep|P1/10/4,154.66,891,137802.06,-499.85,-0.36,0.89,266.85,0.19,-499.41,-0.36,25913.01,103.65,3
519,Exit long,2018-02-16 10:30,STP,156.16,1301,203632.52,-469.66,-0.23,1.3,1469.48,0.72,-469.01,-0.23,25443.35,101.77,47
519,Entry long,2018-02-16 06:35,QQQREP|L|v1.1.7-rep|P1/10/4,156.52,1301,203632.52,-469.66,-0.23,1.3,1469.48,0.72,-469.01,-0.23,25443.35,101.77,47
520,Exit long,2018-02-20 12:55,EOD,156.21,1067,166259.94,415.06,0.25,1.07,1877.39,1.13,-373.98,-0.22,25858.41,103.43,76
520,Entry long,2018-02-20 06:35,QQQREP|L|v1.1.7-rep|P1/10/4,155.82,1067,166259.94,415.06,0.25,1.07,1877.39,1.13,-373.98,-0.22,25858.41,103.43,76
521,Exit long,2018-02-21 12:10,STP,156.76,1294,203352.1,-505.95,-0.25,1.29,1836.83,0.90,-505.31,-0.25,25352.45,101.41,67
521,Entry long,2018-02-21 06:35,QQQREP|L|v1.1.7-rep|P1/10/4,157.15,1294,203352.1,-505.95,-0.25,1.29,1836.83,0.90,-505.31,-0.25,25352.45,101.41,67
522,Exit long,2018-02-22 06:50,STP,156.45,1109,174013.19,-511.25,-0.29,1.11,210.16,0.12,-510.69,-0.29,24841.21,99.36,3
522,Entry long,2018-02-22 06:35,QQQREP|L|v1.1.7-rep|P1/10/4,156.91,1109,174013.19,-511.25,-0.29,1.11,210.16,0.12,-510.69,-0.29,24841.21,99.36,3
523,Exit long,2018-02-23 06:45,STP,156.76,1268,199253.52,-483.11,-0.24,1.27,88.13,0.04,-482.47,-0.24,24358.1,97.43,2
523,Entry long,2018-02-23 06:35,QQQREP|L|v1.1.7-rep|P1/10/4,157.14,1268,199253.52,-483.11,-0.24,1.27,88.13,0.04,-482.47,-0.24,24358.1,97.43,2
524,Exit long,2018-02-26 12:55,EOD,161.04,1233,197267.67,1293.42,0.66,1.23,1318.69,0.67,-358.19,-0.18,25651.51,102.61,76
524,Entry long,2018-02-26 06:35,QQQREP|L|v1.1.7-rep|P1/10/4,159.99,1233,197267.67,1293.42,0.66,1.23,1318.69,0.67,-358.19,-0.18,25651.51,102.61,76
525,Exit short,2018-02-27 07:10,STP,161.22,1259,202547.92,-429.32,-0.21,1.26,540.74,0.27,-428.69,-0.21,25222.2,100.89,7
525,Entry short,2018-02-27 06:35,QQQREP|S|v1.1.7-rep|P1/10/4,160.88,1259,202547.92,-429.32,-0.21,1.26,540.74,0.27,-428.69,-0.21,25222.2,100.89,7
526,Exit short,2018-02-28 06:50,STP,160.09,1256,200784.16,-290.14,-0.14,1.26,413.85,0.21,-289.51,-0.14,24932.06,99.73,3
526,Entry short,2018-02-28 06:35,QQQREP|S|v1.1.7-rep|P1/10/4,159.86,1256,200784.16,-290.14,-0.14,1.26,413.85,0.21,-289.51,-0.14,24932.06,99.73,3
527,Exit long,2018-03-01 06:35,STP,158.07,1260,199659.6,-492.66,-0.25,1.26,11.97,0.01,-492.03,-0.25,24439.4,97.76,0
527,Entry long,2018-03-01 06:35,QQQREP|L|v1.1.7-rep|P1/10/4,158.46,1260,199659.6,-492.66,-0.25,1.26,11.97,0.01,-492.03,-0.25,24439.4,97.76,0
528,Exit long,2018-03-02 06:40,STP,153.57,817,125948.72,-482.85,-0.38,0.82,146.65,0.12,-482.44,-0.38,23956.55,95.83,1
528,Entry long,2018-03-02 06:35,QQQREP|L|v1.1.7-rep|P1/10/4,154.16,817,125948.72,-482.85,-0.38,0.82,146.65,0.12,-482.44,-0.38,23956.55,95.83,1
529,Exit long,2018-03-05 06:35,STP,156.2,1232,192955.84,-518.67,-0.27,1.23,0,0.00,-518.06,-0.27,23437.88,93.75,0
529,Entry long,2018-03-05 06:35,QQQREP|L|v1.1.7-rep|P1/10/4,156.62,1232,192955.84,-518.67,-0.27,1.23,0,0.00,-518.06,-0.27,23437.88,93.75,0
530,Exit long,2018-03-06 06:35,STP,159.25,1214,193645.14,-316.85,-0.16,1.21,47.95,0.02,-316.25,-0.16,23121.03,92.48,0
530,Entry long,2018-03-06 06:35,QQQREP|L|v1.1.7-rep|P1/10/4,159.51,1214,193645.14,-316.85,-0.16,1.21,47.95,0.02,-316.25,-0.16,23121.03,92.48,0
531,Exit long,2018-03-07 09:10,STP,157.98,925,146603.25,-472.67,-0.32,0.93,841.29,0.57,-472.21,-0.32,22648.35,90.59,31
531,Entry long,2018-03-07 06:35,QQQREP|L|v1.1.7-rep|P1/10/4,158.49,925,146603.25,-472.67,-0.32,0.93,841.29,0.57,-472.21,-0.32,22648.35,90.59,31
532,Exit long,2018-03-08 07:00,STP,160.17,1187,190549.11,-428.51,-0.22,1.19,129.98,0.07,-427.91,-0.22,22219.84,88.88,5
532,Entry long,2018-03-08 06:35,QQQREP|L|v1.1.7-rep|P1/10/4,160.53,1187,190549.11,-428.51,-0.22,1.19,129.98,0.07,-427.91,-0.22,22219.84,88.88,5
533,Exit short,2018-03-09 06:50,STP,161.85,1168,188842.24,-199.73,-0.11,1.17,209.66,0.11,-199.14,-0.11,22020.12,88.08,3
533,Entry short,2018-03-09 06:35,QQQREP|S|v1.1.7-rep|P1/10/4,161.68,1168,188842.24,-199.73,-0.11,1.17,209.66,0.11,-199.14,-0.11,22020.12,88.08,3
534,Exit short,2018-03-12 06:35,STP,164.21,1146,187978.38,-207.43,-0.11,1.15,0,0.00,-206.85,-0.11,21812.69,87.25,0
534,Entry short,2018-03-12 06:35,QQQREP|S|v1.1.7-rep|P1/10/4,164.03,1146,187978.38,-207.43,-0.11,1.15,0,0.00,-206.85,-0.11,21812.69,87.25,0
535,Exit long,2018-03-13 07:00,STP,165.17,1131,187078.71,-272.57,-0.15,1.13,270.87,0.14,-272.01,-0.15,21540.12,86.16,5
535,Entry long,2018-03-13 06:35,QQQREP|L|v1.1.7-rep|P1/10/4,165.41,1131,187078.71,-272.57,-0.15,1.13,270.87,0.14,-272.01,-0.15,21540.12,86.16,5
536,Exit short,2018-03-14 12:55,EOD,162.32,1118,182088.66,613.78,0.34,1.12,1408.12,0.77,-414.22,-0.23,22153.9,88.62,76
536,Entry short,2018-03-14 06:35,QQQREP|S|v1.1.7-rep|P1/10/4,162.87,1118,182088.66,613.78,0.34,1.12,1408.12,0.77,-414.22,-0.23,22153.9,88.62,76
537,Exit short,2018-03-15 07:30,STP,162.53,1162,188476.4,-384.62,-0.20,1.16,568.8,0.30,-384.04,-0.20,21769.28,87.08,11
537,Entry short,2018-03-15 06:35,QQQREP|S|v1.1.7-rep|P1/10/4,162.2,1162,188476.4,-384.62,-0.20,1.16,568.8,0.30,-384.04,-0.20,21769.28,87.08,11
538,Exit long,2018-03-16 07:10,STP,162.33,1151,187014.48,-173.8,-0.09,1.15,367.74,0.20,-173.23,-0.09,21595.48,86.38,7
538,Entry long,2018-03-16 06:35,QQQREP|L|v1.1.7-rep|P1/10/4,162.48,1151,187014.48,-173.8,-0.09,1.15,367.74,0.20,-173.23,-0.09,21595.48,86.38,7
539,Exit short,2018-03-19 12:55,EOD,158.28,1004,160399.04,1484.92,0.93,1,2921.14,1.82,-432.22,-0.27,23080.4,92.32,76
539,Entry short,2018-03-19 06:35,QQQREP|S|v1.1.7-rep|P1/10/4,159.76,1004,160399.04,1484.92,0.93,1,2921.14,1.82,-432.22,-0.27,23080.4,92.32,76
540,Exit long,2018-03-20 06:35,STP,158.26,1212,192186.84,-376.93,-0.20,1.21,59.99,0.03,-376.33,-0.20,22703.46,90.81,0
540,Entry long,2018-03-20 06:35,QQQREP|L|v1.1.7-rep|P1/10/4,158.57,1212,192186.84,-376.93,-0.20,1.21,59.99,0.03,-376.33,-0.20,22703.46,90.81,0
541,Exit long,2018-03-21 06:35,STP,158.21,1204,190785.84,-302.2,-0.16,1.2,0,0.00,-301.6,-0.16,22401.26,89.61,0
541,Entry long,2018-03-21 06:35,QQQREP|L|v1.1.7-rep|P1/10/4,158.46,1204,190785.84,-302.2,-0.16,1.2,0,0.00,-301.6,-0.16,22401.26,89.61,0
542,Exit long,2018-03-22 07:45,STP,155.65,1191,185855.55,-477.59,-0.26,1.19,1107.03,0.60,-477,-0.26,21923.67,87.69,14
542,Entry long,2018-03-22 06:35,QQQREP|L|v1.1.7-rep|P1/10/4,156.05,1191,185855.55,-477.59,-0.26,1.19,1107.03,0.60,-477,-0.26,21923.67,87.69,14
543,Exit long,2018-03-23 06:35,STP,153.94,991,153030.22,-476.67,-0.31,0.99,19.32,0.01,-476.18,-0.31,21447,85.79,0
543,Entry long,2018-03-23 06:35,QQQREP|L|v1.1.7-rep|P1/10/4,154.42,991,153030.22,-476.67,-0.31,0.99,19.32,0.01,-476.18,-0.31,21447,85.79,0
544,Exit long,2018-03-26 07:10,STP,153.09,1196,183550.12,-455.68,-0.25,1.2,262.52,0.14,-455.08,-0.25,20991.32,83.97,7
544,Entry long,2018-03-26 06:35,QQQREP|L|v1.1.7-rep|P1/10/4,153.47,1196,183550.12,-455.68,-0.25,1.2,262.52,0.14,-455.08,-0.25,20991.32,83.97,7
545,Exit short,2018-03-27 12:30,TGT,150.59,783,122343.75,4431,3.62,0.78,4431.39,3.62,-313.59,-0.26,25422.32,101.69,71
545,Entry short,2018-03-27 06:35,QQQREP|S|v1.1.7-rep|P1/10/4,156.25,783,122343.75,4431,3.62,0.78,4431.39,3.62,-313.59,-0.26,25422.32,101.69,71
546,Exit long,2018-03-28 06:35,STP,149.58,1109,166394.36,-511.25,-0.31,1.11,365.42,0.22,-510.69,-0.31,24911.07,99.64,0
546,Entry long,2018-03-28 06:35,QQQREP|L|v1.1.7-rep|P1/10/4,150.04,1109,166394.36,-511.25,-0.31,1.11,365.42,0.22,-510.69,-0.31,24911.07,99.64,0
547,Exit long,2018-04-02 06:45,STP,150.31,1197,180459.72,-539.85,-0.30,1.2,609.87,0.34,-539.25,-0.30,24371.22,97.48,2
547,Entry long,2018-04-02 06:35,QQQREP|L|v1.1.7-rep|P1/10/4,150.76,1197,180459.72,-539.85,-0.30,1.2,609.87,0.34,-539.25,-0.30,24371.22,97.48,2
548,Exit short,2018-04-03 06:35,STP,148.76,1022,151491.06,-542.68,-0.36,1.02,50.59,0.03,-542.17,-0.36,23828.54,95.31,0
548,Entry short,2018-04-03 06:35,QQQREP|S|v1.1.7-rep|P1/10/4,148.23,1022,151491.06,-542.68,-0.36,1.02,50.59,0.03,-542.17,-0.36,23828.54,95.31,0
549,Exit long,2018-04-04 12:55,EOD,151.25,444,65290.2,1864.36,2.86,0.44,2077.7,3.18,-235.54,-0.36,25692.9,102.77,76
549,Entry long,2018-04-04 06:35,QQQREP|L|v1.1.7-rep|P1/10/4,147.05,444,65290.2,1864.36,2.86,0.44,2077.7,3.18,-235.54,-0.36,25692.9,102.77,76
550,Exit long,2018-04-05 06:35,STP,152.41,877,134154.69,-492,-0.37,0.88,25.87,0.02,-491.56,-0.37,25200.9,100.80,0
550,Entry long,2018-04-05 06:35,QQQREP|L|v1.1.7-rep|P1/10/4,152.97,877,134154.69,-492,-0.37,0.88,25.87,0.02,-491.56,-0.37,25200.9,100.80,0
551,Exit long,2018-04-06 07:45,STP,150.2,654,98747.46,-517.31,-0.52,0.65,614.43,0.62,-516.99,-0.52,24683.58,98.73,14
551,Entry long,2018-04-06 06:35,QQQREP|L|v1.1.7-rep|P1/10/4,150.99,654,98747.46,-517.31,-0.52,0.65,614.43,0.62,-516.99,-0.52,24683.58,98.73,14
552,Exit long,2018-04-09 06:35,STP,149.44,1311,196414.02,-499.49,-0.25,1.31,91.11,0.05,-498.84,-0.25,24184.09,96.74,0
552,Entry long,2018-04-09 06:35,QQQREP|L|v1.1.7-rep|P1/10/4,149.82,1311,196414.02,-499.49,-0.25,1.31,91.11,0.05,-498.84,-0.25,24184.09,96.74,0
553,Exit short,2018-04-10 07:35,STP,151.94,811,122744.85,-479.3,-0.39,0.81,559.18,0.46,-478.9,-0.39,23704.79,94.82,12
553,Entry short,2018-04-10 06:35,QQQREP|S|v1.1.7-rep|P1/10/4,151.35,811,122744.85,-479.3,-0.39,0.81,559.18,0.46,-478.9,-0.39,23704.79,94.82,12
554,Exit long,2018-04-11 12:20,STP,151.68,1168,177629.44,-468.37,-0.26,1.17,1552.86,0.87,-467.78,-0.26,23236.42,92.95,69
554,Entry long,2018-04-11 06:35,QQQREP|L|v1.1.7-rep|P1/10/4,152.08,1168,177629.44,-468.37,-0.26,1.17,1552.86,0.87,-467.78,-0.26,23236.42,92.95,69
555,Exit long,2018-04-12 12:55,EOD,153.53,1262,192909.32,844.28,0.44,1.26,1602.11,0.83,-88.97,-0.05,24080.7,96.32,76
555,Entry long,2018-04-12 06:35,QQQREP|L|v1.1.7-rep|P1/10/4,152.86,1262,192909.32,844.28,0.44,1.26,1602.11,0.83,-88.97,-0.05,24080.7,96.32,76
556,Exit long,2018-04-13 06:35,STP,154.32,1271,196178.85,-39.4,-0.02,1.27,101.04,0.05,-38.77,-0.02,24041.3,96.17,0
556,Entry long,2018-04-13 06:35,QQQREP|L|v1.1.7-rep|P1/10/4,154.35,1271,196178.85,-39.4,-0.02,1.27,101.04,0.05,-38.77,-0.02,24041.3,96.17,0
557,Exit short,2018-04-16 09:10,STP,153.96,1276,196172.24,-282,-0.14,1.28,1045.68,0.53,-281.36,-0.14,23759.31,95.04,31
557,Entry short,2018-04-16 06:35,QQQREP|S|v1.1.7-rep|P1/10/4,153.74,1276,196172.24,-282,-0.14,1.28,1045.68,0.53,-281.36,-0.14,23759.31,95.04,31
558,Exit short,2018-04-17 06:35,STP,155.51,1255,194976.8,-189.5,-0.10,1.25,137.42,0.07,-188.88,-0.10,23569.8,94.28,0
558,Entry short,2018-04-17 06:35,QQQREP|S|v1.1.7-rep|P1/10/4,155.36,1255,194976.8,-189.5,-0.10,1.25,137.42,0.07,-188.88,-0.10,23569.8,94.28,0
559,Exit long,2018-04-18 06:35,STP,157.16,1234,194145.22,-211.01,-0.11,1.23,0,0.00,-210.4,-0.11,23358.79,93.44,0
559,Entry long,2018-04-18 06:35,QQQREP|L|v1.1.7-rep|P1/10/4,157.33,1234,194145.22,-211.01,-0.11,1.23,0,0.00,-210.4,-0.11,23358.79,93.44,0
560,Exit short,2018-04-19 07:10,STP,156.97,1234,193367.8,-334.41,-0.17,1.23,418.94,0.22,-333.8,-0.17,23024.37,92.10,7
560,Entry short,2018-04-19 06:35,QQQREP|S|v1.1.7-rep|P1/10/4,156.7,1234,193367.8,-334.41,-0.17,1.23,418.94,0.22,-333.8,-0.17,23024.37,92.10,7
561,Exit short,2018-04-20 12:55,EOD,153.78,956,148533.72,1519.08,1.02,0.96,2112.28,1.42,-96.08,-0.06,24543.46,98.17,76
561,Entry short,2018-04-20 06:35,QQQREP|S|v1.1.7-rep|P1/10/4,155.37,956,148533.72,1519.08,1.02,0.96,2112.28,1.42,-96.08,-0.06,24543.46,98.17,76
562,Exit short,2018-04-23 07:45,STP,154.52,1284,198031.32,-373.64,-0.19,1.28,1013.72,0.51,-373,-0.19,24169.81,96.68,14
562,Entry short,2018-04-23 06:35,QQQREP|S|v1.1.7-rep|P1/10/4,154.23,1284,198031.32,-373.64,-0.19,1.28,1013.72,0.51,-373,-0.19,24169.81,96.68,14
563,Exit short,2018-04-24 06:45,STP,154.17,1278,196607.52,-423.02,-0.22,1.28,139.94,0.07,-422.38,-0.21,23746.8,94.99,2
563,Entry short,2018-04-24 06:35,QQQREP|S|v1.1.7-rep|P1/10/4,153.84,1278,196607.52,-423.02,-0.22,1.28,139.94,0.07,-422.38,-0.21,23746.8,94.99,2
564,Exit short,2018-04-25 08:00,STP,150.38,1299,194953.92,-391,-0.20,1.3,2454.46,1.26,-390.35,-0.20,23355.8,93.42,17
564,Entry short,2018-04-25 06:35,QQQREP|S|v1.1.7-rep|P1/10/4,150.08,1299,194953.92,-391,-0.20,1.3,2454.46,1.26,-390.35,-0.20,23355.8,93.42,17
565,Exit short,2018-04-26 07:00,STP,152.46,1271,193344.52,-433.41,-0.22,1.27,558.6,0.29,-432.78,-0.22,22922.39,91.69,5
565,Entry short,2018-04-26 06:35,QQQREP|S|v1.1.7-rep|P1/10/4,152.12,1271,193344.52,-433.41,-0.22,1.27,558.6,0.29,-432.78,-0.22,22922.39,91.69,5
566,Exit short,2018-04-27 12:55,EOD,153.5,903,140073.36,1461.96,1.04,0.9,2257.05,1.61,-63.66,-0.05,24384.34,97.54,76
566,Entry short,2018-04-27 06:35,QQQREP|S|v1.1.7-rep|P1/10/4,155.12,903,140073.36,1461.96,1.04,0.9,2257.05,1.61,-63.66,-0.05,24384.34,97.54,76
567,Exit short,2018-04-30 06:40,STP,154.11,1284,197440.68,-437.84,-0.22,1.28,25.04,0.01,-437.2,-0.22,23946.5,95.79,1
567,Entry short,2018-04-30 06:35,QQQREP|S|v1.1.7-rep|P1/10/4,153.77,1284,197440.68,-437.84,-0.22,1.28,25.04,0.01,-437.2,-0.22,23946.5,95.79,1
568,Exit long,2018-05-01 06:35,STP,151.89,1286,195652.04,-322.79,-0.16,1.29,179.4,0.09,-322.14,-0.16,23623.71,94.49,0
568,Entry long,2018-05-01 06:35,QQQREP|L|v1.1.7-rep|P1/10/4,152.14,1286,195652.04,-322.79,-0.16,1.29,179.4,0.09,-322.14,-0.16,23623.71,94.49,0
569,Exit short,2018-05-02 07:05,STP,154.45,1116,171830.52,-536.8,-0.31,1.12,378.88,0.22,-536.24,-0.31,23086.91,92.35,6
569,Entry short,2018-05-02 06:35,QQQREP|S|v1.1.7-rep|P1/10/4,153.97,1116,171830.52,-536.8,-0.31,1.12,378.88,0.22,-536.24,-0.31,23086.91,92.35,6
570,Exit short,2018-05-03 06:50,STP,152.64,1263,192304.38,-481.2,-0.25,1.26,340.38,0.18,-480.57,-0.25,22605.71,90.42,3
570,Entry short,2018-05-03 06:35,QQQREP|S|v1.1.7-rep|P1/10/4,152.26,1263,192304.38,-481.2,-0.25,1.26,340.38,0.18,-480.57,-0.25,22605.71,90.42,3
571,Exit long,2018-05-04 11:20,TGT,156.18,1246,190363.88,4235.15,2.22,1.25,4235.78,2.23,-87.84,-0.05,26840.87,107.36,57
571,Entry long,2018-05-04 06:35,QQQREP|L|v1.1.7-rep|P1/10/4,152.78,1246,190363.88,4235.15,2.22,1.25,4235.78,2.23,-87.84,-0.05,26840.87,107.36,57
572,Exit long,2018-05-07 12:55,EOD,157.34,1319,207254.47,275.67,0.13,1.32,1054.54,0.51,-488.69,-0.24,27116.54,108.47,76
572,Entry long,2018-05-07 06:35,QQQREP|L|v1.1.7-rep|P1/10/4,157.13,1319,207254.47,275.67,0.13,1.32,1054.54,0.51,-488.69,-0.24,27116.54,108.47,76
573,Exit long,2018-05-08 06:35,STP,157.01,1325,208329.75,-292.82,-0.14,1.33,25.84,0.01,-292.16,-0.14,26823.71,107.29,0
573,Entry long,2018-05-08 06:35,QQQREP|L|v1.1.7-rep|P1/10/4,157.23,1325,208329.75,-292.82,-0.14,1.33,25.84,0.01,-292.16,-0.14,26823.71,107.29,0
574,Exit long,2018-05-09 06:35,STP,157.38,1314,207178.38,-382.37,-0.18,1.31,157.02,0.08,-381.72,-0.18,26441.34,105.77,0
574,Entry long,2018-05-09 06:35,QQQREP|L|v1.1.7-rep|P1/10/4,157.67,1314,207178.38,-382.37,-0.18,1.31,157.02,0.08,-381.72,-0.18,26441.34,105.77,0
575,Exit short,2018-05-10 06:35,STP,159.6,1290,205729.2,-156.09,-0.08,1.29,0,0.00,-155.44,-0.08,26285.25,105.14,0
575,Entry short,2018-05-10 06:35,QQQREP|S|v1.1.7-rep|P1/10/4,159.48,1290,205729.2,-156.09,-0.08,1.29,0,0.00,-155.44,-0.08,26285.25,105.14,0
576,Exit long,2018-05-11 06:40,STP,160.24,1278,205016.76,-231.32,-0.11,1.28,165.5,0.08,-230.68,-0.11,26053.93,104.22,1
576,Entry long,2018-05-11 06:35,QQQREP|L|v1.1.7-rep|P1/10/4,160.42,1278,205016.76,-231.32,-0.11,1.28,165.5,0.08,-230.68,-0.11,26053.93,104.22,1
577,Exit long,2018-05-14 10:00,STP,160.84,1268,204160.68,-216.83,-0.11,1.27,925.01,0.45,-216.19,-0.11,25837.1,103.35,41
577,Entry long,2018-05-14 06:35,QQQREP|L|v1.1.7-rep|P1/10/4,161.01,1268,204160.68,-216.83,-0.11,1.27,925.01,0.45,-216.19,-0.11,25837.1,103.35,41
578,Exit short,2018-05-15 12:55,EOD,158.98,941,149628.41,27.29,0.02,0.94,827.61,0.55,-320.41,-0.21,25864.39,103.46,76
578,Entry short,2018-05-15 06:35,QQQREP|S|v1.1.7-rep|P1/10/4,159.01,941,149628.41,27.29,0.02,0.94,827.61,0.55,-320.41,-0.21,25864.39,103.46,76
579,Exit long,2018-05-16 06:40,STP,159.11,1277,203298.4,-116.21,-0.06,1.28,293.07,0.14,-115.57,-0.06,25748.18,102.99,1
579,Entry long,2018-05-16 06:35,QQQREP|L|v1.1.7-rep|P1/10/4,159.2,1277,203298.4,-116.21,-0.06,1.28,293.07,0.14,-115.57,-0.06,25748.18,102.99,1
580,Exit long,2018-05-17 06:40,STP,159.36,1272,202960.32,-255.67,-0.13,1.27,177.44,0.09,-255.04,-0.13,25492.51,101.97,1
580,Entry long,2018-05-17 06:35,QQQREP|L|v1.1.7-rep|P1/10/4,159.56,1272,202960.32,-255.67,-0.13,1.27,177.44,0.09,-255.04,-0.13,25492.51,101.97,1
581,Exit short,2018-05-18 06:40,STP,158.96,1272,201802.8,-395.59,-0.20,1.27,62.96,0.03,-394.96,-0.20,25096.92,100.39,1
581,Entry short,2018-05-18 06:35,QQQREP|S|v1.1.7-rep|P1/10/4,158.65,1272,201802.8,-395.59,-0.20,1.27,62.96,0.03,-394.96,-0.20,25096.92,100.39,1
582,Exit long,2018-05-21 08:10,STP,159.75,1079,172877.38,-508.21,-0.29,1.08,290.79,0.17,-507.67,-0.29,24588.71,98.35,19
582,Entry long,2018-05-21 06:35,QQQREP|L|v1.1.7-rep|P1/10/4,160.22,1079,172877.38,-508.21,-0.29,1.08,290.79,0.17,-507.67,-0.29,24588.71,98.35,19
583,Exit long,2018-05-22 06:45,STP,160.12,1237,198229.25,-162.05,-0.08,1.24,246.78,0.12,-161.43,-0.08,24426.66,97.71,2
583,Entry long,2018-05-22 06:35,QQQREP|L|v1.1.7-rep|P1/10/4,160.25,1237,198229.25,-162.05,-0.08,1.24,246.78,0.12,-161.43,-0.08,24426.66,97.71,2
584,Exit long,2018-05-23 11:05,TGT,159.74,1249,197591.8,1922.21,0.97,1.25,1922.84,0.97,-0.62,0.00,26348.88,105.40,54
584,Entry long,2018-05-23 06:35,QQQREP|L|v1.1.7-rep|P1/10/4,158.2,1249,197591.8,1922.21,0.97,1.25,1922.84,0.97,-0.62,0.00,26348.88,105.40,54
585,Exit long,2018-05-24 06:40,STP,160.36,1278,205297.92,-359.12,-0.17,1.28,229.4,0.11,-358.48,-0.17,25989.76,103.96,1
585,Entry long,2018-05-24 06:35,QQQREP|L|v1.1.7-rep|P1/10/4,160.64,1278,205297.92,-359.12,-0.17,1.28,229.4,0.11,-358.48,-0.17,25989.76,103.96,1
586,Exit short,2018-05-25 06:45,STP,160.79,1035,165858.75,-559.93,-0.34,1.03,9.83,0.01,-559.42,-0.34,25429.82,101.72,2
586,Entry short,2018-05-25 06:35,QQQREP|S|v1.1.7-rep|P1/10/4,160.25,1035,165858.75,-559.93,-0.34,1.03,9.83,0.01,-559.42,-0.34,25429.82,101.72,2
587,Exit short,2018-05-29 06:40,STP,160.22,1157,184877.03,-498.67,-0.27,1.16,138.26,0.07,-498.09,-0.27,24931.15,99.72,1
587,Entry short,2018-05-29 06:35,QQQREP|S|v1.1.7-rep|P1/10/4,159.79,1157,184877.03,-498.67,-0.27,1.16,138.26,0.07,-498.09,-0.27,24931.15,99.72,1
588,Exit short,2018-05-30 06:35,STP,160.71,1243,199650.66,-113.11,-0.06,1.24,61.53,0.03,-112.49,-0.06,24818.04,99.27,0
588,Entry short,2018-05-30 06:35,QQQREP|S|v1.1.7-rep|P1/10/4,160.62,1243,199650.66,-113.11,-0.06,1.24,61.53,0.03,-112.49,-0.06,24818.04,99.27,0
589,Exit long,2018-05-31 07:45,STP,160.96,1236,199255.56,-310.24,-0.16,1.24,431.98,0.22,-309.62,-0.16,24507.81,98.03,14
589,Entry long,2018-05-31 06:35,QQQREP|L|v1.1.7-rep|P1/10/4,161.21,1236,199255.56,-310.24,-0.16,1.24,431.98,0.22,-309.62,-0.16,24507.81,98.03,14
590,Exit long,2018-06-01 12:55,EOD,163.59,1222,197976.22,1929.54,0.97,1.22,2003.47,1.01,-0.61,0.00,26437.34,105.75,76
590,Entry long,2018-06-01 06:35,QQQREP|L|v1.1.7-rep|P1/10/4,162.01,1222,197976.22,1929.54,0.97,1.22,2003.47,1.01,-0.61,0.00,26437.34,105.75,76
591,Exit long,2018-06-04 12:55,EOD,164.99,1252,205653.52,912.71,0.44,1.25,1038.53,0.50,-363.71,-0.18,27350.05,109.40,76
591,Entry long,2018-06-04 06:35,QQQREP|L|v1.1.7-rep|P1/10/4,164.26,1252,205653.52,912.71,0.44,1.25,1038.53,0.50,-363.71,-0.18,27350.05,109.40,76
592,Exit short,2018-06-05 06:50,STP,165.54,1266,209345.76,-229.15,-0.11,1.27,176.61,0.08,-228.51,-0.11,27120.91,108.48,3
592,Entry short,2018-06-05 06:35,QQQREP|S|v1.1.7-rep|P1/10/4,165.36,1266,209345.76,-229.15,-0.11,1.27,176.61,0.08,-228.51,-0.11,27120.91,108.48,3
593,Exit long,2018-06-06 06:35,STP,165.7,1257,208423.17,-139.53,-0.07,1.26,150.21,0.07,-138.9,-0.07,26981.38,107.93,0
593,Entry long,2018-06-06 06:35,QQQREP|L|v1.1.7-rep|P1/10/4,165.81,1257,208423.17,-139.53,-0.07,1.26,150.21,0.07,-138.9,-0.07,26981.38,107.93,0
594,Exit short,2018-06-07 12:55,EOD,165.22,1251,207891.18,1199.71,0.58,1.25,2288.7,1.10,-375.93,-0.18,28181.09,112.72,76
594,Entry short,2018-06-07 06:35,QQQREP|S|v1.1.7-rep|P1/10/4,166.18,1251,207891.18,1199.71,0.58,1.25,2288.7,1.10,-375.93,-0.18,28181.09,112.72,76
595,Exit short,2018-06-08 06:40,STP,164.61,1294,212630.08,-376.55,-0.18,1.29,89.93,0.04,-375.91,-0.18,27804.53,111.22,1
595,Entry short,2018-06-08 06:35,QQQREP|S|v1.1.7-rep|P1/10/4,164.32,1294,212630.08,-376.55,-0.18,1.29,89.93,0.04,-375.91,-0.18,27804.53,111.22,1
596,Exit long,2018-06-11 12:55,EOD,165.61,1277,211100.87,381.82,0.18,1.28,931.57,0.44,-345.43,-0.16,28186.36,112.75,76
596,Entry long,2018-06-11 06:35,QQQREP|L|v1.1.7-rep|P1/10/4,165.31,1277,211100.87,381.82,0.18,1.28,931.57,0.44,-345.43,-0.16,28186.36,112.75,76
597,Exit long,2018-06-12 06:50,STP,165.83,1281,212697.24,-270.29,-0.13,1.28,153.08,0.07,-269.65,-0.13,27916.07,111.66,3
597,Entry long,2018-06-12 06:35,QQQREP|L|v1.1.7-rep|P1/10/4,166.04,1281,212697.24,-270.29,-0.13,1.28,153.08,0.07,-269.65,-0.13,27916.07,111.66,3
598,Exit long,2018-06-13 11:05,STP,166.63,1268,211527.76,-242.19,-0.11,1.27,1153.25,0.55,-241.55,-0.11,27673.88,110.70,54
598,Entry long,2018-06-13 06:35,QQQREP|L|v1.1.7-rep|P1/10/4,166.82,1268,211527.76,-242.19,-0.11,1.27,1153.25,0.55,-241.55,-0.11,27673.88,110.70,54
599,Exit long,2018-06-14 12:55,EOD,168.18,1257,210560.07,840.93,0.40,1.26,1168.38,0.55,-415.44,-0.20,28514.81,114.06,76
599,Entry long,2018-06-14 06:35,QQQREP|L|v1.1.7-rep|P1/10/4,167.51,1257,210560.07,840.93,0.40,1.26,1168.38,0.55,-415.44,-0.20,28514.81,114.06,76
600,Exit short,2018-06-15 07:20,STP,167.62,1279,214027.86,-359.4,-0.17,1.28,728.39,0.34,-358.76,-0.17,28155.41,112.62,9
600,Entry short,2018-06-15 06:35,QQQREP|S|v1.1.7-rep|P1/10/4,167.34,1279,214027.86,-359.4,-0.17,1.28,728.39,0.34,-358.76,-0.17,28155.41,112.62,9
601,Exit short,2018-06-18 06:45,STP,166.58,1244,206703.04,-523.72,-0.25,1.24,173.54,0.08,-523.1,-0.25,27631.69,110.53,2
601,Entry short,2018-06-18 06:35,QQQREP|S|v1.1.7-rep|P1/10/4,166.16,1244,206703.04,-523.72,-0.25,1.24,173.54,0.08,-523.1,-0.25,27631.69,110.53,2
602,Exit long,2018-06-19 07:00,STP,165.35,924,153319.32,-536.84,-0.35,0.92,387.62,0.25,-536.38,-0.35,27094.84,108.38,5
602,Entry long,2018-06-19 06:35,QQQREP|L|v1.1.7-rep|P1/10/4,165.93,924,153319.32,-536.84,-0.35,0.92,387.62,0.25,-536.38,-0.35,27094.84,108.38,5
603,Exit long,2018-06-20 07:25,STP,167.73,1240,208220.8,-236.84,-0.11,1.24,445.78,0.21,-236.22,-0.11,26858,107.43,10
603,Entry long,2018-06-20 06:35,QQQREP|L|v1.1.7-rep|P1/10/4,167.92,1240,208220.8,-236.84,-0.11,1.24,445.78,0.21,-236.22,-0.11,26858,107.43,10
604,Exit short,2018-06-21 07:15,TGT,166.86,1230,207402.6,2163.57,1.04,1.23,2164.19,1.04,-37.51,-0.02,29021.57,116.09,8
604,Entry short,2018-06-21 06:35,QQQREP|S|v1.1.7-rep|P1/10/4,168.62,1230,207402.6,2163.57,1.04,1.23,2164.19,1.04,-37.51,-0.02,29021.57,116.09,8
605,Exit short,2018-06-22 12:55,EOD,166.2,1211,202128.01,858.6,0.42,1.21,1367.82,0.68,-85.38,-0.04,29880.17,119.52,76
605,Entry short,2018-06-22 06:35,QQQREP|S|v1.1.7-rep|P1/10/4,166.91,1211,202128.01,858.6,0.42,1.21,1367.82,0.68,-85.38,-0.04,29880.17,119.52,76
606,Exit long,2018-06-25 06:35,STP,164.64,1330,219476.6,-506.73,-0.23,1.33,0,0.00,-506.06,-0.23,29373.44,117.49,0
606,Entry long,2018-06-25 06:35,QQQREP|L|v1.1.7-rep|P1/10/4,165.02,1330,219476.6,-506.73,-0.23,1.33,0,0.00,-506.06,-0.23,29373.44,117.49,0
607,Exit short,2018-06-26 06:40,STP,163.49,947,154256.83,-569.15,-0.37,0.95,226.81,0.15,-568.67,-0.37,28804.3,115.22,1
607,Entry short,2018-06-26 06:35,QQQREP|S|v1.1.7-rep|P1/10/4,162.89,947,154256.83,-569.15,-0.37,0.95,226.81,0.15,-568.67,-0.37,28804.3,115.22,1
608,Exit long,2018-06-27 06:40,STP,163.81,1312,215115.52,-198.11,-0.09,1.31,287.98,0.13,-197.46,-0.09,28606.18,114.42,1
608,Entry long,2018-06-27 06:35,QQQREP|L|v1.1.7-rep|P1/10/4,163.96,1312,215115.52,-198.11,-0.09,1.31,287.98,0.13,-197.46,-0.09,28606.18,114.42,1
609,Exit long,2018-06-28 06:45,STP,160.75,1330,214289.6,-493.43,-0.23,1.33,677.64,0.32,-492.76,-0.23,28112.75,112.45,2
609,Entry long,2018-06-28 06:35,QQQREP|L|v1.1.7-rep|P1/10/4,161.12,1330,214289.6,-493.43,-0.23,1.33,677.64,0.32,-492.76,-0.23,28112.75,112.45,2
610,Exit long,2018-06-29 09:55,STP,163.2,1299,212373.51,-378.01,-0.18,1.3,791.74,0.37,-377.36,-0.18,27734.74,110.94,40
610,Entry long,2018-06-29 06:35,QQQREP|L|v1.1.7-rep|P1/10/4,163.49,1299,212373.51,-378.01,-0.18,1.3,791.74,0.37,-377.36,-0.18,27734.74,110.94,40
611,Exit short,2018-07-02 06:35,STP,161.41,1307,210832.17,-132.01,-0.06,1.31,0,0.00,-131.35,-0.06,27602.74,110.41,0
611,Entry short,2018-07-02 06:35,QQQREP|S|v1.1.7-rep|P1/10/4,161.31,1307,210832.17,-132.01,-0.06,1.31,0,0.00,-131.35,-0.06,27602.74,110.41,0
612,Exit short,2018-07-05 06:30,ORPHAN,163.27,1281,210353.01,1202.86,0.57,1.28,2920.04,1.39,-26.26,-0.01,28805.6,115.22,44
612,Entry short,2018-07-03 06:35,QQQREP|S|v1.1.7-rep|P1/10/4,164.21,1281,210353.01,1202.86,0.57,1.28,2920.04,1.39,-26.26,-0.01,28805.6,115.22,44
613,Exit short,2018-07-06 06:35,STP,164.58,1309,215160.33,-276.2,-0.13,1.31,12.44,0.01,-275.54,-0.13,28529.4,114.12,0
613,Entry short,2018-07-06 06:35,QQQREP|S|v1.1.7-rep|P1/10/4,164.37,1309,215160.33,-276.2,-0.13,1.31,12.44,0.01,-275.54,-0.13,28529.4,114.12,0
614,Exit long,2018-07-09 06:50,STP,167.44,1276,214010.72,-358.56,-0.17,1.28,114.2,0.05,-357.92,-0.17,28170.84,112.68,3
614,Entry long,2018-07-09 06:35,QQQREP|L|v1.1.7-rep|P1/10/4,167.72,1276,214010.72,-358.56,-0.17,1.28,114.2,0.05,-357.92,-0.17,28170.84,112.68,3
615,Exit short,2018-07-10 07:35,STP,168.43,1264,212541.6,-355.18,-0.17,1.26,226.89,0.11,-354.55,-0.17,27815.66,111.26,12
615,Entry short,2018-07-10 06:35,QQQREP|S|v1.1.7-rep|P1/10/4,168.15,1264,212541.6,-355.18,-0.17,1.26,226.89,0.11,-354.55,-0.17,27815.66,111.26,12
616,Exit long,2018-07-11 12:55,EOD,167.41,1011,169231.29,19.21,0.01,1.01,646.53,0.38,-415.02,-0.25,27834.87,111.34,76
616,Entry long,2018-07-11 06:35,QQQREP|L|v1.1.7-rep|P1/10/4,167.39,1011,169231.29,19.21,0.01,1.01,646.53,0.38,-415.02,-0.25,27834.87,111.34,76
617,Exit long,2018-07-12 12:55,EOD,170.21,1255,211304.35,2307.95,1.09,1.25,2408.97,1.14,-163.78,-0.08,30142.81,120.57,76
617,Entry long,2018-07-12 06:35,QQQREP|L|v1.1.7-rep|P1/10/4,168.37,1255,211304.35,2307.95,1.09,1.25,2408.97,1.14,-163.78,-0.08,30142.81,120.57,76
618,Exit long,2018-07-13 06:45,STP,170.23,1294,220562.3,-285.97,-0.13,1.29,51.11,0.02,-285.33,-0.13,29856.84,119.43,2
618,Entry long,2018-07-13 06:35,QQQREP|L|v1.1.7-rep|P1/10/4,170.45,1294,220562.3,-285.97,-0.13,1.29,51.11,0.02,-285.33,-0.13,29856.84,119.43,2
619,Exit long,2018-07-16 06:45,STP,170.42,1285,219298.1,-309.68,-0.14,1.29,140.71,0.06,-309.04,-0.14,29547.15,118.19,2
619,Entry long,2018-07-16 06:35,QQQREP|L|v1.1.7-rep|P1/10/4,170.66,1285,219298.1,-309.68,-0.14,1.29,140.71,0.06,-309.04,-0.14,29547.15,118.19,2
620,Exit long,2018-07-17 12:55,EOD,171.11,1222,206126.96,2968.24,1.44,1.22,3359.89,1.63,-98.37,-0.05,32515.39,130.06,76
620,Entry long,2018-07-17 06:35,QQQREP|L|v1.1.7-rep|P1/10/4,168.68,1222,206126.96,2968.24,1.44,1.22,3359.89,1.63,-98.37,-0.05,32515.39,130.06,76
621,Exit short,2018-07-18 12:55,EOD,170.75,1344,229958.4,469.06,0.20,1.34,1168.61,0.51,-27.55,-0.01,32984.45,131.94,76
621,Entry short,2018-07-18 06:35,QQQREP|S|v1.1.7-rep|P1/10/4,171.1,1344,229958.4,469.06,0.20,1.34,1168.61,0.51,-27.55,-0.01,32984.45,131.94,76
622,Exit long,2018-07-19 06:50,STP,170.09,1357,231436.35,-625.58,-0.27,1.36,202.87,0.09,-624.9,-0.27,32358.87,129.44,3
622,Entry long,2018-07-19 06:35,QQQREP|L|v1.1.7-rep|P1/10/4,170.55,1357,231436.35,-625.58,-0.27,1.36,202.87,0.09,-624.9,-0.27,32358.87,129.44,3
623,Exit short,2018-07-20 07:00,STP,170.58,1347,229367.16,-405.45,-0.18,1.35,147.5,0.06,-404.77,-0.18,31953.42,127.81,5
623,Entry short,2018-07-20 06:35,QQQREP|S|v1.1.7-rep|P1/10/4,170.28,1347,229367.16,-405.45,-0.18,1.35,147.5,0.06,-404.77,-0.18,31953.42,127.81,5
624,Exit long,2018-07-23 06:35,STP,169.37,1344,227713.92,-81.98,-0.04,1.34,12.77,0.01,-81.31,-0.04,31871.44,127.49,0
624,Entry long,2018-07-23 06:35,QQQREP|L|v1.1.7-rep|P1/10/4,169.43,1344,227713.92,-81.98,-0.04,1.34,12.77,0.01,-81.31,-0.04,31871.44,127.49,0
625,Exit long,2018-07-24 06:35,TGT,172.45,1321,227449.78,355.35,0.16,1.32,356.01,0.16,-0.66,0.00,32226.79,128.91,0
625,Entry long,2018-07-24 06:35,QQQREP|L|v1.1.7-rep|P1/10/4,172.18,1321,227449.78,355.35,0.16,1.32,356.01,0.16,-0.66,0.00,32226.79,128.91,0
626,Exit long,2018-07-25 12:55,EOD,173.48,1335,228872.4,2722.07,1.19,1.34,2869.58,1.25,-427.87,-0.19,34948.85,139.80,76
626,Entry long,2018-07-25 06:35,QQQREP|L|v1.1.7-rep|P1/10/4,171.44,1335,228872.4,2722.07,1.19,1.34,2869.58,1.25,-427.87,-0.19,34948.85,139.80,76
627,Exit long,2018-07-26 06:45,STP,171.04,1398,239659.14,-546.62,-0.23,1.4,278.9,0.12,-545.92,-0.23,34402.23,137.61,2
627,Entry long,2018-07-26 06:35,QQQREP|L|v1.1.7-rep|P1/10/4,171.43,1398,239659.14,-546.62,-0.23,1.4,278.9,0.12,-545.92,-0.23,34402.23,137.61,2
628,Exit short,2018-07-27 10:00,TGT,167.86,1384,237591.28,5271.66,2.22,1.38,5272.35,2.22,-0.69,0.00,39673.89,158.70,41
628,Entry short,2018-07-27 06:35,QQQREP|S|v1.1.7-rep|P1/10/4,171.67,1384,237591.28,5271.66,2.22,1.38,5272.35,2.22,-0.69,0.00,39673.89,158.70,41
629,Exit short,2018-07-30 12:55,EOD,166.22,1017,170896.68,1849.92,1.08,1.02,2704.71,1.58,-0.51,0.00,41523.81,166.10,76
629,Entry short,2018-07-30 06:35,QQQREP|S|v1.1.7-rep|P1/10/4,168.04,1017,170896.68,1849.92,1.08,1.02,2704.71,1.58,-0.51,0.00,41523.81,166.10,76
630,Exit long,2018-07-31 06:50,STP,166.76,934,156445,-692.09,-0.44,0.93,270.39,0.17,-691.63,-0.44,40831.72,163.33,3
630,Entry long,2018-07-31 06:35,QQQREP|L|v1.1.7-rep|P1/10/4,167.5,934,156445,-692.09,-0.44,0.93,270.39,0.17,-691.63,-0.44,40831.72,163.33,3
631,Exit long,2018-08-01 09:25,STP,167.43,1238,207959.24,-682.14,-0.33,1.24,754.56,0.36,-681.52,-0.33,40149.58,160.60,34
631,Entry long,2018-08-01 06:35,QQQREP|L|v1.1.7-rep|P1/10/4,167.98,1238,207959.24,-682.14,-0.33,1.24,754.56,0.36,-681.52,-0.33,40149.58,160.60,34
632,Exit long,2018-08-02 12:55,EOD,170.36,1558,260575.5,4843.82,1.86,1.56,5171.78,1.98,-94.26,-0.04,44993.4,179.97,76
632,Entry long,2018-08-02 06:35,QQQREP|L|v1.1.7-rep|P1/10/4,167.25,1558,260575.5,4843.82,1.86,1.56,5171.78,1.98,-94.26,-0.04,44993.4,179.97,76
633,Exit short,2018-08-03 07:10,STP,170.81,1505,256376.75,-693.8,-0.27,1.51,601.25,0.23,-693.05,-0.27,44299.6,177.20,7
633,Entry short,2018-08-03 06:35,QQQREP|S|v1.1.7-rep|P1/10/4,170.35,1505,256376.75,-693.8,-0.27,1.51,601.25,0.23,-693.05,-0.27,44299.6,177.20,7
634,Exit long,2018-08-06 12:55,EOD,171.93,1621,276964.06,1732.85,0.63,1.62,1749.87,0.63,-406.06,-0.15,46032.45,184.13,76
634,Entry long,2018-08-06 06:35,QQQREP|L|v1.1.7-rep|P1/10/4,170.86,1621,276964.06,1732.85,0.63,1.62,1749.87,0.63,-406.06,-0.15,46032.45,184.13,76
635,Exit long,2018-08-07 06:45,STP,172.3,1645,284042.15,-610.29,-0.21,1.65,278.83,0.10,-609.47,-0.21,45422.15,181.69,2
635,Entry long,2018-08-07 06:35,QQQREP|L|v1.1.7-rep|P1/10/4,172.67,1645,284042.15,-610.29,-0.21,1.65,278.83,0.10,-609.47,-0.21,45422.15,181.69,2
636,Exit short,2018-08-08 06:35,STP,172.36,1636,281555.6,-427,-0.15,1.64,179.14,0.06,-426.18,-0.15,44995.16,179.98,0
636,Entry short,2018-08-08 06:35,QQQREP|S|v1.1.7-rep|P1/10/4,172.1,1636,281555.6,-427,-0.15,1.64,179.14,0.06,-426.18,-0.15,44995.16,179.98,0
637,Exit short,2018-08-09 06:40,STP,172.81,1622,279859.88,-439.56,-0.16,1.62,258.71,0.09,-438.75,-0.16,44555.59,178.22,1
637,Entry short,2018-08-09 06:35,QQQREP|S|v1.1.7-rep|P1/10/4,172.54,1622,279859.88,-439.56,-0.16,1.62,258.71,0.09,-438.75,-0.16,44555.59,178.22,1
638,Exit long,2018-08-10 07:00,STP,171.34,1620,278121.6,-552.42,-0.20,1.62,468.99,0.17,-551.61,-0.20,44003.18,176.01,5
638,Entry long,2018-08-10 06:35,QQQREP|L|v1.1.7-rep|P1/10/4,171.68,1620,278121.6,-552.42,-0.20,1.62,468.99,0.17,-551.61,-0.20,44003.18,176.01,5
639,Exit long,2018-08-13 08:30,STP,171.53,1606,276023.22,-547.65,-0.20,1.61,1364.3,0.49,-546.84,-0.20,43455.53,173.82,23
639,Entry long,2018-08-13 06:35,QQQREP|L|v1.1.7-rep|P1/10/4,171.87,1606,276023.22,-547.65,-0.20,1.61,1364.3,0.49,-546.84,-0.20,43455.53,173.82,23
640,Exit short,2018-08-14 07:50,STP,171.96,1594,273753.56,-352.27,-0.13,1.59,1417.86,0.52,-351.48,-0.13,43103.25,172.41,15
640,Entry short,2018-08-14 06:35,QQQREP|S|v1.1.7-rep|P1/10/4,171.74,1594,273753.56,-352.27,-0.13,1.59,1417.86,0.52,-351.48,-0.13,43103.25,172.41,15
641,Exit short,2018-08-15 06:35,STP,170.98,1594,272318.96,-224.75,-0.08,1.59,31.08,0.01,-223.96,-0.08,42878.5,171.51,0
641,Entry short,2018-08-15 06:35,QQQREP|S|v1.1.7-rep|P1/10/4,170.84,1594,272318.96,-224.75,-0.08,1.59,31.08,0.01,-223.96,-0.08,42878.5,171.51,0
642,Exit long,2018-08-16 06:35,STP,171.17,1584,271513.44,-381.74,-0.14,1.58,30.89,0.01,-380.95,-0.14,42496.76,169.99,0
642,Entry long,2018-08-16 06:35,QQQREP|L|v1.1.7-rep|P1/10/4,171.41,1584,271513.44,-381.74,-0.14,1.58,30.89,0.01,-380.95,-0.14,42496.76,169.99,0
643,Exit short,2018-08-17 06:35,STP,170.2,1588,269864.72,-414.47,-0.15,1.59,94.49,0.04,-413.67,-0.15,42082.29,168.33,0
643,Entry short,2018-08-17 06:35,QQQREP|S|v1.1.7-rep|P1/10/4,169.94,1588,269864.72,-414.47,-0.15,1.59,94.49,0.04,-413.67,-0.15,42082.29,168.33,0
644,Exit short,2018-08-20 06:35,STP,171.1,1569,268204.86,-252.61,-0.09,1.57,171.81,0.06,-251.82,-0.09,41829.68,167.32,0
644,Entry short,2018-08-20 06:35,QQQREP|S|v1.1.7-rep|P1/10/4,170.94,1569,268204.86,-252.61,-0.09,1.57,171.81,0.06,-251.82,-0.09,41829.68,167.32,0
645,Exit long,2018-08-21 12:55,EOD,171.15,1560,267150,-157.56,-0.06,1.56,1450.02,0.54,-437.58,-0.16,41672.12,166.69,76
645,Entry long,2018-08-21 06:35,QQQREP|L|v1.1.7-rep|P1/10/4,171.25,1560,267150,-157.56,-0.06,1.56,1450.02,0.54,-437.58,-0.16,41672.12,166.69,76
646,Exit long,2018-08-22 07:00,STP,170.74,1494,255757.86,-673.79,-0.26,1.49,283.11,0.11,-673.05,-0.26,40998.32,163.99,5
646,Entry long,2018-08-22 06:35,QQQREP|L|v1.1.7-rep|P1/10/4,171.19,1494,255757.86,-673.79,-0.26,1.49,283.11,0.11,-673.05,-0.26,40998.32,163.99,5
647,Exit long,2018-08-23 08:15,STP,171.53,1535,263973.95,-676.93,-0.26,1.54,1196.53,0.45,-676.17,-0.26,40321.39,161.29,20
647,Entry long,2018-08-23 06:35,QQQREP|L|v1.1.7-rep|P1/10/4,171.97,1535,263973.95,-676.93,-0.26,1.54,1196.53,0.45,-676.17,-0.26,40321.39,161.29,20
648,Exit long,2018-08-24 12:55,EOD,173.17,1516,261206.8,1317.4,0.50,1.52,1530.4,0.59,-137.2,-0.05,41638.8,166.56,76
648,Entry long,2018-08-24 06:35,QQQREP|L|v1.1.7-rep|P1/10/4,172.3,1516,261206.8,1317.4,0.50,1.52,1530.4,0.59,-137.2,-0.05,41638.8,166.56,76
649,Exit long,2018-08-27 06:35,STP,174.06,1530,266510.7,-200.43,-0.08,1.53,45.14,0.02,-199.66,-0.07,41438.36,165.75,0
649,Entry long,2018-08-27 06:35,QQQREP|L|v1.1.7-rep|P1/10/4,174.19,1530,266510.7,-200.43,-0.08,1.53,45.14,0.02,-199.66,-0.07,41438.36,165.75,0
650,Exit long,2018-08-28 06:45,STP,175.22,1514,265616.16,-334.59,-0.13,1.51,196.06,0.07,-333.84,-0.13,41103.77,164.42,2
650,Entry long,2018-08-28 06:35,QQQREP|L|v1.1.7-rep|P1/10/4,175.44,1514,265616.16,-334.59,-0.13,1.51,196.06,0.07,-333.84,-0.13,41103.77,164.42,2
651,Exit long,2018-08-29 12:55,EOD,177.21,1505,264278,2421.55,0.92,1.51,2557.75,0.97,-60.95,-0.02,43525.32,174.10,76
651,Entry long,2018-08-29 06:35,QQQREP|L|v1.1.7-rep|P1/10/4,175.6,1505,264278,2421.55,0.92,1.51,2557.75,0.97,-60.95,-0.02,43525.32,174.10,76
652,Exit long,2018-08-30 06:35,STP,176.84,1548,274042.44,-295.67,-0.11,1.55,154.03,0.06,-294.89,-0.11,43229.65,172.92,0
652,Entry long,2018-08-30 06:35,QQQREP|L|v1.1.7-rep|P1/10/4,177.03,1548,274042.44,-295.67,-0.11,1.55,154.03,0.06,-294.89,-0.11,43229.65,172.92,0
653,Exit long,2018-08-31 11:10,STP,176.66,1541,272803.23,-571.71,-0.21,1.54,923.83,0.34,-570.94,-0.21,42657.94,170.63,55
653,Entry long,2018-08-31 06:35,QQQREP|L|v1.1.7-rep|P1/10/4,177.03,1541,272803.23,-571.71,-0.21,1.54,923.83,0.34,-570.94,-0.21,42657.94,170.63,55
654,Exit short,2018-09-04 07:50,STP,176.79,1533,270559.17,-461.43,-0.17,1.53,1608.88,0.59,-460.67,-0.17,42196.5,168.79,15
654,Entry short,2018-09-04 06:35,QQQREP|S|v1.1.7-rep|P1/10/4,176.49,1533,270559.17,-461.43,-0.17,1.53,1608.88,0.59,-460.67,-0.17,42196.5,168.79,15
655,Exit short,2018-09-05 12:55,EOD,174.09,1529,268614.72,2429.58,0.90,1.53,3347.75,1.25,-321.85,-0.12,44626.09,178.50,76
655,Entry short,2018-09-05 06:35,QQQREP|S|v1.1.7-rep|P1/10/4,175.68,1529,268614.72,2429.58,0.90,1.53,3347.75,1.25,-321.85,-0.12,44626.09,178.50,76
656,Exit short,2018-09-06 12:55,EOD,172.53,1599,278353.92,2476.85,0.89,1.6,4332.49,1.56,-112.73,-0.04,47102.94,188.41,76
656,Entry short,2018-09-06 06:35,QQQREP|S|v1.1.7-rep|P1/10/4,174.08,1599,278353.92,2476.85,0.89,1.6,4332.49,1.56,-112.73,-0.04,47102.94,188.41,76
657,Exit long,2018-09-07 12:55,EOD,172.01,1519,260812.3,469.37,0.18,1.52,2505.59,0.96,-365.32,-0.14,47572.31,190.29,76
657,Entry long,2018-09-07 06:35,QQQREP|L|v1.1.7-rep|P1/10/4,171.7,1519,260812.3,469.37,0.18,1.52,2505.59,0.96,-365.32,-0.14,47572.31,190.29,76
658,Exit short,2018-09-10 12:55,EOD,172.45,1274,219663.08,-39.49,-0.02,1.27,1171.44,0.53,-217.22,-0.10,47532.81,190.13,76
658,Entry short,2018-09-10 06:35,QQQREP|S|v1.1.7-rep|P1/10/4,172.42,1274,219663.08,-39.49,-0.02,1.27,1171.44,0.53,-217.22,-0.10,47532.81,190.13,76
659,Exit short,2018-09-11 06:35,STP,171.88,1691,290040.32,-610.45,-0.21,1.69,151.34,0.05,-609.61,-0.21,46922.36,187.69,0
659,Entry short,2018-09-11 06:35,QQQREP|S|v1.1.7-rep|P1/10/4,171.52,1691,290040.32,-610.45,-0.21,1.69,151.34,0.05,-609.61,-0.21,46922.36,187.69,0
660,Exit short,2018-09-12 07:30,TGT,172.05,1657,287489.5,2400.99,0.84,1.66,2401.82,0.84,-33.97,-0.01,49323.36,197.29,11
660,Entry short,2018-09-12 06:35,QQQREP|S|v1.1.7-rep|P1/10/4,173.5,1657,287489.5,2400.99,0.84,1.66,2401.82,0.84,-33.97,-0.01,49323.36,197.29,11
661,Exit long,2018-09-13 12:55,EOD,175.02,1702,297203.24,679.1,0.23,1.7,1394.79,0.47,-528.47,-0.18,50002.45,200.01,76
661,Entry long,2018-09-13 06:35,QQQREP|L|v1.1.7-rep|P1/10/4,174.62,1702,297203.24,679.1,0.23,1.7,1394.79,0.47,-528.47,-0.18,50002.45,200.01,76
662,Exit short,2018-09-14 06:40,STP,175.36,1713,299877.78,-515.61,-0.17,1.71,0,0.00,-514.76,-0.17,49486.84,197.95,1
662,Entry short,2018-09-14 06:35,QQQREP|S|v1.1.7-rep|P1/10/4,175.06,1713,299877.78,-515.61,-0.17,1.71,0,0.00,-514.76,-0.17,49486.84,197.95,1
663,Exit short,2018-09-17 12:55,EOD,172.09,1711,297885.1,3437.4,1.15,1.71,3712.01,1.25,-0.86,0.00,52924.24,211.70,76
663,Entry short,2018-09-17 06:35,QQQREP|S|v1.1.7-rep|P1/10/4,174.1,1711,297885.1,3437.4,1.15,1.71,3712.01,1.25,-0.86,0.00,52924.24,211.70,76
664,Exit long,2018-09-18 12:55,EOD,173.5,760,131601.6,257.64,0.20,0.76,911.62,0.69,-114.38,-0.09,53181.88,212.73,76
664,Entry long,2018-09-18 06:35,QQQREP|L|v1.1.7-rep|P1/10/4,173.16,760,131601.6,257.64,0.20,0.76,911.62,0.69,-114.38,-0.09,53181.88,212.73,76
665,Exit long,2018-09-19 06:35,STP,173.52,1800,312696,-361.8,-0.12,1.8,125.1,0.04,-360.9,-0.12,52820.08,211.28,0
665,Entry long,2018-09-19 06:35,QQQREP|L|v1.1.7-rep|P1/10/4,173.72,1800,312696,-361.8,-0.12,1.8,125.1,0.04,-360.9,-0.12,52820.08,211.28,0
666,Exit short,2018-09-20 06:40,STP,174.81,1242,216331.56,-783.7,-0.36,1.24,24.22,0.01,-783.08,-0.36,52036.38,208.15,1
666,Entry short,2018-09-20 06:35,QQQREP|S|v1.1.7-rep|P1/10/4,174.18,1242,216331.56,-783.7,-0.36,1.24,24.22,0.01,-783.08,-0.36,52036.38,208.15,1
667,Exit short,2018-09-21 06:35,STP,175.85,1752,308001.6,-89.35,-0.03,1.75,226.88,0.07,-88.48,-0.03,51947.02,207.79,0
667,Entry short,2018-09-21 06:35,QQQREP|S|v1.1.7-rep|P1/10/4,175.8,1752,308001.6,-89.35,-0.03,1.75,226.88,0.07,-88.48,-0.03,51947.02,207.79,0
668,Exit short,2018-09-24 06:40,STP,173.19,1226,211570.82,-761.35,-0.36,1.23,85.21,0.04,-760.73,-0.36,51185.68,204.74,1
668,Entry short,2018-09-24 06:35,QQQREP|S|v1.1.7-rep|P1/10/4,172.57,1226,211570.82,-761.35,-0.36,1.23,85.21,0.04,-760.73,-0.36,51185.68,204.74,1
669,Exit short,2018-09-25 08:25,STP,174.92,1512,263677.68,-802.87,-0.30,1.51,362.12,0.14,-802.12,-0.30,50382.81,201.53,22
669,Entry short,2018-09-25 06:35,QQQREP|S|v1.1.7-rep|P1/10/4,174.39,1512,263677.68,-802.87,-0.30,1.51,362.12,0.14,-802.12,-0.30,50382.81,201.53,22
670,Exit long,2018-09-26 12:45,STP,175.08,1524,267599.16,-778.76,-0.29,1.52,1873.76,0.70,-778,-0.29,49604.04,198.42,74
670,Entry long,2018-09-26 06:35,QQQREP|L|v1.1.7-rep|P1/10/4,175.59,1524,267599.16,-778.76,-0.29,1.52,1873.76,0.70,-778,-0.29,49604.04,198.42,74
671,Exit long,2018-09-27 12:55,EOD,176.65,1695,298235.25,1184.81,0.40,1.7,2253.5,0.76,-0.85,0.00,50788.85,203.16,76
671,Entry long,2018-09-27 06:35,QQQREP|L|v1.1.7-rep|P1/10/4,175.95,1695,298235.25,1184.81,0.40,1.7,2253.5,0.76,-0.85,0.00,50788.85,203.16,76
672,Exit long,2018-09-28 06:45,STP,176.1,1719,303094.08,-379.9,-0.13,1.72,342.94,0.11,-379.04,-0.13,50408.95,201.64,2
672,Entry long,2018-09-28 06:35,QQQREP|L|v1.1.7-rep|P1/10/4,176.32,1719,303094.08,-379.9,-0.13,1.72,342.94,0.11,-379.04,-0.13,50408.95,201.64,2
673,Exit long,2018-10-01 09:40,STP,177.45,1696,301650.56,-697.06,-0.23,1.7,694.51,0.23,-696.21,-0.23,49711.9,198.85,37
673,Entry long,2018-10-01 06:35,QQQREP|L|v1.1.7-rep|P1/10/4,177.86,1696,301650.56,-697.06,-0.23,1.7,694.51,0.23,-696.21,-0.23,49711.9,198.85,37
674,Exit long,2018-10-02 06:35,STP,176.72,1689,298716.54,-238.15,-0.08,1.69,16.05,0.01,-237.3,-0.08,49473.74,197.89,0
674,Entry long,2018-10-02 06:35,QQQREP|L|v1.1.7-rep|P1/10/4,176.86,1689,298716.54,-238.15,-0.08,1.69,16.05,0.01,-237.3,-0.08,49473.74,197.89,0
675,Exit long,2018-10-03 06:40,STP,177.16,1678,297828.22,-555.42,-0.19,1.68,217.3,0.07,-554.58,-0.19,48918.32,195.67,1
675,Entry long,2018-10-03 06:35,QQQREP|L|v1.1.7-rep|P1/10/4,177.49,1678,297828.22,-555.42,-0.19,1.68,217.3,0.07,-554.58,-0.19,48918.32,195.67,1
676,Exit short,2018-10-04 12:55,EOD,173.45,1439,252774.74,3178.75,1.26,1.44,5064.56,2.00,-87.06,-0.03,52097.08,208.39,76
676,Entry short,2018-10-04 06:35,QQQREP|S|v1.1.7-rep|P1/10/4,175.66,1439,252774.74,3178.75,1.26,1.44,5064.56,2.00,-87.06,-0.03,52097.08,208.39,76
677,Exit short,2018-10-05 06:35,STP,173.48,1781,308291.1,-678.56,-0.22,1.78,70.35,0.02,-677.67,-0.22,51418.52,205.67,0
677,Entry short,2018-10-05 06:35,QQQREP|S|v1.1.7-rep|P1/10/4,173.1,1781,308291.1,-678.56,-0.22,1.78,70.35,0.02,-677.67,-0.22,51418.52,205.67,0
678,Exit short,2018-10-08 06:40,STP,170.68,1710,291093.3,-771.21,-0.26,1.71,272.75,0.09,-770.35,-0.26,50647.31,202.59,1
678,Entry short,2018-10-08 06:35,QQQREP|S|v1.1.7-rep|P1/10/4,170.23,1710,291093.3,-771.21,-0.26,1.71,272.75,0.09,-770.35,-0.26,50647.31,202.59,1
679,Exit long,2018-10-09 12:55,EOD,170.72,1007,171884.83,29.2,0.02,1.01,1399.23,0.81,-584.56,-0.34,50676.51,202.71,76
679,Entry long,2018-10-09 06:35,QQQREP|L|v1.1.7-rep|P1/10/4,170.69,1007,171884.83,29.2,0.02,1.01,1399.23,0.81,-584.56,-0.34,50676.51,202.71,76
680,Exit short,2018-10-10 12:50,TGT,163.95,1501,254089.28,7998.83,3.15,1.5,7999.58,3.15,-135.84,-0.05,58675.34,234.70,75
680,Entry short,2018-10-10 06:35,QQQREP|S|v1.1.7-rep|P1/10/4,169.28,1501,254089.28,7998.83,3.15,1.5,7999.58,3.15,-135.84,-0.05,58675.34,234.70,75
681,Exit long,2018-10-11 06:35,STP,162.31,1571,255837.35,-849.91,-0.33,1.57,297.7,0.12,-849.13,-0.33,57825.43,231.30,0
681,Entry long,2018-10-11 06:35,QQQREP|L|v1.1.7-rep|P1/10/4,162.85,1571,255837.35,-849.91,-0.33,1.57,297.7,0.12,-849.13,-0.33,57825.43,231.30,0
682,Exit short,2018-10-12 07:00,STP,165.68,968,159545.76,-833.45,-0.52,0.97,386.72,0.24,-832.96,-0.52,56991.98,227.97,5
682,Entry short,2018-10-12 06:35,QQQREP|S|v1.1.7-rep|P1/10/4,164.82,968,159545.76,-833.45,-0.52,0.97,386.72,0.24,-832.96,-0.52,56991.98,227.97,5
683,Exit short,2018-10-15 10:50,STP,165.43,937,154173.98,-834.87,-0.54,0.94,1339.44,0.87,-834.4,-0.54,56157.11,224.63,51
683,Entry short,2018-10-15 06:35,QQQREP|S|v1.1.7-rep|P1/10/4,164.54,937,154173.98,-834.87,-0.54,0.94,1339.44,0.87,-834.4,-0.54,56157.11,224.63,51
684,Exit short,2018-10-16 06:40,STP,165.71,1962,324593.28,-531.7,-0.16,1.96,332.56,0.10,-530.72,-0.16,55625.41,222.50,1
684,Entry short,2018-10-16 06:35,QQQREP|S|v1.1.7-rep|P1/10/4,165.44,1962,324593.28,-531.7,-0.16,1.96,332.56,0.10,-530.72,-0.16,55625.41,222.50,1
685,Exit short,2018-10-17 12:55,EOD,168.56,963,162361.8,37.56,0.02,0.96,1713.66,1.06,-539.76,-0.33,55662.97,222.65,76
685,Entry short,2018-10-17 06:35,QQQREP|S|v1.1.7-rep|P1/10/4,168.6,963,162361.8,37.56,0.02,0.96,1713.66,1.06,-539.76,-0.33,55662.97,222.65,76
686,Exit short,2018-10-18 12:55,EOD,164.79,1010,168872,2433.09,1.44,1.01,3282,1.94,-455,-0.27,58096.06,232.38,76
686,Entry short,2018-10-18 06:35,QQQREP|S|v1.1.7-rep|P1/10/4,167.2,1010,168872,2433.09,1.44,1.01,3282,1.94,-455,-0.27,58096.06,232.38,76
687,Exit long,2018-10-19 08:35,STP,165.74,2003,332357.79,-382.57,-0.12,2,2903.35,0.87,-381.57,-0.11,57713.48,230.85,24
687,Entry long,2018-10-19 06:35,QQQREP|L|v1.1.7-rep|P1/10/4,165.93,2003,332357.79,-382.57,-0.12,2,2903.35,0.87,-381.57,-0.11,57713.48,230.85,24
688,Exit long,2018-10-22 06:35,STP,165.37,1641,272241.9,-871.37,-0.32,1.64,97.64,0.04,-870.55,-0.32,56842.11,227.37,0
688,Entry long,2018-10-22 06:35,QQQREP|L|v1.1.7-rep|P1/10/4,165.9,1641,272241.9,-871.37,-0.32,1.64,97.64,0.04,-870.55,-0.32,56842.11,227.37,0
689,Exit long,2018-10-23 07:00,STP,161.78,1345,218333.85,-741.09,-0.34,1.35,833.23,0.38,-740.42,-0.34,56101.02,224.40,5
689,Entry long,2018-10-23 06:35,QQQREP|L|v1.1.7-rep|P1/10/4,162.33,1345,218333.85,-741.09,-0.34,1.35,833.23,0.38,-740.42,-0.34,56101.02,224.40,5
690,Exit short,2018-10-24 12:20,TGT,159.51,1609,264406.97,7753.77,2.93,1.61,7754.58,2.93,-628.31,-0.24,63854.79,255.42,69
690,Entry short,2018-10-24 06:35,QQQREP|S|v1.1.7-rep|P1/10/4,164.33,1609,264406.97,7753.77,2.93,1.61,7754.58,2.93,-628.31,-0.24,63854.79,255.42,69
691,Exit short,2018-10-25 06:35,STP,160.01,1988,317185.4,-916.47,-0.29,1.99,555.65,0.18,-915.47,-0.29,62938.32,251.75,0
691,Entry short,2018-10-25 06:35,QQQREP|S|v1.1.7-rep|P1/10/4,159.55,1988,317185.4,-916.47,-0.29,1.99,555.65,0.18,-915.47,-0.29,62938.32,251.75,0
692,Exit long,2018-10-26 07:05,STP,157.07,1567,247006.21,-879.09,-0.36,1.57,2882.5,1.17,-878.3,-0.36,62059.23,248.24,6
692,Entry long,2018-10-26 06:35,QQQREP|L|v1.1.7-rep|P1/10/4,157.63,1567,247006.21,-879.09,-0.36,1.57,2882.5,1.17,-878.3,-0.36,62059.23,248.24,6
693,Exit short,2018-10-29 07:00,STP,161.17,1189,190727.49,-904.83,-0.47,1.19,403.67,0.21,-904.23,-0.47,61154.41,244.62,5
693,Entry short,2018-10-29 06:35,QQQREP|S|v1.1.7-rep|P1/10/4,160.41,1189,190727.49,-904.83,-0.47,1.19,403.67,0.21,-904.23,-0.47,61154.41,244.62,5
694,Exit long,2018-10-30 12:55,EOD,157.68,722,112090.5,1753.74,1.56,0.72,1869.62,1.67,-671.82,-0.60,62908.15,251.63,76
694,Entry long,2018-10-30 06:35,QQQREP|L|v1.1.7-rep|P1/10/4,155.25,722,112090.5,1753.74,1.56,0.72,1869.62,1.67,-671.82,-0.60,62908.15,251.63,76
695,Exit long,2018-10-31 12:55,EOD,161.29,2190,351670.2,1552.71,0.44,2.19,4882.6,1.39,-745.69,-0.21,64460.85,257.84,76
695,Entry long,2018-10-31 06:35,QQQREP|L|v1.1.7-rep|P1/10/4,160.58,2190,351670.2,1552.71,0.44,2.19,4882.6,1.39,-745.69,-0.21,64460.85,257.84,76
696,Exit long,2018-11-01 06:45,STP,161.45,2091,338449.26,-859.4,-0.25,2.09,793.53,0.23,-858.36,-0.25,63601.45,254.41,2
696,Entry long,2018-11-01 06:35,QQQREP|L|v1.1.7-rep|P1/10/4,161.86,2091,338449.26,-859.4,-0.25,2.09,793.53,0.23,-858.36,-0.25,63601.45,254.41,2
697,Exit long,2018-11-02 07:00,STP,162.5,1456,237488.16,-889.62,-0.37,1.46,1353.35,0.57,-888.89,-0.37,62711.84,250.85,5
697,Entry long,2018-11-02 06:35,QQQREP|L|v1.1.7-rep|P1/10/4,163.11,1456,237488.16,-889.62,-0.37,1.46,1353.35,0.57,-888.89,-0.37,62711.84,250.85,5
698,Exit short,2018-11-05 12:55,EOD,160.62,1512,242948.16,89.21,0.04,1.51,2781.32,1.14,-454.36,-0.19,62801.04,251.20,76
698,Entry short,2018-11-05 06:35,QQQREP|S|v1.1.7-rep|P1/10/4,160.68,1512,242948.16,89.21,0.04,1.51,2781.32,1.14,-454.36,-0.19,62801.04,251.20,76
699,Exit long,2018-11-06 11:25,STP,160.58,832,134501.12,-899.39,-0.67,0.83,898.14,0.67,-898.98,-0.67,61901.65,247.61,58
699,Entry long,2018-11-06 06:35,QQQREP|L|v1.1.7-rep|P1/10/4,161.66,832,134501.12,-899.39,-0.67,0.83,898.14,0.67,-898.98,-0.67,61901.65,247.61,58
700,Exit long,2018-11-07 12:55,EOD,166.8,1632,267615.36,4600.61,1.72,1.63,4731.98,1.77,-490.42,-0.18,66502.26,266.01,76
700,Entry long,2018-11-07 06:35,QQQREP|L|v1.1.7-rep|P1/10/4,163.98,1632,267615.36,4600.61,1.72,1.63,4731.98,1.77,-490.42,-0.18,66502.26,266.01,76
701,Exit short,2018-11-08 06:50,STP,166.39,1503,249167.34,-918.33,-0.37,1.5,375,0.15,-917.58,-0.37,65583.93,262.34,3
701,Entry short,2018-11-08 06:35,QQQREP|S|v1.1.7-rep|P1/10/4,165.78,1503,249167.34,-918.33,-0.37,1.5,375,0.15,-917.58,-0.37,65583.93,262.34,3
702,Exit short,2018-11-12 12:55,EOD,158.27,781,125780.05,2170.4,1.73,0.78,2389.47,1.90,-8.2,-0.01,67754.33,271.02,76
702,Entry short,2018-11-12 06:35,QQQREP|S|v1.1.7-rep|P1/10/4,161.05,781,125780.05,2170.4,1.73,0.78,2389.47,1.90,-8.2,-0.01,67754.33,271.02,76
703,Exit long,2018-11-13 06:55,STP,158.88,965,154264.9,-946.66,-0.61,0.97,298.67,0.19,-946.18,-0.61,66807.66,267.23,4
703,Entry long,2018-11-13 06:35,QQQREP|L|v1.1.7-rep|P1/10/4,159.86,965,154264.9,-946.66,-0.61,0.97,298.67,0.19,-946.18,-0.61,66807.66,267.23,4
704,Exit short,2018-11-14 06:35,STP,160.2,1931,308438.63,-909.5,-0.29,1.93,636.26,0.21,-908.54,-0.29,65898.16,263.59,0
704,Entry short,2018-11-14 06:35,QQQREP|S|v1.1.7-rep|P1/10/4,159.73,1931,308438.63,-909.5,-0.29,1.93,636.26,0.21,-908.54,-0.29,65898.16,263.59,0
705,Exit long,2018-11-15 07:30,STP,156.08,1274,199775.94,-931.29,-0.47,1.27,1120.48,0.56,-930.66,-0.47,64966.87,259.87,11
705,Entry long,2018-11-15 06:35,QQQREP|L|v1.1.7-rep|P1/10/4,156.81,1274,199775.94,-931.29,-0.47,1.27,1120.48,0.56,-930.66,-0.47,64966.87,259.87,11
706,Exit short,2018-11-16 06:45,STP,158.45,2276,359744.56,-889.92,-0.25,2.28,1023.06,0.28,-888.78,-0.25,64076.95,256.31,2
706,Entry short,2018-11-16 06:35,QQQREP|S|v1.1.7-rep|P1/10/4,158.06,2276,359744.56,-889.92,-0.25,2.28,1023.06,0.28,-888.78,-0.25,64076.95,256.31,2
707,Exit short,2018-11-19 12:55,EOD,154.06,1615,255379.95,6571.44,2.57,1.62,7347.44,2.88,-243.06,-0.10,70648.38,282.59,76
707,Entry short,2018-11-19 06:35,QQQREP|S|v1.1.7-rep|P1/10/4,158.13,1615,255379.95,6571.44,2.57,1.62,7347.44,2.88,-243.06,-0.10,70648.38,282.59,76
708,Exit long,2018-11-20 06:55,STP,150.13,1156,174556,-1006.88,-0.58,1.16,1005.14,0.58,-1006.3,-0.58,69641.51,278.57,4
708,Entry long,2018-11-20 06:35,QQQREP|L|v1.1.7-rep|P1/10/4,151,1156,174556,-1006.88,-0.58,1.16,1005.14,0.58,-1006.3,-0.58,69641.51,278.57,4
709,Exit long,2018-11-21 06:40,STP,153.12,2118,325345.98,-1039.94,-0.32,2.12,337.82,0.10,-1038.88,-0.32,68601.57,274.41,1
709,Entry long,2018-11-21 06:35,QQQREP|L|v1.1.7-rep|P1/10/4,153.61,2118,325345.98,-1039.94,-0.32,2.12,337.82,0.10,-1038.88,-0.32,68601.57,274.41,1
710,Exit long,2018-11-23 10:00,STP,151.24,1047,159290.58,-943.35,-0.59,1.05,805.67,0.51,-942.82,-0.59,67658.23,270.63,41
710,Entry long,2018-11-23 06:35,QQQREP|L|v1.1.7-rep|P1/10/4,152.14,1047,159290.58,-943.35,-0.59,1.05,805.67,0.51,-942.82,-0.59,67658.23,270.63,41
711,Exit short,2018-11-26 06:40,STP,153.58,2416,370517.76,-533.94,-0.14,2.42,1158.47,0.31,-532.73,-0.14,67124.29,268.50,1
711,Entry short,2018-11-26 06:35,QQQREP|S|v1.1.7-rep|P1/10/4,153.36,2416,370517.76,-533.94,-0.14,2.42,1158.47,0.31,-532.73,-0.14,67124.29,268.50,1
712,Exit long,2018-11-27 06:35,STP,153.94,2387,368314.1,-861.71,-0.23,2.39,500.08,0.14,-860.51,-0.23,66262.58,265.05,0
712,Entry long,2018-11-27 06:35,QQQREP|L|v1.1.7-rep|P1/10/4,154.3,2387,368314.1,-861.71,-0.23,2.39,500.08,0.14,-860.51,-0.23,66262.58,265.05,0
713,Exit short,2018-11-28 09:00,STP,156.76,2333,364951.19,-772.22,-0.21,2.33,1841.9,0.50,-771.06,-0.21,65490.36,261.96,29
713,Entry short,2018-11-28 06:35,QQQREP|S|v1.1.7-rep|P1/10/4,156.43,2333,364951.19,-772.22,-0.21,2.33,1841.9,0.50,-771.06,-0.21,65490.36,261.96,29
714,Exit short,2018-11-29 10:45,STP,160.16,1830,292177.8,-916.83,-0.31,1.83,1938.89,0.66,-915.91,-0.31,64573.53,258.29,50
714,Entry short,2018-11-29 06:35,QQQREP|S|v1.1.7-rep|P1/10/4,159.66,1830,292177.8,-916.83,-0.31,1.83,1938.89,0.66,-915.91,-0.31,64573.53,258.29,50
715,Exit short,2018-11-30 07:30,STP,160.13,1449,231101.01,-928.81,-0.40,1.45,303.57,0.13,-928.08,-0.40,63644.72,254.58,11
715,Entry short,2018-11-30 06:35,QQQREP|S|v1.1.7-rep|P1/10/4,159.49,1449,231101.01,-928.81,-0.40,1.45,303.57,0.13,-928.08,-0.40,63644.72,254.58,11
716,Exit short,2018-12-03 12:55,EOD,163.78,1391,228360.47,541.1,0.24,1.39,2169.26,0.95,-557.1,-0.24,64185.82,256.74,76
716,Entry short,2018-12-03 06:35,QQQREP|S|v1.1.7-rep|P1/10/4,164.17,1391,228360.47,541.1,0.24,1.39,2169.26,0.95,-557.1,-0.24,64185.82,256.74,76
717,Exit short,2018-12-04 07:15,STP,163.33,1876,305562.88,-846.08,-0.28,1.88,711.94,0.23,-845.14,-0.28,63339.74,253.36,8
717,Entry short,2018-12-04 06:35,QQQREP|S|v1.1.7-rep|P1/10/4,162.88,1876,305562.88,-846.08,-0.28,1.88,711.94,0.23,-845.14,-0.28,63339.74,253.36,8
718,Exit long,2018-12-06 08:25,STP,154.04,1255,194336.75,-1017.8,-0.52,1.25,1505.37,0.77,-1017.18,-0.52,62321.94,249.29,22
718,Entry long,2018-12-06 06:35,QQQREP|L|v1.1.7-rep|P1/10/4,154.85,1255,194336.75,-1017.8,-0.52,1.25,1505.37,0.77,-1017.18,-0.52,62321.94,249.29,22
719,Exit long,2018-12-07 07:10,STP,157.7,2209,349287.08,-929.99,-0.27,2.21,1677.74,0.48,-928.88,-0.27,61391.95,245.57,7
719,Entry long,2018-12-07 06:35,QQQREP|L|v1.1.7-rep|P1/10/4,158.12,2209,349287.08,-929.99,-0.27,2.21,1677.74,0.48,-928.88,-0.27,61391.95,245.57,7
720,Exit long,2018-12-10 06:50,STP,153.08,841,129606.51,-867.07,-0.67,0.84,521,0.40,-866.65,-0.67,60524.88,242.10,3
720,Entry long,2018-12-10 06:35,QQQREP|L|v1.1.7-rep|P1/10/4,154.11,841,129606.51,-867.07,-0.67,0.84,521,0.40,-866.65,-0.67,60524.88,242.10,3
721,Exit short,2018-12-11 12:55,EOD,155.5,1835,288388.6,3044.27,1.06,1.84,5375.63,1.86,-679.87,-0.24,63569.14,254.28,76
721,Entry short,2018-12-11 06:35,QQQREP|S|v1.1.7-rep|P1/10/4,157.16,1835,288388.6,3044.27,1.06,1.84,5375.63,1.86,-679.87,-0.24,63569.14,254.28,76
722,Exit short,2018-12-12 06:55,STP,157.9,2248,354239.84,-721.61,-0.20,2.25,853.12,0.24,-720.48,-0.20,62847.54,251.39,4
722,Entry short,2018-12-12 06:35,QQQREP|S|v1.1.7-rep|P1/10/4,157.58,2248,354239.84,-721.61,-0.20,2.25,853.12,0.24,-720.48,-0.20,62847.54,251.39,4
723,Exit short,2018-12-13 06:35,STP,158.04,1925,303303,-925.92,-0.31,1.93,114.54,0.04,-924.96,-0.30,61921.61,247.69,0
723,Entry short,2018-12-13 06:35,QQQREP|S|v1.1.7-rep|P1/10/4,157.56,1925,303303,-925.92,-0.31,1.93,114.54,0.04,-924.96,-0.30,61921.61,247.69,0
724,Exit short,2018-12-14 06:45,STP,155.2,2151,332845.74,-991.61,-0.30,2.15,816.3,0.25,-990.54,-0.30,60930,243.72,2
724,Entry short,2018-12-14 06:35,QQQREP|S|v1.1.7-rep|P1/10/4,154.74,2151,332845.74,-991.61,-0.30,2.15,816.3,0.25,-990.54,-0.30,60930,243.72,2
725,Exit short,2018-12-17 07:25,STP,152.63,2256,343566.24,-769.3,-0.22,2.26,3315.19,0.96,-768.17,-0.22,60160.7,240.64,10
725,Entry short,2018-12-17 06:35,QQQREP|S|v1.1.7-rep|P1/10/4,152.29,2256,343566.24,-769.3,-0.22,2.26,3315.19,0.96,-768.17,-0.22,60160.7,240.64,10
726,Exit long,2018-12-19 11:00,STP,150.15,1298,195777.34,-883.94,-0.45,1.3,2543.43,1.30,-883.29,-0.45,59276.77,237.11,53
726,Entry long,2018-12-19 06:35,QQQREP|L|v1.1.7-rep|P1/10/4,150.83,1298,195777.34,-883.94,-0.45,1.3,2543.43,1.30,-883.29,-0.45,59276.77,237.11,53
727,Exit long,2018-12-20 06:40,STP,146.32,687,101353.11,-831.96,-0.82,0.69,75.23,0.07,-831.61,-0.82,58444.81,233.78,1
727,Entry long,2018-12-20 06:35,QQQREP|L|v1.1.7-rep|P1/10/4,147.53,687,101353.11,-831.96,-0.82,0.69,75.23,0.07,-831.61,-0.82,58444.81,233.78,1
728,Exit long,2018-12-21 06:40,STP,145.26,1755,255791.25,-861.7,-0.34,1.76,262.37,0.10,-860.83,-0.34,57583.1,230.33,1
728,Entry long,2018-12-21 06:35,QQQREP|L|v1.1.7-rep|P1/10/4,145.75,1755,255791.25,-861.7,-0.34,1.76,262.37,0.10,-860.83,-0.34,57583.1,230.33,1
729,Exit long,2018-12-24 06:40,STP,138.99,671,94107.75,-846.13,-0.90,0.67,60.05,0.06,-845.8,-0.90,56736.97,226.95,1
729,Entry long,2018-12-24 06:35,QQQREP|L|v1.1.7-rep|P1/10/4,140.25,671,94107.75,-846.13,-0.90,0.67,60.05,0.06,-845.8,-0.90,56736.97,226.95,1
730,Exit long,2018-12-26 07:05,STP,138.34,816,113734.08,-849.46,-0.75,0.82,587.11,0.52,-849.05,-0.75,55887.52,223.55,6
730,Entry long,2018-12-26 06:35,QQQREP|L|v1.1.7-rep|P1/10/4,139.38,816,113734.08,-849.46,-0.75,0.82,587.11,0.52,-849.05,-0.75,55887.52,223.55,6
731,Exit short,2018-12-27 06:35,STP,143.78,2255,323592.5,-633.65,-0.20,2.26,855.77,0.26,-632.53,-0.20,55253.86,221.02,0
731,Entry short,2018-12-27 06:35,QQQREP|S|v1.1.7-rep|P1/10/4,143.5,2255,323592.5,-633.65,-0.20,2.26,855.77,0.26,-632.53,-0.20,55253.86,221.02,0
732,Exit short,2018-12-28 06:45,STP,147.03,833,121659.65,-817.17,-0.67,0.83,391.09,0.32,-816.76,-0.67,54436.69,217.75,2
732,Entry short,2018-12-28 06:35,QQQREP|S|v1.1.7-rep|P1/10/4,146.05,833,121659.65,-817.17,-0.67,0.83,391.09,0.32,-816.76,-0.67,54436.69,217.75,2
733,Exit long,2018-12-31 06:50,STP,147.02,1666,245735,-801.35,-0.33,1.67,432.33,0.18,-800.51,-0.33,53635.34,214.54,3
733,Entry long,2018-12-31 06:35,QQQREP|L|v1.1.7-rep|P1/10/4,147.5,1666,245735,-801.35,-0.33,1.67,432.33,0.18,-800.51,-0.33,53635.34,214.54,3
734,Exit long,2019-01-02 12:55,EOD,147.67,1129,163230.82,3487.48,2.14,1.13,4402.54,2.70,-395.71,-0.24,57122.82,228.49,76
734,Entry long,2019-01-02 06:35,QQQREP|L|v1.1.7-rep|P1/10/4,144.58,1129,163230.82,3487.48,2.14,1.13,4402.54,2.70,-395.71,-0.24,57122.82,228.49,76
735,Exit long,2019-01-03 06:35,STP,145.5,2251,328330.86,-812.61,-0.25,2.25,21.38,0.01,-811.49,-0.25,56310.21,225.24,0
735,Entry long,2019-01-03 06:35,QQQREP|L|v1.1.7-rep|P1/10/4,145.86,2251,328330.86,-812.61,-0.25,2.25,21.38,0.01,-811.49,-0.25,56310.21,225.24,0
736,Exit short,2019-01-04 06:35,STP,145.24,2243,325190.14,-585.42,-0.18,2.24,425.05,0.13,-584.3,-0.18,55724.79,222.90,0
736,Entry short,2019-01-04 06:35,QQQREP|S|v1.1.7-rep|P1/10/4,144.98,2243,325190.14,-585.42,-0.18,2.24,425.05,0.13,-584.3,-0.18,55724.79,222.90,0
737,Exit long,2019-01-07 06:35,STP,148.96,1924,287387.88,-790.76,-0.28,1.92,18.28,0.01,-789.8,-0.27,54934.02,219.74,0
737,Entry long,2019-01-07 06:35,QQQREP|L|v1.1.7-rep|P1/10/4,149.37,1924,287387.88,-790.76,-0.28,1.92,18.28,0.01,-789.8,-0.27,54934.02,219.74,0
738,Exit long,2019-01-08 06:45,STP,152.04,1581,241181.55,-807.89,-0.33,1.58,141.5,0.06,-807.1,-0.33,54126.13,216.50,2
738,Entry long,2019-01-08 06:35,QQQREP|L|v1.1.7-rep|P1/10/4,152.55,1581,241181.55,-807.89,-0.33,1.58,141.5,0.06,-807.1,-0.33,54126.13,216.50,2
739,Exit short,2019-01-09 06:35,STP,152.78,2072,316311.52,-250.71,-0.08,2.07,81.84,0.03,-249.68,-0.08,53875.42,215.50,0
739,Entry short,2019-01-09 06:35,QQQREP|S|v1.1.7-rep|P1/10/4,152.66,2072,316311.52,-250.71,-0.08,2.07,81.84,0.03,-249.68,-0.08,53875.42,215.50,0
740,Exit short,2019-01-10 07:20,STP,152.25,1880,285440.4,-791.48,-0.28,1.88,957.86,0.34,-790.54,-0.28,53083.94,212.34,9
740,Entry short,2019-01-10 06:35,QQQREP|S|v1.1.7-rep|P1/10/4,151.83,1880,285440.4,-791.48,-0.28,1.88,957.86,0.34,-790.54,-0.28,53083.94,212.34,9
741,Exit long,2019-01-11 06:35,STP,152.66,2042,312201.38,-471.7,-0.15,2.04,182.76,0.06,-470.68,-0.15,52612.24,210.45,0
741,Entry long,2019-01-11 06:35,QQQREP|L|v1.1.7-rep|P1/10/4,152.89,2042,312201.38,-471.7,-0.15,2.04,182.76,0.06,-470.68,-0.15,52612.24,210.45,0
742,Exit short,2019-01-14 07:15,STP,151.92,1312,198531.84,-788.51,-0.40,1.31,156.78,0.08,-787.86,-0.40,51823.73,207.29,8
742,Entry short,2019-01-14 06:35,QQQREP|S|v1.1.7-rep|P1/10/4,151.32,1312,198531.84,-788.51,-0.40,1.31,156.78,0.08,-787.86,-0.40,51823.73,207.29,8
743,Exit long,2019-01-15 12:55,EOD,154.84,1549,236935.04,2910.57,1.23,1.55,3190.17,1.35,-0.77,0.00,54734.3,218.94,76
743,Entry long,2019-01-15 06:35,QQQREP|L|v1.1.7-rep|P1/10/4,152.96,1549,236935.04,2910.57,1.23,1.55,3190.17,1.35,-0.77,0.00,54734.3,218.94,76
744,Exit long,2019-01-16 07:40,STP,154.98,1900,295336,-875.9,-0.30,1.9,1348.05,0.46,-874.95,-0.30,53858.4,215.43,13
744,Entry long,2019-01-16 06:35,QQQREP|L|v1.1.7-rep|P1/10/4,155.44,1900,295336,-875.9,-0.30,1.9,1348.05,0.46,-874.95,-0.30,53858.4,215.43,13
745,Exit long,2019-01-17 12:55,EOD,156,2043,315316.62,3389.34,1.07,2.04,4800.03,1.52,-21.45,-0.01,57247.73,228.99,76
745,Entry long,2019-01-17 06:35,QQQREP|L|v1.1.7-rep|P1/10/4,154.34,2043,315316.62,3389.34,1.07,2.04,4800.03,1.52,-21.45,-0.01,57247.73,228.99,76
746,Exit short,2019-01-18 07:40,STP,157.31,2095,328956.9,-609.64,-0.19,2.1,1716.85,0.52,-608.6,-0.19,56638.09,226.55,13
746,Entry short,2019-01-18 06:35,QQQREP|S|v1.1.7-rep|P1/10/4,157.02,2095,328956.9,-609.64,-0.19,2.1,1716.85,0.52,-608.6,-0.19,56638.09,226.55,13
747,Exit short,2019-01-22 10:15,TGT,154.14,2089,326448.03,4447.48,1.36,2.09,4448.53,1.36,-335.28,-0.10,61085.57,244.34,44
747,Entry short,2019-01-22 06:35,QQQREP|S|v1.1.7-rep|P1/10/4,156.27,2089,326448.03,4447.48,1.36,2.09,4448.53,1.36,-335.28,-0.10,61085.57,244.34,44
748,Exit long,2019-01-23 07:20,STP,155.12,2215,344255.3,-666.71,-0.19,2.22,1039.94,0.30,-665.61,-0.19,60418.86,241.68,9
748,Entry long,2019-01-23 06:35,QQQREP|L|v1.1.7-rep|P1/10/4,155.42,2215,344255.3,-666.71,-0.19,2.22,1039.94,0.30,-665.61,-0.19,60418.86,241.68,9
749,Exit long,2019-01-24 06:40,STP,154.8,2201,341551.18,-838.58,-0.25,2.2,483.12,0.14,-837.48,-0.25,59580.27,238.32,1
749,Entry long,2019-01-24 06:35,QQQREP|L|v1.1.7-rep|P1/10/4,155.18,2201,341551.18,-838.58,-0.25,2.2,483.12,0.14,-837.48,-0.25,59580.27,238.32,1
750,Exit short,2019-01-25 06:50,STP,156.88,1971,308343.24,-869.21,-0.28,1.97,196.11,0.06,-868.23,-0.28,58711.06,234.84,3
750,Entry short,2019-01-25 06:35,QQQREP|S|v1.1.7-rep|P1/10/4,156.44,1971,308343.24,-869.21,-0.28,1.97,196.11,0.06,-868.23,-0.28,58711.06,234.84,3
751,Exit short,2019-01-28 12:55,STP,155.51,1488,230550.72,-849.65,-0.37,1.49,1070.62,0.46,-848.9,-0.37,57861.41,231.45,76
751,Entry short,2019-01-28 06:35,QQQREP|S|v1.1.7-rep|P1/10/4,154.94,1488,230550.72,-849.65,-0.37,1.49,1070.62,0.46,-848.9,-0.37,57861.41,231.45,76
752,Exit short,2019-01-29 06:40,TGT,155.03,2130,331385.4,1169.37,0.35,2.13,1170.44,0.35,-22.36,-0.01,59030.79,236.12,1
752,Entry short,2019-01-29 06:35,QQQREP|S|v1.1.7-rep|P1/10/4,155.58,2130,331385.4,1169.37,0.35,2.13,1170.44,0.35,-22.36,-0.01,59030.79,236.12,1
753,Exit long,2019-01-30 06:55,STP,155.69,2154,336024,-669.89,-0.20,2.15,580.5,0.17,-668.82,-0.20,58360.89,233.44,4
753,Entry long,2019-01-30 06:35,QQQREP|L|v1.1.7-rep|P1/10/4,156,2154,336024,-669.89,-0.20,2.15,580.5,0.17,-668.82,-0.20,58360.89,233.44,4
754,Exit short,2019-01-31 06:45,STP,159.14,2099,333426.15,-610.81,-0.18,2.1,271.82,0.08,-609.76,-0.18,57750.08,231.00,2
754,Entry short,2019-01-31 06:35,QQQREP|S|v1.1.7-rep|P1/10/4,158.85,2099,333426.15,-610.81,-0.18,2.1,271.82,0.08,-609.76,-0.18,57750.08,231.00,2
755,Exit long,2019-02-01 11:05,STP,159.44,2072,330877.68,-520.07,-0.16,2.07,2174.56,0.66,-519.04,-0.16,57230.01,228.92,54
755,Entry long,2019-02-01 06:35,QQQREP|L|v1.1.7-rep|P1/10/4,159.69,2072,330877.68,-520.07,-0.16,2.07,2174.56,0.66,-519.04,-0.16,57230.01,228.92,54
756,Exit long,2019-02-04 06:35,STP,159.56,2056,328754.4,-701.1,-0.21,2.06,142.89,0.04,-700.07,-0.21,56528.91,226.12,0
756,Entry long,2019-02-04 06:35,QQQREP|L|v1.1.7-rep|P1/10/4,159.9,2056,328754.4,-701.1,-0.21,2.06,142.89,0.04,-700.07,-0.21,56528.91,226.12,0
757,Exit long,2019-02-05 12:55,EOD,163.05,1401,227480.37,951.28,0.42,1.4,1218.17,0.54,-449.02,-0.20,57480.2,229.92,76
757,Entry long,2019-02-05 06:35,QQQREP|L|v1.1.7-rep|P1/10/4,162.37,1401,227480.37,951.28,0.42,1.4,1218.17,0.54,-449.02,-0.20,57480.2,229.92,76
758,Exit long,2019-02-06 06:35,STP,163.06,2021,329928.25,-386.01,-0.12,2.02,59.62,0.02,-385,-0.12,57094.18,228.38,0
758,Entry long,2019-02-06 06:35,QQQREP|L|v1.1.7-rep|P1/10/4,163.25,2021,329928.25,-386.01,-0.12,2.02,59.62,0.02,-385,-0.12,57094.18,228.38,0
759,Exit short,2019-02-07 07:20,STP,161.17,2040,328276.8,-512.04,-0.16,2.04,876.18,0.27,-511.02,-0.16,56582.15,226.33,9
759,Entry short,2019-02-07 06:35,QQQREP|S|v1.1.7-rep|P1/10/4,160.92,2040,328276.8,-512.04,-0.16,2.04,876.18,0.27,-511.02,-0.16,56582.15,226.33,9
760,Exit long,2019-02-08 06:45,STP,158.94,1645,262278.8,-824.14,-0.31,1.65,344.63,0.13,-823.32,-0.31,55758,223.03,2
760,Entry long,2019-02-08 06:35,QQQREP|L|v1.1.7-rep|P1/10/4,159.44,1645,262278.8,-824.14,-0.31,1.65,344.63,0.13,-823.32,-0.31,55758,223.03,2
761,Exit long,2019-02-11 06:40,STP,161.12,2000,323100,-862,-0.27,2,259,0.08,-861,-0.27,54896,219.58,1
761,Entry long,2019-02-11 06:35,QQQREP|L|v1.1.7-rep|P1/10/4,161.55,2000,323100,-862,-0.27,2,259,0.08,-861,-0.27,54896,219.58,1
762,Exit short,2019-02-12 06:35,STP,161.79,1976,319499.44,-199.58,-0.06,1.98,18.77,0.01,-198.59,-0.06,54696.42,218.79,0
762,Entry short,2019-02-12 06:35,QQQREP|S|v1.1.7-rep|P1/10/4,161.69,1976,319499.44,-199.58,-0.06,1.98,18.77,0.01,-198.59,-0.06,54696.42,218.79,0
763,Exit long,2019-02-13 07:10,STP,163.48,1945,318727.15,-760.49,-0.24,1.95,504.73,0.16,-759.52,-0.24,53935.93,215.74,7
763,Entry long,2019-02-13 06:35,QQQREP|L|v1.1.7-rep|P1/10/4,163.87,1945,318727.15,-760.49,-0.24,1.95,504.73,0.16,-759.52,-0.24,53935.93,215.74,7
764,Exit short,2019-02-14 06:35,STP,162.54,1944,315608.4,-371.3,-0.12,1.94,310.07,0.10,-370.33,-0.12,53564.62,214.26,0
764,Entry short,2019-02-14 06:35,QQQREP|S|v1.1.7-rep|P1/10/4,162.35,1944,315608.4,-371.3,-0.12,1.94,310.07,0.10,-370.33,-0.12,53564.62,214.26,0
765,Exit short,2019-02-15 12:55,EOD,163.95,1872,307120.32,204.05,0.07,1.87,1665.14,0.54,-394.06,-0.13,53768.67,215.07,76
765,Entry short,2019-02-15 06:35,QQQREP|S|v1.1.7-rep|P1/10/4,164.06,1872,307120.32,204.05,0.07,1.87,1665.14,0.54,-394.06,-0.13,53768.67,215.07,76
766,Exit long,2019-02-19 12:55,EOD,164.24,1796,294328.48,644.76,0.22,1.8,1561.62,0.53,-0.9,0.00,54413.43,217.65,76
766,Entry long,2019-02-19 06:35,QQQREP|L|v1.1.7-rep|P1/10/4,163.88,1796,294328.48,644.76,0.22,1.8,1561.62,0.53,-0.9,0.00,54413.43,217.65,76
767,Exit long,2019-02-20 09:05,STP,164.31,1930,317542.9,-426.53,-0.13,1.93,944.74,0.30,-425.56,-0.13,53986.91,215.95,30
767,Entry long,2019-02-20 06:35,QQQREP|L|v1.1.7-rep|P1/10/4,164.53,1930,317542.9,-426.53,-0.13,1.93,944.74,0.30,-425.56,-0.13,53986.91,215.95,30
768,Exit long,2019-02-21 06:35,STP,163.75,1927,315854.57,-310.25,-0.10,1.93,18.31,0.01,-309.28,-0.10,53676.66,214.71,0
768,Entry long,2019-02-21 06:35,QQQREP|L|v1.1.7-rep|P1/10/4,163.91,1927,315854.57,-310.25,-0.10,1.93,18.31,0.01,-309.28,-0.10,53676.66,214.71,0
769,Exit long,2019-02-22 06:40,STP,163.94,1917,314598.87,-327.81,-0.10,1.92,363.27,0.12,-326.85,-0.10,53348.85,213.40,1
769,Entry long,2019-02-22 06:35,QQQREP|L|v1.1.7-rep|P1/10/4,164.11,1917,314598.87,-327.81,-0.10,1.92,363.27,0.12,-326.85,-0.10,53348.85,213.40,1
770,Exit long,2019-02-25 06:55,STP,166.03,1885,313400.1,-435.43,-0.14,1.89,451.46,0.14,-434.49,-0.14,52913.41,211.65,4
770,Entry long,2019-02-25 06:35,QQQREP|L|v1.1.7-rep|P1/10/4,166.26,1885,313400.1,-435.43,-0.14,1.89,451.46,0.14,-434.49,-0.14,52913.41,211.65,4
771,Exit short,2019-02-26 06:35,STP,165.13,1890,311623.2,-474.39,-0.15,1.89,131.35,0.04,-473.44,-0.15,52439.03,209.76,0
771,Entry short,2019-02-26 06:35,QQQREP|S|v1.1.7-rep|P1/10/4,164.88,1890,311623.2,-474.39,-0.15,1.89,131.35,0.04,-473.44,-0.15,52439.03,209.76,0
772,Exit long,2019-02-27 06:55,STP,164.83,1875,309581.25,-526.87,-0.17,1.88,561.56,0.18,-525.94,-0.17,51912.15,207.65,4
772,Entry long,2019-02-27 06:35,QQQREP|L|v1.1.7-rep|P1/10/4,165.11,1875,309581.25,-526.87,-0.17,1.88,561.56,0.18,-525.94,-0.17,51912.15,207.65,4
773,Exit long,2019-02-28 07:05,STP,164.85,1863,307599.93,-486.24,-0.16,1.86,725.64,0.24,-485.31,-0.16,51425.91,205.70,6
773,Entry long,2019-02-28 06:35,QQQREP|L|v1.1.7-rep|P1/10/4,165.11,1863,307599.93,-486.24,-0.16,1.86,725.64,0.24,-485.31,-0.16,51425.91,205.70,6
774,Exit short,2019-03-01 11:25,STP,166.44,1839,305696.97,-388.03,-0.13,1.84,2040.37,0.67,-387.11,-0.13,51037.88,204.15,58
774,Entry short,2019-03-01 06:35,QQQREP|S|v1.1.7-rep|P1/10/4,166.23,1839,305696.97,-388.03,-0.13,1.84,2040.37,0.67,-387.11,-0.13,51037.88,204.15,58
775,Exit long,2019-03-04 07:10,STP,167.19,1817,304129.46,-347.05,-0.11,1.82,398.83,0.13,-346.14,-0.11,50690.83,202.76,7
775,Entry long,2019-03-04 06:35,QQQREP|L|v1.1.7-rep|P1/10/4,167.38,1817,304129.46,-347.05,-0.11,1.82,398.83,0.13,-346.14,-0.11,50690.83,202.76,7
776,Exit short,2019-03-05 06:35,STP,166.45,1822,302670.64,-603.08,-0.20,1.82,90.19,0.03,-602.17,-0.20,50087.75,200.35,0
776,Entry short,2019-03-05 06:35,QQQREP|S|v1.1.7-rep|P1/10/4,166.12,1822,302670.64,-603.08,-0.20,1.82,90.19,0.03,-602.17,-0.20,50087.75,200.35,0
777,Exit short,2019-03-06 12:55,EOD,165.44,1804,300257.76,1802.2,0.60,1.8,2199.98,0.73,-199.34,-0.07,51889.95,207.56,76
777,Entry short,2019-03-06 06:35,QQQREP|S|v1.1.7-rep|P1/10/4,166.44,1804,300257.76,1802.2,0.60,1.8,2199.98,0.73,-199.34,-0.07,51889.95,207.56,76
778,Exit short,2019-03-07 12:55,EOD,163.44,1865,307445.25,2627.79,0.85,1.87,3766.37,1.23,-0.93,0.00,54517.73,218.07,76
778,Entry short,2019-03-07 06:35,QQQREP|S|v1.1.7-rep|P1/10/4,164.85,1865,307445.25,2627.79,0.85,1.87,3766.37,1.23,-0.93,0.00,54517.73,218.07,76
779,Exit short,2019-03-08 06:45,STP,161.95,1968,318009.12,-710.45,-0.22,1.97,195.82,0.06,-709.46,-0.22,53807.28,215.23,2
779,Entry short,2019-03-08 06:35,QQQREP|S|v1.1.7-rep|P1/10/4,161.59,1968,318009.12,-710.45,-0.22,1.97,195.82,0.06,-709.46,-0.22,53807.28,215.23,2
780,Exit long,2019-03-11 12:55,EOD,166.6,1653,271687.08,3701.07,1.36,1.65,3867.19,1.42,-0.83,0.00,57508.35,230.03,76
780,Entry long,2019-03-11 06:35,QQQREP|L|v1.1.7-rep|P1/10/4,164.36,1653,271687.08,3701.07,1.36,1.65,3867.19,1.42,-0.83,0.00,57508.35,230.03,76
781,Exit short,2019-03-12 06:35,STP,167.03,1978,329969.96,-417.36,-0.13,1.98,216.59,0.07,-416.37,-0.13,57090.99,228.36,0
781,Entry short,2019-03-12 06:35,QQQREP|S|v1.1.7-rep|P1/10/4,166.82,1978,329969.96,-417.36,-0.13,1.98,216.59,0.07,-416.37,-0.13,57090.99,228.36,0
782,Exit short,2019-03-13 06:35,STP,168.39,1951,328372.81,-158.03,-0.05,1.95,174.61,0.05,-157.06,-0.05,56932.96,227.73,0
782,Entry short,2019-03-13 06:35,QQQREP|S|v1.1.7-rep|P1/10/4,168.31,1951,328372.81,-158.03,-0.05,1.95,174.61,0.05,-157.06,-0.05,56932.96,227.73,0
783,Exit short,2019-03-14 09:00,STP,169,1942,327654.24,-545.7,-0.17,1.94,562.21,0.17,-544.73,-0.17,56387.26,225.55,29
783,Entry short,2019-03-14 06:35,QQQREP|S|v1.1.7-rep|P1/10/4,168.72,1942,327654.24,-545.7,-0.17,1.94,562.21,0.17,-544.73,-0.17,56387.26,225.55,29
784,Exit short,2019-03-15 06:40,STP,169.24,1925,325479,-309.92,-0.10,1.93,114.54,0.04,-308.96,-0.09,56077.34,224.31,1
784,Entry short,2019-03-15 06:35,QQQREP|S|v1.1.7-rep|P1/10/4,169.08,1925,325479,-309.92,-0.10,1.93,114.54,0.04,-308.96,-0.09,56077.34,224.31,1
785,Exit long,2019-03-18 08:25,STP,169.95,1904,324232.16,-649.26,-0.20,1.9,1274.73,0.39,-648.31,-0.20,55428.07,221.71,22
785,Entry long,2019-03-18 06:35,QQQREP|L|v1.1.7-rep|P1/10/4,170.29,1904,324232.16,-649.26,-0.20,1.9,1274.73,0.39,-648.31,-0.20,55428.07,221.71,22
786,Exit long,2019-03-19 06:40,STP,171.11,1878,321663.84,-321.14,-0.10,1.88,224.42,0.07,-320.2,-0.10,55106.93,220.43,1
786,Entry long,2019-03-19 06:35,QQQREP|L|v1.1.7-rep|P1/10/4,171.28,1878,321663.84,-321.14,-0.10,1.88,224.42,0.07,-320.2,-0.10,55106.93,220.43,1
787,Exit short,2019-03-20 07:05,STP,171.07,1875,320400,-358.12,-0.11,1.88,711.56,0.22,-357.19,-0.11,54748.81,219.00,6
787,Entry short,2019-03-20 06:35,QQQREP|S|v1.1.7-rep|P1/10/4,170.88,1875,320400,-358.12,-0.11,1.88,711.56,0.22,-357.19,-0.11,54748.81,219.00,6
788,Exit long,2019-03-21 12:55,EOD,174.36,1860,319027.2,5280.54,1.66,1.86,5765.07,1.81,-0.93,0.00,60029.35,240.12,76
788,Entry long,2019-03-21 06:35,QQQREP|L|v1.1.7-rep|P1/10/4,171.52,1860,319027.2,5280.54,1.66,1.86,5765.07,1.81,-0.93,0.00,60029.35,240.12,76
789,Exit long,2019-03-22 06:45,STP,173.52,1956,340128.84,-725.68,-0.21,1.96,370.66,0.11,-724.7,-0.21,59303.67,237.21,2
789,Entry long,2019-03-22 06:35,QQQREP|L|v1.1.7-rep|P1/10/4,173.89,1956,340128.84,-725.68,-0.21,1.96,370.66,0.11,-724.7,-0.21,59303.67,237.21,2
790,Exit short,2019-03-25 06:35,STP,170,1984,337160.96,-121.02,-0.04,1.98,18.85,0.01,-120.03,-0.04,59182.65,236.73,0
790,Entry short,2019-03-25 06:35,QQQREP|S|v1.1.7-rep|P1/10/4,169.94,1984,337160.96,-121.02,-0.04,1.98,18.85,0.01,-120.03,-0.04,59182.65,236.73,0
791,Exit long,2019-03-26 08:45,STP,171.5,1961,336644.87,-335.33,-0.10,1.96,1783.53,0.53,-334.35,-0.10,58847.32,235.39,26
791,Entry long,2019-03-26 06:35,QQQREP|L|v1.1.7-rep|P1/10/4,171.67,1961,336644.87,-335.33,-0.10,1.96,1783.53,0.53,-334.35,-0.10,58847.32,235.39,26
792,Exit long,2019-03-27 06:35,STP,171.22,1957,335390.66,-315.08,-0.09,1.96,312.14,0.09,-314.1,-0.09,58532.24,234.13,0
792,Entry long,2019-03-27 06:35,QQQREP|L|v1.1.7-rep|P1/10/4,171.38,1957,335390.66,-315.08,-0.09,1.96,312.14,0.09,-314.1,-0.09,58532.24,234.13,0
793,Exit short,2019-03-28 06:55,STP,170.55,1507,256159.86,-860.5,-0.34,1.51,255.44,0.10,-859.74,-0.34,57671.74,230.69,4
793,Entry short,2019-03-28 06:35,QQQREP|S|v1.1.7-rep|P1/10/4,169.98,1507,256159.86,-860.5,-0.34,1.51,255.44,0.10,-859.74,-0.34,57671.74,230.69,4
794,Exit short,2019-03-29 12:00,STP,171.7,1928,330748.4,-291.13,-0.09,1.93,1849.92,0.56,-290.16,-0.09,57380.61,229.52,65
794,Entry short,2019-03-29 06:35,QQQREP|S|v1.1.7-rep|P1/10/4,171.55,1928,330748.4,-291.13,-0.09,1.93,1849.92,0.56,-290.16,-0.09,57380.61,229.52,65
795,Exit long,2019-04-01 06:35,STP,173.3,1900,329460,-191.9,-0.06,1.9,189.05,0.06,-190.95,-0.06,57188.72,228.75,0
795,Entry long,2019-04-01 06:35,QQQREP|L|v1.1.7-rep|P1/10/4,173.4,1900,329460,-191.9,-0.06,1.9,189.05,0.06,-190.95,-0.06,57188.72,228.75,0
796,Exit short,2019-04-02 06:35,STP,174.08,1890,328708.8,-304.29,-0.09,1.89,112.46,0.03,-303.35,-0.09,56884.43,227.54,0
796,Entry short,2019-04-02 06:35,QQQREP|S|v1.1.7-rep|P1/10/4,173.92,1890,328708.8,-304.29,-0.09,1.89,112.46,0.03,-303.35,-0.09,56884.43,227.54,0
797,Exit short,2019-04-03 06:40,STP,175.52,1868,327516.44,-356.79,-0.11,1.87,111.15,0.03,-355.85,-0.11,56527.64,226.11,1
797,Entry short,2019-04-03 06:35,QQQREP|S|v1.1.7-rep|P1/10/4,175.33,1868,327516.44,-356.79,-0.11,1.87,111.15,0.03,-355.85,-0.11,56527.64,226.11,1
798,Exit long,2019-04-04 07:20,STP,175.52,1855,325979.15,-391.4,-0.12,1.86,908.02,0.28,-390.48,-0.12,56136.23,224.54,9
798,Entry long,2019-04-04 06:35,QQQREP|L|v1.1.7-rep|P1/10/4,175.73,1855,325979.15,-391.4,-0.12,1.86,908.02,0.28,-390.48,-0.12,56136.23,224.54,9
799,Exit short,2019-04-05 06:35,STP,176.15,1843,324386.43,-259.86,-0.08,1.84,109.66,0.03,-258.94,-0.08,55876.37,223.51,0
799,Entry short,2019-04-05 06:35,QQQREP|S|v1.1.7-rep|P1/10/4,176.01,1843,324386.43,-259.86,-0.08,1.84,109.66,0.03,-258.94,-0.08,55876.37,223.51,0
800,Exit short,2019-04-08 07:30,STP,176.14,1840,323435.2,-664.24,-0.21,1.84,716.68,0.22,-663.32,-0.21,55212.13,220.85,11
800,Entry short,2019-04-08 06:35,QQQREP|S|v1.1.7-rep|P1/10/4,175.78,1840,323435.2,-664.24,-0.21,1.84,716.68,0.22,-663.32,-0.21,55212.13,220.85,11
801,Exit short,2019-04-09 06:35,STP,176.25,1821,320714.52,-238.55,-0.07,1.82,272.24,0.08,-237.64,-0.07,54973.58,219.89,0
801,Entry short,2019-04-09 06:35,QQQREP|S|v1.1.7-rep|P1/10/4,176.12,1821,320714.52,-238.55,-0.07,1.82,272.24,0.08,-237.64,-0.07,54973.58,219.89,0
802,Exit short,2019-04-10 06:35,STP,176.51,1813,319867.59,-146.85,-0.05,1.81,0,0.00,-145.95,-0.05,54826.72,219.31,0
802,Entry short,2019-04-10 06:35,QQQREP|S|v1.1.7-rep|P1/10/4,176.43,1813,319867.59,-146.85,-0.05,1.81,0,0.00,-145.95,-0.05,54826.72,219.31,0
803,Exit short,2019-04-11 12:55,EOD,176.76,1800,319140,970.2,0.30,1.8,1601.1,0.50,-0.9,0.00,55796.93,223.19,76
803,Entry short,2019-04-11 06:35,QQQREP|S|v1.1.7-rep|P1/10/4,177.3,1800,319140,970.2,0.30,1.8,1601.1,0.50,-0.9,0.00,55796.93,223.19,76
804,Exit short,2019-04-12 06:40,STP,177.54,1821,323063.61,-238.55,-0.07,1.82,126.56,0.04,-237.64,-0.07,55558.37,222.23,1
804,Entry short,2019-04-12 06:35,QQQREP|S|v1.1.7-rep|P1/10/4,177.41,1821,323063.61,-238.55,-0.07,1.82,126.56,0.04,-237.64,-0.07,55558.37,222.23,1
805,Exit long,2019-04-15 06:45,STP,177.47,1813,322115.71,-364.41,-0.11,1.81,89.74,0.03,-363.51,-0.11,55193.96,220.78,2
805,Entry long,2019-04-15 06:35,QQQREP|L|v1.1.7-rep|P1/10/4,177.67,1813,322115.71,-364.41,-0.11,1.81,89.74,0.03,-363.51,-0.11,55193.96,220.78,2
806,Exit short,2019-04-16 06:40,STP,178.19,1802,320774.02,-326.16,-0.10,1.8,71.18,0.02,-325.26,-0.10,54867.8,219.47,1
806,Entry short,2019-04-16 06:35,QQQREP|S|v1.1.7-rep|P1/10/4,178.01,1802,320774.02,-326.16,-0.10,1.8,71.18,0.02,-325.26,-0.10,54867.8,219.47,1
807,Exit short,2019-04-17 12:55,EOD,178.75,1781,319297.68,942.15,0.30,1.78,1869.16,0.59,-54.32,-0.02,55809.95,223.24,76
807,Entry short,2019-04-17 06:35,QQQREP|S|v1.1.7-rep|P1/10/4,179.28,1781,319297.68,942.15,0.30,1.78,1869.16,0.59,-54.32,-0.02,55809.95,223.24,76
808,Exit short,2019-04-18 12:55,EOD,178.97,1807,323218.09,-182.51,-0.06,1.81,1697.68,0.53,-344.23,-0.11,55627.44,222.51,76
808,Entry short,2019-04-18 06:35,QQQREP|S|v1.1.7-rep|P1/10/4,178.87,1807,323218.09,-182.51,-0.06,1.81,1697.68,0.53,-344.23,-0.11,55627.44,222.51,76
809,Exit long,2019-04-22 12:55,EOD,179.53,1809,322472.34,2295.62,0.71,1.81,2350.8,0.73,-254.16,-0.08,57923.06,231.69,76
809,Entry long,2019-04-22 06:35,QQQREP|L|v1.1.7-rep|P1/10/4,178.26,1809,322472.34,2295.62,0.71,1.81,2350.8,0.73,-254.16,-0.08,57923.06,231.69,76
810,Exit short,2019-04-23 06:35,STP,179.94,1844,331606.52,-204.68,-0.06,1.84,0,0.00,-203.76,-0.06,57718.38,230.87,0
810,Entry short,2019-04-23 06:35,QQQREP|S|v1.1.7-rep|P1/10/4,179.83,1844,331606.52,-204.68,-0.06,1.84,0,0.00,-203.76,-0.06,57718.38,230.87,0
811,Exit short,2019-04-24 08:00,STP,182.1,1819,330766.96,-474.76,-0.14,1.82,835.83,0.25,-473.85,-0.14,57243.62,228.97,17
811,Entry short,2019-04-24 06:35,QQQREP|S|v1.1.7-rep|P1/10/4,181.84,1819,330766.96,-474.76,-0.14,1.82,835.83,0.25,-473.85,-0.14,57243.62,228.97,17
812,Exit short,2019-04-25 12:55,EOD,181.87,1805,328907.1,629.95,0.19,1.81,2273.4,0.69,-578.5,-0.18,57873.56,231.49,76
812,Entry short,2019-04-25 06:35,QQQREP|S|v1.1.7-rep|P1/10/4,182.22,1805,328907.1,629.95,0.19,1.81,2273.4,0.69,-578.5,-0.18,57873.56,231.49,76
813,Exit short,2019-04-26 12:00,STP,181.69,1829,331506.25,-806.59,-0.24,1.83,2047.57,0.62,-805.67,-0.24,57066.97,228.27,65
813,Entry short,2019-04-26 06:35,QQQREP|S|v1.1.7-rep|P1/10/4,181.25,1829,331506.25,-806.59,-0.24,1.83,2047.57,0.62,-805.67,-0.24,57066.97,228.27,65
814,Exit long,2019-04-29 06:50,STP,182.05,1800,328140,-451.8,-0.14,1.8,125.1,0.04,-450.9,-0.14,56615.18,226.46,3
814,Entry long,2019-04-29 06:35,QQQREP|L|v1.1.7-rep|P1/10/4,182.3,1800,328140,-451.8,-0.14,1.8,125.1,0.04,-450.9,-0.14,56615.18,226.46,3
815,Exit long,2019-04-30 07:25,STP,180.63,1356,245693.64,-760.72,-0.31,1.36,189.16,0.08,-760.04,-0.31,55854.46,223.42,10
815,Entry long,2019-04-30 06:35,QQQREP|L|v1.1.7-rep|P1/10/4,181.19,1356,245693.64,-760.72,-0.31,1.36,189.16,0.08,-760.04,-0.31,55854.46,223.42,10
816,Exit short,2019-05-01 06:40,STP,182.27,1775,323280.75,-250.27,-0.08,1.78,389.61,0.12,-249.39,-0.08,55604.18,222.42,1
816,Entry short,2019-05-01 06:35,QQQREP|S|v1.1.7-rep|P1/10/4,182.13,1775,323280.75,-250.27,-0.08,1.78,389.61,0.12,-249.39,-0.08,55604.18,222.42,1
817,Exit short,2019-05-02 06:35,STP,180.63,1787,322321.19,-466.41,-0.14,1.79,88.46,0.03,-465.51,-0.14,55137.78,220.55,0
817,Entry short,2019-05-02 06:35,QQQREP|S|v1.1.7-rep|P1/10/4,180.37,1787,322321.19,-466.41,-0.14,1.79,88.46,0.03,-465.51,-0.14,55137.78,220.55,0
818,Exit short,2019-05-03 06:45,STP,181.23,1771,320533.29,-426.81,-0.13,1.77,229.34,0.07,-425.93,-0.13,54710.97,218.84,2
818,Entry short,2019-05-03 06:35,QQQREP|S|v1.1.7-rep|P1/10/4,180.99,1771,320533.29,-426.81,-0.13,1.77,229.34,0.07,-425.93,-0.13,54710.97,218.84,2
819,Exit long,2019-05-06 12:55,EOD,181.47,707,126920.64,1377.94,1.09,0.71,1519.7,1.20,-85.19,-0.07,56088.91,224.36,76
819,Entry long,2019-05-06 06:35,QQQREP|L|v1.1.7-rep|P1/10/4,179.52,707,126920.64,1377.94,1.09,0.71,1519.7,1.20,-85.19,-0.07,56088.91,224.36,76
820,Exit long,2019-05-07 06:45,STP,179.4,1489,267975.33,-850.22,-0.32,1.49,356.62,0.13,-849.47,-0.32,55238.69,220.95,2
820,Entry long,2019-05-07 06:35,QQQREP|L|v1.1.7-rep|P1/10/4,179.97,1489,267975.33,-850.22,-0.32,1.49,356.62,0.13,-849.47,-0.32,55238.69,220.95,2
821,Exit short,2019-05-08 06:45,STP,177.82,1183,209651.26,-710.98,-0.34,1.18,602.74,0.29,-710.39,-0.34,54527.71,218.11,2
821,Entry short,2019-05-08 06:35,QQQREP|S|v1.1.7-rep|P1/10/4,177.22,1183,209651.26,-710.98,-0.34,1.18,602.74,0.29,-710.39,-0.34,54527.71,218.11,2
822,Exit long,2019-05-09 06:35,STP,175.22,1811,317957.27,-635.66,-0.20,1.81,89.64,0.03,-634.76,-0.20,53892.05,215.57,0
822,Entry long,2019-05-09 06:35,QQQREP|L|v1.1.7-rep|P1/10/4,175.57,1811,317957.27,-635.66,-0.20,1.81,89.64,0.03,-634.76,-0.20,53892.05,215.57,0
823,Exit short,2019-05-10 06:35,STP,176.12,1795,315525.1,-612.09,-0.19,1.8,196.55,0.06,-611.2,-0.19,53279.95,213.12,0
823,Entry short,2019-05-10 06:35,QQQREP|S|v1.1.7-rep|P1/10/4,175.78,1795,315525.1,-612.09,-0.19,1.8,196.55,0.06,-611.2,-0.19,53279.95,213.12,0
824,Exit long,2019-05-13 06:50,STP,171.97,999,172577.25,-780.22,-0.45,1,369.13,0.21,-779.72,-0.45,52499.73,210.00,3
824,Entry long,2019-05-13 06:35,QQQREP|L|v1.1.7-rep|P1/10/4,172.75,999,172577.25,-780.22,-0.45,1,369.13,0.21,-779.72,-0.45,52499.73,210.00,3
825,Exit long,2019-05-14 06:35,STP,171.39,1807,309900.5,-200.58,-0.06,1.81,0,0.00,-199.67,-0.06,52299.15,209.20,0
825,Entry long,2019-05-14 06:35,QQQREP|L|v1.1.7-rep|P1/10/4,171.5,1807,309900.5,-200.58,-0.06,1.81,0,0.00,-199.67,-0.06,52299.15,209.20,0
826,Exit long,2019-05-15 12:55,EOD,174.82,1371,235606.35,4070.5,1.73,1.37,4756.68,2.02,-370.86,-0.16,56369.65,225.48,76
826,Entry long,2019-05-15 06:35,QQQREP|L|v1.1.7-rep|P1/10/4,171.85,1371,235606.35,4070.5,1.73,1.37,4756.68,2.02,-370.86,-0.16,56369.65,225.48,76
827,Exit long,2019-05-16 12:55,EOD,176.63,1857,325272.12,2727.93,0.84,1.86,4752.99,1.46,-205.2,-0.06,59097.59,236.39,76
827,Entry long,2019-05-16 06:35,QQQREP|L|v1.1.7-rep|P1/10/4,175.16,1857,325272.12,2727.93,0.84,1.86,4752.99,1.46,-205.2,-0.06,59097.59,236.39,76
828,Exit long,2019-05-17 12:15,STP,174.86,1834,321555.22,-863.81,-0.27,1.83,3538.7,1.10,-862.9,-0.27,58233.77,232.94,68
828,Entry long,2019-05-17 06:35,QQQREP|L|v1.1.7-rep|P1/10/4,175.33,1834,321555.22,-863.81,-0.27,1.83,3538.7,1.10,-862.9,-0.27,58233.77,232.94,68
829,Exit short,2019-05-20 07:25,STP,172.58,1933,332765.95,-833.12,-0.25,1.93,1642.08,0.49,-832.16,-0.25,57400.65,229.60,10
829,Entry short,2019-05-20 06:35,QQQREP|S|v1.1.7-rep|P1/10/4,172.15,1933,332765.95,-833.12,-0.25,1.93,1642.08,0.49,-832.16,-0.25,57400.65,229.60,10
830,Exit long,2019-05-21 06:45,STP,173.2,1898,329454.84,-723.14,-0.22,1.9,188.85,0.06,-722.19,-0.22,56677.51,226.71,2
830,Entry long,2019-05-21 06:35,QQQREP|L|v1.1.7-rep|P1/10/4,173.58,1898,329454.84,-723.14,-0.22,1.9,188.85,0.06,-722.19,-0.22,56677.51,226.71,2
831,Exit long,2019-05-22 10:10,STP,172.68,1613,279355.47,-824.24,-0.30,1.61,1096.03,0.39,-823.44,-0.29,55853.27,223.41,43
831,Entry long,2019-05-22 06:35,QQQREP|L|v1.1.7-rep|P1/10/4,173.19,1613,279355.47,-824.24,-0.30,1.61,1096.03,0.39,-823.44,-0.29,55853.27,223.41,43
832,Exit short,2019-05-23 09:50,TGT,169.32,1893,323381.19,2856.54,0.88,1.89,2857.48,0.88,-209.18,-0.06,58709.81,234.84,39
832,Entry short,2019-05-23 06:35,QQQREP|S|v1.1.7-rep|P1/10/4,170.83,1893,323381.19,2856.54,0.88,1.89,2857.48,0.88,-209.18,-0.06,58709.81,234.84,39
833,Exit long,2019-05-24 06:55,STP,171.25,1951,334772.09,-665.29,-0.20,1.95,350.2,0.10,-664.32,-0.20,58044.52,232.18,4
833,Entry long,2019-05-24 06:35,QQQREP|L|v1.1.7-rep|P1/10/4,171.59,1951,334772.09,-665.29,-0.20,1.95,350.2,0.10,-664.32,-0.20,58044.52,232.18,4
834,Exit long,2019-05-28 07:15,STP,170.55,1499,256493.89,-840.94,-0.33,1.5,733.76,0.29,-840.19,-0.33,57203.57,228.81,8
834,Entry long,2019-05-28 06:35,QQQREP|L|v1.1.7-rep|P1/10/4,171.11,1499,256493.89,-840.94,-0.33,1.5,733.76,0.29,-840.19,-0.33,57203.57,228.81,8
835,Exit short,2019-05-29 07:15,STP,168.68,1952,328775.36,-489.95,-0.15,1.95,994.54,0.30,-488.98,-0.15,56713.62,226.85,8
835,Entry short,2019-05-29 06:35,QQQREP|S|v1.1.7-rep|P1/10/4,168.43,1952,328775.36,-489.95,-0.15,1.95,994.54,0.30,-488.98,-0.15,56713.62,226.85,8
836,Exit long,2019-05-30 08:00,STP,168.55,1934,326768.64,-794.87,-0.24,1.93,675.93,0.21,-793.91,-0.24,55918.75,223.68,17
836,Entry long,2019-05-30 06:35,QQQREP|L|v1.1.7-rep|P1/10/4,168.96,1934,326768.64,-794.87,-0.24,1.93,675.93,0.21,-793.91,-0.24,55918.75,223.68,17
837,Exit short,2019-05-31 07:45,STP,167,1942,323556.62,-759.32,-0.23,1.94,911.77,0.28,-758.35,-0.23,55159.43,220.64,14
837,Entry short,2019-05-31 06:35,QQQREP|S|v1.1.7-rep|P1/10/4,166.61,1942,323556.62,-759.32,-0.23,1.94,911.77,0.28,-758.35,-0.23,55159.43,220.64,14
838,Exit long,2019-06-03 06:40,STP,165.7,1907,316733.63,-745.64,-0.24,1.91,18.12,0.01,-744.68,-0.24,54413.79,217.66,1
838,Entry long,2019-06-03 06:35,QQQREP|L|v1.1.7-rep|P1/10/4,166.09,1907,316733.63,-745.64,-0.24,1.91,18.12,0.01,-744.68,-0.24,54413.79,217.66,1
839,Exit long,2019-06-04 06:35,STP,164.13,1932,317524.2,-426.97,-0.13,1.93,346.79,0.11,-426.01,-0.13,53986.82,215.95,0
839,Entry long,2019-06-04 06:35,QQQREP|L|v1.1.7-rep|P1/10/4,164.35,1932,317524.2,-426.97,-0.13,1.93,346.79,0.11,-426.01,-0.13,53986.82,215.95,0
840,Exit short,2019-06-05 12:55,EOD,168.3,1877,315861.56,-39.42,-0.01,1.88,3227.5,1.02,-507.73,-0.16,53947.4,215.79,76
840,Entry short,2019-06-05 06:35,QQQREP|S|v1.1.7-rep|P1/10/4,168.28,1877,315861.56,-39.42,-0.01,1.88,3227.5,1.02,-507.73,-0.16,53947.4,215.79,76
841,Exit short,2019-06-06 06:35,STP,168.64,1875,315712.5,-489.37,-0.16,1.88,111.56,0.04,-488.44,-0.15,53458.03,213.83,0
841,Entry short,2019-06-06 06:35,QQQREP|S|v1.1.7-rep|P1/10/4,168.38,1875,315712.5,-489.37,-0.16,1.88,111.56,0.04,-488.44,-0.15,53458.03,213.83,0
842,Exit long,2019-06-07 07:55,TGT,173.33,1839,313770.18,4981.85,1.59,1.84,4982.77,1.59,-92.87,-0.03,58439.88,233.76,16
842,Entry long,2019-06-07 06:35,QQQREP|L|v1.1.7-rep|P1/10/4,170.62,1839,313770.18,4981.85,1.59,1.84,4982.77,1.59,-92.87,-0.03,58439.88,233.76,16
843,Exit long,2019-06-10 12:55,EOD,174.88,1119,195578.82,110.78,0.06,1.12,1980.07,1.01,-257.93,-0.13,58550.66,234.20,76
843,Entry long,2019-06-10 06:35,QQQREP|L|v1.1.7-rep|P1/10/4,174.78,1119,195578.82,110.78,0.06,1.12,1980.07,1.01,-257.93,-0.13,58550.66,234.20,76
844,Exit long,2019-06-11 06:35,STP,176.73,1889,334107.43,-266.35,-0.08,1.89,263.52,0.08,-265.4,-0.08,58284.31,233.14,0
844,Entry long,2019-06-11 06:35,QQQREP|L|v1.1.7-rep|P1/10/4,176.87,1889,334107.43,-266.35,-0.08,1.89,263.52,0.08,-265.4,-0.08,58284.31,233.14,0
845,Exit short,2019-06-12 12:55,EOD,174.18,1282,223593.62,293.58,0.13,1.28,730.1,0.33,-769.84,-0.34,58577.89,234.31,76
845,Entry short,2019-06-12 06:35,QQQREP|S|v1.1.7-rep|P1/10/4,174.41,1282,223593.62,293.58,0.13,1.28,730.1,0.33,-769.84,-0.34,58577.89,234.31,76
846,Exit short,2019-06-13 06:35,STP,175.06,1912,334447.04,-269.59,-0.08,1.91,56.4,0.02,-268.64,-0.08,58308.3,233.23,0
846,Entry short,2019-06-13 06:35,QQQREP|S|v1.1.7-rep|P1/10/4,174.92,1912,334447.04,-269.59,-0.08,1.91,56.4,0.02,-268.64,-0.08,58308.3,233.23,0
847,Exit short,2019-06-14 07:45,STP,174.35,1914,333342.24,-365.57,-0.11,1.91,707.22,0.21,-364.62,-0.11,57942.72,231.77,14
847,Entry short,2019-06-14 06:35,QQQREP|S|v1.1.7-rep|P1/10/4,174.16,1914,333342.24,-365.57,-0.11,1.91,707.22,0.21,-364.62,-0.11,57942.72,231.77,14
848,Exit long,2019-06-17 12:55,EOD,175.48,1896,331724.16,984.02,0.30,1.9,1951.93,0.59,-133.67,-0.04,58926.75,235.71,76
848,Entry long,2019-06-17 06:35,QQQREP|L|v1.1.7-rep|P1/10/4,174.96,1896,331724.16,984.02,0.30,1.9,1951.93,0.59,-133.67,-0.04,58926.75,235.71,76
849,Exit short,2019-06-18 06:35,STP,177.58,1893,335572.11,-588.72,-0.18,1.89,150.49,0.04,-587.78,-0.18,58338.02,233.35,0
849,Entry short,2019-06-18 06:35,QQQREP|S|v1.1.7-rep|P1/10/4,177.27,1893,335572.11,-588.72,-0.18,1.89,150.49,0.04,-587.78,-0.18,58338.02,233.35,0
850,Exit short,2019-06-19 11:00,STP,178.46,1870,333103.1,-618.97,-0.19,1.87,1625.97,0.49,-618.03,-0.19,57719.05,230.88,53
850,Entry short,2019-06-19 06:35,QQQREP|S|v1.1.7-rep|P1/10/4,178.13,1870,333103.1,-618.97,-0.19,1.87,1625.97,0.49,-618.03,-0.19,57719.05,230.88,53
851,Exit short,2019-06-20 12:55,EOD,180.34,1681,303941.61,788.39,0.26,1.68,2974.53,0.98,-521.95,-0.17,58507.44,234.03,76
851,Entry short,2019-06-20 06:35,QQQREP|S|v1.1.7-rep|P1/10/4,180.81,1681,303941.61,788.39,0.26,1.68,2974.53,0.98,-521.95,-0.17,58507.44,234.03,76
852,Exit short,2019-06-21 06:40,STP,180.17,1856,334005.76,-391.62,-0.12,1.86,128.99,0.04,-390.69,-0.12,58115.82,232.46,1
852,Entry short,2019-06-21 06:35,QQQREP|S|v1.1.7-rep|P1/10/4,179.96,1856,334005.76,-391.62,-0.12,1.86,128.99,0.04,-390.69,-0.12,58115.82,232.46,1
853,Exit short,2019-06-24 12:55,EOD,180.1,1842,332407.32,661.28,0.20,1.84,791.14,0.24,-314.06,-0.09,58777.1,235.11,76
853,Entry short,2019-06-24 06:35,QQQREP|S|v1.1.7-rep|P1/10/4,180.46,1842,332407.32,661.28,0.20,1.84,791.14,0.24,-314.06,-0.09,58777.1,235.11,76
854,Exit short,2019-06-25 09:35,TGT,178.34,1862,335029.66,2958.72,0.88,1.86,2959.65,0.88,-19.55,-0.01,61735.82,246.94,36
854,Entry short,2019-06-25 06:35,QQQREP|S|v1.1.7-rep|P1/10/4,179.93,1862,335029.66,2958.72,0.88,1.86,2959.65,0.88,-19.55,-0.01,61735.82,246.94,36
855,Exit long,2019-06-26 10:25,STP,178.17,1942,346841.2,-837,-0.24,1.94,1397.27,0.40,-836.03,-0.24,60898.82,243.60,46
855,Entry long,2019-06-26 06:35,QQQREP|L|v1.1.7-rep|P1/10/4,178.6,1942,346841.2,-837,-0.24,1.94,1397.27,0.40,-836.03,-0.24,60898.82,243.60,46
856,Exit long,2019-06-27 06:35,STP,178.45,1921,343455.59,-655.06,-0.19,1.92,18.25,0.01,-654.1,-0.19,60243.76,240.98,0
856,Entry long,2019-06-27 06:35,QQQREP|L|v1.1.7-rep|P1/10/4,178.79,1921,343455.59,-655.06,-0.19,1.92,18.25,0.01,-654.1,-0.19,60243.76,240.98,0
857,Exit long,2019-06-28 06:35,STP,178.85,1904,340796.96,-268.46,-0.08,1.9,0,0.00,-267.51,-0.08,59975.29,239.90,0
857,Entry long,2019-06-28 06:35,QQQREP|L|v1.1.7-rep|P1/10/4,178.99,1904,340796.96,-268.46,-0.08,1.9,0,0.00,-267.51,-0.08,59975.29,239.90,0
858,Exit short,2019-07-01 06:40,STP,182.36,1867,339737.99,-730,-0.21,1.87,0,0.00,-729.06,-0.21,59245.3,236.98,1
858,Entry short,2019-07-01 06:35,QQQREP|S|v1.1.7-rep|P1/10/4,181.97,1867,339737.99,-730,-0.21,1.87,0,0.00,-729.06,-0.21,59245.3,236.98,1
859,Exit short,2019-07-02 06:35,STP,181.17,1863,336867.66,-653.91,-0.19,1.86,0,0.00,-652.98,-0.19,58591.38,234.37,0
859,Entry short,2019-07-02 06:35,QQQREP|S|v1.1.7-rep|P1/10/4,180.82,1863,336867.66,-653.91,-0.19,1.86,0,0.00,-652.98,-0.19,58591.38,234.37,0
860,Exit short,2019-07-03 06:35,STP,182.39,1835,334318.65,-368.83,-0.11,1.84,54.13,0.02,-367.92,-0.11,58222.55,232.89,0
860,Entry short,2019-07-03 06:35,QQQREP|S|v1.1.7-rep|P1/10/4,182.19,1835,334318.65,-368.83,-0.11,1.84,54.13,0.02,-367.92,-0.11,58222.55,232.89,0
861,Exit long,2019-07-05 06:35,STP,181.96,1828,332860.52,-239.47,-0.07,1.83,145.33,0.04,-238.55,-0.07,57983.08,231.93,0
861,Entry long,2019-07-05 06:35,QQQREP|L|v1.1.7-rep|P1/10/4,182.09,1828,332860.52,-239.47,-0.07,1.83,145.33,0.04,-238.55,-0.07,57983.08,231.93,0
862,Exit short,2019-07-08 12:55,EOD,181.6,1829,331817.18,-331.05,-0.10,1.83,1023.33,0.31,-604.48,-0.18,57652.03,230.61,76
862,Entry short,2019-07-08 06:35,QQQREP|S|v1.1.7-rep|P1/10/4,181.42,1829,331817.18,-331.05,-0.10,1.83,1023.33,0.31,-604.48,-0.18,57652.03,230.61,76
863,Exit long,2019-07-09 12:55,EOD,182.54,1826,330615.56,2700.65,0.82,1.83,3066.77,0.93,-0.91,0.00,60352.69,241.41,76
863,Entry long,2019-07-09 06:35,QQQREP|L|v1.1.7-rep|P1/10/4,181.06,1826,330615.56,2700.65,0.82,1.83,3066.77,0.93,-0.91,0.00,60352.69,241.41,76
864,Exit long,2019-07-10 08:15,STP,183.42,1651,303784,-959.23,-0.32,1.65,1386.01,0.46,-958.41,-0.32,59393.45,237.57,20
864,Entry long,2019-07-10 06:35,QQQREP|L|v1.1.7-rep|P1/10/4,184,1651,303784,-959.23,-0.32,1.65,1386.01,0.46,-958.41,-0.32,59393.45,237.57,20
865,Exit long,2019-07-11 07:30,STP,184.44,1827,337465.17,-495.12,-0.15,1.83,510.65,0.15,-494.2,-0.15,58898.34,235.59,11
865,Entry long,2019-07-11 06:35,QQQREP|L|v1.1.7-rep|P1/10/4,184.71,1827,337465.17,-495.12,-0.15,1.83,510.65,0.15,-494.2,-0.15,58898.34,235.59,11
866,Exit long,2019-07-12 07:40,STP,184.32,1818,335402.82,-310.88,-0.09,1.82,726.29,0.22,-309.97,-0.09,58587.46,234.35,13
866,Entry long,2019-07-12 06:35,QQQREP|L|v1.1.7-rep|P1/10/4,184.49,1818,335402.82,-310.88,-0.09,1.82,726.29,0.22,-309.97,-0.09,58587.46,234.35,13
867,Exit short,2019-07-15 11:20,STP,185.7,1802,334234.96,-398.24,-0.12,1.8,557.72,0.17,-397.34,-0.12,58189.22,232.76,57
867,Entry short,2019-07-15 06:35,QQQREP|S|v1.1.7-rep|P1/10/4,185.48,1802,334234.96,-398.24,-0.12,1.8,557.72,0.17,-397.34,-0.12,58189.22,232.76,57
868,Exit long,2019-07-16 07:15,STP,185.43,1792,332631.04,-342.27,-0.10,1.79,303.74,0.09,-341.38,-0.10,57846.95,231.39,8
868,Entry long,2019-07-16 06:35,QQQREP|L|v1.1.7-rep|P1/10/4,185.62,1792,332631.04,-342.27,-0.10,1.79,303.74,0.09,-341.38,-0.10,57846.95,231.39,8
869,Exit long,2019-07-17 07:10,STP,184.82,1791,331424.55,-413.72,-0.12,1.79,285.66,0.09,-412.83,-0.12,57433.23,229.73,7
869,Entry long,2019-07-17 06:35,QQQREP|L|v1.1.7-rep|P1/10/4,185.05,1791,331424.55,-413.72,-0.12,1.79,285.66,0.09,-412.83,-0.12,57433.23,229.73,7
870,Exit long,2019-07-18 08:10,STP,182.99,1688,309748,-862.57,-0.28,1.69,708.12,0.23,-861.72,-0.28,56570.66,226.28,19
870,Entry long,2019-07-18 06:35,QQQREP|L|v1.1.7-rep|P1/10/4,183.5,1688,309748,-862.57,-0.28,1.69,708.12,0.23,-861.72,-0.28,56570.66,226.28,19
871,Exit short,2019-07-19 12:55,EOD,182.75,1761,326154.81,4330.3,1.33,1.76,4507.28,1.38,-106.54,-0.03,60900.96,243.60,76
871,Entry short,2019-07-19 06:35,QQQREP|S|v1.1.7-rep|P1/10/4,185.21,1761,326154.81,4330.3,1.33,1.76,4507.28,1.38,-106.54,-0.03,60900.96,243.60,76
872,Exit long,2019-07-22 12:55,EOD,184.35,1873,343676.77,1608.91,0.47,1.87,2246.66,0.65,-263.16,-0.08,62509.86,250.04,76
872,Entry long,2019-07-22 06:35,QQQREP|L|v1.1.7-rep|P1/10/4,183.49,1873,343676.77,1608.91,0.47,1.87,2246.66,0.65,-263.16,-0.08,62509.86,250.04,76
873,Exit short,2019-07-23 12:25,STP,185.32,1891,349967.37,-474.64,-0.14,1.89,1890.05,0.54,-473.7,-0.14,62035.22,248.14,70
873,Entry short,2019-07-23 06:35,QQQREP|S|v1.1.7-rep|P1/10/4,185.07,1891,349967.37,-474.64,-0.14,1.89,1890.05,0.54,-473.7,-0.14,62035.22,248.14,70
874,Exit long,2019-07-24 12:55,EOD,186.81,1880,348025.6,3175.32,0.91,1.88,3195.06,0.92,-19.74,-0.01,65210.54,260.84,76
874,Entry long,2019-07-24 06:35,QQQREP|L|v1.1.7-rep|P1/10/4,185.12,1880,348025.6,3175.32,0.91,1.88,3195.06,0.92,-19.74,-0.01,65210.54,260.84,76
875,Exit short,2019-07-25 12:55,EOD,185.02,1939,360673.39,1917.67,0.53,1.94,2539.12,0.70,-78.53,-0.02,67128.21,268.51,76
875,Entry short,2019-07-25 06:35,QQQREP|S|v1.1.7-rep|P1/10/4,186.01,1939,360673.39,1917.67,0.53,1.94,2539.12,0.70,-78.53,-0.02,67128.21,268.51,76
876,Exit long,2019-07-26 12:55,EOD,186.93,1631,304524.01,357.19,0.12,1.63,782.06,0.26,-767.39,-0.25,67485.4,269.94,76
876,Entry long,2019-07-26 06:35,QQQREP|L|v1.1.7-rep|P1/10/4,186.71,1631,304524.01,357.19,0.12,1.63,782.06,0.26,-767.39,-0.25,67485.4,269.94,76
877,Exit short,2019-07-29 12:55,EOD,186.31,1984,369877.12,236.1,0.06,1.98,2558.37,0.69,-60.51,-0.02,67721.5,270.89,76
877,Entry short,2019-07-29 06:35,QQQREP|S|v1.1.7-rep|P1/10/4,186.43,1984,369877.12,236.1,0.06,1.98,2558.37,0.69,-60.51,-0.02,67721.5,270.89,76
878,Exit long,2019-07-30 12:55,EOD,185.53,2004,370940.4,859.72,0.23,2,2223.44,0.60,-221.44,-0.06,68581.21,274.32,76
878,Entry long,2019-07-30 06:35,QQQREP|L|v1.1.7-rep|P1/10/4,185.1,2004,370940.4,859.72,0.23,2,2223.44,0.60,-221.44,-0.06,68581.21,274.32,76
879,Exit short,2019-07-31 07:10,STP,186.04,2015,374084.75,-787.86,-0.21,2.02,140.04,0.04,-786.86,-0.21,67793.35,271.17,7
879,Entry short,2019-07-31 06:35,QQQREP|S|v1.1.7-rep|P1/10/4,185.65,2015,374084.75,-787.86,-0.21,2.02,140.04,0.04,-786.86,-0.21,67793.35,271.17,7
880,Exit long,2019-08-01 10:40,STP,183.24,932,171721,-942.25,-0.55,0.93,2236.33,1.30,-941.79,-0.55,66851.09,267.40,49
880,Entry long,2019-08-01 06:35,QQQREP|L|v1.1.7-rep|P1/10/4,184.25,932,171721,-942.25,-0.55,0.93,2236.33,1.30,-941.79,-0.55,66851.09,267.40,49
881,Exit short,2019-08-02 06:35,STP,180.77,2037,367393.32,-837.21,-0.23,2.04,773.04,0.21,-836.19,-0.23,66013.89,264.06,0
881,Entry short,2019-08-02 06:35,QQQREP|S|v1.1.7-rep|P1/10/4,180.36,2037,367393.32,-837.21,-0.23,2.04,773.04,0.21,-836.19,-0.23,66013.89,264.06,0
882,Exit short,2019-08-05 11:40,TGT,172.08,2076,364005.84,6765.68,1.86,2.08,6766.72,1.86,-270.92,-0.07,72779.57,291.12,61
882,Entry short,2019-08-05 06:35,QQQREP|S|v1.1.7-rep|P1/10/4,175.34,2076,364005.84,6765.68,1.86,2.08,6766.72,1.86,-270.92,-0.07,72779.57,291.12,61
883,Exit long,2019-08-06 06:45,STP,174.55,1502,263165.42,-992.82,-0.38,1.5,134.43,0.05,-992.07,-0.38,71786.75,287.15,2
883,Entry long,2019-08-06 06:35,QQQREP|L|v1.1.7-rep|P1/10/4,175.21,1502,263165.42,-992.82,-0.38,1.5,134.43,0.05,-992.07,-0.38,71786.75,287.15,2
884,Exit short,2019-08-07 06:35,STP,173.86,1330,230302.8,-932.33,-0.40,1.33,265.33,0.12,-931.66,-0.40,70854.42,283.42,0
884,Entry short,2019-08-07 06:35,QQQREP|S|v1.1.7-rep|P1/10/4,173.16,1330,230302.8,-932.33,-0.40,1.33,265.33,0.12,-931.66,-0.40,70854.42,283.42,0
885,Exit short,2019-08-08 06:55,STP,177.58,1668,295252.68,-952.43,-0.32,1.67,549.61,0.19,-951.59,-0.32,69901.99,279.61,4
885,Entry short,2019-08-08 06:35,QQQREP|S|v1.1.7-rep|P1/10/4,177.01,1668,295252.68,-952.43,-0.32,1.67,549.61,0.19,-951.59,-0.32,69901.99,279.61,4
886,Exit long,2019-08-09 06:45,STP,179.27,2109,378987.3,-908.98,-0.24,2.11,526.2,0.14,-907.92,-0.24,68993.02,275.97,2
886,Entry long,2019-08-09 06:35,QQQREP|L|v1.1.7-rep|P1/10/4,179.7,2109,378987.3,-908.98,-0.24,2.11,526.2,0.14,-907.92,-0.24,68993.02,275.97,2
887,Exit short,2019-08-12 07:25,STP,177.83,1175,208010.25,-941.17,-0.45,1.18,328.41,0.16,-940.59,-0.45,68051.84,272.21,10
887,Entry short,2019-08-12 06:35,QQQREP|S|v1.1.7-rep|P1/10/4,177.03,1175,208010.25,-941.17,-0.45,1.18,328.41,0.16,-940.59,-0.45,68051.84,272.21,10
888,Exit long,2019-08-13 06:45,TGT,179.42,2109,372133.05,6261.62,1.68,2.11,6262.68,1.68,-1.05,0.00,74313.46,297.25,2
888,Entry long,2019-08-13 06:35,QQQREP|L|v1.1.7-rep|P1/10/4,176.45,2109,372133.05,6261.62,1.68,2.11,6262.68,1.68,-1.05,0.00,74313.46,297.25,2
889,Exit long,2019-08-14 06:45,STP,177.14,2161,383836.82,-1039.44,-0.27,2.16,820.1,0.21,-1038.36,-0.27,73274.02,293.10,2
889,Entry long,2019-08-14 06:35,QQQREP|L|v1.1.7-rep|P1/10/4,177.62,2161,383836.82,-1039.44,-0.27,2.16,820.1,0.21,-1038.36,-0.27,73274.02,293.10,2
890,Exit long,2019-08-15 06:35,STP,174.78,1655,290154.6,-895.35,-0.31,1.66,263.97,0.09,-894.53,-0.31,72378.66,289.51,0
890,Entry long,2019-08-15 06:35,QQQREP|L|v1.1.7-rep|P1/10/4,175.32,1655,290154.6,-895.35,-0.31,1.66,263.97,0.09,-894.53,-0.31,72378.66,289.51,0
891,Exit long,2019-08-16 12:55,EOD,177.53,2076,366849.96,1700.24,0.46,2.08,2656.24,0.72,-727.64,-0.20,74078.91,296.32,76
891,Entry long,2019-08-16 06:35,QQQREP|L|v1.1.7-rep|P1/10/4,176.71,2076,366849.96,1700.24,0.46,2.08,2656.24,0.72,-727.64,-0.20,74078.91,296.32,76
892,Exit long,2019-08-19 06:50,STP,179.99,2198,396387.32,-771.5,-0.19,2.2,592.36,0.15,-770.4,-0.19,73307.41,293.23,3
892,Entry long,2019-08-19 06:35,QQQREP|L|v1.1.7-rep|P1/10/4,180.34,2198,396387.32,-771.5,-0.19,2.2,592.36,0.15,-770.4,-0.19,73307.41,293.23,3
893,Exit short,2019-08-20 07:55,STP,180.06,1937,347788.35,-989.81,-0.28,1.94,773.83,0.22,-988.84,-0.28,72317.6,289.27,16
893,Entry short,2019-08-20 06:35,QQQREP|S|v1.1.7-rep|P1/10/4,179.55,1937,347788.35,-989.81,-0.28,1.94,773.83,0.22,-988.84,-0.28,72317.6,289.27,16
894,Exit short,2019-08-21 06:40,STP,180.72,2157,389273.79,-541.41,-0.14,2.16,193.05,0.05,-540.33,-0.14,71776.2,287.10,1
894,Entry short,2019-08-21 06:35,QQQREP|S|v1.1.7-rep|P1/10/4,180.47,2157,389273.79,-541.41,-0.14,2.16,193.05,0.05,-540.33,-0.14,71776.2,287.10,1
895,Exit long,2019-08-22 07:05,STP,180.84,2138,387063.52,-429.74,-0.11,2.14,661.71,0.17,-428.67,-0.11,71346.46,285.39,6
895,Entry long,2019-08-22 06:35,QQQREP|L|v1.1.7-rep|P1/10/4,181.04,2138,387063.52,-429.74,-0.11,2.14,661.71,0.17,-428.67,-0.11,71346.46,285.39,6
896,Exit long,2019-08-23 06:45,STP,178.65,2154,385242.9,-432.95,-0.11,2.15,365.1,0.09,-431.88,-0.11,70913.51,283.65,2
896,Entry long,2019-08-23 06:35,QQQREP|L|v1.1.7-rep|P1/10/4,178.85,2154,385242.9,-432.95,-0.11,2.15,365.1,0.09,-431.88,-0.11,70913.51,283.65,2
897,Exit short,2019-08-26 08:10,STP,176.52,2177,383500.32,-785.9,-0.20,2.18,1958.21,0.51,-784.81,-0.20,70127.61,280.51,19
897,Entry short,2019-08-26 06:35,QQQREP|S|v1.1.7-rep|P1/10/4,176.16,2177,383500.32,-785.9,-0.20,2.18,1958.21,0.51,-784.81,-0.20,70127.61,280.51,19
898,Exit short,2019-08-27 06:35,STP,178.18,2137,380535.59,-237.21,-0.06,2.14,0,0.00,-236.14,-0.06,69890.4,279.56,0
898,Entry short,2019-08-27 06:35,QQQREP|S|v1.1.7-rep|P1/10/4,178.07,2137,380535.59,-237.21,-0.06,2.14,0,0.00,-236.14,-0.06,69890.4,279.56,0
899,Exit short,2019-08-28 06:55,STP,176.24,1223,214453.05,-1089.69,-0.51,1.22,292.91,0.14,-1089.08,-0.51,68800.71,275.20,4
899,Entry short,2019-08-28 06:35,QQQREP|S|v1.1.7-rep|P1/10/4,175.35,1223,214453.05,-1089.69,-0.51,1.22,292.91,0.14,-1089.08,-0.51,68800.71,275.20,4
900,Exit long,2019-08-29 07:35,STP,179.32,1462,263072.28,-907.9,-0.35,1.46,510.97,0.19,-907.17,-0.34,67892.8,271.57,12
900,Entry long,2019-08-29 06:35,QQQREP|L|v1.1.7-rep|P1/10/4,179.94,1462,263072.28,-907.9,-0.35,1.46,510.97,0.19,-907.17,-0.34,67892.8,271.57,12
901,Exit short,2019-08-30 08:15,TGT,178.77,2056,371519.2,3966.02,1.07,2.06,3967.05,1.07,-144.95,-0.04,71858.83,287.44,20
901,Entry short,2019-08-30 06:35,QQQREP|S|v1.1.7-rep|P1/10/4,180.7,2056,371519.2,3966.02,1.07,2.06,3967.05,1.07,-144.95,-0.04,71858.83,287.44,20
902,Exit long,2019-09-03 07:00,STP,178.04,2023,361105.5,-932.6,-0.26,2.02,1354.4,0.38,-931.59,-0.26,70926.23,283.70,5
902,Entry long,2019-09-03 06:35,QQQREP|L|v1.1.7-rep|P1/10/4,178.5,2023,361105.5,-932.6,-0.26,2.02,1354.4,0.38,-931.59,-0.26,70926.23,283.70,5
903,Exit long,2019-09-04 07:05,STP,179.3,2137,383548.76,-386.8,-0.10,2.14,810.99,0.21,-385.73,-0.10,70539.43,282.16,6
903,Entry long,2019-09-04 06:35,QQQREP|L|v1.1.7-rep|P1/10/4,179.48,2137,383548.76,-386.8,-0.10,2.14,810.99,0.21,-385.73,-0.10,70539.43,282.16,6
904,Exit long,2019-09-05 12:55,EOD,183.63,2093,381972.5,2363,0.62,2.09,3347.75,0.88,-1.05,0.00,72902.43,291.61,76
904,Entry long,2019-09-05 06:35,QQQREP|L|v1.1.7-rep|P1/10/4,182.5,2093,381972.5,2363,0.62,2.09,3347.75,0.88,-1.05,0.00,72902.43,291.61,76
905,Exit short,2019-09-06 10:35,STP,183.89,1966,360466.1,-1063.61,-0.30,1.97,667.46,0.19,-1062.62,-0.29,71838.82,287.36,48
905,Entry short,2019-09-06 06:35,QQQREP|S|v1.1.7-rep|P1/10/4,183.35,1966,360466.1,-1063.61,-0.30,1.97,667.46,0.19,-1062.62,-0.29,71838.82,287.36,48
906,Exit short,2019-09-09 12:55,EOD,182.98,2108,387302.84,1578.89,0.41,2.11,3456.07,0.89,-359.41,-0.09,73417.71,293.67,76
906,Entry short,2019-09-09 06:35,QQQREP|S|v1.1.7-rep|P1/10/4,183.73,2108,387302.84,1578.89,0.41,2.11,3456.07,0.89,-359.41,-0.09,73417.71,293.67,76
907,Exit short,2019-09-10 09:20,STP,182.12,1977,359042.97,-1010.25,-0.28,1.98,1501.53,0.42,-1009.26,-0.28,72407.47,289.63,33
907,Entry short,2019-09-10 06:35,QQQREP|S|v1.1.7-rep|P1/10/4,181.61,1977,359042.97,-1010.25,-0.28,1.98,1501.53,0.42,-1009.26,-0.28,72407.47,289.63,33
908,Exit short,2019-09-11 06:35,STP,182.83,2133,389635.11,-343.41,-0.09,2.13,318.88,0.08,-342.35,-0.09,72064.05,288.26,0
908,Entry short,2019-09-11 06:35,QQQREP|S|v1.1.7-rep|P1/10/4,182.67,2133,389635.11,-343.41,-0.09,2.13,318.88,0.08,-342.35,-0.09,72064.05,288.26,0
909,Exit long,2019-09-12 06:45,STP,185.08,1584,294164.64,-999.5,-0.34,1.58,141.77,0.05,-998.71,-0.34,71064.55,284.26,2
909,Entry long,2019-09-12 06:35,QQQREP|L|v1.1.7-rep|P1/10/4,185.71,1584,294164.64,-999.5,-0.34,1.58,141.77,0.05,-998.71,-0.34,71064.55,284.26,2
910,Exit short,2019-09-13 06:50,STP,184.78,1824,336053.76,-986.78,-0.29,1.82,90.29,0.03,-985.87,-0.29,70077.77,280.31,3
910,Entry short,2019-09-13 06:35,QQQREP|S|v1.1.7-rep|P1/10/4,184.24,1824,336053.76,-986.78,-0.29,1.82,90.29,0.03,-985.87,-0.29,70077.77,280.31,3
911,Exit long,2019-09-16 08:55,STP,182.96,2075,380285.25,-645.33,-0.17,2.08,1202.46,0.32,-644.29,-0.17,69432.44,277.73,28
911,Entry long,2019-09-16 06:35,QQQREP|L|v1.1.7-rep|P1/10/4,183.27,2075,380285.25,-645.33,-0.17,2.08,1202.46,0.32,-644.29,-0.17,69432.44,277.73,28
912,Exit short,2019-09-17 06:40,STP,183.66,2058,377581.26,-393.08,-0.10,2.06,698.69,0.19,-392.05,-0.10,69039.36,276.16,1
912,Entry short,2019-09-17 06:35,QQQREP|S|v1.1.7-rep|P1/10/4,183.47,2058,377581.26,-393.08,-0.10,2.06,698.69,0.19,-392.05,-0.10,69039.36,276.16,1
913,Exit short,2019-09-18 12:30,STP,184.03,2046,375972.96,-554.47,-0.15,2.05,3640.86,0.97,-553.44,-0.15,68484.9,273.94,71
913,Entry short,2019-09-18 06:35,QQQREP|S|v1.1.7-rep|P1/10/4,183.76,2046,375972.96,-554.47,-0.15,2.05,3640.86,0.97,-553.44,-0.15,68484.9,273.94,71
914,Exit long,2019-09-19 09:25,STP,184.61,1993,368904.3,-978.56,-0.27,1.99,1274.52,0.35,-977.57,-0.26,67506.34,270.03,34
914,Entry long,2019-09-19 06:35,QQQREP|L|v1.1.7-rep|P1/10/4,185.1,1993,368904.3,-978.56,-0.27,1.99,1274.52,0.35,-977.57,-0.26,67506.34,270.03,34
915,Exit short,2019-09-20 06:35,STP,184.92,2002,369809.44,-402.4,-0.11,2,0,0.00,-401.4,-0.11,67103.93,268.42,0
915,Entry short,2019-09-20 06:35,QQQREP|S|v1.1.7-rep|P1/10/4,184.72,2002,369809.44,-402.4,-0.11,2,0,0.00,-401.4,-0.11,67103.93,268.42,0
916,Exit short,2019-09-23 06:50,STP,182.82,2020,368427.8,-870.62,-0.24,2.02,281.79,0.08,-869.61,-0.24,66233.31,264.93,3
916,Entry short,2019-09-23 06:35,QQQREP|S|v1.1.7-rep|P1/10/4,182.39,2020,368427.8,-870.62,-0.24,2.02,281.79,0.08,-869.61,-0.24,66233.31,264.93,3
917,Exit short,2019-09-24 06:35,STP,183.63,1989,364901.94,-340.12,-0.09,1.99,78.57,0.02,-339.12,-0.09,65893.2,263.57,0
917,Entry short,2019-09-24 06:35,QQQREP|S|v1.1.7-rep|P1/10/4,183.46,1989,364901.94,-340.12,-0.09,1.99,78.57,0.02,-339.12,-0.09,65893.2,263.57,0
918,Exit long,2019-09-25 06:40,STP,179.98,2016,363504.96,-667.3,-0.18,2.02,140.11,0.04,-666.29,-0.18,65225.9,260.90,1
918,Entry long,2019-09-25 06:35,QQQREP|L|v1.1.7-rep|P1/10/4,180.31,2016,363504.96,-667.3,-0.18,2.02,140.11,0.04,-666.29,-0.18,65225.9,260.90,1
919,Exit short,2019-09-26 12:30,STP,182.13,1594,289390.7,-926.11,-0.32,1.59,1975.76,0.68,-925.32,-0.32,64299.78,257.20,71
919,Entry short,2019-09-26 06:35,QQQREP|S|v1.1.7-rep|P1/10/4,181.55,1594,289390.7,-926.11,-0.32,1.59,1975.76,0.68,-925.32,-0.32,64299.78,257.20,71
920,Exit short,2019-09-27 12:55,EOD,179.5,1939,352199.96,4147.52,1.18,1.94,6707.97,1.90,-253.04,-0.07,68447.3,273.79,76
920,Entry short,2019-09-27 06:35,QQQREP|S|v1.1.7-rep|P1/10/4,181.64,1939,352199.96,4147.52,1.18,1.94,6707.97,1.90,-253.04,-0.07,68447.3,273.79,76
921,Exit long,2019-09-30 06:35,STP,179.9,2073,373720.44,-789.81,-0.21,2.07,61.15,0.02,-788.78,-0.21,67657.49,270.63,0
921,Entry long,2019-09-30 06:35,QQQREP|L|v1.1.7-rep|P1/10/4,180.28,2073,373720.44,-789.81,-0.21,2.07,61.15,0.02,-788.78,-0.21,67657.49,270.63,0
922,Exit long,2019-10-01 07:05,STP,181.7,1637,298392.36,-951.1,-0.32,1.64,866.79,0.29,-950.28,-0.32,66706.39,266.83,6
922,Entry long,2019-10-01 06:35,QQQREP|L|v1.1.7-rep|P1/10/4,182.28,1637,298392.36,-951.1,-0.32,1.64,866.79,0.29,-950.28,-0.32,66706.39,266.83,6
923,Exit short,2019-10-02 12:55,EOD,176.51,1593,283235.4,2053.38,0.72,1.59,3583.45,1.27,-144.17,-0.05,68759.77,275.04,76
923,Entry short,2019-10-02 06:35,QQQREP|S|v1.1.7-rep|P1/10/4,177.8,1593,283235.4,2053.38,0.72,1.59,3583.45,1.27,-144.17,-0.05,68759.77,275.04,76
924,Exit long,2019-10-03 07:00,STP,176.15,1339,236761.98,-898.47,-0.38,1.34,160.01,0.07,-897.8,-0.38,67861.3,271.45,5
924,Entry long,2019-10-03 06:35,QQQREP|L|v1.1.7-rep|P1/10/4,176.82,1339,236761.98,-898.47,-0.38,1.34,160.01,0.07,-897.8,-0.38,67861.3,271.45,5
925,Exit long,2019-10-04 12:55,EOD,181.18,2069,371468.26,3391.09,0.91,2.07,3764.55,1.01,-394.14,-0.11,71252.39,285.01,76
925,Entry long,2019-10-04 06:35,QQQREP|L|v1.1.7-rep|P1/10/4,179.54,2069,371468.26,3391.09,0.91,2.07,3764.55,1.01,-394.14,-0.11,71252.39,285.01,76
926,Exit long,2019-10-07 06:35,STP,180.5,2128,384891.36,-789.49,-0.21,2.13,0,0.00,-788.42,-0.20,70462.91,281.85,0
926,Entry long,2019-10-07 06:35,QQQREP|L|v1.1.7-rep|P1/10/4,180.87,2128,384891.36,-789.49,-0.21,2.13,0,0.00,-788.42,-0.20,70462.91,281.85,0
927,Exit long,2019-10-08 06:35,STP,179.03,2128,381763.2,-789.49,-0.21,2.13,20.22,0.01,-788.42,-0.21,69673.41,278.69,0
927,Entry long,2019-10-08 06:35,QQQREP|L|v1.1.7-rep|P1/10/4,179.4,2128,381763.2,-789.49,-0.21,2.13,20.22,0.01,-788.42,-0.21,69673.41,278.69,0
928,Exit short,2019-10-09 06:40,STP,179.51,2114,378553.98,-932.27,-0.25,2.11,125.78,0.03,-931.22,-0.25,68741.14,274.96,1
928,Entry short,2019-10-09 06:35,QQQREP|S|v1.1.7-rep|P1/10/4,179.07,2114,378553.98,-932.27,-0.25,2.11,125.78,0.03,-931.22,-0.25,68741.14,274.96,1
929,Exit long,2019-10-10 12:55,EOD,180.97,2084,374994.96,2144.44,0.57,2.08,3625.12,0.97,-584.56,-0.16,70885.58,283.54,76
929,Entry long,2019-10-10 06:35,QQQREP|L|v1.1.7-rep|P1/10/4,179.94,2084,374994.96,2144.44,0.57,2.08,3625.12,0.97,-584.56,-0.16,70885.58,283.54,76
930,Exit long,2019-10-11 09:30,STP,183.01,2092,383379.92,-525.09,-0.14,2.09,2739.47,0.71,-524.05,-0.14,70360.48,281.44,35
930,Entry long,2019-10-11 06:35,QQQREP|L|v1.1.7-rep|P1/10/4,183.26,2092,383379.92,-525.09,-0.14,2.09,2739.47,0.71,-524.05,-0.14,70360.48,281.44,35
931,Exit long,2019-10-14 06:35,STP,183.05,2082,381380.76,-272.74,-0.07,2.08,61.42,0.02,-271.7,-0.07,70087.74,280.35,0
931,Entry long,2019-10-14 06:35,QQQREP|L|v1.1.7-rep|P1/10/4,183.18,2082,381380.76,-272.74,-0.07,2.08,61.42,0.02,-271.7,-0.07,70087.74,280.35,0
932,Exit long,2019-10-15 12:55,EOD,185.62,2065,380455.6,2847.64,0.75,2.07,3736.62,0.98,-352.08,-0.09,72935.38,291.74,76
932,Entry long,2019-10-15 06:35,QQQREP|L|v1.1.7-rep|P1/10/4,184.24,2065,380455.6,2847.64,0.75,2.07,3736.62,0.98,-352.08,-0.09,72935.38,291.74,76
933,Exit long,2019-10-16 07:00,STP,184.77,2116,391586.96,-615.76,-0.16,2.12,295.18,0.08,-614.7,-0.16,72319.63,289.28,5
933,Entry long,2019-10-16 06:35,QQQREP|L|v1.1.7-rep|P1/10/4,185.06,2116,391586.96,-615.76,-0.16,2.12,295.18,0.08,-614.7,-0.16,72319.63,289.28,5
934,Exit long,2019-10-17 06:35,STP,186.25,2089,389222.48,-148.32,-0.04,2.09,207.86,0.05,-147.27,-0.04,72171.3,288.69,0
934,Entry long,2019-10-17 06:35,QQQREP|L|v1.1.7-rep|P1/10/4,186.32,2089,389222.48,-148.32,-0.04,2.09,207.86,0.05,-147.27,-0.04,72171.3,288.69,0
935,Exit long,2019-10-18 07:00,STP,185.36,2094,388583.58,-441.83,-0.11,2.09,417.75,0.11,-440.79,-0.11,71729.47,286.92,5
935,Entry long,2019-10-18 06:35,QQQREP|L|v1.1.7-rep|P1/10/4,185.57,2094,388583.58,-441.83,-0.11,2.09,417.75,0.11,-440.79,-0.11,71729.47,286.92,5
936,Exit short,2019-10-21 06:35,STP,185.03,2094,386824.62,-630.29,-0.16,2.09,0,0.00,-629.25,-0.16,71099.18,284.40,0
936,Entry short,2019-10-21 06:35,QQQREP|S|v1.1.7-rep|P1/10/4,184.73,2094,386824.62,-630.29,-0.16,2.09,0,0.00,-629.25,-0.16,71099.18,284.40,0
937,Exit long,2019-10-22 06:35,STP,186.13,2062,384398.04,-600.04,-0.16,2.06,0,0.00,-599.01,-0.16,70499.13,282.00,0
937,Entry long,2019-10-22 06:35,QQQREP|L|v1.1.7-rep|P1/10/4,186.42,2062,384398.04,-600.04,-0.16,2.06,0,0.00,-599.01,-0.16,70499.13,282.00,0
938,Exit short,2019-10-23 06:35,STP,183.8,2082,381901.26,-772.42,-0.20,2.08,123.88,0.03,-771.38,-0.20,69726.71,278.91,0
938,Entry short,2019-10-23 06:35,QQQREP|S|v1.1.7-rep|P1/10/4,183.43,2082,381901.26,-772.42,-0.20,2.08,123.88,0.03,-771.38,-0.20,69726.71,278.91,0
939,Exit short,2019-10-24 08:25,STP,185.89,2040,378848.4,-369.24,-0.10,2.04,1692.18,0.45,-368.22,-0.10,69357.47,277.43,22
939,Entry short,2019-10-24 06:35,QQQREP|S|v1.1.7-rep|P1/10/4,185.71,2040,378848.4,-369.24,-0.10,2.04,1692.18,0.45,-368.22,-0.10,69357.47,277.43,22
940,Exit long,2019-10-25 12:55,EOD,187.62,2033,377365.46,4063.97,1.08,2.03,4329.27,1.15,-183.99,-0.05,73421.44,293.69,76
940,Entry long,2019-10-25 06:35,QQQREP|L|v1.1.7-rep|P1/10/4,185.62,2033,377365.46,4063.97,1.08,2.03,4329.27,1.15,-183.99,-0.05,73421.44,293.69,76
941,Exit long,2019-10-28 12:55,EOD,189.52,2083,393645.34,1122.74,0.29,2.08,1623.7,0.41,-542.62,-0.14,74544.18,298.18,76
941,Entry long,2019-10-28 06:35,QQQREP|L|v1.1.7-rep|P1/10/4,188.98,2083,393645.34,1122.74,0.29,2.08,1623.7,0.41,-542.62,-0.14,74544.18,298.18,76
942,Exit long,2019-10-29 06:35,STP,189.17,2103,398013.78,-191.37,-0.05,2.1,0,0.00,-190.32,-0.05,74352.8,297.41,0
942,Entry long,2019-10-29 06:35,QQQREP|L|v1.1.7-rep|P1/10/4,189.26,2103,398013.78,-191.37,-0.05,2.1,0,0.00,-190.32,-0.05,74352.8,297.41,0
943,Exit short,2019-10-30 11:15,STP,188.42,2112,397182.72,-762.43,-0.19,2.11,1540.7,0.39,-761.38,-0.19,73590.37,294.36,56
943,Entry short,2019-10-30 06:35,QQQREP|S|v1.1.7-rep|P1/10/4,188.06,2112,397182.72,-762.43,-0.19,2.11,1540.7,0.39,-761.38,-0.19,73590.37,294.36,56
944,Exit short,2019-10-31 06:35,STP,189.49,2082,394351.62,-168.64,-0.04,2.08,0,0.00,-167.6,-0.04,73421.73,293.69,0
944,Entry short,2019-10-31 06:35,QQQREP|S|v1.1.7-rep|P1/10/4,189.41,2082,394351.62,-168.64,-0.04,2.08,0,0.00,-167.6,-0.04,73421.73,293.69,0
945,Exit short,2019-11-01 06:50,STP,190.02,2074,393479.28,-624.27,-0.16,2.07,61.18,0.02,-623.24,-0.16,72797.45,291.19,3
945,Entry short,2019-11-01 06:35,QQQREP|S|v1.1.7-rep|P1/10/4,189.72,2074,393479.28,-624.27,-0.16,2.07,61.18,0.02,-623.24,-0.16,72797.45,291.19,3
946,Exit long,2019-11-04 06:55,STP,191.89,2035,391106.65,-612.53,-0.16,2.04,304.23,0.08,-611.52,-0.16,72184.92,288.74,4
946,Entry long,2019-11-04 06:35,QQQREP|L|v1.1.7-rep|P1/10/4,192.19,2035,391106.65,-612.53,-0.16,2.04,304.23,0.08,-611.52,-0.16,72184.92,288.74,4
947,Exit short,2019-11-05 07:00,STP,192.29,2024,388648.48,-548.5,-0.14,2.02,464.51,0.12,-547.49,-0.14,71636.41,286.55,5
947,Entry short,2019-11-05 06:35,QQQREP|S|v1.1.7-rep|P1/10/4,192.02,2024,388648.48,-548.5,-0.14,2.02,464.51,0.12,-547.49,-0.14,71636.41,286.55,5
948,Exit short,2019-11-06 12:55,EOD,191.6,2019,386497.17,-345.25,-0.09,2.02,1513.24,0.39,-546.14,-0.14,71291.16,285.16,76
948,Entry short,2019-11-06 06:35,QQQREP|S|v1.1.7-rep|P1/10/4,191.43,2019,386497.17,-345.25,-0.09,2.02,1513.24,0.39,-546.14,-0.14,71291.16,285.16,76
949,Exit short,2019-11-07 06:35,STP,192.68,2000,385060,-302,-0.08,2,0,0.00,-301,-0.08,70989.16,283.96,0
949,Entry short,2019-11-07 06:35,QQQREP|S|v1.1.7-rep|P1/10/4,192.53,2000,385060,-302,-0.08,2,0,0.00,-301,-0.08,70989.16,283.96,0
950,Exit long,2019-11-08 06:55,STP,191.76,2000,383880,-362,-0.09,2,879,0.23,-361,-0.09,70627.16,282.51,4
950,Entry long,2019-11-08 06:35,QQQREP|L|v1.1.7-rep|P1/10/4,191.94,2000,383880,-362,-0.09,2,879,0.23,-361,-0.09,70627.16,282.51,4
951,Exit long,2019-11-11 06:40,STP,191.88,1991,382351.64,-320.55,-0.08,1.99,138.37,0.04,-319.56,-0.08,70306.62,281.23,1
951,Entry long,2019-11-11 06:35,QQQREP|L|v1.1.7-rep|P1/10/4,192.04,1991,382351.64,-320.55,-0.08,1.99,138.37,0.04,-319.56,-0.08,70306.62,281.23,1
952,Exit long,2019-11-12 11:50,STP,192.85,1974,381120.18,-436.25,-0.11,1.97,1716.39,0.45,-435.27,-0.11,69870.36,279.48,63
952,Entry long,2019-11-12 06:35,QQQREP|L|v1.1.7-rep|P1/10/4,193.07,1974,381120.18,-436.25,-0.11,1.97,1716.39,0.45,-435.27,-0.11,69870.36,279.48,63
953,Exit long,2019-11-13 12:55,EOD,193.17,1967,379375.29,588.13,0.16,1.97,1297.24,0.34,-669.76,-0.18,70458.49,281.83,76
953,Entry long,2019-11-13 06:35,QQQREP|L|v1.1.7-rep|P1/10/4,192.87,1967,379375.29,588.13,0.16,1.97,1297.24,0.34,-669.76,-0.18,70458.49,281.83,76
954,Exit long,2019-11-14 07:55,STP,192.58,1980,381803.4,-496.98,-0.13,1.98,652.41,0.17,-495.99,-0.13,69961.52,279.85,16
954,Entry long,2019-11-14 06:35,QQQREP|L|v1.1.7-rep|P1/10/4,192.83,1980,381803.4,-496.98,-0.13,1.98,652.41,0.17,-495.99,-0.13,69961.52,279.85,16
955,Exit short,2019-11-15 08:00,STP,194.41,1957,379658,-804.33,-0.21,1.96,468.7,0.12,-803.35,-0.21,69157.19,276.63,17
955,Entry short,2019-11-15 06:35,QQQREP|S|v1.1.7-rep|P1/10/4,194,1957,379658,-804.33,-0.21,1.96,468.7,0.12,-803.35,-0.21,69157.19,276.63,17
956,Exit short,2019-11-18 08:10,STP,194.35,1941,376573.41,-661.88,-0.18,1.94,911.3,0.24,-660.91,-0.18,68495.3,273.98,19
956,Entry short,2019-11-18 06:35,QQQREP|S|v1.1.7-rep|P1/10/4,194.01,1941,376573.41,-661.88,-0.18,1.94,911.3,0.24,-660.91,-0.18,68495.3,273.98,19
957,Exit short,2019-11-19 12:55,EOD,195.06,1914,373823.34,476.59,0.13,1.91,1893.9,0.51,-326.34,-0.09,68971.89,275.89,76
957,Entry short,2019-11-19 06:35,QQQREP|S|v1.1.7-rep|P1/10/4,195.31,1914,373823.34,476.59,0.13,1.91,1893.9,0.51,-326.34,-0.09,68971.89,275.89,76
958,Exit long,2019-11-20 09:00,STP,194.44,1931,375849.84,-388.13,-0.10,1.93,983.84,0.26,-387.17,-0.10,68583.77,274.34,29
958,Entry long,2019-11-20 06:35,QQQREP|L|v1.1.7-rep|P1/10/4,194.64,1931,375849.84,-388.13,-0.10,1.93,983.84,0.26,-387.17,-0.10,68583.77,274.34,29
959,Exit short,2019-11-21 07:10,STP,193.74,1935,374093.55,-795.28,-0.21,1.94,250.58,0.07,-794.32,-0.21,67788.48,271.15,7
959,Entry short,2019-11-21 06:35,QQQREP|S|v1.1.7-rep|P1/10/4,193.33,1935,374093.55,-795.28,-0.21,1.94,250.58,0.07,-794.32,-0.21,67788.48,271.15,7
960,Exit short,2019-11-22 06:35,STP,193.93,1914,371182.02,-1.91,0.00,1.91,0,0.00,0,0.00,67786.56,271.15,0
960,Entry short,2019-11-22 06:35,QQQREP|S|v1.1.7-rep|P1/10/4,193.93,1914,371182.02,-1.91,0.00,1.91,0,0.00,0,0.00,67786.56,271.15,0
961,Exit long,2019-11-25 12:55,EOD,195.91,1727,336661.38,1673.46,0.50,1.73,1674.33,0.50,-0.86,0.00,69460.02,277.84,76
961,Entry long,2019-11-25 06:35,QQQREP|L|v1.1.7-rep|P1/10/4,194.94,1727,336661.38,1673.46,0.50,1.73,1674.33,0.50,-0.86,0.00,69460.02,277.84,76
962,Exit short,2019-11-26 06:55,STP,196.13,1928,377868.72,-271.85,-0.07,1.93,500.32,0.13,-270.88,-0.07,69188.18,276.75,4
962,Entry short,2019-11-26 06:35,QQQREP|S|v1.1.7-rep|P1/10/4,195.99,1928,377868.72,-271.85,-0.07,1.93,500.32,0.13,-270.88,-0.07,69188.18,276.75,4
963,Exit short,2019-11-27 06:35,STP,196.82,1915,376776.25,-135.96,-0.04,1.92,94.79,0.03,-135.01,-0.04,69052.21,276.21,0
963,Entry short,2019-11-27 06:35,QQQREP|S|v1.1.7-rep|P1/10/4,196.75,1915,376776.25,-135.96,-0.04,1.92,94.79,0.03,-135.01,-0.04,69052.21,276.21,0
964,Exit short,2019-11-29 06:35,STP,197.2,1908,376028.64,-230.87,-0.06,1.91,94.45,0.03,-229.91,-0.06,68821.34,275.29,0
964,Entry short,2019-11-29 06:35,QQQREP|S|v1.1.7-rep|P1/10/4,197.08,1908,376028.64,-230.87,-0.06,1.91,94.45,0.03,-229.91,-0.06,68821.34,275.29,0
965,Exit short,2019-12-02 12:55,EOD,194.54,1910,375162.2,3588.89,0.96,1.91,5347.05,1.43,-0.95,0.00,72410.23,289.64,76
965,Entry short,2019-12-02 06:35,QQQREP|S|v1.1.7-rep|P1/10/4,196.42,1910,375162.2,3588.89,0.96,1.91,5347.05,1.43,-0.95,0.00,72410.23,289.64,76
966,Exit long,2019-12-03 06:45,STP,191.49,1391,267350.2,-989,-0.37,1.39,221.86,0.08,-988.31,-0.37,71421.23,285.68,2
966,Entry long,2019-12-03 06:35,QQQREP|L|v1.1.7-rep|P1/10/4,192.2,1391,267350.2,-989,-0.37,1.39,221.86,0.08,-988.31,-0.37,71421.23,285.68,2
967,Exit short,2019-12-04 06:35,STP,194.23,1987,385497.87,-439.13,-0.11,1.99,0,0.00,-438.13,-0.11,70982.11,283.93,0
967,Entry short,2019-12-04 06:35,QQQREP|S|v1.1.7-rep|P1/10/4,194.01,1987,385497.87,-439.13,-0.11,1.99,0,0.00,-438.13,-0.11,70982.11,283.93,0
968,Exit short,2019-12-05 12:55,EOD,194.51,1973,383886.61,116.41,0.03,1.97,1893.09,0.49,-277.21,-0.07,71098.52,284.39,76
968,Entry short,2019-12-05 06:35,QQQREP|S|v1.1.7-rep|P1/10/4,194.57,1973,383886.61,116.41,0.03,1.97,1893.09,0.49,-277.21,-0.07,71098.52,284.39,76
969,Exit long,2019-12-06 12:55,EOD,196.56,1961,384336.39,1115.81,0.29,1.96,1528.6,0.40,-216.69,-0.06,72214.32,288.86,76
969,Entry long,2019-12-06 06:35,QQQREP|L|v1.1.7-rep|P1/10/4,195.99,1961,384336.39,1115.81,0.29,1.96,1528.6,0.40,-216.69,-0.06,72214.32,288.86,76
970,Exit long,2019-12-09 09:45,STP,196.28,1979,388952.66,-516.52,-0.13,1.98,1285.36,0.33,-515.53,-0.13,71697.8,286.79,38
970,Entry long,2019-12-09 06:35,QQQREP|L|v1.1.7-rep|P1/10/4,196.54,1979,388952.66,-516.52,-0.13,1.98,1285.36,0.33,-515.53,-0.13,71697.8,286.79,38
971,Exit short,2019-12-10 07:05,STP,195.86,1976,386584.64,-436.7,-0.11,1.98,987.01,0.26,-435.71,-0.11,71261.11,285.04,6
971,Entry short,2019-12-10 06:35,QQQREP|S|v1.1.7-rep|P1/10/4,195.64,1976,386584.64,-436.7,-0.11,1.98,987.01,0.26,-435.71,-0.11,71261.11,285.04,6
972,Exit short,2019-12-11 06:45,STP,196.03,1965,385100.7,-100.21,-0.03,1.97,509.92,0.13,-99.23,-0.03,71160.89,284.64,2
972,Entry short,2019-12-11 06:35,QQQREP|S|v1.1.7-rep|P1/10/4,195.98,1965,385100.7,-100.21,-0.03,1.97,509.92,0.13,-99.23,-0.03,71160.89,284.64,2
973,Exit short,2019-12-12 06:35,STP,196.61,1959,384610.47,-550.48,-0.14,1.96,292.87,0.08,-549.5,-0.14,70610.41,282.44,0
973,Entry short,2019-12-12 06:35,QQQREP|S|v1.1.7-rep|P1/10/4,196.33,1959,384610.47,-550.48,-0.14,1.96,292.87,0.08,-549.5,-0.14,70610.41,282.44,0
974,Exit short,2019-12-13 06:35,STP,198.08,1935,382452.75,-833.98,-0.22,1.94,0,0.00,-833.02,-0.22,69776.43,279.11,0
974,Entry short,2019-12-13 06:35,QQQREP|S|v1.1.7-rep|P1/10/4,197.65,1935,382452.75,-833.98,-0.22,1.94,0,0.00,-833.02,-0.22,69776.43,279.11,0
975,Exit long,2019-12-16 12:55,EOD,200.62,1893,379148.97,622.8,0.16,1.89,1286.29,0.34,-152.39,-0.04,70399.23,281.60,76
975,Entry long,2019-12-16 06:35,QQQREP|L|v1.1.7-rep|P1/10/4,200.29,1893,379148.97,622.8,0.16,1.89,1286.29,0.34,-152.39,-0.04,70399.23,281.60,76
976,Exit short,2019-12-17 06:35,STP,201.02,1899,381566.07,-172.81,-0.05,1.9,226.93,0.06,-171.86,-0.05,70226.41,280.91,0
976,Entry short,2019-12-17 06:35,QQQREP|S|v1.1.7-rep|P1/10/4,200.93,1899,381566.07,-172.81,-0.05,1.9,226.93,0.06,-171.86,-0.05,70226.41,280.91,0
977,Exit long,2019-12-18 06:50,STP,200.97,1893,380814.81,-380.49,-0.10,1.89,169.42,0.04,-379.55,-0.10,69845.92,279.38,3
977,Entry long,2019-12-18 06:35,QQQREP|L|v1.1.7-rep|P1/10/4,201.17,1893,380814.81,-380.49,-0.10,1.89,169.42,0.04,-379.55,-0.10,69845.92,279.38,3
978,Exit long,2019-12-19 12:55,EOD,202.28,1884,379456.44,1637.2,0.43,1.88,1694.66,0.45,-377.74,-0.10,71483.12,285.93,76
978,Entry long,2019-12-19 06:35,QQQREP|L|v1.1.7-rep|P1/10/4,201.41,1884,379456.44,1637.2,0.43,1.88,1694.66,0.45,-377.74,-0.10,71483.12,285.93,76
979,Exit short,2019-12-20 06:35,STP,203.26,1899,385819.83,-172.81,-0.04,1.9,0,0.00,-171.86,-0.04,71310.31,285.24,0
979,Entry short,2019-12-20 06:35,QQQREP|S|v1.1.7-rep|P1/10/4,203.17,1899,385819.83,-172.81,-0.04,1.9,0,0.00,-171.86,-0.04,71310.31,285.24,0
980,Exit short,2019-12-23 08:25,STP,203.86,1890,385182,-115.29,-0.03,1.89,490.46,0.13,-114.34,-0.03,71195.02,284.78,22
980,Entry short,2019-12-23 06:35,QQQREP|S|v1.1.7-rep|P1/10/4,203.8,1890,385182,-115.29,-0.03,1.89,490.46,0.13,-114.34,-0.03,71195.02,284.78,22
981,Exit short,2019-12-24 09:55,EOD,203.67,1889,384600.4,-134.12,-0.03,1.89,660.21,0.17,-189.84,-0.05,71060.9,284.24,40
981,Entry short,2019-12-24 06:35,QQQREP|S|v1.1.7-rep|P1/10/4,203.6,1889,384600.4,-134.12,-0.03,1.89,660.21,0.17,-189.84,-0.05,71060.9,284.24,40
982,Exit long,2019-12-26 12:55,EOD,205.5,1882,384285.58,2463.54,0.64,1.88,2520.94,0.66,-76.22,-0.02,73524.44,294.10,76
982,Entry long,2019-12-26 06:35,QQQREP|L|v1.1.7-rep|P1/10/4,204.19,1882,384285.58,2463.54,0.64,1.88,2520.94,0.66,-76.22,-0.02,73524.44,294.10,76
983,Exit short,2019-12-27 06:35,TGT,205.97,1911,394086.42,475.84,0.12,1.91,476.79,0.12,-0.96,0.00,74000.28,296.00,0
983,Entry short,2019-12-27 06:35,QQQREP|S|v1.1.7-rep|P1/10/4,206.22,1911,394086.42,475.84,0.12,1.91,476.79,0.12,-0.96,0.00,74000.28,296.00,0
984,Exit short,2019-12-30 12:55,EOD,203.94,1688,345618,1365.59,0.40,1.69,2970.04,0.86,-0.84,0.00,75365.87,301.46,76
984,Entry short,2019-12-30 06:35,QQQREP|S|v1.1.7-rep|P1/10/4,204.75,1688,345618,1365.59,0.40,1.69,2970.04,0.86,-0.84,0.00,75365.87,301.46,76
985,Exit long,2019-12-31 12:55,EOD,204.35,1684,342946.6,1177.12,0.34,1.68,1464.24,0.43,-506.04,-0.15,76542.98,306.17,76
985,Entry long,2019-12-31 06:35,QQQREP|L|v1.1.7-rep|P1/10/4,203.65,1684,342946.6,1177.12,0.34,1.68,1464.24,0.43,-506.04,-0.15,76542.98,306.17,76
986,Exit long,2020-01-02 07:15,STP,205.96,1967,406087.15,-965.8,-0.24,1.97,726.81,0.18,-964.81,-0.24,75577.19,302.31,8
986,Entry long,2020-01-02 06:35,QQQREP|L|v1.1.7-rep|P1/10/4,206.45,1967,406087.15,-965.8,-0.24,1.97,726.81,0.18,-964.81,-0.24,75577.19,302.31,8
987,Exit long,2020-01-03 12:55,EOD,205.9,823,169760.21,-305.33,-0.18,0.82,690.91,0.41,-362.53,-0.21,75271.86,301.09,76
987,Entry long,2020-01-03 06:35,QQQREP|L|v1.1.7-rep|P1/10/4,206.27,823,169760.21,-305.33,-0.18,0.82,690.91,0.41,-362.53,-0.21,75271.86,301.09,76
988,Exit long,2020-01-06 12:55,EOD,207.17,1256,257304.16,2900.1,1.13,1.26,2976.09,1.16,-377.43,-0.15,78171.96,312.69,76
988,Entry long,2020-01-06 06:35,QQQREP|L|v1.1.7-rep|P1/10/4,204.86,1256,257304.16,2900.1,1.13,1.26,2976.09,1.16,-377.43,-0.15,78171.96,312.69,76
989,Exit short,2020-01-07 06:35,STP,207.45,1990,412527,-300.49,-0.07,1.99,0,0.00,-299.49,-0.07,77871.47,311.49,0
989,Entry short,2020-01-07 06:35,QQQREP|S|v1.1.7-rep|P1/10/4,207.3,1990,412527,-300.49,-0.07,1.99,0,0.00,-299.49,-0.07,77871.47,311.49,0
990,Exit long,2020-01-08 12:55,EOD,208.7,1672,346956.72,1988.01,0.57,1.67,3644.12,1.05,-769.96,-0.22,79859.48,319.44,76
990,Entry long,2020-01-08 06:35,QQQREP|L|v1.1.7-rep|P1/10/4,207.51,1672,346956.72,1988.01,0.57,1.67,3644.12,1.05,-769.96,-0.22,79859.48,319.44,76
991,Exit long,2020-01-09 06:35,STP,210.43,1990,419312.9,-559.19,-0.13,1.99,357.21,0.09,-558.2,-0.13,79300.29,317.20,0
991,Entry long,2020-01-09 06:35,QQQREP|L|v1.1.7-rep|P1/10/4,210.71,1990,419312.9,-559.19,-0.13,1.99,357.21,0.09,-558.2,-0.13,79300.29,317.20,0
992,Exit short,2020-01-10 07:40,STP,211.35,1978,417001.96,-1050.32,-0.25,1.98,612.19,0.15,-1049.33,-0.25,78249.97,313.00,13
992,Entry short,2020-01-10 06:35,QQQREP|S|v1.1.7-rep|P1/10/4,210.82,1978,417001.96,-1050.32,-0.25,1.98,612.19,0.15,-1049.33,-0.25,78249.97,313.00,13
993,Exit long,2020-01-13 06:35,STP,210.76,1958,412785.56,-119.44,-0.03,1.96,0,0.00,-118.46,-0.03,78130.53,312.52,0
993,Entry long,2020-01-13 06:35,QQQREP|L|v1.1.7-rep|P1/10/4,210.82,1958,412785.56,-119.44,-0.03,1.96,0,0.00,-118.46,-0.03,78130.53,312.52,0
994,Exit short,2020-01-14 09:35,STP,212.42,1944,412497.36,-449.06,-0.11,1.94,1787.51,0.43,-448.09,-0.11,77681.47,310.73,36
994,Entry short,2020-01-14 06:35,QQQREP|S|v1.1.7-rep|P1/10/4,212.19,1944,412497.36,-449.06,-0.11,1.94,1787.51,0.43,-448.09,-0.11,77681.47,310.73,36
995,Exit long,2020-01-15 10:30,STP,211.59,1938,410778.48,-719,-0.18,1.94,1278.11,0.31,-718.03,-0.17,76962.47,307.85,47
995,Entry long,2020-01-15 06:35,QQQREP|L|v1.1.7-rep|P1/10/4,211.96,1938,410778.48,-719,-0.18,1.94,1278.11,0.31,-718.03,-0.17,76962.47,307.85,47
996,Exit long,2020-01-16 08:10,STP,212.51,1915,407741.8,-787.06,-0.19,1.92,592.69,0.15,-786.11,-0.19,76175.41,304.70,19
996,Entry long,2020-01-16 06:35,QQQREP|L|v1.1.7-rep|P1/10/4,212.92,1915,407741.8,-787.06,-0.19,1.92,592.69,0.15,-786.11,-0.19,76175.41,304.70,19
997,Exit short,2020-01-17 12:50,STP,214.65,1889,404604.91,-870.83,-0.22,1.89,1245.8,0.31,-869.88,-0.21,75304.58,301.22,75
997,Entry short,2020-01-17 06:35,QQQREP|S|v1.1.7-rep|P1/10/4,214.19,1889,404604.91,-870.83,-0.22,1.89,1245.8,0.31,-869.88,-0.21,75304.58,301.22,75
998,Exit long,2020-01-21 11:00,STP,214.07,1872,401207.04,-469.87,-0.12,1.87,1590.26,0.40,-468.94,-0.12,74834.7,299.34,53
998,Entry long,2020-01-21 06:35,QQQREP|L|v1.1.7-rep|P1/10/4,214.32,1872,401207.04,-469.87,-0.12,1.87,1590.26,0.40,-468.94,-0.12,74834.7,299.34,53
999,Exit short,2020-01-22 06:35,STP,215.75,1851,399279.21,-75.89,-0.02,1.85,91.62,0.02,-74.97,-0.02,74758.81,299.04,0
999,Entry short,2020-01-22 06:35,QQQREP|S|v1.1.7-rep|P1/10/4,215.71,1851,399279.21,-75.89,-0.02,1.85,91.62,0.02,-74.97,-0.02,74758.81,299.04,0
1000,Exit short,2020-01-23 07:05,STP,215.22,1281,274633.59,-1064.51,-0.39,1.28,383.66,0.14,-1063.87,-0.39,73694.3,294.78,6
1000,Entry short,2020-01-23 06:35,QQQREP|S|v1.1.7-rep|P1/10/4,214.39,1281,274633.59,-1064.51,-0.39,1.28,383.66,0.14,-1063.87,-0.39,73694.3,294.78,6
1001,Exit short,2020-01-24 12:55,EOD,214.04,1821,394556.07,4787.41,1.21,1.82,6518.27,1.65,-437.95,-0.11,78481.71,313.93,76
1001,Entry short,2020-01-24 06:35,QQQREP|S|v1.1.7-rep|P1/10/4,216.67,1821,394556.07,4787.41,1.21,1.82,6518.27,1.65,-437.95,-0.11,78481.71,313.93,76
1002,Exit long,2020-01-27 12:55,EOD,209.6,1281,268446.36,49.96,0.02,1.28,1562.18,0.58,-423.37,-0.16,78531.67,314.13,76
1002,Entry long,2020-01-27 06:35,QQQREP|L|v1.1.7-rep|P1/10/4,209.56,1281,268446.36,49.96,0.02,1.28,1562.18,0.58,-423.37,-0.16,78531.67,314.13,76
1003,Exit short,2020-01-28 07:20,STP,211.46,1962,414080.1,-806.38,-0.19,1.96,921.16,0.22,-805.4,-0.19,77725.29,310.90,9
1003,Entry short,2020-01-28 06:35,QQQREP|S|v1.1.7-rep|P1/10/4,211.05,1962,414080.1,-806.38,-0.19,1.96,921.16,0.22,-805.4,-0.19,77725.29,310.90,9
1004,Exit short,2020-01-29 06:35,STP,214.14,1919,410761.95,-174.63,-0.04,1.92,0,0.00,-173.67,-0.04,77550.66,310.20,0
1004,Entry short,2020-01-29 06:35,QQQREP|S|v1.1.7-rep|P1/10/4,214.05,1919,410761.95,-174.63,-0.04,1.92,0,0.00,-173.67,-0.04,77550.66,310.20,0
1005,Exit long,2020-01-30 07:45,STP,211.66,997,212091.81,-1067.79,-0.50,1,547.85,0.26,-1067.29,-0.50,76482.88,305.93,14
1005,Entry long,2020-01-30 06:35,QQQREP|L|v1.1.7-rep|P1/10/4,212.73,997,212091.81,-1067.79,-0.50,1,547.85,0.26,-1067.29,-0.50,76482.88,305.93,14
1006,Exit short,2020-01-31 12:55,EOD,210.52,1303,278998.36,4689.5,1.68,1.3,5589.22,2.00,-130.95,-0.05,81172.37,324.69,76
1006,Entry short,2020-01-31 06:35,QQQREP|S|v1.1.7-rep|P1/10/4,214.12,1303,278998.36,4689.5,1.68,1.3,5589.22,2.00,-130.95,-0.05,81172.37,324.69,76
1007,Exit long,2020-02-03 12:55,EOD,213.69,1416,300588.48,1995.14,0.66,1.42,2788.81,0.93,-0.71,0.00,83167.52,332.67,76
1007,Entry long,2020-02-03 06:35,QQQREP|L|v1.1.7-rep|P1/10/4,212.28,1416,300588.48,1995.14,0.66,1.42,2788.81,0.93,-0.71,0.00,83167.52,332.67,76
1008,Exit short,2020-02-04 06:45,STP,216.92,1786,386418.96,-1001.95,-0.26,1.79,695.65,0.18,-1001.05,-0.26,82165.57,328.66,2
1008,Entry short,2020-02-04 06:35,QQQREP|S|v1.1.7-rep|P1/10/4,216.36,1786,386418.96,-1001.95,-0.26,1.79,695.65,0.18,-1001.05,-0.26,82165.57,328.66,2
1009,Exit short,2020-02-05 12:55,EOD,219.41,1639,361678.13,2063.5,0.57,1.64,4260.58,1.18,-66.38,-0.02,84229.07,336.92,76
1009,Entry short,2020-02-05 06:35,QQQREP|S|v1.1.7-rep|P1/10/4,220.67,1639,361678.13,2063.5,0.57,1.64,4260.58,1.18,-66.38,-0.02,84229.07,336.92,76
1010,Exit short,2020-02-06 06:55,STP,220.16,1803,395812.59,-1137.69,-0.29,1.8,630.15,0.16,-1136.79,-0.29,83091.38,332.37,4
1010,Entry short,2020-02-06 06:35,QQQREP|S|v1.1.7-rep|P1/10/4,219.53,1803,395812.59,-1137.69,-0.29,1.8,630.15,0.16,-1136.79,-0.29,83091.38,332.37,4
1011,Exit short,2020-02-07 07:30,STP,220.59,1371,301386.93,-1043.33,-0.35,1.37,177.54,0.06,-1042.65,-0.35,82048.05,328.19,11
1011,Entry short,2020-02-07 06:35,QQQREP|S|v1.1.7-rep|P1/10/4,219.83,1371,301386.93,-1043.33,-0.35,1.37,177.54,0.06,-1042.65,-0.35,82048.05,328.19,11
1012,Exit long,2020-02-10 12:55,EOD,222.97,1265,278831.3,3224.49,1.16,1.26,3250.42,1.17,-63.88,-0.02,85272.53,341.09,76
1012,Entry long,2020-02-10 06:35,QQQREP|L|v1.1.7-rep|P1/10/4,220.42,1265,278831.3,3224.49,1.16,1.26,3250.42,1.17,-63.88,-0.02,85272.53,341.09,76
1013,Exit short,2020-02-11 07:05,STP,224.3,1792,400762.88,-1184.51,-0.30,1.79,590.46,0.15,-1183.62,-0.30,84088.02,336.35,6
1013,Entry short,2020-02-11 06:35,QQQREP|S|v1.1.7-rep|P1/10/4,223.64,1792,400762.88,-1184.51,-0.30,1.79,590.46,0.15,-1183.62,-0.30,84088.02,336.35,6
1014,Exit long,2020-02-12 06:45,STP,224.27,1941,436142.7,-836.57,-0.19,1.94,193.13,0.04,-835.6,-0.19,83251.45,333.01,2
1014,Entry long,2020-02-12 06:35,QQQREP|L|v1.1.7-rep|P1/10/4,224.7,1941,436142.7,-836.57,-0.19,1.94,193.13,0.04,-835.6,-0.19,83251.45,333.01,2
1015,Exit long,2020-02-13 12:55,EOD,224.88,1586,355375.02,1283.07,0.36,1.59,2774.71,0.78,-571.75,-0.16,84534.52,338.14,76
1015,Entry long,2020-02-13 06:35,QQQREP|L|v1.1.7-rep|P1/10/4,224.07,1586,355375.02,1283.07,0.36,1.59,2774.71,0.78,-571.75,-0.16,84534.52,338.14,76
1016,Exit long,2020-02-14 06:35,STP,225.1,1941,438064.29,-1147.13,-0.26,1.94,0,0.00,-1146.16,-0.26,83387.39,333.55,0
1016,Entry long,2020-02-14 06:35,QQQREP|L|v1.1.7-rep|P1/10/4,225.69,1941,438064.29,-1147.13,-0.26,1.94,0,0.00,-1146.16,-0.26,83387.39,333.55,0
1017,Exit long,2020-02-18 12:55,EOD,225.64,1326,298376.52,820.79,0.28,1.33,1351.86,0.45,-968.64,-0.32,84208.19,336.83,76
1017,Entry long,2020-02-18 06:35,QQQREP|L|v1.1.7-rep|P1/10/4,225.02,1326,298376.52,820.79,0.28,1.33,1351.86,0.45,-968.64,-0.32,84208.19,336.83,76
1018,Exit long,2020-02-19 12:55,EOD,227.81,1923,436578.69,1498.02,0.34,1.92,2383.56,0.55,-20.19,0.00,85706.2,342.82,76
1018,Entry long,2020-02-19 06:35,QQQREP|L|v1.1.7-rep|P1/10/4,227.03,1923,436578.69,1498.02,0.34,1.92,2383.56,0.55,-20.19,0.00,85706.2,342.82,76
1019,Exit long,2020-02-20 06:35,STP,227.2,1945,442487.5,-585.45,-0.13,1.95,0,0.00,-584.47,-0.13,85120.76,340.48,0
1019,Entry long,2020-02-20 06:35,QQQREP|L|v1.1.7-rep|P1/10/4,227.5,1945,442487.5,-585.45,-0.13,1.95,0,0.00,-584.47,-0.13,85120.76,340.48,0
1020,Exit short,2020-02-21 12:55,EOD,221.4,1909,428150.52,5496.01,1.28,1.91,7310.52,1.71,-0.95,0.00,90616.77,362.47,76
1020,Entry short,2020-02-21 06:35,QQQREP|S|v1.1.7-rep|P1/10/4,224.28,1909,428150.52,5496.01,1.28,1.91,7310.52,1.71,-0.95,0.00,90616.77,362.47,76
1021,Exit long,2020-02-24 12:55,EOD,212.81,522,111681.9,-595.6,-0.53,0.52,829.72,0.74,-1070.36,-0.96,90021.16,360.08,76
1021,Entry long,2020-02-24 06:35,QQQREP|L|v1.1.7-rep|P1/10/4,213.95,522,111681.9,-595.6,-0.53,0.52,829.72,0.74,-1070.36,-0.96,90021.16,360.08,76
1022,Exit short,2020-02-25 12:55,EOD,207.12,886,189604,6094.79,3.21,0.89,6715.44,3.54,-886.44,-0.47,96115.96,384.46,76
1022,Entry short,2020-02-25 06:35,QQQREP|S|v1.1.7-rep|P1/10/4,214,886,189604,6094.79,3.21,0.89,6715.44,3.54,-886.44,-0.47,96115.96,384.46,76
1023,Exit long,2020-02-26 09:15,STP,208.06,1536,320824.32,-1245.7,-0.39,1.54,4407.55,1.37,-1244.93,-0.39,94870.27,379.48,32
1023,Entry long,2020-02-26 06:35,QQQREP|L|v1.1.7-rep|P1/10/4,208.87,1536,320824.32,-1245.7,-0.39,1.54,4407.55,1.37,-1244.93,-0.39,94870.27,379.48,32
1024,Exit short,2020-02-27 06:35,STP,203.58,1005,203422.05,-1176.85,-0.58,1,160.3,0.08,-1176.35,-0.58,93693.41,374.77,0
1024,Entry short,2020-02-27 06:35,QQQREP|S|v1.1.7-rep|P1/10/4,202.41,1005,203422.05,-1176.85,-0.58,1,160.3,0.08,-1176.35,-0.58,93693.41,374.77,0
1025,Exit long,2020-02-28 12:55,EOD,198.68,344,66718.8,1626.78,2.44,0.34,1785.19,2.68,-1111.29,-1.67,95320.19,381.28,76
1025,Entry long,2020-02-28 06:35,QQQREP|L|v1.1.7-rep|P1/10/4,193.95,344,66718.8,1626.78,2.44,0.34,1785.19,2.68,-1111.29,-1.67,95320.19,381.28,76
1026,Exit short,2020-03-02 07:50,STP,201.55,792,158439.6,-1188.79,-0.75,0.79,1654.88,1.04,-1188.4,-0.75,94131.39,376.53,15
1026,Entry short,2020-03-02 06:35,QQQREP|S|v1.1.7-rep|P1/10/4,200.05,792,158439.6,-1188.79,-0.75,0.79,1654.88,1.04,-1188.4,-0.75,94131.39,376.53,15
1027,Exit short,2020-03-03 07:00,STP,208.72,991,205672.14,-1170.37,-0.57,0.99,2477,1.20,-1169.88,-0.57,92961.02,371.84,5
1027,Entry short,2020-03-03 06:35,QQQREP|S|v1.1.7-rep|P1/10/4,207.54,991,205672.14,-1170.37,-0.57,0.99,2477,1.20,-1169.88,-0.57,92961.02,371.84,5
1028,Exit long,2020-03-04 06:35,STP,204.92,2298,471986.22,-1082.36,-0.23,2.3,251.63,0.05,-1081.21,-0.23,91878.66,367.51,0
1028,Entry long,2020-03-04 06:35,QQQREP|L|v1.1.7-rep|P1/10/4,205.39,2298,471986.22,-1082.36,-0.23,2.3,251.63,0.05,-1081.21,-0.23,91878.66,367.51,0
1029,Exit long,2020-03-05 09:40,STP,204.12,874,179563.3,-1163.29,-0.65,0.87,2202.04,1.23,-1162.86,-0.65,90715.37,362.86,37
1029,Entry long,2020-03-05 06:35,QQQREP|L|v1.1.7-rep|P1/10/4,205.45,874,179563.3,-1163.29,-0.65,0.87,2202.04,1.23,-1162.86,-0.65,90715.37,362.86,37
1030,Exit long,2020-03-06 06:50,STP,196.42,978,193243.02,-1145.24,-0.59,0.98,889.49,0.46,-1144.75,-0.59,89570.13,358.28,3
1030,Entry long,2020-03-06 06:35,QQQREP|L|v1.1.7-rep|P1/10/4,197.59,978,193243.02,-1145.24,-0.59,0.98,889.49,0.46,-1144.75,-0.59,89570.13,358.28,3
1031,Exit long,2020-03-09 06:45,STP,185.28,969,179768.88,-233.53,-0.13,0.97,571.23,0.32,-233.04,-0.13,89336.6,357.35,0
1031,Entry long,2020-03-09 06:45,QQQREP|L|v1.1.7-rep|P1/10/4,185.52,969,179768.88,-233.53,-0.13,0.97,571.23,0.32,-233.04,-0.13,89336.6,357.35,0
1032,Exit short,2020-03-10 07:10,STP,193.44,2370,457315.2,-1139.97,-0.25,2.37,4738.81,1.04,-1138.79,-0.25,88196.63,352.79,7
1032,Entry short,2020-03-10 06:35,QQQREP|S|v1.1.7-rep|P1/10/4,192.96,2370,457315.2,-1139.97,-0.25,2.37,4738.81,1.04,-1138.79,-0.25,88196.63,352.79,7
1033,Exit long,2020-03-11 06:40,STP,191.28,957,184184.22,-1130.22,-0.61,0.96,104.79,0.06,-1129.74,-0.61,87066.41,348.27,1
1033,Entry long,2020-03-11 06:35,QQQREP|L|v1.1.7-rep|P1/10/4,192.46,957,184184.22,-1130.22,-0.61,0.96,104.79,0.06,-1129.74,-0.61,87066.41,348.27,1
1034,Exit short,2020-03-12 06:55,STP,176.46,804,140740.2,-1134.44,-0.81,0.8,2516.12,1.79,-1134.04,-0.81,85931.97,343.73,2
1034,Entry short,2020-03-12 06:35,QQQREP|S|v1.1.7-rep|P1/10/4,175.05,804,140740.2,-1134.44,-0.81,0.8,2516.12,1.79,-1134.04,-0.81,85931.97,343.73,2
1035,Exit short,2020-03-13 12:50,STP,181.46,539,96664.26,-1143.22,-1.18,0.54,4365.63,4.52,-1142.95,-1.18,84788.75,339.16,75
1035,Entry short,2020-03-13 06:35,QQQREP|S|v1.1.7-rep|P1/10/4,179.34,539,96664.26,-1143.22,-1.18,0.54,4365.63,4.52,-1142.95,-1.18,84788.75,339.16,75
1036,Exit short,2020-03-16 06:45,STP,167.41,2625,436406.25,-3047.62,-0.70,2.63,0,0.00,-3046.31,-0.70,81741.13,326.96,0
1036,Entry short,2020-03-16 06:45,QQQREP|S|v1.1.7-rep|P1/10/4,166.25,2625,436406.25,-3047.62,-0.70,2.63,0,0.00,-3046.31,-0.70,81741.13,326.96,0
1037,Exit long,2020-03-17 06:35,STP,168.25,1708,288617.84,-1248.55,-0.43,1.71,0,0.00,-1247.69,-0.43,80492.58,321.97,0
1037,Entry long,2020-03-17 06:35,QQQREP|L|v1.1.7-rep|P1/10/4,168.98,1708,288617.84,-1248.55,-0.43,1.71,0,0.00,-1247.69,-0.43,80492.58,321.97,0
1038,Exit long,2020-03-18 10:15,STP,164.16,303,50770.68,-1030.5,-2.03,0.3,1430.01,2.82,-1030.35,-2.03,79462.08,317.85,42
1038,Entry long,2020-03-18 06:35,QQQREP|L|v1.1.7-rep|P1/10/4,167.56,303,50770.68,-1030.5,-2.03,0.3,1430.01,2.82,-1030.35,-2.03,79462.08,317.85,42
1039,Exit short,2020-03-19 06:55,STP,169.22,460,76810.8,-1030.86,-1.34,0.46,915.17,1.19,-1030.63,-1.34,78431.22,313.72,4
1039,Entry short,2020-03-19 06:35,QQQREP|S|v1.1.7-rep|P1/10/4,166.98,460,76810.8,-1030.86,-1.34,0.46,915.17,1.19,-1030.63,-1.34,78431.22,313.72,4
1040,Exit long,2020-03-20 06:35,STP,173.48,860,150199,-1007.06,-0.67,0.86,756.37,0.50,-1006.63,-0.67,77424.16,309.70,0
1040,Entry long,2020-03-20 06:35,QQQREP|L|v1.1.7-rep|P1/10/4,174.65,860,150199,-1007.06,-0.67,0.86,756.37,0.50,-1006.63,-0.67,77424.16,309.70,0
1041,Exit short,2020-03-23 06:55,STP,164.81,1380,226389,-1050.18,-0.46,1.38,4636.11,2.05,-1049.49,-0.46,76373.98,305.50,4
1041,Entry short,2020-03-23 06:35,QQQREP|S|v1.1.7-rep|P1/10/4,164.05,1380,226389,-1050.18,-0.46,1.38,4636.11,2.05,-1049.49,-0.46,76373.98,305.50,4
1042,Exit long,2020-03-24 06:40,STP,172.35,548,95461.6,-1014.35,-1.06,0.55,246.33,0.26,-1014.07,-1.06,75359.63,301.44,1
1042,Entry long,2020-03-24 06:35,QQQREP|L|v1.1.7-rep|P1/10/4,174.2,548,95461.6,-1014.35,-1.06,0.55,246.33,0.26,-1014.07,-1.06,75359.63,301.44,1
1043,Exit long,2020-03-25 06:55,STP,175.96,363,64875.36,-1002.24,-1.54,0.36,547.95,0.84,-1002.06,-1.54,74357.38,297.43,4
1043,Entry long,2020-03-25 06:35,QQQREP|L|v1.1.7-rep|P1/10/4,178.72,363,64875.36,-1002.24,-1.54,0.36,547.95,0.84,-1002.06,-1.54,74357.38,297.43,4
1044,Exit long,2020-03-26 12:55,EOD,185.12,793,141296.74,5502.63,3.89,0.79,5923.31,4.19,-729.96,-0.52,79860.02,319.44,76
1044,Entry long,2020-03-26 06:35,QQQREP|L|v1.1.7-rep|P1/10/4,178.18,793,141296.74,5502.63,3.89,0.79,5923.31,4.19,-729.96,-0.52,79860.02,319.44,76
1045,Exit long,2020-03-27 06:40,STP,179.65,1876,337942.64,-921.12,-0.27,1.88,1481.1,0.44,-920.18,-0.27,78938.9,315.76,1
1045,Entry long,2020-03-27 06:35,QQQREP|L|v1.1.7-rep|P1/10/4,180.14,1876,337942.64,-921.12,-0.27,1.88,1481.1,0.44,-920.18,-0.27,78938.9,315.76,1
1046,Exit long,2020-03-30 06:40,STP,180.01,793,143826.41,-1079.27,-0.75,0.79,47.18,0.03,-1078.88,-0.75,77859.63,311.44,1
1046,Entry long,2020-03-30 06:35,QQQREP|L|v1.1.7-rep|P1/10/4,181.37,793,143826.41,-1079.27,-0.75,0.79,47.18,0.03,-1078.88,-0.75,77859.63,311.44,1
1047,Exit long,2020-03-31 06:45,STP,183.94,1642,302981.84,-954,-0.31,1.64,1181.42,0.39,-953.18,-0.31,76905.62,307.62,2
1047,Entry long,2020-03-31 06:35,QQQREP|L|v1.1.7-rep|P1/10/4,184.52,1642,302981.84,-954,-0.31,1.64,1181.42,0.39,-953.18,-0.31,76905.62,307.62,2
1048,Exit long,2020-04-01 09:25,STP,177.91,1306,233395.26,-1046.11,-0.45,1.31,2689.71,1.15,-1045.45,-0.45,75859.52,303.44,34
1048,Entry long,2020-04-01 06:35,QQQREP|L|v1.1.7-rep|P1/10/4,178.71,1306,233395.26,-1046.11,-0.45,1.31,2689.71,1.15,-1045.45,-0.45,75859.52,303.44,34
1049,Exit long,2020-04-02 06:45,STP,174.57,536,94571.84,-1002.86,-1.06,0.54,278.45,0.29,-1002.59,-1.06,74856.66,299.43,2
1049,Entry long,2020-04-02 06:35,QQQREP|L|v1.1.7-rep|P1/10/4,176.44,536,94571.84,-1002.86,-1.06,0.54,278.45,0.29,-1002.59,-1.06,74856.66,299.43,2
1050,Exit long,2020-04-03 07:15,STP,178.18,909,162938.25,-973.54,-0.60,0.91,863.1,0.53,-973.08,-0.60,73883.12,295.53,8
1050,Entry long,2020-04-03 06:35,QQQREP|L|v1.1.7-rep|P1/10/4,179.25,909,162938.25,-973.54,-0.60,0.91,863.1,0.53,-973.08,-0.60,73883.12,295.53,8
1051,Exit short,2020-04-06 06:50,STP,183.68,968,176805.2,-998.01,-0.56,0.97,348,0.20,-997.52,-0.56,72885.11,291.54,3
1051,Entry short,2020-04-06 06:35,QQQREP|S|v1.1.7-rep|P1/10/4,182.65,968,176805.2,-998.01,-0.56,0.97,348,0.20,-997.52,-0.56,72885.11,291.54,3
1052,Exit short,2020-04-07 12:55,EOD,188.99,977,189772.48,5128.27,2.70,0.98,5304.62,2.80,-391.29,-0.21,78013.38,312.05,76
1052,Entry short,2020-04-07 06:35,QQQREP|S|v1.1.7-rep|P1/10/4,194.24,977,189772.48,5128.27,2.70,0.98,5304.62,2.80,-391.29,-0.21,78013.38,312.05,76
1053,Exit long,2020-04-08 06:35,STP,190.84,2153,411782.78,-906.41,-0.22,2.15,407.99,0.10,-905.34,-0.22,77106.97,308.43,0
1053,Entry long,2020-04-08 06:35,QQQREP|L|v1.1.7-rep|P1/10/4,191.26,2153,411782.78,-906.41,-0.22,2.15,407.99,0.10,-905.34,-0.22,77106.97,308.43,0
1054,Exit short,2020-04-09 06:40,STP,194.97,963,186744.96,-1012.11,-0.54,0.96,28.41,0.02,-1011.63,-0.54,76094.86,304.38,1
1054,Entry short,2020-04-09 06:35,QQQREP|S|v1.1.7-rep|P1/10/4,193.92,963,186744.96,-1012.11,-0.54,0.96,28.41,0.02,-1011.63,-0.54,76094.86,304.38,1
1055,Exit long,2020-04-13 06:45,STP,192.32,2099,404351.36,-673.78,-0.17,2.1,2559.73,0.63,-672.73,-0.17,75421.08,301.68,2
1055,Entry long,2020-04-13 06:35,QQQREP|L|v1.1.7-rep|P1/10/4,192.64,2099,404351.36,-673.78,-0.17,2.1,2559.73,0.63,-672.73,-0.17,75421.08,301.68,2
1056,Exit long,2020-04-14 12:55,EOD,204.09,833,166649.98,3356.16,2.01,0.83,3773.07,2.26,-58.73,-0.04,78777.23,315.11,76
1056,Entry long,2020-04-14 06:35,QQQREP|L|v1.1.7-rep|P1/10/4,200.06,833,166649.98,3356.16,2.01,0.83,3773.07,2.26,-58.73,-0.04,78777.23,315.11,76
1057,Exit long,2020-04-15 06:40,STP,200.45,2065,414961.75,-1034.56,-0.25,2.07,886.92,0.21,-1033.53,-0.25,77742.67,310.97,1
1057,Entry long,2020-04-15 06:35,QQQREP|L|v1.1.7-rep|P1/10/4,200.95,2065,414961.75,-1034.56,-0.25,2.07,886.92,0.21,-1033.53,-0.25,77742.67,310.97,1
1058,Exit short,2020-04-16 07:45,STP,204.45,1640,334314,-985.64,-0.29,1.64,3016.78,0.90,-984.82,-0.29,76757.03,307.03,14
1058,Entry short,2020-04-16 06:35,QQQREP|S|v1.1.7-rep|P1/10/4,203.85,1640,334314,-985.64,-0.29,1.64,3016.78,0.90,-984.82,-0.29,76757.03,307.03,14
1059,Exit short,2020-04-17 12:55,EOD,207.29,831,172241.37,-17.45,-0.01,0.83,2459.34,1.43,-582.12,-0.34,76739.58,306.96,76
1059,Entry short,2020-04-17 06:35,QQQREP|S|v1.1.7-rep|P1/10/4,207.27,831,172241.37,-17.45,-0.01,0.83,2459.34,1.43,-582.12,-0.34,76739.58,306.96,76
1060,Exit long,2020-04-20 12:05,STP,205.28,1576,324545.68,-1025.98,-0.32,1.58,3198.49,0.99,-1025.19,-0.32,75713.6,302.85,66
1060,Entry long,2020-04-20 06:35,QQQREP|L|v1.1.7-rep|P1/10/4,205.93,1576,324545.68,-1025.98,-0.32,1.58,3198.49,0.99,-1025.19,-0.32,75713.6,302.85,66
1061,Exit short,2020-04-21 12:55,EOD,197.27,968,195884.48,4926.15,2.51,0.97,5991.44,3.06,-68.24,-0.03,80639.76,322.56,76
1061,Entry short,2020-04-21 06:35,QQQREP|S|v1.1.7-rep|P1/10/4,202.36,968,195884.48,4926.15,2.51,0.97,5991.44,3.06,-68.24,-0.03,80639.76,322.56,76
1062,Exit short,2020-04-22 06:35,STP,201.68,1687,339205.09,-1030.76,-0.30,1.69,83.51,0.02,-1029.91,-0.30,79609,318.44,0
1062,Entry short,2020-04-22 06:35,QQQREP|S|v1.1.7-rep|P1/10/4,201.07,1687,339205.09,-1030.76,-0.30,1.69,83.51,0.02,-1029.91,-0.30,79609,318.44,0
1063,Exit long,2020-04-23 09:45,STP,203.67,775,158944.75,-1101.28,-0.69,0.78,1115.61,0.70,-1100.89,-0.69,78507.73,314.03,38
1063,Entry long,2020-04-23 06:35,QQQREP|L|v1.1.7-rep|P1/10/4,205.09,775,158944.75,-1101.28,-0.69,0.78,1115.61,0.70,-1100.89,-0.69,78507.73,314.03,38
1064,Exit short,2020-04-24 07:35,STP,203.76,1143,231937.56,-961.26,-0.41,1.14,1256.73,0.54,-960.69,-0.41,77546.46,310.19,12
1064,Entry short,2020-04-24 06:35,QQQREP|S|v1.1.7-rep|P1/10/4,202.92,1143,231937.56,-961.26,-0.41,1.14,1256.73,0.54,-960.69,-0.41,77546.46,310.19,12
1065,Exit short,2020-04-27 06:55,STP,208.27,1689,350703.96,-1065.76,-0.30,1.69,488.97,0.14,-1064.91,-0.30,76480.7,305.92,4
1065,Entry short,2020-04-27 06:35,QQQREP|S|v1.1.7-rep|P1/10/4,207.64,1689,350703.96,-1065.76,-0.30,1.69,488.97,0.14,-1064.91,-0.30,76480.7,305.92,4
1066,Exit short,2020-04-28 07:55,TGT,204.65,1943,405931.56,8294.67,2.04,1.94,8295.64,2.04,-78.69,-0.02,84775.37,339.10,16
1066,Entry short,2020-04-28 06:35,QQQREP|S|v1.1.7-rep|P1/10/4,208.92,1943,405931.56,8294.67,2.04,1.94,8295.64,2.04,-78.69,-0.02,84775.37,339.10,16
1067,Exit short,2020-04-29 06:40,STP,208.36,2111,439045.78,-804.29,-0.18,2.11,1518.86,0.35,-803.24,-0.18,83971.08,335.88,1
1067,Entry short,2020-04-29 06:35,QQQREP|S|v1.1.7-rep|P1/10/4,207.98,2111,439045.78,-804.29,-0.18,2.11,1518.86,0.35,-803.24,-0.18,83971.08,335.88,1
1068,Exit short,2020-04-30 12:55,EOD,211.12,1120,236297.6,-157.92,-0.07,1.12,1791.44,0.76,-986.16,-0.42,83813.16,335.25,76
1068,Entry short,2020-04-30 06:35,QQQREP|S|v1.1.7-rep|P1/10/4,210.98,1120,236297.6,-157.92,-0.07,1.12,1791.44,0.76,-986.16,-0.42,83813.16,335.25,76
1069,Exit long,2020-05-01 08:30,STP,206.41,768,159613.44,-1091.33,-0.68,0.77,683.14,0.43,-1090.94,-0.68,82721.83,330.89,23
1069,Entry long,2020-05-01 06:35,QQQREP|L|v1.1.7-rep|P1/10/4,207.83,768,159613.44,-1091.33,-0.68,0.77,683.14,0.43,-1090.94,-0.68,82721.83,330.89,23
1070,Exit long,2020-05-04 12:55,EOD,207.32,1531,312507.72,4897.67,1.57,1.53,5235.25,1.68,-1072.47,-0.34,87619.5,350.48,76
1070,Entry long,2020-05-04 06:35,QQQREP|L|v1.1.7-rep|P1/10/4,204.12,1531,312507.72,4897.67,1.57,1.53,5235.25,1.68,-1072.47,-0.34,87619.5,350.48,76
1071,Exit long,2020-05-05 12:35,STP,209.15,1375,288750,-1170.12,-0.41,1.38,2818.06,0.98,-1169.44,-0.40,86449.38,345.80,72
1071,Entry long,2020-05-05 06:35,QQQREP|L|v1.1.7-rep|P1/10/4,210,1375,288750,-1170.12,-0.41,1.38,2818.06,0.98,-1169.44,-0.40,86449.38,345.80,72
1072,Exit long,2020-05-06 06:55,STP,210.95,1522,322176.96,-1112.58,-0.35,1.52,897.22,0.28,-1111.82,-0.35,85336.8,341.35,4
1072,Entry long,2020-05-06 06:35,QQQREP|L|v1.1.7-rep|P1/10/4,211.68,1522,322176.96,-1112.58,-0.35,1.52,897.22,0.28,-1111.82,-0.35,85336.8,341.35,4
1073,Exit long,2020-05-07 06:35,STP,213.35,2064,441200.64,-848.3,-0.19,2.06,205.37,0.05,-847.27,-0.19,84488.49,337.95,0
1073,Entry long,2020-05-07 06:35,QQQREP|L|v1.1.7-rep|P1/10/4,213.76,2064,441200.64,-848.3,-0.19,2.06,205.37,0.05,-847.27,-0.19,84488.49,337.95,0
1074,Exit short,2020-05-08 07:15,STP,215.51,1457,312774.19,-1225.34,-0.39,1.46,494.65,0.16,-1224.61,-0.39,83263.15,333.05,8
1074,Entry short,2020-05-08 06:35,QQQREP|S|v1.1.7-rep|P1/10/4,214.67,1457,312774.19,-1225.34,-0.39,1.46,494.65,0.16,-1224.61,-0.39,83263.15,333.05,8
1075,Exit long,2020-05-11 12:55,EOD,218.33,1440,310867.2,3526.56,1.13,1.44,5298.48,1.70,-216.72,-0.07,86789.71,347.16,76
1075,Entry long,2020-05-11 06:35,QQQREP|L|v1.1.7-rep|P1/10/4,215.88,1440,310867.2,3526.56,1.13,1.44,5298.48,1.70,-216.72,-0.07,86789.71,347.16,76
1076,Exit short,2020-05-12 12:55,EOD,213.99,1132,247647.64,5409.83,2.18,1.13,5455.67,2.20,-736.37,-0.30,92199.54,368.80,76
1076,Entry short,2020-05-12 06:35,QQQREP|S|v1.1.7-rep|P1/10/4,218.77,1132,247647.64,5409.83,2.18,1.13,5455.67,2.20,-736.37,-0.30,92199.54,368.80,76
1077,Exit short,2020-05-13 07:00,STP,214.9,760,162123.2,-1201.56,-0.74,0.76,524.02,0.32,-1201.18,-0.74,90997.98,363.99,5
1077,Entry short,2020-05-13 06:35,QQQREP|S|v1.1.7-rep|P1/10/4,213.32,760,162123.2,-1201.56,-0.74,0.76,524.02,0.32,-1201.18,-0.74,90997.98,363.99,5
1078,Exit long,2020-05-14 06:40,STP,209.84,2206,463921.8,-1016.97,-0.22,2.21,1653.4,0.36,-1015.86,-0.22,89981.02,359.92,1
1078,Entry long,2020-05-14 06:35,QQQREP|L|v1.1.7-rep|P1/10/4,210.3,2206,463921.8,-1016.97,-0.22,2.21,1653.4,0.36,-1015.86,-0.22,89981.02,359.92,1
1079,Exit long,2020-05-15 06:35,STP,210.63,2181,459885.66,-503.81,-0.11,2.18,0,0.00,-502.72,-0.11,89477.2,357.91,0
1079,Entry long,2020-05-15 06:35,QQQREP|L|v1.1.7-rep|P1/10/4,210.86,2181,459885.66,-503.81,-0.11,2.18,0,0.00,-502.72,-0.11,89477.2,357.91,0
1080,Exit short,2020-05-18 06:35,STP,218.13,2104,457851.44,-1096.18,-0.24,2.1,293.51,0.06,-1095.13,-0.24,88381.02,353.52,0
1080,Entry short,2020-05-18 06:35,QQQREP|S|v1.1.7-rep|P1/10/4,217.61,2104,457851.44,-1096.18,-0.24,2.1,293.51,0.06,-1095.13,-0.24,88381.02,353.52,0
1081,Exit long,2020-05-19 12:50,STP,219.01,2066,453445.68,-973.09,-0.21,2.07,3945.03,0.87,-972.05,-0.21,87407.93,349.63,75
1081,Entry long,2020-05-19 06:35,QQQREP|L|v1.1.7-rep|P1/10/4,219.48,2066,453445.68,-973.09,-0.21,2.07,3945.03,0.87,-972.05,-0.21,87407.93,349.63,75
1082,Exit long,2020-05-20 12:55,EOD,222.87,2030,449462.3,2961.77,0.66,2.03,3734.19,0.83,-1.01,0.00,90369.7,361.48,76
1082,Entry long,2020-05-20 06:35,QQQREP|L|v1.1.7-rep|P1/10/4,221.41,2030,449462.3,2961.77,0.66,2.03,3734.19,0.83,-1.01,0.00,90369.7,361.48,76
1083,Exit short,2020-05-21 06:35,STP,223.11,2069,461324.93,-291.73,-0.06,2.07,309.32,0.07,-290.69,-0.06,90077.98,360.31,0
1083,Entry short,2020-05-21 06:35,QQQREP|S|v1.1.7-rep|P1/10/4,222.97,2069,461324.93,-291.73,-0.06,2.07,309.32,0.07,-290.69,-0.06,90077.98,360.31,0
1084,Exit short,2020-05-22 06:50,STP,220.27,2092,460072.64,-734.29,-0.16,2.09,1609.79,0.35,-733.25,-0.16,89343.68,357.37,3
1084,Entry short,2020-05-22 06:35,QQQREP|S|v1.1.7-rep|P1/10/4,219.92,2092,460072.64,-734.29,-0.16,2.09,1609.79,0.35,-733.25,-0.16,89343.68,357.37,3
1085,Exit short,2020-05-26 12:55,EOD,220.73,1447,324533.16,5135.4,1.58,1.45,5613.64,1.73,-261.18,-0.08,94479.09,377.92,76
1085,Entry short,2020-05-26 06:35,QQQREP|S|v1.1.7-rep|P1/10/4,224.28,1447,324533.16,5135.4,1.58,1.45,5613.64,1.73,-261.18,-0.08,94479.09,377.92,76
1086,Exit short,2020-05-27 11:50,STP,220.67,1797,395429.85,-1115.94,-0.28,1.8,7780.11,1.97,-1115.04,-0.28,93363.15,373.45,63
1086,Entry short,2020-05-27 06:35,QQQREP|S|v1.1.7-rep|P1/10/4,220.05,1797,395429.85,-1115.94,-0.28,1.8,7780.11,1.97,-1115.04,-0.28,93363.15,373.45,63
1087,Exit long,2020-05-28 10:20,TGT,224.71,2141,473268.05,7833.92,1.66,2.14,7834.99,1.66,-1.07,0.00,101197.07,404.79,45
1087,Entry long,2020-05-28 06:35,QQQREP|L|v1.1.7-rep|P1/10/4,221.05,2141,473268.05,7833.92,1.66,2.14,7834.99,1.66,-1.07,0.00,101197.07,404.79,45
1088,Exit long,2020-05-29 06:35,STP,221.56,2273,504810.57,-1206.96,-0.24,2.27,453.46,0.09,-1205.83,-0.24,99990.1,399.96,0
1088,Entry long,2020-05-29 06:35,QQQREP|L|v1.1.7-rep|P1/10/4,222.09,2273,504810.57,-1206.96,-0.24,2.27,453.46,0.09,-1205.83,-0.24,99990.1,399.96,0
1089,Exit long,2020-06-01 12:55,EOD,225.59,1663,372911.12,2243.39,0.60,1.66,2659.97,0.71,-1131.67,-0.30,102233.49,408.93,76
1089,Entry long,2020-06-01 06:35,QQQREP|L|v1.1.7-rep|P1/10/4,224.24,1663,372911.12,2243.39,0.60,1.66,2659.97,0.71,-1131.67,-0.30,102233.49,408.93,76
1090,Exit short,2020-06-02 07:20,STP,225.85,2257,508705.23,-1040.48,-0.20,2.26,1443.35,0.28,-1039.35,-0.20,101193.02,404.77,9
1090,Entry short,2020-06-02 06:35,QQQREP|S|v1.1.7-rep|P1/10/4,225.39,2257,508705.23,-1040.48,-0.20,2.26,1443.35,0.28,-1039.35,-0.20,101193.02,404.77,9
1091,Exit long,2020-06-03 06:35,STP,227.1,2217,504633.54,-1155.06,-0.23,2.22,309.27,0.06,-1153.95,-0.23,100037.95,400.15,0
1091,Entry long,2020-06-03 06:35,QQQREP|L|v1.1.7-rep|P1/10/4,227.62,2217,504633.54,-1155.06,-0.23,2.22,309.27,0.06,-1153.95,-0.23,100037.95,400.15,0
1092,Exit long,2020-06-04 08:10,STP,227.36,2196,500095.08,-814.72,-0.16,2.2,2919.58,0.58,-813.62,-0.16,99223.24,396.89,19
1092,Entry long,2020-06-04 06:35,QQQREP|L|v1.1.7-rep|P1/10/4,227.73,2196,500095.08,-814.72,-0.16,2.2,2919.58,0.58,-813.62,-0.16,99223.24,396.89,19
1093,Exit long,2020-06-05 12:55,EOD,230.81,1448,329926.8,4284.63,1.30,1.45,5226.56,1.58,-87.6,-0.03,103507.88,414.03,76
1093,Entry long,2020-06-05 06:35,QQQREP|L|v1.1.7-rep|P1/10/4,227.85,1448,329926.8,4284.63,1.30,1.45,5226.56,1.58,-87.6,-0.03,103507.88,414.03,76
1094,Exit short,2020-06-08 06:35,STP,230.8,2229,513985.11,-470.32,-0.09,2.23,221.79,0.04,-469.2,-0.09,103037.56,412.15,0
1094,Entry short,2020-06-08 06:35,QQQREP|S|v1.1.7-rep|P1/10/4,230.59,2229,513985.11,-470.32,-0.09,2.23,221.79,0.04,-469.2,-0.09,103037.56,412.15,0
1095,Exit long,2020-06-09 10:40,TGT,235.21,2207,511957.79,7148.47,1.40,2.21,7149.58,1.40,-1.1,0.00,110186.02,440.74,49
1095,Entry long,2020-06-09 06:35,QQQREP|L|v1.1.7-rep|P1/10/4,231.97,2207,511957.79,7148.47,1.40,2.21,7149.58,1.40,-1.1,0.00,110186.02,440.74,49
1096,Exit short,2020-06-10 06:35,STP,236.41,2159,509049.02,-1362.33,-0.27,2.16,193.23,0.04,-1361.25,-0.27,108823.7,435.29,0
1096,Entry short,2020-06-10 06:35,QQQREP|S|v1.1.7-rep|P1/10/4,235.78,2159,509049.02,-1362.33,-0.27,2.16,193.23,0.04,-1361.25,-0.27,108823.7,435.29,0
1097,Exit short,2020-06-11 07:10,STP,234.01,2170,506217.6,-1586.27,-0.31,2.17,2342.52,0.46,-1585.18,-0.31,107237.43,428.95,7
1097,Entry short,2020-06-11 06:35,QQQREP|S|v1.1.7-rep|P1/10/4,233.28,2170,506217.6,-1586.27,-0.31,2.17,2342.52,0.46,-1585.18,-0.31,107237.43,428.95,7
1098,Exit long,2020-06-12 07:10,STP,229.86,1906,439428.3,-1317.05,-0.30,1.91,1962.23,0.45,-1316.09,-0.30,105920.38,423.68,7
1098,Entry long,2020-06-12 06:35,QQQREP|L|v1.1.7-rep|P1/10/4,230.55,1906,439428.3,-1317.05,-0.30,1.91,1962.23,0.45,-1316.09,-0.30,105920.38,423.68,7
1099,Exit short,2020-06-15 06:35,STP,224.6,1021,228050.56,-1267.06,-0.56,1.02,70.96,0.03,-1266.55,-0.56,104653.32,418.61,0
1099,Entry short,2020-06-15 06:35,QQQREP|S|v1.1.7-rep|P1/10/4,223.36,1021,228050.56,-1267.06,-0.56,1.02,70.96,0.03,-1266.55,-0.56,104653.32,418.61,0
1100,Exit short,2020-06-16 06:40,STP,234.98,1979,463758.86,-1268.54,-0.27,1.98,731.24,0.16,-1267.55,-0.27,103384.78,413.54,1
1100,Entry short,2020-06-16 06:35,QQQREP|S|v1.1.7-rep|P1/10/4,234.34,1979,463758.86,-1268.54,-0.27,1.98,731.24,0.16,-1267.55,-0.27,103384.78,413.54,1
1101,Exit long,2020-06-18 06:35,STP,234.26,2187,513551.34,-1226.91,-0.24,2.19,239.48,0.05,-1225.81,-0.24,102157.88,408.63,0
1101,Entry long,2020-06-18 06:35,QQQREP|L|v1.1.7-rep|P1/10/4,234.82,2187,513551.34,-1226.91,-0.24,2.19,239.48,0.05,-1225.81,-0.24,102157.88,408.63,0
1102,Exit short,2020-06-19 06:40,STP,237.7,2140,508357,-323.14,-0.06,2.14,854.93,0.17,-322.07,-0.06,101834.73,407.34,1
1102,Entry short,2020-06-19 06:35,QQQREP|S|v1.1.7-rep|P1/10/4,237.55,2140,508357,-323.14,-0.06,2.14,854.93,0.17,-322.07,-0.06,101834.73,407.34,1
1103,Exit short,2020-06-22 06:50,STP,235.55,2156,507177.44,-670.52,-0.13,2.16,818.2,0.16,-669.44,-0.13,101164.22,404.66,3
1103,Entry short,2020-06-22 06:35,QQQREP|S|v1.1.7-rep|P1/10/4,235.24,2156,507177.44,-670.52,-0.13,2.16,818.2,0.16,-669.44,-0.13,101164.22,404.66,3
1104,Exit short,2020-06-23 06:35,STP,239.74,2108,504507.64,-866.39,-0.17,2.11,357.31,0.07,-865.33,-0.17,100297.83,401.19,0
1104,Entry short,2020-06-23 06:35,QQQREP|S|v1.1.7-rep|P1/10/4,239.33,2108,504507.64,-866.39,-0.17,2.11,357.31,0.07,-865.33,-0.17,100297.83,401.19,0
1105,Exit long,2020-06-24 06:50,STP,239.21,2091,501296.34,-1110.32,-0.22,2.09,1755.39,0.35,-1109.28,-0.22,99187.51,396.75,3
1105,Entry long,2020-06-24 06:35,QQQREP|L|v1.1.7-rep|P1/10/4,239.74,2091,501296.34,-1110.32,-0.22,2.09,1755.39,0.35,-1109.28,-0.22,99187.51,396.75,3
1106,Exit long,2020-06-25 06:35,STP,235.09,2109,496669.5,-866.8,-0.17,2.11,547.29,0.11,-865.74,-0.17,98320.71,393.28,0
1106,Entry long,2020-06-25 06:35,QQQREP|L|v1.1.7-rep|P1/10/4,235.5,2109,496669.5,-866.8,-0.17,2.11,547.29,0.11,-865.74,-0.17,98320.71,393.28,0
1107,Exit short,2020-06-26 07:15,TGT,233.6,2081,493176.19,7052.51,1.43,2.08,7053.55,1.43,-500.48,-0.10,105373.22,421.49,8
1107,Entry short,2020-06-26 06:35,QQQREP|S|v1.1.7-rep|P1/10/4,236.99,2081,493176.19,7052.51,1.43,2.08,7053.55,1.43,-500.48,-0.10,105373.22,421.49,8
1108,Exit short,2020-06-29 07:25,STP,231.88,1552,358512,-1367.31,-0.38,1.55,3041.14,0.85,-1366.54,-0.38,104005.91,416.02,10
1108,Entry short,2020-06-29 06:35,QQQREP|S|v1.1.7-rep|P1/10/4,231,1552,358512,-1367.31,-0.38,1.55,3041.14,0.85,-1366.54,-0.38,104005.91,416.02,10
1109,Exit long,2020-06-30 12:55,EOD,238.6,1937,454749.49,7416.77,1.63,1.94,9083.56,2.00,-291.52,-0.06,111422.68,445.69,76
1109,Entry long,2020-06-30 06:35,QQQREP|L|v1.1.7-rep|P1/10/4,234.77,1937,454749.49,7416.77,1.63,1.94,9083.56,2.00,-291.52,-0.06,111422.68,445.69,76
1110,Exit long,2020-07-01 06:35,STP,238.74,1724,412949.72,-1363.68,-0.33,1.72,257.74,0.06,-1362.82,-0.33,110059,440.24,0
1110,Entry long,2020-07-01 06:35,QQQREP|L|v1.1.7-rep|P1/10/4,239.53,1724,412949.72,-1363.68,-0.33,1.72,257.74,0.06,-1362.82,-0.33,110059,440.24,0
1111,Exit long,2020-07-02 07:25,STP,244.07,2088,510975.36,-1359.29,-0.27,2.09,1356.16,0.27,-1358.24,-0.27,108699.71,434.80,10
1111,Entry long,2020-07-02 06:35,QQQREP|L|v1.1.7-rep|P1/10/4,244.72,2088,510975.36,-1359.29,-0.27,2.09,1356.16,0.27,-1358.24,-0.27,108699.71,434.80,10
1112,Exit long,2020-07-06 12:55,EOD,249.32,2166,534612.12,5412.83,1.01,2.17,6561.9,1.23,-412.62,-0.08,114112.55,456.45,76
1112,Entry long,2020-07-06 06:35,QQQREP|L|v1.1.7-rep|P1/10/4,246.82,2166,534612.12,5412.83,1.01,2.17,6561.9,1.23,-412.62,-0.08,114112.55,456.45,76
1113,Exit long,2020-07-07 06:35,STP,248.65,1153,288100.11,-1407.81,-0.49,1.15,22.48,0.01,-1407.24,-0.49,112704.73,450.82,0
1113,Entry long,2020-07-07 06:35,QQQREP|L|v1.1.7-rep|P1/10/4,249.87,1153,288100.11,-1407.81,-0.49,1.15,22.48,0.01,-1407.24,-0.49,112704.73,450.82,0
1114,Exit long,2020-07-08 08:15,STP,248.81,1551,387439.8,-1537.04,-0.40,1.55,1115.94,0.29,-1536.27,-0.40,111167.69,444.67,20
1114,Entry long,2020-07-08 06:35,QQQREP|L|v1.1.7-rep|P1/10/4,249.8,1551,387439.8,-1537.04,-0.40,1.55,1115.94,0.29,-1536.27,-0.40,111167.69,444.67,20
1115,Exit long,2020-07-09 06:35,STP,252.42,2153,544752.06,-1293.95,-0.24,2.15,0,0.00,-1292.88,-0.24,109873.73,439.49,0
1115,Entry long,2020-07-09 06:35,QQQREP|L|v1.1.7-rep|P1/10/4,253.02,2153,544752.06,-1293.95,-0.24,2.15,0,0.00,-1292.88,-0.24,109873.73,439.49,0
1116,Exit short,2020-07-10 08:40,STP,253.06,1020,256774.8,-1347.42,-0.52,1.02,1580.49,0.62,-1346.91,-0.52,108526.31,434.11,25
1116,Entry short,2020-07-10 06:35,QQQREP|S|v1.1.7-rep|P1/10/4,251.74,1020,256774.8,-1347.42,-0.52,1.02,1580.49,0.62,-1346.91,-0.52,108526.31,434.11,25
1117,Exit long,2020-07-13 11:00,STP,257.35,2072,534099.44,-872.31,-0.16,2.07,5303.28,0.99,-871.28,-0.16,107654.01,430.62,53
1117,Entry long,2020-07-13 06:35,QQQREP|L|v1.1.7-rep|P1/10/4,257.77,2072,534099.44,-872.31,-0.16,2.07,5303.28,0.99,-871.28,-0.16,107654.01,430.62,53
1118,Exit long,2020-07-14 06:50,STP,246.8,570,142015.5,-1340.07,-0.94,0.57,638.12,0.45,-1339.78,-0.94,106313.94,425.26,3
1118,Entry long,2020-07-14 06:35,QQQREP|L|v1.1.7-rep|P1/10/4,249.15,570,142015.5,-1340.07,-0.94,0.57,638.12,0.45,-1339.78,-0.94,106313.94,425.26,3
1119,Exit short,2020-07-15 06:40,STP,252.82,2061,519722.37,-1341.71,-0.26,2.06,1544.72,0.30,-1340.68,-0.26,104972.23,419.89,1
1119,Entry short,2020-07-15 06:35,QQQREP|S|v1.1.7-rep|P1/10/4,252.17,2061,519722.37,-1341.71,-0.26,2.06,1544.72,0.30,-1340.68,-0.26,104972.23,419.89,1
1120,Exit short,2020-07-16 06:40,STP,249.6,1060,263357,-1220.06,-0.46,1.06,328.07,0.12,-1219.53,-0.46,103752.16,415.01,1
1120,Entry short,2020-07-16 06:35,QQQREP|S|v1.1.7-rep|P1/10/4,248.45,1060,263357,-1220.06,-0.46,1.06,328.07,0.12,-1219.53,-0.46,103752.16,415.01,1
1121,Exit short,2020-07-17 07:20,TGT,248.67,2055,514941.9,3923,0.76,2.06,3924.02,0.76,-329.83,-0.06,107675.16,430.70,9
1121,Entry short,2020-07-17 06:35,QQQREP|S|v1.1.7-rep|P1/10/4,250.58,2055,514941.9,3923,0.76,2.06,3924.02,0.76,-329.83,-0.06,107675.16,430.70,9
1122,Exit long,2020-07-20 06:35,STP,250.81,2113,530426.39,-466.97,-0.09,2.11,337.02,0.06,-465.92,-0.09,107208.19,428.83,0
1122,Entry long,2020-07-20 06:35,QQQREP|L|v1.1.7-rep|P1/10/4,251.03,2113,530426.39,-466.97,-0.09,2.11,337.02,0.06,-465.92,-0.09,107208.19,428.83,0
1123,Exit short,2020-07-21 12:35,TGT,254.7,2044,528619.28,8010.44,1.52,2.04,8011.46,1.52,-103.22,-0.02,115218.62,460.87,72
1123,Entry short,2020-07-21 06:35,QQQREP|S|v1.1.7-rep|P1/10/4,258.62,2044,528619.28,8010.44,1.52,2.04,8011.46,1.52,-103.22,-0.02,115218.62,460.87,72
1124,Exit long,2020-07-22 07:45,STP,254.79,1529,391041.75,-1469.37,-0.38,1.53,1268.31,0.32,-1468.6,-0.38,113749.25,455.00,14
1124,Entry long,2020-07-22 06:35,QQQREP|L|v1.1.7-rep|P1/10/4,255.75,1529,391041.75,-1469.37,-0.38,1.53,1268.31,0.32,-1468.6,-0.38,113749.25,455.00,14
1125,Exit short,2020-07-23 06:40,STP,255.31,1615,410936.75,-1390.51,-0.34,1.62,31.49,0.01,-1389.71,-0.34,112358.73,449.43,1
1125,Entry short,2020-07-23 06:35,QQQREP|S|v1.1.7-rep|P1/10/4,254.45,1615,410936.75,-1390.51,-0.34,1.62,31.49,0.01,-1389.71,-0.34,112358.73,449.43,1
1126,Exit short,2020-07-24 07:05,STP,245.6,2189,536239.33,-1381.26,-0.26,2.19,5340.07,1.00,-1380.16,-0.26,110977.48,443.91,6
1126,Entry short,2020-07-24 06:35,QQQREP|S|v1.1.7-rep|P1/10/4,244.97,2189,536239.33,-1381.26,-0.26,2.19,5340.07,1.00,-1380.16,-0.26,110977.48,443.91,6
1127,Exit long,2020-07-27 08:35,STP,247.53,1258,312826.86,-1435.38,-0.46,1.26,2125.39,0.68,-1434.75,-0.46,109542.1,438.17,24
1127,Entry long,2020-07-27 06:35,QQQREP|L|v1.1.7-rep|P1/10/4,248.67,1258,312826.86,-1435.38,-0.46,1.26,2125.39,0.68,-1434.75,-0.46,109542.1,438.17,24
1128,Exit short,2020-07-28 08:40,STP,250.62,1679,419447.78,-1344.88,-0.32,1.68,2114.7,0.50,-1344.04,-0.32,108197.22,432.79,25
1128,Entry short,2020-07-28 06:35,QQQREP|S|v1.1.7-rep|P1/10/4,249.82,1679,419447.78,-1344.88,-0.32,1.68,2114.7,0.50,-1344.04,-0.32,108197.22,432.79,25
1129,Exit long,2020-07-29 06:45,STP,249.01,2135,532767.9,-1133.68,-0.21,2.13,596.73,0.11,-1132.62,-0.21,107063.54,428.25,2
1129,Entry long,2020-07-29 06:35,QQQREP|L|v1.1.7-rep|P1/10/4,249.54,2135,532767.9,-1133.68,-0.21,2.13,596.73,0.11,-1132.62,-0.21,107063.54,428.25,2
1130,Exit long,2020-07-30 06:55,STP,248.45,1140,284487,-1255.14,-0.44,1.14,546.63,0.19,-1254.57,-0.44,105808.4,423.23,4
1130,Entry long,2020-07-30 06:35,QQQREP|L|v1.1.7-rep|P1/10/4,249.55,1140,284487,-1255.14,-0.44,1.14,546.63,0.19,-1254.57,-0.44,105808.4,423.23,4
1131,Exit short,2020-07-31 12:55,EOD,256.53,847,216052.76,-1229,-0.57,0.85,2845.5,1.32,-1245.51,-0.58,104579.4,418.32,76
1131,Entry short,2020-07-31 06:35,QQQREP|S|v1.1.7-rep|P1/10/4,255.08,847,216052.76,-1229,-0.57,0.85,2845.5,1.32,-1245.51,-0.58,104579.4,418.32,76
1132,Exit long,2020-08-03 12:55,EOD,259.88,1637,424506.84,915.08,0.22,1.64,2225.5,0.52,-901.17,-0.21,105494.48,421.98,76
1132,Entry long,2020-08-03 06:35,QQQREP|L|v1.1.7-rep|P1/10/4,259.32,1637,424506.84,915.08,0.22,1.64,2225.5,0.52,-901.17,-0.21,105494.48,421.98,76
1133,Exit long,2020-08-04 06:35,STP,259.33,2008,521859.12,-1126.49,-0.22,2.01,260.04,0.05,-1125.48,-0.22,104367.99,417.47,0
1133,Entry long,2020-08-04 06:35,QQQREP|L|v1.1.7-rep|P1/10/4,259.89,2008,521859.12,-1126.49,-0.22,2.01,260.04,0.05,-1125.48,-0.22,104367.99,417.47,0
1134,Exit short,2020-08-05 06:50,STP,261.42,1696,442130.24,-1239.78,-0.28,1.7,304.43,0.07,-1238.93,-0.28,103128.22,412.51,3
1134,Entry short,2020-08-05 06:35,QQQREP|S|v1.1.7-rep|P1/10/4,260.69,1696,442130.24,-1239.78,-0.28,1.7,304.43,0.07,-1238.93,-0.28,103128.22,412.51,3
1135,Exit long,2020-08-06 06:35,STP,261.25,1960,512383.2,-335.16,-0.07,1.96,97.02,0.02,-334.18,-0.07,102793.06,411.17,0
1135,Entry long,2020-08-06 06:35,QQQREP|L|v1.1.7-rep|P1/10/4,261.42,1960,512383.2,-335.16,-0.07,1.96,97.02,0.02,-334.18,-0.07,102793.06,411.17,0
1136,Exit long,2020-08-07 07:20,STP,263.87,1932,510743.52,-948.61,-0.19,1.93,1022.99,0.20,-947.65,-0.19,101844.45,407.38,9
1136,Entry long,2020-08-07 06:35,QQQREP|L|v1.1.7-rep|P1/10/4,264.36,1932,510743.52,-948.61,-0.19,1.93,1022.99,0.20,-947.65,-0.19,101844.45,407.38,9
1137,Exit short,2020-08-10 06:40,STP,262.38,1937,507164.71,-1067.29,-0.21,1.94,76.51,0.02,-1066.32,-0.21,100777.16,403.11,1
1137,Entry short,2020-08-10 06:35,QQQREP|S|v1.1.7-rep|P1/10/4,261.83,1937,507164.71,-1067.29,-0.21,1.94,76.51,0.02,-1066.32,-0.21,100777.16,403.11,1
1138,Exit short,2020-08-11 06:45,STP,259.73,1010,261074.9,-1253.41,-0.48,1.01,484.3,0.19,-1252.9,-0.48,99523.75,398.10,2
1138,Entry short,2020-08-11 06:35,QQQREP|S|v1.1.7-rep|P1/10/4,258.49,1010,261074.9,-1253.41,-0.48,1.01,484.3,0.19,-1252.9,-0.48,99523.75,398.10,2
1139,Exit long,2020-08-12 12:55,EOD,262.43,1536,397578.24,5512.7,1.39,1.54,6834.43,1.72,-354.05,-0.09,105036.45,420.15,76
1139,Entry long,2020-08-12 06:35,QQQREP|L|v1.1.7-rep|P1/10/4,258.84,1536,397578.24,5512.7,1.39,1.54,6834.43,1.72,-354.05,-0.09,105036.45,420.15,76
1140,Exit long,2020-08-13 11:20,STP,262.85,1976,520063.44,-673.82,-0.13,1.98,3990.53,0.77,-672.83,-0.13,104362.64,417.45,57
1140,Entry long,2020-08-13 06:35,QQQREP|L|v1.1.7-rep|P1/10/4,263.19,1976,520063.44,-673.82,-0.13,1.98,3990.53,0.77,-672.83,-0.13,104362.64,417.45,57
1141,Exit short,2020-08-14 06:35,STP,263.66,1675,440324,-1308.17,-0.30,1.68,283.91,0.06,-1307.34,-0.30,103054.46,412.22,0
1141,Entry short,2020-08-14 06:35,QQQREP|S|v1.1.7-rep|P1/10/4,262.88,1675,440324,-1308.17,-0.30,1.68,283.91,0.06,-1307.34,-0.30,103054.46,412.22,0
1142,Exit long,2020-08-17 12:55,EOD,265.63,1936,512052.64,2205.1,0.43,1.94,2999.83,0.59,-155.85,-0.03,105259.56,421.04,76
1142,Entry long,2020-08-17 06:35,QQQREP|L|v1.1.7-rep|P1/10/4,264.49,1936,512052.64,2205.1,0.43,1.94,2999.83,0.59,-155.85,-0.03,105259.56,421.04,76
1143,Exit long,2020-08-18 06:50,STP,266.65,1952,521008.32,-509.47,-0.10,1.95,1931.5,0.37,-508.5,-0.10,104750.09,419.00,3
1143,Entry long,2020-08-18 06:35,QQQREP|L|v1.1.7-rep|P1/10/4,266.91,1952,521008.32,-509.47,-0.10,1.95,1931.5,0.37,-508.5,-0.10,104750.09,419.00,3
1144,Exit long,2020-08-19 06:40,STP,267.67,1934,518776.16,-1104.31,-0.21,1.93,888.67,0.17,-1103.35,-0.21,103645.78,414.58,1
1144,Entry long,2020-08-19 06:35,QQQREP|L|v1.1.7-rep|P1/10/4,268.24,1934,518776.16,-1104.31,-0.21,1.93,888.67,0.17,-1103.35,-0.21,103645.78,414.58,1
1145,Exit long,2020-08-20 12:55,EOD,270.07,1550,412548,6058.95,1.47,1.55,6896.73,1.67,-171.27,-0.04,109704.73,438.82,76
1145,Entry long,2020-08-20 06:35,QQQREP|L|v1.1.7-rep|P1/10/4,266.16,1550,412548,6058.95,1.47,1.55,6896.73,1.67,-171.27,-0.04,109704.73,438.82,76
1146,Exit short,2020-08-21 06:40,STP,270.44,1994,538579.4,-679.95,-0.13,1.99,836.48,0.16,-678.96,-0.13,109024.77,436.10,1
1146,Entry short,2020-08-21 06:35,QQQREP|S|v1.1.7-rep|P1/10/4,270.1,1994,538579.4,-679.95,-0.13,1.99,836.48,0.16,-678.96,-0.13,109024.77,436.10,1
1147,Exit long,2020-08-24 06:50,STP,275.03,1947,535872.81,-391.35,-0.07,1.95,1439.81,0.27,-390.37,-0.07,108633.43,434.53,3
1147,Entry long,2020-08-24 06:35,QQQREP|L|v1.1.7-rep|P1/10/4,275.23,1947,535872.81,-391.35,-0.07,1.95,1439.81,0.27,-390.37,-0.07,108633.43,434.53,3
1148,Exit long,2020-08-25 12:55,EOD,275.8,1871,511157.2,4862.73,0.95,1.87,5069.47,0.99,-917.73,-0.18,113496.16,453.98,76
1148,Entry long,2020-08-25 06:35,QQQREP|L|v1.1.7-rep|P1/10/4,273.2,1871,511157.2,4862.73,0.95,1.87,5069.47,0.99,-917.73,-0.18,113496.16,453.98,76
1149,Exit long,2020-08-26 06:50,STP,276.96,1997,553847.98,-760.86,-0.14,2,737.89,0.13,-759.86,-0.14,112735.31,450.94,3
1149,Entry long,2020-08-26 06:35,QQQREP|L|v1.1.7-rep|P1/10/4,277.34,1997,553847.98,-760.86,-0.14,2,737.89,0.13,-759.86,-0.14,112735.31,450.94,3
1150,Exit short,2020-08-27 08:00,STP,282.82,1089,306575.28,-1416.79,-0.46,1.09,1404.27,0.46,-1416.24,-0.46,111318.52,445.27,17
1150,Entry short,2020-08-27 06:35,QQQREP|S|v1.1.7-rep|P1/10/4,281.52,1089,306575.28,-1416.79,-0.46,1.09,1404.27,0.46,-1416.24,-0.46,111318.52,445.27,17
1151,Exit long,2020-08-28 06:35,STP,281.91,1931,545198.54,-832.26,-0.15,1.93,520.4,0.10,-831.3,-0.15,110486.25,441.95,0
1151,Entry long,2020-08-28 06:35,QQQREP|L|v1.1.7-rep|P1/10/4,282.34,1931,545198.54,-832.26,-0.15,1.93,520.4,0.10,-831.3,-0.15,110486.25,441.95,0
1152,Exit short,2020-08-31 06:40,STP,283.39,1916,541787.32,-1189.84,-0.22,1.92,765.44,0.14,-1188.88,-0.22,109296.41,437.19,1
1152,Entry short,2020-08-31 06:35,QQQREP|S|v1.1.7-rep|P1/10/4,282.77,1916,541787.32,-1189.84,-0.22,1.92,765.44,0.14,-1188.88,-0.22,109296.41,437.19,1
1153,Exit short,2020-09-01 06:50,STP,287.25,1015,290158.05,-1401.71,-0.48,1.01,425.79,0.15,-1401.21,-0.48,107894.7,431.58,3
1153,Entry short,2020-09-01 06:35,QQQREP|S|v1.1.7-rep|P1/10/4,285.87,1015,290158.05,-1401.71,-0.48,1.01,425.79,0.15,-1401.21,-0.48,107894.7,431.58,3
1154,Exit short,2020-09-02 12:45,STP,292.7,1480,431849.2,-1348.28,-0.31,1.48,7828.46,1.81,-1347.54,-0.31,106546.42,426.19,74
1154,Entry short,2020-09-02 06:35,QQQREP|S|v1.1.7-rep|P1/10/4,291.79,1480,431849.2,-1348.28,-0.31,1.48,7828.46,1.81,-1347.54,-0.31,106546.42,426.19,74
1155,Exit short,2020-09-03 12:55,EOD,277.17,914,262062.08,8727.79,3.33,0.91,11214.32,4.28,-786.5,-0.30,115274.2,461.10,76
1155,Entry short,2020-09-03 06:35,QQQREP|S|v1.1.7-rep|P1/10/4,286.72,914,262062.08,8727.79,3.33,0.91,11214.32,4.28,-786.5,-0.30,115274.2,461.10,76
1156,Exit long,2020-09-04 06:40,STP,275.04,481,133698.76,-1405,-1.05,0.48,394.18,0.29,-1404.76,-1.05,113869.2,455.48,1
1156,Entry long,2020-09-04 06:35,QQQREP|L|v1.1.7-rep|P1/10/4,277.96,481,133698.76,-1405,-1.05,0.48,394.18,0.29,-1404.76,-1.05,113869.2,455.48,1
1157,Exit long,2020-09-08 06:40,STP,262.28,773,204110.65,-1368.98,-0.67,0.77,981.32,0.48,-1368.6,-0.67,112500.22,450.00,1
1157,Entry long,2020-09-08 06:35,QQQREP|L|v1.1.7-rep|P1/10/4,264.05,773,204110.65,-1368.98,-0.67,0.77,981.32,0.48,-1368.6,-0.67,112500.22,450.00,1
1158,Exit short,2020-09-09 07:25,STP,266.17,2070,549874.8,-1099.17,-0.20,2.07,4552.97,0.83,-1098.13,-0.20,111401.06,445.60,10
1158,Entry short,2020-09-09 06:35,QQQREP|S|v1.1.7-rep|P1/10/4,265.64,2070,549874.8,-1099.17,-0.20,2.07,4552.97,0.83,-1098.13,-0.20,111401.06,445.60,10
1159,Exit long,2020-09-10 06:50,STP,270.35,1024,278190.08,-1352.7,-0.49,1.02,71.17,0.03,-1352.19,-0.49,110048.35,440.19,3
1159,Entry long,2020-09-10 06:35,QQQREP|L|v1.1.7-rep|P1/10/4,271.67,1024,278190.08,-1352.7,-0.49,1.02,71.17,0.03,-1352.19,-0.49,110048.35,440.19,3
1160,Exit short,2020-09-11 12:55,EOD,260.99,644,169694,1615.8,0.95,0.64,3831.48,2.26,-1101.56,-0.65,111664.14,446.66,76
1160,Entry short,2020-09-11 06:35,QQQREP|S|v1.1.7-rep|P1/10/4,263.5,644,169694,1615.8,0.95,0.64,3831.48,2.26,-1101.56,-0.65,111664.14,446.66,76
1161,Exit short,2020-09-14 06:40,STP,265.22,1374,363313.08,-1100.57,-0.30,1.37,686.31,0.19,-1099.89,-0.30,110563.57,442.25,1
1161,Entry short,2020-09-14 06:35,QQQREP|S|v1.1.7-rep|P1/10/4,264.42,1374,363313.08,-1100.57,-0.30,1.37,686.31,0.19,-1099.89,-0.30,110563.57,442.25,1
1162,Exit short,2020-09-15 06:35,STP,269.3,2017,542451.98,-728.14,-0.13,2.02,321.71,0.06,-727.13,-0.13,109835.43,439.34,0
1162,Entry short,2020-09-15 06:35,QQQREP|S|v1.1.7-rep|P1/10/4,268.94,2017,542451.98,-728.14,-0.13,2.02,321.71,0.06,-727.13,-0.13,109835.43,439.34,0
1163,Exit short,2020-09-16 06:40,STP,270.4,1998,539260.2,-1001,-0.19,2,738.26,0.14,-1000,-0.19,108834.44,435.34,1
1163,Entry short,2020-09-16 06:35,QQQREP|S|v1.1.7-rep|P1/10/4,269.9,1998,539260.2,-1001,-0.19,2,738.26,0.14,-1000,-0.19,108834.44,435.34,1
1164,Exit long,2020-09-17 09:15,STP,258.02,1558,403366.2,-1372.6,-0.34,1.56,6122.16,1.52,-1371.82,-0.34,107461.84,429.85,32
1164,Entry long,2020-09-17 06:35,QQQREP|L|v1.1.7-rep|P1/10/4,258.9,1558,403366.2,-1372.6,-0.34,1.56,6122.16,1.52,-1371.82,-0.34,107461.84,429.85,32
1165,Exit short,2020-09-18 12:55,EOD,257.41,1125,294052.5,4465.13,1.52,1.13,8931.94,3.04,-529.31,-0.18,111926.96,447.71,76
1165,Entry short,2020-09-18 06:35,QQQREP|S|v1.1.7-rep|P1/10/4,261.38,1125,294052.5,4465.13,1.52,1.13,8931.94,3.04,-529.31,-0.18,111926.96,447.71,76
1166,Exit long,2020-09-21 06:35,STP,253.28,1592,404686.4,-1466.23,-0.36,1.59,508.64,0.13,-1465.44,-0.36,110460.73,441.84,0
1166,Entry long,2020-09-21 06:35,QQQREP|L|v1.1.7-rep|P1/10/4,254.2,1592,404686.4,-1466.23,-0.36,1.59,508.64,0.13,-1465.44,-0.36,110460.73,441.84,0
1167,Exit short,2020-09-22 10:25,STP,261.12,1629,423947.25,-1418.86,-0.33,1.63,4348.62,1.03,-1418.04,-0.33,109041.87,436.17,46
1167,Entry short,2020-09-22 06:35,QQQREP|S|v1.1.7-rep|P1/10/4,260.25,1629,423947.25,-1418.86,-0.33,1.63,4348.62,1.03,-1418.04,-0.33,109041.87,436.17,46
1168,Exit short,2020-09-23 12:55,EOD,255.2,1346,353015.42,9514.87,2.70,1.35,10578.89,3.00,-700.59,-0.20,118556.74,474.23,76
1168,Entry short,2020-09-23 06:35,QQQREP|S|v1.1.7-rep|P1/10/4,262.27,1346,353015.42,9514.87,2.70,1.35,10578.89,3.00,-700.59,-0.20,118556.74,474.23,76
1169,Exit short,2020-09-24 06:45,STP,254.28,928,234524.16,-1448.61,-0.62,0.93,250.1,0.11,-1448.14,-0.62,117108.14,468.43,2
1169,Entry short,2020-09-24 06:35,QQQREP|S|v1.1.7-rep|P1/10/4,252.72,928,234524.16,-1448.61,-0.62,0.93,250.1,0.11,-1448.14,-0.62,117108.14,468.43,2
1170,Exit short,2020-09-25 07:00,STP,257.34,1598,409743.18,-1487.74,-0.36,1.6,1549.26,0.38,-1486.94,-0.36,115620.4,462.48,5
1170,Entry short,2020-09-25 06:35,QQQREP|S|v1.1.7-rep|P1/10/4,256.41,1598,409743.18,-1487.74,-0.36,1.6,1549.26,0.38,-1486.94,-0.36,115620.4,462.48,5
1171,Exit short,2020-09-28 12:15,STP,267.34,2078,554119.48,-1415.12,-0.26,2.08,4154.96,0.75,-1414.08,-0.26,114205.28,456.82,68
1171,Entry short,2020-09-28 06:35,QQQREP|S|v1.1.7-rep|P1/10/4,266.66,2078,554119.48,-1415.12,-0.26,2.08,4154.96,0.75,-1414.08,-0.26,114205.28,456.82,68
1172,Exit long,2020-09-29 06:40,STP,267.09,2080,556753.6,-1208.48,-0.22,2.08,1142.96,0.21,-1207.44,-0.22,112996.81,451.99,1
1172,Entry long,2020-09-29 06:35,QQQREP|L|v1.1.7-rep|P1/10/4,267.67,2080,556753.6,-1208.48,-0.22,2.08,1142.96,0.21,-1207.44,-0.22,112996.81,451.99,1
1173,Exit long,2020-09-30 12:55,EOD,268.75,1854,495852.3,2408.35,0.49,1.85,7748.79,1.56,-1261.65,-0.25,115405.15,461.62,76
1173,Entry long,2020-09-30 06:35,QQQREP|L|v1.1.7-rep|P1/10/4,267.45,1854,495852.3,2408.35,0.49,1.85,7748.79,1.56,-1261.65,-0.25,115405.15,461.62,76
1174,Exit long,2020-10-01 06:40,STP,271.93,2017,549894.71,-1413.92,-0.26,2.02,39.33,0.01,-1412.91,-0.26,113991.23,455.96,1
1174,Entry long,2020-10-01 06:35,QQQREP|L|v1.1.7-rep|P1/10/4,272.63,2017,549894.71,-1413.92,-0.26,2.02,39.33,0.01,-1412.91,-0.26,113991.23,455.96,1
1175,Exit long,2020-10-02 08:50,STP,266.39,910,243734.4,-1320.41,-0.54,0.91,2292.75,0.94,-1319.95,-0.54,112670.82,450.68,27
1175,Entry long,2020-10-02 06:35,QQQREP|L|v1.1.7-rep|P1/10/4,267.84,910,243734.4,-1320.41,-0.54,0.91,2292.75,0.94,-1319.95,-0.54,112670.82,450.68,27
1176,Exit long,2020-10-05 12:55,EOD,270.91,2058,550556.16,6974.56,1.27,2.06,7284.29,1.32,-577.27,-0.10,119645.38,478.58,76
1176,Entry long,2020-10-05 06:35,QQQREP|L|v1.1.7-rep|P1/10/4,267.52,2058,550556.16,6974.56,1.27,2.06,7284.29,1.32,-577.27,-0.10,119645.38,478.58,76
1177,Exit long,2020-10-06 06:40,STP,269.89,2139,578492.55,-1199.98,-0.21,2.14,277,0.05,-1198.91,-0.21,118445.41,473.78,1
1177,Entry long,2020-10-06 06:35,QQQREP|L|v1.1.7-rep|P1/10/4,270.45,2139,578492.55,-1199.98,-0.21,2.14,277,0.05,-1198.91,-0.21,118445.41,473.78,1
1178,Exit long,2020-10-07 07:10,STP,268.47,1746,470162.88,-1416.01,-0.30,1.75,680.07,0.14,-1415.13,-0.30,117029.4,468.12,7
1178,Entry long,2020-10-07 06:35,QQQREP|L|v1.1.7-rep|P1/10/4,269.28,1746,470162.88,-1416.01,-0.30,1.75,680.07,0.14,-1415.13,-0.30,117029.4,468.12,7
1179,Exit short,2020-10-08 12:55,EOD,272.02,2085,567808.05,644.27,0.11,2.09,2959.66,0.52,-668.24,-0.12,117673.66,470.69,76
1179,Entry short,2020-10-08 06:35,QQQREP|S|v1.1.7-rep|P1/10/4,272.33,2085,567808.05,644.27,0.11,2.09,2959.66,0.52,-668.24,-0.12,117673.66,470.69,76
1180,Exit long,2020-10-09 12:55,EOD,276.12,2084,570599.2,4832.8,0.85,2.08,4958.88,0.87,-397,-0.07,122506.46,490.03,76
1180,Entry long,2020-10-09 06:35,QQQREP|L|v1.1.7-rep|P1/10/4,273.8,2084,570599.2,4832.8,0.85,2.08,4958.88,0.87,-397,-0.07,122506.46,490.03,76
1181,Exit short,2020-10-12 06:35,STP,280.78,2103,589996.65,-485.79,-0.08,2.1,83.07,0.01,-484.74,-0.08,122020.66,488.08,0
1181,Entry short,2020-10-12 06:35,QQQREP|S|v1.1.7-rep|P1/10/4,280.55,2103,589996.65,-485.79,-0.08,2.1,83.07,0.01,-484.74,-0.08,122020.66,488.08,0
1182,Exit short,2020-10-13 08:20,STP,286.39,1094,311822.82,-1488.93,-0.48,1.09,1574.81,0.51,-1488.39,-0.48,120531.73,482.13,21
1182,Entry short,2020-10-13 06:35,QQQREP|S|v1.1.7-rep|P1/10/4,285.03,1094,311822.82,-1488.93,-0.48,1.09,1574.81,0.51,-1488.39,-0.48,120531.73,482.13,21
1183,Exit short,2020-10-14 06:35,STP,285.42,2043,582030.27,-1084.83,-0.19,2.04,0,0.00,-1083.81,-0.19,119446.9,477.79,0
1183,Entry short,2020-10-14 06:35,QQQREP|S|v1.1.7-rep|P1/10/4,284.89,2043,582030.27,-1084.83,-0.19,2.04,0,0.00,-1083.81,-0.19,119446.9,477.79,0
1184,Exit long,2020-10-15 07:40,STP,277.04,989,275476.06,-1484.49,-0.54,0.99,1453.34,0.53,-1483.99,-0.54,117962.41,471.85,13
1184,Entry long,2020-10-15 06:35,QQQREP|L|v1.1.7-rep|P1/10/4,278.54,989,275476.06,-1484.49,-0.54,0.99,1453.34,0.53,-1483.99,-0.54,117962.41,471.85,13
1185,Exit short,2020-10-16 06:40,STP,282.01,2030,571810.4,-671.93,-0.12,2.03,689.19,0.12,-670.91,-0.12,117290.48,469.16,1
1185,Entry short,2020-10-16 06:35,QQQREP|S|v1.1.7-rep|P1/10/4,281.68,2030,571810.4,-671.93,-0.12,2.03,689.19,0.12,-670.91,-0.12,117290.48,469.16,1
1186,Exit long,2020-10-19 06:50,STP,280.41,2026,569204.7,-1096.07,-0.19,2.03,1396.93,0.25,-1095.05,-0.19,116194.41,464.78,3
1186,Entry long,2020-10-19 06:35,QQQREP|L|v1.1.7-rep|P1/10/4,280.95,2026,569204.7,-1096.07,-0.19,2.03,1396.93,0.25,-1095.05,-0.19,116194.41,464.78,3
1187,Exit long,2020-10-20 06:35,STP,274.72,2052,564607.8,-884.41,-0.16,2.05,758.21,0.13,-883.39,-0.16,115310,461.24,0
1187,Entry long,2020-10-20 06:35,QQQREP|L|v1.1.7-rep|P1/10/4,275.15,2052,564607.8,-884.41,-0.16,2.05,758.21,0.13,-883.39,-0.16,115310,461.24,0
1188,Exit long,2020-10-21 08:15,STP,274.78,1631,449601.46,-1436.91,-0.32,1.63,3244.87,0.72,-1436.1,-0.32,113873.09,455.49,20
1188,Entry long,2020-10-21 06:35,QQQREP|L|v1.1.7-rep|P1/10/4,275.66,1631,449601.46,-1436.91,-0.32,1.63,3244.87,0.72,-1436.1,-0.32,113873.09,455.49,20
1189,Exit long,2020-10-22 06:35,STP,275.46,2013,555547.74,-1048.77,-0.19,2.01,381.46,0.07,-1047.77,-0.19,112824.32,451.30,0
1189,Entry long,2020-10-22 06:35,QQQREP|L|v1.1.7-rep|P1/10/4,275.98,2013,555547.74,-1048.77,-0.19,2.01,381.46,0.07,-1047.77,-0.19,112824.32,451.30,0
1190,Exit short,2020-10-23 12:55,STP,275.26,1251,342899.1,-1452.41,-0.42,1.25,2213.64,0.65,-1451.79,-0.42,111371.91,445.49,76
1190,Entry short,2020-10-23 06:35,QQQREP|S|v1.1.7-rep|P1/10/4,274.1,1251,342899.1,-1452.41,-0.42,1.25,2213.64,0.65,-1451.79,-0.42,111371.91,445.49,76
1191,Exit long,2020-10-26 07:45,STP,272.68,1356,371354.16,-1601.44,-0.43,1.36,2440.12,0.66,-1600.76,-0.43,109770.47,439.08,14
1191,Entry long,2020-10-26 06:35,QQQREP|L|v1.1.7-rep|P1/10/4,273.86,1356,371354.16,-1601.44,-0.43,1.36,2440.12,0.66,-1600.76,-0.43,109770.47,439.08,14
1192,Exit short,2020-10-27 06:35,STP,272.39,1367,371003.8,-1354.7,-0.37,1.37,231.71,0.06,-1354.01,-0.36,108415.77,433.66,0
1192,Entry short,2020-10-27 06:35,QQQREP|S|v1.1.7-rep|P1/10/4,271.4,1367,371003.8,-1354.7,-0.37,1.37,231.71,0.06,-1354.01,-0.36,108415.77,433.66,0
1193,Exit short,2020-10-28 12:55,EOD,262.57,1030,275885.5,5437.37,1.97,1.03,5757.19,2.09,-371.31,-0.13,113853.14,455.41,76
1193,Entry short,2020-10-28 06:35,QQQREP|S|v1.1.7-rep|P1/10/4,267.85,1030,275885.5,5437.37,1.97,1.03,5757.19,2.09,-371.31,-0.13,113853.14,455.41,76
1194,Exit long,2020-10-29 06:35,STP,263.85,1690,447258.5,-1353.69,-0.30,1.69,776.56,0.17,-1352.84,-0.30,112499.45,450.00,0
1194,Entry long,2020-10-29 06:35,QQQREP|L|v1.1.7-rep|P1/10/4,264.65,1690,447258.5,-1353.69,-0.30,1.69,776.56,0.17,-1352.84,-0.30,112499.45,450.00,0
1195,Exit long,2020-10-30 06:40,STP,264.79,2074,549921.1,-748.71,-0.14,2.07,870.04,0.16,-747.68,-0.14,111750.74,447.00,1
1195,Entry long,2020-10-30 06:35,QQQREP|L|v1.1.7-rep|P1/10/4,265.15,2074,549921.1,-748.71,-0.14,2.07,870.04,0.16,-747.68,-0.14,111750.74,447.00,1
1196,Exit short,2020-11-02 06:35,STP,262.92,2080,545480,-1395.68,-0.26,2.08,19.76,0.00,-1394.64,-0.26,110355.06,441.42,0
1196,Entry short,2020-11-02 06:35,QQQREP|S|v1.1.7-rep|P1/10/4,262.25,2080,545480,-1395.68,-0.26,2.08,19.76,0.00,-1394.64,-0.26,110355.06,441.42,0
1197,Exit short,2020-11-03 06:45,STP,262.93,1373,359602.43,-1401.83,-0.39,1.37,218.99,0.06,-1401.15,-0.39,108953.23,435.81,2
1197,Entry short,2020-11-03 06:35,QQQREP|S|v1.1.7-rep|P1/10/4,261.91,1373,359602.43,-1401.83,-0.39,1.37,218.99,0.06,-1401.15,-0.39,108953.23,435.81,2
1198,Exit long,2020-11-04 06:35,STP,273.55,1058,290738.4,-1323.56,-0.46,1.06,242.81,0.08,-1323.03,-0.46,107629.67,430.52,0
1198,Entry long,2020-11-04 06:35,QQQREP|L|v1.1.7-rep|P1/10/4,274.8,1058,290738.4,-1323.56,-0.46,1.06,242.81,0.08,-1323.03,-0.46,107629.67,430.52,0
1199,Exit short,2020-11-05 06:35,STP,283.68,1429,404035.46,-1344.69,-0.33,1.43,170.77,0.04,-1343.97,-0.33,106284.98,425.14,0
1199,Entry short,2020-11-05 06:35,QQQREP|S|v1.1.7-rep|P1/10/4,282.74,1429,404035.46,-1344.69,-0.33,1.43,170.77,0.04,-1343.97,-0.33,106284.98,425.14,0
1200,Exit short,2020-11-06 08:35,STP,283.98,823,232415.2,-1301.16,-0.56,0.82,1876.03,0.81,-1300.75,-0.56,104983.81,419.94,24
1200,Entry short,2020-11-06 06:35,QQQREP|S|v1.1.7-rep|P1/10/4,282.4,823,232415.2,-1301.16,-0.56,0.82,1876.03,0.81,-1300.75,-0.56,104983.81,419.94,24
1201,Exit short,2020-11-09 07:00,STP,287.82,473,134805,-1334.33,-0.99,0.47,515.33,0.38,-1334.1,-0.99,103649.48,414.60,5
1201,Entry short,2020-11-09 06:35,QQQREP|S|v1.1.7-rep|P1/10/4,285,473,134805,-1334.33,-0.99,0.47,515.33,0.38,-1334.1,-0.99,103649.48,414.60,5
1202,Exit long,2020-11-10 06:35,STP,275.58,1446,399775.62,-1288.39,-0.32,1.45,360.78,0.09,-1287.66,-0.32,102361.09,409.44,0
1202,Entry long,2020-11-10 06:35,QQQREP|L|v1.1.7-rep|P1/10/4,276.47,1446,399775.62,-1288.39,-0.32,1.45,360.78,0.09,-1287.66,-0.32,102361.09,409.44,0
1203,Exit long,2020-11-11 12:55,EOD,280.11,1841,509239.01,6441.66,1.26,1.84,7142.16,1.40,-19.33,0.00,108802.76,435.21,76
1203,Entry long,2020-11-11 06:35,QQQREP|L|v1.1.7-rep|P1/10/4,276.61,1841,509239.01,6441.66,1.26,1.84,7142.16,1.40,-19.33,0.00,108802.76,435.21,76
1204,Exit long,2020-11-12 08:40,STP,280.09,1442,405288.52,-1400.18,-0.35,1.44,1715.26,0.42,-1399.46,-0.35,107402.57,429.61,25
1204,Entry long,2020-11-12 06:35,QQQREP|L|v1.1.7-rep|P1/10/4,281.06,1442,405288.52,-1400.18,-0.35,1.44,1715.26,0.42,-1399.46,-0.35,107402.57,429.61,25
1205,Exit short,2020-11-13 06:35,STP,280.71,1890,529615.8,-927.99,-0.18,1.89,698.36,0.13,-927.04,-0.18,106474.59,425.90,0
1205,Entry short,2020-11-13 06:35,QQQREP|S|v1.1.7-rep|P1/10/4,280.22,1890,529615.8,-927.99,-0.18,1.89,698.36,0.13,-927.04,-0.18,106474.59,425.90,0
1206,Exit short,2020-11-16 06:35,STP,281.13,1874,525769.44,-1070.05,-0.20,1.87,0,0.00,-1069.12,-0.20,105404.53,421.62,0
1206,Entry short,2020-11-16 06:35,QQQREP|S|v1.1.7-rep|P1/10/4,280.56,1874,525769.44,-1070.05,-0.20,1.87,0,0.00,-1069.12,-0.20,105404.53,421.62,0
1207,Exit long,2020-11-17 06:35,STP,283.31,1839,521613.96,-608.71,-0.12,1.84,0,0.00,-607.79,-0.12,104795.82,419.18,0
1207,Entry long,2020-11-17 06:35,QQQREP|L|v1.1.7-rep|P1/10/4,283.64,1839,521613.96,-608.71,-0.12,1.84,0,0.00,-607.79,-0.12,104795.82,419.18,0
1208,Exit short,2020-11-18 06:35,STP,282.1,1842,519259.8,-370.24,-0.07,1.84,0,0.00,-369.32,-0.07,104425.58,417.70,0
1208,Entry short,2020-11-18 06:35,QQQREP|S|v1.1.7-rep|P1/10/4,281.9,1842,519259.8,-370.24,-0.07,1.84,0,0.00,-369.32,-0.07,104425.58,417.70,0
1209,Exit short,2020-11-19 06:40,STP,280.14,1834,512529.64,-1248.95,-0.24,1.83,567.62,0.11,-1248.04,-0.24,103176.63,412.71,1
1209,Entry short,2020-11-19 06:35,QQQREP|S|v1.1.7-rep|P1/10/4,279.46,1834,512529.64,-1248.95,-0.24,1.83,567.62,0.11,-1248.04,-0.24,103176.63,412.71,1
1210,Exit short,2020-11-20 07:20,STP,282.46,1815,512320.05,-346.66,-0.07,1.82,1178.84,0.23,-345.76,-0.07,102829.96,411.32,9
1210,Entry short,2020-11-20 06:35,QQQREP|S|v1.1.7-rep|P1/10/4,282.27,1815,512320.05,-346.66,-0.07,1.82,1178.84,0.23,-345.76,-0.07,102829.96,411.32,9
1211,Exit long,2020-11-23 07:05,STP,281.61,1813,511356.65,-799.53,-0.16,1.81,1522.01,0.30,-798.63,-0.16,102030.43,408.12,6
1211,Entry long,2020-11-23 06:35,QQQREP|L|v1.1.7-rep|P1/10/4,282.05,1813,511356.65,-799.53,-0.16,1.81,1522.01,0.30,-798.63,-0.16,102030.43,408.12,6
1212,Exit short,2020-11-24 07:40,STP,281.81,1806,508118.1,-832.57,-0.16,1.81,2599.74,0.51,-831.66,-0.16,101197.86,404.79,13
1212,Entry short,2020-11-24 06:35,QQQREP|S|v1.1.7-rep|P1/10/4,281.35,1806,508118.1,-832.57,-0.16,1.81,2599.74,0.51,-831.66,-0.16,101197.86,404.79,13
1213,Exit long,2020-11-25 07:00,STP,285.21,1766,504616.84,-937.75,-0.19,1.77,917.44,0.18,-936.86,-0.19,100260.12,401.04,5
1213,Entry long,2020-11-25 06:35,QQQREP|L|v1.1.7-rep|P1/10/4,285.74,1766,504616.84,-937.75,-0.19,1.77,917.44,0.18,-936.86,-0.19,100260.12,401.04,5
1214,Exit long,2020-11-30 06:30,ORPHAN,289.42,1736,500992.24,1439.14,0.29,1.74,2585.77,0.52,-938.31,-0.19,101699.26,406.80,52
1214,Entry long,2020-11-27 06:35,QQQREP|L|v1.1.7-rep|P1/10/4,288.59,1736,500992.24,1439.14,0.29,1.74,2585.77,0.52,-938.31,-0.19,101699.26,406.80,52
1215,Exit short,2020-12-01 06:45,STP,291.9,1409,410004.91,-1283.6,-0.31,1.41,379.73,0.09,-1282.89,-0.31,100415.66,401.66,2
1215,Entry short,2020-12-01 06:35,QQQREP|S|v1.1.7-rep|P1/10/4,290.99,1409,410004.91,-1283.6,-0.31,1.41,379.73,0.09,-1282.89,-0.31,100415.66,401.66,2
1216,Exit short,2020-12-02 07:10,STP,292.2,1235,359644.35,-1223.88,-0.34,1.24,1172.63,0.33,-1223.27,-0.34,99191.77,396.77,7
1216,Entry short,2020-12-02 06:35,QQQREP|S|v1.1.7-rep|P1/10/4,291.21,1235,359644.35,-1223.88,-0.34,1.24,1172.63,0.33,-1223.27,-0.34,99191.77,396.77,7
1217,Exit long,2020-12-03 08:05,STP,293.86,1686,496628.16,-1181.89,-0.24,1.69,1735.74,0.35,-1181.04,-0.24,98009.89,392.04,18
1217,Entry long,2020-12-03 06:35,QQQREP|L|v1.1.7-rep|P1/10/4,294.56,1686,496628.16,-1181.89,-0.24,1.69,1735.74,0.35,-1181.04,-0.24,98009.89,392.04,18
1218,Exit short,2020-12-04 06:40,STP,294.2,1675,491847,-939.67,-0.19,1.68,350.91,0.07,-938.84,-0.19,97070.21,388.28,1
1218,Entry short,2020-12-04 06:35,QQQREP|S|v1.1.7-rep|P1/10/4,293.64,1675,491847,-939.67,-0.19,1.68,350.91,0.07,-938.84,-0.19,97070.21,388.28,1
1219,Exit long,2020-12-07 12:55,EOD,296.93,1650,488268,1664.85,0.34,1.65,2259.68,0.46,-248.32,-0.05,98735.06,394.94,76
1219,Entry long,2020-12-07 06:35,QQQREP|L|v1.1.7-rep|P1/10/4,295.92,1650,488268,1664.85,0.34,1.65,2259.68,0.46,-248.32,-0.05,98735.06,394.94,76
1220,Exit short,2020-12-08 08:55,STP,296.69,1670,494988,-485.97,-0.10,1.67,2821.47,0.57,-485.13,-0.10,98249.09,393.00,28
1220,Entry short,2020-12-08 06:35,QQQREP|S|v1.1.7-rep|P1/10/4,296.4,1670,494988,-485.97,-0.10,1.67,2821.47,0.57,-485.13,-0.10,98249.09,393.00,28
1221,Exit short,2020-12-09 06:45,STP,297.76,1432,425132.16,-1261.59,-0.30,1.43,199.76,0.05,-1260.88,-0.30,96987.5,387.95,2
1221,Entry short,2020-12-09 06:35,QQQREP|S|v1.1.7-rep|P1/10/4,296.88,1432,425132.16,-1261.59,-0.30,1.43,199.76,0.05,-1260.88,-0.30,96987.5,387.95,2
1222,Exit short,2020-12-10 06:35,STP,289.65,852,245563.44,-1219.21,-0.50,0.85,25.13,0.01,-1218.79,-0.50,95768.29,383.07,0
1222,Entry short,2020-12-10 06:35,QQQREP|S|v1.1.7-rep|P1/10/4,288.22,852,245563.44,-1219.21,-0.50,0.85,25.13,0.01,-1218.79,-0.50,95768.29,383.07,0
1223,Exit short,2020-12-11 07:10,STP,291.27,1388,403047.44,-1236.71,-0.31,1.39,1359.55,0.34,-1236.01,-0.31,94531.58,378.13,7
1223,Entry short,2020-12-11 06:35,QQQREP|S|v1.1.7-rep|P1/10/4,290.38,1388,403047.44,-1236.71,-0.31,1.39,1359.55,0.34,-1236.01,-0.31,94531.58,378.13,7
1224,Exit long,2020-12-14 12:55,EOD,293.63,1630,477948.6,666.67,0.14,1.63,4123.09,0.86,-0.81,0.00,95198.25,380.79,76
1224,Entry long,2020-12-14 06:35,QQQREP|L|v1.1.7-rep|P1/10/4,293.22,1630,477948.6,666.67,0.14,1.63,4123.09,0.86,-0.81,0.00,95198.25,380.79,76
1225,Exit short,2020-12-15 12:00,STP,296.48,1624,480752.72,-732.42,-0.15,1.62,3458.31,0.72,-731.61,-0.15,94465.83,377.86,65
1225,Entry short,2020-12-15 06:35,QQQREP|S|v1.1.7-rep|P1/10/4,296.03,1624,480752.72,-732.42,-0.15,1.62,3458.31,0.72,-731.61,-0.15,94465.83,377.86,65
1226,Exit short,2020-12-16 07:30,STP,297.55,1608,477543.84,-918.17,-0.19,1.61,1060.48,0.22,-917.36,-0.19,93547.66,374.19,11
1226,Entry short,2020-12-16 06:35,QQQREP|S|v1.1.7-rep|P1/10/4,296.98,1608,477543.84,-918.17,-0.19,1.61,1060.48,0.22,-917.36,-0.19,93547.66,374.19,11
1227,Exit long,2020-12-17 06:55,STP,300.08,1577,474140.82,-916.24,-0.19,1.58,78.06,0.02,-915.45,-0.19,92631.42,370.53,4
1227,Entry long,2020-12-17 06:35,QQQREP|L|v1.1.7-rep|P1/10/4,300.66,1577,474140.82,-916.24,-0.19,1.58,78.06,0.02,-915.45,-0.19,92631.42,370.53,4
1228,Exit short,2020-12-18 12:55,EOD,299.41,1564,470341.72,2062.92,0.44,1.56,5410.66,1.15,-344.86,-0.07,94694.34,378.78,76
1228,Entry short,2020-12-18 06:35,QQQREP|S|v1.1.7-rep|P1/10/4,300.73,1564,470341.72,2062.92,0.44,1.56,5410.66,1.15,-344.86,-0.07,94694.34,378.78,76
1229,Exit long,2020-12-21 06:45,STP,296.42,864,257316.48,-1210.46,-0.47,0.86,422.93,0.16,-1210.03,-0.47,93483.88,373.94,2
1229,Entry long,2020-12-21 06:35,QQQREP|L|v1.1.7-rep|P1/10/4,297.82,864,257316.48,-1210.46,-0.47,0.86,422.93,0.16,-1210.03,-0.47,93483.88,373.94,2
1230,Exit short,2020-12-22 06:45,STP,300.03,1492,446436.24,-1210.01,-0.27,1.49,252.89,0.06,-1209.27,-0.27,92273.86,369.10,2
1230,Entry short,2020-12-22 06:35,QQQREP|S|v1.1.7-rep|P1/10/4,299.22,1492,446436.24,-1210.01,-0.27,1.49,252.89,0.06,-1209.27,-0.27,92273.86,369.10,2
1231,Exit short,2020-12-23 10:05,STP,300.12,1459,436634.93,-1241.61,-0.28,1.46,1312.37,0.30,-1240.88,-0.28,91032.26,364.13,42
1231,Entry short,2020-12-23 06:35,QQQREP|S|v1.1.7-rep|P1/10/4,299.27,1459,436634.93,-1241.61,-0.28,1.46,1312.37,0.30,-1240.88,-0.28,91032.26,364.13,42
1232,Exit long,2020-12-28 06:30,ORPHAN,302.05,1550,463884,4291.95,0.93,1.55,4804.23,1.04,-853.27,-0.18,95324.2,381.30,49
1232,Entry long,2020-12-24 06:35,QQQREP|L|v1.1.7-rep|P1/10/4,299.28,1550,463884,4291.95,0.93,1.55,4804.23,1.04,-853.27,-0.18,95324.2,381.30,49
1233,Exit long,2020-12-29 06:55,STP,303.78,1580,480983.6,-1012.78,-0.21,1.58,378.41,0.08,-1011.99,-0.21,94311.42,377.25,4
1233,Entry long,2020-12-29 06:35,QQQREP|L|v1.1.7-rep|P1/10/4,304.42,1580,480983.6,-1012.78,-0.21,1.58,378.41,0.08,-1011.99,-0.21,94311.42,377.25,4
1234,Exit short,2020-12-30 12:55,EOD,302.92,1339,406533.79,922.57,0.23,1.34,1646.3,0.40,-201.52,-0.05,95233.99,380.94,76
1234,Entry short,2020-12-30 06:35,QQQREP|S|v1.1.7-rep|P1/10/4,303.61,1339,406533.79,922.57,0.23,1.34,1646.3,0.40,-201.52,-0.05,95233.99,380.94,76
1235,Exit short,2020-12-31 06:35,STP,303.11,1588,480830.52,-509.75,-0.11,1.59,443.85,0.09,-508.95,-0.11,94724.25,378.90,0
1235,Entry short,2020-12-31 06:35,QQQREP|S|v1.1.7-rep|P1/10/4,302.79,1588,480830.52,-509.75,-0.11,1.59,443.85,0.09,-508.95,-0.11,94724.25,378.90,0
1236,Exit short,2021-01-04 12:55,EOD,299.38,1274,387716.42,6305.03,1.63,1.27,11287,2.91,-268.18,-0.07,101029.27,404.12,76
1236,Entry short,2021-01-04 06:35,QQQREP|S|v1.1.7-rep|P1/10/4,304.33,1274,387716.42,6305.03,1.63,1.27,11287,2.91,-268.18,-0.07,101029.27,404.12,76
1237,Exit long,2021-01-05 12:55,EOD,301.83,1216,364204.16,2819.9,0.77,1.22,3148.83,0.86,-122.21,-0.03,103849.18,415.40,76
1237,Entry long,2021-01-05 06:35,QQQREP|L|v1.1.7-rep|P1/10/4,299.51,1216,364204.16,2819.9,0.77,1.22,3148.83,0.86,-122.21,-0.03,103849.18,415.40,76
1238,Exit short,2021-01-06 06:45,STP,297.94,816,241846.08,-1273.78,-0.53,0.82,105.67,0.04,-1273.37,-0.53,102575.4,410.30,2
1238,Entry short,2021-01-06 06:35,QQQREP|S|v1.1.7-rep|P1/10/4,296.38,816,241846.08,-1273.78,-0.53,0.82,105.67,0.04,-1273.37,-0.53,102575.4,410.30,2
1239,Exit long,2021-01-07 12:55,EOD,304.97,1689,508709.91,6382.73,1.25,1.69,7751.67,1.52,-0.84,0.00,108958.13,435.83,76
1239,Entry long,2021-01-07 06:35,QQQREP|L|v1.1.7-rep|P1/10/4,301.19,1689,508709.91,6382.73,1.25,1.69,7751.67,1.52,-0.84,0.00,108958.13,435.83,76
1240,Exit long,2021-01-08 07:25,STP,306.44,1667,512285.77,-1451.96,-0.28,1.67,1216.08,0.24,-1451.12,-0.28,107506.17,430.02,10
1240,Entry long,2021-01-08 06:35,QQQREP|L|v1.1.7-rep|P1/10/4,307.31,1667,512285.77,-1451.96,-0.28,1.67,1216.08,0.24,-1451.12,-0.28,107506.17,430.02,10
1241,Exit short,2021-01-11 07:05,STP,306.13,1396,426017.32,-1341.56,-0.31,1.4,1283.62,0.30,-1340.86,-0.31,106164.62,424.66,6
1241,Entry short,2021-01-11 06:35,QQQREP|S|v1.1.7-rep|P1/10/4,305.17,1396,426017.32,-1341.56,-0.31,1.4,1283.62,0.30,-1340.86,-0.31,106164.62,424.66,6
1242,Exit long,2021-01-12 06:45,STP,304.32,1652,504041.72,-1306.73,-0.26,1.65,693.01,0.14,-1305.91,-0.26,104857.89,419.43,2
1242,Entry long,2021-01-12 06:35,QQQREP|L|v1.1.7-rep|P1/10/4,305.11,1652,504041.72,-1306.73,-0.26,1.65,693.01,0.14,-1305.91,-0.26,104857.89,419.43,2
1243,Exit long,2021-01-13 06:35,STP,304.11,1706,519374.64,-564.69,-0.11,1.71,152.69,0.03,-563.83,-0.11,104293.2,417.17,0
1243,Entry long,2021-01-13 06:35,QQQREP|L|v1.1.7-rep|P1/10/4,304.44,1706,519374.64,-564.69,-0.11,1.71,152.69,0.03,-563.83,-0.11,104293.2,417.17,0
1244,Exit long,2021-01-14 06:45,STP,306.07,1686,516995.04,-962.71,-0.19,1.69,774.72,0.15,-961.86,-0.19,103330.49,413.32,2
1244,Entry long,2021-01-14 06:35,QQQREP|L|v1.1.7-rep|P1/10/4,306.64,1686,516995.04,-962.71,-0.19,1.69,774.72,0.15,-961.86,-0.19,103330.49,413.32,2
1245,Exit long,2021-01-15 07:00,STP,303.89,1636,498374.68,-1212.28,-0.24,1.64,719.02,0.14,-1211.46,-0.24,102118.22,408.47,5
1245,Entry long,2021-01-15 06:35,QQQREP|L|v1.1.7-rep|P1/10/4,304.63,1636,498374.68,-1212.28,-0.24,1.64,719.02,0.14,-1211.46,-0.24,102118.22,408.47,5
1246,Exit long,2021-01-19 06:45,STP,304.08,1668,508222.92,-1019.15,-0.20,1.67,316.09,0.06,-1018.31,-0.20,101099.07,404.40,2
1246,Entry long,2021-01-19 06:35,QQQREP|L|v1.1.7-rep|P1/10/4,304.69,1668,508222.92,-1019.15,-0.20,1.67,316.09,0.06,-1018.31,-0.20,101099.07,404.40,2
1247,Exit long,2021-01-20 12:55,EOD,313.43,1626,504255.12,5380.43,1.07,1.63,6942.21,1.38,-0.81,0.00,106479.51,425.92,76
1247,Entry long,2021-01-20 06:35,QQQREP|L|v1.1.7-rep|P1/10/4,310.12,1626,504255.12,5380.43,1.07,1.63,6942.21,1.38,-0.81,0.00,106479.51,425.92,76
1248,Exit short,2021-01-21 07:10,STP,314.89,1201,376861.79,-1322.3,-0.35,1.2,443.77,0.12,-1321.7,-0.35,105157.2,420.63,7
1248,Entry short,2021-01-21 06:35,QQQREP|S|v1.1.7-rep|P1/10/4,313.79,1201,376861.79,-1322.3,-0.35,1.2,443.77,0.12,-1321.7,-0.35,105157.2,420.63,7
1249,Exit long,2021-01-25 07:35,STP,318.41,1385,442341.3,-1344.83,-0.30,1.39,581.01,0.13,-1344.14,-0.30,103812.37,415.25,12
1249,Entry long,2021-01-25 06:35,QQQREP|L|v1.1.7-rep|P1/10/4,319.38,1385,442341.3,-1344.83,-0.30,1.39,581.01,0.13,-1344.14,-0.30,103812.37,415.25,12
1250,Exit long,2021-01-26 06:35,STP,318.23,1617,515208.54,-632.25,-0.12,1.62,177.06,0.03,-631.44,-0.12,103180.13,412.72,0
1250,Entry long,2021-01-26 06:35,QQQREP|L|v1.1.7-rep|P1/10/4,318.62,1617,515208.54,-632.25,-0.12,1.62,177.06,0.03,-631.44,-0.12,103180.13,412.72,0
1251,Exit short,2021-01-27 12:55,EOD,309.53,472,147830.4,1731.77,1.17,0.47,2808.16,1.90,-1222.72,-0.83,104911.89,419.65,76
1251,Entry short,2021-01-27 06:35,QQQREP|S|v1.1.7-rep|P1/10/4,313.2,472,147830.4,1731.77,1.17,0.47,2808.16,1.90,-1222.72,-0.83,104911.89,419.65,76
1252,Exit long,2021-01-28 06:35,STP,310.15,1672,519440.24,-871.11,-0.17,1.67,1019.08,0.20,-870.28,-0.17,104040.78,416.16,0
1252,Entry long,2021-01-28 06:35,QQQREP|L|v1.1.7-rep|P1/10/4,310.67,1672,519440.24,-871.11,-0.17,1.67,1019.08,0.20,-870.28,-0.17,104040.78,416.16,0
1253,Exit long,2021-01-29 06:35,STP,309,1667,516069.86,-968.53,-0.19,1.67,0,0.00,-967.69,-0.19,103072.25,412.29,0
1253,Entry long,2021-01-29 06:35,QQQREP|L|v1.1.7-rep|P1/10/4,309.58,1667,516069.86,-968.53,-0.19,1.67,0,0.00,-967.69,-0.19,103072.25,412.29,0
1254,Exit long,2021-02-01 06:45,STP,307.93,1407,434594.16,-1338.06,-0.31,1.41,351.05,0.08,-1337.35,-0.31,101734.2,406.94,2
1254,Entry long,2021-02-01 06:35,QQQREP|L|v1.1.7-rep|P1/10/4,308.88,1407,434594.16,-1338.06,-0.31,1.41,351.05,0.08,-1337.35,-0.31,101734.2,406.94,2
1255,Exit long,2021-02-02 12:55,EOD,317.33,1606,506853.6,2776.77,0.55,1.61,4463.88,0.88,-193.52,-0.04,104510.97,418.04,76
1255,Entry long,2021-02-02 06:35,QQQREP|L|v1.1.7-rep|P1/10/4,315.6,1606,506853.6,2776.77,0.55,1.61,4463.88,0.88,-193.52,-0.04,104510.97,418.04,76
1256,Exit short,2021-02-03 12:55,EOD,315.94,1611,513812.34,4831.39,0.94,1.61,4848.3,0.94,-564.66,-0.11,109342.36,437.37,76
1256,Entry short,2021-02-03 06:35,QQQREP|S|v1.1.7-rep|P1/10/4,318.94,1611,513812.34,4831.39,0.94,1.61,4848.3,0.94,-564.66,-0.11,109342.36,437.37,76
1257,Exit short,2021-02-04 09:35,STP,318.13,1296,410922.72,-1375.06,-0.33,1.3,1295.35,0.32,-1374.41,-0.33,107967.31,431.87,36
1257,Entry short,2021-02-04 06:35,QQQREP|S|v1.1.7-rep|P1/10/4,317.07,1296,410922.72,-1375.06,-0.33,1.3,1295.35,0.32,-1374.41,-0.33,107967.31,431.87,36
1258,Exit short,2021-02-05 09:10,STP,320.73,1662,531773.52,-1281.4,-0.24,1.66,1528.21,0.29,-1280.57,-0.24,106685.9,426.74,31
1258,Entry short,2021-02-05 06:35,QQQREP|S|v1.1.7-rep|P1/10/4,319.96,1662,531773.52,-1281.4,-0.24,1.66,1528.21,0.29,-1280.57,-0.24,106685.9,426.74,31
1259,Exit short,2021-02-08 07:00,STP,322.64,1635,526486.35,-1031.68,-0.20,1.64,456.98,0.09,-1030.87,-0.20,105654.21,422.62,5
1259,Entry short,2021-02-08 06:35,QQQREP|S|v1.1.7-rep|P1/10/4,322.01,1635,526486.35,-1031.68,-0.20,1.64,456.98,0.09,-1030.87,-0.20,105654.21,422.62,5
1260,Exit long,2021-02-09 12:55,EOD,322.89,1619,522402.73,354.56,0.07,1.62,2346.74,0.45,-664.6,-0.13,106008.77,424.04,76
1260,Entry long,2021-02-09 06:35,QQQREP|L|v1.1.7-rep|P1/10/4,322.67,1619,522402.73,354.56,0.07,1.62,2346.74,0.45,-664.6,-0.13,106008.77,424.04,76
1261,Exit short,2021-02-10 12:55,EOD,322.08,1617,523924.17,3119.19,0.60,1.62,7987.17,1.52,-890.16,-0.17,109127.97,436.51,76
1261,Entry short,2021-02-10 06:35,QQQREP|S|v1.1.7-rep|P1/10/4,324.01,1617,523924.17,3119.19,0.60,1.62,7987.17,1.52,-890.16,-0.17,109127.97,436.51,76
1262,Exit short,2021-02-11 06:35,STP,324.11,1657,536404.04,-647.89,-0.12,1.66,512.84,0.10,-647.06,-0.12,108480.08,433.92,0
1262,Entry short,2021-02-11 06:35,QQQREP|S|v1.1.7-rep|P1/10/4,323.72,1657,536404.04,-647.89,-0.12,1.66,512.84,0.10,-647.06,-0.12,108480.08,433.92,0
1263,Exit short,2021-02-12 06:40,STP,323.19,1655,533704.4,-1176.7,-0.22,1.66,743.92,0.14,-1175.88,-0.22,107303.38,429.21,1
1263,Entry short,2021-02-12 06:35,QQQREP|S|v1.1.7-rep|P1/10/4,322.48,1655,533704.4,-1176.7,-0.22,1.66,743.92,0.14,-1175.88,-0.22,107303.38,429.21,1
1264,Exit long,2021-02-16 06:35,STP,326.16,1620,529027.2,-649.62,-0.12,1.62,339.39,0.06,-648.81,-0.12,106653.76,426.62,0
1264,Entry long,2021-02-16 06:35,QQQREP|L|v1.1.7-rep|P1/10/4,326.56,1620,529027.2,-649.62,-0.12,1.62,339.39,0.06,-648.81,-0.12,106653.76,426.62,0
1265,Exit short,2021-02-17 06:35,STP,322.25,1637,526721.12,-803.77,-0.15,1.64,866.79,0.16,-802.95,-0.15,105849.99,423.40,0
1265,Entry short,2021-02-17 06:35,QQQREP|S|v1.1.7-rep|P1/10/4,321.76,1637,526721.12,-803.77,-0.15,1.64,866.79,0.16,-802.95,-0.15,105849.99,423.40,0
1266,Exit long,2021-02-18 07:05,STP,319.2,1636,523290.96,-1081.4,-0.21,1.64,1160.74,0.22,-1080.58,-0.21,104768.59,419.07,6
1266,Entry long,2021-02-18 06:35,QQQREP|L|v1.1.7-rep|P1/10/4,319.86,1636,523290.96,-1081.4,-0.21,1.64,1160.74,0.22,-1080.58,-0.21,104768.59,419.07,6
1267,Exit short,2021-02-19 12:55,EOD,320.49,1608,518869.44,3519.91,0.68,1.61,5160.88,0.99,-949.52,-0.18,108288.51,433.15,76
1267,Entry short,2021-02-19 06:35,QQQREP|S|v1.1.7-rep|P1/10/4,322.68,1608,518869.44,3519.91,0.68,1.61,5160.88,0.99,-949.52,-0.18,108288.51,433.15,76
1268,Exit short,2021-02-22 06:35,STP,316.69,1156,364683.32,-1411.48,-0.39,1.16,172.82,0.05,-1410.9,-0.39,106877.03,427.51,0
1268,Entry short,2021-02-22 06:35,QQQREP|S|v1.1.7-rep|P1/10/4,315.47,1156,364683.32,-1411.48,-0.39,1.16,172.82,0.05,-1410.9,-0.39,106877.03,427.51,0
1269,Exit short,2021-02-23 07:20,STP,307.21,840,256712.4,-1344.84,-0.52,0.84,3796.38,1.48,-1344.42,-0.52,105532.19,422.13,9
1269,Entry short,2021-02-23 06:35,QQQREP|S|v1.1.7-rep|P1/10/4,305.61,840,256712.4,-1344.84,-0.52,0.84,3796.38,1.48,-1344.42,-0.52,105532.19,422.13,9
1270,Exit long,2021-02-24 06:35,STP,308.35,1690,521956.5,-846.69,-0.16,1.69,269.56,0.05,-845.84,-0.16,104685.5,418.74,0
1270,Entry long,2021-02-24 06:35,QQQREP|L|v1.1.7-rep|P1/10/4,308.85,1690,521956.5,-846.69,-0.16,1.69,269.56,0.05,-845.84,-0.16,104685.5,418.74,0
1271,Exit long,2021-02-25 07:00,STP,311.13,842,263310.24,-1339.62,-0.51,0.84,833.16,0.32,-1339.2,-0.51,103345.88,413.38,5
1271,Entry long,2021-02-25 06:35,QQQREP|L|v1.1.7-rep|P1/10/4,312.72,842,263310.24,-1339.62,-0.51,0.84,833.16,0.32,-1339.2,-0.51,103345.88,413.38,5
1272,Exit long,2021-02-26 06:50,STP,305.23,1677,513128.46,-1259.43,-0.25,1.68,2732.67,0.53,-1258.59,-0.25,102086.45,408.35,3
1272,Entry long,2021-02-26 06:35,QQQREP|L|v1.1.7-rep|P1/10/4,305.98,1677,513128.46,-1259.43,-0.25,1.68,2732.67,0.53,-1258.59,-0.25,102086.45,408.35,3
1273,Exit short,2021-03-01 07:00,STP,309.54,1645,508305,-889.94,-0.18,1.65,1923.83,0.38,-889.12,-0.17,101196.51,404.79,5
1273,Entry short,2021-03-01 06:35,QQQREP|S|v1.1.7-rep|P1/10/4,309,1645,508305,-889.94,-0.18,1.65,1923.83,0.38,-889.12,-0.17,101196.51,404.79,5
1274,Exit short,2021-03-02 12:55,EOD,308.24,1611,504661.86,8085.61,1.60,1.61,8456.94,1.68,-0.81,0.00,109282.12,437.13,76
1274,Entry short,2021-03-02 06:35,QQQREP|S|v1.1.7-rep|P1/10/4,313.26,1611,504661.86,8085.61,1.60,1.61,8456.94,1.68,-0.81,0.00,109282.12,437.13,76
1275,Exit long,2021-03-03 06:35,STP,306.98,1746,537034.68,-1049.35,-0.20,1.75,34.05,0.01,-1048.47,-0.20,108232.77,432.93,0
1275,Entry long,2021-03-03 06:35,QQQREP|L|v1.1.7-rep|P1/10/4,307.58,1746,537034.68,-1049.35,-0.20,1.75,34.05,0.01,-1048.47,-0.20,108232.77,432.93,0
1276,Exit long,2021-03-04 06:45,STP,298.61,575,173017.5,-1317.32,-0.76,0.57,258.46,0.15,-1317.04,-0.76,106915.45,427.66,2
1276,Entry long,2021-03-04 06:35,QQQREP|L|v1.1.7-rep|P1/10/4,300.9,575,173017.5,-1317.32,-0.76,0.57,258.46,0.15,-1317.04,-0.76,106915.45,427.66,2
1277,Exit short,2021-03-05 10:35,STP,297.59,661,195351.94,-1355.71,-0.69,0.66,4963.78,2.54,-1355.38,-0.69,105559.73,422.24,48
1277,Entry short,2021-03-05 06:35,QQQREP|S|v1.1.7-rep|P1/10/4,295.54,661,195351.94,-1355.71,-0.69,0.66,4963.78,2.54,-1355.38,-0.69,105559.73,422.24,48
1278,Exit short,2021-03-08 06:40,STP,298.5,548,162251.84,-1326.71,-0.82,0.55,180.57,0.11,-1326.43,-0.82,104233.02,416.93,1
1278,Entry short,2021-03-08 06:35,QQQREP|S|v1.1.7-rep|P1/10/4,296.08,548,162251.84,-1326.71,-0.82,0.55,180.57,0.11,-1326.43,-0.82,104233.02,416.93,1
1279,Exit long,2021-03-09 06:40,STP,297.21,1131,337411.23,-1267.85,-0.38,1.13,395.28,0.12,-1267.29,-0.38,102965.17,411.86,1
1279,Entry long,2021-03-09 06:35,QQQREP|L|v1.1.7-rep|P1/10/4,298.33,1131,337411.23,-1267.85,-0.38,1.13,395.28,0.12,-1267.29,-0.38,102965.17,411.86,1
1280,Exit short,2021-03-10 06:50,STP,306.13,1129,344311.13,-1310.77,-0.38,1.13,1309.08,0.38,-1310.2,-0.38,101654.41,406.62,3
1280,Entry short,2021-03-10 06:35,QQQREP|S|v1.1.7-rep|P1/10/4,304.97,1129,344311.13,-1310.77,-0.38,1.13,1309.08,0.38,-1310.2,-0.38,101654.41,406.62,3
1281,Exit long,2021-03-11 06:40,STP,305.56,1030,315993.7,-1267.93,-0.40,1.03,205.49,0.07,-1267.41,-0.40,100386.48,401.55,1
1281,Entry long,2021-03-11 06:35,QQQREP|L|v1.1.7-rep|P1/10/4,306.79,1030,315993.7,-1267.93,-0.40,1.03,205.49,0.07,-1267.41,-0.40,100386.48,401.55,1
1282,Exit short,2021-03-12 06:50,STP,303.94,1653,501222.66,-1191.81,-0.24,1.65,1734.82,0.35,-1190.99,-0.24,99194.66,396.78,3
1282,Entry short,2021-03-12 06:35,QQQREP|S|v1.1.7-rep|P1/10/4,303.22,1653,501222.66,-1191.81,-0.24,1.65,1734.82,0.35,-1190.99,-0.24,99194.66,396.78,3
1283,Exit short,2021-03-15 06:50,STP,305.74,1628,496751.64,-994.71,-0.20,1.63,1024.83,0.21,-993.89,-0.20,98199.95,392.80,3
1283,Entry short,2021-03-15 06:35,QQQREP|S|v1.1.7-rep|P1/10/4,305.13,1628,496751.64,-994.71,-0.20,1.63,1024.83,0.21,-993.89,-0.20,98199.95,392.80,3
1284,Exit long,2021-03-16 11:25,STP,310.24,1167,363298.77,-1249.86,-0.34,1.17,2975.27,0.82,-1249.27,-0.34,96950.09,387.80,58
1284,Entry long,2021-03-16 06:35,QQQREP|L|v1.1.7-rep|P1/10/4,311.31,1167,363298.77,-1249.86,-0.34,1.17,2975.27,0.82,-1249.27,-0.34,96950.09,387.80,58
1285,Exit short,2021-03-17 06:45,STP,307.51,1211,371147.28,-1248.54,-0.34,1.21,1040.85,0.28,-1247.94,-0.34,95701.56,382.81,2
1285,Entry short,2021-03-17 06:35,QQQREP|S|v1.1.7-rep|P1/10/4,306.48,1211,371147.28,-1248.54,-0.34,1.21,1040.85,0.28,-1247.94,-0.34,95701.56,382.81,2
1286,Exit long,2021-03-18 06:40,STP,306.62,1571,482674.04,-975.59,-0.20,1.57,329.12,0.07,-974.81,-0.20,94725.96,378.90,1
1286,Entry long,2021-03-18 06:35,QQQREP|L|v1.1.7-rep|P1/10/4,307.24,1571,482674.04,-975.59,-0.20,1.57,329.12,0.07,-974.81,-0.20,94725.96,378.90,1
1287,Exit long,2021-03-19 06:40,STP,301.77,1177,356407.37,-1225.26,-0.34,1.18,529.06,0.15,-1224.67,-0.34,93500.7,374.00,1
1287,Entry long,2021-03-19 06:35,QQQREP|L|v1.1.7-rep|P1/10/4,302.81,1177,356407.37,-1225.26,-0.34,1.18,529.06,0.15,-1224.67,-0.34,93500.7,374.00,1
1288,Exit long,2021-03-22 12:55,EOD,308.89,1131,346809.84,2543.62,0.73,1.13,4828.8,1.39,-724.41,-0.21,96044.33,384.18,76
1288,Entry long,2021-03-22 06:35,QQQREP|L|v1.1.7-rep|P1/10/4,306.64,1131,346809.84,2543.62,0.73,1.13,4828.8,1.39,-724.41,-0.21,96044.33,384.18,76
1289,Exit short,2021-03-23 07:05,STP,310.07,1564,483870.32,-1080.72,-0.22,1.56,1469.38,0.30,-1079.94,-0.22,94963.6,379.85,6
1289,Entry short,2021-03-23 06:35,QQQREP|S|v1.1.7-rep|P1/10/4,309.38,1564,483870.32,-1080.72,-0.22,1.56,1469.38,0.30,-1079.94,-0.22,94963.6,379.85,6
1290,Exit short,2021-03-24 12:55,EOD,302.22,1422,438032.88,8274.62,1.89,1.42,8346.43,1.91,-441.53,-0.10,103238.22,412.95,76
1290,Entry short,2021-03-24 06:35,QQQREP|S|v1.1.7-rep|P1/10/4,308.04,1422,438032.88,8274.62,1.89,1.42,8346.43,1.91,-441.53,-0.10,103238.22,412.95,76
1291,Exit long,2021-03-25 07:45,STP,299.79,1633,490798.15,-1242.71,-0.25,1.63,4489.93,0.91,-1241.9,-0.25,101995.51,407.98,14
1291,Entry long,2021-03-25 06:35,QQQREP|L|v1.1.7-rep|P1/10/4,300.55,1633,490798.15,-1242.71,-0.25,1.63,4489.93,0.91,-1241.9,-0.25,101995.51,407.98,14
1292,Exit long,2021-03-26 11:05,STP,301.38,1597,482517.58,-1215.32,-0.25,1.6,3225.14,0.67,-1214.52,-0.25,100780.19,403.12,54
1292,Entry long,2021-03-26 06:35,QQQREP|L|v1.1.7-rep|P1/10/4,302.14,1597,482517.58,-1215.32,-0.25,1.6,3225.14,0.67,-1214.52,-0.25,100780.19,403.12,54
1293,Exit long,2021-03-29 06:45,STP,305.24,1621,496188.1,-1395.68,-0.28,1.62,955.58,0.19,-1394.87,-0.28,99384.51,397.54,2
1293,Entry long,2021-03-29 06:35,QQQREP|L|v1.1.7-rep|P1/10/4,306.1,1621,496188.1,-1395.68,-0.28,1.62,955.58,0.19,-1394.87,-0.28,99384.51,397.54,2
1294,Exit short,2021-03-30 08:30,STP,304.61,1115,338357.9,-1283.36,-0.38,1.12,1616.19,0.48,-1282.81,-0.38,98101.14,392.40,23
1294,Entry short,2021-03-30 06:35,QQQREP|S|v1.1.7-rep|P1/10/4,303.46,1115,338357.9,-1283.36,-0.38,1.12,1616.19,0.48,-1282.81,-0.38,98101.14,392.40,23
1295,Exit long,2021-03-31 12:55,EOD,309.28,1606,492399.6,4302.47,0.87,1.61,6905,1.40,-145.34,-0.03,102403.62,409.61,76
1295,Entry long,2021-03-31 06:35,QQQREP|L|v1.1.7-rep|P1/10/4,306.6,1606,492399.6,4302.47,0.87,1.61,6905,1.40,-145.34,-0.03,102403.62,409.61,76
1296,Exit long,2021-04-01 12:55,EOD,314.63,1625,509470,1802.13,0.35,1.63,1997.94,0.39,-325.81,-0.06,104205.74,416.82,76
1296,Entry long,2021-04-01 06:35,QQQREP|L|v1.1.7-rep|P1/10/4,313.52,1625,509470,1802.13,0.35,1.63,1997.94,0.39,-325.81,-0.06,104205.74,416.82,76
1297,Exit long,2021-04-05 12:55,EOD,320.94,1627,516588.77,5578.98,1.08,1.63,6767.51,1.31,-537.72,-0.10,109784.73,439.14,76
1297,Entry long,2021-04-05 06:35,QQQREP|L|v1.1.7-rep|P1/10/4,317.51,1627,516588.77,5578.98,1.08,1.63,6767.51,1.31,-537.72,-0.10,109784.73,439.14,76
1298,Exit short,2021-04-06 06:35,STP,320.74,1683,538896.6,-910.5,-0.17,1.68,470.4,0.09,-909.66,-0.17,108874.23,435.50,0
1298,Entry short,2021-04-06 06:35,QQQREP|S|v1.1.7-rep|P1/10/4,320.2,1683,538896.6,-910.5,-0.17,1.68,470.4,0.09,-909.66,-0.17,108874.23,435.50,0
1299,Exit short,2021-04-07 06:45,STP,320.39,1469,469286.74,-1367.64,-0.29,1.47,160.86,0.03,-1366.9,-0.29,107506.59,430.03,2
1299,Entry short,2021-04-07 06:35,QQQREP|S|v1.1.7-rep|P1/10/4,319.46,1469,469286.74,-1367.64,-0.29,1.47,160.86,0.03,-1366.9,-0.29,107506.59,430.03,2
1300,Exit long,2021-04-08 06:45,STP,323.97,1633,529908.5,-867.12,-0.16,1.63,505.41,0.10,-866.31,-0.16,106639.46,426.56,2
1300,Entry long,2021-04-08 06:35,QQQREP|L|v1.1.7-rep|P1/10/4,324.5,1633,529908.5,-867.12,-0.16,1.63,505.41,0.10,-866.31,-0.16,106639.46,426.56,2
1301,Exit short,2021-04-09 06:40,STP,323.7,1628,526251,-734.23,-0.14,1.63,829.47,0.16,-733.41,-0.14,105905.23,423.62,1
1301,Entry short,2021-04-09 06:35,QQQREP|S|v1.1.7-rep|P1/10/4,323.25,1628,526251,-734.23,-0.14,1.63,829.47,0.16,-733.41,-0.14,105905.23,423.62,1
1302,Exit short,2021-04-12 06:35,STP,325.96,1607,523399.9,-419.43,-0.08,1.61,143.83,0.03,-418.62,-0.08,105485.81,421.94,0
1302,Entry short,2021-04-12 06:35,QQQREP|S|v1.1.7-rep|P1/10/4,325.7,1607,523399.9,-419.43,-0.08,1.61,143.83,0.03,-418.62,-0.08,105485.81,421.94,0
1303,Exit long,2021-04-13 12:55,EOD,330.19,1591,522023.01,3307.69,0.63,1.59,3976.7,0.76,-96.26,-0.02,108793.49,435.17,76
1303,Entry long,2021-04-13 06:35,QQQREP|L|v1.1.7-rep|P1/10/4,328.11,1591,522023.01,3307.69,0.63,1.59,3976.7,0.76,-96.26,-0.02,108793.49,435.17,76
1304,Exit short,2021-04-14 12:55,EOD,326.17,1622,535130.24,6080.88,1.14,1.62,7346.85,1.37,-454.97,-0.09,114874.38,459.50,76
1304,Entry short,2021-04-14 06:35,QQQREP|S|v1.1.7-rep|P1/10/4,329.92,1622,535130.24,6080.88,1.14,1.62,7346.85,1.37,-454.97,-0.09,114874.38,459.50,76
1305,Exit long,2021-04-15 12:55,EOD,331.13,1697,559500.9,2425.01,0.43,1.7,3087.69,0.55,-934.2,-0.17,117299.38,469.20,76
1305,Entry long,2021-04-15 06:35,QQQREP|L|v1.1.7-rep|P1/10/4,329.7,1697,559500.9,2425.01,0.43,1.7,3087.69,0.55,-934.2,-0.17,117299.38,469.20,76
1306,Exit short,2021-04-16 12:40,STP,331.67,1071,353815.56,-1404.08,-0.40,1.07,749.16,0.21,-1403.55,-0.40,115895.31,463.58,73
1306,Entry short,2021-04-16 06:35,QQQREP|S|v1.1.7-rep|P1/10/4,330.36,1071,353815.56,-1404.08,-0.40,1.07,749.16,0.21,-1403.55,-0.40,115895.31,463.58,73
1307,Exit long,2021-04-19 07:05,STP,329.65,1263,417787.77,-1441.08,-0.34,1.26,403.53,0.10,-1440.45,-0.34,114454.22,457.82,6
1307,Entry long,2021-04-19 06:35,QQQREP|L|v1.1.7-rep|P1/10/4,330.79,1263,417787.77,-1441.08,-0.34,1.26,403.53,0.10,-1440.45,-0.34,114454.22,457.82,6
1308,Exit short,2021-04-20 06:35,STP,328.4,1702,557507.12,-1431.38,-0.26,1.7,424.65,0.08,-1430.53,-0.26,113022.84,452.09,0
1308,Entry short,2021-04-20 06:35,QQQREP|S|v1.1.7-rep|P1/10/4,327.56,1702,557507.12,-1431.38,-0.26,1.7,424.65,0.08,-1430.53,-0.26,113022.84,452.09,0
1309,Exit short,2021-04-21 06:45,STP,325.22,1700,552075,-800.7,-0.15,1.7,1699.15,0.31,-799.85,-0.14,112222.14,448.89,2
1309,Entry short,2021-04-21 06:35,QQQREP|S|v1.1.7-rep|P1/10/4,324.75,1700,552075,-800.7,-0.15,1.7,1699.15,0.31,-799.85,-0.14,112222.14,448.89,2
1310,Exit short,2021-04-22 07:25,STP,328.74,1672,548867.44,-787.51,-0.14,1.67,1403.64,0.26,-786.68,-0.14,111434.63,445.74,10
1310,Entry short,2021-04-22 06:35,QQQREP|S|v1.1.7-rep|P1/10/4,328.27,1672,548867.44,-787.51,-0.14,1.67,1403.64,0.26,-786.68,-0.14,111434.63,445.74,10
1311,Exit long,2021-04-23 12:55,EOD,329.03,1672,545740.8,4395.69,0.81,1.67,6553.4,1.20,-1037.48,-0.19,115830.31,463.32,76
1311,Entry long,2021-04-23 06:35,QQQREP|L|v1.1.7-rep|P1/10/4,326.4,1672,545740.8,4395.69,0.81,1.67,6553.4,1.20,-1037.48,-0.19,115830.31,463.32,76
1312,Exit short,2021-04-26 06:40,STP,329.57,1711,563090.1,-805.88,-0.14,1.71,290.01,0.05,-805.03,-0.14,115024.44,460.10,1
1312,Entry short,2021-04-26 06:35,QQQREP|S|v1.1.7-rep|P1/10/4,329.1,1711,563090.1,-805.88,-0.14,1.71,290.01,0.05,-805.03,-0.14,115024.44,460.10,1
1313,Exit short,2021-04-27 12:55,EOD,329.65,1690,559947.7,2837.51,0.51,1.69,4291.76,0.77,-389.54,-0.07,117861.95,471.45,76
1313,Entry short,2021-04-27 06:35,QQQREP|S|v1.1.7-rep|P1/10/4,331.33,1690,559947.7,2837.51,0.51,1.69,4291.76,0.77,-389.54,-0.07,117861.95,471.45,76
1314,Exit short,2021-04-28 06:45,STP,329.47,1584,520375.68,-1506.38,-0.29,1.58,585.29,0.11,-1505.59,-0.29,116355.56,465.42,2
1314,Entry short,2021-04-28 06:35,QQQREP|S|v1.1.7-rep|P1/10/4,328.52,1584,520375.68,-1506.38,-0.29,1.58,585.29,0.11,-1505.59,-0.29,116355.56,465.42,2
1315,Exit short,2021-04-29 12:55,EOD,329.79,1705,565139.3,2845.65,0.50,1.71,8268.4,1.46,-307.75,-0.05,119201.2,476.80,76
1315,Entry short,2021-04-29 06:35,QQQREP|S|v1.1.7-rep|P1/10/4,331.46,1705,565139.3,2845.65,0.50,1.71,8268.4,1.46,-307.75,-0.05,119201.2,476.80,76
1316,Exit long,2021-04-30 10:50,STP,327.13,1760,576681.6,-934.56,-0.16,1.76,3800.72,0.66,-933.68,-0.16,118266.65,473.07,51
1316,Entry long,2021-04-30 06:35,QQQREP|L|v1.1.7-rep|P1/10/4,327.66,1760,576681.6,-934.56,-0.16,1.76,3800.72,0.66,-933.68,-0.16,118266.65,473.07,51
1317,Exit short,2021-05-03 07:05,STP,328.82,1745,572883.5,-909.14,-0.16,1.75,1691.78,0.30,-908.27,-0.16,117357.5,469.43,6
1317,Entry short,2021-05-03 06:35,QQQREP|S|v1.1.7-rep|P1/10/4,328.3,1745,572883.5,-909.14,-0.16,1.75,1691.78,0.30,-908.27,-0.16,117357.5,469.43,6
1318,Exit short,2021-05-04 12:55,EOD,320.03,1079,347772.49,2459.04,0.71,1.08,6559.78,1.89,-378.19,-0.11,119816.54,479.27,76
1318,Entry short,2021-05-04 06:35,QQQREP|S|v1.1.7-rep|P1/10/4,322.31,1079,347772.49,2459.04,0.71,1.08,6559.78,1.89,-378.19,-0.11,119816.54,479.27,76
1319,Exit long,2021-05-05 06:35,STP,322.03,1796,578922.64,-558.56,-0.10,1.8,160.74,0.03,-557.66,-0.10,119257.98,477.03,0
1319,Entry long,2021-05-05 06:35,QQQREP|L|v1.1.7-rep|P1/10/4,322.34,1796,578922.64,-558.56,-0.10,1.8,160.74,0.03,-557.66,-0.10,119257.98,477.03,0
1320,Exit short,2021-05-06 06:35,STP,318.74,1110,352336.2,-1466.31,-0.42,1.11,165.95,0.05,-1465.75,-0.42,117791.68,471.17,0
1320,Entry short,2021-05-06 06:35,QQQREP|S|v1.1.7-rep|P1/10/4,317.42,1110,352336.2,-1466.31,-0.42,1.11,165.95,0.05,-1465.75,-0.42,117791.68,471.17,0
1321,Exit short,2021-05-07 06:35,STP,324.33,1237,399736.55,-1460.9,-0.37,1.24,24.12,0.01,-1460.28,-0.37,116330.78,465.32,0
1321,Entry short,2021-05-07 06:35,QQQREP|S|v1.1.7-rep|P1/10/4,323.15,1237,399736.55,-1460.9,-0.37,1.24,24.12,0.01,-1460.28,-0.37,116330.78,465.32,0
1322,Exit short,2021-05-10 12:55,EOD,315.64,668,214214.24,3366.05,1.57,0.67,3399.79,1.59,-187.37,-0.09,119696.83,478.79,76
1322,Entry short,2021-05-10 06:35,QQQREP|S|v1.1.7-rep|P1/10/4,320.68,668,214214.24,3366.05,1.57,0.67,3399.79,1.59,-187.37,-0.09,119696.83,478.79,76
1323,Exit short,2021-05-11 06:35,STP,310.55,1868,578743.76,-1365.51,-0.24,1.87,0,0.00,-1364.57,-0.24,118331.32,473.33,0
1323,Entry short,2021-05-11 06:35,QQQREP|S|v1.1.7-rep|P1/10/4,309.82,1868,578743.76,-1365.51,-0.24,1.87,0,0.00,-1364.57,-0.24,118331.32,473.33,0
1324,Exit long,2021-05-12 07:00,STP,310.17,1285,400174.7,-1607.53,-0.40,1.29,1695.56,0.42,-1606.89,-0.40,116723.79,466.90,5
1324,Entry long,2021-05-12 06:35,QQQREP|L|v1.1.7-rep|P1/10/4,311.42,1285,400174.7,-1607.53,-0.40,1.29,1695.56,0.42,-1606.89,-0.40,116723.79,466.90,5
1325,Exit long,2021-05-13 06:35,STP,310.1,1825,566826.75,-896.07,-0.16,1.83,0,0.00,-895.16,-0.16,115827.71,463.31,0
1325,Entry long,2021-05-13 06:35,QQQREP|L|v1.1.7-rep|P1/10/4,310.59,1825,566826.75,-896.07,-0.16,1.83,0,0.00,-895.16,-0.16,115827.71,463.31,0
1326,Exit long,2021-05-14 06:40,STP,312.33,1729,541419.06,-1402.22,-0.26,1.73,362.23,0.07,-1401.35,-0.26,114425.49,457.70,1
1326,Entry long,2021-05-14 06:35,QQQREP|L|v1.1.7-rep|P1/10/4,313.14,1729,541419.06,-1402.22,-0.26,1.73,362.23,0.07,-1401.35,-0.26,114425.49,457.70,1
1327,Exit short,2021-05-17 06:35,STP,314.85,1775,557634,-1226.53,-0.22,1.78,247.61,0.04,-1225.64,-0.22,113198.97,452.80,0
1327,Entry short,2021-05-17 06:35,QQQREP|S|v1.1.7-rep|P1/10/4,314.16,1775,557634,-1226.53,-0.22,1.78,247.61,0.04,-1225.64,-0.22,113198.97,452.80,0
1328,Exit short,2021-05-18 06:35,STP,315.66,1755,552754.8,-1230.26,-0.22,1.76,174.62,0.03,-1229.38,-0.22,111968.71,447.87,0
1328,Entry short,2021-05-18 06:35,QQQREP|S|v1.1.7-rep|P1/10/4,314.96,1755,552754.8,-1230.26,-0.22,1.76,174.62,0.03,-1229.38,-0.22,111968.71,447.87,0
1329,Exit long,2021-05-19 12:55,EOD,312.75,974,300021.22,4596.31,1.53,0.97,4850.03,1.62,-1140.07,-0.38,116565.02,466.26,76
1329,Entry long,2021-05-19 06:35,QQQREP|L|v1.1.7-rep|P1/10/4,308.03,974,300021.22,4596.31,1.53,0.97,4850.03,1.62,-1140.07,-0.38,116565.02,466.26,76
1330,Exit long,2021-05-20 12:55,EOD,318.79,1327,418217.32,4815.68,1.15,1.33,5904.49,1.41,-226.25,-0.05,121380.7,485.52,76
1330,Entry long,2021-05-20 06:35,QQQREP|L|v1.1.7-rep|P1/10/4,315.16,1327,418217.32,4815.68,1.15,1.33,5904.49,1.41,-226.25,-0.05,121380.7,485.52,76
1331,Exit short,2021-05-21 12:55,EOD,316.93,1828,585380.44,6030.57,1.03,1.83,6561.61,1.12,-37.47,-0.01,127411.27,509.65,76
1331,Entry short,2021-05-21 06:35,QQQREP|S|v1.1.7-rep|P1/10/4,320.23,1828,585380.44,6030.57,1.03,1.83,6561.61,1.12,-37.47,-0.01,127411.27,509.65,76
1332,Exit long,2021-05-24 12:55,EOD,322.34,1906,609405.38,4972.75,0.82,1.91,7070.31,1.16,-77.19,-0.01,132384.03,529.54,76
1332,Entry long,2021-05-24 06:35,QQQREP|L|v1.1.7-rep|P1/10/4,319.73,1906,609405.38,4972.75,0.82,1.91,7070.31,1.16,-77.19,-0.01,132384.03,529.54,76
1333,Exit short,2021-05-25 12:55,EOD,322.75,1727,558891.74,1500.76,0.27,1.73,3470.41,0.62,-674.39,-0.12,133884.8,535.54,76
1333,Entry short,2021-05-25 06:35,QQQREP|S|v1.1.7-rep|P1/10/4,323.62,1727,558891.74,1500.76,0.27,1.73,3470.41,0.62,-674.39,-0.12,133884.8,535.54,76
1334,Exit long,2021-05-26 06:40,STP,323.31,1964,635452.2,-473.32,-0.07,1.96,627.5,0.10,-472.34,-0.07,133411.47,533.65,1
1334,Entry long,2021-05-26 06:35,QQQREP|L|v1.1.7-rep|P1/10/4,323.55,1964,635452.2,-473.32,-0.07,1.96,627.5,0.10,-472.34,-0.07,133411.47,533.65,1
1335,Exit short,2021-05-27 07:15,STP,323.67,1962,633529.8,-1512.7,-0.24,1.96,803.44,0.13,-1511.72,-0.24,131898.77,527.60,8
1335,Entry short,2021-05-27 06:35,QQQREP|S|v1.1.7-rep|P1/10/4,322.9,1962,633529.8,-1512.7,-0.24,1.96,803.44,0.13,-1511.72,-0.24,131898.77,527.60,8
1336,Exit short,2021-05-28 06:35,STP,324.17,1937,627258.71,-660.52,-0.11,1.94,95.88,0.02,-659.55,-0.11,131238.25,524.95,0
1336,Entry short,2021-05-28 06:35,QQQREP|S|v1.1.7-rep|P1/10/4,323.83,1937,627258.71,-660.52,-0.11,1.94,95.88,0.02,-659.55,-0.11,131238.25,524.95,0
1337,Exit short,2021-06-01 06:40,STP,325.23,1923,624744.24,-674.97,-0.11,1.92,229.8,0.04,-674.01,-0.11,130563.27,522.25,1
1337,Entry short,2021-06-01 06:35,QQQREP|S|v1.1.7-rep|P1/10/4,324.88,1923,624744.24,-674.97,-0.11,1.92,229.8,0.04,-674.01,-0.11,130563.27,522.25,1
1338,Exit long,2021-06-02 10:20,STP,322.67,1924,621990.72,-1175.56,-0.19,1.92,1576.72,0.25,-1174.6,-0.19,129387.71,517.55,45
1338,Entry long,2021-06-02 06:35,QQQREP|L|v1.1.7-rep|P1/10/4,323.28,1924,621990.72,-1175.56,-0.19,1.92,1576.72,0.25,-1174.6,-0.19,129387.71,517.55,45
1339,Exit long,2021-06-03 06:35,STP,320.19,1926,617244.48,-560.47,-0.09,1.93,268.68,0.04,-559.5,-0.09,128827.24,515.31,0
1339,Entry long,2021-06-03 06:35,QQQREP|L|v1.1.7-rep|P1/10/4,320.48,1926,617244.48,-560.47,-0.09,1.93,268.68,0.04,-559.5,-0.09,128827.24,515.31,0
1340,Exit long,2021-06-04 12:55,EOD,325.4,1877,605332.5,5441.42,0.90,1.88,6118.08,1.01,-0.94,0.00,134268.67,537.07,76
1340,Entry long,2021-06-04 06:35,QQQREP|L|v1.1.7-rep|P1/10/4,322.5,1877,605332.5,5441.42,0.90,1.88,6118.08,1.01,-0.94,0.00,134268.67,537.07,76
1341,Exit long,2021-06-07 06:40,STP,324.44,1961,636952.41,-727.53,-0.11,1.96,999.13,0.16,-726.55,-0.11,133541.14,534.16,1
1341,Entry long,2021-06-07 06:35,QQQREP|L|v1.1.7-rep|P1/10/4,324.81,1961,636952.41,-727.53,-0.11,1.96,999.13,0.16,-726.55,-0.11,133541.14,534.16,1
1342,Exit long,2021-06-08 06:50,STP,327.65,1933,634120.65,-775.13,-0.12,1.93,1642.08,0.26,-774.17,-0.12,132766,531.06,3
1342,Entry long,2021-06-08 06:35,QQQREP|L|v1.1.7-rep|P1/10/4,328.05,1933,634120.65,-775.13,-0.12,1.93,1642.08,0.26,-774.17,-0.12,132766,531.06,3
1343,Exit short,2021-06-09 06:35,STP,328.18,1925,630938,-810.42,-0.13,1.93,172.29,0.03,-809.46,-0.13,131955.58,527.82,0
1343,Entry short,2021-06-09 06:35,QQQREP|S|v1.1.7-rep|P1/10/4,327.76,1925,630938,-810.42,-0.13,1.93,172.29,0.03,-809.46,-0.13,131955.58,527.82,0
1344,Exit long,2021-06-10 12:55,EOD,329.93,1190,390070.1,2545.41,0.65,1.19,2653.11,0.68,-1214.39,-0.31,134500.98,538.00,76
1344,Entry long,2021-06-10 06:35,QQQREP|L|v1.1.7-rep|P1/10/4,327.79,1190,390070.1,2545.41,0.65,1.19,2653.11,0.68,-1214.39,-0.31,134500.98,538.00,76
1345,Exit short,2021-06-11 06:35,STP,330.1,1934,637736.5,-678.83,-0.11,1.93,366.49,0.06,-677.87,-0.11,133822.16,535.29,0
1345,Entry short,2021-06-11 06:35,QQQREP|S|v1.1.7-rep|P1/10/4,329.75,1934,637736.5,-678.83,-0.11,1.93,366.49,0.06,-677.87,-0.11,133822.16,535.29,0
1346,Exit short,2021-06-14 06:45,STP,331.21,1922,634932.7,-1654.84,-0.26,1.92,172.02,0.03,-1653.88,-0.26,132167.31,528.67,2
1346,Entry short,2021-06-14 06:35,QQQREP|S|v1.1.7-rep|P1/10/4,330.35,1922,634932.7,-1654.84,-0.26,1.92,172.02,0.03,-1653.88,-0.26,132167.31,528.67,2
1347,Exit short,2021-06-15 06:45,STP,333.69,1654,550351.96,-1572.95,-0.29,1.65,114.95,0.02,-1572.13,-0.29,130594.36,522.38,2
1347,Entry short,2021-06-15 06:35,QQQREP|S|v1.1.7-rep|P1/10/4,332.74,1654,550351.96,-1572.95,-0.29,1.65,114.95,0.02,-1572.13,-0.29,130594.36,522.38,2
1348,Exit long,2021-06-16 08:05,STP,332.08,1872,622271.52,-619.63,-0.10,1.87,1683.86,0.27,-618.7,-0.10,129974.73,519.90,18
1348,Entry long,2021-06-16 06:35,QQQREP|L|v1.1.7-rep|P1/10/4,332.41,1872,622271.52,-619.63,-0.10,1.87,1683.86,0.27,-618.7,-0.10,129974.73,519.90,18
1349,Exit long,2021-06-17 12:55,EOD,334.76,1480,489258.4,6184.92,1.26,1.48,7665.66,1.57,-104.34,-0.02,136159.64,544.64,76
1349,Entry long,2021-06-17 06:35,QQQREP|L|v1.1.7-rep|P1/10/4,330.58,1480,489258.4,6184.92,1.26,1.48,7665.66,1.57,-104.34,-0.02,136159.64,544.64,76
1350,Exit long,2021-06-18 08:10,STP,332.2,1340,446836.4,-1689.74,-0.38,1.34,1044.53,0.23,-1689.07,-0.38,134469.9,537.88,19
1350,Entry long,2021-06-18 06:35,QQQREP|L|v1.1.7-rep|P1/10/4,333.46,1340,446836.4,-1689.74,-0.38,1.34,1044.53,0.23,-1689.07,-0.38,134469.9,537.88,19
1351,Exit short,2021-06-21 07:05,STP,332.81,912,301917.6,-1606.03,-0.53,0.91,856.82,0.28,-1605.58,-0.53,132863.88,531.46,6
1351,Entry short,2021-06-21 06:35,QQQREP|S|v1.1.7-rep|P1/10/4,331.05,912,301917.6,-1606.03,-0.53,0.91,856.82,0.28,-1605.58,-0.53,132863.88,531.46,6
1352,Exit long,2021-06-22 12:55,EOD,337.27,1534,513537.18,3833.47,0.75,1.53,4585.89,0.89,-1335.35,-0.26,136697.34,546.79,76
1352,Entry long,2021-06-22 06:35,QQQREP|L|v1.1.7-rep|P1/10/4,334.77,1534,513537.18,3833.47,0.75,1.53,4585.89,0.89,-1335.35,-0.26,136697.34,546.79,76
1353,Exit long,2021-06-23 08:00,STP,337.2,1700,574838,-1599.7,-0.28,1.7,781.15,0.14,-1598.85,-0.28,135097.64,540.39,17
1353,Entry long,2021-06-23 06:35,QQQREP|L|v1.1.7-rep|P1/10/4,338.14,1700,574838,-1599.7,-0.28,1.7,781.15,0.14,-1598.85,-0.28,135097.64,540.39,17
1354,Exit long,2021-06-24 10:20,STP,339.31,1885,640315.65,-718.18,-0.11,1.89,2638.06,0.41,-717.24,-0.11,134379.45,537.52,45
1354,Entry long,2021-06-24 06:35,QQQREP|L|v1.1.7-rep|P1/10/4,339.69,1885,640315.65,-718.18,-0.11,1.89,2638.06,0.41,-717.24,-0.11,134379.45,537.52,45
1355,Exit long,2021-06-25 06:35,STP,339.79,1873,637400.63,-975.83,-0.15,1.87,92.71,0.01,-974.9,-0.15,133403.62,533.61,0
1355,Entry long,2021-06-25 06:35,QQQREP|L|v1.1.7-rep|P1/10/4,340.31,1873,637400.63,-975.83,-0.15,1.87,92.71,0.01,-974.9,-0.15,133403.62,533.61,0
1356,Exit long,2021-06-28 12:55,EOD,343.25,1360,464494.4,2324.24,0.50,1.36,2542.52,0.55,-422.28,-0.09,135727.86,542.91,76
1356,Entry long,2021-06-28 06:35,QQQREP|L|v1.1.7-rep|P1/10/4,341.54,1360,464494.4,2324.24,0.50,1.36,2542.52,0.55,-422.28,-0.09,135727.86,542.91,76
1357,Exit short,2021-06-29 06:35,STP,343.22,1874,642688.3,-507.85,-0.08,1.87,523.78,0.08,-506.92,-0.08,135220.02,540.88,0
1357,Entry short,2021-06-29 06:35,QQQREP|S|v1.1.7-rep|P1/10/4,342.95,1874,642688.3,-507.85,-0.08,1.87,523.78,0.08,-506.92,-0.08,135220.02,540.88,0
1358,Exit short,2021-06-30 06:45,STP,344.59,1864,640750,-1567.62,-0.24,1.86,409.15,0.06,-1566.69,-0.24,133652.39,534.61,2
1358,Entry short,2021-06-30 06:35,QQQREP|S|v1.1.7-rep|P1/10/4,343.75,1864,640750,-1567.62,-0.24,1.86,409.15,0.06,-1566.69,-0.24,133652.39,534.61,2
1359,Exit long,2021-07-01 07:15,STP,343.37,1836,632043,-1617.52,-0.26,1.84,641.68,0.10,-1616.6,-0.26,132034.88,528.14,8
1359,Entry long,2021-07-01 06:35,QQQREP|L|v1.1.7-rep|P1/10/4,344.25,1836,632043,-1617.52,-0.26,1.84,641.68,0.10,-1616.6,-0.26,132034.88,528.14,8
1360,Exit long,2021-07-02 12:55,EOD,348.08,1814,627897.96,3517.35,0.56,1.81,4044.31,0.64,-345.57,-0.06,135552.22,542.21,76
1360,Entry long,2021-07-02 06:35,QQQREP|L|v1.1.7-rep|P1/10/4,346.14,1814,627897.96,3517.35,0.56,1.81,4044.31,0.64,-345.57,-0.06,135552.22,542.21,76
1361,Exit long,2021-07-06 07:30,STP,348.62,1839,642050.07,-939.73,-0.15,1.84,1286.38,0.20,-938.81,-0.15,134612.48,538.45,11
1361,Entry long,2021-07-06 06:35,QQQREP|L|v1.1.7-rep|P1/10/4,349.13,1839,642050.07,-939.73,-0.15,1.84,1286.38,0.20,-938.81,-0.15,134612.48,538.45,11
1362,Exit short,2021-07-07 12:55,EOD,350.18,1265,443698.75,719.79,0.16,1.26,3035.37,0.68,-734.33,-0.17,135332.27,541.33,76
1362,Entry short,2021-07-07 06:35,QQQREP|S|v1.1.7-rep|P1/10/4,350.75,1265,443698.75,719.79,0.16,1.26,3035.37,0.68,-734.33,-0.17,135332.27,541.33,76
1363,Exit long,2021-07-08 06:45,STP,344.65,1815,627064.35,-1526.41,-0.24,1.82,1541.84,0.25,-1525.51,-0.24,133805.86,535.22,2
1363,Entry long,2021-07-08 06:35,QQQREP|L|v1.1.7-rep|P1/10/4,345.49,1815,627064.35,-1526.41,-0.24,1.82,1541.84,0.25,-1525.51,-0.24,133805.86,535.22,2
1364,Exit long,2021-07-09 06:35,STP,347.35,1826,635009.76,-750.49,-0.12,1.83,72.13,0.01,-749.57,-0.12,133055.38,532.22,0
1364,Entry long,2021-07-09 06:35,QQQREP|L|v1.1.7-rep|P1/10/4,347.76,1826,635009.76,-750.49,-0.12,1.83,72.13,0.01,-749.57,-0.12,133055.38,532.22,0
1365,Exit short,2021-07-12 12:55,EOD,351.75,1797,631933.02,-163.53,-0.03,1.8,2658.66,0.42,-252.48,-0.04,132891.84,531.57,76
1365,Entry short,2021-07-12 06:35,QQQREP|S|v1.1.7-rep|P1/10/4,351.66,1797,631933.02,-163.53,-0.03,1.8,2658.66,0.42,-252.48,-0.04,132891.84,531.57,76
1366,Exit long,2021-07-13 06:35,STP,351.31,1796,631491.56,-540.6,-0.09,1.8,196.66,0.03,-539.7,-0.09,132351.25,529.41,0
1366,Entry long,2021-07-13 06:35,QQQREP|L|v1.1.7-rep|P1/10/4,351.61,1796,631491.56,-540.6,-0.09,1.8,196.66,0.03,-539.7,-0.09,132351.25,529.41,0
1367,Exit long,2021-07-14 06:35,STP,353.68,1775,629077.75,-1297.53,-0.21,1.78,212.11,0.03,-1296.64,-0.21,131053.73,524.21,0
1367,Entry long,2021-07-14 06:35,QQQREP|L|v1.1.7-rep|P1/10/4,354.41,1775,629077.75,-1297.53,-0.21,1.78,212.11,0.03,-1296.64,-0.21,131053.73,524.21,0
1368,Exit short,2021-07-15 12:55,EOD,349.8,992,348023.36,1020.77,0.29,0.99,2915.98,0.84,-1488.5,-0.43,132074.48,528.30,76
1368,Entry short,2021-07-15 06:35,QQQREP|S|v1.1.7-rep|P1/10/4,350.83,992,348023.36,1020.77,0.29,0.99,2915.98,0.84,-1488.5,-0.43,132074.48,528.30,76
1369,Exit long,2021-07-16 06:45,STP,350.72,1787,628273.46,-1538.61,-0.24,1.79,231.42,0.04,-1537.71,-0.24,130535.88,522.14,2
1369,Entry long,2021-07-16 06:35,QQQREP|L|v1.1.7-rep|P1/10/4,351.58,1787,628273.46,-1538.61,-0.24,1.79,231.42,0.04,-1537.71,-0.24,130535.88,522.14,2
1370,Exit short,2021-07-19 06:40,STP,344.19,1214,416292.74,-1555.13,-0.37,1.21,278.61,0.07,-1554.53,-0.37,128980.75,515.92,1
1370,Entry short,2021-07-19 06:35,QQQREP|S|v1.1.7-rep|P1/10/4,342.91,1214,416292.74,-1555.13,-0.37,1.21,278.61,0.07,-1554.53,-0.37,128980.75,515.92,1
1371,Exit short,2021-07-20 07:20,STP,345.36,1333,458791.94,-1574.27,-0.34,1.33,1079.06,0.24,-1573.61,-0.34,127406.48,509.63,9
1371,Entry short,2021-07-20 06:35,QQQREP|S|v1.1.7-rep|P1/10/4,344.18,1333,458791.94,-1574.27,-0.34,1.33,1079.06,0.24,-1573.61,-0.34,127406.48,509.63,9
1372,Exit long,2021-07-21 12:55,EOD,350.8,1751,609663.18,4585.87,0.75,1.75,4709.31,0.77,-175.98,-0.03,131992.34,527.97,76
1372,Entry long,2021-07-21 06:35,QQQREP|L|v1.1.7-rep|P1/10/4,348.18,1751,609663.18,4585.87,0.75,1.75,4709.31,0.77,-175.98,-0.03,131992.34,527.97,76
1373,Exit long,2021-07-22 12:55,EOD,353.19,1785,627891.6,2550.77,0.41,1.79,2605.21,0.41,-786.29,-0.13,134543.11,538.17,76
1373,Entry long,2021-07-22 06:35,QQQREP|L|v1.1.7-rep|P1/10/4,351.76,1785,627891.6,2550.77,0.41,1.79,2605.21,0.41,-786.29,-0.13,134543.11,538.17,76
1374,Exit short,2021-07-23 07:15,STP,354.71,1588,561596.2,-1684.87,-0.30,1.59,555.01,0.10,-1684.07,-0.30,132858.25,531.43,8
1374,Entry short,2021-07-23 06:35,QQQREP|S|v1.1.7-rep|P1/10/4,353.65,1588,561596.2,-1684.87,-0.30,1.59,555.01,0.10,-1684.07,-0.30,132858.25,531.43,8
1375,Exit short,2021-07-26 06:35,STP,356.72,1773,631152.54,-1313.79,-0.21,1.77,140.95,0.02,-1312.91,-0.21,131544.45,526.18,0
1375,Entry short,2021-07-26 06:35,QQQREP|S|v1.1.7-rep|P1/10/4,355.98,1773,631152.54,-1313.79,-0.21,1.77,140.95,0.02,-1312.91,-0.21,131544.45,526.18,0
1376,Exit short,2021-07-27 12:55,EOD,353.69,1756,625926.2,4844.8,0.77,1.76,12150.64,1.94,-738.4,-0.12,136389.25,545.56,76
1376,Entry short,2021-07-27 06:35,QQQREP|S|v1.1.7-rep|P1/10/4,356.45,1756,625926.2,4844.8,0.77,1.76,12150.64,1.94,-738.4,-0.12,136389.25,545.56,76
1377,Exit short,2021-07-28 07:10,STP,355.4,1820,645372,-1457.82,-0.23,1.82,3766.49,0.58,-1456.91,-0.23,134931.44,539.73,7
1377,Entry short,2021-07-28 06:35,QQQREP|S|v1.1.7-rep|P1/10/4,354.6,1820,645372,-1457.82,-0.23,1.82,3766.49,0.58,-1456.91,-0.23,134931.44,539.73,7
1378,Exit long,2021-07-29 12:55,EOD,355.68,1599,568460.49,270.23,0.05,1.6,2093.89,0.37,-224.66,-0.04,135201.67,540.81,76
1378,Entry long,2021-07-29 06:35,QQQREP|L|v1.1.7-rep|P1/10/4,355.51,1599,568460.49,270.23,0.05,1.6,2093.89,0.37,-224.66,-0.04,135201.67,540.81,76
1379,Exit long,2021-07-30 12:55,EOD,353.78,1818,640608.66,2561.56,0.40,1.82,3635.09,0.57,-200.89,-0.03,137763.23,551.05,76
1379,Entry long,2021-07-30 06:35,QQQREP|L|v1.1.7-rep|P1/10/4,352.37,1818,640608.66,2561.56,0.40,1.82,3635.09,0.57,-200.89,-0.03,137763.23,551.05,76
1380,Exit short,2021-08-02 08:15,STP,355.87,1831,650719.09,-880.71,-0.14,1.83,3716.01,0.57,-879.8,-0.14,136882.52,547.53,20
1380,Entry short,2021-08-02 06:35,QQQREP|S|v1.1.7-rep|P1/10/4,355.39,1831,650719.09,-880.71,-0.14,1.83,3716.01,0.57,-879.8,-0.14,136882.52,547.53,20
1381,Exit short,2021-08-03 06:45,STP,354.8,1828,647239.96,-1336.27,-0.21,1.83,602.33,0.09,-1335.35,-0.21,135546.25,542.19,2
1381,Entry short,2021-08-03 06:35,QQQREP|S|v1.1.7-rep|P1/10/4,354.07,1828,647239.96,-1336.27,-0.21,1.83,602.33,0.09,-1335.35,-0.21,135546.25,542.19,2
1382,Exit short,2021-08-04 06:45,STP,356.44,1804,642079.68,-939.88,-0.15,1.8,359.9,0.06,-938.98,-0.15,134606.36,538.43,2
1382,Entry short,2021-08-04 06:35,QQQREP|S|v1.1.7-rep|P1/10/4,355.92,1804,642079.68,-939.88,-0.15,1.8,359.9,0.06,-938.98,-0.15,134606.36,538.43,2
1383,Exit short,2021-08-05 06:35,STP,357.4,1786,638066.36,-251.83,-0.04,1.79,34.83,0.01,-250.93,-0.04,134354.53,537.42,0
1383,Entry short,2021-08-05 06:35,QQQREP|S|v1.1.7-rep|P1/10/4,357.26,1786,638066.36,-251.83,-0.04,1.79,34.83,0.01,-250.93,-0.04,134354.53,537.42,0
1384,Exit long,2021-08-06 06:45,STP,357.43,1779,637451.28,-1585.09,-0.25,1.78,177.01,0.03,-1584.2,-0.25,132769.45,531.08,2
1384,Entry long,2021-08-06 06:35,QQQREP|L|v1.1.7-rep|P1/10/4,358.32,1779,637451.28,-1585.09,-0.25,1.78,177.01,0.03,-1584.2,-0.25,132769.45,531.08,2
1385,Exit long,2021-08-09 06:35,STP,357.64,1764,631035.72,-160.52,-0.03,1.76,0,0.00,-159.64,-0.03,132608.92,530.44,0
1385,Entry long,2021-08-09 06:35,QQQREP|L|v1.1.7-rep|P1/10/4,357.73,1764,631035.72,-160.52,-0.03,1.76,0,0.00,-159.64,-0.03,132608.92,530.44,0
1386,Exit short,2021-08-10 07:00,STP,358.56,1760,630308.8,-758.56,-0.12,1.76,738.32,0.12,-757.68,-0.12,131850.36,527.40,5
1386,Entry short,2021-08-10 06:35,QQQREP|S|v1.1.7-rep|P1/10/4,358.13,1760,630308.8,-758.56,-0.12,1.76,738.32,0.12,-757.68,-0.12,131850.36,527.40,5
1387,Exit long,2021-08-11 06:35,STP,356.88,1754,627142.7,-1176.93,-0.19,1.75,174.52,0.03,-1176.06,-0.19,130673.43,522.69,0
1387,Entry long,2021-08-11 06:35,QQQREP|L|v1.1.7-rep|P1/10/4,357.55,1754,627142.7,-1176.93,-0.19,1.75,174.52,0.03,-1176.06,-0.19,130673.43,522.69,0
1388,Exit short,2021-08-12 07:15,STP,355.01,1756,622572.24,-827.08,-0.13,1.76,1755.12,0.28,-826.2,-0.13,129846.35,519.39,8
1388,Entry short,2021-08-12 06:35,QQQREP|S|v1.1.7-rep|P1/10/4,354.54,1756,622572.24,-827.08,-0.13,1.76,1755.12,0.28,-826.2,-0.13,129846.35,519.39,8
1389,Exit short,2021-08-13 06:45,STP,357.15,1736,619456.88,-557.26,-0.09,1.74,502.57,0.08,-556.39,-0.09,129289.1,517.16,2
1389,Entry short,2021-08-13 06:35,QQQREP|S|v1.1.7-rep|P1/10/4,356.83,1736,619456.88,-557.26,-0.09,1.74,502.57,0.08,-556.39,-0.09,129289.1,517.16,2
1390,Exit long,2021-08-16 06:45,STP,356.74,1728,617120.64,-675.65,-0.11,1.73,759.46,0.12,-674.78,-0.11,128613.45,514.45,2
1390,Entry long,2021-08-16 06:35,QQQREP|L|v1.1.7-rep|P1/10/4,357.13,1728,617120.64,-675.65,-0.11,1.73,759.46,0.12,-674.78,-0.11,128613.45,514.45,2
1391,Exit short,2021-08-17 06:35,STP,355.4,1730,614374.9,-468.83,-0.08,1.73,0,0.00,-467.96,-0.08,128144.62,512.58,0
1391,Entry short,2021-08-17 06:35,QQQREP|S|v1.1.7-rep|P1/10/4,355.13,1730,614374.9,-468.83,-0.08,1.73,0,0.00,-467.96,-0.08,128144.62,512.58,0
1392,Exit long,2021-08-18 08:35,STP,354.13,1727,612394.2,-813.42,-0.13,1.73,2054.27,0.34,-812.55,-0.13,127331.2,509.32,24
1392,Entry long,2021-08-18 06:35,QQQREP|L|v1.1.7-rep|P1/10/4,354.6,1727,612394.2,-813.42,-0.13,1.73,2054.27,0.34,-812.55,-0.13,127331.2,509.32,24
1393,Exit long,2021-08-19 12:55,EOD,353.22,1276,447263.52,3443.92,0.77,1.28,5549.96,1.24,-1200.08,-0.27,130775.13,523.10,76
1393,Entry long,2021-08-19 06:35,QQQREP|L|v1.1.7-rep|P1/10/4,350.52,1276,447263.52,3443.92,0.77,1.28,5549.96,1.24,-1200.08,-0.27,130775.13,523.10,76
1394,Exit long,2021-08-20 06:35,STP,353.98,1757,623155.19,-1214.09,-0.19,1.76,192.39,0.03,-1213.21,-0.19,129561.04,518.24,0
1394,Entry long,2021-08-20 06:35,QQQREP|L|v1.1.7-rep|P1/10/4,354.67,1757,623155.19,-1214.09,-0.19,1.76,192.39,0.03,-1213.21,-0.19,129561.04,518.24,0
1395,Exit long,2021-08-23 12:55,EOD,362.2,1724,617916.08,6515,1.05,1.72,7705.42,1.25,-121.54,-0.02,136076.03,544.30,76
1395,Entry long,2021-08-23 06:35,QQQREP|L|v1.1.7-rep|P1/10/4,358.42,1724,617916.08,6515,1.05,1.72,7705.42,1.25,-121.54,-0.02,136076.03,544.30,76
1396,Exit short,2021-08-24 07:05,STP,363.25,1776,643924.32,-1209.46,-0.19,1.78,407.59,0.06,-1208.57,-0.19,134866.58,539.47,6
1396,Entry short,2021-08-24 06:35,QQQREP|S|v1.1.7-rep|P1/10/4,362.57,1776,643924.32,-1209.46,-0.19,1.78,407.59,0.06,-1208.57,-0.19,134866.58,539.47,6
1397,Exit long,2021-08-25 07:05,STP,363.48,1757,639302.02,-669.42,-0.10,1.76,772.2,0.12,-668.54,-0.10,134197.16,536.79,6
1397,Entry long,2021-08-25 06:35,QQQREP|L|v1.1.7-rep|P1/10/4,363.86,1757,639302.02,-669.42,-0.10,1.76,772.2,0.12,-668.54,-0.10,134197.16,536.79,6
1398,Exit long,2021-08-26 06:55,STP,362.88,1752,636431.52,-667.51,-0.10,1.75,454.64,0.07,-666.64,-0.10,133529.66,534.12,4
1398,Entry long,2021-08-26 06:35,QQQREP|L|v1.1.7-rep|P1/10/4,363.26,1752,636431.52,-667.51,-0.10,1.75,454.64,0.07,-666.64,-0.10,133529.66,534.12,4
1399,Exit long,2021-08-27 06:35,STP,361.97,1750,634095,-649.25,-0.10,1.75,401.63,0.06,-648.37,-0.10,132880.4,531.52,0
1399,Entry long,2021-08-27 06:35,QQQREP|L|v1.1.7-rep|P1/10/4,362.34,1750,634095,-649.25,-0.10,1.75,401.63,0.06,-648.37,-0.10,132880.4,531.52,0
1400,Exit long,2021-08-30 12:55,EOD,369.1,1723,631307.2,4650.38,0.74,1.72,5374.9,0.85,-0.86,0.00,137530.78,550.12,76
1400,Entry long,2021-08-30 06:35,QQQREP|L|v1.1.7-rep|P1/10/4,366.4,1723,631307.2,4650.38,0.74,1.72,5374.9,0.85,-0.86,0.00,137530.78,550.12,76
1401,Exit short,2021-08-31 12:55,EOD,368.66,1278,470316.78,-831.98,-0.18,1.28,1021.76,0.22,-1470.34,-0.31,136698.8,546.80,76
1401,Entry short,2021-08-31 06:35,QQQREP|S|v1.1.7-rep|P1/10/4,368.01,1278,470316.78,-831.98,-0.18,1.28,1021.76,0.22,-1470.34,-0.31,136698.8,546.80,76
1402,Exit long,2021-09-01 12:35,STP,369.63,1745,646522.5,-1519.89,-0.24,1.75,1587.08,0.25,-1519.02,-0.23,135178.9,540.72,72
1402,Entry long,2021-09-01 06:35,QQQREP|L|v1.1.7-rep|P1/10/4,370.5,1745,646522.5,-1519.89,-0.24,1.75,1587.08,0.25,-1519.02,-0.23,135178.9,540.72,72
1403,Exit long,2021-09-02 06:35,STP,370.49,1728,640656,-451.01,-0.07,1.73,68.26,0.01,-450.14,-0.07,134727.89,538.91,0
1403,Entry long,2021-09-02 06:35,QQQREP|L|v1.1.7-rep|P1/10/4,370.75,1728,640656,-451.01,-0.07,1.73,68.26,0.01,-450.14,-0.07,134727.89,538.91,0
1404,Exit long,2021-09-03 06:35,STP,368.02,1734,638493.48,-348.53,-0.05,1.73,0,0.00,-347.67,-0.05,134379.36,537.52,0
1404,Entry long,2021-09-03 06:35,QQQREP|L|v1.1.7-rep|P1/10/4,368.22,1734,638493.48,-348.53,-0.05,1.73,0,0.00,-347.67,-0.05,134379.36,537.52,0
1405,Exit short,2021-09-07 07:45,STP,370.7,1723,637217.09,-1500.73,-0.24,1.72,981.25,0.15,-1499.87,-0.24,132878.62,531.51,14
1405,Entry short,2021-09-07 06:35,QQQREP|S|v1.1.7-rep|P1/10/4,369.83,1723,637217.09,-1500.73,-0.24,1.72,981.25,0.15,-1499.87,-0.24,132878.62,531.51,14
1406,Exit short,2021-09-08 12:55,EOD,369.61,1707,631094.97,168.99,0.03,1.71,4113.02,0.65,-1281.1,-0.20,133047.62,532.19,76
1406,Entry short,2021-09-08 06:35,QQQREP|S|v1.1.7-rep|P1/10/4,369.71,1707,631094.97,168.99,0.03,1.71,4113.02,0.65,-1281.1,-0.20,133047.62,532.19,76
1407,Exit long,2021-09-09 08:25,STP,369.59,1707,631948.47,-1060.05,-0.17,1.71,1108.7,0.18,-1059.19,-0.17,131987.58,527.95,22
1407,Entry long,2021-09-09 06:35,QQQREP|L|v1.1.7-rep|P1/10/4,370.21,1707,631948.47,-1060.05,-0.17,1.71,1108.7,0.18,-1059.19,-0.17,131987.58,527.95,22
1408,Exit long,2021-09-10 07:00,STP,369.98,1694,627728.64,-984.21,-0.16,1.69,83.85,0.01,-983.37,-0.16,131003.36,524.01,5
1408,Entry long,2021-09-10 06:35,QQQREP|L|v1.1.7-rep|P1/10/4,370.56,1694,627728.64,-984.21,-0.16,1.69,83.85,0.01,-983.37,-0.16,131003.36,524.01,5
1409,Exit short,2021-09-13 12:55,EOD,365.25,1697,623834.17,4003.22,0.64,1.7,7516.86,1.20,-255.4,-0.04,135006.6,540.03,76
1409,Entry short,2021-09-13 06:35,QQQREP|S|v1.1.7-rep|P1/10/4,367.61,1697,623834.17,4003.22,0.64,1.7,7516.86,1.20,-255.4,-0.04,135006.6,540.03,76
1410,Exit short,2021-09-14 12:55,EOD,364.11,1745,639769.35,4395.66,0.69,1.75,5932.13,0.93,-1152.57,-0.18,139402.23,557.61,76
1410,Entry short,2021-09-14 06:35,QQQREP|S|v1.1.7-rep|P1/10/4,366.63,1745,639769.35,4395.66,0.69,1.75,5932.13,0.93,-1152.57,-0.18,139402.23,557.61,76
1411,Exit short,2021-09-15 09:55,STP,365.3,1435,522540.9,-1666.03,-0.32,1.44,2567.93,0.49,-1665.32,-0.32,137736.2,550.94,40
1411,Entry short,2021-09-15 06:35,QQQREP|S|v1.1.7-rep|P1/10/4,364.14,1435,522540.9,-1666.03,-0.32,1.44,2567.93,0.49,-1665.32,-0.32,137736.2,550.94,40
1412,Exit long,2021-09-16 06:40,STP,365,1510,552780.8,-1632.31,-0.30,1.51,331.45,0.06,-1631.55,-0.30,136103.89,544.42,1
1412,Entry long,2021-09-16 06:35,QQQREP|L|v1.1.7-rep|P1/10/4,366.08,1510,552780.8,-1632.31,-0.30,1.51,331.45,0.06,-1631.55,-0.30,136103.89,544.42,1
1413,Exit short,2021-09-17 12:55,EOD,362.75,1495,546601.9,4289.16,0.78,1.5,5769.95,1.06,-0.75,0.00,140393.05,561.57,76
1413,Entry short,2021-09-17 06:35,QQQREP|S|v1.1.7-rep|P1/10/4,365.62,1495,546601.9,4289.16,0.78,1.5,5769.95,1.06,-0.75,0.00,140393.05,561.57,76
1414,Exit long,2021-09-20 07:15,STP,356.07,1319,471252.32,-1597.31,-0.34,1.32,1925.08,0.41,-1596.65,-0.34,138795.73,555.18,8
1414,Entry long,2021-09-20 06:35,QQQREP|L|v1.1.7-rep|P1/10/4,357.28,1319,471252.32,-1597.31,-0.34,1.32,1925.08,0.41,-1596.65,-0.34,138795.73,555.18,8
1415,Exit short,2021-09-21 06:45,STP,357.47,1575,561377.25,-1639.57,-0.29,1.58,109.46,0.02,-1638.79,-0.29,137156.17,548.62,2
1415,Entry short,2021-09-21 06:35,QQQREP|S|v1.1.7-rep|P1/10/4,356.43,1575,561377.25,-1639.57,-0.29,1.58,109.46,0.02,-1638.79,-0.29,137156.17,548.62,2
1416,Exit short,2021-09-22 06:55,STP,356.84,1822,648413.36,-1750.94,-0.27,1.82,600.35,0.09,-1750.03,-0.27,135405.22,541.62,4
1416,Entry short,2021-09-22 06:35,QQQREP|S|v1.1.7-rep|P1/10/4,355.88,1822,648413.36,-1750.94,-0.27,1.82,600.35,0.09,-1750.03,-0.27,135405.22,541.62,4
1417,Exit short,2021-09-23 06:35,STP,360.77,1775,638645,-1723.52,-0.27,1.78,336.36,0.05,-1722.64,-0.27,133681.7,534.73,0
1417,Entry short,2021-09-23 06:35,QQQREP|S|v1.1.7-rep|P1/10/4,359.8,1775,638645,-1723.52,-0.27,1.78,336.36,0.05,-1722.64,-0.27,133681.7,534.73,0
1418,Exit long,2021-09-24 12:55,EOD,362.69,1760,634532.8,3799.84,0.60,1.76,4539.92,0.72,-1074.48,-0.17,137481.55,549.93,76
1418,Entry long,2021-09-24 06:35,QQQREP|L|v1.1.7-rep|P1/10/4,360.53,1760,634532.8,3799.84,0.60,1.76,4539.92,0.72,-1074.48,-0.17,137481.55,549.93,76
1419,Exit short,2021-09-27 08:00,STP,360.33,1137,407955.6,-1740.75,-0.43,1.14,1716.3,0.42,-1740.18,-0.43,135740.8,542.96,17
1419,Entry short,2021-09-27 06:35,QQQREP|S|v1.1.7-rep|P1/10/4,358.8,1137,407955.6,-1740.75,-0.43,1.14,1716.3,0.42,-1740.18,-0.43,135740.8,542.96,17
1420,Exit short,2021-09-28 12:55,EOD,349.63,1390,493144.2,7157.11,1.45,1.39,7852.81,1.59,-167.49,-0.03,142897.9,571.59,76
1420,Entry short,2021-09-28 06:35,QQQREP|S|v1.1.7-rep|P1/10/4,354.78,1390,493144.2,7157.11,1.45,1.39,7852.81,1.59,-167.49,-0.03,142897.9,571.59,76
1421,Exit long,2021-09-29 06:40,STP,350.56,1911,671257.86,-1339.61,-0.20,1.91,916.32,0.14,-1338.66,-0.20,141558.3,566.23,1
1421,Entry long,2021-09-29 06:35,QQQREP|L|v1.1.7-rep|P1/10/4,351.26,1911,671257.86,-1339.61,-0.20,1.91,916.32,0.14,-1338.66,-0.20,141558.3,566.23,1
1422,Exit long,2021-09-30 07:05,STP,350.68,1883,662119.29,-1790.73,-0.27,1.88,1373.65,0.21,-1789.79,-0.27,139767.56,559.07,6
1422,Entry long,2021-09-30 06:35,QQQREP|L|v1.1.7-rep|P1/10/4,351.63,1883,662119.29,-1790.73,-0.27,1.88,1373.65,0.21,-1789.79,-0.27,139767.56,559.07,6
1423,Exit short,2021-10-01 10:45,STP,348.95,1324,460301.84,-1709.28,-0.37,1.32,4447.98,0.97,-1708.62,-0.37,138058.28,552.23,50
1423,Entry short,2021-10-01 06:35,QQQREP|S|v1.1.7-rep|P1/10/4,347.66,1324,460301.84,-1709.28,-0.37,1.32,4447.98,0.97,-1708.62,-0.37,138058.28,552.23,50
1424,Exit short,2021-10-04 12:55,EOD,342.66,1525,529952.75,7394.73,1.40,1.53,10872.49,2.05,-16.01,0.00,145453,581.81,76
1424,Entry short,2021-10-04 06:35,QQQREP|S|v1.1.7-rep|P1/10/4,347.51,1525,529952.75,7394.73,1.40,1.53,10872.49,2.05,-16.01,0.00,145453,581.81,76
1425,Exit long,2021-10-05 06:35,STP,343.65,1981,681860.2,-1091.53,-0.16,1.98,0,0.00,-1090.54,-0.16,144361.47,577.45,0
1425,Entry long,2021-10-05 06:35,QQQREP|L|v1.1.7-rep|P1/10/4,344.2,1981,681860.2,-1091.53,-0.16,1.98,0,0.00,-1090.54,-0.16,144361.47,577.45,0
1426,Exit long,2021-10-06 07:00,STP,343.77,1629,561728.07,-1728.37,-0.31,1.63,3175.74,0.57,-1727.55,-0.31,142633.1,570.53,5
1426,Entry long,2021-10-06 06:35,QQQREP|L|v1.1.7-rep|P1/10/4,344.83,1629,561728.07,-1728.37,-0.31,1.63,3175.74,0.57,-1727.55,-0.31,142633.1,570.53,5
1427,Exit long,2021-10-07 12:55,EOD,352.61,980,346724,-1167.18,-0.34,0.98,1449.91,0.42,-1578.29,-0.46,141465.92,565.86,76
1427,Entry long,2021-10-07 06:35,QQQREP|L|v1.1.7-rep|P1/10/4,353.8,980,346724,-1167.18,-0.34,0.98,1449.91,0.42,-1578.29,-0.46,141465.92,565.86,76
1428,Exit short,2021-10-08 12:55,EOD,350.82,979,344833.17,1379.41,0.40,0.98,1830.24,0.53,-1224.24,-0.36,142845.33,571.38,76
1428,Entry short,2021-10-08 06:35,QQQREP|S|v1.1.7-rep|P1/10/4,352.23,979,344833.17,1379.41,0.40,0.98,1830.24,0.53,-1224.24,-0.36,142845.33,571.38,76
1429,Exit long,2021-10-11 12:50,STP,348.74,1528,534800,-1926.81,-0.36,1.53,4354.04,0.81,-1926.04,-0.36,140918.52,563.67,75
1429,Entry long,2021-10-11 06:35,QQQREP|L|v1.1.7-rep|P1/10/4,350,1528,534800,-1926.81,-0.36,1.53,4354.04,0.81,-1926.04,-0.36,140918.52,563.67,75
1430,Exit long,2021-10-12 06:40,STP,348.33,1116,390332.16,-1597,-0.41,1.12,233.8,0.06,-1596.44,-0.41,139321.53,557.29,1
1430,Entry long,2021-10-12 06:35,QQQREP|L|v1.1.7-rep|P1/10/4,349.76,1116,390332.16,-1597,-0.41,1.12,233.8,0.06,-1596.44,-0.41,139321.53,557.29,1
1431,Exit long,2021-10-13 06:50,STP,348.61,1881,657259.02,-1525.49,-0.23,1.88,1165.28,0.18,-1524.55,-0.23,137796.03,551.18,3
1431,Entry long,2021-10-13 06:35,QQQREP|L|v1.1.7-rep|P1/10/4,349.42,1881,657259.02,-1525.49,-0.23,1.88,1165.28,0.18,-1524.55,-0.23,137796.03,551.18,3
1432,Exit short,2021-10-14 06:40,STP,353.52,1845,650952.9,-1293.34,-0.20,1.85,238.93,0.04,-1292.42,-0.20,136502.69,546.01,1
1432,Entry short,2021-10-14 06:35,QQQREP|S|v1.1.7-rep|P1/10/4,352.82,1845,650952.9,-1293.34,-0.20,1.85,238.93,0.04,-1292.42,-0.20,136502.69,546.01,1
1433,Exit short,2021-10-15 07:55,STP,357.64,1497,533785.29,-1603.29,-0.30,1.5,253.74,0.05,-1602.54,-0.30,134899.4,539.60,16
1433,Entry short,2021-10-15 06:35,QQQREP|S|v1.1.7-rep|P1/10/4,356.57,1497,533785.29,-1603.29,-0.30,1.5,253.74,0.05,-1602.54,-0.30,134899.4,539.60,16
1434,Exit short,2021-10-18 06:40,STP,357.5,1792,639385.6,-1256.19,-0.20,1.79,429.18,0.07,-1255.3,-0.20,133643.22,534.57,1
1434,Entry short,2021-10-18 06:35,QQQREP|S|v1.1.7-rep|P1/10/4,356.8,1792,639385.6,-1256.19,-0.20,1.79,429.18,0.07,-1255.3,-0.20,133643.22,534.57,1
1435,Exit short,2021-10-19 06:35,STP,363.27,1749,634449.75,-911.23,-0.14,1.75,523.83,0.08,-910.35,-0.14,132731.98,530.93,0
1435,Entry short,2021-10-19 06:35,QQQREP|S|v1.1.7-rep|P1/10/4,362.75,1749,634449.75,-911.23,-0.14,1.75,523.83,0.08,-910.35,-0.14,132731.98,530.93,0
1436,Exit short,2021-10-20 06:40,STP,365.46,1728,630840.96,-675.65,-0.11,1.73,431.14,0.07,-674.78,-0.11,132056.33,528.23,1
1436,Entry short,2021-10-20 06:35,QQQREP|S|v1.1.7-rep|P1/10/4,365.07,1728,630840.96,-675.65,-0.11,1.73,431.14,0.07,-674.78,-0.11,132056.33,528.23,1
1437,Exit long,2021-10-21 12:55,EOD,366.55,1727,628075.36,4954.76,0.79,1.73,5283.76,0.84,-87.21,-0.01,137011.1,548.04,76
1437,Entry long,2021-10-21 06:35,QQQREP|L|v1.1.7-rep|P1/10/4,363.68,1727,628075.36,4954.76,0.79,1.73,5283.76,0.84,-87.21,-0.01,137011.1,548.04,76
1438,Exit long,2021-10-22 06:45,STP,364.88,1772,647949.52,-1383.93,-0.21,1.77,814.23,0.13,-1383.05,-0.21,135627.17,542.51,2
1438,Entry long,2021-10-22 06:35,QQQREP|L|v1.1.7-rep|P1/10/4,365.66,1772,647949.52,-1383.93,-0.21,1.77,814.23,0.13,-1383.05,-0.21,135627.17,542.51,2
1439,Exit long,2021-10-25 06:35,STP,364.61,1758,642285.3,-1302.68,-0.20,1.76,139.76,0.02,-1301.8,-0.20,134324.48,537.30,0
1439,Entry long,2021-10-25 06:35,QQQREP|L|v1.1.7-rep|P1/10/4,365.35,1758,642285.3,-1302.68,-0.20,1.76,139.76,0.02,-1301.8,-0.20,134324.48,537.30,0
1440,Exit long,2021-10-26 09:00,STP,369,1464,541797.12,-1582.58,-0.29,1.46,2546.63,0.47,-1581.85,-0.29,132741.9,530.97,29
1440,Entry long,2021-10-26 06:35,QQQREP|L|v1.1.7-rep|P1/10/4,370.08,1464,541797.12,-1582.58,-0.29,1.46,2546.63,0.47,-1581.85,-0.29,132741.9,530.97,29
1441,Exit long,2021-10-27 06:35,STP,368.69,1710,630767.7,-309.51,-0.05,1.71,0,0.00,-308.65,-0.05,132432.39,529.73,0
1441,Entry long,2021-10-27 06:35,QQQREP|L|v1.1.7-rep|P1/10/4,368.87,1710,630767.7,-309.51,-0.05,1.71,0,0.00,-308.65,-0.05,132432.39,529.73,0
1442,Exit short,2021-10-28 06:45,STP,371.53,1697,629739.73,-748.38,-0.12,1.7,1254.93,0.20,-747.53,-0.12,131684.02,526.74,2
1442,Entry short,2021-10-28 06:35,QQQREP|S|v1.1.7-rep|P1/10/4,371.09,1697,629739.73,-748.38,-0.12,1.7,1254.93,0.20,-747.53,-0.12,131684.02,526.74,2
1443,Exit long,2021-10-29 12:55,EOD,375.16,1691,626566.23,7827.64,1.25,1.69,8065.22,1.29,-575.79,-0.09,139511.66,558.05,76
1443,Entry long,2021-10-29 06:35,QQQREP|L|v1.1.7-rep|P1/10/4,370.53,1691,626566.23,7827.64,1.25,1.69,8065.22,1.29,-575.79,-0.09,139511.66,558.05,76
1444,Exit short,2021-11-01 10:00,STP,375.84,1754,657978.02,-1247.09,-0.19,1.75,2875.68,0.44,-1246.22,-0.19,138264.56,553.06,41
1444,Entry short,2021-11-01 06:35,QQQREP|S|v1.1.7-rep|P1/10/4,375.13,1754,657978.02,-1247.09,-0.19,1.75,2875.68,0.44,-1246.22,-0.19,138264.56,553.06,41
1445,Exit long,2021-11-02 12:55,EOD,378.05,1736,652822.8,3470.26,0.53,1.74,4182.89,0.64,-18.23,0.00,141734.83,566.94,76
1445,Entry long,2021-11-02 06:35,QQQREP|L|v1.1.7-rep|P1/10/4,376.05,1736,652822.8,3470.26,0.53,1.74,4182.89,0.64,-18.23,0.00,141734.83,566.94,76
1446,Exit short,2021-11-03 11:00,STP,378.84,1763,666748.97,-1147.71,-0.17,1.76,1321.37,0.20,-1146.83,-0.17,140587.11,562.35,53
1446,Entry short,2021-11-03 06:35,QQQREP|S|v1.1.7-rep|P1/10/4,378.19,1763,666748.97,-1147.71,-0.17,1.76,1321.37,0.20,-1146.83,-0.17,140587.11,562.35,53
1447,Exit short,2021-11-04 06:35,STP,383.29,1729,662310.74,-399.4,-0.06,1.73,154.75,0.02,-398.53,-0.06,140187.72,560.75,0
1447,Entry short,2021-11-04 06:35,QQQREP|S|v1.1.7-rep|P1/10/4,383.06,1729,662310.74,-399.4,-0.06,1.73,154.75,0.02,-398.53,-0.06,140187.72,560.75,0
1448,Exit long,2021-11-05 06:45,STP,388.22,1699,660673.14,-1089.06,-0.16,1.7,1239.42,0.19,-1088.21,-0.16,139098.66,556.39,2
1448,Entry long,2021-11-05 06:35,QQQREP|L|v1.1.7-rep|P1/10/4,388.86,1699,660673.14,-1089.06,-0.16,1.7,1239.42,0.19,-1088.21,-0.16,139098.66,556.39,2
1449,Exit long,2021-11-08 06:50,STP,386.84,1692,656106.84,-1575.25,-0.24,1.69,811.31,0.12,-1574.41,-0.24,137523.4,550.09,3
1449,Entry long,2021-11-08 06:35,QQQREP|L|v1.1.7-rep|P1/10/4,387.77,1692,656106.84,-1575.25,-0.24,1.69,811.31,0.12,-1574.41,-0.24,137523.4,550.09,3
1450,Exit short,2021-11-09 12:55,EOD,384.02,1677,649753.65,5750.43,0.89,1.68,7897.83,1.22,-822.57,-0.13,143273.84,573.10,76
1450,Entry short,2021-11-09 06:35,QQQREP|S|v1.1.7-rep|P1/10/4,387.45,1677,649753.65,5750.43,0.89,1.68,7897.83,1.22,-822.57,-0.13,143273.84,573.10,76
1451,Exit short,2021-11-10 06:35,STP,381.48,1681,639586.88,-1682.68,-0.26,1.68,200.88,0.03,-1681.84,-0.26,141591.16,566.36,0
1451,Entry short,2021-11-10 06:35,QQQREP|S|v1.1.7-rep|P1/10/4,380.48,1681,639586.88,-1682.68,-0.26,1.68,200.88,0.03,-1681.84,-0.26,141591.16,566.36,0
1452,Exit short,2021-11-11 12:55,EOD,379.52,1748,666075.4,2672.69,0.40,1.75,3337.81,0.50,-752.51,-0.11,144263.84,577.06,76
1452,Entry short,2021-11-11 06:35,QQQREP|S|v1.1.7-rep|P1/10/4,381.05,1748,666075.4,2672.69,0.40,1.75,3337.81,0.50,-752.51,-0.11,144263.84,577.06,76
1453,Exit short,2021-11-12 07:45,STP,380.81,1780,676969.6,-873.98,-0.13,1.78,2224.11,0.33,-873.09,-0.13,143389.86,573.56,14
1453,Entry short,2021-11-12 06:35,QQQREP|S|v1.1.7-rep|P1/10/4,380.32,1780,676969.6,-873.98,-0.13,1.78,2224.11,0.33,-873.09,-0.13,143389.86,573.56,14
1454,Exit long,2021-11-15 06:40,STP,384.02,1750,673295,-1261.75,-0.19,1.75,401.63,0.06,-1260.87,-0.19,142128.11,568.51,1
1454,Entry long,2021-11-15 06:35,QQQREP|L|v1.1.7-rep|P1/10/4,384.74,1750,673295,-1261.75,-0.19,1.75,401.63,0.06,-1260.87,-0.19,142128.11,568.51,1
1455,Exit long,2021-11-16 12:55,EOD,386.19,1445,554374.25,3668.86,0.66,1.45,4262.03,0.77,-72.97,-0.01,145796.97,583.19,76
1455,Entry long,2021-11-16 06:35,QQQREP|L|v1.1.7-rep|P1/10/4,383.65,1445,554374.25,3668.86,0.66,1.45,4262.03,0.77,-72.97,-0.01,145796.97,583.19,76
1456,Exit short,2021-11-17 07:10,STP,386.6,1768,682907.68,-602.89,-0.09,1.77,1484.24,0.22,-602,-0.09,145194.08,580.78,7
1456,Entry short,2021-11-17 06:35,QQQREP|S|v1.1.7-rep|P1/10/4,386.26,1768,682907.68,-602.89,-0.09,1.77,1484.24,0.22,-602,-0.09,145194.08,580.78,7
1457,Exit short,2021-11-18 06:45,STP,388.42,1757,680855.07,-1600.63,-0.24,1.76,227.53,0.03,-1599.75,-0.23,143593.45,574.37,2
1457,Entry short,2021-11-18 06:35,QQQREP|S|v1.1.7-rep|P1/10/4,387.51,1757,680855.07,-1600.63,-0.24,1.76,227.53,0.03,-1599.75,-0.23,143593.45,574.37,2
1458,Exit short,2021-11-19 06:35,STP,392.17,1722,674111.34,-1207.12,-0.18,1.72,188.56,0.03,-1206.26,-0.18,142386.33,569.55,0
1458,Entry short,2021-11-19 06:35,QQQREP|S|v1.1.7-rep|P1/10/4,391.47,1722,674111.34,-1207.12,-0.18,1.72,188.56,0.03,-1206.26,-0.18,142386.33,569.55,0
1459,Exit long,2021-11-22 08:20,STP,394.03,1695,669253.8,-1374.64,-0.21,1.7,3812.9,0.57,-1373.8,-0.21,141011.69,564.05,21
1459,Entry long,2021-11-22 06:35,QQQREP|L|v1.1.7-rep|P1/10/4,394.84,1695,669253.8,-1374.64,-0.21,1.7,3812.9,0.57,-1373.8,-0.21,141011.69,564.05,21
1460,Exit short,2021-11-23 06:35,STP,387.12,1194,460525.8,-1696.67,-0.37,1.19,106.86,0.02,-1696.08,-0.37,139315.02,557.26,0
1460,Entry short,2021-11-23 06:35,QQQREP|S|v1.1.7-rep|P1/10/4,385.7,1194,460525.8,-1696.67,-0.37,1.19,106.86,0.02,-1696.08,-0.37,139315.02,557.26,0
1461,Exit short,2021-11-24 07:00,STP,383.87,1199,458593.52,-1667.81,-0.36,1.2,1270.34,0.28,-1667.21,-0.36,137647.2,550.59,5
1461,Entry short,2021-11-24 06:35,QQQREP|S|v1.1.7-rep|P1/10/4,382.48,1199,458593.52,-1667.81,-0.36,1.2,1270.34,0.28,-1667.21,-0.36,137647.2,550.59,5
1462,Exit long,2021-11-26 06:40,STP,384.53,1146,442310.16,-1639.93,-0.37,1.15,308.85,0.07,-1639.35,-0.37,136007.28,544.03,1
1462,Entry long,2021-11-26 06:35,QQQREP|L|v1.1.7-rep|P1/10/4,385.96,1146,442310.16,-1639.93,-0.37,1.15,308.85,0.07,-1639.35,-0.37,136007.28,544.03,1
1463,Exit short,2021-11-29 06:50,STP,385.6,1392,535126.56,-1630.03,-0.30,1.39,709.22,0.13,-1629.34,-0.30,134377.25,537.51,3
1463,Entry short,2021-11-29 06:35,QQQREP|S|v1.1.7-rep|P1/10/4,384.43,1392,535126.56,-1630.03,-0.30,1.39,709.22,0.13,-1629.34,-0.30,134377.25,537.51,3
1464,Exit long,2021-11-30 06:35,STP,386.72,1644,637181.52,-1415.48,-0.22,1.64,229.34,0.04,-1414.66,-0.22,132961.77,531.85,0
1464,Entry long,2021-11-30 06:35,QQQREP|L|v1.1.7-rep|P1/10/4,387.58,1644,637181.52,-1415.48,-0.22,1.64,229.34,0.04,-1414.66,-0.22,132961.77,531.85,0
1465,Exit short,2021-12-01 07:00,STP,387.29,1003,386887.19,-1565.68,-0.40,1,370.61,0.10,-1565.18,-0.40,131396.08,525.58,5
1465,Entry short,2021-12-01 06:35,QQQREP|S|v1.1.7-rep|P1/10/4,385.73,1003,386887.19,-1565.68,-0.40,1,370.61,0.10,-1565.18,-0.40,131396.08,525.58,5
1466,Exit long,2021-12-02 07:40,STP,374.05,1277,479181.48,-1520.91,-0.32,1.28,5592.62,1.17,-1520.27,-0.32,129875.17,519.50,13
1466,Entry long,2021-12-02 06:35,QQQREP|L|v1.1.7-rep|P1/10/4,375.24,1277,479181.48,-1520.91,-0.32,1.28,5592.62,1.17,-1520.27,-0.32,129875.17,519.50,13
1467,Exit short,2021-12-03 07:45,TGT,371.57,1629,619410.96,14121.8,2.28,1.63,14122.62,2.28,-0.81,0.00,143996.97,575.99,14
1467,Entry short,2021-12-03 06:35,QQQREP|S|v1.1.7-rep|P1/10/4,380.24,1629,619410.96,14121.8,2.28,1.63,14122.62,2.28,-0.81,0.00,143996.97,575.99,14
1468,Exit short,2021-12-06 07:15,STP,373.32,533,197289.95,-1690.14,-0.86,0.53,873.85,0.44,-1689.88,-0.86,142306.83,569.23,8
1468,Entry short,2021-12-06 06:35,QQQREP|S|v1.1.7-rep|P1/10/4,370.15,533,197289.95,-1690.14,-0.86,0.53,873.85,0.44,-1689.88,-0.86,142306.83,569.23,8
1469,Exit long,2021-12-07 06:35,STP,381.94,1748,668924.64,-1295.27,-0.19,1.75,855.65,0.13,-1294.39,-0.19,141011.56,564.05,0
1469,Entry long,2021-12-07 06:35,QQQREP|L|v1.1.7-rep|P1/10/4,382.68,1748,668924.64,-1295.27,-0.19,1.75,855.65,0.13,-1294.39,-0.19,141011.56,564.05,0
1470,Exit short,2021-12-08 06:45,STP,386.89,1720,663902.8,-1549.72,-0.23,1.72,1787.94,0.27,-1548.86,-0.23,139461.84,557.85,2
1470,Entry short,2021-12-08 06:35,QQQREP|S|v1.1.7-rep|P1/10/4,385.99,1720,663902.8,-1549.72,-0.23,1.72,1787.94,0.27,-1548.86,-0.23,139461.84,557.85,2
1471,Exit long,2021-12-09 06:55,STP,386.97,1272,493904.88,-1680.31,-0.34,1.27,660.8,0.13,-1679.68,-0.34,137781.53,551.13,4
1471,Entry long,2021-12-09 06:35,QQQREP|L|v1.1.7-rep|P1/10/4,388.29,1272,493904.88,-1680.31,-0.34,1.27,660.8,0.13,-1679.68,-0.34,137781.53,551.13,4
1472,Exit long,2021-12-10 06:40,STP,385.09,1329,513485.73,-1702.45,-0.33,1.33,491.07,0.10,-1701.78,-0.33,136079.08,544.32,1
1472,Entry long,2021-12-10 06:35,QQQREP|L|v1.1.7-rep|P1/10/4,386.37,1329,513485.73,-1702.45,-0.33,1.33,491.07,0.10,-1701.78,-0.33,136079.08,544.32,1
1473,Exit short,2021-12-13 12:55,EOD,381.13,1326,511531.02,6151.31,1.20,1.33,6669.12,1.30,-1379.7,-0.27,142230.39,568.92,76
1473,Entry short,2021-12-13 06:35,QQQREP|S|v1.1.7-rep|P1/10/4,385.77,1326,511531.02,6151.31,1.20,1.33,6669.12,1.30,-1379.7,-0.27,142230.39,568.92,76
1474,Exit long,2021-12-14 07:15,STP,375.67,1523,573775.02,-1631.13,-0.28,1.52,3441.22,0.60,-1630.37,-0.28,140599.27,562.40,8
1474,Entry long,2021-12-14 06:35,QQQREP|L|v1.1.7-rep|P1/10/4,376.74,1523,573775.02,-1631.13,-0.28,1.52,3441.22,0.60,-1630.37,-0.28,140599.27,562.40,8
1475,Exit short,2021-12-15 11:05,STP,377.38,1253,471215.71,-1642.68,-0.35,1.25,3896.2,0.83,-1642.06,-0.35,138956.58,555.83,54
1475,Entry short,2021-12-15 06:35,QQQREP|S|v1.1.7-rep|P1/10/4,376.07,1253,471215.71,-1642.68,-0.35,1.25,3896.2,0.83,-1642.06,-0.35,138956.58,555.83,54
1476,Exit short,2021-12-16 06:35,STP,386.92,1697,655720.8,-884.14,-0.13,1.7,0,0.00,-883.29,-0.13,138072.44,552.29,0
1476,Entry short,2021-12-16 06:35,QQQREP|S|v1.1.7-rep|P1/10/4,386.4,1697,655720.8,-884.14,-0.13,1.7,0,0.00,-883.29,-0.13,138072.44,552.29,0
1477,Exit long,2021-12-17 06:35,STP,371.82,892,333358.24,-1695.69,-0.51,0.89,97.67,0.03,-1695.25,-0.51,136376.75,545.51,0
1477,Entry long,2021-12-17 06:35,QQQREP|L|v1.1.7-rep|P1/10/4,373.72,892,333358.24,-1695.69,-0.51,0.89,97.67,0.03,-1695.25,-0.51,136376.75,545.51,0
1478,Exit long,2021-12-20 07:55,STP,368.39,1747,644887.58,-1312,-0.20,1.75,3475.66,0.54,-1311.12,-0.20,135064.75,540.26,16
1478,Entry long,2021-12-20 06:35,QQQREP|L|v1.1.7-rep|P1/10/4,369.14,1747,644887.58,-1312,-0.20,1.75,3475.66,0.54,-1311.12,-0.20,135064.75,540.26,16
1479,Exit short,2021-12-21 08:50,STP,374.38,1567,584867.08,-1787.95,-0.31,1.57,5280.01,0.90,-1787.16,-0.31,133276.81,533.11,27
1479,Entry short,2021-12-21 06:35,QQQREP|S|v1.1.7-rep|P1/10/4,373.24,1567,584867.08,-1787.95,-0.31,1.57,5280.01,0.90,-1787.16,-0.31,133276.81,533.11,27
1480,Exit short,2021-12-22 06:35,STP,378.53,1674,632822.22,-838.67,-0.13,1.67,32.64,0.01,-837.84,-0.13,132438.14,529.75,0
1480,Entry short,2021-12-22 06:35,QQQREP|S|v1.1.7-rep|P1/10/4,378.03,1674,632822.22,-838.67,-0.13,1.67,32.64,0.01,-837.84,-0.13,132438.14,529.75,0
1481,Exit long,2021-12-23 12:55,EOD,386.19,1639,629769.36,3194.41,0.51,1.64,5473.44,0.87,-918.66,-0.15,135632.55,542.53,76
1481,Entry long,2021-12-23 06:35,QQQREP|L|v1.1.7-rep|P1/10/4,384.24,1639,629769.36,3194.41,0.51,1.64,5473.44,0.87,-918.66,-0.15,135632.55,542.53,76
1482,Exit long,2021-12-27 12:55,EOD,392.49,1000,389070,3419,0.88,1,3429.5,0.88,-260.5,-0.07,139051.55,556.21,76
1482,Entry long,2021-12-27 06:35,QQQREP|L|v1.1.7-rep|P1/10/4,389.07,1000,389070,3419,0.88,1,3429.5,0.88,-260.5,-0.07,139051.55,556.21,76
1483,Exit short,2021-12-28 12:55,EOD,390.79,1671,656118.15,3106.39,0.47,1.67,4728.09,0.72,-919.89,-0.14,142157.94,568.63,76
1483,Entry short,2021-12-28 06:35,QQQREP|S|v1.1.7-rep|P1/10/4,392.65,1671,656118.15,3106.39,0.47,1.67,4728.09,0.72,-919.89,-0.14,142157.94,568.63,76
1484,Exit long,2021-12-29 06:35,STP,390.8,1708,668579.52,-1094.83,-0.16,1.71,391.99,0.06,-1093.97,-0.16,141063.11,564.25,0
1484,Entry long,2021-12-29 06:35,QQQREP|L|v1.1.7-rep|P1/10/4,391.44,1708,668579.52,-1094.83,-0.16,1.71,391.99,0.06,-1093.97,-0.16,141063.11,564.25,0
1485,Exit long,2021-12-30 06:40,STP,390.14,1698,664240.62,-1784.6,-0.27,1.7,321.77,0.05,-1783.75,-0.27,139278.52,557.11,1
1485,Entry long,2021-12-30 06:35,QQQREP|L|v1.1.7-rep|P1/10/4,391.19,1698,664240.62,-1784.6,-0.27,1.7,321.77,0.05,-1783.75,-0.27,139278.52,557.11,1
1486,Exit long,2021-12-31 06:45,STP,388.8,1431,558190.17,-1818.8,-0.33,1.43,85.14,0.02,-1818.09,-0.33,137459.7,549.84,2
1486,Entry long,2021-12-31 06:35,QQQREP|L|v1.1.7-rep|P1/10/4,390.07,1431,558190.17,-1818.8,-0.33,1.43,85.14,0.02,-1818.09,-0.33,137459.7,549.84,2
1487,Exit long,2022-01-03 06:45,STP,388.16,1180,459657.2,-1629.58,-0.35,1.18,1262.01,0.27,-1628.99,-0.35,135830.12,543.32,2
1487,Entry long,2022-01-03 06:35,QQQREP|L|v1.1.7-rep|P1/10/4,389.54,1180,459657.2,-1629.58,-0.35,1.18,1262.01,0.27,-1628.99,-0.35,135830.12,543.32,2
1488,Exit short,2022-01-04 07:55,TGT,384.71,1646,643141.58,9907.27,1.54,1.65,9908.1,1.54,-692.14,-0.11,145737.4,582.95,16
1488,Entry short,2022-01-04 06:35,QQQREP|S|v1.1.7-rep|P1/10/4,390.73,1646,643141.58,9907.27,1.54,1.65,9908.1,1.54,-692.14,-0.11,145737.4,582.95,16
1489,Exit short,2022-01-05 06:50,STP,384.39,716,273562.12,-1661.84,-0.61,0.72,207.28,0.08,-1661.48,-0.61,144075.56,576.30,3
1489,Entry short,2022-01-05 06:35,QQQREP|S|v1.1.7-rep|P1/10/4,382.07,716,273562.12,-1661.84,-0.61,0.72,207.28,0.08,-1661.48,-0.61,144075.56,576.30,3
1490,Exit long,2022-01-06 07:00,STP,371.58,595,222744.2,-1654.69,-0.74,0.6,814.85,0.37,-1654.4,-0.74,142420.88,569.68,5
1490,Entry long,2022-01-06 06:35,QQQREP|L|v1.1.7-rep|P1/10/4,374.36,595,222744.2,-1654.69,-0.74,0.6,814.85,0.37,-1654.4,-0.74,142420.88,569.68,5
1491,Exit short,2022-01-07 06:40,STP,374.06,1043,388413.2,-1732.42,-0.45,1.04,792.16,0.20,-1731.9,-0.45,140688.45,562.75,1
1491,Entry short,2022-01-07 06:35,QQQREP|S|v1.1.7-rep|P1/10/4,372.4,1043,388413.2,-1732.42,-0.45,1.04,792.16,0.20,-1731.9,-0.45,140688.45,562.75,1
1492,Exit short,2022-01-10 10:50,STP,365.5,763,277213.16,-1664.1,-0.60,0.76,3082.14,1.11,-1663.72,-0.60,139024.34,556.10,51
1492,Entry short,2022-01-10 06:35,QQQREP|S|v1.1.7-rep|P1/10/4,363.32,763,277213.16,-1664.1,-0.60,0.76,3082.14,1.11,-1663.72,-0.60,139024.34,556.10,51
1493,Exit short,2022-01-11 06:35,STP,369.29,1781,655639.53,-2067.74,-0.32,1.78,0,0.00,-2066.85,-0.32,136956.61,547.83,0
1493,Entry short,2022-01-11 06:35,QQQREP|S|v1.1.7-rep|P1/10/4,368.13,1781,655639.53,-2067.74,-0.32,1.78,0,0.00,-2066.85,-0.32,136956.61,547.83,0
1494,Exit long,2022-01-12 06:35,STP,377.8,1473,558252.27,-1754.34,-0.31,1.47,117.1,0.02,-1753.61,-0.31,135202.27,540.81,0
1494,Entry long,2022-01-12 06:35,QQQREP|L|v1.1.7-rep|P1/10/4,378.99,1473,558252.27,-1754.34,-0.31,1.47,117.1,0.02,-1753.61,-0.31,135202.27,540.81,0
1495,Exit long,2022-01-13 06:35,STP,377.77,1694,640365.88,-425.19,-0.07,1.69,0,0.00,-424.35,-0.07,134777.06,539.11,0
1495,Entry long,2022-01-13 06:35,QQQREP|L|v1.1.7-rep|P1/10/4,378.02,1694,640365.88,-425.19,-0.07,1.69,0,0.00,-424.35,-0.07,134777.06,539.11,0
1496,Exit long,2022-01-14 12:55,EOD,369.79,1466,536233.48,5877.19,1.10,1.47,6185.79,1.15,-836.35,-0.16,140654.27,562.62,76
1496,Entry long,2022-01-14 06:35,QQQREP|L|v1.1.7-rep|P1/10/4,365.78,1466,536233.48,5877.19,1.10,1.47,6185.79,1.15,-836.35,-0.16,140654.27,562.62,76
1497,Exit short,2022-01-18 06:40,STP,364.43,925,335395.75,-1702.92,-0.51,0.93,351.04,0.10,-1702.46,-0.51,138951.34,555.81,1
1497,Entry short,2022-01-18 06:35,QQQREP|S|v1.1.7-rep|P1/10/4,362.59,925,335395.75,-1702.92,-0.51,0.93,351.04,0.10,-1702.46,-0.51,138951.34,555.81,1
1498,Exit long,2022-01-19 06:35,STP,361.79,1811,655509.56,-309.68,-0.05,1.81,0,0.00,-308.78,-0.05,138641.66,554.57,0
1498,Entry long,2022-01-19 06:35,QQQREP|L|v1.1.7-rep|P1/10/4,361.96,1811,655509.56,-309.68,-0.05,1.81,0,0.00,-308.78,-0.05,138641.66,554.57,0
1499,Exit long,2022-01-20 11:10,STP,359.51,1816,654540.88,-1672.54,-0.26,1.82,5919.25,0.90,-1671.63,-0.26,136969.12,547.88,55
1499,Entry long,2022-01-20 06:35,QQQREP|L|v1.1.7-rep|P1/10/4,360.43,1816,654540.88,-1672.54,-0.26,1.82,5919.25,0.90,-1671.63,-0.26,136969.12,547.88,55
1500,Exit long,2022-01-21 06:40,STP,348.82,696,244351.68,-1573.66,-0.64,0.7,201.49,0.08,-1573.31,-0.64,135395.47,541.58,1
1500,Entry long,2022-01-21 06:35,QQQREP|L|v1.1.7-rep|P1/10/4,351.08,696,244351.68,-1573.66,-0.64,0.7,201.49,0.08,-1573.31,-0.64,135395.47,541.58,1
1501,Exit short,2022-01-24 06:35,STP,337.36,1792,602828.8,-1722.11,-0.29,1.79,751.74,0.12,-1721.22,-0.29,133673.34,534.69,0
1501,Entry short,2022-01-24 06:35,QQQREP|S|v1.1.7-rep|P1/10/4,336.4,1792,602828.8,-1722.11,-0.29,1.79,751.74,0.12,-1721.22,-0.29,133673.34,534.69,0
1502,Exit short,2022-01-26 07:00,STP,343.86,863,295197.78,-1554.26,-0.53,0.86,1440.78,0.49,-1553.83,-0.53,132119.1,528.48,5
1502,Entry short,2022-01-26 06:35,QQQREP|S|v1.1.7-rep|P1/10/4,342.06,863,295197.78,-1554.26,-0.53,0.86,1440.78,0.49,-1553.83,-0.53,132119.1,528.48,5
1503,Exit short,2022-01-27 06:40,STP,340.22,955,323487.15,-1423.9,-0.44,0.96,1145.52,0.35,-1423.43,-0.44,130695.18,522.78,1
1503,Entry short,2022-01-27 06:35,QQQREP|S|v1.1.7-rep|P1/10/4,338.73,955,323487.15,-1423.9,-0.44,0.96,1145.52,0.35,-1423.43,-0.44,130695.18,522.78,1
1504,Exit short,2022-01-28 07:50,STP,334.49,504,167020.56,-1562.9,-0.94,0.5,1320.23,0.79,-1562.65,-0.94,129132.28,516.53,15
1504,Entry short,2022-01-28 06:35,QQQREP|S|v1.1.7-rep|P1/10/4,331.39,504,167020.56,-1562.9,-0.94,0.5,1320.23,0.79,-1562.65,-0.94,129132.28,516.53,15
1505,Exit long,2022-01-31 12:55,EOD,353.39,623,214617.27,5544.08,2.58,0.62,5768.67,2.69,-280.66,-0.13,134676.36,538.71,76
1505,Entry long,2022-01-31 06:35,QQQREP|L|v1.1.7-rep|P1/10/4,344.49,623,214617.27,5544.08,2.58,0.62,5768.67,2.69,-280.66,-0.13,134676.36,538.71,76
1506,Exit short,2022-02-01 12:30,STP,354.72,1356,479413.8,-1587.88,-0.33,1.36,5586.04,1.17,-1587.2,-0.33,133088.48,532.35,71
1506,Entry short,2022-02-01 06:35,QQQREP|S|v1.1.7-rep|P1/10/4,353.55,1356,479413.8,-1587.88,-0.33,1.36,5586.04,1.17,-1587.2,-0.33,133088.48,532.35,71
1507,Exit short,2022-02-02 06:35,STP,359.84,1490,534626.9,-1536.19,-0.29,1.49,252.56,0.05,-1535.44,-0.29,131552.3,526.21,0
1507,Entry short,2022-02-02 06:35,QQQREP|S|v1.1.7-rep|P1/10/4,358.81,1490,534626.9,-1536.19,-0.29,1.49,252.56,0.05,-1535.44,-0.29,131552.3,526.21,0
1508,Exit long,2022-02-03 08:55,STP,348.15,1794,626052.18,-1472.87,-0.24,1.79,5596.38,0.89,-1471.98,-0.24,130079.41,520.32,28
1508,Entry long,2022-02-03 06:35,QQQREP|L|v1.1.7-rep|P1/10/4,348.97,1794,626052.18,-1472.87,-0.24,1.79,5596.38,0.89,-1471.98,-0.24,130079.41,520.32,28
1509,Exit short,2022-02-04 06:40,STP,345.52,640,219584,-1549.44,-0.71,0.64,441.28,0.20,-1549.12,-0.71,128529.98,514.12,1
1509,Entry short,2022-02-04 06:35,QQQREP|S|v1.1.7-rep|P1/10/4,343.1,640,219584,-1549.44,-0.71,0.64,441.28,0.20,-1549.12,-0.71,128529.98,514.12,1
1510,Exit short,2022-02-07 06:35,STP,349.29,1661,578493.08,-1679.27,-0.29,1.66,32.39,0.01,-1678.44,-0.29,126850.7,507.40,0
1510,Entry short,2022-02-07 06:35,QQQREP|S|v1.1.7-rep|P1/10/4,348.28,1661,578493.08,-1679.27,-0.29,1.66,32.39,0.01,-1678.44,-0.29,126850.7,507.40,0
1511,Exit short,2022-02-08 06:35,STP,345.47,1210,416518.3,-1501.61,-0.36,1.21,0,0.00,-1501,-0.36,125349.09,501.40,0
1511,Entry short,2022-02-08 06:35,QQQREP|S|v1.1.7-rep|P1/10/4,344.23,1210,416518.3,-1501.61,-0.36,1.21,0,0.00,-1501,-0.36,125349.09,501.40,0
1512,Exit short,2022-02-09 06:35,STP,354.25,1700,601103,-1123.7,-0.19,1.7,645.15,0.11,-1122.85,-0.19,124225.4,496.90,0
1512,Entry short,2022-02-09 06:35,QQQREP|S|v1.1.7-rep|P1/10/4,353.59,1700,601103,-1123.7,-0.19,1.7,645.15,0.11,-1122.85,-0.19,124225.4,496.90,0
1513,Exit long,2022-02-10 10:35,STP,349.56,1203,422048.49,-1529.01,-0.36,1.2,6832.44,1.62,-1528.41,-0.36,122696.38,490.79,48
1513,Entry long,2022-02-10 06:35,QQQREP|L|v1.1.7-rep|P1/10/4,350.83,1203,422048.49,-1529.01,-0.36,1.2,6832.44,1.62,-1528.41,-0.36,122696.38,490.79,48
1514,Exit long,2022-02-11 06:35,STP,348.68,1692,590609.52,-644.65,-0.11,1.69,0,0.00,-643.81,-0.11,122051.73,488.21,0
1514,Entry long,2022-02-11 06:35,QQQREP|L|v1.1.7-rep|P1/10/4,349.06,1692,590609.52,-644.65,-0.11,1.69,0,0.00,-643.81,-0.11,122051.73,488.21,0
1515,Exit long,2022-02-14 10:50,STP,336.44,1249,421762.32,-1550.01,-0.37,1.25,4683.13,1.11,-1549.38,-0.37,120501.72,482.01,51
1515,Entry long,2022-02-14 06:35,QQQREP|L|v1.1.7-rep|P1/10/4,337.68,1249,421762.32,-1550.01,-0.37,1.25,4683.13,1.11,-1549.38,-0.37,120501.72,482.01,51
1516,Exit long,2022-02-15 06:50,STP,342.68,1141,392515.41,-1518.67,-0.39,1.14,490.06,0.12,-1518.1,-0.39,118983.05,475.93,3
1516,Entry long,2022-02-15 06:35,QQQREP|L|v1.1.7-rep|P1/10/4,344.01,1141,392515.41,-1518.67,-0.39,1.14,490.06,0.12,-1518.1,-0.39,118983.05,475.93,3
1517,Exit short,2022-02-16 11:20,STP,344.32,1675,575848.25,-889.42,-0.15,1.68,4387.66,0.76,-888.59,-0.15,118093.63,472.37,57
1517,Entry short,2022-02-16 06:35,QQQREP|S|v1.1.7-rep|P1/10/4,343.79,1675,575848.25,-889.42,-0.15,1.68,4387.66,0.76,-888.59,-0.15,118093.63,472.37,57
1518,Exit long,2022-02-17 06:45,STP,342.77,1667,572214.42,-818.5,-0.14,1.67,966.03,0.17,-817.66,-0.14,117275.13,469.10,2
1518,Entry long,2022-02-17 06:35,QQQREP|L|v1.1.7-rep|P1/10/4,343.26,1667,572214.42,-818.5,-0.14,1.67,966.03,0.17,-817.66,-0.14,117275.13,469.10,2
1519,Exit short,2022-02-18 06:55,STP,337.29,962,322972.26,-1501.68,-0.46,0.96,1413.66,0.44,-1501.2,-0.46,115773.45,463.09,4
1519,Entry short,2022-02-18 06:35,QQQREP|S|v1.1.7-rep|P1/10/4,335.73,962,322972.26,-1501.68,-0.46,0.96,1413.66,0.44,-1501.2,-0.46,115773.45,463.09,4
1520,Exit long,2022-02-22 06:35,STP,329.04,1708,562922.64,-924.03,-0.16,1.71,0,0.00,-923.17,-0.16,114849.42,459.40,0
1520,Entry long,2022-02-22 06:35,QQQREP|L|v1.1.7-rep|P1/10/4,329.58,1708,562922.64,-924.03,-0.16,1.71,0,0.00,-923.17,-0.16,114849.42,459.40,0
1521,Exit long,2022-02-23 06:35,STP,331.6,1682,558945.42,-1195.9,-0.21,1.68,856.98,0.15,-1195.06,-0.21,113653.52,454.61,0
1521,Entry long,2022-02-23 06:35,QQQREP|L|v1.1.7-rep|P1/10/4,332.31,1682,558945.42,-1195.9,-0.21,1.68,856.98,0.15,-1195.06,-0.21,113653.52,454.61,0
1522,Exit long,2022-02-24 12:55,EOD,331.36,435,136102.8,8038.37,5.91,0.44,8212.58,6.03,-326.47,-0.24,121691.88,486.77,76
1522,Entry long,2022-02-24 06:35,QQQREP|L|v1.1.7-rep|P1/10/4,312.88,435,136102.8,8038.37,5.91,0.44,8212.58,6.03,-326.47,-0.24,121691.88,486.77,76
1523,Exit short,2022-02-25 06:35,STP,332.21,1767,586555.65,-461.19,-0.08,1.77,0,0.00,-460.3,-0.08,121230.7,484.92,0
1523,Entry short,2022-02-25 06:35,QQQREP|S|v1.1.7-rep|P1/10/4,331.95,1767,586555.65,-461.19,-0.08,1.77,0,0.00,-460.3,-0.08,121230.7,484.92,0
1524,Exit long,2022-02-28 06:40,STP,333.01,1051,351496.44,-1503.98,-0.43,1.05,388.34,0.11,-1503.46,-0.43,119726.71,478.91,1
1524,Entry long,2022-02-28 06:35,QQQREP|L|v1.1.7-rep|P1/10/4,334.44,1051,351496.44,-1503.98,-0.43,1.05,388.34,0.11,-1503.46,-0.43,119726.71,478.91,1
1525,Exit long,2022-03-01 07:10,STP,335.86,1012,341337.48,-1448.17,-0.42,1.01,1031.73,0.30,-1447.67,-0.42,118278.54,473.11,7
1525,Entry long,2022-03-01 06:35,QQQREP|L|v1.1.7-rep|P1/10/4,337.29,1012,341337.48,-1448.17,-0.42,1.01,1031.73,0.30,-1447.67,-0.42,118278.54,473.11,7
1526,Exit short,2022-03-02 06:40,STP,334.16,1037,345092.86,-1432.1,-0.41,1.04,352.06,0.10,-1431.58,-0.41,116846.45,467.39,1
1526,Entry short,2022-03-02 06:35,QQQREP|S|v1.1.7-rep|P1/10/4,332.78,1037,345092.86,-1432.1,-0.41,1.04,352.06,0.10,-1431.58,-0.41,116846.45,467.39,1
1527,Exit short,2022-03-03 12:45,TGT,331.37,1534,521084.46,12761.35,2.45,1.53,12762.11,2.45,-108.15,-0.02,129607.79,518.43,74
1527,Entry short,2022-03-03 06:35,QQQREP|S|v1.1.7-rep|P1/10/4,339.69,1534,521084.46,12761.35,2.45,1.53,12762.11,2.45,-108.15,-0.02,129607.79,518.43,74
1528,Exit long,2022-03-04 06:40,STP,330.58,1868,618289.32,-767.75,-0.12,1.87,1941.79,0.31,-766.81,-0.12,128840.04,515.36,1
1528,Entry long,2022-03-04 06:35,QQQREP|L|v1.1.7-rep|P1/10/4,330.99,1868,618289.32,-767.75,-0.12,1.87,1941.79,0.31,-766.81,-0.12,128840.04,515.36,1
1529,Exit short,2022-03-07 12:55,EOD,315.97,988,323777.48,11598.13,3.58,0.99,11746.83,3.63,-1314.53,-0.41,140438.17,561.75,76
1529,Entry short,2022-03-07 06:35,QQQREP|S|v1.1.7-rep|P1/10/4,327.71,988,323777.48,11598.13,3.58,0.99,11746.83,3.63,-1314.53,-0.41,140438.17,561.75,76
1530,Exit short,2022-03-08 06:35,STP,315.86,960,301536,-1690.56,-0.56,0.96,162.72,0.05,-1690.08,-0.56,138747.61,554.99,0
1530,Entry short,2022-03-08 06:35,QQQREP|S|v1.1.7-rep|P1/10/4,314.1,960,301536,-1690.56,-0.56,0.96,162.72,0.05,-1690.08,-0.56,138747.61,554.99,0
1531,Exit short,2022-03-09 07:00,STP,323.1,1129,363176.72,-1604.31,-0.44,1.13,1704.23,0.47,-1603.74,-0.44,137143.31,548.57,5
1531,Entry short,2022-03-09 06:35,QQQREP|S|v1.1.7-rep|P1/10/4,321.68,1129,363176.72,-1604.31,-0.44,1.13,1704.23,0.47,-1603.74,-0.44,137143.31,548.57,5
1532,Exit short,2022-03-10 06:55,STP,322.11,1501,481760.96,-1727.65,-0.36,1.5,1440.21,0.30,-1726.9,-0.36,135415.66,541.66,4
1532,Entry short,2022-03-10 06:35,QQQREP|S|v1.1.7-rep|P1/10/4,320.96,1501,481760.96,-1727.65,-0.36,1.5,1440.21,0.30,-1726.9,-0.36,135415.66,541.66,4
1533,Exit short,2022-03-11 12:55,EOD,315.57,1362,441805.56,11997.86,2.72,1.36,12652.3,2.86,-668.06,-0.15,147413.52,589.65,76
1533,Entry short,2022-03-11 06:35,QQQREP|S|v1.1.7-rep|P1/10/4,324.38,1362,441805.56,11997.86,2.72,1.36,12652.3,2.86,-668.06,-0.15,147413.52,589.65,76
1534,Exit short,2022-03-14 06:40,STP,315.27,1293,406066.65,-1578.75,-0.39,1.29,994.96,0.25,-1578.11,-0.39,145834.77,583.34,1
1534,Entry short,2022-03-14 06:35,QQQREP|S|v1.1.7-rep|P1/10/4,314.05,1293,406066.65,-1578.75,-0.39,1.29,994.96,0.25,-1578.11,-0.39,145834.77,583.34,1
1535,Exit long,2022-03-15 06:35,STP,312.07,2185,683315.05,-1444.28,-0.21,2.19,1069.56,0.16,-1443.19,-0.21,144390.47,577.56,0
1535,Entry long,2022-03-15 06:35,QQQREP|L|v1.1.7-rep|P1/10/4,312.73,2185,683315.05,-1444.28,-0.21,2.19,1069.56,0.16,-1443.19,-0.21,144390.47,577.56,0
1536,Exit long,2022-03-16 11:05,STP,322.98,2092,677473.28,-1801.21,-0.27,2.09,10668.15,1.57,-1800.17,-0.27,142589.27,570.36,54
1536,Entry long,2022-03-16 06:35,QQQREP|L|v1.1.7-rep|P1/10/4,323.84,2092,677473.28,-1801.21,-0.27,2.09,10668.15,1.57,-1800.17,-0.27,142589.27,570.36,54
1537,Exit long,2022-03-17 12:55,EOD,335,1266,416779.86,7328.87,1.76,1.27,7456.11,1.79,-1291.95,-0.31,149918.14,599.67,76
1537,Entry long,2022-03-17 06:35,QQQREP|L|v1.1.7-rep|P1/10/4,329.21,1266,416779.86,7328.87,1.76,1.27,7456.11,1.79,-1291.95,-0.31,149918.14,599.67,76
1538,Exit short,2022-03-18 06:35,STP,333.9,1473,489875.61,-1960.56,-0.40,1.47,117.1,0.02,-1959.83,-0.40,147957.58,591.83,0
1538,Entry short,2022-03-18 06:35,QQQREP|S|v1.1.7-rep|P1/10/4,332.57,1473,489875.61,-1960.56,-0.40,1.47,117.1,0.02,-1959.83,-0.40,147957.58,591.83,0
1539,Exit long,2022-03-21 06:50,STP,340.77,1659,567062.79,-1727.02,-0.30,1.66,2504.26,0.44,-1726.19,-0.30,146230.55,584.92,3
1539,Entry long,2022-03-21 06:35,QQQREP|L|v1.1.7-rep|P1/10/4,341.81,1659,567062.79,-1727.02,-0.30,1.66,2504.26,0.44,-1726.19,-0.30,146230.55,584.92,3
1540,Exit long,2022-03-22 12:55,EOD,347.68,1690,578182.8,9394.71,1.62,1.69,10865.86,1.88,-659.94,-0.11,155625.27,622.50,76
1540,Entry long,2022-03-22 06:35,QQQREP|L|v1.1.7-rep|P1/10/4,342.12,1690,578182.8,9394.71,1.62,1.69,10865.86,1.88,-659.94,-0.11,155625.27,622.50,76
1541,Exit short,2022-03-23 07:10,STP,345.14,1873,644649.14,-1799.95,-0.28,1.87,2021.9,0.31,-1799.02,-0.28,153825.31,615.30,7
1541,Entry short,2022-03-23 06:35,QQQREP|S|v1.1.7-rep|P1/10/4,344.18,1873,644649.14,-1799.95,-0.28,1.87,2021.9,0.31,-1799.02,-0.28,153825.31,615.30,7
1542,Exit short,2022-03-24 06:40,STP,344.7,2079,715113.63,-1519.75,-0.21,2.08,1183.99,0.17,-1518.71,-0.21,152305.56,609.22,1
1542,Entry short,2022-03-24 06:35,QQQREP|S|v1.1.7-rep|P1/10/4,343.97,2079,715113.63,-1519.75,-0.21,2.08,1183.99,0.17,-1518.71,-0.21,152305.56,609.22,1
1543,Exit short,2022-03-25 07:35,STP,350.82,1717,600555.09,-1804.57,-0.30,1.72,1939.35,0.32,-1803.71,-0.30,150501,602.00,12
1543,Entry short,2022-03-25 06:35,QQQREP|S|v1.1.7-rep|P1/10/4,349.77,1717,600555.09,-1804.57,-0.30,1.72,1939.35,0.32,-1803.71,-0.30,150501,602.00,12
1544,Exit long,2022-03-28 08:35,STP,349.99,1441,506007.15,-1673,-0.33,1.44,3745.88,0.74,-1672.28,-0.33,148828,595.31,24
1544,Entry long,2022-03-28 06:35,QQQREP|L|v1.1.7-rep|P1/10/4,351.15,1441,506007.15,-1673,-0.33,1.44,3745.88,0.74,-1672.28,-0.33,148828,595.31,24
1545,Exit long,2022-03-29 06:45,STP,359.06,1108,399699.92,-1862.55,-0.47,1.11,65.93,0.02,-1861.99,-0.47,146965.45,587.86,2
1545,Entry long,2022-03-29 06:35,QQQREP|L|v1.1.7-rep|P1/10/4,360.74,1108,399699.92,-1862.55,-0.47,1.11,65.93,0.02,-1861.99,-0.47,146965.45,587.86,2
1546,Exit long,2022-03-30 06:35,STP,359.67,1908,687528.72,-1280.27,-0.19,1.91,208.93,0.03,-1279.31,-0.19,145685.17,582.74,0
1546,Entry long,2022-03-30 06:35,QQQREP|L|v1.1.7-rep|P1/10/4,360.34,1908,687528.72,-1280.27,-0.19,1.91,208.93,0.03,-1279.31,-0.19,145685.17,582.74,0
1547,Exit short,2022-03-31 07:55,STP,357.91,1269,452449.26,-1739.8,-0.38,1.27,1940.94,0.43,-1739.16,-0.38,143945.38,575.78,16
1547,Entry short,2022-03-31 06:35,QQQREP|S|v1.1.7-rep|P1/10/4,356.54,1269,452449.26,-1739.8,-0.38,1.27,1940.94,0.43,-1739.16,-0.38,143945.38,575.78,16
1548,Exit short,2022-04-01 12:55,EOD,352.48,1562,551448.48,873.16,0.16,1.56,5887.96,1.07,-734.92,-0.13,144818.53,579.27,76
1548,Entry short,2022-04-01 06:35,QQQREP|S|v1.1.7-rep|P1/10/4,353.04,1562,551448.48,873.16,0.16,1.56,5887.96,1.07,-734.92,-0.13,144818.53,579.27,76
1549,Exit long,2022-04-04 12:55,TGT,359.64,1920,678969.6,11537.28,1.70,1.92,11538.24,1.70,-135.36,-0.02,156355.81,625.42,76
1549,Entry long,2022-04-04 06:35,QQQREP|L|v1.1.7-rep|P1/10/4,353.63,1920,678969.6,11537.28,1.70,1.92,11538.24,1.70,-135.36,-0.02,156355.81,625.42,76
1550,Exit long,2022-04-05 06:35,STP,358.06,2024,725340.88,-629.46,-0.09,2.02,990.75,0.14,-628.45,-0.09,155726.36,622.91,0
1550,Entry long,2022-04-05 06:35,QQQREP|L|v1.1.7-rep|P1/10/4,358.37,2024,725340.88,-629.46,-0.09,2.02,990.75,0.14,-628.45,-0.09,155726.36,622.91,0
1551,Exit short,2022-04-06 12:00,STP,347.35,1767,611965.11,-1804.11,-0.29,1.77,8622.08,1.41,-1803.22,-0.29,153922.25,615.69,65
1551,Entry short,2022-04-06 06:35,QQQREP|S|v1.1.7-rep|P1/10/4,346.33,1767,611965.11,-1804.11,-0.29,1.77,8622.08,1.41,-1803.22,-0.29,153922.25,615.69,65
1552,Exit long,2022-04-07 07:40,STP,342.94,956,329647.92,-1798.24,-0.55,0.96,1586.48,0.48,-1797.76,-0.55,152124.02,608.50,13
1552,Entry long,2022-04-07 06:35,QQQREP|L|v1.1.7-rep|P1/10/4,344.82,956,329647.92,-1798.24,-0.55,0.96,1586.48,0.48,-1797.76,-0.55,152124.02,608.50,13
1553,Exit short,2022-04-08 08:00,STP,343.38,1254,428805.3,-1794.47,-0.42,1.25,2958.81,0.69,-1793.85,-0.42,150329.53,601.32,17
1553,Entry short,2022-04-08 06:35,QQQREP|S|v1.1.7-rep|P1/10/4,341.95,1254,428805.3,-1794.47,-0.42,1.25,2958.81,0.69,-1793.85,-0.42,150329.53,601.32,17
1554,Exit short,2022-04-11 06:45,STP,336.28,1395,467352.9,-1759.09,-0.38,1.4,780.5,0.17,-1758.4,-0.38,148570.44,594.28,2
1554,Entry short,2022-04-11 06:35,QQQREP|S|v1.1.7-rep|P1/10/4,335.02,1395,467352.9,-1759.09,-0.38,1.4,780.5,0.17,-1758.4,-0.38,148570.44,594.28,2
1555,Exit short,2022-04-12 06:45,STP,336.84,1730,581158.9,-1576.03,-0.27,1.73,2005.94,0.35,-1575.16,-0.27,146994.4,587.98,2
1555,Entry short,2022-04-12 06:35,QQQREP|S|v1.1.7-rep|P1/10/4,335.93,1730,581158.9,-1576.03,-0.27,1.73,2005.94,0.35,-1575.16,-0.27,146994.4,587.98,2
1556,Exit long,2022-04-13 12:05,TGT,337.22,2078,687589.42,13151.66,1.91,2.08,13152.7,1.91,-63.38,-0.01,160146.08,640.58,66
1556,Entry long,2022-04-13 06:35,QQQREP|L|v1.1.7-rep|P1/10/4,330.89,2078,687589.42,13151.66,1.91,2.08,13152.7,1.91,-63.38,-0.01,160146.08,640.58,66
1557,Exit long,2022-04-14 06:35,STP,336.77,2194,740475,-1603.81,-0.22,2.19,986.2,0.13,-1602.72,-0.22,158542.27,634.17,0
1557,Entry long,2022-04-14 06:35,QQQREP|L|v1.1.7-rep|P1/10/4,337.5,2194,740475,-1603.81,-0.22,2.19,986.2,0.13,-1602.72,-0.22,158542.27,634.17,0
1558,Exit long,2022-04-18 06:50,STP,328.57,1247,411522.47,-1796.93,-0.44,1.25,622.88,0.15,-1796.3,-0.44,156745.33,626.98,3
1558,Entry long,2022-04-18 06:35,QQQREP|L|v1.1.7-rep|P1/10/4,330.01,1247,411522.47,-1796.93,-0.44,1.25,622.88,0.15,-1796.3,-0.44,156745.33,626.98,3
1559,Exit long,2022-04-19 06:35,STP,328.7,1457,480664.3,-1749.86,-0.36,1.46,348.95,0.07,-1749.13,-0.36,154995.47,619.98,0
1559,Entry long,2022-04-19 06:35,QQQREP|L|v1.1.7-rep|P1/10/4,329.9,1457,480664.3,-1749.86,-0.36,1.46,348.95,0.07,-1749.13,-0.36,154995.47,619.98,0
1560,Exit short,2022-04-20 12:55,EOD,332.21,1432,482899.04,7172.89,1.49,1.43,8734.48,1.81,-573.52,-0.12,162168.36,648.67,76
1560,Entry short,2022-04-20 06:35,QQQREP|S|v1.1.7-rep|P1/10/4,337.22,1432,482899.04,7172.89,1.49,1.43,8734.48,1.81,-573.52,-0.12,162168.36,648.67,76
1561,Exit long,2022-04-21 07:05,STP,336.03,817,276399.27,-1863.58,-0.67,0.82,424.43,0.15,-1863.17,-0.67,160304.78,641.22,6
1561,Entry long,2022-04-21 06:35,QQQREP|L|v1.1.7-rep|P1/10/4,338.31,817,276399.27,-1863.58,-0.67,0.82,424.43,0.15,-1863.17,-0.67,160304.78,641.22,6
1562,Exit long,2022-04-22 06:35,STP,325.19,1921,626534.15,-1846.08,-0.29,1.92,498.5,0.08,-1845.12,-0.29,158458.7,633.83,0
1562,Entry long,2022-04-22 06:35,QQQREP|L|v1.1.7-rep|P1/10/4,326.15,1921,626534.15,-1846.08,-0.29,1.92,498.5,0.08,-1845.12,-0.29,158458.7,633.83,0
1563,Exit long,2022-04-25 06:45,STP,314.69,2297,724703.5,-1862.87,-0.26,2.3,3742.96,0.52,-1861.72,-0.26,156595.84,626.38,2
1563,Entry long,2022-04-25 06:35,QQQREP|L|v1.1.7-rep|P1/10/4,315.5,2297,724703.5,-1862.87,-0.26,2.3,3742.96,0.52,-1861.72,-0.26,156595.84,626.38,2
1564,Exit short,2022-04-26 12:55,EOD,308.63,1002,317974.68,8726.42,2.74,1,8736.94,2.75,-240.98,-0.08,165322.25,661.29,76
1564,Entry short,2022-04-26 06:35,QQQREP|S|v1.1.7-rep|P1/10/4,317.34,1002,317974.68,8726.42,2.74,1,8736.94,2.75,-240.98,-0.08,165322.25,661.29,76
1565,Exit long,2022-04-27 07:10,STP,308.71,943,292999.53,-1886.94,-0.64,0.94,3554.64,1.21,-1886.47,-0.64,163435.31,653.74,7
1565,Entry long,2022-04-27 06:35,QQQREP|L|v1.1.7-rep|P1/10/4,310.71,943,292999.53,-1886.94,-0.64,0.94,3554.64,1.21,-1886.47,-0.64,163435.31,653.74,7
1566,Exit long,2022-04-28 06:35,STP,313.13,2403,753580.8,-1131.81,-0.15,2.4,1104.18,0.15,-1130.61,-0.15,162303.5,649.21,0
1566,Entry long,2022-04-28 06:35,QQQREP|L|v1.1.7-rep|P1/10/4,313.6,2403,753580.8,-1131.81,-0.15,2.4,1104.18,0.15,-1130.61,-0.15,162303.5,649.21,0
1567,Exit long,2022-04-29 07:25,STP,313.83,717,226894.65,-1879.26,-0.83,0.72,1612.89,0.71,-1878.9,-0.83,160424.25,641.70,10
1567,Entry long,2022-04-29 06:35,QQQREP|L|v1.1.7-rep|P1/10/4,316.45,717,226894.65,-1879.26,-0.83,0.72,1612.89,0.71,-1878.9,-0.83,160424.25,641.70,10
1568,Exit short,2022-05-02 06:40,STP,305.85,1146,348613.2,-1892.05,-0.54,1.15,2062.23,0.59,-1891.47,-0.54,158532.2,634.13,1
1568,Entry short,2022-05-02 06:35,QQQREP|S|v1.1.7-rep|P1/10/4,304.2,1146,348613.2,-1892.05,-0.54,1.15,2062.23,0.59,-1891.47,-0.54,158532.2,634.13,1
1569,Exit short,2022-05-03 06:55,STP,310.39,2369,734058.34,-1257.94,-0.17,2.37,4926.34,0.67,-1256.75,-0.17,157274.27,629.10,4
1569,Entry short,2022-05-03 06:35,QQQREP|S|v1.1.7-rep|P1/10/4,309.86,2369,734058.34,-1257.94,-0.17,2.37,4926.34,0.67,-1256.75,-0.17,157274.27,629.10,4
1570,Exit short,2022-05-04 10:00,STP,311.15,1929,598414.38,-1795.9,-0.30,1.93,8640.96,1.44,-1794.93,-0.30,155478.36,621.91,41
1570,Entry short,2022-05-04 06:35,QQQREP|S|v1.1.7-rep|P1/10/4,310.22,1929,598414.38,-1795.9,-0.30,1.93,8640.96,1.44,-1794.93,-0.30,155478.36,621.91,41
1571,Exit short,2022-05-05 09:00,TGT,304.51,1611,508560.48,17993.26,3.54,1.61,17994.06,3.54,-774.09,-0.15,173471.62,693.89,29
1571,Entry short,2022-05-05 06:35,QQQREP|S|v1.1.7-rep|P1/10/4,315.68,1611,508560.48,17993.26,3.54,1.61,17994.06,3.54,-774.09,-0.15,173471.62,693.89,29
1572,Exit short,2022-05-06 07:15,STP,303.63,780,234819,-2013.18,-0.86,0.78,3010.41,1.28,-2012.79,-0.86,171458.44,685.83,8
1572,Entry short,2022-05-06 06:35,QQQREP|S|v1.1.7-rep|P1/10/4,301.05,780,234819,-2013.18,-0.86,0.78,3010.41,1.28,-2012.79,-0.86,171458.44,685.83,8
1573,Exit long,2022-05-09 06:45,STP,294.92,1666,493402.56,-2067.51,-0.42,1.67,3114.59,0.63,-2066.67,-0.42,169390.94,677.56,2
1573,Entry long,2022-05-09 06:35,QQQREP|L|v1.1.7-rep|P1/10/4,296.16,1666,493402.56,-2067.51,-0.42,1.67,3114.59,0.63,-2066.67,-0.42,169390.94,677.56,2
1574,Exit short,2022-05-10 12:55,EOD,292.97,1180,349445.2,3739.42,1.07,1.18,8542.61,2.44,-1652.59,-0.47,173130.36,692.52,76
1574,Entry short,2022-05-10 06:35,QQQREP|S|v1.1.7-rep|P1/10/4,296.14,1180,349445.2,3739.42,1.07,1.18,8542.61,2.44,-1652.59,-0.47,173130.36,692.52,76
1575,Exit short,2022-05-11 06:40,STP,292.42,694,200968.52,-1971.65,-0.98,0.69,874.09,0.43,-1971.31,-0.98,171158.7,684.63,1
1575,Entry short,2022-05-11 06:35,QQQREP|S|v1.1.7-rep|P1/10/4,289.58,694,200968.52,-1971.65,-0.98,0.69,874.09,0.43,-1971.31,-0.98,171158.7,684.63,1
1576,Exit short,2022-05-12 06:45,STP,281.9,621,173165.85,-1894.67,-1.09,0.62,751.1,0.43,-1894.36,-1.09,169264.03,677.06,2
1576,Entry short,2022-05-12 06:35,QQQREP|S|v1.1.7-rep|P1/10/4,278.85,621,173165.85,-1894.67,-1.09,0.62,751.1,0.43,-1894.36,-1.09,169264.03,677.06,2
1577,Exit short,2022-05-13 06:40,STP,288.81,1101,316064.07,-1916.84,-0.61,1.1,682.07,0.22,-1916.29,-0.61,167347.19,669.39,1
1577,Entry short,2022-05-13 06:35,QQQREP|S|v1.1.7-rep|P1/10/4,287.07,1101,316064.07,-1916.84,-0.61,1.1,682.07,0.22,-1916.29,-0.61,167347.19,669.39,1
1578,Exit short,2022-05-16 06:40,STP,292.85,1352,394108,-1826.55,-0.46,1.35,1256.68,0.32,-1825.88,-0.46,165520.64,662.08,1
1578,Entry short,2022-05-16 06:35,QQQREP|S|v1.1.7-rep|P1/10/4,291.5,1352,394108,-1826.55,-0.46,1.35,1256.68,0.32,-1825.88,-0.46,165520.64,662.08,1
1579,Exit long,2022-05-17 06:45,STP,295.78,1762,523032.08,-1869.48,-0.36,1.76,1320.62,0.25,-1868.6,-0.36,163651.16,654.60,2
1579,Entry long,2022-05-17 06:35,QQQREP|L|v1.1.7-rep|P1/10/4,296.84,1762,523032.08,-1869.48,-0.36,1.76,1320.62,0.25,-1868.6,-0.36,163651.16,654.60,2
1580,Exit long,2022-05-18 06:35,STP,293.26,2568,754298.64,-1209.53,-0.16,2.57,1693.6,0.22,-1208.24,-0.16,162441.62,649.77,0
1580,Entry long,2022-05-18 06:35,QQQREP|L|v1.1.7-rep|P1/10/4,293.73,2568,754298.64,-1209.53,-0.16,2.57,1693.6,0.22,-1208.24,-0.16,162441.62,649.77,0
1581,Exit long,2022-05-19 06:45,STP,281.74,1491,422012.64,-1939.79,-0.46,1.49,2101.56,0.50,-1939.05,-0.46,160501.83,642.01,2
1581,Entry long,2022-05-19 06:35,QQQREP|L|v1.1.7-rep|P1/10/4,283.04,1491,422012.64,-1939.79,-0.46,1.49,2101.56,0.50,-1939.05,-0.46,160501.83,642.01,2
1582,Exit short,2022-05-20 10:30,TGT,272.96,1573,448179.16,18811.51,4.20,1.57,18812.29,4.20,-1762.55,-0.39,179313.34,717.25,47
1582,Entry short,2022-05-20 06:35,QQQREP|S|v1.1.7-rep|P1/10/4,284.92,1573,448179.16,18811.51,4.20,1.57,18812.29,4.20,-1762.55,-0.39,179313.34,717.25,47
1583,Exit short,2022-05-23 06:40,STP,282.61,2896,817396,-1045.46,-0.13,2.9,4458.39,0.55,-1044.01,-0.13,178267.89,713.07,1
1583,Entry short,2022-05-23 06:35,QQQREP|S|v1.1.7-rep|P1/10/4,282.25,2896,817396,-1045.46,-0.13,2.9,4458.39,0.55,-1044.01,-0.13,178267.89,713.07,1
1584,Exit short,2022-05-24 12:55,EOD,279.75,1768,495181.44,581.67,0.12,1.77,9139.68,1.85,-1503.68,-0.30,178849.56,715.40,76
1584,Entry short,2022-05-24 06:35,QQQREP|S|v1.1.7-rep|P1/10/4,280.08,1768,495181.44,581.67,0.12,1.77,9139.68,1.85,-1503.68,-0.30,178849.56,715.40,76
1585,Exit long,2022-05-25 12:55,EOD,283.76,1276,357075.84,5000.64,1.40,1.28,7527.76,2.11,-906.6,-0.25,183850.2,735.40,76
1585,Entry long,2022-05-25 06:35,QQQREP|L|v1.1.7-rep|P1/10/4,279.84,1276,357075.84,5000.64,1.40,1.28,7527.76,2.11,-906.6,-0.25,183850.2,735.40,76
1586,Exit long,2022-05-26 12:55,EOD,291.5,1111,316168.38,7687.01,2.43,1.11,9465.16,2.99,-100.55,-0.03,191537.2,766.15,76
1586,Entry long,2022-05-26 06:35,QQQREP|L|v1.1.7-rep|P1/10/4,284.58,1111,316168.38,7687.01,2.43,1.11,9465.16,2.99,-100.55,-0.03,191537.2,766.15,76
1587,Exit long,2022-05-27 12:55,EOD,301.2,2077,613981.97,11608.35,1.89,2.08,11630.16,1.89,-63.35,-0.01,203145.56,812.58,76
1587,Entry long,2022-05-27 06:35,QQQREP|L|v1.1.7-rep|P1/10/4,295.61,2077,613981.97,11608.35,1.89,2.08,11630.16,1.89,-63.35,-0.01,203145.56,812.58,76
1588,Exit short,2022-05-31 08:50,STP,301.3,933,278752.41,-2361.42,-0.85,0.93,2192.08,0.79,-2360.96,-0.85,200784.14,803.14,27
1588,Entry short,2022-05-31 06:35,QQQREP|S|v1.1.7-rep|P1/10/4,298.77,933,278752.41,-2361.42,-0.85,0.93,2192.08,0.79,-2360.96,-0.85,200784.14,803.14,27
1589,Exit long,2022-06-01 07:05,STP,302.36,1679,509962.67,-2301.91,-0.45,1.68,1275.2,0.25,-2301.07,-0.45,198482.23,793.93,6
1589,Entry long,2022-06-01 06:35,QQQREP|L|v1.1.7-rep|P1/10/4,303.73,1679,509962.67,-2301.91,-0.45,1.68,1275.2,0.25,-2301.07,-0.45,198482.23,793.93,6
1590,Exit long,2022-06-02 12:55,EOD,306.26,1416,420693.6,12969.14,3.08,1.42,13125.61,3.12,-1685.75,-0.40,211451.38,845.81,76
1590,Entry long,2022-06-02 06:35,QQQREP|L|v1.1.7-rep|P1/10/4,297.1,1416,420693.6,12969.14,3.08,1.42,13125.61,3.12,-1685.75,-0.40,211451.38,845.81,76
1591,Exit long,2022-06-03 06:35,STP,300.3,1651,498205.76,-2412.11,-0.48,1.65,246.82,0.05,-2411.29,-0.48,209039.27,836.16,0
1591,Entry long,2022-06-03 06:35,QQQREP|L|v1.1.7-rep|P1/10/4,301.76,1651,498205.76,-2412.11,-0.48,1.65,246.82,0.05,-2411.29,-0.48,209039.27,836.16,0
1592,Exit short,2022-06-06 07:00,STP,303.66,2288,692508.96,-2267.41,-0.33,2.29,3728.3,0.54,-2266.26,-0.33,206771.86,827.09,5
1592,Entry short,2022-06-06 06:35,QQQREP|S|v1.1.7-rep|P1/10/4,302.67,2288,692508.96,-2267.41,-0.33,2.29,3728.3,0.54,-2266.26,-0.33,206771.86,827.09,5
1593,Exit long,2022-06-07 12:55,EOD,301.89,1450,430012,7727.05,1.80,1.45,8742.78,2.03,-305.23,-0.07,214498.9,858.00,76
1593,Entry long,2022-06-07 06:35,QQQREP|L|v1.1.7-rep|P1/10/4,296.56,1450,430012,7727.05,1.80,1.45,8742.78,2.03,-305.23,-0.07,214498.9,858.00,76
1594,Exit short,2022-06-08 06:35,STP,301.35,3185,958016.15,-1786.78,-0.19,3.19,539.86,0.06,-1785.19,-0.19,212712.12,850.85,0
1594,Entry short,2022-06-08 06:35,QQQREP|S|v1.1.7-rep|P1/10/4,300.79,3185,958016.15,-1786.78,-0.19,3.19,539.86,0.06,-1785.19,-0.19,212712.12,850.85,0
1595,Exit long,2022-06-09 06:40,STP,297.41,1525,456234.25,-2685.52,-0.59,1.53,60.24,0.01,-2684.76,-0.59,210026.6,840.11,1
1595,Entry long,2022-06-09 06:35,QQQREP|L|v1.1.7-rep|P1/10/4,299.17,1525,456234.25,-2685.52,-0.59,1.53,60.24,0.01,-2684.76,-0.59,210026.6,840.11,1
1596,Exit short,2022-06-10 12:55,EOD,281.21,942,268177.98,3277.22,1.22,0.94,3579.13,1.33,-1780.85,-0.66,213303.81,853.22,76
1596,Entry short,2022-06-10 06:35,QQQREP|S|v1.1.7-rep|P1/10/4,284.69,942,268177.98,3277.22,1.22,0.94,3579.13,1.33,-1780.85,-0.66,213303.81,853.22,76
1597,Exit long,2022-06-13 07:10,STP,272.38,1578,432245.76,-2431.7,-0.56,1.58,1640.33,0.38,-2430.91,-0.56,210872.11,843.49,7
1597,Entry long,2022-06-13 06:35,QQQREP|L|v1.1.7-rep|P1/10/4,273.92,1578,432245.76,-2431.7,-0.56,1.58,1640.33,0.38,-2430.91,-0.56,210872.11,843.49,7
1598,Exit short,2022-06-14 10:20,STP,271.14,1984,535640.32,-2303.42,-0.43,1.98,5712.93,1.07,-2302.43,-0.43,208568.69,834.27,45
1598,Entry short,2022-06-14 06:35,QQQREP|S|v1.1.7-rep|P1/10/4,269.98,1984,535640.32,-2303.42,-0.43,1.98,5712.93,1.07,-2302.43,-0.43,208568.69,834.27,45
1599,Exit long,2022-06-15 06:35,STP,271.67,3431,934535.78,-2439.44,-0.26,3.43,1713.78,0.18,-2437.73,-0.26,206129.25,824.52,0
1599,Entry long,2022-06-15 06:35,QQQREP|L|v1.1.7-rep|P1/10/4,272.38,3431,934535.78,-2439.44,-0.26,3.43,1713.78,0.18,-2437.73,-0.26,206129.25,824.52,0
1600,Exit short,2022-06-16 12:55,EOD,264.56,1530,409045.5,4267.17,1.04,1.53,7741.04,1.89,-2280.46,-0.56,210396.42,841.59,76
1600,Entry short,2022-06-16 06:35,QQQREP|S|v1.1.7-rep|P1/10/4,267.35,1530,409045.5,4267.17,1.04,1.53,7741.04,1.89,-2280.46,-0.56,210396.42,841.59,76
1601,Exit long,2022-06-17 07:20,STP,264.99,1226,327562.68,-2686.17,-0.82,1.23,2083.59,0.64,-2685.55,-0.82,207710.25,830.84,9
1601,Entry long,2022-06-17 06:35,QQQREP|L|v1.1.7-rep|P1/10/4,267.18,1226,327562.68,-2686.17,-0.82,1.23,2083.59,0.64,-2685.55,-0.82,207710.25,830.84,9
1602,Exit long,2022-06-21 12:55,EOD,274.43,1987,542729.18,2561.24,0.47,1.99,6874.03,1.27,-0.99,0.00,210271.5,841.09,76
1602,Entry long,2022-06-21 06:35,QQQREP|L|v1.1.7-rep|P1/10/4,273.14,1987,542729.18,2561.24,0.47,1.99,6874.03,1.27,-0.99,0.00,210271.5,841.09,76
1603,Exit long,2022-06-22 12:55,EOD,273.92,1812,493842.48,2498.75,0.51,1.81,10418.09,2.11,-1468.63,-0.30,212770.25,851.08,76
1603,Entry long,2022-06-22 06:35,QQQREP|L|v1.1.7-rep|P1/10/4,272.54,1812,493842.48,2498.75,0.51,1.81,10418.09,2.11,-1468.63,-0.30,212770.25,851.08,76
1604,Exit short,2022-06-23 07:40,STP,276.94,1791,493456.32,-2545.01,-0.52,1.79,3509.46,0.71,-2544.12,-0.52,210225.23,840.90,13
1604,Entry short,2022-06-23 06:35,QQQREP|S|v1.1.7-rep|P1/10/4,275.52,1791,493456.32,-2545.01,-0.52,1.79,3509.46,0.71,-2544.12,-0.52,210225.23,840.90,13
1605,Exit long,2022-06-24 12:55,EOD,287.89,1525,430309.25,8721.48,2.03,1.53,8722.24,2.03,-382.01,-0.09,218946.7,875.79,76
1605,Entry long,2022-06-24 06:35,QQQREP|L|v1.1.7-rep|P1/10/4,282.17,1525,430309.25,8721.48,2.03,1.53,8722.24,2.03,-382.01,-0.09,218946.7,875.79,76
1606,Exit short,2022-06-27 12:55,EOD,285.43,1054,302561.24,1716.97,0.57,1.05,2940.13,0.97,-1001.83,-0.33,220663.67,882.65,76
1606,Entry short,2022-06-27 06:35,QQQREP|S|v1.1.7-rep|P1/10/4,287.06,1054,302561.24,1716.97,0.57,1.05,2940.13,0.97,-1001.83,-0.33,220663.67,882.65,76
1607,Exit long,2022-06-28 07:05,STP,285.55,1075,309492.5,-2527.32,-0.82,1.08,655.21,0.21,-2526.79,-0.82,218136.34,872.55,6
1607,Entry long,2022-06-28 06:35,QQQREP|L|v1.1.7-rep|P1/10/4,287.9,1075,309492.5,-2527.32,-0.82,1.08,655.21,0.21,-2526.79,-0.82,218136.34,872.55,6
1608,Exit short,2022-06-29 06:50,STP,277.04,1051,288594.09,-2576,-0.89,1.05,524.97,0.18,-2575.48,-0.89,215560.34,862.24,3
1608,Entry short,2022-06-29 06:35,QQQREP|S|v1.1.7-rep|P1/10/4,274.59,1051,288594.09,-2576,-0.89,1.05,524.97,0.18,-2575.48,-0.89,215560.34,862.24,3
1609,Exit short,2022-06-30 08:25,STP,274.72,1723,470568.53,-2775.75,-0.59,1.72,6839.45,1.45,-2774.89,-0.59,212784.6,851.14,22
1609,Entry short,2022-06-30 06:35,QQQREP|S|v1.1.7-rep|P1/10/4,273.11,1723,470568.53,-2775.75,-0.59,1.72,6839.45,1.45,-2774.89,-0.59,212784.6,851.14,22
1610,Exit short,2022-07-01 06:45,STP,273.5,1504,408847.36,-2498.14,-0.61,1.5,1698.77,0.42,-2497.39,-0.61,210286.45,841.15,2
1610,Entry short,2022-07-01 06:35,QQQREP|S|v1.1.7-rep|P1/10/4,271.84,1504,408847.36,-2498.14,-0.61,1.5,1698.77,0.42,-2497.39,-0.61,210286.45,841.15,2
1611,Exit short,2022-07-05 06:45,STP,271.82,1869,505676.64,-2356.81,-0.47,1.87,784.05,0.16,-2355.87,-0.47,207929.64,831.72,2
1611,Entry short,2022-07-05 06:35,QQQREP|S|v1.1.7-rep|P1/10/4,270.56,1869,505676.64,-2356.81,-0.47,1.87,784.05,0.16,-2355.87,-0.47,207929.64,831.72,2
1612,Exit long,2022-07-06 06:35,STP,279.95,2410,676944.9,-2267.81,-0.34,2.41,408.5,0.06,-2266.6,-0.33,205661.83,822.65,0
1612,Entry long,2022-07-06 06:35,QQQREP|L|v1.1.7-rep|P1/10/4,280.89,2410,676944.9,-2267.81,-0.34,2.41,408.5,0.06,-2266.6,-0.33,205661.83,822.65,0
1613,Exit long,2022-07-07 12:55,EOD,287.83,1350,383913,4656.15,1.21,1.35,5642.33,1.47,-230.17,-0.06,210317.98,841.27,76
1613,Entry long,2022-07-07 06:35,QQQREP|L|v1.1.7-rep|P1/10/4,284.38,1350,383913,4656.15,1.21,1.35,5642.33,1.47,-230.17,-0.06,210317.98,841.27,76
1614,Exit long,2022-07-08 06:50,STP,284.33,2078,593248.22,-2412.56,-0.41,2.08,2617.24,0.44,-2411.52,-0.41,207905.42,831.62,3
1614,Entry long,2022-07-08 06:35,QQQREP|L|v1.1.7-rep|P1/10/4,285.49,2078,593248.22,-2412.56,-0.41,2.08,2617.24,0.44,-2411.52,-0.41,207905.42,831.62,3
1615,Exit short,2022-07-11 12:55,EOD,282,1988,566261.92,5643.93,1.00,1.99,7215.45,1.27,-0.99,0.00,213549.36,854.20,76
1615,Entry short,2022-07-11 06:35,QQQREP|S|v1.1.7-rep|P1/10/4,284.84,1988,566261.92,5643.93,1.00,1.99,7215.45,1.27,-0.99,0.00,213549.36,854.20,76
1616,Exit long,2022-07-12 06:45,STP,282.95,3365,954044.8,-1921.41,-0.20,3.37,5550.57,0.58,-1919.73,-0.20,211627.94,846.51,2
1616,Entry long,2022-07-12 06:35,QQQREP|L|v1.1.7-rep|P1/10/4,283.52,3365,954044.8,-1921.41,-0.20,3.37,5550.57,0.58,-1919.73,-0.20,211627.94,846.51,2
1617,Exit long,2022-07-13 12:55,EOD,278.76,2003,550103.92,8250.36,1.50,2,12858.26,2.34,-1743.61,-0.32,219878.3,879.51,76
1617,Entry long,2022-07-13 06:35,QQQREP|L|v1.1.7-rep|P1/10/4,274.64,2003,550103.92,8250.36,1.50,2,12858.26,2.34,-1743.61,-0.32,219878.3,879.51,76
1618,Exit short,2022-07-14 08:40,STP,277.09,1172,322241.4,-2509.25,-0.78,1.17,2214.49,0.69,-2508.67,-0.78,217369.05,869.48,25
1618,Entry short,2022-07-14 06:35,QQQREP|S|v1.1.7-rep|P1/10/4,274.95,1172,322241.4,-2509.25,-0.78,1.17,2214.49,0.69,-2508.67,-0.78,217369.05,869.48,25
1619,Exit long,2022-07-15 06:40,STP,282.74,3184,902695.84,-2454.86,-0.27,3.18,2163.53,0.24,-2453.27,-0.27,214914.19,859.66,1
1619,Entry long,2022-07-15 06:35,QQQREP|L|v1.1.7-rep|P1/10/4,283.51,3184,902695.84,-2454.86,-0.27,3.18,2163.53,0.24,-2453.27,-0.27,214914.19,859.66,1
1620,Exit long,2022-07-18 10:30,STP,286.8,1951,561673.39,-2128.54,-0.38,1.95,2184.14,0.39,-2127.57,-0.38,212785.64,851.14,47
1620,Entry long,2022-07-18 06:35,QQQREP|L|v1.1.7-rep|P1/10/4,287.89,1951,561673.39,-2128.54,-0.38,1.95,2184.14,0.39,-2127.57,-0.38,212785.64,851.14,47
1621,Exit short,2022-07-19 07:25,STP,286.54,2592,740378.88,-2335.39,-0.32,2.59,3083.18,0.42,-2334.1,-0.32,210450.25,841.80,10
1621,Entry short,2022-07-19 06:35,QQQREP|S|v1.1.7-rep|P1/10/4,285.64,2592,740378.88,-2335.39,-0.32,2.59,3083.18,0.42,-2334.1,-0.32,210450.25,841.80,10
1622,Exit long,2022-07-20 12:55,EOD,295.67,2651,773243.68,10574.84,1.37,2.65,13810.39,1.79,-1538.91,-0.20,221025.1,884.10,76
1622,Entry long,2022-07-20 06:35,QQQREP|L|v1.1.7-rep|P1/10/4,291.68,2651,773243.68,10574.84,1.37,2.65,13810.39,1.79,-1538.91,-0.20,221025.1,884.10,76
1623,Exit short,2022-07-21 06:50,STP,296.84,1518,448174.32,-2430.32,-0.54,1.52,1228.82,0.27,-2429.56,-0.54,218594.77,874.38,3
1623,Entry short,2022-07-21 06:35,QQQREP|S|v1.1.7-rep|P1/10/4,295.24,1518,448174.32,-2430.32,-0.54,1.52,1228.82,0.27,-2429.56,-0.54,218594.77,874.38,3
1624,Exit short,2022-07-22 06:35,STP,299.22,3263,974494.95,-1863.17,-0.19,3.26,1825.65,0.19,-1861.54,-0.19,216731.6,866.93,0
1624,Entry short,2022-07-22 06:35,QQQREP|S|v1.1.7-rep|P1/10/4,298.65,3263,974494.95,-1863.17,-0.19,3.26,1825.65,0.19,-1861.54,-0.19,216731.6,866.93,0
1625,Exit short,2022-07-25 12:55,EOD,293.12,3283,966777.84,4461.6,0.46,3.28,11259.05,1.16,-1150.69,-0.12,221193.19,884.77,76
1625,Entry short,2022-07-25 06:35,QQQREP|S|v1.1.7-rep|P1/10/4,294.48,3283,966777.84,4461.6,0.46,3.28,11259.05,1.16,-1150.69,-0.12,221193.19,884.77,76
1626,Exit short,2022-07-26 12:55,EOD,287.23,1801,522614.18,5311.15,1.02,1.8,6680.81,1.28,-1171.55,-0.22,226504.34,906.02,76
1626,Entry short,2022-07-26 06:35,QQQREP|S|v1.1.7-rep|P1/10/4,290.18,1801,522614.18,5311.15,1.02,1.8,6680.81,1.28,-1171.55,-0.22,226504.34,906.02,76
1627,Exit short,2022-07-27 06:35,STP,292.41,2928,853629.12,-2550.29,-0.30,2.93,0,0.00,-2548.82,-0.30,223954.06,895.82,0
1627,Entry short,2022-07-27 06:35,QQQREP|S|v1.1.7-rep|P1/10/4,291.54,2928,853629.12,-2550.29,-0.30,2.93,0,0.00,-2548.82,-0.30,223954.06,895.82,0
1628,Exit long,2022-07-28 06:35,STP,298.86,3325,995870.75,-2164.57,-0.22,3.33,1195.34,0.12,-2162.91,-0.22,221789.48,887.16,0
1628,Entry long,2022-07-28 06:35,QQQREP|L|v1.1.7-rep|P1/10/4,299.51,3325,995870.75,-2164.57,-0.22,3.33,1195.34,0.12,-2162.91,-0.22,221789.48,887.16,0
1629,Exit short,2022-07-29 06:40,STP,304.28,2363,716272.56,-2743.44,-0.38,2.36,1534.77,0.21,-2742.26,-0.38,219046.03,876.18,1
1629,Entry short,2022-07-29 06:35,QQQREP|S|v1.1.7-rep|P1/10/4,303.12,2363,716272.56,-2743.44,-0.38,2.36,1534.77,0.21,-2742.26,-0.38,219046.03,876.18,1
1630,Exit short,2022-08-01 06:35,STP,306.33,3192,975794.4,-2014.15,-0.21,3.19,381.44,0.04,-2012.56,-0.21,217031.89,868.13,0
1630,Entry short,2022-08-01 06:35,QQQREP|S|v1.1.7-rep|P1/10/4,305.7,3192,975794.4,-2014.15,-0.21,3.19,381.44,0.04,-2012.56,-0.21,217031.89,868.13,0
1631,Exit long,2022-08-02 07:10,STP,305.05,1922,588823.92,-2519.74,-0.43,1.92,2228.56,0.38,-2518.78,-0.43,214512.14,858.05,7
1631,Entry long,2022-08-02 06:35,QQQREP|L|v1.1.7-rep|P1/10/4,306.36,1922,588823.92,-2519.74,-0.43,1.92,2228.56,0.38,-2518.78,-0.43,214512.14,858.05,7
1632,Exit long,2022-08-03 12:55,EOD,315.01,2097,649231.2,11342.67,1.75,2.1,13210.05,2.03,-315.6,-0.05,225854.81,903.42,76
1632,Entry long,2022-08-03 06:35,QQQREP|L|v1.1.7-rep|P1/10/4,309.6,2097,649231.2,11342.67,1.75,2.1,13210.05,2.03,-315.6,-0.05,225854.81,903.42,76
1633,Exit long,2022-08-04 07:15,STP,314.43,2794,881032.02,-2517.39,-0.29,2.79,3770.5,0.43,-2516,-0.29,223337.42,893.35,8
1633,Entry long,2022-08-04 06:35,QQQREP|L|v1.1.7-rep|P1/10/4,315.33,2794,881032.02,-2517.39,-0.29,2.79,3770.5,0.43,-2516,-0.29,223337.42,893.35,8
1634,Exit long,2022-08-05 08:25,STP,311.39,1620,507108.6,-2658.42,-0.52,1.62,4826.79,0.95,-2657.61,-0.52,220679,882.72,22
1634,Entry long,2022-08-05 06:35,QQQREP|L|v1.1.7-rep|P1/10/4,313.03,1620,507108.6,-2658.42,-0.52,1.62,4826.79,0.95,-2657.61,-0.52,220679,882.72,22
1635,Exit long,2022-08-08 08:40,STP,314.19,1406,444211.64,-2461.91,-0.55,1.41,3711.14,0.84,-2461.2,-0.55,218217.1,872.87,25
1635,Entry long,2022-08-08 06:35,QQQREP|L|v1.1.7-rep|P1/10/4,315.94,1406,444211.64,-2461.91,-0.55,1.41,3711.14,0.84,-2461.2,-0.55,218217.1,872.87,25
1636,Exit short,2022-08-09 12:55,EOD,309.39,1519,470479.87,514.94,0.11,1.52,2885.34,0.61,-1762.8,-0.37,218732.03,874.93,76
1636,Entry short,2022-08-09 06:35,QQQREP|S|v1.1.7-rep|P1/10/4,309.73,1519,470479.87,514.94,0.11,1.52,2885.34,0.61,-1762.8,-0.37,218732.03,874.93,76
1637,Exit short,2022-08-10 08:00,STP,317.11,1877,592869.22,-2348.13,-0.40,1.88,2889.64,0.49,-2347.19,-0.40,216383.9,865.54,17
1637,Entry short,2022-08-10 06:35,QQQREP|S|v1.1.7-rep|P1/10/4,315.86,1877,592869.22,-2348.13,-0.40,1.88,2889.64,0.49,-2347.19,-0.40,216383.9,865.54,17
1638,Exit short,2022-08-11 06:40,STP,320.69,2378,760103.92,-2499.28,-0.33,2.38,141.49,0.02,-2498.09,-0.33,213884.64,855.54,1
1638,Entry short,2022-08-11 06:35,QQQREP|S|v1.1.7-rep|P1/10/4,319.64,2378,760103.92,-2499.28,-0.33,2.38,141.49,0.02,-2498.09,-0.33,213884.64,855.54,1
1639,Exit short,2022-08-12 06:40,STP,318.6,3005,955379.65,-2016.35,-0.21,3.01,1951.75,0.20,-2014.85,-0.21,211868.28,847.47,1
1639,Entry short,2022-08-12 06:35,QQQREP|S|v1.1.7-rep|P1/10/4,317.93,3005,955379.65,-2016.35,-0.21,3.01,1951.75,0.20,-2014.85,-0.21,211868.28,847.47,1
1640,Exit long,2022-08-15 12:55,EOD,325.06,1555,502342.75,3124,0.62,1.56,3840.07,0.76,-2286.63,-0.46,214992.27,859.97,76
1640,Entry long,2022-08-15 06:35,QQQREP|L|v1.1.7-rep|P1/10/4,323.05,1555,502342.75,3124,0.62,1.56,3840.07,0.76,-2286.63,-0.46,214992.27,859.97,76
1641,Exit short,2022-08-16 08:45,STP,324.46,2962,959510.28,-1543.2,-0.16,2.96,7995.92,0.83,-1541.72,-0.16,213449.08,853.80,26
1641,Entry short,2022-08-16 06:35,QQQREP|S|v1.1.7-rep|P1/10/4,323.94,2962,959510.28,-1543.2,-0.16,2.96,7995.92,0.83,-1541.72,-0.16,213449.08,853.80,26
1642,Exit long,2022-08-17 06:40,STP,321,2969,953434.97,-388.94,-0.04,2.97,3234.73,0.34,-387.45,-0.04,213060.12,852.24,1
1642,Entry long,2022-08-17 06:35,QQQREP|L|v1.1.7-rep|P1/10/4,321.13,2969,953434.97,-388.94,-0.04,2.97,3234.73,0.34,-387.45,-0.04,213060.12,852.24,1
1643,Exit short,2022-08-18 06:45,STP,320.68,1891,603947.58,-2460.19,-0.41,1.89,263.79,0.04,-2459.25,-0.41,210599.94,842.40,2
1643,Entry short,2022-08-18 06:35,QQQREP|S|v1.1.7-rep|P1/10/4,319.38,1891,603947.58,-2460.19,-0.41,1.89,263.79,0.04,-2459.25,-0.41,210599.94,842.40,2
1644,Exit short,2022-08-19 12:55,EOD,315.1,2961,942427.08,9413.02,1.00,2.96,11753.69,1.25,-978.61,-0.10,220012.95,880.05,76
1644,Entry short,2022-08-19 06:35,QQQREP|S|v1.1.7-rep|P1/10/4,318.28,2961,942427.08,9413.02,1.00,2.96,11753.69,1.25,-978.61,-0.10,220012.95,880.05,76
1645,Exit short,2022-08-22 12:55,EOD,306.87,1946,602792.96,5621.99,0.93,1.95,7374.37,1.22,-1752.37,-0.29,225634.95,902.54,76
1645,Entry short,2022-08-22 06:35,QQQREP|S|v1.1.7-rep|P1/10/4,309.76,1946,602792.96,5621.99,0.93,1.95,7374.37,1.22,-1752.37,-0.29,225634.95,902.54,76
1646,Exit long,2022-08-23 06:40,STP,306.38,2853,876841.02,-2741.73,-0.31,2.85,1253.89,0.14,-2740.31,-0.31,222893.22,891.57,1
1646,Entry long,2022-08-23 06:35,QQQREP|L|v1.1.7-rep|P1/10/4,307.34,2853,876841.02,-2741.73,-0.31,2.85,1253.89,0.14,-2740.31,-0.31,222893.22,891.57,1
1647,Exit short,2022-08-24 06:50,STP,306.74,2189,668936.51,-2519.54,-0.38,2.19,327.26,0.05,-2518.44,-0.38,220373.69,881.49,3
1647,Entry short,2022-08-24 06:35,QQQREP|S|v1.1.7-rep|P1/10/4,305.59,2189,668936.51,-2519.54,-0.38,2.19,327.26,0.05,-2518.44,-0.38,220373.69,881.49,3
1648,Exit short,2022-08-25 06:55,STP,309.35,2993,923101.06,-2786.48,-0.30,2.99,836.54,0.09,-2784.99,-0.30,217587.2,870.35,4
1648,Entry short,2022-08-25 06:35,QQQREP|S|v1.1.7-rep|P1/10/4,308.42,2993,923101.06,-2786.48,-0.30,2.99,836.54,0.09,-2784.99,-0.30,217587.2,870.35,4
1649,Exit long,2022-08-26 06:45,STP,311.81,2672,835614.56,-2460.91,-0.29,2.67,292.58,0.04,-2459.58,-0.29,215126.28,860.51,2
1649,Entry long,2022-08-26 06:35,QQQREP|L|v1.1.7-rep|P1/10/4,312.73,2672,835614.56,-2460.91,-0.29,2.67,292.58,0.04,-2459.58,-0.29,215126.28,860.51,2
1650,Exit long,2022-08-29 07:50,STP,296.71,1171,349953.35,-2507.11,-0.72,1.17,1111.86,0.32,-2506.53,-0.72,212619.17,850.48,15
1650,Entry long,2022-08-29 06:35,QQQREP|L|v1.1.7-rep|P1/10/4,298.85,1171,349953.35,-2507.11,-0.72,1.17,1111.86,0.32,-2506.53,-0.72,212619.17,850.48,15
1651,Exit long,2022-08-30 06:35,STP,298.2,3181,950355.56,-1784.54,-0.19,3.18,730.04,0.08,-1782.95,-0.19,210834.64,843.34,0
1651,Entry long,2022-08-30 06:35,QQQREP|L|v1.1.7-rep|P1/10/4,298.76,3181,950355.56,-1784.54,-0.19,3.18,730.04,0.08,-1782.95,-0.19,210834.64,843.34,0
1652,Exit short,2022-08-31 06:40,STP,296.71,1510,445706.7,-2326.91,-0.52,1.51,724.05,0.16,-2326.16,-0.52,208507.72,834.03,1
1652,Entry short,2022-08-31 06:35,QQQREP|S|v1.1.7-rep|P1/10/4,295.17,1510,445706.7,-2326.91,-0.52,1.51,724.05,0.16,-2326.16,-0.52,208507.72,834.03,1
1653,Exit short,2022-09-01 06:40,STP,289.98,2545,735581.35,-2420.29,-0.33,2.55,0,0.00,-2419.02,-0.33,206087.44,824.35,1
1653,Entry short,2022-09-01 06:35,QQQREP|S|v1.1.7-rep|P1/10/4,289.03,2545,735581.35,-2420.29,-0.33,2.55,0,0.00,-2419.02,-0.33,206087.44,824.35,1
1654,Exit short,2022-09-02 07:30,STP,295.29,1038,304217.04,-2295.02,-0.75,1.04,1162.04,0.38,-2294.5,-0.75,203792.4,815.17,11
1654,Entry short,2022-09-02 06:35,QQQREP|S|v1.1.7-rep|P1/10/4,293.08,1038,304217.04,-2295.02,-0.75,1.04,1162.04,0.38,-2294.5,-0.75,203792.4,815.17,11
1655,Exit short,2022-09-06 12:55,EOD,285.99,1552,446836.32,2978.29,0.67,1.55,6284.82,1.41,-1506.22,-0.34,206770.7,827.08,76
1655,Entry short,2022-09-06 06:35,QQQREP|S|v1.1.7-rep|P1/10/4,287.91,1552,446836.32,2978.29,0.67,1.55,6284.82,1.41,-1506.22,-0.34,206770.7,827.08,76
1656,Exit long,2022-09-07 07:15,STP,286.38,2199,632036.58,-2289.16,-0.36,2.2,2439.79,0.39,-2288.06,-0.36,204481.55,817.93,8
1656,Entry long,2022-09-07 06:35,QQQREP|L|v1.1.7-rep|P1/10/4,287.42,2199,632036.58,-2289.16,-0.36,2.2,2439.79,0.39,-2288.06,-0.36,204481.55,817.93,8
1657,Exit short,2022-09-08 06:40,STP,289.59,2375,685353.75,-2424.87,-0.35,2.38,592.56,0.09,-2423.69,-0.35,202056.67,808.23,1
1657,Entry short,2022-09-08 06:35,QQQREP|S|v1.1.7-rep|P1/10/4,288.57,2375,685353.75,-2424.87,-0.35,2.38,592.56,0.09,-2423.69,-0.35,202056.67,808.23,1
1658,Exit long,2022-09-09 12:55,EOD,299.64,1907,565902.25,5509.32,0.97,1.91,6540.06,1.16,-1907.95,-0.34,207565.98,830.26,76
1658,Entry long,2022-09-09 06:35,QQQREP|L|v1.1.7-rep|P1/10/4,296.75,1907,565902.25,5509.32,0.97,1.91,6540.06,1.16,-1907.95,-0.34,207565.98,830.26,76
1659,Exit long,2022-09-12 09:10,STP,300.84,2562,772955.4,-2205.88,-0.29,2.56,4764.04,0.62,-2204.6,-0.29,205360.11,821.44,31
1659,Entry long,2022-09-12 06:35,QQQREP|L|v1.1.7-rep|P1/10/4,301.7,2562,772955.4,-2205.88,-0.29,2.56,4764.04,0.62,-2204.6,-0.29,205360.11,821.44,31
1660,Exit long,2022-09-13 06:35,STP,294.21,3125,920906.25,-1503.12,-0.16,3.13,217.19,0.02,-1501.56,-0.16,203856.98,815.43,0
1660,Entry long,2022-09-13 06:35,QQQREP|L|v1.1.7-rep|P1/10/4,294.69,3125,920906.25,-1503.12,-0.16,3.13,217.19,0.02,-1501.56,-0.16,203856.98,815.43,0
1661,Exit short,2022-09-14 06:40,STP,287.97,1274,364606.06,-2268.99,-0.62,1.27,114.02,0.03,-2268.36,-0.62,201587.98,806.35,1
1661,Entry short,2022-09-14 06:35,QQQREP|S|v1.1.7-rep|P1/10/4,286.19,1274,364606.06,-2268.99,-0.62,1.27,114.02,0.03,-2268.36,-0.62,201587.98,806.35,1
1662,Exit long,2022-09-15 07:25,STP,286.45,2638,757818.26,-2165.8,-0.29,2.64,5564.86,0.73,-2164.48,-0.29,199422.19,797.69,10
1662,Entry long,2022-09-15 06:35,QQQREP|L|v1.1.7-rep|P1/10/4,287.27,2638,757818.26,-2165.8,-0.29,2.64,5564.86,0.73,-2164.48,-0.29,199422.19,797.69,10
1663,Exit short,2022-09-16 07:10,STP,280.78,2583,722723.4,-2533.92,-0.35,2.58,2685.03,0.37,-2532.63,-0.35,196888.27,787.55,7
1663,Entry short,2022-09-16 06:35,QQQREP|S|v1.1.7-rep|P1/10/4,279.8,2583,722723.4,-2533.92,-0.35,2.58,2685.03,0.37,-2532.63,-0.35,196888.27,787.55,7
1664,Exit long,2022-09-19 12:55,EOD,284.59,1483,416900.96,5144.53,1.23,1.48,5293.57,1.27,-1024.01,-0.25,202032.8,808.13,76
1664,Entry long,2022-09-19 06:35,QQQREP|L|v1.1.7-rep|P1/10/4,281.12,1483,416900.96,5144.53,1.23,1.48,5293.57,1.27,-1024.01,-0.25,202032.8,808.13,76
1665,Exit long,2022-09-20 06:35,STP,281.9,3181,898950.6,-2229.88,-0.25,3.18,30.22,0.00,-2228.29,-0.25,199802.9,799.21,0
1665,Entry long,2022-09-20 06:35,QQQREP|L|v1.1.7-rep|P1/10/4,282.6,3181,898950.6,-2229.88,-0.25,3.18,30.22,0.00,-2228.29,-0.25,199802.9,799.21,0
1666,Exit short,2022-09-21 06:45,STP,283.5,2583,730084.95,-2198.13,-0.30,2.58,205.35,0.03,-2196.84,-0.30,197604.78,790.42,2
1666,Entry short,2022-09-21 06:35,QQQREP|S|v1.1.7-rep|P1/10/4,282.65,2583,730084.95,-2198.13,-0.30,2.58,205.35,0.03,-2196.84,-0.30,197604.78,790.42,2
1667,Exit long,2022-09-22 06:35,STP,275.42,3227,890361.57,-1584.46,-0.18,3.23,1966.86,0.22,-1582.84,-0.18,196020.33,784.08,0
1667,Entry long,2022-09-22 06:35,QQQREP|L|v1.1.7-rep|P1/10/4,275.91,3227,890361.57,-1584.46,-0.18,3.23,1966.86,0.22,-1582.84,-0.18,196020.33,784.08,0
1668,Exit long,2022-09-23 06:35,STP,270.6,2511,681761.61,-2287.52,-0.34,2.51,0,0.00,-2286.27,-0.34,193732.8,774.93,0
1668,Entry long,2022-09-23 06:35,QQQREP|L|v1.1.7-rep|P1/10/4,271.51,2511,681761.61,-2287.52,-0.34,2.51,0,0.00,-2286.27,-0.34,193732.8,774.93,0
1669,Exit long,2022-09-26 09:25,STP,268.61,1215,328560.3,-2200.36,-0.67,1.22,3425.69,1.04,-2199.76,-0.67,191532.44,766.13,34
1669,Entry long,2022-09-26 06:35,QQQREP|L|v1.1.7-rep|P1/10/4,270.42,1215,328560.3,-2200.36,-0.67,1.22,3425.69,1.04,-2199.76,-0.67,191532.44,766.13,34
1670,Exit long,2022-09-27 07:00,STP,271.4,1326,362024.52,-2149.45,-0.59,1.33,1192.74,0.33,-2148.78,-0.59,189382.98,757.53,5
1670,Entry long,2022-09-27 06:35,QQQREP|L|v1.1.7-rep|P1/10/4,273.02,1326,362024.52,-2149.45,-0.59,1.33,1192.74,0.33,-2148.78,-0.59,189382.98,757.53,5
1671,Exit short,2022-09-28 06:40,STP,268.57,1555,415480.45,-2147.45,-0.52,1.56,294.67,0.07,-2146.68,-0.52,187235.53,748.94,1
1671,Entry short,2022-09-28 06:35,QQQREP|S|v1.1.7-rep|P1/10/4,267.19,1555,415480.45,-2147.45,-0.52,1.56,294.67,0.07,-2146.68,-0.52,187235.53,748.94,1
1672,Exit short,2022-09-29 12:55,EOD,265.98,2973,800896.47,10134.96,1.27,2.97,19501.39,2.43,-90.68,-0.01,197370.5,789.48,76
1672,Entry short,2022-09-29 06:35,QQQREP|S|v1.1.7-rep|P1/10/4,269.39,2973,800896.47,10134.96,1.27,2.97,19501.39,2.43,-90.68,-0.01,197370.5,789.48,76
1673,Exit long,2022-09-30 06:35,STP,264.68,1749,465268.98,-2345.41,-0.50,1.75,278.97,0.06,-2344.53,-0.50,195025.08,780.10,0
1673,Entry long,2022-09-30 06:35,QQQREP|L|v1.1.7-rep|P1/10/4,266.02,1749,465268.98,-2345.41,-0.50,1.75,278.97,0.06,-2344.53,-0.50,195025.08,780.10,0
1674,Exit short,2022-10-03 06:45,STP,263.6,2083,546891.65,-2189.23,-0.40,2.08,2061.13,0.38,-2188.19,-0.40,192835.84,771.34,2
1674,Entry short,2022-10-03 06:35,QQQREP|S|v1.1.7-rep|P1/10/4,262.55,2083,546891.65,-2189.23,-0.40,2.08,2061.13,0.38,-2188.19,-0.40,192835.84,771.34,2
1675,Exit long,2022-10-04 12:55,EOD,275.86,2228,609981.84,4632.01,0.76,2.23,6059.05,0.99,-1783.51,-0.29,197467.86,789.87,76
1675,Entry long,2022-10-04 06:35,QQQREP|L|v1.1.7-rep|P1/10/4,273.78,2228,609981.84,4632.01,0.76,2.23,6059.05,0.99,-1783.51,-0.29,197467.86,789.87,76
1676,Exit long,2022-10-05 06:40,STP,271.89,1896,517778.64,-2277.1,-0.44,1.9,188.65,0.04,-2276.15,-0.44,195190.77,780.76,1
1676,Entry long,2022-10-05 06:35,QQQREP|L|v1.1.7-rep|P1/10/4,273.09,1896,517778.64,-2277.1,-0.44,1.9,188.65,0.04,-2276.15,-0.44,195190.77,780.76,1
1677,Exit long,2022-10-06 07:00,STP,274.67,1462,403789.78,-2223.7,-0.55,1.46,2367.71,0.59,-2222.97,-0.55,192967.06,771.87,5
1677,Entry long,2022-10-06 06:35,QQQREP|L|v1.1.7-rep|P1/10/4,276.19,1462,403789.78,-2223.7,-0.55,1.46,2367.71,0.59,-2222.97,-0.55,192967.06,771.87,5
1678,Exit short,2022-10-07 06:35,STP,268.9,3247,871754.56,-1366.99,-0.16,3.25,1394.59,0.16,-1365.36,-0.16,191600.08,766.40,0
1678,Entry short,2022-10-07 06:35,QQQREP|S|v1.1.7-rep|P1/10/4,268.48,3247,871754.56,-1366.99,-0.16,3.25,1394.59,0.16,-1365.36,-0.16,191600.08,766.40,0
1679,Exit short,2022-10-10 12:55,EOD,260.23,1560,409032,3071.64,0.75,1.56,6941.22,1.70,-484.38,-0.12,194671.72,778.69,76
1679,Entry short,2022-10-10 06:35,QQQREP|S|v1.1.7-rep|P1/10/4,262.2,1560,409032,3071.64,0.75,1.56,6941.22,1.70,-484.38,-0.12,194671.72,778.69,76
1680,Exit short,2022-10-11 08:35,STP,259.38,1988,513401,-2248.43,-0.44,1.99,5068.41,0.99,-2247.43,-0.44,192423.3,769.69,24
1680,Entry short,2022-10-11 06:35,QQQREP|S|v1.1.7-rep|P1/10/4,258.25,1988,513401,-2248.43,-0.44,1.99,5068.41,0.99,-2247.43,-0.44,192423.3,769.69,24
1681,Exit short,2022-10-12 06:35,STP,257.69,2269,582429.61,-2271.27,-0.39,2.27,89.63,0.02,-2270.13,-0.39,190152.02,760.61,0
1681,Entry short,2022-10-12 06:35,QQQREP|S|v1.1.7-rep|P1/10/4,256.69,2269,582429.61,-2271.27,-0.39,2.27,89.63,0.02,-2270.13,-0.39,190152.02,760.61,0
1682,Exit long,2022-10-13 08:40,TGT,262.85,1630,407304.4,21139.47,5.19,1.63,21140.29,5.19,-1793.81,-0.44,211291.48,845.17,25
1682,Entry long,2022-10-13 06:35,QQQREP|L|v1.1.7-rep|P1/10/4,249.88,1630,407304.4,21139.47,5.19,1.63,21140.29,5.19,-1793.81,-0.44,211291.48,845.17,25
1683,Exit short,2022-10-14 12:55,EOD,254.82,1245,328443.45,11191.31,3.41,1.25,11801.98,3.59,-2166.92,-0.66,222482.8,889.93,76
1683,Entry short,2022-10-14 06:35,QQQREP|S|v1.1.7-rep|P1/10/4,263.81,1245,328443.45,11191.31,3.41,1.25,11801.98,3.59,-2166.92,-0.66,222482.8,889.93,76
1684,Exit long,2022-10-17 12:55,EOD,263.45,2506,656221.16,3982.03,0.61,2.51,5837.73,0.89,-1404.61,-0.21,226464.83,905.86,76
1684,Entry long,2022-10-17 06:35,QQQREP|L|v1.1.7-rep|P1/10/4,261.86,2506,656221.16,3982.03,0.61,2.51,5837.73,0.89,-1404.61,-0.21,226464.83,905.86,76
1685,Exit short,2022-10-18 12:55,EOD,265.58,2074,559357.8,8542.81,1.53,2.07,14413.26,2.58,-1079.52,-0.19,235007.64,940.03,76
1685,Entry short,2022-10-18 06:35,QQQREP|S|v1.1.7-rep|P1/10/4,269.7,2074,559357.8,8542.81,1.53,2.07,14413.26,2.58,-1079.52,-0.19,235007.64,940.03,76
1686,Exit long,2022-10-19 06:40,STP,263.61,1528,405531.2,-2736.65,-0.67,1.53,717.4,0.18,-2735.88,-0.67,232270.98,929.08,1
1686,Entry long,2022-10-19 06:35,QQQREP|L|v1.1.7-rep|P1/10/4,265.4,1528,405531.2,-2736.65,-0.67,1.53,717.4,0.18,-2735.88,-0.67,232270.98,929.08,1
1687,Exit long,2022-10-20 06:35,STP,263.43,2685,709726.05,-2419.18,-0.34,2.69,0,0.00,-2417.84,-0.34,229851.8,919.41,0
1687,Entry long,2022-10-20 06:35,QQQREP|L|v1.1.7-rep|P1/10/4,264.33,2685,709726.05,-2419.18,-0.34,2.69,0,0.00,-2417.84,-0.34,229851.8,919.41,0
1688,Exit short,2022-10-21 06:40,STP,262.98,1967,514685.22,-2598.41,-0.50,1.97,1395.59,0.27,-2597.42,-0.50,227253.39,909.01,1
1688,Entry short,2022-10-21 06:35,QQQREP|S|v1.1.7-rep|P1/10/4,261.66,1967,514685.22,-2598.41,-0.50,1.97,1395.59,0.27,-2597.42,-0.50,227253.39,909.01,1
1689,Exit short,2022-10-24 06:35,STP,269.78,2132,572591.24,-2581.85,-0.45,2.13,233.45,0.04,-2580.79,-0.45,224671.55,898.69,0
1689,Entry short,2022-10-24 06:35,QQQREP|S|v1.1.7-rep|P1/10/4,268.57,2132,572591.24,-2581.85,-0.45,2.13,233.45,0.04,-2580.79,-0.45,224671.55,898.69,0
1690,Exit long,2022-10-25 12:55,EOD,277.9,2528,692950.08,9578.59,1.38,2.53,10414.1,1.50,-1821.42,-0.26,234250.14,937.00,76
1690,Entry long,2022-10-25 06:35,QQQREP|L|v1.1.7-rep|P1/10/4,274.11,2528,692950.08,9578.59,1.38,2.53,10414.1,1.50,-1821.42,-0.26,234250.14,937.00,76
1691,Exit long,2022-10-26 12:55,EOD,271.72,2389,650429.14,-1292.45,-0.20,2.39,12756.07,1.96,-2246.85,-0.35,232957.69,931.83,76
1691,Entry long,2022-10-26 06:35,QQQREP|L|v1.1.7-rep|P1/10/4,272.26,2389,650429.14,-1292.45,-0.20,2.39,12756.07,1.96,-2246.85,-0.35,232957.69,931.83,76
1692,Exit long,2022-10-27 06:35,STP,270.57,3068,832440.44,-2334.75,-0.28,3.07,918.87,0.11,-2333.21,-0.28,230622.94,922.49,0
1692,Entry long,2022-10-27 06:35,QQQREP|L|v1.1.7-rep|P1/10/4,271.33,3068,832440.44,-2334.75,-0.28,3.07,918.87,0.11,-2333.21,-0.28,230622.94,922.49,0
1693,Exit long,2022-10-28 12:55,EOD,274.94,1376,368575.36,9740.7,2.64,1.38,10346.83,2.81,-936.37,-0.25,240363.64,961.45,76
1693,Entry long,2022-10-28 06:35,QQQREP|L|v1.1.7-rep|P1/10/4,267.86,1376,368575.36,9740.7,2.64,1.38,10346.83,2.81,-936.37,-0.25,240363.64,961.45,76
1694,Exit short,2022-10-31 12:55,EOD,271.74,3084,840852.6,2803.36,0.33,3.08,8695.34,1.03,-1975.3,-0.23,243167,972.67,76
1694,Entry short,2022-10-31 06:35,QQQREP|S|v1.1.7-rep|P1/10/4,272.65,3084,840852.6,2803.36,0.33,3.08,8695.34,1.03,-1975.3,-0.23,243167,972.67,76
1695,Exit short,2022-11-01 07:10,TGT,270.56,3896,1072490.88,18385.22,1.71,3.9,18387.17,1.71,-1326.59,-0.12,261552.22,1046.21,7
1695,Entry short,2022-11-01 06:35,QQQREP|S|v1.1.7-rep|P1/10/4,275.28,3896,1072490.88,18385.22,1.71,3.9,18387.17,1.71,-1326.59,-0.12,261552.22,1046.21,7
1696,Exit short,2022-11-02 11:00,STP,269.16,2344,627957.6,-2955.78,-0.47,2.34,5272.83,0.84,-2954.61,-0.47,258596.44,1034.39,53
1696,Entry short,2022-11-02 06:35,QQQREP|S|v1.1.7-rep|P1/10/4,267.9,2344,627957.6,-2955.78,-0.47,2.34,5272.83,0.84,-2954.61,-0.47,258596.44,1034.39,53
1697,Exit long,2022-11-03 06:40,STP,256.24,3119,801988.47,-2779.03,-0.35,3.12,840.57,0.10,-2777.47,-0.35,255817.4,1023.27,1
1697,Entry long,2022-11-03 06:35,QQQREP|L|v1.1.7-rep|P1/10/4,257.13,3119,801988.47,-2779.03,-0.35,3.12,840.57,0.10,-2777.47,-0.35,255817.4,1023.27,1
1698,Exit short,2022-11-04 07:40,STP,260.44,1201,309918.05,-2871.59,-0.93,1.2,3974.71,1.28,-2870.99,-0.93,252945.81,1011.78,13
1698,Entry short,2022-11-04 06:35,QQQREP|S|v1.1.7-rep|P1/10/4,258.05,1201,309918.05,-2871.59,-0.93,1.2,3974.71,1.28,-2870.99,-0.93,252945.81,1011.78,13
1699,Exit short,2022-11-07 11:15,STP,260.53,2098,543675.72,-2918.32,-0.54,2.1,2978.11,0.55,-2917.27,-0.54,250027.5,1000.11,56
1699,Entry short,2022-11-07 06:35,QQQREP|S|v1.1.7-rep|P1/10/4,259.14,2098,543675.72,-2918.32,-0.54,2.1,2978.11,0.55,-2917.27,-0.54,250027.5,1000.11,56
1700,Exit short,2022-11-08 06:55,STP,263.25,3430,900066.3,-2884.63,-0.32,3.43,3222.49,0.36,-2882.91,-0.32,247142.88,988.57,4
1700,Entry short,2022-11-08 06:35,QQQREP|S|v1.1.7-rep|P1/10/4,262.41,3430,900066.3,-2884.63,-0.32,3.43,3222.49,0.36,-2882.91,-0.32,247142.88,988.57,4
1701,Exit short,2022-11-09 06:45,STP,261.78,3479,907914.63,-2821.47,-0.31,3.48,937.59,0.10,-2819.73,-0.31,244321.4,977.29,2
1701,Entry short,2022-11-09 06:35,QQQREP|S|v1.1.7-rep|P1/10/4,260.97,3479,907914.63,-2821.47,-0.31,3.48,937.59,0.10,-2819.73,-0.31,244321.4,977.29,2
1702,Exit short,2022-11-10 06:50,STP,270.77,2040,549718.8,-2654.04,-0.48,2.04,3528.18,0.64,-2653.02,-0.48,241667.36,966.67,3
1702,Entry short,2022-11-10 06:35,QQQREP|S|v1.1.7-rep|P1/10/4,269.47,2040,549718.8,-2654.04,-0.48,2.04,3528.18,0.64,-2653.02,-0.48,241667.36,966.67,3
1703,Exit short,2022-11-11 06:45,STP,276.72,1962,540177.84,-2748.76,-0.51,1.96,803.44,0.15,-2747.78,-0.51,238918.6,955.67,2
1703,Entry short,2022-11-11 06:35,QQQREP|S|v1.1.7-rep|P1/10/4,275.32,1962,540177.84,-2748.76,-0.51,1.96,803.44,0.15,-2747.78,-0.51,238918.6,955.67,2
1704,Exit short,2022-11-14 07:05,STP,280.02,2726,760635.78,-2701.47,-0.36,2.73,2561.08,0.34,-2700.1,-0.35,236217.14,944.87,6
1704,Entry short,2022-11-14 06:35,QQQREP|S|v1.1.7-rep|P1/10/4,279.03,2726,760635.78,-2701.47,-0.36,2.73,2561.08,0.34,-2700.1,-0.35,236217.14,944.87,6
1705,Exit long,2022-11-15 06:35,STP,285.67,3657,1044841.47,-149.94,-0.01,3.66,0,0.00,-148.11,-0.01,236067.2,944.27,0
1705,Entry long,2022-11-15 06:35,QQQREP|L|v1.1.7-rep|P1/10/4,285.71,3657,1044841.47,-149.94,-0.01,3.66,0,0.00,-148.11,-0.01,236067.2,944.27,0
1706,Exit long,2022-11-16 06:45,STP,280.26,2752,773834.88,-2562.11,-0.33,2.75,0,0.00,-2560.74,-0.33,233505.08,934.02,2
1706,Entry long,2022-11-16 06:35,QQQREP|L|v1.1.7-rep|P1/10/4,281.19,2752,773834.88,-2562.11,-0.33,2.75,0,0.00,-2560.74,-0.33,233505.08,934.02,2
1707,Exit long,2022-11-17 12:55,EOD,278.45,3074,846548.86,9403.37,1.11,3.07,13892.94,1.64,-1077.44,-0.13,242908.45,971.63,76
1707,Entry long,2022-11-17 06:35,QQQREP|L|v1.1.7-rep|P1/10/4,275.39,3074,846548.86,9403.37,1.11,3.07,13892.94,1.64,-1077.44,-0.13,242908.45,971.63,76
1708,Exit short,2022-11-18 12:55,EOD,278.42,1593,445801.05,2276.4,0.51,1.59,6100.39,1.37,-653.93,-0.15,245184.84,980.74,76
1708,Entry short,2022-11-18 06:35,QQQREP|S|v1.1.7-rep|P1/10/4,279.85,1593,445801.05,2276.4,0.51,1.59,6100.39,1.37,-653.93,-0.15,245184.84,980.74,76
1709,Exit short,2022-11-21 06:50,STP,278.06,2159,597546.43,-2787.27,-0.47,2.16,430.72,0.07,-2786.19,-0.47,242397.58,969.59,3
1709,Entry short,2022-11-21 06:35,QQQREP|S|v1.1.7-rep|P1/10/4,276.77,2159,597546.43,-2787.27,-0.47,2.16,430.72,0.07,-2786.19,-0.47,242397.58,969.59,3
1710,Exit short,2022-11-22 07:45,STP,276.58,3217,887087.75,-2673.33,-0.30,3.22,5016.91,0.57,-2671.72,-0.30,239724.25,958.90,14
1710,Entry short,2022-11-22 06:35,QQQREP|S|v1.1.7-rep|P1/10/4,275.75,3217,887087.75,-2673.33,-0.30,3.22,5016.91,0.57,-2671.72,-0.30,239724.25,958.90,14
1711,Exit long,2022-11-23 09:55,STP,279.49,3781,1058906.86,-2158.95,-0.20,3.78,10509.29,0.99,-2157.06,-0.20,237565.3,950.26,40
1711,Entry long,2022-11-23 06:35,QQQREP|L|v1.1.7-rep|P1/10/4,280.06,3781,1058906.86,-2158.95,-0.20,3.78,10509.29,0.99,-2157.06,-0.20,237565.3,950.26,40
1712,Exit short,2022-11-25 06:35,STP,280.94,3197,895479.7,-2688.68,-0.30,3.2,126.28,0.01,-2687.08,-0.30,234876.62,939.51,0
1712,Entry short,2022-11-25 06:35,QQQREP|S|v1.1.7-rep|P1/10/4,280.1,3197,895479.7,-2688.68,-0.30,3.2,126.28,0.01,-2687.08,-0.30,234876.62,939.51,0
1713,Exit long,2022-11-28 07:25,STP,278.31,1998,558700.74,-2639.36,-0.47,2,1817.18,0.33,-2638.36,-0.47,232237.27,928.95,10
1713,Entry long,2022-11-28 06:35,QQQREP|L|v1.1.7-rep|P1/10/4,279.63,1998,558700.74,-2639.36,-0.47,2,1817.18,0.33,-2638.36,-0.47,232237.27,928.95,10
1714,Exit short,2022-11-29 07:30,STP,276.74,3720,1028766,-710.52,-0.07,3.72,5057.34,0.49,-708.66,-0.07,231526.75,926.11,11
1714,Entry short,2022-11-29 06:35,QQQREP|S|v1.1.7-rep|P1/10/4,276.55,3720,1028766,-710.52,-0.07,3.72,5057.34,0.49,-708.66,-0.07,231526.75,926.11,11
1715,Exit long,2022-11-30 08:00,STP,274.2,2281,627890.87,-2442.95,-0.39,2.28,888.45,0.14,-2441.81,-0.39,229083.8,916.34,17
1715,Entry long,2022-11-30 06:35,QQQREP|L|v1.1.7-rep|P1/10/4,275.27,2281,627890.87,-2442.95,-0.39,2.28,888.45,0.14,-2441.81,-0.39,229083.8,916.34,17
1716,Exit long,2022-12-01 07:10,STP,286.51,2406,691989.66,-2649.01,-0.38,2.41,3463.44,0.50,-2647.8,-0.38,226434.78,905.74,7
1716,Entry long,2022-12-01 06:35,QQQREP|L|v1.1.7-rep|P1/10/4,287.61,2406,691989.66,-2649.01,-0.38,2.41,3463.44,0.50,-2647.8,-0.38,226434.78,905.74,7
1717,Exit long,2022-12-02 06:50,STP,282.03,1811,513201.18,-2446.66,-0.48,1.81,488.06,0.10,-2445.76,-0.48,223988.12,895.95,3
1717,Entry long,2022-12-02 06:35,QQQREP|L|v1.1.7-rep|P1/10/4,283.38,1811,513201.18,-2446.66,-0.48,1.81,488.06,0.10,-2445.76,-0.48,223988.12,895.95,3
1718,Exit long,2022-12-05 07:00,STP,283.69,3183,905468.01,-2485.92,-0.27,3.18,2131.02,0.24,-2484.33,-0.27,221502.2,886.01,5
1718,Entry long,2022-12-05 06:35,QQQREP|L|v1.1.7-rep|P1/10/4,284.47,3183,905468.01,-2485.92,-0.27,3.18,2131.02,0.24,-2484.33,-0.27,221502.2,886.01,5
1719,Exit short,2022-12-06 12:55,EOD,275.42,3037,851453.32,14999.74,1.76,3.04,19344.17,2.27,-1003.73,-0.12,236501.95,946.01,76
1719,Entry short,2022-12-06 06:35,QQQREP|S|v1.1.7-rep|P1/10/4,280.36,3037,851453.32,14999.74,1.76,3.04,19344.17,2.27,-1003.73,-0.12,236501.95,946.01,76
1720,Exit long,2022-12-07 06:45,STP,273.86,1832,504349.6,-2639.91,-0.52,1.83,1666.2,0.33,-2639,-0.52,233862.03,935.45,2
1720,Entry long,2022-12-07 06:35,QQQREP|L|v1.1.7-rep|P1/10/4,275.3,1832,504349.6,-2639.91,-0.52,1.83,1666.2,0.33,-2639,-0.52,233862.03,935.45,2
1721,Exit short,2022-12-08 06:55,STP,275.79,2021,554663.45,-2710.16,-0.49,2.02,1797.68,0.32,-2709.15,-0.49,231151.88,924.61,4
1721,Entry short,2022-12-08 06:35,QQQREP|S|v1.1.7-rep|P1/10/4,274.45,2021,554663.45,-2710.16,-0.49,2.02,1797.68,0.32,-2709.15,-0.49,231151.88,924.61,4
1722,Exit short,2022-12-09 06:35,STP,276.88,3708,1024483.32,-2191.43,-0.21,3.71,1370.11,0.13,-2189.57,-0.21,228960.45,915.84,0
1722,Entry short,2022-12-09 06:35,QQQREP|S|v1.1.7-rep|P1/10/4,276.29,3708,1024483.32,-2191.43,-0.21,3.71,1370.11,0.13,-2189.57,-0.21,228960.45,915.84,0
1723,Exit long,2022-12-12 06:35,STP,275.78,3680,1015753.6,-886.88,-0.09,3.68,1175.76,0.12,-885.04,-0.09,228073.56,912.29,0
1723,Entry long,2022-12-12 06:35,QQQREP|L|v1.1.7-rep|P1/10/4,276.02,3680,1015753.6,-886.88,-0.09,3.68,1175.76,0.12,-885.04,-0.09,228073.56,912.29,0
1724,Exit short,2022-12-13 06:45,STP,290.22,1307,376808.1,-2510.75,-0.67,1.31,1071.09,0.28,-2510.09,-0.67,225562.81,902.25,2
1724,Entry short,2022-12-13 06:35,QQQREP|S|v1.1.7-rep|P1/10/4,288.3,1307,376808.1,-2510.75,-0.67,1.31,1071.09,0.28,-2510.09,-0.67,225562.81,902.25,2
1725,Exit long,2022-12-14 11:00,STP,281.6,1898,537058.08,-2583.18,-0.48,1.9,3662.19,0.68,-2582.23,-0.48,222979.64,891.92,53
1725,Entry long,2022-12-14 06:35,QQQREP|L|v1.1.7-rep|P1/10/4,282.96,1898,537058.08,-2583.18,-0.48,1.9,3662.19,0.68,-2582.23,-0.48,222979.64,891.92,53
1726,Exit short,2022-12-15 12:55,EOD,270.73,1425,391803.75,6012.08,1.53,1.43,7765.54,1.98,-613.46,-0.16,228991.72,915.97,76
1726,Entry short,2022-12-15 06:35,QQQREP|S|v1.1.7-rep|P1/10/4,274.95,1425,391803.75,6012.08,1.53,1.43,7765.54,1.98,-613.46,-0.16,228991.72,915.97,76
1727,Exit long,2022-12-16 06:40,STP,269.54,3092,835953.12,-2538.53,-0.30,3.09,678.69,0.08,-2536.99,-0.30,226453.19,905.81,1
1727,Entry long,2022-12-16 06:35,QQQREP|L|v1.1.7-rep|P1/10/4,270.36,3092,835953.12,-2538.53,-0.30,3.09,678.69,0.08,-2536.99,-0.30,226453.19,905.81,1
1728,Exit short,2022-12-19 12:55,EOD,264.44,1699,453582.03,4296.77,0.95,1.7,6557.29,1.45,-1394.03,-0.31,230749.95,923.00,76
1728,Entry short,2022-12-19 06:35,QQQREP|S|v1.1.7-rep|P1/10/4,266.97,1699,453582.03,4296.77,0.95,1.7,6557.29,1.45,-1394.03,-0.31,230749.95,923.00,76
1729,Exit short,2022-12-20 06:55,STP,263.61,3888,1022816.16,-2103.41,-0.21,3.89,5713.42,0.56,-2101.46,-0.21,228646.55,914.59,4
1729,Entry short,2022-12-20 06:35,QQQREP|S|v1.1.7-rep|P1/10/4,263.07,3888,1022816.16,-2103.41,-0.21,3.89,5713.42,0.56,-2101.46,-0.21,228646.55,914.59,4
1730,Exit short,2022-12-21 06:35,STP,265.47,2488,658051.12,-2440.73,-0.37,2.49,371.96,0.06,-2439.48,-0.37,226205.81,904.82,0
1730,Entry short,2022-12-21 06:35,QQQREP|S|v1.1.7-rep|P1/10/4,264.49,2488,658051.12,-2440.73,-0.37,2.49,371.96,0.06,-2439.48,-0.37,226205.81,904.82,0
1731,Exit short,2022-12-22 12:55,EOD,261.47,1664,438414.08,3326.34,0.76,1.66,10432.45,2.38,-416.83,-0.10,229532.16,918.13,76
1731,Entry short,2022-12-22 06:35,QQQREP|S|v1.1.7-rep|P1/10/4,263.47,1664,438414.08,3326.34,0.76,1.66,10432.45,2.38,-416.83,-0.10,229532.16,918.13,76
1732,Exit short,2022-12-23 07:25,STP,261.39,1675,435265.5,-2564.43,-0.59,1.68,2695.91,0.62,-2563.59,-0.59,226967.73,907.87,10
1732,Entry short,2022-12-23 06:35,QQQREP|S|v1.1.7-rep|P1/10/4,259.86,1675,435265.5,-2564.43,-0.59,1.68,2695.91,0.62,-2563.59,-0.59,226967.73,907.87,10
1733,Exit short,2022-12-27 12:55,EOD,258.25,2764,720326.04,6520.28,0.91,2.76,7820.74,1.09,-84.3,-0.01,233488,933.95,76
1733,Entry short,2022-12-27 06:35,QQQREP|S|v1.1.7-rep|P1/10/4,260.61,2764,720326.04,6520.28,0.91,2.76,7820.74,1.09,-84.3,-0.01,233488,933.95,76
1734,Exit long,2022-12-28 07:55,STP,256.97,962,249821.78,-2617.6,-1.05,0.96,442.04,0.18,-2617.12,-1.05,230870.4,923.48,16
1734,Entry long,2022-12-28 06:35,QQQREP|L|v1.1.7-rep|P1/10/4,259.69,962,249821.78,-2617.6,-1.05,0.96,442.04,0.18,-2617.12,-1.05,230870.4,923.48,16
1735,Exit long,2022-12-29 12:55,EOD,261.18,2807,723981.44,9148.01,1.26,2.81,11591.51,1.60,-394.38,-0.05,240018.42,960.07,76
1735,Entry long,2022-12-29 06:35,QQQREP|L|v1.1.7-rep|P1/10/4,257.92,2807,723981.44,9148.01,1.26,2.81,11591.51,1.60,-394.38,-0.05,240018.42,960.07,76
1736,Exit long,2022-12-30 06:45,STP,257.7,2096,542884.96,-2747.86,-0.51,2.1,40.87,0.01,-2746.81,-0.51,237270.56,949.08,2
1736,Entry long,2022-12-30 06:35,QQQREP|L|v1.1.7-rep|P1/10/4,259.01,2096,542884.96,-2747.86,-0.51,2.1,40.87,0.01,-2746.81,-0.51,237270.56,949.08,2
1737,Exit short,2023-01-03 06:35,STP,263.84,3878,1020650.82,-2524.58,-0.25,3.88,1626.82,0.16,-2522.64,-0.25,234745.98,938.98,0
1737,Entry short,2023-01-03 06:35,QQQREP|S|v1.1.7-rep|P1/10/4,263.19,3878,1020650.82,-2524.58,-0.25,3.88,1626.82,0.16,-2522.64,-0.25,234745.98,938.98,0
1738,Exit short,2023-01-04 06:40,STP,261.47,1840,478602.4,-2504.24,-0.52,1.84,0,0.00,-2503.32,-0.52,232241.75,928.97,1
1738,Entry short,2023-01-04 06:35,QQQREP|S|v1.1.7-rep|P1/10/4,260.11,1840,478602.4,-2504.24,-0.52,1.84,0,0.00,-2503.32,-0.52,232241.75,928.97,1
1739,Exit short,2023-01-05 07:05,STP,258.81,2066,532015.66,-2687.87,-0.51,2.07,2560.81,0.48,-2686.83,-0.51,229553.88,918.22,6
1739,Entry short,2023-01-05 06:35,QQQREP|S|v1.1.7-rep|P1/10/4,257.51,2066,532015.66,-2687.87,-0.51,2.07,2560.81,0.48,-2686.83,-0.51,229553.88,918.22,6
1740,Exit long,2023-01-06 06:35,STP,257.15,1519,393208.34,-2599.01,-0.66,1.52,667.6,0.17,-2598.25,-0.66,226954.88,907.82,0
1740,Entry long,2023-01-06 06:35,QQQREP|L|v1.1.7-rep|P1/10/4,258.86,1519,393208.34,-2599.01,-0.66,1.52,667.6,0.17,-2598.25,-0.66,226954.88,907.82,0
1741,Exit long,2023-01-09 06:35,STP,265.4,3790,1008102.1,-2239.89,-0.22,3.79,566.61,0.06,-2237.99,-0.22,224714.98,898.86,0
1741,Entry long,2023-01-09 06:35,QQQREP|L|v1.1.7-rep|P1/10/4,265.99,3790,1008102.1,-2239.89,-0.22,3.79,566.61,0.06,-2237.99,-0.22,224714.98,898.86,0
1742,Exit long,2023-01-10 07:40,STP,264.01,1070,285133.6,-2643.97,-0.93,1.07,994.57,0.35,-2643.43,-0.93,222071.02,888.28,13
1742,Entry long,2023-01-10 06:35,QQQREP|L|v1.1.7-rep|P1/10/4,266.48,1070,285133.6,-2643.97,-0.93,1.07,994.57,0.35,-2643.43,-0.93,222071.02,888.28,13
1743,Exit short,2023-01-11 06:35,STP,269,3191,855858.11,-2524.08,-0.29,3.19,0,0.00,-2522.49,-0.29,219546.92,878.19,0
1743,Entry short,2023-01-11 06:35,QQQREP|S|v1.1.7-rep|P1/10/4,268.21,3191,855858.11,-2524.08,-0.29,3.19,0,0.00,-2522.49,-0.29,219546.92,878.19,0
1744,Exit short,2023-01-12 09:15,STP,273.17,1394,378261.9,-2538.47,-0.67,1.39,4278.88,1.13,-2537.78,-0.67,217008.45,868.03,32
1744,Entry short,2023-01-12 06:35,QQQREP|S|v1.1.7-rep|P1/10/4,271.35,1394,378261.9,-2538.47,-0.67,1.39,4278.88,1.13,-2537.78,-0.67,217008.45,868.03,32
1745,Exit long,2023-01-13 06:40,STP,270.82,3086,838065.02,-2317.59,-0.28,3.09,1232.86,0.15,-2316.04,-0.28,214690.88,858.76,1
1745,Entry long,2023-01-13 06:35,QQQREP|L|v1.1.7-rep|P1/10/4,271.57,3086,838065.02,-2317.59,-0.28,3.09,1232.86,0.15,-2316.04,-0.28,214690.88,858.76,1
1746,Exit short,2023-01-17 06:50,STP,275.63,3486,958545.42,-2304.25,-0.24,3.49,3414.54,0.36,-2302.5,-0.24,212386.62,849.55,3
1746,Entry short,2023-01-17 06:35,QQQREP|S|v1.1.7-rep|P1/10/4,274.97,3486,958545.42,-2304.25,-0.24,3.49,3414.54,0.36,-2302.5,-0.24,212386.62,849.55,3
1747,Exit long,2023-01-18 06:35,STP,277.11,3419,949456.3,-2020.63,-0.21,3.42,989.8,0.10,-2018.92,-0.21,210366,841.46,0
1747,Entry long,2023-01-18 06:35,QQQREP|L|v1.1.7-rep|P1/10/4,277.7,3419,949456.3,-2020.63,-0.21,3.42,989.8,0.10,-2018.92,-0.21,210366,841.46,0
1748,Exit long,2023-01-19 06:40,STP,270.49,3160,857244.8,-2499.56,-0.29,3.16,1167.62,0.14,-2497.98,-0.29,207866.44,831.47,1
1748,Entry long,2023-01-19 06:35,QQQREP|L|v1.1.7-rep|P1/10/4,271.28,3160,857244.8,-2499.56,-0.29,3.16,1167.62,0.14,-2497.98,-0.29,207866.44,831.47,1
1749,Exit short,2023-01-20 06:40,STP,271.25,2828,764917.44,-2180.39,-0.29,2.83,818.71,0.11,-2178.97,-0.28,205686.05,822.74,1
1749,Entry short,2023-01-20 06:35,QQQREP|S|v1.1.7-rep|P1/10/4,270.48,2828,764917.44,-2180.39,-0.29,2.83,818.71,0.11,-2178.97,-0.28,205686.05,822.74,1
1750,Exit short,2023-01-23 06:35,STP,278.07,3324,922609.44,-1698.56,-0.18,3.32,463.7,0.05,-1696.9,-0.18,203987.48,815.95,0
1750,Entry short,2023-01-23 06:35,QQQREP|S|v1.1.7-rep|P1/10/4,277.56,3324,922609.44,-1698.56,-0.18,3.32,463.7,0.05,-1696.9,-0.18,203987.48,815.95,0
1751,Exit long,2023-01-24 07:05,STP,281.1,3250,916012.5,-2440.75,-0.27,3.25,6140.88,0.67,-2439.12,-0.27,201546.73,806.19,6
1751,Entry long,2023-01-24 06:35,QQQREP|L|v1.1.7-rep|P1/10/4,281.85,3250,916012.5,-2440.75,-0.27,3.25,6140.88,0.67,-2439.12,-0.27,201546.73,806.19,6
1752,Exit short,2023-01-25 06:40,STP,278.1,3265,906037.5,-1962.26,-0.22,3.27,912.57,0.10,-1960.63,-0.22,199584.47,798.34,1
1752,Entry short,2023-01-25 06:35,QQQREP|S|v1.1.7-rep|P1/10/4,277.5,3265,906037.5,-1962.26,-0.22,3.27,912.57,0.10,-1960.63,-0.22,199584.47,798.34,1
1753,Exit long,2023-01-26 06:40,STP,285.37,3142,898234.96,-1605.56,-0.18,3.14,2763.39,0.31,-1603.99,-0.18,197978.9,791.92,1
1753,Entry long,2023-01-26 06:35,QQQREP|L|v1.1.7-rep|P1/10/4,285.88,3142,898234.96,-1605.56,-0.18,3.14,2763.39,0.31,-1603.99,-0.18,197978.9,791.92,1
1754,Exit long,2023-01-27 12:55,EOD,290.26,2345,672968.1,7689.26,1.14,2.35,12450.78,1.85,-493.62,-0.07,205668.16,822.67,76
1754,Entry long,2023-01-27 06:35,QQQREP|L|v1.1.7-rep|P1/10/4,286.98,2345,672968.1,7689.26,1.14,2.35,12450.78,1.85,-493.62,-0.07,205668.16,822.67,76
1755,Exit short,2023-01-30 06:45,STP,287.69,2504,718047.04,-2331.22,-0.32,2.5,649.79,0.09,-2329.97,-0.32,203336.94,813.35,2
1755,Entry short,2023-01-30 06:35,QQQREP|S|v1.1.7-rep|P1/10/4,286.76,2504,718047.04,-2331.22,-0.32,2.5,649.79,0.09,-2329.97,-0.32,203336.94,813.35,2
1756,Exit long,2023-01-31 12:55,EOD,288.77,1765,504366.4,5310.89,1.05,1.77,5400.02,1.07,-2118.88,-0.42,208647.81,834.59,76
1756,Entry long,2023-01-31 06:35,QQQREP|L|v1.1.7-rep|P1/10/4,285.76,1765,504366.4,5310.89,1.05,1.77,5400.02,1.07,-2118.88,-0.42,208647.81,834.59,76
1757,Exit short,2023-02-01 06:55,STP,288.79,2360,679090,-2456.76,-0.36,2.36,494.42,0.07,-2455.58,-0.36,206191.06,824.76,4
1757,Entry short,2023-02-01 06:35,QQQREP|S|v1.1.7-rep|P1/10/4,287.75,2360,679090,-2456.76,-0.36,2.36,494.42,0.07,-2455.58,-0.36,206191.06,824.76,4
1758,Exit long,2023-02-02 06:35,STP,301.31,2912,879802.56,-2390.75,-0.27,2.91,843.02,0.10,-2389.3,-0.27,203800.31,815.20,0
1758,Entry long,2023-02-02 06:35,QQQREP|L|v1.1.7-rep|P1/10/4,302.13,2912,879802.56,-2390.75,-0.27,2.91,843.02,0.10,-2389.3,-0.27,203800.31,815.20,0
1759,Exit long,2023-02-03 12:55,EOD,300.05,1450,435130.5,-59.45,-0.01,1.45,8757.28,2.01,-1523.22,-0.35,203740.86,814.96,76
1759,Entry long,2023-02-03 06:35,QQQREP|L|v1.1.7-rep|P1/10/4,300.09,1450,435130.5,-59.45,-0.01,1.45,8757.28,2.01,-1523.22,-0.35,203740.86,814.96,76
1760,Exit long,2023-02-06 07:20,STP,297.25,1741,519827.78,-2317.27,-0.45,1.74,1409.34,0.27,-2316.4,-0.45,201423.6,805.69,9
1760,Entry long,2023-02-06 06:35,QQQREP|L|v1.1.7-rep|P1/10/4,298.58,1741,519827.78,-2317.27,-0.45,1.74,1409.34,0.27,-2316.4,-0.45,201423.6,805.69,9
1761,Exit long,2023-02-07 06:35,STP,297.16,3045,905583,-733.84,-0.08,3.05,0,0.00,-732.32,-0.08,200689.73,802.76,0
1761,Entry long,2023-02-07 06:35,QQQREP|L|v1.1.7-rep|P1/10/4,297.4,3045,905583,-733.84,-0.08,3.05,0,0.00,-732.32,-0.08,200689.73,802.76,0
1762,Exit short,2023-02-08 06:35,STP,302.84,2987,902820.75,-1765.32,-0.20,2.99,356.95,0.04,-1763.82,-0.20,198924.42,795.70,0
1762,Entry short,2023-02-08 06:35,QQQREP|S|v1.1.7-rep|P1/10/4,302.25,2987,902820.75,-1765.32,-0.20,2.99,356.95,0.04,-1763.82,-0.20,198924.42,795.70,0
1763,Exit short,2023-02-09 12:55,EOD,295.59,2720,821385.6,17378.08,2.12,2.72,21187.44,2.58,-790.16,-0.10,216302.5,865.21,76
1763,Entry short,2023-02-09 06:35,QQQREP|S|v1.1.7-rep|P1/10/4,301.98,2720,821385.6,17378.08,2.12,2.72,21187.44,2.58,-790.16,-0.10,216302.5,865.21,76
1764,Exit long,2023-02-10 06:40,STP,293.33,2487,731899.23,-2390.01,-0.33,2.49,1490.96,0.20,-2388.76,-0.33,213912.5,855.65,1
1764,Entry long,2023-02-10 06:35,QQQREP|L|v1.1.7-rep|P1/10/4,294.29,2487,731899.23,-2390.01,-0.33,2.49,1490.96,0.20,-2388.76,-0.33,213912.5,855.65,1
1765,Exit short,2023-02-13 06:40,STP,295.3,2649,779918.58,-2333.77,-0.30,2.65,1243.71,0.16,-2332.44,-0.30,211578.73,846.31,1
1765,Entry short,2023-02-13 06:35,QQQREP|S|v1.1.7-rep|P1/10/4,294.42,2649,779918.58,-2333.77,-0.30,2.65,1243.71,0.16,-2332.44,-0.30,211578.73,846.31,1
1766,Exit short,2023-02-14 06:35,STP,296.91,3194,946094.74,-2238.99,-0.24,3.19,701.08,0.07,-2237.4,-0.24,209339.73,837.36,0
1766,Entry short,2023-02-14 06:35,QQQREP|S|v1.1.7-rep|P1/10/4,296.21,3194,946094.74,-2238.99,-0.24,3.19,701.08,0.07,-2237.4,-0.24,209339.73,837.36,0
1767,Exit long,2023-02-15 06:50,STP,298.76,2440,731316.8,-2344.84,-0.32,2.44,2219.18,0.30,-2343.62,-0.32,206994.89,827.98,3
1767,Entry long,2023-02-15 06:35,QQQREP|L|v1.1.7-rep|P1/10/4,299.72,2440,731316.8,-2344.84,-0.32,2.44,2219.18,0.30,-2343.62,-0.32,206994.89,827.98,3
1768,Exit long,2023-02-16 06:35,STP,298.25,3105,927774,-1710.85,-0.18,3.11,215.8,0.02,-1709.3,-0.18,205284.05,821.14,0
1768,Entry long,2023-02-16 06:35,QQQREP|L|v1.1.7-rep|P1/10/4,298.8,3105,927774,-1710.85,-0.18,3.11,215.8,0.02,-1709.3,-0.18,205284.05,821.14,0
1769,Exit long,2023-02-17 06:35,STP,294.68,2281,674537.32,-2374.52,-0.35,2.28,341.01,0.05,-2373.38,-0.35,202909.52,811.64,0
1769,Entry long,2023-02-17 06:35,QQQREP|L|v1.1.7-rep|P1/10/4,295.72,2281,674537.32,-2374.52,-0.35,2.28,341.01,0.05,-2373.38,-0.35,202909.52,811.64,0
1770,Exit long,2023-02-21 06:55,STP,291.11,3124,911676.92,-2252.4,-0.25,3.12,2872.52,0.32,-2250.84,-0.25,200657.11,802.63,4
1770,Entry long,2023-02-21 06:35,QQQREP|L|v1.1.7-rep|P1/10/4,291.83,3124,911676.92,-2252.4,-0.25,3.12,2872.52,0.32,-2250.84,-0.25,200657.11,802.63,4
1771,Exit long,2023-02-22 07:00,STP,288.67,3121,902312.31,-1376.36,-0.15,3.12,2932.18,0.32,-1374.8,-0.15,199280.75,797.12,5
1771,Entry long,2023-02-22 06:35,QQQREP|L|v1.1.7-rep|P1/10/4,289.11,3121,902312.31,-1376.36,-0.15,3.12,2932.18,0.32,-1374.8,-0.15,199280.75,797.12,5
1772,Exit short,2023-02-23 12:55,EOD,290.91,3051,889213.95,1644.49,0.18,3.05,14490.73,1.63,-1832.13,-0.21,200925.25,803.70,76
1772,Entry short,2023-02-23 06:35,QQQREP|S|v1.1.7-rep|P1/10/4,291.45,3051,889213.95,1644.49,0.18,3.05,14490.73,1.63,-1832.13,-0.21,200925.25,803.70,76
1773,Exit long,2023-02-24 06:45,STP,285.52,2426,694951.96,-2282.87,-0.33,2.43,1551.43,0.22,-2281.65,-0.33,198642.38,794.57,2
1773,Entry long,2023-02-24 06:35,QQQREP|L|v1.1.7-rep|P1/10/4,286.46,2426,694951.96,-2282.87,-0.33,2.43,1551.43,0.22,-2281.65,-0.33,198642.38,794.57,2
1774,Exit short,2023-02-27 06:55,STP,289.46,3094,894413.52,-1178.81,-0.13,3.09,1545.45,0.17,-1177.27,-0.13,197463.56,789.85,4
1774,Entry short,2023-02-27 06:35,QQQREP|S|v1.1.7-rep|P1/10/4,289.08,3094,894413.52,-1178.81,-0.13,3.09,1545.45,0.17,-1177.27,-0.13,197463.56,789.85,4
1775,Exit short,2023-02-28 06:35,STP,287.78,3097,889891.98,-1365.78,-0.15,3.1,153.3,0.02,-1364.23,-0.15,196097.78,784.39,0
1775,Entry short,2023-02-28 06:35,QQQREP|S|v1.1.7-rep|P1/10/4,287.34,3097,889891.98,-1365.78,-0.15,3.1,153.3,0.02,-1364.23,-0.15,196097.78,784.39,0
1776,Exit short,2023-03-01 06:45,STP,287.54,2654,760928.34,-2205.47,-0.29,2.65,1166.43,0.15,-2204.15,-0.29,193892.31,775.57,2
1776,Entry short,2023-03-01 06:35,QQQREP|S|v1.1.7-rep|P1/10/4,286.71,2654,760928.34,-2205.47,-0.29,2.65,1166.43,0.15,-2204.15,-0.29,193892.31,775.57,2
1777,Exit long,2023-03-02 12:55,EOD,287.85,2757,781444.08,12155.61,1.56,2.76,14031.75,1.80,-1986.42,-0.25,206047.92,824.19,76
1777,Entry long,2023-03-02 06:35,QQQREP|L|v1.1.7-rep|P1/10/4,283.44,2757,781444.08,12155.61,1.56,2.76,14031.75,1.80,-1986.42,-0.25,206047.92,824.19,76
1778,Exit short,2023-03-03 06:35,STP,289.59,3195,924121.8,-1121.44,-0.12,3.2,765.2,0.08,-1119.85,-0.12,204926.48,819.71,0
1778,Entry short,2023-03-03 06:35,QQQREP|S|v1.1.7-rep|P1/10/4,289.24,3195,924121.8,-1121.44,-0.12,3.2,765.2,0.08,-1119.85,-0.12,204926.48,819.71,0
1779,Exit long,2023-03-06 06:35,STP,294.84,3114,919564.2,-1435.55,-0.16,3.11,185.28,0.02,-1434,-0.16,203490.92,813.96,0
1779,Entry long,2023-03-06 06:35,QQQREP|L|v1.1.7-rep|P1/10/4,295.3,3114,919564.2,-1435.55,-0.16,3.11,185.28,0.02,-1434,-0.16,203490.92,813.96,0
1780,Exit long,2023-03-07 07:00,STP,293.82,3103,913802.47,-2082.11,-0.23,3.1,1518.92,0.17,-2080.56,-0.23,201408.81,805.64,5
1780,Entry long,2023-03-07 06:35,QQQREP|L|v1.1.7-rep|P1/10/4,294.49,3103,913802.47,-2082.11,-0.23,3.1,1518.92,0.17,-2080.56,-0.23,201408.81,805.64,5
1781,Exit short,2023-03-08 07:30,STP,291.54,2595,754132.95,-2415.95,-0.32,2.6,4228.55,0.56,-2414.65,-0.32,198992.88,795.97,11
1781,Entry short,2023-03-08 06:35,QQQREP|S|v1.1.7-rep|P1/10/4,290.61,2595,754132.95,-2415.95,-0.32,2.6,4228.55,0.56,-2414.65,-0.32,198992.88,795.97,11
1782,Exit long,2023-03-09 09:45,STP,292.01,2308,676520.96,-2564.19,-0.38,2.31,4222.49,0.62,-2563.03,-0.38,196428.69,785.71,38
1782,Entry long,2023-03-09 06:35,QQQREP|L|v1.1.7-rep|P1/10/4,293.12,2308,676520.96,-2564.19,-0.38,2.31,4222.49,0.62,-2563.03,-0.38,196428.69,785.71,38
1783,Exit short,2023-03-10 08:10,STP,287.2,1412,403323.68,-2204.13,-0.55,1.41,3246.89,0.81,-2203.43,-0.55,194224.55,776.90,19
1783,Entry short,2023-03-10 06:35,QQQREP|S|v1.1.7-rep|P1/10/4,285.64,1412,403323.68,-2204.13,-0.55,1.41,3246.89,0.81,-2203.43,-0.55,194224.55,776.90,19
1784,Exit long,2023-03-13 06:35,STP,280.62,3118,876469.8,-1499.76,-0.17,3.12,341.42,0.04,-1498.2,-0.17,192724.8,770.90,0
1784,Entry long,2023-03-13 06:35,QQQREP|L|v1.1.7-rep|P1/10/4,281.1,3118,876469.8,-1499.76,-0.17,3.12,341.42,0.04,-1498.2,-0.17,192724.8,770.90,0
1785,Exit long,2023-03-14 11:05,STP,288.31,3017,870947.56,-1119.31,-0.13,3.02,9894.25,1.14,-1117.8,-0.13,191605.48,766.42,54
1785,Entry long,2023-03-14 06:35,QQQREP|L|v1.1.7-rep|P1/10/4,288.68,3017,870947.56,-1119.31,-0.13,3.02,9894.25,1.14,-1117.8,-0.13,191605.48,766.42,54
1786,Exit long,2023-03-15 06:40,STP,288.53,1613,467366.75,-1969.47,-0.42,1.61,579.87,0.12,-1968.67,-0.42,189636.02,758.54,1
1786,Entry long,2023-03-15 06:35,QQQREP|L|v1.1.7-rep|P1/10/4,289.75,1613,467366.75,-1969.47,-0.42,1.61,579.87,0.12,-1968.67,-0.42,189636.02,758.54,1
1787,Exit short,2023-03-16 06:35,STP,292.35,2942,858563.86,-1532.78,-0.18,2.94,0,0.00,-1531.31,-0.18,188103.23,752.41,0
1787,Entry short,2023-03-16 06:35,QQQREP|S|v1.1.7-rep|P1/10/4,291.83,2942,858563.86,-1532.78,-0.18,2.94,0,0.00,-1531.31,-0.18,188103.23,752.41,0
1788,Exit long,2023-03-17 06:35,STP,300.26,2835,852030.9,-796.63,-0.09,2.84,0,0.00,-795.22,-0.09,187306.6,749.23,0
1788,Entry long,2023-03-17 06:35,QQQREP|L|v1.1.7-rep|P1/10/4,300.54,2835,852030.9,-796.63,-0.09,2.84,0,0.00,-795.22,-0.09,187306.6,749.23,0
1789,Exit short,2023-03-20 07:45,STP,298.87,1651,491288.07,-2147.95,-0.44,1.65,1897.82,0.39,-2147.13,-0.44,185158.64,740.63,14
1789,Entry short,2023-03-20 06:35,QQQREP|S|v1.1.7-rep|P1/10/4,297.57,1651,491288.07,-2147.95,-0.44,1.65,1897.82,0.39,-2147.13,-0.44,185158.64,740.63,14
1790,Exit long,2023-03-21 06:45,STP,302.23,2710,821211.3,-2170.71,-0.26,2.71,269.65,0.03,-2169.35,-0.26,182987.94,731.95,2
1790,Entry long,2023-03-21 06:35,QQQREP|L|v1.1.7-rep|P1/10/4,303.03,2710,821211.3,-2170.71,-0.26,2.71,269.65,0.03,-2169.35,-0.26,182987.94,731.95,2
1791,Exit short,2023-03-22 06:35,STP,304.63,2734,831983.54,-877.61,-0.11,2.73,490.75,0.06,-876.25,-0.11,182110.31,728.44,0
1791,Entry short,2023-03-22 06:35,QQQREP|S|v1.1.7-rep|P1/10/4,304.31,2734,831983.54,-877.61,-0.11,2.73,490.75,0.06,-876.25,-0.11,182110.31,728.44,0
1792,Exit long,2023-03-23 06:40,STP,304.15,2720,828376,-1090.72,-0.13,2.72,243.44,0.03,-1089.36,-0.13,181019.6,724.08,1
1792,Entry long,2023-03-23 06:35,QQQREP|L|v1.1.7-rep|P1/10/4,304.55,2720,828376,-1090.72,-0.13,2.72,243.44,0.03,-1089.36,-0.13,181019.6,724.08,1
1793,Exit short,2023-03-24 09:00,STP,303.99,2120,642338.8,-2122.12,-0.33,2.12,3645.34,0.57,-2121.06,-0.33,178897.48,715.59,29
1793,Entry short,2023-03-24 06:35,QQQREP|S|v1.1.7-rep|P1/10/4,302.99,2120,642338.8,-2122.12,-0.33,2.12,3645.34,0.57,-2121.06,-0.33,178897.48,715.59,29
1794,Exit short,2023-03-27 06:40,STP,305.97,2667,815355.24,-669.42,-0.08,2.67,2025.59,0.25,-668.08,-0.08,178228.06,712.91,1
1794,Entry short,2023-03-27 06:35,QQQREP|S|v1.1.7-rep|P1/10/4,305.72,2667,815355.24,-669.42,-0.08,2.67,2025.59,0.25,-668.08,-0.08,178228.06,712.91,1
1795,Exit short,2023-03-28 12:55,EOD,301.43,2352,709386.72,421.01,0.06,2.35,5808.26,0.82,-71.74,-0.01,178649.06,714.60,76
1795,Entry short,2023-03-28 06:35,QQQREP|S|v1.1.7-rep|P1/10/4,301.61,2352,709386.72,421.01,0.06,2.35,5808.26,0.82,-71.74,-0.01,178649.06,714.60,76
1796,Exit long,2023-03-29 07:25,STP,304.99,2666,814596.3,-1495.63,-0.18,2.67,1624.93,0.20,-1494.29,-0.18,177153.44,708.61,10
1796,Entry long,2023-03-29 06:35,QQQREP|L|v1.1.7-rep|P1/10/4,305.55,2666,814596.3,-1495.63,-0.18,2.67,1624.93,0.20,-1494.29,-0.18,177153.44,708.61,10
1797,Exit short,2023-03-30 06:55,STP,309.68,2614,808588.62,-917.51,-0.11,2.61,1593.23,0.20,-916.21,-0.11,176235.92,704.94,4
1797,Entry short,2023-03-30 06:35,QQQREP|S|v1.1.7-rep|P1/10/4,309.33,2614,808588.62,-917.51,-0.11,2.61,1593.23,0.20,-916.21,-0.11,176235.92,704.94,4
1798,Exit long,2023-03-31 12:55,EOD,314.96,1916,595531.12,7930.32,1.33,1.92,8448.6,1.42,-365,-0.06,184166.25,736.67,76
1798,Entry long,2023-03-31 06:35,QQQREP|L|v1.1.7-rep|P1/10/4,310.82,1916,595531.12,7930.32,1.33,1.92,8448.6,1.42,-365,-0.06,184166.25,736.67,76
1799,Exit long,2023-04-03 07:50,STP,312.59,2243,703270.22,-2133.09,-0.30,2.24,1568.98,0.22,-2131.97,-0.30,182033.16,728.13,15
1799,Entry long,2023-04-03 06:35,QQQREP|L|v1.1.7-rep|P1/10/4,313.54,2243,703270.22,-2133.09,-0.30,2.24,1568.98,0.22,-2131.97,-0.30,182033.16,728.13,15
1800,Exit short,2023-04-04 07:00,STP,314.94,2633,828052.17,-1187.48,-0.14,2.63,2921.31,0.35,-1186.17,-0.14,180845.67,723.38,5
1800,Entry short,2023-04-04 06:35,QQQREP|S|v1.1.7-rep|P1/10/4,314.49,2633,828052.17,-1187.48,-0.14,2.63,2921.31,0.35,-1186.17,-0.14,180845.67,723.38,5
1801,Exit short,2023-04-05 12:55,EOD,310.01,2639,823236.05,5117.02,0.62,2.64,9736.59,1.18,-159.66,-0.02,185962.7,743.85,76
1801,Entry short,2023-04-05 06:35,QQQREP|S|v1.1.7-rep|P1/10/4,311.95,2639,823236.05,5117.02,0.62,2.64,9736.59,1.18,-159.66,-0.02,185962.7,743.85,76
1802,Exit short,2023-04-06 07:00,STP,308.46,2027,623140.34,-2110.11,-0.34,2.03,789.52,0.13,-2109.09,-0.34,183852.6,735.41,5
1802,Entry short,2023-04-06 06:35,QQQREP|S|v1.1.7-rep|P1/10/4,307.42,2027,623140.34,-2110.11,-0.34,2.03,789.52,0.13,-2109.09,-0.34,183852.6,735.41,5
1803,Exit short,2023-04-10 08:05,STP,309.41,2705,835385.15,-1571.6,-0.19,2.71,3731.55,0.45,-1570.25,-0.19,182280.98,729.12,18
1803,Entry short,2023-04-10 06:35,QQQREP|S|v1.1.7-rep|P1/10/4,308.83,2705,835385.15,-1571.6,-0.19,2.71,3731.55,0.45,-1570.25,-0.19,182280.98,729.12,18
1804,Exit short,2023-04-11 06:35,STP,312,2659,828916.66,-694,-0.08,2.66,0,0.00,-692.67,-0.08,181586.98,726.35,0
1804,Entry short,2023-04-11 06:35,QQQREP|S|v1.1.7-rep|P1/10/4,311.74,2659,828916.66,-694,-0.08,2.66,0,0.00,-692.67,-0.08,181586.98,726.35,0
1805,Exit short,2023-04-12 12:55,EOD,307.24,2650,826217,12028.35,1.46,2.65,13248.68,1.60,-372.32,-0.05,193615.34,774.46,76
1805,Entry short,2023-04-12 06:35,QQQREP|S|v1.1.7-rep|P1/10/4,311.78,2650,826217,12028.35,1.46,2.65,13248.68,1.60,-372.32,-0.05,193615.34,774.46,76
1806,Exit long,2023-04-13 12:55,EOD,313.35,2502,774919.44,9079.76,1.17,2.5,10031.77,1.29,-751.85,-0.10,202695.1,810.78,76
1806,Entry long,2023-04-13 06:35,QQQREP|L|v1.1.7-rep|P1/10/4,309.72,2502,774919.44,9079.76,1.17,2.5,10031.77,1.29,-751.85,-0.10,202695.1,810.78,76
1807,Exit long,2023-04-14 07:25,STP,311.56,2918,910591.08,-1461.92,-0.16,2.92,6885.02,0.76,-1460.46,-0.16,201233.17,804.93,10
1807,Entry long,2023-04-14 06:35,QQQREP|L|v1.1.7-rep|P1/10/4,312.06,2918,910591.08,-1461.92,-0.16,2.92,6885.02,0.76,-1460.46,-0.16,201233.17,804.93,10
1808,Exit long,2023-04-17 06:45,STP,311.86,2881,900629.41,-2163.63,-0.24,2.88,1957.64,0.22,-2162.19,-0.24,199069.55,796.28,2
1808,Entry long,2023-04-17 06:35,QQQREP|L|v1.1.7-rep|P1/10/4,312.61,2881,900629.41,-2163.63,-0.24,2.88,1957.64,0.22,-2162.19,-0.24,199069.55,796.28,2
1809,Exit short,2023-04-18 06:45,STP,315.17,2847,896007.84,-1284,-0.14,2.85,425.63,0.05,-1282.57,-0.14,197785.55,791.14,2
1809,Entry short,2023-04-18 06:35,QQQREP|S|v1.1.7-rep|P1/10/4,314.72,2847,896007.84,-1284,-0.14,2.85,425.63,0.05,-1282.57,-0.14,197785.55,791.14,2
1810,Exit long,2023-04-19 12:55,EOD,312.85,2550,793840.5,3924.45,0.49,2.55,6526.73,0.82,-1735.27,-0.22,201710,806.84,76
1810,Entry long,2023-04-19 06:35,QQQREP|L|v1.1.7-rep|P1/10/4,311.31,2550,793840.5,3924.45,0.49,2.55,6526.73,0.82,-1735.27,-0.22,201710,806.84,76
1811,Exit long,2023-04-20 12:15,STP,309.73,2356,732009.2,-2287.68,-0.31,2.36,6265.78,0.86,-2286.5,-0.31,199422.33,797.69,68
1811,Entry long,2023-04-20 06:35,QQQREP|L|v1.1.7-rep|P1/10/4,310.7,2356,732009.2,-2287.68,-0.31,2.36,6265.78,0.86,-2286.5,-0.31,199422.33,797.69,68
1812,Exit short,2023-04-21 07:25,STP,310.45,2896,897528.32,-1537.78,-0.17,2.9,4719.03,0.53,-1536.33,-0.17,197884.55,791.54,10
1812,Entry short,2023-04-21 06:35,QQQREP|S|v1.1.7-rep|P1/10/4,309.92,2896,897528.32,-1537.78,-0.17,2.9,4719.03,0.53,-1536.33,-0.17,197884.55,791.54,10
1813,Exit long,2023-04-24 07:35,STP,309.96,2523,784299.78,-2273.22,-0.29,2.52,2496.51,0.32,-2271.96,-0.29,195611.33,782.45,12
1813,Entry long,2023-04-24 06:35,QQQREP|L|v1.1.7-rep|P1/10/4,310.86,2523,784299.78,-2273.22,-0.29,2.52,2496.51,0.32,-2271.96,-0.29,195611.33,782.45,12
1814,Exit long,2023-04-25 06:35,STP,308.31,2859,882144.45,-689.02,-0.08,2.86,741.91,0.08,-687.59,-0.08,194922.31,779.69,0
1814,Entry long,2023-04-25 06:35,QQQREP|L|v1.1.7-rep|P1/10/4,308.55,2859,882144.45,-689.02,-0.08,2.86,741.91,0.08,-687.59,-0.08,194922.31,779.69,0
1815,Exit short,2023-04-26 06:50,STP,307.8,2154,660847.2,-2156.15,-0.33,2.15,795.9,0.12,-2155.08,-0.33,192766.16,771.06,3
1815,Entry short,2023-04-26 06:35,QQQREP|S|v1.1.7-rep|P1/10/4,306.8,2154,660847.2,-2156.15,-0.33,2.15,795.9,0.12,-2155.08,-0.33,192766.16,771.06,3
1816,Exit short,2023-04-27 06:35,STP,309.96,2814,870904.86,-1325.39,-0.15,2.81,617.67,0.07,-1323.99,-0.15,191440.75,765.76,0
1816,Entry short,2023-04-27 06:35,QQQREP|S|v1.1.7-rep|P1/10/4,309.49,2814,870904.86,-1325.39,-0.15,2.81,617.67,0.07,-1323.99,-0.15,191440.75,765.76,0
1817,Exit short,2023-04-28 07:05,STP,314.77,2321,728422.64,-2160.85,-0.30,2.32,1786.01,0.25,-2159.69,-0.30,189279.9,757.12,6
1817,Entry short,2023-04-28 06:35,QQQREP|S|v1.1.7-rep|P1/10/4,313.84,2321,728422.64,-2160.85,-0.30,2.32,1786.01,0.25,-2159.69,-0.30,189279.9,757.12,6
1818,Exit long,2023-05-01 06:35,STP,315.96,2711,857082.65,-517.8,-0.06,2.71,513.73,0.06,-516.45,-0.06,188762.11,755.05,0
1818,Entry long,2023-05-01 06:35,QQQREP|L|v1.1.7-rep|P1/10/4,316.15,2711,857082.65,-517.8,-0.06,2.71,513.73,0.06,-516.45,-0.06,188762.11,755.05,0
1819,Exit long,2023-05-02 06:35,STP,315.78,2703,855012.96,-1462.32,-0.17,2.7,431.13,0.05,-1460.97,-0.17,187299.78,749.20,0
1819,Entry long,2023-05-02 06:35,QQQREP|L|v1.1.7-rep|P1/10/4,316.32,2703,855012.96,-1462.32,-0.17,2.7,431.13,0.05,-1460.97,-0.17,187299.78,749.20,0
1820,Exit long,2023-05-03 08:00,STP,313.55,2704,849083.04,-1246.54,-0.15,2.7,2270.01,0.27,-1245.19,-0.15,186053.23,744.21,17
1820,Entry long,2023-05-03 06:35,QQQREP|L|v1.1.7-rep|P1/10/4,314.01,2704,849083.04,-1246.54,-0.15,2.7,2270.01,0.27,-1245.19,-0.15,186053.23,744.21,17
1821,Exit short,2023-05-04 08:05,STP,311.28,2715,844202.1,-925.81,-0.11,2.72,4478.39,0.53,-924.46,-0.11,185127.42,740.51,18
1821,Entry short,2023-05-04 06:35,QQQREP|S|v1.1.7-rep|P1/10/4,310.94,2715,844202.1,-925.81,-0.11,2.72,4478.39,0.53,-924.46,-0.11,185127.42,740.51,18
1822,Exit long,2023-05-05 12:55,EOD,316.94,2685,840217.05,10764.17,1.28,2.69,13020.91,1.55,-350.39,-0.04,195891.6,783.57,76
1822,Entry long,2023-05-05 06:35,QQQREP|L|v1.1.7-rep|P1/10/4,312.93,2685,840217.05,10764.17,1.28,2.69,13020.91,1.55,-350.39,-0.04,195891.6,783.57,76
1823,Exit short,2023-05-08 08:10,STP,316.67,2793,883425.9,-1036.2,-0.12,2.79,2596.09,0.29,-1034.81,-0.12,194855.39,779.42,19
1823,Entry short,2023-05-08 06:35,QQQREP|S|v1.1.7-rep|P1/10/4,316.3,2793,883425.9,-1036.2,-0.12,2.79,2596.09,0.29,-1034.81,-0.12,194855.39,779.42,19
1824,Exit long,2023-05-09 06:35,STP,316.01,2782,879418.02,-280.98,-0.03,2.78,360.27,0.04,-279.59,-0.03,194574.4,778.30,0
1824,Entry long,2023-05-09 06:35,QQQREP|L|v1.1.7-rep|P1/10/4,316.11,2782,879418.02,-280.98,-0.03,2.78,360.27,0.04,-279.59,-0.03,194574.4,778.30,0
1825,Exit long,2023-05-10 06:40,STP,318.1,2271,724607.97,-2205.14,-0.30,2.27,521.19,0.07,-2204.01,-0.30,192369.27,769.48,1
1825,Entry long,2023-05-10 06:35,QQQREP|L|v1.1.7-rep|P1/10/4,319.07,2271,724607.97,-2205.14,-0.30,2.27,521.19,0.07,-2204.01,-0.30,192369.27,769.48,1
1826,Exit short,2023-05-11 08:25,STP,319.83,1771,564293.73,-2126.97,-0.38,1.77,902.32,0.16,-2126.09,-0.38,190242.3,760.97,22
1826,Entry short,2023-05-11 06:35,QQQREP|S|v1.1.7-rep|P1/10/4,318.63,1771,564293.73,-2126.97,-0.38,1.77,902.32,0.16,-2126.09,-0.38,190242.3,760.97,22
1827,Exit long,2023-05-12 06:35,STP,320.6,2682,860814.72,-968.2,-0.11,2.68,213.22,0.02,-966.86,-0.11,189274.1,757.10,0
1827,Entry long,2023-05-12 06:35,QQQREP|L|v1.1.7-rep|P1/10/4,320.96,2682,860814.72,-968.2,-0.11,2.68,213.22,0.02,-966.86,-0.11,189274.1,757.10,0
1828,Exit short,2023-05-15 06:45,STP,319.55,2684,856920.68,-754.2,-0.09,2.68,991.74,0.12,-752.86,-0.09,188519.89,754.08,2
1828,Entry short,2023-05-15 06:35,QQQREP|S|v1.1.7-rep|P1/10/4,319.27,2684,856920.68,-754.2,-0.09,2.68,991.74,0.12,-752.86,-0.09,188519.89,754.08,2
1829,Exit long,2023-05-16 12:55,EOD,321.08,2662,853836.5,875.8,0.10,2.66,5482.39,0.64,-959.65,-0.11,189395.69,757.58,76
1829,Entry long,2023-05-16 06:35,QQQREP|L|v1.1.7-rep|P1/10/4,320.75,2662,853836.5,875.8,0.10,2.66,5482.39,0.64,-959.65,-0.11,189395.69,757.58,76
1830,Exit short,2023-05-17 08:00,STP,322.52,2662,857430.2,-1120.7,-0.13,2.66,2953.49,0.34,-1119.37,-0.13,188274.98,753.10,17
1830,Entry short,2023-05-17 06:35,QQQREP|S|v1.1.7-rep|P1/10/4,322.1,2662,857430.2,-1120.7,-0.13,2.66,2953.49,0.34,-1119.37,-0.13,188274.98,753.10,17
1831,Exit long,2023-05-18 12:55,EOD,330.99,2617,852932.64,13265.57,1.56,2.62,13921.13,1.63,-1.31,0.00,201540.55,806.16,76
1831,Entry long,2023-05-18 06:35,QQQREP|L|v1.1.7-rep|P1/10/4,325.92,2617,852932.64,13265.57,1.56,2.62,13921.13,1.63,-1.31,0.00,201540.55,806.16,76
1832,Exit long,2023-05-19 06:45,STP,330.99,2735,906132.85,-877.93,-0.10,2.74,1721.68,0.19,-876.57,-0.10,200662.62,802.65,2
1832,Entry long,2023-05-19 06:35,QQQREP|L|v1.1.7-rep|P1/10/4,331.31,2735,906132.85,-877.93,-0.10,2.74,1721.68,0.19,-876.57,-0.10,200662.62,802.65,2
1833,Exit long,2023-05-22 12:55,EOD,331.4,2370,784446.3,969.33,0.12,2.37,3316.82,0.42,-1446.88,-0.18,201631.95,806.53,76
1833,Entry long,2023-05-22 06:35,QQQREP|L|v1.1.7-rep|P1/10/4,330.99,2370,784446.3,969.33,0.12,2.37,3316.82,0.42,-1446.88,-0.18,201631.95,806.53,76
1834,Exit long,2023-05-23 09:35,STP,329.48,2744,906123.68,-2033.3,-0.22,2.74,1645.03,0.18,-2031.93,-0.22,199598.64,798.39,36
1834,Entry long,2023-05-23 06:35,QQQREP|L|v1.1.7-rep|P1/10/4,330.22,2744,906123.68,-2033.3,-0.22,2.74,1645.03,0.18,-2031.93,-0.22,199598.64,798.39,36
1835,Exit long,2023-05-24 07:00,STP,324.73,2408,784261.52,-2314.09,-0.30,2.41,841.6,0.11,-2312.88,-0.29,197284.56,789.14,5
1835,Entry long,2023-05-24 06:35,QQQREP|L|v1.1.7-rep|P1/10/4,325.69,2408,784261.52,-2314.09,-0.30,2.41,841.6,0.11,-2312.88,-0.29,197284.56,789.14,5
1836,Exit short,2023-05-25 08:10,STP,333.14,1356,449527.56,-2211.64,-0.49,1.36,1450.24,0.32,-2210.96,-0.49,195072.92,780.29,19
1836,Entry short,2023-05-25 06:35,QQQREP|S|v1.1.7-rep|P1/10/4,331.51,1356,449527.56,-2211.64,-0.49,1.36,1450.24,0.32,-2210.96,-0.49,195072.92,780.29,19
1837,Exit long,2023-05-26 07:15,TGT,337.94,2630,880234.7,8544.87,0.97,2.63,8546.19,0.97,-369.51,-0.04,203617.8,814.47,8
1837,Entry long,2023-05-26 06:35,QQQREP|L|v1.1.7-rep|P1/10/4,334.69,2630,880234.7,8544.87,0.97,2.63,8546.19,0.97,-369.51,-0.04,203617.8,814.47,8
1838,Exit long,2023-05-30 06:50,STP,345.37,2504,867060.08,-2256.1,-0.26,2.5,2778.19,0.32,-2254.85,-0.26,201361.69,805.45,3
1838,Entry long,2023-05-30 06:35,QQQREP|L|v1.1.7-rep|P1/10/4,346.27,2504,867060.08,-2256.1,-0.26,2.5,2778.19,0.32,-2254.85,-0.26,201361.69,805.45,3
1839,Exit long,2023-05-31 07:10,STP,341.79,2643,905201.07,-1852.74,-0.20,2.64,4016.04,0.44,-1851.42,-0.20,199508.94,798.04,7
1839,Entry long,2023-05-31 06:35,QQQREP|L|v1.1.7-rep|P1/10/4,342.49,2643,905201.07,-1852.74,-0.20,2.64,4016.04,0.44,-1851.42,-0.20,199508.94,798.04,7
1840,Exit short,2023-06-01 06:40,STP,341.5,2634,897640.86,-1872.77,-0.21,2.63,1447.38,0.16,-1871.46,-0.21,197636.17,790.54,1
1840,Entry short,2023-06-01 06:35,QQQREP|S|v1.1.7-rep|P1/10/4,340.79,2634,897640.86,-1872.77,-0.21,2.63,1447.38,0.16,-1871.46,-0.21,197636.17,790.54,1
1841,Exit long,2023-06-02 06:45,STP,347.2,1213,423373.39,-2221,-0.52,1.21,254.12,0.06,-2220.4,-0.52,195415.17,781.66,2
1841,Entry long,2023-06-02 06:35,QQQREP|L|v1.1.7-rep|P1/10/4,349.03,1213,423373.39,-2221,-0.52,1.21,254.12,0.06,-2220.4,-0.52,195415.17,781.66,2
1842,Exit long,2023-06-05 11:30,STP,347.88,2414,841930.78,-2150.87,-0.26,2.41,5092.33,0.60,-2149.67,-0.26,193264.3,773.06,59
1842,Entry long,2023-06-05 06:35,QQQREP|L|v1.1.7-rep|P1/10/4,348.77,2414,841930.78,-2150.87,-0.26,2.41,5092.33,0.60,-2149.67,-0.26,193264.3,773.06,59
1843,Exit short,2023-06-06 07:10,STP,347.77,2138,741330.12,-2204.28,-0.30,2.14,725.85,0.10,-2203.21,-0.30,191060.02,764.24,7
1843,Entry short,2023-06-06 06:35,QQQREP|S|v1.1.7-rep|P1/10/4,346.74,2138,741330.12,-2204.28,-0.30,2.14,725.85,0.10,-2203.21,-0.30,191060.02,764.24,7
1844,Exit long,2023-06-07 07:00,STP,348.55,1177,412409.03,-2166.86,-0.53,1.18,140.65,0.03,-2166.27,-0.53,188893.16,755.57,5
1844,Entry long,2023-06-07 06:35,QQQREP|L|v1.1.7-rep|P1/10/4,350.39,1177,412409.03,-2166.86,-0.53,1.18,140.65,0.03,-2166.27,-0.53,188893.16,755.57,5
1845,Exit long,2023-06-08 06:35,STP,342.51,2497,855547.11,-302.14,-0.04,2.5,0,0.00,-300.89,-0.04,188591.02,754.36,0
1845,Entry long,2023-06-08 06:35,QQQREP|L|v1.1.7-rep|P1/10/4,342.63,2497,855547.11,-302.14,-0.04,2.5,0,0.00,-300.89,-0.04,188591.02,754.36,0
1846,Exit long,2023-06-09 08:25,STP,347.97,2450,854388.5,-1864.45,-0.22,2.45,5658.28,0.66,-1863.22,-0.22,186726.58,746.91,22
1846,Entry long,2023-06-09 06:35,QQQREP|L|v1.1.7-rep|P1/10/4,348.73,2450,854388.5,-1864.45,-0.22,2.45,5658.28,0.66,-1863.22,-0.22,186726.58,746.91,22
1847,Exit short,2023-06-12 07:45,STP,349.94,2423,846814.27,-1092.77,-0.13,2.42,2082.57,0.25,-1091.56,-0.13,185633.8,742.54,14
1847,Entry short,2023-06-12 06:35,QQQREP|S|v1.1.7-rep|P1/10/4,349.49,2423,846814.27,-1092.77,-0.13,2.42,2082.57,0.25,-1091.56,-0.13,185633.8,742.54,14
1848,Exit long,2023-06-13 06:35,STP,356.07,2361,842475.63,-1796.72,-0.21,2.36,896,0.11,-1795.54,-0.21,183837.08,735.35,0
1848,Entry long,2023-06-13 06:35,QQQREP|L|v1.1.7-rep|P1/10/4,356.83,2361,842475.63,-1796.72,-0.21,2.36,896,0.11,-1795.54,-0.21,183837.08,735.35,0
1849,Exit short,2023-06-14 06:40,STP,356.71,2345,835054.5,-1432.79,-0.17,2.35,1241.68,0.15,-1431.62,-0.17,182404.28,729.62,1
1849,Entry short,2023-06-14 06:35,QQQREP|S|v1.1.7-rep|P1/10/4,356.1,2345,835054.5,-1432.79,-0.17,2.35,1241.68,0.15,-1431.62,-0.17,182404.28,729.62,1
1850,Exit short,2023-06-15 06:40,STP,358.25,2320,829400,-1742.32,-0.21,2.32,532.44,0.06,-1741.16,-0.21,180661.97,722.65,1
1850,Entry short,2023-06-15 06:35,QQQREP|S|v1.1.7-rep|P1/10/4,357.5,2320,829400,-1742.32,-0.21,2.32,532.44,0.06,-1741.16,-0.21,180661.97,722.65,1
1851,Exit short,2023-06-16 12:55,EOD,361.07,1225,446243,3931.03,0.88,1.23,4409.39,0.99,-233.36,-0.05,184592.98,738.37,76
1851,Entry short,2023-06-16 06:35,QQQREP|S|v1.1.7-rep|P1/10/4,364.28,1225,446243,3931.03,0.88,1.23,4409.39,0.99,-233.36,-0.05,184592.98,738.37,76
1852,Exit long,2023-06-20 07:00,STP,359.52,1393,502942.65,-2132.68,-0.42,1.39,1322.65,0.26,-2131.99,-0.42,182460.3,729.84,5
1852,Entry long,2023-06-20 06:35,QQQREP|L|v1.1.7-rep|P1/10/4,361.05,1393,502942.65,-2132.68,-0.42,1.39,1322.65,0.26,-2131.99,-0.42,182460.3,729.84,5
1853,Exit short,2023-06-21 12:55,EOD,355.8,2309,829415.89,7871.38,0.95,2.31,10250.81,1.24,-1317.28,-0.16,190331.69,761.33,76
1853,Entry short,2023-06-21 06:35,QQQREP|S|v1.1.7-rep|P1/10/4,359.21,2309,829415.89,7871.38,0.95,2.31,10250.81,1.24,-1317.28,-0.16,190331.69,761.33,76
1854,Exit long,2023-06-22 12:55,EOD,359.95,2086,740717.74,10135.87,1.37,2.09,10324.66,1.39,-313.94,-0.04,200467.56,801.87,76
1854,Entry long,2023-06-22 06:35,QQQREP|L|v1.1.7-rep|P1/10/4,355.09,2086,740717.74,10135.87,1.37,2.09,10324.66,1.39,-313.94,-0.04,200467.56,801.87,76
1855,Exit long,2023-06-23 06:40,STP,355.81,1944,694046.88,-2354.18,-0.34,1.94,96.23,0.01,-2353.21,-0.34,198113.38,792.45,1
1855,Entry long,2023-06-23 06:35,QQQREP|L|v1.1.7-rep|P1/10/4,357.02,1944,694046.88,-2354.18,-0.34,1.94,96.23,0.01,-2353.21,-0.34,198113.38,792.45,1
1856,Exit long,2023-06-26 08:05,STP,355.58,2440,869933.2,-2320.44,-0.27,2.44,5000.78,0.57,-2319.22,-0.27,195792.94,783.17,18
1856,Entry long,2023-06-26 06:35,QQQREP|L|v1.1.7-rep|P1/10/4,356.53,2440,869933.2,-2320.44,-0.27,2.44,5000.78,0.57,-2319.22,-0.27,195792.94,783.17,18
1857,Exit long,2023-06-27 07:10,STP,352.6,2415,853750.8,-2224.21,-0.26,2.42,3210.74,0.38,-2223.01,-0.26,193568.72,774.27,7
1857,Entry long,2023-06-27 06:35,QQQREP|L|v1.1.7-rep|P1/10/4,353.52,2415,853750.8,-2224.21,-0.26,2.42,3210.74,0.38,-2223.01,-0.26,193568.72,774.27,7
1858,Exit long,2023-06-28 12:55,EOD,358.32,2340,834444,4022.46,0.48,2.34,8516.43,1.02,-1428.57,-0.17,197591.19,790.36,76
1858,Entry long,2023-06-28 06:35,QQQREP|L|v1.1.7-rep|P1/10/4,356.6,2340,834444,4022.46,0.48,2.34,8516.43,1.02,-1428.57,-0.17,197591.19,790.36,76
1859,Exit long,2023-06-29 06:45,STP,357.13,1594,571512.76,-2249.13,-0.39,1.59,142.66,0.02,-2248.34,-0.39,195342.05,781.37,2
1859,Entry long,2023-06-29 06:35,QQQREP|L|v1.1.7-rep|P1/10/4,358.54,1594,571512.76,-2249.13,-0.39,1.59,142.66,0.02,-2248.34,-0.39,195342.05,781.37,2
1860,Exit long,2023-06-30 12:55,EOD,363.09,2438,881215.1,3995.88,0.45,2.44,6532.62,0.74,-342.54,-0.04,199337.92,797.35,76
1860,Entry long,2023-06-30 06:35,QQQREP|L|v1.1.7-rep|P1/10/4,361.45,2438,881215.1,3995.88,0.45,2.44,6532.62,0.74,-342.54,-0.04,199337.92,797.35,76
1861,Exit long,2023-07-03 06:35,STP,363.45,2466,897278.76,-1013.53,-0.11,2.47,368.67,0.04,-1012.29,-0.11,198324.4,793.30,0
1861,Entry long,2023-07-03 06:35,QQQREP|L|v1.1.7-rep|P1/10/4,363.86,2466,897278.76,-1013.53,-0.11,2.47,368.67,0.04,-1012.29,-0.11,198324.4,793.30,0
1862,Exit long,2023-07-05 12:55,EOD,363.94,2366,859473.16,1606.51,0.19,2.37,5582.58,0.65,-498.04,-0.06,199930.92,799.72,76
1862,Entry long,2023-07-05 06:35,QQQREP|L|v1.1.7-rep|P1/10/4,363.26,2366,859473.16,1606.51,0.19,2.37,5582.58,0.65,-498.04,-0.06,199930.92,799.72,76
1863,Exit short,2023-07-06 09:30,STP,360.67,1733,622805.54,-2237.3,-0.36,1.73,1922.76,0.31,-2236.44,-0.36,197693.61,790.77,35
1863,Entry short,2023-07-06 06:35,QQQREP|S|v1.1.7-rep|P1/10/4,359.38,1733,622805.54,-2237.3,-0.36,1.73,1922.76,0.31,-2236.44,-0.36,197693.61,790.77,35
1864,Exit short,2023-07-07 06:45,STP,361.42,2468,890750.56,-1236.47,-0.14,2.47,1874.45,0.21,-1235.23,-0.14,196457.14,785.83,2
1864,Entry short,2023-07-07 06:35,QQQREP|S|v1.1.7-rep|P1/10/4,360.92,2468,890750.56,-1236.47,-0.14,2.47,1874.45,0.21,-1235.23,-0.14,196457.14,785.83,2
1865,Exit long,2023-07-10 06:40,STP,359.62,2460,885624.6,-961.86,-0.11,2.46,1548.57,0.17,-960.63,-0.11,195495.28,781.98,1
1865,Entry long,2023-07-10 06:35,QQQREP|L|v1.1.7-rep|P1/10/4,360.01,2460,885624.6,-961.86,-0.11,2.46,1548.57,0.17,-960.63,-0.11,195495.28,781.98,1
1866,Exit long,2023-07-11 06:40,STP,360.07,2444,881795.2,-1786.56,-0.20,2.44,1074.14,0.12,-1785.34,-0.20,193708.72,774.83,1
1866,Entry long,2023-07-11 06:35,QQQREP|L|v1.1.7-rep|P1/10/4,360.8,2444,881795.2,-1786.56,-0.20,2.44,1074.14,0.12,-1785.34,-0.20,193708.72,774.83,1
1867,Exit long,2023-07-12 06:40,STP,365.55,2390,874740,-1077.89,-0.12,2.39,835.31,0.10,-1076.69,-0.12,192630.83,770.52,1
1867,Entry long,2023-07-12 06:35,QQQREP|L|v1.1.7-rep|P1/10/4,366,2390,874740,-1077.89,-0.12,2.39,835.31,0.10,-1076.69,-0.12,192630.83,770.52,1
1868,Exit long,2023-07-13 12:55,EOD,372.67,2353,870374.7,6515.46,0.75,2.35,8399.03,0.96,-1742.4,-0.20,199146.28,796.59,76
1868,Entry long,2023-07-13 06:35,QQQREP|L|v1.1.7-rep|P1/10/4,369.9,2353,870374.7,6515.46,0.75,2.35,8399.03,0.96,-1742.4,-0.20,199146.28,796.59,76
1869,Exit long,2023-07-14 11:25,STP,373.06,2397,896597.85,-2375.43,-0.26,2.4,5368.08,0.60,-2374.23,-0.26,196770.86,787.08,58
1869,Entry long,2023-07-14 06:35,QQQREP|L|v1.1.7-rep|P1/10/4,374.05,2397,896597.85,-2375.43,-0.26,2.4,5368.08,0.60,-2374.23,-0.26,196770.86,787.08,58
1870,Exit long,2023-07-17 06:45,STP,373.23,2372,886653.6,-1354.41,-0.15,2.37,1754.09,0.20,-1353.23,-0.15,195416.45,781.67,2
1870,Entry long,2023-07-17 06:35,QQQREP|L|v1.1.7-rep|P1/10/4,373.8,2372,886653.6,-1354.41,-0.15,2.37,1754.09,0.20,-1353.23,-0.15,195416.45,781.67,2
1871,Exit short,2023-07-18 08:40,STP,375.43,2288,856718.72,-2267.41,-0.26,2.29,2195.34,0.26,-2266.26,-0.26,193149.05,772.60,25
1871,Entry short,2023-07-18 06:35,QQQREP|S|v1.1.7-rep|P1/10/4,374.44,2288,856718.72,-2267.41,-0.26,2.29,2195.34,0.26,-2266.26,-0.26,193149.05,772.60,25
1872,Exit short,2023-07-19 06:40,STP,380.69,1930,732473.6,-2260.03,-0.31,1.93,211.34,0.03,-2259.06,-0.31,190889.02,763.56,1
1872,Entry short,2023-07-19 06:35,QQQREP|S|v1.1.7-rep|P1/10/4,379.52,1930,732473.6,-2260.03,-0.31,1.93,211.34,0.03,-2259.06,-0.31,190889.02,763.56,1
1873,Exit long,2023-07-20 07:00,STP,375.98,2291,863592.45,-2224.56,-0.26,2.29,1258.9,0.15,-2223.42,-0.26,188664.45,754.66,5
1873,Entry long,2023-07-20 06:35,QQQREP|L|v1.1.7-rep|P1/10/4,376.95,2291,863592.45,-2224.56,-0.26,2.29,1258.9,0.15,-2223.42,-0.26,188664.45,754.66,5
1874,Exit long,2023-07-21 06:35,STP,371.91,1811,675702.21,-2175.01,-0.32,1.81,524.28,0.08,-2174.11,-0.32,186489.44,745.96,0
1874,Entry long,2023-07-21 06:35,QQQREP|L|v1.1.7-rep|P1/10/4,373.11,1811,675702.21,-2175.01,-0.32,1.81,524.28,0.08,-2174.11,-0.32,186489.44,745.96,0
1875,Exit long,2023-07-24 06:35,STP,370.07,2281,845908.85,-1781.46,-0.21,2.28,546.3,0.06,-1780.32,-0.21,184707.98,738.83,0
1875,Entry long,2023-07-24 06:35,QQQREP|L|v1.1.7-rep|P1/10/4,370.85,2281,845908.85,-1781.46,-0.21,2.28,546.3,0.06,-1780.32,-0.21,184707.98,738.83,0
1876,Exit long,2023-07-25 12:55,EOD,372.36,2259,838744.11,2414.87,0.29,2.26,5962.63,0.71,-1062.86,-0.13,187122.84,748.49,76
1876,Entry long,2023-07-25 06:35,QQQREP|L|v1.1.7-rep|P1/10/4,371.29,2259,838744.11,2414.87,0.29,2.26,5962.63,0.71,-1062.86,-0.13,187122.84,748.49,76
1877,Exit short,2023-07-26 11:35,STP,371.73,1468,543512.32,-2188.79,-0.40,1.47,2186.59,0.40,-2188.05,-0.40,184934.06,739.74,60
1877,Entry short,2023-07-26 06:35,QQQREP|S|v1.1.7-rep|P1/10/4,370.24,1468,543512.32,-2188.79,-0.40,1.47,2186.59,0.40,-2188.05,-0.40,184934.06,739.74,60
1878,Exit long,2023-07-27 07:20,STP,376.21,2227,839400.84,-1583.4,-0.19,2.23,2649.02,0.32,-1582.28,-0.19,183350.66,733.40,9
1878,Entry long,2023-07-27 06:35,QQQREP|L|v1.1.7-rep|P1/10/4,376.92,2227,839400.84,-1583.4,-0.19,2.23,2649.02,0.32,-1582.28,-0.19,183350.66,733.40,9
1879,Exit long,2023-07-28 12:55,EOD,376.91,2225,833151.25,5471.28,0.66,2.23,7719.64,0.93,-1491.86,-0.18,188821.94,755.29,76
1879,Entry long,2023-07-28 06:35,QQQREP|L|v1.1.7-rep|P1/10/4,374.45,2225,833151.25,5471.28,0.66,2.23,7719.64,0.93,-1491.86,-0.18,188821.94,755.29,76
1880,Exit short,2023-07-31 06:40,STP,377.99,2175,819975,-2155.43,-0.26,2.17,194.66,0.02,-2154.34,-0.26,186666.52,746.67,1
1880,Entry short,2023-07-31 06:35,QQQREP|S|v1.1.7-rep|P1/10/4,377,2175,819975,-2155.43,-0.26,2.17,194.66,0.02,-2154.34,-0.26,186666.52,746.67,1
1881,Exit short,2023-08-01 06:40,STP,375.88,2253,846452.1,-407.79,-0.05,2.25,697.3,0.08,-406.67,-0.05,186258.72,745.03,1
1881,Entry short,2023-08-01 06:35,QQQREP|S|v1.1.7-rep|P1/10/4,375.7,2253,846452.1,-407.79,-0.05,2.25,697.3,0.08,-406.67,-0.05,186258.72,745.03,1
1882,Exit short,2023-08-02 12:55,EOD,367.98,2128,790977.6,7914.03,1.00,2.13,10575.1,1.34,-384.1,-0.05,194172.75,776.69,76
1882,Entry short,2023-08-02 06:35,QQQREP|S|v1.1.7-rep|P1/10/4,371.7,2128,790977.6,7914.03,1.00,2.13,10575.1,1.34,-384.1,-0.05,194172.75,776.69,76
1883,Exit long,2023-08-03 12:55,EOD,367.37,2396,876408.88,3807.24,0.43,2.4,8887.96,1.01,-791.88,-0.09,197980,791.92,76
1883,Entry long,2023-08-03 06:35,QQQREP|L|v1.1.7-rep|P1/10/4,365.78,2396,876408.88,3807.24,0.43,2.4,8887.96,1.01,-791.88,-0.09,197980,791.92,76
1884,Exit long,2023-08-04 06:40,STP,368.96,1644,608806.08,-2237.48,-0.37,1.64,1117.1,0.18,-2236.66,-0.37,195742.52,782.97,1
1884,Entry long,2023-08-04 06:35,QQQREP|L|v1.1.7-rep|P1/10/4,370.32,1644,608806.08,-2237.48,-0.37,1.64,1117.1,0.18,-2236.66,-0.37,195742.52,782.97,1
1885,Exit short,2023-08-07 12:50,STP,368.42,1811,664926.76,-2283.67,-0.34,1.81,3657.31,0.55,-2282.77,-0.34,193458.84,773.84,75
1885,Entry short,2023-08-07 06:35,QQQREP|S|v1.1.7-rep|P1/10/4,367.16,1811,664926.76,-2283.67,-0.34,1.81,3657.31,0.55,-2282.77,-0.34,193458.84,773.84,75
1886,Exit short,2023-08-08 12:55,EOD,365.57,2388,873793.08,809.53,0.09,2.39,8165.77,0.93,-574.31,-0.07,194268.38,777.07,76
1886,Entry short,2023-08-08 06:35,QQQREP|S|v1.1.7-rep|P1/10/4,365.91,2388,873793.08,809.53,0.09,2.39,8165.77,0.93,-574.31,-0.07,194268.38,777.07,76
1887,Exit short,2023-08-09 08:10,TGT,361.88,2398,876900.64,9110,1.04,2.4,9111.2,1.04,-97.12,-0.01,203378.38,813.51,19
1887,Entry short,2023-08-09 06:35,QQQREP|S|v1.1.7-rep|P1/10/4,365.68,2398,876900.64,9110,1.04,2.4,9111.2,1.04,-97.12,-0.01,203378.38,813.51,19
1888,Exit long,2023-08-10 08:20,STP,363.98,2161,789045.93,-2487.31,-0.32,2.16,6114.55,0.77,-2486.23,-0.32,200891.06,803.56,21
1888,Entry long,2023-08-10 06:35,QQQREP|L|v1.1.7-rep|P1/10/4,365.13,2161,789045.93,-2487.31,-0.32,2.16,6114.55,0.77,-2486.23,-0.32,200891.06,803.56,21
1889,Exit short,2023-08-11 06:35,STP,359.73,2513,903297.85,-706.15,-0.08,2.51,174.65,0.02,-704.9,-0.08,200184.9,800.74,0
1889,Entry short,2023-08-11 06:35,QQQREP|S|v1.1.7-rep|P1/10/4,359.45,2513,903297.85,-706.15,-0.08,2.51,174.65,0.02,-704.9,-0.08,200184.9,800.74,0
1890,Exit long,2023-08-15 06:40,STP,362.71,2479,900521.54,-1365.93,-0.15,2.48,1362.21,0.15,-1364.69,-0.15,198818.98,795.28,1
1890,Entry long,2023-08-15 06:35,QQQREP|L|v1.1.7-rep|P1/10/4,363.26,2479,900521.54,-1365.93,-0.15,2.48,1362.21,0.15,-1364.69,-0.15,198818.98,795.28,1
1891,Exit short,2023-08-16 06:35,STP,359.85,2492,894976.88,-1771.81,-0.20,2.49,422.39,0.05,-1770.57,-0.20,197047.17,788.19,0
1891,Entry short,2023-08-16 06:35,QQQREP|S|v1.1.7-rep|P1/10/4,359.14,2492,894976.88,-1771.81,-0.20,2.49,422.39,0.05,-1770.57,-0.20,197047.17,788.19,0
1892,Exit short,2023-08-17 12:55,EOD,352.44,2429,867444.48,11365.29,1.31,2.43,12410.98,1.43,-389.85,-0.04,208412.47,833.65,76
1892,Entry short,2023-08-17 06:35,QQQREP|S|v1.1.7-rep|P1/10/4,357.12,2429,867444.48,11365.29,1.31,2.43,12410.98,1.43,-389.85,-0.04,208412.47,833.65,76
1893,Exit long,2023-08-18 07:00,STP,348.92,2671,933514.5,-1551.85,-0.17,2.67,3230.57,0.35,-1550.52,-0.17,206860.61,827.44,5
1893,Entry long,2023-08-18 06:35,QQQREP|L|v1.1.7-rep|P1/10/4,349.5,2671,933514.5,-1551.85,-0.17,2.67,3230.57,0.35,-1550.52,-0.17,206860.61,827.44,5
1894,Exit long,2023-08-21 08:10,STP,353.38,2382,844085.52,-2336.74,-0.28,2.38,4834.27,0.57,-2335.55,-0.28,204523.88,818.10,19
1894,Entry long,2023-08-21 06:35,QQQREP|L|v1.1.7-rep|P1/10/4,354.36,2382,844085.52,-2336.74,-0.28,2.38,4834.27,0.57,-2335.55,-0.28,204523.88,818.10,19
1895,Exit short,2023-08-22 09:15,TGT,356.63,2550,917847,8437.95,0.92,2.55,8439.23,0.92,-1.27,0.00,212961.81,851.85,32
1895,Entry short,2023-08-22 06:35,QQQREP|S|v1.1.7-rep|P1/10/4,359.94,2550,917847,8437.95,0.92,2.55,8439.23,0.92,-1.27,0.00,212961.81,851.85,32
1896,Exit long,2023-08-23 12:55,EOD,362.86,2654,951989.8,11037.99,1.16,2.65,13719.85,1.44,-1407.95,-0.15,223999.81,896.00,76
1896,Entry long,2023-08-23 06:35,QQQREP|L|v1.1.7-rep|P1/10/4,358.7,2654,951989.8,11037.99,1.16,2.65,13719.85,1.44,-1407.95,-0.15,223999.81,896.00,76
1897,Exit short,2023-08-24 12:55,EOD,354.9,1248,454746.24,11829.79,2.60,1.25,11930.26,2.62,-287.66,-0.06,235829.6,943.32,76
1897,Entry short,2023-08-24 06:35,QQQREP|S|v1.1.7-rep|P1/10/4,364.38,1248,454746.24,11829.79,2.60,1.25,11930.26,2.62,-287.66,-0.06,235829.6,943.32,76
1898,Exit long,2023-08-25 07:05,STP,355.76,2926,1043177.52,-2226.69,-0.21,2.93,4943.48,0.47,-2225.22,-0.21,233602.9,934.41,6
1898,Entry long,2023-08-25 06:35,QQQREP|L|v1.1.7-rep|P1/10/4,356.52,2926,1043177.52,-2226.69,-0.21,2.93,4943.48,0.47,-2225.22,-0.21,233602.9,934.41,6
1899,Exit long,2023-08-28 06:40,STP,359.81,2579,930632.15,-2684.74,-0.29,2.58,1417.16,0.15,-2683.45,-0.29,230918.17,923.67,1
1899,Entry long,2023-08-28 06:35,QQQREP|L|v1.1.7-rep|P1/10/4,360.85,2579,930632.15,-2684.74,-0.29,2.58,1417.16,0.15,-2683.45,-0.29,230918.17,923.67,1
1900,Exit long,2023-08-29 12:55,EOD,368.32,2304,832043.52,16563.46,1.99,2.3,17394.05,2.09,-1429.63,-0.17,247481.62,989.93,75
1900,Entry long,2023-08-29 06:35,QQQREP|L|v1.1.7-rep|P1/10/4,361.13,2304,832043.52,16563.46,1.99,2.3,17394.05,2.09,-1429.63,-0.17,247481.62,989.93,75
1901,Exit long,2023-08-30 06:35,STP,368.34,2953,1089597.94,-1892.87,-0.17,2.95,559.59,0.05,-1891.4,-0.17,245588.75,982.35,0
1901,Entry long,2023-08-30 06:35,QQQREP|L|v1.1.7-rep|P1/10/4,368.98,2953,1089597.94,-1892.87,-0.17,2.95,559.59,0.05,-1891.4,-0.17,245588.75,982.35,0
1902,Exit long,2023-08-31 12:55,EOD,371.43,2916,1081981.8,1105.16,0.10,2.92,6238.78,0.58,-1605.26,-0.15,246693.92,986.78,76
1902,Entry long,2023-08-31 06:35,QQQREP|L|v1.1.7-rep|P1/10/4,371.05,2916,1081981.8,1105.16,0.10,2.92,6238.78,0.58,-1605.26,-0.15,246693.92,986.78,76
1903,Exit short,2023-09-01 12:55,EOD,371.17,2909,1086540.59,6804.15,0.63,2.91,11256.38,1.04,-1.45,0.00,253498.06,1013.99,76
1903,Entry short,2023-09-01 06:35,QQQREP|S|v1.1.7-rep|P1/10/4,373.51,2909,1086540.59,6804.15,0.63,2.91,11256.38,1.04,-1.45,0.00,253498.06,1013.99,76
1904,Exit short,2023-09-05 06:40,STP,370.67,3011,1113618.35,-2472.03,-0.22,3.01,841.57,0.08,-2470.53,-0.22,251026.03,1004.10,1
1904,Entry short,2023-09-05 06:35,QQQREP|S|v1.1.7-rep|P1/10/4,369.85,3011,1113618.35,-2472.03,-0.22,3.01,841.57,0.08,-2470.53,-0.22,251026.03,1004.10,1
1905,Exit short,2023-09-06 06:40,STP,370.9,2982,1103757.48,-2269.3,-0.21,2.98,803.65,0.07,-2267.81,-0.21,248756.73,995.03,1
1905,Entry short,2023-09-06 06:35,QQQREP|S|v1.1.7-rep|P1/10/4,370.14,2982,1103757.48,-2269.3,-0.21,2.98,803.65,0.07,-2267.81,-0.21,248756.73,995.03,1
1906,Exit short,2023-09-07 06:35,STP,363.9,3012,1094771.64,-1298.17,-0.12,3.01,480.41,0.04,-1296.67,-0.12,247458.56,989.83,0
1906,Entry short,2023-09-07 06:35,QQQREP|S|v1.1.7-rep|P1/10/4,363.47,3012,1094771.64,-1298.17,-0.12,3.01,480.41,0.04,-1296.67,-0.12,247458.56,989.83,0
1907,Exit long,2023-09-08 12:00,STP,365.53,1621,595247.41,-2724.9,-0.46,1.62,1960.6,0.33,-2724.09,-0.46,244733.66,978.93,65
1907,Entry long,2023-09-08 06:35,QQQREP|L|v1.1.7-rep|P1/10/4,367.21,1621,595247.41,-2724.9,-0.46,1.62,1960.6,0.33,-2724.09,-0.46,244733.66,978.93,65
1908,Exit long,2023-09-11 06:35,STP,369.05,2920,1078940,-1316.92,-0.12,2.92,670.14,0.06,-1315.46,-0.12,243416.75,973.67,0
1908,Entry long,2023-09-11 06:35,QQQREP|L|v1.1.7-rep|P1/10/4,369.5,2920,1078940,-1316.92,-0.12,2.92,670.14,0.06,-1315.46,-0.12,243416.75,973.67,0
1909,Exit long,2023-09-12 07:25,STP,368.48,2908,1073546.36,-2009.43,-0.19,2.91,3022.87,0.28,-2007.97,-0.19,241407.31,965.63,10
1909,Entry long,2023-09-12 06:35,QQQREP|L|v1.1.7-rep|P1/10/4,369.17,2908,1073546.36,-2009.43,-0.19,2.91,3022.87,0.28,-2007.97,-0.19,241407.31,965.63,10
1910,Exit long,2023-09-13 07:05,STP,366.38,2902,1065295.18,-2063.32,-0.19,2.9,2668.39,0.25,-2061.87,-0.19,239344,957.38,6
1910,Entry long,2023-09-13 06:35,QQQREP|L|v1.1.7-rep|P1/10/4,367.09,2902,1065295.18,-2063.32,-0.19,2.9,2668.39,0.25,-2061.87,-0.19,239344,957.38,6
1911,Exit short,2023-09-14 07:40,STP,369.99,2513,927171.35,-2616.03,-0.28,2.51,3717.98,0.40,-2614.78,-0.28,236727.97,946.91,13
1911,Entry short,2023-09-14 06:35,QQQREP|S|v1.1.7-rep|P1/10/4,368.95,2513,927171.35,-2616.03,-0.28,2.51,3717.98,0.40,-2614.78,-0.28,236727.97,946.91,13
1912,Exit short,2023-09-15 12:55,EOD,364.31,2717,1002246.96,12413.97,1.24,2.72,14588.93,1.46,-707.78,-0.07,249141.94,996.57,76
1912,Entry short,2023-09-15 06:35,QQQREP|S|v1.1.7-rep|P1/10/4,368.88,2717,1002246.96,12413.97,1.24,2.72,14588.93,1.46,-707.78,-0.07,249141.94,996.57,76
1913,Exit long,2023-09-18 12:55,EOD,364.83,1869,681624.3,241.1,0.04,1.87,2316.63,0.34,-1907.31,-0.28,249383.03,997.53,76
1913,Entry long,2023-09-18 06:35,QQQREP|L|v1.1.7-rep|P1/10/4,364.7,1869,681624.3,241.1,0.04,1.87,2316.63,0.34,-1907.31,-0.28,249383.03,997.53,76
1914,Exit long,2023-09-19 06:50,STP,362.79,3019,1097315.93,-2055.94,-0.19,3.02,1417.42,0.13,-2054.43,-0.19,247327.1,989.31,3
1914,Entry long,2023-09-19 06:35,QQQREP|L|v1.1.7-rep|P1/10/4,363.47,3019,1097315.93,-2055.94,-0.19,3.02,1417.42,0.13,-2054.43,-0.19,247327.1,989.31,3
1915,Exit short,2023-09-20 06:40,STP,365.12,2989,1089221.49,-2125.18,-0.20,2.99,58.29,0.01,-2123.68,-0.19,245201.92,980.81,1
1915,Entry short,2023-09-20 06:35,QQQREP|S|v1.1.7-rep|P1/10/4,364.41,2989,1089221.49,-2125.18,-0.20,2.99,58.29,0.01,-2123.68,-0.19,245201.92,980.81,1
1916,Exit long,2023-09-21 06:45,STP,354.82,3041,1080619.35,-1614.77,-0.15,3.04,1701.44,0.16,-1613.25,-0.15,243587.14,974.35,2
1916,Entry long,2023-09-21 06:35,QQQREP|L|v1.1.7-rep|P1/10/4,355.35,3041,1080619.35,-1614.77,-0.15,3.04,1701.44,0.16,-1613.25,-0.15,243587.14,974.35,2
1917,Exit short,2023-09-22 06:45,STP,354.05,3039,1074438.45,-1522.54,-0.14,3.04,2277.73,0.21,-1521.02,-0.14,242064.61,968.26,2
1917,Entry short,2023-09-22 06:35,QQQREP|S|v1.1.7-rep|P1/10/4,353.55,3039,1074438.45,-1522.54,-0.14,3.04,2277.73,0.21,-1521.02,-0.14,242064.61,968.26,2
1918,Exit short,2023-09-25 06:35,STP,351.59,3045,1068033.75,-2560.84,-0.24,3.05,302.98,0.03,-2559.32,-0.24,239503.77,958.02,0
1918,Entry short,2023-09-25 06:35,QQQREP|S|v1.1.7-rep|P1/10/4,350.75,3045,1068033.75,-2560.84,-0.24,3.05,302.98,0.03,-2559.32,-0.24,239503.77,958.02,0
1919,Exit short,2023-09-26 06:35,STP,351.71,3011,1057673.97,-1327.85,-0.13,3.01,420.03,0.04,-1326.35,-0.13,238175.9,952.70,0
1919,Entry short,2023-09-26 06:35,QQQREP|S|v1.1.7-rep|P1/10/4,351.27,3011,1057673.97,-1327.85,-0.13,3.01,420.03,0.04,-1326.35,-0.13,238175.9,952.70,0
1920,Exit long,2023-09-27 07:00,STP,349.67,3007,1052690.56,-1235.88,-0.12,3.01,2825.08,0.27,-1234.37,-0.12,236940.03,947.76,5
1920,Entry long,2023-09-27 06:35,QQQREP|L|v1.1.7-rep|P1/10/4,350.08,3007,1052690.56,-1235.88,-0.12,3.01,2825.08,0.27,-1234.37,-0.12,236940.03,947.76,5
1921,Exit long,2023-09-28 06:40,STP,347.74,2419,844013.29,-2832.65,-0.34,2.42,47.17,0.01,-2831.44,-0.34,234107.39,936.43,1
1921,Entry long,2023-09-28 06:35,QQQREP|L|v1.1.7-rep|P1/10/4,348.91,2419,844013.29,-2832.65,-0.34,2.42,47.17,0.01,-2831.44,-0.34,234107.39,936.43,1
1922,Exit short,2023-09-29 06:45,STP,356.17,2912,1036322.56,-847.39,-0.08,2.91,1978.7,0.19,-845.94,-0.08,233260,933.04,2
1922,Entry short,2023-09-29 06:35,QQQREP|S|v1.1.7-rep|P1/10/4,355.88,2912,1036322.56,-847.39,-0.08,2.91,1978.7,0.19,-845.94,-0.08,233260,933.04,2
1923,Exit long,2023-10-02 12:55,EOD,355.62,1860,657863.4,3587.94,0.55,1.86,6099.87,0.93,-1842.33,-0.28,236847.94,947.39,76
1923,Entry long,2023-10-02 06:35,QQQREP|L|v1.1.7-rep|P1/10/4,353.69,1860,657863.4,3587.94,0.55,1.86,6099.87,0.93,-1842.33,-0.28,236847.94,947.39,76
1924,Exit long,2023-10-03 07:00,STP,352.96,2960,1047011.2,-2252.56,-0.22,2.96,4734.52,0.45,-2251.08,-0.22,234595.38,938.38,5
1924,Entry long,2023-10-03 06:35,QQQREP|L|v1.1.7-rep|P1/10/4,353.72,2960,1047011.2,-2252.56,-0.22,2.96,4734.52,0.45,-2251.08,-0.22,234595.38,938.38,5
1925,Exit long,2023-10-04 07:05,STP,350.09,2442,857679.24,-2761.9,-0.32,2.44,2123.32,0.25,-2760.68,-0.32,231833.47,927.33,6
1925,Entry long,2023-10-04 06:35,QQQREP|L|v1.1.7-rep|P1/10/4,351.22,2442,857679.24,-2761.9,-0.32,2.44,2123.32,0.25,-2760.68,-0.32,231833.47,927.33,6
1926,Exit long,2023-10-05 06:35,STP,353.6,2900,1027238,-1800.9,-0.18,2.9,752.55,0.07,-1799.45,-0.18,230032.58,920.13,0
1926,Entry long,2023-10-05 06:35,QQQREP|L|v1.1.7-rep|P1/10/4,354.22,2900,1027238,-1800.9,-0.18,2.9,752.55,0.07,-1799.45,-0.18,230032.58,920.13,0
1927,Exit long,2023-10-06 06:35,STP,350.04,2908,1020039.16,-2125.75,-0.21,2.91,551.07,0.05,-2124.29,-0.21,227906.83,911.63,0
1927,Entry long,2023-10-06 06:35,QQQREP|L|v1.1.7-rep|P1/10/4,350.77,2908,1020039.16,-2125.75,-0.21,2.91,551.07,0.05,-2124.29,-0.21,227906.83,911.63,0
1928,Exit short,2023-10-09 06:40,STP,356.68,2733,972264.75,-2544.42,-0.26,2.73,1747.75,0.18,-2543.06,-0.26,225362.4,901.45,1
1928,Entry short,2023-10-09 06:35,QQQREP|S|v1.1.7-rep|P1/10/4,355.75,2733,972264.75,-2544.42,-0.26,2.73,1747.75,0.18,-2543.06,-0.26,225362.4,901.45,1
1929,Exit long,2023-10-10 06:35,STP,360.85,2772,1001024.64,-751.21,-0.08,2.77,802.49,0.08,-749.83,-0.07,224611.19,898.44,0
1929,Entry long,2023-10-10 06:35,QQQREP|L|v1.1.7-rep|P1/10/4,361.12,2772,1001024.64,-751.21,-0.08,2.77,802.49,0.08,-749.83,-0.07,224611.19,898.44,0
1930,Exit long,2023-10-11 06:50,STP,364.05,2326,849315.64,-2537.67,-0.30,2.33,975.76,0.11,-2536.5,-0.30,222073.52,888.29,3
1930,Entry long,2023-10-11 06:35,QQQREP|L|v1.1.7-rep|P1/10/4,365.14,2326,849315.64,-2537.67,-0.30,2.33,975.76,0.11,-2536.5,-0.30,222073.52,888.29,3
1931,Exit short,2023-10-12 06:35,STP,366.12,2701,988241.88,-650.94,-0.07,2.7,241.74,0.02,-649.59,-0.07,221422.58,885.69,0
1931,Entry short,2023-10-12 06:35,QQQREP|S|v1.1.7-rep|P1/10/4,365.88,2701,988241.88,-650.94,-0.07,2.7,241.74,0.02,-649.59,-0.07,221422.58,885.69,0
1932,Exit short,2023-10-13 12:55,EOD,359.5,2704,985580.96,13490.26,1.37,2.7,17196.09,1.74,-1948.23,-0.20,234912.84,939.65,76
1932,Entry short,2023-10-13 06:35,QQQREP|S|v1.1.7-rep|P1/10/4,364.49,2704,985580.96,13490.26,1.37,2.7,17196.09,1.74,-1948.23,-0.20,234912.84,939.65,76
1933,Exit long,2023-10-16 12:55,EOD,363.66,1737,629228.25,2447.43,0.39,1.74,4167.93,0.66,-2120.01,-0.34,237360.27,949.44,76
1933,Entry long,2023-10-16 06:35,QQQREP|L|v1.1.7-rep|P1/10/4,362.25,1737,629228.25,2447.43,0.39,1.74,4167.93,0.66,-2120.01,-0.34,237360.27,949.44,76
1934,Exit short,2023-10-17 07:05,STP,360.11,2917,1049361.58,-1082.21,-0.10,2.92,5219.97,0.50,-1080.75,-0.10,236278.06,945.11,6
1934,Entry short,2023-10-17 06:35,QQQREP|S|v1.1.7-rep|P1/10/4,359.74,2917,1049361.58,-1082.21,-0.10,2.92,5219.97,0.50,-1080.75,-0.10,236278.06,945.11,6
1935,Exit long,2023-10-18 06:45,STP,359.78,1701,614639.34,-2655.26,-0.43,1.7,356.36,0.06,-2654.41,-0.43,233622.8,934.49,2
1935,Entry long,2023-10-18 06:35,QQQREP|L|v1.1.7-rep|P1/10/4,361.34,1701,614639.34,-2655.26,-0.43,1.7,356.36,0.06,-2654.41,-0.43,233622.8,934.49,2
1936,Exit short,2023-10-19 09:00,STP,359.6,2883,1034535.72,-2193.96,-0.21,2.88,7667.34,0.74,-2192.52,-0.21,231428.84,925.72,29
1936,Entry short,2023-10-19 06:35,QQQREP|S|v1.1.7-rep|P1/10/4,358.84,2883,1034535.72,-2193.96,-0.21,2.88,7667.34,0.74,-2192.52,-0.21,231428.84,925.72,29
1937,Exit short,2023-10-20 06:40,STP,353.84,2505,883738.95,-2632.75,-0.30,2.51,449.65,0.05,-2631.5,-0.30,228796.08,915.18,1
1937,Entry short,2023-10-20 06:35,QQQREP|S|v1.1.7-rep|P1/10/4,352.79,2505,883738.95,-2632.75,-0.30,2.51,449.65,0.05,-2631.5,-0.30,228796.08,915.18,1
1938,Exit short,2023-10-23 06:55,STP,348.34,2432,844341.76,-2823.55,-0.33,2.43,3889.98,0.46,-2822.34,-0.33,225972.53,903.89,4
1938,Entry short,2023-10-23 06:35,QQQREP|S|v1.1.7-rep|P1/10/4,347.18,2432,844341.76,-2823.55,-0.33,2.43,3889.98,0.46,-2822.34,-0.33,225972.53,903.89,4
1939,Exit long,2023-10-24 06:50,STP,351.52,2107,743138.9,-2488.37,-0.33,2.11,1284.22,0.17,-2487.31,-0.33,223484.17,893.94,3
1939,Entry long,2023-10-24 06:35,QQQREP|L|v1.1.7-rep|P1/10/4,352.7,2107,743138.9,-2488.37,-0.33,2.11,1284.22,0.17,-2487.31,-0.33,223484.17,893.94,3
1940,Exit short,2023-10-25 12:55,EOD,344.8,1372,479431.68,6364.71,1.33,1.37,7106.27,1.48,-453.45,-0.09,229848.88,919.40,76
1940,Entry short,2023-10-25 06:35,QQQREP|S|v1.1.7-rep|P1/10/4,349.44,1372,479431.68,6364.71,1.33,1.37,7106.27,1.48,-453.45,-0.09,229848.88,919.40,76
1941,Exit long,2023-10-26 06:35,STP,342.9,2909,1000085.11,-2591.92,-0.26,2.91,1365.78,0.14,-2590.46,-0.26,227256.95,909.03,0
1941,Entry long,2023-10-26 06:35,QQQREP|L|v1.1.7-rep|P1/10/4,343.79,2909,1000085.11,-2591.92,-0.26,2.91,1365.78,0.14,-2590.46,-0.26,227256.95,909.03,0
1942,Exit long,2023-10-27 06:40,STP,340.95,2955,1008984.75,-1480.45,-0.15,2.96,1003.22,0.10,-1478.98,-0.15,225776.5,903.11,1
1942,Entry long,2023-10-27 06:35,QQQREP|L|v1.1.7-rep|P1/10/4,341.45,2955,1008984.75,-1480.45,-0.15,2.96,1003.22,0.10,-1478.98,-0.15,225776.5,903.11,1
1943,Exit long,2023-10-30 07:25,STP,341.64,1733,594609.63,-2549.24,-0.43,1.73,3309.16,0.56,-2548.38,-0.43,223227.25,892.91,10
1943,Entry long,2023-10-30 06:35,QQQREP|L|v1.1.7-rep|P1/10/4,343.11,1733,594609.63,-2549.24,-0.43,1.73,3309.16,0.56,-2548.38,-0.43,223227.25,892.91,10
1944,Exit short,2023-10-31 07:50,STP,343.96,2033,696892.07,-2380.64,-0.34,2.03,3292.44,0.47,-2379.63,-0.34,220846.61,883.39,15
1944,Entry short,2023-10-31 06:35,QQQREP|S|v1.1.7-rep|P1/10/4,342.79,2033,696892.07,-2380.64,-0.34,2.03,3292.44,0.47,-2379.63,-0.34,220846.61,883.39,15
1945,Exit long,2023-11-01 12:55,EOD,351.47,2836,983071.04,13695.04,1.39,2.84,14915.94,1.52,-682.06,-0.07,234541.66,938.17,76
1945,Entry long,2023-11-01 06:35,QQQREP|L|v1.1.7-rep|P1/10/4,346.64,2836,983071.04,13695.04,1.39,2.84,14915.94,1.52,-682.06,-0.07,234541.66,938.17,76
1946,Exit short,2023-11-02 06:35,STP,356.27,2919,1038200.73,-1754.32,-0.17,2.92,290.44,0.03,-1752.86,-0.17,232787.34,931.15,0
1946,Entry short,2023-11-02 06:35,QQQREP|S|v1.1.7-rep|P1/10/4,355.67,2919,1038200.73,-1754.32,-0.17,2.92,290.44,0.03,-1752.86,-0.17,232787.34,931.15,0
1947,Exit long,2023-11-03 06:35,STP,358.78,2871,1031148.36,-1093.85,-0.11,2.87,917.28,0.09,-1092.42,-0.11,231693.48,926.77,0
1947,Entry long,2023-11-03 06:35,QQQREP|L|v1.1.7-rep|P1/10/4,359.16,2871,1031148.36,-1093.85,-0.11,2.87,917.28,0.09,-1092.42,-0.11,231693.48,926.77,0
1948,Exit long,2023-11-06 06:45,STP,362.67,2828,1026564,-936.07,-0.09,2.83,2713.47,0.26,-934.65,-0.09,230757.42,923.03,2
1948,Entry long,2023-11-06 06:35,QQQREP|L|v1.1.7-rep|P1/10/4,363,2828,1026564,-936.07,-0.09,2.83,2713.47,0.26,-934.65,-0.09,230757.42,923.03,2
1949,Exit short,2023-11-07 06:55,STP,364.73,2147,780563.32,-2514.14,-0.32,2.15,685.97,0.09,-2513.06,-0.32,228243.28,912.97,4
1949,Entry short,2023-11-07 06:35,QQQREP|S|v1.1.7-rep|P1/10/4,363.56,2147,780563.32,-2514.14,-0.32,2.15,685.97,0.09,-2513.06,-0.32,228243.28,912.97,4
1950,Exit long,2023-11-08 07:00,STP,366.9,2754,1012866.12,-2426.27,-0.24,2.75,329.1,0.03,-2424.9,-0.24,225817.02,903.27,5
1950,Entry long,2023-11-08 06:35,QQQREP|L|v1.1.7-rep|P1/10/4,367.78,2754,1012866.12,-2426.27,-0.24,2.75,329.1,0.03,-2424.9,-0.24,225817.02,903.27,5
1951,Exit short,2023-11-09 06:55,STP,368.12,2731,1003096.3,-2242.15,-0.22,2.73,1227.58,0.12,-2240.79,-0.22,223574.86,894.30,4
1951,Entry short,2023-11-09 06:35,QQQREP|S|v1.1.7-rep|P1/10/4,367.3,2731,1003096.3,-2242.15,-0.22,2.73,1227.58,0.12,-2240.79,-0.22,223574.86,894.30,4
1952,Exit short,2023-11-10 06:35,STP,366.03,2717,993878.6,-627.63,-0.06,2.72,487.7,0.05,-626.27,-0.06,222947.23,891.79,0
1952,Entry short,2023-11-10 06:35,QQQREP|S|v1.1.7-rep|P1/10/4,365.8,2717,993878.6,-627.63,-0.06,2.72,487.7,0.05,-626.27,-0.06,222947.23,891.79,0
1953,Exit short,2023-11-13 07:45,STP,371.09,2677,991641.11,-1769.5,-0.18,2.68,2943.36,0.30,-1768.16,-0.18,221177.73,884.71,14
1953,Entry short,2023-11-13 06:35,QQQREP|S|v1.1.7-rep|P1/10/4,370.43,2677,991641.11,-1769.5,-0.18,2.68,2943.36,0.30,-1768.16,-0.18,221177.73,884.71,14
1954,Exit long,2023-11-14 12:55,EOD,379.25,2605,984377.4,3566.25,0.36,2.61,5990.2,0.61,-470.2,-0.05,224743.98,898.98,76
1954,Entry long,2023-11-14 06:35,QQQREP|L|v1.1.7-rep|P1/10/4,377.88,2605,984377.4,3566.25,0.36,2.61,5990.2,0.61,-470.2,-0.05,224743.98,898.98,76
1955,Exit long,2023-11-15 06:40,STP,380.66,2619,998677.08,-1731.16,-0.17,2.62,574.87,0.06,-1729.85,-0.17,223012.81,892.05,1
1955,Entry long,2023-11-15 06:35,QQQREP|L|v1.1.7-rep|P1/10/4,381.32,2619,998677.08,-1731.16,-0.17,2.62,574.87,0.06,-1729.85,-0.17,223012.81,892.05,1
1956,Exit short,2023-11-16 06:35,STP,378.87,2619,991789.11,-474.04,-0.05,2.62,0,0.00,-472.73,-0.05,222538.78,890.16,0
1956,Entry short,2023-11-16 06:35,QQQREP|S|v1.1.7-rep|P1/10/4,378.69,2619,991789.11,-474.04,-0.05,2.62,0,0.00,-472.73,-0.05,222538.78,890.16,0
1957,Exit long,2023-11-17 06:35,STP,378.88,2611,990038.98,-785.91,-0.08,2.61,24.8,0.00,-784.61,-0.08,221752.88,887.01,0
1957,Entry long,2023-11-17 06:35,QQQREP|L|v1.1.7-rep|P1/10/4,379.18,2611,990038.98,-785.91,-0.08,2.61,24.8,0.00,-784.61,-0.08,221752.88,887.01,0
1958,Exit long,2023-11-20 12:55,EOD,384.6,1586,605106.58,4867.43,0.80,1.59,5899.13,0.97,-825.51,-0.14,226620.3,906.48,76
1958,Entry long,2023-11-20 06:35,QQQREP|L|v1.1.7-rep|P1/10/4,381.53,1586,605106.58,4867.43,0.80,1.59,5899.13,0.97,-825.51,-0.14,226620.3,906.48,76
1959,Exit short,2023-11-21 06:35,STP,382.98,2629,1006276.04,-581.01,-0.06,2.63,734.81,0.07,-579.69,-0.06,226039.3,904.16,0
1959,Entry short,2023-11-21 06:35,QQQREP|S|v1.1.7-rep|P1/10/4,382.76,2629,1006276.04,-581.01,-0.06,2.63,734.81,0.07,-579.69,-0.06,226039.3,904.16,0
1960,Exit long,2023-11-22 06:50,STP,384.42,1555,600307.75,-2536.2,-0.42,1.56,1289.87,0.21,-2535.43,-0.42,223503.1,894.01,3
1960,Entry long,2023-11-22 06:35,QQQREP|L|v1.1.7-rep|P1/10/4,386.05,1555,600307.75,-2536.2,-0.42,1.56,1289.87,0.21,-2535.43,-0.42,223503.1,894.01,3
1961,Exit long,2023-11-24 07:15,STP,382.87,2427,931701.03,-2477.97,-0.27,2.43,387.11,0.04,-2476.75,-0.27,221025.12,884.10,8
1961,Entry long,2023-11-24 06:35,QQQREP|L|v1.1.7-rep|P1/10/4,383.89,2427,931701.03,-2477.97,-0.27,2.43,387.11,0.04,-2476.75,-0.27,221025.12,884.10,8
1962,Exit short,2023-11-27 07:05,STP,383.78,2065,790069,-2438.76,-0.31,2.07,866.27,0.11,-2437.73,-0.31,218586.36,874.35,6
1962,Entry short,2023-11-27 06:35,QQQREP|S|v1.1.7-rep|P1/10/4,382.6,2065,790069,-2438.76,-0.31,2.07,866.27,0.11,-2437.73,-0.31,218586.36,874.35,6
1963,Exit long,2023-11-28 06:40,STP,382.27,2544,974072.16,-1579.82,-0.16,2.54,431.21,0.04,-1578.55,-0.16,217006.53,868.03,1
1963,Entry long,2023-11-28 06:35,QQQREP|L|v1.1.7-rep|P1/10/4,382.89,2544,974072.16,-1579.82,-0.16,2.54,431.21,0.04,-1578.55,-0.16,217006.53,868.03,1
1964,Exit long,2023-11-29 07:05,STP,386.5,2458,952401.26,-2386.72,-0.25,2.46,1154.03,0.12,-2385.49,-0.25,214619.81,858.48,6
1964,Entry long,2023-11-29 06:35,QQQREP|L|v1.1.7-rep|P1/10/4,387.47,2458,952401.26,-2386.72,-0.25,2.46,1154.03,0.12,-2385.49,-0.25,214619.81,858.48,6
1965,Exit long,2023-11-30 06:35,STP,383.47,2495,958429.3,-1674.14,-0.17,2.5,123.5,0.01,-1672.9,-0.17,212945.67,851.78,0
1965,Entry long,2023-11-30 06:35,QQQREP|L|v1.1.7-rep|P1/10/4,384.14,2495,958429.3,-1674.14,-0.17,2.5,123.5,0.01,-1672.9,-0.17,212945.67,851.78,0
1966,Exit short,2023-12-01 06:40,STP,381.68,2324,884630.6,-2396.04,-0.27,2.32,928.44,0.10,-2394.88,-0.27,210549.62,842.20,1
1966,Entry short,2023-12-01 06:35,QQQREP|S|v1.1.7-rep|P1/10/4,380.65,2324,884630.6,-2396.04,-0.27,2.32,928.44,0.10,-2394.88,-0.27,210549.62,842.20,1
1967,Exit long,2023-12-04 06:35,STP,379.5,2477,942052.64,-2033.62,-0.22,2.48,23.53,0.00,-2032.38,-0.22,208516.02,834.06,0
1967,Entry long,2023-12-04 06:35,QQQREP|L|v1.1.7-rep|P1/10/4,380.32,2477,942052.64,-2033.62,-0.22,2.48,23.53,0.00,-2032.38,-0.22,208516.02,834.06,0
1968,Exit short,2023-12-05 06:35,STP,378.78,2469,933973.32,-1236.97,-0.13,2.47,97.53,0.01,-1235.73,-0.13,207279.05,829.12,0
1968,Entry short,2023-12-05 06:35,QQQREP|S|v1.1.7-rep|P1/10/4,378.28,2469,933973.32,-1236.97,-0.13,2.47,97.53,0.01,-1235.73,-0.13,207279.05,829.12,0
1969,Exit short,2023-12-06 12:55,EOD,378.96,1396,534039.8,5010.24,0.94,1.4,5443.7,1.02,-391.58,-0.07,212289.28,849.16,76
1969,Entry short,2023-12-06 06:35,QQQREP|S|v1.1.7-rep|P1/10/4,382.55,1396,534039.8,5010.24,0.94,1.4,5443.7,1.02,-391.58,-0.07,212289.28,849.16,76
1970,Exit long,2023-12-07 06:50,STP,381.32,1759,673134.12,-2394,-0.36,1.76,720.31,0.11,-2393.12,-0.36,209895.28,839.58,3
1970,Entry long,2023-12-07 06:35,QQQREP|L|v1.1.7-rep|P1/10/4,382.68,1759,673134.12,-2394,-0.36,1.76,720.31,0.11,-2393.12,-0.36,209895.28,839.58,3
1971,Exit long,2023-12-08 12:55,EOD,385.98,2454,939562.98,7629.49,0.81,2.45,8784.09,0.93,-492.03,-0.05,217524.77,870.10,76
1971,Entry long,2023-12-08 06:35,QQQREP|L|v1.1.7-rep|P1/10/4,382.87,2454,939562.98,7629.49,0.81,2.45,8784.09,0.93,-492.03,-0.05,217524.77,870.10,76
1972,Exit long,2023-12-11 12:55,EOD,389.32,2392,924149.2,7101.85,0.77,2.39,7677.12,0.83,-1436.4,-0.16,224626.62,898.51,76
1972,Entry long,2023-12-11 06:35,QQQREP|L|v1.1.7-rep|P1/10/4,386.35,2392,924149.2,7101.85,0.77,2.39,7677.12,0.83,-1436.4,-0.16,224626.62,898.51,76
1973,Exit short,2023-12-12 06:50,STP,389.43,2569,998416.16,-2032.08,-0.20,2.57,1103.39,0.11,-2030.79,-0.20,222594.55,890.38,3
1973,Entry short,2023-12-12 06:35,QQQREP|S|v1.1.7-rep|P1/10/4,388.64,2569,998416.16,-2032.08,-0.20,2.57,1103.39,0.11,-2030.79,-0.20,222594.55,890.38,3
1974,Exit long,2023-12-13 06:55,STP,393.27,2512,990155.04,-2263.31,-0.23,2.51,777.46,0.08,-2262.06,-0.23,220331.23,881.32,4
1974,Entry long,2023-12-13 06:35,QQQREP|L|v1.1.7-rep|P1/10/4,394.17,2512,990155.04,-2263.31,-0.23,2.51,777.46,0.08,-2262.06,-0.23,220331.23,881.32,4
1975,Exit long,2023-12-14 07:05,STP,398.39,2458,981282.76,-2042.6,-0.21,2.46,1694.79,0.17,-2041.37,-0.21,218288.62,873.15,6
1975,Entry long,2023-12-14 06:35,QQQREP|L|v1.1.7-rep|P1/10/4,399.22,2458,981282.76,-2042.6,-0.21,2.46,1694.79,0.17,-2041.37,-0.21,218288.62,873.15,6
1976,Exit long,2023-12-15 10:40,STP,397.69,2445,973012.2,-662.59,-0.07,2.44,5328.88,0.55,-661.37,-0.07,217626.03,870.50,49
1976,Entry long,2023-12-15 06:35,QQQREP|L|v1.1.7-rep|P1/10/4,397.96,2445,973012.2,-662.59,-0.07,2.44,5328.88,0.55,-661.37,-0.07,217626.03,870.50,49
1977,Exit long,2023-12-18 12:55,EOD,401.49,2427,970338.87,4074.93,0.42,2.43,6211.91,0.64,-1238.98,-0.13,221700.97,886.80,76
1977,Entry long,2023-12-18 06:35,QQQREP|L|v1.1.7-rep|P1/10/4,399.81,2427,970338.87,4074.93,0.42,2.43,6211.91,0.64,-1238.98,-0.13,221700.97,886.80,76
1978,Exit long,2023-12-19 12:55,EOD,403.53,2452,986733.84,2719.27,0.28,2.45,2990.21,0.30,-1227.23,-0.12,224420.23,897.68,76
1978,Entry long,2023-12-19 06:35,QQQREP|L|v1.1.7-rep|P1/10/4,402.42,2452,986733.84,2719.27,0.28,2.45,2990.21,0.30,-1227.23,-0.12,224420.23,897.68,76
1979,Exit long,2023-12-20 11:35,STP,402.35,2476,997456.6,-1240.48,-0.12,2.48,4851.72,0.49,-1239.24,-0.12,223179.77,892.72,60
1979,Entry long,2023-12-20 06:35,QQQREP|L|v1.1.7-rep|P1/10/4,402.85,2476,997456.6,-1240.48,-0.12,2.48,4851.72,0.49,-1239.24,-0.12,223179.77,892.72,60
1980,Exit long,2023-12-21 06:55,STP,400.69,2471,992625.41,-2522.89,-0.25,2.47,295.28,0.03,-2521.66,-0.25,220656.88,882.63,4
1980,Entry long,2023-12-21 06:35,QQQREP|L|v1.1.7-rep|P1/10/4,401.71,2471,992625.41,-2522.89,-0.25,2.47,295.28,0.03,-2521.66,-0.25,220656.88,882.63,4
1981,Exit short,2023-12-22 06:40,STP,403.89,2436,982536.24,-1342.24,-0.14,2.44,461.62,0.05,-1341.02,-0.14,219314.64,877.26,1
1981,Entry short,2023-12-22 06:35,QQQREP|S|v1.1.7-rep|P1/10/4,403.34,2436,982536.24,-1342.24,-0.14,2.44,461.62,0.05,-1341.02,-0.14,219314.64,877.26,1
1982,Exit long,2023-12-26 12:55,EOD,405.23,2418,977137.98,2705.74,0.28,2.42,4302.83,0.44,-533.17,-0.05,222020.38,888.08,76
1982,Entry long,2023-12-26 06:35,QQQREP|L|v1.1.7-rep|P1/10/4,404.11,2418,977137.98,2705.74,0.28,2.42,4302.83,0.44,-533.17,-0.05,222020.38,888.08,76
1983,Exit long,2023-12-27 07:10,STP,405.49,2434,988106.64,-1146.41,-0.12,2.43,704.64,0.07,-1145.2,-0.12,220873.97,883.50,7
1983,Entry long,2023-12-27 06:35,QQQREP|L|v1.1.7-rep|P1/10/4,405.96,2434,988106.64,-1146.41,-0.12,2.43,704.64,0.07,-1145.2,-0.12,220873.97,883.50,7
1984,Exit short,2023-12-28 12:55,EOD,405.76,2418,983497.32,2367.22,0.24,2.42,3021.29,0.31,-799.15,-0.08,223241.19,892.96,76
1984,Entry short,2023-12-28 06:35,QQQREP|S|v1.1.7-rep|P1/10/4,406.74,2418,983497.32,2367.22,0.24,2.42,3021.29,0.31,-799.15,-0.08,223241.19,892.96,76
1985,Exit long,2023-12-29 06:35,STP,405.67,2446,992684.64,-418.27,-0.04,2.45,365.68,0.04,-417.04,-0.04,222822.92,891.29,0
1985,Entry long,2023-12-29 06:35,QQQREP|L|v1.1.7-rep|P1/10/4,405.84,2446,992684.64,-418.27,-0.04,2.45,365.68,0.04,-417.04,-0.04,222822.92,891.29,0
1986,Exit short,2024-01-02 12:55,EOD,397.22,2479,990905.88,6195.02,0.63,2.48,11848.38,1.20,-620.99,-0.06,229017.94,916.07,76
1986,Entry short,2024-01-02 06:35,QQQREP|S|v1.1.7-rep|P1/10/4,399.72,2479,990905.88,6195.02,0.63,2.48,11848.38,1.20,-620.99,-0.06,229017.94,916.07,76
1987,Exit long,2024-01-03 07:10,STP,393.97,2574,1015906.32,-1830.11,-0.18,2.57,2598.45,0.26,-1828.83,-0.18,227187.83,908.75,7
1987,Entry long,2024-01-03 06:35,QQQREP|L|v1.1.7-rep|P1/10/4,394.68,2574,1015906.32,-1830.11,-0.18,2.57,2598.45,0.26,-1828.83,-0.18,227187.83,908.75,7
1988,Exit long,2024-01-04 12:55,STP,390.94,2574,1008570.42,-2293.43,-0.23,2.57,6305.01,0.63,-2292.15,-0.23,224894.39,899.58,76
1988,Entry long,2024-01-04 06:35,QQQREP|L|v1.1.7-rep|P1/10/4,391.83,2574,1008570.42,-2293.43,-0.23,2.57,6305.01,0.63,-2292.15,-0.23,224894.39,899.58,76
1989,Exit long,2024-01-05 10:15,STP,390.93,2221,870698.63,-2445.32,-0.28,2.22,4840.67,0.56,-2444.21,-0.28,222449.06,889.80,44
1989,Entry long,2024-01-05 06:35,QQQREP|L|v1.1.7-rep|P1/10/4,392.03,2221,870698.63,-2445.32,-0.28,2.22,4840.67,0.56,-2444.21,-0.28,222449.06,889.80,44
1990,Exit long,2024-01-08 12:55,EOD,399.64,2515,989702.8,15389.29,1.55,2.52,15968.99,1.61,-227.61,-0.02,237838.36,951.35,76
1990,Entry long,2024-01-08 06:35,QQQREP|L|v1.1.7-rep|P1/10/4,393.52,2515,989702.8,15389.29,1.55,2.52,15968.99,1.61,-227.61,-0.02,237838.36,951.35,76
1991,Exit long,2024-01-09 06:40,STP,396.52,2512,998720.96,-2665.23,-0.27,2.51,99.22,0.01,-2663.98,-0.27,235173.12,940.69,1
1991,Entry long,2024-01-09 06:35,QQQREP|L|v1.1.7-rep|P1/10/4,397.58,2512,998720.96,-2665.23,-0.27,2.51,99.22,0.01,-2663.98,-0.27,235173.12,940.69,1
1992,Exit long,2024-01-10 06:50,STP,400.67,2594,1040427.46,-1092.07,-0.10,2.59,1088.18,0.10,-1090.78,-0.10,234081.05,936.32,3
1992,Entry long,2024-01-10 06:35,QQQREP|L|v1.1.7-rep|P1/10/4,401.09,2594,1040427.46,-1092.07,-0.10,2.59,1088.18,0.10,-1090.78,-0.10,234081.05,936.32,3
1993,Exit long,2024-01-11 06:45,STP,404.17,2558,1036245.8,-2381.5,-0.23,2.56,1661.42,0.16,-2380.22,-0.23,231699.55,926.80,2
1993,Entry long,2024-01-11 06:35,QQQREP|L|v1.1.7-rep|P1/10/4,405.1,2558,1036245.8,-2381.5,-0.23,2.56,1661.42,0.16,-2380.22,-0.23,231699.55,926.80,2
1994,Exit short,2024-01-12 06:35,STP,405.09,2538,1026747.9,-1373.06,-0.13,2.54,328.67,0.03,-1371.79,-0.13,230326.48,921.31,0
1994,Entry short,2024-01-12 06:35,QQQREP|S|v1.1.7-rep|P1/10/4,404.55,2538,1026747.9,-1373.06,-0.13,2.54,328.67,0.03,-1371.79,-0.13,230326.48,921.31,0
1995,Exit long,2024-01-16 06:35,STP,402.62,2533,1021077.63,-1243.7,-0.12,2.53,1214.57,0.12,-1242.44,-0.12,229082.78,916.33,0
1995,Entry long,2024-01-16 06:35,QQQREP|L|v1.1.7-rep|P1/10/4,403.11,2533,1021077.63,-1243.7,-0.12,2.53,1214.57,0.12,-1242.44,-0.12,229082.78,916.33,0
1996,Exit short,2024-01-17 12:45,STP,401.23,1300,519064,-2536.3,-0.49,1.3,2209.35,0.43,-2535.65,-0.49,226546.48,906.19,74
1996,Entry short,2024-01-17 06:35,QQQREP|S|v1.1.7-rep|P1/10/4,399.28,1300,519064,-2536.3,-0.49,1.3,2209.35,0.43,-2535.65,-0.49,226546.48,906.19,74
1997,Exit long,2024-01-18 07:00,STP,405.04,2479,1006151.73,-2060.05,-0.20,2.48,1287.84,0.13,-2058.81,-0.20,224486.44,897.95,5
1997,Entry long,2024-01-18 06:35,QQQREP|L|v1.1.7-rep|P1/10/4,405.87,2479,1006151.73,-2060.05,-0.20,2.48,1287.84,0.13,-2058.81,-0.20,224486.44,897.95,5
1998,Exit short,2024-01-19 06:40,STP,409.97,2435,997595.15,-684.23,-0.07,2.44,631.88,0.06,-683.02,-0.07,223802.2,895.21,1
1998,Entry short,2024-01-19 06:35,QQQREP|S|v1.1.7-rep|P1/10/4,409.69,2435,997595.15,-684.23,-0.07,2.44,631.88,0.06,-683.02,-0.07,223802.2,895.21,1
1999,Exit long,2024-01-22 06:40,STP,417.77,2376,995163.84,-2544.7,-0.26,2.38,592.81,0.06,-2543.51,-0.26,221257.52,885.03,1
1999,Entry long,2024-01-22 06:35,QQQREP|L|v1.1.7-rep|P1/10/4,418.84,2376,995163.84,-2544.7,-0.26,2.38,592.81,0.06,-2543.51,-0.26,221257.52,885.03,1
2000,Exit short,2024-01-23 09:55,STP,416.85,1540,639469.6,-2480.94,-0.39,1.54,368.83,0.06,-2480.17,-0.39,218776.56,875.11,40
2000,Entry short,2024-01-23 06:35,QQQREP|S|v1.1.7-rep|P1/10/4,415.24,1540,639469.6,-2480.94,-0.39,1.54,368.83,0.06,-2480.17,-0.39,218776.56,875.11,40
2001,Exit short,2024-01-24 07:15,STP,421.88,2316,975105.48,-1970.92,-0.20,2.32,1295.8,0.13,-1969.76,-0.20,216805.66,867.22,8
2001,Entry short,2024-01-24 06:35,QQQREP|S|v1.1.7-rep|P1/10/4,421.03,2316,975105.48,-1970.92,-0.20,2.32,1295.8,0.13,-1969.76,-0.20,216805.66,867.22,8
2002,Exit short,2024-01-25 07:20,STP,422.78,2290,966838,-1330.49,-0.14,2.29,2884.26,0.30,-1329.34,-0.14,215475.16,861.90,9
2002,Entry short,2024-01-25 06:35,QQQREP|S|v1.1.7-rep|P1/10/4,422.2,2290,966838,-1330.49,-0.14,2.29,2884.26,0.30,-1329.34,-0.14,215475.16,861.90,9
2003,Exit long,2024-01-26 06:35,STP,418.28,2295,961605,-1654.69,-0.17,2.3,159.5,0.02,-1653.55,-0.17,213820.47,855.28,0
2003,Entry long,2024-01-26 06:35,QQQREP|L|v1.1.7-rep|P1/10/4,419,2295,961605,-1654.69,-0.17,2.3,159.5,0.02,-1653.55,-0.17,213820.47,855.28,0
2004,Exit long,2024-01-29 07:00,STP,418.22,2281,955259.99,-1302.45,-0.14,2.28,1595.56,0.17,-1301.31,-0.14,212518.02,850.07,5
2004,Entry long,2024-01-29 06:35,QQQREP|L|v1.1.7-rep|P1/10/4,418.79,2281,955259.99,-1302.45,-0.14,2.28,1595.56,0.17,-1301.31,-0.14,212518.02,850.07,5
2005,Exit long,2024-01-30 07:00,STP,421.29,2253,949909.86,-745.74,-0.08,2.25,742.36,0.08,-744.62,-0.08,211772.28,847.09,5
2005,Entry long,2024-01-30 06:35,QQQREP|L|v1.1.7-rep|P1/10/4,421.62,2253,949909.86,-745.74,-0.08,2.25,742.36,0.08,-744.62,-0.08,211772.28,847.09,5
2006,Exit long,2024-01-31 06:40,STP,414.63,2221,923269.7,-2378.69,-0.26,2.22,354.25,0.04,-2377.58,-0.26,209393.58,837.57,1
2006,Entry long,2024-01-31 06:35,QQQREP|L|v1.1.7-rep|P1/10/4,415.7,2221,923269.7,-2378.69,-0.26,2.22,354.25,0.04,-2377.58,-0.26,209393.58,837.57,1
2007,Exit long,2024-02-01 06:55,STP,412.97,2265,937506.15,-2131.36,-0.23,2.27,202.72,0.02,-2130.23,-0.23,207262.22,829.05,4
2007,Entry long,2024-02-01 06:35,QQQREP|L|v1.1.7-rep|P1/10/4,413.91,2265,937506.15,-2131.36,-0.23,2.27,202.72,0.02,-2130.23,-0.23,207262.22,829.05,4
2008,Exit long,2024-02-02 12:55,EOD,423.46,2029,848832.15,10366.16,1.22,2.03,12558.5,1.48,-203.91,-0.02,217628.38,870.51,76
2008,Entry long,2024-02-02 06:35,QQQREP|L|v1.1.7-rep|P1/10/4,418.35,2029,848832.15,10366.16,1.22,2.03,12558.5,1.48,-203.91,-0.02,217628.38,870.51,76
2009,Exit long,2024-02-05 06:35,STP,423.03,2290,970158.5,-1422.09,-0.15,2.29,136.26,0.01,-1420.94,-0.15,216206.28,864.83,0
2009,Entry long,2024-02-05 06:35,QQQREP|L|v1.1.7-rep|P1/10/4,423.65,2290,970158.5,-1422.09,-0.15,2.29,136.26,0.01,-1420.94,-0.15,216206.28,864.83,0
2010,Exit short,2024-02-06 12:55,EOD,421.99,2277,964605.51,3732,0.39,2.28,9243.48,0.96,-114.99,-0.01,219938.3,879.75,76
2010,Entry short,2024-02-06 06:35,QQQREP|S|v1.1.7-rep|P1/10/4,423.63,2277,964605.51,3732,0.39,2.28,9243.48,0.96,-114.99,-0.01,219938.3,879.75,76
2011,Exit short,2024-02-07 07:10,STP,424.81,2310,979786.5,-1526.91,-0.16,2.31,1731.35,0.18,-1525.75,-0.16,218411.38,873.65,7
2011,Entry short,2024-02-07 06:35,QQQREP|S|v1.1.7-rep|P1/10/4,424.15,2310,979786.5,-1526.91,-0.16,2.31,1731.35,0.18,-1525.75,-0.16,218411.38,873.65,7
2012,Exit short,2024-02-08 06:35,STP,426.6,2284,973395.12,-961.56,-0.10,2.28,0,0.00,-960.42,-0.10,217449.81,869.80,0
2012,Entry short,2024-02-08 06:35,QQQREP|S|v1.1.7-rep|P1/10/4,426.18,2284,973395.12,-961.56,-0.10,2.28,0,0.00,-960.42,-0.10,217449.81,869.80,0
2013,Exit short,2024-02-09 06:45,STP,428.24,2266,969644.06,-750.05,-0.08,2.27,1109.21,0.11,-748.91,-0.08,216699.77,866.80,2
2013,Entry short,2024-02-09 06:35,QQQREP|S|v1.1.7-rep|P1/10/4,427.91,2266,969644.06,-750.05,-0.08,2.27,1109.21,0.11,-748.91,-0.08,216699.77,866.80,2
2014,Exit long,2024-02-12 10:35,STP,430.6,2240,966560,-2018.24,-0.21,2.24,4075.68,0.42,-2017.12,-0.21,214681.53,858.73,48
2014,Entry long,2024-02-12 06:35,QQQREP|L|v1.1.7-rep|P1/10/4,431.5,2240,966560,-2018.24,-0.21,2.24,4075.68,0.42,-2017.12,-0.21,214681.53,858.73,48
2015,Exit short,2024-02-13 06:35,STP,421.85,2273,958296.8,-570.52,-0.06,2.27,248.89,0.03,-569.39,-0.06,214111.02,856.44,0
2015,Entry short,2024-02-13 06:35,QQQREP|S|v1.1.7-rep|P1/10/4,421.6,2273,958296.8,-570.52,-0.06,2.27,248.89,0.03,-569.39,-0.06,214111.02,856.44,0
2016,Exit short,2024-02-14 07:15,STP,426.25,2247,956188.38,-1597.62,-0.17,2.25,2493.05,0.26,-1596.49,-0.17,212513.39,850.05,8
2016,Entry short,2024-02-14 06:35,QQQREP|S|v1.1.7-rep|P1/10/4,425.54,2247,956188.38,-1597.62,-0.17,2.25,2493.05,0.26,-1596.49,-0.17,212513.39,850.05,8
2017,Exit short,2024-02-15 10:15,STP,428.53,2220,949871.4,-1467.42,-0.15,2.22,5016.09,0.53,-1466.31,-0.15,211045.97,844.18,44
2017,Entry short,2024-02-15 06:35,QQQREP|S|v1.1.7-rep|P1/10/4,427.87,2220,949871.4,-1467.42,-0.15,2.22,5016.09,0.53,-1466.31,-0.15,211045.97,844.18,44
2018,Exit short,2024-02-16 12:55,EOD,424.86,2202,943931.34,8387.42,0.89,2.2,9929.92,1.05,-881.9,-0.09,219433.39,877.73,76
2018,Entry short,2024-02-16 06:35,QQQREP|S|v1.1.7-rep|P1/10/4,428.67,2202,943931.34,8387.42,0.89,2.2,9929.92,1.05,-881.9,-0.09,219433.39,877.73,76
2019,Exit long,2024-02-20 06:35,STP,422.59,2309,977607.51,-1849.51,-0.19,2.31,599.19,0.06,-1848.35,-0.19,217583.88,870.34,0
2019,Entry long,2024-02-20 06:35,QQQREP|L|v1.1.7-rep|P1/10/4,423.39,2309,977607.51,-1849.51,-0.19,2.31,599.19,0.06,-1848.35,-0.19,217583.88,870.34,0
2020,Exit long,2024-02-21 06:40,STP,418.2,2315,970285.95,-2155.26,-0.22,2.32,392.39,0.04,-2154.11,-0.22,215428.61,861.71,1
2020,Entry long,2024-02-21 06:35,QQQREP|L|v1.1.7-rep|P1/10/4,419.13,2315,970285.95,-2155.26,-0.22,2.32,392.39,0.04,-2154.11,-0.22,215428.61,861.71,1
2021,Exit short,2024-02-22 06:45,STP,429.29,2082,891283.38,-2500.48,-0.28,2.08,227.98,0.03,-2499.44,-0.28,212928.14,851.71,2
2021,Entry short,2024-02-22 06:35,QQQREP|S|v1.1.7-rep|P1/10/4,428.09,2082,891283.38,-2500.48,-0.28,2.08,227.98,0.03,-2499.44,-0.28,212928.14,851.71,2
2022,Exit long,2024-02-23 06:55,STP,433.63,2190,951620.7,-1973.19,-0.21,2.19,458.81,0.05,-1972.09,-0.21,210954.94,843.82,4
2022,Entry long,2024-02-23 06:35,QQQREP|L|v1.1.7-rep|P1/10/4,434.53,2190,951620.7,-1973.19,-0.21,2.19,458.81,0.05,-1972.09,-0.21,210954.94,843.82,4
2023,Exit short,2024-02-26 08:50,STP,432.6,2185,943548.55,-1684.63,-0.18,2.19,2730.16,0.29,-1683.54,-0.18,209270.31,837.08,27
2023,Entry short,2024-02-26 06:35,QQQREP|S|v1.1.7-rep|P1/10/4,431.83,2185,943548.55,-1684.63,-0.18,2.19,2730.16,0.29,-1683.54,-0.18,209270.31,837.08,27
2024,Exit short,2024-02-27 07:15,STP,432.09,2170,936919.2,-718.27,-0.08,2.17,3774.72,0.40,-717.18,-0.08,208552.03,834.21,8
2024,Entry short,2024-02-27 06:35,QQQREP|S|v1.1.7-rep|P1/10/4,431.76,2170,936919.2,-718.27,-0.08,2.17,3774.72,0.40,-717.18,-0.08,208552.03,834.21,8
2025,Exit long,2024-02-28 06:45,STP,429.12,2173,933803.29,-1327.7,-0.14,2.17,1041.95,0.11,-1326.62,-0.14,207224.34,828.90,2
2025,Entry long,2024-02-28 06:35,QQQREP|L|v1.1.7-rep|P1/10/4,429.73,2173,933803.29,-1327.7,-0.14,2.17,1041.95,0.11,-1326.62,-0.14,207224.34,828.90,2
2026,Exit long,2024-02-29 07:10,STP,432.17,2144,928609.28,-2038.94,-0.22,2.14,706.45,0.08,-2037.87,-0.22,205185.39,820.74,7
2026,Entry long,2024-02-29 06:35,QQQREP|L|v1.1.7-rep|P1/10/4,433.12,2144,928609.28,-2038.94,-0.22,2.14,706.45,0.08,-2037.87,-0.22,205185.39,820.74,7
2027,Exit long,2024-03-01 12:55,EOD,439.77,2116,920460,10091.2,1.10,2.12,11975.5,1.30,-2053.58,-0.22,215276.6,861.11,76
2027,Entry long,2024-03-01 06:35,QQQREP|L|v1.1.7-rep|P1/10/4,435,2116,920460,10091.2,1.10,2.12,11975.5,1.30,-2053.58,-0.22,215276.6,861.11,76
2028,Exit short,2024-03-04 11:35,STP,439.82,2188,960882.08,-1446.27,-0.15,2.19,1858.71,0.19,-1445.17,-0.15,213830.33,855.32,60
2028,Entry short,2024-03-04 06:35,QQQREP|S|v1.1.7-rep|P1/10/4,439.16,2188,960882.08,-1446.27,-0.15,2.19,1858.71,0.19,-1445.17,-0.15,213830.33,855.32,60
2029,Exit short,2024-03-05 12:55,EOD,430.26,1716,744177.72,5849.84,0.79,1.72,9900.46,1.33,-532.82,-0.07,219680.17,878.72,76
2029,Entry short,2024-03-05 06:35,QQQREP|S|v1.1.7-rep|P1/10/4,433.67,1716,744177.72,5849.84,0.79,1.72,9900.46,1.33,-532.82,-0.07,219680.17,878.72,76
2030,Exit short,2024-03-06 08:55,STP,435,2253,978432.84,-1624.41,-0.17,2.25,7163.41,0.73,-1623.29,-0.17,218055.77,872.22,28
2030,Entry short,2024-03-06 06:35,QQQREP|S|v1.1.7-rep|P1/10/4,434.28,2253,978432.84,-1624.41,-0.17,2.25,7163.41,0.73,-1623.29,-0.17,218055.77,872.22,28
2031,Exit long,2024-03-07 06:40,STP,436.17,2226,972071.94,-1159.75,-0.12,2.23,1913.25,0.20,-1158.63,-0.12,216896.02,867.58,1
2031,Entry long,2024-03-07 06:35,QQQREP|L|v1.1.7-rep|P1/10/4,436.69,2226,972071.94,-1159.75,-0.12,2.23,1913.25,0.20,-1158.63,-0.12,216896.02,867.58,1
2032,Exit long,2024-03-08 06:35,STP,439.32,2042,899501,-2411.6,-0.27,2.04,407.38,0.05,-2410.58,-0.27,214484.4,857.94,0
2032,Entry long,2024-03-08 06:35,QQQREP|L|v1.1.7-rep|P1/10/4,440.5,2042,899501,-2411.6,-0.27,2.04,407.38,0.05,-2410.58,-0.27,214484.4,857.94,0
2033,Exit short,2024-03-11 06:40,STP,432.04,1311,563939.76,-2465.99,-0.44,1.31,117.33,0.02,-2465.34,-0.44,212018.42,848.07,1
2033,Entry short,2024-03-11 06:35,QQQREP|S|v1.1.7-rep|P1/10/4,430.16,1311,563939.76,-2465.99,-0.44,1.31,117.33,0.02,-2465.34,-0.44,212018.42,848.07,1
2034,Exit short,2024-03-12 07:20,STP,434.57,1341,580384.8,-2374.91,-0.41,1.34,2842.25,0.49,-2374.24,-0.41,209643.52,838.57,9
2034,Entry short,2024-03-12 06:35,QQQREP|S|v1.1.7-rep|P1/10/4,432.8,1341,580384.8,-2374.91,-0.41,1.34,2842.25,0.49,-2374.24,-0.41,209643.52,838.57,9
2035,Exit short,2024-03-13 12:55,EOD,434.4,2152,938121.36,3290.41,0.35,2.15,5637.16,0.60,-732.76,-0.08,212933.92,851.74,76
2035,Entry short,2024-03-13 06:35,QQQREP|S|v1.1.7-rep|P1/10/4,435.93,2152,938121.36,3290.41,0.35,2.15,5637.16,0.60,-732.76,-0.08,212933.92,851.74,76
2036,Exit short,2024-03-14 06:35,STP,435.85,2184,951437.76,-460.82,-0.05,2.18,675.95,0.07,-459.73,-0.05,212473.1,849.89,0
2036,Entry short,2024-03-14 06:35,QQQREP|S|v1.1.7-rep|P1/10/4,435.64,2184,951437.76,-460.82,-0.05,2.18,675.95,0.07,-459.73,-0.05,212473.1,849.89,0
2037,Exit long,2024-03-15 06:35,STP,429.85,2207,949826.59,-1149.85,-0.12,2.21,374.09,0.04,-1148.74,-0.12,211323.25,845.29,0
2037,Entry long,2024-03-15 06:35,QQQREP|L|v1.1.7-rep|P1/10/4,430.37,2207,949826.59,-1149.85,-0.12,2.21,374.09,0.04,-1148.74,-0.12,211323.25,845.29,0
2038,Exit long,2024-03-18 09:00,STP,433.33,2176,945102.08,-2178.18,-0.23,2.18,3132.35,0.33,-2177.09,-0.23,209145.06,836.58,29
2038,Entry long,2024-03-18 06:35,QQQREP|L|v1.1.7-rep|P1/10/4,434.33,2176,945102.08,-2178.18,-0.23,2.18,3132.35,0.33,-2177.09,-0.23,209145.06,836.58,29
2039,Exit short,2024-03-19 08:30,STP,430.49,2178,936343.98,-1265.42,-0.14,2.18,3832.19,0.41,-1264.33,-0.14,207879.66,831.52,23
2039,Entry short,2024-03-19 06:35,QQQREP|S|v1.1.7-rep|P1/10/4,429.91,2178,936343.98,-1265.42,-0.14,2.18,3832.19,0.41,-1264.33,-0.14,207879.66,831.52,23
2040,Exit short,2024-03-20 11:00,STP,434.91,2145,931380.45,-1503.64,-0.16,2.15,2959.03,0.32,-1502.57,-0.16,206376,825.50,53
2040,Entry short,2024-03-20 06:35,QQQREP|S|v1.1.7-rep|P1/10/4,434.21,2145,931380.45,-1503.64,-0.16,2.15,2959.03,0.32,-1502.57,-0.16,206376,825.50,53
2041,Exit short,2024-03-21 06:40,STP,443.61,2090,925472.9,-1674.09,-0.18,2.09,228.86,0.02,-1673.04,-0.18,204701.92,818.81,1
2041,Entry short,2024-03-21 06:35,QQQREP|S|v1.1.7-rep|P1/10/4,442.81,2090,925472.9,-1674.09,-0.18,2.09,228.86,0.02,-1673.04,-0.18,204701.92,818.81,1
2042,Exit short,2024-03-22 06:40,STP,440.2,2089,918449.74,-1130.15,-0.12,2.09,40.74,0.00,-1129.1,-0.12,203571.77,814.29,1
2042,Entry short,2024-03-22 06:35,QQQREP|S|v1.1.7-rep|P1/10/4,439.66,2089,918449.74,-1130.15,-0.12,2.09,40.74,0.00,-1129.1,-0.12,203571.77,814.29,1
2043,Exit long,2024-03-25 06:40,STP,437.84,2084,913938.2,-1481.72,-0.16,2.08,249.04,0.03,-1480.68,-0.16,202090.05,808.36,1
2043,Entry long,2024-03-25 06:35,QQQREP|L|v1.1.7-rep|P1/10/4,438.55,2084,913938.2,-1481.72,-0.16,2.08,249.04,0.03,-1480.68,-0.16,202090.05,808.36,1
2044,Exit long,2024-03-26 07:25,STP,440.53,2057,908021.51,-1853.36,-0.20,2.06,904.05,0.10,-1852.33,-0.20,200236.69,800.95,10
2044,Entry long,2024-03-26 06:35,QQQREP|L|v1.1.7-rep|P1/10/4,441.43,2057,908021.51,-1853.36,-0.20,2.06,904.05,0.10,-1852.33,-0.20,200236.69,800.95,10
2045,Exit short,2024-03-27 12:55,EOD,439.61,1823,802156.46,745.61,0.09,1.82,6124.37,0.76,-256.13,-0.03,200982.3,803.93,76
2045,Entry short,2024-03-27 06:35,QQQREP|S|v1.1.7-rep|P1/10/4,440.02,1823,802156.46,745.61,0.09,1.82,6124.37,0.76,-256.13,-0.03,200982.3,803.93,76
2046,Exit short,2024-03-28 06:40,STP,439.59,2059,903736.28,-1381.59,-0.15,2.06,493.13,0.05,-1380.56,-0.15,199600.7,798.40,1
2046,Entry short,2024-03-28 06:35,QQQREP|S|v1.1.7-rep|P1/10/4,438.92,2059,903736.28,-1381.59,-0.15,2.06,493.13,0.05,-1380.56,-0.15,199600.7,798.40,1
2047,Exit long,2024-04-01 07:35,STP,439.23,1420,625978.6,-2273.42,-0.36,1.42,1902.09,0.30,-2272.71,-0.36,197327.28,789.31,12
2047,Entry long,2024-04-01 06:35,QQQREP|L|v1.1.7-rep|P1/10/4,440.83,1420,625978.6,-2273.42,-0.36,1.42,1902.09,0.30,-2272.71,-0.36,197327.28,789.31,12
2048,Exit short,2024-04-02 10:00,STP,434.95,2047,889114.45,-1230.25,-0.14,2.05,3151.36,0.35,-1229.22,-0.14,196097.03,784.39,41
2048,Entry short,2024-04-02 06:35,QQQREP|S|v1.1.7-rep|P1/10/4,434.35,2047,889114.45,-1230.25,-0.14,2.05,3151.36,0.35,-1229.22,-0.14,196097.03,784.39,41
2049,Exit long,2024-04-03 12:55,EOD,436.78,2035,884085.4,4759.87,0.54,2.04,8647.73,0.98,-774.32,-0.09,200856.9,803.43,76
2049,Entry long,2024-04-03 06:35,QQQREP|L|v1.1.7-rep|P1/10/4,434.44,2035,884085.4,4759.87,0.54,2.04,8647.73,0.98,-774.32,-0.09,200856.9,803.43,76
2050,Exit long,2024-04-04 06:35,STP,440.72,2047,903177.34,-1025.55,-0.11,2.05,797.31,0.09,-1024.52,-0.11,199831.36,799.33,0
2050,Entry long,2024-04-04 06:35,QQQREP|L|v1.1.7-rep|P1/10/4,441.22,2047,903177.34,-1025.55,-0.11,2.05,797.31,0.09,-1024.52,-0.11,199831.36,799.33,0
2051,Exit short,2024-04-05 06:40,STP,432.37,2084,898954.24,-2106.92,-0.23,2.08,1270.2,0.14,-2105.88,-0.23,197724.44,790.90,1
2051,Entry short,2024-04-05 06:35,QQQREP|S|v1.1.7-rep|P1/10/4,431.36,2084,898954.24,-2106.92,-0.23,2.08,1270.2,0.14,-2105.88,-0.23,197724.44,790.90,1
2052,Exit short,2024-04-08 07:25,STP,436.33,1977,860469.48,-2156.91,-0.25,1.98,2549.34,0.30,-2155.92,-0.25,195567.53,782.27,10
2052,Entry short,2024-04-08 06:35,QQQREP|S|v1.1.7-rep|P1/10/4,435.24,1977,860469.48,-2156.91,-0.25,1.98,2549.34,0.30,-2155.92,-0.25,195567.53,782.27,10
2053,Exit short,2024-04-09 12:55,EOD,436.98,1860,812355,-429.66,-0.05,1.86,8443.47,1.04,-2158.53,-0.27,195137.86,780.55,76
2053,Entry short,2024-04-09 06:35,QQQREP|S|v1.1.7-rep|P1/10/4,436.75,1860,812355,-429.66,-0.05,1.86,8443.47,1.04,-2158.53,-0.27,195137.86,780.55,76
2054,Exit long,2024-04-10 06:45,STP,431.32,2037,880248.81,-1652.01,-0.19,2.04,2076.72,0.24,-1650.99,-0.19,193485.86,773.94,2
2054,Entry long,2024-04-10 06:35,QQQREP|L|v1.1.7-rep|P1/10/4,432.13,2037,880248.81,-1652.01,-0.19,2.04,2076.72,0.24,-1650.99,-0.19,193485.86,773.94,2
2055,Exit long,2024-04-11 06:40,STP,434.06,2008,873620.56,-2030.09,-0.23,2.01,239.96,0.03,-2029.08,-0.23,191455.77,765.82,1
2055,Entry long,2024-04-11 06:35,QQQREP|L|v1.1.7-rep|P1/10/4,435.07,2008,873620.56,-2030.09,-0.23,2.01,239.96,0.03,-2029.08,-0.23,191455.77,765.82,1
2056,Exit long,2024-04-12 07:05,STP,435.47,1985,865539.4,-1133.43,-0.13,1.99,1825.21,0.21,-1132.44,-0.13,190322.33,761.29,6
2056,Entry long,2024-04-12 06:35,QQQREP|L|v1.1.7-rep|P1/10/4,436.04,1985,865539.4,-1133.43,-0.13,1.99,1825.21,0.21,-1132.44,-0.13,190322.33,761.29,6
2057,Exit short,2024-04-15 12:55,EOD,425.84,1320,574503.6,12393.48,2.16,1.32,13410.54,2.33,-1729.86,-0.30,202715.81,810.86,76
2057,Entry short,2024-04-15 06:35,QQQREP|S|v1.1.7-rep|P1/10/4,435.23,1320,574503.6,12393.48,2.16,1.32,13410.54,2.33,-1729.86,-0.30,202715.81,810.86,76
2058,Exit long,2024-04-16 06:35,STP,425.22,2137,910468.85,-1775.85,-0.20,2.14,276.74,0.03,-1774.78,-0.19,200939.97,803.76,0
2058,Entry long,2024-04-16 06:35,QQQREP|L|v1.1.7-rep|P1/10/4,426.05,2137,910468.85,-1775.85,-0.20,2.14,276.74,0.03,-1774.78,-0.19,200939.97,803.76,0
2059,Exit short,2024-04-17 12:55,EOD,420.68,2115,903485.7,13745.39,1.52,2.12,15565.34,1.72,-1523.86,-0.17,214685.36,858.74,76
2059,Entry short,2024-04-17 06:35,QQQREP|S|v1.1.7-rep|P1/10/4,427.18,2115,903485.7,13745.39,1.52,2.12,15565.34,1.72,-1523.86,-0.17,214685.36,858.74,76
2060,Exit short,2024-04-18 07:30,STP,421.52,2267,953092.14,-2495.97,-0.26,2.27,4419.52,0.46,-2494.83,-0.26,212189.39,848.76,11
2060,Entry short,2024-04-18 06:35,QQQREP|S|v1.1.7-rep|P1/10/4,420.42,2267,953092.14,-2495.97,-0.26,2.27,4419.52,0.46,-2494.83,-0.26,212189.39,848.76,11
2061,Exit short,2024-04-19 06:40,STP,417.19,2277,948825.9,-1118.01,-0.12,2.28,2230.32,0.24,-1116.87,-0.12,211071.38,844.29,1
2061,Entry short,2024-04-19 06:35,QQQREP|S|v1.1.7-rep|P1/10/4,416.7,2277,948825.9,-1118.01,-0.12,2.28,2230.32,0.24,-1116.87,-0.12,211071.38,844.29,1
2062,Exit short,2024-04-22 06:45,STP,412.76,2292,944051.88,-1996.33,-0.21,2.29,319.73,0.03,-1995.19,-0.21,209075.05,836.30,2
2062,Entry short,2024-04-22 06:35,QQQREP|S|v1.1.7-rep|P1/10/4,411.89,2292,944051.88,-1996.33,-0.21,2.29,319.73,0.03,-1995.19,-0.21,209075.05,836.30,2
2063,Exit short,2024-04-23 06:40,STP,416.57,2252,936201.44,-1916.45,-0.20,2.25,0,0.00,-1915.33,-0.20,207158.6,828.63,1
2063,Entry short,2024-04-23 06:35,QQQREP|S|v1.1.7-rep|P1/10/4,415.72,2252,936201.44,-1916.45,-0.20,2.25,0,0.00,-1915.33,-0.20,207158.6,828.63,1
2064,Exit long,2024-04-24 06:55,STP,422.63,2194,928456.92,-1208.89,-0.13,2.19,3092.44,0.33,-1207.8,-0.13,205949.7,823.80,4
2064,Entry long,2024-04-24 06:35,QQQREP|L|v1.1.7-rep|P1/10/4,423.18,2194,928456.92,-1208.89,-0.13,2.19,3092.44,0.33,-1207.8,-0.13,205949.7,823.80,4
2065,Exit short,2024-04-25 06:40,STP,414.35,2184,902559.84,-2382.74,-0.26,2.18,217.31,0.02,-2381.65,-0.26,203566.95,814.27,1
2065,Entry short,2024-04-25 06:35,QQQREP|S|v1.1.7-rep|P1/10/4,413.26,2184,902559.84,-2382.74,-0.26,2.18,217.31,0.02,-2381.65,-0.26,203566.95,814.27,1
2066,Exit long,2024-04-26 12:55,EOD,425.91,1464,619857.6,3673.18,0.59,1.46,5811.35,0.94,-776.65,-0.13,207240.14,828.96,76
2066,Entry long,2024-04-26 06:35,QQQREP|L|v1.1.7-rep|P1/10/4,423.4,1464,619857.6,3673.18,0.59,1.46,5811.35,0.94,-776.65,-0.13,207240.14,828.96,76
2067,Exit long,2024-04-29 06:35,STP,427.65,2168,928706.16,-1563.13,-0.17,2.17,0,0.00,-1562.04,-0.17,205677,822.71,0
2067,Entry long,2024-04-29 06:35,QQQREP|L|v1.1.7-rep|P1/10/4,428.37,2168,928706.16,-1563.13,-0.17,2.17,0,0.00,-1562.04,-0.17,205677,822.71,0
2068,Exit long,2024-04-30 07:30,STP,425.72,2163,922259.94,-1429.74,-0.16,2.16,2140.29,0.23,-1428.66,-0.15,204247.27,816.99,11
2068,Entry long,2024-04-30 06:35,QQQREP|L|v1.1.7-rep|P1/10/4,426.38,2163,922259.94,-1429.74,-0.16,2.16,2140.29,0.23,-1428.66,-0.15,204247.27,816.99,11
2069,Exit short,2024-05-01 11:00,STP,418.46,2195,916675.9,-1845.99,-0.20,2.19,4323.05,0.47,-1844.9,-0.20,202401.27,809.61,53
2069,Entry short,2024-05-01 06:35,QQQREP|S|v1.1.7-rep|P1/10/4,417.62,2195,916675.9,-1845.99,-0.20,2.19,4323.05,0.47,-1844.9,-0.20,202401.27,809.61,53
2070,Exit short,2024-05-02 10:25,STP,420.68,1679,704038.28,-2285.12,-0.32,1.68,6245.04,0.89,-2284.28,-0.32,200116.14,800.46,46
2070,Entry short,2024-05-02 06:35,QQQREP|S|v1.1.7-rep|P1/10/4,419.32,1679,704038.28,-2285.12,-0.32,1.68,6245.04,0.89,-2284.28,-0.32,200116.14,800.46,46
2071,Exit short,2024-05-03 06:40,STP,429.44,2100,900396,-1430.1,-0.16,2.1,628.95,0.07,-1429.05,-0.16,198686.05,794.74,1
2071,Entry short,2024-05-03 06:35,QQQREP|S|v1.1.7-rep|P1/10/4,428.76,2100,900396,-1430.1,-0.16,2.1,628.95,0.07,-1429.05,-0.16,198686.05,794.74,1
2072,Exit short,2024-05-06 06:35,STP,432.14,2071,894568.45,-395.56,-0.04,2.07,0,0.00,-394.53,-0.04,198290.48,793.16,0
2072,Entry short,2024-05-06 06:35,QQQREP|S|v1.1.7-rep|P1/10/4,431.95,2071,894568.45,-395.56,-0.04,2.07,0,0.00,-394.53,-0.04,198290.48,793.16,0
2073,Exit long,2024-05-07 06:50,STP,435.12,2049,892954.2,-1395.37,-0.16,2.05,326.82,0.04,-1394.34,-0.16,196895.12,787.58,3
2073,Entry long,2024-05-07 06:35,QQQREP|L|v1.1.7-rep|P1/10/4,435.8,2049,892954.2,-1395.37,-0.16,2.05,326.82,0.04,-1394.34,-0.16,196895.12,787.58,3
2074,Exit long,2024-05-08 12:55,EOD,434.84,2050,887240,4179.95,0.47,2.05,6989.48,0.79,-370.02,-0.04,201075.06,804.30,76
2074,Entry long,2024-05-08 06:35,QQQREP|L|v1.1.7-rep|P1/10/4,432.8,2050,887240,4179.95,0.47,2.05,6989.48,0.79,-370.02,-0.04,201075.06,804.30,76
2075,Exit short,2024-05-09 07:35,STP,435.5,2079,904157.1,-1249.48,-0.14,2.08,3491.68,0.39,-1248.44,-0.14,199825.6,799.30,12
2075,Entry short,2024-05-09 06:35,QQQREP|S|v1.1.7-rep|P1/10/4,434.9,2079,904157.1,-1249.48,-0.14,2.08,3491.68,0.39,-1248.44,-0.14,199825.6,799.30,12
2076,Exit long,2024-05-10 07:15,STP,436.84,1710,749322,-2327.31,-0.31,1.71,1350.05,0.18,-2326.45,-0.31,197498.28,789.99,8
2076,Entry long,2024-05-10 06:35,QQQREP|L|v1.1.7-rep|P1/10/4,438.2,1710,749322,-2327.31,-0.31,1.71,1350.05,0.18,-2326.45,-0.31,197498.28,789.99,8
2077,Exit short,2024-05-13 12:55,EOD,437.81,2033,889986.41,-83.35,-0.01,2.03,2845.18,0.32,-997.19,-0.11,197414.92,789.66,76
2077,Entry short,2024-05-13 06:35,QQQREP|S|v1.1.7-rep|P1/10/4,437.77,2033,889986.41,-83.35,-0.01,2.03,2845.18,0.32,-997.19,-0.11,197414.92,789.66,76
2078,Exit long,2024-05-14 12:55,EOD,440.64,2032,889386.08,5992.37,0.67,2.03,6989.06,0.79,-630.94,-0.07,203407.3,813.63,76
2078,Entry long,2024-05-14 06:35,QQQREP|L|v1.1.7-rep|P1/10/4,437.69,2032,889386.08,5992.37,0.67,2.03,6989.06,0.79,-630.94,-0.07,203407.3,813.63,76
2079,Exit long,2024-05-15 06:35,STP,442.66,2060,913301,-1423.46,-0.16,2.06,452.17,0.05,-1422.43,-0.16,201983.83,807.94,0
2079,Entry long,2024-05-15 06:35,QQQREP|L|v1.1.7-rep|P1/10/4,443.35,2060,913301,-1423.46,-0.16,2.06,452.17,0.05,-1422.43,-0.16,201983.83,807.94,0
2080,Exit long,2024-05-16 11:10,STP,447.12,2029,907794.89,-590.44,-0.07,2.03,3712.06,0.41,-589.42,-0.06,201393.39,805.57,55
2080,Entry long,2024-05-16 06:35,QQQREP|L|v1.1.7-rep|P1/10/4,447.41,2029,907794.89,-590.44,-0.07,2.03,3712.06,0.41,-589.42,-0.06,201393.39,805.57,55
2081,Exit short,2024-05-17 06:35,STP,446.97,2028,905400.6,-1056.59,-0.12,2.03,120.67,0.01,-1055.57,-0.12,200336.81,801.35,0
2081,Entry short,2024-05-17 06:35,QQQREP|S|v1.1.7-rep|P1/10/4,446.45,2028,905400.6,-1056.59,-0.12,2.03,120.67,0.01,-1055.57,-0.12,200336.81,801.35,0
2082,Exit long,2024-05-20 12:55,EOD,449.49,1824,816495.36,3372.58,0.41,1.82,4559.09,0.56,-55.63,-0.01,203709.39,814.84,76
2082,Entry long,2024-05-20 06:35,QQQREP|L|v1.1.7-rep|P1/10/4,447.64,1824,816495.36,3372.58,0.41,1.82,4559.09,0.56,-55.63,-0.01,203709.39,814.84,76
2083,Exit long,2024-05-21 12:55,EOD,450.34,2041,914817.02,4324.88,0.47,2.04,4734.1,0.52,-1450.13,-0.16,208034.27,832.14,76
2083,Entry long,2024-05-21 06:35,QQQREP|L|v1.1.7-rep|P1/10/4,448.22,2041,914817.02,4324.88,0.47,2.04,4734.1,0.52,-1450.13,-0.16,208034.27,832.14,76
2084,Exit long,2024-05-22 06:35,STP,450.55,2067,931906.95,-622.17,-0.07,2.07,329.69,0.04,-621.13,-0.07,207412.1,829.65,0
2084,Entry long,2024-05-22 06:35,QQQREP|L|v1.1.7-rep|P1/10/4,450.85,2067,931906.95,-622.17,-0.07,2.07,329.69,0.04,-621.13,-0.07,207412.1,829.65,0
2085,Exit short,2024-05-23 12:55,EOD,448.22,2047,929235.65,11727.26,1.26,2.05,15310.54,1.65,-942.64,-0.10,219139.36,876.56,76
2085,Entry short,2024-05-23 06:35,QQQREP|S|v1.1.7-rep|P1/10/4,453.95,2047,929235.65,11727.26,1.26,2.05,15310.54,1.65,-942.64,-0.10,219139.36,876.56,76
2086,Exit long,2024-05-24 06:50,STP,449.17,2169,976440.42,-2192.86,-0.22,2.17,562.86,0.06,-2191.77,-0.22,216946.5,867.79,3
2086,Entry long,2024-05-24 06:35,QQQREP|L|v1.1.7-rep|P1/10/4,450.18,2169,976440.42,-2192.86,-0.22,2.17,562.86,0.06,-2191.77,-0.22,216946.5,867.79,3
2087,Exit short,2024-05-28 09:45,STP,454.07,2134,967598.28,-1389.23,-0.14,2.13,3818.79,0.39,-1388.17,-0.14,215557.27,862.23,38
2087,Entry short,2024-05-28 06:35,QQQREP|S|v1.1.7-rep|P1/10/4,453.42,2134,967598.28,-1389.23,-0.14,2.13,3818.79,0.39,-1388.17,-0.14,215557.27,862.23,38
2088,Exit long,2024-05-29 12:55,EOD,451.04,2134,961921.84,595.39,0.06,2.13,4288.27,0.45,-876.01,-0.09,216152.66,864.61,76
2088,Entry long,2024-05-29 06:35,QQQREP|L|v1.1.7-rep|P1/10/4,450.76,2134,961921.84,595.39,0.06,2.13,4288.27,0.45,-876.01,-0.09,216152.66,864.61,76
2089,Exit short,2024-05-30 12:55,EOD,446.09,1906,855774.94,5525.49,0.65,1.91,7928.01,0.93,-1563.87,-0.18,221678.14,886.71,76
2089,Entry short,2024-05-30 06:35,QQQREP|S|v1.1.7-rep|P1/10/4,448.99,1906,855774.94,5525.49,0.65,1.91,7928.01,0.93,-1563.87,-0.18,221678.14,886.71,76
2090,Exit short,2024-05-31 06:35,STP,446.7,2213,986577.53,-1971.78,-0.20,2.21,21.02,0.00,-1970.68,-0.20,219706.36,878.83,0
2090,Entry short,2024-05-31 06:35,QQQREP|S|v1.1.7-rep|P1/10/4,445.81,2213,986577.53,-1971.78,-0.20,2.21,21.02,0.00,-1970.68,-0.20,219706.36,878.83,0
2091,Exit long,2024-06-03 06:50,STP,448.78,2178,978444.72,-1004.06,-0.10,2.18,1959.11,0.20,-1002.97,-0.10,218702.3,874.81,3
2091,Entry long,2024-06-03 06:35,QQQREP|L|v1.1.7-rep|P1/10/4,449.24,2178,978444.72,-1004.06,-0.10,2.18,1959.11,0.20,-1002.97,-0.10,218702.3,874.81,3
2092,Exit short,2024-06-04 07:00,STP,447.74,1854,827607.06,-2504.75,-0.30,1.85,666.51,0.08,-2503.83,-0.30,216197.55,864.79,5
2092,Entry short,2024-06-04 06:35,QQQREP|S|v1.1.7-rep|P1/10/4,446.39,1854,827607.06,-2504.75,-0.30,1.85,666.51,0.08,-2503.83,-0.30,216197.55,864.79,5
2093,Exit short,2024-06-05 06:50,STP,452.6,2134,964909.44,-941.09,-0.10,2.13,980.57,0.10,-940.03,-0.10,215256.45,861.03,3
2093,Entry short,2024-06-05 06:35,QQQREP|S|v1.1.7-rep|P1/10/4,452.16,2134,964909.44,-941.09,-0.10,2.13,980.57,0.10,-940.03,-0.10,215256.45,861.03,3
2094,Exit long,2024-06-06 06:45,STP,458.27,2095,961039.35,-965.79,-0.10,2.1,501.75,0.05,-964.75,-0.10,214290.66,857.16,2
2094,Entry long,2024-06-06 06:35,QQQREP|L|v1.1.7-rep|P1/10/4,458.73,2095,961039.35,-965.79,-0.10,2.1,501.75,0.05,-964.75,-0.10,214290.66,857.16,2
2095,Exit short,2024-06-07 06:50,STP,457.47,2097,957196.62,-2120.07,-0.22,2.1,250.59,0.03,-2119.02,-0.22,212170.6,848.68,3
2095,Entry short,2024-06-07 06:35,QQQREP|S|v1.1.7-rep|P1/10/4,456.46,2097,957196.62,-2120.07,-0.22,2.1,250.59,0.03,-2119.02,-0.22,212170.6,848.68,3
2096,Exit long,2024-06-10 12:55,EOD,459.3,2076,948420.6,5084.12,0.54,2.08,5770.24,0.61,-1371.2,-0.14,217254.72,869.02,76
2096,Entry long,2024-06-10 06:35,QQQREP|L|v1.1.7-rep|P1/10/4,456.85,2076,948420.6,5084.12,0.54,2.08,5770.24,0.61,-1371.2,-0.14,217254.72,869.02,76
2097,Exit long,2024-06-11 06:45,STP,457.74,2113,968810.5,-1607.99,-0.17,2.11,527.19,0.05,-1606.94,-0.17,215646.72,862.59,2
2097,Entry long,2024-06-11 06:35,QQQREP|L|v1.1.7-rep|P1/10/4,458.5,2113,968810.5,-1607.99,-0.17,2.11,527.19,0.05,-1606.94,-0.17,215646.72,862.59,2
2098,Exit long,2024-06-12 12:55,EOD,468.5,1623,758070.84,2303.04,0.30,1.62,6052.98,0.80,-714.93,-0.09,217949.77,871.80,76
2098,Entry long,2024-06-12 06:35,QQQREP|L|v1.1.7-rep|P1/10/4,467.08,1623,758070.84,2303.04,0.30,1.62,6052.98,0.80,-714.93,-0.09,217949.77,871.80,76
2099,Exit short,2024-06-13 06:35,STP,472.25,2059,971703.87,-660.94,-0.07,2.06,699.03,0.07,-659.91,-0.07,217288.83,869.16,0
2099,Entry short,2024-06-13 06:35,QQQREP|S|v1.1.7-rep|P1/10/4,471.93,2059,971703.87,-660.94,-0.07,2.06,699.03,0.07,-659.91,-0.07,217288.83,869.16,0
2100,Exit long,2024-06-14 12:55,EOD,473.46,2057,968847,5058.16,0.52,2.06,5203.18,0.54,-1008.96,-0.10,222346.98,889.39,76
2100,Entry long,2024-06-14 06:35,QQQREP|L|v1.1.7-rep|P1/10/4,471,2057,968847,5058.16,0.52,2.06,5203.18,0.54,-1008.96,-0.10,222346.98,889.39,76
2101,Exit short,2024-06-17 07:10,STP,474.09,2090,989155.2,-1694.99,-0.17,2.09,1754.56,0.18,-1693.94,-0.17,220652,882.61,7
2101,Entry short,2024-06-17 06:35,QQQREP|S|v1.1.7-rep|P1/10/4,473.28,2090,989155.2,-1694.99,-0.17,2.09,1754.56,0.18,-1693.94,-0.17,220652,882.61,7
2102,Exit long,2024-06-18 06:45,STP,478.97,2048,982241.28,-1312.77,-0.13,2.05,551.94,0.06,-1311.74,-0.13,219339.23,877.36,2
2102,Entry long,2024-06-18 06:35,QQQREP|L|v1.1.7-rep|P1/10/4,479.61,2048,982241.28,-1312.77,-0.13,2.05,551.94,0.06,-1311.74,-0.13,219339.23,877.36,2
2103,Exit short,2024-06-20 06:40,STP,480.77,1994,956162.88,-2494.49,-0.26,1.99,38.88,0.00,-2493.5,-0.26,216844.73,867.38,1
2103,Entry short,2024-06-20 06:35,QQQREP|S|v1.1.7-rep|P1/10/4,479.52,1994,956162.88,-2494.49,-0.26,1.99,38.88,0.00,-2493.5,-0.26,216844.73,867.38,1
2104,Exit long,2024-06-21 06:35,STP,474.64,2034,967187.34,-1771.61,-0.18,2.03,324.42,0.03,-1770.6,-0.18,215073.12,860.29,0
2104,Entry long,2024-06-21 06:35,QQQREP|L|v1.1.7-rep|P1/10/4,475.51,2034,967187.34,-1771.61,-0.18,2.03,324.42,0.03,-1770.6,-0.18,215073.12,860.29,0
2105,Exit long,2024-06-24 06:40,STP,472.91,2025,960032.25,-2391.52,-0.25,2.03,0,0.00,-2390.51,-0.25,212681.6,850.73,1
2105,Entry long,2024-06-24 06:35,QQQREP|L|v1.1.7-rep|P1/10/4,474.09,2025,960032.25,-2391.52,-0.25,2.03,0,0.00,-2390.51,-0.25,212681.6,850.73,1
2106,Exit short,2024-06-25 06:40,STP,471.31,2019,950464.44,-1112.47,-0.12,2.02,1149.82,0.12,-1111.46,-0.12,211569.12,846.28,1
2106,Entry short,2024-06-25 06:35,QQQREP|S|v1.1.7-rep|P1/10/4,470.76,2019,950464.44,-1112.47,-0.12,2.02,1149.82,0.12,-1111.46,-0.12,211569.12,846.28,1
2107,Exit short,2024-06-26 06:40,STP,474.11,1998,945893.16,-1380.62,-0.15,2,18.98,0.00,-1379.62,-0.15,210188.52,840.75,1
2107,Entry short,2024-06-26 06:35,QQQREP|S|v1.1.7-rep|P1/10/4,473.42,1998,945893.16,-1380.62,-0.15,2,18.98,0.00,-1379.62,-0.15,210188.52,840.75,1
2108,Exit long,2024-06-27 08:25,STP,475.13,1661,791532.94,-2343.67,-0.30,1.66,2540.5,0.32,-2342.84,-0.30,207844.84,831.38,22
2108,Entry long,2024-06-27 06:35,QQQREP|L|v1.1.7-rep|P1/10/4,476.54,1661,791532.94,-2343.67,-0.30,1.66,2540.5,0.32,-2342.84,-0.30,207844.84,831.38,22
2109,Exit short,2024-06-28 06:35,STP,477.49,1953,931092.75,-1447.17,-0.16,1.95,0,0.00,-1446.2,-0.16,206397.66,825.59,0
2109,Entry short,2024-06-28 06:35,QQQREP|S|v1.1.7-rep|P1/10/4,476.75,1953,931092.75,-1447.17,-0.16,1.95,0,0.00,-1446.2,-0.16,206397.66,825.59,0
2110,Exit short,2024-07-01 09:05,STP,475.42,1812,859159.8,-2303.05,-0.27,1.81,5127.05,0.60,-2302.15,-0.27,204094.61,816.38,30
2110,Entry short,2024-07-01 06:35,QQQREP|S|v1.1.7-rep|P1/10/4,474.15,1812,859159.8,-2303.05,-0.27,1.81,5127.05,0.60,-2302.15,-0.27,204094.61,816.38,30
2111,Exit long,2024-07-02 12:55,EOD,481.96,1923,916040.28,10766.88,1.18,1.92,10825.53,1.18,-770.16,-0.08,214861.48,859.45,76
2111,Entry long,2024-07-02 06:35,QQQREP|L|v1.1.7-rep|P1/10/4,476.36,1923,916040.28,10766.88,1.18,1.92,10825.53,1.18,-770.16,-0.08,214861.48,859.45,76
2112,Exit long,2024-07-03 09:55,EOD,485.91,1989,959294.7,7178.3,0.75,1.99,7497.54,0.78,-1293.84,-0.13,222039.8,888.16,40
2112,Entry long,2024-07-03 06:35,QQQREP|L|v1.1.7-rep|P1/10/4,482.3,1989,959294.7,7178.3,0.75,1.99,7497.54,0.78,-1293.84,-0.13,222039.8,888.16,40
2113,Exit long,2024-07-05 06:45,STP,486.77,2027,987696.29,-1015.53,-0.10,2.03,1559.78,0.16,-1014.51,-0.10,221024.27,884.10,2
2113,Entry long,2024-07-05 06:35,QQQREP|L|v1.1.7-rep|P1/10/4,487.27,2027,987696.29,-1015.53,-0.10,2.03,1559.78,0.16,-1014.51,-0.10,221024.27,884.10,2
2114,Exit short,2024-07-08 06:50,STP,491.68,2003,983933.69,-903.35,-0.09,2,1160.74,0.12,-902.35,-0.09,220120.9,880.48,3
2114,Entry short,2024-07-08 06:35,QQQREP|S|v1.1.7-rep|P1/10/4,491.23,2003,983933.69,-903.35,-0.09,2,1160.74,0.12,-902.35,-0.09,220120.9,880.48,3
2115,Exit long,2024-07-09 06:35,STP,493.63,1982,980356.66,-1983.98,-0.20,1.98,38.65,0.00,-1982.99,-0.20,218136.92,872.55,0
2115,Entry long,2024-07-09 06:35,QQQREP|L|v1.1.7-rep|P1/10/4,494.63,1982,980356.66,-1983.98,-0.20,1.98,38.65,0.00,-1982.99,-0.20,218136.92,872.55,0
2116,Exit short,2024-07-10 06:45,STP,494.75,1968,972408.48,-1261.49,-0.13,1.97,923.98,0.10,-1260.5,-0.13,216875.44,867.50,2
2116,Entry short,2024-07-10 06:35,QQQREP|S|v1.1.7-rep|P1/10/4,494.11,1968,972408.48,-1261.49,-0.13,1.97,923.98,0.10,-1260.5,-0.13,216875.44,867.50,2
2117,Exit short,2024-07-11 07:10,TGT,494.89,1943,967167.11,5593.9,0.58,1.94,5594.87,0.58,-311.85,-0.03,222469.34,889.88,7
2117,Entry short,2024-07-11 06:35,QQQREP|S|v1.1.7-rep|P1/10/4,497.77,1943,967167.11,5593.9,0.58,1.94,5594.87,0.58,-311.85,-0.03,222469.34,889.88,7
2118,Exit short,2024-07-12 06:40,STP,488.04,2031,989706.3,-1504.97,-0.15,2.03,750.45,0.08,-1503.96,-0.15,220964.36,883.86,1
2118,Entry short,2024-07-12 06:35,QQQREP|S|v1.1.7-rep|P1/10/4,487.3,2031,989706.3,-1504.97,-0.15,2.03,750.45,0.08,-1503.96,-0.15,220964.36,883.86,1
2119,Exit long,2024-07-15 06:40,STP,491.25,2000,983760,-1262,-0.13,2,1819,0.18,-1261,-0.13,219702.36,878.81,1
2119,Entry long,2024-07-15 06:35,QQQREP|L|v1.1.7-rep|P1/10/4,491.88,2000,983760,-1262,-0.13,2,1819,0.18,-1261,-0.13,219702.36,878.81,1
2120,Exit long,2024-07-16 06:40,STP,492.03,1986,978760.38,-1590.79,-0.16,1.99,872.85,0.09,-1589.79,-0.16,218111.58,872.45,1
2120,Entry long,2024-07-16 06:35,QQQREP|L|v1.1.7-rep|P1/10/4,492.83,1986,978760.38,-1590.79,-0.16,1.99,872.85,0.09,-1589.79,-0.16,218111.58,872.45,1
2121,Exit short,2024-07-17 06:35,STP,483.37,2014,971895.98,-1613.21,-0.17,2.01,301.09,0.03,-1612.21,-0.17,216498.36,865.99,0
2121,Entry short,2024-07-17 06:35,QQQREP|S|v1.1.7-rep|P1/10/4,482.57,2014,971895.98,-1613.21,-0.17,2.01,301.09,0.03,-1612.21,-0.17,216498.36,865.99,0
2122,Exit short,2024-07-18 12:55,EOD,474.62,1936,928331.36,9465.1,1.02,1.94,15835.51,1.71,-697.93,-0.08,225963.47,903.85,76
2122,Entry short,2024-07-18 06:35,QQQREP|S|v1.1.7-rep|P1/10/4,479.51,1936,928331.36,9465.1,1.02,1.94,15835.51,1.71,-697.93,-0.08,225963.47,903.85,76
2123,Exit long,2024-07-19 07:25,STP,473.37,1736,824235.44,-2466.86,-0.30,1.74,3297.53,0.40,-2465.99,-0.30,223496.61,893.99,10
2123,Entry long,2024-07-19 06:35,QQQREP|L|v1.1.7-rep|P1/10/4,474.79,1736,824235.44,-2466.86,-0.30,1.74,3297.53,0.40,-2465.99,-0.30,223496.61,893.99,10
2124,Exit short,2024-07-22 06:35,STP,476.28,2092,993971.96,-2407.89,-0.24,2.09,124.47,0.01,-2406.85,-0.24,221088.72,884.35,0
2124,Entry short,2024-07-22 06:35,QQQREP|S|v1.1.7-rep|P1/10/4,475.13,2092,993971.96,-2407.89,-0.24,2.09,124.47,0.01,-2406.85,-0.24,221088.72,884.35,0
2125,Exit long,2024-07-23 07:50,STP,475.87,2063,983803.44,-2085.69,-0.21,2.06,3423.55,0.35,-2084.66,-0.21,219003.03,876.01,15
2125,Entry long,2024-07-23 06:35,QQQREP|L|v1.1.7-rep|P1/10/4,476.88,2063,983803.44,-2085.69,-0.21,2.06,3423.55,0.35,-2084.66,-0.21,219003.03,876.01,15
2126,Exit short,2024-07-24 12:55,EOD,458.53,1450,677904,13034.05,1.92,1.45,14180.28,2.09,-218.22,-0.03,232037.08,928.15,76
2126,Entry short,2024-07-24 06:35,QQQREP|S|v1.1.7-rep|P1/10/4,467.52,1450,677904,13034.05,1.92,1.45,14180.28,2.09,-218.22,-0.03,232037.08,928.15,76
2127,Exit short,2024-07-25 08:10,STP,459.14,1623,742522.5,-2663.34,-0.36,1.62,10678.53,1.44,-2662.53,-0.36,229373.73,917.49,19
2127,Entry short,2024-07-25 06:35,QQQREP|S|v1.1.7-rep|P1/10/4,457.5,1623,742522.5,-2663.34,-0.36,1.62,10678.53,1.44,-2662.53,-0.36,229373.73,917.49,19
2128,Exit short,2024-07-26 07:00,STP,457.92,1586,723786.96,-2475.75,-0.34,1.59,1442.47,0.20,-2474.95,-0.34,226897.98,907.59,5
2128,Entry short,2024-07-26 06:35,QQQREP|S|v1.1.7-rep|P1/10/4,456.36,1586,723786.96,-2475.75,-0.34,1.59,1442.47,0.20,-2474.95,-0.34,226897.98,907.59,5
2129,Exit short,2024-07-29 06:35,STP,461.07,2189,1007487.25,-1797.17,-0.18,2.19,371.04,0.04,-1796.07,-0.18,225100.83,900.40,0
2129,Entry short,2024-07-29 06:35,QQQREP|S|v1.1.7-rep|P1/10/4,460.25,2189,1007487.25,-1797.17,-0.18,2.19,371.04,0.04,-1796.07,-0.18,225100.83,900.40,0
2130,Exit short,2024-07-30 06:35,STP,461.25,2171,1000396.8,-979.12,-0.10,2.17,150.88,0.02,-978.04,-0.10,224121.7,896.49,0
2130,Entry short,2024-07-30 06:35,QQQREP|S|v1.1.7-rep|P1/10/4,460.8,2171,1000396.8,-979.12,-0.10,2.17,150.88,0.02,-978.04,-0.10,224121.7,896.49,0
2131,Exit short,2024-07-31 06:40,STP,463.48,1311,605131.38,-2492.21,-0.41,1.31,12.45,0.00,-2491.56,-0.41,221629.48,886.52,1
2131,Entry short,2024-07-31 06:35,QQQREP|S|v1.1.7-rep|P1/10/4,461.58,1311,605131.38,-2492.21,-0.41,1.31,12.45,0.00,-2491.56,-0.41,221629.48,886.52,1
2132,Exit long,2024-08-01 06:35,STP,466.6,2109,986294.94,-2237.65,-0.23,2.11,526.2,0.05,-2236.59,-0.23,219391.84,877.57,0
2132,Entry long,2024-08-01 06:35,QQQREP|L|v1.1.7-rep|P1/10/4,467.66,2109,986294.94,-2237.65,-0.23,2.11,526.2,0.05,-2236.59,-0.23,219391.84,877.57,0
2133,Exit short,2024-08-02 06:35,STP,446.3,918,407289.06,-2415.26,-0.59,0.92,0,0.00,-2414.8,-0.59,216976.58,867.91,0
2133,Entry short,2024-08-02 06:35,QQQREP|S|v1.1.7-rep|P1/10/4,443.67,918,407289.06,-2415.26,-0.59,0.92,0,0.00,-2414.8,-0.59,216976.58,867.91,0
2134,Exit long,2024-08-05 12:55,EOD,431.22,593,250916.09,4796.78,1.91,0.59,8639.71,3.44,-445.05,-0.18,221773.36,887.09,76
2134,Entry long,2024-08-05 06:35,QQQREP|L|v1.1.7-rep|P1/10/4,423.13,593,250916.09,4796.78,1.91,0.59,8639.71,3.44,-445.05,-0.18,221773.36,887.09,76
2135,Exit long,2024-08-06 06:35,STP,432.47,2266,982311,-2336.25,-0.24,2.27,995.91,0.10,-2335.11,-0.24,219437.11,877.75,0
2135,Entry long,2024-08-06 06:35,QQQREP|L|v1.1.7-rep|P1/10/4,433.5,2266,982311,-2336.25,-0.24,2.27,995.91,0.10,-2335.11,-0.24,219437.11,877.75,0
2136,Exit long,2024-08-07 07:15,STP,441.5,1960,867888,-2549.96,-0.29,1.96,3017.42,0.35,-2548.98,-0.29,216887.16,867.55,8
2136,Entry long,2024-08-07 06:35,QQQREP|L|v1.1.7-rep|P1/10/4,442.8,1960,867888,-2549.96,-0.29,1.96,3017.42,0.35,-2548.98,-0.29,216887.16,867.55,8
2137,Exit short,2024-08-08 07:00,STP,436.85,2218,967336.34,-1599.18,-0.17,2.22,7806.25,0.81,-1598.07,-0.17,215287.97,861.15,5
2137,Entry short,2024-08-08 06:35,QQQREP|S|v1.1.7-rep|P1/10/4,436.13,2218,967336.34,-1599.18,-0.17,2.22,7806.25,0.81,-1598.07,-0.17,215287.97,861.15,5
2138,Exit long,2024-08-09 06:35,STP,442.1,2169,961170.66,-2257.93,-0.23,2.17,1777.5,0.18,-2256.84,-0.23,213030.05,852.12,0
2138,Entry long,2024-08-09 06:35,QQQREP|L|v1.1.7-rep|P1/10/4,443.14,2169,961170.66,-2257.93,-0.23,2.17,1777.5,0.18,-2256.84,-0.23,213030.05,852.12,0
2139,Exit long,2024-08-12 06:35,STP,446.51,2128,952024.64,-1853.49,-0.19,2.13,147.9,0.02,-1852.42,-0.19,211176.56,844.71,0
2139,Entry long,2024-08-12 06:35,QQQREP|L|v1.1.7-rep|P1/10/4,447.38,2128,952024.64,-1853.49,-0.19,2.13,147.9,0.02,-1852.42,-0.19,211176.56,844.71,0
2140,Exit long,2024-08-13 12:55,EOD,457.79,2089,944353.34,11967.88,1.27,2.09,12512.07,1.32,-1839.36,-0.19,223144.44,892.58,76
2140,Entry long,2024-08-13 06:35,QQQREP|L|v1.1.7-rep|P1/10/4,452.06,2089,944353.34,11967.88,1.27,2.09,12512.07,1.32,-1839.36,-0.19,223144.44,892.58,76
2141,Exit short,2024-08-14 08:50,STP,459.65,1518,695259.18,-2491.04,-0.36,1.52,6602.54,0.95,-2490.28,-0.36,220653.4,882.61,27
2141,Entry short,2024-08-14 06:35,QQQREP|S|v1.1.7-rep|P1/10/4,458.01,1518,695259.18,-2491.04,-0.36,1.52,6602.54,0.95,-2490.28,-0.36,220653.4,882.61,27
2142,Exit long,2024-08-15 12:55,EOD,469.53,2116,982183.72,11339.64,1.15,2.12,12102.46,1.23,-826.3,-0.08,231993.05,927.97,76
2142,Entry long,2024-08-15 06:35,QQQREP|L|v1.1.7-rep|P1/10/4,464.17,2116,982183.72,11339.64,1.15,2.12,12102.46,1.23,-826.3,-0.08,231993.05,927.97,76
2143,Exit long,2024-08-16 12:55,EOD,470.09,2079,972909.63,4405.4,0.45,2.08,7296.25,0.75,-1872.14,-0.19,236398.45,945.59,76
2143,Entry long,2024-08-16 06:35,QQQREP|L|v1.1.7-rep|P1/10/4,467.97,2079,972909.63,4405.4,0.45,2.08,7296.25,0.75,-1872.14,-0.19,236398.45,945.59,76
2144,Exit short,2024-08-19 06:40,STP,470.43,2225,1045483,-1225.97,-0.12,2.23,2424.14,0.23,-1224.86,-0.12,235172.47,940.69,1
2144,Entry short,2024-08-19 06:35,QQQREP|S|v1.1.7-rep|P1/10/4,469.88,2225,1045483,-1225.97,-0.12,2.23,2424.14,0.23,-1224.86,-0.12,235172.47,940.69,1
2145,Exit long,2024-08-20 07:15,STP,475.34,2184,1040588.64,-2448.26,-0.24,2.18,3165.71,0.30,-2447.17,-0.24,232724.2,930.90,8
2145,Entry long,2024-08-20 06:35,QQQREP|L|v1.1.7-rep|P1/10/4,476.46,2184,1040588.64,-2448.26,-0.24,2.18,3165.71,0.30,-2447.17,-0.24,232724.2,930.90,8
2146,Exit short,2024-08-21 06:35,STP,476.19,2167,1030451.84,-1454.06,-0.14,2.17,323.97,0.03,-1452.97,-0.14,231270.16,925.08,0
2146,Entry short,2024-08-21 06:35,QQQREP|S|v1.1.7-rep|P1/10/4,475.52,2167,1030451.84,-1454.06,-0.14,2.17,323.97,0.03,-1452.97,-0.14,231270.16,925.08,0
2147,Exit long,2024-08-22 06:35,STP,479.57,2136,1025109.12,-749.74,-0.07,2.14,276.61,0.03,-748.67,-0.07,230520.4,922.08,0
2147,Entry long,2024-08-22 06:35,QQQREP|L|v1.1.7-rep|P1/10/4,479.92,2136,1025109.12,-749.74,-0.07,2.14,276.61,0.03,-748.67,-0.07,230520.4,922.08,0
2148,Exit short,2024-08-23 07:00,STP,474.4,2159,1021725.16,-2506.6,-0.25,2.16,279.59,0.03,-2505.52,-0.25,228013.81,912.06,5
2148,Entry short,2024-08-23 06:35,QQQREP|S|v1.1.7-rep|P1/10/4,473.24,2159,1021725.16,-2506.6,-0.25,2.16,279.59,0.03,-2505.52,-0.25,228013.81,912.06,5
2149,Exit long,2024-08-26 06:45,STP,473.98,2129,1011700.8,-2599.51,-0.26,2.13,211.84,0.02,-2598.44,-0.26,225414.31,901.66,2
2149,Entry long,2024-08-26 06:35,QQQREP|L|v1.1.7-rep|P1/10/4,475.2,2129,1011700.8,-2599.51,-0.26,2.13,211.84,0.02,-2598.44,-0.26,225414.31,901.66,2
2150,Exit short,2024-08-27 06:50,STP,469.14,2137,1001547.79,-1006.53,-0.10,2.14,3973.75,0.40,-1005.46,-0.10,224407.78,897.63,3
2150,Entry short,2024-08-27 06:35,QQQREP|S|v1.1.7-rep|P1/10/4,468.67,2137,1001547.79,-1006.53,-0.10,2.14,3973.75,0.40,-1005.46,-0.10,224407.78,897.63,3
2151,Exit long,2024-08-28 06:35,STP,471.21,2116,997482.4,-404.16,-0.04,2.12,168.22,0.02,-403.1,-0.04,224003.62,896.01,0
2151,Entry long,2024-08-28 06:35,QQQREP|L|v1.1.7-rep|P1/10/4,471.4,2116,997482.4,-404.16,-0.04,2.12,168.22,0.02,-403.1,-0.04,224003.62,896.01,0
2152,Exit long,2024-08-29 11:30,STP,467.87,945,444650.85,-2514.64,-0.57,0.95,2305.33,0.52,-2514.17,-0.57,221488.98,885.96,59
2152,Entry long,2024-08-29 06:35,QQQREP|L|v1.1.7-rep|P1/10/4,470.53,945,444650.85,-2514.64,-0.57,0.95,2305.33,0.52,-2514.17,-0.57,221488.98,885.96,59
2153,Exit short,2024-08-30 06:45,STP,470.52,2099,985753.37,-1870.21,-0.19,2.1,1216.37,0.12,-1869.16,-0.19,219618.77,878.48,2
2153,Entry short,2024-08-30 06:35,QQQREP|S|v1.1.7-rep|P1/10/4,469.63,2099,985753.37,-1870.21,-0.19,2.1,1216.37,0.12,-1869.16,-0.19,219618.77,878.48,2
2154,Exit short,2024-09-03 12:55,EOD,457.06,1693,790529.42,16725.15,2.12,1.69,20772.26,2.63,-136.29,-0.02,236343.92,945.38,76
2154,Entry short,2024-09-03 06:35,QQQREP|S|v1.1.7-rep|P1/10/4,466.94,1693,790529.42,16725.15,2.12,1.69,20772.26,2.63,-136.29,-0.02,236343.92,945.38,76
2155,Exit long,2024-09-04 07:00,STP,453.48,1703,774882.03,-2607.29,-0.34,1.7,2775.04,0.36,-2606.44,-0.34,233736.62,934.95,5
2155,Entry long,2024-09-04 06:35,QQQREP|L|v1.1.7-rep|P1/10/4,455.01,1703,774882.03,-2607.29,-0.34,1.7,2775.04,0.36,-2606.44,-0.34,233736.62,934.95,5
2156,Exit long,2024-09-05 08:25,STP,454.19,2275,1034965.75,-1685.77,-0.16,2.28,12738.86,1.23,-1684.64,-0.16,232050.84,928.20,22
2156,Entry long,2024-09-05 06:35,QQQREP|L|v1.1.7-rep|P1/10/4,454.93,2275,1034965.75,-1685.77,-0.16,2.28,12738.86,1.23,-1684.64,-0.16,232050.84,928.20,22
2157,Exit short,2024-09-06 08:50,TGT,443.95,2164,985247.56,24537.6,2.49,2.16,24538.68,2.49,-1407.68,-0.14,256588.44,1026.35,27
2157,Entry short,2024-09-06 06:35,QQQREP|S|v1.1.7-rep|P1/10/4,455.29,2164,985247.56,24537.6,2.49,2.16,24538.68,2.49,-1407.68,-0.14,256588.44,1026.35,27
2158,Exit long,2024-09-09 07:30,STP,447.76,2351,1055504.96,-2823.55,-0.27,2.35,3666.38,0.35,-2822.38,-0.27,253764.89,1015.06,11
2158,Entry long,2024-09-09 06:35,QQQREP|L|v1.1.7-rep|P1/10/4,448.96,2351,1055504.96,-2823.55,-0.27,2.35,3666.38,0.35,-2822.38,-0.27,253764.89,1015.06,11
2159,Exit long,2024-09-10 06:35,STP,451.28,2467,1115133.34,-1828.05,-0.16,2.47,788.21,0.07,-1826.81,-0.16,251936.84,1007.75,0
2159,Entry long,2024-09-10 06:35,QQQREP|L|v1.1.7-rep|P1/10/4,452.02,2467,1115133.34,-1828.05,-0.16,2.47,788.21,0.07,-1826.81,-0.16,251936.84,1007.75,0
2160,Exit short,2024-09-11 09:20,STP,455.16,1878,852255.18,-2537.18,-0.30,1.88,13539.44,1.59,-2536.24,-0.30,249399.67,997.60,33
2160,Entry short,2024-09-11 06:35,QQQREP|S|v1.1.7-rep|P1/10/4,453.81,1878,852255.18,-2537.18,-0.30,1.88,13539.44,1.59,-2536.24,-0.30,249399.67,997.60,33
2161,Exit long,2024-09-12 06:45,STP,462.57,1980,918700.2,-2813.58,-0.31,1.98,929.61,0.10,-2812.59,-0.31,246586.1,986.34,2
2161,Entry long,2024-09-12 06:35,QQQREP|L|v1.1.7-rep|P1/10/4,463.99,1980,918700.2,-2813.58,-0.31,1.98,929.61,0.10,-2812.59,-0.31,246586.1,986.34,2
2162,Exit long,2024-09-13 12:55,EOD,470.45,2318,1086029.36,4471.42,0.41,2.32,7091.92,0.65,-1925.1,-0.18,251057.52,1004.23,76
2162,Entry long,2024-09-13 06:35,QQQREP|L|v1.1.7-rep|P1/10/4,468.52,2318,1086029.36,4471.42,0.41,2.32,7091.92,0.65,-1925.1,-0.18,251057.52,1004.23,76
2163,Exit short,2024-09-16 06:50,STP,468.37,1207,562558.56,-2765.24,-0.49,1.21,506.34,0.09,-2764.63,-0.49,248292.27,993.17,3
2163,Entry short,2024-09-16 06:35,QQQREP|S|v1.1.7-rep|P1/10/4,466.08,1207,562558.56,-2765.24,-0.49,1.21,506.34,0.09,-2764.63,-0.49,248292.27,993.17,3
2164,Exit short,2024-09-17 07:45,STP,472.1,2030,955703.7,-2661.33,-0.28,2.03,3003.39,0.31,-2660.31,-0.28,245630.94,982.52,14
2164,Entry short,2024-09-17 06:35,QQQREP|S|v1.1.7-rep|P1/10/4,470.79,2030,955703.7,-2661.33,-0.28,2.03,3003.39,0.31,-2660.31,-0.28,245630.94,982.52,14
2165,Exit short,2024-09-18 11:00,STP,469.9,2308,1082405.84,-2125.67,-0.20,2.31,6045.81,0.56,-2124.51,-0.20,243505.28,974.02,53
2165,Entry short,2024-09-18 06:35,QQQREP|S|v1.1.7-rep|P1/10/4,468.98,2308,1082405.84,-2125.67,-0.20,2.31,6045.81,0.56,-2124.51,-0.20,243505.28,974.02,53
2166,Exit short,2024-09-19 06:40,STP,477.75,2252,1074023.84,-1871.41,-0.17,2.25,1147.39,0.11,-1870.29,-0.17,241633.86,966.54,1
2166,Entry short,2024-09-19 06:35,QQQREP|S|v1.1.7-rep|P1/10/4,476.92,2252,1074023.84,-1871.41,-0.17,2.25,1147.39,0.11,-1870.29,-0.17,241633.86,966.54,1
2167,Exit long,2024-09-20 06:45,STP,477.41,2231,1066440.31,-1340.83,-0.13,2.23,1337.48,0.13,-1339.72,-0.13,240293.03,961.17,2
2167,Entry long,2024-09-20 06:35,QQQREP|L|v1.1.7-rep|P1/10/4,478.01,2231,1066440.31,-1340.83,-0.13,2.23,1337.48,0.13,-1339.72,-0.13,240293.03,961.17,2
2168,Exit short,2024-09-23 06:45,STP,478.79,2220,1061271,-1645.02,-0.16,2.22,1086.69,0.10,-1643.91,-0.15,238648.02,954.59,2
2168,Entry short,2024-09-23 06:35,QQQREP|S|v1.1.7-rep|P1/10/4,478.05,2220,1061271,-1645.02,-0.16,2.22,1086.69,0.10,-1643.91,-0.15,238648.02,954.59,2
2169,Exit short,2024-09-24 08:45,STP,480.53,2198,1054468.52,-1738.62,-0.16,2.2,8527.14,0.81,-1737.52,-0.16,236909.39,947.64,26
2169,Entry short,2024-09-24 06:35,QQQREP|S|v1.1.7-rep|P1/10/4,479.74,2198,1054468.52,-1738.62,-0.16,2.2,8527.14,0.81,-1737.52,-0.16,236909.39,947.64,26
2170,Exit long,2024-09-25 10:00,STP,480.32,2175,1047066.75,-2372.93,-0.23,2.17,4348.91,0.42,-2371.84,-0.23,234536.47,938.15,41
2170,Entry long,2024-09-25 06:35,QQQREP|L|v1.1.7-rep|P1/10/4,481.41,2175,1047066.75,-2372.93,-0.23,2.17,4348.91,0.42,-2371.84,-0.23,234536.47,938.15,41
2171,Exit short,2024-09-26 12:55,EOD,485.05,1616,788058.56,4216.14,0.54,1.62,10050.71,1.28,-566.41,-0.07,238752.61,955.01,76
2171,Entry short,2024-09-26 06:35,QQQREP|S|v1.1.7-rep|P1/10/4,487.66,1616,788058.56,4216.14,0.54,1.62,10050.71,1.28,-566.41,-0.07,238752.61,955.01,76
2172,Exit short,2024-09-27 12:55,EOD,482.39,2172,1055005.56,7252.31,0.69,2.17,9838.07,0.93,-522.37,-0.05,246004.92,984.02,76
2172,Entry short,2024-09-27 06:35,QQQREP|S|v1.1.7-rep|P1/10/4,485.73,2172,1055005.56,7252.31,0.69,2.17,9838.07,0.93,-522.37,-0.05,246004.92,984.02,76
2173,Exit long,2024-09-30 07:05,STP,481.16,1925,928851,-2619.93,-0.28,1.93,1712.29,0.18,-2618.96,-0.28,243385,973.54,6
2173,Entry long,2024-09-30 06:35,QQQREP|L|v1.1.7-rep|P1/10/4,482.52,1925,928851,-2619.93,-0.28,1.93,1712.29,0.18,-2618.96,-0.28,243385,973.54,6
2174,Exit short,2024-10-01 12:55,EOD,476.9,1277,614824.42,5821.84,0.95,1.28,10662.31,1.73,-0.64,0.00,249206.84,996.83,76
2174,Entry short,2024-10-01 06:35,QQQREP|S|v1.1.7-rep|P1/10/4,481.46,1277,614824.42,5821.84,0.95,1.28,10662.31,1.73,-0.64,0.00,249206.84,996.83,76
2175,Exit long,2024-10-02 06:35,STP,475.31,2303,1096412.24,-1775.61,-0.16,2.3,137.03,0.01,-1774.46,-0.16,247431.22,989.72,0
2175,Entry long,2024-10-02 06:35,QQQREP|L|v1.1.7-rep|P1/10/4,476.08,2303,1096412.24,-1775.61,-0.16,2.3,137.03,0.01,-1774.46,-0.16,247431.22,989.72,0
2176,Exit long,2024-10-03 10:00,STP,475.06,1424,679262.24,-2778.22,-0.41,1.42,4527.61,0.67,-2777.51,-0.41,244653,978.61,41
2176,Entry long,2024-10-03 06:35,QQQREP|L|v1.1.7-rep|P1/10/4,477.01,1424,679262.24,-2778.22,-0.41,1.42,4527.61,0.67,-2777.51,-0.41,244653,978.61,41
2177,Exit short,2024-10-04 06:35,STP,483.25,2234,1078552.86,-1029.87,-0.10,2.23,1160.56,0.11,-1028.76,-0.10,243623.12,974.49,0
2177,Entry short,2024-10-04 06:35,QQQREP|S|v1.1.7-rep|P1/10/4,482.79,2234,1078552.86,-1029.87,-0.10,2.23,1160.56,0.11,-1028.76,-0.10,243623.12,974.49,0
2178,Exit long,2024-10-07 06:40,STP,480.52,2231,1073802.61,-1764.72,-0.16,2.23,802.04,0.07,-1763.61,-0.16,241858.4,967.43,1
2178,Entry long,2024-10-07 06:35,QQQREP|L|v1.1.7-rep|P1/10/4,481.31,2231,1073802.61,-1764.72,-0.16,2.23,802.04,0.07,-1763.61,-0.16,241858.4,967.43,1
2179,Exit short,2024-10-08 06:35,STP,480.32,2225,1067087.75,-1626.47,-0.15,2.23,154.64,0.01,-1625.36,-0.15,240231.94,960.93,0
2179,Entry short,2024-10-08 06:35,QQQREP|S|v1.1.7-rep|P1/10/4,479.59,2225,1067087.75,-1626.47,-0.15,2.23,154.64,0.01,-1625.36,-0.15,240231.94,960.93,0
2180,Exit short,2024-10-09 06:40,STP,484.78,2191,1060356.36,-1798.81,-0.17,2.19,656.2,0.06,-1797.72,-0.17,238433.12,953.73,1
2180,Entry short,2024-10-09 06:35,QQQREP|S|v1.1.7-rep|P1/10/4,483.96,2191,1060356.36,-1798.81,-0.17,2.19,656.2,0.06,-1797.72,-0.17,238433.12,953.73,1
2181,Exit long,2024-10-10 06:45,STP,486.04,2164,1053478.48,-1690.08,-0.16,2.16,604.84,0.06,-1689,-0.16,236743.03,946.97,2
2181,Entry long,2024-10-10 06:35,QQQREP|L|v1.1.7-rep|P1/10/4,486.82,2164,1053478.48,-1690.08,-0.16,2.16,604.84,0.06,-1689,-0.16,236743.03,946.97,2
2182,Exit long,2024-10-11 06:35,STP,485.84,2152,1046754.32,-1228.79,-0.12,2.15,106.52,0.01,-1227.72,-0.12,235514.25,942.06,0
2182,Entry long,2024-10-11 06:35,QQQREP|L|v1.1.7-rep|P1/10/4,486.41,2152,1046754.32,-1228.79,-0.12,2.15,106.52,0.01,-1227.72,-0.12,235514.25,942.06,0
2183,Exit long,2024-10-14 08:00,STP,491.08,2117,1041796.87,-2182.63,-0.21,2.12,4741.02,0.46,-2181.57,-0.21,233331.62,933.33,17
2183,Entry long,2024-10-14 06:35,QQQREP|L|v1.1.7-rep|P1/10/4,492.11,2117,1041796.87,-2182.63,-0.21,2.12,4741.02,0.46,-2181.57,-0.21,233331.62,933.33,17
2184,Exit long,2024-10-15 07:10,STP,492.73,2093,1032853.64,-1571.84,-0.15,2.09,1087.31,0.11,-1570.8,-0.15,231759.78,927.04,7
2184,Entry long,2024-10-15 06:35,QQQREP|L|v1.1.7-rep|P1/10/4,493.48,2093,1032853.64,-1571.84,-0.15,2.09,1087.31,0.11,-1570.8,-0.15,231759.78,927.04,7
2185,Exit short,2024-10-16 11:20,STP,486.81,1992,967155.84,-2571.67,-0.27,1.99,4620.44,0.48,-2570.68,-0.27,229188.11,916.75,57
2185,Entry short,2024-10-16 06:35,QQQREP|S|v1.1.7-rep|P1/10/4,485.52,1992,967155.84,-2571.67,-0.27,1.99,4620.44,0.48,-2570.68,-0.27,229188.11,916.75,57
2186,Exit short,2024-10-17 12:55,EOD,486.94,1110,543622.5,3117.99,0.57,1.11,3285.05,0.60,-1277.05,-0.23,232306.1,929.22,76
2186,Entry short,2024-10-17 06:35,QQQREP|S|v1.1.7-rep|P1/10/4,489.75,1110,543622.5,3117.99,0.57,1.11,3285.05,0.60,-1277.05,-0.23,232306.1,929.22,76
2187,Exit short,2024-10-18 06:35,STP,489.68,2104,1028771.84,-1516.98,-0.15,2.1,188.31,0.02,-1515.93,-0.15,230789.11,923.16,0
2187,Entry short,2024-10-18 06:35,QQQREP|S|v1.1.7-rep|P1/10/4,488.96,2104,1028771.84,-1516.98,-0.15,2.1,188.31,0.02,-1515.93,-0.15,230789.11,923.16,0
2188,Exit long,2024-10-21 07:40,STP,488.66,2091,1022979.93,-1193.96,-0.12,2.09,5310.09,0.52,-1192.92,-0.12,229595.14,918.38,13
2188,Entry long,2024-10-21 06:35,QQQREP|L|v1.1.7-rep|P1/10/4,489.23,2091,1022979.93,-1193.96,-0.12,2.09,5310.09,0.52,-1192.92,-0.12,229595.14,918.38,13
2189,Exit short,2024-10-23 12:55,EOD,483.97,2083,1018149.57,10037.98,0.99,2.08,16871.26,1.66,-1813.25,-0.18,239633.12,958.53,76
2189,Entry short,2024-10-23 06:35,QQQREP|S|v1.1.7-rep|P1/10/4,488.79,2083,1018149.57,10037.98,0.99,2.08,16871.26,1.66,-1813.25,-0.18,239633.12,958.53,76
2190,Exit short,2024-10-24 07:00,STP,487.76,2175,1058442,-2438.18,-0.23,2.17,1630.16,0.15,-2437.09,-0.23,237194.95,948.78,5
2190,Entry short,2024-10-24 06:35,QQQREP|S|v1.1.7-rep|P1/10/4,486.64,2175,1058442,-2438.18,-0.23,2.17,1630.16,0.15,-2437.09,-0.23,237194.95,948.78,5
2191,Exit long,2024-10-25 10:40,STP,490.67,2132,1048368.36,-2262.05,-0.22,2.13,8633.53,0.82,-2260.99,-0.22,234932.89,939.73,49
2191,Entry long,2024-10-25 06:35,QQQREP|L|v1.1.7-rep|P1/10/4,491.73,2132,1048368.36,-2262.05,-0.22,2.13,8633.53,0.82,-2260.99,-0.22,234932.89,939.73,49
2192,Exit short,2024-10-28 12:55,EOD,490.95,2108,1039349.4,4424.69,0.43,2.11,5058.15,0.49,-1476.65,-0.14,239357.6,957.43,76
2192,Entry short,2024-10-28 06:35,QQQREP|S|v1.1.7-rep|P1/10/4,493.05,2108,1039349.4,4424.69,0.43,2.11,5058.15,0.49,-1476.65,-0.14,239357.6,957.43,76
2193,Exit short,2024-10-29 07:00,STP,491.63,1340,656023.8,-2761.74,-0.42,1.34,213.73,0.03,-2761.07,-0.42,236595.84,946.38,5
2193,Entry short,2024-10-29 06:35,QQQREP|S|v1.1.7-rep|P1/10/4,489.57,1340,656023.8,-2761.74,-0.42,1.34,213.73,0.03,-2761.07,-0.42,236595.84,946.38,5
2194,Exit short,2024-10-30 07:05,STP,495.12,2118,1045995.48,-2670.8,-0.26,2.12,3663.08,0.35,-2669.74,-0.26,233925.05,935.70,6
2194,Entry short,2024-10-30 06:35,QQQREP|S|v1.1.7-rep|P1/10/4,493.86,2118,1045995.48,-2670.8,-0.26,2.12,3663.08,0.35,-2669.74,-0.26,233925.05,935.70,6
2195,Exit short,2024-10-31 12:55,EOD,479.46,1306,634676.82,8500.75,1.34,1.31,8579.77,1.35,-732.01,-0.12,242425.81,969.70,76
2195,Entry short,2024-10-31 06:35,QQQREP|S|v1.1.7-rep|P1/10/4,485.97,1306,634676.82,8500.75,1.34,1.31,8579.77,1.35,-732.01,-0.12,242425.81,969.70,76
2196,Exit long,2024-11-01 12:55,EOD,482.99,2044,985555.48,1674.04,0.17,2.04,8522.46,0.86,-1779.3,-0.18,244099.84,976.40,76
2196,Entry long,2024-11-01 06:35,QQQREP|L|v1.1.7-rep|P1/10/4,482.17,2044,985555.48,1674.04,0.17,2.04,8522.46,0.86,-1779.3,-0.18,244099.84,976.40,76
2197,Exit short,2024-11-04 07:00,STP,482.95,1206,579748.32,-2690.59,-0.46,1.21,988.32,0.17,-2689.98,-0.46,241409.25,965.64,5
2197,Entry short,2024-11-04 06:35,QQQREP|S|v1.1.7-rep|P1/10/4,480.72,1206,579748.32,-2690.59,-0.46,1.21,988.32,0.17,-2689.98,-0.46,241409.25,965.64,5
2198,Exit long,2024-11-05 12:55,EOD,487.83,1816,880215.2,5682.26,0.65,1.82,6809.09,0.77,-799.95,-0.09,247091.52,988.37,76
2198,Entry long,2024-11-05 06:35,QQQREP|L|v1.1.7-rep|P1/10/4,484.7,1816,880215.2,5682.26,0.65,1.82,6809.09,0.77,-799.95,-0.09,247091.52,988.37,76
2199,Exit long,2024-11-06 06:45,STP,495.79,2190,1088276.7,-2498.79,-0.23,2.19,4400.81,0.40,-2497.7,-0.23,244592.73,978.37,2
2199,Entry long,2024-11-06 06:35,QQQREP|L|v1.1.7-rep|P1/10/4,496.93,2190,1088276.7,-2498.79,-0.23,2.19,4400.81,0.40,-2497.7,-0.23,244592.73,978.37,2
2200,Exit long,2024-11-07 12:55,EOD,508.98,2136,1077825.6,9353.54,0.87,2.14,10913.89,1.01,-1047.71,-0.10,253946.28,1015.79,76
2200,Entry long,2024-11-07 06:35,QQQREP|L|v1.1.7-rep|P1/10/4,504.6,2136,1077825.6,9353.54,0.87,2.14,10913.89,1.01,-1047.71,-0.10,253946.28,1015.79,76
2201,Exit long,2024-11-08 06:45,STP,508.37,2191,1115328.55,-1492.07,-0.13,2.19,1006.76,0.09,-1490.98,-0.13,252454.2,1009.82,2
2201,Entry long,2024-11-08 06:35,QQQREP|L|v1.1.7-rep|P1/10/4,509.05,2191,1115328.55,-1492.07,-0.13,2.19,1006.76,0.09,-1490.98,-0.13,252454.2,1009.82,2
2202,Exit short,2024-11-11 12:55,EOD,509.18,2174,1109740.04,2780.55,0.25,2.17,8999.27,0.81,-544.59,-0.05,255234.75,1020.94,76
2202,Entry short,2024-11-11 06:35,QQQREP|S|v1.1.7-rep|P1/10/4,510.46,2174,1109740.04,2780.55,0.25,2.17,8999.27,0.81,-544.59,-0.05,255234.75,1020.94,76
2203,Exit short,2024-11-12 06:35,STP,509.3,2202,1120994.16,-486.64,-0.04,2.2,0,0.00,-485.54,-0.04,254748.11,1018.99,0
2203,Entry short,2024-11-12 06:35,QQQREP|S|v1.1.7-rep|P1/10/4,509.08,2202,1120994.16,-486.64,-0.04,2.2,0,0.00,-485.54,-0.04,254748.11,1018.99,0
2204,Exit long,2024-11-13 06:35,STP,507.63,2202,1118902.26,-1103.2,-0.10,2.2,659.5,0.06,-1102.1,-0.10,253644.9,1014.58,0
2204,Entry long,2024-11-13 06:35,QQQREP|L|v1.1.7-rep|P1/10/4,508.13,2202,1118902.26,-1103.2,-0.10,2.2,659.5,0.06,-1102.1,-0.10,253644.9,1014.58,0
2205,Exit long,2024-11-14 06:40,STP,507.27,2194,1114420.36,-1472.17,-0.13,2.19,547.4,0.05,-1471.08,-0.13,252172.73,1008.69,1
2205,Entry long,2024-11-14 06:35,QQQREP|L|v1.1.7-rep|P1/10/4,507.94,2194,1114420.36,-1472.17,-0.13,2.19,547.4,0.05,-1471.08,-0.13,252172.73,1008.69,1
2206,Exit short,2024-11-15 12:55,EOD,492.04,2226,1108191.84,12908.57,1.16,2.23,17361.69,1.57,-691.17,-0.06,265081.3,1060.33,76
2206,Entry short,2024-11-15 06:35,QQQREP|S|v1.1.7-rep|P1/10/4,497.84,2226,1108191.84,12908.57,1.16,2.23,17361.69,1.57,-691.17,-0.06,265081.3,1060.33,76
2207,Exit short,2024-11-18 06:35,STP,493.67,2353,1160099.59,-1508.27,-0.13,2.35,445.89,0.04,-1507.1,-0.13,263573.03,1054.29,0
2207,Entry short,2024-11-18 06:35,QQQREP|S|v1.1.7-rep|P1/10/4,493.03,2353,1160099.59,-1508.27,-0.13,2.35,445.89,0.04,-1507.1,-0.13,263573.03,1054.29,0
2208,Exit long,2024-11-19 06:35,STP,492.7,2341,1154183.23,-774.87,-0.07,2.34,0,0.00,-773.7,-0.07,262798.16,1051.19,0
2208,Entry long,2024-11-19 06:35,QQQREP|L|v1.1.7-rep|P1/10/4,493.03,2341,1154183.23,-774.87,-0.07,2.34,0,0.00,-773.7,-0.07,262798.16,1051.19,0
2209,Exit short,2024-11-20 12:50,STP,498.69,2311,1150623.79,-1851.11,-0.16,2.31,13379.53,1.16,-1849.96,-0.16,260947.05,1043.79,75
2209,Entry short,2024-11-20 06:35,QQQREP|S|v1.1.7-rep|P1/10/4,497.89,2311,1150623.79,-1851.11,-0.16,2.31,13379.53,1.16,-1849.96,-0.16,260947.05,1043.79,75
2210,Exit short,2024-11-21 12:55,EOD,500.45,1109,554267.11,-733.05,-0.13,1.11,7429.75,1.34,-2207.46,-0.40,260214,1040.86,76
2210,Entry short,2024-11-21 06:35,QQQREP|S|v1.1.7-rep|P1/10/4,499.79,1109,554267.11,-733.05,-0.13,1.11,7429.75,1.34,-2207.46,-0.40,260214,1040.86,76
2211,Exit long,2024-11-22 07:10,STP,499.51,2278,1140571.82,-2690.32,-0.24,2.28,2595.78,0.23,-2689.18,-0.24,257523.69,1030.09,7
2211,Entry long,2024-11-22 06:35,QQQREP|L|v1.1.7-rep|P1/10/4,500.69,2278,1140571.82,-2690.32,-0.24,2.28,2595.78,0.23,-2689.18,-0.24,257523.69,1030.09,7
2212,Exit short,2024-11-25 06:35,STP,505.47,2237,1129707.37,-1031.26,-0.09,2.24,423.91,0.04,-1030.14,-0.09,256492.42,1025.97,0
2212,Entry short,2024-11-25 06:35,QQQREP|S|v1.1.7-rep|P1/10/4,505.01,2237,1129707.37,-1031.26,-0.09,2.24,423.91,0.04,-1030.14,-0.09,256492.42,1025.97,0
2213,Exit long,2024-11-26 07:00,STP,503.51,2219,1120151.2,-2864.73,-0.26,2.22,1685.33,0.15,-2863.62,-0.26,253627.7,1014.51,5
2213,Entry long,2024-11-26 06:35,QQQREP|L|v1.1.7-rep|P1/10/4,504.8,2219,1120151.2,-2864.73,-0.26,2.22,1685.33,0.15,-2863.62,-0.26,253627.7,1014.51,5
2214,Exit short,2024-11-27 12:55,EOD,500.74,2218,1114545,3901.46,0.35,2.22,11266.33,1.01,-555.61,-0.05,257529.16,1030.12,76
2214,Entry short,2024-11-27 06:35,QQQREP|S|v1.1.7-rep|P1/10/4,502.5,2218,1114545,3901.46,0.35,2.22,11266.33,1.01,-555.61,-0.05,257529.16,1030.12,76
2215,Exit short,2024-11-29 06:35,STP,501.7,2254,1129749.88,-1084.17,-0.10,2.25,742.69,0.07,-1083.05,-0.10,256444.98,1025.78,0
2215,Entry short,2024-11-29 06:35,QQQREP|S|v1.1.7-rep|P1/10/4,501.22,2254,1129749.88,-1084.17,-0.10,2.25,742.69,0.07,-1083.05,-0.10,256444.98,1025.78,0
2216,Exit long,2024-12-02 12:55,EOD,510.66,1345,683461.75,3374.61,0.49,1.35,4679.93,0.68,-565.57,-0.08,259819.6,1039.28,76
2216,Entry long,2024-12-02 06:35,QQQREP|L|v1.1.7-rep|P1/10/4,508.15,1345,683461.75,3374.61,0.49,1.35,4679.93,0.68,-565.57,-0.08,259819.6,1039.28,76
2217,Exit long,2024-12-03 12:55,EOD,512.27,2235,1139380.65,5540.57,0.49,2.24,6055.73,0.53,-626.92,-0.06,265360.16,1061.44,76
2217,Entry long,2024-12-03 06:35,QQQREP|L|v1.1.7-rep|P1/10/4,509.79,2235,1139380.65,5540.57,0.49,2.24,6055.73,0.53,-626.92,-0.06,265360.16,1061.44,76
2218,Exit short,2024-12-04 06:55,STP,516.09,2253,1161263.79,-1489.23,-0.13,2.25,1125.37,0.10,-1488.11,-0.13,263870.94,1055.48,4
2218,Entry short,2024-12-04 06:35,QQQREP|S|v1.1.7-rep|P1/10/4,515.43,2253,1161263.79,-1489.23,-0.13,2.25,1125.37,0.10,-1488.11,-0.13,263870.94,1055.48,4
2219,Exit long,2024-12-05 06:40,STP,518.2,2227,1155144.9,-1115.73,-0.10,2.23,533.37,0.05,-1114.61,-0.10,262755.2,1051.02,1
2219,Entry long,2024-12-05 06:35,QQQREP|L|v1.1.7-rep|P1/10/4,518.7,2227,1155144.9,-1115.73,-0.10,2.23,533.37,0.05,-1114.61,-0.10,262755.2,1051.02,1
2220,Exit long,2024-12-06 12:55,EOD,521.81,2219,1150573.69,7320.48,0.64,2.22,7698.82,0.67,-311.77,-0.03,270075.7,1080.30,76
2220,Entry long,2024-12-06 06:35,QQQREP|L|v1.1.7-rep|P1/10/4,518.51,2219,1150573.69,7320.48,0.64,2.22,7698.82,0.67,-311.77,-0.03,270075.7,1080.30,76
2221,Exit short,2024-12-09 06:45,STP,521.48,2268,1179813.6,-2905.31,-0.25,2.27,21.55,0.00,-2904.17,-0.25,267170.38,1068.68,2
2221,Entry short,2024-12-09 06:35,QQQREP|S|v1.1.7-rep|P1/10/4,520.2,2268,1179813.6,-2905.31,-0.25,2.27,21.55,0.00,-2904.17,-0.25,267170.38,1068.68,2
2222,Exit short,2024-12-10 06:35,STP,518.92,2252,1168360.12,-249.97,-0.02,2.25,449.27,0.04,-248.85,-0.02,266920.4,1067.68,0
2222,Entry short,2024-12-10 06:35,QQQREP|S|v1.1.7-rep|P1/10/4,518.81,2252,1168360.12,-249.97,-0.02,2.25,449.27,0.04,-248.85,-0.02,266920.4,1067.68,0
2223,Exit long,2024-12-11 12:55,EOD,525.17,2242,1167454.24,9974.66,0.85,2.24,11477.92,0.98,-718.56,-0.06,276895.06,1107.58,76
2223,Entry long,2024-12-11 06:35,QQQREP|L|v1.1.7-rep|P1/10/4,520.72,2242,1167454.24,9974.66,0.85,2.24,11477.92,0.98,-718.56,-0.06,276895.06,1107.58,76
2224,Exit short,2024-12-12 07:20,STP,522.99,2310,1206998.1,-1111.11,-0.09,2.31,2770.85,0.23,-1109.95,-0.09,275783.94,1103.14,9
2224,Entry short,2024-12-12 06:35,QQQREP|S|v1.1.7-rep|P1/10/4,522.51,2310,1206998.1,-1111.11,-0.09,2.31,2770.85,0.23,-1109.95,-0.09,275783.94,1103.14,9
2225,Exit long,2024-12-13 07:40,STP,525.52,2286,1202893.2,-1556.77,-0.13,2.29,4982.34,0.41,-1555.62,-0.13,274227.2,1096.91,13
2225,Entry long,2024-12-13 06:35,QQQREP|L|v1.1.7-rep|P1/10/4,526.2,2286,1202893.2,-1556.77,-0.13,2.29,4982.34,0.41,-1555.62,-0.13,274227.2,1096.91,13
2226,Exit long,2024-12-16 12:55,EOD,533.35,2263,1196968.59,10000.2,0.84,2.26,12128.55,1.01,-1426.82,-0.12,284227.38,1136.91,76
2226,Entry long,2024-12-16 06:35,QQQREP|L|v1.1.7-rep|P1/10/4,528.93,2263,1196968.59,10000.2,0.84,2.26,12128.55,1.01,-1426.82,-0.12,284227.38,1136.91,76
2227,Exit short,2024-12-17 06:40,STP,531.62,2330,1236414.5,-2262.43,-0.18,2.33,1024.04,0.08,-2261.26,-0.18,281964.94,1127.86,1
2227,Entry short,2024-12-17 06:35,QQQREP|S|v1.1.7-rep|P1/10/4,530.65,2330,1236414.5,-2262.43,-0.18,2.33,1024.04,0.08,-2261.26,-0.18,281964.94,1127.86,1
2228,Exit short,2024-12-18 07:00,STP,530.84,1822,964202.4,-2989.9,-0.31,1.82,946.53,0.10,-2988.99,-0.31,278975.03,1115.90,5
2228,Entry short,2024-12-18 06:35,QQQREP|S|v1.1.7-rep|P1/10/4,529.2,1822,964202.4,-2989.9,-0.31,1.82,946.53,0.10,-2988.99,-0.31,278975.03,1115.90,5
2229,Exit short,2024-12-19 12:35,TGT,510.67,2354,1215793.92,13674.39,1.12,2.35,13675.56,1.12,-848.62,-0.07,292649.44,1170.60,72
2229,Entry short,2024-12-19 06:35,QQQREP|S|v1.1.7-rep|P1/10/4,516.48,2354,1215793.92,13674.39,1.12,2.35,13675.56,1.12,-848.62,-0.07,292649.44,1170.60,72
2230,Exit short,2024-12-20 06:35,STP,506.17,2512,1270494.24,-1007.31,-0.08,2.51,877.94,0.07,-1006.06,-0.08,291642.12,1166.57,0
2230,Entry short,2024-12-20 06:35,QQQREP|S|v1.1.7-rep|P1/10/4,505.77,2512,1270494.24,-1007.31,-0.08,2.51,877.94,0.07,-1006.06,-0.08,291642.12,1166.57,0
2231,Exit long,2024-12-23 06:40,STP,515.42,2453,1266385.78,-2062.97,-0.16,2.45,1691.34,0.13,-2061.75,-0.16,289579.16,1158.32,1
2231,Entry long,2024-12-23 06:35,QQQREP|L|v1.1.7-rep|P1/10/4,516.26,2453,1266385.78,-2062.97,-0.16,2.45,1691.34,0.13,-2061.75,-0.16,289579.16,1158.32,1
2232,Exit short,2024-12-24 06:35,STP,521.33,2415,1258045.95,-968.41,-0.08,2.42,602.54,0.05,-967.21,-0.08,288610.72,1154.44,0
2232,Entry short,2024-12-24 06:35,QQQREP|S|v1.1.7-rep|P1/10/4,520.93,2415,1258045.95,-968.41,-0.08,2.42,602.54,0.05,-967.21,-0.08,288610.72,1154.44,0
2233,Exit long,2024-12-26 06:45,STP,524.29,2389,1254081.66,-1555.24,-0.12,2.39,1551.66,0.12,-1554.04,-0.12,287055.5,1148.22,2
2233,Entry long,2024-12-26 06:35,QQQREP|L|v1.1.7-rep|P1/10/4,524.94,2389,1254081.66,-1555.24,-0.12,2.39,1551.66,0.12,-1554.04,-0.12,287055.5,1148.22,2
2234,Exit short,2024-12-27 12:55,EOD,518.72,1533,797957.16,2757.87,0.35,1.53,9963.73,1.25,-506.66,-0.06,289813.34,1159.25,76
2234,Entry short,2024-12-27 06:35,QQQREP|S|v1.1.7-rep|P1/10/4,520.52,1533,797957.16,2757.87,0.35,1.53,9963.73,1.25,-506.66,-0.06,289813.34,1159.25,76
2235,Exit short,2024-12-30 08:15,STP,511.84,2046,1044032.88,-3193.81,-0.31,2.05,4520.64,0.43,-3192.78,-0.31,286619.56,1146.48,20
2235,Entry short,2024-12-30 06:35,QQQREP|S|v1.1.7-rep|P1/10/4,510.28,2046,1044032.88,-3193.81,-0.31,2.05,4520.64,0.43,-3192.78,-0.31,286619.56,1146.48,20
2236,Exit long,2024-12-31 06:35,STP,512.55,2428,1246146.72,-1677.75,-0.13,2.43,702.91,0.06,-1676.53,-0.13,284941.8,1139.77,0
2236,Entry long,2024-12-31 06:35,QQQREP|L|v1.1.7-rep|P1/10/4,513.24,2428,1246146.72,-1677.75,-0.13,2.43,702.91,0.06,-1676.53,-0.13,284941.8,1139.77,0
2237,Exit short,2025-01-02 06:50,STP,511.12,1248,634782.72,-3096.29,-0.49,1.25,2982.1,0.47,-3095.66,-0.49,281845.5,1127.38,3
2237,Entry short,2025-01-02 06:35,QQQREP|S|v1.1.7-rep|P1/10/4,508.64,1248,634782.72,-3096.29,-0.49,1.25,2982.1,0.47,-3095.66,-0.49,281845.5,1127.38,3
2238,Exit long,2025-01-03 07:20,STP,509.17,2404,1227049.68,-3007.4,-0.25,2.4,6008.8,0.49,-3006.2,-0.24,278838.12,1115.35,9
2238,Entry long,2025-01-03 06:35,QQQREP|L|v1.1.7-rep|P1/10/4,510.42,2404,1227049.68,-3007.4,-0.25,2.4,6008.8,0.49,-3006.2,-0.24,278838.12,1115.35,9
2239,Exit long,2025-01-06 10:45,STP,519.88,2284,1190489.32,-3085.68,-0.26,2.28,6325.54,0.53,-3084.54,-0.26,275752.44,1103.01,50
2239,Entry long,2025-01-06 06:35,QQQREP|L|v1.1.7-rep|P1/10/4,521.23,2284,1190489.32,-3085.68,-0.26,2.28,6325.54,0.53,-3084.54,-0.26,275752.44,1103.01,50
2240,Exit short,2025-01-07 12:55,EOD,511.29,2133,1110802.41,20218.71,1.82,2.13,24059.17,2.17,-2198.06,-0.20,295971.12,1183.88,76
2240,Entry short,2025-01-07 06:35,QQQREP|S|v1.1.7-rep|P1/10/4,520.77,2133,1110802.41,20218.71,1.82,2.13,24059.17,2.17,-2198.06,-0.20,295971.12,1183.88,76
2241,Exit long,2025-01-08 06:35,STP,510.39,2509,1283905.48,-3339.48,-0.26,2.51,626,0.05,-3338.22,-0.26,292631.66,1170.53,0
2241,Entry long,2025-01-08 06:35,QQQREP|L|v1.1.7-rep|P1/10/4,511.72,2509,1283905.48,-3339.48,-0.26,2.51,626,0.05,-3338.22,-0.26,292631.66,1170.53,0
2242,Exit short,2025-01-10 12:55,EOD,503.47,2506,1270316.46,8618.13,0.68,2.51,16814.01,1.32,-1003.65,-0.08,301249.78,1205.00,76
2242,Entry short,2025-01-10 06:35,QQQREP|S|v1.1.7-rep|P1/10/4,506.91,2506,1270316.46,8618.13,0.68,2.51,16814.01,1.32,-1003.65,-0.08,301249.78,1205.00,76
2243,Exit long,2025-01-15 06:35,STP,508.58,2560,1304601.6,-2639.36,-0.20,2.56,357.12,0.03,-2638.08,-0.20,298610.44,1194.44,0
2243,Entry long,2025-01-15 06:35,QQQREP|L|v1.1.7-rep|P1/10/4,509.61,2560,1304601.6,-2639.36,-0.20,2.56,357.12,0.03,-2638.08,-0.20,298610.44,1194.44,0
2244,Exit short,2025-01-16 12:55,EOD,509.3,1862,956248.72,7930.26,0.83,1.86,8191.87,0.86,-2067.75,-0.22,306540.7,1226.16,76
2244,Entry short,2025-01-16 06:35,QQQREP|S|v1.1.7-rep|P1/10/4,513.56,1862,956248.72,7930.26,0.83,1.86,8191.87,0.86,-2067.75,-0.22,306540.7,1226.16,76
2245,Exit short,2025-01-17 10:10,STP,519.18,1380,713322,-3147.78,-0.44,1.38,2497.11,0.35,-3147.09,-0.44,303392.9,1213.57,43
2245,Entry short,2025-01-17 06:35,QQQREP|S|v1.1.7-rep|P1/10/4,516.9,1380,713322,-3147.78,-0.44,1.38,2497.11,0.35,-3147.09,-0.44,303392.9,1213.57,43
2246,Exit short,2025-01-21 09:40,STP,520.82,2525,1313479.75,-1593.27,-0.12,2.53,10022.99,0.76,-1592.01,-0.12,301799.62,1207.20,37
2246,Entry short,2025-01-21 06:35,QQQREP|S|v1.1.7-rep|P1/10/4,520.19,2525,1313479.75,-1593.27,-0.12,2.53,10022.99,0.76,-1592.01,-0.12,301799.62,1207.20,37
2247,Exit long,2025-01-22 12:55,EOD,527.58,2385,1256298.75,1977.17,0.16,2.38,7487.71,0.60,-1933.04,-0.15,303776.8,1215.11,76
2247,Entry long,2025-01-22 06:35,QQQREP|L|v1.1.7-rep|P1/10/4,526.75,2385,1256298.75,1977.17,0.16,2.38,7487.71,0.60,-1933.04,-0.15,303776.8,1215.11,76
2248,Exit long,2025-01-23 12:55,EOD,528.79,2503,1314800.87,8758,0.67,2.5,8809.31,0.67,-1678.26,-0.13,312534.78,1250.14,76
2248,Entry long,2025-01-23 06:35,QQQREP|L|v1.1.7-rep|P1/10/4,525.29,2503,1314800.87,8758,0.67,2.5,8809.31,0.67,-1678.26,-0.13,312534.78,1250.14,76
2249,Exit short,2025-01-24 06:45,STP,529.23,2554,1349712.38,-1943.59,-0.14,2.55,1275.72,0.09,-1942.32,-0.14,310591.2,1242.36,2
2249,Entry short,2025-01-24 06:35,QQQREP|S|v1.1.7-rep|P1/10/4,528.47,2554,1349712.38,-1943.59,-0.14,2.55,1275.72,0.09,-1942.32,-0.14,310591.2,1242.36,2
2250,Exit long,2025-01-27 11:50,STP,506.74,1069,545051.03,-3347.04,-0.61,1.07,4596.17,0.84,-3346.5,-0.61,307244.16,1228.98,63
2250,Entry long,2025-01-27 06:35,QQQREP|L|v1.1.7-rep|P1/10/4,509.87,1069,545051.03,-3347.04,-0.61,1.07,4596.17,0.84,-3346.5,-0.61,307244.16,1228.98,63
2251,Exit short,2025-01-28 07:00,STP,511.82,2357,1202965.66,-3396.44,-0.28,2.36,5608.48,0.47,-3395.26,-0.28,303847.72,1215.39,5
2251,Entry short,2025-01-28 06:35,QQQREP|S|v1.1.7-rep|P1/10/4,510.38,2357,1202965.66,-3396.44,-0.28,2.36,5608.48,0.47,-3395.26,-0.28,303847.72,1215.39,5
2252,Exit short,2025-01-29 12:55,EOD,517.05,1971,1019223.81,116.29,0.01,1.97,7922.43,0.78,-2957.49,-0.29,303964,1215.86,76
2252,Entry short,2025-01-29 06:35,QQQREP|S|v1.1.7-rep|P1/10/4,517.11,1971,1019223.81,116.29,0.01,1.97,7922.43,0.78,-2957.49,-0.29,303964,1215.86,76
2253,Exit short,2025-01-30 06:45,STP,520.28,2534,1315475.42,-2916.63,-0.22,2.53,1341.75,0.10,-2915.37,-0.22,301047.38,1204.19,2
2253,Entry short,2025-01-30 06:35,QQQREP|S|v1.1.7-rep|P1/10/4,519.13,2534,1315475.42,-2916.63,-0.22,2.53,1341.75,0.10,-2915.37,-0.22,301047.38,1204.19,2
2254,Exit long,2025-01-31 06:35,STP,522.84,2489,1304061.77,-2715.5,-0.21,2.49,546.34,0.04,-2714.25,-0.21,298331.88,1193.33,0
2254,Entry long,2025-01-31 06:35,QQQREP|L|v1.1.7-rep|P1/10/4,523.93,2489,1304061.77,-2715.5,-0.21,2.49,546.34,0.04,-2714.25,-0.21,298331.88,1193.33,0
2255,Exit long,2025-02-03 06:50,STP,508.79,2536,1293081.04,-2792.14,-0.22,2.54,5400.41,0.42,-2790.87,-0.22,295539.75,1182.16,3
2255,Entry long,2025-02-03 06:35,QQQREP|L|v1.1.7-rep|P1/10/4,509.89,2536,1293081.04,-2792.14,-0.22,2.54,5400.41,0.42,-2790.87,-0.22,295539.75,1182.16,3
2256,Exit long,2025-02-04 12:55,EOD,520.67,2487,1282023.63,12880.17,1.00,2.49,14249.27,1.11,-473.77,-0.04,308419.9,1233.68,76
2256,Entry long,2025-02-04 06:35,QQQREP|L|v1.1.7-rep|P1/10/4,515.49,2487,1282023.63,12880.17,1.00,2.49,14249.27,1.11,-473.77,-0.04,308419.9,1233.68,76
2257,Exit short,2025-02-05 06:35,STP,518.21,2575,1333386.5,-1006.82,-0.08,2.58,178.96,0.01,-1005.54,-0.08,307413.1,1229.65,0
2257,Entry short,2025-02-05 06:35,QQQREP|S|v1.1.7-rep|P1/10/4,517.82,2575,1333386.5,-1006.82,-0.08,2.58,178.96,0.01,-1005.54,-0.08,307413.1,1229.65,0
2258,Exit short,2025-02-06 06:40,STP,523.53,2542,1329643.94,-1171.86,-0.09,2.54,786.75,0.06,-1170.59,-0.09,306241.22,1224.96,1
2258,Entry short,2025-02-06 06:35,QQQREP|S|v1.1.7-rep|P1/10/4,523.07,2542,1329643.94,-1171.86,-0.09,2.54,786.75,0.06,-1170.59,-0.09,306241.22,1224.96,1
2259,Exit long,2025-02-07 07:00,STP,525.85,1885,994620.25,-3394.88,-0.34,1.89,960.41,0.10,-3393.94,-0.34,302846.34,1211.39,5
2259,Entry long,2025-02-07 06:35,QQQREP|L|v1.1.7-rep|P1/10/4,527.65,1885,994620.25,-3394.88,-0.34,1.89,960.41,0.10,-3393.94,-0.34,302846.34,1211.39,5
2260,Exit short,2025-02-10 06:35,STP,523.71,2507,1311261.28,-1682.2,-0.13,2.51,0,0.00,-1680.94,-0.13,301164.16,1204.66,0
2260,Entry short,2025-02-10 06:35,QQQREP|S|v1.1.7-rep|P1/10/4,523.04,2507,1311261.28,-1682.2,-0.13,2.51,0,0.00,-1680.94,-0.13,301164.16,1204.66,0
2261,Exit long,2025-02-11 12:55,EOD,524.07,1856,972061.44,610.62,0.06,1.86,4175.07,0.43,-2692.13,-0.28,301774.78,1207.10,76
2261,Entry long,2025-02-11 06:35,QQQREP|L|v1.1.7-rep|P1/10/4,523.74,1856,972061.44,610.62,0.06,1.86,4175.07,0.43,-2692.13,-0.28,301774.78,1207.10,76
2262,Exit long,2025-02-12 12:55,EOD,524.41,2475,1285515,12397.28,0.96,2.48,14527.01,1.13,-1065.49,-0.08,314172.06,1256.69,76
2262,Entry long,2025-02-12 06:35,QQQREP|L|v1.1.7-rep|P1/10/4,519.4,2475,1285515,12397.28,0.96,2.48,14527.01,1.13,-1065.49,-0.08,314172.06,1256.69,76
2263,Exit long,2025-02-13 06:35,STP,525.95,1930,1018654,-3572.43,-0.35,1.93,481.54,0.05,-3571.46,-0.35,310599.62,1242.40,0
2263,Entry long,2025-02-13 06:35,QQQREP|L|v1.1.7-rep|P1/10/4,527.8,1930,1018654,-3572.43,-0.35,1.93,481.54,0.05,-3571.46,-0.35,310599.62,1242.40,0
2264,Exit long,2025-02-14 06:35,STP,531.85,2522,1342384.94,-1061.76,-0.08,2.52,99.62,0.01,-1060.5,-0.08,309537.84,1238.15,0
2264,Entry long,2025-02-14 06:35,QQQREP|L|v1.1.7-rep|P1/10/4,532.27,2522,1342384.94,-1061.76,-0.08,2.52,99.62,0.01,-1060.5,-0.08,309537.84,1238.15,0
2265,Exit short,2025-02-18 12:55,EOD,535.33,2498,1337978.76,721.92,0.05,2.5,8841.67,0.66,-350.97,-0.03,310259.78,1241.04,76
2265,Entry short,2025-02-18 06:35,QQQREP|S|v1.1.7-rep|P1/10/4,535.62,2498,1337978.76,721.92,0.05,2.5,8841.67,0.66,-350.97,-0.03,310259.78,1241.04,76
2266,Exit short,2025-02-19 06:35,STP,534.7,2509,1340809.6,-755.21,-0.06,2.51,701.27,0.05,-753.95,-0.06,309504.56,1238.02,0
2266,Entry short,2025-02-19 06:35,QQQREP|S|v1.1.7-rep|P1/10/4,534.4,2509,1340809.6,-755.21,-0.06,2.51,701.27,0.05,-753.95,-0.06,309504.56,1238.02,0
2267,Exit short,2025-02-20 12:55,EOD,533.21,2506,1338229.06,2002.29,0.15,2.51,13731.63,1.03,-2081.23,-0.16,311506.88,1246.03,76
2267,Entry short,2025-02-20 06:35,QQQREP|S|v1.1.7-rep|P1/10/4,534.01,2506,1338229.06,2002.29,0.15,2.51,13731.63,1.03,-2081.23,-0.16,311506.88,1246.03,76
2268,Exit short,2025-02-21 10:05,TGT,525.48,2522,1345739.2,20476.12,1.52,2.52,20477.38,1.52,-1312.7,-0.10,331982.97,1327.93,42
2268,Entry short,2025-02-21 06:35,QQQREP|S|v1.1.7-rep|P1/10/4,533.6,2522,1345739.2,20476.12,1.52,2.52,20477.38,1.52,-1312.7,-0.10,331982.97,1327.93,42
2269,Exit short,2025-02-24 12:55,EOD,515.97,2397,1255189.05,18406.56,1.47,2.4,19054.95,1.52,-384.72,-0.03,350389.53,1401.56,76
2269,Entry short,2025-02-24 06:35,QQQREP|S|v1.1.7-rep|P1/10/4,523.65,2397,1255189.05,18406.56,1.47,2.4,19054.95,1.52,-384.72,-0.03,350389.53,1401.56,76
2270,Exit short,2025-02-25 06:35,STP,515.41,2919,1501241.7,-3243.01,-0.22,2.92,1574.8,0.10,-3241.55,-0.22,347146.53,1388.59,0
2270,Entry short,2025-02-25 06:35,QQQREP|S|v1.1.7-rep|P1/10/4,514.3,2919,1501241.7,-3243.01,-0.22,2.92,1574.8,0.10,-3241.55,-0.22,347146.53,1388.59,0
2271,Exit short,2025-02-26 06:35,STP,511.81,2912,1488032,-2361.63,-0.16,2.91,1192.46,0.08,-2360.18,-0.16,344784.9,1379.14,0
2271,Entry short,2025-02-26 06:35,QQQREP|S|v1.1.7-rep|P1/10/4,511,2912,1488032,-2361.63,-0.16,2.91,1192.46,0.08,-2360.18,-0.16,344784.9,1379.14,0
2272,Exit long,2025-02-27 06:35,STP,513.83,2874,1478471.82,-1727.27,-0.12,2.87,2297.76,0.16,-1725.84,-0.12,343057.62,1372.23,0
2272,Entry long,2025-02-27 06:35,QQQREP|L|v1.1.7-rep|P1/10/4,514.43,2874,1478471.82,-1727.27,-0.12,2.87,2297.76,0.16,-1725.84,-0.12,343057.62,1372.23,0
2273,Exit short,2025-02-28 06:35,STP,496.48,1196,590106.4,-3684.88,-0.62,1.2,0,0.00,-3684.28,-0.62,339372.75,1357.49,0
2273,Entry short,2025-02-28 06:35,QQQREP|S|v1.1.7-rep|P1/10/4,493.4,1196,590106.4,-3684.88,-0.62,1.2,0,0.00,-3684.28,-0.62,339372.75,1357.49,0
2274,Exit long,2025-03-03 06:35,STP,506.91,2353,1196476.97,-3720.09,-0.31,2.35,704.72,0.06,-3718.92,-0.31,335652.66,1342.61,0
2274,Entry long,2025-03-03 06:35,QQQREP|L|v1.1.7-rep|P1/10/4,508.49,2353,1196476.97,-3720.09,-0.31,2.35,704.72,0.06,-3718.92,-0.31,335652.66,1342.61,0
2275,Exit short,2025-03-04 06:35,STP,491.05,2773,1358187.67,-3496.75,-0.26,2.77,636.4,0.05,-3495.37,-0.26,332155.9,1328.62,0
2275,Entry short,2025-03-04 06:35,QQQREP|S|v1.1.7-rep|P1/10/4,489.79,2773,1358187.67,-3496.75,-0.26,2.77,636.4,0.05,-3495.37,-0.26,332155.9,1328.62,0
2276,Exit short,2025-03-05 06:40,STP,493.13,2901,1428481.41,-2091.62,-0.15,2.9,7106,0.50,-2090.17,-0.15,330064.28,1320.26,1
2276,Entry short,2025-03-05 06:35,QQQREP|S|v1.1.7-rep|P1/10/4,492.41,2901,1428481.41,-2091.62,-0.15,2.9,7106,0.50,-2090.17,-0.15,330064.28,1320.26,1
2277,Exit short,2025-03-06 06:35,STP,490.08,2902,1419774.48,-2440.58,-0.17,2.9,0,0.00,-2439.13,-0.17,327623.7,1310.49,0
2277,Entry short,2025-03-06 06:35,QQQREP|S|v1.1.7-rep|P1/10/4,489.24,2902,1419774.48,-2440.58,-0.17,2.9,0,0.00,-2439.13,-0.17,327623.7,1310.49,0
2278,Exit long,2025-03-07 07:30,STP,483.32,1951,946527.65,-3572.28,-0.38,1.95,6573.89,0.69,-3571.31,-0.38,324051.44,1296.21,11
2278,Entry long,2025-03-07 06:35,QQQREP|L|v1.1.7-rep|P1/10/4,485.15,1951,946527.65,-3572.28,-0.38,1.95,6573.89,0.69,-3571.31,-0.38,324051.44,1296.21,11
2279,Exit short,2025-03-10 06:40,STP,480.29,1822,871644.8,-3445.4,-0.40,1.82,545.69,0.06,-3444.49,-0.40,320606.03,1282.42,1
2279,Entry short,2025-03-10 06:35,QQQREP|S|v1.1.7-rep|P1/10/4,478.4,1822,871644.8,-3445.4,-0.40,1.82,545.69,0.06,-3444.49,-0.40,320606.03,1282.42,1
2280,Exit long,2025-03-11 07:00,STP,468.01,2948,1382287.72,-2597.19,-0.19,2.95,13736.21,0.99,-2595.71,-0.19,318008.84,1272.04,5
2280,Entry long,2025-03-11 06:35,QQQREP|L|v1.1.7-rep|P1/10/4,468.89,2948,1382287.72,-2597.19,-0.19,2.95,13736.21,0.99,-2595.71,-0.19,318008.84,1272.04,5
2281,Exit long,2025-03-12 06:40,STP,475.03,2288,1090369.28,-3502.93,-0.32,2.29,2172.46,0.20,-3501.78,-0.32,314505.9,1258.02,1
2281,Entry long,2025-03-12 06:35,QQQREP|L|v1.1.7-rep|P1/10/4,476.56,2288,1090369.28,-3502.93,-0.32,2.29,2172.46,0.20,-3501.78,-0.32,314505.9,1258.02,1
2282,Exit short,2025-03-13 06:50,TGT,469.61,2874,1358022.48,8360.47,0.62,2.87,8361.9,0.62,-288.84,-0.02,322866.38,1291.47,3
2282,Entry short,2025-03-13 06:35,QQQREP|S|v1.1.7-rep|P1/10/4,472.52,2874,1358022.48,8360.47,0.62,2.87,8361.9,0.62,-288.84,-0.02,322866.38,1291.47,3
2283,Exit long,2025-03-14 07:00,STP,469.95,1684,794881.68,-3487.56,-0.44,1.68,3299.8,0.42,-3486.72,-0.44,319378.8,1277.52,5
2283,Entry long,2025-03-14 06:35,QQQREP|L|v1.1.7-rep|P1/10/4,472.02,1684,794881.68,-3487.56,-0.44,1.68,3299.8,0.42,-3486.72,-0.44,319378.8,1277.52,5
2284,Exit long,2025-03-17 07:35,STP,475.63,1960,935664.8,-3431.96,-0.37,1.96,4311.02,0.46,-3430.98,-0.37,315946.84,1263.79,12
2284,Entry long,2025-03-17 06:35,QQQREP|L|v1.1.7-rep|P1/10/4,477.38,1960,935664.8,-3431.96,-0.37,1.96,4311.02,0.46,-3430.98,-0.37,315946.84,1263.79,12
2285,Exit short,2025-03-18 12:55,EOD,471.21,2507,1189797.13,8471.15,0.71,2.51,14213.44,1.19,-1.25,0.00,324418,1297.67,76
2285,Entry short,2025-03-18 06:35,QQQREP|S|v1.1.7-rep|P1/10/4,474.59,2507,1189797.13,8471.15,0.71,2.51,14213.44,1.19,-1.25,0.00,324418,1297.67,76
2286,Exit short,2025-03-19 06:50,STP,473.94,2955,1397271.75,-3223.9,-0.23,2.96,4431.02,0.32,-3222.43,-0.23,321194.1,1284.78,3
2286,Entry short,2025-03-19 06:35,QQQREP|S|v1.1.7-rep|P1/10/4,472.85,2955,1397271.75,-3223.9,-0.23,2.96,4431.02,0.32,-3222.43,-0.23,321194.1,1284.78,3
2287,Exit long,2025-03-20 12:55,EOD,475.8,1331,632571.06,717.41,0.11,1.33,7586.03,1.20,-2050.41,-0.32,321911.5,1287.65,76
2287,Entry long,2025-03-20 06:35,QQQREP|L|v1.1.7-rep|P1/10/4,475.26,1331,632571.06,717.41,0.11,1.33,7586.03,1.20,-2050.41,-0.32,321911.5,1287.65,76
2288,Exit short,2025-03-21 06:45,STP,471.89,2608,1227324.8,-3366.93,-0.27,2.61,3102.22,0.25,-3365.62,-0.27,318544.56,1274.18,2
2288,Entry short,2025-03-21 06:35,QQQREP|S|v1.1.7-rep|P1/10/4,470.6,2608,1227324.8,-3366.93,-0.27,2.61,3102.22,0.25,-3365.62,-0.27,318544.56,1274.18,2
2289,Exit short,2025-03-24 06:35,STP,485.29,2837,1374129.32,-2641.25,-0.19,2.84,310.65,0.02,-2639.83,-0.19,315903.3,1263.61,0
2289,Entry short,2025-03-24 06:35,QQQREP|S|v1.1.7-rep|P1/10/4,484.36,2837,1374129.32,-2641.25,-0.19,2.84,310.65,0.02,-2639.83,-0.19,315903.3,1263.61,0
2290,Exit long,2025-03-25 06:35,STP,488.12,2791,1363236.04,-895.91,-0.07,2.79,361.43,0.03,-894.52,-0.07,315007.4,1260.03,0
2290,Entry long,2025-03-25 06:35,QQQREP|L|v1.1.7-rep|P1/10/4,488.44,2791,1363236.04,-895.91,-0.07,2.79,361.43,0.03,-894.52,-0.07,315007.4,1260.03,0
2291,Exit short,2025-03-26 06:35,STP,489.91,2780,1359892.6,-2059.98,-0.15,2.78,0,0.00,-2058.59,-0.15,312947.44,1251.79,0
2291,Entry short,2025-03-26 06:35,QQQREP|S|v1.1.7-rep|P1/10/4,489.17,2780,1359892.6,-2059.98,-0.15,2.78,0,0.00,-2058.59,-0.15,312947.44,1251.79,0
2292,Exit short,2025-03-27 06:50,STP,480.55,1965,940920.6,-3362.11,-0.36,1.97,2808.97,0.30,-3361.13,-0.36,309585.3,1238.34,3
2292,Entry short,2025-03-27 06:35,QQQREP|S|v1.1.7-rep|P1/10/4,478.84,1965,940920.6,-3362.11,-0.36,1.97,2808.97,0.30,-3361.13,-0.36,309585.3,1238.34,3
2293,Exit short,2025-03-28 06:35,STP,477.08,2812,1338287.04,-3264.73,-0.24,2.81,392.27,0.03,-3263.33,-0.24,306320.6,1225.28,0
2293,Entry short,2025-03-28 06:35,QQQREP|S|v1.1.7-rep|P1/10/4,475.92,2812,1338287.04,-3264.73,-0.24,2.81,392.27,0.03,-3263.33,-0.24,306320.6,1225.28,0
2294,Exit short,2025-03-31 08:20,STP,459.8,865,394431.35,-3296.51,-0.84,0.87,1167.32,0.30,-3296.08,-0.84,303024.06,1212.10,21
2294,Entry short,2025-03-31 06:35,QQQREP|S|v1.1.7-rep|P1/10/4,455.99,865,394431.35,-3296.51,-0.84,0.87,1167.32,0.30,-3296.08,-0.84,303024.06,1212.10,21
2295,Exit short,2025-04-01 06:45,STP,465.76,2170,1007400.8,-3300.57,-0.33,2.17,1561.32,0.15,-3299.48,-0.33,299723.5,1198.89,2
2295,Entry short,2025-04-01 06:35,QQQREP|S|v1.1.7-rep|P1/10/4,464.24,2170,1007400.8,-3300.57,-0.33,2.17,1561.32,0.15,-3299.48,-0.33,299723.5,1198.89,2
2296,Exit long,2025-04-02 12:55,EOD,473.37,1361,633545.5,10709.71,1.69,1.36,15269.74,2.41,-150.39,-0.02,310433.22,1241.73,76
2296,Entry long,2025-04-02 06:35,QQQREP|L|v1.1.7-rep|P1/10/4,465.5,1361,633545.5,10709.71,1.69,1.36,15269.74,2.41,-150.39,-0.02,310433.22,1241.73,76
2297,Exit long,2025-04-03 07:00,STP,453.41,983,449093.38,-3392.33,-0.76,0.98,481.18,0.11,-3391.84,-0.76,307040.88,1228.16,5
2297,Entry long,2025-04-03 06:35,QQQREP|L|v1.1.7-rep|P1/10/4,456.86,983,449093.38,-3392.33,-0.76,0.98,481.18,0.11,-3391.84,-0.76,307040.88,1228.16,5
2298,Exit long,2025-04-04 06:35,STP,434.12,2168,944662.64,-3492.65,-0.37,2.17,909.48,0.10,-3491.56,-0.37,303548.22,1214.19,0
2298,Entry long,2025-04-04 06:35,QQQREP|L|v1.1.7-rep|P1/10/4,435.73,2168,944662.64,-3492.65,-0.37,2.17,909.48,0.10,-3491.56,-0.37,303548.22,1214.19,0
2299,Exit short,2025-04-07 06:50,STP,407.58,1652,670067.72,-3256.09,-0.49,1.65,9250.37,1.38,-3255.27,-0.49,300292.16,1201.17,3
2299,Entry short,2025-04-07 06:35,QQQREP|S|v1.1.7-rep|P1/10/4,405.61,1652,670067.72,-3256.09,-0.49,1.65,9250.37,1.38,-3255.27,-0.49,300292.16,1201.17,3
2300,Exit long,2025-04-08 06:35,STP,434.64,2304,1004567.04,-3158.78,-0.31,2.3,1496.45,0.15,-3157.63,-0.31,297133.34,1188.53,0
2300,Entry long,2025-04-08 06:35,QQQREP|L|v1.1.7-rep|P1/10/4,436.01,2304,1004567.04,-3158.78,-0.31,2.3,1496.45,0.15,-3157.63,-0.31,297133.34,1188.53,0
2301,Exit long,2025-04-09 10:15,TGT,431.08,2000,829240,32918,3.97,2,32919,3.97,-2961,-0.36,330051.34,1320.21,44
2301,Entry long,2025-04-09 06:35,QQQREP|L|v1.1.7-rep|P1/10/4,414.62,2000,829240,32918,3.97,2,32919,3.97,-2961,-0.36,330051.34,1320.21,44
2302,Exit long,2025-04-10 06:35,STP,449.78,1879,848593.98,-3459.24,-0.41,1.88,1652.58,0.19,-3458.3,-0.41,326592.12,1306.37,0
2302,Entry long,2025-04-10 06:35,QQQREP|L|v1.1.7-rep|P1/10/4,451.62,1879,848593.98,-3459.24,-0.41,1.88,1652.58,0.19,-3458.3,-0.41,326592.12,1306.37,0
2303,Exit long,2025-04-11 07:20,STP,440.6,2311,1021508.22,-3283.93,-0.32,2.31,13217.77,1.29,-3282.78,-0.32,323308.2,1293.23,9
2303,Entry long,2025-04-11 06:35,QQQREP|L|v1.1.7-rep|P1/10/4,442.02,2311,1021508.22,-3283.93,-0.32,2.31,13217.77,1.29,-3282.78,-0.32,323308.2,1293.23,9
2304,Exit short,2025-04-14 12:55,EOD,454.71,2085,960288.45,12216.02,1.27,2.09,22141.66,2.31,-501.44,-0.05,335524.2,1342.10,76
2304,Entry short,2025-04-14 06:35,QQQREP|S|v1.1.7-rep|P1/10/4,460.57,2085,960288.45,12216.02,1.27,2.09,22141.66,2.31,-501.44,-0.05,335524.2,1342.10,76
2305,Exit long,2025-04-15 07:15,STP,455.45,3158,1441595.42,-3287.48,-0.23,3.16,9914.54,0.69,-3285.9,-0.23,332236.72,1328.95,8
2305,Entry long,2025-04-15 06:35,QQQREP|L|v1.1.7-rep|P1/10/4,456.49,3158,1441595.42,-3287.48,-0.23,3.16,9914.54,0.69,-3285.9,-0.23,332236.72,1328.95,8
2306,Exit long,2025-04-16 06:50,STP,446.06,2852,1275642.56,-3482.29,-0.27,2.85,3905.81,0.31,-3480.87,-0.27,328754.44,1315.02,3
2306,Entry long,2025-04-16 06:35,QQQREP|L|v1.1.7-rep|P1/10/4,447.28,2852,1275642.56,-3482.29,-0.27,2.85,3905.81,0.31,-3480.87,-0.27,328754.44,1315.02,3
2307,Exit short,2025-04-17 11:10,STP,444.74,1495,661612.25,-3275.54,-0.50,1.5,5680.25,0.86,-3274.8,-0.49,325478.88,1301.92,55
2307,Entry short,2025-04-17 06:35,QQQREP|S|v1.1.7-rep|P1/10/4,442.55,1495,661612.25,-3275.54,-0.50,1.5,5680.25,0.86,-3274.8,-0.49,325478.88,1301.92,55
2308,Exit long,2025-04-21 06:35,STP,435.52,3214,1401978.94,-2220.87,-0.16,3.21,416.21,0.03,-2219.27,-0.16,323258,1293.03,0
2308,Entry long,2025-04-21 06:35,QQQREP|L|v1.1.7-rep|P1/10/4,436.21,3214,1401978.94,-2220.87,-0.16,3.21,416.21,0.03,-2219.27,-0.16,323258,1293.03,0
2309,Exit short,2025-04-22 06:40,STP,436.44,3199,1392812.61,-3362.15,-0.24,3.2,1054.07,0.08,-3360.55,-0.24,319895.88,1279.58,1
2309,Entry short,2025-04-22 06:35,QQQREP|S|v1.1.7-rep|P1/10/4,435.39,3199,1392812.61,-3362.15,-0.24,3.2,1054.07,0.08,-3360.55,-0.24,319895.88,1279.58,1
2310,Exit long,2025-04-23 06:35,STP,455.29,3022,1379331.46,-3448.1,-0.25,3.02,0,0.00,-3446.59,-0.25,316447.75,1265.79,0
2310,Entry long,2025-04-23 06:35,QQQREP|L|v1.1.7-rep|P1/10/4,456.43,3022,1379331.46,-3448.1,-0.25,3.02,0,0.00,-3446.59,-0.25,316447.75,1265.79,0
2311,Exit long,2025-04-24 06:35,STP,453.18,3008,1365662.08,-2499.65,-0.18,3.01,1472.42,0.11,-2498.14,-0.18,313948.12,1255.79,0
2311,Entry long,2025-04-24 06:35,QQQREP|L|v1.1.7-rep|P1/10/4,454.01,3008,1365662.08,-2499.65,-0.18,3.01,1472.42,0.11,-2498.14,-0.18,313948.12,1255.79,0
2312,Exit long,2025-04-25 06:50,STP,463.14,1993,926565.63,-3529.6,-0.38,1.99,1593.4,0.17,-3528.61,-0.38,310418.5,1241.67,3
2312,Entry long,2025-04-25 06:35,QQQREP|L|v1.1.7-rep|P1/10/4,464.91,1993,926565.63,-3529.6,-0.38,1.99,1593.4,0.17,-3528.61,-0.38,310418.5,1241.67,3
2313,Exit short,2025-04-28 06:40,STP,470.81,1833,859585.35,-3411.21,-0.40,1.83,439,0.05,-3410.3,-0.40,307007.3,1228.03,1
2313,Entry short,2025-04-28 06:35,QQQREP|S|v1.1.7-rep|P1/10/4,468.95,1833,859585.35,-3411.21,-0.40,1.83,439,0.05,-3410.3,-0.40,307007.3,1228.03,1
2314,Exit long,2025-04-29 06:35,STP,466.97,2838,1327729.92,-2471.9,-0.19,2.84,83.72,0.01,-2470.48,-0.19,304535.4,1218.14,0
2314,Entry long,2025-04-29 06:35,QQQREP|L|v1.1.7-rep|P1/10/4,467.84,2838,1327729.92,-2471.9,-0.19,2.84,83.72,0.01,-2470.48,-0.19,304535.4,1218.14,0
2315,Exit short,2025-04-30 06:35,TGT,462.16,2839,1317920.58,5845.5,0.44,2.84,5846.92,0.44,-654.39,-0.05,310380.9,1241.52,0
2315,Entry short,2025-04-30 06:35,QQQREP|S|v1.1.7-rep|P1/10/4,464.22,2839,1317920.58,5845.5,0.44,2.84,5846.92,0.44,-654.39,-0.05,310380.9,1241.52,0
2316,Exit short,2025-05-01 06:50,STP,481.03,2795,1340929.2,-3552.44,-0.26,2.8,3184.9,0.24,-3551.05,-0.26,306828.47,1227.31,3
2316,Entry short,2025-05-01 06:35,QQQREP|S|v1.1.7-rep|P1/10/4,479.76,2795,1340929.2,-3552.44,-0.26,2.8,3184.9,0.24,-3551.05,-0.26,306828.47,1227.31,3
2317,Exit short,2025-05-02 07:00,STP,484.73,2744,1326970.96,-3130.9,-0.24,2.74,4443.91,0.33,-3129.53,-0.24,303697.56,1214.79,5
2317,Entry short,2025-05-02 06:35,QQQREP|S|v1.1.7-rep|P1/10/4,483.59,2744,1326970.96,-3130.9,-0.24,2.74,4443.91,0.33,-3129.53,-0.24,303697.56,1214.79,5
2318,Exit long,2025-05-05 06:40,STP,481.37,2726,1314749.8,-2537.91,-0.19,2.73,1579.72,0.12,-2536.54,-0.19,301159.66,1204.64,1
2318,Entry long,2025-05-05 06:35,QQQREP|L|v1.1.7-rep|P1/10/4,482.3,2726,1314749.8,-2537.91,-0.19,2.73,1579.72,0.12,-2536.54,-0.19,301159.66,1204.64,1
2319,Exit long,2025-05-06 06:50,STP,476.32,2448,1169262.72,-3233.81,-0.28,2.45,1761.34,0.15,-3232.58,-0.28,297925.84,1191.70,3
2319,Entry long,2025-05-06 06:35,QQQREP|L|v1.1.7-rep|P1/10/4,477.64,2448,1169262.72,-3233.81,-0.28,2.45,1761.34,0.15,-3232.58,-0.28,297925.84,1191.70,3
2320,Exit short,2025-05-07 06:40,STP,479.75,2696,1291977.12,-1431.58,-0.11,2.7,1912.81,0.15,-1430.23,-0.11,296494.25,1185.98,1
2320,Entry short,2025-05-07 06:35,QQQREP|S|v1.1.7-rep|P1/10/4,479.22,2696,1291977.12,-1431.58,-0.11,2.7,1912.81,0.15,-1430.23,-0.11,296494.25,1185.98,1
2321,Exit short,2025-05-08 08:25,STP,485.86,2310,1119010.2,-3328.71,-0.30,2.31,7136.75,0.64,-3327.55,-0.30,293165.56,1172.66,22
2321,Entry short,2025-05-08 06:35,QQQREP|S|v1.1.7-rep|P1/10/4,484.42,2310,1119010.2,-3328.71,-0.30,2.31,7136.75,0.64,-3327.55,-0.30,293165.56,1172.66,22
2322,Exit long,2025-05-09 06:40,STP,487.29,2607,1272685.26,-2322.84,-0.18,2.61,1145.78,0.09,-2321.53,-0.18,290842.72,1163.37,1
2322,Entry long,2025-05-09 06:35,QQQREP|L|v1.1.7-rep|P1/10/4,488.18,2607,1272685.26,-2322.84,-0.18,2.61,1145.78,0.09,-2321.53,-0.18,290842.72,1163.37,1
2323,Exit short,2025-05-12 10:05,STP,504.06,1126,564463.8,-3108.89,-0.55,1.13,3107.2,0.55,-3108.32,-0.55,287733.84,1150.94,42
2323,Entry short,2025-05-12 06:35,QQQREP|S|v1.1.7-rep|P1/10/4,501.3,1126,564463.8,-3108.89,-0.55,1.13,3107.2,0.55,-3108.32,-0.55,287733.84,1150.94,42
2324,Exit long,2025-05-13 12:55,EOD,512.54,2003,1015500.97,11114.65,1.09,2,14680.99,1.45,-61.09,-0.01,298848.47,1195.39,76
2324,Entry long,2025-05-13 06:35,QQQREP|L|v1.1.7-rep|P1/10/4,506.99,2003,1015500.97,11114.65,1.09,2,14680.99,1.45,-61.09,-0.01,298848.47,1195.39,76
2325,Exit long,2025-05-14 06:45,STP,513.66,1670,861118.8,-3308.27,-0.38,1.67,349.87,0.04,-3307.43,-0.38,295540.22,1182.16,2
2325,Entry long,2025-05-14 06:35,QQQREP|L|v1.1.7-rep|P1/10/4,515.64,1670,861118.8,-3308.27,-0.38,1.67,349.87,0.04,-3307.43,-0.38,295540.22,1182.16,2
2326,Exit long,2025-05-15 06:40,STP,512.96,2493,1281800.88,-2994.09,-0.23,2.49,422.56,0.03,-2992.85,-0.23,292546.12,1170.18,1
2326,Entry long,2025-05-15 06:35,QQQREP|L|v1.1.7-rep|P1/10/4,514.16,2493,1281800.88,-2994.09,-0.23,2.49,422.56,0.03,-2992.85,-0.23,292546.12,1170.18,1
2327,Exit short,2025-05-16 10:30,STP,517.65,2458,1269925.7,-2460.46,-0.19,2.46,6414.15,0.51,-2459.23,-0.19,290085.66,1160.34,47
2327,Entry short,2025-05-16 06:35,QQQREP|S|v1.1.7-rep|P1/10/4,516.65,2458,1269925.7,-2460.46,-0.19,2.46,6414.15,0.51,-2459.23,-0.19,290085.66,1160.34,47
2328,Exit long,2025-05-19 12:55,EOD,518.92,2459,1259721.11,16300.71,1.29,2.46,17580.62,1.40,-566.8,-0.04,306386.38,1225.55,76
2328,Entry long,2025-05-19 06:35,QQQREP|L|v1.1.7-rep|P1/10/4,512.29,2459,1259721.11,16300.71,1.29,2.46,17580.62,1.40,-566.8,-0.04,306386.38,1225.55,76
2329,Exit long,2025-05-20 06:35,STP,516.26,2565,1325027.7,-823.36,-0.06,2.57,665.62,0.05,-822.08,-0.06,305563,1222.25,0
2329,Entry long,2025-05-20 06:35,QQQREP|L|v1.1.7-rep|P1/10/4,516.58,2565,1325027.7,-823.36,-0.06,2.57,665.62,0.05,-822.08,-0.06,305563,1222.25,0
2330,Exit long,2025-05-21 10:20,STP,513.15,2571,1321931.07,-2624.99,-0.20,2.57,14756.26,1.12,-2623.71,-0.20,302938,1211.75,45
2330,Entry long,2025-05-21 06:35,QQQREP|L|v1.1.7-rep|P1/10/4,514.17,2571,1321931.07,-2624.99,-0.20,2.57,14756.26,1.12,-2623.71,-0.20,302938,1211.75,45
2331,Exit short,2025-05-22 06:50,STP,511.81,1409,717857.32,-3284.38,-0.46,1.41,295.19,0.04,-3283.67,-0.46,299653.62,1198.61,3
2331,Entry short,2025-05-22 06:35,QQQREP|S|v1.1.7-rep|P1/10/4,509.48,1409,717857.32,-3284.38,-0.46,1.41,295.19,0.04,-3283.67,-0.46,299653.62,1198.61,3
2332,Exit long,2025-05-23 12:55,EOD,506.26,1577,795769.97,2600.47,0.33,1.58,6622.61,0.83,-2413.6,-0.30,302254.1,1209.02,76
2332,Entry long,2025-05-23 06:35,QQQREP|L|v1.1.7-rep|P1/10/4,504.61,1577,795769.97,2600.47,0.33,1.58,6622.61,0.83,-2413.6,-0.30,302254.1,1209.02,76
2333,Exit short,2025-05-27 06:55,STP,513.73,2553,1308361.44,-3193.8,-0.24,2.55,2347.48,0.18,-3192.53,-0.24,299060.3,1196.24,4
2333,Entry short,2025-05-27 06:35,QQQREP|S|v1.1.7-rep|P1/10/4,512.48,2553,1308361.44,-3193.8,-0.24,2.55,2347.48,0.18,-3192.53,-0.24,299060.3,1196.24,4
2334,Exit long,2025-05-28 06:45,STP,518.77,2494,1295932.28,-2122.39,-0.16,2.49,2392.99,0.18,-2121.15,-0.16,296937.9,1187.75,2
2334,Entry long,2025-05-28 06:35,QQQREP|L|v1.1.7-rep|P1/10/4,519.62,2494,1295932.28,-2122.39,-0.16,2.49,2392.99,0.18,-2121.15,-0.16,296937.9,1187.75,2
2335,Exit short,2025-05-29 12:55,EOD,516.89,1916,999596.36,9233.2,0.92,1.92,14254.08,1.43,-77.6,-0.01,306171.12,1224.68,76
2335,Entry short,2025-05-29 06:35,QQQREP|S|v1.1.7-rep|P1/10/4,521.71,1916,999596.36,9233.2,0.92,1.92,14254.08,1.43,-77.6,-0.01,306171.12,1224.68,76
2336,Exit short,2025-05-30 07:25,STP,516.58,2569,1324139.67,-2956.92,-0.22,2.57,6626.74,0.50,-2955.63,-0.22,303214.2,1212.86,10
2336,Entry short,2025-05-30 06:35,QQQREP|S|v1.1.7-rep|P1/10/4,515.43,2569,1324139.67,-2956.92,-0.22,2.57,6626.74,0.50,-2955.63,-0.22,303214.2,1212.86,10
2337,Exit long,2025-06-02 07:00,STP,514.18,1166,602833.66,-3300.95,-0.55,1.17,1468.58,0.24,-3300.36,-0.55,299913.25,1199.65,5
2337,Entry long,2025-06-02 06:35,QQQREP|L|v1.1.7-rep|P1/10/4,517.01,1166,602833.66,-3300.95,-0.55,1.17,1468.58,0.24,-3300.36,-0.55,299913.25,1199.65,5
2338,Exit short,2025-06-03 06:45,STP,521.66,2164,1125864.28,-3010.12,-0.27,2.16,1448.8,0.13,-3009.04,-0.27,296903.12,1187.61,2
2338,Entry short,2025-06-03 06:35,QQQREP|S|v1.1.7-rep|P1/10/4,520.27,2164,1125864.28,-3010.12,-0.27,2.16,1448.8,0.13,-3009.04,-0.27,296903.12,1187.61,2
2339,Exit long,2025-06-04 07:00,STP,524.68,2449,1287194.4,-2255.53,-0.18,2.45,2276.35,0.18,-2254.3,-0.18,294647.6,1178.59,5
2339,Entry long,2025-06-04 06:35,QQQREP|L|v1.1.7-rep|P1/10/4,525.6,2449,1287194.4,-2255.53,-0.18,2.45,2276.35,0.18,-2254.3,-0.18,294647.6,1178.59,5
2340,Exit short,2025-06-05 07:40,STP,527.71,2427,1278543.6,-2211,-0.17,2.43,6308.99,0.49,-2209.78,-0.17,292436.6,1169.75,13
2340,Entry short,2025-06-05 06:35,QQQREP|S|v1.1.7-rep|P1/10/4,526.8,2427,1278543.6,-2211,-0.17,2.43,6308.99,0.49,-2209.78,-0.17,292436.6,1169.75,13
2341,Exit short,2025-06-06 06:35,STP,527.42,2411,1269174.51,-2437.52,-0.19,2.41,360.44,0.03,-2436.32,-0.19,289999.06,1160.00,0
2341,Entry short,2025-06-06 06:35,QQQREP|S|v1.1.7-rep|P1/10/4,526.41,2411,1269174.51,-2437.52,-0.19,2.41,360.44,0.03,-2436.32,-0.19,289999.06,1160.00,0
2342,Exit short,2025-06-09 06:50,STP,527.42,2392,1259603.28,-1987.75,-0.16,2.39,1697.12,0.13,-1986.56,-0.16,288011.3,1152.05,3
2342,Entry short,2025-06-09 06:35,QQQREP|S|v1.1.7-rep|P1/10/4,526.59,2392,1259603.28,-1987.75,-0.16,2.39,1697.12,0.13,-1986.56,-0.16,288011.3,1152.05,3
2343,Exit short,2025-06-10 06:35,STP,528.7,2372,1251846.72,-2232.05,-0.18,2.37,69.97,0.01,-2230.87,-0.18,285779.28,1143.12,0
2343,Entry short,2025-06-10 06:35,QQQREP|S|v1.1.7-rep|P1/10/4,527.76,2372,1251846.72,-2232.05,-0.18,2.37,69.97,0.01,-2230.87,-0.18,285779.28,1143.12,0
2344,Exit short,2025-06-11 07:20,STP,532.65,2339,1242967.99,-2902.7,-0.23,2.34,3179.87,0.26,-2901.53,-0.23,282876.56,1131.51,9
2344,Entry short,2025-06-11 06:35,QQQREP|S|v1.1.7-rep|P1/10/4,531.41,2339,1242967.99,-2902.7,-0.23,2.34,3179.87,0.26,-2901.53,-0.23,282876.56,1131.51,9
2345,Exit long,2025-06-12 12:55,EOD,530.53,2330,1231078.8,5053.77,0.41,2.33,7291.74,0.59,-956.46,-0.08,287930.34,1151.72,76
2345,Entry long,2025-06-12 06:35,QQQREP|L|v1.1.7-rep|P1/10/4,528.36,2330,1231078.8,5053.77,0.41,2.33,7291.74,0.59,-956.46,-0.08,287930.34,1151.72,76
2346,Exit long,2025-06-13 07:20,STP,524.13,1317,693426.84,-3148.95,-0.45,1.32,1013.43,0.15,-3148.29,-0.45,284781.4,1139.13,9
2346,Entry long,2025-06-13 06:35,QQQREP|L|v1.1.7-rep|P1/10/4,526.52,1317,693426.84,-3148.95,-0.45,1.32,1013.43,0.15,-3148.29,-0.45,284781.4,1139.13,9
2347,Exit long,2025-06-16 12:55,EOD,531.09,2258,1193623.96,5575,0.47,2.26,8105.09,0.68,-926.91,-0.08,290356.4,1161.43,76
2347,Entry long,2025-06-16 06:35,QQQREP|L|v1.1.7-rep|P1/10/4,528.62,2258,1193623.96,5575,0.47,2.26,8105.09,0.68,-926.91,-0.08,290356.4,1161.43,76
2348,Exit long,2025-06-17 06:40,STP,528.34,2384,1261231.36,-1671.18,-0.13,2.38,427.93,0.03,-1669.99,-0.13,288685.22,1154.74,1
2348,Entry long,2025-06-17 06:35,QQQREP|L|v1.1.7-rep|P1/10/4,529.04,2384,1261231.36,-1671.18,-0.13,2.38,427.93,0.03,-1669.99,-0.13,288685.22,1154.74,1
2349,Exit short,2025-06-18 06:45,STP,527.02,1984,1042532.48,-3077.18,-0.30,1.98,78.37,0.01,-3076.19,-0.30,285608.03,1142.43,2
2349,Entry short,2025-06-18 06:35,QQQREP|S|v1.1.7-rep|P1/10/4,525.47,1984,1042532.48,-3077.18,-0.30,1.98,78.37,0.01,-3076.19,-0.30,285608.03,1142.43,2
2350,Exit long,2025-06-20 06:50,STP,528.25,2346,1242324.3,-3052.15,-0.25,2.35,1992.93,0.16,-3050.97,-0.25,282555.88,1130.22,3
2350,Entry long,2025-06-20 06:35,QQQREP|L|v1.1.7-rep|P1/10/4,529.55,2346,1242324.3,-3052.15,-0.25,2.35,1992.93,0.16,-3050.97,-0.25,282555.88,1130.22,3
2351,Exit short,2025-06-23 06:40,STP,524.32,1537,802652.14,-3229.24,-0.40,1.54,199.04,0.02,-3228.47,-0.40,279326.66,1117.31,1
2351,Entry short,2025-06-23 06:35,QQQREP|S|v1.1.7-rep|P1/10/4,522.22,1537,802652.14,-3229.24,-0.40,1.54,199.04,0.02,-3228.47,-0.40,279326.66,1117.31,1
2352,Exit long,2025-06-24 12:55,EOD,537.17,2277,1217124.81,6009,0.49,2.28,8150.52,0.67,-1503.96,-0.12,285335.66,1141.34,76
2352,Entry long,2025-06-24 06:35,QQQREP|L|v1.1.7-rep|P1/10/4,534.53,2277,1217124.81,6009,0.49,2.28,8150.52,0.67,-1503.96,-0.12,285335.66,1141.34,76
2353,Exit long,2025-06-25 06:50,STP,539.35,2299,1241391.03,-1427.68,-0.12,2.3,1700.11,0.14,-1426.53,-0.11,283907.97,1135.63,3
2353,Entry long,2025-06-25 06:35,QQQREP|L|v1.1.7-rep|P1/10/4,539.97,2299,1241391.03,-1427.68,-0.12,2.3,1700.11,0.14,-1426.53,-0.11,283907.97,1135.63,3
2354,Exit short,2025-06-26 07:00,STP,541.1,2286,1235308.68,-1648.21,-0.13,2.29,3336.42,0.27,-1647.06,-0.13,282259.75,1129.04,5
2354,Entry short,2025-06-26 06:35,QQQREP|S|v1.1.7-rep|P1/10/4,540.38,2286,1235308.68,-1648.21,-0.13,2.29,3336.42,0.27,-1647.06,-0.13,282259.75,1129.04,5
2355,Exit long,2025-06-27 11:15,STP,544.11,2255,1228681.85,-1716.05,-0.14,2.26,5591.27,0.46,-1714.93,-0.14,280543.72,1122.17,56
2355,Entry long,2025-06-27 06:35,QQQREP|L|v1.1.7-rep|P1/10/4,544.87,2255,1228681.85,-1716.05,-0.14,2.26,5591.27,0.46,-1714.93,-0.14,280543.72,1122.17,56
2356,Exit short,2025-06-30 12:20,STP,548.67,2232,1222064.64,-2569.03,-0.21,2.23,2543.36,0.21,-2567.92,-0.21,277974.7,1111.90,69
2356,Entry short,2025-06-30 06:35,QQQREP|S|v1.1.7-rep|P1/10/4,547.52,2232,1222064.64,-2569.03,-0.21,2.23,2543.36,0.21,-2567.92,-0.21,277974.7,1111.90,69
2357,Exit short,2025-07-01 06:45,STP,547.52,2215,1211804.35,-954.66,-0.08,2.22,1261.44,0.10,-953.56,-0.08,277020,1108.08,2
2357,Entry short,2025-07-01 06:35,QQQREP|S|v1.1.7-rep|P1/10/4,547.09,2215,1211804.35,-954.66,-0.08,2.22,1261.44,0.10,-953.56,-0.08,277020,1108.08,2
2358,Exit long,2025-07-02 10:00,TGT,548.15,2221,1208046.32,9392.61,0.78,2.22,9393.72,0.78,-423.1,-0.04,286412.62,1145.65,41
2358,Entry long,2025-07-02 06:35,QQQREP|L|v1.1.7-rep|P1/10/4,543.92,2221,1208046.32,9392.61,0.78,2.22,9393.72,0.78,-423.1,-0.04,286412.62,1145.65,41
2359,Exit long,2025-07-03 09:55,EOD,553.55,2259,1245431.88,5035.31,0.40,2.26,7227.67,0.58,-1695.38,-0.14,291447.94,1165.79,40
2359,Entry long,2025-07-03 06:35,QQQREP|L|v1.1.7-rep|P1/10/4,551.32,2259,1245431.88,5035.31,0.40,2.26,7227.67,0.58,-1695.38,-0.14,291447.94,1165.79,40
2360,Exit short,2025-07-07 06:50,STP,551.61,2299,1265691.46,-2462.23,-0.19,2.3,803.5,0.06,-2461.08,-0.19,288985.7,1155.94,3
2360,Entry short,2025-07-07 06:35,QQQREP|S|v1.1.7-rep|P1/10/4,550.54,2299,1265691.46,-2462.23,-0.19,2.3,803.5,0.06,-2461.08,-0.19,288985.7,1155.94,3
2361,Exit short,2025-07-08 09:20,STP,550.9,2283,1255444.53,-2262.45,-0.18,2.28,3309.21,0.26,-2261.31,-0.18,286723.25,1146.89,33
2361,Entry short,2025-07-08 06:35,QQQREP|S|v1.1.7-rep|P1/10/4,549.91,2283,1255444.53,-2262.45,-0.18,2.28,3309.21,0.26,-2261.31,-0.18,286723.25,1146.89,33
2362,Exit long,2025-07-09 07:35,STP,551.8,2255,1246969.9,-2663.15,-0.21,2.26,4463.77,0.36,-2662.03,-0.21,284060.1,1136.24,12
2362,Entry long,2025-07-09 06:35,QQQREP|L|v1.1.7-rep|P1/10/4,552.98,2255,1246969.9,-2663.15,-0.21,2.26,4463.77,0.36,-2662.03,-0.21,284060.1,1136.24,12
2363,Exit short,2025-07-10 12:55,EOD,552.81,2141,1184508.25,939.9,0.08,2.14,6743.08,0.57,-793.24,-0.07,285000,1140.00,76
2363,Entry short,2025-07-10 06:35,QQQREP|S|v1.1.7-rep|P1/10/4,553.25,2141,1184508.25,939.9,0.08,2.14,6743.08,0.57,-793.24,-0.07,285000,1140.00,76
2364,Exit long,2025-07-11 06:35,STP,550.53,2250,1239705,-1014.75,-0.08,2.25,111.38,0.01,-1013.62,-0.08,283985.25,1135.94,0
2364,Entry long,2025-07-11 06:35,QQQREP|L|v1.1.7-rep|P1/10/4,550.98,2250,1239705,-1014.75,-0.08,2.25,111.38,0.01,-1013.62,-0.08,283985.25,1135.94,0
2365,Exit short,2025-07-14 07:20,STP,552.22,2242,1235700.72,-2378.76,-0.19,2.24,4864.02,0.39,-2377.64,-0.19,281606.47,1126.43,9
2365,Entry short,2025-07-14 06:35,QQQREP|S|v1.1.7-rep|P1/10/4,551.16,2242,1235700.72,-2378.76,-0.19,2.24,4864.02,0.39,-2377.64,-0.19,281606.47,1126.43,9
2366,Exit short,2025-07-15 12:55,EOD,554.03,2124,1182345.84,5584,0.47,2.12,5670.02,0.48,-1848.94,-0.16,287190.47,1148.76,76
2366,Entry short,2025-07-15 06:35,QQQREP|S|v1.1.7-rep|P1/10/4,556.66,2124,1182345.84,5584,0.47,2.12,5670.02,0.48,-1848.94,-0.16,287190.47,1148.76,76
2367,Exit short,2025-07-16 12:40,STP,554.98,2148,1188853.56,-3245.63,-0.27,2.15,9729.37,0.82,-3244.55,-0.27,283944.84,1135.78,73
2367,Entry short,2025-07-16 06:35,QQQREP|S|v1.1.7-rep|P1/10/4,553.47,2148,1188853.56,-3245.63,-0.27,2.15,9729.37,0.82,-3244.55,-0.27,283944.84,1135.78,73
2368,Exit short,2025-07-17 06:40,STP,555.75,2226,1235340.96,-1760.77,-0.14,2.23,711.21,0.06,-1759.65,-0.14,282184.1,1128.74,1
2368,Entry short,2025-07-17 06:35,QQQREP|S|v1.1.7-rep|P1/10/4,554.96,2226,1235340.96,-1760.77,-0.14,2.23,711.21,0.06,-1759.65,-0.14,282184.1,1128.74,1
2369,Exit short,2025-07-18 12:55,EOD,558.56,2193,1228430.88,3506.61,0.29,2.19,6227.02,0.51,-351.98,-0.03,285690.7,1142.76,76
2369,Entry short,2025-07-18 06:35,QQQREP|S|v1.1.7-rep|P1/10/4,560.16,2193,1228430.88,3506.61,0.29,2.19,6227.02,0.51,-351.98,-0.03,285690.7,1142.76,76
2370,Exit long,2025-07-21 12:55,EOD,561.5,2217,1242539.82,2303.46,0.19,2.22,6406.02,0.52,-178.47,-0.01,287994.16,1151.98,76
2370,Entry long,2025-07-21 06:35,QQQREP|L|v1.1.7-rep|P1/10/4,560.46,2217,1242539.82,2303.46,0.19,2.22,6406.02,0.52,-178.47,-0.01,287994.16,1151.98,76
2371,Exit short,2025-07-22 12:55,EOD,558.61,2234,1251620.84,3683.87,0.29,2.23,9672.1,0.77,-1363.86,-0.11,291678.03,1166.71,76
2371,Entry short,2025-07-22 06:35,QQQREP|S|v1.1.7-rep|P1/10/4,560.26,2234,1251620.84,3683.87,0.29,2.23,9672.1,0.77,-1363.86,-0.11,291678.03,1166.71,76
2372,Exit short,2025-07-23 08:50,STP,559.69,2267,1266414.21,-2405.29,-0.19,2.27,3898.11,0.31,-2404.15,-0.19,289272.72,1157.09,27
2372,Entry short,2025-07-23 06:35,QQQREP|S|v1.1.7-rep|P1/10/4,558.63,2267,1266414.21,-2405.29,-0.19,2.27,3898.11,0.31,-2404.15,-0.19,289272.72,1157.09,27
2373,Exit short,2025-07-24 06:45,STP,563.01,2235,1256651.1,-1678.48,-0.13,2.24,2435.03,0.19,-1677.37,-0.13,287594.25,1150.38,2
2373,Entry short,2025-07-24 06:35,QQQREP|S|v1.1.7-rep|P1/10/4,562.26,2235,1256651.1,-1678.48,-0.13,2.24,2435.03,0.19,-1677.37,-0.13,287594.25,1150.38,2
2374,Exit long,2025-07-25 06:35,STP,561.85,2223,1250081.82,-1091.49,-0.09,2.22,754.71,0.06,-1090.38,-0.09,286502.75,1146.01,0
2374,Entry long,2025-07-25 06:35,QQQREP|L|v1.1.7-rep|P1/10/4,562.34,2223,1250081.82,-1091.49,-0.09,2.22,754.71,0.06,-1090.38,-0.09,286502.75,1146.01,0
2375,Exit long,2025-07-28 08:15,STP,564.83,2203,1245840.56,-1522.27,-0.12,2.2,1739.27,0.14,-1521.17,-0.12,284980.47,1139.92,20
2375,Entry long,2025-07-28 06:35,QQQREP|L|v1.1.7-rep|P1/10/4,565.52,2203,1245840.56,-1522.27,-0.12,2.2,1739.27,0.14,-1521.17,-0.12,284980.47,1139.92,20
2376,Exit long,2025-07-29 06:45,STP,567.96,2179,1239654.89,-2072.23,-0.17,2.18,1001.25,0.08,-2071.14,-0.17,282908.25,1131.63,2
2376,Entry long,2025-07-29 06:35,QQQREP|L|v1.1.7-rep|P1/10/4,568.91,2179,1239654.89,-2072.23,-0.17,2.18,1001.25,0.08,-2071.14,-0.17,282908.25,1131.63,2
2377,Exit short,2025-07-30 06:35,STP,565.55,2178,1231506.54,-263.54,-0.02,2.18,194.93,0.02,-262.45,-0.02,282644.72,1130.58,0
2377,Entry short,2025-07-30 06:35,QQQREP|S|v1.1.7-rep|P1/10/4,565.43,2178,1231506.54,-263.54,-0.02,2.18,194.93,0.02,-262.45,-0.02,282644.72,1130.58,0
2378,Exit short,2025-07-31 12:55,EOD,562.27,1746,995412.06,13686.89,1.37,1.75,15590.91,1.57,-1048.47,-0.11,296331.6,1185.33,76
2378,Entry short,2025-07-31 06:35,QQQREP|S|v1.1.7-rep|P1/10/4,570.11,1746,995412.06,13686.89,1.37,1.75,15590.91,1.57,-1048.47,-0.11,296331.6,1185.33,76
2379,Exit short,2025-08-01 12:55,EOD,551.21,1690,936885.3,5338.71,0.57,1.69,8989.96,0.96,-1352.84,-0.14,301670.3,1206.68,76
2379,Entry short,2025-08-01 06:35,QQQREP|S|v1.1.7-rep|P1/10/4,554.37,1690,936885.3,5338.71,0.57,1.69,8989.96,0.96,-1352.84,-0.14,301670.3,1206.68,76
2380,Exit long,2025-08-04 12:55,EOD,561.4,2344,1306170.56,9748.7,0.75,2.34,10218.67,0.78,-141.81,-0.01,311419,1245.68,76
2380,Entry long,2025-08-04 06:35,QQQREP|L|v1.1.7-rep|P1/10/4,557.24,2344,1306170.56,9748.7,0.75,2.34,10218.67,0.78,-141.81,-0.01,311419,1245.68,76
2381,Exit short,2025-08-05 06:35,STP,562.89,2395,1345367.3,-2756.64,-0.20,2.4,46.7,0.00,-2755.45,-0.20,308662.38,1234.65,0
2381,Entry short,2025-08-05 06:35,QQQREP|S|v1.1.7-rep|P1/10/4,561.74,2395,1345367.3,-2756.64,-0.20,2.4,46.7,0.00,-2755.45,-0.20,308662.38,1234.65,0
2382,Exit long,2025-08-06 06:35,STP,558.08,2121,1186954.02,-3268.46,-0.28,2.12,465.56,0.04,-3267.4,-0.28,305393.9,1221.58,0
2382,Entry long,2025-08-06 06:35,QQQREP|L|v1.1.7-rep|P1/10/4,559.62,2121,1186954.02,-3268.46,-0.28,2.12,465.56,0.04,-3267.4,-0.28,305393.9,1221.58,0
2383,Exit long,2025-08-07 06:45,STP,568.46,2321,1321159.62,-1766.28,-0.13,2.32,1786.01,0.14,-1765.12,-0.13,303627.62,1214.51,2
2383,Entry long,2025-08-07 06:35,QQQREP|L|v1.1.7-rep|P1/10/4,569.22,2321,1321159.62,-1766.28,-0.13,2.32,1786.01,0.14,-1765.12,-0.13,303627.62,1214.51,2
2384,Exit long,2025-08-08 12:55,EOD,571.81,2315,1314572.75,9165.08,0.70,2.32,9629.24,0.73,-186.36,-0.01,312792.72,1251.17,76
2384,Entry long,2025-08-08 06:35,QQQREP|L|v1.1.7-rep|P1/10/4,567.85,2315,1314572.75,9165.08,0.70,2.32,9629.24,0.73,-186.36,-0.01,312792.72,1251.17,76
2385,Exit short,2025-08-11 06:40,STP,572.29,2365,1351006.25,-2461.96,-0.18,2.37,188.02,0.01,-2460.78,-0.18,310330.75,1241.32,1
2385,Entry short,2025-08-11 06:35,QQQREP|S|v1.1.7-rep|P1/10/4,571.25,2365,1351006.25,-2461.96,-0.18,2.37,188.02,0.01,-2460.78,-0.18,310330.75,1241.32,1
2386,Exit long,2025-08-12 06:45,STP,571.85,1993,1143065.22,-3370.16,-0.29,1.99,1234.66,0.11,-3369.17,-0.29,306960.6,1227.84,2
2386,Entry long,2025-08-12 06:35,QQQREP|L|v1.1.7-rep|P1/10/4,573.54,1993,1143065.22,-3370.16,-0.29,1.99,1234.66,0.11,-3369.17,-0.29,306960.6,1227.84,2
2387,Exit long,2025-08-13 06:45,STP,579.58,2288,1327726.4,-1649.65,-0.12,2.29,502.22,0.04,-1648.5,-0.12,305310.94,1221.24,2
2387,Entry long,2025-08-13 06:35,QQQREP|L|v1.1.7-rep|P1/10/4,580.3,2288,1327726.4,-1649.65,-0.12,2.29,502.22,0.04,-1648.5,-0.12,305310.94,1221.24,2
2388,Exit long,2025-08-14 12:55,EOD,577.09,2212,1275417.08,1103.79,0.09,2.21,5506.77,0.43,-1991.91,-0.16,306414.72,1225.66,76
2388,Entry long,2025-08-14 06:35,QQQREP|L|v1.1.7-rep|P1/10/4,576.59,2212,1275417.08,1103.79,0.09,2.21,5506.77,0.43,-1991.91,-0.16,306414.72,1225.66,76
2389,Exit short,2025-08-15 12:55,EOD,574.45,2302,1325445.56,3059.36,0.23,2.3,6789.75,0.51,-1566.51,-0.12,309474.1,1237.90,76
2389,Entry short,2025-08-15 06:35,QQQREP|S|v1.1.7-rep|P1/10/4,575.78,2302,1325445.56,3059.36,0.23,2.3,6789.75,0.51,-1566.51,-0.12,309474.1,1237.90,76
2390,Exit long,2025-08-18 06:50,STP,573.63,2327,1337559.6,-2724.92,-0.20,2.33,68.65,0.01,-2723.75,-0.20,306749.16,1227.00,3
2390,Entry long,2025-08-18 06:35,QQQREP|L|v1.1.7-rep|P1/10/4,574.8,2327,1337559.6,-2724.92,-0.20,2.33,68.65,0.01,-2723.75,-0.20,306749.16,1227.00,3
2391,Exit short,2025-08-19 12:55,EOD,566.54,1360,777008.8,6513.04,0.84,1.36,7887.32,1.02,-2054.28,-0.26,313262.22,1253.05,76
2391,Entry short,2025-08-19 06:35,QQQREP|S|v1.1.7-rep|P1/10/4,571.33,1360,777008.8,6513.04,0.84,1.36,7887.32,1.02,-2054.28,-0.26,313262.22,1253.05,76
2392,Exit short,2025-08-20 12:55,EOD,563.14,2296,1295540.96,2569.22,0.20,2.3,18596.45,1.44,-1149.15,-0.09,315831.44,1263.33,76
2392,Entry short,2025-08-20 06:35,QQQREP|S|v1.1.7-rep|P1/10/4,564.26,2296,1295540.96,2569.22,0.20,2.3,18596.45,1.44,-1149.15,-0.09,315831.44,1263.33,76
2393,Exit short,2025-08-21 06:35,STP,561.92,2428,1362545.04,-1799.15,-0.13,2.43,921.43,0.07,-1797.93,-0.13,314032.28,1256.13,0
2393,Entry short,2025-08-21 06:35,QQQREP|S|v1.1.7-rep|P1/10/4,561.18,2428,1362545.04,-1799.15,-0.13,2.43,921.43,0.07,-1797.93,-0.13,314032.28,1256.13,0
2394,Exit short,2025-08-22 06:35,STP,562.13,2416,1356004.16,-2104.34,-0.16,2.42,457.83,0.03,-2103.13,-0.16,311927.94,1247.71,0
2394,Entry short,2025-08-22 06:35,QQQREP|S|v1.1.7-rep|P1/10/4,561.26,2416,1356004.16,-2104.34,-0.16,2.42,457.83,0.03,-2103.13,-0.16,311927.94,1247.71,0
2395,Exit short,2025-08-25 06:55,STP,568.18,2376,1347405.84,-2592.22,-0.19,2.38,1400.65,0.10,-2591.03,-0.19,309335.72,1237.34,4
2395,Entry short,2025-08-25 06:35,QQQREP|S|v1.1.7-rep|P1/10/4,567.09,2376,1347405.84,-2592.22,-0.19,2.38,1400.65,0.10,-2591.03,-0.19,309335.72,1237.34,4
2396,Exit long,2025-08-26 06:35,STP,567.03,2355,1337286.75,-1933.45,-0.14,2.36,304.97,0.02,-1932.28,-0.14,307402.28,1229.61,0
2396,Entry long,2025-08-26 06:35,QQQREP|L|v1.1.7-rep|P1/10/4,567.85,2355,1337286.75,-1933.45,-0.14,2.36,304.97,0.02,-1932.28,-0.14,307402.28,1229.61,0
2397,Exit long,2025-08-27 06:40,STP,568.5,2335,1329082,-1636.83,-0.12,2.34,629.28,0.05,-1635.67,-0.12,305765.44,1223.06,1
2397,Entry long,2025-08-27 06:35,QQQREP|L|v1.1.7-rep|P1/10/4,569.2,2335,1329082,-1636.83,-0.12,2.34,629.28,0.05,-1635.67,-0.12,305765.44,1223.06,1
2398,Exit long,2025-08-28 06:50,STP,571.08,1414,810872.44,-3366.73,-0.42,1.41,239.67,0.03,-3366.03,-0.42,302398.72,1209.59,3
2398,Entry long,2025-08-28 06:35,QQQREP|L|v1.1.7-rep|P1/10/4,573.46,1414,810872.44,-3366.73,-0.42,1.41,239.67,0.03,-3366.03,-0.42,302398.72,1209.59,3
2399,Exit short,2025-08-29 12:55,EOD,567.57,2291,1309443.96,9138.8,0.70,2.29,13149.19,1.00,-253.16,-0.02,311537.5,1246.15,76
2399,Entry short,2025-08-29 06:35,QQQREP|S|v1.1.7-rep|P1/10/4,571.56,2291,1309443.96,9138.8,0.70,2.29,13149.19,1.00,-253.16,-0.02,311537.5,1246.15,76
2400,Exit short,2025-09-02 06:35,STP,558.67,2411,1345747.87,-1207.91,-0.09,2.41,0,0.00,-1206.71,-0.09,310329.6,1241.32,0
2400,Entry short,2025-09-02 06:35,QQQREP|S|v1.1.7-rep|P1/10/4,558.17,2411,1345747.87,-1207.91,-0.09,2.41,0,0.00,-1206.71,-0.09,310329.6,1241.32,0
2401,Exit short,2025-09-03 07:00,STP,566.87,2370,1341277.8,-2206.47,-0.16,2.37,1586.72,0.12,-2205.28,-0.16,308123.12,1232.49,5
2401,Entry short,2025-09-03 06:35,QQQREP|S|v1.1.7-rep|P1/10/4,565.94,2370,1341277.8,-2206.47,-0.16,2.37,1586.72,0.12,-2205.28,-0.16,308123.12,1232.49,5
2402,Exit long,2025-09-04 07:00,STP,567.43,1809,1029827.52,-3348.46,-0.33,1.81,596.07,0.06,-3347.55,-0.33,304774.66,1219.10,5
2402,Entry long,2025-09-04 06:35,QQQREP|L|v1.1.7-rep|P1/10/4,569.28,1809,1029827.52,-3348.46,-0.33,1.81,596.07,0.06,-3347.55,-0.33,304774.66,1219.10,5
2403,Exit short,2025-09-05 12:55,EOD,573.3,2285,1318582.1,8589.32,0.65,2.29,18895.81,1.43,-2446.09,-0.19,313363.97,1253.46,76
2403,Entry short,2025-09-05 06:35,QQQREP|S|v1.1.7-rep|P1/10/4,577.06,2285,1318582.1,8589.32,0.65,2.29,18895.81,1.43,-2446.09,-0.19,313363.97,1253.46,76
2404,Exit long,2025-09-08 10:50,STP,575.29,2348,1353457.64,-2679.07,-0.20,2.35,3826.07,0.28,-2677.89,-0.20,310684.9,1242.74,51
2404,Entry long,2025-09-08 06:35,QQQREP|L|v1.1.7-rep|P1/10/4,576.43,2348,1353457.64,-2679.07,-0.20,2.35,3826.07,0.28,-2677.89,-0.20,310684.9,1242.74,51
2405,Exit long,2025-09-09 06:40,STP,576.63,2326,1342264.82,-1025.77,-0.08,2.33,184.92,0.01,-1024.6,-0.08,309659.16,1238.64,1
2405,Entry long,2025-09-09 06:35,QQQREP|L|v1.1.7-rep|P1/10/4,577.07,2326,1342264.82,-1025.77,-0.08,2.33,184.92,0.01,-1024.6,-0.08,309659.16,1238.64,1
2406,Exit short,2025-09-10 12:55,EOD,577.92,2307,1338083.07,4819.32,0.36,2.31,9757.46,0.73,-1477.63,-0.11,314478.47,1257.91,76
2406,Entry short,2025-09-10 06:35,QQQREP|S|v1.1.7-rep|P1/10/4,580.01,2307,1338083.07,4819.32,0.36,2.31,9757.46,0.73,-1477.63,-0.11,314478.47,1257.91,76
2407,Exit long,2025-09-11 06:35,STP,580.22,2338,1357583.08,-1031.06,-0.08,2.34,68.97,0.01,-1029.89,-0.08,313447.4,1253.79,0
2407,Entry long,2025-09-11 06:35,QQQREP|L|v1.1.7-rep|P1/10/4,580.66,2338,1357583.08,-1031.06,-0.08,2.34,68.97,0.01,-1029.89,-0.08,313447.4,1253.79,0
2408,Exit short,2025-09-12 07:20,STP,582.78,2325,1353312.75,-1653.07,-0.12,2.33,1789.09,0.13,-1651.91,-0.12,311794.34,1247.18,9
2408,Entry short,2025-09-12 06:35,QQQREP|S|v1.1.7-rep|P1/10/4,582.07,2325,1353312.75,-1653.07,-0.12,2.33,1789.09,0.13,-1651.91,-0.12,311794.34,1247.18,9
2409,Exit long,2025-09-15 12:55,EOD,588.84,2298,1347041.64,6110.38,0.45,2.3,6341.33,0.47,-253.93,-0.02,317904.72,1271.62,76
2409,Entry long,2025-09-15 06:35,QQQREP|L|v1.1.7-rep|P1/10/4,586.18,2298,1347041.64,6110.38,0.45,2.3,6341.33,0.47,-253.93,-0.02,317904.72,1271.62,76
2410,Exit short,2025-09-16 12:55,EOD,588.32,2327,1371254.56,2231.59,0.16,2.33,3768.58,0.27,-443.29,-0.03,320136.3,1280.55,76
2410,Entry short,2025-09-16 06:35,QQQREP|S|v1.1.7-rep|P1/10/4,589.28,2327,1371254.56,2231.59,0.16,2.33,3768.58,0.27,-443.29,-0.03,320136.3,1280.55,76
2411,Exit short,2025-09-17 12:25,STP,588.72,2348,1380083.96,-2232.95,-0.16,2.35,14485.99,1.05,-2231.77,-0.16,317903.38,1271.61,70
2411,Entry short,2025-09-17 06:35,QQQREP|S|v1.1.7-rep|P1/10/4,587.77,2348,1380083.96,-2232.95,-0.16,2.35,14485.99,1.05,-2231.77,-0.16,317903.38,1271.61,70
2412,Exit long,2025-09-18 06:40,STP,591.49,2314,1371045,-2339.45,-0.17,2.31,808.74,0.06,-2338.3,-0.17,315563.9,1262.26,1
2412,Entry long,2025-09-18 06:35,QQQREP|L|v1.1.7-rep|P1/10/4,592.5,2314,1371045,-2339.45,-0.17,2.31,808.74,0.06,-2338.3,-0.17,315563.9,1262.26,1
2413,Exit short,2025-09-19 06:45,STP,594.79,2293,1362064.93,-1790.83,-0.13,2.29,709.68,0.05,-1789.69,-0.13,313773.06,1255.09,2
2413,Entry short,2025-09-19 06:35,QQQREP|S|v1.1.7-rep|P1/10/4,594.01,2293,1362064.93,-1790.83,-0.13,2.29,709.68,0.05,-1789.69,-0.13,313773.06,1255.09,2
2414,Exit long,2025-09-22 12:55,EOD,600.06,2271,1354424.4,8309.59,0.61,2.27,9718.74,0.72,-1431.87,-0.11,322082.66,1288.33,76
2414,Entry long,2025-09-22 06:35,QQQREP|L|v1.1.7-rep|P1/10/4,596.4,2271,1354424.4,8309.59,0.61,2.27,9718.74,0.72,-1431.87,-0.11,322082.66,1288.33,76
2415,Exit short,2025-09-23 10:40,TGT,595.34,2314,1388191.74,10572.67,0.76,2.31,10573.82,0.76,-255.7,-0.02,332655.34,1330.62,49
2415,Entry short,2025-09-23 06:35,QQQREP|S|v1.1.7-rep|P1/10/4,599.91,2314,1388191.74,10572.67,0.76,2.31,10573.82,0.76,-255.7,-0.02,332655.34,1330.62,49
2416,Exit short,2025-09-24 12:55,EOD,593.85,2399,1430571.68,5923.13,0.41,2.4,12281.68,0.86,-864.84,-0.06,338578.47,1354.31,76
2416,Entry short,2025-09-24 06:35,QQQREP|S|v1.1.7-rep|P1/10/4,596.32,2399,1430571.68,5923.13,0.41,2.4,12281.68,0.86,-864.84,-0.06,338578.47,1354.31,76
2417,Exit short,2025-09-25 07:10,STP,590.08,2470,1454039.6,-3460.47,-0.24,2.47,5729.17,0.39,-3459.23,-0.24,335118,1340.47,7
2417,Entry short,2025-09-25 06:35,QQQREP|S|v1.1.7-rep|P1/10/4,588.68,2470,1454039.6,-3460.47,-0.24,2.47,5729.17,0.39,-3459.23,-0.24,335118,1340.47,7
2418,Exit long,2025-09-26 07:10,STP,590.8,1564,927624.04,-3614.4,-0.39,1.56,1438.1,0.16,-3613.62,-0.39,331503.6,1326.01,7
2418,Entry long,2025-09-26 06:35,QQQREP|L|v1.1.7-rep|P1/10/4,593.11,1564,927624.04,-3614.4,-0.39,1.56,1438.1,0.16,-3613.62,-0.39,331503.6,1326.01,7
2419,Exit long,2025-09-29 08:35,STP,596.86,2386,1425444.12,-1338.55,-0.09,2.39,5820.65,0.41,-1337.35,-0.09,330165.03,1320.66,24
2419,Entry long,2025-09-29 06:35,QQQREP|L|v1.1.7-rep|P1/10/4,597.42,2386,1425444.12,-1338.55,-0.09,2.39,5820.65,0.41,-1337.35,-0.09,330165.03,1320.66,24
2420,Exit short,2025-09-30 07:45,STP,596.49,2227,1324842.3,-3543.16,-0.27,2.23,2159.08,0.16,-3542.04,-0.27,326621.88,1306.49,14
2420,Entry short,2025-09-30 06:35,QQQREP|S|v1.1.7-rep|P1/10/4,594.9,2227,1324842.3,-3543.16,-0.27,2.23,2159.08,0.16,-3542.04,-0.27,326621.88,1306.49,14
2421,Exit long,2025-10-01 06:45,STP,594.52,2039,1215733.36,-3509.12,-0.29,2.04,1324.33,0.11,-3508.1,-0.29,323112.78,1292.45,2
2421,Entry long,2025-10-01 06:35,QQQREP|L|v1.1.7-rep|P1/10/4,596.24,2039,1215733.36,-3509.12,-0.29,2.04,1324.33,0.11,-3508.1,-0.29,323112.78,1292.45,2
2422,Exit short,2025-10-02 12:55,EOD,603.5,2306,1392155.26,481.95,0.03,2.31,6847.67,0.49,-646.83,-0.05,323594.72,1294.38,76
2422,Entry short,2025-10-02 06:35,QQQREP|S|v1.1.7-rep|P1/10/4,603.71,2306,1392155.26,481.95,0.03,2.31,6847.67,0.49,-646.83,-0.05,323594.72,1294.38,76
2423,Exit long,2025-10-03 06:40,STP,604.03,2306,1394253.72,-1362.85,-0.10,2.31,967.37,0.07,-1361.69,-0.10,322231.88,1288.93,1
2423,Entry long,2025-10-03 06:35,QQQREP|L|v1.1.7-rep|P1/10/4,604.62,2306,1394253.72,-1362.85,-0.10,2.31,967.37,0.07,-1361.69,-0.10,322231.88,1288.93,1
2424,Exit short,2025-10-06 10:20,STP,606.41,2295,1388497.95,-3215.29,-0.23,2.3,2844.65,0.20,-3214.15,-0.23,319016.6,1276.07,45
2424,Entry short,2025-10-06 06:35,QQQREP|S|v1.1.7-rep|P1/10/4,605.01,2295,1388497.95,-3215.29,-0.23,2.3,2844.65,0.20,-3214.15,-0.23,319016.6,1276.07,45
2425,Exit long,2025-10-07 07:00,STP,606.38,2267,1375864.97,-1203.78,-0.09,2.27,1313.73,0.10,-1202.64,-0.09,317812.8,1271.25,5
2425,Entry long,2025-10-07 06:35,QQQREP|L|v1.1.7-rep|P1/10/4,606.91,2267,1375864.97,-1203.78,-0.09,2.27,1313.73,0.10,-1202.64,-0.09,317812.8,1271.25,5
2426,Exit long,2025-10-08 12:55,EOD,609.21,2269,1370975.18,11320.04,0.83,2.27,12001.88,0.88,-681.83,-0.05,329132.84,1316.53,76
2426,Entry long,2025-10-08 06:35,QQQREP|L|v1.1.7-rep|P1/10/4,604.22,2269,1370975.18,11320.04,0.83,2.27,12001.88,0.88,-681.83,-0.05,329132.84,1316.53,76
2427,Exit short,2025-10-09 12:55,EOD,608.5,2327,1416421.63,439.8,0.03,2.33,7980.45,0.56,-606.18,-0.04,329572.66,1318.29,76
2427,Entry short,2025-10-09 06:35,QQQREP|S|v1.1.7-rep|P1/10/4,608.69,2327,1416421.63,439.8,0.03,2.33,7980.45,0.56,-606.18,-0.04,329572.66,1318.29,76
2428,Exit long,2025-10-10 07:55,STP,608.73,2326,1417813.3,-1909.65,-0.13,2.33,3208.72,0.23,-1908.48,-0.13,327663,1310.65,16
2428,Entry long,2025-10-10 06:35,QQQREP|L|v1.1.7-rep|P1/10/4,609.55,2326,1417813.3,-1909.65,-0.13,2.33,3208.72,0.23,-1908.48,-0.13,327663,1310.65,16
2429,Exit short,2025-10-13 06:50,STP,597.92,1752,1044016.8,-3540.79,-0.34,1.75,1470.8,0.14,-3539.92,-0.34,324122.22,1296.49,3
2429,Entry short,2025-10-13 06:35,QQQREP|S|v1.1.7-rep|P1/10/4,595.9,1752,1044016.8,-3540.79,-0.34,1.75,1470.8,0.14,-3539.92,-0.34,324122.22,1296.49,3
2430,Exit short,2025-10-14 07:20,STP,593.18,1834,1084334.16,-3559.79,-0.33,1.83,5996.26,0.55,-3558.88,-0.33,320562.4,1282.25,9
2430,Entry short,2025-10-14 06:35,QQQREP|S|v1.1.7-rep|P1/10/4,591.24,1834,1084334.16,-3559.79,-0.33,1.83,5996.26,0.55,-3558.88,-0.33,320562.4,1282.25,9
2431,Exit short,2025-10-15 06:55,STP,601.85,2300,1381955,-2302.3,-0.17,2.3,3517.85,0.25,-2301.15,-0.17,318260.12,1273.04,4
2431,Entry short,2025-10-15 06:35,QQQREP|S|v1.1.7-rep|P1/10/4,600.85,2300,1381955,-2302.3,-0.17,2.3,3517.85,0.25,-2301.15,-0.17,318260.12,1273.04,4
2432,Exit long,2025-10-16 06:40,STP,602.81,2273,1372823.81,-2638.95,-0.19,2.27,0,0.00,-2637.82,-0.19,315621.16,1262.48,1
2432,Entry long,2025-10-16 06:35,QQQREP|L|v1.1.7-rep|P1/10/4,603.97,2273,1372823.81,-2638.95,-0.19,2.27,0,0.00,-2637.82,-0.19,315621.16,1262.48,1
2433,Exit long,2025-10-17 06:40,STP,594.88,1735,1035413.3,-3298.23,-0.32,1.74,1595.33,0.15,-3297.37,-0.32,312322.94,1249.29,1
2433,Entry long,2025-10-17 06:35,QQQREP|L|v1.1.7-rep|P1/10/4,596.78,1735,1035413.3,-3298.23,-0.32,1.74,1595.33,0.15,-3297.37,-0.32,312322.94,1249.29,1
2434,Exit long,2025-10-20 12:55,EOD,609.31,1923,1166395.65,5305.56,0.45,1.92,7729.5,0.66,-347.1,-0.03,317628.47,1270.51,76
2434,Entry long,2025-10-20 06:35,QQQREP|L|v1.1.7-rep|P1/10/4,606.55,1923,1166395.65,5305.56,0.45,1.92,7729.5,0.66,-347.1,-0.03,317628.47,1270.51,76
2435,Exit short,2025-10-21 08:45,STP,609.5,2250,1370025,-1352.25,-0.10,2.25,4048.88,0.30,-1351.12,-0.10,316276.22,1265.10,26
2435,Entry short,2025-10-21 06:35,QQQREP|S|v1.1.7-rep|P1/10/4,608.9,2250,1370025,-1352.25,-0.10,2.25,4048.88,0.30,-1351.12,-0.10,316276.22,1265.10,26
2436,Exit short,2025-10-22 06:50,STP,608.73,1654,1003448.72,-3392.35,-0.34,1.65,429.21,0.04,-3391.53,-0.34,312883.88,1251.54,3
2436,Entry short,2025-10-22 06:35,QQQREP|S|v1.1.7-rep|P1/10/4,606.68,1654,1003448.72,-3392.35,-0.34,1.65,429.21,0.04,-3391.53,-0.34,312883.88,1251.54,3
2437,Exit long,2025-10-23 12:55,EOD,608.4,2241,1351547.1,11875.06,0.88,2.24,13512.11,1.00,-695.83,-0.05,324758.94,1299.04,76
2437,Entry long,2025-10-23 06:35,QQQREP|L|v1.1.7-rep|P1/10/4,603.1,2241,1351547.1,11875.06,0.88,2.24,13512.11,1.00,-695.83,-0.05,324758.94,1299.04,76
2438,Exit long,2025-10-24 12:55,EOD,614.75,2277,1398920.49,862.98,0.06,2.28,4097.46,0.29,-3234.48,-0.23,325621.9,1302.49,76
2438,Entry long,2025-10-24 06:35,QQQREP|L|v1.1.7-rep|P1/10/4,614.37,2277,1398920.49,862.98,0.06,2.28,4097.46,0.29,-3234.48,-0.23,325621.9,1302.49,76
2439,Exit long,2025-10-27 06:35,STP,622.2,2253,1402312.26,-497.91,-0.04,2.25,1057.78,0.08,-496.79,-0.04,325124,1300.50,0
2439,Entry long,2025-10-27 06:35,QQQREP|L|v1.1.7-rep|P1/10/4,622.42,2253,1402312.26,-497.91,-0.04,2.25,1057.78,0.08,-496.79,-0.04,325124,1300.50,0
2440,Exit long,2025-10-28 06:35,STP,628,2228,1400298,-1116.23,-0.08,2.23,154.85,0.01,-1115.11,-0.08,324007.78,1296.03,0
2440,Entry long,2025-10-28 06:35,QQQREP|L|v1.1.7-rep|P1/10/4,628.5,2228,1400298,-1116.23,-0.08,2.23,154.85,0.01,-1115.11,-0.08,324007.78,1296.03,0
2441,Exit long,2025-10-29 06:35,STP,633.25,2203,1395732.68,-685.13,-0.05,2.2,219.2,0.02,-684.03,-0.05,323322.66,1293.29,0
2441,Entry long,2025-10-29 06:35,QQQREP|L|v1.1.7-rep|P1/10/4,633.56,2203,1395732.68,-685.13,-0.05,2.2,219.2,0.02,-684.03,-0.05,323322.66,1293.29,0
2442,Exit short,2025-10-30 06:50,STP,629.89,1756,1102557.28,-3531.32,-0.32,1.76,4213.52,0.38,-3530.44,-0.32,319791.34,1279.17,3
2442,Entry short,2025-10-30 06:35,QQQREP|S|v1.1.7-rep|P1/10/4,627.88,1756,1102557.28,-3531.32,-0.32,1.76,4213.52,0.38,-3530.44,-0.32,319791.34,1279.17,3
2443,Exit short,2025-10-31 12:55,EOD,626.93,2185,1378603.9,8759.67,0.64,2.19,14223.26,1.03,-1093.59,-0.08,328551,1314.20,76
2443,Entry short,2025-10-31 06:35,QQQREP|S|v1.1.7-rep|P1/10/4,630.94,2185,1378603.9,8759.67,0.64,2.19,14223.26,1.03,-1093.59,-0.08,328551,1314.20,76
2444,Exit short,2025-11-03 12:55,EOD,629.82,2235,1414285.65,6635.72,0.47,2.24,11687.93,0.83,-23.47,0.00,335186.72,1340.75,76
2444,Entry short,2025-11-03 06:35,QQQREP|S|v1.1.7-rep|P1/10/4,632.79,2235,1414285.65,6635.72,0.47,2.24,11687.93,0.83,-23.47,0.00,335186.72,1340.75,76
2445,Exit short,2025-11-04 06:40,STP,621.35,1902,1178136.84,-3672.76,-0.31,1.9,550.63,0.05,-3671.81,-0.31,331513.94,1326.06,1
2445,Entry short,2025-11-04 06:35,QQQREP|S|v1.1.7-rep|P1/10/4,619.42,1902,1178136.84,-3672.76,-0.31,1.9,550.63,0.05,-3671.81,-0.31,331513.94,1326.06,1
2446,Exit short,2025-11-05 06:45,STP,617.08,1998,1229369.4,-3558.44,-0.29,2,678.32,0.06,-3557.44,-0.29,327955.5,1311.82,2
2446,Entry short,2025-11-05 06:35,QQQREP|S|v1.1.7-rep|P1/10/4,615.3,1998,1229369.4,-3558.44,-0.29,2,678.32,0.06,-3557.44,-0.29,327955.5,1311.82,2
2447,Exit short,2025-11-06 08:35,TGT,609.58,2281,1411574.04,21119.78,1.50,2.28,21120.92,1.50,-1529.41,-0.11,349075.28,1396.30,24
2447,Entry short,2025-11-06 06:35,QQQREP|S|v1.1.7-rep|P1/10/4,618.84,2281,1411574.04,21119.78,1.50,2.28,21120.92,1.50,-1529.41,-0.11,349075.28,1396.30,24
2448,Exit short,2025-11-07 12:55,EOD,607.53,1153,697415.11,-3068.13,-0.44,1.15,9650.03,1.38,-3286.63,-0.47,346007.16,1384.03,76
2448,Entry short,2025-11-07 06:35,QQQREP|S|v1.1.7-rep|P1/10/4,604.87,1153,697415.11,-3068.13,-0.44,1.15,9650.03,1.38,-3286.63,-0.47,346007.16,1384.03,76
2449,Exit long,2025-11-10 07:55,STP,616.31,2403,1483828.47,-2837.94,-0.19,2.4,5501.67,0.37,-2836.74,-0.19,343169.22,1372.68,16
2449,Entry long,2025-11-10 06:35,QQQREP|L|v1.1.7-rep|P1/10/4,617.49,2403,1483828.47,-2837.94,-0.19,2.4,5501.67,0.37,-2836.74,-0.19,343169.22,1372.68,16
2450,Exit long,2025-11-11 06:40,STP,618.12,2380,1472315.6,-1192.38,-0.08,2.38,1641.01,0.11,-1191.19,-0.08,341976.84,1367.91,1
2450,Entry long,2025-11-11 06:35,QQQREP|L|v1.1.7-rep|P1/10/4,618.62,2380,1472315.6,-1192.38,-0.08,2.38,1641.01,0.11,-1191.19,-0.08,341976.84,1367.91,1
2451,Exit short,2025-11-12 12:55,EOD,618.78,1503,932055.39,2027.55,0.22,1.5,6882.99,0.74,-962.67,-0.10,344004.38,1376.02,76
2451,Entry short,2025-11-12 06:35,QQQREP|S|v1.1.7-rep|P1/10/4,620.13,1503,932055.39,2027.55,0.22,1.5,6882.99,0.74,-962.67,-0.10,344004.38,1376.02,76
2452,Exit short,2025-11-13 12:55,EOD,606.14,2314,1421420.78,18810.51,1.32,2.31,24064.44,1.69,-3495.3,-0.25,362814.88,1451.26,76
2452,Entry short,2025-11-13 06:35,QQQREP|S|v1.1.7-rep|P1/10/4,614.27,2314,1421420.78,18810.51,1.32,2.31,24064.44,1.69,-3495.3,-0.25,362814.88,1451.26,76
2453,Exit short,2025-11-14 06:35,STP,598.25,1390,827661.6,-3907.29,-0.47,1.39,0,0.00,-3906.59,-0.47,358907.6,1435.63,0
2453,Entry short,2025-11-14 06:35,QQQREP|S|v1.1.7-rep|P1/10/4,595.44,1390,827661.6,-3907.29,-0.47,1.39,0,0.00,-3906.59,-0.47,358907.6,1435.63,0
2454,Exit long,2025-11-17 08:15,STP,603.04,1146,694945.86,-3863.17,-0.56,1.15,4388.61,0.63,-3862.59,-0.56,355044.44,1420.18,20
2454,Entry long,2025-11-17 06:35,QQQREP|L|v1.1.7-rep|P1/10/4,606.41,1146,694945.86,-3863.17,-0.56,1.15,4388.61,0.63,-3862.59,-0.56,355044.44,1420.18,20
2455,Exit long,2025-11-18 06:40,STP,596.15,2050,1226002.5,-3897.05,-0.32,2.05,2048.98,0.17,-3896.02,-0.32,351147.38,1404.59,1
2455,Entry long,2025-11-18 06:35,QQQREP|L|v1.1.7-rep|P1/10/4,598.05,2050,1226002.5,-3897.05,-0.32,2.05,2048.98,0.17,-3896.02,-0.32,351147.38,1404.59,1
2456,Exit long,2025-11-19 09:30,STP,593.98,2527,1504247.29,-3262.36,-0.22,2.53,21933.1,1.46,-3261.09,-0.22,347885.03,1391.54,35
2456,Entry long,2025-11-19 06:35,QQQREP|L|v1.1.7-rep|P1/10/4,595.27,2527,1504247.29,-3262.36,-0.22,2.53,21933.1,1.46,-3261.09,-0.22,347885.03,1391.54,35
2457,Exit short,2025-11-20 06:45,STP,610.13,2449,1491294.06,-2916.76,-0.20,2.45,2766.15,0.19,-2915.53,-0.20,344968.25,1379.87,2
2457,Entry short,2025-11-20 06:35,QQQREP|S|v1.1.7-rep|P1/10/4,608.94,2449,1491294.06,-2916.76,-0.20,2.45,2766.15,0.19,-2915.53,-0.20,344968.25,1379.87,2
2458,Exit long,2025-11-21 06:40,STP,584.3,2236,1310139.48,-3646.92,-0.28,2.24,2279.6,0.17,-3645.8,-0.28,341321.34,1365.29,1
2458,Entry long,2025-11-21 06:35,QQQREP|L|v1.1.7-rep|P1/10/4,585.93,2236,1310139.48,-3646.92,-0.28,2.24,2279.6,0.17,-3645.8,-0.28,341321.34,1365.29,1
2459,Exit long,2025-11-24 12:55,EOD,603.14,928,553978.88,5734.11,1.04,0.93,6968.82,1.26,-2301.9,-0.42,347055.47,1388.22,76
2459,Entry long,2025-11-24 06:35,QQQREP|L|v1.1.7-rep|P1/10/4,596.96,928,553978.88,5734.11,1.04,0.93,6968.82,1.26,-2301.9,-0.42,347055.47,1388.22,76
2460,Exit short,2025-11-25 08:20,STP,601.87,2475,1487970,-1660.72,-0.11,2.48,14923.01,1.00,-1659.49,-0.11,345394.75,1381.58,21
2460,Entry short,2025-11-25 06:35,QQQREP|S|v1.1.7-rep|P1/10/4,601.2,2475,1487970,-1660.72,-0.11,2.48,14923.01,1.00,-1659.49,-0.11,345394.75,1381.58,21
2461,Exit long,2025-11-26 06:35,STP,609.94,2425,1480996,-1893.92,-0.13,2.42,1090.04,0.07,-1892.71,-0.13,343500.8,1374.00,0
2461,Entry long,2025-11-26 06:35,QQQREP|L|v1.1.7-rep|P1/10/4,610.72,2425,1480996,-1893.92,-0.13,2.42,1090.04,0.07,-1892.71,-0.13,343500.8,1374.00,0
2462,Exit long,2025-11-28 06:40,STP,613.7,2397,1473579.72,-2543.22,-0.17,2.4,1317.15,0.09,-2542.02,-0.17,340957.6,1363.83,1
2462,Entry long,2025-11-28 06:35,QQQREP|L|v1.1.7-rep|P1/10/4,614.76,2397,1473579.72,-2543.22,-0.17,2.4,1317.15,0.09,-2542.02,-0.17,340957.6,1363.83,1
2463,Exit long,2025-12-01 06:40,STP,610.89,2390,1463755.5,-3730.79,-0.25,2.39,1169.91,0.08,-3729.59,-0.25,337226.8,1348.91,1
2463,Entry long,2025-12-01 06:35,QQQREP|L|v1.1.7-rep|P1/10/4,612.45,2390,1463755.5,-3730.79,-0.25,2.39,1169.91,0.08,-3729.59,-0.25,337226.8,1348.91,1
2464,Exit long,2025-12-02 08:20,STP,616.71,2344,1448498.24,-2932.34,-0.20,2.34,8249.71,0.57,-2931.17,-0.20,334294.47,1337.18,21
2464,Entry long,2025-12-02 06:35,QQQREP|L|v1.1.7-rep|P1/10/4,617.96,2344,1448498.24,-2932.34,-0.20,2.34,8249.71,0.57,-2931.17,-0.20,334294.47,1337.18,21
2465,Exit short,2025-12-03 07:00,STP,618.4,2311,1425309.25,-3815.46,-0.27,2.31,2194.29,0.15,-3814.31,-0.27,330479,1321.92,5
2465,Entry short,2025-12-03 06:35,QQQREP|S|v1.1.7-rep|P1/10/4,616.75,2311,1425309.25,-3815.46,-0.27,2.31,2194.29,0.15,-3814.31,-0.27,330479,1321.92,5
2466,Exit short,2025-12-04 12:55,EOD,620.61,1025,634669.75,-1456.52,-0.23,1.02,1946.99,0.31,-2060.76,-0.32,329022.47,1316.09,76
2466,Entry short,2025-12-04 06:35,QQQREP|S|v1.1.7-rep|P1/10/4,619.19,1025,634669.75,-1456.52,-0.23,1.02,1946.99,0.31,-2060.76,-0.32,329022.47,1316.09,76
2467,Exit long,2025-12-05 06:40,STP,622.07,1860,1160658.6,-3610.26,-0.31,1.86,780.27,0.07,-3609.33,-0.31,325412.22,1301.65,1
2467,Entry long,2025-12-05 06:35,QQQREP|L|v1.1.7-rep|P1/10/4,624.01,1860,1160658.6,-3610.26,-0.31,1.86,780.27,0.07,-3609.33,-0.31,325412.22,1301.65,1
2468,Exit long,2025-12-08 06:40,STP,624.59,2239,1401210.98,-2756.21,-0.20,2.24,155.61,0.01,-2755.09,-0.20,322656,1290.62,1
2468,Entry long,2025-12-08 06:35,QQQREP|L|v1.1.7-rep|P1/10/4,625.82,2239,1401210.98,-2756.21,-0.20,2.24,155.61,0.01,-2755.09,-0.20,322656,1290.62,1
2469,Exit short,2025-12-09 06:35,STP,621.26,2243,1390368.41,-3120.01,-0.22,2.24,268.04,0.02,-3118.89,-0.22,319536,1278.14,0
2469,Entry short,2025-12-09 06:35,QQQREP|S|v1.1.7-rep|P1/10/4,619.87,2243,1390368.41,-3120.01,-0.22,2.24,268.04,0.02,-3118.89,-0.22,319536,1278.14,0
2470,Exit short,2025-12-10 06:45,STP,621.92,2219,1377621.77,-2420.93,-0.18,2.22,2595.12,0.19,-2419.82,-0.18,317115.06,1268.46,2
2470,Entry short,2025-12-10 06:35,QQQREP|S|v1.1.7-rep|P1/10/4,620.83,2219,1377621.77,-2420.93,-0.18,2.22,2595.12,0.19,-2419.82,-0.18,317115.06,1268.46,2
2471,Exit short,2025-12-11 10:35,STP,621.7,1897,1175950.3,-3416.5,-0.29,1.9,8383.79,0.71,-3415.55,-0.29,313698.56,1254.79,48
2471,Entry short,2025-12-11 06:35,QQQREP|S|v1.1.7-rep|P1/10/4,619.9,1897,1175950.3,-3416.5,-0.29,1.9,8383.79,0.71,-3415.55,-0.29,313698.56,1254.79,48
2472,Exit long,2025-12-12 06:45,STP,619.03,2184,1354429.44,-2470.1,-0.18,2.18,2423.15,0.18,-2469.01,-0.18,311228.47,1244.91,2
2472,Entry long,2025-12-12 06:35,QQQREP|L|v1.1.7-rep|P1/10/4,620.16,2184,1354429.44,-2470.1,-0.18,2.18,2423.15,0.18,-2469.01,-0.18,311228.47,1244.91,2
2473,Exit short,2025-12-15 12:55,EOD,608.24,1493,916672.14,8568.33,0.93,1.49,10256.16,1.12,-1822.21,-0.20,319796.78,1279.19,76
2473,Entry short,2025-12-15 06:35,QQQREP|S|v1.1.7-rep|P1/10/4,613.98,1493,916672.14,8568.33,0.93,1.49,10256.16,1.12,-1822.21,-0.20,319796.78,1279.19,76
2474,Exit long,2025-12-16 06:45,STP,605.52,1901,1154477.3,-3385.68,-0.29,1.9,2907.58,0.25,-3384.73,-0.29,316411.1,1265.64,2
2474,Entry long,2025-12-16 06:35,QQQREP|L|v1.1.7-rep|P1/10/4,607.3,1901,1154477.3,-3385.68,-0.29,1.9,2907.58,0.25,-3384.73,-0.29,316411.1,1265.64,2
2475,Exit short,2025-12-17 10:40,TGT,599.78,2237,1365352.95,23642.85,1.73,2.24,23643.97,1.73,-157.71,-0.01,340053.97,1360.22,49
2475,Entry short,2025-12-17 06:35,QQQREP|S|v1.1.7-rep|P1/10/4,610.35,2237,1365352.95,23642.85,1.73,2.24,23643.97,1.73,-157.71,-0.01,340053.97,1360.22,49
2476,Exit short,2025-12-18 07:25,STP,608.72,2404,1459949.2,-3416.08,-0.23,2.4,6225.16,0.43,-3414.88,-0.23,336637.88,1346.55,10
2476,Entry short,2025-12-18 06:35,QQQREP|S|v1.1.7-rep|P1/10/4,607.3,2404,1459949.2,-3416.08,-0.23,2.4,6225.16,0.43,-3414.88,-0.23,336637.88,1346.55,10
2477,Exit long,2025-12-19 12:55,EOD,615.01,1584,969360.48,4813.78,0.50,1.58,5384.81,0.56,-1838.23,-0.19,341451.66,1365.81,76
2477,Entry long,2025-12-19 06:35,QQQREP|L|v1.1.7-rep|P1/10/4,611.97,1584,969360.48,4813.78,0.50,1.58,5384.81,0.56,-1838.23,-0.19,341451.66,1365.81,76
2478,Exit short,2025-12-22 12:55,EOD,617.71,1783,1102107.96,729.25,0.07,1.78,3226.34,0.29,-2229.64,-0.20,342180.9,1368.72,76
2478,Entry short,2025-12-22 06:35,QQQREP|S|v1.1.7-rep|P1/10/4,618.12,1783,1102107.96,729.25,0.07,1.78,3226.34,0.29,-2229.64,-0.20,342180.9,1368.72,76
2479,Exit long,2025-12-23 07:00,STP,616.59,2271,1403886.78,-3613.16,-0.26,2.27,2428.83,0.17,-3612.03,-0.26,338567.75,1354.27,5
2479,Entry long,2025-12-23 06:35,QQQREP|L|v1.1.7-rep|P1/10/4,618.18,2271,1403886.78,-3613.16,-0.26,2.27,2428.83,0.17,-3612.03,-0.26,338567.75,1354.27,5
2480,Exit long,2025-12-24 09:55,EOD,622.45,2341,1454041.92,3111.19,0.21,2.34,3955.12,0.27,-1850.56,-0.13,341678.94,1366.72,40
2480,Entry long,2025-12-24 06:35,QQQREP|L|v1.1.7-rep|P1/10/4,621.12,2341,1454041.92,3111.19,0.21,2.34,3955.12,0.27,-1850.56,-0.13,341678.94,1366.72,40
2481,Exit long,2025-12-26 07:00,STP,622.38,2353,1466483.72,-2025.93,-0.14,2.35,1881.22,0.13,-2024.76,-0.14,339653,1358.61,5
2481,Entry long,2025-12-26 06:35,QQQREP|L|v1.1.7-rep|P1/10/4,623.24,2353,1466483.72,-2025.93,-0.14,2.35,1881.22,0.13,-2024.76,-0.14,339653,1358.61,5
2482,Exit long,2025-12-29 07:10,STP,617.65,2356,1458340.44,-3159.4,-0.22,2.36,5464.74,0.37,-3158.22,-0.22,336493.6,1345.97,7
2482,Entry long,2025-12-29 06:35,QQQREP|L|v1.1.7-rep|P1/10/4,618.99,2356,1458340.44,-3159.4,-0.22,2.36,5464.74,0.37,-3158.22,-0.22,336493.6,1345.97,7
2483,Exit long,2025-12-30 06:35,STP,618.27,2335,1445481.75,-1823.63,-0.13,2.34,232.33,0.02,-1822.47,-0.13,334669.97,1338.68,0
2483,Entry long,2025-12-30 06:35,QQQREP|L|v1.1.7-rep|P1/10/4,619.05,2335,1445481.75,-1823.63,-0.13,2.34,232.33,0.02,-1822.47,-0.13,334669.97,1338.68,0
2484,Exit short,2025-12-31 12:55,EOD,612.81,2328,1438541.04,11917.03,0.83,2.33,12407.08,0.86,-792.68,-0.06,346587,1386.35,76
2484,Entry short,2025-12-31 06:35,QQQREP|S|v1.1.7-rep|P1/10/4,617.93,2328,1438541.04,11917.03,0.83,2.33,12407.08,0.86,-792.68,-0.06,346587,1386.35,76
2485,Exit short,2026-01-02 06:45,STP,619.72,2403,1486111.32,-3078.24,-0.21,2.4,2401.8,0.16,-3077.04,-0.21,343508.75,1374.04,2
2485,Entry short,2026-01-02 06:35,QQQREP|S|v1.1.7-rep|P1/10/4,618.44,2403,1486111.32,-3078.24,-0.21,2.4,2401.8,0.16,-3077.04,-0.21,343508.75,1374.04,2
2486,Exit short,2026-01-05 07:25,STP,618.52,1837,1132547.24,-3675.84,-0.32,1.84,2295.33,0.20,-3674.92,-0.32,339832.9,1359.33,10
2486,Entry short,2026-01-05 06:35,QQQREP|S|v1.1.7-rep|P1/10/4,616.52,1837,1132547.24,-3675.84,-0.32,1.84,2295.33,0.20,-3674.92,-0.32,339832.9,1359.33,10
2487,Exit long,2026-01-06 06:35,STP,617.66,2361,1459239.66,-946.76,-0.06,2.36,0,0.00,-945.58,-0.06,338886.16,1355.54,0
2487,Entry long,2026-01-06 06:35,QQQREP|L|v1.1.7-rep|P1/10/4,618.06,2361,1459239.66,-946.76,-0.06,2.36,0,0.00,-945.58,-0.06,338886.16,1355.54,0
2488,Exit long,2026-01-07 12:55,EOD,622.54,2338,1455007.54,488.64,0.03,2.34,9654.77,0.66,-1380.59,-0.09,339374.8,1357.50,76
2488,Entry long,2026-01-07 06:35,QQQREP|L|v1.1.7-rep|P1/10/4,622.33,2338,1455007.54,488.64,0.03,2.34,9654.77,0.66,-1380.59,-0.09,339374.8,1357.50,76
2489,Exit short,2026-01-08 12:55,EOD,618.97,1574,975297.62,1037.27,0.11,1.57,5177.67,0.53,-866.49,-0.09,340412.06,1361.65,76
2489,Entry short,2026-01-08 06:35,QQQREP|S|v1.1.7-rep|P1/10/4,619.63,1574,975297.62,1037.27,0.11,1.57,5177.67,0.53,-866.49,-0.09,340412.06,1361.65,76
2490,Exit short,2026-01-09 06:35,STP,619.95,2361,1461577.05,-2127.26,-0.15,2.36,164.09,0.01,-2126.08,-0.15,338284.8,1353.14,0
2490,Entry short,2026-01-09 06:35,QQQREP|S|v1.1.7-rep|P1/10/4,619.05,2361,1461577.05,-2127.26,-0.15,2.36,164.09,0.01,-2126.08,-0.15,338284.8,1353.14,0
2491,Exit long,2026-01-12 12:55,EOD,625.7,1358,846658.68,3040.56,0.36,1.36,5295.52,0.63,-720.42,-0.09,341325.38,1365.30,76
2491,Entry long,2026-01-12 06:35,QQQREP|L|v1.1.7-rep|P1/10/4,623.46,1358,846658.68,3040.56,0.36,1.36,5295.52,0.63,-720.42,-0.09,341325.38,1365.30,76
2492,Exit long,2026-01-13 07:00,STP,625.32,2338,1464944.04,-2948.22,-0.20,2.34,3295.41,0.22,-2947.05,-0.20,338377.16,1353.51,5
2492,Entry long,2026-01-13 06:35,QQQREP|L|v1.1.7-rep|P1/10/4,626.58,2338,1464944.04,-2948.22,-0.20,2.34,3295.41,0.22,-2947.05,-0.20,338377.16,1353.51,5
2493,Exit long,2026-01-14 06:40,STP,619.05,1354,841849.5,-3657.15,-0.43,1.35,310.74,0.04,-3656.48,-0.43,334720,1338.88,1
2493,Entry long,2026-01-14 06:35,QQQREP|L|v1.1.7-rep|P1/10/4,621.75,1354,841849.5,-3657.15,-0.43,1.35,310.74,0.04,-3656.48,-0.43,334720,1338.88,1
2494,Exit short,2026-01-15 06:45,STP,625.66,2304,1438364.16,-3158.78,-0.22,2.3,1957.25,0.14,-3157.63,-0.22,331561.22,1326.24,2
2494,Entry short,2026-01-15 06:35,QQQREP|S|v1.1.7-rep|P1/10/4,624.29,2304,1438364.16,-3158.78,-0.22,2.3,1957.25,0.14,-3157.63,-0.22,331561.22,1326.24,2
2495,Exit short,2026-01-16 07:40,TGT,617.73,2285,1425794.3,14278.97,1.00,2.29,14280.11,1.00,-800.89,-0.06,345840.2,1383.36,13
2495,Entry short,2026-01-16 06:35,QQQREP|S|v1.1.7-rep|P1/10/4,623.98,2285,1425794.3,14278.97,1.00,2.29,14280.11,1.00,-800.89,-0.06,345840.2,1383.36,13
2496,Exit long,2026-01-20 10:30,STP,608.88,1361,832387.6,-3703.28,-0.44,1.36,2707.71,0.33,-3702.6,-0.44,342136.9,1368.55,47
2496,Entry long,2026-01-20 06:35,QQQREP|L|v1.1.7-rep|P1/10/4,611.6,1361,832387.6,-3703.28,-0.44,1.36,2707.71,0.33,-3702.6,-0.44,342136.9,1368.55,47
2497,Exit short,2026-01-21 06:45,STP,608.68,2418,1468427.22,-3363.44,-0.23,2.42,2054.09,0.14,-3362.23,-0.23,338773.47,1355.09,2
2497,Entry short,2026-01-21 06:35,QQQREP|S|v1.1.7-rep|P1/10/4,607.29,2418,1468427.22,-3363.44,-0.23,2.42,2054.09,0.14,-3362.23,-0.23,338773.47,1355.09,2
2498,Exit short,2026-01-22 12:55,EOD,619.32,2349,1454970.6,185.57,0.01,2.35,7233.75,0.50,-3148.83,-0.22,338959.03,1355.84,76
2498,Entry short,2026-01-22 06:35,QQQREP|S|v1.1.7-rep|P1/10/4,619.4,2349,1454970.6,185.57,0.01,2.35,7233.75,0.50,-3148.83,-0.22,338959.03,1355.84,76
2499,Exit short,2026-01-23 06:55,STP,619.33,2356,1455631.04,-3512.8,-0.24,2.36,1530.22,0.11,-3511.62,-0.24,335446.22,1341.78,4
2499,Entry short,2026-01-23 06:35,QQQREP|S|v1.1.7-rep|P1/10/4,617.84,2356,1455631.04,-3512.8,-0.24,2.36,1530.22,0.11,-3511.62,-0.24,335446.22,1341.78,4
2500,Exit long,2026-01-26 12:55,EOD,623.99,2317,1441660.57,4121.94,0.29,2.32,9058.31,0.63,-93.84,-0.01,339568.2,1358.27,76
2500,Entry long,2026-01-26 06:35,QQQREP|L|v1.1.7-rep|P1/10/4,622.21,2317,1441660.57,4121.94,0.29,2.32,9058.31,0.63,-93.84,-0.01,339568.2,1358.27,76
2501,Exit short,2026-01-27 06:50,STP,628.14,2326,1458308.96,-2747.01,-0.19,2.33,2557.44,0.18,-2745.84,-0.19,336821.16,1347.28,3
2501,Entry short,2026-01-27 06:35,QQQREP|S|v1.1.7-rep|P1/10/4,626.96,2326,1458308.96,-2747.01,-0.19,2.33,2557.44,0.18,-2745.84,-0.19,336821.16,1347.28,3
2502,Exit short,2026-01-28 06:40,STP,634.83,2283,1447102.38,-2216.79,-0.15,2.28,1893.75,0.13,-2215.65,-0.15,334604.38,1338.42,1
2502,Entry short,2026-01-28 06:35,QQQREP|S|v1.1.7-rep|P1/10/4,633.86,2283,1447102.38,-2216.79,-0.15,2.28,1893.75,0.13,-2215.65,-0.15,334604.38,1338.42,1
2503,Exit short,2026-01-29 12:55,EOD,627.87,1927,1214645.91,4738.49,0.39,1.93,26032.81,2.14,-58.77,0.00,339342.88,1357.37,76
2503,Entry short,2026-01-29 06:35,QQQREP|S|v1.1.7-rep|P1/10/4,630.33,1927,1214645.91,4738.49,0.39,1.93,26032.81,2.14,-58.77,0.00,339342.88,1357.37,76
2504,Exit long,2026-01-30 06:55,STP,623.72,1952,1221093.12,-3593.63,-0.29,1.95,2321.9,0.19,-3592.66,-0.29,335749.22,1343.00,4
2504,Entry long,2026-01-30 06:35,QQQREP|L|v1.1.7-rep|P1/10/4,625.56,1952,1221093.12,-3593.63,-0.29,1.95,2321.9,0.19,-3592.66,-0.29,335749.22,1343.00,4
2505,Exit long,2026-02-02 12:55,EOD,624.75,1532,949211.88,7903.59,0.83,1.53,11366.67,1.20,-690.17,-0.07,343652.8,1374.61,76
2505,Entry long,2026-02-02 06:35,QQQREP|L|v1.1.7-rep|P1/10/4,619.59,1532,949211.88,7903.59,0.83,1.53,11366.67,1.20,-690.17,-0.07,343652.8,1374.61,76
2506,Exit short,2026-02-03 12:55,EOD,615.01,1997,1248863.89,20686.92,1.66,2,31651.45,2.53,-819.77,-0.07,364339.75,1457.36,76
2506,Entry short,2026-02-03 06:35,QQQREP|S|v1.1.7-rep|P1/10/4,625.37,1997,1248863.89,20686.92,1.66,2,31651.45,2.53,-819.77,-0.07,364339.75,1457.36,76
2507,Exit short,2026-02-04 06:40,STP,613.63,1592,972998.56,-3901.99,-0.40,1.59,795.2,0.08,-3901.2,-0.40,360437.75,1441.75,1
2507,Entry short,2026-02-04 06:35,QQQREP|S|v1.1.7-rep|P1/10/4,611.18,1592,972998.56,-3901.99,-0.40,1.59,795.2,0.08,-3901.2,-0.40,360437.75,1441.75,1
2508,Exit long,2026-02-05 07:05,STP,595.94,990,593792.1,-3812.49,-0.64,0.99,3553.61,0.60,-3811.99,-0.64,356625.25,1426.50,6
2508,Entry long,2026-02-05 06:35,QQQREP|L|v1.1.7-rep|P1/10/4,599.79,990,593792.1,-3812.49,-0.64,0.99,3553.61,0.60,-3811.99,-0.64,356625.25,1426.50,6
2509,Exit long,2026-02-06 12:55,EOD,608.11,1011,607752.54,7045.66,1.16,1.01,8916.52,1.47,-2770.65,-0.46,363670.94,1454.68,76
2509,Entry long,2026-02-06 06:35,QQQREP|L|v1.1.7-rep|P1/10/4,601.14,1011,607752.54,7045.66,1.16,1.01,8916.52,1.47,-2770.65,-0.46,363670.94,1454.68,76
2510,Exit short,2026-02-09 06:35,STP,606.47,2566,1554354.5,-1850.09,-0.12,2.57,1794.92,0.12,-1848.8,-0.12,361820.84,1447.28,0
2510,Entry short,2026-02-09 06:35,QQQREP|S|v1.1.7-rep|P1/10/4,605.75,2566,1554354.5,-1850.09,-0.12,2.57,1794.92,0.12,-1848.8,-0.12,361820.84,1447.28,0
2511,Exit short,2026-02-10 07:05,STP,614.69,2521,1546910.81,-2725.2,-0.18,2.52,6578.55,0.43,-2723.94,-0.18,359095.62,1436.38,6
2511,Entry short,2026-02-10 06:35,QQQREP|S|v1.1.7-rep|P1/10/4,613.61,2521,1546910.81,-2725.2,-0.18,2.52,6578.55,0.43,-2723.94,-0.18,359095.62,1436.38,6
2512,Exit short,2026-02-11 12:55,EOD,611.52,2047,1257226.46,5442.97,0.43,2.05,16211.22,1.29,-2334.6,-0.19,364538.6,1458.15,76
2512,Entry short,2026-02-11 06:35,QQQREP|S|v1.1.7-rep|P1/10/4,614.18,2047,1257226.46,5442.97,0.43,2.05,16211.22,1.29,-2334.6,-0.19,364538.6,1458.15,76
2513,Exit long,2026-02-12 06:40,STP,612.6,2539,1557828.84,-2439.98,-0.16,2.54,2029.93,0.13,-2438.71,-0.16,362098.62,1448.39,1
2513,Entry long,2026-02-12 06:35,QQQREP|L|v1.1.7-rep|P1/10/4,613.56,2539,1557828.84,-2439.98,-0.16,2.54,2029.93,0.13,-2438.71,-0.16,362098.62,1448.39,1
2514,Exit short,2026-02-13 06:45,STP,600.38,2010,1202864.4,-3901.41,-0.32,2.01,6893.3,0.57,-3900.4,-0.32,358197.22,1432.79,2
2514,Entry short,2026-02-13 06:35,QQQREP|S|v1.1.7-rep|P1/10/4,598.44,2010,1202864.4,-3901.41,-0.32,2.01,6893.3,0.57,-3900.4,-0.32,358197.22,1432.79,2
2515,Exit long,2026-02-17 06:50,STP,595.71,1049,628770.6,-3871.86,-0.62,1.05,1447.1,0.23,-3871.33,-0.62,354325.38,1417.30,3
2515,Entry long,2026-02-17 06:35,QQQREP|L|v1.1.7-rep|P1/10/4,599.4,1049,628770.6,-3871.86,-0.62,1.05,1447.1,0.23,-3871.33,-0.62,354325.38,1417.30,3
2516,Exit short,2026-02-18 06:35,STP,601.28,2437,1461273.94,-4047.86,-0.28,2.44,534.92,0.04,-4046.64,-0.28,350277.5,1401.11,0
2516,Entry short,2026-02-18 06:35,QQQREP|S|v1.1.7-rep|P1/10/4,599.62,2437,1461273.94,-4047.86,-0.28,2.44,534.92,0.04,-4046.64,-0.28,350277.5,1401.11,0
2517,Exit long,2026-02-19 06:35,STP,600.93,2495,1500443.1,-1125.24,-0.07,2.5,223.3,0.01,-1124,-0.07,349152.25,1396.61,0
2517,Entry long,2026-02-19 06:35,QQQREP|L|v1.1.7-rep|P1/10/4,601.38,2495,1500443.1,-1125.24,-0.07,2.5,223.3,0.01,-1124,-0.07,349152.25,1396.61,0
2518,Exit long,2026-02-20 12:55,EOD,607.36,1217,731295.3,7860.6,1.07,1.22,9747.56,1.33,-353.54,-0.05,357012.88,1428.05,76
2518,Entry long,2026-02-20 06:35,QQQREP|L|v1.1.7-rep|P1/10/4,600.9,1217,731295.3,7860.6,1.07,1.22,9747.56,1.33,-353.54,-0.05,357012.88,1428.05,76
2519,Exit long,2026-02-23 06:35,STP,604.91,2522,1527651.06,-2070.56,-0.14,2.52,1411.06,0.09,-2069.3,-0.14,354942.3,1419.77,0
2519,Entry long,2026-02-23 06:35,QQQREP|L|v1.1.7-rep|P1/10/4,605.73,2522,1527651.06,-2070.56,-0.14,2.52,1411.06,0.09,-2069.3,-0.14,354942.3,1419.77,0
2520,Exit short,2026-02-24 06:40,STP,601.45,1822,1092015.7,-3828.02,-0.35,1.82,1857.53,0.17,-3827.11,-0.35,351114.28,1404.46,1
2520,Entry short,2026-02-24 06:35,QQQREP|S|v1.1.7-rep|P1/10/4,599.35,1822,1092015.7,-3828.02,-0.35,1.82,1857.53,0.17,-3827.11,-0.35,351114.28,1404.46,1
2521,Exit long,2026-02-25 12:55,EOD,615.09,2448,1495997.28,9740.59,0.65,2.45,10525.18,0.70,-270.5,-0.02,360854.88,1443.42,76
2521,Entry long,2026-02-25 06:35,QQQREP|L|v1.1.7-rep|P1/10/4,611.11,2448,1495997.28,9740.59,0.65,2.45,10525.18,0.70,-270.5,-0.02,360854.88,1443.42,76
2522,Exit short,2026-02-26 12:55,EOD,607.84,2235,1368758.7,10234.07,0.75,2.24,22035.98,1.61,-1230.37,-0.09,371088.94,1484.36,76
2522,Entry short,2026-02-26 06:35,QQQREP|S|v1.1.7-rep|P1/10/4,612.42,2235,1368758.7,10234.07,0.75,2.24,22035.98,1.61,-1230.37,-0.09,371088.94,1484.36,76
2523,Exit long,2026-02-27 06:40,STP,601.3,2205,1330011.9,-4147.6,-0.31,2.21,1366,0.10,-4146.5,-0.31,366941.34,1467.77,1
2523,Entry long,2026-02-27 06:35,QQQREP|L|v1.1.7-rep|P1/10/4,603.18,2205,1330011.9,-4147.6,-0.31,2.21,1366,0.10,-4146.5,-0.31,366941.34,1467.77,1
2524,Exit long,2026-03-02 12:55,EOD,606.61,719,432917.09,3234.78,0.75,0.72,4579.67,1.06,-647.46,-0.15,370176.12,1480.70,76
2524,Entry long,2026-03-02 06:35,QQQREP|L|v1.1.7-rep|P1/10/4,602.11,719,432917.09,3234.78,0.75,0.72,4579.67,1.06,-647.46,-0.15,370176.12,1480.70,76
2525,Exit short,2026-03-03 06:35,STP,597.09,1714,1019418.64,-3995.33,-0.39,1.71,958.98,0.09,-3994.48,-0.39,366180.78,1464.72,0
2525,Entry short,2026-03-03 06:35,QQQREP|S|v1.1.7-rep|P1/10/4,594.76,1714,1019418.64,-3995.33,-0.39,1.71,958.98,0.09,-3994.48,-0.39,366180.78,1464.72,0
2526,Exit long,2026-03-04 06:45,STP,602.3,1273,770661.47,-3934.84,-0.51,1.27,139.39,0.02,-3934.21,-0.51,362245.94,1448.98,2
2526,Entry long,2026-03-04 06:35,QQQREP|L|v1.1.7-rep|P1/10/4,605.39,1273,770661.47,-3934.84,-0.51,1.27,139.39,0.02,-3934.21,-0.51,362245.94,1448.98,2
2527,Exit long,2026-03-05 07:30,STP,605.94,1487,904928.72,-3897.43,-0.43,1.49,4103.38,0.45,-3896.68,-0.43,358348.5,1433.39,11
2527,Entry long,2026-03-05 06:35,QQQREP|L|v1.1.7-rep|P1/10/4,608.56,1487,904928.72,-3897.43,-0.43,1.49,4103.38,0.45,-3896.68,-0.43,358348.5,1433.39,11
2528,Exit long,2026-03-06 06:35,STP,598.16,2558,1533290.78,-3200.06,-0.21,2.56,612.64,0.04,-3198.78,-0.21,355148.44,1420.59,0
2528,Entry long,2026-03-06 06:35,QQQREP|L|v1.1.7-rep|P1/10/4,599.41,2558,1533290.78,-3200.06,-0.21,2.56,612.64,0.04,-3198.78,-0.21,355148.44,1420.59,0
2529,Exit long,2026-03-09 06:35,STP,592.63,2560,1520486.4,-3356.16,-0.22,2.56,920.32,0.06,-3354.88,-0.22,351792.28,1407.17,0
2529,Entry long,2026-03-09 06:35,QQQREP|L|v1.1.7-rep|P1/10/4,593.94,2560,1520486.4,-3356.16,-0.22,2.56,920.32,0.06,-3354.88,-0.22,351792.28,1407.17,0
2530,Exit long,2026-03-10 06:40,STP,606.34,2482,1507144.86,-2211.46,-0.15,2.48,668.9,0.04,-2210.22,-0.15,349580.8,1398.32,1
2530,Entry long,2026-03-10 06:35,QQQREP|L|v1.1.7-rep|P1/10/4,607.23,2482,1507144.86,-2211.46,-0.15,2.48,668.9,0.04,-2210.22,-0.15,349580.8,1398.32,1
2531,Exit long,2026-03-11 06:45,STP,607.51,2462,1498176.24,-2489.08,-0.17,2.46,2239.19,0.15,-2487.85,-0.17,347091.75,1388.37,2
2531,Entry long,2026-03-11 06:35,QQQREP|L|v1.1.7-rep|P1/10/4,608.52,2462,1498176.24,-2489.08,-0.17,2.46,2239.19,0.15,-2487.85,-0.17,347091.75,1388.37,2
2532,Exit long,2026-03-12 06:45,STP,600.53,2233,1344734.93,-3753.67,-0.28,2.23,1115.38,0.08,-3752.56,-0.28,343338.06,1373.35,2
2532,Entry long,2026-03-12 06:35,QQQREP|L|v1.1.7-rep|P1/10/4,602.21,2233,1344734.93,-3753.67,-0.28,2.23,1115.38,0.08,-3752.56,-0.28,343338.06,1373.35,2
2533,Exit long,2026-03-13 06:35,STP,598.14,2460,1472777.4,-1355.46,-0.09,2.46,2015.97,0.14,-1354.23,-0.09,341982.62,1367.93,0
2533,Entry long,2026-03-13 06:35,QQQREP|L|v1.1.7-rep|P1/10/4,598.69,2460,1472777.4,-1355.46,-0.09,2.46,2015.97,0.14,-1354.23,-0.09,341982.62,1367.93,0
2534,Exit long,2026-03-16 07:50,STP,597.81,2242,1343966.9,-3679.12,-0.27,2.24,3877.54,0.29,-3678,-0.27,338303.5,1353.21,15
2534,Entry long,2026-03-16 06:35,QQQREP|L|v1.1.7-rep|P1/10/4,599.45,2242,1343966.9,-3679.12,-0.27,2.24,3877.54,0.29,-3678,-0.27,338303.5,1353.21,15
2535,Exit long,2026-03-17 08:35,STP,600.86,1618,975831.98,-3642.12,-0.37,1.62,2199.67,0.23,-3641.31,-0.37,334661.38,1338.65,24
2535,Entry long,2026-03-17 06:35,QQQREP|L|v1.1.7-rep|P1/10/4,603.11,1618,975831.98,-3642.12,-0.37,1.62,2199.67,0.23,-3641.31,-0.37,334661.38,1338.65,24
2536,Exit long,2026-03-18 07:10,STP,599.53,2396,1438702.16,-2230.68,-0.16,2.4,3041.72,0.21,-2229.48,-0.15,332430.7,1329.72,7
2536,Entry long,2026-03-18 06:35,QQQREP|L|v1.1.7-rep|P1/10/4,600.46,2396,1438702.16,-2230.68,-0.16,2.4,3041.72,0.21,-2229.48,-0.15,332430.7,1329.72,7
2537,Exit short,2026-03-19 06:40,STP,588.16,2082,1220947.26,-3603.94,-0.30,2.08,1518.82,0.12,-3602.9,-0.30,328826.75,1315.31,1
2537,Entry short,2026-03-19 06:35,QQQREP|S|v1.1.7-rep|P1/10/4,586.43,2082,1220947.26,-3603.94,-0.30,2.08,1518.82,0.12,-3602.9,-0.30,328826.75,1315.31,1
2538,Exit short,2026-03-20 12:55,EOD,580.73,1672,982584.24,11602.01,1.18,1.67,17538.44,1.78,-2793.08,-0.28,340428.75,1361.72,76
2538,Entry short,2026-03-20 06:35,QQQREP|S|v1.1.7-rep|P1/10/4,587.67,1672,982584.24,11602.01,1.18,1.67,17538.44,1.78,-2793.08,-0.28,340428.75,1361.72,76
2539,Exit short,2026-03-23 06:35,STP,590.36,2479,1461519.24,-1985.68,-0.14,2.48,2205.07,0.15,-1984.44,-0.14,338443.1,1353.77,0
2539,Entry short,2026-03-23 06:35,QQQREP|S|v1.1.7-rep|P1/10/4,589.56,2479,1461519.24,-1985.68,-0.14,2.48,2205.07,0.15,-1984.44,-0.14,338443.1,1353.77,0
2540,Exit long,2026-03-24 06:35,STP,583.5,1999,1170234.59,-3820.09,-0.33,2,298.85,0.03,-3819.09,-0.33,334623,1338.49,0
2540,Entry long,2026-03-24 06:35,QQQREP|L|v1.1.7-rep|P1/10/4,585.41,1999,1170234.59,-3820.09,-0.33,2,298.85,0.03,-3819.09,-0.33,334623,1338.49,0
2541,Exit long,2026-03-25 06:45,STP,588.35,2441,1438505.71,-2345.8,-0.16,2.44,3440.59,0.24,-2344.58,-0.16,332277.2,1329.11,2
2541,Entry long,2026-03-25 06:35,QQQREP|L|v1.1.7-rep|P1/10/4,589.31,2441,1438505.71,-2345.8,-0.16,2.44,3440.59,0.24,-2344.58,-0.16,332277.2,1329.11,2
2542,Exit short,2026-03-26 06:40,STP,581.97,2458,1428392.96,-2091.76,-0.15,2.46,3218.75,0.23,-2090.53,-0.15,330185.44,1320.74,1
2542,Entry short,2026-03-26 06:35,QQQREP|S|v1.1.7-rep|P1/10/4,581.12,2458,1428392.96,-2091.76,-0.15,2.46,3218.75,0.23,-2090.53,-0.15,330185.44,1320.74,1
2543,Exit short,2026-03-27 12:55,EOD,561.87,1481,841282.05,9151.1,1.09,1.48,10514.36,1.25,-2873.88,-0.34,339336.53,1357.35,76
2543,Entry short,2026-03-27 06:35,QQQREP|S|v1.1.7-rep|P1/10/4,568.05,1481,841282.05,9151.1,1.09,1.48,10514.36,1.25,-2873.88,-0.34,339336.53,1357.35,76
2544,Exit short,2026-03-30 12:55,EOD,557.71,2060,1165321.4,16436.74,1.41,2.06,22040.97,1.89,-104.03,-0.01,355773.28,1423.09,76
2544,Entry short,2026-03-30 06:35,QQQREP|S|v1.1.7-rep|P1/10/4,565.69,2060,1165321.4,16436.74,1.41,2.06,22040.97,1.89,-104.03,-0.01,355773.28,1423.09,76
2545,Exit long,2026-03-31 07:55,STP,563.61,2016,1140027.84,-3792.1,-0.33,2.02,6208.27,0.54,-3791.09,-0.33,351981.2,1407.92,16
2545,Entry long,2026-03-31 06:35,QQQREP|L|v1.1.7-rep|P1/10/4,565.49,2016,1140027.84,-3792.1,-0.33,2.02,6208.27,0.54,-3791.09,-0.33,351981.2,1407.92,16
2546,Exit long,2026-04-01 12:55,EOD,583.69,1392,810840,1655.09,0.20,1.39,6388.58,0.79,-3257.98,-0.40,353636.25,1414.55,76
2546,Entry long,2026-04-01 06:35,QQQREP|L|v1.1.7-rep|P1/10/4,582.5,1392,810840,1655.09,0.20,1.39,6388.58,0.79,-3257.98,-0.40,353636.25,1414.55,76
2547,Exit long,2026-04-02 06:35,STP,573.27,2638,1513578.88,-1295.26,-0.09,2.64,104.2,0.01,-1293.94,-0.09,352341,1409.36,0
2547,Entry long,2026-04-02 06:35,QQQREP|L|v1.1.7-rep|P1/10/4,573.76,2638,1513578.88,-1295.26,-0.09,2.64,104.2,0.01,-1293.94,-0.09,352341,1409.36,0
2548,Exit long,2026-04-06 06:35,STP,585.52,1724,1013194.8,-3760.04,-0.37,1.72,740.46,0.07,-3759.18,-0.37,348580.97,1394.32,0
2548,Entry long,2026-04-06 06:35,QQQREP|L|v1.1.7-rep|P1/10/4,587.7,1724,1013194.8,-3760.04,-0.37,1.72,740.46,0.07,-3759.18,-0.37,348580.97,1394.32,0
2549,Exit short,2026-04-07 12:45,STP,586.41,1958,1144451,-3741.74,-0.33,1.96,13156.78,1.15,-3740.76,-0.33,344839.22,1379.36,74
2549,Entry short,2026-04-07 06:35,QQQREP|S|v1.1.7-rep|P1/10/4,584.5,1958,1144451,-3741.74,-0.33,1.96,13156.78,1.15,-3740.76,-0.33,344839.22,1379.36,74
2550,Exit short,2026-04-08 12:55,EOD,605.23,1730,1050231.1,3181.47,0.30,1.73,9704.44,0.92,-779.36,-0.07,348020.7,1392.08,76
2550,Entry short,2026-04-08 06:35,QQQREP|S|v1.1.7-rep|P1/10/4,607.07,1730,1050231.1,3181.47,0.30,1.73,9704.44,0.92,-779.36,-0.07,348020.7,1392.08,76
2551,Exit short,2026-04-09 06:40,STP,605.77,2063,1245990.11,-3715.46,-0.30,2.06,246.53,0.02,-3714.43,-0.30,344305.22,1377.22,1
2551,Entry short,2026-04-09 06:35,QQQREP|S|v1.1.7-rep|P1/10/4,603.97,2063,1245990.11,-3715.46,-0.30,2.06,246.53,0.02,-3714.43,-0.30,344305.22,1377.22,1
2552,Exit long,2026-04-10 06:35,STP,611.04,2415,1477134.75,-1475.56,-0.10,2.42,1182.14,0.08,-1474.36,-0.10,342829.66,1371.32,0
2552,Entry long,2026-04-10 06:35,QQQREP|L|v1.1.7-rep|P1/10/4,611.65,2415,1477134.75,-1475.56,-0.10,2.42,1182.14,0.08,-1474.36,-0.10,342829.66,1371.32,0
2553,Exit long,2026-04-13 06:35,STP,608.34,2416,1471126.56,-1379.54,-0.09,2.42,0,0.00,-1378.33,-0.09,341450.12,1365.80,0
2553,Entry long,2026-04-13 06:35,QQQREP|L|v1.1.7-rep|P1/10/4,608.91,2416,1471126.56,-1379.54,-0.09,2.42,0,0.00,-1378.33,-0.09,341450.12,1365.80,0
2554,Exit long,2026-04-14 12:55,EOD,627.88,2360,1465654.4,16140.04,1.10,2.36,16212.02,1.11,-874.38,-0.06,357590.16,1430.36,76
2554,Entry long,2026-04-14 06:35,QQQREP|L|v1.1.7-rep|P1/10/4,621.04,2360,1465654.4,16140.04,1.10,2.36,16212.02,1.11,-874.38,-0.06,357590.16,1430.36,76
2555,Exit short,2026-04-15 06:35,STP,628.84,2435,1530080.95,-1146.88,-0.07,2.44,607.53,0.04,-1145.67,-0.07,356443.28,1425.77,0
2555,Entry short,2026-04-15 06:35,QQQREP|S|v1.1.7-rep|P1/10/4,628.37,2435,1530080.95,-1146.88,-0.07,2.44,607.53,0.04,-1145.67,-0.07,356443.28,1425.77,0
2556,Exit short,2026-04-16 08:05,STP,638.86,2393,1525441.78,-3352.59,-0.22,2.39,6938.5,0.45,-3351.4,-0.22,353090.7,1412.36,18
2556,Entry short,2026-04-16 06:35,QQQREP|S|v1.1.7-rep|P1/10/4,637.46,2393,1525441.78,-3352.59,-0.22,2.39,6938.5,0.45,-3351.4,-0.22,353090.7,1412.36,18
2557,Exit short,2026-04-17 06:50,STP,645.56,2347,1512336.39,-2795.28,-0.18,2.35,2275.42,0.15,-2794.1,-0.18,350295.4,1401.18,3
2557,Entry short,2026-04-17 06:35,QQQREP|S|v1.1.7-rep|P1/10/4,644.37,2347,1512336.39,-2795.28,-0.18,2.35,2275.42,0.15,-2794.1,-0.18,350295.4,1401.18,3
2558,Exit long,2026-04-20 06:35,STP,646.14,2317,1500697.73,-3593.67,-0.24,2.32,207.37,0.01,-3592.51,-0.24,346701.75,1386.81,0
2558,Entry long,2026-04-20 06:35,QQQREP|L|v1.1.7-rep|P1/10/4,647.69,2317,1500697.73,-3593.67,-0.24,2.32,207.37,0.01,-3592.51,-0.24,346701.75,1386.81,0
2559,Exit short,2026-04-21 07:00,STP,648.42,2011,1300171.83,-3802.8,-0.29,2.01,1567.57,0.12,-3801.8,-0.29,342898.94,1371.60,5
2559,Entry short,2026-04-21 06:35,QQQREP|S|v1.1.7-rep|P1/10/4,646.53,2011,1300171.83,-3802.8,-0.29,2.01,1567.57,0.12,-3801.8,-0.29,342898.94,1371.60,5
2560,Exit short,2026-04-22 07:00,STP,649.76,2218,1437507.98,-3661.92,-0.25,2.22,664.29,0.05,-3660.81,-0.25,339237.03,1356.95,5
2560,Entry short,2026-04-22 06:35,QQQREP|S|v1.1.7-rep|P1/10/4,648.11,2218,1437507.98,-3661.92,-0.25,2.22,664.29,0.05,-3660.81,-0.25,339237.03,1356.95,5
2561,Exit short,2026-04-23 06:35,STP,652.9,2232,1456558.56,-716.47,-0.05,2.23,311.36,0.02,-715.36,-0.05,338520.56,1354.08,0
2561,Entry short,2026-04-23 06:35,QQQREP|S|v1.1.7-rep|P1/10/4,652.58,2232,1456558.56,-716.47,-0.05,2.23,311.36,0.02,-715.36,-0.05,338520.56,1354.08,0
2562,Exit long,2026-04-24 06:50,STP,657,2209,1453764.99,-2454.2,-0.17,2.21,1898.64,0.13,-2453.09,-0.17,336066.34,1344.27,3
2562,Entry long,2026-04-24 06:35,QQQREP|L|v1.1.7-rep|P1/10/4,658.11,2209,1453764.99,-2454.2,-0.17,2.21,1898.64,0.13,-2453.09,-0.17,336066.34,1344.27,3
2563,Exit short,2026-04-27 10:30,STP,663.22,2182,1443829.4,-3318.82,-0.23,2.18,3795.59,0.26,-3317.73,-0.23,332747.53,1330.99,47
2563,Entry short,2026-04-27 06:35,QQQREP|S|v1.1.7-rep|P1/10/4,661.7,2182,1443829.4,-3318.82,-0.23,2.18,3795.59,0.26,-3317.73,-0.23,332747.53,1330.99,47
2564,Exit short,2026-04-28 06:35,STP,656.75,2180,1430472.4,-1244.78,-0.09,2.18,0,0.00,-1243.69,-0.09,331502.75,1326.01,0
2564,Entry short,2026-04-28 06:35,QQQREP|S|v1.1.7-rep|P1/10/4,656.18,2180,1430472.4,-1244.78,-0.09,2.18,0,0.00,-1243.69,-0.09,331502.75,1326.01,0
2565,Exit short,2026-04-29 06:50,STP,658.11,2124,1394236.08,-3591.68,-0.26,2.12,1167.14,0.08,-3590.62,-0.26,327911.06,1311.64,3
2565,Entry short,2026-04-29 06:35,QQQREP|S|v1.1.7-rep|P1/10/4,656.42,2124,1394236.08,-3591.68,-0.26,2.12,1167.14,0.08,-3590.62,-0.26,327911.06,1311.64,3
2566,Exit short,2026-04-30 10:30,STP,664.75,1006,665177.26,-3562.25,-0.54,1.01,4395.72,0.66,-3561.74,-0.54,324348.8,1297.40,47
2566,Entry short,2026-04-30 06:35,QQQREP|S|v1.1.7-rep|P1/10/4,661.21,1006,665177.26,-3562.25,-0.54,1.01,4395.72,0.66,-3561.74,-0.54,324348.8,1297.40,47
2567,Exit long,2026-05-01 12:55,EOD,673.35,1253,840587.58,3118.72,0.37,1.25,5474.98,0.65,-351.47,-0.04,327467.53,1309.87,76
2567,Entry long,2026-05-01 06:35,QQQREP|L|v1.1.7-rep|P1/10/4,670.86,1253,840587.58,3118.72,0.37,1.25,5474.98,0.65,-351.47,-0.04,327467.53,1309.87,76
2568,Exit short,2026-05-04 06:40,STP,674.27,2094,1409680.8,-2242.67,-0.16,2.09,836.55,0.06,-2241.63,-0.16,325224.88,1300.90,1
2568,Entry short,2026-05-04 06:35,QQQREP|S|v1.1.7-rep|P1/10/4,673.2,2094,1409680.8,-2242.67,-0.16,2.09,836.55,0.06,-2241.63,-0.16,325224.88,1300.90,1
2569,Exit long,2026-05-05 12:55,EOD,680.83,2066,1400789.32,5803.39,0.41,2.07,8262.97,0.59,-83.67,-0.01,331028.25,1324.11,76
2569,Entry long,2026-05-05 06:35,QQQREP|L|v1.1.7-rep|P1/10/4,678.02,2066,1400789.32,5803.39,0.41,2.07,8262.97,0.59,-83.67,-0.01,331028.25,1324.11,76
2570,Exit long,2026-05-06 12:55,EOD,694.85,1370,942971,8972.13,0.95,1.37,9397.52,1.00,-1946.08,-0.21,340000.4,1360.00,76
2570,Entry long,2026-05-06 06:35,QQQREP|L|v1.1.7-rep|P1/10/4,688.3,1370,942971,8972.13,0.95,1.37,9397.52,1.00,-1946.08,-0.21,340000.4,1360.00,76
2571,Exit long,2026-05-07 06:45,STP,695.17,2097,1459763.64,-1994.25,-0.14,2.1,900.66,0.06,-1993.2,-0.14,338006.16,1352.02,2
2571,Entry long,2026-05-07 06:35,QQQREP|L|v1.1.7-rep|P1/10/4,696.12,2097,1459763.64,-1994.25,-0.14,2.1,900.66,0.06,-1993.2,-0.14,338006.16,1352.02,2
2572,Exit long,2026-05-08 12:55,EOD,710.35,1527,1070717.13,13985.79,1.31,1.53,14001.83,1.31,-779.53,-0.07,351991.94,1407.97,76
2572,Entry long,2026-05-08 06:35,QQQREP|L|v1.1.7-rep|P1/10/4,701.19,1527,1070717.13,13985.79,1.31,1.53,14001.83,1.31,-779.53,-0.07,351991.94,1407.97,76
2573,Exit long,2026-05-11 07:25,STP,709,1081,770212.5,-3784.58,-0.49,1.08,0,0.00,-3784.04,-0.49,348207.34,1392.83,10
2573,Entry long,2026-05-11 06:35,QQQREP|L|v1.1.7-rep|P1/10/4,712.5,1081,770212.5,-3784.58,-0.49,1.08,0,0.00,-3784.04,-0.49,348207.34,1392.83,10
2574,Exit short,2026-05-12 06:35,STP,707.75,2111,1492835.87,-1226.49,-0.08,2.11,0,0.00,-1225.44,-0.08,346980.88,1387.92,0
2574,Entry short,2026-05-12 06:35,QQQREP|S|v1.1.7-rep|P1/10/4,707.17,2111,1492835.87,-1226.49,-0.08,2.11,0,0.00,-1225.44,-0.08,346980.88,1387.92,0
2575,Exit short,2026-05-13 07:50,STP,709.21,2100,1487955,-1388.1,-0.09,2.1,9427.95,0.63,-1387.05,-0.09,345592.78,1382.37,15
2575,Entry short,2026-05-13 06:35,QQQREP|S|v1.1.7-rep|P1/10/4,708.55,2100,1487955,-1388.1,-0.09,2.1,9427.95,0.63,-1387.05,-0.09,345592.78,1382.37,15
2576,Exit long,2026-05-14 12:55,EOD,718.95,1649,1179958.44,5588.46,0.47,1.65,9365.5,0.79,-792.34,-0.07,351181.22,1404.72,76
2576,Entry long,2026-05-14 06:35,QQQREP|L|v1.1.7-rep|P1/10/4,715.56,1649,1179958.44,5588.46,0.47,1.65,9365.5,0.79,-792.34,-0.07,351181.22,1404.72,76
2577,Exit short,2026-05-15 07:10,STP,709.63,2123,1504739.94,-1806.67,-0.12,2.12,8490.94,0.56,-1805.61,-0.12,349374.56,1397.50,7
2577,Entry short,2026-05-15 06:35,QQQREP|S|v1.1.7-rep|P1/10/4,708.78,2123,1504739.94,-1806.67,-0.12,2.12,8490.94,0.56,-1805.61,-0.12,349374.56,1397.50,7
2578,Exit short,2026-05-18 12:55,EOD,704.89,2110,1497150.5,9830.49,0.66,2.11,24137.35,1.61,-1013.85,-0.07,359205.03,1436.82,76
2578,Entry short,2026-05-18 06:35,QQQREP|S|v1.1.7-rep|P1/10/4,709.55,2110,1497150.5,9830.49,0.66,2.11,24137.35,1.61,-1013.85,-0.07,359205.03,1436.82,76
2579,Exit long,2026-05-19 07:05,STP,699.05,1476,1035679.68,-3883.36,-0.37,1.48,3881.14,0.37,-3882.62,-0.37,355321.7,1421.29,6
2579,Entry long,2026-05-19 06:35,QQQREP|L|v1.1.7-rep|P1/10/4,701.68,1476,1035679.68,-3883.36,-0.37,1.48,3881.14,0.37,-3882.62,-0.37,355321.7,1421.29,6
2580,Exit long,2026-05-20 06:35,STP,704.46,2154,1520680.92,-3276.23,-0.22,2.15,365.1,0.02,-3275.16,-0.22,352045.47,1408.18,0
2580,Entry long,2026-05-20 06:35,QQQREP|L|v1.1.7-rep|P1/10/4,705.98,2154,1520680.92,-3276.23,-0.22,2.15,365.1,0.02,-3275.16,-0.22,352045.47,1408.18,0
2581,Exit long,2026-05-21 07:20,STP,707.16,1715,1216569.55,-3791.86,-0.31,1.72,2983.24,0.25,-3791.01,-0.31,348253.6,1393.01,9
2581,Entry long,2026-05-21 06:35,QQQREP|L|v1.1.7-rep|P1/10/4,709.37,1715,1216569.55,-3791.86,-0.31,1.72,2983.24,0.25,-3791.01,-0.31,348253.6,1393.01,9
2582,Exit long,2026-05-22 07:00,STP,716.62,1617,1162558.32,-3785.4,-0.33,1.62,2570.22,0.22,-3784.59,-0.33,344468.2,1377.87,5
2582,Entry long,2026-05-22 06:35,QQQREP|L|v1.1.7-rep|P1/10/4,718.96,1617,1162558.32,-3785.4,-0.33,1.62,2570.22,0.22,-3784.59,-0.33,344468.2,1377.87,5
2583,Exit short,2026-05-26 06:40,STP,725.98,1813,1312539.48,-3664.07,-0.28,1.81,1105.02,0.08,-3663.17,-0.28,340804.12,1363.22,1
2583,Entry short,2026-05-26 06:35,QQQREP|S|v1.1.7-rep|P1/10/4,723.96,1813,1312539.48,-3664.07,-0.28,1.81,1105.02,0.08,-3663.17,-0.28,340804.12,1363.22,1
2584,Exit short,2026-05-27 12:55,EOD,728.67,2001,1462871.07,4800.4,0.33,2,12805.4,0.88,-601.3,-0.04,345604.53,1382.42,76
2584,Entry short,2026-05-27 06:35,QQQREP|S|v1.1.7-rep|P1/10/4,731.07,2001,1462871.07,4800.4,0.33,2,12805.4,0.88,-601.3,-0.04,345604.53,1382.42,76
2585,Exit short,2026-05-28 07:10,STP,730.3,1514,1101980.04,-3695.67,-0.34,1.51,3405.74,0.31,-3694.92,-0.34,341908.84,1367.64,7
2585,Entry short,2026-05-28 06:35,QQQREP|S|v1.1.7-rep|P1/10/4,727.86,1514,1101980.04,-3695.67,-0.34,1.51,3405.74,0.31,-3694.92,-0.34,341908.84,1367.64,7
2586,Exit short,2026-05-29 06:35,STP,738.1,1991,1467088.26,-2470.83,-0.17,1.99,297.65,0.02,-2469.84,-0.17,339438,1357.75,0
2586,Entry short,2026-05-29 06:35,QQQREP|S|v1.1.7-rep|P1/10/4,736.86,1991,1467088.26,-2470.83,-0.17,1.99,297.65,0.02,-2469.84,-0.17,339438,1357.75,0
2587,Exit long,2026-06-01 06:55,STP,735.48,1977,1457385.09,-3343.11,-0.23,1.98,4210.02,0.29,-3342.12,-0.23,336094.9,1344.38,4
2587,Entry long,2026-06-01 06:35,QQQREP|L|v1.1.7-rep|P1/10/4,737.17,1977,1457385.09,-3343.11,-0.23,1.98,4210.02,0.29,-3342.12,-0.23,336094.9,1344.38,4
2588,Exit short,2026-06-02 06:50,STP,741.87,1697,1255338.78,-3616.31,-0.29,1.7,2222.22,0.18,-3615.46,-0.29,332478.6,1329.91,3
2588,Entry short,2026-06-02 06:35,QQQREP|S|v1.1.7-rep|P1/10/4,739.74,1697,1255338.78,-3616.31,-0.29,1.7,2222.22,0.18,-3615.46,-0.29,332478.6,1329.91,3
2589,Exit short,2026-06-03 12:55,EOD,743.52,1604,1195830.12,3222.44,0.27,1.6,8532.48,0.71,-979.24,-0.08,335701.03,1342.80,76
2589,Entry short,2026-06-03 06:35,QQQREP|S|v1.1.7-rep|P1/10/4,745.53,1604,1195830.12,3222.44,0.27,1.6,8532.48,0.71,-979.24,-0.08,335701.03,1342.80,76
2590,Exit long,2026-06-04 06:45,STP,733.26,1074,791011.74,-3491.57,-0.44,1.07,536.46,0.07,-3491.04,-0.44,332209.47,1328.84,2
2590,Entry long,2026-06-04 06:35,QQQREP|L|v1.1.7-rep|P1/10/4,736.51,1074,791011.74,-3491.57,-0.44,1.07,536.46,0.07,-3491.04,-0.44,332209.47,1328.84,2
2591,Exit long,2026-06-05 06:35,STP,728.32,1958,1428302.26,-2253.66,-0.16,1.96,57.76,0.00,-2252.68,-0.16,329955.8,1319.82,0
2591,Entry long,2026-06-05 06:35,QQQREP|L|v1.1.7-rep|P1/10/4,729.47,1958,1428302.26,-2253.66,-0.16,1.96,57.76,0.00,-2252.68,-0.16,329955.8,1319.82,0
2592,Exit short,2026-06-08 07:35,STP,718.42,875,625073.75,-3544.62,-0.57,0.88,1802.06,0.29,-3544.19,-0.57,326411.2,1305.64,12
2592,Entry short,2026-06-08 06:35,QQQREP|S|v1.1.7-rep|P1/10/4,714.37,875,625073.75,-3544.62,-0.57,0.88,1802.06,0.29,-3544.19,-0.57,326411.2,1305.64,12
2593,Exit short,2026-06-09 06:40,STP,722.27,1591,1145854.11,-3279.05,-0.29,1.59,237.85,0.02,-3278.26,-0.29,323132.12,1292.53,1
2593,Entry short,2026-06-09 06:35,QQQREP|S|v1.1.7-rep|P1/10/4,720.21,1591,1145854.11,-3279.05,-0.29,1.59,237.85,0.02,-3278.26,-0.29,323132.12,1292.53,1
2594,Exit short,2026-06-10 06:35,STP,703.23,837,585088.11,-3516.24,-0.60,0.84,150.24,0.03,-3515.82,-0.60,319615.9,1278.46,0
2594,Entry short,2026-06-10 06:35,QQQREP|S|v1.1.7-rep|P1/10/4,699.03,837,585088.11,-3516.24,-0.60,0.84,150.24,0.03,-3515.82,-0.60,319615.9,1278.46,0
2595,Exit short,2026-06-11 06:45,STP,699.59,1326,924182.22,-3475.45,-0.38,1.33,1245.78,0.13,-3474.78,-0.38,316140.44,1264.56,2
2595,Entry short,2026-06-11 06:35,QQQREP|S|v1.1.7-rep|P1/10/4,696.97,1326,924182.22,-3475.45,-0.38,1.33,1245.78,0.13,-3474.78,-0.38,316140.44,1264.56,2
2596,Exit short,2026-06-12 07:00,STP,716.98,873,622518.84,-3405.57,-0.55,0.87,2251.9,0.36,-3405.14,-0.55,312734.88,1250.94,5
2596,Entry short,2026-06-12 06:35,QQQREP|S|v1.1.7-rep|P1/10/4,713.08,873,622518.84,-3405.57,-0.55,0.87,2251.9,0.36,-3405.14,-0.55,312734.88,1250.94,5
2597,Exit long,2026-06-15 12:55,EOD,743.11,1831,1351039.97,9592.61,0.71,1.83,11113.26,0.82,-257.26,-0.02,322327.47,1289.31,76
2597,Entry long,2026-06-15 06:35,QQQREP|L|v1.1.7-rep|P1/10/4,737.87,1831,1351039.97,9592.61,0.71,1.83,11113.26,0.82,-257.26,-0.02,322327.47,1289.31,76
2598,Exit short,2026-06-16 06:35,STP,741.69,1874,1388802.66,-1126.27,-0.08,1.87,523.78,0.04,-1125.34,-0.08,321201.22,1284.80,0
2598,Entry short,2026-06-16 06:35,QQQREP|S|v1.1.7-rep|P1/10/4,741.09,1874,1388802.66,-1126.27,-0.08,1.87,523.78,0.04,-1125.34,-0.08,321201.22,1284.80,0
2599,Exit short,2026-06-17 06:45,STP,734.47,1561,1143213.96,-3295.27,-0.29,1.56,1544.61,0.14,-3294.49,-0.29,317905.94,1271.62,2
2599,Entry short,2026-06-17 06:35,QQQREP|S|v1.1.7-rep|P1/10/4,732.36,1561,1143213.96,-3295.27,-0.29,1.56,1544.61,0.14,-3294.49,-0.29,317905.94,1271.62,2
2600,Exit short,2026-06-18 07:15,STP,736.83,1151,844523.23,-3569.25,-0.42,1.15,2324.44,0.28,-3568.68,-0.42,314336.7,1257.35,8
2600,Entry short,2026-06-18 06:35,QQQREP|S|v1.1.7-rep|P1/10/4,733.73,1151,844523.23,-3569.25,-0.42,1.15,2324.44,0.28,-3568.68,-0.42,314336.7,1257.35,8
2601,Exit short,2026-06-22 06:35,STP,744.02,1162,861216.3,-3336.1,-0.39,1.16,115.62,0.01,-3335.52,-0.39,311000.6,1244.00,0
2601,Entry short,2026-06-22 06:35,QQQREP|S|v1.1.7-rep|P1/10/4,741.15,1162,861216.3,-3336.1,-0.39,1.16,115.62,0.01,-3335.52,-0.39,311000.6,1244.00,0
2602,Exit long,2026-06-23 11:45,STP,713.29,920,659492.8,-3266.92,-0.50,0.92,6227.94,0.94,-3266.46,-0.50,307733.66,1230.93,62
2602,Entry long,2026-06-23 06:35,QQQREP|L|v1.1.7-rep|P1/10/4,716.84,920,659492.8,-3266.92,-0.50,0.92,6227.94,0.94,-3266.46,-0.50,307733.66,1230.93,62
2603,Exit long,2026-06-24 06:40,STP,713.55,805,577772.65,-3365.7,-0.58,0.81,595.3,0.10,-3365.3,-0.58,304367.97,1217.47,1
2603,Entry long,2026-06-24 06:35,QQQREP|L|v1.1.7-rep|P1/10/4,717.73,805,577772.65,-3365.7,-0.58,0.81,595.3,0.10,-3365.3,-0.58,304367.97,1217.47,1
2604,Exit short,2026-06-25 12:55,EOD,715.84,1013,733006.8,7859.87,1.07,1.01,18537.39,2.53,-750.13,-0.10,312227.8,1248.91,76
2604,Entry short,2026-06-25 06:35,QQQREP|S|v1.1.7-rep|P1/10/4,723.6,1013,733006.8,7859.87,1.07,1.01,18537.39,2.53,-750.13,-0.10,312227.8,1248.91,76
2605,Exit short,2026-06-26 06:55,STP,707.4,991,697753.19,-3281.2,-0.47,0.99,306.71,0.04,-3280.71,-0.47,308946.62,1235.79,4
2605,Entry short,2026-06-26 06:35,QQQREP|S|v1.1.7-rep|P1/10/4,704.09,991,697753.19,-3281.2,-0.47,0.99,306.71,0.04,-3280.71,-0.47,308946.62,1235.79,4
2606,Exit long,2026-06-29 07:00,STP,711.91,682,488857.6,-3335.66,-0.68,0.68,1268.18,0.26,-3335.32,-0.68,305610.97,1222.44,5
2606,Entry long,2026-06-29 06:35,QQQREP|L|v1.1.7-rep|P1/10/4,716.8,682,488857.6,-3335.66,-0.68,0.68,1268.18,0.26,-3335.32,-0.68,305610.97,1222.44,5
2607,Exit long,2026-06-30 12:55,EOD,736.1,931,677283.88,8024.29,1.18,0.93,9439.87,1.39,-596.31,-0.09,313635.25,1254.54,76
2607,Entry long,2026-06-30 06:35,QQQREP|L|v1.1.7-rep|P1/10/4,727.48,931,677283.88,8024.29,1.18,0.93,9439.87,1.39,-596.31,-0.09,313635.25,1254.54,76
2608,Exit short,2026-07-01 06:55,STP,729.71,970,704443.1,-3376.57,-0.48,0.97,678.52,0.10,-3376.08,-0.48,310258.7,1241.03,4
2608,Entry short,2026-07-01 06:35,QQQREP|S|v1.1.7-rep|P1/10/4,726.23,970,704443.1,-3376.57,-0.48,0.97,678.52,0.10,-3376.08,-0.48,310258.7,1241.03,4
2609,Exit long,2026-07-02 07:25,STP,723.9,1084,788013.8,-3307.28,-0.42,1.08,4205.38,0.53,-3306.74,-0.42,306951.4,1227.81,10
2609,Entry long,2026-07-02 06:35,QQQREP|L|v1.1.7-rep|P1/10/4,726.95,1084,788013.8,-3307.28,-0.42,1.08,4205.38,0.53,-3306.74,-0.42,306951.4,1227.81,10
2610,Exit long,2026-07-06 12:55,EOD,722.58,919,663536.38,513.72,0.08,0.92,3730.68,0.56,-3014.78,-0.45,307465.12,1229.86,76
2610,Entry long,2026-07-06 06:35,QQQREP|L|v1.1.7-rep|P1/10/4,722.02,919,663536.38,513.72,0.08,0.92,3730.68,0.56,-3014.78,-0.45,307465.12,1229.86,76
2611,Exit short,2026-07-07 12:55,EOD,709.45,900,641403,2897.1,0.45,0.9,6983.55,1.09,-1575.45,-0.25,310362.22,1241.45,76
2611,Entry short,2026-07-07 06:35,QQQREP|S|v1.1.7-rep|P1/10/4,712.67,900,641403,2897.1,0.45,0.9,6983.55,1.09,-1575.45,-0.25,310362.22,1241.45,76
2612,Exit long,2026-07-08 07:45,STP,704.94,1391,984035.13,-3464.98,-0.35,1.39,3295.97,0.33,-3464.29,-0.35,306897.25,1227.59,14
2612,Entry long,2026-07-08 06:35,QQQREP|L|v1.1.7-rep|P1/10/4,707.43,1391,984035.13,-3464.98,-0.35,1.39,3295.97,0.33,-3464.29,-0.35,306897.25,1227.59,14
2613,Exit long,2026-07-09 07:20,STP,716.54,1317,947028.36,-3346.5,-0.35,1.32,4832.73,0.51,-3345.84,-0.35,303550.75,1214.20,9
2613,Entry long,2026-07-09 06:35,QQQREP|L|v1.1.7-rep|P1/10/4,719.08,1317,947028.36,-3346.5,-0.35,1.32,4832.73,0.51,-3345.84,-0.35,303550.75,1214.20,9
2614,Exit long,2026-07-10 06:40,STP,720.22,1494,1079295.48,-3288.29,-0.30,1.49,1119.75,0.10,-3287.55,-0.30,300262.44,1201.05,1
2614,Entry long,2026-07-10 06:35,QQQREP|L|v1.1.7-rep|P1/10/4,722.42,1494,1079295.48,-3288.29,-0.30,1.49,1119.75,0.10,-3287.55,-0.30,300262.44,1201.05,1
2615,Exit short,2026-07-13 08:00,STP,718.42,1445,1034966.8,-3151.54,-0.30,1.45,5302.43,0.51,-3150.82,-0.30,297110.9,1188.44,17
2615,Entry short,2026-07-13 06:35,QQQREP|S|v1.1.7-rep|P1/10/4,716.24,1445,1034966.8,-3151.54,-0.30,1.45,5302.43,0.51,-3150.82,-0.30,297110.9,1188.44,17
2616,Exit short,2026-07-14 07:30,STP,720.28,1099,788444.58,-3144.24,-0.40,1.1,3384.37,0.43,-3143.69,-0.40,293966.66,1175.87,11
2616,Entry short,2026-07-14 06:35,QQQREP|S|v1.1.7-rep|P1/10/4,717.42,1099,788444.58,-3144.24,-0.40,1.1,3384.37,0.43,-3143.69,-0.40,293966.66,1175.87,11
2617,Exit short,2026-07-15 07:20,TGT,717.86,1762,1275265.12,10394.04,0.82,1.76,10394.92,0.82,-547.1,-0.04,304360.7,1217.44,9
2617,Entry short,2026-07-15 06:35,QQQREP|S|v1.1.7-rep|P1/10/4,723.76,1762,1275265.12,10394.04,0.82,1.76,10394.92,0.82,-547.1,-0.04,304360.7,1217.44,9
2618,Exit short,2026-07-16 12:55,EOD,705.88,1378,980309.2,7605.18,0.78,1.38,12111.93,1.24,-2288.17,-0.23,311965.88,1247.86,76
2618,Entry short,2026-07-16 06:35,QQQREP|S|v1.1.7-rep|P1/10/4,711.4,1378,980309.2,7605.18,0.78,1.38,12111.93,1.24,-2288.17,-0.23,311965.88,1247.86,76
2619,Exit short,2026-07-17 07:00,STP,693.52,1040,717932.8,-3329.04,-0.46,1.04,3681.08,0.51,-3328.52,-0.46,308636.84,1234.55,5
2619,Entry short,2026-07-17 06:35,QQQREP|S|v1.1.7-rep|P1/10/4,690.32,1040,717932.8,-3329.04,-0.46,1.04,3681.08,0.51,-3328.52,-0.46,308636.84,1234.55,5
2620,Exit long,2026-07-20 06:55,STP,701.78,1278,900287.1,-3413.54,-0.38,1.28,1699.1,0.19,-3412.9,-0.38,305223.3,1220.89,4
2620,Entry long,2026-07-20 06:35,QQQREP|L|v1.1.7-rep|P1/10/4,704.45,1278,900287.1,-3413.54,-0.38,1.28,1699.1,0.19,-3412.9,-0.38,305223.3,1220.89,4
2621,Exit short,2026-07-21 07:45,STP,707.08,1435,1011402.35,-3258.88,-0.32,1.44,2926.68,0.29,-3258.17,-0.32,301964.4,1207.86,14
2621,Entry short,2026-07-21 06:35,QQQREP|S|v1.1.7-rep|P1/10/4,704.81,1435,1011402.35,-3258.88,-0.32,1.44,2926.68,0.29,-3258.17,-0.32,301964.4,1207.86,14
2622,Exit long,2026-07-22 12:55,EOD,705.21,1854,1307255.4,202.09,0.02,1.85,8434.77,0.65,-1706.61,-0.13,302166.5,1208.67,76
2622,Entry long,2026-07-22 06:35,QQQREP|L|v1.1.7-rep|P1/10/4,705.1,1854,1307255.4,202.09,0.02,1.85,8434.77,0.65,-1706.61,-0.13,302166.5,1208.67,76