time,open,high,low,close,EMA 9,EMA 21,EMA 50,Selected long,Selected short,V4 long candidate,V4 short candidate,V2 candidate rejected by V3,CB bounded net,CB confidence,CB available votes,CB ATR %,CB structure pass,CB V2 candidate,CB stop-distance pass,CB extension pass,CB direct-risk pass,CB kill switch,CB V4 candidate,CB V4 blocked open position
1386858600,143.94909673,144.12637395,143.23998788,143.53813592,144.79027476058928,144.43958497721303,142.28655582732014,0,0,0,0,0,-3,0.375,8,0.7564594239060959,0,0,0,1,0,0,0,0
1386945000,143.83628396,143.96521284,143.24804594,143.52201981,144.53662377047144,144.35616996201185,142.33500539526838,0,0,0,0,0,0,0,8,0.7381977119257084,1,0,0,1,0,0,0,0
1387204200,144.19889644,144.89188918,144.15860617,144.41324071,144.51194715837715,144.36135821182896,142.41650481937552,0,0,0,0,0,4,0.5,8,0.7489944807029721,1,0,0,1,0,0,0,0
1387290600,144.5292767,144.56956698,143.63483258,143.95715479,144.40098868470173,144.32461244620814,142.47692246528237,0,0,0,0,0,0,0,8,0.7440779392245689,1,0,0,1,0,0,0,0
1387377000,144.17472228,146.43903577,142.88543346,146.4148616,144.80376326776138,144.51463509655284,142.63135145095757,0,0,0,0,0,3,0.375,8,0.8526943195352717,1,0,0,0,0,0,0,0
1387463400,146.00390079,146.4148616,145.61711415,146.24564244,145.0921391022091,144.67199940050259,142.77308835248866,0,0,0,0,0,-1,0.125,8,0.8316669361192953,1,0,0,1,0,0,0,0
1387549800,146.37547342,147.44491287,146.29307797,147.09653487,145.49301825576728,144.89241171591144,142.942635274744,0,0,0,0,0,4,0.5,8,0.8260302831056391,1,0,0,0,0,0,0,0
1387809000,147.78518906,147.97153078,147.50567647,147.88241082,145.9708967686138,145.16422981628313,143.13635196279324,0,0,0,0,0,4,0.5,8,0.8052150944065001,1,0,0,0,0,0,0,0
1387895400,147.89051264,148.2712979,147.88241082,148.20648338,146.41801409089106,145.44079832207558,143.33518064582097,0,0,0,0,0,2,0.25,8,0.7648073214538507,1,0,0,0,0,0,0,0
1388068200,148.53865776,149.04097023,148.52245413,148.95590118,146.92559150871284,145.76035312734143,143.55560105892604,0,0,0,0,0,5,0.625,8,0.7466212287151519,1,0,0,0,0,0,0,0
1388154600,149.15439562,149.21921013,148.79791581,148.94779936,147.33003307897027,146.05012096667403,143.76705981583092,0,0,0,0,0,2,0.25,8,0.7135322057781527,1,0,0,0,0,0,0,0
1388413800,148.9680539,149.08958111,148.73310129,148.92754483,147.6495354291762,146.3117049542491,143.96943177717088,0,0,0,0,0,3,0.375,8,0.6797532016173492,1,0,0,0,0,0,0,0
1388500200,149.13009018,149.63240265,149.01666478,149.63240265,148.04610887334096,146.61358656295374,144.19150906630145,0,0,0,0,0,2,0.25,8,0.6618731913954055,1,0,0,0,0,0,0,0
1388673000,149.05717385,149.13009018,147.84190175,148.19838157,148.07656341267275,146.75765883632158,144.34864132134845,0,0,0,0,0,0,0,8,0.7068420532373766,1,0,0,1,0,0,0,0
1388759400,148.43333418,148.74930492,147.96342896,148.17002522,148.0952557741382,146.88605578029234,144.49849951345243,0,0,0,0,0,1,0.125,8,0.6943637997542226,1,0,0,1,0,0,0,0
1389018600,148.64398134,148.71689767,147.51782919,147.74467999,148.02514061731057,146.9641125266294,144.62580070861117,0,0,0,0,0,2,0.25,8,0.7045927234920897,1,0,0,1,0,0,0,0
1389105000,148.33611241,148.90323939,148.22268701,148.65208315,148.15052912384846,147.11756440148127,144.78369413768525,0,0,0,0,0,6,0.75,8,0.7059406543651144,1,0,0,1,0,0,0,0
1389191400,148.62777771,148.93564664,148.17407613,148.68449041,148.25732138107875,147.26001222043752,144.93666654052112,0,0,0,0,0,0,0,8,0.6919595706603674,1,0,0,1,0,0,0,0
1389277800,149.15439562,149.17870106,148.0971089,148.78171218,148.362199540863,147.39834858039774,145.0874526440301,0,0,0,0,0,2,0.25,8,0.6940401500874597,1,0,0,1,0,0,0,0
1389364200,149.03286841,149.25161739,148.2712979,149.18680288,148.5271202086904,147.56093533490704,145.24821147681322,0,0,0,0,0,4,0.5,8,0.689652256320367,1,0,0,0,0,0,0,0
1389623400,148.83842488,149.21921013,146.91829496,147.19780754,148.26125767495233,147.52792371718823,145.32466622438918,0,0,0,0,0,0,0,8,0.7606978183452651,0,0,0,1,0,0,0,0
1389709800,147.67986547,148.88703576,147.41250561,148.80601762,148.37020966396187,147.6441140719893,145.46118980853078,0,0,0,0,0,1,0.125,8,0.7798131668208375,1,0,0,1,0,0,0,0
1389796200,149.15439562,149.834948,148.83858691,149.6080972,148.6177871711695,147.82265799271755,145.62381362780408,0,0,0,0,0,5,0.625,8,0.769355145738368,1,0,0,0,0,0,0,0
1389882600,149.30022827,149.60955553,148.93564664,149.41365367,148.77696047093562,147.9672939633796,145.7724348059294,0,0,0,0,0,2,0.25,8,0.7475477465772249,1,0,0,1,0,0,0,0
1389969000,149.15439562,149.43795911,148.52245413,148.77766127,148.7771006307485,148.0409637185269,145.89028682412825,0,0,0,0,0,-1,0.125,8,0.7410724769907139,1,0,0,1,0,0,0,0
1390314600,149.64050446,149.69721716,148.30370515,149.21921013,148.86552253059878,148.14807702866082,146.02083283612322,0,0,0,0,0,2,0.25,8,0.7528074152914579,1,0,0,1,0,0,0,0
1390401000,149.47036637,149.53518088,149.00046116,149.3164319,148.95570440447904,148.25429110787348,146.15007201509877,0,0,0,0,0,1,0.125,8,0.7241597187284611,1,0,0,1,0,0,0,0
1390487400,148.55486139,148.58726864,147.30718203,148.09305799,148.78317512158324,148.23963355170318,146.22626754352626,0,0,0,0,0,-1,0.125,8,0.774899482627829,0,0,0,1,0,0,0,0
1390573800,147.12894212,147.17755301,144.88473965,144.93335053,148.0132102032666,147.939062367912,146.17556491554484,0,0,0,0,0,-1,0.125,8,0.8933544131025073,1,0,0,0,0,0,0,0
1390833000,145.07108137,145.44376481,143.49932945,144.2203909,147.25464634261328,147.60100132537454,146.09889142473915,0,0,0,0,0,-5,0.625,8,0.9299470425609783,1,0,0,0,0,1,0,0
1390919400,144.32571448,145.2655249,144.30951085,145.07918318,146.81955371009062,147.37174513034049,146.05890286612194,0,0,0,0,0,4,0.5,8,0.9098669909673179,0,0,0,0,0,0,0,0
1391005800,143.85580927,144.65788885,143.30488592,143.68567118,146.19277720407248,147.03664749849136,145.96583495686227,0,0,0,0,0,1,0.125,8,0.9412736986059005,1,0,0,0,0,0,0,0
1391092200,144.90904509,145.67871742,144.42293625,145.20881221,145.995984205258,146.87048065408305,145.93614779031864,0,0,0,0,0,3,0.375,8,0.9629102173302141,0,0,0,1,0,0,0,0
1391178600,143.41831131,145.25742309,143.33729317,144.35812174,145.6684117122064,146.6420843891664,145.87426441579635,0,0,0,0,0,-1,0.125,8,0.994408213892114,0,0,0,0,0,0,0,0
1391437800,144.17178002,144.5120562,140.83383265,141.10929433,144.75658823576512,146.13910347469673,145.68740284380434,0,0,0,0,0,-3,0.375,8,1.130827648582095,1,0,1,0,0,0,0,0
1391524200,141.74123582,142.46229726,141.05703763,142.09366473,144.2240035346121,145.77133631608794,145.54647193738063,0,0,0,0,0,2,0.25,8,1.1134203810022452,0,0,1,0,0,1,0,0
1391610600,141.61160679,142.23544647,140.73661088,141.91947573,143.7630979736897,145.42116717189813,145.40423679199316,0,0,0,0,0,-1,0.125,8,1.110596251768613,0,0,1,0,0,0,0,0
1391697000,142.2516501,143.79099476,141.96071396,143.79099476,143.76867733095176,145.2729696799074,145.34097239858167,0,0,0,0,0,1,0.125,8,1.1108136491119798,1,0,1,1,1,0,0,0
1391783400,144.46344532,145.7273283,143.99354011,145.57339384,144.1296206327614,145.30028096718854,145.3500869649118,0,0,0,0,0,5,0.625,8,1.1138506882060129,0,0,1,1,1,0,0,0
1392042600,145.58959746,145.88936458,145.19260858,145.8407537,144.4718472462091,145.3494148519896,145.36932879766036,0,0,0,0,0,5,0.625,8,1.0665189200380334,0,0,1,1,1,0,0,0
1392129000,145.96228091,147.80868432,145.86416794,147.43681105,145.06484000696727,145.53917814271782,145.45040653304622,0,0,0,0,0,3,0.375,8,1.0749583630029373,0,0,1,1,1,0,0,0
1392215400,147.63125459,148.12546524,147.21401117,147.50972738,145.55381748157382,145.71831898247075,145.5311642133189,0,0,0,0,0,1,0.125,8,1.041817510177961,1,0,1,1,1,0,0,0
1392301800,146.51320426,148.42523236,146.50510245,148.2712979,146.09731356525904,145.95040797497342,145.638620436326,0,0,0,0,0,4,0.5,8,1.054933876421057,1,0,1,1,1,0,0,0
1392388200,148.13356706,149.36504279,147.99583622,149.08958111,146.69576707420723,146.23578735088492,145.77395222745045,0,0,0,0,0,2,0.25,8,1.0398034507483072,1,0,1,0,0,0,0,0
1392733800,149.22731195,149.47036637,148.78981399,149.26782102,147.21017786336577,146.51142677534992,145.91096668990338,0,0,0,0,0,7,0.875,8,0.996945057537707,1,0,0,0,0,0,0,0
1392820200,148.87893395,149.84304981,148.1578725,148.27939971,147.4240222326926,146.67215158759083,146.0038464161817,0,0,0,0,0,-3,0.375,8,1.013083287608285,1,0,1,1,1,0,0,0
1392906600,148.48194506,149.49467181,147.93912352,149.15439562,147.77009691015408,146.89781013599168,146.12739736535104,0,0,0,0,0,3,0.375,8,1.0096952523074743,1,0,1,1,1,0,0,0
1392993000,149.47036637,149.79443893,148.9113412,148.98425753,148.01292903412326,147.0874871718106,146.23943109729805,0,0,0,0,0,2,0.25,8,0.9809838365573377,1,0,0,1,0,0,0,0
1393252200,149.30022827,150.81526749,149.23541376,149.81064255,148.3724717372986,147.33504675164602,146.37947860524716,0,0,0,0,0,4,0.5,8,0.9931899418123792,1,0,0,0,0,0,0,0
1393338600,149.90786432,150.36156591,149.2597192,149.75392986,148.6487633618389,147.55494521604183,146.51181002700218,0,0,0,0,0,2,0.25,8,0.9751521696548286,1,0,0,0,0,0,0,0
1393425000,149.97267883,150.36966772,149.34073734,149.76203167,148.8714170234711,147.75558943912893,146.6392696992766,0,0,0,0,0,4,0.5,8,0.9545239970316033,1,0,0,1,0,0,0,0
1393511400,149.55138451,150.5884167,149.3731446,150.54790763,149.2067151447769,148.00943654738992,146.7925496181285,0,0,0,0,0,4,0.5,8,0.9393763900334813,1,0,0,0,0,0,0,0
1393597800,150.52360219,151.62544889,149.92406795,150.92869289,149.55111069382153,148.2748234876272,146.95475131506464,0,0,0,0,0,1,0.125,8,0.9505969841472678,1,0,0,0,0,0,0,0
1393857000,149.63240265,150.24814051,148.87083213,149.86735525,149.61435960505722,148.41959910238836,147.06897107721898,0,0,0,0,0,0,0,8,0.9870284274375274,1,0,0,1,0,0,0,0
1393943400,151.30137633,152.29789945,151.30137633,151.97382689,150.08625306204578,148.74271071944398,147.2613183639947,0,0,0,0,0,2,0.25,8,1.0180596243927036,1,0,1,0,0,0,0,0
1394029800,152.08725229,152.37081578,151.86850331,152.11155773,150.49131399563663,149.04896953858542,147.45152382932824,0,0,0,0,0,2,0.25,8,0.9680727094266338,1,0,0,0,0,0,0,0
1394116200,152.48424117,152.80831373,152.1355391,152.45993573,150.88503834250932,149.35905737416857,147.6479321391585,0,0,0,0,0,0,0,8,0.9295140918022627,1,0,0,0,0,0,0,0
1394202600,153.0189609,153.09187722,151.85229968,152.52475024,151.21298072200744,149.6468476346987,147.83917990781896,0,0,0,0,0,0,0,8,0.9208038667064241,1,0,0,0,0,0,0,0
1394458200,152.26549219,152.5004448,151.56873619,152.4437321,151.45913099760597,149.901109858817,148.01975058202214,0,0,0,0,0,2,0.25,8,0.9002812830835708,1,0,0,0,0,0,0,0
1394544600,152.67058289,152.88933187,151.3418854,151.6902634,151.50535747808476,150.06376018074272,148.16369226115853,0,0,0,0,0,-1,0.125,8,0.9129947278613868,1,0,0,1,0,0,0,0
1394631000,150.95299833,151.78748517,150.61272214,151.73077247,151.5504404764678,150.21530675249338,148.30357775954448,0,0,0,0,0,3,0.375,8,0.9028574623876582,1,0,0,1,0,0,0,0
1394717400,152.18447405,152.30600126,149.6080972,150.02939153,151.24623068717423,150.19840536863035,148.3712567309349,0,0,0,0,0,-1,0.125,8,0.976321452591092,0,0,0,1,0,0,0,0
1394803800,149.7215226,150.531704,149.4298573,149.6080972,150.91860398973938,150.14474098966394,148.41976027874136,0,0,0,0,0,0,0,8,0.961743468821635,0,0,0,1,0,0,0,0
1395063000,150.36156591,151.31757996,150.29675139,150.96110014,150.92710321979152,150.21895545787632,148.5194206654574,0,0,0,0,0,3,0.375,8,0.9659291645571977,1,0,0,1,0,0,0,0
1395149400,151.26896907,152.24118675,151.10693279,152.0386414,151.14941085583322,150.38438145261483,148.65742932171398,0,0,0,0,0,6,0.75,8,0.9507165526996519,1,0,0,1,0,0,0,0
1395235800,152.07104866,152.26549219,150.26434414,151.22846,151.1652206846666,150.46111586601347,148.7582540541958,0,0,0,0,0,-2,0.25,8,0.9820564077008798,1,0,0,1,0,0,0,0
1395322200,150.89628563,152.22498312,150.62892577,152.10912718,151.35400198373327,150.61093507637588,148.889660843443,0,0,0,0,0,1,0.125,8,0.9815787191544171,1,0,0,1,0,0,0,0
1395408600,152.7581861,153.81924192,151.38293927,151.52127771,151.38745712898663,150.69369349761445,148.99286150487663,0,0,0,0,0,-1,0.125,8,1.029851746139729,1,0,1,1,1,0,0,0
1395667800,152.02580613,152.22924501,150.23554399,150.89468596,151.2889028951893,150.7119655396495,149.06744285605794,0,0,0,0,0,-1,0.125,8,1.054637150869372,1,0,1,1,1,0,0,0
1395754200,151.65961615,152.12345679,150.76448508,151.61079082,151.35328048015143,150.79367692877227,149.16718199189881,0,0,0,0,0,5,0.625,8,1.0387057548307173,1,0,1,1,1,0,0,0
1395840600,152.19669479,152.448959,150.47967064,150.52035842,151.18669606812114,150.76882979161115,149.2202477341773,0,0,0,0,0,0,0,8,1.0649512661590068,0,0,1,1,1,0,0,0
1395927000,150.35760732,150.82144796,149.64964001,150.20299377,150.9899556084969,150.71739015328288,149.25878679440564,0,0,0,0,0,0,0,8,1.0466977014726249,1,0,1,1,1,0,0,0
1396013400,150.63021542,151.70030392,150.54477109,150.94351129,150.98066674479753,150.73794662025716,149.32485442168385,0,0,0,0,0,0,0,8,1.0380201481558584,1,0,1,1,1,0,0,0
1396272600,151.88746769,152.41640878,150.96922597,152.18041968,151.220617331838,150.86908053477924,149.43683737299037,0,0,0,0,0,3,0.375,8,1.0251746066441259,1,0,1,1,1,0,0,0
1396359000,152.67681055,153.27898963,152.17350276,153.18947652,151.6143891694704,151.08002562434476,149.58399969248094,0,0,0,0,0,4,0.5,8,0.9972235785016517,1,0,0,1,0,0,0,0
1396445400,153.3929154,153.90558138,153.09996342,153.7021425,152.0319398355763,151.31839988576797,149.74549548885423,0,0,0,0,0,4,0.5,8,0.9603434538669955,1,0,0,0,0,0,0,0
1396531800,153.9381316,153.97881938,153.02672542,153.49870362,152.32529259246104,151.5166093161527,149.8926801214482,0,0,0,0,0,-2,0.25,8,0.9372337874795802,1,0,0,1,0,0,0,0
1396618200,154.3205967,154.36942203,151.43990216,151.68402881,152.19703983596884,151.53182927013881,149.9629290896267,0,0,0,0,0,-1,0.125,8,1.0186524070282648,1,0,1,1,1,0,0,0
1396877400,151.27715105,151.57010304,149.69846535,150.00769244,151.75917035677506,151.39327137648982,149.96468451513152,0,0,0,0,0,-1,0.125,8,1.0510076534901285,0,0,1,1,1,0,0,0
1396963800,149.90190423,150.87027329,149.3973758,150.62614664,151.53256561342005,151.32353276408165,149.99062420630284,0,0,0,0,0,4,0.5,8,1.0417750099851901,1,0,1,1,1,0,0,0
1397050200,151.0330244,152.29434545,150.59359642,152.24552012,151.67515651473605,151.40734979643787,150.07905149703606,0,0,0,0,0,6,0.75,8,1.0368665981656195,1,0,1,1,1,0,0,0
1397136600,152.24552012,152.31062056,148.86029716,149.04339215,151.14880364178885,151.1924445558526,150.03843740499542,0,0,0,0,0,0,0,8,1.148845760546586,1,0,1,1,1,0,0,0
1397223000,148.24184297,149.25903737,147.54201322,147.70476432,150.4599957774311,150.87538271622964,149.94692081342697,0,0,0,0,0,-4,0.5,8,1.1594870762997307,1,0,1,0,0,0,0,0
1397482200,148.86029716,149.21834959,147.64780144,148.86851609,150.14169983994486,150.6929402956633,149.9046304321161,0,0,0,0,0,2,0.25,8,1.14360636917405,0,0,1,1,1,0,0,0
1397568600,149.17766181,149.99955489,147.70476432,149.89376667,150.09211320595588,150.62028814787573,149.9042044022292,0,0,0,0,0,4,0.5,8,1.1640100149765698,0,0,1,1,1,0,0,0
1397655000,150.92723618,151.47245238,150.25995665,151.46024605,150.3657397747647,150.69664795715974,149.96522564331823,0,0,0,0,0,6,0.75,8,1.1441383026214011,0,0,1,1,1,0,0,0
1397741400,151.26087594,152.09904413,151.00047418,151.67589126,150.62777007181177,150.78567007559977,150.03231056946262,0,0,0,0,0,3,0.375,8,1.1126384924019457,1,0,1,1,1,0,0,0
1398087000,151.71657903,152.25365768,151.52941526,152.20483235,150.9431825274494,150.91468482781798,150.1175075020327,0,0,0,0,0,5,0.625,8,1.0635620160284902,1,0,1,1,1,0,0,0
1398173400,152.35944589,153.31153985,152.27807034,152.89652454,151.33385092995954,151.09485207438,150.22648856234514,0,0,0,0,0,4,0.5,8,1.0348274873803265,1,0,1,1,1,0,0,0
1398259800,152.8314241,152.9209372,152.41640878,152.53847211,151.57477516596762,151.22609025943635,150.3171545838218,0,0,0,0,0,0,0,8,0.986792125757814,1,0,0,1,0,0,0,0
1398346200,153.28712719,153.3034023,152.11531924,152.84769921,151.8293599747741,151.37350925494212,150.41639162798566,0,0,0,0,0,2,0.25,8,0.96997451792139,1,0,0,1,0,0,0,0
1398432600,152.34317078,152.44082145,151.25273839,151.59451571,151.78239112181927,151.39360075085648,150.46259257237838,0,0,0,0,0,0,0,8,0.9832879912113349,1,0,0,1,0,0,0,0
1398691800,152.2129699,152.73377343,150.51222087,152.07056269,151.84002543545543,151.45514274532408,150.52565022404983,0,0,0,0,0,0,0,8,1.0145427071096644,1,0,1,1,1,0,0,0
1398778200,152.56288477,153.01858787,152.23738257,152.78259876,152.02854010036435,151.5758205648401,150.61415800977338,0,0,0,0,0,4,0.5,8,0.9820067297815279,1,0,0,1,0,0,0,0
1398864600,152.53033455,153.3929154,152.31875812,153.23830186,152.27049245229148,151.72695522803645,150.71706561174304,0,0,0,0,0,3,0.375,8,0.9592210886609208,1,0,0,1,0,0,0,0
1398951000,153.16506386,153.66959228,152.76632365,153.25050819,152.4664955998332,151.86546004276042,150.81641630108646,0,0,0,0,0,3,0.375,8,0.9327348247308089,1,0,0,1,0,0,0,0
1399037400,153.23830186,153.91371894,152.80701143,153.03486298,152.58016907586656,151.9717694006913,150.90341421006346,0,0,0,0,0,3,0.375,8,0.9189866139530332,1,0,0,1,0,0,0,0
1399296600,152.2862079,153.43360318,151.86305503,153.32781496,152.72969825269325,152.09504626971938,150.99848874927665,0,0,0,0,0,2,0.25,8,0.9248791051409168,1,0,0,1,0,0,0,0
1399383000,152.98603764,153.09182586,151.96070569,151.99325591,152.5824097841546,152.08579260065397,151.03749922616777,0,0,0,0,0,-1,0.125,8,0.9306037555785567,0,0,0,1,0,0,0,0
1399469400,152.522197,152.96162498,151.36666416,152.88838698,152.64360522332368,152.15875572604907,151.11008305965137,0,0,0,0,0,3,0.375,8,0.9335883859526923,1,0,0,1,0,0,0,0
1399555800,152.71749832,153.84048094,152.23738257,152.7215671,152.65919759865895,152.20992039640825,151.17327851221407,0,0,0,0,0,1,0.125,8,0.9428280716943231,1,0,0,1,0,0,0,0
1399642200,152.73377343,153.01858787,152.03394369,152.95348742,152.71805556292716,152.27751739855296,151.24309062624488,0,0,0,0,0,2,0.25,8,0.9201381596601486,1,0,0,1,0,0,0,0
1399901400,153.60449184,154.51589802,152.98538664,154.43859125,153.06216270034173,152.4739786577754,151.36840437619605,0,0,0,0,0,2,0.25,8,0.9184600584117875,1,0,0,1,0,0,0,0
1399987800,154.63796135,154.955326,154.42638491,154.58099846,153.36592985227338,152.6655259125231,151.49438845791386,0,0,0,0,0,2,0.25,8,0.8765113139593966,1,0,0,1,0,0,0,0
1400074200,154.44266002,154.51589802,153.6289045,153.84861849,153.4624675798187,152.7730797832028,151.5867112042702,0,0,0,0,0,-2,0.25,8,0.8619815175535064,1,0,0,1,0,0,0,0
1400160600,153.53125384,153.57194162,151.74912925,152.49778433,153.26953092985497,152.74805292382072,151.62243956214195,0,0,0,0,0,0,0,8,0.9058396608423546,0,0,0,1,0,0,0,0
1400247000,152.58729744,153.09182586,151.94443058,153.02672542,153.22096982788398,152.77338678710976,151.67750959578345,0,0,0,0,0,3,0.375,8,0.8917865998492216,1,0,0,1,0,0,0,0
1400506200,152.73377343,153.71028006,152.595435,153.58821673,153.29441920830718,152.84746223646343,151.75243928732135,0,0,0,0,0,5,0.625,8,0.8769078063192737,1,0,0,1,0,0,0,0
1400592600,153.51090995,153.53125384,152.22924501,152.61984766,153.15950489864574,152.82677000223947,151.7864553019362,0,0,0,0,0,-1,0.125,8,0.8830401538986808,0,0,0,1,0,0,0,0
1400679000,153.0674132,153.97881938,153.03486298,153.90558138,153.3087201949166,152.92484376385406,151.86955828538967,0,0,0,0,0,4,0.5,8,0.8761865804930115,1,0,0,1,0,0,0,0
1400765400,153.94626916,154.59727357,153.68586739,154.27990892,153.50295793993328,153.04803150532186,151.9640818396881,0,0,0,0,0,4,0.5,8,0.8538241104364532,1,0,0,1,0,0,0,0
1400851800,154.4101098,155.00415133,154.27649115,154.89836311,153.7820389739466,153.2162434693835,152.0791516934258,0,0,0,0,0,6,0.75,8,0.823225888276773,1,0,0,1,0,0,0,0
1401197400,155.46799198,155.8992824,155.38661643,155.85045707,154.19572259315729,153.4557174330759,152.2270460219189,0,0,0,0,0,6,0.75,8,0.8056277680618031,1,0,0,0,0,0,0,0
1401283800,155.85045707,156.09458373,155.47612953,155.7365313,154.50388433452582,153.6630641482508,152.36467289556916,0,0,0,0,0,0,0,8,0.7769955781399284,1,0,0,0,0,0,0,0
1401370200,156.09458373,156.56656193,155.69584352,156.54214926,154.91153731962066,153.92479915840983,152.52849549809585,0,0,0,0,0,3,0.375,8,0.7575128209979546,1,0,0,0,0,0,0,0
1401456600,156.39567327,156.89206414,156.26547239,156.79441348,155.28811255169654,154.1856731876453,152.69578639934699,0,0,0,0,0,0,0,8,0.7308178021952835,1,0,0,0,0,0,0,0
1401715800,157.01412747,157.04667769,156.21664706,156.96937091,155.62436422335725,154.43873661695028,152.86337794878435,0,0,0,0,0,-1,0.125,8,0.7156305109581219,1,0,0,0,0,0,0,0
1401802200,156.56656193,156.97343969,156.4444986,156.89206414,155.8779042066858,154.66176639177297,153.0213656425575,0,0,0,0,0,0,0,8,0.6889226869408165,1,0,0,0,0,0,0,0
1401888600,156.62352482,157.2989419,156.45670493,157.20942879,156.14420912334865,154.89337206433908,153.18560341304544,0,0,0,0,0,2,0.25,8,0.6766897959412579,1,0,0,0,0,0,0,0
1401975000,157.388455,158.39751185,156.81068859,158.23476074,156.5623194466789,155.19713467121736,153.38360958272995,0,0,0,0,0,4,0.5,8,0.6959137940423099,1,0,0,0,0,0,0,0
1402061400,158.57653806,159.03224115,158.50330007,158.9874846,157.04735247734314,155.54171193747032,153.60336938732877,0,0,0,0,0,7,0.875,8,0.678974749782356,1,0,0,0,0,0,0,0
1402320600,158.96714071,159.53676958,158.82066472,159.15430448,157.46874287787452,155.87012944133667,153.82105311645313,0,0,0,0,0,3,0.375,8,0.6619545501956079,1,0,0,0,0,0,0,0
1402407000,158.9508656,159.20312981,158.61722584,159.17057959,157.8091102202996,156.17017036394242,154.03083846835693,0,0,0,0,0,0,0,8,0.640901957921751,1,0,0,0,0,0,0,0
1402493400,158.60095073,158.77997694,158.25917341,158.61722584,157.97073334423968,156.39262995267492,154.21069679665666,0,0,0,0,0,-1,0.125,8,0.6382418788512034,1,0,0,0,0,0,0,0
1402579800,158.39751185,158.51957518,157.14432835,157.49424322,157.87543531939173,156.49277661334085,154.3394633230623,0,0,0,0,0,-3,0.375,8,0.66367948720767,1,0,0,1,0,0,0,0
1402666200,157.78719521,158.12897253,157.2989419,157.97435898,157.89522005151338,156.62746591940078,154.48200825078533,0,0,0,0,0,1,0.125,8,0.6519309091085143,1,0,0,1,0,0,0,0
1402925400,157.77905765,158.43819962,157.59189388,158.10455986,157.9370880132107,156.76174718672797,154.62406909820552,0,0,0,0,0,4,0.5,8,0.6431003419121312,1,0,0,1,0,0,0,0
1403011800,157.88484587,158.65791361,157.71395721,158.54398784,158.05846797856856,156.92376906429817,154.7777914018053,0,0,0,0,0,1,0.125,8,0.6380373916791536,1,0,0,0,0,0,0,0
1403098200,158.54398784,159.79717134,158.19407297,159.70358946,158.38749227485485,157.17648000936197,154.97095995310704,0,0,0,0,0,7,0.875,8,0.6598611590699889,1,0,0,0,0,0,0,0
1403184600,159.84599667,159.98433511,159.3333307,159.88668445,158.68733070988387,157.42286223123816,155.1637334627891,0,0,0,0,0,2,0.25,8,0.6411098448387353,1,0,0,0,0,0,0,0
1403271000,160.28462899,160.34505359,160.01480332,160.21104017,158.9920726019071,157.67633295294377,155.36166705915034,0,0,0,0,0,1,0.125,8,0.6145469881971795,1,0,0,0,0,0,0,0
1403530200,160.23556978,160.30098207,159.86762567,160.16198096,159.22605427352568,157.90230095358524,155.54991466310523,0,0,0,0,0,2,0.25,8,0.5901522726419551,1,0,0,0,0,0,0,0
1403616600,159.87580221,160.66892617,159.01726596,159.19714975,159.22027336882053,158.02001448053204,155.69294349004227,0,0,0,0,0,-1,0.125,8,0.62542642651219,1,0,0,1,0,0,0,0
1403703000,158.82920564,160.08103326,158.82920564,159.91668489,159.35955567305643,158.19243906321094,155.85858040768767,0,0,0,0,0,3,0.375,8,0.6340543252275995,1,0,0,0,0,0,0,0
1403789400,159.9412145,159.95756757,158.73108721,159.80221339,159.44808721644515,158.33878218382813,156.01323268150384,0,0,0,0,0,2,0.25,8,0.6440078376230198,1,0,0,1,0,0,0,0
1403875800,159.42609275,160.16198096,159.34841566,160.11292174,159.58105412115611,158.50006759802557,156.17400480144485,0,0,0,0,0,4,0.5,8,0.6331410746068393,1,0,0,0,0,0,0,0
1404135000,160.01480332,160.39501223,159.87580221,160.03115639,159.6710745749249,158.63925748820506,156.32526564805485,0,0,0,0,0,5,0.625,8,0.6113916047775985,1,0,0,1,0,0,0,0
1404221400,160.41545356,161.5928747,160.36639435,161.10228256,159.9573161719399,158.86316885836823,156.51259964460172,0,0,0,0,0,5,0.625,8,0.6331886887823144,1,0,0,0,0,0,0,0
1404307800,161.11863563,161.47022667,161.04504681,161.26581328,160.21901559355192,159.08159107851657,156.69900017932324,0,0,0,0,0,0,0,8,0.6061969622280712,1,0,0,0,0,0,0,0
1404394200,161.72369927,162.13252606,161.60105124,162.05893724,160.58699992284153,159.3522589113787,156.90919378954587,0,0,0,0,0,5,0.625,8,0.5983432856062226,1,0,0,0,0,0,0,0
1404739800,161.74822888,161.87905345,161.25763674,161.49475627,160.76855119227324,159.5470313985261,157.08901976917153,0,0,0,0,0,-1,0.125,8,0.5929867240523167,1,0,0,0,0,0,0,0
1404826200,161.20040099,161.25763674,160.06386253,160.45633624,160.70610820181858,159.6296954750237,157.22107139547853,0,0,0,0,0,-2,0.25,8,0.6178915401375505,1,0,0,1,0,0,0,0
1404912600,160.85698649,161.31896076,160.51357199,161.17587138,160.80006083745485,159.77025692093065,157.37616159094995,0,0,0,0,0,3,0.375,8,0.6094240877726725,1,0,0,1,0,0,0,0
1404999000,159.6223296,160.96328146,159.49150503,160.5381016,160.74766898996387,159.84006098266423,157.50015923836366,0,0,0,0,0,0,0,8,0.643084805601681,1,0,0,1,0,0,0,0
1405085400,160.43998317,160.87333956,160.0802156,160.75886806,160.7499088039711,159.92358889878565,157.62795174117292,0,0,0,0,0,1,0.125,8,0.6315703021202481,1,0,0,1,0,0,0,0
1405344600,161.57652163,161.78093502,161.43752053,161.5683451,160.91359606317687,160.07311218980513,157.78247697093084,0,0,0,0,0,4,0.5,8,0.6287049892189743,1,0,0,1,0,0,0,0
1405431000,161.66646352,161.97717188,160.55445467,161.26581328,160.9840395065415,160.18153956164102,157.9190783948159,0,0,0,0,0,-1,0.125,8,0.6479083073568978,1,0,0,1,0,0,0,0
1405517400,161.98534842,162.10799645,161.42116745,161.86270038,161.1597716812332,160.33437236331002,158.07373023737213,0,0,0,0,0,3,0.375,8,0.6365753616806701,1,0,0,1,0,0,0,0
1405603800,161.3639317,161.97717188,159.79403685,160.02297985,160.93241331498655,160.3060639530091,158.15017139865165,0,0,0,0,0,0,0,8,0.6953487894325021,0,0,0,1,0,0,0,0
1405690200,160.54627814,161.8218177,160.45633624,161.65820522,161.07757169598923,160.42898588637192,158.28774135243,0,0,0,0,0,3,0.375,8,0.7186312769090474,1,0,0,1,0,1,0,0
1405949400,161.15134178,161.48657974,160.61169042,161.35575517,161.1332083907914,160.513237639429,158.4080556197857,0,0,0,0,0,1,0.125,8,0.7148781408153262,1,0,0,1,0,0,0,0
1406035800,161.90358306,162.35329252,161.78911156,162.05893724,161.3183541606331,160.65375578493547,158.5512274480294,0,0,0,0,0,3,0.375,8,0.7049022198310749,1,0,0,1,0,0,0,0
1406122200,162.30014504,162.59041206,161.97717188,162.41870481,161.5384242905065,160.81420569630498,158.70289322693023,0,0,0,0,0,3,0.375,8,0.6800712919559281,1,0,0,1,0,0,0,0
1406208600,162.57405899,162.76211931,162.26335063,162.42688134,161.7161157004052,160.96081257300452,158.84893197646238,0,0,0,0,0,1,0.125,8,0.6533967491691234,1,0,0,1,0,0,0,0
1406295000,161.96899534,162.10799645,161.34757863,161.66646352,161.70618526432415,161.02496265909502,158.9594234095423,0,0,0,0,0,-2,0.25,8,0.6572658430723859,1,0,0,1,0,0,0,0
1406554200,161.69916967,161.96899534,160.7670446,161.73187581,161.71132337345932,161.08922749099548,159.06814703308964,0,0,0,0,0,-2,0.25,8,0.6631553631703573,1,0,0,1,0,0,0,0
1406640600,162.03440763,162.26335063,161.01234067,161.03687028,161.57643275476747,161.08446774454134,159.1453518663018,0,0,0,0,0,1,0.125,8,0.6739338123824099,0,0,0,1,0,0,0,0
1406727000,161.60922777,161.8218177,160.39092396,161.06139988,161.47342617981397,161.08237066594668,159.2204910040939,0,0,0,0,0,0,0,8,0.6891585933522871,0,0,0,1,0,0,0,0
1406813400,159.9412145,160.0802156,157.78260907,157.8807275,160.75488644385118,160.79131219631518,159.16795125883533,0,0,0,0,0,-3,0.375,8,0.8011645111748152,1,0,0,0,0,0,0,0
1406899800,157.44737111,158.42855539,156.63789408,157.3983119,160.08357153508095,160.48285762392288,159.09855363692023,0,0,0,0,0,-1,0.125,8,0.8274801930928477,1,0,0,0,0,1,0,0
1407159000,157.70084372,158.87008832,157.03036779,158.53485036,159.77382730006477,160.30576605447536,159.0764476260606,0,0,0,0,0,5,0.625,8,0.8457553927385212,0,0,0,1,0,0,0,0
1407245400,157.88890404,158.29773082,156.42530415,156.99766165,159.2185941700518,160.00502929043213,158.99492660739156,0,0,0,0,0,0,0,8,0.8890108665315637,1,0,0,0,0,0,0,0
1407331800,156.26177344,157.71719679,156.23724383,157.04672086,158.78421950804145,159.73609216039284,158.91852638200365,0,0,0,0,0,0,0,8,0.8925639813258726,0,0,0,0,0,0,0,0
1407418200,157.7539912,157.91343365,155.80388744,156.19636115,158.26664783643315,159.41429843217531,158.811774804278,0,0,0,0,0,-1,0.125,8,0.9297911065071425,0,0,0,0,0,0,0,0
1407504600,156.54795219,158.1096705,156.13094887,158.00337554,158.21399337714652,159.28603271470485,158.78007287234553,0,0,0,0,0,4,0.5,8,0.942955442262762,0,0,0,1,0,0,0,0
1407763800,158.59617438,159.16444361,158.38767272,158.45717327,158.26262935571722,159.2106818560953,158.76741014284178,0,0,0,0,0,4,0.5,8,0.9254319645541237,0,0,0,1,0,0,0,0
1407850200,158.30590736,158.74744029,157.75807947,158.24049507,158.25820249857378,159.12248305735937,158.7467468066519,0,0,0,0,0,-1,0.125,8,0.905165363352822,0,0,0,1,0,0,0,0
1407936600,158.86191179,159.49150503,158.59208611,159.31162125,158.46888624885904,159.13967743850853,158.76889874560675,0,0,0,0,0,5,0.625,8,0.8909495285455346,0,0,0,1,0,0,0,0
1408023000,159.57327039,160.06386253,159.42609275,160.06386253,158.78788150508723,159.22369426500777,158.81968163911236,0,0,0,0,0,4,0.5,8,0.8569910238254892,0,0,0,1,0,0,0,0
1408109400,160.64439656,160.79157421,158.87826486,160.03115639,159.03653648206978,159.29709991273432,158.86719045287265,0,0,0,0,0,3,0.375,8,0.8813389815969424,1,0,0,1,0,0,0,0
1408368600,160.91422224,161.44569706,160.82428035,161.37210824,159.50365083365583,159.48573703339483,158.96542252295606,0,0,0,0,0,2,0.25,8,0.8741978584665947,1,0,0,1,0,0,0,0
1408455000,161.76458195,162.33693945,161.43964642,162.21429142,160.04577895092467,159.7337874321771,159.09282914636955,0,0,0,0,0,3,0.375,8,0.850025549016018,1,0,0,0,0,0,0,0
1408541400,161.99352495,162.84388466,161.96081881,162.64764781,160.56615272273973,159.998683830161,159.23223379984526,0,0,0,0,0,-1,0.125,8,0.8259872569928461,1,0,0,0,0,0,0,0
1408627800,162.78664891,163.3344768,162.65582434,163.12188688,161.0772995541918,160.28261138014636,159.38476921475328,0,0,0,0,0,3,0.375,8,0.79483351456662,1,0,0,0,0,0,0,0
1408714200,162.9910623,163.27724105,162.50047016,162.86841427,161.43552249735345,160.51768437013305,159.52138274633157,0,0,0,0,0,1,0.125,8,0.7732748775722966,1,0,0,0,0,0,0,0
1408973400,163.64518516,164.01713577,162.83587166,163.69424437,161.88726687188276,160.80646255193915,159.68502437863228,0,0,0,0,0,6,0.75,8,0.7659633570943564,1,0,0,0,0,0,0,0
1409059800,163.80053934,164.20118959,163.75965666,163.80053934,162.2699213655062,161.07865135085376,159.8464171222153,0,0,0,0,0,2,0.25,8,0.73289651861372,1,0,0,0,0,0,0,0
1409146200,163.88230469,163.99677619,163.48165445,163.73512705,162.56296250240496,161.32014914168525,159.9989155507559,0,0,0,0,0,3,0.375,8,0.703290555923749,1,0,0,0,0,0,0,0
1409232600,163.1954757,163.75148012,163.03194498,163.64518516,162.77940703392397,161.53151605244113,160.1419065158243,0,0,0,0,0,2,0.25,8,0.6848210323014757,1,0,0,0,0,0,0,0
1409319000,163.89865777,164.12760076,163.38353602,164.11124769,163.0457751651392,161.76603711040104,160.29756695402727,0,0,0,0,0,3,0.375,8,0.6664843581828919,1,0,0,0,0,0,0,0
1409664600,164.32383762,164.34427896,163.41624216,164.02948234,163.24251660011134,161.9718048585464,160.4439165770066,0,0,0,0,0,0,0,8,0.6595992871115736,1,0,0,0,0,0,0,0
1409751000,164.65907558,164.68360519,163.71059745,163.93954044,163.38192136808908,162.1506899114058,160.58099986575144,0,0,0,0,0,-1,0.125,8,0.6552150937480428,1,0,0,0,0,0,0,0
1409837400,164.21754266,164.8226063,163.25271145,163.70250267,163.44603762847126,162.29176379855073,160.70341174042784,0,0,0,0,0,0,0,8,0.6777944561119437,1,0,0,1,0,0,0,0
1409923800,163.66971477,164.50372141,163.04829805,164.43830912,163.64449192677702,162.48690428231885,160.84987830433263,0,0,0,0,0,3,0.375,8,0.6897848536616408,1,0,0,0,0,0,0,0
1410183000,164.28295494,164.52007448,163.53071366,164.01312927,163.7182193954216,162.6256520084717,160.97392736180979,0,0,0,0,0,2,0.25,8,0.6852621250107791,1,0,0,1,0,0,0,0
1410269400,163.86595162,163.98042312,162.63947127,162.97470923,163.56951736233728,162.65738448315608,161.05238939585647,0,0,0,0,0,-4,0.5,8,0.700573910676145,1,0,0,1,0,0,0,0
1410355800,163.06465113,163.69424437,162.52499977,163.58794941,163.57320377186983,162.74198129468735,161.15182312190132,0,0,0,0,0,2,0.25,8,0.6991478318370534,1,0,0,1,0,0,0,0
1410442200,162.93382656,163.80053934,162.81117852,163.77600973,163.61376496349587,162.83598387971577,161.25473240065028,0,0,0,0,0,3,0.375,8,0.691612790671069,1,0,0,1,0,0,0,0
1410528600,163.61247902,163.62883209,162.35329252,162.81935506,163.4548829827967,162.83447216883252,161.31609015199734,0,0,0,0,0,-3,0.375,8,0.7083995902572653,0,0,0,1,0,0,0,0
1410787800,162.84388466,162.97470923,162.20611488,162.69752467,163.30341132023736,162.8220223962114,161.37026405466412,0,0,0,0,0,0,0,8,0.6920355406816311,0,0,0,1,0,0,0,0
1410874200,162.3941752,164.21754266,162.30423331,163.92318737,163.4273665301899,162.92212830291945,161.4703786944812,0,0,0,0,0,2,0.25,8,0.7211709792847312,1,0,0,1,0,0,0,0
1410960600,164.16030691,164.90437165,163.32630027,164.14395384,163.5706839921519,163.03320335174496,161.5752247786192,0,0,0,0,0,3,0.375,8,0.7374291592732545,1,0,0,1,0,0,0,0
1411047000,164.64272251,165.04337276,164.43013259,165.01884315,163.86031582372152,163.21371606067723,161.71026863632042,0,0,0,0,0,1,0.125,8,0.7200566798856552,1,0,0,0,0,0,0,0
1411133400,165.54392228,165.85526183,164.53350632,164.87031164,164.0623149869772,163.3643156587975,161.8341918913667,0,0,0,0,0,0,0,8,0.7264902847590033,1,0,0,1,0,0,0,0
1411392600,164.5827949,164.6074392,163.25200315,163.59702323,163.96925663558176,163.38547089254317,161.9033225320974,0,0,0,0,0,-3,0.375,8,0.7505060084021259,1,0,0,1,0,0,0,0
1411479000,163.00556023,163.68738564,162.61125157,162.66054015,163.70751333846542,163.3195680977665,161.9330173406426,0,0,0,0,0,-1,0.125,8,0.7481665897621921,0,0,0,1,0,0,0,0
1411565400,162.68518444,164.04062049,162.25801672,163.93382855,163.75277638077233,163.37540995706047,162.0114805253233,0,0,0,0,0,3,0.375,8,0.7670009964812554,1,0,0,1,0,0,0,0
1411651800,163.50666083,163.5148756,161.23117123,161.28867458,163.25995602061786,163.18570674096406,161.98313519413415,0,0,0,0,0,-2,0.25,8,0.8435859603344167,1,0,0,1,0,0,0,0
1411738200,161.58440608,162.97270118,161.35439269,162.57017775,163.1220003664943,163.12974955996734,162.00615647083478,0,0,0,0,0,1,0.125,8,0.8511462054143347,1,0,0,1,0,1,0,0
1411997400,161.17366788,162.56196298,161.05044642,162.27444625,162.95248954319544,163.05199471360666,162.01667763864518,0,0,0,0,0,1,0.125,8,0.8586846221024,1,0,0,1,0,0,0,0
1412083800,162.3976677,162.8987683,161.5104732,161.84727852,162.73144733855636,162.94247505964242,162.0100345359532,0,0,0,0,0,-1,0.125,8,0.8607245396709605,1,0,0,1,0,0,0,0
1412170200,161.58440608,161.64190942,159.29248695,159.65393656,162.11594518284508,162.64351701422038,161.91763853689622,0,0,0,0,0,-1,0.125,8,0.924524728493449,1,0,0,0,0,0,0,0
1412256600,159.51428557,160.23307741,158.01098378,159.67858085,161.62847231627606,162.3739773629276,161.82983235309638,0,0,0,0,0,1,0.125,8,0.9577550423778506,0,0,0,0,0,0,0,0
1412343000,160.74650016,161.78156041,160.25361432,161.43654033,161.59008591902085,162.28875581447963,161.81440913650437,0,0,0,0,0,5,0.625,8,0.9727070769466091,0,0,0,1,0,0,0,0
1412602200,162.11015097,162.32373483,160.66599547,161.24760076,161.5215888872167,162.19410535498147,161.7921813570336,0,0,0,0,0,1,0.125,8,0.977719966921784,0,0,0,1,0,0,0,0
1412688600,160.4179096,160.77935921,158.72566824,158.75852729,160.96897656777335,161.8817800763468,161.6732145308754,0,0,0,0,0,0,0,8,1.0355836253544204,0,0,1,0,0,0,0,0
1412775000,158.8488897,161.76513088,158.01919854,161.53511749,161.08220475221867,161.85026529576982,161.667798960645,0,0,0,0,0,6,0.75,8,1.1107243070824124,0,0,1,1,1,0,0,0
1412861400,161.28045981,161.50225844,158.19992335,158.33135957,160.53203571577492,161.5303647752453,161.53695820022756,0,0,0,0,0,1,0.125,8,1.2027182287679081,1,0,1,0,0,0,0,0
1412947800,158.29028575,159.07890308,156.48303769,156.52411151,159.73045087461995,161.07525084204119,161.34037597708138,0,0,0,0,0,-2,0.25,8,1.248164932655505,1,0,1,0,0,1,0,0
1413207000,156.4583934,157.02521211,153.862528,153.95280826,158.57492235169596,160.42775606185563,161.05066743915663,0,0,0,0,0,-3,0.375,8,1.3251051389446207,1,0,1,0,0,0,0,0
1413293400,154.78258156,155.93264851,153.64894414,154.19111856,157.69816159335676,159.8607890162324,160.78166552232696,0,0,0,0,0,3,0.375,8,1.3343449581291709,1,0,1,0,0,1,0,0
1413379800,152.10456853,154.1861897,149.44298502,153.14784354,156.7880979826854,159.2505212456658,160.48229995439257,0,0,0,0,0,1,0.125,8,1.4689294076442223,1,0,1,0,0,0,0,0
1413466200,150.37946811,154.09254139,150.23981712,153.01640732,156.03375985014833,158.68378361605983,160.18951985108305,0,0,0,0,0,-3,0.375,8,1.5450239754308184,1,0,1,0,0,1,0,0
1413552600,154.78258156,155.87514516,154.12540045,154.82365538,155.79173895611865,158.33286286732712,159.9790937933935,0,0,0,0,0,1,0.125,8,1.549807474751546,1,0,1,1,1,0,0,0
1413811800,154.54435341,156.45017863,154.49506482,156.32695718,155.89878260089492,158.15050780484285,159.835872749731,0,0,0,0,0,5,0.625,8,1.5146005524429094,1,0,1,1,1,0,0,0
1413898200,157.46059459,159.5307151,157.29629932,159.42392317,156.60381071471593,158.26627283803896,159.81971786425137,0,0,0,0,0,3,0.375,8,1.5226355388157862,0,0,1,1,1,0,0,0
1413984600,159.70322514,160.11396334,158.22456764,158.29028575,156.94110572177274,158.2684558300354,159.75974013428072,0,0,0,0,0,-3,0.375,8,1.509260776888394,0,0,1,1,1,0,0,0
1414071000,159.87573518,161.17366788,159.58000368,160.13039286,157.5789631494182,158.43772283275945,159.77427553528932,0,0,0,0,0,1,0.125,8,1.5139694718984786,0,0,1,1,1,0,0,0
1414157400,160.39326531,161.41189603,159.76894325,161.36260745,158.33569200953457,158.70362143432678,159.8365630613564,0,0,0,0,0,3,0.375,8,1.4678201972174578,0,0,1,1,1,0,0,0
1414416600,160.78757398,161.37903698,160.2125405,161.14080883,158.89671537362764,158.92518392484251,159.88770995424437,0,0,0,0,0,3,0.375,8,1.4165589962607443,1,0,1,1,1,0,0,0
1414503000,161.68298324,162.99734547,161.60905037,162.98913071,159.71519844090213,159.2946336325841,160.00933429760732,0,0,0,0,0,4,0.5,8,1.3818207480777585,0,0,1,0,0,0,0,0
1414589400,163.1041374,163.57237894,161.66655372,162.74268779,160.3206963107217,159.6080931014401,160.11652463064232,0,0,0,0,0,0,0,8,1.3687099192284766,0,0,1,1,1,0,0,0
1414675800,162.3073053,164.25420435,162.15943955,163.7859628,161.01374960857737,159.9878994376728,160.26042416669557,0,0,0,0,0,1,0.125,8,1.3542039564913146,0,0,1,0,0,0,0,0
1414762200,165.75750614,165.7903652,164.92781499,165.65892898,161.9427854828619,160.50344757788437,160.47213023780554,0,0,0,0,0,5,0.625,8,1.3296834146465744,1,0,1,0,0,0,0,0
1415025000,165.87251284,166.30789532,165.36730486,165.74929138,162.7040866622895,160.98034246898578,160.67907773357788,0,0,0,0,0,1,0.125,8,1.2745670265711182,1,0,1,0,0,0,0,0
1415111400,165.30569413,165.60964039,164.34456675,165.1742579,163.1981209098316,161.3616075081689,160.8553593087317,0,0,0,0,0,-3,0.375,8,1.2483932591723579,1,0,1,0,0,0,0,0
1415197800,166.3818282,166.42290202,165.48641893,166.21753292,163.8020033118653,161.8030552728808,161.06564062682065,0,0,0,0,0,2,0.25,8,1.2056042957167266,1,0,1,0,0,0,0,0
1415284200,166.25860674,166.9732912,165.64249945,166.8829288,164.41818840949225,162.26486195716438,161.29376957478846,0,0,0,0,0,4,0.5,8,1.1719860944018898,1,0,1,0,0,0,0,0
1415370600,166.89935833,167.25251103,166.43933155,167.03900931,164.9423525895938,162.6988753528767,161.51907309381636,0,0,0,0,0,3,0.375,8,1.1220287892824672,1,0,1,0,0,0,0,0
1415629800,167.07186837,167.61404279,166.86649927,167.5647542,165.46683291167506,163.14122797534247,161.75615862739218,0,0,0,0,0,6,0.75,8,1.0704807693670997,1,0,1,0,0,0,0,0
1415716200,167.62636493,167.83584141,167.29366699,167.7249421,165.91845474934004,163.55792925940224,161.99022856749446,0,0,0,0,0,3,0.375,8,1.0161579441817408,1,0,1,0,0,0,0,0
1415802600,167.04722408,167.77833806,167.01436502,167.54832467,166.24442873347203,163.9206924785475,162.20819312053388,0,0,0,0,0,3,0.375,8,0.9771392944584669,1,0,0,0,0,0,0,0
1415889000,167.71261995,168.26300913,166.93221738,167.73726424,166.54299583477763,164.26765354777044,162.4250194389443,0,0,0,0,0,2,0.25,8,0.9629915051421448,1,0,0,0,0,0,0,0
1415975400,167.66333137,167.98370716,167.35117034,167.77833806,166.7900642798221,164.58680668524585,162.63495350251512,0,0,0,0,0,2,0.25,8,0.9209165899134005,1,0,0,0,0,0,0,0
1416234600,167.45796227,168.05764004,167.29366699,167.88512999,167.00907742185768,164.88665425840531,162.84084277653415,0,0,0,0,0,0,0,8,0.8870969519636865,1,0,0,0,0,0,0,0
1416321000,167.94263334,169.1584184,167.94263334,168.85447214,167.37815636548615,165.24736497491392,163.076671379023,0,0,0,0,0,3,0.375,8,0.8728665438828349,1,0,0,0,0,0,0,0
1416407400,168.6573178,168.85447214,167.82762665,168.58338493,167.61920207838892,165.55063951628537,163.2926209300417,0,0,0,0,0,-2,0.25,8,0.8553295889518463,1,0,0,0,0,0,0,0
1416493800,167.79476759,168.98590836,167.72904948,168.87911643,167.87118494871115,165.85322832662305,163.51169918494202,0,0,0,0,0,4,0.5,8,0.8460035013949612,1,0,0,0,0,0,0,0
1416580200,170.57135779,170.73934971,169.20770698,169.78274046,168.25349605096892,166.2104567023846,163.7576223721992,0,0,0,0,0,2,0.25,8,0.8596547446558118,1,0,0,0,0,0,0,0
1416839400,170.18526389,170.36598869,169.97168003,170.25919676,168.65463619277514,166.57852398034962,164.01258607368158,0,0,0,0,0,4,0.5,8,0.8204859160031996,1,0,0,0,0,0,0,0
1416925800,170.48921015,170.69457925,169.88131762,170.13597531,168.9509040162201,166.90192864668145,164.25271898490976,0,0,0,0,0,3,0.375,8,0.7965749196839402,1,0,0,0,0,0,0,0
1417012200,170.28384106,170.66993496,170.07025719,170.57135779,169.2749947709761,167.23551311425587,164.5005087419721,0,0,0,0,0,4,0.5,8,0.7629008351221986,1,0,0,0,0,0,0,0
1417185000,170.44813633,170.76029736,169.97168003,170.20990818,169.46197745278087,167.50591266568716,164.72440675914967,0,0,0,0,0,3,0.375,8,0.7430065780493997,1,0,0,0,0,0,0,0
1417444200,169.55272707,169.66773376,168.71482115,169.02698218,169.3749783982247,167.64419171244288,164.89313520702615,0,0,0,0,0,-5,0.625,8,0.757943553668,1,0,0,1,0,0,0,0
1417530600,169.068056,170.32491488,169.04505466,170.1154384,169.52307039857976,167.8688505022208,165.09793141067217,0,0,0,0,0,3,0.375,8,0.7537995278365253,1,0,0,0,0,0,0,0
1417617000,170.29205582,170.99031075,170.12776054,170.77672689,169.7738016968638,168.13320290110983,165.3206292726066,0,0,0,0,0,3,0.375,8,0.73383845755735,1,0,0,0,0,0,0,0
1417703400,170.48921015,171.08478054,169.79916999,170.58778732,169.93659882149106,168.35634693919076,165.52718449015143,0,0,0,0,0,0,0,8,0.7360072783949998,1,0,0,0,0,0,0,0
1417789800,170.76029736,171.2531832,170.49742492,170.86708929,170.12269691519285,168.58459624380978,165.73659252151805,0,0,0,0,0,2,0.25,8,0.7139115826571566,1,0,0,0,0,0,0,0
1418049000,170.47278063,170.96566646,169.16663316,169.72523711,170.04320495415428,168.6882908680089,165.8930099563605,0,0,0,0,0,-1,0.125,8,0.7430897826700061,1,0,0,1,0,0,0,0
1418135400,167.88512999,169.71702235,167.50725085,169.61023042,169.9566100473234,168.77210355455352,166.03878330787578,0,0,0,0,0,3,0.375,8,0.7838866734296182,1,0,0,1,0,1,0,0
1418221800,169.15020364,169.20770698,166.70220399,166.89122571,169.34353317985872,168.60111465959412,166.07221242168455,0,0,0,0,0,-1,0.125,8,0.8642156955637418,1,0,0,1,0,0,0,0
1418308200,167.48260656,169.38021703,167.34295558,167.73726424,169.02227939188697,168.52258280326737,166.13750857142242,0,0,0,0,0,2,0.25,8,0.9044286180273883,0,0,0,1,0,1,0,0
1418394600,166.46397584,167.4324965,164.9935331,165.02639215,168.22310194350956,168.20474728933397,166.09393537842547,0,0,0,0,0,-4,0.5,8,0.9723795655951016,1,0,0,0,0,0,0,0
1418653800,165.92180142,166.37361344,163.29307697,163.89275473,167.35703250080766,167.81274796575815,166.0076145686833,0,0,0,0,0,-2,0.25,8,1.0434268610510515,1,0,1,0,0,0,0,0
1418740200,163.12878169,166.26271412,162.53731869,162.57839251,166.40130450264613,167.33689746978013,165.87313527226434,0,0,0,0,0,-1,0.125,8,1.1404040831126534,1,0,1,0,0,0,0,0
1418826600,163.013775,166.21753292,162.89055354,165.76572091,166.2741877841169,167.19406323707284,165.8689229443324,0,0,0,0,0,1,0.125,8,1.1953961462454776,0,0,1,1,1,1,0,0
1418913000,168.18907626,174.94982696,167.51546562,169.8648881,166.99232784729352,167.43686549733894,166.02562746024094,0,0,0,0,0,1,0.125,8,1.4694177554487728,0,0,1,1,1,0,0,0
1418999400,170.5132401,171.25664908,169.83665532,170.587581,167.7113784778348,167.72329417939903,166.204527599055,0,0,0,0,0,2,0.25,8,1.4181369182768373,1,0,1,1,1,0,0,0
1419258600,170.77756329,171.37229048,170.5380204,171.37229048,168.44356087826785,168.0550211158173,166.4071849669352,0,0,0,0,0,2,0.25,8,1.3455843091923265,1,0,1,1,1,0,0,0
1419345000,171.95049746,172.00005806,171.31372637,171.60357327,169.07556335661428,168.37761676619755,166.61096490038872,0,0,0,0,0,1,0.125,8,1.2763551301374223,1,0,1,1,1,0,0,0
1419431400,171.82659597,172.09091916,171.57879297,171.62009347,169.58446937929142,168.67238737563414,166.8074013148833,0,0,0,0,0,1,0.125,8,1.2063875982466765,1,0,1,1,1,0,0,0
1419604200,172.06613886,172.51218425,172.01657826,172.17352016,170.10227953543313,168.99067217421285,167.01783734802513,0,0,0,0,0,5,0.625,8,1.1536259036206784,1,0,1,0,0,0,0,0
1419863400,171.99179796,172.61130545,171.92571716,172.40480295,170.5627842183465,169.3010476992844,167.22909090104375,0,0,0,0,0,3,0.375,8,1.0981914199722416,1,0,1,0,0,0,0,0
1419949800,171.98353786,172.11569946,171.40533088,171.47967177,170.7461617286772,169.4991044329858,167.39578034688518,0,0,0,0,0,-1,0.125,8,1.0668829723016457,1,0,1,1,1,0,0,0
1420036200,171.80181567,171.96701766,169.65418972,169.77809122,170.55254762694176,169.5244668681689,167.4892043026936,0,0,0,0,0,-1,0.125,8,1.0979106483067032,1,0,1,1,1,0,0,0
1420209000,170.4719396,170.88494459,168.65471764,169.68723012,170.3794841255534,169.53926352742627,167.57540139356834,0,0,0,0,0,-4,0.5,8,1.1139140934781457,1,0,1,1,1,1,0,0
1420468200,168.64645754,168.81165954,166.3171094,166.62273309,169.62813391844273,169.27412439675115,167.53804185225192,0,0,0,0,0,-2,0.25,8,1.1978441968282165,0,0,1,1,1,0,0,0
1420554600,166.92835679,167.44874307,164.2562145,165.05331413,168.7131699607542,168.89041437250106,167.44060154941852,0,0,0,0,0,-3,0.375,8,1.261020170945067,1,0,1,0,0,0,0,0
1420641000,166.3749301,167.44874307,165.92888471,167.11007898,168.39255176460335,168.7285657004555,167.42763988002955,0,0,0,0,0,3,0.375,8,1.258924301859611,1,0,1,1,1,0,0,0
1420727400,168.51429595,170.2902174,168.49777575,170.07545481,168.7291323736827,168.85101016495955,167.53147575963624,0,0,0,0,0,3,0.375,8,1.2821788251436514,0,0,1,1,1,0,0,0
1420813800,170.4884598,170.50498,168.10129096,168.71253834,168.72581356694616,168.83842181723594,167.57779193925833,0,0,0,0,0,0,0,8,1.301978689017738,1,0,1,1,1,0,0,0
1421073000,168.84469994,169.00164184,166.78793509,167.39092238,168.45883532955693,168.7068309593054,167.5704637212482,0,0,0,0,0,0,0,8,1.312988232492461,1,0,1,1,1,0,0,0
1421159400,168.60515705,169.72853062,165.62326102,166.92009669,168.15108760164554,168.5444005711867,167.54495913178746,0,0,0,0,0,0,0,8,1.3983153239359587,0,0,1,1,1,0,0,0
1421245800,164.91289244,166.11060691,164.02080166,165.91236451,167.70334298331645,168.30512456562428,167.480935813286,0,0,0,0,0,-4,0.5,8,1.4311426184824938,0,0,1,1,1,0,0,0
1421332200,166.5483922,166.86227599,164.27686475,164.39242355,167.04115909665316,167.9494244732948,167.359817685314,0,0,0,0,0,-3,0.375,8,1.453541287254704,0,0,1,1,1,0,0,0
1421418600,164.18600365,166.70533409,164.00428146,166.5483922,166.94260571732252,167.82205790299528,167.3279970780468,0,0,0,0,0,3,0.375,8,1.448086431577967,0,0,1,1,1,0,0,0
1421764200,167.18441988,167.44874307,165.34241763,166.89944644,166.93397386185802,167.73818413363207,167.3111911706724,0,0,0,0,0,2,0.25,8,1.431968549098877,0,0,1,1,1,0,0,0
1421850600,166.4410109,168.22519245,165.97844531,167.74610667,167.09640042348641,167.73890436421098,167.32824668044995,0,0,0,0,0,0,0,8,1.4186433449380118,0,0,1,1,1,0,0,0
1421937000,168.49777575,170.3728184,167.12659918,170.24065681,167.72525170078913,167.96633640473726,167.44245884239308,0,0,0,0,0,4,0.5,8,1.4342119554746169,1,0,1,1,1,0,0,0
1422023400,169.98459371,170.24065681,169.17510393,169.30726553,168.04165446663131,168.08823905248843,167.51558851641687,0,0,0,0,0,2,0.25,8,1.3840645993931424,1,0,1,1,1,0,0,0
1422282600,169.09250293,169.79461142,168.38213435,169.70375032,168.37407363730506,168.2351037131713,167.60139878322406,0,0,0,0,0,2,0.25,8,1.3416515567826965,1,0,1,1,1,0,0,0
1422369000,167.65524557,168.60515705,166.63925329,167.46526327,168.19231156384404,168.16511821833754,167.59606013564664,0,0,0,0,0,0,0,8,1.3931812952613627,1,0,1,1,1,0,0,0
1422455400,168.64645754,168.74557874,165.12765503,165.31763733,167.61737671707525,167.90625631939776,167.5067102216997,0,0,0,0,0,-2,0.25,8,1.466793417874622,1,0,1,1,1,0,0,0
1422541800,165.51587972,167.10181888,164.11166276,166.84592099,167.4630855716602,167.8098621985434,167.4807969184958,0,0,0,0,0,-1,0.125,8,1.477558405531969,0,0,1,1,1,1,0,0
1422628200,165.67282162,166.99443759,164.48336725,164.74769044,166.92000654532816,167.53148294776673,167.3736162722803,0,0,0,0,0,-2,0.25,8,1.4983634037199316,0,0,1,1,1,0,0,0
1422887400,165.24329643,166.87879619,163.43433457,166.78793509,166.89359225426253,167.46388768796976,167.3506483827791,0,0,0,0,0,3,0.375,8,1.5218302693850996,0,0,1,1,1,0,0,0
1422973800,167.68002587,169.20814433,167.30832138,169.19988423,167.35485064941003,167.62170555542704,167.4231674356113,1,0,1,0,0,5,0.625,8,1.4951542611291433,1,1,1,1,1,0,1,0
1423060200,168.43995505,169.64592962,168.10129096,168.55559645,167.59499980952802,167.70660472766096,167.46757641656774,0,0,0,0,0,0,0,8,1.4591213315097213,1,0,1,1,1,0,0,0
1423146600,169.21640443,170.4058588,169.14206353,170.257177,168.12743524762243,167.93847493423723,167.5769725178788,0,0,0,0,0,0,0,8,1.418981968014193,1,0,1,1,1,0,0,0
1423233000,170.6206214,171.18230818,169.26596503,169.78635132,168.45921846209794,168.1064636965793,167.66361482384434,0,0,0,0,0,0,0,8,1.401899892859847,1,0,1,1,1,0,0,0
1423492200,169.14206353,169.86069221,168.6175472,169.02642213,168.57265919567834,168.19009628143573,167.71705824761514,0,0,0,0,0,-3,0.375,8,1.3601506544106912,1,0,1,1,1,0,0,0
1423578600,170.05893461,171.08318698,169.06780523,170.82712389,169.02355213454268,168.42982606403248,167.83902160614005,0,0,0,0,0,2,0.25,8,1.3356839505365241,1,0,1,1,1,0,0,0
1423665000,170.66192189,171.35577028,170.01763411,170.92624509,169.40409072563415,168.65677324821135,167.9600891937424,0,0,0,0,0,2,0.25,8,1.2954782403445144,1,0,1,1,1,0,0,0
1423751400,171.71921467,172.62782565,170.96151571,172.57000495,170.03727357050732,169.01252158473758,168.1408702037917,0,0,0,0,0,4,0.5,8,1.2619160648605392,1,0,1,0,0,0,0,0
1423837800,172.69390644,173.32993413,172.43784335,173.28037353,170.68589356240585,169.400508125216,168.3424193538391,0,0,0,0,1,6,0.75,8,1.2037486740559,1,1,1,0,0,0,0,0
1424183400,172.96648974,173.72641892,172.71868674,173.55295682,171.25930621392467,169.77800346110544,168.54675415643365,0,0,0,0,0,1,0.125,8,1.1574859290080275,1,0,1,0,0,0,0,0
1424269800,173.18125233,173.64381792,172.91701174,173.56947702,171.72134037513973,170.1226828755504,168.74372368049507,0,0,0,0,0,2,0.25,8,1.1046161189102266,1,0,1,0,0,0,0,0
1424356200,172.97474984,173.80901992,172.83432814,173.44557553,172.0661874061118,170.42476402595491,168.92811002753447,0,0,0,0,0,0,0,8,1.0665875682815988,1,0,1,0,0,0,0,0
1424442600,173.03257054,174.560689,172.41306305,174.48552209,172.55005434288944,170.79392384995901,169.14604775547429,0,0,0,0,0,2,0.25,8,1.0724165346457968,1,0,1,0,0,0,0,0
1424701800,174.23854511,174.4615678,173.85858052,174.46074179,172.93219183231156,171.12727093541727,169.35446712937724,0,0,0,0,0,2,0.25,8,1.0216253474609542,1,0,1,0,0,0,0,0
1424788200,174.3872269,175.15541618,174.08986331,174.95717379,173.33718822384924,171.4754439221975,169.57418111606833,0,0,0,0,0,1,0.125,8,0.9894629565798692,1,0,0,0,0,0,0,0
1424874600,174.83327229,175.31235808,174.4698279,174.80849199,173.6314489770794,171.77844829199773,169.7794482091637,0,0,0,0,0,3,0.375,8,0.9539951583228274,1,0,0,0,0,0,0,0
1424961000,174.71763089,174.87457279,173.99900221,174.6019895,173.82555708166353,172.03513385636157,169.968567475471,0,0,0,0,0,2,0.25,8,0.9227193881505298,1,0,0,0,0,0,0,0
1425047400,174.5028683,174.76719149,173.95770171,174.00726231,173.86189812733082,172.2144182612378,170.12694766506036,0,0,0,0,0,-2,0.25,8,0.8929681936827458,1,0,0,1,0,0,0,0
1425306600,174.10638351,175.16367628,174.05682291,175.10585559,174.11068961986464,172.47727620021618,170.32219895623447,0,0,0,0,1,5,0.625,8,0.8711545812709323,1,1,0,0,0,0,0,0
1425393000,174.6763304,175.15872022,173.52817652,174.3872269,174.1659970758917,172.65090808201472,170.4816118167743,0,0,0,0,0,-2,0.25,8,0.8790494153690027,1,0,0,1,0,0,0,0
1425479400,173.79249972,173.86684062,172.68564634,173.65216062,174.06322978471337,172.74193104001338,170.6059470639596,0,0,0,0,0,-1,0.125,8,0.889706721916639,1,0,0,1,0,0,0,0
1425565800,173.97422191,174.12290371,173.33819423,173.84206032,174.0189958917707,172.84194279273945,170.73285346615728,0,0,0,0,0,0,0,8,0.8574960733589864,1,0,0,1,0,0,0,0
1425652200,172.98300994,173.41253513,171.06666678,171.39707078,173.49461086941656,172.71059079158132,170.75890120395505,0,0,0,0,0,-4,0.5,8,0.9232675069880502,0,0,0,1,0,0,0,0
1425907800,171.59531317,172.46262365,171.43498463,172.10743936,173.21717656753324,172.65575884325574,170.8117850532117,0,0,0,0,0,2,0.25,8,0.89800417535676,0,0,0,1,0,0,0,0
1425994200,170.74452289,170.82712389,169.27422513,169.31552563,172.4368463800266,172.3521012784143,170.75310821308577,0,0,0,0,0,0,0,8,0.9671347551889954,1,0,0,0,0,0,0,0
1426080600,169.57158872,169.74505082,168.83643984,168.91904084,171.73328527202128,172.0400048749221,170.6811840023765,0,0,0,0,0,0,0,8,0.9385828389194715,1,0,0,0,0,0,0,0
1426167000,169.54680842,171.12861753,169.49724782,171.06666678,171.599961573617,171.95151959356554,170.69630097404803,0,0,0,0,0,5,0.625,8,0.952860066464158,0,0,0,1,0,0,0,0
1426253400,170.79408349,171.75539391,168.98512164,170.01532128,171.28303351489362,171.77550156505959,170.66959588800694,0,0,0,0,0,1,0.125,8,1.0066575807790246,0,0,1,1,1,0,0,0
1426512600,170.74452289,172.38002265,170.04580105,172.28916155,171.4842591219149,171.8221979273269,170.73310826690863,0,0,0,0,0,5,0.625,8,1.0204538326531838,0,0,1,1,1,0,0,0
1426599000,171.55401267,172.15699996,170.96754559,171.77703537,171.54281437153193,171.81809224029718,170.7740465846769,0,0,0,0,0,3,0.375,8,1.0053449098628793,1,0,1,1,1,0,0,0
1426685400,171.30620968,174.5111284,170.67018199,173.84206032,172.00266356122555,172.00208933845198,170.89436084880722,0,0,0,0,0,4,0.5,8,1.0802629130256713,1,0,1,1,1,0,0,0
1426771800,173.42905533,173.85007261,172.66086605,173.04909074,172.21194899698042,172.09727128404725,170.97886006022654,0,0,0,0,0,0,0,8,1.0567840858631488,1,0,1,1,1,0,0,0
1426858200,173.9956171,175.08251929,173.81333281,174.57640453,172.68484010358435,172.32264703367932,171.11994023551176,1,0,1,0,0,5,0.625,8,1.055912898391504,1,1,1,1,1,0,1,0
1427117400,174.58470149,175.15719196,174.23622903,174.23622903,172.99511788886747,172.49660903334484,171.2421476392172,0,0,1,0,0,5,0.625,8,1.0201599418577099,1,1,1,1,1,0,1,1
1427203800,174.11177458,174.56810757,173.19081166,173.25718737,173.04753178509398,172.56575251849532,171.32116880513024,0,0,0,0,0,1,0.125,8,1.0094259723547534,1,0,1,1,1,0,0,0
1427290200,173.46461145,173.69692642,170.67683178,170.7183166,172.58168874807518,172.3978037986321,171.29752754218396,0,0,0,0,0,-4,0.5,8,1.0776245246155376,1,0,1,1,1,0,0,0
1427376600,170.05455954,171.22443136,169.35761462,170.3117654,172.12770407846014,172.208163944211,171.2588702032748,0,0,0,0,0,-1,0.125,8,1.0813340925284238,1,0,1,1,1,0,0,0
1427463000,170.19560791,170.8759589,170.00477776,170.70172267,171.8425077967681,172.07121473746454,171.23702128040128,0,0,0,0,0,3,0.375,8,1.0382559258940895,1,0,1,1,1,0,0,0
1427722200,171.73054612,173.08295114,171.71395219,172.78426046,172.03085832941449,172.13603707587686,171.29769732666006,0,0,0,0,0,4,0.5,8,1.0509141022882083,1,0,1,1,1,0,0,0
1427808600,171.96286109,172.65980601,171.2161344,171.27421314,171.87952929153158,172.0576894453426,171.29677637816357,0,0,0,0,0,1,0.125,8,1.049849898371276,1,0,1,1,1,0,0,0
1427895000,171.24102529,171.26591618,169.68119619,170.66853482,171.63733039722527,171.93140266122055,171.27213945431401,0,0,0,0,0,-2,0.25,8,1.0449915579659461,0,0,1,1,1,0,0,0
1427981400,170.60215911,171.73054612,170.41962592,171.27836162,171.56553664178023,171.87203529383686,171.2723834608115,0,0,0,0,0,1,0.125,8,1.0215640084763828,1,0,1,1,1,0,0,0
1428327000,170.39473503,172.95019972,170.26198362,172.435788,171.73958691342418,171.9232855398517,171.31800716823068,1,0,1,0,0,6,0.75,8,1.053582721637862,1,1,1,1,1,0,1,0
1428413400,172.45653041,173.20740559,171.94626717,171.97945502,171.78756053473933,171.9283918562288,171.3439462996726,0,0,0,0,0,2,0.25,8,1.0333018351711165,1,0,1,1,1,0,0,0
1428499800,172.20347303,172.9999815,171.81351575,172.55609397,171.94126722179146,171.98545568475348,171.39148150243054,0,0,0,0,0,3,0.375,8,1.0054012182400798,1,0,1,1,1,0,0,0
1428586200,172.39430318,173.55587804,171.90478235,173.32356307,172.21772639143316,172.10710181068498,171.4672494070411,0,0,0,0,0,2,0.25,8,0.9974964570499751,1,0,0,1,0,0,0,0
1428672600,173.57247197,174.3109017,173.37334485,174.26941689,172.62806449114652,172.30367590880454,171.57713832794144,0,0,0,0,0,4,0.5,8,0.9616879533773173,1,0,0,1,0,0,0,0
1428931800,174.12836851,174.75893772,173.43142359,173.48120537,172.79869266691722,172.4107240416405,171.65180762370844,0,0,0,0,0,2,0.25,8,0.9517119050108402,1,0,0,1,0,0,0,0
1429018200,173.28207826,173.9956171,172.65980601,173.81308391,173.00157091553376,172.53821130240044,171.7365635565042,0,0,0,0,0,0,0,8,0.9369403070048669,1,0,0,1,0,0,0,0
1429104600,174.27771385,175.09911322,174.19474422,174.59299846,173.319856424427,172.7250101349095,171.84858061154324,0,0,0,0,0,4,0.5,8,0.9187429562342845,1,0,0,1,0,0,0,0
1429191000,174.26111992,175.04933144,174.06431595,174.54321668,173.5645284755416,172.89030163900864,171.9542526142278,0,0,0,0,1,5,0.625,8,0.8936717092584322,1,1,0,1,0,0,0,0
1429277400,173.35675093,173.59736286,171.75543701,172.53535156,173.3586930924333,172.85803345000787,171.97704080817965,0,0,0,0,0,1,0.125,8,0.9549075423066574,0,0,0,1,0,0,0,0
1429536600,173.45631448,174.44365312,173.37334485,174.11177458,173.50930938994665,172.97200991637078,172.06075585805496,0,0,0,0,0,2,0.25,8,0.9569588158346588,1,0,0,1,0,0,0,0
1429623000,174.79212557,174.94976788,173.60565982,173.9043505,173.5883176119573,173.05676815124616,172.13305368715083,0,0,0,0,0,1,0.125,8,0.9448716938404931,1,0,0,1,0,0,0,0
1429709400,174.244526,174.94147091,173.32356307,174.75893772,173.82244163356586,173.21151083931468,172.2360295315763,0,0,0,0,0,3,0.375,8,0.9392185318984497,1,0,0,1,0,0,0,0
1429795800,174.36068348,175.84583991,174.244526,175.19867677,174.0976886608527,173.3921622875588,172.35221177622037,0,0,0,0,1,5,0.625,8,0.9352281247090684,1,1,0,1,0,0,0,0
1429882200,175.61352494,175.8707308,175.15719196,175.60514501,174.39917993068215,173.59334253505344,172.4797777853882,0,0,0,0,0,4,0.5,8,0.8954396658021616,1,0,0,1,0,0,0,0
1430141400,176.16942148,176.29387593,174.68426505,174.87509521,174.49436298654572,173.70986550550313,172.57371180203964,0,0,0,0,0,-1,0.125,8,0.9006961903880938,1,0,0,1,0,0,0,0
1430227800,174.85020432,175.48077353,173.68041546,175.43099175,174.6816887392366,173.86633152773013,172.6857619960773,0,0,0,0,0,2,0.25,8,0.9070140024129734,1,0,0,1,0,0,0,0
1430314200,174.54321668,175.3065373,173.9043505,174.70915594,174.68718217938928,173.94295192884556,172.7651107781919,0,0,0,0,0,-1,0.125,8,0.9081226905845275,1,0,0,1,0,0,0,0
1430400600,174.13666547,174.52662275,172.26155177,172.95849669,174.34144508151144,173.85345599804143,172.7726945394393,0,0,0,0,0,-2,0.25,8,0.9528734989945791,0,0,0,1,0,0,0,0
1430487000,173.73841124,174.87509521,173.63884768,174.83361039,174.43987814320914,173.94256094276494,172.85351476887305,0,0,0,0,0,4,0.5,8,0.9536243508397851,1,0,0,1,0,0,0,0
1430746200,175.25675552,175.91221562,175.148895,175.33142819,174.6181881525673,174.0688216016045,172.95068784421136,0,0,0,0,0,1,0.125,8,0.9269355892190521,1,0,0,1,0,0,0,0
1430832600,175.09081625,175.44758567,173.1825147,173.32356307,174.35926313605384,174.00107082600408,172.96531040208544,0,0,0,0,0,-3,0.375,8,0.9640430733950212,0,0,0,1,0,0,0,0
1430919000,173.87116265,174.17815029,171.54801293,172.61002423,174.00941535484307,173.87461204454917,172.95137761102328,0,0,0,0,0,-2,0.25,8,1.0077223384672092,1,0,1,1,1,0,0,0
1431005400,172.51046067,173.72181731,172.17858214,173.29867218,173.86726671987446,173.8222538750447,172.9649970058851,0,0,0,0,0,3,0.375,8,0.9956313286818298,0,0,0,1,0,0,0,0
1431091800,174.9663618,175.77946421,174.88339217,175.58033709,174.20988079389957,173.98207962185882,173.06755936212488,1,0,1,0,0,5,0.625,8,1.0134228819308013,1,1,1,1,1,0,1,0
1431351000,175.53885227,175.80435509,174.66767112,174.73819531,174.31554369711967,174.05081741168982,173.13307449733568,0,0,0,0,0,-1,0.125,8,0.9920355823948296,1,0,0,1,0,0,0,0
1431437400,173.91264747,174.75893772,173.0912481,174.21963511,174.29636197969575,174.06616447517257,173.17568471744016,0,0,0,0,0,0,0,8,0.9922916126755652,1,0,0,1,0,0,0,0
1431523800,174.62618631,175.24845855,174.02050799,174.25282296,174.2876541757566,174.0831334283387,173.21792543283468,0,0,0,0,0,1,0.125,8,0.9715734916565691,1,0,0,1,0,0,0,0
1431610200,175.26505248,176.16112452,174.99125269,176.06985792,174.64409492460527,174.26374474576247,173.32976592252743,0,0,0,0,1,5,0.625,8,0.9702815411288581,1,1,0,1,0,0,0,0
1431696600,176.26068808,176.40173645,175.77946421,176.26068808,174.9674135556842,174.44528504887498,173.44470404634987,0,0,0,0,0,3,0.375,8,0.9252174715215784,1,0,0,1,0,0,0,0
1431955800,176.09474881,177.05719655,176.0283731,176.80828765,175.33558837454737,174.66010346715908,173.57660928570868,0,0,0,0,0,4,0.5,8,0.8980329811085572,1,0,0,1,0,0,0,0
1432042200,176.92444514,177.19824493,176.46811216,176.75020891,175.6185124816379,174.85011305287188,173.7010641729358,0,0,0,0,0,-1,0.125,8,0.8636680171165799,1,0,0,1,0,0,0,0
1432128600,176.84977247,177.37248116,176.31378864,176.62575446,175.81996087731034,175.01153499897444,173.8157579096834,0,0,0,0,0,0,0,8,0.8453567303105406,1,0,0,1,0,0,0,0
1432215000,176.48470608,177.34759027,176.31876682,177.14016618,176.08400193784826,175.2050469245222,173.94612686146053,0,0,0,0,0,3,0.375,8,0.8241800033689789,1,0,0,1,0,0,0,0
1432301400,176.75850587,177.17335404,176.65064535,176.71702106,176.21060576227862,175.34249911865655,174.0547893790503,0,0,0,0,0,1,0.125,8,0.7882702741241535,1,0,0,1,0,0,0,0
1432647000,176.22750022,176.64973268,174.4021683,174.81701646,175.9318879018229,175.2947279678696,174.08468063712675,0,0,0,0,0,-2,0.25,8,0.8345033271244725,0,0,0,1,0,0,0,0
1432733400,175.27334944,176.70872409,174.86779388,176.47640912,176.0407921454583,175.40215352715418,174.17847391096493,0,0,0,0,0,2,0.25,8,0.844176258766265,1,0,0,1,0,1,0,0
1432819800,176.16942148,176.38514253,175.58863405,176.277282,176.08809011636666,175.48171066104925,174.26078011053494,0,0,0,0,0,2,0.25,8,0.8207366001400578,1,0,0,1,0,0,0,0
1432906200,176.2109063,176.25239111,174.91658002,175.18208285,175.90688866309333,175.4544717691357,174.29690962972964,0,0,0,0,0,0,0,8,0.8223582439913948,0,0,0,1,0,0,0,0
1433165400,175.84583991,176.17771844,174.75064076,175.53885227,175.83328138447467,175.4621427237597,174.3456132626814,0,0,0,0,0,1,0.125,8,0.8201356371874953,1,0,0,1,0,0,0,0
1433251800,175.08251929,176.05326399,174.46024704,175.36461604,175.73954831557973,175.45327666159974,174.38557415590958,0,0,0,0,0,-3,0.375,8,0.8271970834289806,1,0,0,1,0,0,0,0
1433338200,175.89562169,176.45151823,175.33980812,175.82924598,175.75748784846377,175.48745569054523,174.44218873724645,0,0,0,0,0,2,0.25,8,0.8112437584762748,1,0,0,1,0,0,0,0
1433424600,175.12400411,175.77863451,174.02880495,174.3434258,175.47467543877102,175.38345297322294,174.43831568088385,0,0,0,0,0,1,0.125,8,0.8334818035684637,1,0,0,1,0,0,0,0
1433511000,174.19474422,174.7174529,173.38993878,174.04539888,175.1888201270168,175.26181169202087,174.4229071788884,0,0,0,0,0,0,0,8,0.8297540976991792,1,0,0,1,0,0,0,0
1433770200,173.93753836,174.08688369,172.90041794,172.97509061,174.74607422361345,175.0539279572917,174.36613005853985,0,0,0,0,0,-1,0.125,8,0.824247520158502,1,0,0,1,0,0,0,0
1433856600,172.95019972,173.48950234,172.31963051,172.95019972,174.38689932289077,174.86267993571974,174.3106033785971,0,0,0,0,0,1,0.125,8,0.8137986498377616,0,0,0,1,0,0,0,0
1433943000,173.71352035,175.40610086,173.654363,175.02444055,174.5144075683126,174.87738544610886,174.33859699316193,0,0,0,0,0,4,0.5,8,0.8469414796974906,0,0,0,1,0,0,0,0
1434029400,175.4641796,175.97029436,175.23186463,175.58863405,174.72925286465008,174.94204441009896,174.3876180542144,0,0,0,0,1,5,0.625,8,0.8223955442187002,1,1,0,1,0,0,0,0
1434115800,174.76723468,175.46583899,173.97072621,174.244526,174.63230749172007,174.8786336455445,174.38200660110797,0,0,0,0,0,-2,0.25,8,0.8358671346054147,0,0,0,1,0,0,0,0
1434375000,173.10784203,173.77989605,172.40260015,173.4977993,174.40540585337607,174.753103250495,174.34733180498608,0,0,0,0,0,-1,0.125,8,0.855334492537065,1,0,0,1,0,0,0,0
1434461400,173.34845396,174.52662275,173.17421773,174.44365312,174.41305530670084,174.72497142045,174.35110911145722,0,0,0,0,1,5,0.625,8,0.8453089672077171,1,1,0,1,0,0,0,0
1434547800,174.72574987,175.33142819,173.70522338,174.72574987,174.47559421936066,174.72504218859092,174.36580090590988,0,0,0,0,0,4,0.5,8,0.8501423671340322,0,0,0,1,0,0,0,0
1434634200,175.32313122,177.00741477,174.76018227,176.54278483,174.88903234148853,174.8902915196281,174.45117282450164,0,0,0,0,0,4,0.5,8,0.8736083056086484,1,0,0,1,0,0,0,0
1434720600,176.30106087,176.37609679,175.38395519,175.75913479,175.06305283119082,174.9692772714801,174.5024654505996,0,0,0,0,0,2,0.25,8,0.8619194863836293,1,0,0,1,0,0,0,0
1434979800,176.67207181,177.24317852,176.45113271,176.65956582,175.38235542895265,175.1229398668001,174.58705762194865,0,0,0,0,0,2,0.25,8,0.8562785978381169,1,0,0,1,0,0,0,0
1435066200,176.86799893,177.11811866,176.39277144,176.78462569,175.66280948116213,175.27400221436372,174.67323676187223,0,0,0,0,0,1,0.125,8,0.8238605038423082,1,0,0,1,0,0,0,0
1435152600,176.51783131,176.8930109,175.47566576,175.50067773,175.63038313092972,175.29460907942158,174.705685427289,0,0,0,0,0,-1,0.125,8,0.8282958792224089,1,0,0,1,0,0,0,0
1435239000,176.0009172,176.12597706,174.89205306,174.96708898,175.49772430074378,175.26483452492872,174.71593654700317,0,0,0,0,0,-2,0.25,8,0.8218511908539574,1,0,0,1,0,0,0,0
1435325400,175.32559392,175.56737633,174.38347627,174.93373968,175.38492737659502,175.23473499357155,174.72447784633638,0,0,0,0,0,-2,0.25,8,0.8116337752209756,1,0,0,1,0,0,0,0
1435584600,173.4538646,174.94040954,171.19028104,171.26531696,174.56100529327603,174.87387880870142,174.58882447824476,0,0,0,0,0,-1,0.125,8,0.9262072770104818,1,0,0,0,0,0,0,0
1435671000,172.79938464,172.84940859,171.14859442,171.62382191,173.9735686166208,174.57841909063765,174.47254986772535,0,0,0,0,0,3,0.375,8,0.9290396908439641,1,0,0,0,0,1,0,0
1435757400,173.19123889,173.44135862,172.21577194,172.99948043,173.77875097929666,174.43487921239787,174.41478243879493,0,0,0,0,0,2,0.25,8,0.9308628794019006,0,0,0,1,0,0,0,0
1435843800,173.47470791,173.6414544,172.42420505,172.84107126,173.59121503543733,174.2899875803617,174.35306827492062,0,0,0,0,0,1,0.125,8,0.9154691099403198,1,0,0,1,0,0,0,0
1436189400,171.55712331,173.12454029,171.35702753,172.34916913,173.34280585434988,174.11354953941972,174.27448399472766,0,0,0,0,0,4,0.5,8,0.9257576552105299,1,0,0,1,0,0,0,0
1436275800,172.54926491,173.55808116,170.17312747,173.43302129,173.3608489414799,174.05168333492702,174.24148545728735,0,0,0,0,0,3,0.375,8,0.9936695964985139,1,0,0,1,0,0,0,0
1436362200,172.0990494,172.38627022,170.28985001,170.52329509,172.79333817118393,173.73092076720638,174.09567407033492,0,0,0,0,0,-1,0.125,8,1.0700983239158266,1,0,1,0,0,0,0,0
1436448600,172.61596351,172.87442056,170.72339088,170.83177609,172.40102575494714,173.46736216018763,173.9676780711061,0,0,0,0,0,0,0,8,1.0901742078475027,1,0,1,1,1,1,0,0
1436535000,172.82439662,173.399672,172.15741067,172.98280578,172.51738175995771,173.42331158017058,173.92905562831763,0,0,0,0,0,1,0.125,8,1.105750997781241,1,0,1,1,1,0,0,0
1436794200,174.24174176,175.00043827,174.20005513,174.89205306,172.99231601996618,173.55683353288234,173.96682023348166,0,0,0,0,0,7,0.875,8,1.097963014138599,0,0,1,1,1,0,0,0
1436880600,174.85036643,175.95923057,174.79200516,175.65074957,173.52400272997295,173.74718953625666,174.032856678051,0,0,0,0,0,4,0.5,8,1.0625987005639774,1,0,1,1,1,0,0,0
1436967000,175.69243619,176.15098903,175.11716081,175.5923883,173.93767984397837,173.91493487841515,174.09401478087253,0,0,0,0,0,3,0.375,8,1.0290814521763225,1,0,1,1,1,0,0,0
1437053400,176.64289117,177.00139612,176.40110876,177.00139612,174.5504230991827,174.1955222640138,174.2080297353481,0,0,0,0,0,3,0.375,8,1.0048290763477659,0,0,1,0,0,0,0,0
1437139800,176.99305879,177.20982923,176.5845299,177.15146796,175.07063207134615,174.46424460001253,174.32345868533446,0,0,0,0,0,0,0,8,0.9574776006364093,1,0,0,0,0,0,0,0
1437399000,177.37657571,177.73508066,176.9263602,177.24317852,175.5051413610769,174.71687495637502,174.43795750238016,0,0,0,0,0,0,0,8,0.9212175439568747,1,0,0,0,0,0,0,0
1437485400,177.10978134,177.36823839,176.2426996,176.54284328,175.71268174486153,174.88287207670456,174.52050204267897,0,0,0,0,0,0,0,8,0.9043485545019101,1,0,0,1,0,0,0,0
1437571800,175.85918268,176.55951793,175.82583338,176.22602495,175.81535038588922,175.0049768833678,174.58738529394645,0,0,0,0,0,2,0.25,8,0.8709999000564059,1,0,0,1,0,0,0,0
1437658200,176.35942214,176.45947004,174.87537841,175.23388335,175.69905697871138,175.02578656215255,174.61273815888973,0,0,0,0,0,-1,0.125,8,0.8779353192630636,1,0,0,1,0,0,0,0
1437744600,175.33393125,175.39229252,173.08285367,173.41634664,175.2425149109691,174.87947384195687,174.56582084442346,0,0,0,0,0,-1,0.125,8,0.918893472041792,0,0,0,1,0,0,0,0
1438003800,172.53259026,173.04116705,171.96565221,172.4075304,174.6755180087753,174.65475171086987,174.48118200346568,0,0,0,0,0,-1,0.125,8,0.9183533147156144,1,0,0,1,0,0,0,0
1438090200,173.24126283,174.6669453,172.41586772,174.52521078,174.64545656302025,174.64297526260899,174.4829086221533,0,0,0,0,0,3,0.375,8,0.9348812419679109,1,0,0,1,0,0,0,0
1438176600,174.65027065,175.95089325,174.50853614,175.72578549,174.8615223484162,174.74141255600816,174.53164889148061,0,0,0,0,0,3,0.375,8,0.9208016098965275,1,0,0,1,0,0,0,0
1438263000,175.21720871,175.9342186,174.6002467,175.76747211,175.04271230073297,174.83469069728014,174.58011254710883,0,0,0,0,0,3,0.375,8,0.9090373709086237,1,0,0,1,0,0,0,0
1438349400,176.26771157,176.29272355,175.21720871,175.50067773,175.1343053865864,174.89523497298194,174.61621314251633,0,0,0,0,0,2,0.25,8,0.8891626605717304,1,0,0,1,0,0,0,0
1438608600,175.46732844,175.52568971,173.95827273,174.9087277,175.0891898492691,174.89646158452902,174.62768430163334,0,0,0,0,0,0,0,8,0.8924549109495074,1,0,0,1,0,0,0,0
1438695000,174.83369179,175.29082728,174.08333259,174.56689741,174.98473136141527,174.8665012050264,174.62530050196145,0,0,0,0,0,0,0,8,0.8797386519554804,0,0,0,1,0,0,0,0
1438781400,175.45899111,176.17600101,174.85870376,175.14217279,175.0162196471322,174.89156225820582,174.64557000345314,0,0,0,0,0,2,0.25,8,0.879841354303849,1,0,0,1,0,0,0,0
1438867800,175.32559392,175.42981048,173.12454029,173.708153,174.75460631770576,174.78397959836894,174.60880855233734,0,0,0,0,0,0,0,8,0.9185325357356052,1,0,0,1,0,0,0,0
1438954200,173.54974383,173.69981567,172.47422899,173.37466002,174.47861705816462,174.65585963669903,174.56041057067705,0,0,0,0,0,0,0,8,0.9054000962984645,1,0,0,1,0,0,0,0
1439213400,174.48352416,175.64241225,174.48352416,175.559039,174.6947014465317,174.73796685154457,174.5995724698662,0,0,0,0,0,4,0.5,8,0.9225345324314359,1,0,0,1,0,0,0,0
1439299800,174.22506711,174.64193333,173.21625086,173.97494738,174.55075063322536,174.6686014450405,174.5750773683028,0,0,0,0,0,1,0.125,8,0.9606265716043307,1,0,0,1,0,0,0,0
1439386200,172.67432478,174.36680162,171.21529301,174.18338049,174.47727660458028,174.62449044912773,174.55971670640858,0,0,0,0,0,2,0.25,8,1.0201790525957601,1,0,1,1,1,0,0,0
1439472600,174.02497132,174.70863192,173.42468397,173.96661005,174.37514329366422,174.56468314011613,174.53645762184354,0,0,0,0,0,1,0.125,8,1.0012068503999334,0,0,1,1,1,0,0,0
1439559000,173.77485159,174.67419877,173.63311708,174.6002467,174.42016397493137,174.56791619101466,174.53895915432025,0,0,0,0,0,3,0.375,8,0.9689085767392562,1,0,0,1,0,0,0,0
1439818200,174.00829667,175.57571365,173.54974383,175.57571365,174.6512739099451,174.6595341418315,174.57961619336652,0,0,0,0,0,5,0.625,8,0.9771237421242206,0,0,0,1,0,0,0,0
1439904600,175.30058195,175.65074957,174.83285805,175.06713687,174.73444650195609,174.69658893530138,174.5987346512737,0,0,0,0,0,-2,0.25,8,0.9433355404832536,1,0,0,1,0,0,0,0
1439991000,174.325115,175.09214884,172.87442056,173.68314102,174.52418540556488,174.6044573066376,174.56282901867473,0,0,0,0,0,-3,0.375,8,0.9741403193156387,0,0,0,1,0,0,0,0
1440077400,172.17408532,172.72434872,169.99804366,170.05640493,173.6306293104519,174.19099799967057,174.38610650539337,0,0,0,0,0,-1,0.125,8,1.0786347594265298,1,0,1,0,0,0,0,0
1440163800,168.18884427,170.03172645,164.67883072,164.77054129,171.85861170636153,173.33459284424598,174.0090255165544,0,0,0,0,0,-1,0.125,8,1.2668401682332686,1,0,1,0,0,1,0,0
1440423000,156.31649439,163.27816023,152.07279629,158.0339832,169.0936860050892,171.94362833113271,173.38255326884638,0,0,0,0,0,-3,0.375,8,1.800411912570856,1,0,1,0,0,1,0,0
1440509400,162.93632993,162.95300458,155.8412669,156.13307325,166.50156345407137,170.50630514193884,172.70610307202887,0,0,0,0,0,-6,0.75,8,2.017516730842352,1,0,1,0,0,1,0,0
1440595800,160.14332627,162.40274117,157.05017893,162.12760946,165.6267726552571,169.74460553448986,172.29126018528262,0,0,0,0,0,2,0.25,8,2.080363444874324,1,0,1,0,0,1,0,0
1440682200,164.2619645,166.26292235,162.75290879,166.13786248,165.72899062020568,169.41671980226351,172.04995047134997,0,0,0,0,0,3,0.375,8,2.0629286833605263,1,0,1,1,1,0,0,0
1440768600,165.4958885,166.60892131,165.01232369,166.1461998,165.81243245616454,169.11939980205773,171.8184308371794,0,0,0,0,0,-1,0.125,8,1.9841204709570415,1,0,1,1,1,0,0,0
1441027800,165.17073285,166.01697128,164.25362718,164.80389058,165.61072408093165,168.72708078187065,171.54335082709392,0,0,0,0,0,-4,0.5,8,1.9394307452267345,1,0,1,1,1,0,0,0
1441114200,161.010408,162.38606652,159.01778748,159.88486921,164.46555310674532,167.92324336624606,171.08615546956082,0,0,0,0,0,-3,0.375,8,2.1148006837668096,1,0,1,0,0,0,0,0
1441200600,162.26100665,162.9613419,160.42679529,162.91965528,164.15637354139625,167.46837172204187,170.76590056016627,0,0,0,0,0,1,0.125,8,2.062045096662329,1,0,1,1,1,0,0,0
1441287000,163.62832785,165.12070891,162.54447568,163.03637782,163.932374397117,167.0654631854926,170.4627820213362,0,0,0,0,0,-1,0.125,8,2.0262537972908676,1,0,1,1,1,0,0,0
1441373400,160.78530024,161.62737,159.75147202,160.56852981,163.2596054796936,166.47483287862963,170.07477213069558,0,0,0,0,0,-4,0.5,8,2.0565676496850105,1,0,1,0,0,0,0,0
1441719000,163.36153347,164.75386664,162.71955949,164.6037948,163.52844334375487,166.30473850784512,169.86022400008005,0,0,0,0,0,0,0,8,2.0444738922791665,1,0,1,1,1,0,0,0
1441805400,166.1795491,166.30460897,162.0358989,162.40274117,163.3033029090039,165.95001147713194,169.5677736930181,0,0,0,0,0,1,0.125,8,2.1119176868169975,1,0,1,1,1,0,0,0
1441891800,162.21098271,164.42871099,161.95252565,163.28649755,163.2999418372031,165.70787384739268,169.32144913838994,0,0,0,0,0,-1,0.125,8,2.058771582312676,1,0,1,1,1,0,0,0
1441978200,162.89047464,164.09521801,162.18597073,164.02851942,163.4456573537625,165.55520526308425,169.11388326708052,1,0,1,0,0,6,0.75,8,1.9862092781334735,1,1,1,1,1,0,1,0
1442237400,164.20360323,164.25362718,162.93632993,163.41989474,163.44050483101,165.36108612462203,168.89058959935187,0,0,0,0,0,-2,0.25,8,1.9087832888158092,1,0,1,1,1,0,0,0
1442323800,163.9201342,165.9044174,163.3792086,165.46253921,163.844911706808,165.37030913238365,168.75615625074983,0,0,0,0,0,2,0.25,8,1.8595715442746212,0,0,1,1,1,0,0,0
1442410200,165.76268288,167.08831746,165.42085259,166.896559,164.4552411654464,165.50905912034878,168.68323086836747,0,0,0,0,0,2,0.25,8,1.7832726947861062,0,0,1,1,1,0,0,0
1442496600,166.76316181,169.1559739,166.1461998,166.5213794,164.86846881235712,165.6010882366807,168.5984523794119,0,0,0,0,0,2,0.25,8,1.7887297371001192,0,0,1,1,1,0,0,0
1442583000,164.01842768,165.56885479,163.38987614,163.80052981,164.6548810118857,165.43740110698246,168.41029855316046,0,0,0,0,0,0,0,8,1.8251087781667101,1,0,1,1,1,0,0,0
1442842200,164.63021784,165.66942304,163.59939332,164.64697921,164.65330065150854,165.36554457089315,168.2627174024483,0,0,0,0,0,-1,0.125,8,1.7758350078801461,1,0,1,1,1,0,0,0
1442928600,162.48476193,162.97084179,161.37851123,162.50990399,164.22462131920685,165.10594088172104,168.03711687646992,0,0,0,0,0,-2,0.25,8,1.8143347406386967,1,0,1,1,1,0,0,0
1443015000,162.67751774,163.14683622,161.67183528,162.25010269,163.82971759336547,164.8463192279282,167.81017514366718,0,0,0,0,0,-2,0.25,8,1.7523721387957651,1,0,1,1,1,0,0,0
1443101400,161.03490306,162.12439239,159.70237381,161.66345459,163.3964649926924,164.55696789720747,167.5691272788175,0,0,0,0,0,0,0,8,1.7456751086205498,1,0,1,1,1,0,0,0
1443187800,163.12169415,163.42339889,160.7499597,161.62155116,163.0414822261539,164.2901118301886,167.33588899964818,0,0,0,0,0,-3,0.375,8,1.7395568241352473,1,0,1,1,1,0,0,0
1443447000,160.72481764,160.83376657,157.25521317,157.56529859,161.94624549892313,163.67876517198965,166.95272859142668,0,0,0,0,0,-2,0.25,8,1.8548238072153254,1,0,1,0,0,0,0,0
1443533400,157.78319646,159.01515746,156.66018438,157.65748615,161.0884936291385,163.1313761699906,166.58820927999818,0,0,0,0,0,-1,0.125,8,1.828024100008054,1,0,1,0,0,1,0,0
1443619800,159.54314075,160.76253073,158.76373685,160.59910733,160.9906163693108,162.90116991180963,166.353342536861,0,0,0,0,0,2,0.25,8,1.8044604625527543,1,0,1,1,1,0,0,0
1443706200,160.97623825,161.31984642,159.08220296,161.01814169,160.99612143344865,162.72998552800877,166.144118974239,0,0,0,0,0,2,0.25,8,1.7704730648839029,1,0,1,1,1,0,0,0
1443792600,159.04029952,163.44854095,158.49555486,163.42339889,161.4815769247589,162.7930231063716,166.03742406897473,0,0,0,0,0,5,0.625,8,1.8362977544366044,0,0,1,1,1,0,0,0
1444051800,164.64697921,166.55777587,164.53803028,166.33149732,162.45156100380714,163.11470258033782,166.04895635332866,0,0,0,0,0,4,0.5,8,1.8099226248965192,0,0,1,1,1,0,0,0
1444138200,166.19740633,166.75891236,165.09953631,165.7616106,163.11357092304573,163.3553305821253,166.0376878924138,0,0,0,0,0,-1,0.125,8,1.7579248783213475,1,0,1,1,1,0,0,0
1444224600,166.69186687,167.46708043,165.5018093,167.11928191,163.91471312043657,163.69750797556847,166.08010334408385,0,0,0,0,0,4,0.5,8,1.703095382076739,1,0,1,1,1,0,0,0
1444311000,166.7337703,168.91274896,166.43206557,168.62780559,164.85733161434925,164.1457168496077,166.18001323608055,0,0,0,0,0,3,0.375,8,1.6723768529267713,0,0,1,0,0,0,0,0
1444397400,168.77027727,169.206073,168.0998223,168.72837384,165.6315400594794,164.56232203055245,166.2799489460382,0,0,0,0,0,3,0.375,8,1.5988271939340055,0,0,1,0,0,0,0,0
1444656600,168.80380002,169.08874338,168.37638498,168.88760689,166.2827534255835,164.95552974504767,166.38221004187983,0,0,0,0,0,2,0.25,8,1.5133536642584524,0,0,1,0,0,0,0,0
1444743000,168.15848711,169.42397087,167.65564589,167.82325963,166.5908546664668,165.21623246186152,166.43872179043356,0,0,0,0,0,0,0,8,1.4894322793038146,0,0,1,1,1,0,0,0
1444829400,167.76459482,168.34286223,166.72538962,167.01871367,166.67642646717346,165.3800943898741,166.4614665700244,0,0,0,0,0,0,0,8,1.4588806622257648,0,0,1,1,1,0,0,0
1444915800,167.68078795,169.59158461,167.31203771,169.58320393,167.25778195973876,165.76219525715828,166.58388764296464,0,0,0,0,0,3,0.375,8,1.4425585980675104,0,0,1,0,0,0,0,0
1445002200,169.98547691,170.37098851,169.22283438,170.35422714,167.877070995791,166.179652701053,166.73174409382878,0,0,0,0,0,3,0.375,8,1.3815974950887882,0,0,1,0,0,0,0,0
1445261400,169.70891423,170.43803401,169.39882881,170.43803401,168.3892635986328,166.56677827459362,166.87708879642372,0,0,0,0,0,2,0.25,8,1.3258329984029436,0,0,1,0,0,0,0,0
1445347800,170.00223828,170.83192631,169.74838727,170.20337477,168.75208583290623,166.8973779559942,167.0075313836228,0,0,0,0,0,-2,0.25,8,1.2783004508031655,0,0,1,0,0,0,0,0
1445434200,170.6391705,170.79002287,168.99655583,169.16416957,168.834502580325,167.1034499209038,167.0921054301474,0,0,0,0,0,-1,0.125,8,1.2700132703307105,1,0,1,1,1,0,0,0
1445520600,170.11118721,172.23150106,169.16416957,172.02198388,169.47199884026,167.55058937173075,167.28543399680828,0,0,0,0,0,3,0.375,8,1.287070865647177,1,0,1,0,0,0,0,0
1445607000,173.68974062,174.27638871,172.89357534,173.90763848,170.359126768208,168.12850292702797,167.54512829026677,0,0,0,0,0,4,0.5,8,1.2747730421994037,1,0,1,0,0,0,0,0
1445866200,173.73164405,173.79030886,173.1114732,173.48022344,170.9833461025664,168.61502297366178,167.7778771196681,0,0,0,0,0,0,0,8,1.2194154596835216,1,0,1,0,0,0,0,0
1445952600,172.80976847,173.48022344,172.4661603,173.14499595,171.41567607205312,169.02683869878345,167.9883523679164,0,0,0,0,0,1,0.125,8,1.176340410001378,1,0,1,0,0,0,0,0
1446039000,173.48022344,175.13959949,172.81814915,175.11445743,172.1554323436425,169.5802585834395,168.26780746839026,0,0,0,0,0,4,0.5,8,1.1747222759731528,1,0,1,0,0,0,0,0
1446125400,174.6116162,175.38263941,174.49428658,175.01388918,172.72712371091401,170.07422500130863,168.53235969237497,0,0,0,0,0,0,0,8,1.127696777907829,1,0,1,0,0,0,0,0
1446211800,175.20664498,175.5251111,174.10039428,174.25962734,173.0336244367312,170.45471612300784,168.75695842365437,0,0,0,0,0,1,0.125,8,1.1100782326371144,1,0,1,0,0,0,0,0
1446474600,174.58647414,176.51403218,174.46076383,176.32127637,173.69115482338495,170.9880397818253,169.0535983431189,0,0,0,0,1,5,0.625,8,1.1100613725459323,1,1,1,0,0,0,0,0
1446561000,175.96928751,177.38562364,175.74300896,176.83249829,174.31942351670796,171.51935419165937,169.35865324299658,0,0,0,0,0,4,0.5,8,1.0941420306650516,1,0,1,0,0,0,0,0
1446647400,177.12582234,177.25153264,175.75985414,176.29613431,174.71476567536638,171.95360692969035,169.63071132405554,0,0,0,0,0,1,0.125,8,1.0795172867167389,1,0,1,0,0,0,0,0
1446733800,176.35479912,176.81573691,175.23178705,176.12013988,174.9958405162931,172.33238265244577,169.88519871840631,0,0,0,0,0,-1,0.125,8,1.0676504309543655,1,0,1,0,0,0,0,0
1446820200,175.77653171,176.26261156,174.70380376,176.02795232,175.20226287703449,172.66834353131435,170.12609101650804,0,0,0,0,0,0,0,8,1.0551621440484964,1,0,1,0,0,0,0,0
1447079400,175.41616216,175.56701453,173.43832,174.38533765,175.0388778316276,172.8244339057403,170.29312029625282,0,0,0,0,0,-3,0.375,8,1.095094379001737,1,0,1,1,1,0,0,0
1447165800,173.90763848,174.82113338,173.63945649,174.78761063,174.98862439130207,173.00290451703665,170.46937481914486,0,0,0,0,0,1,0.125,8,1.062823339528125,1,0,1,1,1,1,0,0
1447252200,175.05579262,175.10607674,174.03334879,174.10039428,174.81097836904166,173.1026763136697,170.6117677391784,0,0,0,0,0,-2,0.25,8,1.0348140064833045,1,0,1,1,1,0,0,0
1447338600,173.06118908,173.53050756,171.65323364,171.66999502,174.18278169923332,172.9724325596997,170.65326684823023,0,0,0,0,0,-2,0.25,8,1.0763241701266748,0,0,1,1,1,0,0,0
1447425000,171.25934135,171.52752334,169.65443977,169.74243698,173.29471275538666,172.67879659790884,170.61754802986826,0,0,0,0,0,-1,0.125,8,1.0956090362360265,1,0,1,0,0,0,0,0
1447684200,169.55806186,172.38235342,169.44073224,172.32368861,173.10050792630932,172.6465140535535,170.6844555035989,0,0,0,0,0,0,0,8,1.1240431394454897,0,0,1,1,1,0,0,0
1447770600,172.63377404,173.51374619,171.70351777,172.19797831,172.92000200304744,172.6057380768668,170.74380933914406,0,0,0,0,0,2,0.25,8,1.1196054879007853,1,0,1,1,1,0,0,0
1447857000,172.67567747,175.07255399,172.63377404,174.93008231,173.32201806443794,172.81704209806074,170.90797690662862,0,0,0,0,0,4,0.5,8,1.140772910477904,1,0,1,1,1,0,0,0
1447943400,174.81275269,175.1982643,174.48590589,174.77922994,173.61346043955035,172.9954228109643,171.05979075107456,0,0,0,0,0,2,0.25,8,1.0893159863793234,1,0,1,1,1,0,0,0
1448029800,175.53349178,176.09499782,175.03903124,175.41683262,173.9741348756403,173.2155509754221,171.23065513809124,0,0,0,0,0,4,0.5,8,1.0614082832859841,1,0,1,1,1,0,0,0
1448289000,175.47482697,175.9776682,174.75408788,175.21502567,174.22231303451224,173.39732140220192,171.38690496287197,0,0,0,0,0,3,0.375,8,1.0366093447160443,1,0,1,1,1,0,0,0
1448375400,174.20934322,175.85195789,173.82383161,175.44968491,174.4677874096098,173.58389990291084,171.54622966668092,0,0,0,0,0,2,0.25,8,1.0438469083395745,1,0,1,1,1,0,0,0
1448461800,175.57539522,175.77653171,175.16474155,175.42454285,174.65913849768785,173.75123107991894,171.69832037975226,0,0,0,0,0,3,0.375,8,0.9943359290544627,1,0,0,1,0,0,0,0
1448634600,175.51673041,175.82681583,175.03903124,175.62567934,174.85244666615029,173.92163546719902,171.85233445662473,0,0,0,0,0,3,0.375,8,0.9542944253189497,1,0,0,1,0,0,0,0
1448893800,175.7849124,175.90224202,174.78761063,174.89655956,174.86126924492024,174.01026493018094,171.97171583322768,0,0,0,0,0,0,0,8,0.9353467608604671,1,0,0,1,0,0,0,0
1448980200,175.5251111,176.68164592,175.24854842,176.5643163,175.20187865593618,174.24245141834632,172.15181781231678,0,0,0,0,0,4,0.5,8,0.9325475677795408,1,0,0,1,0,0,0,0
1449066600,176.50984183,176.83249829,174.51104795,174.7616305,175.11382902474895,174.28964951667848,172.2541634079122,0,0,0,0,0,-2,0.25,8,0.9697515800729053,1,0,0,1,0,0,0,0
1449153000,175.01388918,175.28207117,171.59549071,172.31530793,174.55412480579915,174.11016391788954,172.25656123230777,0,0,0,0,0,-4,0.5,8,1.0660846312041614,0,0,1,1,1,0,0,0
1449239400,172.70920022,175.96928751,172.58348992,175.67596346,174.7784925366393,174.25250933080866,172.3906554373153,0,0,0,0,0,4,0.5,8,1.1195665601511067,1,0,1,1,1,0,0,0
1449498600,175.34911667,175.76773199,173.64783718,174.6116162,174.74511726931144,174.28515540982605,172.47775193781274,0,0,0,0,0,-1,0.125,8,1.132653176524406,1,0,1,1,1,0,0,0
1449585000,173.05280839,174.56049401,172.45777961,173.43748193,174.48359020144915,174.2080941843873,172.5153884080946,0,0,0,0,0,-2,0.25,8,1.1475731982595387,1,0,1,1,1,0,0,0
1449671400,172.80138778,174.88817887,171.11686967,172.08902937,174.00467803515932,174.0154519285339,172.49866844581638,0,0,0,0,0,-1,0.125,8,1.2304883311717405,1,0,1,1,1,0,0,0
1449757800,172.15607487,173.84059298,171.92141563,172.53320579,173.71038358612745,173.88070227957627,172.50002285147065,0,0,0,0,0,0,0,8,1.219108508429098,0,0,1,1,1,0,0,0
1449844200,170.42127264,171.08334692,168.87922621,169.18931163,172.80616919490197,173.45421222052389,172.37019103886396,0,0,0,0,0,-3,0.375,8,1.3086672038233393,1,0,1,0,0,0,0,0
1450103400,169.34854469,170.16985202,167.57183902,170.04481217,172.25389778992158,173.14426676138535,172.27899971067322,0,0,0,0,0,0,0,8,1.3182087557357796,1,0,1,1,1,1,0,0
1450189800,171.5526654,172.73434228,171.45209715,171.82989853,172.16909793793727,173.0247787403503,172.26138789966643,0,0,0,0,0,4,0.5,8,1.323136727384538,0,0,1,1,1,0,0,0
1450276200,172.9480498,174.64513895,171.63647227,174.34343421,172.60396519234982,173.14465651031847,172.34303677458146,0,0,0,0,0,3,0.375,8,1.3341788487997985,0,0,1,1,1,0,0,0
1450362600,174.65351963,174.72056513,171.66999502,171.68675639,172.42052343187984,173.01212013574406,172.3173002889116,0,0,0,0,0,1,0.125,8,1.3849667147756826,0,0,1,1,1,0,0,0
1450449000,170.9461753,171.08106403,168.46759487,168.62844968,171.66210868150387,172.61360463976732,172.172639480719,0,0,0,0,0,-4,0.5,8,1.4457236423205695,0,0,1,0,0,0,0,0
1450708200,169.79962109,170.19585673,168.68678905,170.01881528,171.3334500012031,172.37771469797028,172.08817578657315,0,0,0,0,0,2,0.25,8,1.3973295811137119,0,0,1,1,1,0,0,0
1450794600,170.8998073,171.85667424,169.91764873,171.56160514,171.37908102896247,172.30352291997298,172.06752595729577,0,0,0,0,0,4,0.5,8,1.3665822870774,0,0,1,1,1,0,0,0
1450881000,172.56484008,173.72825539,172.47210408,173.68610266,171.84048535517,172.42921198724815,172.13099955348025,0,0,0,0,0,4,0.5,8,1.342551153428503,0,0,1,1,1,0,0,0
1450967400,173.43318629,173.94744957,173.18026992,173.3994641,172.152281104136,172.51741672477104,172.1807432611869,0,0,0,0,0,4,0.5,8,1.2803179179857098,0,0,1,1,1,0,0,0
1451313000,172.70815936,173.04538118,171.93254915,173.00322846,172.32247057530878,172.56158142797366,172.212997582709,0,0,0,0,0,2,0.25,8,1.252154678238832,1,0,1,1,1,0,0,0
1451399400,174.0991994,175.17830925,174.06547721,174.84951797,172.82788005424703,172.76957565906696,172.31639053907335,0,0,0,0,0,2,0.25,8,1.2392928087480344,1,0,1,1,1,0,0,0
1451485800,174.60503214,174.6893376,173.46690847,173.61022775,172.98434959339764,172.8459985764245,172.36712925322735,0,0,0,0,0,0,0,8,1.2158712986525708,1,0,1,1,1,0,0,0
1451572200,172.93578409,173.57650556,171.87353533,171.87353533,172.7621867407181,172.75759282674954,172.34777262878706,0,0,0,0,0,-2,0.25,8,1.2126063862498222,1,0,1,1,1,0,0,0
1451917800,169.02401088,169.47926035,167.4222072,169.47015536,172.1037804645745,172.45873487522687,172.2349248927562,0,0,0,0,0,-4,0.5,8,1.3295754944029363,1,0,1,1,1,0,0,0
1452004200,169.79119054,170.21271783,168.65306687,169.75746836,171.6345180436596,172.21316519202443,172.1377697346089,0,0,0,0,0,-1,0.125,8,1.2981414344478017,0,0,1,1,1,0,0,0
1452090600,167.21144355,168.66149742,166.58758317,167.61610975,170.83083638492766,171.7952510609313,171.96044973521248,0,0,0,0,0,-2,0.25,8,1.3558994031283145,1,0,1,0,0,0,0,0
1452177000,164.6738493,166.45269444,163.20693434,163.59473945,169.38361699794214,171.04975000539207,171.63238266520415,0,0,0,0,0,-2,0.25,8,1.4825114852001413,1,0,1,0,0,0,0,0
1452263400,164.55582166,165.11223767,161.51239466,161.80156237,167.86720607235372,170.20900567490187,171.24686030068634,0,0,0,0,0,-1,0.125,8,1.5507921694473248,1,0,1,0,0,1,0,0
1452522600,162.71796269,163.05518452,160.02861861,161.95921358,166.68560757388298,169.45902457536533,170.88263886065943,0,0,0,0,0,-4,0.5,8,1.5720996571857164,1,0,1,0,0,0,0,0
1452609000,163.4008369,164.01626673,161.14145065,163.26662261,166.00181058110638,168.8960789421503,170.583971556712,0,0,0,0,0,4,0.5,8,1.5738891498036038,1,0,1,0,0,0,0,0
1452695400,163.93196127,164.27761365,158.81462003,159.19399459,164.6402473828851,168.014071273773,170.13730579331153,0,0,0,0,0,-2,0.25,8,1.7439753876901152,1,0,1,0,0,0,0,0
1452781800,159.80099388,162.92872634,158.20762074,161.80746376,164.07369065830807,167.44983422706636,169.81064532141696,0,0,0,0,0,0,0,8,1.801658842283517,1,0,1,0,0,0,0,0
1452868200,157.45730217,159.13498077,156.40348396,158.33407893,162.92576831264645,166.62112920006032,169.36058389430258,0,0,0,0,0,-1,0.125,8,1.9534563658335298,1,0,1,0,0,0,0,0
1453213800,160.14664625,160.27310444,156.97676107,158.54484257,162.04958316411717,165.88692132460028,168.93643717570248,0,0,0,0,0,-3,0.375,8,1.9600212397158872,1,0,1,0,0,0,0,0
1453300200,155.99038722,158.06851674,152.60973839,156.51308105,160.94228274129372,165.03475402690935,168.44924673940042,0,0,0,0,0,-1,0.125,8,2.114509148106556,1,0,1,0,0,0,0,0
1453386600,156.98519161,159.22771677,155.66159594,157.38985781,160.231797755035,164.33976346173577,168.01554521275727,0,0,0,0,0,-1,0.125,8,2.1143768136597574,1,0,1,0,0,0,0,0
1453473000,159.99489643,160.82108991,159.23614732,160.61875681,160.30918956602798,164.0014901297598,167.7254750793158,0,0,0,0,0,2,0.25,8,2.0764708224520056,1,0,1,1,1,0,0,0
1453732200,160.11292407,160.30682662,157.9968571,158.19075965,159.8855035828224,163.47324190432707,167.35156467032303,0,0,0,0,0,-1,0.125,8,2.076133581597166,1,0,1,0,0,0,0,0
1453818600,158.84834221,160.62718736,158.51112038,160.34897935,159.97819873625792,163.18921803575188,167.07695348129076,0,0,0,0,0,3,0.375,8,2.010422926381906,1,0,1,1,1,0,0,0
1453905000,159.82628552,161.49553357,157.701788,158.60385639,159.70333026700635,162.77236697704717,166.74467516398525,0,0,0,0,0,-2,0.25,8,2.0582164794618243,1,0,1,1,1,0,0,0
1453991400,160.14664625,160.34897935,157.78609345,159.43004987,159.64867418760508,162.46851996731561,166.45782711324074,0,0,0,0,0,4,0.5,8,2.0161204220617526,1,0,1,1,1,0,0,0
1454077800,160.19722953,163.45142017,160.07920189,163.31720588,160.38238052608406,162.54567323210512,166.3346654962509,0,0,0,0,0,4,0.5,8,2.003432233062609,0,0,1,1,1,0,0,0
1454337000,162.3132965,164.04155837,161.73158885,163.25751762,160.95740794486724,162.61038635827737,166.21399303051555,0,0,0,0,0,-2,0.25,8,1.962076070079195,0,0,1,1,1,0,0,0
1454423400,161.83275539,161.84118594,159.79256333,160.31525717,160.8289777898938,162.40173825025215,165.9826700555934,0,0,0,0,0,-1,0.125,8,2.0097468308924182,1,0,1,1,1,0,0,0
1454509800,161.36907538,161.68100557,157.73551018,161.27633938,160.91845010791505,162.2994292620474,165.79810806831523,0,0,0,0,0,-2,0.25,8,2.029816647604108,1,0,1,1,1,0,0,0
1454596200,160.77893718,162.4987685,160.14664625,161.52925575,161.04061123633204,162.2294134882249,165.63070209504798,0,0,0,0,0,2,0.25,8,1.9858898824525708,1,0,1,1,1,0,0,0
1454682600,161.01499246,161.58793235,157.81981564,158.45210656,160.52291030106562,161.88602194929538,165.34918854465394,0,0,0,0,0,0,0,8,2.0497147871891506,1,0,1,1,1,0,0,0
1454941800,156.6142476,156.9093167,154.11037553,156.3191785,159.6821639408525,161.3799452720867,164.99507050368712,0,0,0,0,0,-4,0.5,8,2.127667929208306,1,0,1,0,0,0,0,0
1455028200,154.58248609,157.60062145,154.44759735,156.32760905,159.011252962682,160.92064197916972,164.65517005452293,0,0,0,0,0,-3,0.375,8,2.119651788949443,1,0,1,1,1,0,0,0
1455114600,157.15380253,158.78089785,156.06626213,156.19272032,158.4475464341456,160.49083091924518,164.32330928062007,0,0,0,0,0,2,0.25,8,2.0940910201118172,1,0,1,1,1,0,0,0
1455201000,153.72257042,155.20634647,152.66875221,154.1609588,157.5902289073165,159.9153879993138,163.92478573236045,0,0,0,0,0,-1,0.125,8,2.133419463572257,1,0,1,0,0,0,0,0
1455287400,155.9313734,157.35613562,155.08831883,157.33927453,157.5400380318532,159.68119586573982,163.6665303910914,0,0,0,0,0,1,0.125,8,2.086068722726633,1,0,1,1,1,0,0,0
1455633000,159.14341131,160.02018807,158.1823291,159.99489643,158.03100971148254,159.7097140988544,163.5225447455584,0,0,0,0,0,1,0.125,8,2.0245995645063872,0,0,1,1,1,0,0,0
1455719400,161.15831174,162.97930961,161.03185355,162.6083656,158.94648088918603,159.97322787168582,163.4866945829875,0,0,0,0,0,3,0.375,8,1.980865441692737,0,0,1,1,1,0,0,0
1455805800,162.87814306,162.93715688,161.6304223,161.94235249,159.54565520934884,160.15223920062348,163.4261321479684,0,0,0,0,0,0,0,8,1.904576442048571,0,0,1,1,1,0,0,0
1455892200,161.16674228,162.0182274,160.55974299,161.86647758,160.00981968347907,160.30807905329408,163.36496922373433,0,0,0,0,0,3,0.375,8,1.8337243876723575,1,0,1,1,1,0,0,0
1456151400,163.44298962,164.35348856,163.37554526,164.21016928,160.84988960278326,160.66281452844916,163.39811432398005,0,0,0,0,0,4,0.5,8,1.7866222959946572,1,0,1,1,1,0,0,0
1456237800,163.55258672,163.82236418,162.0182274,162.13625504,161.1071626902266,160.79676366586287,163.3486296461769,0,0,0,0,0,-2,0.25,8,1.7767923178678855,1,0,1,1,1,0,0,0
1456324200,160.71149281,163.15635107,159.60709133,162.87814306,161.46135876418128,160.9859799744208,163.33017919181702,0,0,0,0,0,1,0.125,8,1.798012822088672,0,0,1,1,1,0,0,0
1456410600,163.32496198,164.8593213,162.56621287,164.85089076,162.13926516334502,161.33733550038252,163.38981493958892,0,0,0,0,0,4,0.5,8,1.7489622158239893,0,0,1,1,1,0,0,0
1456497000,165.71923696,165.81197297,164.31133583,164.47084176,162.605580482676,161.6221997058023,163.4322081482325,0,0,0,0,0,1,0.125,8,1.692960719046277,0,0,1,1,1,0,0,0
1456756200,164.48837729,165.43259841,162.98774016,163.18164271,162.7207929281408,161.76396725163846,163.42238205261552,0,0,0,0,0,-3,0.375,8,1.6914720350417838,0,0,1,1,1,0,0,0
1456842600,164.40407183,167.10184646,163.9355021,167.017541,163.58014254251265,162.24156486512587,163.56336867800314,0,0,0,0,0,2,0.25,8,1.7022351406746996,0,0,1,0,0,0,0,0
1456929000,166.70561081,167.81844285,166.29251407,167.76785957,164.41768594801013,162.7439552928417,163.72825067376772,0,0,0,0,0,4,0.5,8,1.6385453873391516,0,0,1,0,0,0,0,0
1457015400,167.59081811,168.43808796,167.017541,168.42122686,165.21839413040811,163.26007088985608,163.91228895558075,0,0,0,0,0,4,0.5,8,1.5758503023396406,0,0,1,0,0,0,0,0
1457101800,168.61934469,169.74903781,167.79315121,168.97342761,165.96940082632648,163.7794669553237,164.11076498124424,0,0,0,0,0,3,0.375,8,1.5411869563705927,0,0,1,0,0,0,0,0
1457361000,168.05449813,169.51298253,167.97862321,169.10831634,166.59718392906117,164.2639078084761,164.30674738746995,0,0,0,0,0,2,0.25,8,1.4947694735653543,0,0,1,0,0,0,0,0
1457447400,168.03763703,168.54346978,167.10184646,167.26202683,166.73015250924894,164.53646408316007,164.42264069894173,0,0,0,0,0,1,0.125,8,1.4890068812415262,1,0,1,1,1,0,0,0
1457533800,168.07135922,168.43387268,167.28731847,168.08822031,167.00176606939914,164.8593510128728,164.56638891898322,0,0,0,0,0,1,0.125,8,1.425650426210819,1,0,1,1,1,0,0,0
1457620200,168.57719196,169.51298253,166.40211117,168.22310904,167.2460346635193,165.1651471971571,164.7097897080427,0,0,0,0,0,-2,0.25,8,1.4548462768075154,1,0,1,1,1,0,0,0
1457706600,169.6731629,170.97989749,169.55513526,170.93774476,167.98437668281545,165.6899287937792,164.95402323949202,0,0,0,0,0,3,0.375,8,1.4446708069202407,1,0,1,0,0,0,0,0
1457962200,170.43191201,171.17380004,170.10312073,170.71855057,168.53121146025236,166.14707622798107,165.18008313480607,0,0,0,0,0,3,0.375,8,1.3879996074767431,1,0,1,0,0,0,0,0
1458048600,169.75746836,170.4656342,169.49612144,170.44034256,168.91303768020188,166.5373731672555,165.386367818147,0,0,0,0,0,-1,0.125,8,1.3421904362706094,1,0,1,0,0,0,0,0
1458135000,169.95980146,171.8313826,169.91764873,171.42671641,169.4157734261615,166.9818589165959,165.6232442335138,0,0,0,0,1,5,0.625,8,1.318888253947587,1,1,1,0,0,0,0,0
1458221400,171.34241095,173.02008955,170.9461753,172.5142568,170.03547010092922,167.48480417872355,165.89348002043482,0,0,0,0,1,6,0.75,8,1.3028307499599525,1,1,1,0,0,0,0,0
1458307800,173.01388838,173.53080307,172.70034996,173.19184262,170.66674460474337,168.00362585520324,166.17969031845698,0,0,0,0,1,5,0.625,8,1.2469632364291403,1,1,1,0,0,0,0,0
1458567000,172.92914827,173.66638725,172.70034996,173.43758894,171.2209134717947,168.49762249927568,166.4643137938116,0,0,0,0,0,0,0,8,1.196039094978743,1,0,1,0,0,0,0,0
1458653400,172.66645392,173.91213358,172.5054477,173.34437482,171.64560574143576,168.93823634661425,166.7341201085641,0,0,0,0,0,2,0.25,8,1.1691690810728284,1,0,1,0,0,0,0,0
1458739800,172.96304431,173.14947256,172.03090307,172.19970538,171.7564256691486,169.2347335314675,166.94845678587532,0,0,0,0,0,-2,0.25,8,1.1473566417395713,1,0,1,0,0,0,0,0
1458826200,171.17502793,172.15801324,170.95470364,172.12411719,171.82996397331888,169.49740477315228,167.15142386054688,0,0,0,0,0,-2,0.25,8,1.117535914414257,1,0,1,1,1,0,0,0
1459171800,172.53934375,172.75119403,171.77244573,172.22580533,171.9091322446551,169.74544118741116,167.35041921229015,0,0,0,0,0,2,0.25,8,1.0776916220447665,1,0,1,1,1,0,0,0
1459258200,171.81905279,173.9290816,171.51398838,173.81959737,172.29122526972407,170.11581902219197,167.6041124733768,0,0,0,0,1,6,0.75,8,1.090782528764351,1,1,1,0,0,0,0,0
1459344600,174.81885278,175.30187143,174.21719798,174.58158047,172.74929630977925,170.52179733562906,167.8777386693228,0,0,0,0,0,4,0.5,8,1.0690946803658075,1,0,1,0,0,0,0,0
1459431000,174.48836634,174.91206691,173.99687369,174.1578799,173.0310130278234,170.85235029602643,168.12401871758465,0,0,0,0,0,3,0.375,8,1.0326813931540044,1,0,1,0,0,0,0,0
1459517400,173.16642058,175.53066973,172.85288216,175.34424148,173.49365871825873,171.26070404002402,168.4071647082676,0,0,0,0,1,5,0.625,8,1.0615133659268028,1,1,1,0,0,0,0,0
1459776600,175.26797538,175.47135165,174.47141832,174.77648273,173.750223520607,171.5803202845673,168.65694188559044,0,0,0,0,0,0,0,8,1.0297587856393735,1,0,1,0,0,0,0,0
1459863000,173.43758894,174.78851582,172.77661606,173.03015848,173.6062105124856,171.71212375687938,168.8284405755673,0,0,0,0,0,-2,0.25,8,1.0489084018265629,1,0,1,1,1,0,0,0
1459949400,173.11557651,174.979859,172.85288216,174.92054092,173.8690765939885,172.0037980444358,169.0673464714274,0,0,0,0,0,2,0.25,8,1.0503152302589334,1,0,1,0,0,0,0,0
1460035800,173.83586747,174.19177595,172.09869516,172.82746013,173.6607533011908,172.07867641585074,169.2148019090185,0,0,0,0,0,1,0.125,8,1.1037295233910098,1,0,1,1,1,0,0,0
1460122200,174.0053477,174.43752227,172.75966804,173.29285283,173.58717320695263,172.1890560898643,169.37472547454718,0,0,0,0,0,-1,0.125,8,1.0912977624453586,1,0,1,1,1,0,0,0
1460381400,173.9290816,174.62395052,172.79356409,172.88686295,173.4471111555621,172.25249307714935,169.51245635593747,0,0,0,0,0,2,0.25,8,1.0913503659322155,1,0,1,1,1,0,0,0
1460467800,173.05625844,174.77648273,172.61560985,174.49684035,173.6570569944497,172.45652464740851,169.70792239492033,0,0,0,0,0,3,0.375,8,1.092499979425075,1,0,1,1,1,0,0,0
1460554200,175.41203357,176.34417481,175.27644939,176.26011262,174.17766811955977,172.80230537218955,169.96487103119796,0,0,0,0,1,6,0.75,8,1.0791781106153888,1,1,1,0,0,0,0,0
1460640600,176.31875278,176.76787538,175.92047425,176.26790871,174.59571623764782,173.1173602210814,170.21204897938628,0,0,0,0,0,0,0,8,1.0363886470967367,1,0,1,0,0,0,0,0
1460727000,176.26790871,176.40527244,175.75099402,176.07300645,174.89117428011826,173.38605533280128,170.4418904488221,0,0,0,0,0,2,0.25,8,0.9899686596122442,1,0,0,0,0,0,0,0
1460986200,175.53066973,177.34410815,175.41203357,177.30953418,175.3748462600946,173.74273522800115,170.71120981082908,0,0,0,0,0,4,0.5,8,0.9906788655671939,1,0,0,0,0,0,0,0
1461072600,177.73391266,178.12371718,177.05599176,177.86949684,175.87377637607568,174.1178953745465,170.99192694922795,0,0,0,0,0,2,0.25,8,0.9598976017930635,1,0,0,0,0,0,0,0
1461159000,177.9118669,178.733846,177.43732227,178.03897707,176.30681651486054,174.47435734686044,171.2682818559249,0,0,0,0,0,2,0.25,8,0.9425010492872747,1,0,0,0,0,0,0,0
1461245400,178.05592509,178.16608724,176.81024543,177.0814138,176.46173597188843,174.71136247896405,171.49624781451607,0,0,0,0,0,-3,0.375,8,0.9346020674138253,1,0,0,1,0,0,0,0
1461331800,176.72550532,177.35258216,176.1831686,177.0814138,176.58567153751073,174.9268216899673,171.71527393159386,0,0,0,0,0,0,0,8,0.9150149107834349,1,0,0,1,0,0,0,0
1461591000,176.47975899,176.81871945,175.86963018,176.77634939,176.62380710800858,175.09496057178848,171.91374747898234,0,0,0,0,0,1,0.125,8,0.9000865105750405,1,0,0,1,0,0,0,0
1461677400,177.14073187,177.54748442,176.56449911,177.03836582,176.70671885040687,175.27163377617134,172.1147129041203,0,0,0,0,0,0,0,8,0.8742175412230528,1,0,0,1,0,0,0,0
1461763800,176.65771323,177.79323074,176.30180476,177.40342622,176.8460603243255,175.4654330892467,172.32211342631166,0,0,0,0,0,2,0.25,8,0.870152779277269,1,0,0,1,0,0,0,0
1461850200,176.64923922,177.75086069,175.37813753,175.79124558,176.6350973754604,175.4950524065879,172.45815782449552,0,0,0,0,0,-2,0.25,8,0.9118190992952165,1,0,0,1,0,0,0,0
1461936600,175.17476126,175.52219572,173.74265335,174.84495274,176.2770684483683,175.43595243689808,172.55175762510353,0,0,0,0,0,-1,0.125,8,0.9349617576881216,0,0,0,1,0,0,0,0
1462195800,175.34424148,176.4119669,174.91206691,176.23401267,176.26845729269465,175.50850336718008,172.69615978372693,0,0,0,0,0,4,0.5,8,0.9248477788165704,1,0,0,1,0,0,0,0
1462282200,175.00528103,175.24255335,173.95450363,174.6995387,175.95467357415572,175.43496112470916,172.77472366279645,0,0,0,0,0,1,0.125,8,0.9595315880505569,0,0,0,1,0,0,0,0
1462368600,173.7087573,174.43752227,173.22573866,173.72570533,175.50887992532458,175.27957423428106,172.81201706151032,0,0,0,0,0,-3,0.375,8,0.9565845007496241,1,0,0,1,0,0,0,0
1462455000,174.19177595,174.54768442,173.26810872,173.69180928,175.14546579625966,175.13523196571006,172.84651871713737,0,0,0,0,0,2,0.25,8,0.9410513211351452,1,0,0,1,0,0,0,0
1462541400,172.92067426,174.36973018,172.76814205,174.32736013,174.98184466300773,175.0617890715546,172.90459092940648,0,0,0,0,0,2,0.25,8,0.9362707842995002,0,0,0,1,0,0,0,0
1462800600,174.20024996,174.9035929,174.02229572,174.4707404,174.8796238104062,175.00805737414055,172.96600855570426,0,0,0,0,0,3,0.375,8,0.9047602633838442,1,0,0,1,0,0,0,0
1462887000,175.17476126,176.68313527,175.10696917,176.64076521,175.23185209032496,175.1564853592187,173.1101166597943,0,0,0,0,0,4,0.5,8,0.9192765545449362,1,0,0,1,0,0,0,0
1462973400,176.1831686,176.71703131,174.98833301,174.98833301,175.18314827425996,175.141198782017,173.18377220293962,0,0,0,0,0,0,0,8,0.9322385233849019,1,0,0,1,0,0,0,0
1463059800,175.6577799,175.82717539,174.03076973,175.03917708,175.15435403540798,175.13192408183363,173.2565331785106,0,0,0,0,0,-2,0.25,8,0.9387048788762681,1,0,0,1,0,0,0,0
1463146200,174.74258668,175.29339741,173.19184262,173.51385505,174.82625423832638,174.98482689712148,173.2666242322945,0,0,0,0,0,-2,0.25,8,0.9658294854392389,1,0,0,1,0,0,0,0
1463405400,173.68333527,175.70014996,173.62401719,175.22560532,174.9061244546611,175.0067158446559,173.34344702004765,0,0,0,0,0,2,0.25,8,0.9772021992675824,1,0,0,1,0,0,0,0
1463491800,174.95443696,175.24255335,173.06473245,173.59079907,174.6430593777289,174.877996137869,173.35314710043792,0,0,0,0,0,-2,0.25,8,1.005559837362783,1,0,1,1,1,0,0,0
1463578200,173.24268668,174.81885278,172.55629177,173.64096521,174.44264054418312,174.76553878079,173.36443408512662,0,0,0,0,0,1,0.125,8,1.026536591848153,1,0,1,1,1,0,0,0
1463664600,172.92067426,173.3274268,171.83600081,173.03931041,174.1619745173465,174.6086089289,173.35168413708243,0,0,0,0,0,-2,0.25,8,1.0310336396545337,0,0,1,1,1,0,0,0
1463751000,173.64943923,174.64937256,173.59859516,174.13245787,174.1560711878772,174.565322469,173.38230271484392,0,0,0,0,0,3,0.375,8,1.0174224329566055,0,0,1,1,1,0,0,0
1464010200,174.14940589,174.42904826,173.7045203,173.89518555,174.10389406030174,174.5044009309091,173.40241576720297,0,0,0,0,0,3,0.375,8,0.9757989252232044,0,0,0,1,0,0,0,0
1464096600,174.70869064,176.46281097,174.6832686,176.14927255,174.51296975824138,174.65393471446282,173.51013564103815,0,0,0,0,0,3,0.375,8,0.9986214141175956,1,0,0,1,0,0,0,0
1464183000,176.82719346,177.7593347,176.14850989,177.34410815,175.07919743659312,174.8984959358753,173.6604875041347,0,0,0,0,0,4,0.5,8,0.9859226989273909,1,0,0,1,0,0,0,0
1464269400,177.47969233,177.70849063,177.0814138,177.39495221,175.5423483912745,175.12544650625028,173.80693710044315,0,0,0,0,0,4,0.5,8,0.940486676199427,1,0,0,1,0,0,0,0
1464355800,177.55595843,178.16608724,177.50511436,178.15761323,176.0654013590196,175.40109802659117,173.97755185062186,0,0,0,0,0,4,0.5,8,0.9004876232106089,1,0,0,0,0,0,0,0
1464701400,178.42878159,178.53894374,177.25936803,177.81865278,176.4160516432157,175.62087573144652,174.1281832596171,0,0,0,0,0,2,0.25,8,0.8891606984421313,1,0,0,1,0,0,0,0
1464787800,177.20852396,178.3609895,177.01362171,178.18303526,176.76944836657256,175.85379932495138,174.28719706355366,0,0,0,0,0,0,0,8,0.8779729640402495,1,0,0,1,0,0,0,0
1464874200,177.78475673,178.74232001,177.31012736,178.72537198,177.16063308925806,176.11485138450126,174.46124313870843,0,0,0,0,1,5,0.625,8,0.8700250876521334,1,1,0,0,0,0,0,0
1464960600,178.16608724,178.53894374,176.98819967,178.19150927,177.36680832540645,176.30363846500114,174.60752808503358,0,0,0,0,0,1,0.125,8,0.8799358969323913,1,0,0,1,0,0,0,0
1465219800,178.54741775,179.45413695,178.38641153,179.09822848,177.71309235632515,176.5576921027283,174.7836339828754,0,0,0,0,0,4,0.5,8,0.8633032427947234,1,0,0,0,0,0,0,0
1465306200,179.24652368,179.9371556,179.22533865,179.37787085,178.0460480550601,176.81407198884392,174.96380013452733,0,0,0,0,0,3,0.375,8,0.833795224974879,1,0,0,0,0,0,0,0
1465392600,179.51345503,180.0896878,179.38626012,179.96257763,178.42935397004808,177.10029977440357,175.15983062454586,0,0,0,0,0,3,0.375,8,0.799975464698893,1,0,0,0,0,0,0,0
1465479000,179.23381266,179.83546746,178.9626443,179.7168313,178.68684943603847,177.3381662767305,175.3385365333872,0,0,0,0,0,2,0.25,8,0.7835925333291683,1,0,0,0,0,0,0,0
1465565400,178.34404148,178.68300193,177.47121831,178.01355504,178.55219055683077,177.39956525520955,175.44343921992106,0,0,0,0,0,-2,0.25,8,0.8246897149816659,1,0,0,1,0,0,0,0
1465824600,177.41190024,178.26777538,176.5560251,176.64008729,178.1697699034646,177.33052180382685,175.49036659521826,0,0,0,0,0,-2,0.25,8,0.8409563130400273,0,0,0,1,0,1,0,0
1465911000,176.2594347,176.88651154,175.34415674,176.29333075,177.7944820727717,177.2362317080244,175.52185538560187,0,0,0,0,0,1,0.125,8,0.8449153732995778,0,0,0,1,0,1,0,0
1465997400,176.71703131,177.41190024,175.86115617,176.04758442,177.44510254221737,177.12817286365856,175.5424722104802,0,0,0,0,0,-1,0.125,8,0.8485784858280004,1,0,0,1,0,0,0,0
1466083800,175.18323527,176.74245334,174.21719798,176.57297312,177.2706766577739,177.0777001596896,175.58288401085355,0,0,0,0,0,2,0.25,8,0.8877746129111108,1,0,0,1,0,0,0,0
1466170200,176.4694287,176.494983,175.25985884,175.91575236,176.99969179821912,176.972068541536,175.5959376716044,0,0,0,0,0,-2,0.25,8,0.8807594528744356,1,0,0,1,0,0,0,0
1466429400,177.87491481,178.54784453,176.96347837,177.04865934,177.0094853065753,176.97903134139636,175.65290714879637,0,0,0,0,0,3,0.375,8,0.9188039963127312,1,0,0,1,0,0,0,0
1466515800,177.43197374,177.96009579,176.98903266,177.5512271,177.11783366526024,177.03104913763306,175.7273510684514,0,0,0,0,0,1,0.125,8,0.8898258965238113,1,0,0,1,0,0,0,0
1466602200,177.73010715,178.45414545,177.11680412,177.26161178,177.1465892882082,177.05200937784824,175.78751815517882,0,0,0,0,0,-1,0.125,8,0.8815058105619623,1,0,0,1,0,0,0,0
1466688600,178.71820648,179.62112483,178.25822921,179.57001624,177.63127467856654,177.2809190925893,175.9358514134071,0,0,0,0,0,1,0.125,8,0.9018742909678261,1,0,0,1,0,0,0,0
1466775000,173.45402214,176.24369912,172.67887526,173.02811726,176.71064319485322,176.89430074417209,175.82182262307742,0,0,0,0,0,1,0.125,8,1.153593951018633,1,0,1,0,0,1,0,0
1467034200,171.71633022,171.72484832,169.21200952,170.02122879,175.37276031388257,176.26947602106554,175.5943483551136,0,0,0,0,0,-5,0.625,8,1.2504594941876228,1,0,1,0,0,1,0,0
1467120600,171.62263115,173.11329824,171.31597964,173.0874884,174.91570593110606,175.98020441915048,175.49604012157974,0,0,0,0,0,3,0.375,8,1.2681726739167687,1,0,1,1,1,0,0,0
1467207000,174.48471196,176.26499436,174.38249478,176.03500572,175.13956588888485,175.98518635559134,175.51717602740015,0,0,0,0,0,4,0.5,8,1.2868030269012114,0,0,1,1,1,0,0,0
1467293400,176.50350109,178.48821784,175.94982475,178.43285021,175.79822275310786,176.20770125144668,175.63151619142369,0,0,0,0,0,6,0.75,8,1.2804457658718966,0,0,1,1,1,0,0,0
1467379800,178.33489209,179.29743712,178.2752654,178.812587,176.4010956024863,176.4445090467697,175.7562640662698,0,0,0,0,0,4,0.5,8,1.2272920817809083,1,0,1,1,1,0,0,0
1467725400,177.98565008,178.09638535,176.92940598,177.52567281,176.62601104398902,176.5427966616088,175.82565264445532,0,0,0,0,0,2,0.25,8,1.2236606972241437,1,0,1,1,1,0,0,0
1467811800,177.03162315,178.70968838,176.37572963,178.59043502,177.01889583919123,176.72894560328072,175.93407548271196,0,0,0,0,0,0,0,8,1.2228303772315345,1,0,1,1,1,0,0,0
1467898200,178.76931507,179.43330078,177.71307096,178.47629251,177.31037517335298,176.88779532207337,176.0337702680958,0,0,0,0,0,2,0.25,8,1.2050574084599046,1,0,1,1,1,0,0,0
1467984600,179.77445059,181.38437104,179.54318424,181.13734621,178.07576938068237,177.2741181300667,176.23391050111164,0,0,0,0,0,4,0.5,8,1.2172184881460053,1,0,1,0,0,0,0,0
1468243800,181.59732348,182.34691607,181.39288914,181.77620353,178.8158562105459,177.68339862096974,176.45125532577393,0,0,0,0,0,4,0.5,8,1.1738317208177418,1,0,1,0,0,0,0,0
1468330200,182.73874856,183.39464208,181.80243927,183.09650866,179.67198670043672,178.17549953360884,176.71185349574358,0,0,0,0,0,3,0.375,8,1.1452643338588904,1,0,1,0,0,0,0,0
1468416600,183.51389545,183.52241355,182.58542281,183.07095437,180.35178023434938,178.62054088237167,176.96123000061638,0,0,0,0,0,3,0.375,8,1.1001666371826995,1,0,1,0,0,0,0,0
1468503000,184.33163282,184.56162146,183.7012936,184.09312609,181.1000494054795,179.1180486285197,177.24091220020006,0,0,0,0,0,4,0.5,8,1.073749232573188,1,0,1,0,0,0,0,0
1468589400,184.65532053,184.8533663,183.40145656,183.84610126,181.6492597763836,179.5478715950179,177.499939222153,0,0,0,0,0,0,0,8,1.0548026865125841,1,0,1,0,0,0,0,0
1468848600,183.96535462,184.50199477,183.70981169,184.33946947,182.18730171510688,179.98347140183446,177.76815609461758,0,0,0,0,0,2,0.25,8,1.007534017521651,1,0,1,0,0,0,0,0
1468935000,183.92276413,184.18682516,183.6757393,184.15275277,182.5803919260855,180.3624969807586,178.01853243482864,0,0,0,0,0,0,0,8,0.9622604453180019,1,0,0,0,0,0,0,0
1469021400,184.62976624,185.15788829,184.19534326,184.91512251,183.0473380428684,180.77637202887146,178.28898694758047,0,0,0,0,0,3,0.375,8,0.9286698474326603,1,0,0,0,0,0,0,0
1469107800,184.80864629,185.03011683,183.77795648,184.2166385,183.28119813429473,181.0891235262468,178.52144387120475,0,0,0,0,0,0,0,8,0.9141575050358804,1,0,0,0,0,0,0,0
1469194200,184.34015092,185.09826161,184.07608989,185.04715302,183.63438911143578,181.44894438931527,178.7773540339026,0,0,0,0,0,4,0.5,8,0.8845067822241105,1,0,0,0,0,0,0,0
1469453400,184.84271868,184.89382727,183.96535462,184.54458526,183.81642834114862,181.73036628665025,179.0035199643378,0,0,0,0,0,1,0.125,8,0.8654357897371675,1,0,0,0,0,0,0,0
1469539800,184.44236809,184.98752634,183.78647457,184.62976624,183.9790959209189,181.99394810059113,179.2241570731873,0,0,0,0,0,2,0.25,8,0.8497138343591282,1,0,0,0,0,0,0,0
1469626200,185.00456253,185.07270732,183.66722121,184.43384999,184.07004673473512,182.21575736326466,179.42845875619957,0,0,0,0,0,3,0.375,8,0.8442905824772324,1,0,0,1,0,0,0,0
1469712600,184.23793375,184.93641775,183.77795648,184.64680243,184.1853978737881,182.4367614602406,179.6330996845839,0,0,0,0,0,2,0.25,8,0.8278937382499756,1,0,0,1,0,0,0,0
1469799000,184.38274141,185.30269595,184.10164419,184.94493585,184.3373054690305,182.6647773138551,179.84140698518846,0,0,0,0,0,3,0.375,8,0.8139056849814424,1,0,0,0,0,0,0,0
1470058200,185.00456253,185.39639503,184.33589187,184.79161009,184.4281663932244,182.8581257480501,180.03553259714184,0,0,0,0,0,2,0.25,8,0.7973888865773301,1,0,0,1,0,0,0,0
1470144600,184.54458526,184.69791102,182.77282095,183.60691307,184.26391572857952,182.92619732277282,180.17558673333235,0,0,0,0,0,-4,0.5,8,0.8237469966352952,1,0,0,1,0,0,0,0
1470231000,183.54796784,184.19960231,183.24983442,184.14423467,184.23997951686363,183.03692799070257,180.3312199857507,0,0,0,0,0,2,0.25,8,0.7995169634015186,1,0,0,1,0,0,0,0
1470317400,184.25496994,184.65532053,182.50024183,184.33989538,184.2599626894909,183.1553795715478,180.48842294238793,0,0,0,0,0,3,0.375,8,0.8251262379501446,1,0,0,1,0,0,0,0
1470403800,185.02159873,185.89044469,184.90234536,185.8478542,184.5775409915927,183.4001499923162,180.69859671719624,0,0,0,0,1,5,0.625,8,0.8195654900872807,1,1,0,0,0,0,0,0
1470663000,186.03525235,186.13746952,185.4730579,185.73711893,184.80945657927418,183.6126017139238,180.8961858235807,0,0,0,0,0,1,0.125,8,0.7870299677953105,1,0,0,1,0,0,0,0
1470749400,185.80526371,186.34190386,185.52416649,185.8478542,185.01713610341935,183.81580648538528,181.09036889716577,0,0,0,0,0,2,0.25,8,0.7618069280458969,1,0,0,1,0,0,0,0
1470835800,185.95858947,186.03848923,185.03863493,185.38787693,185.09128426873548,183.95872198035025,181.2588986239436,0,0,0,0,0,2,0.25,8,0.7476709448825452,1,0,0,1,0,0,0,0
1470922200,185.91599898,186.49522962,185.65193795,186.24820479,185.32266837298837,184.1668567812275,181.45455768927914,0,0,0,0,0,4,0.5,8,0.7335272802222089,1,0,0,0,0,0,0,0
1471008600,185.94155327,186.29931338,185.68601035,186.08636093,185.4754068843907,184.34135715838863,181.6361970320525,0,0,0,0,0,3,0.375,8,0.7052662853472375,1,0,0,1,0,0,0,0
1471267800,186.45263913,186.97224309,186.44412103,186.62300109,185.70492572551257,184.54877933398967,181.83175797550143,0,0,0,0,0,1,0.125,8,0.6869134490264267,1,0,0,0,0,0,0,0
1471354200,186.2056143,186.27375908,185.66045605,185.66045605,185.69603179041005,184.64984085362698,181.9819029980308,0,0,0,0,0,-3,0.375,8,0.678186783630589,1,0,0,1,0,0,0,0
1471440600,185.69452844,186.14598762,184.85975487,186.00969806,185.75876504432804,184.77346423602452,182.139855745559,0,0,0,0,0,3,0.375,8,0.6779544182682158,1,0,0,1,0,0,0,0
1471527000,185.98414376,186.46115723,185.87340849,186.42708484,185.89242900346244,184.92379338184048,182.30798237671354,0,0,0,0,0,4,0.5,8,0.6506389546286422,1,0,0,1,0,0,0,0
1471613400,185.95858947,186.33338577,185.4730579,186.15450572,185.94484434676994,185.03567632167318,182.45882642939145,0,0,0,0,0,2,0.25,8,0.6416559706158467,1,0,0,1,0,0,0,0
1471872600,185.91599898,186.37597625,185.54972078,186.14598762,185.98507300141594,185.13661371243018,182.6034209858859,0,0,0,0,0,1,0.125,8,0.6275560222496809,1,0,0,1,0,0,0,0
1471959000,186.75929065,187.05742406,186.46115723,186.52078391,186.09221518313277,185.2624473667547,182.75704306134134,0,0,0,0,0,0,0,8,0.6164633209025552,1,0,0,1,0,0,0,0
1472045400,186.37597625,186.46967533,185.14937019,185.56675698,185.98712354250623,185.29011187704975,182.86722792089657,0,0,0,0,0,-2,0.25,8,0.6281617934865614,1,0,0,1,0,0,0,0
1472131800,185.18344258,185.8563723,185.03011683,185.43898551,185.87749593600498,185.3036458436816,182.96808115968494,0,0,0,0,0,-1,0.125,8,0.6155212307987222,1,0,0,1,0,0,0,0
1472218200,185.62638366,186.64855538,184.20386136,185.08974351,185.71994545080398,185.2842001769833,183.05128360479534,0,0,0,0,0,0,0,8,0.6669778489281049,0,0,0,1,0,0,0,0
1472477400,185.21751498,186.26098194,185.18344258,186.00186141,185.7763286426432,185.34944210725754,183.16699253833278,0,0,0,0,0,3,0.375,8,0.6612774489577646,1,0,0,1,0,0,0,0
1472563800,185.91599898,186.1970962,185.1408521,185.69452844,185.75996860211455,185.3808135920523,183.2661115933001,0,0,0,0,0,1,0.125,8,0.655688710805263,1,0,0,1,0,0,0,0
1472650200,185.36232264,185.481576,184.38700046,185.16640639,185.64125615969164,185.36132202822938,183.34063295787658,0,0,0,0,0,-1,0.125,8,0.6610286810356861,0,0,0,1,0,0,0,0
1472736600,185.15788829,185.46453981,184.01646321,185.17492449,185.54798982575332,185.34437679748126,183.41256595913632,0,0,0,0,0,1,0.125,8,0.6696415892110558,0,0,0,1,0,0,0,0
1472823000,186.02673425,186.43560294,185.43898551,186.00969806,185.64033147260267,185.40486054861933,183.51441427681723,0,0,0,0,0,4,0.5,8,0.6674301172984809,1,0,0,1,0,0,0,0
1473168600,186.29079528,186.64855538,185.57527508,186.57257395,185.82677996808212,185.5110163123812,183.63434210713814,0,0,0,0,1,5,0.625,8,0.6589768885301798,1,1,0,1,0,0,0,0
1473255000,186.41004864,186.73373635,185.95007137,186.5548563,185.9723952344657,185.60591085671018,183.74887207548565,0,0,0,0,0,3,0.375,8,0.6419703783190323,1,0,0,1,0,0,0,0
1473341400,186.2226505,186.49522962,185.82229991,186.12895142,186.00370647157254,185.65345999882743,183.84220852036856,0,0,0,0,0,-1,0.125,8,0.6255918730203532,1,0,0,1,0,0,0,0
1473427800,184.81716439,184.86827297,181.64843207,181.67398636,185.13776244925802,185.29168966802493,183.7571802003541,0,0,0,0,0,-2,0.25,8,0.7713117034349041,1,0,0,0,0,0,0,0
1473687000,180.91587567,184.68087482,180.84773089,184.28052424,184.9663148074064,185.19976553820447,183.77770349602648,0,0,0,0,0,1,0.125,8,0.8546631891213725,1,0,0,1,0,1,0,0
1473773400,183.00280959,183.26678544,181.00957474,181.63139587,184.29933101992512,184.87536829564044,183.69353456951563,0,0,0,0,0,-1,0.125,8,0.933824591615081,1,0,0,0,0,0,0,0
1473859800,181.68250446,182.88355622,181.00957474,181.56325109,183.7521150339401,184.57426673149132,183.60999404090717,0,0,0,0,0,1,0.125,8,0.9411723567343407,1,0,0,0,0,1,0,0
1473946200,181.40140723,183.76092028,181.22252718,183.37760589,183.67721320515207,184.46547938226485,183.60088078008727,0,0,0,0,0,3,0.375,8,0.9641734161469769,0,0,0,1,0,0,0,0
1474032600,182.76297534,182.94275904,181.98391263,182.66880292,183.47553114812166,184.30214515842258,183.56432870714266,0,0,0,0,0,1,0.125,8,0.9532751751240153,0,0,0,1,0,0,0,0
1474291800,183.3194487,183.96153335,182.37772455,182.70304744,183.32103440649732,184.15677263856597,183.5305529711763,0,0,0,0,0,1,0.125,8,0.9469378903364918,0,0,0,1,0,0,0,0
1474378200,183.55916031,183.71326062,182.67736405,182.71160857,183.19914923919785,184.02539408687815,183.4984375044635,0,0,0,0,0,1,0.125,8,0.9197552100684635,0,0,0,1,0,0,0,0
1474464600,183.41362112,184.94606315,182.72873082,184.76627945,183.5125752813583,184.09274730170742,183.54815679644534,0,0,0,0,0,5,0.625,8,0.9309424650109581,0,0,0,1,0,0,0,0
1474551000,185.77649264,186.23023246,185.52821991,185.93059295,183.99617881508664,184.2598241788249,183.64158566521218,0,0,0,0,1,7,0.875,8,0.9152737152943238,1,1,0,1,0,0,0,0
1474637400,185.53678103,185.67375909,184.81764622,184.91181864,184.1793067800693,184.3190964025681,183.691398723047,0,0,0,0,0,1,0.125,8,0.8975709494707305,1,0,0,1,0,0,0,0
1474896600,184.08138916,184.26117286,183.21671516,183.41362112,184.02616964805546,184.23678046778917,183.6805054837118,0,0,0,0,0,-1,0.125,8,0.9062808538254188,1,0,0,1,0,0,0,0
1474983000,183.25095967,184.64642365,182.88283114,184.55225123,184.13138596444438,184.26545962799017,183.71469159140938,0,0,0,0,0,4,0.5,8,0.9046120026003367,1,0,0,1,0,1,0,0
1475069400,184.77484058,185.62239232,183.81599417,185.468292,184.3987671715555,184.37480802544562,183.7834602348835,0,0,0,0,0,4,0.5,8,0.9054170584912153,1,0,0,1,0,0,0,0
1475155800,185.26282492,185.66519796,183.24239854,183.79031078,184.27707589324442,184.32167191222328,183.7837288837116,0,0,0,0,0,0,0,8,0.9425803754776724,1,0,0,1,0,0,0,0
1475242200,184.62074026,185.87922618,184.37246753,185.17721363,184.45710344059555,184.39944843202116,183.83837534435037,0,0,0,0,0,2,0.25,8,0.9492738309706219,1,0,0,1,0,0,0,0
1475501400,184.76627945,184.95462428,184.09851141,184.73203494,184.51208974047643,184.42968356911015,183.87342081868957,0,0,0,0,0,1,0.125,8,0.9253019231962726,1,0,0,1,0,0,0,0
1475587800,184.84332961,185.06591896,183.1995929,183.79031078,184.36773394838113,184.37155877010014,183.87016160148605,0,0,0,0,0,-2,0.25,8,0.9361446396845875,1,0,0,1,0,0,0,0
1475674200,184.41527318,185.03167444,184.34678415,184.60361801,184.4149107607049,184.3926550646365,183.89892459789837,0,0,0,0,0,2,0.25,8,0.9134794078810333,1,0,0,1,0,0,0,0
1475760600,184.38102866,184.95462428,183.83739699,184.73203494,184.47833559656394,184.42350778057863,183.93159559170627,0,0,0,0,0,1,0.125,8,0.8908399894282512,1,0,0,1,0,0,0,0
1475847000,185.00599106,185.17721363,183.37081548,184.09851141,184.40237075925114,184.39396265598057,183.93814131007073,0,0,0,0,0,-2,0.25,8,0.9001417967246828,1,0,0,1,0,0,0,0
1476106200,185.05307726,185.51965878,184.90753808,185.05735783,184.5333681734009,184.45427130816415,183.98203215398954,0,0,0,0,1,5,0.625,8,0.8863686939251316,1,1,0,1,0,0,0,0
1476192600,184.62930139,184.69779042,181.99247376,182.72016969,184.1707284767207,184.29662570651286,183.93254735148014,0,0,0,0,0,-4,0.5,8,0.9533962086205007,1,0,0,1,0,0,0,0
1476279000,182.85714775,183.48211015,182.36060229,182.9598813,183.92855904137656,184.17510348773897,183.89440358475542,0,0,0,0,0,-1,0.125,8,0.9279208762614545,1,0,0,1,0,0,0,0
1476365400,181.63290635,182.85714775,180.81959912,182.36060229,183.61496769110124,184.01014883339906,183.83425451437284,0,0,0,0,0,-1,0.125,8,0.9483047800789793,0,0,0,1,0,0,0,0
1476451800,183.33657096,183.79887191,182.37772455,182.4547747,183.382929092881,183.86875118490823,183.7801572667504,0,0,0,0,0,0,0,8,0.9364205329312503,0,0,0,1,0,0,0,0
1476711000,182.42909132,182.68592518,181.64146748,181.82125118,183.0705935103048,183.68261482082568,183.70333742021117,0,0,0,0,0,1,0.125,8,0.913594659037357,1,0,0,1,0,0,0,0
1476797400,183.41362112,183.47354902,182.58319164,182.9598813,183.04845106824385,183.61691177347788,183.6741822782421,0,0,0,0,1,5,0.625,8,0.9075650040209866,1,1,0,1,0,0,0,0
1476883800,183.22527629,183.75606627,182.86570888,183.44786563,183.12833398059507,183.60154394225262,183.66530711556595,0,0,0,0,0,3,0.375,8,0.8751647783578824,1,0,0,1,0,0,0,0
1476970200,183.09685936,183.66189385,182.44621358,183.10542049,183.12375128247606,183.55644181022964,183.64335077730846,0,0,0,0,0,2,0.25,8,0.8615959592041975,1,0,0,1,0,0,0,0
1477056600,182.31779665,183.27664306,182.14657407,183.19103177,183.13720737998085,183.5232227156633,183.62561277702184,0,0,0,0,0,2,0.25,8,0.8437423621690997,1,0,0,1,0,0,0,0
1477315800,184.0642669,184.33822302,183.61908821,183.97009448,183.30378479998467,183.5638474215121,183.63912186341315,0,0,0,0,0,2,0.25,8,0.824698310483323,1,0,0,1,0,0,0,0
1477402200,183.79031078,184.04714464,183.19103177,183.35369322,183.31376648398773,183.5447424941019,183.6279285832793,0,0,0,0,0,-2,0.25,8,0.8017170802979078,1,0,0,1,0,0,0,0
1477488600,182.53182486,183.56772143,182.29211326,182.98556468,183.2481261231902,183.49390814736537,183.60273784197423,0,0,0,0,0,-2,0.25,8,0.7957427286827726,1,0,0,1,0,0,0,0
1477575000,183.70469949,183.73894401,182.42053019,182.49758035,183.09801696855214,183.40333289305943,183.55939833248505,0,0,0,0,0,-2,0.25,8,0.792481741887488,1,0,0,1,0,0,0,0
1477661400,182.47189696,183.14822613,181.24765556,181.95822924,182.8700594228417,183.2719598336904,183.4966073876817,0,0,0,0,0,-1,0.125,8,0.8126649531461204,1,0,0,1,0,0,0,0
1477920600,182.29211326,182.51470261,181.80412892,181.96679037,182.68940561227336,183.153308064264,183.4366145634589,0,0,0,0,0,2,0.25,8,0.7824745504641512,1,0,0,1,0,0,0,0
1478007000,182.29211326,182.34348003,179.4412574,180.64837655,182.2811997998187,182.92558701751273,183.32727189626445,0,0,0,0,0,-2,0.25,8,0.846640495877345,1,0,0,1,0,0,0,0
1478093400,180.34017592,180.72542671,179.12449564,179.56111321,181.73718248185494,182.6197257622843,183.17957939876388,0,0,0,0,0,-1,0.125,8,0.8546107915637317,1,0,0,0,0,0,0,0
1478179800,179.77514142,179.98916964,178.46528873,178.73924485,181.13759495548396,182.26695477025845,183.0054486321457,0,0,0,0,0,-1,0.125,8,0.8581141040042749,1,0,0,0,0,0,0,0
1478266200,178.85053953,179.68953014,178.3967997,178.54233889,180.61854374238717,181.9283533265986,182.830424720689,0,0,0,0,0,0,0,8,0.8494166575690888,1,0,0,0,0,0,0,0
1478529000,181.02506621,182.51470261,180.89664928,182.48045809,180.99092661190974,181.978544668726,182.81670053909335,0,0,0,0,0,2,0.25,8,0.9272128855965965,0,0,0,1,0,0,0,0
1478615400,182.08664617,183.86736094,181.82125118,183.30232645,181.4532065795278,182.0988884670236,182.83574469246224,0,0,0,0,0,1,0.125,8,0.9368550696700784,0,0,0,1,0,0,0,0
1478701800,181.81269005,185.86210392,181.78700667,185.24501777,182.21156881762224,182.38490022183964,182.9302259896206,0,0,0,0,0,2,0.25,8,1.0179452506435913,1,0,1,0,0,0,0,0
1478788200,186.0333265,186.8980005,184.25261173,185.70800361,182.91085577609778,182.68700052985423,183.03915844532176,0,0,0,0,0,1,0.125,8,1.0446274884616074,1,0,1,0,0,0,0,0
1478874600,184.9888688,185.51965878,184.33822302,185.27994717,183.38467405487822,182.92272295168567,183.1270325129562,0,0,0,0,0,1,0.125,8,1.0250596500019094,0,0,1,1,1,0,0,0
1479133800,185.80217602,186.00764311,184.68066817,185.42548636,183.79283651590256,183.15024689789607,183.2171679579383,0,0,0,0,0,1,0.125,8,1.0022109983956191,0,0,1,1,1,0,0,0
1479220200,185.81073715,186.87231711,185.60527006,186.87231711,184.40873263472204,183.48861691717823,183.3605071403721,0,0,0,0,0,2,0.25,8,0.9787217734570695,1,0,0,0,0,0,0,0
1479306600,186.25591584,186.75246131,186.13606004,186.52131083,184.83124827377765,183.7643163637984,183.48446022623986,0,0,0,0,0,4,0.5,8,0.9387183882815928,1,0,0,0,0,0,0,0
1479393000,186.67541115,187.54008515,186.56411648,187.48015725,185.36103006902212,184.10212008072583,183.64115422717163,0,0,0,0,0,4,0.5,8,0.9060235884443558,1,0,0,0,0,0,0,0
1479479400,187.54864628,187.71986885,186.88087824,187.06066194,185.7009564432177,184.37107843156892,183.77525256885116,0,0,0,0,0,-1,0.125,8,0.8752309163346772,1,0,0,0,0,0,0,0
1479738600,187.63425756,188.49893156,187.48871838,188.47324818,186.25541479057418,184.74400295415356,183.959487690857,0,0,0,0,0,3,0.375,8,0.8611315069988362,1,0,0,0,0,0,0,0
1479825000,188.78144881,189.02116041,188.11368077,188.84137671,186.77260717445935,185.11649147741232,184.15093431905868,0,0,0,0,1,5,0.625,8,0.8323884163616682,1,1,0,0,0,0,0,0
1479911400,188.32770899,188.99547703,188.13080303,188.94411025,187.20690778956748,185.46445682037483,184.338902002625,0,0,0,0,0,1,0.125,8,0.805200038754968,1,0,0,0,0,0,0,0
1480084200,189.2865554,189.68036732,189.20950524,189.64612281,187.69475079365398,185.84460827397712,184.54702830879657,0,0,0,0,0,2,0.25,8,0.7726485294406326,1,0,0,0,0,0,0,0
1480343400,189.33792217,189.61187829,188.65303188,188.75576542,187.90695371892318,186.10925892361556,184.71207682296142,0,0,0,0,0,1,0.125,8,0.7584239352458237,1,0,0,0,0,0,0,0
1480429800,188.79000994,189.57763378,188.49037043,189.12389396,188.15034176713854,186.38331665419597,184.88508925970802,0,0,0,0,0,2,0.25,8,0.7439438881979171,1,0,0,0,0,0,0,0
1480516200,189.74029522,189.90295667,188.61022624,188.67015414,188.25430424171083,186.59121097108724,185.0335231765822,0,0,0,0,0,-1,0.125,8,0.7414078202985217,1,0,0,1,0,0,0,0
1480602600,188.96979364,188.96979364,187.61713531,187.97670271,188.19878393536865,186.71716476553385,185.1489419818143,0,0,0,0,0,-3,0.375,8,0.742388994185361,1,0,0,1,0,0,0,0
1480689000,188.062314,188.55885946,187.71130772,188.07087513,188.17320217429491,186.8402293441217,185.26352759546862,0,0,0,0,0,2,0.25,8,0.7212057046519805,1,0,0,1,0,0,0,0
1480948200,188.90130461,189.54338926,188.70439865,189.20094411,188.37875056143594,187.05483977738336,185.41793608623456,0,0,0,0,1,5,0.625,8,0.721282514238115,1,1,0,0,0,0,0,0
1481034600,189.38928895,189.8379777,188.91157797,189.80022312,188.66304507314874,187.3044200812576,185.58979047971556,0,0,0,0,1,5,0.625,8,0.7025113289213946,1,1,0,0,0,0,0,0
1481121000,189.64612281,192.34287835,189.52626701,192.28295044,189.387026146519,187.7570137502342,185.85226734090318,0,0,0,0,0,4,0.5,8,0.748539594549857,1,0,0,0,0,0,0,0
1481207400,192.25726706,193.2246746,191.99187207,192.75381252,190.0603834212152,188.21126818384926,186.122916171456,0,0,0,0,0,2,0.25,8,0.7390583763008816,1,0,0,0,0,0,0,0
1481293800,192.97640187,193.93524828,192.94215735,193.91812602,190.83193194097214,188.73007344168113,186.42861067532047,0,0,0,0,0,1,0.125,8,0.7256655065954699,1,0,0,0,0,0,0,0
1481553000,193.82395361,194.30337682,193.27604137,193.69553668,191.40465288877772,189.1814791906192,186.71358816570006,0,0,0,0,0,-1,0.125,8,0.7124913721920483,1,0,0,0,0,0,0,0
1481639400,194.35474359,195.48481258,194.33762133,194.98826711,192.12137573302218,189.709369001472,187.03808537920202,0,0,0,0,0,3,0.375,8,0.7227580563687612,1,0,0,0,0,0,0,0
1481725800,194.68862761,195.39064016,192.93787679,193.37877492,192.37285557041776,190.0429513577018,187.28673987099802,0,0,0,0,0,-2,0.25,8,0.7673163607182585,1,0,0,0,0,0,0,0
1481812200,193.61848652,195.03107275,193.38767849,194.17495989,192.73327643433421,190.41858849700165,187.556866146253,0,0,0,0,0,1,0.125,8,0.7703674105262628,1,0,0,0,0,0,0,0
1481898600,194.63045223,194.69073333,193.47649972,193.7951284,192.94564682746739,190.7255466700015,187.80150388169403,0,0,0,0,0,-1,0.125,8,0.7614971585018823,1,0,0,0,0,0,0,0
1482157800,193.9759717,194.63906381,193.82957474,194.21709611,193.1999366839739,191.0429602554559,188.05309573378446,0,0,0,0,1,5,0.625,8,0.7366062058611474,1,1,0,0,0,0,0,0
1482244200,194.75101443,195.11270104,194.51850161,194.96630408,193.55321016317913,191.39962787586902,188.32420194343996,0,0,0,0,0,4,0.5,8,0.7141747756380666,1,0,0,0,0,0,0,0
1482330600,194.83713029,195.00936201,194.42377417,194.42377417,193.7273229645433,191.67455026624455,188.56340085428545,0,0,0,0,0,1,0.125,8,0.6865264902220342,1,0,0,0,0,0,0,0
1482417000,194.27737721,194.39793941,193.69178937,194.08792232,193.79944283563464,191.89394772567687,188.7800487549017,0,0,0,0,0,2,0.25,8,0.6655306321412164,1,0,0,0,0,0,0,0
1482503400,194.13098025,194.38071624,193.94152536,194.37210465,193.9139751985077,192.11923471879714,188.99934506451342,0,0,0,0,0,3,0.375,8,0.6332287386632838,1,0,0,0,0,0,0,0
1482849000,194.63906381,195.25048641,194.62184064,194.85435346,194.10205085080617,192.3678818770883,189.22895323688545,0,0,0,0,0,3,0.375,8,0.6187420723637016,1,0,0,0,0,0,0,0
1482935400,195.11270104,195.12992421,193.13203629,193.2439869,193.93043806064495,192.4475277882621,189.38640553739975,0,0,0,0,0,0,0,8,0.6531818159904544,1,0,0,1,0,0,0,0
1483021800,193.31287959,193.66595461,192.76173809,193.20092897,193.78453624251597,192.51601880478373,189.53599469161938,0,0,0,0,0,2,0.25,8,0.6400910548092608,1,0,0,1,0,0,0,0
1483108200,193.52816924,193.6142851,191.80585206,192.49477893,193.52658478001277,192.51408790707612,189.65202544606566,0,0,0,0,0,1,0.125,8,0.6636557466762529,0,0,0,1,0,0,0,0
1483453800,193.7951284,194.47544368,192.79937073,193.96736012,193.6147398480102,192.64620356279647,189.82125425680817,0,0,0,0,0,4,0.5,8,0.6845113141704889,1,0,0,1,0,0,0,0
1483540200,194.29460038,195.26770958,194.28598879,195.12131262,193.91605440240815,192.8712134770877,190.02909968281568,0,0,0,0,1,5,0.625,8,0.6794608238632819,1,1,0,0,0,0,0,0
1483626600,194.85435346,195.12131262,194.17403818,194.96630408,194.1261043379265,193.06167625917064,190.2227155415288,0,0,0,0,1,5,0.625,8,0.666134223375793,1,1,0,1,0,0,0,0
1483713000,195.07825469,196.12886817,194.53572478,195.66384253,194.4336519763412,193.29823682924604,190.43609307048845,0,0,0,0,0,2,0.25,8,0.6745069843458831,1,0,0,0,0,0,0,0
1483972200,195.40549496,195.54336645,194.98034096,195.01797359,194.55051629907297,193.45457653476913,190.61577465948892,0,0,0,0,0,0,0,8,0.6534365939178294,1,0,0,1,0,0,0,0
1484058600,195.03519676,195.87052059,194.63045223,195.01797359,194.64400775725838,193.59670353979013,190.78840991166584,0,0,0,0,0,3,0.375,8,0.6521821145220678,1,0,0,1,0,0,0,0
1484145000,194.93185773,195.56911509,194.26876562,195.56911509,194.8290292238067,193.7760136807183,190.97588854611033,0,0,0,0,0,1,0.125,8,0.6513842554893514,1,0,0,1,0,0,0,0
1484231400,195.05241994,195.26770958,193.72192992,195.07825469,194.87887431704536,193.89439922701663,191.13676564979227,0,0,0,0,0,0,0,8,0.6740140812831982,1,0,0,1,0,0,0,0
1484317800,195.25048641,195.82746266,195.21604007,195.52605716,195.0083108856363,194.04273176637875,191.30889472862395,0,0,0,0,0,4,0.5,8,0.6518065019376661,1,0,0,1,0,0,0,0
1484663400,194.8887998,195.29354434,194.44960893,194.83713029,194.97407476650903,194.11494981398067,191.44725690750144,0,0,0,0,0,-1,0.125,8,0.6468523002448201,1,0,0,1,0,0,0,0
1484749800,195.08256049,195.31076751,194.53572478,195.26770958,195.03280172920722,194.21974615634608,191.59707858093276,0,0,0,0,0,1,0.125,8,0.627675012863896,1,0,0,1,0,0,0,0
1484836200,195.34521386,195.48299923,194.11375708,194.54433637,194.9351086573658,194.24925435758735,191.71265731775893,0,0,0,0,1,-5,0.625,8,0.6352811229408737,1,1,0,1,0,0,0,0
1484922600,195.22465165,195.74995839,194.59764209,195.259098,194.99990652589264,194.34105832507942,191.85173342294485,0,0,0,0,0,3,0.375,8,0.6318478874676587,1,0,0,1,0,0,0,0
1485181800,194.92324615,195.31507331,193.99319487,194.75101443,194.95012810671412,194.3783270618904,191.96543071733916,0,0,0,0,0,3,0.375,8,0.6367289318557869,1,0,0,1,0,0,0,0
1485268200,194.96630408,196.4130505,194.85435346,195.99969438,195.1600413613713,194.52572409080943,192.1236371354827,0,0,0,0,0,4,0.5,8,0.6480514759296181,1,0,0,1,0,0,0,0
1485354600,196.94696883,197.6961768,196.7833487,197.6961768,195.66726844909704,194.8139470643722,192.3421681027187,0,0,0,0,0,3,0.375,8,0.6578929263344799,1,0,0,0,0,0,0,0
1485441000,197.54977984,197.816739,197.21392799,197.48949874,196.03171450727763,195.05717903488383,192.54402420614147,0,0,0,0,0,2,0.25,8,0.6333425407474982,1,0,0,0,0,0,0,0
1485527400,197.56700301,197.71339997,196.99863834,197.17948165,196.2612679358221,195.25011563625802,192.72580685099868,0,0,0,0,0,2,0.25,8,0.6149207892559785,1,0,0,0,0,0,0,0
1485786600,196.49055478,196.51638953,194.97491566,195.95663645,196.20034163865768,195.31434480114365,192.8525060509595,0,0,0,0,0,-2,0.25,8,0.6549202283461693,1,0,0,1,0,0,0,0
1485873000,195.46577606,195.99969438,194.89741139,195.93941328,196.14815596692614,195.3711692083124,192.97356123641208,0,0,0,0,0,2,0.25,8,0.6483767519888255,1,0,0,1,0,0,0,0
1485959400,196.56375326,196.85224138,195.43132971,196.01691755,196.1219082835409,195.4298736030113,193.0929085428273,0,0,0,0,0,3,0.375,8,0.6536040992994361,1,0,0,1,0,0,0,0
1486045800,195.65523095,196.43027368,195.32799068,196.14609134,196.1267448948327,195.4949843063739,193.21264120153995,0,0,0,0,0,2,0.25,8,0.6466591445852676,1,0,0,1,0,0,0,0
1486132200,197.05030786,197.67895363,196.74029077,197.49811032,196.40101797986617,195.67708667124901,193.3806988140286,0,0,0,0,0,3,0.375,8,0.6517971428383488,1,0,0,1,0,0,0,0
1486391400,197.09336579,197.4860541,196.80918345,197.1450353,196.54982144389294,195.81053654659001,193.52831985269412,0,0,0,0,0,1,0.125,8,0.6312849959283381,1,0,0,1,0,0,0,0
1486477800,197.53255667,197.76989197,196.964192,197.15364689,196.67058653311435,195.9326374869,193.67048954043162,0,0,0,0,0,2,0.25,8,0.6153580361159116,1,0,0,1,0,0,0,0
1486564200,196.86946455,197.54116825,196.61111698,197.41199446,196.81886811849148,196.06712448445455,193.81721522355195,0,0,0,0,0,2,0.25,8,0.6043076793686258,1,0,0,1,0,0,0,0
1486650600,197.68756521,198.88457565,197.65311887,198.58317014,197.1717285227932,196.29585590768596,194.00411541635384,0,0,0,0,0,3,0.375,8,0.6108008308035153,1,0,0,0,0,0,0,0
1486737000,198.92763358,199.59072569,198.60177117,199.36682446,197.61074771023456,196.57503486698724,194.21441773179095,0,0,0,0,0,3,0.375,8,0.6010412172602201,1,0,0,0,0,0,0,0
1486996200,199.85768485,200.71023185,199.83185009,200.45188428,198.17897502418765,196.92747572271568,194.45902426309326,0,0,0,0,0,2,0.25,8,0.6029592909146572,1,0,0,0,0,0,0,0
1487082600,200.27104097,201.26137335,199.92657754,201.25276176,198.79373237135013,197.320683544287,194.72544534140332,0,0,0,0,0,2,0.25,8,0.6050372406589488,1,0,0,0,0,0,0,0
1487169000,201.03747212,202.49283013,200.9858026,202.30337524,199.49566094508012,197.77365551662453,195.0226190629169,0,0,0,0,0,3,0.375,8,0.6121122209216457,1,0,0,0,0,0,0,0
1487255400,202.33782158,202.50574751,201.38193555,202.13114352,200.0227574600641,198.16979078965866,195.30138472790054,0,0,0,0,0,1,0.125,8,0.6085872038123864,1,0,0,0,0,0,0,0
1487341800,201.46805141,202.4497722,201.45082824,202.4497722,200.50816040805128,198.5588800087806,195.58171364837503,0,0,0,0,1,5,0.625,8,0.5994721322843758,1,1,0,0,0,0,0,0
1487687400,202.82007039,203.82762594,202.8114588,203.65539422,201.13760717044102,199.0221994825278,195.8983285727525,0,0,0,0,0,4,0.5,8,0.601683171939344,1,0,0,0,0,0,0,0
1487773800,203.25064968,203.69845215,203.08702955,203.47455092,201.60499592035282,199.4269587041162,196.19543533146808,0,0,0,0,0,0,0,8,0.58066600572758,1,0,0,0,0,0,0,0
1487860200,203.99124607,204.00846924,202.85451673,203.61233629,202.00646399428226,199.8074475755602,196.48629419258697,0,0,0,0,0,0,0,8,0.5793064172963822,1,0,0,0,0,0,0,0
1487946600,202.76840087,203.9164975,202.72534295,203.87068387,202.3793079694258,200.17683269323655,196.77587810150513,0,0,0,0,0,3,0.375,8,0.5789792660042006,1,0,0,0,0,0,0,0
1488205800,203.78456801,204.36154426,203.53483202,204.18931254,202.74130888354065,200.54160358839687,197.06660102066178,0,0,0,0,0,2,0.25,8,0.5657043350297618,1,0,0,0,0,0,0,0
1488292200,203.81040276,204.05152717,203.24634389,203.63817105,202.9206813168325,200.82310972126987,197.32430964926328,0,0,0,0,0,-2,0.25,8,0.5597943602227519,1,0,0,0,0,0,0,0
1488378600,205.29159553,206.95363161,205.27437236,206.48860597,203.634266247466,201.3381548347908,197.68369381870394,0,0,0,0,0,2,0.25,8,0.6273219024497836,1,0,0,0,0,0,0,0
1488465000,206.29915108,206.30776267,205.13658699,205.1882565,203.9450642979728,201.68816407708255,197.97799039444104,0,0,0,0,0,-3,0.375,8,0.6332702381069099,1,0,0,0,0,0,0,0
1488551400,205.10214065,205.48105042,204.72323087,205.31743029,204.21953749637825,202.01809736916596,198.2658115668159,0,0,0,0,0,2,0.25,8,0.6140307304239975,1,0,0,0,0,0,0,0
1488810600,204.52516439,205.05908272,204.10319668,204.7060077,204.3168315371026,202.26245285378724,198.51836827792116,0,0,0,0,0,2,0.25,8,0.6142429514772128,1,0,0,0,0,0,0,0
1488897000,204.40460219,204.75767721,203.88790704,204.0945851,204.27238224968207,202.42901033071567,198.73704344741444,0,0,0,0,0,0,0,8,0.6025171777124886,1,0,0,1,0,0,0,0
1488983400,204.38737902,204.64572659,203.57788995,203.71567532,204.16104086374565,202.54597987519605,198.93228391300602,0,0,0,0,0,-2,0.25,8,0.5979622879262698,1,0,0,1,0,0,0,0
1489069800,203.83623752,204.30126316,203.00952528,203.9740229,204.1236372709965,202.67580196836005,199.12999916739793,0,0,0,0,0,-1,0.125,8,0.599782109001342,1,0,0,1,0,0,0,0
1489156200,204.92990893,204.97296686,203.74151008,204.68878452,204.23666672079722,202.8588003821455,199.3479907498529,0,0,0,0,1,7,0.875,8,0.5979688653722358,1,1,0,1,0,0,0,0
1489411800,204.62850342,204.83518148,204.30126316,204.79212355,204.34775808663778,203.03455703376864,199.56148615378024,0,0,0,0,0,3,0.375,8,0.5735989278619765,1,0,0,1,0,0,0,0
1489498200,204.24959364,204.30126316,203.39704664,204.00846924,204.27990031731022,203.1230945070624,199.73587764735748,0,0,0,0,0,-1,0.125,8,0.5835187521331086,1,0,0,1,0,0,0,0
1489584600,204.57683391,206.19581205,204.34432109,205.77384434,204.57868912184819,203.3640717646022,199.9726606549121,0,0,0,0,0,3,0.375,8,0.6131177176598357,1,0,0,0,0,0,0,0
1489671000,205.91162972,205.98913399,205.04185954,205.36909981,204.73677125947856,203.54634704145653,200.1842857198175,0,0,0,0,0,3,0.375,8,0.603392384718479,1,0,0,1,0,0,0,0
1489757400,205.6312672,205.82154639,205.00853528,205.00853528,204.79112406358286,203.67927324496048,200.37347197707956,0,0,0,0,0,2,0.25,8,0.5896050934634475,1,0,0,1,0,0,0,0
1490016600,205.00853528,205.29395408,204.39445242,204.78365987,204.7896312248663,203.77967202905498,200.54642052189996,0,0,0,0,0,2,0.25,8,0.5794662812571582,1,0,0,1,0,0,0,0
1490103000,205.38909367,205.51018043,202.02461153,202.15434735,204.26257444989304,203.63191524004998,200.6094764759431,0,0,0,0,0,0,0,8,0.6682322728731477,0,0,0,1,0,0,0,0
1490189400,202.18894356,202.91546413,201.56621165,202.63004534,203.93606862791444,203.54083615822725,200.68871447061198,0,0,0,0,0,4,0.5,8,0.6666068315494336,1,0,0,1,0,0,0,0
1490275800,202.38787181,203.5468451,202.04190964,202.41381898,203.63161869833155,203.43838005111567,200.75636562784288,0,0,0,0,0,0,0,8,0.6727600340578155,1,0,0,1,0,0,0,0
1490362200,202.71653588,203.28737347,201.48837016,202.26678505,203.35865196866524,203.3318714146506,200.81559776204512,0,0,0,0,0,2,0.25,8,0.6886899367930485,1,0,0,1,0,0,0,0
1490621400,200.59751756,202.31867938,200.32074782,202.05920775,203.0987631249322,203.2161747178642,200.8643667811806,0,0,0,0,0,2,0.25,8,0.7107822754167911,1,0,0,1,0,0,0,0
1490707800,201.75649085,203.95335065,201.64405314,203.52954699,203.18491989794575,203.24466310624018,200.9688836521147,0,0,0,0,1,6,0.75,8,0.736288706312521,1,1,0,1,0,0,0,0
1490794200,203.24412819,203.95335065,203.01492825,203.71982618,203.2919011543566,203.28785974930926,201.07676375124746,0,0,0,0,0,3,0.375,8,0.7159611831794859,1,0,0,1,0,0,0,0
1490880600,203.6592828,204.56743351,203.48630172,204.36850526,203.50722197548527,203.38610025028115,201.20585165355146,0,0,0,0,0,2,0.25,8,0.7004974098509544,1,0,0,1,0,0,0,0
1490967000,204.03119214,204.55878446,203.84091294,203.89280727,203.58433903438822,203.43216452480104,201.31122246203964,0,0,0,0,0,1,0.125,8,0.6771282313719066,1,0,0,1,0,0,0,0
1491226200,203.9447016,204.14362985,202.31003032,203.53819604,203.57511043551057,203.4418037534555,201.39855475921456,0,0,0,0,0,0,0,8,0.6942047098976132,1,0,0,1,0,0,0,0
1491312600,203.25277725,203.7544224,202.86789433,203.66793186,203.59367472040844,203.46236085405044,201.48754993963752,0,0,0,0,0,2,0.25,8,0.6752995482718965,1,0,0,1,0,0,0,0
1491399000,204.3425581,205.31990124,202.85492075,203.06249805,203.48743938632674,203.42600969004584,201.54931261063211,0,0,0,0,0,0,0,8,0.7156407789684307,1,0,0,1,0,0,0,0
1491485400,203.20088292,204.1522789,202.75545662,203.63333564,203.51661863706138,203.44485750367804,201.63103900394066,0,0,0,0,0,2,0.25,8,0.7116571547976027,1,0,0,1,0,0,0,0
1491571800,203.38251306,204.11768268,202.94141129,203.42575834,203.4984465776491,203.44312121607095,201.70142015437435,0,0,0,0,0,2,0.25,8,0.7028010467022107,0,0,0,1,0,0,0,0
1491831000,203.56414321,204.33823357,203.01925278,203.5468451,203.5081262821193,203.4525506600645,201.77378976008515,0,0,0,0,0,2,0.25,8,0.6984983672783255,1,0,0,1,0,0,0,0
1491917400,203.16628671,203.40846023,201.81703423,203.30467157,203.46743533969544,203.43910710642228,201.83382434086613,0,0,0,0,0,1,0.125,8,0.7101529928182222,0,0,0,1,0,0,0,0
1492003800,203.02790184,203.21818103,202.18894356,202.41381898,203.25671206775635,203.34589909492934,201.8565692286753,0,0,0,0,0,-2,0.25,8,0.7017022580001151,1,0,0,1,0,0,0,0
1492090200,202.07650586,202.81167548,201.09916272,201.09916272,202.8252021982051,203.14165033357213,201.82686701264882,0,0,0,0,0,-1,0.125,8,0.7166671579484597,1,0,0,1,0,0,0,0
1492435800,201.61810598,202.88086791,201.41917773,202.88086791,202.83633534056406,203.11794284052013,201.8682003811724,0,0,0,0,0,4,0.5,8,0.7223611748457294,0,0,0,1,0,0,0,0
1492522200,202.14569829,202.81167548,201.59215881,202.27543411,202.72415509445125,203.04135113774558,201.88417033132248,0,0,0,0,0,4,0.5,8,0.7182791997785503,1,0,0,1,0,0,0,0
1492608600,202.83762264,203.20953198,201.67864936,201.90352477,202.560029029561,202.93791237704144,201.88492932891768,0,0,0,0,0,2,0.25,8,0.7223610330874851,1,0,0,1,0,0,0,0
1492695000,202.51760763,203.98362234,202.19759262,203.5468451,202.7573922436488,202.9932698973104,201.9501024964111,0,0,0,0,0,3,0.375,8,0.7383431491604112,1,0,0,1,0,0,0,0
1492781400,203.46900361,203.52089793,202.50030952,202.89816602,202.78554699891905,202.98462409028218,201.98728145812046,0,0,0,0,0,2,0.25,8,0.7246386698535503,1,0,0,1,0,0,0,0
1493040600,205.1382711,205.33719935,204.645275,205.12962204,203.25436200713523,203.1796239038929,202.11051050054712,0,0,0,0,0,3,0.375,8,0.7504890442275969,1,0,0,1,0,0,0,0
1493127000,205.76965206,206.66915372,205.68316152,206.32319154,203.86812791370818,203.46540277990263,202.27571367856487,0,0,0,0,1,5,0.625,8,0.7461494525552708,1,1,0,0,0,0,0,0
1493213400,206.28859533,207.17079887,206.15021046,206.19345573,204.33319347696656,203.71340759354786,202.4293506217584,0,0,0,0,0,4,0.5,8,0.7286437483030592,1,0,0,0,0,0,0,0
1493299800,206.51347074,206.66915372,205.83019545,206.36643681,204.73984214357324,203.9545920677708,202.5837461585522,0,0,0,0,0,3,0.375,8,0.7050690649572778,1,0,0,0,0,0,0,0
1493386200,206.62590845,206.65185561,205.78695017,205.91668599,204.97521091285859,204.1329642425189,202.71444968135407,0,0,0,0,0,3,0.375,8,0.6861388807435844,1,0,0,1,0,0,0,0
1493645400,206.43562925,206.85943291,206.01615011,206.43562925,205.26729458028686,204.3422974250172,202.8603782918892,0,0,0,0,0,2,0.25,8,0.6681472147331056,1,0,0,0,0,0,0,0
1493731800,206.57401412,206.69510088,206.10696518,206.51347074,205.5165298122295,204.53967681728835,203.0036368192661,0,0,0,0,0,3,0.375,8,0.6405309066798841,1,0,0,1,0,0,0,0
1493818200,206.09831613,206.60644807,205.58802192,206.26264816,205.66575348178358,204.6963105757167,203.13144118556937,0,0,0,0,0,0,0,8,0.6307699776265708,1,0,0,1,0,0,0,0
1493904600,206.56536506,206.64536882,205.65721436,206.50482168,205.83356712142685,204.8607206761061,203.2637306167235,0,0,0,0,0,1,0.125,8,0.6192076668450087,1,0,0,1,0,0,0,0
1493991000,206.87673102,207.3351309,206.43562925,207.31783279,206.13042025514147,205.0840945046419,203.42271501567552,0,0,0,0,1,6,0.75,8,0.6037148497138162,1,1,0,0,0,0,0,0
1494250200,207.36107807,207.50811199,206.85943291,207.28323658,206.36098352011317,205.28401651149264,203.57410801819805,0,0,0,0,0,-1,0.125,8,0.5830390206213296,1,0,0,0,0,0,0,0
1494336600,207.54270821,207.74163646,206.74699521,207.09295738,206.50737829209052,205.44846568135694,203.71210211081774,0,0,0,0,0,2,0.25,8,0.576197052605748,1,0,0,1,0,0,0,0
1494423000,207.04971211,207.46486672,206.8421348,207.46486672,206.69887597767243,205.63177486668812,203.8592693503935,0,0,0,0,0,2,0.25,8,0.5555211722834473,1,0,0,0,0,0,0,0
1494509400,207.01511589,207.20539509,205.95993126,207.04106305,206.76731339213794,205.75989197426193,203.98404557390748,0,0,0,0,0,2,0.25,8,0.5688168325143294,1,0,0,1,0,0,0,0
1494595800,206.79024048,207.08197308,206.4269802,206.69510088,206.75287088971035,205.84491096569266,204.09036146826406,0,0,0,0,0,2,0.25,8,0.5517060163571125,1,0,0,1,0,0,0,0
1494855000,207.11890454,207.95786282,207.10160643,207.83677605,206.96965192176827,206.0259896097206,204.23727968715568,0,0,0,0,1,5,0.625,8,0.552882453434947,1,1,0,0,0,0,0,0
1494941400,208.1308439,208.15679107,207.25728941,207.64649686,207.10502090941463,206.1733084506551,204.3709744782476,0,0,0,0,0,2,0.25,8,0.5448033682534269,1,0,0,1,0,0,0,0
1495027800,205.9339841,206.40103303,203.90145632,203.96199971,206.47641666953172,205.9722803833228,204.35493625204182,0,0,0,0,0,0,0,8,0.6461808355979056,0,0,0,0,0,0,0,0
1495114200,203.88415822,205.6312672,203.62468659,204.78365987,206.13786530962537,205.86422397302073,204.37174894294213,0,0,0,0,0,4,0.5,8,0.6676071234156511,1,0,0,1,0,1,0,0
1495200600,205.26800691,206.78159142,205.21611259,206.11561424,206.1334150957003,205.8870776336552,204.44013581733657,0,0,0,0,1,5,0.625,8,0.6851524129304252,1,1,0,1,0,0,0,0
1495459800,206.62590845,207.32648185,206.55671601,207.16214982,206.33916204056024,206.00299328695928,204.54688146449985,0,0,0,0,1,6,0.75,8,0.6747491202318057,1,1,0,1,0,0,0,0
1495546200,207.53405915,207.78488173,207.15350076,207.6205497,206.59543957244819,206.15004386996299,204.66741747373516,0,0,0,0,0,2,0.25,8,0.6468910705783123,1,0,0,1,0,0,0,0
1495632600,207.85407416,208.20868539,207.51676104,208.10489674,206.89733100595853,206.32775776723906,204.80222058221614,0,0,0,0,0,3,0.375,8,0.6230356830132739,1,0,0,1,0,0,0,0
1495719000,208.61519095,209.37630773,208.40761364,209.09953799,207.33777240276683,206.57973778749005,204.9707428335018,0,0,0,0,1,5,0.625,8,0.6192126796402506,1,1,0,0,0,0,0,0
1495805400,208.90925879,209.22062475,208.8314173,209.05629272,207.68147646621347,206.80487914499096,205.13096047610955,0,0,0,0,0,0,0,8,0.5884002514988945,1,0,0,0,0,0,0,0
1496151000,208.73627771,209.12548515,208.58059473,208.87466258,207.9201136889708,206.99304127544633,205.27777232332093,0,0,0,0,0,2,0.25,8,0.5654803081273785,1,0,0,0,0,0,0,0
1496237400,209.16873042,209.20332664,208.1308439,208.82276825,208.10064460117664,207.15938009131486,205.416791771426,0,0,0,0,0,0,0,8,0.5619040008326117,1,0,0,1,0,0,0,0
1496323800,209.28116813,210.50068479,208.99574934,210.48338669,208.5771930189413,207.46156250937713,205.61548176823283,0,0,0,0,1,5,0.625,8,0.5745924101206903,1,1,0,0,0,0,0,0
1496410200,210.53528101,211.33964307,210.24121316,211.18396009,209.09854643315305,207.79996228943375,205.83385346712566,0,0,0,0,1,7,0.875,8,0.5689322184569676,1,1,0,0,0,0,0,0
1496669400,211.010979,211.29639779,210.82934886,211.02827711,209.48449256852243,208.09344545493977,206.03755635508153,0,0,0,0,0,0,0,8,0.5444925543171868,1,0,0,0,0,0,0,0
1496755800,210.46608858,211.01962806,210.27580938,210.35365087,209.65832422881795,208.2989186744907,206.20681496350971,0,0,0,0,0,1,0.125,8,0.5327728531006692,1,0,0,0,0,0,0,0
1496842200,210.69096399,210.96773373,210.02498681,210.74285832,209.87523104705437,208.52109500590063,206.3846990167054,0,0,0,0,0,2,0.25,8,0.5257571769521069,1,0,0,0,0,0,0,0
1496928600,210.83799791,211.32234496,210.31905465,210.84664697,210.0695142316435,208.73250882081877,206.559677367815,0,0,0,0,0,1,0.125,8,0.5219512673012108,1,0,0,0,0,0,0,0
1497015000,211.11476765,211.91048065,209.26387002,210.52663196,210.16093777731479,208.8956109243807,206.71524421456735,0,0,0,0,0,2,0.25,8,0.5752013472510434,1,0,0,1,0,0,0,0
1497274200,210.28445844,210.53528101,209.63577936,210.48338669,210.22542755985182,209.03995417580063,206.86301450772157,0,0,0,0,0,-1,0.125,8,0.5647503049098916,1,0,0,1,0,0,0,0
1497360600,211.01962806,211.56451848,210.67357939,211.51262415,210.48286687788146,209.2647423552733,207.0453521407521,0,0,0,0,0,2,0.25,8,0.5583693794016077,1,0,0,0,0,0,0,0
1497447000,211.78074484,211.78939389,210.42284331,211.24450347,210.63519419630518,209.44472063843028,207.21002474189908,0,0,0,0,0,1,0.125,8,0.5653514141887594,1,0,0,0,0,0,0,0
1497533400,209.89525099,210.95908468,209.61848125,210.83799791,210.67575493904414,209.571382208573,207.35229819947168,0,0,0,0,0,-3,0.375,8,0.5810683907261331,1,0,0,1,0,0,0,0
1497619800,210.99714179,211.0492892,210.00955662,210.88415572,210.71743509523532,209.69072525506635,207.49080241596297,0,0,0,0,0,-2,0.25,8,0.5746621890754225,1,0,0,1,0,0,0,0
1497879000,211.70982316,212.70062409,211.61421956,212.63978543,211.10190516218825,209.95882163460578,207.69272331847424,0,0,0,0,0,4,0.5,8,0.5902267976074259,1,0,0,0,0,0,0,0
1497965400,212.28344475,212.29213598,211.18834898,211.20573146,211.1226704217506,210.072177073278,207.8304883436321,0,0,0,0,0,-1,0.125,8,0.6008757864042682,1,0,0,1,0,0,0,0
1498051800,211.56207214,211.70982316,210.68425728,211.15358404,211.12885314540048,210.17048679752546,207.96080582192104,0,0,0,0,0,3,0.375,8,0.5927865003910923,1,0,0,1,0,0,0,0
1498138200,211.16227528,211.65767574,210.88415572,211.05798044,211.11467860432037,210.2511680377504,208.082263650081,0,0,0,0,0,1,0.125,8,0.5768722624776483,1,0,0,1,0,0,0,0
1498224600,211.11881909,211.64029327,210.7364047,211.31002629,211.1537481414563,210.347427878864,208.20884257713664,0,0,0,0,0,4,0.5,8,0.5655820763694771,1,0,0,1,0,0,0,0
1498483800,211.97925148,212.39643082,211.23615078,211.44908607,211.21281572716504,210.44757862351273,208.3359109494058,0,0,0,0,0,1,0.125,8,0.5640328160522221,1,0,0,1,0,0,0,0
1498570200,211.23180517,211.5273072,209.7282213,209.74560377,210.91937333573202,210.38376272773885,208.39119302080164,0,0,0,0,0,-4,0.5,8,0.5892660523643327,0,0,0,1,0,0,0,0
1498656600,210.76247841,211.81846361,210.52781503,211.6229108,211.06008082858563,210.49641255248986,208.51792705135844,0,0,0,0,0,4,0.5,8,0.6122863636106898,1,0,0,1,0,0,0,0
1498743000,211.77066181,211.82280923,208.55055879,209.76298624,210.8006619108685,210.4297374331726,208.5667529018934,0,0,0,0,0,-1,0.125,8,0.6850196475471031,1,0,0,1,0,0,0,0
1498829400,210.57127121,210.94499437,209.95853906,210.15409187,210.6713479026948,210.40467874561145,208.62900148887798,0,0,0,0,0,0,0,8,0.6750807620186722,1,0,0,1,0,0,0,0
1499088600,211.09274539,211.5273072,210.51043256,210.51043256,210.63916483415585,210.41429272873768,208.7027830995102,0,0,0,0,0,1,0.125,8,0.6723943414088547,1,0,0,1,0,0,0,0
1499261400,210.87546448,211.20573146,210.06717951,210.99714179,210.7107602253247,210.46727900703425,208.79275795011765,0,0,0,0,0,3,0.375,8,0.6614691845772177,1,0,0,1,0,0,0,0
1499347800,210.232313,210.35399031,208.88517139,209.06768735,210.38214565025976,210.34004340184933,208.80353949521108,0,0,0,0,0,-3,0.375,8,0.6920460138799748,1,0,0,1,0,0,0,0
1499434200,209.64130894,210.57127121,209.08028964,210.4235202,210.39042056020782,210.34763220168122,208.86706815030084,0,0,0,0,0,3,0.375,8,0.6895129402668834,1,0,0,1,0,0,0,0
1499693400,210.28446042,211.0232155,210.11932693,210.64949234,210.44223491616626,210.37507403243748,208.9369671381322,0,0,0,0,0,3,0.375,8,0.6702248963875491,1,0,0,1,0,0,0,0
1499779800,210.46697638,210.80593459,209.32842443,210.49305009,210.452397950933,210.38579912857952,208.99798999898974,0,0,0,0,0,0,0,8,0.6729519639252903,1,0,0,1,0,0,0,0
1499866200,211.45777731,212.23998857,211.45777731,212.07485508,210.7768893767464,210.53934966961774,209.11865137471563,0,0,0,0,1,6,0.75,8,0.679061475755955,1,1,0,1,0,0,0,0
1499952600,212.08354632,212.54418184,211.85757417,212.43119576,211.10775065339712,210.7113356778343,209.24855507609934,0,0,0,0,0,2,0.25,8,0.652586087211539,1,0,0,1,0,0,0,0
1500039000,212.439887,213.77833738,212.33559217,213.42199669,211.5705998607177,210.957759406213,209.41221945311506,0,0,0,0,0,4,0.5,8,0.6514457299699069,1,0,0,0,0,0,0,0
1500298200,213.34377557,213.72618996,213.22209826,213.39592298,211.93566448457415,211.17941064019362,209.56844312083604,0,0,0,0,0,2,0.25,8,0.6218609232432305,1,0,0,0,0,0,0,0
1500384600,212.98743488,213.56105647,212.64847667,213.50890906,212.25031339965932,211.3911832238124,209.72297119688167,0,0,0,0,0,4,0.5,8,0.6076667117765676,1,0,0,0,0,0,0,0
1500471000,213.82179356,214.67353471,213.81310232,214.66484347,212.73321941372745,211.68878870073854,209.91677010955297,0,0,0,0,1,6,0.75,8,0.5999757818475732,1,1,0,0,0,0,0,0
1500557400,214.91688932,215.03856663,214.21289919,214.76044707,213.13866494498197,211.9680303706714,210.10671822564893,0,0,0,0,0,1,0.125,8,0.5843337684311827,1,0,0,0,0,0,0,0
1500643800,214.18682548,214.59531358,213.96085334,214.56923987,213.42477992998556,212.20450396151946,210.281719074447,0,0,0,0,0,3,0.375,8,0.5696970662642747,1,0,0,0,0,0,0,0
1500903000,214.49101875,214.65615224,214.0477657,214.51709246,213.64324243598844,212.41473927956315,210.44781214839026,0,0,0,0,0,1,0.125,8,0.5493906932734397,1,0,0,0,0,0,0,0
1500989400,215.26453877,215.36883361,214.81259449,215.03856663,213.92230727479074,212.65326903869376,210.62784173590435,0,0,0,0,0,1,0.125,8,0.5372033505557634,1,0,0,0,0,0,0,0
1501075800,215.32537743,215.36014237,214.78652078,215.04725787,214.1472973938326,212.87090438699434,210.80115217253555,0,0,0,0,0,1,0.125,8,0.5178645298855981,1,0,0,0,0,0,0,0
1501162200,215.50789339,215.54265833,213.52629153,214.84735943,214.28730980106607,213.05058211817666,210.9598269669459,0,0,0,0,0,-1,0.125,8,0.548358144882935,1,0,0,0,0,0,0,0
1501248600,214.36934144,214.72568213,213.91739716,214.59531358,214.34891055685287,213.1910122510697,211.10239506941863,0,0,0,0,0,2,0.25,8,0.5407417780101126,1,0,0,1,0,0,0,0
1501507800,214.99511045,215.09071405,214.26504661,214.47363628,214.37385570148228,213.3076144355179,211.23460060708848,0,0,0,0,0,2,0.25,8,0.5299003644556237,1,0,0,1,0,0,0,0
1501594200,215.07333158,215.10809652,214.4267036,214.95165427,214.48941541518582,213.457072602289,211.38036741739873,0,0,0,0,0,4,0.5,8,0.5135988274900413,1,0,0,1,0,0,0,0
1501680600,215.08202281,215.19500888,214.12598683,215.0559491,214.60272215214866,213.60242501117182,211.52450787553997,0,0,0,0,0,-1,0.125,8,0.5121883531953598,1,0,0,1,0,0,0,0
1501767000,214.94296303,214.96903674,214.36065021,214.63876976,214.60993167371893,213.6966381701562,211.64663579257763,0,0,0,0,0,1,0.125,8,0.49966637703031497,1,0,0,1,0,0,0,0
1501853400,215.12547899,215.36014237,214.647461,215.02987539,214.69392041697515,213.81784155377838,211.77931185522164,0,0,0,0,0,2,0.25,8,0.48709455979127303,1,0,0,1,0,0,0,0
1502112600,215.09940528,215.42967226,214.99511045,215.42967226,214.84107078558011,213.96437161798033,211.92246324364433,0,0,0,0,0,2,0.25,8,0.4658711782483256,1,0,0,1,0,0,0,0
1502199000,215.11678776,216.33356083,214.52578369,214.89950685,214.85275799846409,214.0493839118003,212.03921005173672,0,0,0,0,0,1,0.125,8,0.49374901983747527,1,0,0,1,0,0,0,0
1502285400,214.21289919,214.94296303,213.8565585,214.89081562,214.86036952277126,214.12587770345482,212.15103772108037,0,0,0,0,0,0,0,8,0.4946112883374378,1,0,0,1,0,0,0,0
1502371800,214.05645694,214.18682548,211.80542676,211.85757417,214.259810452217,213.91966829132255,212.1395293465282,0,0,0,0,0,-2,0.25,8,0.5698826520519139,1,0,0,0,0,0,0,0
1502458200,212.08354632,212.76146274,211.84888294,212.17045868,213.8419400977736,213.76064923574776,212.14074226156632,0,0,0,0,0,3,0.375,8,0.5591189748567595,1,0,0,1,0,1,0,0
1502717400,213.4480704,214.49101875,213.41330546,214.27373784,213.92829964621887,213.80729365431614,212.2243891469951,0,0,0,0,1,6,0.75,8,0.5914420186006185,1,1,0,1,0,0,0,0
1502803800,214.65615224,214.67353471,213.94347087,214.24766413,213.9921725429751,213.84732733392377,212.3037332639757,0,0,0,0,0,0,0,8,0.5736027799956068,1,0,0,1,0,0,0,0
1502890200,214.76913831,215.16893517,214.19551672,214.62138729,214.1180154923801,213.9176964208398,212.39462165715312,0,0,0,0,0,0,0,8,0.5641002082733729,1,0,0,1,0,0,0,0
1502976600,214.01300076,214.32588526,211.27526135,211.27526135,213.54946466390408,213.67747505076346,212.35072517451968,0,0,0,0,0,1,0.125,8,0.6452300940481531,0,0,0,0,0,0,0,0
1503063000,211.11012786,212.23042821,210.50174132,210.94499437,213.02857060512326,213.4290677161486,212.2955984763032,0,0,0,0,0,-1,0.125,8,0.6586157457000998,1,0,0,0,0,1,0,0
1503322200,210.88415572,211.37086494,210.18016558,211.11012786,212.64488205609862,213.21825500195328,212.2491094325266,0,0,0,0,0,4,0.5,8,0.6513803913992555,0,0,0,0,0,0,0,0
1503408600,211.69244069,213.47414411,211.67505821,213.31770186,212.7794460168789,213.22729562541207,212.29101501791772,0,0,0,0,0,5,0.625,8,0.6777518688358317,0,0,0,1,0,0,0,0
1503495000,212.35297464,212.97874365,212.20522362,212.55287307,212.73413142750312,213.16598448401098,212.30128396113662,0,0,0,0,0,1,0.125,8,0.6689905028720369,0,0,0,1,0,0,0,0
1503581400,212.93528747,213.09172972,211.84888294,212.05747261,212.59879966400248,213.0652106772827,212.29172273168027,0,0,0,0,0,0,0,8,0.66452024554084,0,0,0,1,0,0,0,0
1503667800,212.8483751,213.46545287,212.40512206,212.55287307,212.589614345202,213.01863453116607,212.3019639214183,0,0,0,0,0,3,0.375,8,0.6629316294964881,0,0,0,1,0,0,0,0
1503927000,213.08303848,213.10911219,212.14438497,212.56156431,212.5840043381616,212.97708269287824,212.31214432881364,0,0,0,0,1,5,0.625,8,0.6479726140045703,1,1,0,1,0,0,0,0
1504013400,211.24918764,213.06565601,211.13620157,212.80491892,212.62818725452928,212.9614314407984,212.33146882258566,0,0,0,0,0,4,0.5,8,0.6657634728435152,0,0,0,1,0,0,0,0
1504099800,212.78753645,214.08253065,212.60502049,213.81310232,212.86517026762343,213.03885606618036,212.38957209699407,0,0,0,0,1,5,0.625,8,0.6646531274846956,1,1,0,1,0,0,0,0
1504186200,214.4301801,215.3427599,213.84552063,215.09940528,213.31201727009875,213.22617872198214,212.4958400649551,0,0,0,0,1,5,0.625,8,0.6642828590943544,1,1,0,1,0,0,0,0
1504272600,215.47312844,215.82946913,215.25584754,215.40359855,213.730333526079,213.42412597907466,212.60986980946666,0,0,0,0,0,4,0.5,8,0.6401721569155071,1,0,0,1,0,0,0,0
1504618200,214.89950685,215.12547899,212.89183128,213.8565585,213.7555785208632,213.4634380264315,212.6587595620366,0,0,0,0,0,-1,0.125,8,0.682639389932315,1,0,0,1,0,0,0,0
1504704600,214.53447493,214.91688932,214.00430952,214.58662235,213.92178728669055,213.56554569221046,212.7343620243097,0,0,0,0,0,3,0.375,8,0.6670176554251664,1,0,0,1,0,1,0,0
1504791000,214.89081562,214.90819809,214.15206054,214.56054864,214.04953955735243,213.65600050564586,212.8059771857093,0,0,0,0,0,4,0.5,8,0.6446211043606239,1,0,0,1,0,0,0,0
1504877400,214.27373784,214.76913831,214.06514817,214.30850279,214.10133220388195,213.7153188951326,212.8648997584266,0,0,0,0,0,1,0.125,8,0.6227445619251134,1,0,0,1,0,0,0,0
1505136600,215.57742328,216.67251904,215.5600408,216.59429791,214.59992534510556,213.97704426012055,213.01115066633142,0,0,0,0,0,4,0.5,8,0.6501208397948034,1,0,0,0,0,0,0,0
1505223000,216.95932984,217.3591267,216.77681388,217.32436176,215.14481262808445,214.28134585101867,213.18029619941646,0,0,0,0,0,2,0.25,8,0.626793495160875,1,0,0,0,0,0,0,0
1505309400,217.03755096,217.46342154,216.92456489,217.42865659,215.60158142046757,214.56746500910788,213.34689856767463,0,0,0,0,0,0,0,8,0.5994455985841098,1,0,0,0,0,0,0,0
1505395800,217.10708085,217.55902514,216.93325613,217.3591267,215.95309047637406,214.82125243555262,213.50424084737367,0,0,0,0,0,-2,0.25,8,0.5773701382922647,1,0,0,0,0,0,0,0
1505482200,217.21463804,217.73869925,217.10982579,217.65135571,216.29274352309923,215.07853455141148,213.66687280277077,0,0,0,0,0,2,0.25,8,0.5560478782412381,1,0,0,0,0,0,0,0
1505741400,218.01819856,218.46365059,217.72996489,218.11427645,216.65705010847938,215.3545110876468,213.84128078893661,0,0,0,0,0,1,0.125,8,0.541835547315116,1,0,0,0,0,0,0,0
1505827800,218.35883835,218.41997882,218.00946421,218.33263529,216.9921671447835,215.6252496514971,214.0174123379979,0,0,0,0,0,2,0.25,8,0.5160599976769517,1,0,0,0,0,0,0,0
1505914200,218.41997882,218.52479107,217.41552817,218.41124447,217.2759826098268,215.87852190772466,214.18971948042937,0,0,0,0,0,-1,0.125,8,0.5153031070259982,1,0,0,0,0,0,0,0
1506000600,218.25402611,218.34136964,217.64698854,217.82604278,217.38599464386144,216.0555692597497,214.33232039413804,0,0,0,0,0,0,0,8,0.5048423965334947,1,0,0,0,0,0,0,0
1506087000,217.52907476,218.03566727,217.5028717,217.86971455,217.48273862508915,216.22049155886336,214.4710417335836,0,0,0,0,0,3,0.375,8,0.4861559576362938,1,0,0,0,0,0,0,0
1506346200,217.6164183,217.96858743,216.68184247,217.42426252,217.47104340407134,216.32992528260306,214.58685431344307,0,0,0,0,0,0,0,8,0.4946277630099624,1,0,0,1,0,0,0,0
1506432600,217.85224584,218.09680774,217.3150831,217.55527782,217.48789028725707,216.44132096782096,214.70326307840608,0,0,0,0,0,0,0,8,0.4846864912807746,1,0,0,1,0,0,0,0
1506519000,218.25402611,218.78682167,217.3718564,218.40251012,217.67081425380564,216.61961089074632,214.84833158984114,0,0,0,0,0,2,0.25,8,0.4945965795086803,1,0,0,0,0,0,0,0
1506605400,218.1230108,218.7431499,218.03566727,218.66454072,217.8695595470445,216.80551360249666,214.99798684984736,0,0,0,0,0,1,0.125,8,0.48182840323818577,1,0,0,0,0,0,0,0
1506691800,218.65580637,219.51177302,218.47238495,219.43316383,218.18228040363562,217.04439089590605,215.17191535887295,0,0,0,0,1,5,0.625,8,0.4796784476677209,1,1,0,0,0,0,0,0
1506951000,219.66025703,220.38520837,219.48784089,220.38520837,218.6228659969085,217.34810157536913,215.3763582220544,0,0,0,0,0,3,0.375,8,0.47434805400536906,1,0,0,0,0,0,0,0
1507037400,220.50748932,220.88306652,220.30659919,220.85686346,219.0696654895268,217.66707992851738,215.5912799960915,0,0,0,0,0,0,0,8,0.4581692614944898,1,0,0,0,0,0,0,0
1507123800,220.70837945,221.36345596,220.59483285,221.11889407,219.47951120562146,217.98088121410672,215.80804917546044,0,0,0,0,0,1,0.125,8,0.44976774508991335,1,0,0,0,0,0,0,0
1507210200,221.4507995,222.4465158,221.15033774,222.4290471,220.06941838449717,218.38525993100612,216.06769615289338,0,0,0,0,0,1,0.125,8,0.45781535876644464,1,0,0,0,0,0,0,0
1507296600,221.98359507,222.46468326,221.72156446,222.17575084,220.49068487559774,218.72985001364194,216.3072277092505,0,0,0,0,0,1,0.125,8,0.44948987993583,1,0,0,0,0,0,0,0
1507555800,222.40284404,222.46398451,221.54687739,221.808908,220.75432950047818,219.00976437603813,216.52297987751518,0,0,0,0,0,0,0,8,0.4476071301127166,1,0,0,0,0,0,0,0
1507642200,222.37664097,222.76968688,221.83511106,222.39410968,221.08228553638256,219.31743213094376,216.75322026192634,0,0,0,0,0,2,0.25,8,0.44539981093489933,1,0,0,0,0,0,0,0
1507728600,222.29803179,222.74348382,222.13207908,222.74348382,221.41452519310604,219.6288913754034,216.98813255832138,0,0,0,0,0,2,0.25,8,0.4325431331291897,1,0,0,0,0,0,0,0
1507815000,222.4290471,222.77842124,222.17138367,222.41157839,221.61393583248483,219.88186292218492,217.2008167085833,0,0,0,0,0,4,0.5,8,0.42174188418383096,1,0,0,0,0,0,0,0
1507901400,222.84829607,222.96184266,222.41157839,222.68234335,221.82761733598787,220.13645205198628,217.41577853765847,0,0,0,0,0,4,0.5,8,0.40879180616534144,1,0,0,0,0,0,0,0
1508160600,222.90943654,223.17146715,222.56879675,222.97931137,222.0579561427903,220.39489380816934,217.63395629578952,0,0,0,0,0,1,0.125,8,0.3983926188898537,1,0,0,0,0,0,0,0
1508247000,222.92690525,223.1802015,222.70854641,223.13652973,222.27367086023224,220.6441334374267,217.84974348928796,0,0,0,0,0,1,0.125,8,0.3847735746773514,1,0,0,0,0,0,0,0
1508333400,223.51210693,223.5557787,223.16273279,223.35488857,222.4899144021858,220.89056572220608,218.06563153166883,0,0,0,0,0,0,0,8,0.37034797172959344,1,0,0,0,0,0,0,0
1508419800,222.57753111,223.45096646,222.15828214,223.41602905,222.67513733174863,221.12015329746006,218.2754510421916,0,0,0,0,0,1,0.125,8,0.3851289793860835,1,0,0,0,0,0,0,0
1508506200,224.21085522,224.59516677,223.40240345,224.56896371,223.0539026073989,221.4336815167819,218.52225546053702,0,0,0,0,0,3,0.375,8,0.3937219315473189,1,0,0,0,0,0,0,0
1508765400,224.89213479,224.91833785,223.61691918,223.69552836,223.18222775791912,221.63930395707445,218.7251289075748,0,0,0,0,0,-3,0.375,8,0.40858224838923474,1,0,0,0,0,0,0,0
1508851800,224.12351168,224.32440181,223.73046577,224.08857427,223.3634970603353,221.86196489461312,218.93546009825815,0,0,0,0,0,-1,0.125,8,0.39877778373727457,1,0,0,0,0,0,0,0
1508938200,223.75666883,223.87021543,221.85257976,222.97931137,223.28665992226826,221.96354184692103,219.09404250107156,0,0,0,0,0,-4,0.5,8,0.44376299422953447,1,0,0,1,0,0,0,0
1509024600,223.59071612,223.86148108,223.14526409,223.26754504,223.2828369458146,222.0820875917464,219.25770926730405,0,0,0,0,0,1,0.125,8,0.43975636622613395,1,0,0,1,0,0,0,0
1509111000,224.00996509,225.25024329,223.27226159,225.09302492,223.6448745406517,222.35580916704217,219.4865451752529,0,0,0,0,1,5,0.625,8,0.4679503512137975,1,1,0,0,0,0,0,0
1509370200,224.5340263,224.99694704,223.95755896,224.25452698,223.76680502852136,222.52841987731105,219.67352485387045,0,0,0,0,0,1,0.125,8,0.47231640150836923,1,0,0,0,0,0,0,0
1509456600,224.63010419,224.85719738,224.30256593,224.60390113,223.9342242488171,222.71709999119187,219.86687294313043,0,0,0,0,0,3,0.375,8,0.4570634342872281,1,0,0,0,0,0,0,0
1509543000,225.38125859,225.72189838,224.5340263,224.90086915,224.12755322905366,222.91562446017443,220.0642845590861,0,0,0,0,0,2,0.25,8,0.4615824768724171,1,0,0,0,0,0,0,0
1509629400,224.83099432,225.12796234,223.76540319,224.98821268,224.29968511924292,223.10404157106765,220.2573797795141,0,0,0,0,0,3,0.375,8,0.47170401898293723,1,0,0,0,0,0,0,0
1509715800,225.14543105,225.78303885,224.73491643,225.73936709,224.58762151339434,223.34361661824332,220.47235967404296,0,0,0,0,0,4,0.5,8,0.46971812639524024,1,0,0,0,0,0,0,0
1509978600,225.60835178,226.21975653,225.53847695,226.08874123,224.88784545671547,223.5931734011303,220.69260993113932,0,0,0,0,0,4,0.5,8,0.45701659744351597,1,0,0,0,0,0,0,0
1510065000,226.19355347,226.5254589,225.42493036,225.93152286,225.09658093737238,223.8057506246639,220.898057496977,0,0,0,0,0,0,0,8,0.4594612276723307,1,0,0,0,0,0,0,0
1510151400,225.75683579,226.41191231,225.47733648,226.31583442,225.3404316338979,224.03394006060353,221.11051933709555,0,0,0,0,0,2,0.25,8,0.45541465155123345,1,0,0,0,0,0,0,0
1510237800,225.11049363,225.68696096,223.9138872,225.49480519,225.3713063451183,224.16674598145775,221.28245211564084,0,0,0,0,0,0,0,8,0.5005097345864685,1,0,0,1,0,0,0,0
1510324200,225.11049363,225.60188836,224.7960569,225.42493036,225.38203114809465,224.28112637950704,221.4449022428706,0,0,0,0,0,-1,0.125,8,0.4904368289763328,1,0,0,1,0,0,0,0
1510583400,224.74365078,225.86164803,224.70871337,225.63455484,225.43253588647573,224.40416533046096,221.6092023447188,0,0,0,0,0,-1,0.125,8,0.4914807015310077,1,0,0,1,0,0,0,0
1510669800,224.83099432,225.21530587,224.05363685,225.11049363,225.36812743518058,224.4683769940554,221.74650788531807,0,0,0,0,0,2,0.25,8,0.507600624454917,1,0,0,1,0,0,0,0
1510756200,224.14098039,224.6650416,223.27627939,223.98376203,225.09125435414447,224.42432108823218,221.83424334197227,0,0,0,0,0,1,0.125,8,0.5322077054884663,0,0,0,1,0,0,0,0
1510842600,224.92707221,226.25469394,224.88759293,225.8878511,225.25057370331558,224.55736927112017,221.99320835209102,0,0,0,0,0,3,0.375,8,0.5618368568689238,1,0,0,1,0,0,0,0
1510929000,225.53847695,225.86007585,225.14543105,225.22404023,225.24526700865246,224.61797572192742,222.11990764142078,0,0,0,0,0,3,0.375,8,0.5467887400059301,1,0,0,1,0,0,0,0
1511188200,225.46860213,225.80487474,225.22404023,225.60835178,225.31788396292197,224.70800990902492,222.25670937234545,0,0,0,0,0,4,0.5,8,0.5252569765271419,1,0,0,1,0,0,0,0
1511274600,226.37697489,227.26787895,226.37697489,227.08445753,225.67119867633758,224.92405060184083,222.44603282950837,0,0,0,0,1,5,0.625,8,0.5367680079157363,1,1,0,0,0,0,0,0
1511361000,227.09319188,227.22420719,226.71761468,226.8835674,225.91367242107006,225.10218849258257,222.62005379305705,0,0,0,0,0,3,0.375,8,0.5148175479231819,1,0,0,0,0,0,0,0
1511533800,227.3726912,227.51244085,227.23294154,227.40762861,226.21246365885605,225.31177395780233,222.80780182509403,0,0,0,0,0,2,0.25,8,0.4966960803551064,1,0,0,0,0,0,0,0
1511793000,227.45130038,227.7482684,227.09319188,227.29408201,226.42878732908486,225.49198378072938,222.98373438136485,0,0,0,0,0,4,0.5,8,0.48203437888867817,1,0,0,0,0,0,0,0
1511879400,227.75700275,229.62615441,227.66529204,229.59995135,227.06302013326788,225.8654353779358,223.24319387033094,0,0,0,0,0,4,0.5,8,0.5156588765004897,1,0,0,0,0,0,0,0
1511965800,229.73096665,230.26376222,229.01474966,229.46020169,227.54245644461432,226.19223231539618,223.48699809855324,0,0,0,0,0,-1,0.125,8,0.5179981826273657,1,0,0,0,0,0,0,0
1512052200,230.37730881,232.37747577,230.29869963,231.469103,228.32778575569145,226.67194783217835,223.8000218201786,0,0,0,0,0,1,0.125,8,0.5668473246943998,1,0,0,0,0,0,0,0
1512138600,231.25074417,231.73113361,227.75700275,230.98871356,228.85997131655316,227.06438108016212,224.08193130017162,0,0,0,0,0,-1,0.125,8,0.6503448331155374,1,0,0,0,0,0,0,0
1512397800,232.60456896,233.03255229,230.65680813,230.70921425,229.22981990324251,227.3957295501474,224.3418247491845,0,0,0,0,0,1,0.125,8,0.678177300235346,1,0,0,0,0,0,0,0
1512484200,230.9625105,231.59138395,229.74843536,229.87945066,229.359746054594,227.6215223783158,224.55898654960865,0,0,0,0,0,0,0,8,0.6892735765277939,1,0,0,1,0,0,0,0
1512570600,229.59995135,230.35110575,229.46020169,229.92312243,229.4724213296752,227.83075874665073,224.76934481942791,0,0,0,0,0,2,0.25,8,0.6675952590261551,1,0,0,1,0,0,0,0
1512657000,229.79210713,230.9625105,229.66109182,230.64807377,229.70755181774015,228.08687829422794,224.99988320964644,0,0,0,0,0,4,0.5,8,0.6582646073947366,1,0,0,0,0,0,0,0
1512743400,231.4516343,231.91455503,231.21580675,231.90582068,230.14720559019213,228.4340548747527,225.27070428691522,0,0,0,0,1,5,0.625,8,0.6469390857172836,1,1,0,0,0,0,0,0
1513002600,231.96696116,232.66570944,231.87900622,232.60456896,230.6386782641537,228.8131925188661,225.55830682311463,0,0,0,0,0,4,0.5,8,0.6230827542929389,1,0,0,0,0,0,0,0
1513089000,232.83166216,233.48673867,232.6351392,233.01508358,231.11395932732296,229.1951826153328,225.85072944103172,0,0,0,0,0,2,0.25,8,0.604599613421344,1,0,0,0,0,0,0,0
1513175400,233.25964548,233.69636315,232.90153698,232.98888052,231.48894356585836,229.54006424302983,226.1306569343246,0,0,0,0,0,2,0.25,8,0.5858444512258585,1,0,0,0,0,0,0,0
1513261800,233.28584854,233.39939513,231.98442986,232.03683598,231.5985220486867,229.7670434918453,226.3622717988609,0,0,0,0,0,-1,0.125,8,0.5897877242383507,1,0,0,0,0,0,0,0
1513348200,233.03881309,234.43467564,232.98613903,233.96938812,232.07269526294937,230.14907482167754,226.66059008596437,0,0,0,0,0,4,0.5,8,0.61634014506877,1,0,0,0,0,0,0,0
1513607400,235.36525067,235.80420115,235.25990255,235.45304076,232.74876436235948,230.63125354334323,227.00539207318147,0,0,0,0,0,3,0.375,8,0.6243716194225294,1,0,0,0,0,0,0,0
1513693800,235.69885304,235.74274808,234.47857068,234.54880276,233.1087720418876,230.98739438122112,227.30121210011552,0,0,0,0,0,-2,0.25,8,0.6205075656105407,1,0,0,0,0,0,0,0
1513780200,235.51449383,235.56716789,234.1274103,234.42589663,233.37219695951006,231.29998549474647,227.58061149344434,0,0,0,0,0,-1,0.125,8,0.6203564825192056,1,0,0,0,0,0,0,0
1513866600,235.04920632,235.61545244,234.66292989,234.90874216,233.67950599960804,231.62805428249678,227.8679891666426,0,0,0,0,0,2,0.25,8,0.6110320248817726,1,0,0,0,0,0,0,0
1513953000,234.92630018,234.95702671,234.3117695,234.84728909,233.91306261768642,231.9207119922698,228.1416872028527,0,0,0,0,0,0,0,8,0.5871607841961426,1,0,0,0,0,0,0,0
1514298600,234.44345465,234.78381685,234.29860099,234.56636078,234.04372225014913,232.16122551842707,228.39363518627025,0,0,0,0,0,1,0.125,8,0.5625819927662317,1,0,0,0,0,0,0,0
1514385000,234.73316197,235.04042731,234.40833861,234.68048791,234.1710753821193,232.39024937220643,228.64017843033807,0,0,0,0,0,3,0.375,8,0.5413820980683751,1,0,0,0,0,0,0,0
1514471400,235.18089146,235.20722849,234.79461503,235.16333344,234.36952699369544,232.64234792382402,228.89598843071695,0,0,0,0,0,1,0.125,8,0.5176789944959633,1,0,0,0,0,0,0,0
1514557800,235.74274808,235.7603061,234.08351525,234.27665346,234.35095228695636,232.79092115438547,229.10699490245355,0,0,0,0,0,-1,0.125,8,0.5336449123956157,1,0,0,1,0,0,0,0
1514903400,235.13699641,235.98856036,234.75071999,235.95344432,234.67145069356508,233.07842326035043,229.37548311490636,0,0,0,0,0,2,0.25,8,0.5438293648905592,1,0,0,0,0,0,0,0
1514989800,236.1202455,237.59511914,236.1202455,237.44587597,235.22633574885205,233.47546441577313,229.69196910922375,0,0,0,0,1,7,0.875,8,0.551195337073428,1,1,0,0,0,0,0,0
1515076200,238.08674368,238.92952861,237.51145517,238.44668308,235.87040521508163,233.9273933852483,230.0352912257248,0,0,0,0,0,3,0.375,8,0.5541199924959804,1,0,0,0,0,0,0,0
1515162600,239.23679395,240.15858997,238.74516941,240.03568384,236.7034609400653,234.48269251749846,230.42746348510812,0,0,0,0,0,3,0.375,8,0.5620758499288687,1,0,0,0,0,0,0,0
1515421800,239.93911473,240.6326565,239.64940741,240.47463432,237.45769561605223,235.02741449954405,230.82147018451565,0,0,0,0,0,1,0.125,8,0.5501804817130103,1,0,0,0,0,0,0,0
1515508200,240.89602679,241.64224262,240.61597638,241.01893293,238.16994307884178,235.57209799322186,231.22137068433855,0,0,0,0,0,-2,0.25,8,0.54433147625752,1,0,0,0,0,0,0,0
1515594600,240.26393809,240.91358481,239.59673335,240.65021452,238.66599736707343,236.03374495020168,231.5911292661292,0,0,0,0,0,-1,0.125,8,0.5484380995720559,1,0,0,0,0,0,0,0
1515681000,241.20329213,242.40601646,241.03649095,242.40601646,239.41400118565875,236.61304236018336,232.01524248941826,0,0,0,0,1,7,0.875,8,0.557312574665562,1,1,0,0,0,0,0,0
1515767400,242.66938676,244.1530394,242.37256844,243.98623821,240.328448590527,237.28333289198488,232.4846933019901,0,0,0,0,0,3,0.375,8,0.5662772753998622,1,0,0,0,0,0,0,0
1516113000,245.2416366,245.89128332,242.45869052,243.15223229,240.89320533042158,237.81686920089535,232.90302816426498,0,0,0,0,0,0,0,8,0.6284685666621764,1,0,0,0,0,0,0,0
1516199400,244.08280732,245.85616728,243.15223229,245.46989086,241.80854243633726,238.51259844263214,233.39584630919578,0,0,0,0,0,2,0.25,8,0.6567489935605325,1,0,0,0,0,0,0,0
1516285800,245.35576373,245.7771562,244.56565286,245.0572774,242.45828942906982,239.10756925693832,233.85315733236456,0,0,0,0,0,-1,0.125,8,0.6461777037110941,1,0,0,0,0,0,0,0
1516372200,245.63669204,246.17221163,245.0572774,246.17221163,243.20107386925585,239.7498094726712,234.33625750089928,0,0,0,0,0,3,0.375,8,0.629655192214422,1,0,0,0,0,0,0,0
1516631400,245.9615154,248.17382585,245.90884134,248.17382585,244.1956242654047,240.51562914333743,234.8789072400797,0,0,0,0,0,3,0.375,8,0.6451541976778471,1,0,0,0,0,0,0,0
1516717800,248.2177209,248.99027376,247.89289754,248.70056644,245.09661270032376,241.25971435212494,235.42093309105698,0,0,0,0,0,2,0.25,8,0.6293203638636635,1,0,0,0,0,0,0,0
1516804200,249.34143414,249.93840681,247.42761003,248.60399733,245.798089626259,241.9273764410227,235.93791600238808,0,0,0,0,0,-1,0.125,8,0.6567357855106755,1,0,0,0,0,0,0,0
1516890600,249.46434028,249.56090939,247.92362407,248.70934544,246.38034078900722,242.54391907729334,236.4387563724905,0,0,0,0,0,4,0.5,8,0.6565901158451085,1,0,0,0,0,0,0,0
1516977000,249.54335137,251.63143883,249.28876009,251.58886063,247.42204475720578,243.36618649117577,237.0328781080791,0,0,0,0,0,1,0.125,8,0.6856738427747039,1,0,0,0,0,0,0,0
1517236200,251.018225,251.45717549,249.76282661,249.92084879,247.92180556376462,243.96206488197797,237.53828872305638,0,0,0,0,0,0,0,8,0.6931354824134394,1,0,0,0,0,0,0,0
1517322600,248.09481476,249.97001124,246.88331142,247.35737795,247.8089200410117,244.27072970634362,237.9233510456816,0,0,0,0,0,-5,0.625,8,0.7394295851866681,1,0,0,0,0,1,0,0
1517409000,248.20894189,248.70934544,246.4092449,247.48028408,247.74319284880937,244.56250737667602,238.29813273330194,0,0,0,0,0,-1,0.125,8,0.7526584498610623,1,0,0,0,0,0,0,0
1517495400,246.75162628,248.49864921,246.4092449,247.19935577,247.6344254330475,244.80222086697822,238.64720030336852,0,0,0,0,0,1,0.125,8,0.7600649956721495,1,0,0,1,0,0,0,0
1517581800,245.88250431,246.01418946,241.78270677,241.81782281,246.471104908438,244.53091195270747,238.7715384408835,0,0,0,0,0,-3,0.375,8,0.8814792208560412,1,0,0,1,0,0,0,0
1517841000,240.06202087,242.1689832,231.16010501,231.70440361,243.51776464875041,243.36486573973406,238.4943958984959,0,0,0,0,0,-4,0.5,8,1.193618672630834,1,0,1,0,0,1,0,0
1517927400,228.20157873,236.76989222,227.11298153,236.26948867,242.06810945300032,242.71983146066734,238.4071446346333,0,0,0,0,0,0,0,8,1.3788910008503075,1,0,1,0,0,1,0,0
1518013800,235.71641106,239.10510881,234.90874216,234.98775325,240.65203821240024,242.01691525969758,238.27305085484377,0,0,0,0,0,-2,0.25,8,1.414938478633055,1,0,1,0,0,0,0,0
1518100200,235.28623958,235.42670373,226.13851145,226.17362749,237.7563560679202,240.57661637154325,237.7985636640656,0,0,0,0,0,-4,0.5,8,1.6584070102402662,1,0,1,0,0,1,0,0
1518186600,228.95657357,231.4234753,222.03871391,229.57110425,236.11930570433614,239.57611526958476,237.47591819684735,0,0,0,0,0,3,0.375,8,1.8091560159192328,1,0,1,0,0,1,0,0
1518445800,231.61661351,234.40833861,229.71543117,232.94224398,235.4838933594689,238.9730360614407,237.2981270510886,0,0,0,0,0,1,0.125,8,1.8039458475201382,0,0,1,1,1,0,0,0
1518532200,231.73951965,234.06595723,231.16010501,233.52165862,235.09144641157513,238.47745629403698,237.15003024986945,0,0,0,0,0,4,0.5,8,1.7598192496259175,0,0,1,1,1,0,0,0
1518618600,232.03800598,237.03326251,232.02922697,236.67332311,235.40782175126012,238.31344418639725,237.1313358522275,0,0,0,0,0,2,0.25,8,1.7633800970272486,0,0,1,1,1,0,0,0
1518705000,238.41156704,239.70208147,235.95344432,239.69330246,236.2649178930081,238.43888584763386,237.23180513096366,0,0,0,0,0,7,0.875,8,1.7285032320688565,0,0,1,1,1,0,0,0
1518791400,239.06999277,241.70369569,239.02609772,239.76353454,236.96464122240647,238.55930845603078,237.3310886372004,0,0,0,0,0,1,0.125,8,1.6843375739061635,0,0,1,1,1,0,0,0
1519137000,238.81540149,240.25515908,237.472213,238.26232387,237.22417775192517,238.5323098573007,237.36760766593764,0,0,0,0,0,-2,0.25,8,1.6573119940193732,0,0,1,1,1,0,0,0
1519223400,238.70127436,241.1769551,236.98058846,237.07715756,237.19477371354014,238.40002328481881,237.3562174657048,0,0,0,0,0,-4,0.5,8,1.6730574169838304,0,0,1,1,1,0,0,0
1519309800,237.99895358,239.71086048,236.71721816,237.3844229,237.23270355083213,238.307695977108,237.35732356116733,0,0,0,0,0,-1,0.125,8,1.6416206206317265,0,0,1,1,1,0,0,0
1519396200,238.60470525,241.16817609,238.13063873,241.16817609,238.0197980586657,238.56773962373455,237.50676875837647,0,0,0,0,0,5,0.625,8,1.6125121051302223,0,0,1,1,1,0,0,0
1519655400,242.23921528,244.0652493,241.65102163,243.96868019,239.20957448493257,239.0587342206678,237.76017704981268,1,0,1,0,0,5,0.625,8,1.5649646855027577,1,1,1,1,1,0,1,0
1519741800,244.1530394,244.86413919,240.86091075,240.92236382,239.55213235194606,239.22815509333435,237.88418437413375,0,0,0,0,0,-1,0.125,8,1.5902436530686934,1,0,1,1,1,0,0,0
1519828200,242.01974004,242.46746953,238.16575477,238.48179912,239.33806570555686,239.16030455030395,237.90762024652065,0,0,0,0,0,-3,0.375,8,1.6206088069487004,1,0,1,1,1,1,0,0
1519914600,238.27110288,239.8162086,233.52165862,235.01409028,238.47327062044548,238.7833759802763,237.79414848312769,0,0,0,0,0,-3,0.375,8,1.7183678350716742,1,0,1,1,1,0,0,0
1520001000,233.34607843,236.78745024,232.48573548,236.22559362,238.02373522035637,238.55085031116027,237.73263652771092,0,0,0,0,0,3,0.375,8,1.7175168039256228,0,0,1,1,1,0,0,0
1520260200,235.04042731,239.57039632,234.93507919,238.95586564,238.2101613042851,238.58766988650933,237.7806062968203,0,0,0,0,0,4,0.5,8,1.7151733506781872,1,0,1,1,1,0,0,0
1520346600,239.93033572,240.00934681,238.06918566,239.56161731,238.48045250542808,238.67621056137213,237.8504498659646,0,0,0,0,0,3,0.375,8,1.6464823486893863,1,0,1,1,1,0,0,0
1520433000,237.40198092,239.82498761,237.20884271,239.47382722,238.67912744834246,238.74872116670193,237.9141117229856,0,0,0,0,0,1,0.125,8,1.6074694791075528,1,0,1,1,1,0,0,0
1520519400,240.14981097,240.75556264,239.15778287,240.6326565,239.06983325867395,238.91998801518358,238.0207213220842,0,0,0,0,0,4,0.5,8,1.5328899303633114,1,0,1,1,1,0,0,0
1520605800,242.03729806,244.82024414,241.72125371,244.82024414,240.21991543493917,239.45637493562143,238.28736927572797,0,0,0,0,0,2,0.25,8,1.5212276813738201,1,0,1,1,1,0,0,0
1520861400,245.10995146,245.73326115,244.12679016,244.5129788,241.07852810795134,239.91606619601947,238.53151082569943,1,0,1,0,0,5,0.625,8,1.461272831304271,1,1,1,1,1,0,1,0
1520947800,245.67180808,246.17221163,242.32700538,242.93275705,241.44937389636107,240.19031081910862,238.70410871684848,0,0,0,0,0,-2,0.25,8,1.4787815986483561,1,0,1,1,1,0,0,0
1521034200,243.88966911,244.07402831,241.13306005,241.68613767,241.49672665108886,240.32629507828057,238.82105102873678,0,0,0,0,0,1,0.125,8,1.4671552519391102,1,0,1,1,1,0,0,0
1521120600,242.19532023,242.83618794,240.92236382,241.42276737,241.48193479487108,240.42597437752778,238.92307912055102,0,0,0,0,0,-2,0.25,8,1.4204680341301237,1,0,1,1,1,0,0,0
1521207000,241.94877393,242.73323443,241.63146406,241.68434904,241.52241764389686,240.54037207411616,239.03136421543138,0,0,0,0,0,2,0.25,8,1.3563086176284191,1,0,1,1,1,0,0,0
1521466200,240.93514518,240.96158767,236.76604609,238.41429457,240.9007930291175,240.3470923010147,239.00716540580663,0,0,0,0,0,0,0,8,1.4240552064176712,0,0,1,1,1,0,0,0
1521552600,238.8109319,239.4543658,238.14105552,238.81974607,240.484583637294,240.20824264364973,238.99981562793187,0,0,0,0,0,1,0.125,8,1.359371788574287,1,0,1,1,1,1,0,0
1521639000,238.77567525,240.86463188,238.14986968,238.36140959,240.0599488278352,240.04034872968157,238.97478009703258,0,0,0,0,0,0,0,8,1.3460529050740857,1,0,1,1,1,0,0,0
1521725400,236.14024052,236.98640017,232.12979636,232.40303541,238.52856614426815,239.3460475188014,238.71706461910972,0,0,0,0,0,0,0,8,1.473478789125503,1,0,1,0,0,0,0,0
1521811800,232.84374356,233.59294742,227.25556423,227.44947582,236.31274807941452,238.26454100072857,238.27519839169366,0,0,0,0,0,-5,0.625,8,1.5970487393271209,1,0,1,0,0,1,0,0
1522071000,231.04565431,233.9543281,228.64820198,233.67227488,235.7846534395316,237.8470622624805,238.09469158731352,0,0,0,0,0,3,0.375,8,1.6423208569124028,1,0,1,1,1,0,0,0
1522157400,234.60657616,235.13542594,228.14579469,229.69708738,234.5671402276253,237.1061554549823,237.76537377526202,0,0,0,0,0,-1,0.125,8,1.7687599690552753,1,0,1,0,0,0,0,0
1522243800,229.82929982,231.49517663,227.91662645,229.01839683,233.45739154810022,236.370904670893,237.42235507152625,0,0,0,0,0,-4,0.5,8,1.7588986821340518,1,0,1,0,0,0,0,0
1522330200,230.15542385,233.80448733,229.02624143,231.94469894,233.15485302648017,235.96852233172092,237.20754502715266,0,0,0,0,0,4,0.5,8,1.7600473329919728,1,0,1,1,1,0,0,0
1522675800,231.41584916,231.92707061,224.47028873,226.93825436,231.91153329318414,235.14758887974628,236.80482774608785,0,0,0,0,0,-2,0.25,8,1.9056405805488466,1,0,1,0,0,0,0,0
1522762200,228.17223718,230.32289295,226.38296209,229.84692815,231.49861226454732,234.66571063158753,236.53196893839814,0,0,0,0,0,2,0.25,8,1.8695699669891426,1,0,1,1,1,1,0,0
1522848600,226.30363463,233.00680558,226.17142218,232.30607962,231.66010573563784,234.4511987214432,236.36624778865703,1,0,1,0,0,5,0.625,8,1.9278236683681,1,1,1,1,1,0,1,0
1522935000,234.06009805,235.02084182,232.97595601,234.13942552,232.15596969251027,234.42285570313018,236.2789214251803,0,0,0,0,0,2,0.25,8,1.858923913827095,1,0,1,1,1,0,0,0
1523021400,232.18268134,233.67227488,227.405405,228.92144103,231.5090639600082,233.922727096482,235.99039278223205,0,0,0,0,0,-2,0.25,8,1.9756053580174644,1,0,1,1,1,0,0,0
1523280600,230.37577793,233.43429248,229.11147439,230.0496539,231.21718194800656,233.57062953316546,235.75742262998764,0,0,0,0,0,3,0.375,8,1.9656143696150457,1,0,1,1,1,0,0,0
1523367000,232.93188519,234.49199204,231.79485817,233.70753153,231.71525186440525,233.58307516924134,235.67703474371362,0,0,0,0,0,3,0.375,8,1.9324181880563365,0,0,1,1,1,0,0,0
1523453400,232.22675215,234.13942552,232.15623885,232.48236288,231.8686740675242,233.48301041567396,235.55175349415623,0,0,0,0,0,0,0,8,1.8647766565411636,1,0,1,1,1,0,0,0
1523539800,233.80448733,235.33815169,233.62820407,234.39503625,232.37394650401936,233.56592185515814,235.5063920336011,0,0,0,0,0,3,0.375,8,1.8044746959068232,0,0,1,1,1,0,0,0
1523626200,235.69953237,235.81411649,232.70271695,233.70753153,232.6406635092155,233.57879546196193,235.43584848444027,0,0,0,0,0,0,0,8,1.7756071839134129,0,0,1,1,1,0,0,0
1523885400,235.33815169,236.39585125,234.51843453,235.62901907,233.2383346213724,233.76517942632904,235.44342380152105,0,0,0,0,0,6,0.75,8,1.716826496797041,0,0,1,1,1,0,0,0
1523971800,237.39185166,238.74923276,236.88063021,238.14986968,234.2206416330979,234.1637876312082,235.5495589340104,1,0,1,0,0,6,0.75,8,1.670906175919327,1,1,1,1,1,0,1,0
1524058200,238.59057783,239.12824177,237.86781646,238.32615294,235.04174389447832,234.542184477462,235.65844497346097,0,0,0,0,0,1,0.125,8,1.588184214358999,0,0,1,1,1,0,0,0
1524144600,237.67390488,237.87663063,235.97277142,237.00402849,235.43420081358266,234.76598847860183,235.71121295450172,0,0,0,0,0,-2,0.25,8,1.55389582749656,0,0,1,1,1,0,0,0
1524231000,236.93351519,237.15386926,234.11298303,234.99439933,235.34624051686612,234.7867531014562,235.68310261628596,0,0,0,0,0,-4,0.5,8,1.547673069210373,0,0,1,1,1,0,0,0
1524490200,235.56731992,236.12261219,233.88381479,234.95914268,235.2688209494929,234.80242488132384,235.65471203054926,0,0,0,0,0,-1,0.125,8,1.505401025981239,0,0,1,1,1,0,0,0
1524576600,235.98158558,236.19859028,230.29645046,231.79485817,234.57402839359432,234.52900972574895,235.5033452124885,0,0,0,0,0,-1,0.125,8,1.5988320050588674,1,0,1,1,1,0,0,0
1524663000,231.73315903,232.80848691,229.91744145,232.36777876,234.13277846687546,234.33253418340814,235.38038182219483,0,0,0,0,0,-1,0.125,8,1.5698383907079154,1,0,1,1,1,0,0,0
1524749400,233.39022167,235.55427496,232.94951352,234.72997444,234.25221766150037,234.3686651158256,235.35487565034407,0,0,0,0,0,3,0.375,8,1.5400029058514846,1,0,1,1,1,0,0,0
1524835800,235.33815169,235.63783323,234.01602724,234.95032852,234.3918398332003,234.4215436071142,235.33901105699724,0,0,0,0,0,3,0.375,8,1.4779669707477743,0,0,1,1,1,0,0,0
1525095000,235.56731992,236.12261219,233.0729118,233.1434251,234.14215688656023,234.30535101555836,235.2529096469189,0,0,0,0,0,0,0,8,1.4764684522531963,1,0,1,1,1,0,0,0
1525181400,232.57931867,233.66346072,231.02802599,233.55769076,234.02526366124818,234.23738190141668,235.18643047488288,0,0,0,0,0,1,0.125,8,1.4491737149199986,1,0,1,1,1,0,0,0
1525267800,233.36377918,234.17468217,231.60094658,231.98876975,233.61796487899855,234.03296261492426,235.06103201508355,0,0,0,0,0,-2,0.25,8,1.434006367385645,1,0,1,1,1,0,0,0
1525354200,231.16023843,232.12979636,228.33089211,231.4775483,233.18988156319884,233.8006522226584,234.920503241943,0,0,0,0,0,2,0.25,8,1.4517434715549564,1,0,1,1,1,0,0,0
1525440600,230.50799037,235.15234913,230.18186634,234.47436371,233.44677799255908,233.86189872150766,234.9030075740237,0,0,0,0,0,5,0.625,8,1.4822353089942588,0,0,1,1,1,0,0,0
1525699800,235.24119589,236.23719631,234.55369118,235.26763838,233.81095007004726,233.98969323591606,234.91730682131688,0,0,0,0,0,4,0.5,8,1.4252411316406897,1,0,1,1,1,0,0,0
1525786200,234.89744354,235.62461198,233.70753153,235.26763838,234.1022877320378,234.10587006719643,234.93104531381425,0,0,0,0,0,1,0.125,8,1.381641828811435,1,0,1,1,1,0,0,0
1525872600,235.93751477,237.86340938,235.41747915,237.54169243,234.79016867163025,234.41821755472404,235.03342363209606,0,0,0,0,0,1,0.125,8,1.3487256507886893,1,0,1,1,1,0,0,0
1525959000,238.28208212,240.08898554,238.17631217,239.76286151,235.7847072393042,234.90409427793094,235.21889178417072,0,0,0,0,0,7,0.875,8,1.316673227342457,0,0,1,0,0,0,0,0
1526045400,239.88625979,240.75886192,239.37503833,240.49443703,236.72665319744337,235.41230725539177,235.42577591145815,0,0,0,0,0,2,0.25,8,1.2600065099179825,0,0,1,0,0,0,0,0
1526304600,240.92633102,241.57857908,240.06254305,240.60902115,237.5031267879547,235.88473579126523,235.62904043061664,0,0,0,0,0,2,0.25,8,1.2144547718316936,1,0,1,0,0,0,0,0
1526391000,239.3838525,239.40148082,238.00884307,238.95195851,237.79289313236376,236.16357422024112,235.75935094353363,0,0,0,0,0,-2,0.25,8,1.2132539987673945,1,0,1,1,1,0,0,0
1526477400,238.98721516,240.41510957,238.96077267,239.95677309,238.225669123891,236.5084104811283,235.92395573359113,0,0,0,0,0,1,0.125,8,1.165429418469769,1,0,1,1,1,0,0,0
1526563800,239.6923482,240.82937523,238.978401,239.75404734,238.5313447671128,236.80346837738935,236.07415540443068,0,0,0,0,0,2,0.25,8,1.1382445403500328,1,0,1,1,1,0,0,0
1526650200,239.41029499,239.77167567,238.80211774,239.15468426,238.65601266569024,237.0172152758085,236.19496045759027,0,0,0,0,0,0,0,8,1.0885481218471866,1,0,1,1,1,0,0,0
1526909400,240.63546364,241.49043745,239.17337028,240.95277351,239.1153648345522,237.37499329709863,236.38154136160634,1,0,1,0,0,5,0.625,8,1.072493299136121,1,1,1,1,1,0,1,0
1526995800,241.47280912,241.72841985,239.95677309,240.28289712,239.34887129164176,237.63934819008966,236.53453570507276,0,0,0,0,0,0,0,8,1.0513285361785047,1,0,1,1,1,0,0,0
1527082200,239.01365765,240.97040183,238.85500272,240.94395935,239.6678889033134,237.93976738644514,236.70745427938363,0,0,0,0,0,2,0.25,8,1.0362668637917554,1,0,1,1,1,0,0,0
1527168600,240.54732201,240.82056106,238.6699053,240.45036622,239.82438436665072,238.16800364404105,236.85423513979995,0,0,0,0,0,1,0.125,8,1.0317765051738763,1,0,1,1,1,0,0,0
1527255000,239.87744562,240.5032512,239.37503833,239.87744562,239.83499661732057,238.32340746003732,236.97279241353328,0,0,0,0,0,3,0.375,8,0.9939613655672228,1,0,0,1,0,0,0,0
1527600600,238.25563963,239.01365765,236.00802807,237.11861261,239.29171981585645,238.21388065548848,236.9785108526104,0,0,0,0,0,-3,0.375,8,1.0502632871755624,0,0,1,1,1,0,0,0
1527687000,238.42310873,240.72360527,238.35259543,240.28289712,239.48995527668515,238.40197306135317,237.10809462780216,0,0,0,0,0,2,0.25,8,1.0695666188892525,1,0,1,1,1,1,0,0
1527773400,239.87744562,240.17712717,238.20716174,238.8109319,239.35415060134812,238.4391511375938,237.1748725600452,0,0,0,0,0,2,0.25,8,1.0613760630672435,1,0,1,1,1,0,0,0
1527859800,240.10661386,241.4551808,240.03610056,241.15549926,239.7144203330785,238.68609187599435,237.33097556788655,0,0,0,0,0,4,0.5,8,1.0543024220144004,1,0,1,1,1,0,0,0
1528119000,241.97521641,242.55254409,241.73723401,242.30134044,240.23180435446278,239.0147508363585,237.5258918373812,0,0,0,0,0,4,0.5,8,1.0155492528197225,1,0,1,1,1,0,0,0
1528205400,242.43355289,242.85663271,241.66672071,242.4776237,240.68096822357023,239.3295574603259,237.72007740062116,0,0,0,0,0,4,0.5,8,0.977376633034558,1,0,0,1,0,0,0,0
1528291800,243.08580095,244.61065115,242.46880954,244.50488119,241.4457508168562,239.8000414357508,237.98614813745954,0,0,0,0,0,4,0.5,8,0.9626099632328005,1,0,0,0,0,0,0,0
1528378200,244.98966016,245.28052753,243.57057991,244.4784387,242.05228839348496,240.22535027795527,238.24074776736308,0,0,0,0,0,2,0.25,8,0.9439078408778598,1,0,0,0,0,0,0,0
1528464600,244.02010223,245.25408504,243.85263313,245.20120007,242.68207072878798,240.67770025905025,238.51370668119196,0,0,0,0,0,2,0.25,8,0.9147274296409184,1,0,0,0,0,0,0,0
1528723800,245.42155414,246.2412713,245.30697002,245.5273241,243.25112140303037,241.11857515368206,238.78875050153738,0,0,0,0,0,0,0,8,0.8785191975135377,1,0,0,0,0,0,0,0
1528810200,245.94158976,246.20601465,245.20120007,245.84463396,243.7698239144243,241.54821686334733,239.06545181363396,0,0,0,0,0,3,0.375,8,0.8439091597292253,1,0,0,0,0,0,0,0
1528896600,246.08261637,246.33822709,244.85744771,245.06017346,244.02789382353944,241.8674856448612,239.30053893702086,0,0,0,0,0,-1,0.125,8,0.8292992165753008,1,0,0,0,0,0,0,0
1528983000,245.92396143,246.20601465,245.08652781,245.67716487,244.35774803283155,242.21382011987382,239.55060269909848,0,0,0,0,0,3,0.375,8,0.8014439974197836,1,0,0,0,0,0,0,0
1529069400,244.89411383,245.69980306,243.78739784,245.3633614,244.55887070626525,242.50014205443074,239.77855402070244,0,0,0,0,0,1,0.125,8,0.8008224631333108,1,0,0,1,0,0,0,0
1529328600,243.91135003,244.9826511,243.43324872,244.85869891,244.6188363470122,242.71455631402793,239.9777753889102,0,0,0,0,0,2,0.25,8,0.8014574670842116,1,0,0,1,0,0,0,0
1529415000,242.59214457,244.14154695,242.17601936,243.92020376,244.47910982960977,242.8241606272981,240.1323804230706,0,0,0,0,0,2,0.25,8,0.8256323571702041,1,0,0,1,0,0,0,0
1529501400,244.6019408,245.00035856,243.99988731,244.33632897,244.4505536576878,242.96163047663464,240.29724115040116,0,0,0,0,0,1,0.125,8,0.7969298647206019,1,0,0,1,0,0,0,0
1529587800,244.32747524,244.3451827,242.30882528,242.80463404,244.12136973415025,242.94735807330423,240.3955702833266,0,0,0,0,0,0,0,8,0.8045803342835802,0,0,0,1,0,0,0,0
1529674200,244.0618634,244.172535,243.02597724,243.24732044,243.9465598753202,242.9746273793675,240.507403622804,0,0,0,0,0,1,0.125,8,0.7859184894729235,1,0,0,1,0,0,0,0
1529933400,242.09633581,242.25233849,238.2538179,239.9360262,243.14445314025616,242.6983909085159,240.48499666504696,0,0,0,0,0,1,0.125,8,0.8885087495135681,1,0,0,1,0,0,0,0
1530019800,240.50266479,241.31720775,239.75009791,240.46724987,242.60901248620493,242.49555990501446,240.4843007123,0,0,0,0,0,4,0.5,8,0.869770756549949,1,0,0,1,0,1,0,0
1530106200,241.05159592,242.47261924,238.32464772,238.4751611,241.78224220896394,242.1300691045586,240.40551092358237,0,0,0,0,0,-2,0.25,8,0.938631782005835,1,0,0,0,0,0,0,0
1530192600,238.42203873,240.60005579,237.7137405,239.83863519,241.39352080517114,241.92175693050783,240.38328050265758,0,0,0,0,0,1,0.125,8,0.9525917519569493,0,0,0,1,0,0,0,0
1530279000,240.92764372,242.29111782,240.06838943,240.18393058,241.1516027601369,241.7637727168253,240.3754628586318,0,0,0,0,0,1,0.125,8,0.9562124889363603,0,0,0,1,0,0,0,0
1530538200,238.61682074,240.8568139,238.37777009,240.6974468,241.06077156810952,241.66683399711388,240.38808967986193,0,0,0,0,0,5,0.625,8,0.9595845581249831,0,0,0,1,0,0,0,0
1530624600,241.59167332,241.68906432,239.42250998,239.84748892,240.8181150384876,241.50143899010354,240.36688965006343,0,0,0,0,0,1,0.125,8,0.9617002988092183,0,0,0,1,0,0,0,0
1530797400,240.97191236,241.86613888,239.90061129,241.80416279,241.0153245887901,241.52895933554868,240.42325330260996,0,0,0,0,0,5,0.625,8,0.9454118283133623,0,0,0,1,0,0,0,0
1530883800,241.83072397,244.2212305,241.45444053,243.84937393,241.58213445703208,241.73990611686244,240.5576109742723,0,0,0,0,1,6,0.75,8,0.9515644982939689,1,1,0,1,0,0,0,0
1531143000,244.84984519,246.09822082,244.80557655,246.04509845,242.47472725562568,242.13128723805676,240.77280656155574,0,0,0,0,1,5,0.625,8,0.940995893650216,1,1,0,0,0,0,0,0
1531229400,246.49663858,247.02786225,246.20446556,246.93047124,243.36587605250054,242.56757669277886,241.01428360776924,0,0,0,0,0,2,0.25,8,0.8990769516203121,1,0,0,0,0,0,0,0
1531315800,245.38106886,246.16905064,244.823284,245.12431075,243.71756299200044,242.80000706161715,241.17546114275868,0,0,0,0,0,-2,0.25,8,0.9024115600788203,1,0,0,1,0,0,0,0
1531402200,246.38154011,247.39971882,245.77948662,247.34659645,244.44336968360034,243.21333336965196,241.417466448925,0,0,0,0,0,2,0.25,8,0.8961340666269382,1,0,0,0,0,0,0,0
1531488600,247.1695219,247.84240522,246.71798177,247.54137847,245.06297144088026,243.60679201513815,241.6576198615162,0,0,0,0,0,2,0.25,8,0.8639151883457631,1,0,0,0,0,0,0,0
1531747800,247.58564711,247.72996287,246.87734888,247.32003527,245.51438420670422,243.94435958376195,241.87967536773124,0,0,0,0,0,2,0.25,8,0.8275492786177412,1,0,0,0,0,0,0,0
1531834200,246.54976094,248.71007055,246.49663858,248.32050652,246.0756086693634,244.34219112341995,242.1322569815457,0,0,0,0,1,5,0.625,8,0.8290112517055553,1,1,0,0,0,0,0,0
1531920600,248.40019008,248.94912121,247.95750368,248.84287647,246.6290622294907,244.7513443367454,242.39541853011255,0,0,0,0,0,2,0.25,8,0.7966438827114163,1,0,0,0,0,0,0,0
1532007000,248.17884688,248.55955718,247.42628001,247.90438131,246.88412604559255,245.03798406158674,242.61145628618658,0,0,0,0,0,1,0.125,8,0.7833575217541016,1,0,0,1,0,0,0,0
1532093400,247.70074557,248.32936025,247.46169492,247.62106202,247.03151324047406,245.2728093305334,242.80791141300278,0,0,0,0,0,-2,0.25,8,0.7532642863865384,1,0,0,1,0,0,0,0
1532352600,247.41742628,248.28509161,247.07213089,248.08145587,247.24150176637926,245.52814083412127,243.01471707798308,0,0,0,0,0,2,0.25,8,0.7330856588929207,1,0,0,1,0,0,0,0
1532439000,249.48919861,250.17093566,248.46216617,249.32983151,247.6591677151034,245.87374907738297,243.2623686243367,0,0,0,0,0,4,0.5,8,0.7371739593117057,1,0,0,0,0,0,0,0
1532525400,249.08192712,251.77346041,249.03765848,251.4547262,248.4182794120827,246.38111063398452,243.5836375488725,0,0,0,0,0,4,0.5,8,0.7564477769408706,1,0,0,0,0,0,0,0
1532611800,250.73757424,251.54326348,250.64018324,250.86152643,248.90692881566616,246.788421160895,243.86904495597554,0,0,0,0,0,0,0,8,0.7297904410605028,1,0,0,0,0,0,0,0
1532698200,251.18911437,251.28650537,248.24082297,249.16161068,248.95786518853294,247.00416566263183,244.0765965529961,0,0,0,0,0,-3,0.375,8,0.7695982381284326,1,0,0,1,0,0,0,0
1532957400,249.24129423,249.40066133,247.33774273,247.86011267,248.73831468482635,247.08197902693803,244.2249697340551,0,0,0,0,0,-3,0.375,8,0.7778287883482152,1,0,0,1,0,0,0,0
1533043800,248.62153327,249.69283435,248.24082297,249.08192712,248.80703717186108,247.26379248994365,244.41543865115096,0,0,0,0,0,4,0.5,8,0.7712831401159541,1,0,0,1,0,0,0,0
1533130200,249.28556287,249.79022536,248.02080783,248.66580191,248.77879011948886,247.39124789176697,244.5821195632627,0,0,0,0,0,1,0.125,8,0.7682160192791496,1,0,0,1,0,0,0,0
1533216600,247.36430391,250.18864311,247.16066817,250.02042228,249.0271165515911,247.6302637452427,244.79538633646808,0,0,0,0,1,5,0.625,8,0.7959850270161952,1,1,0,1,0,0,0,0
1533303000,250.14437447,251.14280937,249.96729991,251.09172336,249.44003791327287,247.94494189203883,245.0423015138615,0,0,0,0,0,4,0.5,8,0.7694153621256133,1,0,0,0,0,0,0,0
1533562200,251.12713827,252.32239154,250.7389023,252.01251106,249.9545325426183,248.31472090730801,245.31564306469048,0,0,0,0,1,6,0.75,8,0.7567279364411829,1,1,0,0,0,0,0,0
1533648600,252.67654065,253.22547178,252.54373473,252.84476148,250.53257833009462,248.72654277755274,245.61090261038888,0,0,0,0,0,3,0.375,8,0.7346291550740496,1,0,0,0,0,0,0,0
1533735000,252.67654065,253.1369345,252.2781229,252.73851675,250.9737660140757,249.09126768413884,245.89041689037361,0,0,0,0,0,1,0.125,8,0.7067140061079338,1,0,0,0,0,0,0,0
1533821400,252.80049284,253.19005687,252.25598858,252.39322136,251.25765708326057,249.39144529103532,246.14542883035895,0,0,0,0,0,1,0.125,8,0.6835668286904211,1,0,0,0,0,0,0,0
1533907800,250.95891744,251.49456798,249.9938611,250.70215933,251.14655753260845,249.5106011127594,246.32412414407037,0,0,0,0,0,0,0,8,0.7073832931131869,1,0,0,1,0,0,0,0
1534167000,250.9766249,251.58753212,249.47149115,249.76366417,250.86997886008677,249.5336068452358,246.45900806665585,0,0,0,0,0,-3,0.375,8,0.7198395940507787,1,0,0,1,0,1,0,0
1534253400,250.48966986,251.59638585,250.10302756,251.3573352,250.96745012806943,249.69940033203255,246.651099326787,0,0,0,0,0,3,0.375,8,0.7162652200520023,1,0,0,1,0,0,0,0
1534339800,250.01156855,250.1532282,248.04604096,249.48034488,250.67002907845554,249.6794862000296,246.76205013279537,0,0,0,0,0,-1,0.125,8,0.7649128621444596,0,0,0,1,0,0,0,0
1534426200,250.9146488,252.36666018,250.87923389,251.49899484,250.83582223076442,249.84489607639054,246.9478126703328,0,0,0,0,0,3,0.375,8,0.7865498491850528,1,0,0,1,0,0,0,0
1534512600,251.2953591,252.82714256,250.88808762,252.38436763,251.14553131061155,250.07575712671868,247.16101090404524,0,0,0,0,0,4,0.5,8,0.7826837335365479,1,0,0,1,0,0,0,0
1534771800,252.83590776,253.19005687,252.38436763,252.92444503,251.50131405448923,250.3347287542897,247.3870279285925,0,0,0,0,0,4,0.5,8,0.7479793683456016,1,0,0,1,0,0,0,0
1534858200,253.43796125,254.37645641,252.96295875,253.5176448,251.9045802035914,250.62408475844518,247.62744427649082,0,0,0,0,0,3,0.375,8,0.7338375109607016,1,0,0,0,0,0,0,0
1534944600,253.11037332,253.88950138,252.84033462,253.36713143,252.19709044887313,250.87345263767745,247.85253004721667,0,0,0,0,1,5,0.625,8,0.7114031689165771,1,1,0,1,0,0,0,0
1535031000,253.19005687,254.04886848,252.71195556,253.03068977,252.3638103130985,251.06956510425223,248.05559513438465,0,0,0,0,0,2,0.25,8,0.6992070060844371,1,0,0,1,0,0,0,0
1535117400,253.60618208,254.69519062,253.55305972,254.55353097,252.8017544444788,251.38628927386566,248.31041614754602,0,0,0,0,0,4,0.5,8,0.6920859433326192,1,0,0,0,0,0,0,0
1535376600,255.74878424,256.66957194,255.58941713,256.5633272,253.55406899558304,251.8569290853324,248.6340597182305,0,0,0,0,1,5,0.625,8,0.6965286928333522,1,1,0,0,0,0,0,0
1535463000,257.02372105,257.12775236,256.22688554,256.68727939,254.18071107446644,252.2960518403022,248.94987225437833,0,0,0,0,0,2,0.25,8,0.6715328121500269,1,0,0,0,0,0,0,0
1535549400,256.89976886,258.29865787,256.6566455,258.06846095,254.95826104957314,252.82081630482017,249.30746396793214,0,0,0,0,0,4,0.5,8,0.6656767204831948,1,0,0,0,0,0,0,0
1535635800,257.59035964,257.96221621,256.43052128,257.02372105,255.37135304965852,253.20289855438196,249.61006228487597,0,0,0,0,0,1,0.125,8,0.6661603408479407,1,0,0,0,0,0,0,0
1535722200,256.61644957,257.47526118,256.12949454,257.03257478,255.70359739572683,253.55105093852904,249.90114120625339,0,0,0,0,0,0,0,8,0.6559545978306738,1,0,0,0,0,0,0,0
1536067800,256.61644957,256.9440375,255.58941713,256.58988839,255.88085559458148,253.82730888866277,250.1634450173807,0,0,0,0,0,-2,0.25,8,0.6503256643476343,1,0,0,0,0,0,0,0
1536154200,256.23573927,256.43937501,254.88997263,255.89929761,255.8845439976652,254.01567149969344,250.3883804131697,0,0,0,0,0,-1,0.125,8,0.6529528448621502,1,0,0,1,0,0,0,0
1536240600,256.00554235,256.30656909,254.10199085,255.12902328,255.73343985413214,254.11688529790314,250.57428797657482,0,0,0,0,0,-2,0.25,8,0.6698655729124687,1,0,0,1,0,0,0,0
1536327000,254.08428339,255.60712459,253.84523274,254.63321452,255.5133947873057,254.16382431809376,250.73346156651306,0,0,0,0,0,-3,0.375,8,0.6726529964788077,1,0,0,1,0,0,0,0
1536586200,255.6425395,255.90815134,254.8811189,255.07590092,255.42589601384458,254.2467403728125,250.90375330586548,0,0,0,0,0,1,0.125,8,0.6592242334978973,1,0,0,1,0,0,0,0
1536672600,254.42957878,256.35969146,254.07985653,255.91700507,255.52411782507565,254.39858261801135,251.10035141426292,0,0,0,0,0,4,0.5,8,0.6737570171070456,1,0,0,1,0,0,0,0
1536759000,255.92585879,256.58103466,255.19099938,255.97898116,255.61509049206052,254.5422552127376,251.29167022782124,0,0,0,0,0,2,0.25,8,0.6642676929205023,1,0,0,1,0,0,0,0
1536845400,257.04142851,257.67748032,256.75368235,257.49296863,255.9906661196484,254.81050188703418,251.5348584004557,0,0,0,0,0,4,0.5,8,0.6603096506539183,1,0,0,0,0,0,0,0
1536931800,257.69660437,257.88253266,256.75810922,257.53723727,256.29998034971874,255.05838692184926,251.7702458071045,0,0,0,0,0,4,0.5,8,0.6442254350497589,1,0,0,1,0,0,0,0
1537191000,257.4841149,257.51952982,255.89929761,256.17376318,256.274736915775,255.15978476349932,251.94293276290432,0,0,0,0,0,-3,0.375,8,0.647063718608095,1,0,0,1,0,0,0,0
1537277400,256.38625264,258.15699823,256.35969146,257.56379846,256.53254922462,255.37833146318118,252.1633588686728,0,0,0,0,0,2,0.25,8,0.6526020350908189,1,0,0,1,0,0,0,0
1537363800,257.61692082,258.25438923,257.48854177,257.83826402,256.793692183696,255.60196169561925,252.38590416872484,0,0,0,0,0,1,0.125,8,0.6265587023061354,1,0,0,1,0,0,0,0
1537450200,259.09549338,260.24647801,257.8526956,259.92774381,257.4205025089568,255.9952146151084,252.68166258602974,0,0,0,0,1,5,0.625,8,0.643305676884926,1,1,0,0,0,0,0,0
1537536600,260.66825028,260.78386962,259.52984447,259.68993278,257.87438856316544,256.331098084644,252.95649671128348,0,0,0,0,0,0,0,8,0.6323946742492998,1,0,0,0,0,0,0,0
1537795800,259.11183608,259.25413681,258.24913792,258.82723463,258.06495777653237,256.55801958876725,253.18672172770374,0,0,0,0,0,-1,0.125,8,0.6289425302388949,1,0,0,1,0,0,0,0
1537882200,259.28081819,259.38754374,258.34990463,258.58710215,258.1693866512259,256.7424816397884,253.39850135210753,0,0,0,0,0,1,0.125,8,0.6132227285727663,1,0,0,1,0,0,0,0
1537968600,258.72940288,259.91227767,257.39533356,257.81334195,258.09817771098074,256.83983257708036,253.57163235594646,0,0,0,0,0,0,0,8,0.6408633643096616,1,0,0,1,0,0,0,0
1538055000,258.2847131,259.61878242,258.00900545,258.53373938,258.1852900447846,256.9938241046185,253.7662247882623,0,0,0,0,0,2,0.25,8,0.6433105311797053,1,0,0,1,0,0,0,0
1538141400,257.9111737,259.05847331,257.87559851,258.56042076,258.2603161878277,257.13624198238045,253.95423247342848,0,0,0,0,0,2,0.25,8,0.6299756267541881,1,0,0,1,0,0,0,0
1538400600,259.79665833,260.52594955,258.79165944,259.4586941,258.49999177026217,257.3473739930731,254.17009371368619,0,0,0,0,0,1,0.125,8,0.6370628136327084,1,0,0,1,0,0,0,0
1538487000,259.30749958,260.01455632,258.93396017,259.30749958,258.6614933322097,257.5255672282483,254.37156061040437,0,0,0,0,0,1,0.125,8,0.6216692351077945,1,0,0,1,0,0,0,0
1538573400,260.35696744,260.77497583,259.09404849,259.44980031,258.8191547277678,257.7004975084075,254.57070726529048,0,0,0,0,0,1,0.125,8,0.6232249291925179,1,0,0,1,0,0,0,0
1538659800,258.96953535,259.02289813,255.83891936,257.42201495,258.53972677221424,257.67518091218864,254.68252325292616,0,0,0,0,0,-2,0.25,8,0.6834609919302541,0,0,0,1,0,0,0,0
1538746200,257.64435983,258.16019997,254.55821282,255.98122009,258.0280254357714,257.52118447380786,254.73345254065455,0,0,0,0,0,-4,0.5,8,0.7387236922917799,1,0,0,1,0,1,0,0
1539005400,255.29639784,256.33697191,253.91785955,255.98122009,257.6186643666171,257.3811877116435,254.78238460141318,0,0,0,0,0,0,0,8,0.7534602208764022,1,0,0,1,0,0,0,0
1539091800,255.59878688,256.90617481,255.04737157,255.60768068,257.2164676292937,257.2199597996759,254.81474915351464,0,0,0,0,0,2,0.25,8,0.7526076074908079,1,0,0,1,0,0,0,0
1539178200,255.10073434,255.1718847,247.14078743,247.51432684,255.27603947143493,256.33762953061444,254.5284580823964,0,0,0,0,0,-2,0.25,8,0.9660419236865814,1,0,0,0,0,1,0,0
1539264600,246.4292838,248.04795456,240.45265327,242.06243024,252.63331762514795,255.03988414055857,254.0395942454397,0,0,0,0,0,-3,0.375,8,1.1413672848457024,1,0,1,0,0,1,0,0
1539351000,246.15357614,246.43817759,242.24030615,245.42428491,251.19151108211835,254.16573875596234,253.70173897738323,0,0,0,0,0,1,0.125,8,1.1726754693518164,1,0,1,0,0,0,0,0
1539610200,245.06853309,246.39370861,243.95680867,244.04574662,249.76235818969468,253.24573947087484,253.32307261042703,0,0,0,0,0,-1,0.125,8,1.1663883132148913,1,0,1,0,0,0,0,0
1539696600,246.00238161,249.75556329,245.53101046,249.38202388,249.68629132775575,252.89449259897714,253.16852167982205,0,0,0,0,0,4,0.5,8,1.2234411023177836,1,0,1,1,1,0,0,0
1539783000,249.41759906,250.04905854,246.85618598,249.42649286,249.6343316342046,252.57921989543377,253.02177545159373,0,0,0,0,0,1,0.125,8,1.2272845952045994,1,0,1,1,1,0,0,0
1539869400,248.49264434,249.08852863,244.55269296,245.82450571,248.87236644936368,251.96515496948524,252.73952957937436,0,0,0,0,0,-3,0.375,8,1.2979366192553137,1,0,1,0,0,0,0,0
1539955800,246.47375277,248.40370638,244.99738273,245.69109877,248.23611291349096,251.39478622407748,252.46312052802634,0,0,0,0,0,-3,0.375,8,1.304911663989595,1,0,1,0,0,1,0,0
1540215000,246.35813343,246.67831007,244.05464042,244.58826814,247.50654395879278,250.7760118527977,252.1543027873194,0,0,0,0,0,0,0,8,1.2937877617452904,1,0,1,0,0,0,0,0
1540301400,240.9773872,244.46375501,238.89623907,243.34313678,246.67386252303422,250.10029593708882,251.80876686546375,0,0,0,0,0,-3,0.375,8,1.3745997796671148,1,0,1,0,0,0,0,0
1540387800,243.09411051,243.47654371,235.41876505,235.97018037,244.53312609242738,248.81573997644438,251.18764582642595,0,0,0,0,0,-3,0.375,8,1.560206326111368,1,0,1,0,0,1,0,0
1540474200,237.80230223,241.7422536,236.77951575,240.20362699,243.6672262719419,248.03282061404033,250.75689998970336,0,0,0,0,0,0,0,8,1.594871691821816,1,0,1,0,0,1,0,0
1540560600,236.50380809,241.02185617,233.27536035,235.97907416,242.1295958495535,246.93702548185485,250.17737740814636,0,0,0,0,0,-1,0.125,8,1.7419435379283608,1,0,1,0,0,0,0,0
1540819800,239.06522118,240.35482152,231.10527427,234.67168624,240.63801392764282,245.82199464168622,249.5693110878269,0,0,0,0,0,-2,0.25,8,1.9080649981962412,1,0,1,0,0,0,0,0
1540906200,234.50270412,238.46044309,234.01354537,238.14916025,240.14024319211424,245.124464242442,249.1214620353631,0,0,0,0,0,2,0.25,8,1.879279764650611,1,0,1,0,0,0,0,0
1540992600,240.71057333,243.00517255,240.23920218,240.69278574,240.2507517016914,244.72158437858363,248.79092571005475,0,0,0,0,0,1,0.125,8,1.8707121618486495,1,0,1,1,1,0,0,0
1541079000,241.5554839,243.44986233,240.47044086,243.25419883,240.85144112735313,244.58818569234876,248.57379916573888,0,0,0,0,0,4,0.5,8,1.8062856987747795,1,0,1,1,1,0,0,0
1541165400,244.35702946,244.78393164,239.76783102,241.81340397,241.0438336958825,244.33593280849888,248.3086856286511,0,0,0,0,0,-1,0.125,8,1.8354280929790727,1,0,1,1,1,0,0,0
1541428200,242.30256272,243.6988886,241.33313901,243.14747328,241.464561612706,244.2278910331808,248.10628514439026,0,0,0,0,0,1,0.125,8,1.7644728031998933,1,0,1,1,1,0,0,0
1541514600,243.08521671,244.84618821,243.02296015,244.68609989,242.1088692681648,244.26954638380073,247.97216023245338,0,0,0,0,0,4,0.5,8,1.6813597846356216,0,0,1,1,1,0,0,0
1541601000,246.85618598,250.00458956,246.4292838,249.9245454,243.67200449453185,244.7836372034552,248.0487243566709,0,0,0,0,0,3,0.375,8,1.6805411478938053,0,0,1,1,1,0,0,0
1541687400,249.12410381,250.1113151,248.33255602,249.47096183,244.8317959616255,245.20975762405018,248.10449837523282,0,0,0,0,0,2,0.25,8,1.6142692342730907,1,0,1,1,1,0,0,0
1541773800,248.1635739,248.35034361,245.62884221,247.03406188,245.27224914530038,245.37560346550018,248.062520473459,0,0,0,0,0,-2,0.25,8,1.6248438431298042,1,0,1,1,1,0,0,0
1542033000,246.52711555,246.76724802,241.90234192,242.41818206,244.7014357282403,245.10674697409107,247.84117386900962,0,0,0,0,0,-2,0.25,8,1.6887185298841871,1,0,1,1,1,0,0,0
1542119400,242.88065942,244.8684227,241.24420106,241.96459849,244.15406828059224,244.82109711190097,247.61071993257787,0,0,0,0,0,-1,0.125,8,1.6780232633220187,1,0,1,1,1,1,0,0
1542205800,243.83229553,244.23251632,238.75393834,240.31035254,243.38532513247378,244.41102942354632,247.32443101522188,0,0,0,0,0,-1,0.125,8,1.7317328742321496,1,0,1,1,1,0,0,0
1542292200,239.04743359,243.28088021,237.47340967,242.81840285,243.27194067597904,244.26624518958758,247.14772402835044,0,0,0,0,0,2,0.25,8,1.762263595033379,1,0,1,1,1,0,0,0
1542378600,241.72446601,244.35702946,241.20862588,243.44986233,243.30752500678324,244.19202856598872,247.0027098441014,0,0,0,0,0,1,0.125,8,1.7245178217610873,1,0,1,1,1,0,0,0
1542637800,242.84508424,243.13857949,238.41597411,239.33203504,242.5124270134266,243.750210972717,246.70189906746995,0,0,0,0,0,0,0,8,1.7791260350373177,1,0,1,1,1,0,0,0
1542724200,236.00575555,237.464338,234.04022676,234.90292492,240.99052659474128,242.94591224065184,246.23919419894173,0,0,0,0,0,-4,0.5,8,1.8441067393876058,1,0,1,0,0,0,0,0
1542810600,236.45044532,237.59774493,235.69447271,235.70336651,239.933094577793,242.28749899241075,245.8260244856499,0,0,0,0,0,0,0,8,1.7882346171806567,1,0,1,0,0,0,0,0
1542983400,234.06690815,235.52851449,233.9690764,234.12916471,238.7723086042344,241.54583223946432,245.36732410229106,0,0,0,0,0,-2,0.25,8,1.7245782655091901,1,0,1,0,0,0,0,0
1543242600,236.37929496,238.13137266,235.98796796,237.90902777,238.59965243738753,241.2152136513312,245.0748418931816,0,0,0,0,0,4,0.5,8,1.6961116074197233,1,0,1,1,1,0,0,0
1543329000,236.8773475,238.70946936,236.27256941,238.70946936,238.62161582191004,240.98741871575564,244.82521944089996,0,0,0,0,0,2,0.25,8,1.6425984977099635,1,0,1,1,1,0,0,0
1543415400,239.77672481,244.20583494,238.64472253,244.20583494,239.73845964552802,241.28000200886876,244.80092985262937,0,0,0,0,0,2,0.25,8,1.6535994397827332,0,0,1,1,1,0,0,0
1543501800,243.43207474,245.06853309,242.29366892,243.67220721,240.52520915842243,241.4974752089716,244.75666621958507,0,0,0,0,0,1,0.125,8,1.6201884767112003,0,0,1,1,1,0,0,0
1543588200,243.52101269,245.71778016,243.20083605,245.15747105,241.45166153673793,241.83020210361053,244.77238405607193,0,0,0,0,0,4,0.5,8,1.5686792530164244,1,0,1,1,1,0,0,0
1543847400,249.27529833,249.38202388,246.8072701,248.40370638,242.84207050539035,242.42779340146413,244.9147888530887,0,0,0,0,0,4,0.5,8,1.5590720856524816,1,0,1,0,0,0,0,0
1543933800,247.57658341,248.00348559,240.04353868,240.35482152,242.34462070831228,242.23934141224012,244.73596660473228,0,0,0,0,0,0,0,8,1.7446371970702879,1,0,1,1,1,1,0,0
1544106600,236.50380809,240.10579524,233.40876728,239.9901759,241.8737317466498,242.03487182021829,244.54985716533102,0,0,0,0,0,0,0,8,1.8292180111416823,1,0,1,1,1,1,0,0
1544193000,239.65221168,241.21751967,233.5777494,234.41376617,240.38173863131985,241.3420440338348,244.15236340080824,0,0,0,0,0,-2,0.25,8,1.971758775098266,1,0,1,1,1,0,0,0
1544452200,234.23589026,235.82903584,230.01133743,234.85845594,239.27708209305587,240.7526269343953,243.78789644156086,0,0,0,0,0,2,0.25,8,2.0043884427769005,1,0,1,1,1,0,0,0
1544538600,238.0513285,238.2380982,233.44434247,234.91181871,238.4040294164447,240.22164436854118,243.4398149618918,0,0,0,0,0,-2,0.25,8,2.0065566004748208,1,0,1,1,1,0,0,0
1544625000,237.88234639,239.24309709,236.01464935,236.09469351,237.94216223515576,239.8464670177647,243.15177098338626,0,0,0,0,0,3,0.375,8,1.9849354042673992,1,0,1,1,1,0,0,0
1544711400,237.03743582,237.90013398,234.90292492,236.01464935,237.5566596581246,239.4981199570588,242.87188386050838,0,0,0,0,0,1,0.125,8,1.9344883374229453,1,0,1,1,1,0,0,0
1544797800,233.87124465,234.82288076,231.10527427,231.65668959,236.3766656444997,238.78526265096255,242.43207232048843,0,0,0,0,0,-2,0.25,8,1.981477771372036,1,0,1,0,0,0,0,0
1545057000,230.70505347,231.8167779,225.47994866,227.11196012,234.52372453959975,237.72405332996595,241.8312836067438,0,0,0,0,0,-3,0.375,8,2.0760611618513227,1,0,1,0,0,0,0,0
1545143400,228.74841848,229.41545314,225.26205067,226.86293385,232.9915664016798,236.73667883178723,241.2442894986362,0,0,0,0,0,3,0.375,8,2.060658481971681,1,0,1,0,0,0,0,0
1545229800,226.94297801,230.70505347,221.76678907,223.46550399,231.08635391934382,235.53020839162477,240.54708222378773,0,0,0,0,0,-2,0.25,8,2.228262685166175,1,0,1,0,0,0,0,0
1545316200,222.22037263,223.78568063,217.58670521,219.82794166,228.83467146747506,234.1027295978407,239.73456690756075,0,0,0,0,0,-4,0.5,8,2.304762098404695,1,0,1,0,0,0,0,0
1545402600,220.72737385,223.38426086,214.68004854,215.32414236,226.13256564598004,232.39558530349154,238.777295356676,0,0,0,0,0,-3,0.375,8,2.4736412858700962,1,0,1,0,0,0,0,0
1545661800,213.83914828,215.44535724,209.57202672,209.63464695,222.83298190678403,230.32640908953778,237.63444639955145,0,0,0,0,1,-5,0.625,8,2.5594133515851807,1,1,1,0,0,0,0,0
1545834600,211.09280379,220.22641199,209.1157936,220.22641199,222.31166792342722,229.40822753503434,236.95177838349062,0,0,0,0,0,0,0,8,2.622659384492887,1,0,1,0,0,1,0,0
1545921000,216.99699715,222.11396472,213.7675823,221.91715827,222.23276599274178,228.72722123821305,236.36218543786353,0,0,0,0,0,3,0.375,8,2.6854176340219005,1,0,1,1,1,0,0,0
1546007400,223.26796614,224.89609219,220.46794718,221.63089435,222.1123916641934,228.08210061201186,235.7844877481434,0,0,0,0,0,-1,0.125,8,2.639535874807109,1,0,1,1,1,0,0,0
1546266600,223.25007465,223.81365674,221.38041342,223.57212156,222.40433764335472,227.67210251637442,235.30557142703972,1,0,1,0,0,5,0.625,8,2.5074552910227728,1,1,1,1,1,0,1,0
1546439400,220.04749704,224.72612299,220.0206598,223.80471099,222.68441231268378,227.3205214685222,234.85455729225384,0,0,1,0,0,5,0.625,8,2.4761091850957393,1,1,1,1,1,0,1,1
1546525800,222.06029023,222.36444565,217.98102937,218.46409974,221.84034979814703,226.51539222047472,234.211794250989,0,0,0,0,0,-1,0.125,8,2.545861859623425,1,0,1,1,1,0,0,0
1546612200,221.48776239,226.42581501,221.112041,225.78172119,222.62862407651764,226.44869485406792,233.88120315055804,0,0,0,0,0,0,0,8,2.539274258411155,1,0,1,1,1,1,0,0
1546871400,226.05009362,228.9664073,225.15551887,227.56192494,223.6152842492141,226.54989758915266,233.63338831877144,0,0,0,0,0,4,0.5,8,2.4590703982015087,0,0,1,1,1,0,0,0
1546957800,229.74468733,230.18302896,227.22198654,229.6999586,224.8322191193713,226.83626677195696,233.47913617293727,0,0,0,0,0,3,0.375,8,2.354246508001579,0,0,1,1,1,0,0,0
1547044200,230.40667265,231.61434856,229.18110524,230.7734483,226.02046495549703,227.1941923654154,233.3730307661554,0,0,0,0,0,4,0.5,8,2.251230316407506,0,0,1,1,1,0,0,0
1547130600,229.24372547,231.83799225,228.56384866,231.58751132,227.13387422839762,227.59358499765037,233.30301039571793,0,0,0,0,0,3,0.375,8,2.1840644595370926,0,0,1,1,1,0,0,0
1547217000,230.51402162,231.70362712,229.93254803,231.6769688,228.0424931427181,227.9648017069549,233.23924405863096,0,0,0,0,0,-2,0.25,8,2.0818810869295823,1,0,1,1,1,0,0,0
1547476200,229.78047032,231.06865796,229.37791169,230.26354069,228.48670265217447,228.1737779781408,233.12254980888073,0,0,0,0,0,-3,0.375,8,2.016359288208448,1,0,1,1,1,0,0,0
1547562600,230.63926208,233.21563737,230.63031634,232.9025362,229.36986936173957,228.6036650892189,233.11392182421875,0,0,0,0,0,4,0.5,8,1.9416558618328628,0,0,1,1,1,0,0,0
1547649000,233.33193208,234.34870574,233.12617989,233.4661183,230.18911914939167,229.045706290199,233.12773345071997,0,0,0,0,0,-1,0.125,8,1.8428591536383974,0,0,1,1,1,0,0,0
1547735400,232.59838079,236.09616806,232.55365205,235.2373763,231.19877057951334,229.6085853819991,233.2104645428486,0,0,0,0,0,3,0.375,8,1.8059080047453622,0,0,1,1,1,0,0,0
1547821800,237.0444173,238.8335668,235.27137014,238.36838793,232.63269404961068,230.40493106818099,233.4127360482271,0,0,0,0,0,3,0.375,8,1.7626500885764829,0,0,1,0,0,0,0,0
1548167400,236.90128534,237.11598328,233.53768428,235.14791883,233.13573900568855,230.8361117738009,233.48078243182601,0,0,0,0,0,-1,0.125,8,1.8059001135063857,0,0,1,1,1,0,0,0
1548253800,236.17667979,236.87444809,233.17985438,235.63993494,233.63657819255084,231.27282297072807,233.56545507920538,0,0,0,0,0,-2,0.25,8,1.7853985771846204,0,0,1,1,1,1,0,0
1548340200,235.46101999,236.34664899,234.45015052,235.7651754,234.06229763404068,231.68121864611643,233.65171862119732,0,0,0,0,0,4,0.5,8,1.7144466785665873,0,0,1,1,1,0,0,0
1548426600,237.60799939,238.58308587,235.86313134,237.7600771,234.80185352723254,232.23384214192404,233.81283071840528,0,0,0,0,0,2,0.25,8,1.6632852865345744,0,0,1,1,1,0,0,0
1548685800,235.62204344,236.01565633,234.19072384,235.9530361,235.03209004178603,232.5719506835673,233.8967603412129,0,0,0,0,0,0,0,8,1.664360329141553,0,0,1,1,1,0,0,0
1548772200,236.09616806,236.65975015,234.80798042,235.63993494,235.15365902142884,232.850858343243,233.96512012940065,0,0,0,0,0,-2,0.25,8,1.603662906009713,0,0,1,1,1,0,0,0
1548858600,237.15176627,240.21121191,236.39137773,239.37031165,235.99698954714307,233.44353591658455,234.17708842432612,0,0,0,0,0,4,0.5,8,1.6023167967173495,0,0,1,0,0,0,0,0
1548945000,239.30769141,241.95563267,239.09299347,241.47256231,237.09210409971445,234.17344740689504,234.46318543945057,0,0,0,0,0,7,0.875,8,1.5595903356064997,0,0,1,0,0,0,0,0
1549031400,241.66936875,242.60867224,240.80163125,241.58885703,237.99145468577157,234.84757555445003,234.74262354104076,0,0,0,0,0,0,0,8,1.5009211842132146,1,0,1,0,0,0,0,0
1549290600,241.63358576,243.35116928,240.9626547,243.28854905,239.05087355861727,235.61493678131822,235.07775787472542,0,0,0,0,0,3,0.375,8,1.4541014631626132,1,0,1,0,0,0,0,0
1549377000,243.71794493,244.61251968,243.21698307,244.30836427,240.10237170089383,236.40524837119838,235.439742439246,0,0,0,0,0,4,0.5,8,1.3854021658345284,1,0,1,0,0,0,0,0
1549463400,244.03104609,244.52306221,243.25276606,243.98631736,240.87916083271506,237.09443646108943,235.77490224005987,0,0,0,0,0,1,0.125,8,1.325331637114852,1,0,1,0,0,0,0,0
1549549800,242.37608281,242.9217734,240.00545972,241.66042301,241.03541326817205,237.50952614735402,236.00570697613597,0,0,0,0,0,-2,0.25,8,1.3601736558227522,1,0,1,1,1,0,0,0
1549636200,240.4169641,242.0540359,239.59395533,241.95563267,241.21945714853763,237.91371764941275,236.23903739550317,0,0,0,0,0,1,0.125,8,1.3341022899123676,1,0,1,1,1,0,0,0
1549895400,242.60867224,242.86809892,241.56201978,242.08981889,241.3935294968301,238.29336321673887,236.46847980705206,0,0,0,0,0,2,0.25,8,1.2766584675851849,1,0,1,1,1,0,0,0
1549981800,243.70005344,245.57866041,243.62848746,245.20293902,242.15541140146408,238.92150647158078,236.81100761932453,0,0,0,0,0,2,0.25,8,1.27204906651713,1,0,1,0,0,0,0,0
1550068200,246.03489354,246.84001081,245.6144434,245.99911055,242.92415123117127,239.56492502416435,237.1713253813118,0,0,0,0,0,3,0.375,8,1.2248997206034296,1,0,1,0,0,0,0,0
1550154600,244.9166751,246.58058413,244.10261207,245.45341995,243.43000497493702,240.10024274469487,237.4961134036133,0,0,0,0,0,1,0.125,8,1.2120461884104896,1,0,1,0,0,0,0,0
1550241000,247.22467795,248.16398144,247.01892576,248.12819845,244.36964366994962,240.83005689972262,237.9130579152363,0,0,0,0,0,4,0.5,8,1.191367907490678,1,0,1,0,0,0,0,0
1550586600,247.33318987,249.2106339,247.32308118,248.55759433,245.2072338019597,241.5325603024751,238.33049071581527,0,0,0,0,0,4,0.5,8,1.1586021013894168,1,0,1,0,0,0,0,0
1550673000,248.52181134,249.51478931,248.02084948,249.05855619,245.97749827956775,242.21674174679555,238.7511991657833,0,0,0,0,0,3,0.375,8,1.116526171580742,1,0,1,0,0,0,0,0
1550759400,248.42340812,248.78123802,247.21125933,248.17292719,246.4165840616542,242.75821315072324,239.12067869614475,0,0,0,0,0,-1,0.125,8,1.0936426121935912,1,0,1,0,0,0,0,0
1550845800,248.79018377,249.9084022,248.15762996,249.71159576,247.07558640132336,243.39033884247567,239.53600877708024,0,0,0,0,1,5,0.625,8,1.0593476736661407,1,1,1,0,0,0,0,0
1551105000,251.13396961,251.65282297,249.97102244,250.05153416,247.6707759530587,243.9959020531597,239.94838232150846,0,0,0,0,0,2,0.25,8,1.0377948997965192,1,0,1,0,0,0,0,0
1551191400,249.70265001,250.74930247,249.49689782,249.87261921,248.11114460444696,244.5301490674179,240.33756808184145,0,0,0,0,0,1,0.125,8,1.0001579333129842,1,0,1,0,0,0,0,0
1551277800,249.15695941,250.1141544,248.22660167,249.76527024,248.44196973155758,245.0060691740163,240.70728189196532,0,0,0,0,0,1,0.125,8,0.9830980049972163,1,0,0,0,0,0,0,0
1551364200,249.5505723,249.98891393,248.97804446,249.30009137,248.61359405924605,245.39643482819662,241.04425481267256,0,0,0,0,0,2,0.25,8,0.9435431624592877,1,0,0,0,0,0,0,0
1551450600,250.87454293,251.26815582,249.42533184,250.85665144,249.06220553539686,245.89281815654238,241.4290546804109,0,0,0,0,0,3,0.375,8,0.9267491391942221,1,0,0,0,0,0,0,0
1551709800,251.91224964,252.15378483,247.65407383,249.94418519,249.23860146631748,246.26112425049308,241.76298136706146,0,0,0,0,0,0,0,8,0.9922862556984945,1,0,0,1,0,0,0,0
1551796200,250.06942566,250.2662321,249.05855619,249.60424679,249.31173053105397,246.56504448135735,242.07048197188257,0,0,0,0,0,-2,0.25,8,0.957223275743492,1,0,0,1,0,0,0,0
1551882600,249.72054151,249.72948725,247.77036855,248.09241546,249.06786751684317,246.70389638850668,242.30663622631855,0,0,0,0,0,0,0,8,0.9506718913742613,1,0,0,1,0,0,0,0
1551969000,247.64512809,247.78826005,245.17610177,246.01700204,248.45769442147454,246.64145144773335,242.45214076803154,0,0,0,0,0,-2,0.25,8,0.9748860726494014,0,0,0,1,0,0,0,0
1552055400,244.16523231,245.69495513,243.70005344,245.52498593,247.87115272317965,246.53995458248485,242.57264449987343,0,0,0,0,0,-1,0.125,8,0.9744705043012839,0,0,0,1,0,0,0,0
1552311000,246.24064573,249.24641689,246.21380849,249.08539343,248.11400086454373,246.77135811407715,242.82804641870192,0,0,0,0,1,6,0.75,8,0.9986484059015002,1,1,0,1,0,0,0,0
1552397400,249.64002978,250.54355028,249.45216908,250.02469692,248.49614007563497,247.06711618734286,243.11026800698812,0,0,0,0,1,5,0.625,8,0.96549010406365,1,1,0,1,0,0,0,0
1552483800,250.91032592,252.61001795,250.74930247,251.67966021,249.132844102508,247.48643837122077,243.44632260318465,0,0,0,0,1,5,0.625,8,0.9640046054084561,1,1,0,0,0,0,0,0
1552570200,251.70649745,252.12694758,251.07689574,251.51863675,249.6100026320064,247.8530018602007,243.76288394227547,0,0,0,0,0,1,0.125,8,0.9255405472711898,1,0,0,0,0,0,0,0
1552656600,252.06953454,253.5700554,251.88084628,252.76139146,250.24028039760512,248.2992190965461,244.11576659002938,0,0,0,0,0,3,0.375,8,0.9131765687108958,1,0,0,0,0,0,0,0
1552915800,252.97703518,253.97438737,252.7524063,253.67787726,250.9277997700841,248.78818802049645,244.4907513221851,0,0,0,0,0,4,0.5,8,0.8792937615998219,1,0,0,0,0,0,0,0
1553002200,254.73812553,255.50186369,252.85124301,253.74077334,251.49039448406728,249.23842304954223,244.85349728366805,0,0,0,0,0,1,0.125,8,0.8909002174709221,1,0,0,0,0,0,0,0
1553088600,253.52512962,254.72914037,251.87186113,252.97703518,251.7877226232538,249.57829687958386,245.1720673972497,0,0,0,0,0,1,0.125,8,0.9104378510805181,1,0,0,1,0,0,0,0
1553175000,252.15938608,256.23864639,252.11446031,255.83431442,252.59704098260306,250.14702574689443,245.59019473147518,0,0,0,0,1,5,0.625,8,0.9511113537315912,1,1,0,0,0,0,0,0
1553261400,254.47755604,255.00174997,250.84755347,250.91044956,252.25972269808244,250.2164279117222,245.79883217573106,0,0,0,0,0,-2,0.25,8,1.0424681326882617,1,0,1,1,1,0,0,0
1553520600,250.56901367,251.75083109,249.46383962,250.72176131,251.95213042046595,250.26236731156564,245.9918882202122,0,0,0,0,0,2,0.25,8,1.0338891349292323,1,0,1,1,1,1,0,0
1553607000,252.4738665,253.54309993,251.18898936,252.59067352,252.07983904037275,250.4740315123324,246.25066411432152,0,0,0,0,0,4,0.5,8,1.0327195081843752,1,0,1,1,1,0,0,0
1553693400,252.58168836,253.16572343,249.72440912,251.26985575,251.9178423822982,250.54637917030217,246.44749515885795,0,0,0,0,0,1,0.125,8,1.0618210021750831,1,0,1,1,1,0,0,0
1553779800,251.89881659,252.67153991,250.74871677,252.22228217,251.97873033983856,250.69873398845652,246.673957394589,0,0,0,0,0,4,0.5,8,1.036707217464785,1,0,1,1,1,0,0,0
1553866200,253.73178818,254.13612015,252.60864383,253.81265458,252.34551518787086,250.98181767859683,246.9539063038208,0,0,0,0,0,2,0.25,8,1.0104844536516426,1,0,1,1,1,0,0,0
1554125400,255.80735896,257.11919157,255.53780431,256.82268146,253.24094844229668,251.51280529508801,247.3409170942592,0,0,0,0,0,4,0.5,8,1.0192725521406851,1,0,1,0,0,0,0,0
1554211800,257.01136971,257.18208765,256.15778,256.94847363,253.98245347983735,252.0069569618982,247.71768401722943,0,0,0,0,0,3,0.375,8,0.9744785307143304,1,0,0,0,0,0,0,0
1554298200,258.16146953,258.55681635,256.75080022,257.35280559,254.6565239018699,252.49294320081654,248.09553192204396,0,0,0,0,0,3,0.375,8,0.9535774464504739,1,0,0,0,0,0,0,0
1554384600,257.67627117,258.28636319,256.98441425,258.03567736,255.33235459349592,252.99682812437868,248.48534154706184,0,0,0,0,0,4,0.5,8,0.9191615708394937,1,0,0,0,0,0,0,0
1554471000,258.70057882,259.33852482,258.41305387,259.28461389,256.12280645279674,253.56844501216244,248.9088424232555,0,0,0,0,0,4,0.5,8,0.8852872190855964,1,0,0,0,0,0,0,0
1554730200,258.86231161,259.59010916,258.20639531,259.4822873,256.79470262223737,254.10606703832948,249.32348732038272,0,0,0,0,0,3,0.375,8,0.8595161404052438,1,0,0,0,0,0,0,0
1554816600,258.52087573,258.8443413,257.60438993,258.15248438,257.0662589737899,254.47392316029953,249.66972249919124,0,0,0,0,0,1,0.125,8,0.8541932459307813,1,0,0,0,0,0,0,0
1554903000,258.5658015,259.12279125,258.15248438,259.03302955,257.4596130890319,254.88838737754503,250.03691101098767,0,0,0,0,0,4,0.5,8,0.8172394362377058,1,0,0,0,0,0,0,0
1554989400,259.51822792,259.52721307,258.39328653,258.96114832,257.7599201352255,255.25863837231367,250.38688110153717,0,0,0,0,0,2,0.25,8,0.7903526301317302,1,0,0,0,0,0,0,0
1555075800,260.56949104,260.99179331,259.00697261,260.71325351,258.3505868101804,255.7545124757397,250.7918368822612,0,0,0,0,0,1,0.125,8,0.7846010843717289,1,0,0,0,0,0,0,0
1555335000,260.78513475,260.88397146,259.73836421,260.54253557,258.78897656214434,256.18978730249063,251.17421722295686,0,0,0,0,0,4,0.5,8,0.7604427203944222,1,0,0,0,0,0,0,0
1555421400,261.42308075,261.47699168,260.12023329,260.71325351,259.1738319517155,256.6010115031733,251.5482970773507,0,0,0,0,0,0,0,8,0.7428346143709771,1,0,0,0,0,0,0,0
1555507800,261.82741272,261.8498756,259.66199039,260.07530752,259.3541270653724,256.9168565956121,251.8826896437291,0,0,0,0,0,2,0.25,8,0.7515562994362178,1,0,0,0,0,0,0,0
1555594200,260.65934258,260.85701599,259.36548028,260.58746135,259.6007939222979,257.2505479369201,252.22405324005345,0,0,0,0,0,2,0.25,8,0.7373859984040572,1,0,0,0,0,0,0,0
1555939800,259.82372318,260.96034527,259.73387163,260.81209022,259.84305318183834,257.57432450810916,252.56083900397292,0,0,0,0,0,0,0,8,0.7177152637414618,1,0,0,0,0,0,0,0
1556026200,261.18048157,263.39082966,260.94686754,263.15721564,260.5058856734707,258.08186006555377,252.9763831857779,0,0,0,0,1,6,0.75,8,0.730505356710814,1,1,0,0,0,0,0,0
1556112600,263.07634924,263.40879997,262.42941809,262.57318057,260.91934465277654,258.4901619295943,253.35272818123758,0,0,0,0,0,1,0.125,8,0.7064776070182214,1,0,0,0,0,0,0,0
1556199000,262.47434387,263.06736409,261.22540734,262.41144778,261.21776527822124,258.8466424614494,253.7079720870714,0,0,0,0,0,-1,0.125,8,0.7065574301489256,1,0,0,0,0,0,0,0
1556285400,262.45637356,263.70531008,261.68374009,263.63342884,261.700897990577,259.28180485949946,254.09720568522545,0,0,0,0,0,3,0.375,8,0.7078201801703122,1,0,0,0,0,0,0,0
1556544600,263.72328039,264.56788495,263.63342884,264.04674597,262.1700675864616,259.71498132409045,254.48738373560877,0,0,0,0,0,3,0.375,8,0.6815111998583202,1,0,0,0,0,0,0,0
1556631000,263.70531008,264.46904825,262.29464077,264.18152329,262.5723587271693,260.12103059371856,254.86754607107508,0,0,0,0,0,0,0,8,0.6912999242771258,1,0,0,0,0,0,0,0
1556717400,264.81048413,265.01714269,262.18681891,262.19580407,262.4970477957354,260.3096463642896,255.15492873769958,0,0,0,0,0,0,0,8,0.7238878644858364,1,0,0,1,0,0,0,0
1556803800,262.07899705,262.99548285,260.1382036,261.62973931,262.3235860985883,260.4296548138997,255.4088428777898,0,0,0,0,0,-1,0.125,8,0.7516436399150526,1,0,0,1,0,0,0,0
1556890200,263.10330471,264.46904825,261.73738146,264.19050845,262.69697056887065,260.7715505989997,255.75322191983724,0,0,0,0,1,5,0.625,8,0.7679553437754241,1,1,0,0,0,0,0,0
1557149400,259.89560442,263.5435773,259.581124,263.10330471,262.7782373970965,260.98352824545424,256.04146046062795,0,0,0,0,0,2,0.25,8,0.8411859131099051,1,0,0,1,0,0,0,0
1557235800,260.70426836,261.29728858,256.80471115,258.70956398,261.96450271367723,260.77680422132204,256.14609197119154,0,0,0,0,0,-2,0.25,8,0.9682682715815105,1,0,0,1,0,1,0,0
1557322200,258.35015778,260.05733721,257.75713756,258.35015778,261.2416337269418,260.5561999993837,256.2325259244781,0,0,0,0,0,-3,0.375,8,0.963952900644179,0,0,0,1,0,1,0,0
1557408600,256.28357217,258.17045469,254.54943728,257.56844931,260.50699684355345,260.2845863003488,256.2849150768515,0,0,0,0,0,0,0,8,1.0032168290331966,1,0,1,1,1,0,0,0
1557495000,256.63399321,259.61706462,253.65092179,258.86231161,260.1780597968428,260.1552886012262,256.3859894507005,0,0,0,0,0,3,0.375,8,1.0915276865257197,1,0,1,1,1,0,0,0
1557754200,253.75874365,254.72015522,251.52144009,252.35705949,258.6138597354742,259.4463586820238,256.2279921973397,0,0,0,0,0,-1,0.125,8,1.2474691620537448,1,0,1,0,0,0,0,0
1557840600,253.37238199,256.16676515,253.24658982,254.63928883,257.81894555437935,259.0093523318398,256.16569010450286,0,0,0,0,0,3,0.375,8,1.254847881537727,0,0,1,1,1,1,0,0
1557927000,253.0129758,256.76877053,252.80631723,256.13082453,257.4813213495035,258.747667986218,256.1643228270714,0,0,0,0,0,5,0.625,8,1.2689334991849708,0,0,1,1,1,0,0,0
1558013400,256.83166661,259.8596638,256.75978537,258.50290542,257.6856381636028,258.7254168438345,256.2560319483627,0,0,0,0,0,5,0.625,8,1.2705170025041925,0,0,1,1,1,0,0,0
1558099800,256.20270577,259.31156935,256.18536442,256.83166661,257.5148438528822,258.55325773166777,256.2786058566622,0,0,0,0,0,-2,0.25,8,1.2743869299989834,0,0,1,1,1,0,0,0
1558359000,255.23230905,256.46327526,254.38770449,255.13347234,257.0385695503058,258.24236815060704,256.2336986599303,0,0,0,0,0,-2,0.25,8,1.259658360533219,0,0,1,1,1,0,0,0
1558445400,256.82268146,257.81104849,256.57109712,257.43367199,257.11759003824466,258.1688503178246,256.2807564375801,0,0,0,0,0,3,0.375,8,1.2335246062574876,0,0,1,1,1,0,0,0
1558531800,256.48124557,257.59540478,256.16676515,256.64297836,257.0226677025957,258.0301346852951,256.2949612188515,0,0,0,0,0,0,0,8,1.1887063571230887,0,0,1,1,1,0,0,0
1558618200,254.42364511,254.46857088,252.09649,253.50715931,256.31956602407655,257.6189551057228,256.1856356537985,0,0,0,0,0,-2,0.25,8,1.245555033004652,0,0,1,1,1,0,0,0
1558704600,254.94478409,255.35810122,253.46223354,254.08220922,255.87209466326124,257.2974327524753,256.10314834266916,0,0,0,0,0,1,0.125,8,1.2072665427967544,0,0,1,1,1,0,0,0
1559050200,254.36074903,255.31317544,251.70114319,251.7191135,255.04149843060898,256.79031282043206,255.93122540766254,0,0,0,0,0,1,0.125,8,1.2340533968815102,0,0,1,0,0,0,0,0
1559136600,250.60495429,251.00928626,248.62822022,250.02990438,254.03917962048718,256.1757302349382,255.69980105363655,0,0,0,0,0,-3,0.375,8,1.241949178253847,0,0,1,0,0,0,0,0
1559223000,250.78465739,251.62027679,249.61209468,250.71277615,253.37389892638973,255.67909804539838,255.50423144957236,0,0,0,0,0,2,0.25,8,1.2073109321583144,0,0,1,0,0,0,0,0
1559309400,248.16997732,248.99661157,247.30740246,247.33435792,252.16599072511178,254.9204853067258,255.18384425233424,0,0,0,0,0,-1,0.125,8,1.234732548789689,1,0,1,0,0,0,0,0
1559568600,247.37029854,248.48634463,245.37559416,246.70539708,251.07387199608942,254.17365910429618,254.85135612792897,0,0,0,0,0,1,0.125,8,1.2395259012002386,1,0,1,0,0,0,0,0
1559655000,248.99661157,252.1953267,248.54735383,252.06054938,251.27120747287154,253.98155822026925,254.7419127260494,0,0,0,0,0,2,0.25,8,1.2821078842631388,1,0,1,1,1,0,0,0
1559741400,253.67787726,254.27089748,251.87186113,254.24394201,251.86575438029723,254.00541129206294,254.7223844626749,0,0,0,0,0,3,0.375,8,1.2477044767160417,0,0,1,1,1,0,0,0
1559827800,254.54045212,256.57109712,253.89352097,255.89721051,252.6720456062378,254.17739303914814,254.76845607237394,0,0,0,0,0,5,0.625,8,1.2258366682122828,0,0,1,1,1,0,0,0
1559914200,256.91253301,259.53619823,256.74181506,258.45797964,253.82923241299022,254.5665372755892,254.91314327110436,0,0,0,0,0,6,0.75,8,1.2275676493110863,0,0,1,1,1,0,0,0
1560173400,260.00342628,261.30627373,259.55722349,259.64402008,254.9921899463922,255.02812662144473,255.09866785184536,0,0,0,0,0,3,0.375,8,1.213034434140739,1,0,1,1,1,0,0,0
1560259800,261.45902137,261.82741272,258.93464211,259.581124,255.90997675711375,255.44203547404067,255.27445044589064,0,0,0,0,0,2,0.25,8,1.2062620001392816,1,0,1,1,1,0,0,0
1560346200,259.34750997,259.90458958,258.6062347,259.1228811,256.552557625691,255.77665780367332,255.4253692950714,0,0,0,0,0,1,0.125,8,1.1578710858336347,1,0,1,1,1,0,0,0
1560432600,260.03038174,260.55152073,259.32953966,260.19211453,257.28046900655283,256.1780629606121,255.61230048075487,1,0,1,0,0,5,0.625,8,1.1099670834843223,1,1,1,1,1,0,1,0
1560519000,259.90458958,260.50659495,259.14085141,259.90458958,257.80529312124224,256.5168381078292,255.78062554347036,0,0,0,0,0,-1,0.125,8,1.0693581366377858,1,0,1,1,1,0,0,0
1560778200,260.1382036,260.76716444,259.83270834,260.00342628,258.2449197529938,256.8338006689356,255.94622557235388,0,0,0,0,0,2,0.25,8,1.0182694793270548,1,0,1,1,1,0,0,0
1560864600,261.81842756,263.77719132,261.45902137,262.7259282,259.14112144239505,257.3694486263051,256.2120962636341,0,0,0,0,1,6,0.75,8,1.0383369918400487,1,1,1,0,0,0,0,0
1560951000,262.86070553,263.84907256,261.8903088,263.31894842,259.976686837916,257.9103122439137,256.4907963481975,0,0,0,0,0,2,0.25,8,1.0151325845945647,1,0,1,0,0,0,0,0
1561037400,265.99652457,266.23849479,263.37780119,265.83479179,261.1483078283328,258.6307194753761,256.85722754199367,0,0,0,0,1,8,1,8,1.0121490420276416,1,1,1,0,0,0,0,0
1561123800,265.5654071,266.8204165,265.23133985,265.44803212,262.00825268666625,259.25047517034193,257.1941218391704,0,0,0,0,0,0,0,8,0.983982014918507,1,0,0,0,0,0,0,0
1561383000,265.65569554,265.97170511,264.96950335,265.12299371,262.631200891333,259.78434049212905,257.50505799096766,0,0,0,0,0,3,0.375,8,0.9418187629507897,1,0,0,0,0,0,0,0
1561469400,265.17716678,265.20425331,262.41434032,262.52268646,262.60949800506637,260.03328103466276,257.7018277348513,0,0,0,0,0,1,0.125,8,0.9591178782866869,1,0,0,1,0,0,0,0
1561555800,263.41654208,263.92215738,262.14798941,262.26084996,262.5397683960531,260.2357873006025,257.88061292015124,0,0,0,0,0,1,0.125,8,0.9398193287445286,1,0,0,1,0,0,0,0
1561642200,263.01927291,263.69643626,262.64006144,263.19082096,262.6699789088425,260.5044267241841,258.08885637269435,0,0,0,0,1,6,0.75,8,0.9085668134893701,1,1,0,1,0,0,0,0
1561728600,264.16593618,265.04173411,263.65129204,264.54514766,263.045012659074,260.8717649910765,258.3420442663142,0,0,0,0,0,2,0.25,8,0.8893256800925042,1,0,0,0,0,0,0,0
1561987800,267.86776248,268.08445475,265.74598399,266.94682033,263.8253741932592,261.42404274916044,258.6794864648901,0,0,0,0,0,2,0.25,8,0.9130761963413616,1,0,0,0,0,0,0,0
1562074200,266.9016761,267.69621443,266.06199355,267.64204136,264.5887076266074,261.98931535014583,259.0309592058748,0,0,0,0,0,2,0.25,8,0.8892683425723383,1,0,0,0,0,0,0,0
1562160600,268.31920471,269.79993523,268.1747432,269.78187754,265.6273416092859,262.69773009467804,259.45256384642875,0,0,0,0,1,7,0.875,8,0.8763328534620005,1,1,0,0,0,0,0,0
1562333400,268.55395467,269.63741603,267.26282989,269.47489682,266.39685265142873,263.3138361606164,259.845596512059,0,0,0,0,0,-1,0.125,8,0.8814359751083269,1,0,0,0,0,0,0,0
1562592600,268.16571435,269.29242387,267.45243563,267.9941663,266.716315381143,263.7393207187422,260.16514826844883,0,0,0,0,0,-2,0.25,8,0.8769032588119285,1,0,0,0,0,0,0,0
1562679000,266.83847419,268.62618543,266.78430112,268.32823356,267.0386990169144,264.156494613402,260.4852692602744,0,0,0,0,0,1,0.125,8,0.8622842359490309,1,0,0,0,0,0,0,0
1562765400,269.39363722,270.55835818,268.86093539,269.61032949,267.5530251115315,264.6522977840018,260.8431147594793,0,0,0,0,0,4,0.5,8,0.8559681947213291,1,0,0,0,0,0,0,0
1562851800,270.25137746,270.48612742,269.24014686,270.24234862,268.0908898132252,265.160484223638,261.21171216577426,0,0,0,0,0,0,0,8,0.8259016247320061,1,0,0,0,0,0,0,0
1562938200,270.72990623,271.52444455,270.42292551,271.4522138,268.76315461058016,265.7324596396709,261.61330046515565,0,0,0,0,0,4,0.5,8,0.7972269601720513,1,0,0,0,0,0,0,0
1563197400,271.88559834,271.88559834,271.03688694,271.54250224,269.3190241364641,266.26064533060986,262.00268092691425,0,0,0,0,0,3,0.375,8,0.7623611716158811,1,0,0,0,0,0,0,0
1563283800,271.4522138,271.65987722,270.3597236,270.6035024,269.5759197891713,266.65545051873625,262.33996804350585,0,0,0,0,0,-1,0.125,8,0.7446821427302327,1,0,0,0,0,0,0,0
1563370200,270.63961778,270.80213698,268.82482001,268.82482001,269.42569983333703,266.85266592703294,262.59427596376054,0,0,0,0,0,-3,0.375,8,0.7486044642283044,1,0,0,1,0,0,0,0
1563456600,268.32823356,270.18817555,267.88582017,269.80896407,269.5023526806696,267.1214203036663,262.8772049091033,0,0,0,0,0,3,0.375,8,0.7535491778214114,1,0,0,1,0,0,0,0
1563543000,270.90145427,270.92854081,268.12057013,268.31017587,269.2639173185357,267.2294889915148,263.09026259384433,0,0,0,0,0,1,0.125,8,0.7783857028500166,1,0,0,1,0,0,0,0
1563802200,268.70744503,269.5110122,268.19280089,268.96928152,269.20499015882854,267.3876519486498,263.32081235565437,0,0,0,0,0,0,0,8,0.7560224980910193,1,0,0,1,0,0,0,0
1563888600,270.08885826,270.89242543,269.25820455,270.89242543,269.54247721306285,267.70626771968165,263.6177383585699,0,0,0,0,0,3,0.375,8,0.7477462560268635,1,0,0,0,0,0,0,0
1563975000,270.13400248,272.16549252,270.04371403,272.16549252,270.0670802744503,268.11165179243784,263.9529444041162,0,0,0,0,0,4,0.5,8,0.7467731128195436,1,0,0,0,0,0,0,0
1564061400,271.71405029,271.76822336,270.06177172,270.8653389,270.22673199956023,268.3619869840344,264.2240186980724,0,0,0,0,0,-2,0.25,8,0.7522368411261804,1,0,0,1,0,0,0,0
1564147800,271.55153109,272.87877125,271.42512726,272.68013667,270.7174129336482,268.7545460463949,264.5556311675598,0,0,0,0,0,3,0.375,8,0.7465986651633142,1,0,0,0,0,0,0,0
1564407000,272.56276169,272.60790591,271.63279069,272.18355021,271.01064038891855,269.06627369763174,264.8547652476555,0,0,0,0,0,1,0.125,8,0.7220203148584586,1,0,0,0,0,0,0,0
1564493400,270.78407929,271.92171372,270.40486782,271.51541571,271.11159545313484,269.28892297148343,265.115967226571,0,0,0,0,0,0,0,8,0.7188897059594109,1,0,0,1,0,0,0,0
1564579800,271.75919451,271.94880025,266.53149347,268.54492583,270.59826152850786,269.2212868677122,265.2504361914114,0,0,0,0,0,-2,0.25,8,0.8190159175694061,0,0,0,1,0,0,0,0
1564666200,268.69841618,271.65084838,265.41191674,266.20645507,269.71990023680627,268.94721124973836,265.2879271278266,0,0,0,0,0,-2,0.25,8,0.9345986096093695,0,0,0,1,0,1,0,0
1564752600,265.31259945,265.55637825,262.64909028,264.20205156,268.616330501445,268.5158330961258,265.24534377222557,0,0,0,0,0,-1,0.125,8,0.9706009996918943,1,0,0,0,0,0,0,0
1565011800,260.11198494,260.22033108,254.36061091,256.25666828,266.144398057156,267.4013635673871,264.8928466940991,0,0,0,0,0,1,0.125,8,1.2035355505431733,1,0,1,0,0,1,0,0
1565098200,258.14369681,260.06684072,256.67199514,259.85014845,264.88554813572483,266.71488946580644,264.6950938217815,0,0,0,0,0,4,0.5,8,1.206849245501167,1,0,1,0,0,1,0,0
1565184600,256.78034127,260.7710906,254.64953394,260.00363881,263.9091662705799,266.104775769824,264.5111151938685,0,0,0,0,0,2,0.25,8,1.2881564466514828,1,0,1,0,0,0,0,0
1565271000,261.49339817,265.10493602,260.94263865,265.10493602,264.1483202204639,266.01388124711275,264.5344022850893,0,0,0,0,0,4,0.5,8,1.3105752222773532,0,0,1,1,1,0,0,0
1565357400,264.16593618,264.76183993,261.5204847,263.2991671,263.9784895963711,265.76708905192066,264.4859616895956,0,0,0,0,0,-2,0.25,8,1.322548977152803,0,0,1,1,1,0,0,0
1565616600,261.80037889,263.28580441,259.14589857,260.09392725,263.20157712709687,265.2513470699279,264.3137250449056,0,0,0,0,0,-1,0.125,8,1.357274899821178,0,0,1,1,1,0,0,0
1565703000,259.79597538,265.58346479,259.45287928,264.13884965,263.3890316316775,265.1502109408435,264.30686718628186,0,0,0,0,0,1,0.125,8,1.406810153494702,0,0,1,1,1,1,0,0
1565789400,260.09392725,260.69885984,256.20249522,256.32889904,261.977005113342,264.3482734953123,263.99400569034924,0,0,0,0,0,-2,0.25,8,1.5672797351718928,0,0,1,0,0,0,0,0
1565875800,257.21372582,257.89991801,254.9655435,257.00606239,260.98281656867357,263.68079975846575,263.71996869817866,0,0,0,0,0,-1,0.125,8,1.5330504426794498,1,0,1,0,0,1,0,0
1565962200,258.65834096,261.23156168,257.06366642,260.79817713,260.9458886809389,263.41874315587796,263.6053886366815,1,0,1,0,0,5,0.625,8,1.5185777371042368,1,1,1,1,1,0,1,0
1566221400,263.81381124,264.61737841,263.13664789,263.94021507,261.54475395875113,263.46614969352544,263.6185190850469,0,0,0,0,0,3,0.375,8,1.4966782480873735,0,0,1,1,1,0,0,0
1566307800,263.43459977,263.9673016,261.79135004,261.91775387,261.6193539410009,263.3253864368413,263.551822409947,0,0,0,0,0,1,0.125,8,1.4598453140034604,1,0,1,1,1,0,0,0
1566394200,264.07564773,264.41874383,263.38945554,264.0485612,262.10519539280074,263.39112959712844,263.5713023624981,0,0,0,0,0,3,0.375,8,1.4122865575538153,0,0,1,1,1,0,0,0
1566480600,264.75281108,265.38483021,262.19764805,263.9673016,262.4776166342406,263.4435088701168,263.5868317443609,0,0,0,0,0,-1,0.125,8,1.3980566154806595,0,0,1,1,1,0,0,0
1566567000,262.66714797,264.32845538,255.94065872,257.18663928,261.4194211633925,262.8747025437425,263.33584380458205,0,0,0,0,0,-2,0.25,8,1.5653767188909293,1,0,1,1,1,0,0,0
1566826200,259.37161968,260.03072534,257.84574494,260.03072534,261.141681998714,262.6161591615841,263.2062313157749,0,0,0,0,0,2,0.25,8,1.5157907388466398,1,0,1,1,1,1,0,0
1566912600,261.42116741,261.79135004,258.25204295,259.0104659,260.7154387789712,262.28836886507645,263.04169149554843,0,0,0,0,0,-1,0.125,8,1.5106694733861896,1,0,1,1,1,0,0,0
1566999000,258.35136024,260.99681172,257.54779307,260.83429251,260.73920952517693,262.1561801055241,262.9551268294485,0,0,0,0,0,3,0.375,8,1.4874061738933348,1,0,1,1,1,0,0,0
1567085400,263.38945554,264.68960917,262.38725379,264.16593618,261.4245548561415,262.3388852032037,263.002609549078,0,0,0,0,0,2,0.25,8,1.4679887319690572,0,0,1,1,1,0,0,0
1567171800,265.6466667,265.6646341,263.1185902,264.0485612,261.9493561249132,262.4943102938215,263.04362726087885,0,0,0,0,0,1,0.125,8,1.4326121344070673,0,0,1,1,1,0,0,0
1567517400,262.35113841,263.26305172,261.17738861,262.50462877,262.06041065393055,262.49524833711047,263.02249006515814,0,0,0,0,0,-3,0.375,8,1.4162325796499933,1,0,1,1,1,0,0,0
1567603800,264.67155148,265.49769076,263.92215738,265.4841475,262.7451580231444,262.7669664428277,263.11902565083824,0,0,0,0,0,4,0.5,8,1.3808424952187754,1,0,1,1,1,0,0,0
1567690200,267.96707977,269.80896407,267.8316471,268.89705077,263.9755365725155,263.324246836207,263.34561487119754,0,0,0,0,0,5,0.625,8,1.3808192038256306,0,0,1,0,0,0,0,0
1567776600,269.21306033,269.74576216,268.53589698,269.10471419,265.0013720960124,263.84974386837,263.57146190330747,0,0,0,0,0,2,0.25,8,1.313313317221345,1,0,1,1,1,0,0,0
1568035800,270.08885826,270.1791467,268.30114702,269.24014686,265.8491270488099,264.33978050397275,263.79376327415815,0,0,0,0,0,2,0.25,8,1.2687145358411474,1,0,1,1,1,0,0,0
1568122200,268.48172391,269.24014686,267.22671451,269.17694495,266.51469062904795,264.7795227263389,264.0048684379167,0,0,0,0,0,1,0.125,8,1.2317969556246964,1,0,1,1,1,0,0,0
1568208600,269.48392567,271.17231961,268.83384885,271.09106001,267.42996450523833,265.35329884303536,264.2827583034886,0,0,0,0,0,2,0.25,8,1.197350575251445,1,0,1,0,0,0,0,0
1568295000,271.99394447,273.08643468,271.23552153,272.03005985,268.3499835741907,265.9602771163958,264.5865740504106,0,0,0,0,0,2,0.25,8,1.1603814629549376,1,0,1,0,0,0,0,0
1568381400,272.47247324,272.82459818,271.47930033,271.84948296,269.0498834513525,266.49565946581436,264.8713940076494,0,0,0,0,0,1,0.125,8,1.113560563911024,1,0,1,0,0,0,0,0
1568640600,270.72087738,271.89264084,270.36875244,271.00980041,269.44186684308204,266.90603591528577,265.11211582734944,0,0,0,0,0,1,0.125,8,1.0773885720015464,1,0,1,1,1,0,0,0
1568727000,270.81116583,271.78628105,270.63961778,271.6959926,269.8926919944656,267.34148652298705,265.37030707333577,0,0,0,0,0,1,0.125,8,1.0280512142021418,1,0,1,0,0,0,0,0
1568813400,271.30775228,271.96685794,269.27626224,271.85851181,270.2858559575725,267.75212518544276,265.6247464747736,0,0,0,0,0,2,0.25,8,1.0247414783507298,1,0,1,1,1,0,0,0
1568899800,272.24675212,273.23992503,271.50665773,271.84045412,270.596775590058,268.1237914522207,265.8684997157629,0,0,0,0,0,1,0.125,8,0.9971520545840095,1,0,0,1,0,0,0,0
1568986200,272.44239176,272.72357814,269.76658588,270.55572185,270.58856484204637,268.344876033837,266.05231234847804,0,0,0,0,0,1,0.125,8,1.008390295818124,1,0,1,1,1,0,0,0
1569245400,269.89357328,271.2087999,269.63959848,270.49222815,270.5692975036371,268.5400898625791,266.22642669363574,0,0,0,0,0,1,0.125,8,0.9780199348904481,1,0,0,1,0,0,0,0
1569331800,271.58069156,271.97072428,267.40824849,268.3697245,270.12938290290964,268.52460210234466,266.310477588003,0,0,0,0,0,-2,0.25,8,1.0367775474100946,0,0,1,1,1,0,0,0
1569418200,268.45135926,270.40152287,266.97286312,269.95706697,270.0949197163277,268.6548261812224,266.45348109317933,0,0,0,0,0,2,0.25,8,1.047780930873801,1,0,1,1,1,0,0,0
1569504600,269.9661375,270.17475966,267.98876231,269.39469421,269.9548746150622,268.72208691111126,266.56882278403504,0,0,0,0,0,0,0,8,1.0329310457758576,1,0,1,1,1,0,0,0
1569591000,270.14754807,270.25321973,266.3923493,267.94340966,269.55258162404976,268.6512980701011,266.6227281517199,0,0,0,0,0,-2,0.25,8,1.0672687804537953,0,0,1,1,1,0,0,0
1569850200,268.46042978,269.89357328,268.41507714,269.18607206,269.4792797112398,268.69991388736463,266.7232514422407,0,0,0,0,0,1,0.125,8,1.0382079367782564,1,0,1,1,1,0,0,0
1569936600,270.06591332,270.7144561,265.76648284,265.98417552,268.78025887299185,268.4530285812406,266.69426807274107,0,0,0,0,0,1,0.125,8,1.1085304584130198,1,0,1,1,1,0,0,0
1570023000,264.40590358,264.41497411,259.99762676,261.2856418,267.28133545839347,267.8014479647642,266.4821650816532,0,0,0,0,0,-2,0.25,8,1.2115162344734844,1,0,1,0,0,0,0,0
1570109400,261.05887859,263.45349809,258.34679059,263.42628651,266.51032566871476,267.4037060143311,266.36232670629425,0,0,0,0,0,2,0.25,8,1.2543070046727154,0,0,1,1,1,0,0,0
1570195800,264.07936456,267.24497898,263.78910765,266.99100418,266.60646137097183,267.36618766575555,266.38698072487097,0,0,0,0,0,5,0.625,8,1.2513251775661347,0,0,1,1,1,0,0,0
1570455000,266.19279768,267.81642227,265.55786069,265.83904707,266.4529785107775,267.22735670250506,266.3654931305623,0,0,0,0,0,-2,0.25,8,1.2276653762176029,0,0,1,1,1,0,0,0
1570541400,263.98865927,264.72337207,261.67567452,261.71195664,265.50477413662196,266.7259566968228,266.1830015034814,0,0,0,0,0,0,0,8,1.2715821059163102,0,0,1,0,0,0,0,0
1570627800,263.72561395,265.13154585,261.82615459,264.19728142,265.2432755932976,266.4960771262025,266.10513012765864,0,0,0,0,0,1,0.125,8,1.2620996239980924,0,0,1,1,1,0,0,0
1570714200,264.11564667,266.86401678,263.95237716,265.98417552,265.3914555786381,266.4495406165477,266.10038680971127,0,0,0,0,0,4,0.5,8,1.2422669015112313,0,0,1,1,1,0,0,0
1570800600,268.73254564,270.97296616,268.61898262,268.74161617,266.0614876969105,266.65791112140704,266.20396443168335,0,0,0,0,0,5,0.625,8,1.274294224848203,0,0,1,1,1,0,0,0
1571059800,268.42414767,269.09536677,268.09760865,268.44228873,266.5376479035284,266.82012726764276,266.29174185514677,0,0,0,0,0,4,0.5,8,1.2111415073708454,1,0,1,1,1,0,0,0
1571146200,269.4853995,271.84373689,269.36748263,271.09995356,267.45010903482273,267.2092023851298,266.4802991769057,0,0,0,0,0,4,0.5,8,1.2032266362119266,1,0,1,1,1,0,0,0
1571232600,270.63735661,271.35392835,270.22918283,270.66456819,268.0930008658582,267.5233265492089,266.64438815781136,0,0,0,0,0,2,0.25,8,1.1487612267779361,1,0,1,1,1,0,0,0
1571319000,271.82559583,272.33354542,270.76887927,271.46277469,268.76695563068654,267.8814581983717,266.833344492407,0,0,0,0,0,3,0.375,8,1.1074852386027427,1,0,1,1,1,0,0,0
1571405400,270.92761352,271.56708577,269.38562368,270.27453547,269.06847159854925,268.09901067761064,266.96829315819497,0,0,0,0,0,0,0,8,1.0905523492503892,1,0,1,1,1,0,0,0
1571664600,271.58976209,272.30633384,271.14984146,272.10678221,269.6761337208394,268.4633535441915,267.1698025327756,1,0,1,0,0,5,0.625,8,1.059172088099536,1,1,1,1,1,0,1,0
1571751000,272.64194339,272.9322003,271.12716514,271.21787043,269.98448106267153,268.71376417017404,267.32855029345103,0,0,0,0,0,0,0,8,1.0342782256477823,1,0,1,1,1,0,0,0
1571837400,270.96389563,272.06142957,270.75073821,272.0070064,270.38898613013725,269.01314982743094,267.5120191603745,0,0,0,0,0,1,0.125,8,0.9920334609072126,1,0,0,1,0,0,0,0
1571923800,272.94127083,273.08639928,271.62613491,272.45146229,270.8014813621098,269.3257236876645,267.7057228125167,0,0,0,0,0,2,0.25,8,0.9579549330254998,1,0,0,1,0,0,0,0
1572010200,271.880019,274.11136899,271.82614006,273.56713729,271.35461254768785,269.71130674242227,267.93558220379055,0,0,0,0,0,3,0.375,8,0.9455693448819016,1,0,0,1,0,0,0,0
1572269400,274.7825881,275.60800618,274.75537651,275.10912712,272.10551546215027,270.2020176858384,268.2168976907007,0,0,0,0,1,5,0.625,8,0.9260958708565112,1,1,0,0,0,0,0,0
1572355800,274.83701127,275.95268626,274.71002387,275.02749236,272.68991084172023,270.6406972016713,268.4839798345948,0,0,0,0,0,0,0,8,0.8924751371743778,1,0,0,0,0,0,0,0
1572442200,275.22704399,276.24294317,273.9208879,275.87105151,273.3261389753762,271.1161839569739,268.77366891990476,0,0,0,0,1,5,0.625,8,0.8863155176725287,1,1,0,0,0,0,0,0
1572528600,275.86198098,275.86198098,273.68505416,275.13633871,273.68817892230095,271.48165257088533,269.02318538226143,0,0,0,0,0,1,0.125,8,0.8819560073685333,1,0,0,0,0,0,0,0
1572615000,276.57855272,277.73050983,276.41528321,277.68515719,274.48757457584077,272.0456075362594,269.3628705511924,0,0,0,0,0,3,0.375,8,0.878171588943689,1,0,0,0,0,0,0,0
1572877800,279.23621755,279.37227548,278.42894052,278.80083219,275.35022609867264,272.65971886841766,269.7329866938907,0,0,0,0,0,4,0.5,8,0.8554057356173591,1,0,0,0,0,0,0,0
1572964200,279.00038381,279.29925773,278.20217731,278.49243422,275.9786677229381,273.1899657185615,270.07649444001265,0,0,0,0,0,1,0.125,8,0.8233231729932766,1,0,0,0,0,0,0,0
1573050600,278.49243422,278.82804377,277.61259297,278.55592792,276.49411976235046,273.6777804641468,270.4090212431494,0,0,0,0,0,0,0,8,0.7955072518166381,1,0,0,0,0,0,0,0
1573137000,279.8892956,280.86891267,279.06387751,279.53554499,277.10240480788036,274.2103045119516,270.76692413518276,0,0,0,0,0,3,0.375,8,0.7951993736535552,1,0,0,0,0,0,0,0
1573223400,279.19086491,280.28259371,278.49243422,280.22490515,277.7269048763043,274.75708638813785,271.1378253514501,0,0,0,0,0,2,0.25,8,0.7822136195329921,1,0,0,0,0,0,0,0
1573482600,278.84618483,279.86208401,278.7101269,279.68974397,278.11947269504344,275.2055098046708,271.4731947090403,0,0,0,0,0,3,0.375,8,0.766416174434498,1,0,0,0,0,0,0,0
1573569000,280.05256511,281.17731064,279.50833341,280.27932832,278.55144382003476,275.66676603333707,271.8185332820191,0,0,0,0,0,0,0,8,0.7527086352263492,1,0,0,0,0,0,0,0
1573655400,279.29064072,280.76913686,279.06387751,280.37003361,278.9151617780278,276.0943358130337,272.15388623605753,0,0,0,0,0,1,0.125,8,0.7421617110318494,1,0,0,0,0,0,0,0
1573741800,280.08884722,280.85984214,279.45391024,280.77820739,279.28777090042223,276.52014232003063,272.49209490876115,0,0,0,0,0,2,0.25,8,0.7239145309517091,1,0,0,0,0,0,0,0
1573828200,282.11157506,282.85535839,281.4222149,282.81000575,279.9922178703378,277.0919480863915,272.8967188633195,0,0,0,0,0,4,0.5,8,0.7198390534804976,1,0,0,0,0,0,0,0
1574087400,282.57417201,283.25446165,282.12064559,283.01862791,280.59749987827024,277.63073716126496,273.29365647299323,0,0,0,0,0,3,0.375,8,0.6965446448024392,1,0,0,0,0,0,0,0
1574173800,283.61728278,283.62635331,282.29298563,282.93699315,281.0653985326162,278.1131240693318,273.6718265387582,0,0,0,0,0,2,0.25,8,0.680639470655484,1,0,0,0,0,0,0,0
1574260200,282.3474088,282.86442892,280.33375149,281.88481185,281.229281196093,278.4560047766652,273.993904394101,0,0,0,0,0,0,0,8,0.7003466760728897,1,0,0,0,0,0,0,0
1574346600,281.99365819,282.10250454,280.63307893,281.43128543,281.26968204287436,278.7264848360593,274.2855663955088,0,0,0,0,0,-1,0.125,8,0.6886646136231211,1,0,0,1,0,0,0,0
1574433000,282.17506876,282.31112669,281.05032324,282.05715189,281.42717601229947,279.0292727500539,274.5903344541163,0,0,0,0,0,0,0,8,0.6699841058096706,1,0,0,0,0,0,0,0
1574692200,282.98234579,284.24314924,282.98234579,284.24314924,281.99037065783955,279.50326152186716,274.9688762104255,0,0,0,0,1,5,0.625,8,0.6722763479095254,1,1,0,0,0,0,0,0
1574778600,284.27943136,285.06856733,283.96196286,284.88715676,282.56972787827164,279.9927065435156,275.3578283888402,0,0,0,0,0,4,0.5,8,0.650590866090029,1,0,0,0,0,0,0,0
1574865000,285.36789477,286.15703074,285.15020209,286.15703074,283.2871884506173,280.5530996522869,275.78132652025823,0,0,0,0,0,3,0.375,8,0.6331369273886558,1,0,0,0,0,0,0,0
1575037800,285.59465798,285.83956225,284.8690157,285.09577892,283.64890654449385,280.9660704948063,276.14659916338536,0,0,0,0,0,-3,0.375,8,0.6223715650238816,1,0,0,0,0,0,0,0
1575297000,285.34975371,285.41324741,282.24763299,282.67394783,283.4539148015951,281.121332070733,276.40257362089966,0,0,0,0,0,-4,0.5,8,0.6628593628665328,1,0,0,1,0,0,0,0
1575383400,279.96185983,280.85984214,278.58313951,280.77820739,282.91877331927606,281.0901389179391,276.57416710204086,0,0,0,0,0,0,0,8,0.7237361594033372,0,0,0,1,0,1,0,0
1575469800,281.82131815,283.10933319,281.47663807,282.51067831,282.83715431742087,281.2192788626719,276.8069714631373,0,0,0,0,0,2,0.25,8,0.7268584971688179,1,0,0,1,0,0,0,0
1575556200,283.209109,283.22725006,281.71247181,283.01862791,282.8734490359367,281.38285604879263,277.0505658336025,0,0,0,0,0,1,0.125,8,0.7119588300472015,1,0,0,1,0,0,0,0
1575642600,284.92343888,286.00283176,284.91436835,285.60372851,283.4195049307493,281.7665717270842,277.38598397777497,0,0,0,0,1,5,0.625,8,0.7297547114196761,1,1,0,0,0,0,0,0
1575901800,285.21369578,285.88491489,284.63318197,284.70574619,283.67675318259944,282.03376940553113,277.6730334762936,0,0,0,0,0,1,0.125,8,0.7111708427193021,1,0,0,1,0,0,0,0
1575988200,284.65132302,285.3134716,283.73519965,284.3882777,283.81905808607956,282.2478156141192,277.93637638702717,0,0,0,0,0,-1,0.125,8,0.7007508859639734,1,0,0,1,0,1,0,0
1576074600,284.84180412,285.44952952,284.30600801,285.19555473,284.0943574148637,282.51579189738106,278.2210500475359,0,0,0,0,0,4,0.5,8,0.6774954173335294,1,0,0,1,0,0,0,0
1576161000,285.20462526,288.43373338,284.96879152,287.65366793,284.80621951789095,282.98287153671004,278.590956631162,0,0,0,0,1,5,0.625,8,0.7097664812451431,1,1,0,0,0,0,0,0
1576247400,287.41783419,289.05052931,286.64683928,287.82600797,285.41017720831275,283.4231566670091,278.95311550719487,0,0,0,0,0,3,0.375,8,0.7183256141360165,1,0,0,0,0,0,0,0
1576506600,289.54940837,290.39296752,289.50405573,289.80338317,286.2888184006502,284.0031772581901,279.37861619985387,0,0,0,0,0,4,0.5,8,0.7257339796588285,1,0,0,0,0,0,0,0
1576593000,290.18434536,290.4836728,289.78524211,289.86687687,287.00443009452016,284.5362408592637,279.7899205398596,0,0,0,0,0,2,0.25,8,0.6909588519941714,1,0,0,0,0,0,0,0
1576679400,290.25690959,290.4836728,289.83059475,289.88501792,287.5805476596161,285.02249331933064,280.1858067116298,0,0,0,0,0,-1,0.125,8,0.6576565431511346,1,0,0,0,0,0,0,0
1576765800,290.07549902,291.14582137,289.82569667,291.07325715,288.2790895576929,285.5725627584824,280.6127655523502,0,0,0,0,1,6,0.75,8,0.6405836062211185,1,1,0,0,0,0,0,0
1576852200,292.1032574,293.48346945,291.12547807,292.34936574,289.0931447941543,286.18863575680217,281.0730243832384,0,0,0,0,0,2,0.25,8,0.651118974154718,1,0,0,0,0,0,0,0
1577111400,293.13326639,293.18795713,292.65016483,292.79600681,289.83371719732344,286.78930585254744,281.53274918428787,0,0,0,0,0,0,0,8,0.6241459016795393,1,0,0,0,0,0,0,0
1577197800,293.0238849,293.06946052,292.50432285,292.80512193,290.42799814385876,287.3361982232249,281.97480301745304,0,0,0,0,0,-1,0.125,8,0.593332304042339,1,0,0,0,0,0,0,0
1577370600,293.18795713,294.37292323,293.17884201,294.3638081,291.215160135087,287.9750718483863,282.46064635402354,0,0,0,0,0,3,0.375,8,0.5860774157523176,1,0,0,0,0,0,0,0
1577457000,295.09301801,295.14770875,293.76220993,294.29088711,291.8303055300696,288.54923687216933,282.9245773640618,0,0,0,0,0,1,0.125,8,0.5779776127127493,1,0,0,0,0,0,0,0
1577716200,294.37292323,294.50965008,292.18529351,292.66839508,291.9979234400557,288.9237058001539,283.30668786272605,0,0,0,0,0,-2,0.25,8,0.5963969986301016,1,0,0,0,0,0,0,0
1577802600,292.16706327,293.62548307,291.82068856,293.37937473,292.27421369804455,289.3287666119581,283.7016951908544,0,0,0,0,0,-2,0.25,8,0.5963961544694683,1,0,0,0,0,0,0,0
1577975400,294.91071553,296.14125724,293.99008803,296.123027,293.04397635843566,289.9464266472346,284.18880624219344,0,0,0,0,1,6,0.75,8,0.6152854243452142,1,1,0,0,0,0,0,0
1578061800,292.74131607,295.00186677,292.68662532,293.88070654,293.21132239474855,290.3040884556678,284.568880763676,0,0,0,0,0,-1,0.125,8,0.6592185385529964,1,0,0,0,0,0,0,0
1578321000,292.13060277,295.08390288,292.01210616,295.00186677,293.5694312697988,290.7311592115162,284.9780174698064,0,0,0,0,0,1,0.125,8,0.6841822565162512,1,0,0,0,0,0,0,0
1578407400,294.43672909,294.91071553,293.72574944,294.1723905,293.69002311583904,291.0439984195602,285.33858111804926,0,0,0,0,0,1,0.125,8,0.6680891349371805,1,0,0,0,0,0,0,0
1578493800,294.3638081,296.95250326,294.11769976,295.7401918,294.10005685267123,291.47092509050924,285.74648741930224,0,0,0,0,0,2,0.25,8,0.6855472523545385,1,0,0,0,0,0,0,0
1578580200,297.29887797,297.81844002,296.71551004,297.74551903,294.829149288137,292.041342721372,286.2170376785453,0,0,0,0,0,3,0.375,8,0.6821489750121443,1,0,0,0,0,0,0,0
1578666600,298.32879581,298.48384406,296.42382608,296.8886974,295.2410589105096,292.48201132852,286.6355341382102,0,0,0,0,0,2,0.25,8,0.6848141674923223,1,0,0,0,0,0,0,0
1578925800,297.50852581,298.93960025,297.080115,298.93048513,295.97894415440766,293.06823621956363,287.1176890790647,0,0,0,0,0,4,0.5,8,0.6805612118157005,1,0,0,0,0,0,0,0
1579012200,298.49295919,299.54119842,297.92235244,298.47472894,296.47810111152614,293.55973555778513,287.5630631912582,0,0,0,0,0,1,0.125,8,0.6716555726224734,1,0,0,0,0,0,0,0
1579098600,298.3835777,299.90580337,298.30154159,299.1492481,297.01233050922093,294.06787306162283,288.0174233837579,0,0,0,0,0,4,0.5,8,0.6605792427084808,1,0,0,0,0,0,0,0
1579185000,300.52563179,301.6376769,300.2977537,301.6376769,297.93739978737676,294.75603704692986,288.55155097263014,0,0,0,0,0,3,0.375,8,0.667261297898468,1,0,0,0,0,0,0,0
1579271400,302.34865655,302.7861825,301.57742593,302.57653465,298.8652267599014,295.46699137448167,289.101550332527,0,0,0,0,0,2,0.25,8,0.646212083014275,1,0,0,0,0,0,0,0
1579617000,301.61944665,302.7861825,301.54652566,301.9840516,299.48899172792113,296.05945139498334,289.6067464606632,0,0,0,0,0,1,0.125,8,0.6305530836886534,1,0,0,0,0,0,0,0
1579703400,302.84087324,303.48804703,301.86555499,302.0205121,299.9952958023369,296.6013660045303,290.0935607994607,0,0,0,0,0,0,0,8,0.6238152170893215,1,0,0,0,0,0,0,0
1579789800,301.37333831,302.77542665,300.2612932,302.3668868,300.4696140018695,297.1255042586639,290.57486770144266,0,0,0,0,0,3,0.375,8,0.6379851644933501,1,0,0,0,0,0,0,0
1579876200,303.02317572,303.10521183,298.39269282,299.67792528,300.3112762574956,297.35754253333084,290.93185035158217,0,0,0,0,0,-2,0.25,8,0.710053859698663,1,0,0,1,0,0,0,0
1580135400,294.44584422,296.35090509,294.10858464,294.87425504,299.22387201399647,297.1317891248462,291.08645445701035,0,0,0,0,0,-1,0.125,8,0.8049850510975504,1,0,0,1,0,0,0,0
1580221800,296.29621435,298.83933389,294.96887002,297.964282,298.97195401119717,297.20747029531475,291.3561731841864,0,0,0,0,0,2,0.25,8,0.8347859769383471,1,0,0,1,0,1,0,0
1580308200,299.32243545,299.55031355,297.51764094,297.71817366,298.7211979409577,297.2538978739225,291.60566339892415,0,0,0,0,0,3,0.375,8,0.8245670906761361,1,0,0,1,0,0,0,0
1580394600,295.65815568,298.89402463,294.91071553,298.68437679,298.71383371076615,297.3839414117477,291.8832600024958,0,0,0,0,0,4,0.5,8,0.8584510456034592,1,0,0,1,0,0,0,0
1580481000,298.06454837,298.21950547,292.34936574,293.26087812,297.62324259261294,297.00911747613424,291.9372842423979,0,0,0,0,0,1,0.125,8,0.9661748544552919,1,0,0,1,0,0,0,0
1580740200,294.73752818,297.29887797,294.61903157,295.43939271,297.1864726160903,296.8664152246675,292.0746218293627,0,0,0,0,0,3,0.375,8,0.9881738393989984,0,0,0,1,0,1,0,0
1580826600,299.03986661,300.80820063,298.72083728,299.94226387,297.7376308668723,297.1460378287886,292.38315681134844,0,0,0,0,0,3,0.375,8,1.0316680767528779,1,0,1,1,1,0,0,0
1580913000,302.86821861,303.61565876,301.4097988,303.40601092,298.87130687749783,297.715126291626,292.815425599923,0,0,0,0,0,4,0.5,8,1.0335209708497586,1,0,1,0,0,0,0,0
1580999400,304.36309891,304.61832238,303.35132017,304.42690478,299.98242645799826,298.3252879723873,293.2707777246319,0,0,0,0,0,4,0.5,8,0.9862077444495959,1,0,0,0,0,0,0,0
1581085800,303.36955042,304.43975711,302.25750532,302.80441274,300.5468237143986,298.7324811330794,293.6446457644503,0,0,0,0,0,-1,0.125,8,0.972148364251629,1,0,0,1,0,0,0,0
1581345000,301.92024574,305.12876931,301.88378524,305.06496345,301.4504516615189,299.30816134370855,294.092501359962,0,0,0,0,1,6,0.75,8,0.9719988230390142,1,1,0,0,0,0,0,0
1581431400,306.41400177,307.19790242,305.0686095,305.59364063,302.2790894552151,299.87956855155323,294.5435264293753,0,0,0,0,0,0,0,8,0.9508635854564675,1,0,0,0,0,0,0,0
1581517800,307.02471507,307.77215522,306.66011011,307.56250737,303.3357730381721,300.5780175350484,295.05407470155666,0,0,0,0,0,4,0.5,8,0.9278865749582712,1,0,0,0,0,0,0,0
1581604200,306.14246223,308.20056604,305.86709434,307.23436291,304.1154910125377,301.18313984186216,295.53173306267206,0,0,0,0,0,2,0.25,8,0.9167798328260472,1,0,0,0,0,0,0,0
1581690600,307.64454348,307.84507621,306.45046227,307.7265796,304.83770873003016,301.7779980016929,296.0099623386457,0,0,0,0,0,2,0.25,8,0.8823052504254448,1,0,0,0,0,0,0,0
1582036200,306.7330311,307.78828899,305.54806501,306.93356383,305.25687975002415,302.24668580426624,296.4383388677184,0,0,0,0,0,2,0.25,8,0.8735339639153211,1,0,0,0,0,0,0,0
1582122600,307.89976695,309.07561792,307.61719811,308.40109876,305.88572355201933,302.80617789115115,296.9074667066314,0,0,0,0,0,2,0.25,8,0.8568908264964067,1,0,0,0,0,0,0,0
1582209000,307.85628781,308.67455247,304.15500064,307.13409655,306.13539815161545,303.1996250419556,297.3085110142145,0,0,0,0,0,0,0,8,0.9040755831740642,1,0,0,1,0,0,0,0
1582295400,305.78505823,306.09497244,303.15078745,303.97114859,305.70254823929235,303.26976354632325,297.5697909191473,0,0,0,0,0,-2,0.25,8,0.941835766664013,1,0,0,1,0,0,0,0
1582554600,294.54611058,297.01630913,292.81423706,293.88982166,303.3400029234339,302.4170415566575,297.42547839918075,0,0,0,0,0,0,0,8,1.175725559512692,1,0,1,0,0,1,0,0
1582641000,295.27532048,295.88603378,284.10929382,284.98434571,299.6688714807471,300.8322510251432,296.9375908427423,0,0,0,0,0,-5,0.625,8,1.4210337105050146,1,0,1,0,0,1,0,0
1582727400,286.37895965,289.96120331,283.20689657,283.93610647,296.5223184785977,299.29623788376654,296.4277287104779,0,0,0,0,0,-2,0.25,8,1.4943179236219257,1,0,1,0,0,0,0,0
1582813800,278.43057169,283.99416981,271.18404827,271.18404827,291.45466443687815,296.74058428251504,295.4377804579101,0,0,0,0,0,-4,0.5,8,1.7902424484561974,1,0,1,0,0,1,0,0
1582900200,263.1536242,271.532246,260.27324508,270.0446578,287.17266310950254,294.3136818750137,294.44197172622734,0,0,0,0,0,-2,0.25,8,1.9671898719674157,1,0,1,0,0,1,0,0
1583159400,271.82210694,281.8031675,268.40393551,281.73936163,286.086002813602,293.1705618527397,293.94383015382624,0,0,0,0,0,4,0.5,8,2.0905597836274956,1,0,1,0,0,1,0,0
1583245800,282.11308171,286.06904544,271.23873901,273.67247707,283.6032976648816,291.39800869067244,293.1488751309311,0,0,0,0,0,0,0,8,2.385526009151413,1,0,1,0,0,0,0,0
1583332200,279.03216987,285.39452628,276.48905032,285.17576331,283.9177907939053,290.83235001970223,292.8362040791299,0,0,0,0,0,3,0.375,8,2.419382991186536,1,0,1,1,1,1,0,0
1583418600,277.99304575,281.17422396,273.46282922,275.69603455,282.27343954512423,289.4563213406384,292.1640405681836,0,0,0,0,0,-2,0.25,8,2.627281556612298,1,0,1,0,0,1,0,0
1583505000,267.20985429,272.34166899,264.54823814,271.13847265,280.0464461660994,287.7910623687622,291.33950849296076,0,0,0,0,0,-2,0.25,8,2.7743030358858065,1,0,1,0,0,1,0,0
1583760600,250.9393583,259.04270336,249.2530604,249.96404006,274.0299649448795,284.35224215887473,289.7169411034329,0,0,0,0,0,-4,0.5,8,3.4197504579818108,1,0,1,0,0,1,0,0
1583847000,259.45288394,262.98955197,249.29863602,262.89840073,271.8036521019036,282.40189293806793,288.66523363780806,0,0,0,0,0,1,0.125,8,3.3912291066776663,1,0,1,0,0,1,0,0
1583933400,255.86152516,256.99180051,246.91047358,250.08253667,267.45942901552286,279.46376964097084,287.152186697894,0,0,0,0,1,-5,0.625,8,3.767020881279585,1,1,1,0,0,1,0,0
1584019800,233.34716936,243.06389134,225.76338636,226.15533668,259.1986105484183,274.61754846270077,284.760153363859,0,0,0,0,1,-6,0.75,8,4.636122813485297,1,1,1,0,0,1,0,0
1584106200,239.80979214,247.45318805,226.53242935,245.48851427,256.45659129273463,271.9694544451825,283.22008908566846,0,0,0,0,0,-2,0.25,8,4.585630902681041,1,0,1,0,0,1,0,0
1584365400,219.83855589,234.16753051,216.35657859,218.62624442,248.89052191818772,267.1200717156205,280.6869971379952,0,0,0,0,0,-2,0.25,8,5.733055627594479,1,0,1,0,0,1,0,0
1584451800,223.35699368,233.50212647,216.09224,230.43032975,245.19848348455017,263.78464062783684,278.7161474365052,0,0,0,0,0,0,0,8,5.590515964016995,1,0,1,0,0,1,0,0
1584538200,215.34479985,226.3923299,207.84305296,218.76297128,239.91138104364012,259.6917615962153,276.36504248919124,0,0,0,0,0,-4,0.5,8,6.205557043115921,1,0,1,0,0,1,0,0
1584624600,218.07933699,225.48993265,211.67140496,219.22784259,235.7746733529121,256.0132235047412,274.1243679833406,0,0,0,0,0,2,0.25,8,6.200317769785237,1,0,1,0,0,1,0,0
1584711000,222.36863771,224.14736676,209.50494255,209.78000374,230.57573943032966,251.81020352612833,271.601059581641,0,0,0,0,0,-2,0.25,8,6.515298960956001,1,0,1,0,0,1,0,0
1584970200,209.22071265,210.58987558,200.11618714,204.41631047,225.34385363826374,247.50166779375303,268.96636353804723,0,0,0,0,0,-2,0.25,8,6.574643651021442,1,0,1,0,0,1,0,0
1585056600,214.93281677,223.80812462,214.36435697,222.93709751,224.86250241261098,245.26852504068458,267.1612942820454,0,0,0,0,0,4,0.5,8,6.21915291134272,1,0,1,0,0,1,0,0
1585143000,224.51411502,235.03979003,219.81973731,226.27450666,225.14490326208877,243.541796096986,265.55789084588673,0,0,0,0,0,1,0.125,8,6.170205841647761,1,0,1,1,1,1,0,0
1585229400,228.77756352,240.9536057,228.34663432,239.48661266,228.013245141671,243.17314305725998,264.5354877797735,0,0,0,0,0,4,0.5,8,5.851204959590312,1,0,1,1,1,1,0,0
1585315800,232.21582844,239.12903311,230.18037561,232.35335904,228.8812679213368,242.18952632841817,263.27344351546867,0,0,0,0,0,-1,0.125,8,5.8861493511685445,1,0,1,1,1,1,0,0
1585575000,234.44382411,240.61436356,232.45421481,239.89920446,231.08485522906946,241.98131524947107,262.356806689764,0,0,0,0,0,2,0.25,8,5.539756924787649,1,0,1,1,1,1,0,0
1585661400,238.89981545,241.43954714,234.92059685,236.32340894,232.13256597125556,241.46696013042825,261.33588913094974,0,0,0,0,0,-4,0.5,8,5.418929248111802,1,0,1,1,1,1,0,0
1585747800,227.36558273,236.2400654,223.62475049,225.68770945,230.84359466700445,240.03248279584386,259.93792130032426,0,0,0,0,0,-2,0.25,8,5.670896717670431,1,0,1,1,1,1,0,0
1585834200,224.80751363,231.67487476,224.25739124,230.89553471,230.85398267560356,239.20185115167624,258.79900417913507,0,0,0,0,0,2,0.25,8,5.376525533638903,1,0,1,1,1,1,0,0
1585920600,229.91448312,232.26167198,224.83501975,227.55812556,230.19481125248285,238.14333064334204,257.57387168426703,0,0,0,0,0,-2,0.25,8,5.298825072585302,1,0,1,1,1,1,0,0
1586179800,236.40592729,244.80446241,227.53960478,242.84235923,232.7243208479863,238.57051506031095,256.9961653135115,0,0,0,0,0,1,0.125,8,5.118477721696595,0,0,1,1,1,1,0,0
1586266200,251.41509977,252.16693369,242.86986535,243.0899143,234.79743953838903,238.98136953664633,256.450822136511,0,0,0,0,0,0,0,8,5.022021574684403,0,0,1,1,1,1,0,0
1586352600,245.68465823,253.05629822,243.20378964,251.25006305,238.08796424071122,240.09670531058757,256.2468707997851,0,0,0,0,0,1,0.125,8,4.795187060106483,0,0,1,1,1,1,0,0
1586439000,254.50495384,257.82402558,252.57035678,255.07341364,241.48505412056898,241.45822424962506,256.20085287195036,0,0,0,0,0,4,0.5,8,4.57002321845853,1,0,1,1,1,1,0,0
1586784600,254.10153076,254.4407729,248.84786196,252.7445622,243.73695573645517,242.48425497238642,256.0653120612856,0,0,0,0,0,-1,0.125,8,4.458635889807823,0,0,1,1,1,1,0,0
1586871000,257.62231404,261.21644697,252.60758173,260.19872055,247.02930869916415,244.09466093398765,256.22740651182346,0,0,0,0,0,2,0.25,8,4.257881431912947,0,0,1,1,1,1,0,0
1586957400,254.49578514,256.04529653,252.56118807,254.66999056,248.55744507133133,245.0560545363524,256.16633137645783,0,0,0,0,0,-1,0.125,8,4.253794187735109,0,0,1,1,1,1,0,0
1587043800,255.94444076,256.75128692,252.83624927,255.89859722,250.02567550106505,246.0417402348658,256.1558319977732,0,0,0,0,0,-2,0.25,8,4.04026727648543,0,0,1,1,1,1,0,0
1587130200,261.65654488,263.41693652,258.92427035,262.81180189,252.58290077885204,247.56629129442348,256.41685042491935,0,0,0,0,0,1,0.125,8,3.85732769819628,0,0,1,0,0,1,0,0
1587389400,259.11681319,262.95043273,257.96155618,258.18160513,253.7026416490816,248.53131982493042,256.48605649178523,0,0,0,0,0,-1,0.125,8,3.7840622758194407,0,0,1,1,1,1,0,0
1587475800,253.72561379,254.92671434,249.40715305,250.34236111,253.03058554126528,248.69595994175492,256.245127261127,0,0,0,0,0,-5,0.625,8,3.8741584831136975,0,0,1,1,1,1,0,0
1587562200,255.21094424,257.64065145,253.89065051,255.89859722,253.60418787701224,249.3507451488681,256.23153784774945,0,0,0,0,0,0,0,8,3.7230391101905007,0,0,1,1,1,1,0,0
1587648600,257.17304742,260.33625115,255.5776925,255.88025981,254.0594022636098,249.94433739078917,256.21776223842596,0,0,0,0,0,3,0.375,8,3.5901899105236073,0,0,1,1,1,1,0,0
1587735000,257.39309638,260.11620219,255.34847484,259.44688662,255.13689913488784,250.8082055025356,256.34439456711516,0,0,0,0,0,4,0.5,8,3.4191793683896012,0,0,1,1,1,1,0,0
1587994200,261.41815851,264.30630104,260.95972319,263.18771886,256.7470630799103,251.93361580775965,256.61276022565966,0,0,0,0,0,3,0.375,8,3.261708367339242,0,0,1,1,1,1,0,0
1588080600,266.82769532,267.17610617,261.67488229,261.9774496,257.79314038392823,252.84669160705423,256.823140201124,0,0,0,0,0,1,0.125,8,3.1927129082797183,0,0,1,1,1,0,0,0
1588167000,267.29529935,270.36681601,266.26840423,268.83564203,260.0016407131426,254.30023255459474,257.29421870421714,0,0,0,0,0,1,0.125,8,3.1119334681773814,0,0,1,0,0,0,0,0
1588253400,267.46033607,268.9400736,264.59969965,266.33258517,261.2678296045141,255.39408279235886,257.6486644479733,0,0,0,0,0,1,0.125,8,3.033215996811545,0,0,1,1,1,0,0,0
1588339800,261.59236393,266.49505465,258.11742419,259.28184991,260.87063366561125,255.74751616668988,257.71271093668025,0,0,0,0,0,-5,0.625,8,3.1239414343513463,0,0,1,1,1,0,0,0
1588599000,257.40226508,260.29957632,255.92610334,259.99700901,260.695908734489,256.1338336978999,257.80229125328106,0,0,0,0,0,1,0.125,8,3.0129754248158327,0,0,1,1,1,1,0,0
1588685400,262.81180189,265.20483428,260.12848826,262.3992101,261.0365690075912,256.70341337081805,257.98256258060337,0,0,0,0,0,1,0.125,8,2.913914017191667,0,0,1,1,1,1,0,0
1588771800,264.0954208,264.48050647,260.18955185,260.62048105,260.95335141607296,257.05951043256186,258.086010363717,0,0,0,0,0,-1,0.125,8,2.841846886092813,0,0,1,1,1,0,0,0
1588858200,263.82952831,265.69077572,263.26106851,263.76534736,261.5157506048584,257.66913197141986,258.3087294616104,0,0,0,0,0,2,0.25,8,2.7447001395248543,0,0,1,1,1,0,0,0
1588944600,266.89187627,268.59725567,265.76412537,268.12965164,262.8385308118867,258.62008830492715,258.6938636646845,0,0,0,0,0,4,0.5,8,2.6358860841575895,0,0,1,1,1,0,0,0
1589203800,266.20422328,269.55996984,265.78246278,268.18466388,263.9077574255094,259.48959517538833,259.06605190842237,0,0,0,0,0,-2,0.25,8,2.547716933764619,1,0,1,1,1,0,0,0
1589290200,269.36742701,269.7800188,262.70177741,262.83930801,263.6940675424075,259.7941145239894,259.2140227359352,0,0,0,0,0,-4,0.5,8,2.606205652437964,1,0,1,1,1,0,0,0
1589376600,262.28001692,263.31608075,255.77481969,258.19077384,262.593408801926,259.64835627999037,259.1738953282515,0,0,0,0,0,-2,0.25,8,2.672248545739208,0,0,1,1,1,1,0,0
1589463000,255.76106663,261.4089898,253.39554036,261.28062791,262.3308526235408,259.79674460999126,259.2565122922416,0,0,0,0,0,1,0.125,8,2.6711000847414663,1,0,1,1,1,1,0,0
1589549400,258.89676423,262.52757199,257.95238747,262.48172846,262.3610277908326,260.04083405090114,259.3829913576439,0,0,0,0,0,3,0.375,8,2.5934609684173275,1,0,1,1,1,0,0,0
1589808600,268.68894273,272.08136412,268.368038,270.47684049,263.9841903306661,260.98956190900105,259.8180442647951,0,0,0,0,0,2,0.25,8,2.590539486305881,1,0,1,1,1,1,0,0
1589895000,269.88087457,271.58166962,267.68038502,267.69872243,264.72709675053284,261.59948559272823,260.12709046735216,0,0,0,0,0,0,0,8,2.5345605297952862,1,0,1,1,1,0,0,0
1589981400,271.22867442,273.10825924,270.99945676,272.24640084,266.2309575684263,262.56738697884384,260.60235754078934,0,0,0,0,0,4,0.5,8,2.4561352344357323,1,0,1,1,1,0,0,0
1590067800,272.11803895,272.92488511,269.27445633,270.36681601,267.05812925674104,263.2764259816762,260.9852774807584,0,0,0,0,0,-2,0.25,8,2.3929935315925093,1,0,1,1,1,0,0,0
1590154200,270.08258611,271.054469,268.84481074,270.88026357,267.82255611939286,263.96768394425106,261.3733161509247,0,0,0,0,0,0,0,8,2.276120151111103,1,0,1,1,1,0,0,0
1590499800,276.83075407,277.06914043,273.86009317,274.21767272,269.1015794395143,264.89950110568276,261.8770164085355,0,0,0,0,0,1,0.125,8,2.2490256278646483,1,0,1,0,0,0,0,0
1590586200,277.00495949,278.33442192,272.1913886,278.2977471,270.9408129716114,266.1175234688025,262.5209666317302,0,0,0,0,0,4,0.5,8,2.215432129856652,1,0,1,0,0,0,0,0
1590672600,279.32464222,281.33258894,277.11498397,277.78429954,272.30951028528915,267.17813947527503,263.11952870656427,0,0,0,0,0,-2,0.25,8,2.1694395689306876,1,0,1,0,0,0,0,0
1590759000,277.31669551,279.60887212,274.57525228,279.02207491,273.65202321023133,268.2548608784318,263.7431579694441,0,0,0,0,0,3,0.375,8,2.134401846760272,1,0,1,0,0,0,0,0
1591018200,278.38026546,280.75037608,277.86681789,280.1498258,274.9515837281851,269.33622132584713,264.3865567078973,0,0,0,0,0,0,0,8,2.047487016670552,1,0,1,0,0,0,0,0
1591104600,281.06669645,282.51535207,279.73723401,282.46950854,276.4551686905481,270.5301565271338,265.0956920738621,0,0,0,0,0,3,0.375,8,1.9558754575474389,1,0,1,0,0,0,0,0
1591191000,284.44994913,287.18222366,284.17488794,286.22867818,278.4098705884385,271.95729485921254,265.924436627044,0,0,0,0,0,1,0.125,8,1.9099236344445683,1,0,1,0,0,0,0,0
1591277400,285.24762659,286.98051211,283.38637918,285.47684425,279.8232653207508,273.18634480382957,266.69119771029716,0,0,0,0,0,0,0,8,1.868099279312472,1,0,1,0,0,0,0,0
1591363800,290.85887494,294.56761671,290.794694,292.79347201,282.41730665860064,274.96881091348143,267.7148163102855,0,0,0,0,0,2,0.25,8,1.9130904122611314,1,0,1,0,0,0,0,0
1591623000,293.60031818,296.52513554,293.05936449,296.3325927,285.20036386688054,276.910972894074,268.83708205105864,0,0,0,0,1,5,0.625,8,1.845173665033208,1,1,1,0,0,0,0,0
1591709400,293.67366783,296.41043502,292.81180942,294.12293444,286.98487798150444,278.4756966709764,269.8286841055269,0,0,0,0,0,-1,0.125,8,1.813641249813893,1,0,1,0,0,0,0,0
1591795800,294.70056295,295.58992748,291.76740207,292.48173599,288.08424958320353,279.7489729727058,270.71703908138863,0,0,0,0,0,-1,0.125,8,1.786897379042584,1,0,1,0,0,0,0,0
1591882200,285.56853132,286.20117206,275.07036243,275.62048481,285.5914966285628,279.3736558670053,270.90933107074596,0,0,0,0,0,-2,0.25,8,2.211993572777782,1,0,1,1,1,1,0,0
1591968600,282.61620784,283.38637918,273.77757481,278.92121914,284.2574411308503,279.33252525545936,271.22352275973634,0,0,0,0,0,-2,0.25,8,2.2757578277666513,1,0,1,1,1,1,0,0
1592227800,273.24578984,282.65288267,272.07219541,281.52513177,283.7109792586802,279.5318531204176,271.6275074268055,0,0,0,0,0,2,0.25,8,2.362111279046341,1,0,1,1,1,1,0,0
1592314200,289.25435131,289.40105062,282.09359157,286.94383729,284.35755086494413,280.20566986310695,272.22814781359745,0,0,0,0,0,3,0.375,8,2.3480229073595544,1,0,1,1,1,0,0,0
1592400600,287.9615637,288.25496231,285.01840893,285.75190545,284.6364217819553,280.70987309827905,272.75849125031914,0,0,0,0,0,-1,0.125,8,2.2703046905997817,1,0,1,1,1,0,0,0
1592487000,284.23448453,286.33870266,283.78063356,285.86192993,284.8815234115642,281.1782419011628,273.2723515906988,0,0,0,0,0,0,0,8,2.1712473717919663,1,0,1,1,1,0,0,0
1592573400,289.32107307,289.51446335,282.28535038,284.22846227,284.7509111832514,281.45553466196617,273.7020029898871,0,0,0,0,0,-3,0.375,8,2.2094177739754284,1,0,1,1,1,0,0,0
1592832600,283.6298733,286.447846,282.48794972,286.05185637,285.0111002206011,281.87338208996925,274.1863109655778,0,0,0,0,0,0,0,8,2.137405171900469,1,0,1,1,1,1,0,0
1592919000,288.69485691,289.62497209,286.96364552,287.36875211,285.4826305984809,282.3729611826993,274.7032694418296,1,0,1,0,0,5,0.625,8,2.064451742900438,1,1,1,1,1,0,1,0
1593005400,285.33354961,285.9505567,278.2057363,280.03833947,284.3937723727847,282.1607228451812,274.91248787430686,0,0,0,0,0,-2,0.25,8,2.2008893425762883,0,0,1,1,1,0,0,0
1593091800,279.46737768,283.30755616,277.45059329,283.04049339,284.1231165762278,282.2407019856193,275.23123318864776,0,0,0,0,0,0,0,8,2.169813317194186,1,0,1,1,1,0,0,0
1593178200,281.94461512,282.15642352,275.73770792,276.31787877,282.5620690149822,281.7022635114721,275.27384674085766,0,0,0,0,0,-2,0.25,8,2.2526239913059145,0,0,1,1,1,0,0,0
1593437400,277.57031109,280.51721064,275.28646393,280.37907473,282.1254701579858,281.58197362224735,275.47405176003974,0,0,0,0,0,1,0.125,8,2.194681396342914,1,0,1,1,1,0,0,0
1593523800,279.94624885,285.66507581,279.78969482,283.97060856,282.4944978383886,281.79912225295215,275.8072500659205,0,0,0,0,0,2,0.25,8,2.1599302005693,1,0,1,1,1,0,0,0
1593610200,285.08490496,287.22140714,284.6244519,285.95976576,283.1875514227109,282.17736257177467,276.20538793627657,0,0,0,0,0,0,0,8,2.072898225355133,1,0,1,1,1,0,0,0
1593696600,289.3855365,290.73005942,286.87146281,287.53451521,284.0569441801687,282.66437644797696,276.6496674372069,1,0,1,0,0,5,0.625,8,2.032794652394771,1,1,1,1,1,0,1,0
1594042200,291.34706652,292.55345352,290.60113257,291.97328267,285.640211878135,283.51064064997905,277.25059352476745,0,0,0,0,0,2,0.25,8,1.9816822867676356,1,0,1,1,1,0,0,0
1594128600,290.43536947,292.40610854,288.58434818,288.96191969,286.304553440508,284.00621147179913,277.7098612175217,0,0,0,0,0,-1,0.125,8,1.9537803549325832,1,0,1,1,1,0,0,0
1594215000,289.72627176,291.28260309,287.96734109,291.17209435,287.2780616224064,284.6576553698174,278.2377919285993,0,0,0,0,0,1,0.125,8,1.881781534266405,1,0,1,1,1,0,0,0
1594301400,291.77989239,292.01932798,286.10711074,289.51446335,287.72534196792515,285.0991833680158,278.68001433728165,0,0,0,0,0,2,0.25,8,1.9032385538773349,1,0,1,1,1,0,0,0
1594387800,289.44999993,292.73763474,288.02259545,292.47057197,288.6743879683401,285.76930960455985,279.2208205189569,0,0,0,0,0,0,0,8,1.8645832171767236,1,0,1,1,1,0,0,0
1594647000,294.8096735,297.18561126,289.28423683,289.93808016,288.9271264066721,286.1482887459635,279.6411052107625,0,0,0,0,0,-4,0.5,8,1.9411784649292712,1,0,1,1,1,0,0,0
1594733400,288.51988475,294.46893823,287.32270681,293.6953771,289.88077654533765,286.83438768723954,280.1922531279875,0,0,0,0,0,2,0.25,8,1.9532637298031095,1,0,1,1,1,1,0,0
1594819800,296.90933943,297.48951028,294.01308971,296.39363201,291.1833476382701,287.70340989839957,280.82760131943894,0,0,0,0,0,2,0.25,8,1.88866892145047,1,0,1,0,0,0,0,0
1594906200,294.49656542,295.86871552,293.85193114,295.41747153,292.0301724166161,288.40468822854507,281.39975309240214,0,0,0,0,0,-2,0.25,8,1.8210144600753726,1,0,1,1,1,0,0,0
1594992600,296.42125919,297.05668441,294.44591558,296.27391421,292.8789207752929,289.12007240867734,281.9830535283864,0,0,0,0,0,-2,0.25,8,1.7489969034565664,1,0,1,1,1,0,0,0
1595251800,296.00685144,299.41420405,295.26091749,298.6682701,294.0367906402343,289.98809038061574,282.63737574688105,0,0,0,0,0,3,0.375,8,1.7103774686383366,1,0,1,0,0,0,0,0
1595338200,300.62980012,301.07183505,298.31832578,299.30369532,295.09017157618746,290.8349635569234,283.2909569066112,0,0,0,0,0,2,0.25,8,1.6505481298844353,1,0,1,0,0,0,0,0
1595424600,298.94454194,301.3204797,298.8340332,301.00737163,296.27361158695,291.75972792720313,283.9857182683127,0,0,0,0,1,5,0.625,8,1.582980135619138,1,1,1,0,0,0,0,0
1595511000,300.64821824,301.34810689,296.05289675,297.41583779,296.50205682756,292.27391973291196,284.51238962210437,0,0,0,0,0,0,0,8,1.6148323393916704,1,0,1,1,1,0,0,0
1595597400,295.56481651,296.52255886,293.99559249,295.50035308,296.301716078048,292.56723185537453,284.943290149865,0,1,0,1,0,-5,0.625,8,1.591881540144016,1,1,1,1,1,0,1,0
1595856600,296.19103266,297.83024554,295.40365794,297.65527338,296.5724275384384,293.02978108488594,285.4417992961448,0,0,0,0,0,3,0.375,8,1.5257052541415277,1,0,1,1,1,0,0,0
1595943000,296.92775755,298.04205395,295.4727259,295.76741585,296.4114252007507,293.2786569726236,285.84672543551164,0,0,0,0,0,1,0.125,8,1.4878190631260861,1,0,1,1,1,0,0,0
1596029400,296.64227666,299.96674772,296.60083588,299.40499499,297.01013915860057,293.8355967923851,286.3784222807857,0,0,0,0,0,2,0.25,8,1.4649441592354355,1,0,1,1,1,0,0,0
1596115800,296.43967731,298.75115165,294.3584295,298.3367439,297.2754601068805,294.24479198398643,286.8473760697745,0,0,0,0,0,4,0.5,8,1.486002325138406,1,0,1,1,1,0,0,0
1596202200,300.12330176,300.79556322,295.91476083,300.69426355,297.9592207955044,294.83110758089674,287.3903912650775,0,0,0,0,0,3,0.375,8,1.4849821214273236,1,0,1,1,1,0,0,0
1596461400,302.35189455,303.54907249,301.80855994,302.78472042,298.9243207204035,295.5541632935425,287.9940904476235,0,0,0,0,0,0,0,8,1.436738323894084,1,0,1,0,0,0,0,0
1596547800,301.92827774,303.95427118,301.92827774,303.95427118,299.9303108123228,296.31780946503864,288.61997988810884,0,0,0,0,0,4,0.5,8,1.3765911641857265,1,0,1,0,0,0,0,0
1596634200,305.2527488,306.09998242,304.98568603,305.84212871,301.1126743918582,297.18365666912604,289.29535827328107,0,0,0,0,0,1,0.125,8,1.3204854319882688,1,0,1,0,0,0,0,0
1596720600,305.26186577,308.00625807,304.93964072,307.88654028,302.4674475694866,298.1566460882964,290.0244242343289,0,0,0,0,1,6,0.75,8,1.2891675501154074,1,1,1,0,0,0,0,0
1596807000,306.91958886,308.39303864,306.01710087,308.10755775,303.59546960558924,299.06127442117855,290.7335667251395,0,0,0,0,0,-1,0.125,8,1.2513068013877446,1,0,1,0,0,0,0,0
1597066200,308.55880174,309.21264508,306.62029438,309.02846386,304.68206845647137,299.9673825519805,291.45101367160464,0,0,0,0,0,-2,0.25,8,1.218384564133799,1,0,1,0,0,0,0,0
1597152600,310.20722368,310.8426489,305.7500381,306.47755393,305.0411655511771,300.55921631361866,292.0402897601692,0,0,0,0,0,-3,0.375,8,1.259463643279524,1,0,1,0,0,0,0,0
1597239000,308.90874606,311.52411942,306.51227209,310.75055829,306.18304409894165,301.48570194783514,292.77402578094683,0,0,0,0,0,0,0,8,1.269420067501564,1,0,1,0,0,0,0,0
1597325400,309.98620621,311.49778151,309.26789945,310.18880556,306.9841963911533,302.2768931853047,293.45695832130184,0,0,0,0,0,1,0.125,8,1.232230416933979,1,0,1,0,0,0,0,0
1597411800,309.80202499,310.73214016,309.07450916,310.19801462,307.62696003692264,302.99699513391334,294.11347033301547,0,0,0,0,0,2,0.25,8,1.1823498709214988,1,0,1,0,0,0,0,0
1597671000,311.21101134,311.57937379,310.20878922,311.18338416,308.3382448615381,303.74121231810307,294.7828787183874,0,0,0,0,1,5,0.625,8,1.126127307155477,1,1,1,0,0,0,0,0
1597757400,311.57937379,312.27926243,309.98620621,311.85564562,309.04172501323046,304.47888807282095,295.4523989890389,0,0,0,0,0,4,0.5,8,1.0959564769486032,1,0,1,0,0,0,0,0
1597843800,312.23321713,312.74892455,309.99541527,310.557168,309.34481361058437,305.0314589752918,296.0447428718217,0,0,0,0,0,-3,0.375,8,1.085259979061006,1,0,1,0,0,0,0,0
1597930200,308.83507357,312.0029906,308.70614672,311.52411942,309.7806747724675,305.6217008339016,296.65177724626005,0,0,0,0,0,1,0.125,8,1.0802059358318938,1,0,1,0,0,0,0,0
1598016600,311.19259322,312.85022422,310.85185796,312.62920675,310.350381167974,306.2587468262742,297.2783431091518,0,0,0,0,0,2,0.25,8,1.0451608408418565,1,0,1,0,0,0,0,0
1598275800,315.06039889,315.87079627,312.60194793,315.79712378,311.4397296903792,307.12587200388566,298.00456980212624,0,0,0,0,0,1,0.125,8,1.0347073098758732,1,0,1,0,0,0,0,0
1598362200,316.35887651,316.98509266,315.19853481,316.90221111,312.53222597430334,308.0146301044415,298.745653774984,0,0,0,0,0,1,0.125,8,0.9977175317773255,1,0,0,0,0,0,0,0
1598448600,317.49159102,320.34639997,316.94825642,320.0793372,314.04164821944266,309.1114216585832,299.58226881125915,0,0,0,0,0,1,0.125,8,0.9941161372798009,1,0,0,0,0,0,0,0
1598535000,320.94498894,322.22504844,319.12159484,320.77922584,315.38916374355415,310.1721311296211,300.4135220280725,0,0,0,0,0,-3,0.375,8,0.9901990100422583,1,0,0,0,0,0,0,0
1598621400,321.80143163,322.98019145,320.61346274,322.85126459,316.8815839128433,311.32477962601916,301.2934335010893,0,0,0,0,0,3,0.375,8,0.9659316144585338,1,0,0,0,0,0,0,0
1598880600,322.63945619,323.51431699,321.4514873,321.68171383,317.84160989627463,312.26631909910833,302.0929739061446,0,0,0,0,0,3,0.375,8,0.9460021123576604,1,0,0,0,0,0,0,0
1598967000,322.51052933,324.81279461,321.6172504,324.71149494,319.21558690501973,313.3976987210076,302.9799747310017,0,0,0,0,0,3,0.375,8,0.9405283146725611,1,0,0,0,0,1,0,0
1599053400,326.61777059,330.37506752,325.47584701,329.40811611,321.2540927460158,314.853191210916,304.01637243213884,0,0,0,0,0,4,0.5,8,0.9837041591341741,1,0,0,0,0,0,0,0
1599139800,327.72285792,328.19252004,315.49322476,318.07176187,320.6176265708126,315.14578854356,304.56756417480005,0,0,0,0,0,-5,0.625,8,1.2584785544626136,1,1,1,1,1,1,0,0
1599226200,318.7532324,320.31877279,308.38382958,315.47480664,319.5890625846501,315.1756992796,304.99529917343534,0,0,0,0,0,-7,0.875,8,1.4484332302044851,1,0,1,1,1,1,0,0
1599571800,310.07829682,315.53927007,306.55122642,306.85512543,317.0422751537201,314.4192834750909,305.0682335364379,0,0,0,0,0,-2,0.25,8,1.5919748232521667,1,0,1,0,0,0,0,0
1599658200,310.85185796,315.37350697,309.98620621,312.91468765,316.21675765297607,314.28250203644626,305.3759376193227,0,0,0,0,0,-1,0.125,8,1.644083762210568,1,0,1,1,1,0,0,0
1599744600,314.78412705,315.43797039,306.52359923,307.48134159,314.46967444038086,313.66421472313294,305.4585024809179,0,0,0,0,0,-1,0.125,8,1.760708591013282,1,0,1,1,1,0,0,0
1599831000,309.25869039,310.31773241,304.81992293,307.63789563,313.1033186783047,313.11636753284813,305.54396887892113,0,0,0,0,0,-2,0.25,8,1.7617619777908728,1,0,1,1,1,0,0,0
1600090200,310.79660359,313.45802225,307.78597733,311.68988252,312.82063144664374,312.98668707713466,305.7849851001399,0,0,0,0,0,3,0.375,8,1.7480319855016357,1,0,1,1,1,0,0,0
1600176600,314.13949278,314.96830828,311.69752604,313.26463197,312.909431551315,313.0119547946679,306.07830458523244,0,0,0,0,0,3,0.375,8,1.6897655743336042,1,0,1,1,1,0,0,0
1600263000,314.49864616,315.92605063,311.74513689,312.02140872,312.731826985052,312.9219051515162,306.3113674924782,0,0,0,0,0,-3,0.375,8,1.6710301761056257,0,0,1,1,1,0,0,0
1600349400,307.17744257,310.98962551,306.653447,309.27710851,312.0408832900416,312.5905600022875,306.4276710617928,0,0,0,0,0,-3,0.375,8,1.6894141289548594,1,0,1,1,1,0,0,0
1600435800,310.08078247,310.19173364,303.23879365,305.71670311,310.7760472540333,311.96566392117046,306.39978996564406,0,0,0,0,0,-3,0.375,8,1.7494619884209126,0,0,1,1,1,0,0,0
1600695000,301.13996735,302.46213546,297.46933281,302.31420057,309.0836779172266,311.08825816197316,306.23957077365804,0,0,0,0,0,-2,0.25,8,1.8376467223380655,0,0,1,0,0,0,0,0
1600781400,303.7935495,305.94785139,301.28790224,305.39309554,308.3455614417813,310.57051610543016,306.20637566645576,0,0,0,0,0,0,0,8,1.7981747189339852,0,0,1,1,1,0,0,0
1600867800,305.94785139,306.22522931,297.81143225,298.31071251,306.33859165542503,309.4559885058456,305.896741817183,0,0,0,0,0,-5,0.625,8,1.9108387999292924,0,0,1,0,0,0,0,0
1600954200,296.99779034,302.15424596,295.68486816,299.10586257,304.89204583834004,308.5150679662233,305.63043282709737,0,0,0,0,0,-2,0.25,8,1.9241266050785288,0,0,1,0,0,0,0,0
1601040600,298.25523693,304.72738851,297.38611943,303.94148439,304.70193354867206,308.0992876411121,305.56419955505436,0,0,0,0,0,4,0.5,8,1.9307887144474596,0,0,1,1,1,0,0,0
1601299800,308.09290734,309.7016993,307.10359274,308.98976263,305.55949936493766,308.18023991282917,305.698535361915,0,0,0,0,0,2,0.25,8,1.8967410034249448,0,0,1,1,1,0,0,0
1601386200,308.78635215,309.52602662,306.61439054,307.30700322,305.9090001359501,308.1008547589356,305.76161253282027,0,0,0,0,0,-2,0.25,8,1.8385801510174347,0,0,1,1,1,0,0,0
1601472600,307.97271024,312.78059427,307.77854569,309.63697779,306.6545956667601,308.2405023072142,305.91358764094497,0,0,0,0,0,1,0.125,8,1.8206736330829132,0,0,1,1,1,0,0,0
1601559000,312.22583842,313.19666116,309.74792896,311.62485292,307.6486471174081,308.5481705447402,306.1375588283589,0,0,0,0,0,2,0.25,8,1.7614335959588956,0,0,1,1,1,0,0,0
1601645400,306.68752585,311.59951907,306.21598338,308.66615505,307.85214870392645,308.5588964088547,306.23671946450173,0,0,0,0,0,-3,0.375,8,1.7764618913859875,0,0,1,1,1,0,0,0
1601904600,310.7187517,314.32466472,310.67252204,314.13974611,309.1096681851412,309.0662463816861,306.5466420780507,0,0,0,0,0,1,0.125,8,1.7494917612686363,1,0,1,1,1,0,0,0
1601991000,314.27843507,316.36801544,309.16543532,309.67396151,309.22252685011296,309.1214932115328,306.6692820557742,0,0,0,0,0,-1,0.125,8,1.8140880547477933,1,0,1,1,1,0,0,0
1602077400,312.62341345,315.86873517,312.59567566,315.06433919,310.3908893180904,309.661751936848,306.9984999826066,0,0,0,0,0,0,0,8,1.796132732333449,1,0,1,1,1,0,0,0
1602163800,316.99673874,317.92133182,316.08139158,317.8566103,311.8840335144723,310.4067390607709,307.4243082303475,0,0,0,0,0,4,0.5,8,1.7173882941204077,1,0,1,1,1,0,0,0
1602250200,319.50238599,321.15740761,318.88290863,320.69511107,313.64624902557784,311.34204560706445,307.94473187111817,0,0,0,0,0,3,0.375,8,1.6541215265657998,1,0,1,0,0,0,0,0
1602509400,323.22849612,327.32444348,322.73846178,325.85434048,316.0878673164623,312.6613451409677,308.6470694636233,0,0,0,0,1,5,0.625,8,1.6569686927280878,1,1,1,0,0,0,0,0
1602595800,325.71565151,325.88679369,322.76619958,323.72777638,317.6158491291698,313.66738434451605,309.23846973485377,0,0,0,0,0,-2,0.25,8,1.617574939996686,1,0,1,0,0,0,0,0
1602682200,324.3010241,325.39204393,320.96324306,321.6936716,318.43141362333586,314.39704682228734,309.72690902368305,0,0,0,0,0,-4,0.5,8,1.6098680930192646,1,0,1,1,1,0,0,0
1602768600,317.79188879,321.77688498,317.2556248,321.29609657,319.00435021266867,315.0242331629885,310.18060265295037,0,0,0,0,0,-2,0.25,8,1.597241166093756,1,0,1,1,1,0,0,0
1602855000,322.64600248,324.3010241,320.92625934,321.10193203,319.4238665761349,315.5767512418077,310.60889007950135,0,0,0,0,0,-4,0.5,8,1.5591204074309948,1,0,1,1,1,0,0,0
1603114200,322.35937862,322.98810192,315.32322525,316.22008054,318.78310936890796,315.63523572346156,310.8289367642268,0,1,0,1,0,-5,0.625,8,1.643241434616519,1,1,1,1,1,0,1,0
1603200600,317.56074052,320.72284886,316.80257419,317.48677307,318.52384210912635,315.8035573004196,311.09002838406104,0,0,0,0,0,0,0,8,1.621083064959606,1,0,1,1,1,0,0,0
1603287000,317.44054342,322.391462,316.58067185,316.88578756,318.19623119930105,315.90194186947235,311.3173130576273,0,0,0,0,0,-2,0.25,8,1.6391260794249303,1,0,1,1,1,0,0,0
1603373400,317.09844397,319.2065162,314.96263395,318.62402256,318.28178947144085,316.1494037504294,311.6038506851713,0,0,0,0,0,2,0.25,8,1.6088808166419708,1,0,1,1,1,0,0,0
1603459800,319.84448543,319.89996102,317.2556248,319.70579647,318.5665908711527,316.4727121794813,311.92157404928224,0,0,0,0,0,1,0.125,8,1.5479853905721417,1,0,1,1,1,0,0,0
1603719000,316.33103171,317.11693584,310.31193074,313.79764667,317.6128020309222,316.22952440589205,311.9951455246045,0,0,0,0,0,-3,0.375,8,1.6783075198894608,0,0,1,1,1,0,0,0
1603805400,314.13974611,314.47259962,312.50321635,312.71587276,316.63341617673774,315.91010152899275,312.02340933775724,0,0,0,0,0,-2,0.25,8,1.6088028627859206,0,0,1,1,1,1,0,0
1603891800,307.05736309,307.74156197,301.53754238,302.02757671,313.7122482833902,314.64805381817524,311.6314159013746,0,0,0,0,0,-3,0.375,8,1.8111188031176422,1,0,1,0,0,1,0,0
1603978200,302.25872498,308.25471113,300.57596557,305.09722575,311.98924377671216,313.7797967210684,311.37517315034034,0,0,0,0,0,-2,0.25,8,1.8446054927351723,0,0,1,0,0,1,0,0
1604064600,303.52541751,304.82909375,298.27372879,301.91662554,309.9747201293697,312.70132661369854,311.0042497146407,0,0,0,0,1,-5,0.625,8,1.892325150875981,1,1,1,0,0,1,0,0
1604327400,305.30063623,307.29775729,302.5638407,305.30063623,309.0399033494958,312.02853657881684,310.780578597596,0,0,0,0,0,2,0.25,8,1.8635801056062729,0,0,1,1,1,1,0,0
1604413800,308.52746609,312.74361055,305.38708568,310.6910139,309.37012545959664,311.9069436080153,310.7770662565138,0,0,0,0,0,1,0.125,8,1.8715599289941258,0,0,1,1,1,1,0,0
1604500200,315.1567985,321.70291753,313.98256528,317.63470796,311.0230419596773,312.42764945819573,311.04599338214075,0,0,0,0,0,5,0.625,8,1.9475177934292751,1,1,1,1,1,1,0,0
1604586600,322.90488854,325.63243814,322.55354317,323.82948162,313.58432989174185,313.4641796547234,311.54730664637054,0,0,0,0,0,2,0.25,8,1.9502246248518225,1,0,1,0,0,0,0,0
1604673000,323.54285777,325.00371484,321.43478554,323.75551418,315.6185667493935,314.39975552065766,312.0260598829835,0,0,0,0,0,0,0,8,1.8900761169176623,1,0,1,0,0,0,0,0
1604932200,336.52414466,336.90322783,327.3614272,327.82372374,318.0595981475148,315.6201162678706,312.64557611267037,0,0,0,0,0,3,0.375,8,2.0197624602247997,1,0,1,0,0,0,0,0
1605018600,326.83440915,328.39697146,324.07912176,327.34293534,319.91626558601183,316.68582709260966,313.2219431411931,0,0,0,0,0,-3,0.375,8,1.9724669352311122,1,0,1,0,0,0,0,0
1605105000,329.52497502,330.597503,328.28602029,329.77461515,321.88793549880944,317.8757169160088,313.87106753369534,0,0,0,0,0,4,0.5,8,1.8885641628188594,1,0,1,0,0,0,0,0
1605191400,328.76680869,329.81918054,324.77256657,326.57552308,322.8254530150476,318.66660838546255,314.36928147668766,0,0,0,0,0,-1,0.125,8,1.8812249166784958,1,0,1,1,1,0,0,0
1605277800,328.48018483,331.83645773,327.96241271,331.09678326,324.4797190640381,319.79662428314776,315.0252619387783,0,0,0,0,0,1,0.125,8,1.836493574632847,1,0,1,0,0,0,0,0
1605537000,333.75961134,335.42387889,332.47442696,335.22971434,326.62971811923046,321.1996324701343,315.8175934054929,0,0,0,0,0,4,0.5,8,1.776490163067627,1,0,1,0,0,0,0,0
1605623400,332.82577233,334.62872884,331.3186856,333.42675783,327.98912606138435,322.3111893210312,316.50814887312066,0,0,0,0,0,1,0.125,8,1.7423022451424224,1,0,1,0,0,0,0,0
1605709800,333.69488983,334.24039975,329.37704013,329.41402385,328.2741056191075,322.95690155093746,317.014261617312,0,0,0,0,0,-2,0.25,8,1.7430146159670548,1,0,1,1,1,0,0,0
1605796200,328.78530055,331.17075071,327.44464058,330.80091347,328.779467189286,323.6699935435795,317.5549146311429,0,0,0,0,0,4,0.5,8,1.6921843863233093,1,0,1,1,1,0,0,0
1605882600,330.54202741,330.74543789,328.46169297,328.53566042,328.7307058354288,324.11232689598137,317.98553211305887,0,0,0,0,0,0,0,8,1.6330064379396245,1,0,1,1,1,0,0,0
1606141800,330.33861693,331.76249028,328.10572464,330.50504369,329.08557340634303,324.69348296816486,318.47649335137027,0,0,0,0,0,1,0.125,8,1.5863573762554983,1,0,1,1,1,0,0,0
1606228200,333.04767467,336.37620977,332.19704903,335.83069985,330.43459869507444,325.70595723014986,319.1570504689636,0,0,0,0,0,3,0.375,8,1.5745614622021464,1,0,1,0,0,0,0,0
1606314600,335.74748647,335.77522426,334.22190788,335.31292772,331.41026450005955,326.5793181837726,319.79061428272973,0,0,0,0,0,4,0.5,8,1.4986210591705231,1,0,1,0,0,0,0,0
1606487400,336.40394756,336.71830921,335.23896028,336.24676674,332.3775649480476,327.4581771434296,320.43595359477956,0,0,0,0,0,3,0.375,8,1.4191376154616058,1,0,1,0,0,0,0,0
1606746600,335.47010855,335.73824054,332.08609786,334.75817187,332.8536863324381,328.1218130276633,320.99760921341567,0,0,0,0,0,0,0,8,1.412408183426897,1,0,1,1,1,0,0,0
1606833000,338.0034936,339.954385,337.41175402,338.41956048,333.9668611619505,329.05797188696664,321.6808229885758,0,0,0,0,0,3,0.375,8,1.4070063676456444,1,0,1,0,0,0,0,0
1606919400,337.31004878,339.28867798,336.73680107,339.13149716,334.9997883615604,329.9737469117878,322.3651631521611,0,0,0,0,0,-1,0.125,8,1.3575113277551316,1,0,1,0,0,0,0,0
1607005800,339.02979192,340.42592748,337.93877208,339.03903785,335.8076382592483,330.7978642698071,323.019040591292,0,0,0,0,0,4,0.5,8,1.3132892593899577,1,0,1,0,0,0,0,0
1607092200,339.62153149,341.96075199,339.52907218,341.96075199,337.0382610053986,331.8126722443701,323.76185280300604,0,0,0,0,0,3,0.375,8,1.270092218938925,1,0,1,0,0,0,0,0
1607351400,341.19333973,341.74809558,339.99136873,341.25806125,337.8822210543189,332.67134397215466,324.44797862445677,0,0,0,0,0,2,0.25,8,1.2230208838567527,1,0,1,0,0,0,0,0
1607437800,339.99136873,342.82062356,339.94513907,342.25662178,338.7571011994551,333.54273286377696,325.1463567874192,0,0,0,0,0,3,0.375,8,1.1923599030329544,1,0,1,0,0,0,0,0
1607524200,342.91308287,343.07026369,338.35483897,339.18697274,338.8430755075641,334.0558455797972,325.6969691777165,0,1,0,1,0,-5,0.625,8,1.2165124414984827,1,1,1,1,1,0,1,0
1607610600,337.81857498,340.12081176,336.94945748,339.07602157,338.88966472005126,334.5122252152702,326.2216378989825,0,0,0,0,0,2,0.25,8,1.1967949677765608,1,0,1,1,1,0,0,0
1607697000,337.38401623,339.08545242,335.86768357,338.67844655,338.847421086041,334.89097260933653,326.7101401990224,0,0,0,0,0,1,0.125,8,1.180478148443044,1,0,1,1,1,0,0,0
1607956200,340.84199436,341.91452234,336.9864412,337.16211389,338.5103596468328,335.09743999848774,327.12002152023723,0,0,0,0,0,1,0.125,8,1.2054906126951426,1,0,1,1,1,0,0,0
1608042600,339.69549894,341.72035779,338.32710118,341.72035779,339.1523592754662,335.69952343407977,327.6925837268946,0,0,0,0,0,2,0.25,8,1.1997318821449494,1,0,1,1,1,0,0,0
1608129000,341.9330142,343.17196893,341.05243175,342.25662178,339.773211776373,336.2956232837089,328.2637224740752,0,0,0,0,0,3,0.375,8,1.1565257240149487,1,0,1,0,0,0,0,0
1608215400,343.89315154,344.37393994,343.07026369,344.17052946,340.65267531309837,337.0115238451899,328.88751882646443,0,0,0,0,0,3,0.375,8,1.1118872337055028,1,0,1,0,0,0,0,0
1608301800,344.45837393,344.6255101,340.79066339,342.79629751,341.0813997524787,337.53741236017265,329.43296112777955,0,0,0,0,0,-2,0.25,8,1.1165125809069023,1,0,1,1,1,0,0,0
1608561000,338.88716805,351.41309593,336.15727717,341.57063222,341.179246245983,337.90406871106603,329.9089482294352,0,0,0,0,0,-1,0.125,8,1.359508565079276,1,0,1,1,1,0,0,0
1608647400,341.89561923,342.00862185,339.87141442,340.99494094,341.1423851847864,338.1850570955146,330.34369304161424,0,0,0,0,0,-1,0.125,8,1.3093003933145582,1,0,1,1,1,1,0,0
1608733800,341.96061663,343.20485261,340.97377036,341.30135727,341.1741796018291,338.4683571113769,330.773405364296,0,0,0,0,0,0,0,8,1.2613801829798839,1,0,1,1,1,0,0,0
1608820200,341.77490976,342.65701736,341.18993315,342.62916133,341.4651759474633,338.8466120403427,331.2383369707942,0,0,0,0,0,4,0.5,8,1.1973270770157924,1,0,1,1,1,0,0,0
1609165800,345.17334535,345.96259951,344.55122736,345.5726151,342.28666377797066,339.45806686394786,331.8004655248807,0,0,0,0,0,3,0.375,8,1.1712347253440603,1,0,1,0,0,0,0,0
1609252200,347.09541138,347.27183289,344.32837912,344.91335574,342.8120021703765,339.9540022163162,332.3146965137089,0,0,0,0,0,0,0,8,1.150610248438787,1,0,1,1,1,0,0,0
1609338600,345.73046594,346.43615201,345.01549452,345.40547893,343.3306975223012,340.44959100846927,332.82806053003407,0,0,0,0,0,2,0.25,8,1.098392406315793,1,0,1,1,1,0,0,0
1609425000,345.21048672,347.88466554,344.70164992,347.16040878,344.09663977384093,341.0596653513357,333.39011340258173,0,0,0,0,0,4,0.5,8,1.0802707678494021,1,0,1,0,0,0,0,0
1609770600,348.48821284,348.61820765,338.74788791,342.43416913,343.76414564507274,341.18462024030515,333.74478225463736,0,0,0,0,0,-2,0.25,8,1.222839023873043,1,0,1,1,1,0,0,0
1609857000,341.79348045,345.87903143,341.74705374,344.79264628,343.9698457720582,341.51262260755016,334.17803182425945,0,0,0,0,0,-1,0.125,8,1.2133259301426085,1,0,1,1,1,1,0,0
1609943400,343.28842069,350.03886515,342.74058545,346.85399245,344.54667510764654,341.9982016841365,334.67512831938654,0,0,0,0,0,2,0.25,8,1.2702595043218239,1,0,1,1,1,0,0,0
1610029800,349.22175495,352.75018534,349.04533343,352.00735789,346.03881166411725,342.90812497557863,335.3548235966655,0,0,0,0,0,2,0.25,8,1.2819027569780639,1,0,1,0,0,0,0,0
1610116200,353.39087401,354.2265549,350.15028926,354.012992,347.6336477312938,343.91765834143513,336.0865164752276,0,0,0,0,0,2,0.25,8,1.2658405883801196,1,0,1,0,0,0,0,0
1610375400,350.84669,353.38158867,350.72495915,351.62665882,348.43224994903505,344.6184765667592,336.69593382208143,0,0,0,0,0,-4,0.5,8,1.2501927650826565,1,0,1,0,0,0,0,0
1610461800,351.81236568,352.71304397,349.46317387,351.70094157,349.08598827322805,345.2623370215993,337.2843654984704,0,0,0,0,0,-2,0.25,8,1.2266512050811813,1,0,1,1,1,0,0,0
1610548200,351.62665882,353.64157828,350.84669,352.64804656,349.79839993058243,345.9337651614539,337.886862795001,0,0,0,0,0,2,0.25,8,1.192584398220469,1,0,1,0,0,0,0,0
1610634600,353.39087401,353.89228254,351.07882358,351.41309593,350.12133913046597,346.43188614041264,338.417303310099,0,0,0,0,0,0,0,8,1.168478112604478,1,0,1,1,1,0,0,0
1610721000,349.79744623,350.59598573,346.9932726,348.85034123,349.86713955037277,346.6517456940115,338.8264420520559,0,0,0,0,0,-1,0.125,8,1.1834839622504394,1,0,1,1,1,0,0,0
1611066600,351.30167181,352.12806735,349.82530225,351.58951745,350.21161513029824,347.10063403546496,339.3269548127596,0,0,0,0,0,3,0.375,8,1.156977612137621,1,0,1,1,1,0,0,0
1611153000,353.87371186,357.29071813,353.48372745,356.45503725,351.4602995542386,347.9510343276954,339.99864432010236,0,0,0,0,1,5,0.625,8,1.1739159742419447,1,1,1,0,0,0,0,0
1611239400,357.01215783,357.43928362,355.86077529,356.78002426,352.52424449539086,348.7536697760867,340.65673765107874,0,0,0,0,0,0,0,8,1.120674177488808,1,0,1,0,0,0,0,0
1611325800,354.93224097,356.67379993,354.54689923,355.51721759,353.1228391143127,349.3685377591697,341.2395015702521,0,0,0,0,0,1,0.125,8,1.0891890779711642,1,0,1,0,0,0,0,0
1611585000,356.2507597,357.27214744,351.41309593,356.9193044,353.88213217145017,350.0549710901543,341.8543957988697,0,0,0,0,0,3,0.375,8,1.1246712386698963,1,0,1,0,0,0,0,0
1611671400,357.8664094,358.2749645,356.13005024,356.36218381,354.3781424991601,350.6283540646857,342.4233286620513,0,0,0,0,0,-2,0.25,8,1.0889625104590492,1,0,1,1,1,0,0,0
1611757800,353.04731632,353.14016975,345.42404961,347.65253196,353.0330203913281,350.3578247824415,342.6283954580493,0,0,0,0,0,-1,0.125,8,1.2612468348946562,1,0,1,1,1,0,0,0
1611844200,349.46317387,354.63510999,349.02676275,350.64241245,352.5548988030625,350.3836963885832,342.9426706342042,0,0,0,0,0,-3,0.375,8,1.3034119861808158,1,0,1,1,1,1,0,0
1611930600,348.78534382,349.75101951,341.95133128,343.62269305,350.76845765244997,349.76905972143925,342.9693381799217,0,0,0,0,0,-2,0.25,8,1.4156968544291333,1,0,1,1,1,0,0,0
1612189800,347.01184329,350.3731375,343.90682455,349.34246441,350.48325900396,349.7302783294902,343.2192646987483,0,0,0,0,0,1,0.125,8,1.4310756250559107,0,0,1,1,1,0,0,0
1612276200,352.51805176,355.83291926,349.42426828,354.28226695,351.24306059316797,350.1440954768093,343.6531079242876,0,0,0,0,0,1,0.125,8,1.4411847486795641,1,0,1,1,1,0,0,0
1612362600,355.10401982,356.27861573,353.28873524,354.56082725,351.9066139245344,350.54561654709937,344.0808616233352,0,0,0,0,0,-1,0.125,8,1.3974246677680424,1,0,1,1,1,0,0,0
1612449000,355.59150034,358.63709288,354.66807296,358.59066617,353.24342437362753,351.2769846946358,344.6498735663416,1,0,1,0,0,5,0.625,8,1.3642222595341515,1,1,1,1,1,0,1,0
1612535400,360.45702013,360.7077244,358.548325,360.00203832,354.59514716290204,352.07017138785073,345.2519192429557,0,0,0,0,0,2,0.25,8,1.3046564493553876,1,0,1,0,0,0,0,0
1612794600,361.45055185,362.64836111,360.59630028,362.6019344,356.19650461032165,353.02760438895524,345.93231199421234,0,0,0,0,1,6,0.75,8,1.254909985030396,1,1,1,0,0,0,0,0
1612881000,361.76625351,362.95477743,361.35769842,362.36051547,357.4293067822573,353.8760508508684,346.5765552677726,0,0,0,0,0,2,0.25,8,1.1975315597405793,1,0,1,0,0,0,0,0
1612967400,364.09687464,364.24544013,359.80704611,362.20266464,358.38397835380584,354.63301574078946,347.18934387060506,0,0,0,0,0,1,0.125,8,1.2000060401617374,1,0,1,0,0,0,0,0
1613053800,363.27976444,363.69760488,360.3641667,362.78764126,359.26471093504466,355.374345333445,347.80104180744405,0,0,0,0,0,-1,0.125,8,1.1781260177671207,1,0,1,0,0,0,0,0
1613140200,361.98910175,364.8211314,361.914819,364.57971248,360.32771124403575,356.2111968922227,348.4590288926423,0,0,0,0,0,3,0.375,8,1.1455373540031613,1,0,1,0,0,0,0,0
1613485800,365.80537777,366.00036998,363.54903939,364.26401081,361.1149711572286,356.9432708847479,349.0788321050877,0,0,0,0,0,-1,0.125,8,1.1127033296988527,1,0,1,0,0,0,0,0
1613572200,362.51836631,364.59828317,361.50626391,364.3475789,361.76149270578287,357.61638979522536,349.67760648920193,0,0,0,0,0,-2,0.25,8,1.093605070578135,1,0,1,0,0,0,0,0
1613658600,361.74768283,363.53511138,360.02989435,362.7969266,361.9685794846263,358.08734768656853,350.19208963080183,0,0,0,0,0,-2,0.25,8,1.1048386891931745,1,0,1,1,1,0,0,0
1613745000,364.05044792,364.33829356,361.71054146,362.15623793,362.006111173701,358.45724679960773,350.66127191704487,0,0,0,0,0,0,0,8,1.0795641074791567,1,0,1,1,1,0,0,0
1614004200,359.39849102,361.77553886,359.10136004,359.37063499,361.4790159369608,358.54028208964337,351.00281556696467,0,0,0,0,0,-2,0.25,8,1.0709415392562922,1,0,1,1,1,0,0,0
1614090600,357.17000867,361.1487782,353.02874563,359.80704611,361.14462197156865,358.65544245513036,351.3480795098288,0,0,0,0,0,-1,0.125,8,1.1544377054445467,1,0,1,1,1,0,0,0
1614177000,358.72066097,364.19901341,357.7364146,363.77188763,361.67007510325493,359.12057383466396,351.8352876714041,0,0,0,0,0,1,0.125,8,1.1871907242422683,1,0,1,1,1,0,0,0
1614263400,362.50908096,363.8740264,353.56627415,355.00652372,360.33736482660396,358.74656927878544,351.9596498693883,0,0,0,0,0,-2,0.25,8,1.3370058456786351,1,0,1,1,1,0,0,0
1614349800,356.88216303,358.02426023,351.19953304,353.17731112,358.9053540852832,358.2402730825322,352.0074012909809,0,0,0,0,0,-2,0.25,8,1.3859626939931764,1,0,1,1,1,1,0,0
1614609000,358.03354558,362.98263346,353.3741604,361.73839748,359.47196276422653,358.55828439139293,352.38900898466795,0,0,0,0,0,3,0.375,8,1.4501224787350584,1,0,1,1,1,0,0,0
1614695400,361.96124572,362.1933793,358.41424465,358.91565317,359.36070084538125,358.5907724621754,352.64495581546527,0,0,0,0,0,0,0,8,1.4323417458606948,1,0,1,1,1,0,0,0
1614781800,358.21925244,359.18492813,354.05941872,354.16155749,358.320872174305,358.188116555614,352.7044303909372,0,0,0,0,0,-4,0.5,8,1.4512584403195747,1,0,1,1,1,0,0,0
1614868200,353.97585063,356.55717602,345.30334015,349.77887554,356.612472847444,357.4236400996491,352.589702749724,0,0,0,0,0,-5,0.625,8,1.5942976461139224,0,0,1,1,1,0,0,0
1614954600,353.27016455,357.2628621,346.00902623,356.21361832,356.5327019419552,357.313638119681,352.73181708581325,0,0,0,0,0,-1,0.125,8,1.6793403992560585,0,0,1,1,1,0,0,0
1615213800,357.17000867,359.97418229,354.16155749,354.44011779,356.11418511156415,357.0524089988009,352.79880927029114,0,0,0,0,0,-1,0.125,8,1.6843291354107073,1,0,1,1,1,0,0,0
1615300200,358.2749645,362.04481381,354.44931028,359.50062979,356.7914740472513,357.27497452527354,353.06162576126013,0,0,0,0,0,3,0.375,8,1.693100396743397,0,0,1,1,1,0,0,0
1615386600,361.84053626,363.42832993,360.42934981,361.73839748,357.78085873380104,357.6807402484305,353.4018913188578,1,0,1,0,0,6,0.75,8,1.6399950583684189,1,1,1,1,1,0,1,0
1615473000,364.19901341,367.37460076,363.7440316,365.40610802,359.3059085910408,358.38304640948223,353.87264491498104,1,0,1,0,0,5,0.625,8,1.617742080488562,1,1,1,1,1,0,1,0
1615559400,364.05044792,366.03751135,363.24262307,365.8982312,360.62437311283264,359.06624502680205,354.34423653400137,0,0,0,0,0,1,0.125,8,1.5547288904876435,1,0,1,1,1,0,0,0
1615815000,366.14893547,368.33563378,364.01330655,368.08028684,362.11555585826613,359.8857033734564,354.8829051734523,0,0,0,0,0,3,0.375,8,1.5189962171267757,1,0,1,1,1,0,0,0
1615901400,368.69311949,369.39880556,366.8453362,367.61601968,363.2156486226129,360.58845940132403,355.38224299723845,0,0,0,0,0,-1,0.125,8,1.461892272727738,1,0,1,1,1,0,0,0
1615987800,366.33464233,369.66808051,365.19254513,368.869541,364.3464270980903,361.3412850012037,355.9111566444056,0,0,0,0,0,3,0.375,8,1.4395234149258982,1,0,1,1,1,0,0,0
1616074200,366.28357294,368.36813248,362.82478263,363.50261268,364.17766421447226,361.5377693356397,356.2088608026642,0,0,0,0,0,-2,0.25,8,1.4752160177733735,1,0,1,1,1,0,0,0
1616160600,363.20245058,364.77588071,360.6592509,362.82982059,363.9080954895778,361.65522854058156,356.4685062845205,0,0,0,0,0,-2,0.25,8,1.4534256556772838,1,0,1,1,1,0,0,0
1616419800,363.34218682,367.10574971,363.28629232,365.72701875,364.2718801416623,362.02539128689233,356.8315852047354,0,0,0,0,0,2,0.25,8,1.4224296005306896,1,0,1,1,1,0,0,0
1616506200,365.09354777,366.53748898,362.06592911,362.84845209,363.9871945313298,362.1002149962658,357.0675407688634,0,0,0,0,0,-2,0.25,8,1.4193308782338994,1,0,1,1,1,0,0,0
1616592600,364.24581455,365.87607075,360.95735489,361.00393364,363.39054235306384,362.0005530547871,357.22190911675114,0,0,0,0,0,-4,0.5,8,1.4220062194245373,0,0,1,1,1,0,0,0
1616679000,359.56930818,363.82660581,357.63163224,363.03476708,363.3193872984511,362.0945725116246,357.4498643309962,0,0,0,0,0,1,0.125,8,1.4349364074502597,1,0,1,1,1,0,0,0
1616765400,364.1806043,369.28563515,363.58439632,368.88505791,364.43252142076085,362.7118893660224,357.8983032948787,0,0,0,0,0,2,0.25,8,1.4323471123660347,1,0,1,1,1,0,0,0
1617024600,367.41316946,369.60237064,365.93196525,368.69874292,365.28576572060865,363.25614878002034,358.3218499468442,0,0,0,0,0,-1,0.125,8,1.401816038422534,1,0,1,1,1,0,0,0
1617111000,367.43180096,368.39132318,366.12759599,367.7205892,365.7727304164869,363.6620070000185,358.6904279567719,0,0,0,0,0,0,0,8,1.355092589925082,1,0,1,1,1,0,0,0
1617197400,368.28884993,370.76683936,368.26090268,369.21110915,366.46040616318953,364.166470831835,359.1030036898397,0,0,0,0,0,3,0.375,8,1.3121540264314402,1,0,1,1,1,0,0,0
1617283800,371.13946935,373.25414454,370.93452286,373.19825004,367.80797493855164,364.98754166894093,359.6557584486695,0,0,0,0,0,4,0.5,8,1.2827933953236295,1,0,1,0,0,0,0,0
1617629400,375.85323871,379.09511962,375.77871272,378.55480614,369.9573411788413,366.2209293481281,360.3968975738197,0,0,0,0,1,6,0.75,8,1.285576864840637,1,1,1,0,0,0,0,0
1617715800,377.99586115,379.37459211,377.66049416,378.33122814,371.6321185710731,367.32186560193463,361.1002046548464,0,0,0,0,0,3,0.375,8,1.2268174066050035,1,0,1,0,0,0,0,0
1617802200,378.16354465,379.11375112,377.70707291,378.76906838,373.05950853285844,368.3625203999406,361.79310127151905,0,0,0,0,0,0,0,8,1.1643979908175701,1,0,1,0,0,0,0,0
1617888600,380.01737884,380.62290258,379.08580387,380.56700808,374.5610084422868,369.472019279946,362.52933291106734,0,0,0,0,1,5,0.625,8,1.1109131793585425,1,1,1,0,0,0,0,0
1617975000,380.44590333,383.50146924,380.32479859,383.33378575,376.3155639038294,370.73217986813273,363.34519380671173,0,0,0,0,0,4,0.5,8,1.0833093106706742,1,0,1,0,0,0,0,0
1618234200,382.73757777,383.74367874,382.13205403,383.473522,377.7471555230635,371.8904836983025,364.1345400103701,0,0,0,0,0,1,0.125,8,1.0355828129694666,1,0,1,0,0,0,0,0
1618320600,383.37104875,385.23326712,382.98910301,384.61004346,379.1197331104508,373.04680731300226,364.9375009299634,0,0,0,0,0,3,0.375,8,1.0004489620735892,1,0,1,0,0,0,0,0
1618407000,384.58209621,385.63477593,382.75620927,383.29652275,379.95509103836065,373.9785996254566,365.6574625699648,0,0,0,0,0,1,0.125,8,0.9858149157920091,1,0,0,0,0,0,0,0
1618493400,385.42982944,387.68424087,385.38325069,387.41408413,381.44688965668854,375.2000073076878,366.5106634154564,0,0,0,0,1,5,0.625,8,0.9865679370825611,1,1,0,0,0,0,0,0
1618579800,388.6996576,389.31449708,387.28366364,388.70897335,382.89930639535083,376.4280951297162,367.3811853736738,0,0,0,0,0,1,0.125,8,0.950365326114419,1,0,0,0,0,0,0,0
1618839000,387.77739837,388.22455436,385.47640819,386.79924465,383.6792940462807,377.37092690428744,368.14267789431403,0,0,0,0,0,-4,0.5,8,0.9465335386274525,1,0,0,0,0,0,0,0
1618925400,385.58819718,386.6836362,382.49536827,383.96725673,383.73688658302456,377.9705932520795,368.76324961336053,0,0,0,0,0,-1,0.125,8,0.9654706410757375,1,0,0,0,0,0,0,0
1619011800,383.35241725,387.80534562,383.212681,387.60039913,384.5095890924197,378.84603015007224,369.5019613591111,0,0,0,0,0,2,0.25,8,0.9727405834612979,1,0,0,0,0,0,0,0
1619098200,387.43271563,388.26181736,382.99841876,384.06041423,384.41975411993576,379.3200650664293,370.0728810795381,0,0,0,0,0,-1,0.125,8,1.009474766782696,1,0,1,1,1,0,0,0
1619184600,384.61935921,389.63123257,384.54483321,388.22455436,385.1807141679486,380.12956409311755,370.7847114042621,0,0,0,0,0,0,0,8,1.0298113430283637,1,0,1,0,0,0,0,0
1619443800,388.87665684,389.60328532,388.29078934,389.03502459,385.9515762523589,380.9391514110159,371.50040996056555,0,0,0,0,1,5,0.625,8,0.9795753604905474,1,1,0,0,0,0,0,0
1619530200,389.33312858,389.52875932,387.81466137,388.95118284,386.55149756988715,381.66751790455993,372.1847539950532,0,0,0,0,0,0,0,8,0.9412801545474305,1,0,0,0,0,0,0,0
1619616600,389.22133958,390.33922955,388.37360635,388.83939384,387.0090768239097,382.3195066259636,372.83787712622757,0,0,0,0,0,1,0.125,8,0.9104050195730582,1,0,0,0,0,0,0,0
1619703000,391.55959276,391.93222275,387.94508187,391.31738327,387.87073811312774,383.1374954117851,373.5625636416696,0,0,0,0,0,3,0.375,8,0.9128015243731316,1,0,0,0,0,0,0,0
1619789400,389.05365609,389.90138931,387.85192437,388.74623634,388.0458377585022,383.64738095071374,374.1580017867022,0,0,0,0,0,-2,0.25,8,0.916882049272467,1,0,0,1,0,0,0,0
1620048600,390.73049104,391.11243678,389.08626121,389.58465382,388.3536009708018,384.18713302973975,374.762968533106,0,0,0,0,0,-2,0.25,8,0.8929414206966327,1,0,0,0,0,0,0,0
1620135000,387.60039913,388.09413386,383.50146924,387.18119039,388.11911885464144,384.4593200624907,375.2499576255332,0,0,0,0,0,-1,0.125,8,0.9465317440098663,1,0,0,1,0,0,0,0
1620221400,388.82076234,389.05365609,386.74335015,387.30229514,387.95575411171313,384.71777234226425,375.72259831237506,0,0,0,0,0,-3,0.375,8,0.9212555288063539,1,0,0,1,0,0,0,0
1620307800,387.37682113,390.52554454,385.36927707,390.39512405,388.4436280993705,385.23389522478567,376.2979914785564,0,0,0,0,0,4,0.5,8,0.9430159670858393,1,0,0,1,0,0,0,0
1620394200,391.15901552,393.88387232,390.47896579,393.23642772,389.4021880234964,385.96139817889605,376.96224388018163,0,0,0,0,0,4,0.5,8,0.9327012827594982,1,0,0,0,0,0,0,0
1620653400,393.5904262,393.8140042,389.22133958,389.34244433,389.39023928479713,386.2687660108146,377.4477419370373,0,0,0,0,0,-1,0.125,8,0.9589986005221285,1,0,0,1,0,0,0,0
1620739800,384.83362146,386.85513915,382.00163354,385.86766968,388.6857253638377,386.23230270801326,377.77793518185933,0,0,0,0,0,-4,0.5,8,1.0344046284991362,0,0,1,1,1,1,0,0
1620826200,383.09157626,384.35851822,376.3562892,377.66980991,386.4825422730702,385.4538942718302,377.7736949751198,0,0,0,0,0,-4,0.5,8,1.1612564415594302,1,0,1,0,0,0,0,0
1620912600,379.21622437,384.13494023,379.16964562,382.20658003,385.62734982445613,385.1586838862093,377.94753360472293,0,0,0,0,0,0,0,8,1.1863334904102691,1,0,1,1,1,1,0,0
1620999000,384.9360947,388.92323559,384.90814745,388.07550236,386.1169803315649,385.42384920200845,378.3447088500279,1,0,1,0,0,5,0.625,8,1.2085615107573933,1,1,1,1,1,0,1,0
1621258200,386.96692815,387.89850312,385.07583095,387.08803289,386.3111908432519,385.5751386281895,378.68758430257583,0,0,0,0,0,1,0.125,8,1.180450864238947,1,0,1,1,1,0,0,0
1621344600,387.34887388,387.59108338,383.59462674,383.75299449,385.7995515726015,385.40948916108135,378.88622783933755,0,0,0,0,0,-4,0.5,8,1.1800456829428099,1,0,1,1,1,0,0,0
1621431000,379.07648812,382.92389276,377.59528391,382.74689352,385.1890199620812,385.16743501189217,379.0376264934812,0,0,0,0,0,-2,0.25,8,1.213552799164113,1,0,1,1,1,0,0,0
1621517400,383.62257399,388.11742324,383.50146924,386.8644549,385.52410694966494,385.3217095471747,379.34456094079565,0,0,0,0,0,2,0.25,8,1.2140352704841857,1,0,1,1,1,0,0,0
1621603800,388.34565911,389.58465382,386.09124767,386.54771941,385.72882944173193,385.43316498924975,379.62703774350956,0,0,0,0,0,2,0.25,8,1.1927954080547742,1,0,1,1,1,0,0,0
1621863000,388.78349934,391.55959276,388.54128985,390.48828154,386.68071986138557,385.89272103931796,380.0529688727837,0,0,0,0,0,3,0.375,8,1.1880963477986466,1,0,1,1,1,0,0,0
1621949400,391.56890851,391.922907,389.04434034,389.62191682,387.26895925310845,386.2317388375618,380.4282217334589,0,0,0,0,0,2,0.25,8,1.158457635142532,1,0,1,1,1,0,0,0
1622035800,390.20880905,390.89817453,389.17476083,390.39512405,387.89419221248676,386.6102284023289,380.81908064783306,0,0,0,0,0,3,0.375,8,1.1051125412207081,1,0,1,1,1,0,0,0
1622122200,391.41985652,391.93222275,390.31603333,390.60007054,388.4353678779894,386.9729413239354,381.20264887889846,0,0,0,0,0,1,0.125,8,1.0551925643665294,1,0,1,1,1,0,0,0
1622208600,392.1651165,392.42595749,391.06585803,391.29875177,389.0080446563915,387.3661968190322,381.59857448247107,0,0,0,0,0,3,0.375,8,1.011402311060374,1,0,1,1,1,0,0,0
1622554200,393.65563645,393.7953727,390.51622879,390.95406903,389.39724953111323,387.6923670200293,381.96545662158985,0,0,0,0,0,1,0.125,8,0.9998983126250324,1,0,0,1,0,0,0,0
1622640600,391.60617151,392.40732599,390.60007054,391.56890851,389.8315813268906,388.0447798827539,382.3420625779981,0,0,0,0,0,2,0.25,8,0.9599864092168814,1,0,0,1,0,0,0,0
1622727000,389.25860258,391.25217302,387.79602987,390.11565155,389.8883953715125,388.2330409434127,382.6469092043511,0,0,0,0,0,-2,0.25,8,0.9638165061390928,1,0,0,1,0,0,0,0
1622813400,391.96017,393.98168769,390.18291127,393.6835837,390.64743303721,388.72854483037514,383.07971996888637,0,0,0,0,0,4,0.5,8,0.9570053913964137,1,0,0,1,0,0,0,0
1623072600,393.67426795,393.8512672,392.37006299,393.30163796,391.178274021768,389.14428056943194,383.48057949794963,0,0,0,0,0,4,0.5,8,0.9164114023707833,1,0,0,1,0,0,0,0
1623159000,394.15868694,394.25184444,391.55959276,393.38547971,391.6197151594144,389.5298441276654,383.86900695724574,0,0,0,0,0,3,0.375,8,0.8996563705732196,1,0,0,1,0,0,0,0
1623245400,394.22389719,394.29842318,392.57500948,392.79858748,391.8554896235315,389.8270026142413,384.21918658558906,0,0,0,0,0,1,0.125,8,0.867982856135685,1,0,0,1,0,0,0,0
1623331800,394.01895069,395.5746809,392.70542998,394.62447443,392.4092865848252,390.2631364156739,384.62723708929144,0,0,0,0,0,4,0.5,8,0.8541894375526826,1,0,0,1,0,0,0,0
1623418200,395.17410366,395.3883659,393.8885302,395.27657691,392.9827446498602,390.7189037333399,385.044858258731,0,0,0,0,0,3,0.375,8,0.8189702001247461,1,0,0,1,0,0,0,0
1623677400,395.3883659,396.26404638,394.14937119,396.16157313,393.6185103458882,391.21369186030904,385.4808078615259,0,0,0,0,0,1,0.125,8,0.7969014238551486,1,0,0,0,0,0,0,0
1623763800,396.31062513,396.34788813,394.55926418,395.43494465,393.98179720671055,391.5974421139173,385.87116616695624,0,0,0,0,0,1,0.125,8,0.773648075925752,1,0,0,1,0,0,0,0
1623850200,395.5746809,395.79825889,391.18696277,393.22711197,393.83086015936846,391.74559391901573,386.1596346298207,0,0,0,0,0,-2,0.25,8,0.8061838584169182,1,0,0,1,0,0,0,0
1623936600,392.81721898,394.07484519,390.62801779,393.09669147,393.68402642149476,391.8684209691052,386.4316760745336,0,0,0,0,0,-2,0.25,8,0.8114790642052381,1,0,0,1,0,0,0,0
1624023000,389.82166201,390.51150681,387.58791444,387.79353137,392.5059274111958,391.49797646009563,386.4850821645519,0,0,0,0,0,-2,0.25,8,0.8652881867639777,0,0,0,1,0,0,0,0
1624282200,389.55062151,393.53211299,388.73750001,393.3451885,392.67377962895665,391.66590482735967,386.7541059424126,0,0,0,0,0,0,0,8,0.8963499685491914,1,0,0,1,0,1,0,0
1624368600,393.33584228,396.27990288,392.61618302,395.44808893,393.22864148916534,392.00973974578153,387.09504645172973,0,0,0,0,1,6,0.75,8,0.8940755057357144,1,1,0,1,0,0,0,0
1624455000,395.52285872,396.326634,394.88731548,394.9714315,393.5771994913323,392.2789844507105,387.40392429675995,0,0,0,0,0,2,0.25,8,0.8572442252935183,1,0,0,1,0,0,0,0
1624541400,397.11171683,397.72856762,396.85936877,397.30798753,394.32335709906584,392.7361665488277,387.7923189333576,0,0,0,0,1,5,0.625,8,0.8408993388585478,1,1,0,1,0,0,0,0
1624627800,398.05568546,399.17190501,397.72856762,398.71926738,395.2025391552527,393.280084806207,388.2208267155789,0,0,0,0,0,2,0.25,8,0.8114624626294094,1,0,0,0,0,0,0,0
1624887000,399.24265593,399.69127468,398.04633924,399.52304265,396.06663985420215,393.84762642837,388.6640508698699,0,0,0,0,0,3,0.375,8,0.7813938513297327,1,0,0,0,0,0,0,0
1624973400,399.90623784,400.54178108,399.20527103,399.73800581,396.8009130453617,394.38311546306363,389.0983236126201,0,0,0,0,0,1,0.125,8,0.7490717099980565,1,0,0,0,0,0,0,0
1625059800,399.28004082,400.74739801,399.25200215,400.07446987,397.4556244102894,394.90051131823964,389.52876072075264,0,0,0,0,0,3,0.375,8,0.721680140777734,1,0,0,0,0,0,0,0
1625146200,400.83151403,402.4484108,400.76609046,402.28952499,398.4224045262315,395.5722398338542,390.02918284895844,0,0,0,0,0,0,0,8,0.7085922738435829,1,0,0,0,0,0,0,0
1625232600,403.44845678,405.71958924,402.37532333,405.36443273,399.8108101669852,396.4624391880493,390.6305651972346,0,0,0,0,0,2,0.25,8,0.7134279919186945,1,0,0,0,0,0,0,0
1625578200,405.42051007,405.63547323,401.89698358,404.62608102,400.7738643375882,397.2045884454994,391.1794089549901,0,0,0,0,0,2,0.25,8,0.7296731989961112,1,0,0,0,0,0,0,0
1625664600,405.30835538,406.33644004,403.2989172,406.05605331,401.8303021320705,398.0092670695449,391.76280677283364,0,0,0,0,0,1,0.125,8,0.7286001069474578,1,0,0,0,0,0,0,0
1625751000,400.74739801,403.50453413,399.56977377,402.74748997,402.0137396996564,398.4400146059499,392.1935786629186,0,0,0,0,0,-1,0.125,8,0.7971514155402709,1,0,0,1,0,0,0,0
1625837400,404.25223206,407.34583224,402.55495776,407.04675307,403.02034237372516,399.222445375409,392.7760560906473,0,0,0,0,0,1,0.125,8,0.8164641189357537,1,0,0,0,0,1,0,0
1626096600,406.96263705,408.75711209,406.53271074,408.50476403,404.1172267049801,400.0662925258264,393.39286816670034,0,0,0,0,1,6,0.75,8,0.7943338079596367,1,1,0,0,0,0,0,0
1626183000,407.71968121,409.21507707,406.85048236,407.11217664,404.7162166919841,400.7068274452967,393.9308802636925,0,0,0,0,0,-3,0.375,8,0.7816059779057847,1,0,0,0,0,0,0,0
1626269400,408.80384321,409.28984686,406.4766334,407.71968121,405.3169095955873,401.34435960572426,394.47161755570454,0,0,0,0,0,-1,0.125,8,0.7739803651212988,1,0,0,0,0,0,0,0
1626355800,406.38317116,407.05609929,404.42981032,406.32709381,405.5189464384698,401.7973354424766,394.9365381931279,0,0,0,0,0,1,0.125,8,0.7789921183130843,1,0,0,1,0,0,0,0
1626442200,407.50471805,407.55144917,402.74748997,403.14003139,405.04316342877587,401.91939871043326,395.2582438086915,0,0,0,0,0,-3,0.375,8,0.8141851480439021,1,0,0,1,0,0,0,0
1626701400,398.32672596,403.20442687,394.38261938,397.18648662,403.4718280670207,401.4891339749393,395.33386117384083,0,0,0,0,0,-3,0.375,8,0.9260095810111684,1,0,0,1,0,0,0,0
1626787800,397.85006853,404.14942359,397.05563948,402.87833711,403.35312987561656,401.61542516903575,395.62972297525886,0,0,0,0,0,0,0,8,0.9734875806685395,1,0,0,1,0,1,0,0
1626874200,404.0746538,406.28036269,402.83263407,406.14016933,403.91053776649323,402.0267655473052,396.04189734211144,0,0,0,0,0,2,0.25,8,0.957328638013335,1,0,0,1,0,0,0,0
1626960600,406.31774759,407.23367755,405.33639406,406.99067573,404.5265653591946,402.4780301093684,396.47126120046,0,0,0,0,1,5,0.625,8,0.9203884684488788,1,1,0,1,0,0,0,0
1627047000,408.9159979,411.5142482,408.23372353,411.17778413,405.85680911335567,403.2689168385167,397.04798758985373,0,0,0,0,0,3,0.375,8,0.9245255378254679,1,0,0,0,0,0,0,0
1627306200,410.58897201,412.19652256,410.54224089,412.18717634,407.1228825586845,404.0796677022879,397.64168126633007,0,0,0,0,0,3,0.375,8,0.8850529853487672,1,0,0,0,0,0,0,0
1627392600,411.14974546,411.17778413,407.4860256,410.30858529,407.7600231049476,404.64593293753444,398.13842260059164,0,0,0,0,0,1,0.125,8,0.9074376567028287,1,0,0,0,0,0,0,0
1627479000,410.93478231,411.5142482,408.71972719,410.14035326,408.2360891359581,405.1454256941222,398.60908654801943,0,0,0,0,0,2,0.25,8,0.8916346833457178,1,0,0,1,0,0,0,0
1627565400,411.06095633,412.91618182,411.05628322,411.84136605,408.9571445187665,405.7541475446565,399.1279994696657,0,0,0,0,0,3,0.375,8,0.8726700206961983,1,0,0,0,0,0,0,0
1627651800,409.28050064,411.28993882,409.1496535,409.84127408,409.1339704310132,406.12570450241503,399.54812788575725,0,0,0,0,0,1,0.125,8,0.8612031294901991,1,0,0,1,0,0,0,0
1627911000,411.5516331,412.10306032,408.62626495,408.98142146,409.10346063681055,406.38531513492273,399.91806096710013,0,0,0,0,0,-2,0.25,8,0.862092107683058,1,0,0,1,0,0,0,0
1627997400,409.77585051,412.43017817,407.58883407,412.30867725,409.7445039594484,406.9238025999298,400.40396748799816,0,0,0,0,0,2,0.25,8,0.8779257963069557,1,0,0,1,0,0,0,0
1628083800,411.02824455,412.28465746,410.04689101,410.28054662,409.8517124915587,407.2289611472089,400.7912843167041,0,0,0,0,0,-2,0.25,8,0.858623651202422,1,0,0,1,0,0,0,0
1628170200,411.43947841,412.96291294,411.12170679,412.87879692,410.457129377247,407.742582581099,401.26530441879413,0,0,0,0,0,4,0.5,8,0.8386813031874193,1,0,0,1,0,0,0,0
1628256600,413.19656854,413.98165137,412.91618182,413.56107129,411.0779177597976,408.27153610009,401.7474913549199,0,0,0,0,0,2,0.25,8,0.7965387567592691,1,0,0,0,0,0,0,0
1628515800,413.53303261,413.84613112,412.45821684,413.22460722,411.5072556518381,408.7218152928091,402.19757433002104,0,0,0,0,0,-1,0.125,8,0.7642363829592175,1,0,0,1,0,0,0,0
1628602200,413.67322597,414.44896258,412.99095161,413.73864954,411.95353442947044,409.1778911334628,402.6501655147261,0,0,0,0,0,0,0,8,0.7339377390873592,1,0,0,0,0,0,0,0
1628688600,414.80411909,414.86206568,413.6825722,414.7667342,412.51617438357636,409.68596777587527,403.12532507101133,0,0,0,0,0,2,0.25,8,0.7001368531803989,1,0,0,0,0,0,0,0
1628775000,414.61719461,416.14735842,413.7199571,416.00978201,413.2148959088611,410.2608599789775,403.63059789214816,0,0,0,0,0,2,0.25,8,0.6898627825724858,1,0,0,0,0,0,0,0
1628861400,416.45840076,416.78551861,415.97239711,416.76682616,413.92528195908886,410.85231144997954,404.1457440987306,0,0,0,0,0,1,0.125,8,0.6533591389110589,1,0,0,0,0,0,0,0
1629120600,415.46770101,417.87902683,413.9162278,417.74817969,414.6898615052711,411.47920856270866,404.679172945447,0,0,0,0,0,2,0.25,8,0.6730232444590735,1,0,0,0,0,0,0,0
1629207000,415.19666051,415.86958864,412.02829053,415.00973602,414.7538364082169,411.8001656042806,405.0842930660177,0,0,0,0,0,-3,0.375,8,0.7275206213819934,1,0,0,1,0,0,0,0
1629293400,414.00034382,415.55649014,410.22446927,410.4674711,413.89656334657354,411.6790115584369,405.2953980869582,0,0,0,0,0,-6,0.75,8,0.7758171621853899,0,0,0,1,0,0,0,0
1629379800,407.74771988,412.29933103,407.60752652,411.10301434,413.33785354525884,411.62664817494266,405.5231477439402,0,0,0,0,0,0,0,8,0.8008073927261729,0,0,0,1,0,1,0,0
1629466200,411.44882463,414.70131063,410.96282098,414.37419278,413.5451213922071,411.8764249572206,405.8702475492759,0,0,0,0,0,2,0.25,8,0.8021795923666565,1,0,0,1,0,0,0,0
1629725400,416.05651313,418.92580393,414.44475678,418.01922019,414.43994115176565,412.4348608874733,406.3466778489122,0,0,0,0,0,4,0.5,8,0.8161610174115245,1,0,0,0,0,0,0,0
1629811800,418.68280211,419.21553688,418.16875978,418.68280211,415.28851334341255,413.0028555440666,406.8304474277784,0,0,0,0,0,4,0.5,8,0.7770721726511336,1,0,0,0,0,0,0,0
1629898200,418.86972659,420.07258563,418.49587762,419.56134717,416.14308010873003,413.5990820555151,407.32969839806157,0,0,0,0,0,-1,0.125,8,0.7468988813345184,1,0,0,0,0,0,0,0
1629984600,419.28096045,419.51461605,416.99113554,417.08459778,416.331383642984,413.91594712137737,407.7122434718631,0,0,0,0,0,-1,0.125,8,0.7416840436026871,1,0,0,1,0,0,0,0
1630071000,417.88837305,421.18759017,417.83229571,420.81374121,417.2278551563872,414.5430193112522,408.226027696888,0,0,0,0,0,2,0.25,8,0.7522473192284973,1,0,0,0,0,0,0,0
1630330200,421.48666934,423.44937641,421.24366752,422.66429358,418.3151428411098,415.2813169720474,408.7922342021081,0,0,0,0,1,5,0.625,8,0.7399982343075355,1,1,0,0,0,0,0,0
1630416600,422.57083134,422.90729541,421.43993822,422.03809657,419.05973358688783,415.89556966277036,409.31167978516265,0,0,0,0,0,-1,0.125,8,0.712995301954387,1,0,0,0,0,0,0,0
1630503000,422.97271898,423.48676131,422.02407723,422.26240595,419.7002680595103,416.4743729616094,409.81955139947,0,0,0,0,0,2,0.25,8,0.6864576711610809,1,0,0,0,0,0,0,0
1630589400,423.68303201,424.36530637,422.36521441,423.5615311,420.47252066760825,417.11866006509945,410.3584525641967,0,0,0,0,1,5,0.625,8,0.6709327978127838,1,1,0,0,0,0,0,0
1630675800,422.43063798,423.97276496,422.02875034,423.45872263,421.0697610600866,417.69502938918134,410.87218864520855,0,0,0,0,0,1,0.125,8,0.655951716284702,1,0,0,0,0,0,0,0
1631021400,423.11291234,423.20637458,421.27385582,421.94463432,421.24473571206926,418.08135711016484,411.30640220108273,0,0,0,0,0,0,0,8,0.6482700328808577,1,0,0,1,0,0,0,0
1631107800,421.41189955,422.14090503,419.51461605,421.430592,421.2819069696554,418.38583300924074,411.70342925202067,0,0,0,0,0,-4,0.5,8,0.6472124398632825,1,0,0,1,0,0,0,0
1631194200,421.23432129,422.9820652,419.38376891,419.62677074,420.9508797237243,418.4986455302189,412.01414852605905,0,0,0,0,0,0,0,8,0.6648163291750941,1,0,0,1,0,0,0,0
1631280600,421.55209291,421.972673,416.19670649,416.3182074,420.02434525897945,418.3004238820172,412.1829351485665,0,0,0,0,0,-4,0.5,8,0.7213349338799457,0,0,0,1,0,0,0,0
1631539800,419.30899912,419.5706934,415.07515959,417.38367695,419.49621159718356,418.2170832518338,412.3868858074463,0,0,0,0,0,2,0.25,8,0.7450350647421525,0,0,0,1,0,0,0,0
1631626200,418.82299547,419.0286124,414.24334565,415.13123694,418.62321666574684,417.9365517689398,412.4945074204876,0,0,0,0,0,-1,0.125,8,0.7779085339802928,1,0,0,1,0,0,0,0
1631712600,415.55181702,419.09403597,414.44896258,418.59868609,418.61831055059747,417.9967457981271,412.73388697615474,0,0,0,0,0,3,0.375,8,0.7956224301164105,1,0,0,1,0,0,0,0
1631799000,418.07529754,419.04730485,414.99104358,417.93510418,418.481669276478,417.991142014661,412.93785627826634,0,0,0,0,0,1,0.125,8,0.8092901488355403,1,0,0,1,0,0,0,0
1631885400,417.16449365,417.58642123,413.50778789,413.8640823,417.55815188118237,417.61595476787363,412.97417886735394,0,0,0,0,0,-4,0.5,8,0.8352865712327505,1,0,0,1,0,0,0,0
1632144600,407.75082037,409.32601669,402.10636687,406.9632222,415.4391659449459,416.6475245344306,412.7384550764773,0,0,0,0,0,-4,0.5,8,0.9951422190893122,1,0,0,0,0,0,0,0
1632231000,409.29788819,410.59179945,406.05373385,406.57879929,413.6670926139567,415.732185875846,412.4968999475958,0,0,0,0,0,-4,0.5,8,1.0046599756568542,1,0,1,0,0,1,0,0
1632317400,408.84783209,412.5795472,406.68850046,410.54491861,413.04265781316536,415.2606161244055,412.420351659847,0,0,0,0,0,2,0.25,8,1.0282900549374405,0,0,1,1,1,0,0,0
1632403800,412.41077616,417.13636514,412.17637195,415.53304031,413.54073431253227,415.2853819594595,412.5424178814216,0,0,0,0,0,4,0.5,8,1.0566832059280025,0,0,1,1,1,0,0,0
1632490200,413.90158697,416.93008943,413.68593509,416.21750062,414.0760875740258,415.37012001950865,412.68653877313056,0,0,0,0,0,1,0.125,8,1.0352663541577316,0,0,1,1,1,0,0,0
1632749400,415.18612207,416.34876698,414.33289073,415.02672721,414.26621550122064,415.33890249137147,412.77831086869406,0,0,0,0,0,0,0,8,0.9987713547403236,0,0,0,1,0,0,0,0
1632835800,412.26075747,412.58892337,405.93184366,406.66318481,412.7456093629765,414.55020088397407,412.53850200364724,0,0,0,0,0,-6,0.75,8,1.1062518909843033,0,0,1,0,0,0,0,0
1632922200,408.04148159,409.77607279,406.785075,407.34764512,411.66601651438117,413.8954230872491,412.33493898860223,0,0,0,0,0,-3,0.375,8,1.0800924670432561,0,0,1,1,1,1,0,0
1633008600,408.81970359,409.52291623,402.03135752,402.36889959,409.80659312950496,412.84755731477196,411.94411391414724,0,0,0,0,0,-3,0.375,8,1.148343237848309,1,0,1,0,0,0,0,0
1633095000,404.09411461,408.83179885,400.57805138,407.15074558,409.27542361960394,412.3296653388836,411.75613868535714,1,0,1,0,0,5,0.625,8,1.1985949545556003,1,1,1,1,1,0,1,0
1633354200,405.98810067,406.88821285,399.76232471,401.90009116,407.8003571276831,411.3815222317124,411.3696270176961,0,0,0,0,0,-2,0.25,8,1.2588339783475506,1,0,1,0,0,0,0,0
1633440600,403.40027813,408.32276665,402.6033038,406.08186235,407.4566581721465,410.8997349697385,411.1622636973943,0,0,0,0,0,2,0.25,8,1.269852847212569,1,0,1,1,1,0,0,0
1633527000,402.49078978,407.97575465,400.86871261,407.7695727,407.5192410777172,410.61517476339867,411.02921699161413,0,0,0,0,0,3,0.375,8,1.2987620282860954,1,0,1,1,1,0,0,0
1633613400,411.04185555,414.12661502,410.86370834,411.2950121,408.27439528217377,410.6769781576352,411.0396403291979,0,0,0,0,0,2,0.25,8,1.3060572261872492,0,0,1,1,1,0,0,0
1633699800,412.06385793,412.44828084,409.91671531,410.54491861,408.728499947739,410.6649727442138,411.02023947746466,0,0,0,0,0,-3,0.375,8,1.2590286225864327,1,0,1,1,1,0,0,0
1633959000,409.88858681,412.79519908,407.50703998,407.57267316,408.4973345901912,410.38385460019435,410.88504079834837,0,0,0,0,0,-2,0.25,8,1.2703005993715,1,0,1,1,1,0,0,0
1634045400,408.49153769,408.89471294,405.78182496,406.56942312,408.111752296153,410.03708810199487,410.7158008893935,0,0,0,0,0,1,0.125,8,1.2371646303695985,1,0,1,1,1,0,0,0
1634131800,407.5914255,408.84783209,404.61918005,408.03210542,408.0958229209224,409.8548169490862,410.61055792980943,0,0,0,0,0,3,0.375,8,1.2187028111767073,1,0,1,1,1,0,0,0
1634218200,411.68881118,415.04547954,411.22000275,414.89546084,409.4557505047379,410.31305730280565,410.7785933380522,0,0,0,0,0,7,0.875,8,1.2336749252667405,0,0,1,1,1,0,0,0
1634304600,417.00509878,418.42090024,416.38627165,418.05522967,411.17564633779034,411.01689115436875,411.06395162557953,0,0,0,0,0,3,0.375,8,1.197132253130356,1,0,1,1,1,0,0,0
1634563800,416.27375763,419.63042599,415.61742583,419.29288392,412.7990938542323,411.7692541330625,411.3866548528117,0,0,0,0,0,3,0.375,8,1.1767049560038036,1,0,1,0,0,0,0,0
1634650200,420.91496109,422.59329527,420.30551013,422.52766209,414.7448075013858,412.7472912200568,411.82355709740733,0,0,0,0,0,2,0.25,8,1.1400831453388427,1,0,1,0,0,0,0,0
1634736600,422.98709435,424.48915656,422.87458033,424.18724393,416.63329478710864,413.78728692096075,412.30840756143056,0,0,0,0,1,6,0.75,8,1.0875362569016884,1,1,1,0,0,0,0,0
1634823000,423.58716914,425.51772226,423.15586539,425.29363183,418.3653621956869,414.83331827632793,412.81763204255094,0,0,0,0,0,2,0.25,8,1.0468956567954042,1,0,1,0,0,0,0,0
1634909400,424.86232807,426.30625804,422.912085,424.8529519,419.6628801365495,415.7441940602981,413.28960537029405,0,0,0,0,0,1,0.125,8,1.0301903962854095,1,0,1,0,0,0,0,0
1635168600,425.94058746,427.45952678,424.1684916,427.13136088,421.1565762852396,416.77939104390737,413.83241931185114,0,0,0,0,1,5,0.625,8,1.0065381470620622,1,1,1,0,0,0,0,0
1635255000,428.6784287,429.88795445,427.14073704,427.51578379,422.4284177861917,417.7554267480976,414.369021840406,0,0,0,0,0,3,0.375,8,0.9798588045983057,1,0,0,0,0,0,0,0
1635341400,427.97521605,428.64092402,425.54678838,425.62179773,423.0670937749534,418.470551382816,414.81030716940967,0,0,0,0,0,-1,0.125,8,0.9658440491002013,1,0,0,0,0,0,0,0
1635427800,427.04697536,429.80356893,427.03759919,429.72855958,424.3993869359627,419.4940066734691,415.3953366757073,0,0,0,0,0,1,0.125,8,0.9577927803998724,1,0,0,0,0,0,0,0
1635514200,427.43139827,430.89120449,427.14073704,430.60054326,425.63961820077014,420.5036918176992,415.99161928685606,0,0,0,0,1,5,0.625,8,0.9497912175528521,1,1,0,0,0,0,0,0
1635773400,431.58504096,431.9620567,429.61604556,431.34126058,426.77994667661613,421.4889253415447,416.5935660042343,0,0,0,0,0,1,0.125,8,0.9192835740743178,1,0,0,0,0,0,0,0
1635859800,431.51003162,433.39464151,431.37876526,433.08522794,428.0410029292929,422.543134668677,417.24029784485253,0,0,0,0,1,5,0.625,8,0.884049392413745,1,1,0,0,0,0,0,0
1635946200,432.52265783,436.13248274,432.0819779,435.72930749,429.5786638414343,423.74187765243363,417.965357046623,0,0,0,0,0,4,0.5,8,0.8823210576560525,1,0,0,0,0,0,0,0
1636032600,436.32938228,437.86707393,435.98246404,437.78268841,431.21946875514743,425.01831499403056,418.7425072961672,0,0,0,0,1,6,0.75,8,0.8503350515233562,1,1,0,0,0,0,0,0
1636119000,440.00484037,441.28937547,437.79206458,439.30162773,432.83590055011797,426.3167979700278,419.5487473131803,0,0,0,0,0,2,0.25,8,0.843883941848076,1,0,0,0,0,0,0,0
1636381800,440.39863945,440.89557639,438.99512078,439.67667447,434.2040553340944,427.53133219729796,420.3380777899183,0,0,0,0,0,0,0,8,0.813812336000958,1,0,0,0,0,0,0,0
1636468200,440.04234505,440.27674926,436.81694305,438.22336834,435.0079179352755,428.5033354829981,421.0394617330588,0,0,0,0,0,1,0.125,8,0.814582389780747,1,0,0,0,0,0,0,0
1636554600,436.53565799,438.22336834,433.2164943,434.69792894,434.94592013622037,429.0664803427256,421.5750878980369,0,0,0,0,0,-3,0.375,8,0.8448042001519546,1,0,0,0,0,0,0,0
1636641000,436.18873975,436.2637491,434.81981913,434.83857147,434.9244504029763,429.5912158997505,422.09522450870213,0,0,0,0,0,-2,0.25,8,0.8099281976047802,1,0,0,1,0,0,0,0
1636727400,436.10435423,438.67342443,435.1573612,438.12023048,435.563606418381,430.3665808615914,422.7236561154197,0,0,0,0,0,2,0.25,8,0.8089641049770928,1,0,0,0,0,0,0,0
1636986600,439.40476558,439.56416045,437.14510895,438.27024918,436.10493497070485,431.0850961632649,423.3333264316778,0,0,0,0,0,2,0.25,8,0.790349134819888,1,0,0,0,0,0,0,0
1637073000,438.00771646,441.13466869,437.93270711,440.00484037,436.8849160505639,431.8959820002408,423.98711129200416,0,0,0,0,0,2,0.25,8,0.7829817789668893,1,0,0,0,0,0,0,0
1637159400,439.74230765,439.92045486,438.31713002,438.93595715,437.29512427045114,432.535979741128,424.5733405413373,0,0,0,0,0,-1,0.125,8,0.7562893212821538,1,0,0,0,0,0,0,0
1637245800,439.9673357,440.68930068,437.2482468,440.42676796,437.9214530083609,433.25332412466184,425.19504357736326,0,0,0,0,0,3,0.375,8,0.7556986653996222,1,0,0,0,0,0,0,0
1637332200,440.31425394,441.56128436,439.27349922,439.6391698,438.2649963666887,433.8338555496926,425.7614798998196,0,0,0,0,0,2,0.25,8,0.7401471474030046,1,0,0,0,0,0,0,0
1637591400,441.51440352,443.9990882,438.19523983,438.40151554,438.29230020135094,434.2490973669933,426.25716757198353,0,0,0,0,0,-3,0.375,8,0.7837816106376905,1,0,0,1,0,0,0,0
1637677800,438.07334964,439.83138125,435.47615094,438.982838,438.43040776108074,434.67943742453934,426.75621347112144,0,0,0,0,1,-5,0.625,8,0.7976990383956798,1,1,0,1,0,0,0,0
1637764200,436.98571408,440.27674926,436.16998741,440.15485907,438.7752980228646,435.1772030286721,427.2816505534304,0,0,0,0,0,3,0.375,8,0.8053929402692336,1,0,0,1,0,0,0,0
1637937000,433.49777936,434.96046166,429.21287031,430.33801054,437.0878405262917,434.73727643879283,427.4015078078057,0,0,0,0,0,-1,0.125,8,0.9465429741755186,1,0,0,1,0,0,0,0
1638196200,435.11985653,437.45452251,432.92583308,435.61679347,436.79363111503335,434.8172325325389,427.72367587298976,0,0,0,0,0,1,0.125,8,0.9849721380631433,1,0,0,1,0,1,0,0
1638282600,433.17898963,435.08235185,426.89695666,427.14073704,434.86305230002665,434.1193693059445,427.700815526598,0,0,0,0,0,-2,0.25,8,1.078583771345172,1,0,1,0,0,0,0,0
1638369000,432.84144756,435.68242665,422.19949619,422.39639573,432.3697209860213,433.05364443540407,427.4927990639863,0,0,0,0,0,-3,0.375,8,1.2407919926548727,1,0,1,0,0,1,0,0
1638455400,422.61204761,430.43177223,422.21824853,428.86595207,431.66896720281704,432.67294512945824,427.546648201477,0,0,0,0,0,0,0,8,1.271581345651977,1,0,1,1,1,0,0,0
1638541800,430.52553391,431.58504096,420.91496109,425.13423696,430.3620211542536,431.9876080231439,427.45204383906616,0,0,0,0,0,-2,0.25,8,1.3703909017085931,0,0,1,1,1,0,0,0
1638801000,427.67517866,432.04447323,425.26550332,430.1692395,430.3234648234029,431.82230179376717,427.5586005316518,0,0,0,0,0,0,0,8,1.3723543537288116,0,0,1,1,1,0,0,0
1638887400,435.43864626,439.62979363,430.04228618,439.06722351,432.0722165607223,432.48093104069744,428.0099190798223,0,0,0,0,0,3,0.375,8,1.4044759395462645,1,0,1,1,1,0,0,0
1638973800,439.46102259,440.67992451,437.70767906,440.22986842,433.70374693257787,433.1853798933613,428.4891327794371,0,0,0,0,0,2,0.25,8,1.3489375028517647,1,0,1,1,1,0,0,0
1639060200,438.94533332,440.33216242,437.06072343,437.25762297,434.4145221400623,433.5555838094194,428.83299513985133,0,0,0,0,0,0,0,8,1.3145400867824923,1,0,1,1,1,0,0,0
1639146600,439.95795953,441.52377969,437.40764167,441.37376099,435.8063699100498,434.2663271894722,429.32478987907285,0,0,0,0,0,-1,0.125,8,1.2783011859012192,1,0,1,1,1,0,0,0
1639405800,440.85807172,441.20498995,437.18261362,437.46389868,436.1378756640398,434.5570155067929,429.64397061636413,0,0,0,0,0,-1,0.125,8,1.266035337460484,1,0,1,1,1,0,0,0
1639492200,434.20099201,436.68567669,431.53816012,434.45414856,435.80113024323185,434.5476639661753,429.8326050455263,0,0,0,0,0,-6,0.75,8,1.2811734467797815,0,0,1,1,1,0,0,0
1639578600,434.51040557,441.48627501,431.99759238,441.24249463,436.8894031205855,435.15628493561394,430.28005169589784,0,0,0,0,0,2,0.25,8,1.324961882691605,1,0,1,1,1,0,0,0
1639665000,443.08959984,443.3708849,435.80431684,437.35138466,436.9817994284684,435.3558394560127,430.5573588709607,0,0,0,0,0,-1,0.125,8,1.3648456893709382,1,0,1,1,1,0,0,0
1639751400,434.28063141,437.28215933,430.99682813,432.69988943,436.1254174287747,435.1143894536479,430.6413796771975,0,0,0,0,0,-1,0.125,8,1.3858794901665117,0,0,1,1,1,0,0,0
1640010600,427.62834224,428.49398666,424.48567664,428.09880117,434.52009417701976,434.476608700589,430.5416707161309,0,1,0,1,0,-5,0.625,8,1.437773907650001,1,1,1,1,1,0,1,0
1640097000,431.51433294,435.84255503,429.3502219,435.70141735,434.7563588116158,434.58795494144454,430.74401372138067,0,0,0,0,0,1,0.125,8,1.438730377759455,1,0,1,1,1,0,0,0
1640183400,435.44736954,440.17077712,435.24977679,440.05786698,435.81666044529265,435.0852196722223,431.1092628687775,1,0,1,0,0,6,0.75,8,1.4026141176075593,1,1,1,1,1,0,1,0
1640269800,441.05523989,444.29199728,440.95173893,442.79593791,437.2125159382341,435.7861940574748,431.5675638507862,0,0,0,0,0,4,0.5,8,1.3626755746914083,1,0,1,1,1,0,0,0
1640615400,444.16967796,449.10949665,444.12263207,449.06245075,439.58250290058726,436.993126484068,432.2536378468338,0,0,0,0,1,6,0.75,8,1.348108642629892,1,1,1,0,0,0,0,0
1640701800,449.49527296,450.52087341,447.93334934,448.6954928,441.40510088046983,438.05697796733455,432.89841647244816,0,0,0,0,0,-1,0.125,8,1.2940301638885066,1,0,1,0,0,0,0,0
1640788200,448.79899376,450.28564395,447.80162084,449.26945268,442.97797124037584,439.0762938503041,433.54041789235214,0,0,0,0,0,-1,0.125,8,1.2395573988559243,1,0,1,0,0,0,0,0
1640874600,449.69286571,450.69964781,447.56639138,448.02744113,443.98786521830067,439.89003451209464,434.10853645069125,0,0,0,0,0,3,0.375,8,1.2041616066916652,1,0,1,0,0,0,0,0
1640961000,447.53816385,448.68608362,446.62547354,446.89833971,444.5699601166405,440.5271531664497,434.610097362821,0,0,0,0,0,0,0,8,1.153910205726399,1,0,1,1,1,0,0,0
1641220200,448.15916962,449.61759228,445.8539209,449.48586379,445.55314085131243,441.34158140495424,435.1934607521222,0,0,0,0,0,4,0.5,8,1.1251290362817186,1,0,1,0,0,0,0,0
1641306600,450.90664973,451.62174729,447.48170878,449.33531693,446.30957606704993,442.06828463450387,435.74804334733307,0,0,0,0,0,-1,0.125,8,1.1109248237525955,1,0,1,1,1,0,0,0
1641393000,448.96835897,449.7399116,440.6131026,440.70710029,445.18908091163996,441.9445406031853,435.94251616861413,0,0,0,0,0,-3,0.375,8,1.1996940737949218,0,0,1,1,1,0,0,0
1641479400,440.24605055,443.00293983,437.93139265,440.29309644,444.209884017312,441.794409315623,436.11312715964885,0,0,0,0,0,-2,0.25,8,1.1973246315334363,0,0,1,1,1,1,0,0
1641565800,440.30250562,441.47865292,437.19747673,438.55239843,443.0783868998496,441.4996810532936,436.20878485652537,0,0,0,0,0,-4,0.5,8,1.1859434174912151,0,0,1,1,1,0,0,0
1641825000,435.36268693,438.22307718,429.6205476,438.00666607,442.06404273387966,441.18213423663053,436.2792900021518,0,0,0,0,0,2,0.25,8,1.2482627007123257,1,0,1,1,1,0,0,0
1641911400,437.74320908,442.09024952,434.75109033,441.99615774,442.0504657351037,441.2561363733005,436.50348089383215,0,0,0,0,0,4,0.5,8,1.2672430635138465,1,0,1,1,1,0,0,0
1641997800,443.72744657,445.2423243,441.23401428,443.1911234,442.278597268083,441.43204428481863,436.7657413842701,0,0,0,0,0,4,0.5,8,1.2381543668385717,1,0,1,1,1,0,0,0
1642084200,444.29199728,444.94123059,436.05896614,437.08456659,441.2397911324664,441.0368190398351,436.7782443335144,0,0,0,0,0,2,0.25,8,1.3109319569351008,1,0,1,1,1,0,0,0
1642170600,433.94190098,437.61148058,432.72811696,437.26334098,440.4445011019731,440.6937755798501,436.7972677314158,0,0,0,0,0,-2,0.25,8,1.2965678082405758,0,0,1,1,1,1,0,0
1642516200,432.57757011,432.78457203,428.40930405,429.51958711,438.2595183035785,439.6779402644092,436.51186849136025,0,0,0,0,0,-4,0.5,8,1.3729033173761713,0,0,1,0,0,0,0,0
1642602600,431.06269238,432.45750899,424.78677035,425.05963653,435.6195419488628,438.34900356128105,436.06276135562064,0,0,0,0,0,-4,0.5,8,1.4171169672501311,1,0,1,0,0,1,0,0
1642689000,426.94147222,431.63665226,418.23798215,420.3550473,432.56664301909024,436.71318935571,435.4467725691257,0,0,0,0,0,-2,0.25,8,1.5582978126231852,1,0,1,0,0,0,0,0
1642775400,419.23535507,421.58764968,412.07497026,412.1031978,428.4739539752722,434.47591739610004,434.5313382644541,0,0,0,0,1,-5,0.625,8,1.6408453291837048,1,1,1,0,0,0,0,0
1643034600,406.50473662,414.36140063,395.90059251,413.85330499,425.54982417821776,432.60113445009097,433.72043499878924,0,0,0,0,0,3,0.375,8,1.8358212539189442,1,0,1,0,0,0,0,0
1643121000,407.473882,413.74039485,401.91305754,408.80057616,422.1999745745742,430.43744733281,432.7431856325622,0,0,0,0,1,-5,0.625,8,1.93438952940976,1,1,1,0,0,0,0,0
1643207400,414.68131269,417.80515994,403.52202705,407.77497571,419.31497480165933,428.37722263982727,431.7640401454029,0,0,0,0,0,-3,0.375,8,2.0509293798692556,1,0,1,0,0,0,0,0
1643293800,412.3666548,415.49991122,404.07716858,405.76141152,416.6042621453275,426.32123981075205,430.7443292189165,0,0,0,0,0,-4,0.5,8,2.11496632145793,1,0,1,0,0,0,0,0
1643380200,407.11633322,415.88568754,402.54347249,415.83864164,416.451138044262,425.3682763406837,430.15979245111583,0,0,0,0,0,3,0.375,8,2.14548429763802,1,0,1,1,1,0,0,0
1643639400,415.17058997,423.67648729,413.82507746,423.32834769,417.8265799734096,425.1828282815306,429.8918926565623,0,0,0,0,0,3,0.375,8,2.1232116595497383,1,0,1,1,1,0,0,0
1643725800,424.05285443,426.82856208,420.53231622,426.18873794,419.4990115667277,425.2742746141187,429.7466709029716,0,0,0,0,0,4,0.5,8,2.063845591837122,0,0,1,1,1,0,0,0
1643812200,428.58807845,431.0532832,426.28282972,430.32877646,421.66496454538213,425.7337747819261,429.76949857187464,0,0,0,0,0,3,0.375,8,1.97873544655311,0,0,1,1,1,0,0,0
1643898600,424.30690225,426.2075563,419.37649274,420.21390962,421.3747535603057,425.23196885811467,429.39476959336974,0,0,0,0,0,-4,0.5,8,2.067793252946656,1,0,1,1,1,0,0,0
1643985000,419.97868016,426.02878191,417.60756719,422.1898371,421.53777026824457,424.9554114255588,429.11222322108074,0,0,0,0,0,2,0.25,8,2.053582423584763,1,0,1,1,1,0,0,0
1644244200,422.95198055,424.34453896,419.50822124,420.8349154,421.3971992945957,424.5808208777807,428.7876229143717,0,0,0,0,0,2,0.25,8,1.995124541604577,1,0,1,1,1,0,0,0
1644330600,420.33622894,425.21959256,418.915443,424.29749307,421.97725804967655,424.5550638043461,428.611539391063,0,0,0,0,0,3,0.375,8,1.9436244657164554,1,0,1,1,1,0,0,0
1644417000,428.32462145,430.82746292,428.12232411,430.50755085,423.6833166097412,425.09619899031463,428.68589278160954,0,0,0,0,0,5,0.625,8,1.8871034251303418,0,0,1,1,1,0,0,0
1644503400,424.67386021,430.66750688,420.77846033,422.77320616,423.50129451979296,424.8850178239224,428.45402271801703,0,0,0,0,0,-3,0.375,8,1.9514455040978693,1,0,1,1,1,0,0,0
1644589800,422.85788877,424.92320344,413.00647893,414.43667406,421.68837042783434,423.93516839083856,427.90432277064383,0,0,0,0,0,-4,0.5,8,2.0538925896753852,1,0,1,1,1,1,0,0
1644849000,413.92857842,415.5093204,409.61917469,413.08175236,419.96704681426746,422.9484942062169,427.32304549963817,0,1,0,1,0,-5,0.625,8,2.0152918335439938,1,1,1,1,1,0,1,0
1644935400,417.51347541,419.91281591,416.99597059,419.7434507,419.922327591414,422.6571266147426,427.0258064878877,0,0,0,0,0,0,0,8,1.957888120765137,1,0,1,1,1,0,0,0
1645021800,417.70165898,421.58294509,415.82923247,420.21390962,419.9806439971312,422.4350159788569,426.7586732773823,0,0,0,0,0,2,0.25,8,1.913805991063984,1,0,1,1,1,0,0,0
1645108200,417.03360731,420.18116568,410.63536596,411.23755338,418.23202587370497,421.41706483350623,426.1500019088575,0,0,0,0,0,0,0,8,1.9822670346873728,1,0,1,1,1,0,0,0
1645194600,411.4916012,412.74302193,406.30714387,408.57475588,416.30057187496396,420.2495822013693,425.4607765743925,0,0,0,0,0,-5,0.625,8,1.965187177342773,1,0,1,1,1,1,0,0
1645540200,406.37300812,409.76972154,400.69927352,404.19007872,413.87847324397114,418.78962733942666,424.6266315604948,0,0,0,0,1,-6,0.75,8,2.0049055639623092,1,1,1,0,0,0,0,0
1645626600,407.09751486,407.66206557,396.45573404,397.02028474,410.5068355431769,416.81059619402424,423.544029724397,0,0,0,0,0,-4,0.5,8,2.096933401030851,1,0,1,0,0,0,0,0
1645713000,386.7360527,403.42793527,386.37850391,402.99511306,409.00449104654155,415.5546431818402,422.73818985520495,0,0,0,0,0,0,0,8,2.220475239642831,1,0,1,1,1,0,0,0
1645799400,404.22771544,411.9714693,402.58110921,411.88678669,409.5809501752332,415.22120168258203,422.31264463304007,0,0,0,0,0,1,0.125,8,2.1802046318946373,1,0,1,1,1,0,0,0
1646058600,406.50473662,412.31019973,405.25331589,410.83295871,409.8313518821866,414.8222705032564,421.8624608713522,0,0,0,0,0,2,0.25,8,2.1523616774151133,1,0,1,1,1,0,0,0
1646145000,409.33689933,411.34105434,401.87542082,404.57585504,408.7802525137493,413.8907781884149,421.1845547603188,0,0,0,0,0,-3,0.375,8,2.1966493174992547,1,0,1,1,1,0,0,0
1646231400,406.82464869,413.74039485,406.07191441,412.01851519,409.42790504899943,413.7205724612863,420.82510222814943,0,0,0,0,0,0,0,8,2.161778815294169,1,0,1,1,1,0,0,0
1646317800,414.44608323,415.04827065,408.17016121,409.96731429,409.53578689719956,413.37936717298754,420.3993066227318,0,0,0,0,0,-2,0.25,8,2.1372467974587797,1,0,1,1,1,0,0,0
1646404200,406.24127962,407.76556653,402.59992756,406.63646512,408.95592254175966,412.7663760772614,419.85958734811487,0,1,0,1,0,-5,0.625,8,2.1302558562964653,1,1,1,1,1,0,1,0
1646663400,406.05309606,406.76047809,394.58330752,394.64917177,406.0945723874077,411.11935750387397,418.8709435999535,0,0,0,0,1,-7,0.875,8,2.258576223301053,1,1,1,0,0,0,0,0
1646749800,394.82794616,401.96951261,390.59381586,391.65705303,403.20706851592615,409.3500570971581,417.80373220505334,0,0,0,0,1,-5,0.625,8,2.320736186948988,1,1,1,0,0,1,0,0
1646836200,400.02181267,404.13362365,397.83888327,402.15769618,402.99719404874094,408.6962061046892,417.19016216485517,0,0,0,0,0,4,0.5,8,2.320301966832646,1,0,1,1,1,1,0,0
1646922600,397.55660791,401.23559669,395.5994988,400.34172474,402.4661001869928,407.9367077988084,416.5294391285863,0,0,0,0,0,-1,0.125,8,2.281350042857143,1,0,1,1,1,0,0,0
1647009000,402.82574785,403.43734445,394.74326356,395.25135919,401.02315198759425,406.78349428891676,415.6950046211908,0,0,0,1,0,-5,0.625,8,2.3027955564284137,1,1,1,1,1,0,1,1
1647264600,396.02291183,399.46667114,391.22423082,392.36274141,399.2910698720754,405.4725167544698,414.78001390702644,0,0,0,1,0,-7,0.875,8,2.3041040221957227,1,1,1,1,1,0,1,1
1647351000,394.96908384,401.621373,393.69884475,400.99095805,399.63104750766036,405.06510232679074,414.2392666185156,0,0,0,0,0,2,0.25,8,2.258412622677052,1,0,1,1,1,0,0,0
1647437400,404.49117243,409.93908676,399.7019006,409.88263168,401.6813643421283,405.5030595407188,414.0684181895542,0,0,0,0,0,2,0.25,8,2.2300039019991797,0,0,1,1,1,0,0,0
1647523800,407.97256846,415.01063394,407.59620132,415.01063394,404.3472182617026,406.367384486108,414.1053678268266,0,0,0,0,0,5,0.625,8,2.172743214907306,0,0,1,1,1,0,0,0
1647610200,413.40233974,419.87708871,412.66614379,419.55618279,407.38901116736207,407.5663661500982,414.3191252763628,1,0,1,0,0,5,0.625,8,2.1184536370162284,1,1,1,1,1,0,1,0
1647869400,419.38629141,421.38723425,415.93183351,419.43348346,409.79790562588965,408.6451949964529,414.5196883423878,0,0,0,0,0,-3,0.375,8,2.0606152156743445,0,0,1,1,1,0,0,0
1647955800,420.82092967,425.27585899,420.82092967,424.34145645,412.70661579071174,410.0721278558663,414.9048557191569,0,0,0,0,0,2,0.25,8,1.9896410926167416,0,0,1,0,0,0,0,0
1648042200,421.81196268,423.30323139,418.79167161,418.8766173,413.94061609256937,410.8725359871512,415.0606110752684,0,0,0,0,0,-1,0.125,8,1.9662646631949685,0,0,1,1,1,0,0,0
1648128600,420.89643695,425.20035172,419.78270462,425.19091331,416.1906755360555,412.1742066528647,415.4578778295716,0,0,0,0,0,2,0.25,8,1.9049364260176793,0,0,1,0,0,0,0,0
1648215000,425.82328675,427.54107729,423.24660093,427.26736342,418.4060131128444,413.5463118135134,415.9209949115492,0,0,0,0,0,2,0.25,8,1.8320661785511845,0,0,1,0,0,0,0,0
1648474200,426.67274361,430.3065313,424.7850617,430.3065313,420.78611675027554,415.06996813046675,416.48513359344923,0,0,0,0,0,5,0.625,8,1.7808424749072678,0,0,1,0,0,0,0,0
1648560600,434.18571764,436.1205916,431.50520932,435.62979431,423.7548522622204,416.93904323769704,417.2359046019414,0,0,0,0,0,4,0.5,8,1.7287634221781547,0,0,1,0,0,0,0,0
1648647000,434.48774675,435.29473077,430.83036303,432.93984758,425.59185132577636,418.39366181427005,417.85174550304174,0,0,0,0,0,0,0,8,1.6944376729718804,1,0,1,0,0,0,0,0
1648733400,432.1753364,432.99647803,425.82328675,426.27633041,425.7287471426211,419.1102680502455,418.182121381746,0,0,0,0,0,-1,0.125,8,1.7181986423238083,1,0,1,1,1,0,0,0
1648819800,427.85254481,427.99412095,423.91672801,427.48444684,426.0798870820969,419.8715570311323,418.5469184585403,0,0,0,0,0,-3,0.375,8,1.6590905446211894,1,0,1,1,1,0,0,0
1649079000,427.68265344,431.25037226,426.8615118,431.14654975,427.0932196156775,420.89655636921117,419.0410216464407,0,0,0,0,0,1,0.125,8,1.600209338833853,1,0,1,1,1,0,0,0
1649165400,429.65528104,432.11870594,424.55853987,425.70058743,426.81469317854203,421.3332864656465,419.3021810889332,0,0,0,0,0,-4,0.5,8,1.6317703188690122,1,0,1,1,1,0,0,0
1649251800,421.79308586,423.71852141,418.56514978,421.4438647,425.7405274828336,421.3433390324059,419.38616868152405,0,0,0,1,0,-7,0.875,8,1.6514547053869555,1,1,1,1,1,0,1,1
1649338200,420.56609261,425.3796815,418.62178024,423.56750686,425.3059233582669,421.5455361076417,419.5501427277388,0,0,0,0,0,-2,0.25,8,1.6397674620785438,1,0,1,1,1,0,0,0
1649424600,422.81243409,425.32305104,420.89643695,422.43489771,424.73171822861354,421.6263871624015,419.66327037410196,0,0,0,0,0,-3,0.375,8,1.6015722633919052,1,0,1,1,1,0,0,0
1649683800,419.16920799,420.00922645,414.71427867,415.21451438,422.82827745889085,421.0434896367286,419.4888093547254,0,0,0,0,0,-4,0.5,8,1.6458518550655876,0,0,1,1,1,0,0,0
1649770200,418.19705181,420.71710717,412.12824883,413.67605362,420.9978326911127,420.3737227261169,419.260858149442,0,0,0,0,0,-3,0.375,8,1.6822767256777817,1,0,1,1,1,1,0,0
1649856600,413.43065497,419.16920799,413.25132519,418.41413523,420.48109319889016,420.1955784082881,419.22765332907176,0,0,0,0,0,3,0.375,8,1.6454505970295148,1,0,1,1,1,0,0,0
1649943000,418.64065706,419.75448377,413.10031063,413.20413314,419.02570118711213,419.55999247480736,418.99143685106895,0,0,0,0,0,-1,0.125,8,1.662211033042553,1,0,1,1,1,0,0,0
1650288600,412.279169,415.05406142,411.14655985,413.37402451,417.8953658516897,418.99763175073394,418.77114617102706,0,0,0,0,0,-3,0.375,8,1.6103666243215222,0,0,1,1,1,0,0,0
1650375000,413.270202,420.76429921,413.10031063,420.04698008,418.3256886973518,419.0930270533945,418.8211788733397,0,0,0,0,0,4,0.5,8,1.6019105049743785,1,0,1,1,1,0,0,0
1650461400,421.82140109,422.43489771,418.57458819,419.73551257,418.6076534718814,419.15143482763136,418.8570350967382,0,0,0,0,0,2,0.25,8,1.5542850179500496,1,0,1,1,1,0,0,0
1650547800,423.35042344,424.73786965,412.55288288,413.4589702,417.5779168175051,418.6339380433012,418.6453462772582,0,0,0,0,0,-2,0.25,8,1.6756803004914604,1,0,1,1,1,0,0,0
1650634200,412.37355309,413.48020662,401.5476973,402.11400188,414.4851338300041,417.1321256648193,417.99705826167946,0,0,0,0,1,-5,0.625,8,1.8118487637203944,1,1,1,0,0,0,0,0
1650893400,399.87709881,404.61518042,395.31834698,404.44528904,412.47716487200324,415.9787768807448,417.4656163314175,0,0,0,0,0,1,0.125,8,1.8369233948694184,1,0,1,0,0,1,0,0
1650979800,401.91579528,402.11400188,392.70390752,392.73222275,408.5281764476026,413.8654537779498,416.49567932822464,0,0,0,0,0,-2,0.25,8,1.9701343377210283,1,0,1,0,0,0,0,0
1651066200,393.80820144,399.16921809,391.70343611,393.83651667,405.5898444920821,412.0446413135908,415.6070847141766,0,0,0,0,0,-6,0.75,8,1.959684834596768,1,0,1,0,0,1,0,0
1651152600,398.57459828,405.51182933,394.14798419,403.78460037,405.2287956676657,411.29372850053704,415.14345787715007,0,0,0,0,0,2,0.25,8,1.9814086331298415,1,0,1,1,1,0,0,0
1651239000,399.80159153,401.95354891,388.11684047,388.86247482,401.95553149813253,409.2545236204882,414.11283109059514,0,0,0,0,1,-5,0.625,8,2.1982773152851007,1,1,1,0,0,1,0,0
1651498200,388.92854369,392.56233138,382.27446493,391.2032004,399.80506527850605,407.61349423680747,413.21441420076786,0,0,0,0,0,2,0.25,8,2.216886787753601,1,0,1,0,0,0,0,0
1651584600,391.70343611,395.40329266,390.14609853,392.99649822,398.44335186680485,406.28467641709767,412.42155475054165,0,0,0,0,0,2,0.25,8,2.1446957903230532,1,0,1,0,0,0,0,0
1651671000,393.65718689,405.53070615,390.47634848,404.96440157,399.7475618074439,406.1646514309979,412.1291173709126,0,0,0,0,0,4,0.5,8,2.1981806792607212,1,0,1,1,1,1,0,0
1651757400,400.70767885,401.13240728,386.44624197,390.57082696,397.9122148379551,404.7470310245435,411.2836942175435,0,0,0,0,0,-2,0.25,8,2.4550549818950427,1,0,1,1,1,1,0,0
1651843800,388.01301796,391.50522951,382.94459201,388.23953979,395.9776798283641,403.2463500032214,410.3800018870516,0,0,0,0,0,-8,1,8,2.4508821217968357,1,0,1,0,0,1,0,0
1652103000,382.34997221,383.58640387,374.23293997,375.80915437,391.9439747366913,400.75205949111034,409.024282376579,0,0,0,0,0,-3,0.375,8,2.617312790941521,1,0,1,0,0,1,0,0
1652189400,381.77422923,383.27493635,372.64728716,376.67748805,388.890677399353,398.56346208737307,407.75578063828175,0,0,0,0,0,-1,0.125,8,2.6262892082351446,1,0,1,0,0,1,0,0
1652275800,375.71477027,381.34950079,369.94790202,370.69353637,385.2512491934824,396.0298324767028,406.30235929442756,0,0,0,0,0,-1,0.125,8,2.697760276619615,1,0,1,0,0,0,0,0
1652362200,367.50335394,373.5722513,363.52034509,370.30656158,382.26231167078595,393.69135330427525,404.89075938405784,0,0,0,0,0,0,0,8,2.7015725305085194,1,0,1,0,0,0,0,0
1652448600,374.43114657,380.53779757,373.39292152,379.15978977,381.6418072906288,392.3703020738866,403.881701752134,0,0,0,0,0,0,0,8,2.6427708294023304,1,0,1,1,1,0,0,0
1652707800,377.5175065,381.28343193,375.27116502,377.62132901,380.837711634503,391.029486340806,402.8518832132268,0,0,0,0,0,0,0,8,2.57772370308702,1,0,1,1,1,0,0,0
1652794200,383.69966478,385.62510034,379.97375821,385.3891401,381.74799732760243,390.5167275916418,402.16706975780613,0,0,0,0,0,2,0.25,8,2.4936987784518845,1,0,1,1,1,0,0,0
1652880600,380.83982668,381.12297896,368.61708627,369.85351792,379.36910144608197,388.6382539851289,400.8998716465196,0,0,0,0,0,0,0,8,2.7367558581690528,1,0,1,0,0,1,0,0
1652967000,366.79547322,372.00547531,365.37027337,367.58829962,377.0129410808656,386.7246217701172,399.5935354886169,0,0,0,0,0,-5,0.625,8,2.6858666868234145,1,0,1,0,0,1,0,0
1653053400,371.16545685,374.73317568,359.16923827,367.74875259,375.16010338269245,384.9995427537429,398.3447204729849,0,0,0,0,0,2,0.25,8,2.795232348375538,1,0,1,0,0,0,0,0
1653312600,370.76904365,375.39386435,368.4566333,374.62935317,375.05395334015395,384.0567982461299,397.41470606894626,0,0,0,0,0,1,0.125,8,2.6936667588036847,1,0,1,1,1,0,0,0
1653399000,370.51420659,372.95875467,365.22869723,371.76951507,374.39706568612314,382.93977250284536,396.4090123042817,0,0,0,0,0,-2,0.25,8,2.7011190085903687,1,0,1,1,1,0,0,0
1653485400,370.27824635,377.0172708,369.88183315,375.0540816,374.5284688688985,382.2228915116776,395.5715640413687,0,0,0,0,0,4,0.5,8,2.6221098297296126,1,0,1,1,1,0,0,0
1653571800,376.28107485,384.18102367,376.07342984,382.54817881,376.1324108571188,382.2524630842523,395.06084305190325,0,0,0,0,0,3,0.375,8,2.557534652455871,0,0,1,1,1,0,0,0
1653658200,385.0021653,392.05275165,384.8039587,391.93939635,379.29380795569506,383.13309338113845,394.9384333773188,0,0,0,0,0,4,0.5,8,2.491165054984905,0,0,1,1,1,0,0,0
1654003800,390.32542831,393.0720055,387.00310813,389.74024691,381.383095746556,383.73374370194404,394.73458292762,0,0,0,0,0,-3,0.375,8,2.4375033490003686,0,0,1,1,1,0,0,0
1654090200,391.85445066,392.86436049,384.07720116,386.58781811,382.42404021924483,383.9932050117673,394.41510195438,0,0,0,0,0,-5,0.625,8,2.4442102997741757,0,0,1,1,1,0,0,0
1654176600,386.42736515,393.99696964,384.18102367,393.94977759,384.7291876933959,384.89834797342485,394.3968539400906,0,0,0,0,0,1,0.125,8,2.4051868682426156,1,0,1,1,1,0,0,0
1654263000,389.24001121,390.78791038,386.51231084,387.48446702,385.28024355871673,385.1334497049317,394.1257799432243,0,0,0,0,0,-1,0.125,8,2.407754300991152,1,0,1,1,1,0,0,0
1654522200,391.48635269,393.2126378,387.49607627,388.66426822,385.95704849097336,385.45443320630153,393.91160301290176,0,0,0,0,0,1,0.125,8,2.3342572080489905,1,0,1,1,1,0,0,0
1654608600,385.18149508,392.84548367,384.71901302,392.39244001,387.2441267947787,386.08516109754686,393.8520279931801,0,0,0,0,0,4,0.5,8,2.2948596107228414,0,0,1,1,1,0,0,0
1654695000,390.68408787,392.46794728,387.33345247,388.12627887,387.42055720982296,386.270717258679,393.62748881187895,0,0,0,0,0,-3,0.375,8,2.248856043209892,0,0,1,1,1,0,0,0
1654781400,386.35185787,388.61707617,378.8955143,378.8955143,385.71554862785837,385.60024426243547,393.049764321217,0,0,0,0,0,-4,0.5,8,2.3223661901146255,1,0,1,1,1,0,0,0
1654867800,372.70391762,373.55120364,367.8620135,367.90920555,382.1542800122867,383.99196801585043,392.06386005567913,0,0,0,0,1,-7,0.875,8,2.4350910509492927,1,1,1,0,0,0,0,0
1655127000,358.51798801,360.36791629,352.33582974,353.94035937,376.51149588382935,381.2600035935004,390.56882081310346,0,0,0,0,1,-8,1,8,2.6646819792826104,1,1,1,0,0,1,0,0
1655213400,355.68646514,356.71525178,349.77802074,352.87381908,371.78396052306346,378.6794413650004,389.09058545102096,0,0,0,0,0,-7,0.875,8,2.622249263283245,1,0,1,0,0,1,0,0
1655299800,356.16782403,362.34054389,351.22209741,357.90449139,369.0080666964508,376.79080954909125,387.8676013701966,0,0,0,0,0,3,0.375,8,2.6226160932432134,1,0,1,0,0,0,0,0
1655386200,349.70251346,350.10836507,343.63352172,346.05928736,364.41831082916065,373.9970348046284,386.22805964430654,0,0,0,0,0,0,0,8,2.8132041637598246,1,0,1,0,0,1,0,0
1655472600,346.47340416,350.14184572,343.30735899,346.80517536,360.89568373532853,371.52504758238945,384.6820641821769,0,0,0,0,0,1,0.125,8,2.747406939968712,1,0,1,0,0,0,0,0
1655818200,352.52111919,356.9147178,352.44528577,355.53549752,359.8236464922628,370.0714521221722,383.5390615679739,0,0,0,0,0,1,0.125,8,2.6916236474412467,1,0,1,0,0,0,0,0
1655904600,351.31726369,358.99539718,350.90017989,354.89091348,358.83709988981025,368.691403154702,382.4156047802102,0,0,0,0,0,2,0.25,8,2.6668360835681697,1,0,1,1,1,0,0,0
1655991000,357.02372834,359.09966813,353.4690369,358.36977149,358.7436342098482,367.75307300336544,381.4726309256921,0,0,0,0,0,4,0.5,8,2.5645358441784696,1,0,1,1,1,0,0,0
1656077400,361.53581666,369.77322161,361.50263954,369.76374243,360.9476558538786,367.9358611330595,381.0134588278218,0,0,0,0,0,2,0.25,8,2.5282596750482944,0,0,1,1,1,1,0,0
1656336600,370.68322262,370.97707711,367.26123966,368.35134504,362.4283936911029,367.9736323973268,380.51690534594644,0,0,0,0,0,-3,0.375,8,2.4287269253546073,0,0,1,1,1,0,0,0
1656423000,369.90593009,372.683329,360.71112825,360.82487838,362.1076906288823,367.3237456684789,379.7446689943407,0,0,0,0,0,-3,0.375,8,2.539289363573012,1,0,1,1,1,0,0,0
1656509400,361.37467065,362.36050507,358.71102187,360.53102388,361.7923572791059,366.7062255058899,378.991192715347,0,0,0,0,0,-4,0.5,8,2.432137119983161,1,0,1,1,1,0,0,0
1656595800,356.64456125,360.8326513,353.15622406,357.60195814,360.9542774512847,365.87856483626354,378.1523992025883,0,0,0,0,0,-4,0.5,8,2.430242813301736,1,0,1,1,1,0,0,0
1656682200,356.94789492,361.82019198,354.33164202,361.38414983,361.0402519270278,365.46998165387595,377.49482079582015,0,0,0,0,0,4,0.5,8,2.381049492222694,1,0,1,1,1,0,0,0
1657027800,356.30331087,362.08560894,353.47851608,362.06665058,361.2455316576222,365.16058791988723,376.88979451284683,0,0,0,0,0,3,0.375,8,2.3766076870402206,1,0,1,1,1,0,0,0
1657114200,362.20883824,365.77300885,359.82956477,363.28946444,361.65431821409777,364.990485785352,376.3564482354803,0,0,0,0,0,-2,0.25,8,2.3162795523361526,1,0,1,1,1,0,0,0
1657200600,365.06207056,369.526763,363.30557904,368.73051212,363.0695569952782,365.3304881794109,376.05739191722614,0,0,0,0,0,1,0.125,8,2.2399187270785266,0,0,1,1,1,0,0,0
1657287000,367.10009365,370.29457635,365.57394613,368.42717845,364.1410812862226,365.6120054767372,375.7581678596879,0,0,0,0,0,-1,0.125,8,2.17315787780728,0,0,1,1,1,0,0,0
1657546200,365.7540505,366.72092657,363.52644386,364.2184238,364.15654978897805,365.48531623339744,375.30562887695504,0,0,0,0,0,-2,0.25,8,2.137361279276638,1,0,1,1,1,0,0,0
1657632600,363.66863152,366.04790499,359.25133497,360.99550356,363.52434054318246,365.07715144490675,374.7444474919764,0,1,0,1,0,-5,0.625,8,2.1368923923028786,1,1,1,1,1,0,1,0
1657719000,355.56393505,362.02873387,355.14495542,359.09966813,362.639406060546,364.5337438708243,374.13092673268324,0,0,0,0,0,-2,0.25,8,2.131658279992821,1,0,1,1,1,0,0,0
1657805400,354.15153766,358.85320953,351.71538913,358.22758383,361.7570416144368,363.96045659438573,373.50726622669566,0,0,0,0,0,-1,0.125,8,2.1314540840145892,1,0,1,1,1,0,0,0
1657891800,362.62592203,365.18529987,360.72060743,365.07154974,362.4199432395494,364.06146506216885,373.1764538154527,0,0,0,0,0,3,0.375,8,2.0782354693522196,0,0,1,1,1,0,0,0
1658151000,368.15228232,368.82530389,360.83435755,362.05717141,362.34738887363955,363.8792565483353,372.7404035250428,0,0,0,0,0,-1,0.125,8,2.10350658122592,1,0,1,1,1,0,0,0
1658237400,365.97207157,372.40843286,365.31800835,371.83968223,364.2458475449116,364.60293161030484,372.70508112131563,0,0,0,0,0,3,0.375,8,2.100711682355085,1,0,1,1,1,0,0,0
1658323800,372.02926577,375.62187391,370.66426426,374.20947652,366.2385733399293,365.4762538748226,372.7640770193033,0,0,0,0,0,6,0.75,8,2.032937846461532,0,0,1,1,1,0,0,0
1658410200,373.63124671,378.06750162,371.23301489,378.02010573,368.5948798179434,366.6166040434751,372.9701957922718,0,0,0,0,0,3,0.375,8,1.9978394209952965,0,0,1,0,0,0,0,0
1658496600,378.14333504,379.33771136,372.29468273,374.51281019,369.77846589235475,367.3344409658865,373.0306904745356,0,0,0,0,0,-1,0.125,8,2.006837316514996,0,0,1,1,1,0,0,0
1658755800,375.13843588,375.82093663,372.73072488,374.96781069,370.8163348518838,368.0283836680786,373.10665597318126,0,0,0,0,0,-1,0.125,8,1.920096789771354,0,0,1,1,1,0,0,0
1658842200,373.32791304,373.53645494,369.64051313,370.53155578,370.7593790375071,368.2559447691624,373.00567165188005,0,0,0,0,0,-2,0.25,8,1.9069897144369636,0,0,1,1,1,0,0,0
1658928600,373.82083025,381.89708919,373.52697576,380.15292059,372.6380873480057,369.33748802560217,373.2859559239632,0,0,0,0,0,2,0.25,8,1.939511150198612,0,0,1,1,1,0,0,0
1659015000,380.95865065,385.61292663,377.4134384,384.9209467,375.09465921840456,370.7541660869111,373.74223007204307,0,0,0,0,0,7,0.875,8,1.930821246664372,0,0,1,0,0,0,0,0
1659101400,386.35230245,391.518454,385.5844891,390.53261958,378.1822512907236,372.5522073135555,374.4006767194139,0,0,0,0,0,6,0.75,8,1.887811352420107,0,0,1,0,0,0,0,0
1659360600,387.84053326,391.87866273,387.12959498,389.37615996,380.4210330245789,374.0816575541414,374.98795057198595,0,0,0,0,0,3,0.375,8,1.845292671225079,0,0,1,0,0,0,0,0
1659447000,387.81209573,391.49001647,385.63188499,386.80730295,381.6982870096631,375.23853440831033,375.45145458681003,0,0,0,0,0,-2,0.25,8,1.8330429903813494,0,0,1,0,0,0,0,0
1659533400,388.93063864,394.03043595,388.64626332,392.86449716,383.9315290397305,376.8408946584639,376.1343190014449,0,0,0,0,0,2,0.25,8,1.8071953872072313,1,0,1,0,0,0,0,0
1659619800,392.78866374,393.47116449,390.95918255,392.5990802,385.6650392717844,378.27345698042177,376.77999591119215,0,0,0,0,0,3,0.375,8,1.7249469104016955,1,0,1,0,0,0,0,0
1659706200,388.3239713,392.58012184,388.26709624,391.9355378,386.9191389774275,379.51546432765616,377.37433088722383,0,0,0,0,0,0,0,8,1.6833966887362222,1,0,1,0,0,0,0,0
1659965400,393.62283133,395.86939631,390.38095274,391.48053729,387.831418639942,380.6031982333238,377.92751545203856,0,0,0,0,0,0,0,8,1.6651116380380262,1,0,1,0,0,0,0,0
1660051800,390.75064065,391.25303704,388.85480522,389.92595224,388.2503253599536,381.4507213248398,378.3980423848998,0,0,0,0,0,-3,0.375,8,1.6004389588038979,1,0,1,1,1,0,0,0
1660138200,396.96898086,398.25814896,395.01627037,398.1159613,390.2234525479629,382.96574314076344,379.1712941070606,0,0,0,0,0,1,0.125,8,1.6050428674035209,1,0,1,0,0,0,0,0
1660224600,400.95971445,402.81763317,397.37658548,398.1159613,391.80195429837033,384.34303570069403,379.9142222322739,0,0,0,0,0,1,0.125,8,1.5880183203031133,1,0,1,0,0,0,0,0
1660311000,400.04971344,404.95992721,399.10179572,404.85565626,394.41269469069624,386.20781938790367,380.8923176843416,0,0,0,0,0,4,0.5,8,1.5707886388076826,1,0,1,0,0,0,0,0
1660570200,402.64226839,407.04534618,402.59013292,406.52399144,396.83495404055697,388.0547441199124,381.89748136103407,0,0,0,0,0,3,0.375,8,1.5308841644904179,1,0,1,0,0,0,0,0
1660656600,405.45284442,409.24451528,404.64711436,407.32024232,398.93201169644556,389.8061530471931,382.8944523790327,0,0,0,0,0,-2,0.25,8,1.4993774354568856,1,0,1,0,0,0,0,0
1660743000,403.72763418,407.13065877,402.4289869,404.42909328,400.03142801315647,391.13551125017557,383.7389481006393,0,0,0,0,0,-4,0.5,8,1.4886193590036658,1,0,1,0,0,0,0,0
1660829400,404.628156,406.28701201,403.33898791,405.60451125,401.14604466052515,392.45087488652325,384.59642116532007,0,0,0,0,0,0,0,8,1.43019949122771,1,0,1,0,0,0,0,0
1660915800,402.8460707,403.11148766,399.28190009,400.15398439,400.94763260642014,393.1511575686575,385.20652168393497,0,1,0,1,0,-5,0.625,8,1.4589920716292983,1,1,1,1,1,0,1,0
1661175000,395.32908322,395.49970841,390.92126584,391.82178767,399.1224636191361,393.03030575968864,385.4659438794669,0,0,0,0,0,-5,0.625,8,1.5518992674394594,0,0,1,1,1,0,0,0
1661261400,391.3952247,393.78397734,390.32407768,390.87386995,397.4727448853089,392.834266140626,385.6780194116447,0,0,0,0,0,-2,0.25,8,1.5077704981057731,0,0,1,1,1,1,0,0
1661347800,390.6463697,393.49021764,389.96386895,392.12512134,396.4032201762471,392.7697984314782,385.9308469382469,0,0,0,0,0,2,0.25,8,1.4598401664493783,0,0,1,1,1,0,0,0
1661434200,393.61335215,397.70835668,392.52324678,397.6609608,396.65476830099766,393.21444955588925,386.39085140341365,0,0,1,0,0,5,0.625,8,1.4369821017495097,1,1,1,1,1,0,1,1
1661520600,397.54721067,398.08752377,384.14365417,384.20052924,394.1639204887981,392.39500225444476,386.3049564166131,0,0,0,0,0,-2,0.25,8,1.6403262230006643,1,0,1,1,1,1,0,0
1661779800,381.25250514,384.70292563,380.30449264,381.66010976,391.6631583430385,391.41910293676796,386.1228055673341,0,0,0,0,0,-8,1,8,1.6156162656777149,1,0,1,0,0,1,0,0
1661866200,382.81656937,383.0535488,375.37541531,377.47031346,388.8245893664308,390.1510311661527,385.78349215136024,0,0,0,0,0,-3,0.375,8,1.6621600413773963,1,0,1,0,0,0,0,0
1661952600,379.10073193,380.34250414,374.4654143,374.59812278,385.97929604914464,388.73713040377515,385.34485021522846,0,0,0,0,0,-5,0.625,8,1.667333105260294,0,0,1,0,0,0,0,0
1662039000,372.42739121,376.11479112,369.72582572,375.77354075,383.93814498931573,387.55862225343196,384.9695047460038,0,0,0,0,0,-2,0.25,8,1.664839069439858,0,0,1,0,0,0,0,0
1662125400,379.43250313,380.64109822,370.00072186,371.8112447,381.5127649314526,386.12704247584725,384.4534945481213,0,0,0,0,0,-4,0.5,8,1.7668085048582638,1,0,1,0,0,0,0,0
1662471000,372.65489146,373.59333,368.19019902,370.40832648,379.29187724116207,384.6980682944066,383.9027036434891,0,0,0,0,0,-5,0.625,8,1.7510142476089716,0,0,1,0,0,0,0,0
1662557400,370.09551363,377.83052219,369.87749256,377.06270884,378.8460435609297,384.00394470764235,383.6344685531562,0,0,0,0,0,0,0,8,1.74790484617251,0,0,1,1,1,0,0,0
1662643800,374.7971855,379.9822954,373.59333,379.5272949,378.98229382874376,383.5969765433112,383.4734029196991,0,0,0,0,0,5,0.625,8,1.73275757067122,0,0,1,1,1,0,0,0
1662730200,381.76438071,386.28594821,381.49896375,385.42334309,380.27050368099503,383.76300986573744,383.54987116167166,0,0,0,0,0,3,0.375,8,1.7096302420398057,0,0,1,1,1,0,0,0
1662989400,387.48980371,390.28616097,387.18647004,389.56574351,382.129551646796,384.29053110612494,383.7857877243512,0,0,0,0,0,4,0.5,8,1.6597950377459116,0,0,1,1,1,0,0,0
1663075800,380.90177559,382.10563109,371.50791103,372.62645393,380.2289321034368,383.23016045374993,383.3481667912394,0,0,0,0,0,-2,0.25,8,1.9574513149829615,1,0,1,1,1,1,0,0
1663162200,373.9251012,375.56499885,370.74957686,374.04833051,378.99281178474945,382.39544864068176,382.98346732923,0,0,0,0,0,-2,0.25,8,1.9026796492486453,1,0,1,1,1,0,0,0
1663248600,372.49374545,375.3374986,368.5314494,369.80165914,377.15458125579954,381.2505586860743,382.4665336747504,0,0,0,0,0,-3,0.375,8,1.9185243487699288,1,0,1,0,0,0,0,0
1663335000,365.62929186,367.63761644,363.69711228,366.98086575,375.11983815463964,379.95331387370396,381.85925257966215,0,0,0,0,1,-5,0.625,8,1.9139981980270906,1,1,1,0,0,0,0,0
1663594200,363.83988417,369.82678542,363.76221626,369.82678542,374.0612276077117,379.0327203779127,381.3873911224205,0,0,0,0,0,0,0,8,1.8807388069850512,1,0,1,1,1,0,0,0
1663680600,366.50495945,367.5138808,362.82620375,365.58170123,372.3653223321694,377.8099004553752,380.76756014624715,0,0,0,0,1,-5,0.625,8,1.9034589782036786,1,1,1,0,0,0,0,0
1663767000,367.50436268,370.550163,359.19503869,359.20455681,369.7331692277355,376.1185055785229,379.9219521722767,0,0,0,0,1,-6,0.75,8,2.024675925720404,1,1,1,0,0,0,0,0
1663853400,358.43358861,360.07070628,355.44489705,356.18731087,367.0239975561884,374.306578786839,378.99118192512856,0,0,0,0,1,-7,0.875,8,1.9887464628706244,1,1,1,0,0,0,0,0
1663939800,352.72271301,352.76078552,345.78399916,350.21944588,363.66308722095073,372.1168394316718,377.8628785508098,0,0,0,0,0,-4,0.5,8,2.0903409075832546,1,0,1,0,0,0,0,0
1664199000,348.75365447,352.37054235,345.53643271,346.75484802,360.28143938076056,369.81120384879256,376.64295578489566,0,0,0,0,1,-7,0.875,8,2.1012015237954866,1,1,1,0,0,0,0,0
1664285400,350.28607276,352.55138675,343.48061267,345.8696623,357.39908396460845,367.6347000716296,375.4361599619586,0,0,0,0,0,-3,0.375,8,2.1434376948616087,1,0,1,0,0,0,0,0
1664371800,346.8214749,354.35983068,345.12724847,352.67512238,356.4542916476868,366.2747384632996,374.5435702528622,0,0,0,0,0,3,0.375,8,2.1389189740098074,1,0,1,0,0,0,0,0
1664458200,349.13437951,349.41992329,342.36699193,345.30809287,354.2250518921494,364.36867977299966,373.3970809437304,0,0,0,0,0,-2,0.25,8,2.2417410734538152,1,0,1,0,0,0,0,0
1664544600,344.36579839,348.27774817,339.83517042,339.96842418,351.3737263497195,362.1504747190906,372.08615322750563,0,0,0,0,1,-5,0.625,8,2.2916928983884985,1,1,1,0,0,0,0,0
1664803800,343.68049332,350.79053344,341.90060376,348.94401699,350.8877844777756,360.94988765280965,371.17861847309365,0,0,0,0,0,3,0.375,8,2.294791526918387,1,0,1,1,1,0,0,0
1664890200,354.45501194,359.7851625,348.90375532,359.75660812,352.66154920622046,360.8414076952815,370.7306964984625,0,0,0,0,0,6,0.75,8,2.2828806863008917,1,1,1,1,1,1,0,0
1664976600,355.39730642,361.17480889,353.07488367,358.91901303,353.91304197097634,360.66664454389223,370.26749322518947,0,0,0,0,0,0,0,8,2.285961549381886,1,0,1,1,1,0,0,0
1665063000,357.51984851,360.47046757,354.72151947,355.21646202,354.17372598078106,360.17117340535657,369.6772567073389,0,1,0,1,0,-6,0.75,8,2.26040654735033,1,1,1,1,1,0,1,0
1665149400,351.19029473,355.30526614,343.54723956,345.30809287,352.40059935862485,358.8199842657787,368.7216032235217,0,0,0,0,1,-7,0.875,8,2.402396979890346,1,1,1,0,0,0,0,0
1665408600,346.42171361,346.65966676,340.43481236,342.67157197,350.4547938808999,357.3519467843443,367.70003337044244,0,0,0,0,1,-5,0.625,8,2.377715683349132,1,1,1,0,0,0,0,0
1665495000,340.97258648,345.53652789,338.56925966,340.50143924,348.46412295271995,355.8200824621312,366.63342183591527,0,0,0,0,1,-5,0.625,8,2.3681060476235234,1,1,1,0,0,0,0,0
1665581400,340.91071866,342.47921064,339.1308291,339.37830037,346.64695843617596,354.32537499921017,365.56459354313427,0,0,0,0,0,-1,0.125,8,2.2767058533544,1,0,1,0,0,0,0,0
1665667800,332.37771871,349.80064833,331.33548391,348.33485693,346.98453813494075,353.78078244746376,364.88891759752113,0,0,0,0,0,1,0.125,8,2.43836713926877,1,0,1,1,1,0,0,0
1665754200,350.79053344,352.41813298,339.75902541,340.39673985,345.6669784779526,352.56405130223976,363.9284400387948,0,0,0,0,0,-3,0.375,8,2.582637259901814,1,0,1,1,1,0,0,0
1666013400,346.46930424,350.24790507,340.06436689,349.14389764,346.3623623103621,352.25312824203615,363.34865406237145,0,0,0,0,0,1,0.125,8,2.5464185085388165,1,0,1,1,1,0,0,0
1666099800,357.05346034,357.35804037,349.81016646,353.24620994,347.7391318362897,352.3434083963965,362.95247978306276,0,0,0,0,0,3,0.375,8,2.5031667927111716,0,0,1,1,1,0,0,0
1666186200,351.20933098,353.93151501,347.93509564,350.74294281,348.33989403103175,352.1979115249059,362.4736744115701,0,1,0,1,0,-5,0.625,8,2.463074974296024,1,1,1,1,1,0,1,0
1666272600,350.29559089,354.71200135,347.0403918,347.80184188,348.2322836008254,351.7982688299145,361.89830842993985,0,0,0,1,0,-6,0.75,8,2.4640346585917774,1,1,1,1,1,0,1,1
1666359000,347.52581622,356.73936218,346.02195231,356.25393776,349.8366144326603,352.2033296417404,361.67696056053046,0,0,0,0,0,2,0.25,8,2.4486318401090115,0,0,1,1,1,0,0,0
1666618200,357.77683791,361.74589645,355.13079889,360.61323946,351.99193943812827,352.96786689794584,361.63524600756847,0,0,0,0,0,4,0.5,8,2.377272141655088,0,0,1,1,1,0,0,0
1666704600,360.53709445,366.68580384,360.42382875,366.37170569,354.8678926885026,354.18639769722347,361.82098952452657,0,0,0,0,0,3,0.375,8,2.294855749587311,1,0,1,1,1,0,0,0
1666791000,363.23072411,368.9035272,362.97373471,363.61144915,356.6166039808021,355.0432205565668,361.89120362748633,0,0,0,0,0,2,0.25,8,2.263599956706402,0,0,1,1,1,0,0,0
1666877400,364.61085238,366.44785069,361.05107326,361.66975145,357.6272334746417,355.6456324559698,361.88251922836923,0,0,0,0,0,1,0.125,8,2.2197833570422807,0,0,1,1,1,0,0,0
1666963800,361.56505206,370.75004364,361.38420767,370.27413734,360.1566142477133,356.9754965363362,362.21160229157044,0,0,0,0,0,-1,0.125,8,2.1940026292586743,0,0,1,0,0,0,0,0
1667223000,367.81846084,369.68401353,366.69532197,367.59954394,361.64520018617065,357.94131902757834,362.4228941209206,0,0,0,0,0,-3,0.375,8,2.1216513844086036,0,0,1,1,1,0,0,0
1667309400,371.34016745,371.5781206,364.82025115,365.99098065,362.51435627893653,358.6731064477985,362.5628190828453,0,0,0,0,0,-3,0.375,8,2.110653496511345,0,0,1,1,1,0,0,0
1667395800,365.40085683,369.90293043,356.70128968,356.80598906,361.37268283514925,358.50336850345315,362.3370610427337,0,0,0,0,0,-4,0.5,8,2.27462668436646,0,0,1,1,1,0,0,0
1667482200,353.56506716,356.16827462,351.01896846,353.13199243,359.7245447541194,358.01506158768467,361.97607795988137,0,0,0,0,0,-5,0.625,8,2.2511832501180784,0,0,1,1,1,0,0,0
1667568600,358.8333499,360.61323946,352.17066171,358.21467171,359.42257014529554,358.0332079624406,361.82857183243505,0,0,0,0,0,1,0.125,8,2.2290704831399752,0,0,1,1,1,0,0,0
1667831400,359.50913685,362.23132088,357.43418538,361.64119707,359.8662955302364,358.3612069722187,361.82122380253566,0,0,0,0,0,3,0.375,8,2.144988775251968,0,0,1,1,1,0,0,0
1667917800,362.74529968,366.56206821,359.51865497,363.5924129,360.6115190041891,358.83677114747155,361.89068219851464,0,0,0,0,0,4,0.5,8,2.119455928871394,0,0,1,1,1,0,0,0
1668004200,361.62216082,362.77385406,355.60670519,356.10164774,359.7095447513513,358.5881235649741,361.6636612393572,0,0,0,0,0,-4,0.5,8,2.169646559671918,0,0,1,1,1,0,0,0
1668090600,369.35087912,376.00404919,367.05891438,375.67091478,362.90181875708106,360.14110458452194,362.21296529977457,0,0,0,0,0,1,0.125,8,2.2881408331071533,1,0,1,0,0,1,0,0
1668177000,376.52754612,380.10636149,374.64295717,379.30683891,366.18282278766486,361.88344406865633,362.8833132844893,0,0,0,0,0,6,0.75,8,2.207218669987417,0,0,1,0,0,0,0,0
1668436200,377.5459856,380.89627077,375.80416854,376.0801942,368.1622970701319,363.1740577169603,363.400838026274,0,0,0,0,0,-3,0.375,8,2.163858585245936,0,0,1,0,0,0,0,0
1668522600,381.81962417,382.92372679,375.48055226,379.28780266,370.3873981881055,364.638943620873,364.02385624720444,0,0,0,0,0,3,0.375,8,2.1324767882773097,1,0,1,0,0,0,0,0
1668609000,377.66020311,378.61201571,375.76609604,376.39429236,371.5887770224844,365.7076116880664,364.5089713888827,0,0,0,0,0,0,0,8,2.062211003729164,1,0,1,1,1,0,0,0
1668695400,371.64474749,375.91838606,371.34016745,375.24259911,372.3195414399875,366.574428726424,364.9298979661814,0,0,0,0,0,-3,0.375,8,2.0169942601181057,1,0,1,1,1,0,0,0
1668781800,378.57394321,378.64057009,374.10042399,376.94634366,373.24490188399,367.5173300840218,365.40113113064484,0,0,0,0,0,0,0,8,1.9504903349095815,1,0,1,1,1,0,0,0
1669041000,375.62332415,376.74646302,373.7387352,375.57573352,373.711068211192,368.24991221456526,365.80013514591366,0,0,0,0,0,-3,0.375,8,1.8787828479001227,1,0,1,1,1,0,0,0
1669127400,377.51743122,380.79166656,376.11131847,380.62985842,375.0948262529536,369.3753618696048,366.381692921368,0,0,0,0,0,3,0.375,8,1.8193005413948062,1,0,1,0,0,0,0,0
1669213800,380.29672401,383.5138506,380.06828899,383.02842617,376.6815462363629,370.61654953327707,367.0345059899418,0,0,0,0,1,6,0.75,8,1.7430257166718088,1,1,1,0,0,0,0,0
1669386600,382.46685674,383.49481435,382.18607202,382.94276304,377.9337895970903,371.7371143975246,367.65835920759116,0,0,0,0,0,2,0.25,8,1.643297313911797,1,0,1,0,0,0,0,0
1669645800,379.85889022,381.49600789,376.07067607,376.83212615,377.71345690767225,372.2002972841133,368.0181147739601,0,0,0,0,0,-3,0.375,8,1.6809234256784866,1,0,1,1,1,0,0,0
1669732200,376.96537991,378.15514566,374.34789527,376.18489358,377.4077442421378,372.5625333110121,368.3383806094911,0,0,0,0,0,-4,0.5,8,1.635833585928409,1,0,1,1,1,0,0,0
1669818600,376.43236486,388.03496044,374.51922153,388.03496044,379.5331874817103,373.96911759546555,369.11079550480514,0,0,0,0,0,4,0.5,8,1.721395037829673,1,0,1,0,0,1,0,0
1669905000,389.07243618,390.24316567,385.24614953,387.74941666,381.1764333173682,375.2218720558778,369.8417218246167,0,0,0,0,0,4,0.5,8,1.69166700740803,1,0,1,0,0,0,0,0
1669991400,382.86661803,388.20628671,382.76191864,387.30206474,382.4015596018946,376.320071390798,370.5264411546317,0,0,0,0,0,3,0.375,8,1.6730563394935192,1,0,1,0,0,0,0,0
1670250600,384.48469945,385.4174758,378.98322263,380.33479652,381.98820698551566,376.6850464025436,370.9110825415089,0,0,0,0,0,-3,0.375,8,1.7382430590374631,1,0,1,1,1,0,0,0
1670337000,380.17298837,380.71552156,372.76788635,374.85235594,380.56103677641255,376.518438178676,371.0656422826262,0,0,0,0,0,-4,0.5,8,1.7891329239961913,0,0,1,1,1,0,0,0
1670423400,374.00524273,376.57513675,373.08198451,374.2146415,379.29175772113007,376.30900211697815,371.18913244801337,0,0,0,0,0,-1,0.125,8,1.730844740238531,0,0,1,1,1,0,0,0
1670509800,376.09923045,378.21225442,374.31781799,377.14622431,378.86265103890406,376.3851132254347,371.42274389358147,0,0,0,0,0,3,0.375,8,1.6704316891607989,1,0,1,1,1,0,0,0
1670596200,375.90886793,378.4597257,374.20512338,374.32885902,377.95589263512323,376.1981810249406,371.5367091926567,0,0,0,0,0,-2,0.25,8,1.6439748639180451,0,0,1,1,1,0,0,0
1670855400,375.11886347,379.72563645,374.45449828,379.72563645,378.30984139809857,376.51885879085506,371.85784359490543,0,0,0,0,0,2,0.25,8,1.6063687980316814,1,0,1,1,1,0,0,0
1670941800,390.45256445,390.70955385,379.83985396,382.6001105,379.16789521847886,377.0716998553228,372.27910896373265,0,0,0,0,0,1,0.125,8,1.6854830702030679,1,0,1,1,1,0,0,0
1671028200,382.25745797,385.96000898,377.21285119,380.15395212,379.3651065987831,377.35190460665706,372.5879263424098,0,0,0,0,0,0,0,8,1.7395159143784509,1,0,1,1,1,0,0,0
1671114600,375.29970787,376.20392984,369.19383004,370.85474303,377.6630338850265,376.7612535542337,372.51995836937414,0,0,0,0,0,0,0,8,1.8668653650432,0,0,1,1,1,0,0,0
1671201000,368.30306964,369.63694675,364.34446663,366.47675763,375.4257786340212,375.82629937930335,372.2829701050849,0,1,0,1,0,-7,0.875,8,1.8811159852335853,1,1,1,1,1,0,1,0
1671460200,366.66799449,367.00265899,361.70539796,363.36915864,373.01445463521696,374.69383203936667,371.93340887116005,0,0,0,0,0,-4,0.5,8,1.8658189432028616,0,0,1,0,0,0,0,0
1671546600,362.61377304,365.48232595,361.29423871,363.86637448,371.1848386041736,373.70951771578785,371.61705458131064,0,0,0,0,0,0,0,8,1.8123926697687915,0,0,1,1,1,0,0,0
1671633000,366.45763394,370.43536064,365.92217073,369.30706316,370.80928351533885,373.3092945743526,371.52646668243574,0,0,0,0,0,6,0.75,8,1.7851951252977565,0,0,1,1,1,0,0,0
1671719400,366.26639708,369.2911905,358.34919106,364.03848766,369.4551243442711,372.4664939457751,371.23282044626177,0,0,0,0,0,-2,0.25,8,1.896678262102291,0,0,1,1,1,0,0,0
1671805800,363.01537045,366.27595892,361.46635188,366.13253128,368.79060573141686,371.89067915797733,371.03280910640837,0,0,0,0,0,0,0,8,1.8449586294440268,0,0,1,1,1,0,0,0
1672151400,366.01778916,366.36201551,363.01537045,364.68869298,367.97022318113346,371.23595314179755,370.7840202387061,0,0,0,0,0,-3,0.375,8,1.7855064826223128,0,0,1,1,1,0,0,0
1672237800,364.62176008,366.59149974,359.92689515,360.15637939,366.40745442290677,370.2287191643614,370.36725000934507,0,0,0,0,0,-3,0.375,8,1.8110114924005012,1,0,1,0,0,0,0,0
1672324200,362.99624677,367.50943667,362.4703454,366.63930896,366.4538253303254,369.9024091457831,370.2210562427041,0,0,0,0,0,4,0.5,8,1.7951705338170234,1,0,1,1,1,0,0,0
1672410600,363.96199291,365.81699046,361.8488256,365.67356281,366.2977728262603,369.5179685698028,370.0427231669118,0,0,0,0,0,1,0.125,8,1.7649210245569777,1,0,1,1,1,0,0,0
1672756200,367.52856036,369.49830002,361.27607121,364.13410609,365.86503947900826,369.02852652618435,369.8110126933074,0,0,0,0,0,-1,0.125,8,1.8070711538871937,1,0,1,1,1,0,0,0
1672842600,366.39070104,368.97239866,363.35003496,366.94528794,366.0810891712066,368.8391412001676,369.6986313304326,0,0,0,0,0,2,0.25,8,1.7745828640678214,1,0,1,1,1,0,0,0
1672929000,364.99467196,365.10941407,362.16436642,362.75720069,365.41631147496526,368.2862375174251,369.4264183641411,0,0,0,0,0,-1,0.125,8,1.7609899158371873,1,0,1,1,1,0,0,0
1673015400,365.84567599,372.19473976,362.78846792,371.07600412,366.5482500039722,368.5398526631137,369.4911080016258,0,0,0,0,0,3,0.375,8,1.7802103774619302,0,0,1,1,1,0,0,0
1673274600,373.26566618,376.4497599,370.68396856,370.86564358,367.41172871917775,368.75128820101247,369.5450113576405,0,0,0,0,0,4,0.5,8,1.7650390350910095,0,0,1,1,1,0,0,0
1673361000,370.28237115,373.53339778,369.34531053,373.46646488,368.6226759513422,369.17994062637496,369.6987938487134,0,0,0,0,0,3,0.375,8,1.7076517198856116,1,0,1,1,1,0,0,0
1673447400,375.04416898,378.26651008,374.23141232,378.19001533,370.5361438270738,369.9990383267045,370.0317829264109,1,0,1,0,0,6,0.75,8,1.6565299053028257,1,1,1,1,1,0,1,0
1673533800,379.28962728,381.02510179,375.225844,379.56692073,372.34229920765904,370.8688458179132,370.4057098991007,1,0,1,0,0,5,0.625,8,1.641759372172906,1,1,1,1,1,0,1,0
1673620200,376.37326516,381.61315514,376.10553355,381.03944455,374.08172827612725,371.7934457026484,370.82271910109677,0,0,1,0,0,5,0.625,8,1.621843772330327,1,1,1,1,1,0,1,1
1673965800,381.02032087,382.6936434,379.66253916,380.34143001,375.3336686229018,372.57053518513493,371.1960018818381,0,0,0,0,0,-1,0.125,8,1.5656861399889193,1,0,1,1,1,0,0,0
1674052200,381.52709855,382.58846312,374.13579389,374.33659259,375.1342534163215,372.7310858583045,371.31916230176597,0,0,0,0,0,-2,0.25,8,1.6384616075415426,1,0,1,1,1,0,0,0
1674138600,372.29992003,373.94455703,370.29193299,371.61146733,374.42969619905716,372.62930235573134,371.33062524404966,0,0,0,0,0,-5,0.625,8,1.610329307982871,0,0,1,1,1,0,0,0
1674225000,373.00749641,378.68723117,371.36285941,378.53424168,375.25060529524575,373.16611502157394,371.6131200062438,0,0,0,0,0,4,0.5,8,1.606168350004699,1,0,1,1,1,0,0,0
1674484200,379.3374365,385.00282849,378.38125219,383.07611712,376.8157076601966,374.067024303249,372.06264930482246,0,0,0,0,0,3,0.375,8,1.5972252708515993,1,0,1,1,1,0,0,0
1674570600,381.40279459,383.57333296,380.21712605,382.66495787,377.9855577021573,374.8486546274991,372.4784261113,0,0,0,0,0,1,0.125,8,1.5473785757560896,1,0,1,1,1,0,0,0
1674657000,378.60117458,383.14305002,376.3158941,382.80838551,378.9501232637258,375.5722665259083,372.88352255830785,0,0,0,0,0,2,0.25,8,1.5637017214133588,1,0,1,1,1,0,0,0
1674743400,385.46657788,387.17814778,382.50240654,387.01559645,380.56321790098065,376.61256924628026,373.43772153445263,0,0,0,0,0,4,0.5,8,1.5225207436791783,1,0,1,0,0,0,0,0
1674829800,385.96857463,390.27618492,385.76299501,387.90484785,382.0315438907845,377.6391400284366,374.00505982133683,0,0,0,0,0,2,0.25,8,1.4936338851342412,1,0,1,0,0,0,0,0
1675089000,385.15103706,387.37894648,382.74145261,383.03786975,382.2328090626276,378.12993363948783,374.35928766167655,0,0,0,0,0,-3,0.375,8,1.5008551902804996,1,0,1,1,1,0,0,0
1675175400,383.55420927,388.7176045,383.20998292,388.66979529,383.5202063081021,379.0881028804435,374.9204840392579,0,0,0,0,0,1,0.125,8,1.4778373471326611,1,0,1,0,0,0,0,0
1675261800,387.45639741,395.54476042,384.72075412,392.80051148,385.3762673424817,380.3346854804032,375.62166158595363,0,0,0,0,0,4,0.5,8,1.5546750630587662,1,0,1,0,0,0,0,0
1675348200,396.68261974,399.98145559,394.78937482,398.5184936,388.00471259398535,381.9877589458211,376.5195765668966,0,0,0,0,1,7,0.875,8,1.5516213944246318,1,1,1,0,0,0,0,0
1675434600,393.55589707,398.70016862,393.07780492,394.28259714,389.2602895031883,383.10547150892825,377.2161656089791,0,0,0,0,1,-5,0.625,8,1.5581253688986754,1,1,1,0,0,0,0,0
1675693800,391.83476533,393.26904178,390.21881386,391.8730127,389.78283414255066,383.9025207081166,377.79094392627405,0,1,0,1,0,-5,0.625,8,1.5297996286970883,1,1,1,1,1,0,1,0
1675780200,390.95507577,398.24120016,389.71203618,396.99816056,391.22589942604054,385.0930334219242,378.5441681079888,0,0,0,0,0,0,0,8,1.555647700703814,1,0,1,0,0,0,0,0
1675866600,395.0284209,396.36707892,391.96863113,392.65708383,391.5121363068324,385.7806743681129,379.0976157833618,0,0,0,0,0,0,0,8,1.5519927979881218,1,0,1,1,1,0,0,0
1675953000,396.25233681,396.4053263,388.02915181,389.25306771,391.0603225874659,386.09634649010263,379.4958688000927,0,1,0,1,0,-5,0.625,8,1.6074430632192105,1,1,1,1,1,0,1,0
1676039400,388.07696102,390.54391652,387.26420436,390.1614428,390.88054662997274,386.4659007000933,379.9141266040106,0,0,0,0,0,-4,0.5,8,1.5491936988086792,1,0,1,1,1,0,0,0
1676298600,390.81164813,394.87543141,390.35267966,394.74156561,391.6527504259782,387.2182338737212,380.49559480032394,0,0,0,0,0,3,0.375,8,1.5071456184031975,1,0,1,1,1,0,0,0
1676385000,393.22123257,396.86429476,390.61180561,394.55989059,392.23417845878254,387.8856572115647,381.0471358116838,0,0,0,0,0,1,0.125,8,1.5133277767212987,1,0,1,1,1,0,0,0
1676471400,392.37022854,395.9176723,391.52878635,395.84117756,392.95557827902604,388.60888633414976,381.6272943116178,0,0,0,0,0,4,0.5,8,1.4798807498073288,1,0,1,1,1,0,0,0
1676557800,390.87858103,394.81806035,390.25706123,390.39092703,392.44264802922083,388.7708900337725,381.9709661829269,0,0,0,0,0,-3,0.375,8,1.4955306279531466,1,0,1,1,1,0,0,0
1676644200,388.26819788,389.65466512,386.34626743,389.41561904,391.83724223137665,388.82950176161137,382.2629133537925,0,0,0,0,0,-3,0.375,8,1.4663742681436902,1,0,1,1,1,0,0,0
1676989800,385.39964497,386.45144771,381.34542353,381.60359329,389.7905124431013,388.1726009914649,382.2370576650163,0,0,0,0,0,-4,0.5,8,1.540565965680523,0,0,1,1,1,0,0,0
1677076200,382.01475254,383.55420927,379.62429179,381.07769193,388.04794834048107,387.52760925860446,382.1915923420745,0,0,0,0,0,-1,0.125,8,1.506161440270521,1,0,1,1,1,0,0,0
1677162600,383.96536852,384.57732647,378.88802987,383.10480265,387.05931920238487,387.1255359305495,382.22740451101276,0,0,0,0,0,3,0.375,8,1.4972532010210142,1,0,1,1,1,0,0,0
1677249000,378.0943969,379.84421418,376.39238884,379.01233383,385.4499221279079,386.38797210322684,382.1013233078358,0,0,0,0,0,-3,0.375,8,1.5318206696579064,1,0,1,1,1,0,0,0
1677508200,382.34941705,383.70719876,379.36612203,380.30318264,384.4205742303263,385.83480942475165,382.03080798752853,0,0,0,0,0,3,0.375,8,1.5057558792503125,0,0,1,1,1,0,0,0
1677594600,379.82509049,381.78526831,378.79241144,378.89759172,383.31597772826103,385.2041532697742,381.9079367613509,0,0,0,0,0,1,0.125,8,1.4598091650379352,0,0,1,1,1,0,0,0
1677681000,378.08483506,379.30875097,376.14378093,377.44419158,382.1416204986088,384.4987022070675,381.7328879307097,0,0,0,0,0,-3,0.375,8,1.4206515204317336,0,0,1,1,1,0,0,0
1677767400,375.47445191,381.22111957,375.13978741,380.37967739,381.789231876887,384.12424540551586,381.67982085068184,0,0,0,0,0,3,0.375,8,1.4231926502647405,0,0,1,1,1,0,0,0
1677853800,382.19642756,386.72874115,381.54622223,386.48013324,382.72741214950963,384.3384170268326,381.868068395361,0,0,0,0,0,4,0.5,8,1.4180183092296672,0,0,1,1,1,0,0,0
1678113000,387.30245174,389.59729406,386.30802006,386.74786484,383.5315026876077,384.55745773712056,382.05943296181744,0,0,0,0,0,1,0.125,8,1.3765694551457142,0,0,1,1,1,0,0,0
1678199400,386.70005563,386.9391017,380.20278329,380.81952216,382.98910658208615,384.2176454119278,382.010809008805,0,0,0,0,0,-3,0.375,8,1.4244919307714758,0,0,1,1,1,0,0,0
1678285800,380.93426428,382.19642756,379.21313254,381.44104196,382.6794936576689,383.965226916298,381.9884652029695,0,0,0,0,0,-1,0.125,8,1.3764523527847654,0,0,1,1,1,0,0,0
1678372200,382.22511309,383.88887378,373.41865566,374.4035255,381.0243000261351,383.0959813329982,381.69101658716676,0,0,0,0,0,-3,0.375,8,1.5019093669429295,0,0,1,0,0,0,0,0
1678458600,373.85850044,375.93342038,367.48075114,369.00108419,378.61965685890806,381.8146270472711,381.19337217943473,0,0,0,0,0,-3,0.375,8,1.5786691961790156,1,0,1,0,0,1,0,0
1678714200,365.08072855,373.28478986,363.97155475,368.47518282,376.59076205112643,380.6019502993373,380.69461965553535,0,0,0,0,0,2,0.25,8,1.648535503704014,1,0,1,0,0,0,0,0
1678800600,373.38997013,376.21071383,370.09113429,374.56607683,376.18582500690115,380.05323452939757,380.45428464276927,0,0,0,0,0,2,0.25,8,1.6534047398529337,1,0,1,1,1,0,0,0
1678887000,368.9819605,372.42422399,366.89747872,372.22342529,375.39334506352094,379.34143368945234,380.1315058446215,0,0,0,0,0,2,0.25,8,1.6921252245926708,1,0,1,1,1,0,0,0
1678973400,369.8712119,379.09839042,369.36443422,378.75416407,376.06550886481676,379.2880455422294,380.07749244169514,0,0,0,0,0,-1,0.125,8,1.72773735231637,1,0,1,1,1,0,0,0
1679059800,377.42594984,378.55855403,372.94352477,374.32568582,375.7175442558534,378.8369219311176,379.8519313977071,0,0,0,0,0,1,0.125,8,1.7341858383504938,1,0,1,1,1,0,0,0
1679319000,375.10315141,378.3377922,374.40247254,377.92506355,376.1590481146827,378.75402571465236,379.776367952699,0,0,0,0,0,1,0.125,8,1.670808284735315,1,0,1,1,1,0,0,0
1679405400,381.28448277,383.36732268,379.69115822,382.88740565,377.5047196217462,379.1297875269567,379.89836943102455,0,0,0,0,0,4,0.5,8,1.6328840200779755,0,0,1,1,1,0,0,0
1679491800,382.71463552,386.32361159,376.32214067,376.36053403,377.27588250339693,378.87803720905157,379.75963078784713,0,0,0,0,0,-1,0.125,8,1.732359894862217,1,0,1,1,1,0,0,0
1679578200,379.22083953,383.25214259,374.67122608,377.37795813,377.2962976287175,378.74166638368325,379.66623186008843,0,0,0,0,0,1,0.125,8,1.7666991193589472,1,0,1,1,1,0,0,0
1679664600,376.10233867,379.94071508,373.75938372,379.85433001,377.807904104974,378.8428176224393,379.6736082581242,0,0,0,0,0,5,0.625,8,1.7460464228812373,0,0,1,1,1,0,0,0
1679923800,382.12913674,382.89700399,379.67196154,380.56460722,378.3592447279792,378.9993439494903,379.708549393884,0,0,0,0,0,0,0,8,1.6788339706306075,1,0,1,1,1,0,0,0
1680010200,379.8735267,380.56460722,377.87707185,379.7103549,378.6294667623834,379.06398130862755,379.7086201980454,0,0,0,0,0,-1,0.125,8,1.6129805454563175,1,0,1,1,1,0,0,0
1680096600,383.86163722,385.46935928,382.66664382,385.22940076,379.9494535619067,379.62447398602507,379.92512139655344,1,0,1,0,0,5,0.625,8,1.5830921265655657,1,1,1,1,1,0,1,0
1680183000,387.85934609,388.10890295,385.62293273,387.48501081,381.45656501152536,380.33906824275005,380.22158764806113,0,0,0,0,0,4,0.5,8,1.5145373731022527,1,0,1,1,1,0,0,0
1680269400,388.40645151,393.24401518,388.30086976,392.94646662,383.7545453332203,381.4851953679546,380.72060250970577,0,0,0,0,1,5,0.625,8,1.4914949397979107,1,1,1,0,0,0,0,0
1680528600,392.42815623,394.84693806,392.03462426,394.44380776,385.8923978185762,382.6632510399587,381.258767421482,0,0,0,0,0,1,0.125,8,1.4306294603138467,1,0,1,0,0,0,0,0
1680615000,395.08689658,395.3748468,390.88282339,392.25538609,387.164995472861,383.5352633172352,381.690007369267,0,0,0,0,0,-1,0.125,8,1.4176515626464694,1,0,1,0,0,0,0,0
1680701400,391.52591221,392.28418112,389.57744906,391.22836365,387.9776691082888,384.2346360747593,382.0640605567467,0,0,0,0,0,0,0,8,1.3692646210955661,1,0,1,1,1,0,0,0
1680787800,390.43170138,393.03285168,389.38356258,392.75449981,388.93303524863103,385.0091691415994,382.483293468639,0,0,0,0,0,2,0.25,8,1.3328875118901442,1,0,1,1,1,0,0,0
1681133400,390.27812793,393.23441684,389.66383413,393.15763011,389.7779542209048,385.7499383205449,382.9018949055551,0,0,0,0,0,1,0.125,8,1.3012822533177162,1,0,1,1,1,0,0,0
1681219800,393.78152225,394.66456959,392.49534461,393.26321186,390.47500574872385,386.4329631877681,383.30822106063135,0,0,0,0,0,0,0,8,1.2474088417705922,1,0,1,1,1,0,0,0
1681306200,395.32685509,395.61480531,391.0747902,391.66028898,390.71206239497906,386.90817462342557,383.6357531359007,0,0,0,0,0,-1,0.125,8,1.245846720128512,1,0,1,1,1,0,0,0
1681392600,392.74490147,397.21772819,391.60481057,396.86258959,391.94216783398326,387.8131214385687,384.1544526046889,0,0,0,0,0,3,0.375,8,1.2427159688998448,1,0,1,0,0,0,0,0
1681479000,396.22909911,398.41752077,393.58955544,395.89315719,392.7323657051866,388.54767014324426,384.61479396097565,0,0,0,0,0,2,0.25,8,1.2438842608780942,1,0,1,1,1,0,0,0
1681738200,395.80677212,397.33290828,394.57338535,397.3137116,393.6486348841493,389.3445830029493,385.1127907311335,0,0,0,0,0,2,0.25,8,1.2005160391380403,1,0,1,0,0,0,0,0
1681824600,398.88783946,399.02221623,396.20049606,397.5728668,394.43348126731945,390.0926088026812,385.60142116520666,0,0,0,0,0,-1,0.125,8,1.1647337133205522,1,0,1,0,0,0,0,0
1681911000,395.66279701,398.40792243,395.60520697,397.50567841,395.04792069585557,390.76652422152836,386.06825478264955,0,0,0,0,0,2,0.25,8,1.1320837963920383,1,0,1,1,1,0,0,0
1681997400,394.69336461,397.08335143,393.79112059,395.33645343,395.1056272426845,391.18197233138943,386.4317135531339,0,0,0,0,0,-2,0.25,8,1.12410261392431,1,0,1,1,1,0,0,0
1682083800,395.63400199,396.10432068,393.69513719,395.64360033,395.2132218601476,391.58757487671767,386.79296401497174,0,0,0,0,0,0,0,8,1.0864940735304223,1,0,1,1,1,0,0,0
1682343000,395.44203518,396.47865597,394.10786583,396.05632898,395.3818432841181,391.99382524974334,387.15623322928656,0,0,0,0,0,2,0.25,8,1.0505930846208997,1,0,1,1,1,0,0,0
1682429400,394.08866915,394.64537291,389.71182583,389.76941587,394.25935780129447,391.79160621522124,387.2587109799028,0,0,0,0,0,0,0,8,1.1075546195539827,0,0,1,1,1,0,0,0
1682515800,390.38370967,391.45872382,387.56179753,388.11850129,393.0311864990356,391.45768758565566,387.2924282469654,0,0,0,0,0,-3,0.375,8,1.1045364700751115,0,0,1,1,1,0,0,0
1682602200,390.65246321,396.11391902,390.40290635,395.84516549,393.5939822972285,391.8565492133233,387.62782970747656,0,0,0,0,0,3,0.375,8,1.1498950023491081,1,0,1,1,1,0,0,0
1682688600,394.96211815,399.23337972,394.90452811,399.22378138,394.7199421137828,392.5262975921121,388.0825729103206,1,0,1,0,0,7,0.875,8,1.1361744545095194,1,1,1,1,1,0,1,0
1682947800,398.78225772,400.84590095,398.58549173,398.82065108,395.54008390702626,393.09851154555645,388.5036740150139,0,0,0,0,0,1,0.125,8,1.0965693676909494,1,0,1,1,1,0,0,0
1683034200,398.11037387,398.15836558,391.43952714,394.33822601,395.299712327621,393.21121286050584,388.7324799756016,0,0,0,0,0,-3,0.375,8,1.1635155142060092,1,0,1,1,1,0,0,0
1683120600,394.83733972,397.24652322,391.39153544,391.63149395,394.5660686520968,393.06760205045987,388.84616679812706,0,0,0,0,0,0,0,8,1.1946619004053372,0,0,1,1,1,0,0,0
1683207000,390.58527483,390.91161841,387.52340417,388.85757351,393.4243696236775,392.68487218314533,388.8466141201613,0,0,0,0,0,-1,0.125,8,1.1927031061163746,1,0,1,1,1,0,0,0
1683293400,392.48574627,397.10254811,392.22659107,396.05632898,393.95076149494196,392.9913682555867,389.1293480362334,0,0,0,0,0,1,0.125,8,1.2360775517823943,1,0,1,1,1,0,0,0
1683552600,396.38267256,396.64182776,394.760553,396.16191073,394.3929913419536,393.27959938962425,389.405134808538,0,0,0,0,0,1,0.125,8,1.1814000585449413,1,0,1,1,1,0,0,0
1683639000,394.61657789,395.53801859,394.193675,394.42461107,394.39931528756284,393.3836913605675,389.6019770148698,0,0,0,0,0,-2,0.25,8,1.1374901847251202,1,0,1,1,1,0,0,0
1683725400,397.25612156,397.88481287,392.44735291,396.26749247,394.77295072405025,393.6458550977887,389.8633697778161,1,0,1,0,0,5,0.625,8,1.149340808804917,1,1,1,1,1,0,1,0
1683811800,395.40364182,395.86436217,393.50317037,395.57641195,394.9336429692402,393.82136026617155,390.0874106473135,0,0,0,0,0,3,0.375,8,1.1190244388890611,1,0,1,1,1,0,0,0
1683898200,396.81459789,397.02576138,392.63931972,395.05810156,394.95853468739216,393.93379129288326,390.282339702713,0,0,0,0,0,-3,0.375,8,1.1197665578458238,1,0,1,1,1,0,0,0
1684157400,395.66279701,396.82419623,393.75272723,396.42106592,395.2510409339137,394.1599071680757,390.5230740641752,0,0,0,0,0,2,0.25,8,1.0915511088243526,1,0,1,1,1,0,0,0
1684243800,395.31725675,396.23389828,393.76232557,393.77192391,394.95521752913095,394.12463596279605,390.65047994048206,0,0,0,0,0,-1,0.125,8,1.0686305919290906,0,0,1,1,1,0,0,0
1684330200,395.78757544,399.15179383,394.14146003,398.55189754,395.67455353130475,394.5271142879964,390.96033945418867,0,0,0,0,0,2,0.25,8,1.0768169972368498,1,0,1,1,1,0,0,0
1684416600,398.2351523,402.81356078,398.01439047,402.39123379,397.0178895830438,395.242034242724,391.4086098202989,0,0,0,0,0,3,0.375,8,1.0755513309962708,1,0,1,0,0,0,0,0
1684503000,403.29347781,403.82138654,400.58674575,401.80573501,397.97545866843507,395.8387343124764,391.81634021989504,0,0,0,0,0,-2,0.25,8,1.057683408508838,1,0,1,1,1,0,0,0
1684762200,401.82493169,403.5046413,400.58674575,401.9689068,398.77414829474804,396.3960227204331,392.21448008578153,0,0,0,0,0,4,0.5,8,1.0335859722217497,1,0,1,1,1,0,0,0
1684848600,400.32759056,401.90363808,397.06415474,397.45768671,398.5108559777984,396.4925376285756,392.4200960318293,0,0,0,0,0,-1,0.125,8,1.058796931883938,1,0,1,1,1,0,0,0
1684935000,395.85476383,396.23869745,393.41630539,394.57818452,397.72432168623874,396.318505527796,392.50472695293405,0,0,0,0,0,-4,0.5,8,1.0635025837412029,0,0,1,1,1,0,0,0
1685021400,398.08157885,399.44454322,395.84526147,397.99519378,397.778496104991,396.4709317325418,392.72003937752487,0,0,0,0,0,-3,0.375,8,1.066396548480618,1,0,1,1,1,0,0,0
1685107800,398.64788095,403.86937824,398.57109422,403.1495027,398.8526974239928,397.0780745477653,393.12903793919054,0,0,0,0,0,3,0.375,8,1.0816419073142842,1,0,1,1,1,0,0,0
1685453400,405.07876916,405.6066779,401.91611593,403.30307615,399.74277316919427,397.6439837843321,393.5280198298105,0,0,0,0,0,3,0.375,8,1.0693624570793672,1,0,1,1,1,0,0,0
1685539800,401.47939143,402.38163545,399.50213326,401.06666278,400.0075510913554,397.95513642030187,393.8236528866807,0,0,0,0,0,-1,0.125,8,1.0662099051912706,1,0,1,1,1,0,0,0
1685626200,401.29702296,405.93302148,400.04923868,404.87720401,400.98148167508435,398.5844152920926,394.25712547975206,1,0,1,0,0,5,0.625,8,1.084535975985648,1,1,1,1,1,0,1,0
1685712600,407.44955929,411.51925572,406.92165056,410.73219179,402.9316236980675,399.6887586100842,394.9032065115265,0,0,0,0,1,5,0.625,8,1.1082222561924255,1,1,1,0,0,0,0,0
1685971800,411.07773205,412.4119014,409.24444899,409.94512786,404.334324530454,400.621155814622,395.4930857800941,0,0,0,0,0,0,0,8,1.0862287324606217,1,0,1,0,0,0,0,0
1686058200,409.53239921,411.36299473,408.87971205,410.83777353,405.6350143303632,401.5499392432927,396.0948382408747,0,0,0,0,0,1,0.125,8,1.0496239901121802,1,0,1,0,0,0,0,0
1686144600,411.2313055,412.36390969,408.99489213,409.41721912,406.39145528829056,402.2651465048116,396.61728454986,0,0,0,0,0,1,0.125,8,1.0368098254411509,1,0,1,0,0,0,0,0
1686231000,409.48440751,412.34471301,408.71654026,411.893591,407.4918824306325,403.1404596407378,397.216355391042,0,0,0,0,0,3,0.375,8,1.0198817546317815,1,0,1,0,0,0,0,0
1686317400,412.69025327,414.63871642,411.64403415,412.63266323,408.520038590506,404.00338723976165,397.8209164827658,0,0,0,0,0,1,0.125,8,0.997176111616417,1,0,0,0,0,0,0,0
1686576600,413.61169397,416.4528028,412.89181843,416.37601607,410.09123408640477,405.12817167887425,398.5485674469711,0,0,0,0,0,4,0.5,8,0.9831584889965581,1,0,0,0,0,0,0,0
1686663000,417.83496385,419.76423031,417.17267834,419.12114149,411.8972155671238,406.40025984352206,399.35533505650164,0,0,0,0,0,2,0.25,8,0.9646969500539128,1,0,0,0,0,0,0,0
1686749400,419.45708341,421.42589504,416.17445092,419.6202552,413.441823493699,407.60207760320185,400.1500378072271,0,0,0,0,0,3,0.375,8,0.9841156327889166,1,0,0,0,0,0,0,0
1686835800,418.80439625,426.0703401,418.70841284,424.82255582,415.7179699589592,409.16757562291076,401.11758753321817,0,0,0,0,1,6,0.75,8,1.0264127139792878,1,1,1,0,0,0,0,0
1686922200,426.8055881,427.37187478,422.903817,423.37588313,417.2495525931674,410.45923994173705,401.99046187034685,0,0,0,0,0,-1,0.125,8,1.0317357229794493,1,0,1,0,0,0,0,0
1687267800,421.43944859,422.32577684,419.10801993,421.17933052,418.0355081785339,411.43379363067004,402.74296652327445,0,0,0,0,0,1,0.125,8,1.0354161983708394,1,0,1,0,0,0,0,0
1687354200,420.19666224,420.99628446,418.43363974,419.02131391,418.23266932482716,412.1235682015182,403.3813330874598,0,0,0,0,0,0,0,8,1.0132140225668753,1,0,1,0,0,0,0,0
1687440600,418.06754764,420.63982636,417.73035755,420.53385233,418.69290592586174,412.88813948592565,404.0539809008927,0,0,0,0,0,4,0.5,8,0.9868756058370337,1,0,0,0,0,0,0,0
1687527000,417.08487936,419.13692194,416.64171524,417.35463144,418.4252510286894,413.29418420902334,404.57557503968127,0,0,0,0,0,-2,0.25,8,0.9899774636762249,1,0,0,1,0,0,0,0
1687786200,416.78622528,418.70339182,415.40856289,415.64941296,417.8700834149515,413.5082959136576,405.0098431934193,0,0,0,0,0,-2,0.25,8,0.9796571252763007,1,0,0,1,0,0,0,0
1687872600,416.52610721,420.82287242,416.07330908,420.20629624,418.33732597996124,414.1172050342342,405.6057825285793,0,0,0,0,0,3,0.375,8,0.9877574785964549,1,0,0,1,0,0,0,0
1687959000,419.12728794,421.42981459,418.51071177,420.4182443,418.753509643969,414.69002678566744,406.1866633823605,0,0,0,0,0,4,0.5,8,0.9663361954350614,1,0,0,1,0,0,0,0
1688045400,420.00398219,422.23907081,419.59935407,422.07529277,419.4178662691752,415.36141460242493,406.80974688775814,0,0,0,0,0,0,0,8,0.9384617822492901,1,0,0,0,0,0,0,0
1688131800,425.28341567,428.03874045,424.96549358,427.05607217,420.94550744934014,416.4245652903863,407.6037204282382,0,0,0,0,0,4,0.5,8,0.9610087446658404,1,0,0,0,0,0,0,0
1688391000,426.70924807,427.82679239,426.42986199,427.54740631,422.2658872214721,417.43573265580574,408.38582575693476,0,0,0,0,0,3,0.375,8,0.9146777003691924,1,0,0,0,0,0,0,0
1688563800,425.7362138,427.64278293,425.7265798,426.91156213,423.1950222031777,418.2971716989143,409.11232522254517,0,0,0,0,0,-1,0.125,8,0.882669486778573,1,0,0,0,0,0,0,0
1688650200,423.33734712,423.99245931,421.06372248,423.56856319,423.2697304005422,418.77638910719486,409.67923651538655,0,0,0,0,0,-4,0.5,8,0.9247056631819078,1,0,0,1,0,0,0,0
1688736600,422.57626091,426.439496,422.25833882,422.49918889,423.11562209843373,419.11482545108623,410.18197974576356,0,0,0,0,0,1,0.125,8,0.9315160666994041,1,0,0,1,0,0,0,0
1688995800,422.14273079,423.74197524,421.56950763,423.56856319,423.206210316747,419.5197107000784,410.7069438024003,0,0,0,0,1,5,0.625,8,0.8994308627344662,1,1,0,1,0,0,0,0
1689082200,424.3296494,426.75741809,423.35661513,426.26608395,423.8181850433976,420.1330173591622,411.3171061611297,0,0,0,0,1,6,0.75,8,0.8868871198575714,1,1,0,0,0,0,0,0
1689168600,430.05224701,431.10225697,428.62641461,429.69578891,424.9937058167181,421.0023602274202,412.0378388179481,0,0,0,0,1,6,0.75,8,0.8973567770268387,1,1,0,0,0,0,0,0
1689255000,431.50698142,433.89621409,431.0734513,433.10622587,426.61620982737446,422.1027116494729,412.86405007489134,0,0,0,0,1,7,0.875,8,0.8959725550312627,1,1,0,0,0,0,0,0
1689341400,433.98773712,434.84034636,432.07538758,432.8364738,427.86026262189955,423.0785082086117,413.6472823778368,0,0,0,0,0,1,0.125,8,0.8781215792964354,1,0,0,0,0,0,0,0
1689600600,432.69196376,435.38948451,432.64379374,434.33937822,429.15608574151963,424.1022236641925,414.45873711674517,0,0,0,0,0,3,0.375,8,0.8577309689634351,1,0,0,0,0,0,0,0
1689687000,434.01182213,438.21224731,433.57675056,437.56676913,430.8382224192157,425.32627325199314,415.3649344505983,0,0,0,0,1,5,0.625,8,0.8662599653348029,1,1,0,0,0,0,0,0
1689773400,438.35675735,439.72478573,437.49152757,438.5398034,432.3785386153726,426.52750326544833,416.2737528407709,0,0,0,0,0,3,0.375,8,0.8389743875049522,1,0,0,0,0,0,0,0
1689859800,437.54750112,438.44346337,434.91741838,435.63033458,433.02889780829804,427.355033384953,417.0328344776034,0,0,0,0,0,-4,0.5,8,0.8436455197342908,1,0,0,0,0,0,0,0
1689946200,437.34518707,437.54268412,435.62070058,435.63033458,433.5491851626384,428.1073334935936,417.76214820710914,0,0,0,0,0,0,0,8,0.8148991243041581,1,0,0,0,0,0,0,0
1690205400,436.77678091,438.38565936,435.74401581,437.57640313,434.35462875611074,428.9681580059942,418.53917781192837,0,0,0,0,0,2,0.25,8,0.7983037866926498,1,0,0,0,0,0,0,0
1690291800,437.30665105,440.01862282,437.25848104,438.77101947,435.2379068988886,429.85932722999473,419.33258336714687,0,0,0,0,0,0,0,8,0.7841968424892641,1,0,0,0,0,0,0,0
1690378200,437.8365212,440.26428989,436.78641491,438.83845749,435.9580170171109,430.67561179908614,420.09751960725873,0,0,0,0,0,2,0.25,8,0.7846793279415442,1,0,0,0,0,0,0,0
1690464600,442.21999244,442.62462055,435.02339241,435.92898867,435.9522113476887,431.15319151462376,420.7183615312878,0,0,0,0,0,0,0,8,0.8580427426711987,1,0,0,1,0,0,0,0
1690551000,439.19491559,441.0253761,435.93072279,440.19685187,436.80113945215095,431.9753424560216,421.48222389751186,0,0,0,0,0,3,0.375,8,0.8717257300108175,1,0,0,0,0,0,0,0
1690810200,440.668918,441.3914682,439.35387663,441.0350101,437.6479135817208,432.7989486054742,422.2489998270212,0,0,0,0,0,3,0.375,8,0.8409214404228726,1,0,0,0,0,0,0,0
1690896600,439.57064169,440.51477396,438.81918948,439.77295575,438.0729220153766,433.43294925497656,422.9362137847851,0,0,0,0,0,-1,0.125,8,0.8190861969107781,1,0,0,0,0,0,0,0
1690983000,436.66117287,436.92129095,432.90381548,433.65536403,437.1894104183013,433.4531687799787,423.35657261793074,0,0,0,0,0,-2,0.25,8,0.8844530743232185,1,0,0,1,0,0,0,0
1691069400,431.64185746,434.29120821,430.99637928,432.41257768,436.234043870641,433.3585695890715,423.71171007134524,0,0,0,0,0,-1,0.125,8,0.8780642817015292,0,0,0,1,0,1,0,0
1691155800,434.22377019,436.31916578,429.93663898,430.45687513,435.0786101225128,433.0947791837014,423.97622634815525,0,0,0,0,0,0,0,8,0.924959289022427,1,0,0,1,0,0,0,0
1691415000,432.28733564,434.36346323,431.59368745,434.21413618,434.90571533401027,433.1965389106376,424.3777130082276,0,0,0,0,0,3,0.375,8,0.915722459997111,1,0,0,1,0,0,0,0
1691501400,431.68039347,434.19987786,428.97372041,432.32587165,434.3897465972082,433.1173873414888,424.6894055039834,0,0,0,0,0,0,0,8,0.9406093925662795,0,0,0,1,0,0,0,0
1691587800,432.59562373,432.75930543,428.67458463,429.43567084,433.39893144576655,432.78268584135344,424.8755335563762,0,0,0,0,0,-2,0.25,8,0.947243016243111,1,0,0,1,0,0,0,0
1691674200,431.7863675,435.16790245,428.42410055,429.58981488,432.63710813261326,432.4924248448668,425.0604073337732,0,0,0,0,0,-1,0.125,8,0.9913974422556013,1,0,0,1,0,0,0,0
1691760600,427.72081836,430.35157548,427.11869319,429.33933081,431.9775526680906,432.20577993260616,425.22820825440954,0,0,0,0,0,-1,0.125,8,0.9749054246953163,0,0,0,1,0,0,0,0
1692019800,428.42410055,431.70929548,428.11581247,431.70929548,431.9239012304725,432.16064498236926,425.48236853776604,0,0,0,0,0,3,0.375,8,0.9597557093024962,1,0,0,1,0,0,0,0
1692106200,429.93663898,430.29309708,426.1119399,426.68034606,430.875190196378,431.6624359894266,425.5293480484419,0,0,0,0,0,-4,0.5,8,0.9954083571583126,1,0,0,1,0,0,0,0
1692192600,426.26608395,427.92313241,423.44332115,423.54929518,429.41001119310243,430.9248777340242,425.4516989163461,0,0,0,0,0,-4,0.5,8,1.006689449623292,0,0,1,0,0,0,0,0
1692279000,425.0136636,425.27378167,419.80166813,420.32190427,427.5923898084819,429.9609710554766,425.25053049884235,0,0,0,0,0,-3,0.375,8,1.0349525619056446,1,0,1,0,0,0,0,0
1692365400,417.50877548,421.55505662,417.16195139,420.52421833,426.17875551278553,429.1030844440696,425.0651849235936,0,0,0,0,0,1,0.125,8,1.0351845673960158,1,0,1,0,0,0,0,0
1692624600,421.53578862,424.00209331,419.38740601,423.2602751,425.59505943022845,428.57191995824513,424.9944041461978,0,0,0,0,0,3,0.375,8,1.0329056617135852,0,0,1,1,1,0,0,0
1692711000,425.0329316,425.0329316,421.55505662,422.11382878,424.8988133001828,427.9848207602229,424.8814404063469,0,0,0,0,0,1,0.125,8,1.0205829794962566,0,0,1,1,1,0,0,0
1692797400,423.17356908,427.43179828,423.02905904,426.8152221,425.2820950601462,427.8784936092935,424.95727498256855,0,0,0,0,0,5,0.625,8,1.0262429217103939,0,0,1,1,1,0,0,0
1692883800,428.41446655,428.9250687,420.86622543,420.89994444,424.405664936117,427.24408004844867,424.7981639808992,0,0,0,0,0,-2,0.25,8,1.103094473117109,0,0,1,1,1,0,0,0
1692970200,422.62443092,425.14853963,419.07911793,423.86721727,424.2979754028936,426.93709252313516,424.7616562667463,0,0,0,0,0,2,0.25,8,1.1194111085400253,0,0,1,1,1,0,0,0
1693229400,426.05413589,427.1716802,423.86991479,426.55510403,424.7494011283149,426.9023662964865,424.83198755157974,0,0,0,0,0,6,0.75,8,1.0882378990353583,0,0,1,1,1,0,0,0
1693315800,426.44913,433.00025184,426.26608395,432.72086576,426.3436940546519,427.43132079316956,425.14135532445897,0,0,0,0,0,6,0.75,8,1.1072679728932142,0,0,1,1,1,0,0,0
1693402200,433.05805586,435.13900044,432.35477366,434.50315627,427.9755864977215,428.07421492742685,425.50848477330373,1,0,1,0,0,6,0.75,8,1.0697302046950177,1,1,1,1,1,0,1,0
1693488600,435.11973244,436.25654476,433.68426604,433.86731209,429.1539316161772,428.6008601240244,425.8362819229781,0,0,0,0,0,4,0.5,8,1.0371246577535964,1,0,1,1,1,0,0,0
1693575000,436.58410085,437.06580099,433.2218339,434.67656831,430.2584589549418,429.15319723184035,426.18295982050836,0,0,0,0,0,-1,0.125,8,1.0244176773847062,1,0,1,1,1,0,0,0
1693920600,434.23340419,434.55132628,432.73049977,432.79793779,430.7663547219534,429.48453728258215,426.4423707212727,0,0,0,0,0,-3,0.375,8,0.9874917564360233,1,0,0,1,0,0,0,0
1694007000,431.98868156,432.09465559,427.56667431,429.88846897,430.59077757156274,429.52125834507467,426.57751182906594,0,0,0,0,0,-2,0.25,8,1.010083168046082,1,0,1,1,1,0,0,0
1694093400,426.89229412,429.24299079,426.54547003,428.5686106,430.1863441772502,429.4346540046133,426.65559413380845,0,0,0,0,0,-1,0.125,8,0.9965399325771457,1,0,0,1,0,0,0,0
1694179800,428.61678061,430.74589521,428.26032251,429.21408878,429.99189309780013,429.41460262055756,426.7559272571885,0,0,0,0,0,2,0.25,8,0.9653310829673973,1,0,0,1,0,0,0,0
1694439000,431.83453751,432.34513966,430.12922269,432.03685157,430.4008847922401,429.6529888886887,426.9630223282791,0,0,0,0,0,4,0.5,8,0.9422878729966994,1,0,0,1,0,0,0,0
1694525400,430.59175116,432.11392359,429.08884674,429.6668869,430.2540852137921,429.65425234426243,427.0690562330525,0,0,0,0,0,0,0,8,0.930097240537953,1,0,0,1,0,0,0,0
1694611800,429.88846897,431.32393537,428.78951828,430.16785505,430.2368391810337,429.70094349932947,427.19057775528574,0,0,0,0,0,2,0.25,8,0.9047394375351424,1,0,0,1,0,0,0,0
1694698200,432.63415974,434.57059428,431.32875237,433.87694609,430.96486056282697,430.08058009848133,427.45278827821573,0,0,0,0,0,4,0.5,8,0.9054149823666563,1,0,0,1,0,0,0,0
1694784600,432.29445922,432.62317085,428.21456787,428.64962738,430.5018139262616,429.95049348771033,427.4997231449524,0,0,0,0,0,-2,0.25,8,0.945350967490522,0,0,0,1,0,0,0,0
1695043800,428.34025173,430.19650561,427.86652027,428.90099509,430.1816501590093,429.85508454246394,427.55467498593464,0,0,0,0,0,-1,0.125,8,0.916114677218131,1,0,0,1,0,0,0,0
1695130200,427.98253614,428.57228346,425.33350716,428.0115401,429.7476281472074,429.68748959314905,427.5725912649176,0,0,0,0,0,0,0,8,0.9119816269612665,1,0,0,1,0,0,0,0
1695216600,429.26837867,429.6792682,423.87364082,424.07666859,428.61343623576596,429.17741495649915,427.4354962580581,0,0,0,0,0,-1,0.125,8,0.9524836538038157,1,0,0,1,0,0,0,0
1695303000,421.23427983,421.49531553,416.91268875,417.06737658,426.3042243046128,428.0765023768174,427.0289033295068,0,0,0,0,0,-4,0.5,8,1.022006369677152,1,0,1,0,0,0,0,0
1695389400,418.09218341,419.68740159,415.71385812,416.12958165,424.2692957736902,426.99041867437944,426.6014789499183,0,0,0,0,0,0,0,8,1.0193504121435815,1,0,1,0,0,1,0,0
1695648600,414.92108302,417.91815961,414.48602352,417.87948765,422.99133414895215,426.1621522176177,426.2594400754117,0,0,0,0,0,3,0.375,8,1.0012418086682768,1,0,1,0,0,0,0,0
1695735000,414.84373911,415.54950231,410.9088676,411.74031465,420.7411302491617,424.851076075107,425.6900626077485,0,0,0,0,0,-3,0.375,8,1.0645130939035958,1,0,1,0,0,0,0,0
1695821400,412.91014132,413.47088468,408.26950661,411.90467046,418.97383829132934,423.6741301100973,425.1494589941113,0,0,0,0,0,-1,0.125,8,1.0782793558040176,1,0,1,0,0,0,0,0
1695907800,411.35359509,415.96512915,410.76384776,414.29266374,418.0376033810635,422.82126953099754,424.7237023174795,0,0,0,0,0,4,0.5,8,1.0851638786477302,1,0,1,0,0,0,0,0
1695994200,417.33808027,417.51210407,411.76931862,413.28719289,417.0875212828508,421.95453529090685,424.27521175169596,0,0,0,0,0,4,0.5,8,1.1093564157006695,1,0,1,0,0,0,0,0
1696253400,412.45574584,414.37000765,410.36746022,413.12283707,416.29458444028063,421.1516536344608,423.8378637249628,0,0,0,0,0,1,0.125,8,1.099730180319745,1,0,1,0,0,0,0,0
1696339800,410.94753955,413.18364873,406.22956093,407.59274738,414.5542170282245,419.91902579314615,423.2008003388858,0,0,0,0,0,-4,0.5,8,1.1568999237951951,1,0,1,0,0,0,0,0
1696426200,408.05681085,411.30515847,406.59694451,410.56082,413.7555376225796,419.068279811951,422.7051148354001,0,0,0,0,0,2,0.25,8,1.1484106118525088,1,0,1,0,0,0,0,0
1696512600,410.27078033,411.24724721,407.18678852,410.40613217,413.0856565320637,418.28081184450093,422.2228017896981,0,0,0,0,0,1,0.125,8,1.1374529119187833,1,0,1,0,0,0,0,0
1696599000,407.96013096,416.81117487,406.63561647,415.27879862,413.52428494965096,418.00790155136445,421.95048793990605,0,0,0,0,0,3,0.375,8,1.218834416597626,1,0,1,1,1,0,0,0
1696858200,413.38387278,418.50790694,412.83289409,417.93749559,414.40692707772075,418.0015010094222,421.79311569089015,1,0,1,0,0,6,0.75,8,1.2215651792701832,1,1,1,1,1,0,1,0
1696944600,418.56591487,422.70381415,418.16952732,420.11279311,415.5481002841766,418.19343665492926,421.727220687718,0,0,0,0,0,5,0.625,8,1.2094752656020802,0,0,1,1,1,0,0,0
1697031000,421.17627189,422.08506286,418.79794661,421.83369514,416.8052192553413,418.52436924448114,421.7313961564349,0,0,0,0,0,6,0.75,8,1.1741627974101394,0,0,1,1,1,0,0,0
1697117400,422.44277845,422.81499603,416.91268875,419.26201008,417.296577420273,418.59142750225556,421.6345574867708,0,0,0,0,0,-2,0.25,8,1.1975377770702136,0,0,1,1,1,0,0,0
1697203800,420.76054837,421.959379,415.60751024,417.17372446,417.2720068282184,418.46254540750505,421.45962285827,0,0,0,0,0,-2,0.25,8,1.2263226322330452,1,0,1,1,1,0,0,0
1697463000,419.4166979,422.62647024,419.17499818,421.56299145,418.13020375257474,418.74440413864096,421.46367652853394,0,0,0,0,0,1,0.125,8,1.2192617985860934,1,0,1,1,1,1,0,0
1697549400,418.44023101,423.59326914,418.09218341,421.54365548,418.8128940980598,418.99888153330994,421.4668129580032,0,0,0,0,0,3,0.375,8,1.2254368886199694,1,0,1,1,1,0,0,0
1697635800,419.77441349,420.7315444,414.84373911,415.92655388,418.23562605444783,418.71957901937265,421.2495478961207,0,0,0,0,0,-3,0.375,8,1.2683332224952821,1,0,1,1,1,0,0,0
1697722200,416.64198506,418.449899,411.59046082,412.27205404,417.04291165155826,418.13344038488424,420.89748931352773,0,1,0,1,0,-5,0.625,8,1.307021628649365,1,1,1,1,1,0,1,0
1697808600,411.83699454,412.37840192,407.09967994,407.20602782,415.0755348852466,417.14003924262204,420.360569254958,0,0,0,0,0,-2,0.25,8,1.3213568409902174,1,0,1,0,0,0,0,0
1698067800,405.67848556,410.35779223,403.92857956,406.50026462,413.3604808321973,416.17278700420184,419.81702789672437,0,0,0,0,0,1,0.125,8,1.3420759817640622,1,0,1,0,0,0,0,0
1698154200,408.61755421,410.71550782,406.77096832,409.56501713,412.6013880917578,415.57208065200166,419.4149882588136,0,0,1,0,0,6,0.75,8,1.3104023516576646,1,1,1,1,1,0,1,1
1698240600,407.88278705,407.91179101,403.16964242,403.68687983,410.8184864394063,414.4916078500015,418.7981996929778,0,0,0,0,0,-3,0.375,8,1.3476802995461845,1,0,1,0,0,0,0,0
1698327000,402.62340104,403.46935008,397.93442639,398.85288534,408.425366219525,413.06990580363777,418.01603050266493,0,0,0,0,0,-1,0.125,8,1.369602094588041,1,0,1,0,0,0,0,0
1698413400,400.43843553,400.83482308,395.62377702,397.0449714,406.14928725562004,411.6130935851252,417.1936360280506,0,0,0,0,0,-1,0.125,8,1.371311252700206,1,0,1,0,0,0,0,0
1698672600,399.82935223,402.84576479,398.5338417,401.79195399,405.27782060249604,410.72026271284113,416.58964849714664,0,0,0,0,0,3,0.375,8,1.3614399096286083,1,0,1,0,0,0,0,0
1698759000,402.36236534,404.63434275,400.45777151,404.31529911,405.0853163039968,410.13799329440104,416.10830146235656,1,0,1,0,0,5,0.625,8,1.3300899359022769,1,1,1,1,1,0,1,0
1698845400,405.28209801,409.43933327,404.75026194,408.6272222,405.79369748319743,410.0006504676373,415.81492580500924,0,0,0,0,0,4,0.5,8,1.31161942823549,1,0,1,1,1,0,0,0
1698931800,412.41707388,416.6081471,412.3977379,416.45829327,407.92661664055794,410.58770890421573,415.84015590167553,0,0,0,0,0,7,0.875,8,1.331914668725959,0,0,1,1,1,0,0,0
1699018200,418.75927465,421.80469118,418.63359079,420.25781294,410.39285590044636,411.4668092711052,416.0133973541588,0,0,0,0,0,7,0.875,8,1.3164656447363399,0,0,1,0,0,0,0,0
1699281000,421.01191608,421.66914597,419.28134605,421.22461184,412.5592070883571,412.3538822319138,416.21775870654477,0,0,0,0,0,2,0.25,8,1.2601174269704107,1,0,1,0,0,0,0,0
1699367400,421.22461184,423.05669575,420.08378914,422.42344247,414.5320541646857,413.2692967990126,416.46111885413126,0,0,0,0,0,3,0.375,8,1.2170578652317852,0,0,1,0,0,0,0,0
1699453800,423.02285779,423.54492919,420.43183674,422.73281812,416.17220695574855,414.1296169191023,416.7070678449496,0,0,0,0,0,0,0,8,1.1818995686584526,0,0,1,0,0,0,0,0
1699540200,423.87364082,423.91231278,419.01064236,419.43603388,416.82497234059883,414.6120184610021,416.81408612083396,0,0,0,0,0,-3,0.375,8,1.189578222367767,0,0,1,1,1,0,0,0
1699626600,421.50498352,426.29063806,419.42974969,425.98126242,418.65623035647906,415.64558609363826,417.1735832306052,0,0,0,0,0,3,0.375,8,1.2026794033804378,0,0,1,0,0,0,0,0
1699885800,424.64707994,426.67735762,423.86397283,425.57520688,420.0400256611832,416.5482788923984,417.50305866783634,0,0,0,0,0,1,0.125,8,1.1650591521750877,0,0,1,0,0,0,0,0
1699972200,431.50168412,435.117512,431.27932038,433.83166947,422.7983544229466,418.1194962176349,418.1433963463526,0,0,0,0,0,6,0.75,8,1.2183616693225732,0,0,1,0,0,0,0,0
1700058600,435.16585195,436.39368655,433.89934539,434.75012842,425.18870922235726,419.63137187239533,418.7946407413976,0,0,0,0,0,1,0.125,8,1.1710391857189106,1,0,1,0,0,0,0,0
1700145000,434.30540093,435.60091145,433.24192214,435.28186782,427.20734094188583,421.0541442312685,419.44119866604865,0,0,0,0,0,1,0.125,8,1.1247755453951327,1,0,1,0,0,0,0,0
1700231400,435.2915358,436.4323585,434.37307685,435.8232752,428.93052779350865,422.3967925011532,420.0836330399291,0,0,0,0,0,1,0.125,8,1.0768872454415317,1,0,1,0,0,0,0,0
1700490600,435.57190748,440.01434842,435.5622395,439.17806737,430.9800357088069,423.9223629437756,420.8324343862064,0,0,0,0,1,7,0.875,8,1.0647379438800793,1,1,1,0,0,0,0,0
1700577000,438.13798512,439.05335032,436.95433323,438.22093646,432.4282158590455,425.2222332634324,421.5143364283159,0,0,0,0,0,0,0,8,1.027090784508399,1,0,1,0,0,0,0,0
1700663400,439.87416258,441.22768104,438.81986838,439.91283454,433.92513959523643,426.55774247039307,422.2358461581859,0,0,0,0,0,3,0.375,8,0.9988795970147729,1,0,0,0,0,0,0,0
1700836200,439.96117448,440.37689801,439.63246286,440.18353823,435.17681932218915,427.79645117581185,422.9396772198257,0,0,0,0,0,2,0.25,8,0.9390405893933098,1,0,0,0,0,0,0,0
1701095400,439.55511894,440.3673267,439.00394689,439.39076313,436.01960808375134,428.8504795352835,423.5848178437541,0,0,0,0,0,3,0.375,8,0.8957029925936222,1,0,0,0,0,0,0,0
1701181800,439.00404357,441.12133316,438.44330021,439.82582264,436.78085099500106,429.84823799934867,424.22171999262645,0,0,0,0,0,2,0.25,8,0.8743932738741239,1,0,0,0,0,0,0,0
1701268200,441.97211619,443.1032709,439.12005944,439.51644699,437.32797019400084,430.7271660894079,424.82151320820975,0,0,0,0,1,5,0.625,8,0.8772417986484876,1,1,0,0,0,0,0,0
1701354600,440.35756203,441.59506462,438.28861239,441.24701702,438.11177955920067,431.6835161740072,425.46565061259366,0,0,0,0,0,1,0.125,8,0.8649113595461472,1,0,0,0,0,0,0,0
1701441000,440.63793371,444.38911343,440.04818638,443.85737404,439.2608984553605,432.7902305254611,426.1868946685704,0,0,0,0,0,3,0.375,8,0.868265873966729,1,0,0,0,0,0,0,0
1701700200,440.4735779,443.8772901,439.25541129,441.5273887,439.7141965042884,433.58451763223735,426.78848266980293,0,0,0,0,0,0,0,8,0.8852724754513761,1,0,0,0,0,0,0,0
1701786600,440.14486627,442.3975077,439.7678147,441.4403768,440.05943256343073,434.2986866474885,427.3630667533401,0,0,0,0,0,1,0.125,8,0.8647512872039582,1,0,0,0,0,0,0,0
1701873000,443.57700236,443.60600633,439.22640732,439.66146682,439.97983941474456,434.78621211771684,427.84535695203266,0,0,0,0,0,0,0,8,0.8773844117029987,1,0,0,1,0,0,0,0
1701959400,441.74008445,443.66401426,441.14066914,443.016259,440.5871233317956,435.5343981979244,428.44029428724707,0,0,0,0,0,4,0.5,8,0.873078609318758,1,0,0,0,0,0,0,0
1702045800,442.27182385,445.44775823,442.03012412,444.92085283,441.4538692314365,436.38771225538585,429.08659070068836,0,0,0,0,0,4,0.5,8,0.8621128306812054,1,0,0,0,0,0,0,0
1702305000,444.42778539,446.82544666,444.21508963,446.65142285,442.4933799551492,437.3207768548962,429.7754076477202,0,0,0,0,0,3,0.375,8,0.839176516111767,1,0,0,0,0,0,0,0
1702391400,446.30337525,448.78804842,445.30757239,448.69136853,443.73297767011934,438.35446700717836,430.5172100352606,0,0,0,0,0,3,0.375,8,0.8310993724405978,1,0,0,0,0,0,0,0
1702477800,449.0684201,455.13015251,448.71070451,454.87888148,445.96215843209546,439.8566865047076,431.4725696997602,0,0,0,0,1,7,0.875,8,0.8623442908260042,1,1,0,0,0,0,0,0
1702564200,456.81247927,458.00164192,453.67038285,456.33874781,448.03747630767634,441.3550557142797,432.4477139393774,0,0,0,0,1,6,0.75,8,0.8659817824167675,1,1,0,0,0,0,0,0
1702650600,455.74279514,456.91736496,453.73952264,455.58748013,449.5474770721411,442.64891247934514,433.3551557507744,0,0,0,0,0,1,0.125,8,0.8552752558442015,1,0,0,0,0,0,0,0
1702909800,457.18916624,459.13060395,456.13389777,458.1501779,451.26801723771285,444.0581184266774,434.3275095605479,0,0,0,0,0,1,0.125,8,0.8449814252425241,1,0,0,0,0,0,0,0
1702996200,458.69378046,461.01379853,458.61612295,460.93614102,453.2016419941703,445.59248411697945,435.37098530405586,0,0,0,0,1,6,0.75,8,0.8242590712227092,1,1,0,0,0,0,0,0
1703082600,460.08190843,461.96024941,454.12169466,454.54881095,453.47107578533627,446.406695647254,436.12305689801445,0,0,0,0,0,0,0,8,0.8993149876641623,1,0,0,0,0,0,0,0
1703169000,457.52891784,459.12575035,455.11182789,458.85880267,454.548621162269,447.5387053765946,437.0146547714256,0,0,0,0,0,4,0.5,8,0.8984816811486791,1,0,0,0,0,0,0,0
1703255400,459.98483654,461.4603292,457.88808381,459.78098558,455.5950940458152,448.6516399405405,437.90745205803637,0,0,0,0,0,3,0.375,8,0.8881271251067125,1,0,0,0,0,0,0,0
1703601000,460.1886875,462.62519183,460.11102999,461.72242329,456.82055989465215,449.83989297230954,438.8413724985055,0,0,0,0,1,5,0.625,8,0.8652217817784696,1,1,0,0,0,0,0,0
1703687400,461.51857233,462.70284933,460.98467696,462.55724151,457.9678962177217,450.99601556664504,439.77140657738767,0,0,0,0,0,2,0.25,8,0.8285024188024298,1,0,0,0,0,0,0,0
1703773800,462.91640748,463.56678911,462.31456179,462.7319709,458.92071115417735,452.06292059695005,440.6718208645489,0,0,0,0,0,3,0.375,8,0.7883628980724467,1,0,0,0,0,0,0,0
1703860200,462.53782713,463.06201531,459.44123398,461.39237888,459.4150446993419,452.9110531681364,441.48439176711565,0,0,0,0,0,-2,0.25,8,0.7902303201567982,1,0,0,0,0,0,0,0
1704205800,458.33461449,459.80039996,456.713514,458.81026673,459.2940891054735,453.447345310124,442.1638378440915,0,0,0,0,0,-2,0.25,8,0.8107565028630116,1,0,0,1,0,0,0,0
1704292200,456.65527087,457.3930172,454.46144626,455.06329195,458.4479296743788,453.5942495501127,442.66969878942126,0,0,0,0,0,-2,0.25,8,0.827305067158297,1,0,0,1,0,0,0,0
1704378600,454.58763971,457.16975186,453.37424114,453.59750648,457.47784503550304,453.5945456346479,443.09824026748316,0,0,0,0,0,-4,0.5,8,0.8304626854777711,1,0,0,1,0,0,0,0
1704465000,453.80135744,456.66497806,452.77239545,454.21876654,456.8260293364024,453.6512929896799,443.53433933699364,0,0,0,0,0,1,0.125,8,0.831302336177676,1,0,0,1,0,0,0,0
1704724200,454.71383316,460.84877632,454.58763971,460.70316849,457.60145716712196,454.2923725806181,444.2076267547586,0,0,0,0,1,6,0.75,8,0.863852094854359,1,1,0,0,0,0,0,0
1704810600,458.05310602,461.02350571,457.54833221,460.00425092,458.08201591769756,454.81163424783466,444.8271022122191,0,0,0,0,0,1,0.125,8,0.8573289583174277,1,0,0,1,0,0,0,0
1704897000,460.2760522,463.46787286,459.99454373,462.60577745,458.986768224158,455.52019272075876,445.5243051627203,0,0,0,0,0,2,0.25,8,0.8452441316837909,1,0,0,0,0,0,0,0
1704983400,463.60561787,464.12009886,458.43168637,462.40192649,459.6697998773264,456.14580488159885,446.18617266575086,0,0,0,0,0,2,0.25,8,0.8730861257817168,1,0,0,0,0,0,0,0
1705069800,463.84829758,464.58604391,461.31472137,462.72226371,460.2802926438611,456.7436647750899,446.83464682434885,0,0,0,0,0,2,0.25,8,0.8606596650885092,1,0,0,0,0,0,0,0
1705415400,461.34384294,462.65411925,459.20826146,461.02350571,460.4289352570889,457.1327412237181,447.39107266300186,0,0,0,0,0,-1,0.125,8,0.8565728842150674,1,0,0,1,0,0,0,0
1705501800,458.00457008,458.94616737,456.11166831,458.46080794,460.0353097936711,457.2534745615619,447.8251799287665,0,0,0,0,0,-3,0.375,8,0.8763619927941539,1,0,0,1,0,0,0,0
1705588200,460.13044437,463.09113688,458.58700139,462.53782713,460.5358132609369,457.73387024960175,448.40214648567763,0,0,0,0,0,2,0.25,8,0.8780968380031972,1,0,0,1,0,0,0,0
1705674600,463.663861,468.58540559,462.5838392,468.30389713,462.0894300347495,458.6947817841834,449.1826072952589,0,0,0,0,0,4,0.5,8,0.8975775478641507,1,0,0,0,0,0,0,0
1705933800,469.83763292,471.01220273,468.64364873,469.29403036,463.5303500997996,459.65834983653036,449.9712905526997,0,0,0,0,1,5,0.625,8,0.872927969050458,1,1,0,0,0,0,0,0
1706020200,469.83763292,470.90057006,468.7504278,470.66274394,464.95682886783965,460.65874930048216,450.7827200972997,0,0,0,0,0,0,0,8,0.8408496924000484,1,0,0,0,0,0,0,0
1706106600,473.52636456,474.45825467,470.68400269,471.17722494,466.2009080822717,461.61497435862015,451.582504600935,0,0,0,0,0,1,0.125,8,0.8374748677577787,1,0,0,0,0,0,0,0
1706193000,473.29824563,474.0068704,471.17722494,473.73992271,467.7087110078174,462.71724239056374,452.4514229581532,0,0,0,0,1,5,0.625,8,0.8161127446331786,1,1,0,0,0,0,0,0
1706279400,473.31280642,474.79800626,472.29355162,473.13807702,468.7945842102539,463.66459099323976,453.26266429391194,0,0,0,0,0,-1,0.125,8,0.7965921232883774,1,0,0,0,0,0,0,0
1706538600,473.44870706,477.02580604,472.9051045,476.8850518,470.4126777282031,464.8664510665816,454.18903243140556,0,0,0,0,1,5,0.625,8,0.7956012795830077,1,1,0,0,0,0,0,0
1706625000,476.19584142,477.2248034,475.75901793,476.51617864,471.6333779105625,465.9255172096196,455.0646067925269,0,0,0,0,0,1,0.125,8,0.761316257633928,1,0,0,0,0,0,0,0
1706711400,474.31264684,474.76043944,468.72130623,468.74072061,471.05484645045,466.18144479147236,455.6009249814474,0,0,0,0,0,-1,0.125,8,0.8374445279019,1,0,0,1,0,0,0,0
1706797800,470.43947861,474.90478534,469.63378196,474.87566377,471.81900991436,466.9718283349749,456.3567970908024,0,0,0,0,0,4,0.5,8,0.8602978299066408,1,0,0,0,0,0,0,0
1706884200,475.31248726,481.52508793,474.97273566,479.87486588,473.430181107488,468.144831748159,457.27907429822193,0,0,0,0,0,3,0.375,8,0.8895013769087825,1,0,0,0,0,0,0,0
1707143400,479.23904503,479.90185186,475.87550419,478.12757194,474.3696592739904,469.0523535837809,458.09666244103676,0,0,0,0,0,-3,0.375,8,0.8891345438751856,1,0,0,0,0,0,0,0
1707229800,479.06916923,479.84574431,477.64221251,479.5156999,475.39886739919234,470.0035668852554,458.93662469432945,0,0,0,0,0,2,0.25,8,0.8560586395341572,1,0,0,0,0,0,0,0
1707316200,481.75806045,483.93247069,480.85529192,483.51506158,477.0221062353539,471.2318845847776,459.90048496435577,0,0,0,0,1,5,0.625,8,0.8535844792966046,1,1,0,0,0,0,0,0
1707402600,483.51506158,484.10720008,482.69965774,483.72861973,478.3634089342831,472.3679514161615,460.834921621832,0,0,0,0,0,2,0.25,8,0.8130483537286596,1,0,0,0,0,0,0,0
1707489000,484.23339353,486.96111352,483.89364193,486.52429003,479.9955851534265,473.6548912901468,461.842347833917,0,0,0,0,1,5,0.625,8,0.7980927664420088,1,1,0,0,0,0,0,0
1707748200,486.49516847,488.7569434,485.59239993,486.31073188,481.25861449874117,474.8054222528607,462.8018923063124,0,0,0,0,0,1,0.125,8,0.7878919074890489,1,0,0,0,0,0,0,0
1707834600,480.04959527,482.53463554,476.34630284,479.61277178,480.92944595499296,475.2424540280552,463.46114248175115,0,0,0,0,0,-3,0.375,8,0.8902310703202012,1,0,0,1,0,0,0,0
1707921000,482.24341988,484.45665887,479.92340182,483.97129944,481.5378166519944,476.0359854291411,464.2654623624668,0,0,0,0,0,3,0.375,8,0.8906887662074356,1,0,0,0,0,0,0,0
1708007400,484.67021702,487.49500889,484.18971118,487.3105723,482.6923677815955,477.06094787194644,465.1691921639387,0,0,0,0,1,6,0.75,8,0.8730502063018609,1,1,0,0,0,0,0,0
1708093800,487.00964946,488.14539052,484.14602884,484.88377517,483.1306492592764,477.7721139899513,465.94231306613716,0,0,0,0,0,-2,0.25,8,0.8736617803418667,1,0,0,0,0,0,0,0
1708439400,483.14618842,483.81598443,479.97193776,482.21429832,482.94737907142115,478.1759489290467,466.58043013491607,0,0,0,0,0,-2,0.25,8,0.8885055656580262,1,0,0,1,0,0,0,0
1708525800,480.91353505,482.80643682,479.10799798,482.6511218,482.88812761713694,478.58278282640606,467.2106533374684,0,0,0,0,0,-2,0.25,8,0.8790281661290261,1,0,0,1,0,0,0,0
1708612200,489.25201001,493.60083048,488.29099835,492.63981882,484.83846585770954,479.86069518946005,468.20787551325395,0,0,0,0,0,4,0.5,8,0.9584518969691043,1,0,0,0,0,0,0,0
1708698600,494.35799119,495.1928094,492.25153127,492.97957042,486.46668677016766,481.05332021041824,469.17931452920476,0,0,0,0,0,3,0.375,8,0.9319943164084811,1,0,0,0,0,0,0,0
1708957800,493.4163939,493.85321738,491.04783989,491.17403335,487.4081560861341,481.9733850412893,470.0418525221771,0,0,0,0,0,1,0.125,8,0.9094015235480386,1,0,0,0,0,0,0,0
1709044200,491.86324373,492.30977441,489.97034197,492.08650907,488.34382668290726,482.8927599529903,470.90634885738586,0,0,0,0,0,3,0.375,8,0.8768363340858262,1,0,0,0,0,0,0,0
1709130600,490.5333589,492.01370515,490.17419292,491.43612744,488.9622868343258,483.6694297245366,471.7114382135668,0,0,0,0,0,1,0.125,8,0.8430775769484158,1,0,0,0,0,0,0,0
1709217000,493.19312856,494.81422905,490.55277328,493.20283575,489.81039661746064,484.5361029995787,472.55423811695636,0,0,0,0,1,6,0.75,8,0.8417704049944099,1,1,0,0,0,0,0,0
1709303400,494.07648272,498.26028099,493.6687808,497.83316469,491.41495023196853,485.744926789617,473.5455685708012,0,0,0,0,1,5,0.625,8,0.8469375891639472,1,1,0,0,0,0,0,0
1709562600,497.03717523,499.14363514,497.00805366,497.29926932,492.59181404957485,486.79532156510635,474.4770862472404,0,0,0,0,0,1,0.125,8,0.8179603543924475,1,0,0,0,0,0,0,0
1709649000,495.29958848,495.74611915,490.12565698,492.32918878,492.5392889956599,487.298400402824,475.17716869950544,0,0,0,0,0,0,0,8,0.871279028094227,1,0,0,1,0,0,0,0
1709735400,495.60051132,497.07503326,493.53288016,494.82393624,492.9962184445279,487.98254002438546,475.9476301716817,0,0,0,0,0,3,0.375,8,0.8734728321918989,1,0,0,0,0,0,0,0
1709821800,498.11467316,500.78415001,494.87761699,499.73577364,494.34412948362234,489.0510158076231,476.8804985429883,0,0,0,0,1,6,0.75,8,0.8883008281760638,1,1,0,0,0,0,0,0
1709908200,500.3667409,503.04602201,496.16352826,496.73625238,494.8225540628979,489.7496736778392,477.65915555620444,0,0,0,0,0,0,0,8,0.9287989443621025,1,0,0,0,0,0,0,0
1710163800,495.532561,496.8915674,493.61053767,496.30913609,495.1198704683183,490.3459884425811,478.3905273418435,0,0,0,0,0,-1,0.125,8,0.9104188012041428,1,0,0,1,0,0,0,0
1710250200,498.415596,502.2305211,495.90143417,501.64808979,496.42551433265464,491.3734522014373,479.3025886143202,0,0,0,0,0,3,0.375,8,0.926510040263814,1,0,0,0,0,0,0,0
1710336600,501.96842701,502.1431564,499.42514361,500.86180752,497.3127729701237,492.23602995767027,480.1480481792488,0,0,0,0,0,0,0,8,0.9004432928698533,1,0,0,0,0,0,0,0
1710423000,501.83252637,501.98298779,496.83332427,499.87167428,497.824553232099,492.9301794415184,480.9215237126116,0,0,0,0,0,0,0,8,0.9113675995308916,1,0,0,0,0,0,0,0
1710509400,496.8092192,498.26008402,494.77606099,496.43919999,497.5474825836792,493.2491813095622,481.53006003721504,0,0,0,0,0,-3,0.375,8,0.9254377908191298,1,0,0,1,0,0,0,0
1710768600,500.499674,501.94080146,498.98064775,499.38961635,497.91590933694334,493.8074026768747,482.23043479457914,0,0,0,0,0,2,0.25,8,0.9329484703697695,1,0,0,1,0,0,0,0
1710855000,498.69826467,502.44227487,497.69531785,502.16476046,498.7656795615547,494.56716247534064,483.0121730559682,0,0,0,0,0,4,0.5,8,0.9290430920686819,1,0,0,0,0,0,0,0
1710941400,502.22318455,506.9457982,501.55130755,506.80947534,500.3744387172438,495.6801000084915,483.9454005965185,0,0,0,0,1,5,0.625,8,0.9308054335949006,1,1,0,0,0,0,0,0
1711027800,509.64304353,510.34413257,508.20191606,508.48429915,501.996410803795,496.844118112265,484.90771034371386,0,0,0,0,1,7,0.875,8,0.9111250419857707,1,1,0,0,0,0,0,0
1711114200,508.39666302,508.87866173,507.28660537,507.52030172,503.10118898703604,497.8146802584227,485.79447863298,0,0,0,0,0,-1,0.125,8,0.870058334106738,1,0,0,0,0,0,0,0
1711373400,506.14733569,507.26713068,505.96232608,506.11812365,503.70457591962884,498.56953874856606,486.59148431992196,0,0,0,0,0,-1,0.125,8,0.832137340445894,1,0,0,0,0,0,0,0
1711459800,507.53977642,507.88058359,504.784107,505.18333826,504.00032838770306,499.17079324960554,487.32057663129757,0,0,0,0,0,1,0.125,8,0.8179102632714912,1,0,0,1,0,0,0,0
1711546200,508.00716911,509.46777127,505.84060923,509.42882188,505.08602708616246,500.1033413069141,488.1875666410506,0,0,0,0,1,5,0.625,8,0.8132320152978428,1,1,0,0,0,0,0,0
1711632600,509.46777127,510.83099995,509.04906532,509.3314484,505.93511134893,500.94226013355825,489.0167384747349,0,0,0,0,0,2,0.25,8,0.78027820833507,1,0,0,0,0,0,0,0
1711978200,510.07148683,510.60704095,507.28660537,508.44534976,506.437159031144,501.6243591905075,489.7786447996472,0,0,0,0,0,0,0,8,0.7724536528960008,1,0,0,0,0,0,0,0
1712064600,504.62830944,505.34887317,502.91453624,505.21255031,506.1922372869152,501.95055838318865,490.3838959961316,0,0,0,0,1,-5,0.625,8,0.8000645935895093,1,1,0,1,0,0,0,0
1712151000,504.12196736,507.26713068,504.06841195,505.76757913,506.1073056555322,502.2975602692624,490.9871776876559,0,0,0,0,0,1,0.125,8,0.7872767285730895,1,0,0,1,0,0,0,0
1712237400,509.76962905,510.10790451,499.2873742,499.59410066,504.80466465642576,502.05179121387494,491.32470407872825,0,0,0,0,0,0,0,8,0.8947807557657591,0,0,0,1,0,0,0,0
1712323800,500.94759199,506.77052594,500.50941135,504.81331905,504.8063955351406,502.3028391989772,491.8536693717193,0,0,0,0,0,2,0.25,8,0.9238204234767587,1,0,0,1,0,0,0,0
1712583000,505.51440809,506.5173549,504.28750227,505.09570213,504.8642568541125,502.5567358290702,492.37296477400486,0,0,0,0,0,1,0.125,8,0.8888873280919983,1,0,0,1,0,0,0,0
1712669400,506.82895003,507.07238372,500.84048117,505.679943,505.02739408329,502.8406637537002,492.8948070573772,0,0,0,0,1,5,0.625,8,0.9124689500718076,1,1,0,1,0,0,0,0
1712755800,499.99333191,502.60294111,498.63984058,500.61652217,504.145219700632,502.6384690642729,493.19761941473496,0,0,0,0,0,-4,0.5,8,0.9563114610800036,0,0,0,1,0,0,0,0
1712842200,502.13554842,505.83574056,498.63010323,504.39461309,504.19509837850563,502.79811852115716,493.6367172059218,0,0,0,0,0,3,0.375,8,0.9833928611259634,1,0,0,1,0,0,0,0
1712928600,500.85995586,502.26700261,495.70889891,497.43240946,502.8425605948045,502.3103267883247,493.7855678825523,0,0,0,0,0,0,0,8,1.0506533265326607,1,0,1,1,1,0,0,0
1713187800,501.59999429,501.7655292,490.35335765,491.2005069,500.51414985584364,501.30034316211334,493.68419294206006,0,0,0,0,0,-4,0.5,8,1.153935867030406,1,0,1,0,0,1,0,0
1713274200,491.67763694,493.19666319,489.01934101,490.30467091,498.4722540666749,500.3007365937394,493.551662666293,0,0,0,0,0,-2,0.25,8,1.1343257069920032,0,0,1,0,0,0,0,0
1713360600,492.75848254,492.92401745,486.01050056,487.40294128,496.2583915093399,499.1282097470358,493.31053633741874,0,0,0,0,0,-1,0.125,8,1.1608903493872935,0,0,1,0,0,0,0,0
1713447000,488.79538201,490.88891178,485.46520908,486.39999447,494.28671210147195,497.97109926730525,493.03953469555915,0,0,0,0,0,-2,0.25,8,1.1598402520161195,0,0,1,0,0,0,0,0
1713533400,486.32209568,487.31043648,480.88865564,482.15451085,491.8602718511776,496.53322759300477,492.61267101534116,0,0,0,0,0,0,0,8,1.1816129036706833,1,0,1,0,0,0,0,0
1713792600,484.7543827,489.18487592,482.41741924,486.59474142,490.80716576494206,495.6297288500043,492.37667377630817,0,0,0,0,0,3,0.375,8,1.1904004513839626,0,0,1,0,0,0,0,0
1713879000,488.60063506,492.79743193,486.41245827,492.36898863,491.1195303379536,495.333297920913,492.37637239802154,0,0,0,0,0,6,0.75,8,1.1850362159261305,0,0,1,1,1,0,0,0
1713965400,493.25508728,494.04381244,489.915177,492.13529229,491.3226827283629,495.04257013628455,492.36691827613834,0,0,0,0,0,2,0.25,8,1.1608363666791575,0,0,1,1,1,0,0,0
1714051800,486.06892464,491.02523464,484.42331287,490.26572152,491.11129048669034,494.60831117116777,492.2845184033486,0,0,0,0,0,-4,0.5,8,1.1943885970067158,0,0,1,1,1,0,0,0
1714138200,493.05060297,496.48788673,492.41767537,494.91043639,491.8711196673523,494.6357771001525,492.3874955792957,0,0,0,0,0,7,0.875,8,1.1884686818708716,0,0,1,1,1,0,0,0
1714397400,496.69237103,497.33503598,493.92696427,496.66315899,492.8295275318818,494.8200845446841,492.55516865422527,0,0,0,0,0,4,0.5,8,1.1486973800153284,0,0,1,1,1,0,0,0
1714483800,495.20255683,496.1762916,488.79538201,488.79538201,492.0226984275055,494.27238431425826,492.40772604072623,0,0,0,0,0,-2,0.25,8,1.1987898797727405,0,0,1,1,1,0,0,0
1714570200,488.21114115,494.84227496,486.73593296,487.20819433,491.0597976080044,493.63018522478023,492.203822836384,0,0,0,0,0,-3,0.375,8,1.2356337806941544,0,0,1,1,1,0,0,0
1714656600,490.90838647,492.60268498,486.42920651,491.76527307,491.2008927004035,493.46064775616384,492.18662480632975,0,0,0,0,0,5,0.625,8,1.226411119617496,0,0,1,1,1,0,0,0
1714743000,497.73426724,499.08775857,495.20255683,497.86085276,492.53288471232275,493.8606663928762,492.4091435496109,0,0,0,0,0,7,0.875,8,1.2299236525380712,0,0,1,1,1,0,0,0
1715002200,500.2562403,503.04112176,499.81805966,503.00217237,494.6267422438582,494.69171239079657,492.8245564445281,1,0,1,0,0,6,0.75,8,1.2039606907123939,1,1,1,1,1,0,1,0
1715088600,503.96616979,504.94964192,502.88532419,503.55720119,496.41283403308654,495.49766591799687,493.2454444737623,0,0,0,0,0,2,0.25,8,1.1460131910820621,1,0,1,1,1,0,0,0
1715175000,501.72657981,504.14144205,501.60973164,503.60588793,497.85144481246925,496.2347770099972,493.65173637400693,0,0,0,0,0,0,0,8,1.099960556208831,1,0,1,1,1,0,0,0
1715261400,503.79089753,506.54403524,503.13362656,506.50761756,499.5826793619754,497.168671605452,494.1558885773792,0,0,0,0,0,4,0.5,8,1.063634663595498,1,0,1,0,0,0,0,0
1715347800,508.10454258,508.90787377,505.94285139,507.16001985,501.09814745958033,498.07697599132,494.66585450963885,0,0,0,0,0,1,0.125,8,1.0281497139016478,1,0,1,0,0,0,0,0
1715607000,508.83484367,508.94195449,506.0889116,507.22818129,502.32415422566424,498.9089037457455,495.15849477553536,0,0,0,0,0,2,0.25,8,0.9947590975270678,1,0,0,0,0,0,0,0
1715693400,507.42292824,510.07148683,506.88737412,509.5554074,503.7704048605314,499.87676771431404,495.7230795843379,0,0,0,0,1,5,0.625,8,0.9641204852731129,1,1,0,0,0,0,0,0
1715779800,512.01895638,516.15732917,511.38602877,515.86520874,506.1893656364251,501.33026235301276,496.512967002207,0,0,0,0,0,4,0.5,8,0.9757170428215431,1,0,0,0,0,0,0,0
1715866200,515.96258221,517.56125997,514.65777762,514.80383783,507.9122600751401,502.5551328509207,497.23025605427733,0,0,0,0,0,3,0.375,8,0.9481764731657847,1,0,0,0,0,0,0,0
1715952600,514.92068601,515.61203769,513.46982119,515.54387626,509.4385833121121,503.73592770629153,497.9484372388155,0,0,0,0,0,0,0,8,0.9088661352612163,1,0,0,0,0,0,0,0
1716211800,515.66072443,517.59855401,515.27123052,516.13785447,510.7784375436897,504.86337559390137,498.66174771846977,0,0,0,0,0,3,0.375,8,0.8751838443787235,1,0,0,0,0,0,0,0
1716298200,515.37834135,517.55950724,515.17385705,517.40370968,512.1034919709517,506.0034059653649,499.39672661892195,0,0,0,0,0,3,0.375,8,0.8436168283007164,1,0,0,0,0,0,0,0
1716384600,516.71235799,517.42318438,513.74246693,515.91389547,512.8655726707614,506.90435955669534,500.04445873072893,0,0,0,0,0,0,0,8,0.8365803442205576,1,0,0,0,0,0,0,0
1716471000,518.96168532,519.06879614,510.93811078,512.1455419,512.7215665166091,507.38083067881394,500.51901101187684,0,0,0,0,0,-3,0.375,8,0.8959385461788342,1,0,0,1,0,0,0,0
1716557400,513.98590062,516.34233878,513.04235163,515.53413891,513.2840809952872,508.1220405180127,501.1078395569013,0,0,0,0,0,4,0.5,8,0.8846222816374871,1,0,0,0,0,0,0,0
1716903000,516.34233878,516.57603512,513.26533689,515.89442078,513.8061489522298,508.8286205418297,501.6877054872189,0,0,0,0,0,1,0.125,8,0.8666998506143954,1,0,0,0,0,0,0,0
1716989400,511.87289616,513.46008384,511.57103838,512.28186477,513.5012921157838,509.14255183529974,502.10316271399466,0,0,0,0,0,-3,0.375,8,0.8707498876201895,1,0,0,1,0,0,0,0
1717075800,510.74336382,511.40550347,507.63714989,508.8835304,512.5777397726271,509.11900443209066,502.36905948599485,0,0,0,0,0,-1,0.125,8,0.8791477538787106,0,0,0,1,0,0,0,0
1717162200,509.83779048,513.64509345,504.74515761,513.51850793,512.7658934041017,509.51895929553694,502.80629275830876,0,0,0,0,1,5,0.625,8,0.9327780576585643,1,1,0,1,0,0,0,0
1717421400,515.12517031,515.40755339,508.87379306,513.93721388,513.0001574992814,509.9206188032154,503.2427994689633,0,0,0,0,0,3,0.375,8,0.9562536045765205,1,0,0,1,0,0,0,0
1717507800,512.63240929,515.25175583,511.17180712,514.5117174,513.3024694794251,510.3379914029231,503.68471781920005,0,0,0,0,0,3,0.375,8,0.943599354775624,1,0,0,1,0,0,0,0
1717594200,516.82920616,520.64624648,514.83830804,520.62677178,514.7673299395401,511.27333507356644,504.3491120921726,0,0,0,0,1,6,0.75,8,0.9500720097219137,1,1,0,0,0,0,0,0
1717680600,520.92862956,521.35707286,518.68903958,520.61703443,515.9372708376321,512.1227622877876,504.98706983091097,0,0,0,0,0,1,0.125,8,0.9188315963895497,1,0,0,0,0,0,0,0
1717767000,519.64329966,522.78846298,518.54784804,519.98410683,516.7466380361057,512.8374299734432,505.5751889289145,0,0,0,0,0,-1,0.125,8,0.9124912745045495,1,0,0,0,0,0,0,0
1718026200,519.17590697,521.91210168,518.58192876,521.59076921,517.7154642708845,513.6331880858575,506.20325090072174,0,0,0,0,0,1,0.125,8,0.8903079579543091,1,0,0,0,0,0,0,0
1718112600,520.04253092,522.90531115,518.07558667,522.84688707,518.7417488307076,514.4707970844158,506.85594251520325,0,0,0,0,0,2,0.25,8,0.8907095220058651,1,0,0,0,0,0,0,0
1718199000,527.40396581,529.8285654,526.10889856,527.14105742,520.421610548566,515.6226389331053,507.65143721735217,0,0,0,0,0,4,0.5,8,0.9149528451895053,1,0,0,0,0,0,0,0
1718285400,528.88404267,529.05444625,525.41754687,528.20242833,521.9777741048529,516.7662561510049,508.457358437456,0,0,0,0,0,4,0.5,8,0.8970735076630977,1,0,0,0,0,0,0,0
1718371800,526.67366473,528.55297285,525.67071791,528.5237608,523.2869714438823,517.8351202100044,509.2442761771636,0,0,0,0,0,0,0,8,0.871443286138829,1,0,0,0,0,0,0,0
1718631000,527.84214646,534.12273575,527.38176466,532.73029503,525.1756361611058,519.1892270118223,510.16529652433366,0,0,0,0,0,2,0.25,8,0.8931908280566659,1,0,0,0,0,0,0,0
1718717400,532.78871911,534.21037188,532.37001316,534.08378636,526.9572662008846,520.5432778616566,511.1032765178892,0,0,0,0,0,2,0.25,8,0.8519026425939501,1,0,0,0,0,0,0,0
1718890200,535.0088344,535.67097405,530.86072426,532.63292155,528.0923972707077,521.6423363787787,511.94757632307,0,0,0,0,0,-2,0.25,8,0.8577149446503094,1,0,0,0,0,0,0,0
1718976600,531.81138893,533.03248415,530.46329981,531.91884531,528.8576868785661,522.5765644634353,512.7307633421653,0,0,0,0,0,-2,0.25,8,0.8320190070038541,1,0,0,0,0,0,0,0
1719235800,531.7430076,534.30242317,530.07254934,530.18977448,529.1241043988529,523.2686744649411,513.4154304456098,0,0,0,0,0,0,0,8,0.8320946498175602,1,0,0,0,0,0,0,0
1719322200,531.4108697,532.59288987,529.89671163,532.23144568,529.7455726550822,524.0834718481283,514.153313395978,0,0,0,0,0,3,0.375,8,0.8058796391609903,1,0,0,0,0,0,0,0
1719408600,531.11780685,533.60884109,530.47306857,532.89572148,530.3756024200658,524.8845854510257,514.8883097914298,0,0,0,0,0,2,0.25,8,0.7894154421290656,1,0,0,0,0,0,0,0
1719495000,532.75895882,534.31219193,532.01653293,533.73583499,531.0476489340526,525.6892445000234,515.6274284266678,0,0,0,0,0,2,0.25,8,0.7625970667489798,1,0,0,0,0,0,0,0
1719581400,534.50756717,537.55542083,530.39491848,531.63555122,531.1652293912421,526.2298178382031,516.255197947975,0,0,0,0,0,-1,0.125,8,0.8071292165661126,1,0,0,1,0,0,0,0
1719840600,533.01294662,533.25716567,529.97486172,532.72965253,531.4781140189937,526.8207119010937,516.9012549904074,0,0,0,0,0,1,0.125,8,0.7919471220886111,1,0,0,1,0,0,0,0
1719927000,531.12757561,536.31478809,531.0787318,536.31478809,532.445448833195,527.6838097364488,517.6625700139209,0,0,0,0,0,4,0.5,8,0.8001995496017396,1,0,0,0,0,0,0,0
1720013400,536.00218771,539.0695789,535.96311267,538.70813471,533.697986008556,528.6860210976807,518.4878862765122,0,0,0,0,0,4,0.5,8,0.7809306479018148,1,0,0,0,0,0,0,0
1720186200,539.01096633,542.21512018,538.37599682,541.81460095,535.3213089968448,529.8795283569825,519.4026594009626,0,0,0,0,0,2,0.25,8,0.7716042575706874,1,0,0,0,0,0,0,0
1720445400,542.59610189,543.38746927,541.37500667,542.4398017,536.7450075374758,531.0213713881659,520.3060767460229,0,0,0,0,0,2,0.25,8,0.742164006050241,1,0,0,0,0,0,0,0
1720531800,543.39714035,544.29586643,542.67425198,542.96731483,537.9894689959806,532.1073662465144,521.1947527493161,0,0,0,0,0,1,0.125,8,0.712899702971824,1,0,0,0,0,0,0,0
1720618200,544.18841005,548.68204045,543.8953472,548.34013379,540.0596019547845,533.5830723868313,522.2592774960095,0,0,0,0,1,6,0.75,8,0.7299338890162442,1,1,0,0,0,0,0,0
1720704600,548.45735893,549.32677872,542.97708359,543.61205311,540.7700921858276,534.4947979071194,523.0966412455778,0,0,0,0,0,1,0.125,8,0.767123497918458,1,0,0,0,0,0,0,0
1720791000,544.73546071,550.63579279,544.26656014,547.04088848,542.0242514446621,535.6353515955631,524.0356313332021,0,0,0,0,1,5,0.625,8,0.7995749277034144,1,1,0,0,0,0,0,0
1721050200,549.03371587,551.77590498,546.68921305,548.54527778,543.3284567117297,536.8089812486937,524.9967939389588,0,0,0,0,0,4,0.5,8,0.8066623497614266,1,0,0,0,0,0,0,0
1721136600,549.84940748,552.09133829,549.1020972,551.79827544,545.0224204573838,538.1716443569943,526.0478324291958,0,0,0,0,0,4,0.5,8,0.7905304500672912,1,0,0,0,0,0,0,0
1721223000,545.87840583,547.54886409,543.73904701,544.06141615,544.830219595907,538.7070781563584,526.7542474770704,0,0,0,0,0,-1,0.125,8,0.8503105476873931,1,0,0,1,0,0,0,0
1721309400,545.59511174,546.58175667,537.70195226,539.88038612,543.8402529007257,538.8137425166894,527.2689980120873,0,0,0,0,0,-3,0.375,8,0.9131725825750092,1,0,0,1,0,0,0,0
1721395800,539.64593584,541.26755029,535.2402243,536.29525057,542.3312524345805,538.5847887033541,527.6229687006329,0,0,0,0,0,-5,0.625,8,0.9338917795907411,0,0,0,1,0,0,0,0
1721655000,540.21252402,542.43003294,538.2783092,541.82436971,542.2298758896644,538.8792960675946,528.1798863872748,0,0,0,0,0,4,0.5,8,0.9392105993477232,1,0,0,1,0,0,0,0
1721741400,541.71691333,543.86115653,540.48116497,540.97448744,541.9787981997315,539.0697680105405,528.6816354481659,0,0,0,0,0,2,0.25,8,0.9181225997393313,1,0,0,1,0,0,0,0
1721827800,536.16825666,536.47108828,527.79642786,528.71469146,539.3259768517852,538.1283974150368,528.6829317623555,0,0,0,0,0,-4,0.5,8,1.0503447349356383,1,0,1,0,0,0,0,0
1721914200,528.8319166,534.79574564,525.02209952,525.95990065,536.6527616114281,537.0221704363971,528.5761462285376,0,0,0,0,0,-1,0.125,8,1.1131605828594735,1,0,1,0,0,1,0,0
1722000600,529.74041144,534.53687345,528.96867926,531.85046398,535.6923020851425,536.5520153039973,528.704550846242,0,0,0,0,0,4,0.5,8,1.1373912725408892,1,0,1,1,1,0,0,0
1722259800,533.39392833,534.40011079,530.17023696,532.16306435,534.986454538114,536.1530197627249,528.8401788267815,0,0,0,0,0,2,0.25,8,1.1123033154027873,0,0,1,1,1,0,0,0
1722346200,533.62837861,534.68340488,526.06247265,529.46688611,533.8825408524912,535.545189430659,528.8647555829862,0,0,0,0,0,-1,0.125,8,1.15441468147838,0,0,1,1,1,0,0,0
1722432600,536.2854818,540.70096211,534.91775747,538.0731652,534.7206657219929,535.7750054096899,529.2258696856142,0,0,0,0,0,4,0.5,8,1.2039419667683626,1,0,1,1,1,0,0,0
1722519000,539.79246727,542.03811022,526.95631435,530.45353105,533.8672387875943,535.2912350133545,529.2740132685312,0,0,0,0,0,0,0,8,1.3370896315076628,0,0,1,1,1,0,0,0
1722605400,523.36141003,524.57273648,516.37674539,520.57731293,531.2092536160754,533.9536057330495,528.932966196432,0,0,0,0,0,-4,0.5,8,1.458286133867649,1,0,1,0,0,0,0,0
1722864600,499.80892548,511.47282699,498.47060512,505.41619472,526.0506418368603,531.3592956409541,528.0107398640229,0,0,0,0,0,-4,0.5,8,1.707168653261635,1,0,1,0,0,1,0,0
1722951000,507.21364688,517.50015298,505.89486404,510.07589407,522.8556922834882,529.4244409526856,527.3074125779827,0,0,0,0,0,0,0,8,1.7399644233128224,1,0,1,0,0,1,0,0
1723037400,516.24975148,519.29760514,506.07255782,506.66659622,519.6178730707906,527.355545976987,526.4979687992384,0,0,0,0,0,-3,0.375,8,1.812996334877864,0,0,1,0,0,0,0,0
1723123800,511.79519613,519.00454229,509.77306245,518.37934154,519.3701667646325,526.5395273918064,526.1795912596604,0,0,0,0,0,2,0.25,8,1.8154652417327797,0,0,1,1,1,0,0,0
1723210200,517.55876556,522.15008357,516.33767034,520.66523179,519.629179769706,526.0055005189149,525.9633418686933,0,0,0,0,0,5,0.625,8,1.7581268204465876,0,0,1,1,1,0,0,0
1723469400,521.85702072,523.3418725,518.67240439,520.93875712,519.8910952397648,525.5448874826499,525.7662993295288,0,0,0,0,0,0,0,8,1.6957146048172878,1,0,1,1,1,0,0,0
1723555800,524.12337344,529.74041144,523.8791544,529.50596116,521.8140684238118,525.9049850896816,525.9129527346453,0,0,0,0,0,4,0.5,8,1.6678471876937235,0,0,1,1,1,0,0,0
1723642200,530.29723086,532.35843959,527.63035891,531.17641942,523.6865386230495,526.3842063924378,526.1193631928945,0,0,0,0,0,4,0.5,8,1.6074244420248043,0,0,1,1,1,0,0,0
1723728600,536.79345741,540.56419944,536.18779419,540.28090535,527.0054119684396,527.647542661307,526.6747177872908,0,0,0,0,0,3,0.375,8,1.591568301075235,1,0,1,1,1,0,0,0
1723815000,538.66905967,542.18581389,538.51275948,541.49223181,529.9027759367517,528.9061507657337,527.2557967685735,0,0,0,0,0,2,0.25,8,1.523030285166547,1,0,1,0,0,0,0,0
1724074200,541.9025198,546.66967553,541.05263753,546.66967553,533.2561558554014,530.5210166533943,528.017125347453,0,0,0,0,1,6,0.75,8,1.474241235093051,1,1,1,0,0,0,0,0
1724160600,546.22031249,547.87123322,544.43751347,545.78071821,535.7610683263212,531.9082622494494,528.7137368322587,0,0,0,0,0,3,0.375,8,1.4161064957453542,1,0,1,0,0,0,0,0
1724247000,546.82597572,549.11186596,541.9025198,547.65632047,538.140118755057,533.3399039058631,529.4565832494251,0,0,0,0,1,5,0.625,8,1.404481147016906,1,1,1,0,0,0,0,0
1724333400,549.55146024,550.15712347,542.14673885,543.3580653,539.1837080640456,534.2506458507846,530.0017394082712,0,0,0,0,0,-1,0.125,8,1.4197803114966514,1,0,1,1,1,0,0,0
1724419800,546.59152544,550.06920461,544.40332281,549.13140349,541.1732471492365,535.6034419998042,530.751922313437,0,0,0,0,0,3,0.375,8,1.3918021838895573,1,0,1,0,0,0,0,0
1724679000,550.15712347,550.87024308,546.12262487,547.82238941,542.5030756013892,536.7142554007311,531.4213523956552,0,0,0,0,0,2,0.25,8,1.3573783542546003,1,0,1,1,1,0,0,0
1724765400,546.55245039,549.06302216,545.40950527,548.57458407,543.7173772951114,537.7924670979373,532.0940281475903,0,0,0,0,0,-1,0.125,8,1.306266051537234,1,0,1,0,0,0,0,0
1724851800,548.23267741,548.66250292,542.20535142,545.38996774,544.0518953840891,538.4831489744885,532.6154375433711,0,0,0,0,0,-1,0.125,8,1.3046119508193774,1,0,1,1,1,0,0,0
1724938200,547.35348885,550.64556156,544.29586643,545.43881155,544.3292786172713,539.1154819358986,533.1183149553957,0,0,0,0,0,0,0,8,1.2944700684374242,1,0,1,1,1,0,0,0
1725024600,547.80285189,551.15353717,544.25679138,550.64556156,545.5925352058171,540.1636709926352,533.8056579594978,0,0,0,0,0,3,0.375,8,1.2801051908372438,1,0,1,1,1,0,0,0
1725370200,547.50978904,547.84192694,536.80322618,539.31379794,544.3367877526537,540.086409806032,534.0216634489293,0,0,0,0,0,1,0.125,8,1.39697740773641,0,0,1,1,1,0,0,0
1725456600,537.47727074,541.60945695,536.75438237,538.20992787,543.111415776123,539.91582053912,534.1859091125007,0,0,0,0,0,-1,0.125,8,1.364288013430818,0,0,1,1,1,1,0,0
1725543000,538.1513153,540.99353652,534.4489546,536.90091379,541.8693153788984,539.6417381073818,534.2923798841673,0,0,0,0,0,1,0.125,8,1.356995772663737,0,0,1,1,1,0,0,0
1725629400,537.22328293,538.84489738,526.96608311,527.86480919,539.0684141411186,538.5711082058016,534.0403182883176,0,0,0,0,0,-1,0.125,8,1.442377013963212,1,0,1,1,1,0,0,0
1725888600,532.05560797,535.04484906,530.13116191,533.77491004,538.0097133208949,538.1350901907288,534.029910121717,0,0,0,0,0,1,0.125,8,1.4206021331202532,1,0,1,1,1,0,0,0
1725975000,535.67981858,536.45155075,530.81497523,536.09987533,537.6277457227159,537.9500706579353,534.1110852279241,0,0,0,0,0,4,0.5,8,1.3885100142555031,1,0,1,1,1,0,0,0
1726061400,536.01195648,542.51795179,527.47405872,541.59968819,538.4221342161727,538.2818540699411,534.4047559323193,0,0,0,0,0,2,0.25,8,1.4746434290328598,1,0,1,1,1,0,0,0
1726147800,542.17604513,546.46453153,539.95853622,546.16169992,539.9700473569382,538.9982036926738,534.8658125592872,1,0,1,0,0,5,0.625,8,1.4429613336436675,1,1,1,1,1,0,1,0
1726234200,546.76736315,550.01059204,546.51337534,549.01417835,541.7788735555505,539.9087468433398,535.4206504334328,0,0,1,0,0,7,0.875,8,1.3830064380992557,1,1,1,1,1,0,1,1
1726493400,548.75042178,550.08874214,546.95296962,549.82498557,543.3880959584404,540.8102230912181,535.9855263211413,0,0,0,0,0,1,0.125,8,1.323063751679566,1,0,1,1,1,0,0,0
1726579800,552.03272572,553.47850246,547.8272738,550.04966709,544.7204101847524,541.6501725456528,536.5370612532533,0,0,0,0,0,3,0.375,8,1.3014433152790286,1,0,1,1,1,0,0,0
1726666200,550.70417413,555.53971119,547.86146446,548.41828388,545.4599849238019,542.2654553942299,537.0029915523414,0,0,0,0,0,-1,0.125,8,1.3120830498343368,1,0,1,1,1,0,0,0
1726752600,557.80606391,559.63282235,554.94381672,557.77675762,547.9233394630415,543.6755737783908,537.8176490451908,0,0,0,0,0,3,0.375,8,1.3415336681824725,1,0,1,0,0,0,0,0
1726839000,556.41035741,557.85076884,553.79409992,556.81210482,549.7010925344332,544.8698038730826,538.5625296638108,0,0,0,0,0,2,0.25,8,1.2999074424980739,1,0,1,0,0,0,0,0
1727098200,557.88016499,558.85268768,556.66512406,558.20352266,551.4015785595466,546.0819601264387,539.3327646832691,0,0,0,0,0,1,0.125,8,1.2320405115720636,1,0,1,0,0,0,0,0
1727184600,558.99721875,559.85950587,556.1751882,559.80071357,553.0814055616372,547.3291195303989,540.1354293454939,0,0,0,0,0,2,0.25,8,1.1877840935681458,1,0,1,0,0,0,0,0
1727271000,559.64393409,560.37883788,557.45882015,558.5660752,554.1783394893098,548.3506609549081,540.8581997711608,0,0,0,0,0,1,0.125,8,1.1427210227168931,1,0,1,0,0,0,0,0
1727357400,562.81871846,563.14207613,558.42889316,560.78058528,555.4987886474478,549.480654075371,541.6394697911153,0,0,0,0,0,3,0.375,8,1.116941288673174,1,0,1,0,0,0,0,0
1727443800,561.84864546,562.66193899,558.93842645,559.96729176,556.3924892699582,550.4339847739736,542.3582079075421,0,0,0,0,0,4,0.5,8,1.0861626899478578,1,0,1,0,0,0,0,0
1727703000,558.93842645,562.81871846,556.64552663,562.211198,557.5562310159665,551.5046405217942,543.1367565386189,0,0,0,0,0,0,0,8,1.0829841871365276,1,0,1,0,0,0,0,0
1727789400,561.85844418,562.50731523,554.60739345,557.17465736,557.4799162847733,552.0200965979947,543.6872624531828,0,0,0,0,0,-3,0.375,8,1.115993745979199,1,0,1,1,1,0,0,0
1727875800,556.28297409,558.42889316,553.89208709,557.40982657,557.4658983418186,552.5100720499952,544.2254022224698,0,0,0,0,0,-4,0.5,8,1.0939790270584588,1,0,1,1,1,1,0,0
1727962200,555.94001899,558.33335566,554.10765887,556.39075998,557.2508706694549,552.8628618618138,544.7024750757063,0,0,0,0,0,-3,0.375,8,1.0719470734112038,1,0,1,1,1,0,0,0
1728048600,560.82957887,561.81924931,556.66512406,561.44689805,558.0900761455639,553.6432287880126,545.3591191139138,0,0,0,0,0,0,0,8,1.055477981552321,1,0,1,1,1,0,0,0
1728307800,559.80071357,560.44733091,555.22471263,556.37116255,557.7462934264511,553.8912227663751,545.7909639545446,0,0,0,0,0,-4,0.5,8,1.0689102123551115,1,0,1,1,1,0,0,0
1728394200,558.93842645,562.23079543,558.06624263,561.63307368,558.5236494771609,554.5950273948864,546.4122231594645,0,0,0,0,0,1,0.125,8,1.057783136026053,1,0,1,1,1,1,0,0
1728480600,561.62327496,566.08169129,561.02555321,565.52316441,559.9235524637287,555.5884943962603,547.1616718359561,0,0,0,0,0,2,0.25,8,1.0393324077735353,1,0,1,0,0,0,0,0
1728567000,564.18074015,565.95430797,562.92650435,564.53349397,560.845540764983,556.4016761756913,547.8429197627813,0,0,0,0,0,-3,0.375,8,1.0050960691290893,1,0,1,1,1,0,0,0
1728653400,564.45510423,568.6489552,564.31792219,567.91405141,562.2592428939863,557.4482557424466,548.630022964633,0,0,0,0,0,3,0.375,8,0.9822208666791106,1,0,0,0,0,0,0,0
1728912600,569.52104103,573.48952149,569.04090388,572.55864336,564.3191229871891,558.8219273440424,549.5684002350396,0,0,0,0,0,3,0.375,8,0.9742194111144419,1,0,0,0,0,0,0,0
1728999000,572.82320872,573.12696896,566.89988418,568.11002575,565.0773035397513,559.6662999264022,550.2955228042537,0,0,0,0,0,1,0.125,8,0.9900093289046462,1,0,0,0,0,0,0,0
1729085400,568.11002575,571.0986345,567.30653094,570.57930248,566.177703327801,560.6583910676384,551.090965144479,0,0,0,0,0,3,0.375,8,0.9627878258301781,1,0,0,0,0,0,0,0
1729171800,574.11663939,574.32241245,570.44212044,570.62829607,567.0678218762408,561.5647460678531,551.8571349846956,0,0,0,0,0,0,0,8,0.942512181264113,1,0,0,0,0,0,0,0
1729258200,572.31367543,573.6071061,570.85366657,572.82320872,568.2188992449927,562.5882426725938,552.6793339547075,0,0,0,0,0,3,0.375,8,0.9089808478790531,1,0,0,0,0,0,0,0
1729517400,572.09810365,573.07797537,568.91361855,571.88253187,568.9516257699942,563.4331780541761,553.432400539621,0,0,0,0,0,0,0,8,0.8974551489267999,1,0,0,0,0,0,0,0
1729603800,569.35446283,572.73502027,568.69794878,571.57877164,569.4770549439953,564.1736865619782,554.1440229357142,0,0,0,0,0,-2,0.25,8,0.8842442192678366,1,0,0,1,0,0,0,0
1729690200,569.5602359,569.99980635,562.85301397,566.35605537,568.8528550291962,564.3720837263438,554.6229261684314,0,0,0,0,0,-4,0.5,8,0.9387044998653669,1,0,0,1,0,0,0,0
1729776600,568.30600009,568.38438983,564.96463753,567.58089502,568.598463027357,564.663793843949,555.1310818096694,0,0,0,0,0,0,0,8,0.9128098370476148,1,0,0,1,0,0,0,0
1729863000,569.80520383,572.6958254,566.44424383,567.38492068,568.3557545578856,564.9111690108626,555.6116245104666,0,0,0,0,0,3,0.375,8,0.9266035913890472,1,0,0,1,0,0,0,0
1730122200,570.85366657,570.98104989,568.83513082,569.13889106,568.5123818583085,565.295507378966,556.1421055516248,0,0,0,0,0,0,0,8,0.9028984465622135,1,0,0,1,0,0,0,0
1730208600,568.17861677,571.17408462,566.78719893,570.05997047,568.8218995806468,565.7286403872419,556.6879041758748,0,0,0,0,0,2,0.25,8,0.892018760655418,1,0,0,1,0,0,0,0
1730295000,569.58963205,571.57877164,567.62988861,568.33539625,568.7245989145174,565.9656181929471,557.1446685709385,0,0,0,0,0,-1,0.125,8,0.8804462493043355,1,0,0,1,0,0,0,0
1730381400,563.97496709,564.04355811,556.99828045,557.19425479,566.4185300896139,565.1682215199519,557.1466131285488,0,0,0,0,0,-4,0.5,8,0.9792385815192993,0,0,0,1,0,0,0,0
1730467800,559.820311,563.96516837,559.1344008,559.54594692,565.0440134556911,564.657105647229,557.2407046497822,0,0,0,0,0,0,0,8,0.9919051142853759,1,0,0,1,0,0,0,0
1730730600,559.68312896,560.97655963,556.459351,558.3407047,563.7033517045529,564.082887379299,557.2838419066535,0,0,0,0,0,2,0.25,8,0.9808316373881321,1,0,0,1,0,0,0,0
1730817000,559.2519854,565.13121572,559.03641362,565.09202085,563.9810855336424,564.1746267857263,557.590045002471,0,0,0,0,1,5,0.625,8,0.9857241669390115,1,1,0,1,0,0,0,0
1730903400,577.34041735,580.01546715,573.6071061,579.14338132,567.0135446909139,565.5354226524785,558.4352738776682,0,0,0,0,1,5,0.625,8,1.0771657529220389,1,1,1,0,0,0,0,0
1730989800,581.14231962,584.64046166,581.0638319,583.62139508,570.3351147687312,567.1796019640714,559.4229649052106,0,0,0,0,1,5,0.625,8,1.0598287715855887,1,1,1,0,0,0,0,0
1731076200,584.17012324,587.57027811,584.16522388,586.14946411,573.4979846369849,568.9041348864286,560.4710629132416,0,0,0,0,1,6,0.75,8,1.0280035237687175,1,1,1,0,0,0,0,0
1731335400,587.7368563,588.08961012,584.98341677,586.70799099,576.139985907588,570.5226672594805,561.4999620535066,0,0,0,0,0,2,0.25,8,0.9914822254424567,1,0,0,0,0,0,0,0
1731421800,586.62960126,587.227323,582.40635414,584.88542959,577.8890746440703,571.8283729258914,562.4170392118004,0,0,0,0,0,-2,0.25,8,0.9824065606600093,1,0,0,0,0,0,0,0
1731508200,585.3459693,587.1685307,582.98447846,585.16959239,579.3451781932563,573.0412110589922,563.3092961991808,0,0,0,0,0,-1,0.125,8,0.9628641983221841,1,0,0,0,0,0,0,0
1731594600,585.29697572,585.77711286,580.72097478,581.40688499,579.757519552605,573.801726870902,564.0190055635267,0,0,0,0,0,0,0,8,0.9619915152760623,1,0,0,1,0,0,0,0
1731681000,577.84995065,578.32028907,572.10790237,573.95985992,578.597987626084,573.8161026026382,564.4088429892707,0,0,0,0,0,-4,0.5,8,1.0205926044111602,1,0,1,1,1,0,0,0
1731940200,574.42039963,577.62458015,573.55811251,576.31155204,578.1407005088672,574.0429616423984,564.8756158932209,0,0,0,0,0,2,0.25,8,0.9942261491607066,1,0,0,1,0,0,0,0
1732026600,572.94079333,579.14828067,572.27448056,578.41827624,578.1962156550937,574.4407175149076,565.4067006127025,1,0,1,0,0,7,0.875,8,1.0047316648490507,1,1,1,1,1,0,1,0
1732113000,578.49666598,578.89841339,572.86240359,578.61425059,578.279822642075,574.8201296126433,565.9246437490671,0,0,0,0,0,2,0.25,8,1.0071622503168278,1,0,1,1,1,0,0,0
1732199400,581.45587857,583.14125793,575.62564184,581.72044394,578.9679469016601,575.4474309151303,566.5440868938095,0,0,0,0,0,4,0.5,8,1.0225114258323613,1,0,1,1,1,0,0,0
1732285800,581.71064522,584.1505258,581.21336032,583.5234079,579.8790391013281,576.1816106410275,567.2099426195425,0,0,0,0,0,4,0.5,8,0.9824947951324757,1,0,0,1,0,0,0,0
1732545000,587.4526935,588.7657216,583.21964767,585.50274878,581.0037810370625,577.0289868354796,567.9273075670114,0,0,0,0,0,4,0.5,8,0.9768919169992438,1,0,0,1,0,0,0,0
1732631400,586.74718586,589.22626131,586.03187951,588.55994854,582.51501453765,578.0772560813451,568.7364307424227,0,0,0,0,0,2,0.25,8,0.9475911753522952,1,0,0,0,0,0,0,0
1732717800,588.37377292,588.75592289,585.25778085,586.77658201,583.36732803212,578.868103893041,569.4438876548768,0,0,0,0,0,1,0.125,8,0.9251633916117324,1,0,0,1,0,0,0,0
1732890600,587.58987554,591.20560219,587.3160014,590.42170481,584.778203387696,579.9184312491283,570.2665471511561,0,0,0,0,0,4,0.5,8,0.9073583365920308,1,0,0,0,0,0,0,0
1733149800,590.83325093,592.15607776,590.34331507,591.47996627,586.1185559641567,580.9694798873893,571.0984459401304,0,0,0,0,0,3,0.375,8,0.8629309291979765,1,0,0,0,0,0,0,0
1733236200,591.24479706,591.99929828,590.21691162,591.75433035,587.2457108413254,581.9499208385357,571.9084806228705,0,0,0,0,0,0,0,8,0.8224360487098135,1,0,0,0,0,0,0,0
1733322600,593.43970971,595.67381723,592.77339694,595.4288493,588.8823385330603,583.1752779713961,572.8308480219736,0,0,0,0,0,4,0.5,8,0.8059964929093246,1,0,0,0,0,0,0,0
1733409000,595.4288493,596.23234411,594.10112312,594.44897758,589.9956663424482,584.2001597539964,573.6786178085629,0,0,0,0,0,1,0.125,8,0.7752675981584679,1,0,0,0,0,0,0,0
1733495400,595.21327752,596.81046842,594.8017314,595.57583006,591.1116990859585,585.2343115999968,574.5373320145015,0,0,0,0,0,4,0.5,8,0.7468510993521884,1,0,0,0,0,0,0,0
1733754600,595.45824545,595.62482364,591.92090854,592.50883157,591.3911255827668,585.8956315972698,575.2420967029525,0,0,0,0,0,-2,0.25,8,0.7417460908508033,1,0,0,0,0,0,0,0
1733841000,593.18494306,593.6062879,590.01015869,590.66667274,591.2462350142134,586.3293626102453,575.8469820377387,0,0,0,0,0,-4,0.5,8,0.734399864983982,1,0,0,1,0,0,0,0
1733927400,593.58669047,596.18824988,593.31232638,595.23287496,592.0435630033708,587.1387728238594,576.6072131327294,0,0,0,0,0,3,0.375,8,0.7429708601332091,1,0,0,0,0,0,0,0
1734013800,594.37058784,594.93891344,592.16587647,592.16587647,592.0680256966966,587.5957822462358,577.2173567930145,0,0,0,0,0,-1,0.125,8,0.7304696374279859,1,0,0,1,0,0,0,0
1734100200,594.19421093,594.90951729,590.67647146,592.04829187,592.0640789313572,588.0005558483962,577.7989620901511,0,0,0,0,0,-1,0.125,8,0.7294981768139223,1,0,0,1,0,0,0,0
1734359400,593.80226224,595.54594397,593.02816359,594.5763609,592.5665353250859,588.5983563076329,578.4568992983804,0,0,0,0,1,5,0.625,8,0.7165295140964185,1,1,0,1,0,0,0,0
1734445800,592.02869443,592.98896872,590.74996184,592.1266816,592.4785645800687,588.9191131523936,578.9929691925616,0,0,0,0,0,-2,0.25,8,0.7142595051977023,1,0,0,1,0,0,0,0
1734532200,591.82292137,594.19911029,574.09704196,574.47919193,588.878690050055,587.6063930412669,578.8159583195201,0,0,0,0,0,-4,0.5,8,0.93355666146397,1,0,0,0,0,0,0,0
1734618600,579.45694027,581.06392989,574.05784709,574.30281502,585.963515044044,586.3969768575154,578.6389723077742,0,0,0,0,0,-7,0.875,8,0.9542780112583462,1,0,0,0,0,1,0,0
1734705000,571.97816216,585.72286317,571.13263692,581.2002863,585.0108692952352,585.9245504431958,578.7394159937438,0,0,0,0,0,4,0.5,8,1.0549107171139127,1,0,1,1,1,0,0,0
1734964200,580.94466239,585.28043717,577.77001006,584.68070415,584.9448362661882,585.8114735074507,578.972407686146,0,0,0,0,0,2,0.25,8,1.0654814291426329,1,0,1,1,1,0,0,0
1735050600,586.02764552,591.21877723,585.44757588,591.17945048,586.1917591089506,586.2994714140461,579.4511152466893,0,0,0,0,0,4,0.5,8,1.0574950659037683,0,0,1,1,1,0,0,0
1735223400,589.40974649,592.33958976,588.01610459,591.21877723,587.1971627331604,586.7466810336783,579.9125921872112,0,0,0,0,0,3,0.375,8,1.0341289192961005,1,0,1,1,1,0,0,0
1735309800,587.48273547,587.71486164,580.82147133,584.99531819,586.7567938245284,586.5874662297076,580.1119147755559,0,0,0,0,0,-4,0.5,8,1.0974305468370944,1,0,1,1,1,0,0,0
1735569000,577.99515573,581.78035594,574.57372801,578.31960146,585.0693553516227,585.8358421597342,580.0416279788674,0,0,0,0,0,-2,0.25,8,1.159523398171733,1,0,1,1,1,0,0,0
1735655400,579.97624104,580.69877185,574.5835597,576.21562005,583.2986082912981,584.9612765133948,579.8915884522452,0,0,0,0,0,-2,0.25,8,1.1564368458702223,0,0,1,1,1,0,0,0
1735828200,579.46990906,581.18062292,570.72953767,574.79985686,581.5988580050386,584.0375110903589,579.6919127035296,0,0,0,0,0,0,0,8,1.2063514771564274,0,0,1,1,1,0,0,0
1735914600,577.64121493,582.62588118,576.55972916,581.9868214,581.6764506840309,583.8510847548717,579.7819091229991,0,0,0,0,0,4,0.5,8,1.2024009337940567,0,0,1,1,1,0,0,0
1736173800,586.23411099,589.60638026,583.60905006,585.3394273,582.4090460072247,583.9863886226107,579.9998510122932,0,0,0,0,0,5,0.625,8,1.2031011280156778,0,0,1,1,1,0,0,0
1736260200,587.3647552,587.68920094,576.90383827,578.72270071,581.6717769477798,583.5078715396461,579.9497666867131,0,0,0,0,0,-1,0.125,8,1.2630560719299917,0,0,1,1,1,0,0,0
1736346600,578.79152253,580.63978172,575.34551559,579.56822595,581.2510667482238,583.1497219405874,579.9348043048813,0,0,0,0,0,-3,0.375,8,1.2363756374469923,0,0,1,1,1,0,0,0
1736519400,576.01898627,576.0878081,568.81235835,570.71970598,579.144794594579,582.0197204896249,579.5734278999839,0,0,0,0,0,-5,0.625,8,1.300478163619221,0,0,1,0,0,0,0,0
1736778600,566.07914885,571.95849878,565.66621792,571.60455798,577.6367472716632,581.0728875342045,579.2609231972394,0,0,0,0,0,-3,0.375,8,1.284346799320941,0,0,1,1,1,0,0,0
1736865000,574.52456957,575.15379765,568.61572457,572.39109309,576.5876164353306,580.2836334938222,578.9915180949947,0,0,0,0,0,1,0.125,8,1.2725574386679432,0,0,1,1,1,0,0,0
1736951400,580.38917197,583.94332749,579.27819113,582.80285158,577.8306634642645,580.5126533198384,579.1409821532302,0,0,0,0,0,6,0.75,8,1.3021348317755903,0,0,1,1,1,0,0,0
1737037800,584.17437217,584.34642673,580.98398914,581.68203905,578.6009385814116,580.6189611134894,579.2406314432995,0,0,0,0,0,3,0.375,8,1.2527445880383448,0,0,1,1,1,0,0,0
1737124200,586.91249752,589.27210284,585.58521952,587.52206223,580.3851633111293,581.2465157604449,579.5653934349349,0,0,0,0,0,4,0.5,8,1.2439768380891585,1,0,1,1,1,0,0,0
1737469800,590.56005408,592.90982772,588.59371631,592.89999603,582.8881298549035,582.3059230576772,580.0883190268983,1,0,1,0,0,6,0.75,8,1.2095518999678767,1,1,1,1,1,0,1,0
1737556200,595.72169073,597.58971161,595.17111615,596.23293855,585.5570915939228,583.5720153751611,580.7214413611375,0,0,0,0,0,4,0.5,8,1.1730595833868147,1,0,1,0,0,0,0,0
1737642600,595.60371046,599.48722756,595.32842317,599.48722756,588.3431187871382,585.0188528465101,581.4573545454066,0,0,0,0,0,1,0.125,8,1.1329084870177448,1,0,1,0,0,0,0,0
1737729000,599.54621769,600.49989151,596.58687935,597.73718694,590.2219324177106,586.1750650368274,582.0957793451946,0,0,0,0,0,0,0,8,1.101826258973834,1,0,1,0,0,0,0,0
1737988200,584.79868442,589.59654857,584.6315457,589.28193453,590.0339328401685,586.4575077180249,582.3775893524419,0,0,0,0,0,-1,0.125,8,1.1966618567534846,1,0,1,1,1,0,0,0
1738074600,590.51089564,595.18094784,587.19761649,594.34525429,590.8961971301349,587.1745755882044,582.8469095460716,0,0,0,0,0,2,0.25,8,1.197663532638377,1,0,1,1,1,1,0,0
1738161000,593.55871918,593.96181842,589.1344592,591.68086661,591.0531310261078,587.5842384083677,583.1933392348532,0,0,0,0,0,0,0,8,1.1800295612760936,1,0,1,1,1,0,0,0
1738247400,593.79467971,596.39024557,590.60429668,594.85650211,591.8138052428862,588.2453532903343,583.6507181711335,1,0,1,0,0,6,0.75,8,1.1593680552114696,1,1,1,1,1,0,1,0
1738333800,597.27509756,599.69369302,590.93365826,591.6906983,591.789183854309,588.5585664730312,583.9660115095204,0,0,0,0,0,-1,0.125,8,1.1880667481496143,1,0,1,1,1,0,0,0
1738593000,582.694703,590.1864499,580.55139483,587.70886431,590.9731199454473,588.4813208218466,584.1127900507157,0,0,0,0,0,-2,0.25,8,1.2460633802506587,0,0,1,1,1,0,0,0
1738679400,587.76785445,592.16261936,587.22711156,591.65137154,591.1087702643578,588.7695072507696,584.4084206973544,0,0,0,0,0,4,0.5,8,1.2089338519919146,1,0,1,1,1,0,0,0
1738765800,590.53055901,594.19777895,588.50523111,594.05030362,591.6970769354862,589.2495796479724,584.7865337531443,1,0,1,0,0,6,0.75,8,1.1864953132620006,1,1,1,1,1,0,1,0
1738852200,595.79051255,596.24522816,592.4870651,596.11495828,592.5806532043889,589.8737049781568,585.2307856953739,0,0,1,0,0,5,0.625,8,1.142961351861859,1,1,1,1,1,0,1,1
1738938600,596.67536454,597.89449396,589.95048937,590.65837097,592.1961967575111,589.9450382501425,585.4436321767319,0,0,0,0,0,-3,0.375,8,1.1671930842551306,1,0,1,1,1,0,0,0
1739197800,593.86350153,595.30866148,592.59521367,594.66970002,592.6908974100089,590.3745529564932,585.8054387588209,0,0,0,0,0,2,0.25,8,1.1323680794660997,1,0,1,1,1,0,0,0
1739284200,592.40841158,595.66270059,592.29043132,595.12195771,593.1771094700072,590.806135206812,586.1707924431809,0,0,0,0,0,0,0,8,1.0911607071084204,1,0,1,1,1,0,0,0
1739370600,589.11479582,594.37474935,588.43640929,593.20477838,593.1826432520057,591.0241936771018,586.4466350289384,0,0,0,0,0,-1,0.125,8,1.096996858001135,1,0,1,1,1,0,0,0
1739457000,594.30592753,599.67402964,593.04747136,599.46756418,594.4396274376046,591.7917728137289,586.9572597015291,1,0,1,0,0,6,0.75,8,1.086955621422606,1,1,1,1,1,0,1,0
1739543400,599.67402964,600.70635697,598.81867271,599.43806911,595.4393157720837,592.4868906588445,587.4467032077437,0,0,1,0,0,5,0.625,8,1.0318590950824693,1,1,1,1,1,0,1,1
1739889000,600.5982084,601.19794142,598.14028618,601.19794142,596.5910409016669,593.2788043644041,587.9859674513616,0,0,0,0,0,1,0.125,8,0.9916782162381131,1,0,0,1,0,0,0,0
1739975400,599.81167329,602.90865527,599.30042547,602.61370461,597.7955736433336,594.1274316594582,588.5596042026807,0,0,0,0,0,1,0.125,8,0.9614494618481361,1,0,0,1,0,0,0,0
1740061800,601.24709986,601.38867618,596.8031765,600.10662395,598.2577837046668,594.670994594962,589.0124285064971,0,0,0,0,0,-1,0.125,8,0.9656649303411029,1,0,0,1,0,0,0,0
1740148200,599.8903268,600.02797044,589.38025142,589.84234079,596.5746951217335,594.2320260672383,589.0449740862424,0,0,0,0,0,1,0.125,8,1.0421867522447068,0,0,1,1,1,0,0,0
1740407400,591.88733208,592.88033265,586.45040814,587.15828974,594.6914140453868,593.5889591283984,588.9709864648212,0,0,0,0,0,-3,0.375,8,1.0503895210413616,1,0,1,1,1,1,0,0
1740493800,587.09929961,587.82684458,579.63704777,584.23827815,592.6007868663094,592.7388972212713,588.7853900603184,0,0,0,0,0,-2,0.25,8,1.08036443141248,1,0,1,1,1,0,0,0
1740580200,585.89983357,589.4884,581.89401026,584.53322882,590.9872752570475,591.9929273666103,588.6186386391295,0,0,0,0,0,1,0.125,8,1.0954909770454937,1,0,1,1,1,0,0,0
1740666600,586.80434894,587.95465654,574.80968855,575.2029561,587.830411425638,590.466566342373,588.0925334415166,0,0,0,0,1,-5,0.625,8,1.1969760425057383,1,1,1,0,0,0,0,0
1740753000,575.70437223,584.71019922,572.63688531,584.17928802,587.1001867445103,589.8949955857936,587.9390728367513,0,0,0,0,0,2,0.25,8,1.2420215180148817,0,0,1,1,1,0,0,0
1741012200,586.14562579,587.28610169,570.13963634,573.94449993,584.4690493816082,588.444950526176,587.3902660560943,0,0,0,0,0,0,0,8,1.387263145733778,1,0,1,0,0,0,0,0
1741098600,569.95283425,575.53723352,562.61839437,567.15080293,581.0054000912866,586.5091189265236,586.5965616197769,0,0,0,0,0,-4,0.5,8,1.4663069878285175,1,0,1,0,0,1,0,0
1741185000,566.98366422,575.03581739,563.43393296,573.24645002,579.4536100770292,585.3034217532032,586.0730278315503,0,0,0,0,0,3,0.375,8,1.4916560948532591,1,0,1,1,1,0,0,0
1741271400,565.79402987,570.40863135,560.52424465,563.07065206,576.1770184736234,583.2822608720029,585.1709738797249,0,0,0,0,0,0,0,8,1.5715289756022062,1,0,1,0,0,0,0,0
1741357800,561.29111638,567.67188244,556.10981635,566.22662418,574.1869396148987,581.7317484454571,584.4280582052259,0,0,0,0,0,1,0.125,8,1.5969969384909977,1,0,1,0,0,0,0,0
1741613400,558.03682737,559.95400669,546.23880075,551.14481349,569.578514389919,578.951117994961,583.1228329222758,0,0,0,0,0,-1,0.125,8,1.782548202441036,1,0,1,0,0,0,0,0
1741699800,549.9846742,554.52691445,542.72888783,546.56324648,564.9754608079352,576.0067660390555,581.6891236500297,0,0,0,0,0,-5,0.625,8,1.8232828114427848,1,0,1,0,0,1,0,0
1741786200,552.70805201,553.63223076,544.37077987,549.46359469,561.8730875843481,573.5937504618686,580.425377416303,0,0,0,0,0,4,0.5,8,1.804507558163562,1,0,1,0,0,0,0,0
1741872600,549.08999052,549.69463938,540.42827264,542.1389865,557.9262673674785,570.734226465335,578.923950321546,0,0,0,0,0,-1,0.125,8,1.8203400580510047,1,0,1,0,0,0,0,0
1741959000,546.75004857,554.34011236,542.20947971,553.3372801,557.0084699139828,569.1526858866682,577.9205514893285,0,0,0,0,0,2,0.25,8,1.8136081058016795,1,0,1,0,0,0,0,0
1742218200,553.31761672,560.1211454,552.88502241,557.60423306,557.1276225431862,568.1028265387893,577.1238331195509,0,0,0,0,0,3,0.375,8,1.7638717540174025,1,0,1,1,1,0,0,0
1742304600,555.29378618,555.51008333,549.65039678,551.5774078,556.017579594549,566.6005157443539,576.1220125187842,0,0,0,0,0,1,0.125,8,1.75877843020727,1,0,1,0,0,0,0,0
1742391000,553.35694348,561.34027482,552.17714082,557.58456968,556.3309776116392,565.780884283958,575.3950539760868,0,0,0,0,0,3,0.375,8,1.7406223785114556,1,0,1,1,1,0,0,0
1742477400,553.84852792,560.96667065,553.13199444,555.97217271,556.2592166313113,564.8891832317801,574.633372357809,0,0,0,0,0,1,0.125,8,1.7216357500092496,1,0,1,1,1,0,0,0
1742563800,551.5203339,557.0524986,550.28767688,556.15512429,556.238398163049,564.0951778734365,573.9087351786792,0,0,0,0,0,-2,0.25,8,1.6850183891552568,1,0,1,1,1,0,0,0
1742823000,562.88050098,567.17014741,562.28882561,566.114993,558.2137171304392,564.2787974303968,573.6030982304957,0,0,0,0,0,2,0.25,8,1.67611242891456,0,0,1,1,1,0,0,0
1742909400,567.31806625,568.41266568,565.73040401,567.47584635,560.0661429743514,564.5694382412698,573.3628138430253,0,0,0,0,0,4,0.5,8,1.5864195725653687,0,0,1,1,1,0,0,0
1742995800,567.20959243,568.33377563,559.32058751,560.70116337,560.1931470534811,564.2177768893362,572.8662785303576,0,0,0,0,0,-2,0.25,8,1.6057230660908535,1,0,1,1,1,0,0,0
1743082200,559.31072626,562.97911354,557.10180488,559.21211369,559.9969403807848,563.7627165984874,572.3308210856377,0,0,0,0,0,-4,0.5,8,1.5700701104763242,1,0,1,1,1,0,0,0
1743168600,557.68361899,558.41088663,547.36874506,547.95055917,557.5876641386279,562.3252477413522,571.3747323830637,0,0,0,0,0,-1,0.125,8,1.642270923214004,1,0,1,0,0,0,0,0
1743427800,542.20144684,552.93167688,539.28251502,551.62880772,556.3958928549024,561.3528441030475,570.6003823962769,0,0,0,0,0,0,0,8,1.6915358560564513,1,0,1,1,1,1,0,0
1743514200,549.71572402,555.12955365,545.99803045,553.18688619,555.754091521922,560.6104842927704,569.9175001921092,0,0,0,0,0,2,0.25,8,1.6841958894413298,1,0,1,1,1,0,0,0
1743600600,547.34902255,559.5473964,547.1123524,556.68763212,555.9407996415375,560.2538613679731,569.3986818363402,0,0,0,0,0,3,0.375,8,1.7136155855512856,1,0,1,1,1,0,0,0
1743687000,537.54693394,540.36725319,529.25361751,529.25361751,550.60336321523,557.4356573808845,567.8243655882484,0,0,0,0,0,-2,0.25,8,2.043947605086109,1,0,1,0,0,1,0,0
1743773400,516.40440075,518.5738771,498.05260306,498.26955069,540.136600710184,552.056920408986,565.096725788317,0,0,0,0,0,-3,0.375,8,2.463249066280695,1,0,1,0,0,1,0,0
1744032600,482.40278955,515.91133794,475.11532126,497.38203764,531.5856880961472,547.0864765208963,562.4412478217164,0,0,0,0,0,-6,0.75,8,2.877251894234714,1,0,1,0,0,1,0,0
1744119000,514.61951339,517.69622531,482.37320578,489.59164528,523.1868795329178,541.8596736808148,559.5844006632177,0,0,0,0,1,-6,0.75,8,3.229588882295421,1,1,1,0,0,1,0,0
1744205400,486.59382341,541.00823484,486.20923442,541.00823484,526.7511505943343,541.7822701498317,558.8559235721111,0,0,0,0,0,0,0,8,3.4373963955984252,1,0,1,1,1,1,0,0
1744291800,524.78646848,526.09308492,502.25349818,517.30177506,524.8612754874674,539.5567705962106,557.2263491206558,0,0,0,0,0,-2,0.25,8,3.8732642354112405,1,0,1,1,1,1,0,0
1744378200,515.75355785,528.9873636,512.85434854,526.53191082,525.195402553974,538.3726924347369,556.0226456578849,0,0,0,0,0,0,0,8,3.752412039842362,1,0,1,1,1,1,0,0
1744637400,536.50164078,536.72844967,526.45302077,531.6400415,526.4843303431792,537.7606332588517,555.0664651026738,0,0,0,0,0,5,0.625,8,3.5889594549215373,1,1,1,1,1,1,0,0
1744723800,532.18734122,535.69301778,529.36209133,530.15099182,527.2176626385433,537.0688476735015,554.0893877190395,0,0,0,0,0,1,0.125,8,3.427263746383065,1,0,1,1,1,0,0,0
1744810200,524.30326693,530.42257082,513.07129617,518.36679073,525.4474882568346,535.3686606786378,552.6885015626066,0,0,0,0,0,-4,0.5,8,3.493899698230307,1,0,1,1,1,0,0,0
1744896600,520.31931944,523.79541224,516.6410709,519.10638494,524.1792675934677,533.8902719751252,551.3715558127004,0,0,0,0,0,-1,0.125,8,3.338156176511202,1,0,1,1,1,0,0,0
1745242200,513.92922546,514.46173329,501.40543015,506.75023098,520.6934602707742,531.4229955210229,549.6216999369083,0,0,0,0,0,-4,0.5,8,3.4247996069007303,1,0,1,1,1,0,0,0
1745328600,512.92337733,521.96121859,511.98902331,519.93473045,520.5417143066193,530.3786077872936,548.4575050550687,0,0,0,0,0,3,0.375,8,3.308496685769376,1,0,1,1,1,0,0,0
1745415000,532.93186606,537.86249413,526.47274328,527.99137673,522.0316467912954,530.1615867820851,547.654911787419,0,0,0,0,0,3,0.375,8,3.2678302491867677,1,0,1,1,1,0,0,0
1745501400,529.2684094,539.83474536,528.02135495,539.10501241,525.4463199150364,530.974625475532,547.3196216157555,0,0,0,0,0,4,0.5,8,3.1287778312270116,0,0,1,1,1,0,0,0
1745587800,539.06556738,543.40452009,536.14663556,543.00020859,528.9570976500291,532.06786030412,547.1502328696474,0,0,0,0,0,4,0.5,8,2.979925980104495,0,0,1,1,1,0,0,0
1745847000,543.7398028,545.86983413,537.45818263,543.20729496,531.8071371120233,533.0805361819273,546.9956078535828,0,0,0,0,0,2,0.25,8,2.8766275162760606,0,0,1,1,1,0,0,0
1745933400,541.29421127,547.74347279,540.93920605,546.62915085,534.7715398596187,534.3122284244794,546.9812369906972,0,0,0,0,0,4,0.5,8,2.7433449316158716,1,0,1,1,1,0,0,0
1746019800,539.97280295,548.7986272,534.00674298,546.84609848,537.186451583695,535.4516711567994,546.9759374412581,0,0,0,0,0,0,0,8,2.7395914390134326,0,0,1,1,1,0,0,0
1746106200,552.59521082,556.24377698,550.12003553,550.72157215,539.893475696956,536.8398439743631,547.1228250768951,0,0,0,0,0,1,0.125,8,2.6478925170321275,0,0,1,1,1,0,0,0
1746192600,556.8947185,560.49407699,554.5773233,558.8965535,543.6940912575648,538.8449993857847,547.5845399170169,0,0,0,0,0,2,0.25,8,2.547688482574314,0,0,1,1,1,0,0,0
1746451800,554.76468717,558.78807968,553.90675789,555.69164525,546.0936020560519,540.376512646168,547.9024656163496,0,0,0,0,0,-2,0.25,8,2.4434935895298744,0,0,1,1,1,0,0,0
1746538200,550.18906432,555.53149845,549.23252247,551.0469936,547.0842803648414,541.3465563692436,548.0257804392378,0,0,0,0,0,-1,0.125,8,2.3718082043976416,0,0,1,1,1,0,0,0
1746624600,552.37826318,555.99734419,548.32528691,553.3643888,548.3403020518732,542.4390865902215,548.2351376298559,0,0,0,0,0,5,0.625,8,2.2922014128478616,0,0,1,1,1,0,0,0
1746711000,557.39764256,562.39729943,553.90675789,557.22013995,550.1162696314985,543.7828187138376,548.5874906620185,0,0,0,0,0,2,0.25,8,2.229535004694703,0,0,1,1,1,0,0,0
1746797400,558.62043833,559.62628645,554.9556997,556.51012951,551.3950416071988,544.9398469680342,548.8981823815471,0,0,0,0,0,1,0.125,8,2.132871223366305,0,0,1,1,1,0,0,0
1747056600,573.40246129,574.91123348,569.03392482,574.90137223,556.096307731759,547.6636219918493,549.9179153167806,0,0,0,0,0,3,0.375,8,2.1457901875383523,0,0,1,0,0,1,0,0
1747143000,575.31554499,580.90687722,574.75345339,578.69795584,560.6166373534072,550.4849250689539,551.0465443569069,0,0,0,0,0,1,0.125,8,2.0553989987702637,0,0,1,0,0,0,0,0
1747229400,579.65449769,580.80826466,577.41106192,579.43755006,564.3808198947257,553.1169818863217,552.1599171295773,0,0,0,0,0,1,0.125,8,1.948026749594721,1,0,1,0,0,0,0,0
1747315800,577.43571506,582.77065463,576.97904029,582.26773057,567.9582020297806,555.7670499484743,553.3406156958683,0,0,0,0,0,3,0.375,8,1.8711372114904403,1,0,1,0,0,0,0,0
1747402200,583.04676981,586.25167805,581.10410235,585.95584037,571.5577296978245,558.5114854413403,554.6196441144617,0,0,0,0,1,6,0.75,8,1.7892979530293691,1,1,1,0,0,0,0,0
1747661400,579.94047412,587.27724869,579.94047412,586.59682202,574.5655481622596,561.064697857582,555.8736510911494,0,0,0,0,0,1,0.125,8,1.749013673011787,1,0,1,0,0,0,0,0
1747747800,584.86124094,585.80792153,581.41966254,584.62457079,576.5773526878077,563.2065044878018,557.0011381381632,0,0,0,0,0,-2,0.25,8,1.692816803126759,1,0,1,0,0,0,0,0
1747834200,580.27575683,584.35831687,573.74760526,574.7731759,576.2165173302461,564.2580200707289,557.6980807954902,0,0,0,0,0,-3,0.375,8,1.7340140173624001,1,0,1,1,1,0,0,0
1747920600,574.57595077,578.48100821,573.33836313,574.99998479,575.9732108221968,565.2345623179353,558.3765868344906,0,0,0,0,0,2,0.25,8,1.6734045383755687,1,0,1,1,1,1,0,0
1748007000,567.98863167,573.73784261,567.61390393,571.07520484,574.9936096257575,565.7655298199412,558.8745718543145,0,0,0,0,0,0,0,8,1.6569379713416001,1,0,1,1,1,0,0,0
1748352600,577.93863912,583.10593734,570.40463942,582.94815725,576.584519150606,567.3275868590374,559.8186340266943,0,0,0,0,1,5,0.625,8,1.6628776273182564,1,1,1,0,0,0,0,0
1748439000,583.35246875,584.54449739,578.84094406,579.57560764,577.1827368484848,568.4410432936704,560.5934173056474,0,0,0,0,0,-4,0.5,8,1.6233780115349028,1,0,1,1,1,0,0,0
1748525400,584.83165717,584.96971476,577.93863912,581.86341907,578.1188732927878,569.6612592733368,561.4275350218966,0,0,0,0,0,1,0.125,8,1.5878077479953596,1,0,1,1,1,0,0,0
1748611800,580.75895838,582.92833612,575.142973,581.21257616,578.7376138662303,570.7113789903061,562.2034189880967,0,0,0,0,0,-1,0.125,8,1.5717227620993974,1,0,1,1,1,0,0,0
1748871000,579.60519141,584.56540325,576.94265225,584.4865132,579.8873937329843,571.9636639184602,563.0772658199361,0,0,0,0,0,2,0.25,8,1.5444375138306714,1,0,1,1,1,0,0,0
1748957400,584.12164673,588.79588214,583.63844518,587.81961778,581.4738385423874,573.4051142695092,564.0475541320955,0,0,0,0,0,4,0.5,8,1.4886589829512278,1,0,1,0,0,0,0,0
1749043800,588.67754707,589.65381143,587.22794241,587.66183768,582.71143836991,574.7011800340993,564.9736044673074,0,0,0,0,0,2,0.25,8,1.4121830622119977,1,0,1,0,0,0,0,0
1749130200,589.33825123,590.68924332,582.84954468,584.82179591,583.133509877928,575.6212360228175,565.7519649160404,0,0,0,0,0,0,0,8,1.413432892863885,1,0,1,1,1,0,0,0
1749216600,590.35396061,592.4938532,588.57893451,590.82730091,584.6722680843424,577.0036055580159,566.7353114256074,0,0,0,0,0,1,0.125,8,1.391884665995993,1,0,1,0,0,0,0,0
1749475800,591.39925376,592.90802596,590.18631926,591.35980874,586.0097762154738,578.3087149381963,567.7009779869561,0,0,0,0,0,3,0.375,8,1.3241751701542674,1,0,1,0,0,0,0,0
1749562200,591.89231657,595.09722482,590.77799463,594.71263583,587.7503481383791,579.7999804738148,568.7602586866833,0,0,0,0,1,5,0.625,8,1.2745356880132768,1,1,1,0,0,0,0,0
1749648600,595.80723526,596.66516455,590.95549724,593.01649977,588.8035784647033,581.0014822280134,569.7114838272055,0,0,0,0,0,0,0,8,1.255655131163458,1,0,1,0,0,0,0,0
1749735000,591.68523019,595.37333999,591.20202864,595.37333999,590.1175307697627,582.3080147518303,570.7178311277072,0,0,0,0,0,4,0.5,8,1.2113942627254832,1,0,1,0,0,0,0,0
1749821400,590.19618051,593.49970132,587.21808116,588.71699209,589.8374230338101,582.8906490553003,571.4236805772089,0,0,0,0,0,-4,0.5,8,1.2365315528877967,1,0,1,1,1,0,0,0
1750080600,592.06981918,596.06362792,591.89231657,594.31818558,590.733575543048,583.9295160120912,572.3215043028085,0,0,0,0,0,1,0.125,8,1.225682591793787,1,0,1,1,1,1,0,0
1750167000,591.88245532,593.40108876,588.48032194,589.23963867,590.4347881684384,584.4122544355374,572.9849605525023,0,0,0,0,0,-1,0.125,8,1.2187107159426651,1,0,1,1,1,0,0,0
1750253400,590.13701298,592.87844219,588.19434552,589.15088736,590.1780080067507,584.8430392468522,573.6189184665219,0,0,0,0,0,-2,0.25,8,1.1886203495945642,1,0,1,1,1,0,0,0
1750426200,591.82240176,592.89056613,586.362895,587.76733333,589.6958730714006,585.108884163502,574.1737582650896,0,0,0,0,0,-2,0.25,8,1.185644641756523,1,0,1,1,1,0,0,0
1750685400,588.51900455,593.9587305,585.40352515,593.57300447,590.4712993511205,585.8783496459109,574.9345130182234,1,0,1,0,0,5,0.625,8,1.193137866788137,1,1,1,1,1,0,1,0
1750771800,597.70719619,601.18852189,596.7972784,600.13034684,592.4031088488964,587.1739857544645,575.9225849328028,0,0,0,0,1,7,0.875,8,1.1864493108944947,1,1,1,0,0,0,0,0
1750858200,601.24796326,601.94029202,598.9039359,600.46662081,594.0158112411171,588.3824071231496,576.8850961436733,0,0,0,0,0,2,0.25,8,1.137204961537317,1,0,1,0,0,0,0,0
1750944600,602.31612763,605.59974401,601.70292216,605.16456594,596.2455621808937,589.9080579246814,577.9940949592155,0,0,0,0,1,7,0.875,8,1.1083655013632217,1,1,1,0,0,0,0,0
1751031000,606.16349743,609.63503162,604.13596321,608.17125082,598.630699908715,591.5683481878922,579.177512836109,0,0,0,0,0,4,0.5,8,1.0886939077558062,1,0,1,0,0,0,0,0
1751290200,610.61418229,612.43401788,608.29982616,611.0790316,601.120366246972,593.342046679902,580.4285527876342,0,0,0,0,0,4,0.5,8,1.0559467763659114,1,0,1,0,0,0,0,0
1751376600,609.60536039,612.04829186,608.77456588,610.88122338,603.0725376735776,594.9365172890018,581.6227751638054,0,0,0,0,0,2,0.25,8,1.0191182368097236,1,0,1,0,0,0,0,0
1751463000,610.47571654,613.69010005,609.85262066,613.65053841,605.188137820862,596.6377919363653,582.8787658793424,0,0,0,0,0,3,0.375,8,0.986721495486657,1,0,0,0,0,0,0,0
1751549400,615.62862057,619.41664791,615.60883975,618.48694929,607.8479001146897,598.6240789685139,584.2751652287799,0,0,0,0,0,4,0.5,8,0.9756689588839752,1,0,0,0,0,0,0,0
1751895000,616.52864795,617.19130548,611.09881242,613.87801786,609.0539236637517,600.0108006859217,585.4360614103964,0,0,0,0,0,-4,0.5,8,0.9987459315945835,1,0,0,0,0,0,0,0
1751981400,614.54067538,615.2923466,612.7307302,613.54174389,609.9514877090013,601.240886431747,586.5382450370475,0,0,0,0,0,1,0.125,8,0.9577375912367068,1,0,0,0,0,0,0,0
1752067800,615.94511372,617.87374382,614.10599183,617.22097671,611.405385509201,602.6936219115881,587.7414894163791,0,0,0,0,1,6,0.75,8,0.93415905353012,1,1,0,0,0,0,0,0
1752154200,617.35944246,620.00028105,616.18248358,618.96168901,612.9166462093608,604.1725371023529,588.96581096907,0,0,0,0,0,4,0.5,8,0.909051539902251,1,0,0,0,0,0,0,0
1752240600,615.91544248,618.01220957,614.71870278,616.78579863,613.6904766934887,605.3191972412299,590.0567908773418,0,0,0,0,0,-1,0.125,8,0.8962342281023978,1,0,0,0,0,0,0,0
1752499800,616.33083974,618.30704272,614.98564496,617.96275752,614.544932858791,606.4686118120271,591.1511425103872,0,0,0,0,0,3,0.375,8,0.8690235730603775,1,0,0,0,0,0,0,0
1752586200,620.64305885,620.97933282,615.24289455,615.32201784,614.7003498550328,607.2734669054792,592.0990199742936,0,0,0,0,0,-2,0.25,8,0.877004032524787,1,0,0,1,0,0,0,0
1752672600,616.90448356,617.88363423,611.27683982,617.37922328,615.2361245400263,608.1921720304356,593.090400496086,0,0,0,0,0,3,0.375,8,0.8880855597645374,1,0,0,0,0,0,0,0
1752759000,617.55725068,621.5181624,617.33966164,621.15736021,616.420371674021,609.370825501305,594.1910655829062,0,0,0,0,1,5,0.625,8,0.8676847227414775,1,1,0,0,0,0,0,0
1752845400,622.40355197,622.57168896,619.5946753,620.70240131,617.2767776012168,610.400968756641,595.2307258074981,0,0,0,0,0,1,0.125,8,0.8405563859046209,1,0,0,0,0,0,0,0
1753104600,621.8793602,624.61900399,621.45407253,621.8793602,618.1972941209734,611.4444588878554,596.2757702934786,0,0,0,0,0,2,0.25,8,0.8240252393819394,1,0,0,0,0,0,0,0
1753191000,622.20574376,622.82883964,619.32763421,621.9683739,618.9515100767787,612.401178434414,597.2833233760872,0,0,0,0,0,3,0.375,8,0.8052655993645612,1,0,0,0,0,0,0,0
1753277400,624.6288944,627.25974368,622.82883964,627.25974368,620.613156797423,613.7519570931036,598.4588692703583,0,0,0,0,1,5,0.625,8,0.8016938083307004,1,1,0,0,0,0,0,0
1753363800,627.6454697,629.17848337,627.04215464,627.4674423,621.9840138979384,614.9988193846395,599.5964603695598,0,0,0,0,0,1,0.125,8,0.7685027260034699,1,0,0,0,0,0,0,0
1753450200,628.13009983,630.59271321,627.88283956,630.1180724,623.6108255983507,616.3732969314905,600.7933863315379,0,0,0,0,0,1,0.125,8,0.746035102420329,1,0,0,0,0,0,0,0
1753709400,630.49390801,631.04777102,628.57516831,629.95982583,624.8806256446805,617.6084359222641,601.937168272654,0,0,0,0,0,2,0.25,8,0.7209567316977411,1,0,0,0,0,0,0,0
1753795800,631.35437375,631.6708669,627.38337381,628.29823681,625.5641478777444,618.5802360029674,602.9709356662754,0,0,0,0,0,0,0,8,0.7199729637791767,1,0,0,0,0,0,0,0
1753882200,628.95100392,630.69171623,624.61900399,627.50700395,625.9527190921955,619.3917603617886,603.9331344224998,0,0,0,0,0,-2,0.25,8,0.7385144538141063,1,0,0,0,0,0,0,0
1753968600,632.44726414,632.83793537,623.85249715,625.15308618,625.7927925097564,619.9155172543532,604.7652893933822,0,0,0,0,0,-2,0.25,8,0.7910111338865198,1,0,0,1,0,0,0,0
1754055000,619.43642873,619.47599037,612.50325076,614.90662058,623.6155581238052,619.4601630112302,605.1629886556025,0,0,0,0,0,-2,0.25,8,0.8936923980097171,1,0,0,1,0,0,0,0
1754314200,618.81333285,624.29756564,618.72431915,624.25305879,623.7430582570441,619.8958808093001,605.9116188569513,0,0,0,0,0,5,0.625,8,0.9248859476434652,1,0,0,1,0,1,0,0
1754400600,624.86626426,625.67253055,620.16831913,621.08812733,623.2120720716354,620.0042668566365,606.5067760519729,0,0,0,0,0,1,0.125,8,0.926500518264472,1,0,0,1,0,0,0,0
1754487000,622.1562917,626.49818205,621.24637391,625.84541493,623.7387406433082,620.5352803178514,607.2651540471896,0,0,0,0,0,3,0.375,8,0.9155279533897399,1,0,0,1,0,0,0,0
1754573400,629.26749707,629.99938747,622.21563417,625.32122316,624.0552371466466,620.970366030774,607.9732351888684,0,0,0,0,0,4,0.5,8,0.9397572296323085,1,0,0,1,0,0,0,0
1754659800,627.11138751,630.65709979,626.79489437,630.19719569,625.2836288553173,621.8091687270672,608.8447630516579,0,0,0,0,0,3,0.375,8,0.9263585093329437,1,0,0,1,0,0,0,0
1754919000,630.47412719,631.9477984,627.70481216,628.95100392,626.0171038682538,622.4584264718793,609.6332430857105,0,0,0,0,0,3,0.375,8,0.9100810631241796,1,0,0,1,0,0,0,0
1755005400,631.29503129,635.80505861,629.81146966,635.64681204,627.943045502603,623.6573706144358,610.6533830447023,0,0,0,0,0,3,0.375,8,0.9131934020343032,1,0,0,0,0,0,0,0
1755091800,637.84248324,639.10845582,635.63692163,637.82270242,629.9189768860824,624.9451280513052,611.7188465496159,0,0,0,0,1,6,0.75,8,0.8839495858532991,1,1,0,0,0,0,0,0
1755178200,635.74571615,638.54470241,635.30064766,637.88204488,631.5115904848659,626.1212113993683,612.7448543272781,0,0,0,0,0,1,0.125,8,0.8570601519636025,1,0,0,0,0,0,0,0
1755264600,638.91064761,639.00955171,635.47402656,636.38859285,632.4869909578928,627.0546097130622,613.6720597595416,0,0,0,0,0,-4,0.5,8,0.8373921294741626,1,0,0,0,0,0,0,0
1755523800,635.81494902,636.94245586,635.14240109,636.2501271,633.2396181863143,627.8905658391475,614.5574741650498,0,0,0,0,0,2,0.25,8,0.797955929647339,1,0,0,0,0,0,0,0
1755610200,636.0720997,637.04630517,631.48294909,632.79837373,633.1513692950514,628.3367301928613,615.2728035597537,0,0,0,0,0,-2,0.25,8,0.8077984808262852,1,0,0,1,0,0,0,0
1755696600,632.39286688,632.65001757,626.01355192,631.11700389,632.7444962140411,628.5894823471466,615.8941447491751,0,0,0,0,0,-1,0.125,8,0.8288862083811653,1,0,0,1,0,0,0,0
1755783000,629.30705871,630.97853814,626.86412724,628.58505872,631.9126087152329,628.5890801992242,616.3918276499918,0,0,0,0,0,-1,0.125,8,0.8211074232686373,0,0,0,1,0,0,0,0
1755869400,630.77083951,639.41505856,630.26642856,638.23809967,633.1777069061862,629.4662637874766,617.248544199796,0,0,0,0,0,3,0.375,8,0.8721293086107917,1,0,0,0,0,0,0,0
1756128600,636.9820175,638.21831885,635.31053807,635.429223,633.628010124949,630.0083509886151,617.9615119958825,0,0,0,0,0,1,0.125,8,0.84632288933993,1,0,0,1,0,0,0,0
1756215000,635.16218191,638.43590789,634.53908603,638.08974351,634.5203568019592,630.7430230360137,618.7508544082008,0,0,0,0,0,2,0.25,8,0.8262160734794768,1,0,0,1,0,0,0,0
1756301400,637.50620927,640.2755243,637.35785311,639.5436339,635.5250122215674,631.5430785691034,619.5662575255262,0,0,0,0,0,3,0.375,8,0.7980430745103033,1,0,0,0,0,0,0,0
1756387800,640.14694896,642.36240098,638.2677709,641.80853797,636.7817173712539,632.4763021510031,620.4385038174664,0,0,0,0,0,4,0.5,8,0.7839951340289074,1,0,0,0,0,0,0,0
1756474200,640.3744284,640.7403736,636.09188053,637.98094899,637.0215636950031,632.9767245909119,621.1264428438403,0,0,0,0,0,-1,0.125,8,0.7963670136643644,1,0,0,1,0,0,0,0
1756819800,630.51368883,633.47092166,627.96196284,633.25333263,636.2679174820025,633.0018707762836,621.6020071491799,0,0,0,0,0,-3,0.375,8,0.858014704567975,1,0,0,1,0,0,0,0
1756906200,635.62703122,637.15015448,633.44125043,636.68530517,636.351395019602,633.3367284484397,622.1935090323493,0,0,0,0,0,3,0.375,8,0.8361510162703142,1,0,0,1,0,0,0,0
1756992600,637.35785311,642.03601742,636.45782573,642.00634619,637.4823852536816,634.1248755158542,622.9704830385317,0,0,0,0,1,6,0.75,8,0.8320528580765618,1,1,0,1,0,0,0,0
1757079000,644.34048314,645.06248313,636.27979833,640.14694896,638.0152979949453,634.6723367380494,623.6440699374128,0,0,0,0,0,4,0.5,8,0.8728632309645842,1,0,0,1,0,0,0,0
1757338200,641.51182565,642.71845577,640.13705855,641.71952427,638.7561432499563,635.3129901500448,624.3529112837888,0,0,0,0,0,4,0.5,8,0.837262673802004,1,0,0,1,0,0,0,0
1757424600,641.85799003,643.72727767,640.12716813,643.2030859,639.645531779965,636.0302715818589,625.0921338177578,0,0,0,0,0,1,0.125,8,0.8156446758845932,1,0,0,1,0,0,0,0
1757511000,646.45703105,647.37683925,643.49979822,645.06248313,640.7289220499721,636.851381722599,625.875284771179,0,0,0,0,0,1,0.125,8,0.8014176662979173,1,0,0,0,0,0,0,0
1757597400,647.01089406,651.11541454,646.42735982,650.42308578,642.6677547959777,638.0851730005445,626.8379436342701,0,0,0,0,1,6,0.75,8,0.8045127426797141,1,1,0,0,0,0,0,0
1757683800,650.39341455,651.88686658,649.70108579,650.20549675,644.1753031867821,639.1870206141314,627.7543182662595,0,0,0,0,0,2,0.25,8,0.7713095214243254,1,0,0,0,0,0,0,0
1757943000,652.41105835,653.79571587,652.11434603,653.66714053,646.0736706554256,640.5033951519376,628.7705073746415,0,0,0,0,1,5,0.625,8,0.7516547208740055,1,1,0,0,0,0,0,0
1758029400,654.22100353,654.52760627,651.98577069,652.76711314,647.4123591523405,641.6182786053979,629.7115507379889,0,0,0,0,0,0,0,8,0.7267412966260198,1,0,0,0,0,0,0,0
1758115800,652.77700355,654.4682638,647.12957898,651.95609946,648.3211072138724,642.5580805012709,630.5838859819893,0,0,0,0,0,1,0.125,8,0.7560735985019712,1,0,0,0,0,0,0,0
1758202200,654.63640079,657.60352403,653.03415424,655.00234599,649.6573549690979,643.6893773638826,631.5414726489701,0,0,0,0,0,4,0.5,8,0.7603888557565194,1,0,0,0,0,0,0,0
1758288600,656.8878409,659.08959985,654.94394561,658.24658403,651.3752007812783,645.0127597880751,632.5887319188143,0,0,0,0,0,-1,0.125,8,0.7475813003115789,1,0,0,0,0,0,0,0
1758547800,656.75890907,661.80708612,656.72915557,661.36078363,653.3723173510226,646.4989437737046,633.7170476721942,0,0,0,0,0,4,0.5,8,0.7457567693010458,1,0,0,0,0,0,0,0
1758634200,661.24176964,661.85667529,656.54071674,657.76061021,654.2499759228181,647.5227316315496,634.6599324775983,0,0,0,0,0,0,0,8,0.754006571113348,1,0,0,0,0,0,0,0
1758720600,659.04992852,659.14910685,654.24969729,655.66794742,654.5335702222544,648.2632057941361,635.4837762008298,0,0,0,0,0,-2,0.25,8,0.7557578358974258,1,0,0,1,0,0,0,0
1758807000,652.53391216,653.98746978,649.02795815,652.64300832,654.1554578418036,648.6613696601237,636.1566872643266,0,0,0,0,0,-3,0.375,8,0.7776992161691985,1,0,0,1,0,0,0,0
1758893400,654.09101196,656.92751223,652.47440516,656.38203141,654.6007725554429,649.3632480010215,636.9498380151373,0,0,0,0,0,2,0.25,8,0.766495054715036,1,0,0,1,0,0,0,0
1759152600,658.90116102,659.81360167,656.42170274,658.22674837,655.3259677183543,650.1690207618377,637.7842266565044,0,0,0,0,1,6,0.75,8,0.7469889579498209,1,1,0,0,0,0,0,0
1759239000,657.48291088,661.1723448,656.17375691,660.70620665,656.4020155046834,651.1269467516706,638.68312783272,0,0,0,0,0,3,0.375,8,0.7450690301214223,1,0,0,0,0,0,0,0
1759325400,657.72093888,663.86999541,657.61184271,662.95755477,657.7131233577467,652.2024565715187,639.6350661439858,0,0,0,0,0,4,0.5,8,0.7569271261403172,1,0,0,0,0,0,0,0
1759411800,664.94112139,665.05517647,661.30127663,663.72122792,658.9147442701974,653.2496176031989,640.5796215077511,0,0,0,0,0,4,0.5,8,0.7424510397584994,1,0,0,0,0,0,0,0
1759498200,664.48490107,667.14783926,662.6699376,663.71131008,659.8740574321579,654.2006805556354,641.4867465498,0,0,0,0,0,2,0.25,8,0.7376202754586129,1,0,0,0,0,0,0,0
1759757400,666.10150786,666.98419501,663.95429699,666.09159003,661.1175639517263,655.2816723260321,642.451642372553,0,0,0,0,0,2,0.25,8,0.7175824021072905,1,0,0,0,0,0,0,0
1759843800,667.01394851,667.460251,662.18396378,663.62204958,661.6184610773811,656.0398884400291,643.2818544199039,0,0,0,0,0,-2,0.25,8,0.7255971299401522,1,0,0,0,0,0,0,0
1759930200,664.74276473,667.67407948,663.91958458,667.579265,662.8106218619049,657.0889226727537,644.2346940504959,0,0,0,0,0,1,0.125,8,0.7131301157199076,1,0,0,0,0,0,0,0
1760016600,667.99581399,668.40244515,663.71131008,665.64528754,663.3775549975239,657.8667740243216,645.0743251677313,0,0,0,0,0,2,0.25,8,0.7144554799628486,1,0,0,0,0,0,0,0
1760103000,666.60731735,668.41236298,647.47581727,647.65433826,660.2329116500191,656.9383707730196,645.1755021517419,0,0,0,0,0,-2,0.25,8,0.9127571261195939,1,0,0,0,0,0,0,0
1760362200,655.22164493,659.66483417,654.34679287,657.59200705,659.7047307300153,656.9977922527452,645.6624239124578,0,0,0,0,0,4,0.5,8,0.9652113814331826,1,0,0,1,0,1,0,0
1760448600,651.77023901,660.35908249,647.80310576,656.78866257,659.1215170980122,656.9787804634047,646.0987469970673,0,0,0,0,0,1,0.125,8,1.0339155803366102,0,0,1,1,1,0,0,0
1760535000,661.34094797,664.72292906,653.51577764,659.7045055,659.2381147784098,657.2265736485498,646.6323061540451,0,0,0,0,0,3,0.375,8,1.0771649021767296,1,0,1,1,1,0,0,0
1760621400,661.34094797,663.21541843,651.71073201,655.2117271,658.4328372427278,657.0434057804998,646.9687540342786,0,0,0,0,0,-2,0.25,8,1.1325025855929396,0,0,1,1,1,0,0,0
1760707800,654.08109412,660.28469874,652.73226882,658.93091452,658.5324526981823,657.2149974840908,647.4378583670521,0,0,0,0,0,-2,0.25,8,1.1275428380018349,1,0,1,1,1,1,0,0
1760967000,661.83683962,666.68666002,661.78725046,665.7841372,659.9827895985459,657.994010185537,648.1573202820696,1,0,1,0,0,5,0.625,8,1.119434191661488,1,1,1,1,1,0,1,0
1761053400,665.92298687,667.460251,664.47597502,665.77421937,661.1410755528367,658.7013019295791,648.8481790698315,0,0,0,0,0,2,0.25,8,1.0715073373274564,1,0,1,1,1,0,0,0
1761139800,666.47838552,666.47838552,657.84987071,662.31289561,661.3754395642694,659.0296286277992,649.3762071694459,0,0,0,0,0,-3,0.375,8,1.0932270232683414,1,0,1,1,1,0,0,0
1761226200,662.63026627,667.18265085,662.31289561,666.24035753,662.3484231574155,659.6851494370902,650.0375463992716,0,0,0,0,0,2,0.25,8,1.061364505159477,1,0,1,1,1,0,0,0
1761312600,670.90173909,672.89522355,670.09839461,671.68524791,664.2157881079324,660.776067480082,650.8864758702806,0,0,0,0,1,6,0.75,8,1.0483329493886075,1,1,1,0,0,0,0,0
1761571800,677.12022046,679.90713156,676.51027372,679.60959657,667.294549800346,662.4882064882564,652.0128727604657,0,0,0,0,1,5,0.625,8,1.048515365752392,1,1,1,0,0,0,0,0
1761658200,681.40472436,683.24448241,679.20296541,681.4146422,670.1185682802768,664.2087915529604,653.165883326722,0,0,0,0,0,2,0.25,8,1.0134070948658724,1,0,1,0,0,0,0,0
1761744600,683.0610025,684.03295014,677.25907012,681.74193069,672.4432407622214,665.8027132926912,654.2865126350858,0,0,0,0,0,0,0,8,1.0115415060558928,1,0,1,0,0,0,0,0
1761831000,678.28060693,680.30384489,674.24404885,674.24404885,672.8034023797771,666.5701074342647,655.069161114102,0,1,0,1,0,-5,0.625,8,1.0291654537955246,1,1,1,1,1,0,1,0
1761917400,679.41123991,679.45091124,673.6588967,676.45572564,673.5338670318217,667.4687999984225,655.9078499190392,0,0,0,0,0,3,0.375,8,1.0136883805519357,1,0,1,1,1,0,0,0
1762180200,680.03606339,680.16499522,674.35314502,677.72520828,674.3721352814574,668.4012007512931,656.7634325998612,0,0,0,0,0,2,0.25,8,1.000772660564518,1,0,1,1,1,0,0,0
1762266600,670.55461493,674.37298068,669.03718647,669.69176345,673.436060915166,668.5185246329937,657.2704259665333,0,0,0,0,0,-3,0.375,8,1.0331018672986634,1,0,1,1,1,0,0,0
1762353000,669.43389979,675.26558566,668.63055531,672.0125364,673.1513560121327,668.8361620663579,657.8485479443162,0,0,0,0,0,-1,0.125,8,1.0265200274481385,1,0,1,1,1,0,0,0
1762439400,670.91165693,671.81417974,663.22533626,664.80227173,671.4815391557062,668.4694447630527,658.1212429947352,0,0,0,0,0,0,0,8,1.0579478921515788,0,0,1,1,1,0,0,0
1762525800,662.42199178,665.56594488,655.77208467,665.45684871,670.2766010665649,668.1955723945933,658.4089138070985,0,0,0,0,0,-1,0.125,8,1.0865388564680076,0,0,1,1,1,0,0,0
1762785000,671.67037116,676.57473964,669.48348896,675.84081999,671.3894448512519,668.8905949032667,659.0925179711339,0,0,0,0,0,4,0.5,8,1.1109304975198682,1,0,1,1,1,0,0,0
1762871400,674.36306285,677.95331844,673.15308721,677.38800195,672.5891562710016,669.6630864529697,659.8099879310895,0,0,0,0,0,2,0.25,8,1.0798391777011564,1,0,1,1,1,0,0,0
1762957800,679.16329408,679.33189724,675.34988725,677.76487961,673.6243009388013,670.3996131036088,660.5141013302624,0,0,0,0,0,1,0.125,8,1.0441160176620323,1,0,1,1,1,0,0,0
1763044200,674.90854367,675.26558566,665.01054622,666.51805685,672.2030521210411,670.0467443532807,660.7495505663305,0,0,0,0,0,-3,0.375,8,1.122580294333802,0,0,1,1,1,0,0,0
1763130600,659.91278,670.10831244,657.81515829,666.40896069,671.0442338348329,669.7160367475279,660.9714882182392,0,0,0,0,0,-1,0.125,8,1.17432993583818,0,0,1,1,1,0,0,0
1763389800,664.1972839,668.17433499,656.72915557,660.20039716,668.8754664998663,668.8509786032072,660.9412493532102,0,0,0,0,0,-3,0.375,8,1.2245318550598294,1,0,1,1,1,0,0,0
1763476200,656.65477182,659.65491634,650.47100287,654.65632845,666.0316388898931,667.5605558620065,660.6947818668098,0,0,0,0,0,-4,0.5,8,1.2528506890433506,1,0,1,0,0,0,0,0
1763562600,655.35057676,661.85667529,653.33229772,657.18537589,664.2623862899145,666.6173576827332,660.5571581030133,0,0,0,0,0,1,0.125,8,1.2515346721521217,0,0,1,1,1,0,0,0
1763649000,667.38090834,670.00913411,646.53362312,647.16836444,660.8435819199316,664.8492673879392,660.0321073711305,0,0,0,0,0,-2,0.25,8,1.4392285694060385,1,0,1,0,0,0,0,0
1763735400,649.66765839,659.08959985,645.50216848,653.61495597,659.3978567299453,663.8279663499447,659.7804543750077,0,0,0,0,0,1,0.125,8,1.471732008613283,0,0,1,1,1,0,0,0
1763994600,657.24488289,664.5543259,656.15392125,663.23525409,660.1653362019562,663.7740834172225,659.9159367167721,0,0,0,0,0,6,0.75,8,1.4645994319144973,0,0,1,1,1,0,0,0
1764081000,663.13607576,670.65379326,659.02017502,669.47357112,662.026983185565,664.2922186629296,660.2907459090555,0,0,0,0,0,6,0.75,8,1.4714358214410537,0,0,1,1,1,0,0,0
1764167400,672.06212557,676.09868365,671.15960275,674.09528136,664.440642820452,665.183406180845,660.8321002404651,1,0,1,0,0,5,0.625,8,1.427166556010681,1,1,1,1,1,0,1,0
1764340200,675.26558566,678.04753785,674.90854367,677.77479744,667.1074737443616,666.3280781134955,661.4965197384861,0,0,0,0,0,4,0.5,8,1.3596832745195733,1,0,1,1,1,0,0,0
1764599400,673.23242988,677.37808412,673.16300504,674.68043351,668.6220656974893,667.0873831495413,662.01353596482,0,0,0,0,0,-2,0.25,8,1.3171788290605557,1,0,1,1,1,0,0,0
1764685800,676.31687597,678.20126427,673.74567774,675.93008048,670.0836686539915,667.8912647250376,662.5592828085526,0,0,0,0,0,0,0,8,1.2679175790204305,1,0,1,1,1,0,0,0
1764772200,674.9779685,679.28230808,674.10519919,678.2706891,671.7210727431932,668.8348487591251,663.1754163886093,0,0,1,0,0,6,0.75,8,1.227809221550419,1,1,1,1,1,0,1,1
1764858600,679.66910357,679.7385284,675.74164165,678.76658076,673.1301743465546,669.7377334864773,663.7868345992521,0,0,0,0,0,4,0.5,8,1.1813360209323636,1,0,1,1,1,0,0,0
1764945000,679.83770673,682.733714,678.95501958,680.05589906,674.5153192892436,670.6757485386157,664.4248371271245,0,0,0,0,0,1,0.125,8,1.1365433016500555,1,0,1,1,1,0,0,0
1765204200,680.94850404,680.99809321,675.96975182,678.01282544,675.214820519395,671.3427555296506,664.9576994139039,0,0,0,0,0,0,0,8,1.1115153032338392,1,0,1,1,1,0,0,0
1765290600,677.53676945,679.75340515,676.98137079,677.42767328,675.6573910715159,671.8959298705914,665.4467179968881,0,0,0,0,0,0,0,8,1.0622414592111922,1,0,1,1,1,0,0,0
1765377000,676.95161729,683.30894832,675.71188815,681.92045169,676.9100031952128,672.8072500359922,666.092746769167,0,0,1,0,0,5,0.625,8,1.059444781929413,1,1,1,1,1,0,1,1
1765463400,679.51041824,683.58664765,676.55986289,683.50730499,678.2294635541703,673.7799823045383,666.7756706209643,0,0,0,0,0,4,0.5,8,1.0549182176510108,1,0,1,1,1,0,0,0
1765549800,682.51552167,683.21968782,673.59383571,676.15819065,677.8152089733362,673.9961830632167,667.1436125828873,0,0,0,0,0,-1,0.125,8,1.0949385042939128,1,0,1,1,1,0,0,0
1765809000,680.10548823,680.12532389,673.66881453,675.13665383,677.279497944669,674.0998622238334,667.4570651808133,0,0,0,0,0,-3,0.375,8,1.0865760256419263,1,0,1,1,1,0,0,0
1765895400,673.64897887,675.48377799,669.43389979,673.29193687,676.4819857297351,674.026414464394,667.6858836784285,0,0,0,0,0,1,0.125,8,1.0759101440597814,0,0,1,1,1,0,0,0
1765981800,674.30355585,674.84407776,665.67999996,665.88331553,674.3622516897881,673.2861327430854,667.6151947314313,0,0,0,0,0,-1,0.125,8,1.1084770153410306,1,0,1,1,1,0,0,0
1766068200,672.03237207,675.14657167,669.35455713,670.91165693,673.6721327378305,673.0702713055322,667.7444677588262,0,0,0,0,0,4,0.5,8,1.1202069024236985,1,0,1,1,1,0,0,0
1766154600,673.01385431,677.49006936,672.89448857,676.99271213,674.3362486162644,673.4268568350293,668.1071440086762,0,0,0,0,0,4,0.5,8,1.1002565730639136,1,0,1,1,1,0,0,0
1766413800,680.32500557,681.73750009,676.98952905,681.21030143,675.7110591790115,674.1344427072994,668.6209933193163,0,0,0,0,0,4,0.5,8,1.065126389369286,1,0,1,1,1,0,0,0
1766500200,680.30511128,684.56248915,680.25537555,684.32375768,677.4335988792092,675.060744068454,669.2367880001275,0,0,0,0,0,4,0.5,8,1.0295030201328286,1,0,1,1,1,0,0,0
1766586600,684.31381054,687.17858817,684.16460337,686.73096667,679.2930724373673,676.1216733958673,669.9228342224754,0,0,0,0,0,3,0.375,8,0.9839653182750256,1,0,0,0,0,0,0,0
1766759400,686.98959243,688.00420117,685.62683362,686.66133665,680.7667252798939,677.0798246007885,670.5792460823784,0,0,0,0,0,1,0.125,8,0.9385048222159573,1,0,0,1,0,0,0,0
1767018600,683.90597761,685.55720361,682.44374736,684.21433909,681.456248041915,677.7284168270804,671.1139556120891,0,0,0,0,0,-2,0.25,8,0.9186149834361002,1,0,0,1,0,0,0,0
1767105000,683.81147974,684.91561278,682.95105173,683.37877895,681.840754223532,678.2420861109822,671.5949290763209,0,0,0,0,0,0,0,8,0.8745766969888106,1,0,0,1,0,0,0,0
1767191400,683.50809183,683.72692901,678.10679233,678.31568236,681.1357398508256,678.2487766790747,671.8584880286221,0,0,0,0,0,-2,0.25,8,0.877350315051661,1,0,0,1,0,0,0,0
1767364200,682.08565015,683.23951892,676.226782,679.55907543,680.8204069666605,678.3678947473406,672.160471848284,0,0,0,0,0,2,0.25,8,0.8869028048770574,1,0,0,1,0,0,0,0
1767623400,682.91126315,685.78598793,682.74713527,684.08502621,681.4733308153284,678.8876339712187,672.6281014310964,0,0,0,0,0,4,0.5,8,0.8831220824655284,1,0,0,1,0,0,0,0
1767709800,684.29391625,688.65573914,684.14470908,688.15340834,682.8093463202628,679.7299770956535,673.2369369961515,0,0,0,0,1,5,0.625,8,0.8626366592483319,1,1,0,1,0,0,0,0
1767796200,688.53139983,690.29204442,685.67656934,685.9351951,683.4345160762102,680.2940878233213,673.7349079021848,0,0,0,0,0,1,0.125,8,0.8516725164100004,1,0,0,1,0,0,0,0
1767882600,685.17921211,686.96472456,683.85624189,685.86556509,683.9207258789681,680.8005857566558,674.2106199487657,0,0,0,0,0,-1,0.125,8,0.8232919381144819,1,0,0,1,0,0,0,0
1767969000,686.97964528,691.63490894,685.53730932,690.40146301,685.2168733051745,681.6733927796871,674.845554970775,0,0,0,0,0,4,0.5,8,0.8225481904122766,1,0,0,0,0,0,0,0
1768228200,687.029381,692.41078621,686.97964528,691.48570177,686.4706389981396,682.5654208697156,675.4981097472152,0,0,0,0,0,3,0.375,8,0.8186993222865593,1,0,0,0,0,0,0,0
1768314600,691.81395754,692.41078621,687.69583969,690.10304868,687.1971209345118,683.2506597615596,676.0708524504616,0,0,0,0,0,2,0.25,8,0.8105456183379492,1,0,0,1,0,0,0,0
1768401000,687.34768963,688.06388404,682.41390592,686.71107238,687.0999112236094,683.5652427268724,676.4881159771102,0,0,0,0,0,1,0.125,8,0.8363461546137793,1,0,0,1,0,0,0,0
1768487400,690.89882024,691.77416896,687.59636824,688.58113556,687.3961560908875,684.0212329844294,676.9623520391842,0,0,0,0,0,4,0.5,8,0.8270190258511491,1,0,0,1,0,0,0,0
1768573800,689.99363008,690.58051161,686.45244662,688.00420117,687.51776510671,684.3833210012995,677.3953657305888,0,0,0,0,0,1,0.125,8,0.8114477649433062,1,0,0,1,0,0,0,0
1768919400,677.88795515,681.15061856,672.99396002,673.99862162,684.813936409368,683.4392574211813,677.2621600791931,0,0,0,0,0,-2,0.25,8,0.9282190710241051,1,0,0,0,0,0,0,0
1769005800,676.05768055,685.09466139,674.54571457,681.77728867,684.2066068614944,683.288169352892,677.4392239454993,0,0,0,0,0,3,0.375,8,0.9683349468900374,1,0,0,1,0,1,0,0
1769092200,686.203768,687.47202894,683.28925465,685.33836643,684.4329587751955,683.4745509053564,677.7489942390091,0,0,0,0,1,5,0.625,8,0.9538487582282725,1,1,0,1,0,0,0,0
1769178600,684.51275343,687.30790105,683.52798612,685.58704504,684.6637760281565,683.6665958266876,678.0563687802245,0,0,0,0,0,3,0.375,8,0.9247768551499388,1,0,0,1,0,0,0,0
1769437800,686.84038526,690.46114588,686.27339802,689.06854564,685.5447299505252,684.1576821733524,678.4882188531568,0,0,0,0,0,4,0.5,8,0.9049074339973397,1,0,0,1,0,0,0,0
1769524200,690.5108816,692.84846058,689.90410578,691.81395754,686.7985754684202,684.853707206684,679.0107968408762,0,0,0,0,1,5,0.625,8,0.8759635907495806,1,1,0,1,0,0,0,0
1769610600,693.36571209,694.15153651,690.27215013,691.74432753,687.7877258807362,685.4801272360763,679.5101509855477,0,0,0,0,0,2,0.25,8,0.8535346502144847,1,0,0,1,0,0,0,0
1769697000,692.70920055,693.37565924,681.21030143,690.37162158,688.304505020589,685.9248085400694,679.9360910088596,0,0,0,0,0,0,0,8,0.9200113892406853,1,0,0,1,0,0,0,0
1769783400,688.13351405,690.54072304,683.48819754,688.31256265,688.3061165464712,686.1418770955177,680.2645800928259,0,0,0,0,0,-2,0.25,8,0.9300383748942341,1,0,0,1,0,0,0,0
1770042600,685.9351951,693.24634636,685.77604079,691.73438038,688.991769313177,686.6502864850161,680.714376182519,0,0,0,0,0,1,0.125,8,0.9364734992477219,1,0,0,1,0,0,0,0
1770129000,692.53015195,693.27618779,680.41452987,685.88545938,688.3705073265415,686.5807567481964,680.9171637588909,0,0,0,0,0,0,0,8,1.0109401091809462,0,0,1,1,1,0,0,0
1770215400,686.70112523,687.79531114,678.15652805,682.56311309,687.2090284792332,686.2155164156331,680.9817107914834,0,0,0,0,0,-4,0.5,8,1.0441668525520211,1,0,1,1,1,0,0,0
1770301800,677.34086219,680.07632695,672.21808274,674.0384102,684.5749048233865,685.1085067596665,680.7094244937781,0,0,0,0,0,-3,0.375,8,1.0914734220060147,1,0,1,0,0,0,0,0
1770388200,677.85811371,688.65076557,677.25133789,686.96969814,685.0538634867092,685.2777059760605,680.9549254210809,0,0,0,0,0,0,0,8,1.1463669149069489,0,0,1,1,1,1,0,0
1770647400,685.77604079,692.19194903,684.70174917,690.28209728,686.0995102453674,685.732650640055,681.3206968665287,0,0,1,0,0,6,0.75,8,1.1368821286129154,1,1,1,1,1,0,1,1
1770733800,691.27681173,692.85840772,688.00420117,688.46176982,686.5719621602939,685.9807523836863,681.6007389431354,0,0,0,0,0,2,0.25,8,1.1088303835750706,1,0,1,1,1,0,0,0
1770820200,692.70920055,693.45523639,685.53730932,688.30261551,686.9180928302351,686.1918308497148,681.8635576320321,0,0,0,0,0,0,0,8,1.1120345421906102,1,0,1,1,1,0,0,0
1770906600,690.57056447,691.67469752,676.77387495,677.66911797,685.0682978581881,685.4170387697408,681.6990698021485,0,0,0,0,0,-2,0.25,8,1.2058659860355614,1,0,1,1,1,0,0,0
1770993000,678.08689804,682.65263739,673.93893875,678.1465809,683.6839544665505,684.7560880543098,681.5597565118682,0,0,0,0,0,1,0.125,8,1.210724937293953,1,0,1,1,1,1,0,0
1771338600,676.54509063,681.31972002,672.2081356,679.24076681,682.7953169352404,684.254695213918,681.4688157392459,0,0,0,0,0,0,0,8,1.2182504458700327,0,0,1,1,1,0,0,0
1771425000,680.40458272,685.50746788,679.22087252,682.66258454,682.7687704561923,684.1099578799254,681.5156302020206,0,0,0,0,0,1,0.125,8,1.1913404079331364,1,0,1,1,1,0,0,0
1771511400,680.22553412,682.55316595,677.94515123,680.86215137,682.3874466389539,683.8147027426595,681.490003581157,0,0,0,0,0,-1,0.125,8,1.1586600788932877,0,0,1,1,1,0,0,0
1771597800,678.71356815,686.41265804,678.12668662,685.78598793,683.067154897163,683.9939104869632,681.6584735556214,0,0,0,0,0,2,0.25,8,1.154477037960526,1,0,1,1,1,0,0,0
1771857000,684.1944448,686.35297517,676.77486967,678.78319816,682.2103635497305,683.5202093663302,681.5457176577539,0,0,0,0,0,-1,0.125,8,1.1838647312215373,0,0,1,1,1,0,0,0
1771943400,678.29578807,684.71169632,676.40583061,683.71698186,682.5116872117844,683.5380977748456,681.6308652735282,0,0,0,0,0,1,0.125,8,1.1781424415591586,1,0,1,1,1,0,0,0
1772029800,686.53202378,690.01352437,686.45244662,689.48632571,683.9066149114275,684.0788457689505,681.9389225455467,0,0,0,0,0,4,0.5,8,1.1500655077262814,1,0,1,1,1,0,0,0
1772116200,689.61563859,689.63553288,680.73283849,685.65667505,684.2566269391419,684.2222847945004,682.0847167614075,0,0,0,0,0,4,0.5,8,1.1666268872211718,1,0,1,1,1,0,0,0
1772202600,679.47949828,683.22957178,678.03716231,682.3641702,683.8781355913136,684.0533652859094,682.0956757197837,0,0,0,0,0,-2,0.25,8,1.1682830522087442,1,0,1,1,1,0,0,0
1772461800,675.11270181,684.98026922,674.43629598,682.75210884,683.6529302410509,683.9350692453722,682.1214181950863,0,0,0,0,0,-1,0.125,8,1.1945274361340714,1,0,1,1,1,0,0,0
1772548200,671.49194119,679.00203534,666.12048312,676.73408638,682.2691614688407,683.2804344394293,681.9101502807692,0,0,0,0,0,-4,0.5,8,1.2946129757608624,1,0,1,1,1,0,0,0
1772634600,678.02721517,683.4583561,676.02783911,681.50871577,682.1170723290726,683.1193691058448,681.8944077509351,0,0,0,0,0,1,0.125,8,1.2715973188845162,1,0,1,1,1,0,0,0
1772721000,678.47483668,681.90660155,672.03903414,677.70890654,681.2354391712581,682.6275088725862,681.7302704485455,0,0,0,0,0,-1,0.125,8,1.2913906533115338,0,0,1,1,1,0,0,0
1772807400,669.85066234,672.53639137,666.21995457,668.82610644,678.7535726250065,681.3728359241693,681.2242248011515,0,0,0,0,0,-5,0.625,8,1.3377730447441472,0,0,1,1,1,0,0,0
1773063000,662.86776685,676.32625345,658.88890902,674.6849746,677.9398530200052,680.764848531063,680.9677836167926,0,0,0,0,0,2,0.25,8,1.4160389054743412,1,0,1,1,1,1,0,0
1773149400,674.13788164,679.74807118,671.19352685,673.60073584,677.0720295840042,680.1135655591481,680.6788797824087,0,0,0,0,0,1,0.125,8,1.4077220668930797,1,0,1,1,1,0,0,0
1773235800,673.99862162,676.48540776,669.78103232,672.75522855,676.2086693772034,679.4446258310437,680.3681483615298,0,0,0,0,0,0,0,8,1.379995815708052,1,0,1,1,1,0,0,0
1773322200,667.61255481,668.09996489,662.35051533,662.53951108,673.4748377177627,677.9077972173125,679.6689861151954,0,0,0,0,1,-5,0.625,8,1.4133565198637121,1,1,1,0,0,0,0,0
1773408600,665.73254448,668.78134429,657.86435313,658.78943758,670.5377576902102,676.1697645230113,678.8501802902857,0,0,0,0,1,-5,0.625,8,1.4382395246268014,1,1,1,0,0,0,0,0
1773667800,664.84724862,668.51774496,663.5939084,665.49381301,669.5289687541682,675.1992234763738,678.3264011812549,0,0,0,0,0,3,0.375,8,1.4264693993422284,1,0,1,1,1,0,0,0
1773754200,668.83605359,670.87521823,666.1602717,667.24451046,669.0720770953345,674.4760677476125,677.8918172314018,1,0,1,0,0,5,0.625,8,1.3787113158601187,1,1,1,1,1,0,1,0
1773840600,664.82735433,666.18016599,657.69525167,657.93398314,666.8444583042676,672.9722418741932,677.1091570709547,0,0,0,0,0,-2,0.25,8,1.4020201821318774,1,0,1,0,0,0,0,0
1773927000,653.49755667,659.47579055,651.70707064,656.31259858,664.7380863594141,671.4577288474484,676.2936057575839,0,0,0,0,0,-4,0.5,8,1.3896415275250489,1,0,1,0,0,0,0,0
1774013400,654.82343238,655.00296996,643.06372077,646.90383016,661.1712351195313,669.2255562394985,675.1410655380708,0,0,0,0,0,-2,0.25,8,1.455438010232769,1,0,1,0,0,0,0,0
1774272600,656.37942475,660.91274869,652.26003468,653.69633533,659.676255161625,667.8138088840896,674.3000957259896,0,0,0,0,0,1,0.125,8,1.4905087335887284,1,0,1,1,1,0,0,0
1774359000,649.64676543,655.3420965,648.21046478,651.50198711,658.0414015513,666.330915995536,673.4060522508528,0,0,0,0,0,-1,0.125,8,1.466894378213925,1,0,1,0,0,0,0,0
1774445400,656.97788336,659.1921802,652.55926398,655.13263599,657.45964843904,665.3128905404873,672.6894476916036,0,0,0,0,0,3,0.375,8,1.438413101841669,1,0,1,1,1,0,0,0
1774531800,650.38486438,653.1676969,643.16346387,643.43277024,654.654272799232,663.3237886949885,671.542127007227,0,0,0,0,1,-5,0.625,8,1.4928282893221985,1,1,1,0,0,0,0,0
1774618200,640.84942393,641.00901289,631.47855959,632.46102913,650.2156240653856,660.5180832799896,670.0095349336102,0,0,0,0,1,-6,0.75,8,1.5452529062549587,1,1,1,0,0,0,0,0
1774877400,638.46556381,638.72489587,627.66338597,630.34647539,646.2417943303085,657.775209835445,668.4541208338608,0,0,0,0,1,-5,0.625,8,1.5650361340771974,1,1,1,0,0,0,0,0
1774963800,637.29856953,649.86620026,636.34103576,648.66928304,646.7272920722468,656.9473983085863,667.6782448419447,0,0,0,0,0,3,0.375,8,1.6271408048098845,1,0,1,1,1,0,0,0
1775050200,652.22013744,656.82826871,651.32244953,653.55669499,648.0931726557974,656.6391525523512,667.124458573241,1,0,1,0,0,5,0.625,8,1.5887888149821123,1,1,1,1,1,0,1,0
1775136600,644.75935348,656.50909078,643.45271886,654.14517929,649.3035739826379,656.4124277103193,666.6154672288002,0,0,0,0,0,2,0.25,8,1.6165441153627491,1,0,1,1,1,0,0,0
1775482200,654.17510222,658.02518592,653.83597568,657.23721542,650.8903022701103,656.4874084111993,666.2476926480629,0,0,0,0,0,4,0.5,8,1.5395430745015992,0,0,1,1,1,0,0,0
1775568600,654.96307272,657.91546851,649.38743337,657.52647041,652.2175358980883,656.5818685929084,665.9056839328447,0,0,0,0,0,0,0,8,1.5215887754326096,0,0,1,1,1,0,0,0
1775655000,674.65236085,675.34058825,669.73502597,674.27333707,656.6286961324706,658.1901839090077,666.2338271931253,0,0,0,0,0,4,0.5,8,1.5665240352665784,0,0,1,0,0,0,0,0
1775741400,673.10634279,679.41010677,672.03909161,678.16331801,660.9356205079765,660.0059233727343,666.7016503624145,0,0,0,0,1,5,0.625,8,1.5239219549683019,1,1,1,0,0,0,0,0
1775827800,679.56969573,680.27787175,676.70706873,677.71447405,664.2913912163813,661.6157916161221,667.1335258011434,0,0,0,0,0,2,0.25,8,1.4536425032657545,0,0,1,0,0,0,0,0
1776087000,675.66974048,684.53690216,674.84187275,684.33741596,668.300596165105,663.681393829202,667.8081881603142,0,0,0,0,0,2,0.25,8,1.4379406539766713,0,0,1,0,0,0,0,0
1776173400,685.92333127,692.79563093,685.89340834,692.6759392,673.175664772084,666.3172615901836,668.7833940834391,0,0,0,0,0,6,0.75,8,1.4063778306276535,0,0,1,0,0,0,0,0
1776259800,693.47388401,698.48098768,692.41660714,698.14186114,678.1689040456672,669.2104070038033,669.9347065170298,0,0,0,0,0,4,0.5,8,1.3577440236891618,0,0,1,0,0,0,0,0
1776346200,699.25898387,700.97456521,696.73548342,699.85744248,682.5066117325338,671.996501138003,671.1081471430286,0,0,0,0,0,1,0.125,8,1.3009365112662201,1,0,1,0,0,0,0,0
1776432600,704.3259334,710.55987721,703.94690962,708.31565744,687.668420874027,675.2982426200027,672.5672651938903,0,0,0,0,1,5,0.625,8,1.3015136312947413,1,1,1,0,0,0,0,0
1776691800,706.95915127,708.08624831,704.3259334,706.89930541,691.5145977812216,678.1710665100024,673.9136197121691,0,0,0,0,0,0,0,8,1.251283961788908,1,0,1,0,0,0,0,0
1776778200,708.45529778,709.44774164,700.83492487,702.27122552,693.6659233289773,680.3619900563658,675.0256826850252,0,0,0,0,0,-4,0.5,8,1.2571653385686574,1,0,1,0,0,0,0,0
1776864600,707.32820074,709.62229206,706.4005899,709.38290862,696.8093203871819,683.0002553803325,676.3730248785537,0,0,0,0,0,2,0.25,8,1.2296834800837046,1,0,1,0,0,0,0,0
1776951000,707.6773016,710.5297548,700.47614893,706.62999903,698.7734561157455,685.1484138939387,677.5595728844927,0,0,0,0,0,-1,0.125,8,1.247922672517587,1,0,1,0,0,0,0,0
1777037400,708.92409036,712.63453371,707.1885604,712.10589528,701.4399439485964,687.5990940199442,678.914330625493,0,0,0,0,0,3,0.375,8,1.2101037527545995,1,0,1,0,0,0,0,0
1777296600,711.3378734,713.79155369,710.46512127,713.33273542,703.8185022428771,689.9385159654039,680.2640719899834,0,0,0,0,0,2,0.25,8,1.1550439707985005,1,0,1,0,0,0,0,0
1777383000,709.98635438,711.04861841,707.42794384,709.86167551,705.0271368963017,691.7497122876399,681.4247623241017,0,0,0,0,0,-2,0.25,8,1.137201224826284,1,0,1,0,0,0,0,0
1777469400,709.17344811,710.37036532,706.55020455,709.7519581,705.9721011370414,693.3862800887636,682.535632746686,0,0,0,0,0,0,0,8,1.0945814361007393,1,0,1,0,0,0,0,0
1777555800,712.79412268,717.94086669,708.6198739,716.81376965,708.1404348396331,695.5160518670577,683.8798734095611,0,0,0,0,0,2,0.25,8,1.0992650367221326,1,0,1,0,0,0,0,0
1777642200,719.39711596,723.00781622,718.61911977,718.79865736,710.2720793437065,697.6326523664161,685.249237486049,0,0,0,0,1,5,0.625,8,1.0794789967950162,1,1,1,0,0,0,0,0
1777901400,718.22014737,720.26488094,713.15319784,716.16543949,711.4507513729652,699.3174511958329,686.4616375646353,0,0,0,0,0,-2,0.25,8,1.0769890796830022,1,0,1,0,0,0,0,0
1777987800,719.91578009,723.17737949,719.63629992,721.91064211,713.5427295203722,701.3713776425753,687.8517946056301,0,0,0,0,0,4,0.5,8,1.061481259661786,1,0,1,0,0,0,0,0
1778074200,726.28936424,732.70284564,725.9502377,731.94479807,717.2231432302978,704.1507794996139,689.5809319963897,0,0,0,0,1,6,0.75,8,1.077467123288277,1,1,1,0,0,0,0,0
1778160600,733.1616639,734.23888939,727.87527955,729.7005783,719.7186302442382,706.4734884814671,691.1542514592765,0,0,0,0,0,0,0,8,1.065874065882292,1,0,1,0,0,0,0,0
1778247000,733.04197218,736.18387986,732.68289702,735.7250616,722.9199165153906,709.1327224013338,692.9021263667559,0,0,0,0,1,5,0.625,8,1.0445794716247163,1,1,1,0,0,0,0,0
1778506200,734.55806731,738.8869179,734.55806731,737.40074569,725.8160823503125,711.7025427003034,694.647170261785,0,0,0,0,0,3,0.375,8,1.0096940376933448,1,0,1,0,0,0,0,0
1778592600,734.99693696,736.94192743,729.94993605,736.28362296,727.90959047225,713.9371863602759,696.2799723283817,0,0,0,0,0,-4,0.5,8,1.01127758486914,1,0,1,0,0,0,0,0
1778679000,736.57287795,741.99890265,733.58058492,740.40301303,730.4082749838,716.343170602978,698.0102876500139,0,0,0,0,0,2,0.25,8,1.0150325662329185,1,0,1,0,0,0,0,0
1778765400,741.73957059,747.60446493,741.6498018,746.24795875,733.57621173704,719.0617877072527,699.901961026484,0,0,0,0,0,4,0.5,8,1.004078018545212,1,0,1,0,0,0,0,0
1778851800,739.88434891,741.55005869,736.06418814,737.27107966,734.315185321632,720.7171778847752,701.3674166591709,0,0,0,0,0,-2,0.25,8,1.042373169959617,1,0,1,0,0,0,0,0
1779111000,737.92938413,739.51031228,731.50592842,736.75241554,734.8026313653056,722.1749267625229,702.7550636741054,0,0,0,0,0,-4,0.5,8,1.0462023081596135,1,0,1,0,0,0,0,0
1779197400,732.89235753,735.75498453,729.65070675,731.84505497,734.2111160862445,723.054029326839,703.8958476464934,0,0,0,0,0,-1,0.125,8,1.04730091001507,1,0,1,1,1,0,0,0
1779283800,733.81996837,739.96414339,732.00464393,739.34573616,735.2380401009956,724.5350935843991,705.2860393529054,0,0,0,0,0,3,0.375,8,1.0410666593209033,1,0,1,0,0,0,0,0
1779370200,736.74244123,742.95643642,735.1365773,740.81195975,736.3528240307965,726.0148086903628,706.679212701811,0,0,0,0,0,3,0.375,8,1.0401899769925476,1,0,1,0,0,0,0,0
1779456600,744.3229169,747.01598063,742.56743832,743.7244583,737.8271508846371,727.6247768366934,708.1319674311518,0,0,0,0,1,6,0.75,8,1.021692649078119,1,1,1,0,0,0,0,0
1779802200,748.08323181,750.19778555,746.44744495,748.6617418,739.9940690677097,729.537228196994,709.7213703475772,0,0,0,0,1,6,0.75,8,1.0042189466820197,1,1,1,0,0,0,0,0
1779888600,748.95099679,749.44971229,746.2978303,748.53207576,741.7016704061678,731.2640325209036,711.2433587951232,0,0,0,0,0,1,0.125,8,0.962727345268821,1,0,0,0,0,0,0,0
1779975000,748.32261525,753.2100272,747.30523562,752.66144015,743.8936243549342,733.2092513962759,712.8675972796282,0,0,0,0,1,6,0.75,8,0.9450937796623702,1,1,0,0,0,0,0,0
1780061400,753.95810046,756.13250006,752.75120894,754.53661044,746.0222215719474,735.1481022184327,714.5016762270938,0,0,0,0,0,3,0.375,8,0.9082650621828494,1,0,0,0,0,0,0,0
1780320600,753.41948771,758.32684828,752.75120894,756.59131833,748.136040923558,737.0974855013025,716.1522504272077,0,0,0,0,0,1,0.125,8,0.8937372738997685,1,0,0,0,0,0,0,0
1780407000,755.0851975,758.44654,754.80591682,757.61867227,750.0325671928464,738.9630479348205,717.7783846171211,0,0,0,0,0,2,0.25,8,0.863097460407196,1,0,0,0,0,0,0,0
1780493400,756.20232023,756.85065039,751.63408621,752.30236498,750.4865267502771,740.1757131207459,719.1322661999791,0,0,0,0,0,-2,0.25,8,0.8639328703725324,1,0,0,0,0,0,0,0
1780579800,750.16786262,756.36190919,749.53948108,755.14504336,751.4182300722217,741.5365613243144,720.5445319709603,0,0,0,0,0,0,0,8,0.8637362859380209,1,0,0,0,0,0,0,0
1780666200,750.37732313,750.88601295,733.63544363,735.65524143,748.2656323437774,741.0018958793768,721.1371088124913,0,0,0,0,0,-2,0.25,8,1.0321372266509892,1,0,1,1,1,0,0,0
1780925400,741.45031559,743.42522899,736.29359727,737.32095121,746.0766961170219,740.667264545797,721.7717692986681,0,0,0,0,0,1,0.125,8,1.0315203427757864,0,0,1,1,1,1,0,0
1781011800,741.71962197,744.98122137,720.73367352,735.15652592,743.8926620776175,740.1662883070882,722.2966617151909,0,0,0,0,0,0,0,8,1.1962520550936968,1,0,1,1,1,0,0,0
1781098200,731.50592842,736.48310916,723.46663448,723.56637758,739.827405178094,738.6572055137165,722.346454494203,0,0,0,0,1,-5,0.625,8,1.2570936748555503,1,1,1,0,0,0,0,0
1781184600,726.88782285,738.0989474,722.5440108,735.86470194,739.0348645304751,738.4033415524696,722.8765818450186,0,0,0,0,0,3,0.375,8,1.2987803853117699,1,0,1,1,1,0,0,0
1781271000,738.80712342,742.52754108,733.14171528,739.84445167,739.1967819583801,738.5343515631541,723.5419885048218,1,0,1,0,0,6,0.75,8,1.2901388436095382,1,1,1,1,1,0,1,0
1781530200,749.91850487,754.73609665,749.82873608,752.89084928,741.9355954227041,739.839487719231,724.6929242214954,1,0,1,0,0,6,0.75,8,1.3185075101391452,1,1,1,1,1,0,1,0
1781616600,752.6115686,753.49928219,747.95356578,748.40240973,743.2289582841632,740.6179351747554,725.622707966927,0,0,0,0,0,0,0,8,1.2846002339871012,1,0,1,1,1,0,0,0
1781703000,749.3599435,750.21773417,737.32095121,739.05648117,742.3944628613306,740.4759848106868,726.1495226023417,0,0,0,0,0,-2,0.25,8,1.3325727257674878,0,0,1,1,1,0,0,0
1781789400,747.76,748.23,743.86,746.74,743.2635702890644,741.045440736988,726.9569923042106,0,0,0,0,0,1,0.125,8,1.3124052077711938,1,0,1,1,1,0,0,0
1782135000,747.7,750.18,743.13,744.39,743.4888562312516,741.34949157908,727.6406396648298,0,0,0,0,0,0,0,8,1.290158100982376,1,0,1,1,1,0,0,0
1782221400,733.81,739.63,732.3,733.58,741.5070849850013,740.6431741628,727.873555756405,0,0,0,0,0,-3,0.375,8,1.3333778236547893,1,0,1,1,1,0,0,0
1782307800,735.17,739.945,730.84,733.24,739.853667988001,739.9701583298182,728.0840045502715,0,0,0,0,0,-2,0.25,8,1.327407022296037,1,0,1,1,1,0,0,0
1782394200,738.91,739.37,729.6,734.3,738.7429343904008,739.4546893907439,728.3277690777119,0,0,0,0,0,2,0.25,8,1.3258499859310617,1,0,1,1,1,0,0,0
1782480600,728.945,736.53,716.58,728.99,736.7923475123207,738.5033539915853,728.3537389178016,0,0,0,0,0,-2,0.25,8,1.4355900806692734,0,0,1,1,1,0,0,0
1782739800,736.525,741.56,732.09,741,737.6338780098565,738.7303218105321,728.8496707249466,0,0,0,0,0,2,0.25,8,1.4326104268162922,1,0,1,1,1,0,0,0
1782826200,741.29,748.02,740.89,746.77,739.4611024078852,739.4612016459383,729.552428735733,1,0,1,0,0,5,0.625,8,1.3882010182444147,1,1,1,1,1,0,1,0
1782912600,745,749.435,742.375,745.76,740.7208819263082,740.0338196781257,730.1880197657042,0,0,0,0,0,-1,0.125,8,1.3584099602253266,1,0,1,1,1,0,0,0
1782999000,747.4,751.31,740.03,744.78,741.5327055410465,740.4652906164779,730.7602542846962,0,0,0,0,0,0,0,8,1.3712219481102101,1,0,1,1,1,0,0,0
1783344600,748.74,752.41,747.41,751.28,743.4821644328372,741.4484460149799,731.5649501951003,0,0,0,0,0,4,0.5,8,1.3348041126644612,1,0,1,1,1,0,0,0
1783431000,750.22,750.96,745.21,747.71,744.3277315462698,742.0176781954364,732.1980894031356,0,0,0,0,0,-2,0.25,8,1.3033654414252687,1,0,1,1,1,0,0,0
1783517400,743.16,746.15,739.51,745.4,744.5421852370158,742.3251619958512,732.7158113873263,0,0,0,0,0,-2,0.25,8,1.2925957170364086,1,0,1,1,1,0,0,0
1783603800,747.35,751.97,745.59,751.71,745.9757481896127,743.1783290871375,733.4606815289998,0,0,1,0,0,5,0.625,8,1.2526212632556066,1,1,1,1,1,0,1,1
1783690200,752.05,755.42,748.1,754.95,747.7705985516901,744.2484809883068,734.3033999004116,0,0,0,0,0,4,0.5,8,1.2274136496668966,1,0,1,1,1,0,0,0
1783949400,752.47,753.9105,748,749.17,748.0504788413521,744.6958918075517,734.8864038258856,0,0,0,0,0,-2,0.25,8,1.2147983914206306,1,0,1,1,1,0,0,0
1784035800,750.91,753.34,748.66,751.83,748.8063830730816,745.3444470977743,735.5508585778117,0,0,0,0,0,1,0.125,8,1.168499018747373,1,0,1,1,1,0,0,0
1784122200,754.24,755.58,750.2,754.81,750.0071064584653,746.2049519070675,736.3061190257407,0,0,1,0,0,7,0.875,8,1.131662653462734,1,1,1,1,1,0,1,1
1784208600,752.76,754.57,747.88,750.72,750.1496851667722,746.6154108246069,736.8713692600254,0,0,0,0,0,1,0.125,8,1.12249133564946,1,0,1,1,1,0,0,0
1784295000,742.08,747.29,740.8,743.29,748.7777481334177,746.3131007496427,737.1230802694362,0,0,0,0,0,-2,0.25,8,1.14806151814269,0,0,1,1,1,0,0,0
1784554200,747.06,748.73,741.5103,742.09,747.4401985067342,745.9291824996751,737.3178614353407,0,0,0,0,0,-3,0.375,8,1.1372729526129521,0,0,1,1,1,0,0,0
1784640600,746.29,749.04,744.18,748.28,747.6081588053873,746.1428931815228,737.74774922219,0,0,0,0,0,3,0.375,8,1.1136459146556186,1,0,1,1,1,0,0,0
1784727000,746.62,750.02,746.37,747.41,747.5685270443099,746.2580847104753,738.1266610173982,0,0,0,0,0,1,0.125,8,1.0701858556539612,1,0,1,1,1,0,0,0
1784813400,739.37,742.56,735.21,738.18,745.690821635448,745.5237133731594,738.1287527422061,0,0,0,0,0,-3,0.375,8,1.124220470313691,1,0,1,1,1,0,0,0
1784899800,738.51,743.72,737.29,738.93,744.3386573083584,744.9242848846903,738.160174203296,0,0,0,0,0,-1,0.125,8,1.1050149606371078,1,0,1,1,1,0,0,0
1785159000,744.91,745.53,735.87,739.09,743.2889258466868,744.3938953497185,738.1966379600295,0,0,0,0,0,2,0.25,8,1.119221239557768,1,0,1,1,1,0,0,0
1785245400,739.19,742.7901,735.98,740.86,742.8031406773495,744.0726321361077,738.3010835302244,0,0,0,0,0,-1,0.125,8,1.1024521634395705,1,0,1,1,1,0,0,0