Trade number,Type,Date and time,Signal,Price USD,Size (qty),Size (value),Net PnL USD,Return %,Commission USD,Favorable excursion USD,Favorable excursion %,Adverse excursion USD,Adverse excursion %,Cumulative PnL USD,Cumulative PnL %,Duration (bars)
1,Exit long,1993-03-05,STOP,24.59,1,24.8,-0.21,-0.85,0,0,0.00,-0.21,-0.85,-0.21,0.00,1
1,Entry long,1993-03-04,V0 LONG,24.8,1,24.8,-0.21,-0.85,0,0,0.00,-0.21,-0.85,-0.21,0.00,1
2,Exit long,1993-04-20,STOP,24.53,1,24.75,-0.22,-0.89,0,0.15,0.61,-0.22,-0.89,-0.43,0.00,5
2,Entry long,1993-04-13,V0 LONG,24.75,1,24.75,-0.22,-0.89,0,0.15,0.61,-0.22,-0.89,-0.43,0.00,5
3,Exit long,1993-06-23,STOP,24.7,1,24.9,-0.2,-0.80,0,0.02,0.08,-0.2,-0.80,-0.63,0.00,7
3,Entry long,1993-06-14,V0 LONG,24.9,1,24.9,-0.2,-0.80,0,0.02,0.08,-0.2,-0.80,-0.63,0.00,7
4,Exit long,1993-07-01,STOP,24.94,1,25.12,-0.18,-0.72,0,0,0.00,-0.18,-0.72,-0.81,0.00,2
4,Entry long,1993-06-29,V0 LONG,25.12,1,25.12,-0.18,-0.72,0,0,0.00,-0.18,-0.72,-0.81,0.00,2
5,Exit long,1993-09-14,STOP,25.69,1,25.86,-0.17,-0.66,0,0,0.00,-0.17,-0.66,-0.98,0.00,1
5,Entry long,1993-09-13,V0 LONG,25.86,1,25.86,-0.17,-0.66,0,0,0.00,-0.17,-0.66,-0.98,0.00,1
6,Exit long,1993-10-14,TARGET,26.01,1,25.62,0.39,1.52,0,0.39,1.52,-0.07,-0.27,-0.59,0.00,14
6,Entry long,1993-09-24,V0 LONG,25.62,1,25.62,0.39,1.52,0,0.39,1.52,-0.07,-0.27,-0.59,0.00,14
7,Exit long,1993-12-10,STOP,26.03,1,26.2,-0.17,-0.65,0,0.02,0.08,-0.17,-0.65,-0.76,0.00,3
7,Entry long,1993-12-07,V0 LONG,26.2,1,26.2,-0.17,-0.65,0,0.02,0.08,-0.17,-0.65,-0.76,0.00,3
8,Exit long,1994-06-24,STOP,25.5,1,25.82,-0.32,-1.24,0,0.52,2.01,-0.32,-1.24,-1.08,0.00,24
8,Entry long,1994-05-20,V0 LONG,25.82,1,25.82,-0.32,-1.24,0,0.52,2.01,-0.32,-1.24,-1.08,0.00,24
9,Exit long,1995-07-06,TARGET,32.34,1,31.78,0.56,1.76,0,0.56,1.76,-0.21,-0.66,-0.52,0.00,11
9,Entry long,1995-06-20,V0 LONG,31.78,1,31.78,0.56,1.76,0,0.56,1.76,-0.21,-0.66,-0.52,0.00,11
10,Exit long,1995-09-11,TARGET,33.66,1,33.18,0.48,1.45,0,0.48,1.45,-0.05,-0.15,-0.04,0.00,4
10,Entry long,1995-09-05,V0 LONG,33.18,1,33.18,0.48,1.45,0,0.48,1.45,-0.05,-0.15,-0.04,0.00,4
11,Exit long,1995-11-13,TARGET,35.02,1,34.45,0.57,1.65,0,0.57,1.65,-0.04,-0.12,0.53,0.00,7
11,Entry long,1995-11-02,V0 LONG,34.45,1,34.45,0.57,1.65,0,0.57,1.65,-0.04,-0.12,0.53,0.00,7
12,Exit long,1995-11-28,TARGET,35.8,1,35.28,0.52,1.47,0,0.52,1.47,-0.14,-0.40,1.05,0.00,6
12,Entry long,1995-11-17,V0 LONG,35.28,1,35.28,0.52,1.47,0,0.52,1.47,-0.14,-0.40,1.05,0.00,6
13,Exit long,1996-01-03,TARGET,36.91,1,36.29,0.62,1.71,0,0.62,1.71,-0.12,-0.33,1.67,0.00,5
13,Entry long,1995-12-26,V0 LONG,36.29,1,36.29,0.62,1.71,0,0.62,1.71,-0.12,-0.33,1.67,0.00,5
14,Exit long,1996-07-05,STOP,39.43,1,40.12,-0.69,-1.72,0,0.25,0.62,-0.69,-1.72,0.98,0.00,3
14,Entry long,1996-07-01,V0 LONG,40.12,1,40.12,-0.69,-1.72,0,0.25,0.62,-0.69,-1.72,0.98,0.00,3
15,Exit long,1996-11-25,TARGET,45.26,1,44.43,0.83,1.87,0,0.83,1.87,-0.24,-0.54,1.81,0.00,6
15,Entry long,1996-11-15,V0 LONG,44.43,1,44.43,0.83,1.87,0,0.83,1.87,-0.24,-0.54,1.81,0.00,6
16,Exit long,1999-04-19,STOP,80.68,1,82.14,-1.46,-1.78,0,2.66,3.24,-1.46,-1.78,0.35,0.00,9
16,Entry long,1999-04-06,V0 LONG,82.14,1,82.14,-1.46,-1.78,0,2.66,3.24,-1.46,-1.78,0.35,0.00,9
17,Exit short,1999-06-16,STOP,82.72,1,81.21,-1.51,-1.86,0,0.71,0.87,-1.51,-1.86,-1.16,0.00,2
17,Entry short,1999-06-14,V0 SHORT,81.21,1,81.21,-1.51,-1.86,0,0.71,0.87,-1.51,-1.86,-1.16,0.00,2
18,Exit long,1999-06-30,TARGET,85.57,1,82.9,2.67,3.22,0,2.67,3.22,-0.14,-0.17,1.51,0.00,1
18,Entry long,1999-06-29,V0 LONG,82.9,1,82.9,2.67,3.22,0,2.67,3.22,-0.14,-0.17,1.51,0.00,1
19,Exit long,1999-07-20,STOP,87.34,1,88.62,-1.28,-1.44,0,0.04,0.05,-1.28,-1.44,0.23,0.00,1
19,Entry long,1999-07-19,V0 LONG,88.62,1,88.62,-1.28,-1.44,0,0.04,0.05,-1.28,-1.44,0.23,0.00,1
20,Exit short,1999-08-13,STOP,82.83,1,81.4,-1.43,-1.76,0,2.24,2.75,-1.43,-1.76,-1.2,0.00,4
20,Entry short,1999-08-09,V0 SHORT,81.4,1,81.4,-1.43,-1.76,0,2.24,2.75,-1.43,-1.76,-1.2,0.00,4
21,Exit long,1999-09-15,STOP,82.8,1,84.22,-1.42,-1.69,0,0.22,0.26,-1.42,-1.69,-2.62,0.00,2
21,Entry long,1999-09-13,V0 LONG,84.22,1,84.22,-1.42,-1.69,0,0.22,0.26,-1.42,-1.69,-2.62,0.00,2
22,Exit long,1999-10-13,STOP,80.21,1,81.71,-1.5,-1.84,0,2.12,2.59,-1.5,-1.84,-4.12,0.00,6
22,Entry long,1999-10-05,V0 LONG,81.71,1,81.71,-1.5,-1.84,0,2.12,2.59,-1.5,-1.84,-4.12,0.00,6
23,Exit long,1999-11-16,TARGET,88.62,1,85.32,3.3,3.87,0,3.3,3.87,-1.19,-1.39,-0.82,0.00,11
23,Entry long,1999-11-01,V0 LONG,85.32,1,85.32,3.3,3.87,0,3.3,3.87,-1.19,-1.39,-0.82,0.00,11
24,Exit short,1999-12-03,STOP,89.4,1,87.08,-2.32,-2.66,0,0.2,0.23,-2.32,-2.66,-3.14,0.00,2
24,Entry short,1999-12-01,V0 SHORT,87.08,1,87.08,-2.32,-2.66,0,0.2,0.23,-2.32,-2.66,-3.14,0.00,2
25,Exit short,2000-01-07,STOP,89,1,87.49,-1.51,-1.73,0,1.18,1.35,-1.51,-1.73,-4.65,0.00,1
25,Entry short,2000-01-06,V0 SHORT,87.49,1,87.49,-1.51,-1.73,0,1.18,1.35,-1.51,-1.73,-4.65,0.00,1
26,Exit long,2000-03-23,TARGET,96,1,91.6,4.4,4.80,0,4.4,4.80,-0.83,-0.91,-0.25,0.00,4
26,Entry long,2000-03-17,V0 LONG,91.6,1,91.6,4.4,4.80,0,4.4,4.80,-0.83,-0.91,-0.25,0.00,4
27,Exit short,2000-04-04,TARGET,91.02,1,95.21,4.19,4.40,0,4.19,4.40,-0.9,-0.95,3.94,0.00,4
27,Entry short,2000-03-29,V0 SHORT,95.21,1,95.21,4.19,4.40,0,4.19,4.40,-0.9,-0.95,3.94,0.00,4
28,Exit short,2000-04-14,TARGET,87.9,1,92.64,4.74,5.12,0,4.74,5.12,-0.43,-0.46,8.68,0.01,1
28,Entry short,2000-04-13,V0 SHORT,92.64,1,92.64,4.74,5.12,0,4.74,5.12,-0.43,-0.46,8.68,0.01,1
29,Exit short,2000-05-16,STOP,92.07,1,89.2,-2.87,-3.22,0,2.67,2.99,-2.87,-3.22,5.81,0.01,8
29,Entry short,2000-05-04,V0 SHORT,89.2,1,89.2,-2.87,-3.22,0,2.67,2.99,-2.87,-3.22,5.81,0.01,8
30,Exit short,2000-05-22,TARGET,87.31,1,91.48,4.17,4.56,0,4.17,4.56,-0.43,-0.47,9.98,0.01,2
30,Entry short,2000-05-18,V0 SHORT,91.48,1,91.48,4.17,4.56,0,4.17,4.56,-0.43,-0.47,9.98,0.01,2
31,Exit long,2000-07-12,TARGET,94,1,89.55,4.45,4.97,0,4.45,4.97,-0.29,-0.32,14.43,0.01,29
31,Entry long,2000-05-31,V0 LONG,89.55,1,89.55,4.45,4.97,0,4.45,4.97,-0.29,-0.32,14.43,0.01,29
32,Exit short,2000-07-27,TARGET,91.49,1,94.11,2.62,2.78,0,2.62,2.78,-0.73,-0.78,17.05,0.02,6
32,Entry short,2000-07-19,V0 SHORT,94.11,1,94.11,2.62,2.78,0,2.62,2.78,-0.73,-0.78,17.05,0.02,6
33,Exit short,2000-08-02,STOP,91.38,1,90,-1.38,-1.53,0,0.55,0.61,-1.38,-1.53,15.67,0.02,2
33,Entry short,2000-07-31,V0 SHORT,90,1,90,-1.38,-1.53,0,0.55,0.61,-1.38,-1.53,15.67,0.02,2
34,Exit long,2000-08-28,TARGET,95.56,1,92.87,2.69,2.90,0,2.69,2.90,-1.22,-1.31,18.36,0.02,14
34,Entry long,2000-08-08,V0 LONG,92.87,1,92.87,2.69,2.90,0,2.69,2.90,-1.22,-1.31,18.36,0.02,14
35,Exit long,2000-09-05,STOP,95.39,1,96.49,-1.1,-1.14,0,0.22,0.23,-1.1,-1.14,17.26,0.02,1
35,Entry long,2000-09-01,V0 LONG,96.49,1,96.49,-1.1,-1.14,0,0.22,0.23,-1.1,-1.14,17.26,0.02,1
36,Exit short,2000-09-15,TARGET,92.39,1,94.61,2.22,2.35,0,2.22,2.35,-0.59,-0.62,19.48,0.02,6
36,Entry short,2000-09-07,V0 SHORT,94.61,1,94.61,2.22,2.35,0,2.22,2.35,-0.59,-0.62,19.48,0.02,6
37,Exit short,2000-10-06,TARGET,89.25,1,91.61,2.36,2.58,0,2.36,2.58,-0.76,-0.83,21.84,0.02,13
37,Entry short,2000-09-19,V0 SHORT,91.61,1,91.61,2.36,2.58,0,2.36,2.58,-0.76,-0.83,21.84,0.02,13
38,Exit short,2000-10-11,TARGET,85.45,1,88.43,2.98,3.37,0,2.98,3.37,-0.73,-0.83,24.82,0.02,1
38,Entry short,2000-10-10,V0 SHORT,88.43,1,88.43,2.98,3.37,0,2.98,3.37,-0.73,-0.83,24.82,0.02,1
39,Exit short,2000-10-13,STOP,85.62,1,83.92,-1.7,-2.03,0,0.04,0.05,-1.7,-2.03,23.12,0.02,0
39,Entry short,2000-10-13,V0 SHORT,83.92,1,83.92,-1.7,-2.03,0,0.04,0.05,-1.7,-2.03,23.12,0.02,0
40,Exit short,2000-10-18,STOP,85.52,1,83.72,-1.8,-2.15,0,1.56,1.86,-1.8,-2.15,21.32,0.02,0
40,Entry short,2000-10-18,V0 SHORT,83.72,1,83.72,-1.8,-2.15,0,1.56,1.86,-1.8,-2.15,21.32,0.02,0
41,Exit short,2000-10-20,STOP,88.32,1,86.38,-1.94,-2.25,0,0.25,0.29,-1.94,-2.25,19.38,0.02,1
41,Entry short,2000-10-19,V0 SHORT,86.38,1,86.38,-1.94,-2.25,0,0.25,0.29,-1.94,-2.25,19.38,0.02,1
42,Exit long,2000-10-25,STOP,87.02,1,88.99,-1.97,-2.21,0,0.61,0.69,-1.97,-2.21,17.41,0.02,1
42,Entry long,2000-10-24,V0 LONG,88.99,1,88.99,-1.97,-2.21,0,0.61,0.69,-1.97,-2.21,17.41,0.02,1
43,Exit long,2000-11-09,STOP,87.81,1,89.8,-1.99,-2.22,0,1.29,1.44,-1.99,-2.22,15.42,0.02,6
43,Entry long,2000-11-01,V0 LONG,89.8,1,89.8,-1.99,-2.22,0,1.29,1.44,-1.99,-2.22,15.42,0.02,6
44,Exit short,2000-11-14,STOP,87.41,1,85.61,-1.8,-2.10,0,1.64,1.92,-1.8,-2.10,13.62,0.01,1
44,Entry short,2000-11-13,V0 SHORT,85.61,1,85.61,-1.8,-2.10,0,1.64,1.92,-1.8,-2.10,13.62,0.01,1
45,Exit long,2000-11-17,STOP,86.22,1,88.1,-1.88,-2.13,0,0.2,0.23,-1.88,-2.13,11.74,0.01,1
45,Entry long,2000-11-16,V0 LONG,88.1,1,88.1,-1.88,-2.13,0,0.2,0.23,-1.88,-2.13,11.74,0.01,1
46,Exit short,2000-11-27,STOP,86.2,1,84.35,-1.85,-2.19,0,0,0.00,-1.85,-2.19,9.89,0.01,1
46,Entry short,2000-11-24,V0 SHORT,84.35,1,84.35,-1.85,-2.19,0,0,0.00,-1.85,-2.19,9.89,0.01,1
47,Exit long,2000-12-07,STOP,85.06,1,86.97,-1.91,-2.20,0,0.36,0.41,-1.91,-2.20,7.98,0.01,1
47,Entry long,2000-12-06,V0 LONG,86.97,1,86.97,-1.91,-2.20,0,0.36,0.41,-1.91,-2.20,7.98,0.01,1
48,Exit long,2000-12-14,STOP,85.12,1,87.23,-2.11,-2.42,0,0.77,0.88,-2.11,-2.42,5.87,0.01,2
48,Entry long,2000-12-12,V0 LONG,87.23,1,87.23,-2.11,-2.42,0,0.77,0.88,-2.11,-2.42,5.87,0.01,2
49,Exit short,2000-12-26,STOP,83.5,1,81.44,-2.06,-2.53,0,1.96,2.41,-2.06,-2.53,3.81,0.00,3
49,Entry short,2000-12-20,V0 SHORT,81.44,1,81.44,-2.06,-2.53,0,1.96,2.41,-2.06,-2.53,3.81,0.00,3
50,Exit short,2001-01-03,STOP,85.53,1,83.58,-1.95,-2.33,0,2.81,3.36,-1.95,-2.33,1.86,0.00,1
50,Entry short,2001-01-02,V0 SHORT,83.58,1,83.58,-1.95,-2.33,0,2.81,3.36,-1.95,-2.33,1.86,0.00,1
51,Exit short,2001-01-24,STOP,86.71,1,84.51,-2.2,-2.60,0,3.66,4.33,-2.2,-2.60,-0.34,0.00,12
51,Entry short,2001-01-05,V0 SHORT,84.51,1,84.51,-2.2,-2.60,0,3.66,4.33,-2.2,-2.60,-0.34,0.00,12
52,Exit long,2001-02-07,STOP,84.67,1,86.3,-1.63,-1.89,0,1.52,1.76,-1.63,-1.89,-1.97,0.00,6
52,Entry long,2001-01-30,V0 LONG,86.3,1,86.3,-1.63,-1.89,0,1.52,1.76,-1.63,-1.89,-1.97,0.00,6
53,Exit short,2001-02-13,STOP,84.84,1,83.39,-1.45,-1.74,0,0,0.00,-1.45,-1.74,-3.42,0.00,1
53,Entry short,2001-02-12,V0 SHORT,83.39,1,83.39,-1.45,-1.74,0,0,0.00,-1.45,-1.74,-3.42,0.00,1
54,Exit short,2001-02-22,TARGET,77.99,1,80.98,2.99,3.69,0,2.99,3.69,-0.6,-0.74,-0.43,0.00,1
54,Entry short,2001-02-21,V0 SHORT,80.98,1,80.98,2.99,3.69,0,2.99,3.69,-0.6,-0.74,-0.43,0.00,1
55,Exit long,2001-02-28,STOP,78.61,1,80.29,-1.68,-2.09,0,0.66,0.82,-1.68,-2.09,-2.11,0.00,1
55,Entry long,2001-02-27,V0 LONG,80.29,1,80.29,-1.68,-2.09,0,0.66,0.82,-1.68,-2.09,-2.11,0.00,1
56,Exit long,2001-03-12,STOP,75.85,1,77.57,-1.72,-2.22,0,3.32,4.28,-1.72,-2.22,-3.83,0.00,6
56,Entry long,2001-03-02,V0 LONG,77.57,1,77.57,-1.72,-2.22,0,3.32,4.28,-1.72,-2.22,-3.83,0.00,6
57,Exit short,2001-03-21,TARGET,71.32,1,75,3.68,4.91,0,3.68,4.91,-0.26,-0.35,-0.15,0.00,4
57,Entry short,2001-03-15,V0 SHORT,75,1,75,3.68,4.91,0,3.68,4.91,-0.26,-0.35,-0.15,0.00,4
58,Exit long,2001-03-29,STOP,72.3,1,74.22,-1.92,-2.59,0,0.03,0.04,-1.92,-2.59,-2.07,0.00,1
58,Entry long,2001-03-28,V0 LONG,74.22,1,74.22,-1.92,-2.59,0,0.03,0.04,-1.92,-2.59,-2.07,0.00,1
59,Exit short,2001-04-10,STOP,74.45,1,72.36,-2.09,-2.89,0,2.97,4.10,-2.09,-2.89,-4.16,0.00,5
59,Entry short,2001-04-03,V0 SHORT,72.36,1,72.36,-2.09,-2.89,0,2.97,4.10,-2.09,-2.89,-4.16,0.00,5
60,Exit long,2001-04-18,TARGET,79.21,1,75.1,4.11,5.47,0,4.11,5.47,-0.88,-1.17,-0.05,0.00,2
60,Entry long,2001-04-16,V0 LONG,75.1,1,75.1,4.11,5.47,0,4.11,5.47,-0.88,-1.17,-0.05,0.00,2
61,Exit long,2001-04-24,STOP,77.21,1,79.3,-2.09,-2.64,0,0.32,0.40,-2.09,-2.64,-2.14,0.00,2
61,Entry long,2001-04-20,V0 LONG,79.3,1,79.3,-2.09,-2.64,0,0.32,0.40,-2.09,-2.64,-2.14,0.00,2
62,Exit long,2001-05-03,STOP,79.05,1,80.89,-1.84,-2.27,0,0.18,0.22,-1.84,-2.27,-3.98,0.00,1
62,Entry long,2001-05-02,V0 LONG,80.89,1,80.89,-1.84,-2.27,0,0.18,0.22,-1.84,-2.27,-3.98,0.00,1
63,Exit short,2001-05-17,STOP,82.44,1,80.8,-1.64,-2.03,0,1.82,2.25,-1.64,-2.03,-5.62,-0.01,5
63,Entry short,2001-05-10,V0 SHORT,80.8,1,80.8,-1.64,-2.03,0,1.82,2.25,-1.64,-2.03,-5.62,-0.01,5
64,Exit long,2001-05-23,STOP,82.18,1,83.7,-1.52,-1.82,0,0.16,0.19,-1.52,-1.82,-7.14,-0.01,1
64,Entry long,2001-05-22,V0 LONG,83.7,1,83.7,-1.52,-1.82,0,0.16,0.19,-1.52,-1.82,-7.14,-0.01,1
65,Exit short,2001-06-05,STOP,80.99,1,79.63,-1.36,-1.71,0,0.19,0.24,-1.36,-1.71,-8.5,-0.01,3
65,Entry short,2001-05-31,V0 SHORT,79.63,1,79.63,-1.36,-1.71,0,0.19,0.24,-1.36,-1.71,-8.5,-0.01,3
66,Exit short,2001-07-10,TARGET,75.36,1,77.92,2.56,3.29,0,2.56,3.29,-1.23,-1.58,-5.94,-0.01,14
66,Entry short,2001-06-19,V0 SHORT,77.92,1,77.92,2.56,3.29,0,2.56,3.29,-1.23,-1.58,-5.94,-0.01,14
67,Exit long,2001-07-24,STOP,75.64,1,76.94,-1.3,-1.69,0,1.36,1.77,-1.3,-1.69,-7.24,-0.01,7
67,Entry long,2001-07-13,V0 LONG,76.94,1,76.94,-1.3,-1.69,0,1.36,1.77,-1.3,-1.69,-7.24,-0.01,7
68,Exit long,2001-08-08,STOP,75.61,1,76.93,-1.32,-1.72,0,1.54,2.00,-1.32,-1.72,-8.56,-0.01,8
68,Entry long,2001-07-27,V0 LONG,76.93,1,76.93,-1.32,-1.72,0,1.54,2.00,-1.32,-1.72,-8.56,-0.01,8
69,Exit long,2001-08-17,STOP,74.47,1,75.64,-1.17,-1.55,0,0.99,1.31,-1.17,-1.55,-9.73,-0.01,5
69,Entry long,2001-08-10,V0 LONG,75.64,1,75.64,-1.17,-1.55,0,0.99,1.31,-1.17,-1.55,-9.73,-0.01,5
70,Exit short,2001-08-24,STOP,75.52,1,74.33,-1.19,-1.60,0,0.61,0.82,-1.19,-1.60,-10.92,-0.01,2
70,Entry short,2001-08-22,V0 SHORT,74.33,1,74.33,-1.19,-1.60,0,0.61,0.82,-1.19,-1.60,-10.92,-0.01,2
71,Exit short,2001-09-06,TARGET,70.81,1,73.12,2.31,3.16,0,2.31,3.16,-0.85,-1.16,-8.61,-0.01,4
71,Entry short,2001-08-30,V0 SHORT,73.12,1,73.12,2.31,3.16,0,2.31,3.16,-0.85,-1.16,-8.61,-0.01,4
72,Exit short,2001-09-10,STOP,69.92,1,68.57,-1.35,-1.97,0,0,0.00,-1.35,-1.97,-9.96,-0.01,0
72,Entry short,2001-09-10,V0 SHORT,68.57,1,68.57,-1.35,-1.97,0,0,0.00,-1.35,-1.97,-9.96,-0.01,0
73,Exit short,2001-09-21,STOP,61.98,1,60.11,-1.87,-3.11,0,0.16,0.27,-1.87,-3.11,-11.83,-0.01,0
73,Entry short,2001-09-21,V0 SHORT,60.11,1,60.11,-1.87,-3.11,0,0.16,0.27,-1.87,-3.11,-11.83,-0.01,0
74,Exit short,2001-09-28,STOP,65.81,1,63.74,-2.07,-3.25,0,0.43,0.67,-2.07,-3.25,-13.9,-0.01,4
74,Entry short,2001-09-24,V0 SHORT,63.74,1,63.74,-2.07,-3.25,0,0.43,0.67,-2.07,-3.25,-13.9,-0.01,4
75,Exit long,2001-10-17,TARGET,70.98,1,66.85,4.13,6.18,0,4.13,6.18,-0.16,-0.24,-9.77,-0.01,10
75,Entry long,2001-10-03,V0 LONG,66.85,1,66.85,4.13,6.18,0,4.13,6.18,-0.16,-0.24,-9.77,-0.01,10
76,Exit short,2001-10-22,STOP,70,1,68.38,-1.62,-2.37,0,0.63,0.92,-1.62,-2.37,-11.39,-0.01,1
76,Entry short,2001-10-19,V0 SHORT,68.38,1,68.38,-1.62,-2.37,0,0.63,0.92,-1.62,-2.37,-11.39,-0.01,1
77,Exit long,2001-10-29,STOP,68.7,1,70.27,-1.57,-2.23,0,1.17,1.67,-1.57,-2.23,-12.96,-0.01,1
77,Entry long,2001-10-26,V0 LONG,70.27,1,70.27,-1.57,-2.23,0,1.17,1.67,-1.57,-2.23,-12.96,-0.01,1
78,Exit short,2001-11-02,STOP,69.89,1,68.32,-1.57,-2.30,0,0.77,1.13,-1.57,-2.30,-14.53,-0.01,2
78,Entry short,2001-10-31,V0 SHORT,68.32,1,68.32,-1.57,-2.30,0,0.77,1.13,-1.57,-2.30,-14.53,-0.01,2
79,Exit long,2001-11-14,TARGET,73.6,1,70.52,3.08,4.37,0,3.08,4.37,-0.32,-0.45,-11.45,-0.01,6
79,Entry long,2001-11-06,V0 LONG,70.52,1,70.52,3.08,4.37,0,3.08,4.37,-0.32,-0.45,-11.45,-0.01,6
80,Exit short,2001-12-05,STOP,74.96,1,73.55,-1.41,-1.92,0,1.33,1.81,-1.41,-1.92,-12.86,-0.01,12
80,Entry short,2001-11-16,V0 SHORT,73.55,1,73.55,-1.41,-1.92,0,1.33,1.81,-1.41,-1.92,-12.86,-0.01,12
81,Exit short,2001-12-13,TARGET,71.68,1,74.04,2.36,3.19,0,2.36,3.19,-0.34,-0.46,-10.5,-0.01,3
81,Entry short,2001-12-10,V0 SHORT,74.04,1,74.04,2.36,3.19,0,2.36,3.19,-0.34,-0.46,-10.5,-0.01,3
82,Exit long,2002-01-04,TARGET,75.59,1,73.26,2.33,3.18,0,2.33,3.18,-0.4,-0.55,-8.17,-0.01,11
82,Entry long,2001-12-18,V0 LONG,73.26,1,73.26,2.33,3.18,0,2.33,3.18,-0.4,-0.55,-8.17,-0.01,11
83,Exit short,2002-01-22,TARGET,72.18,1,74.19,2.01,2.71,0,2.01,2.71,-0.42,-0.57,-6.16,-0.01,7
83,Entry short,2002-01-10,V0 SHORT,74.19,1,74.19,2.01,2.71,0,2.01,2.71,-0.42,-0.57,-6.16,-0.01,7
84,Exit long,2002-01-29,STOP,71.57,1,72.54,-0.97,-1.34,0,0.69,0.95,-0.97,-1.34,-7.13,-0.01,2
84,Entry long,2002-01-25,V0 LONG,72.54,1,72.54,-0.97,-1.34,0,0.69,0.95,-0.97,-1.34,-7.13,-0.01,2
85,Exit long,2002-02-04,STOP,71.31,1,72.52,-1.21,-1.67,0,0.14,0.19,-1.21,-1.67,-8.34,-0.01,1
85,Entry long,2002-02-01,V0 LONG,72.52,1,72.52,-1.21,-1.67,0,0.14,0.19,-1.21,-1.67,-8.34,-0.01,1
86,Exit short,2002-02-08,STOP,70.95,1,69.72,-1.23,-1.76,0,0.46,0.66,-1.23,-1.76,-9.57,-0.01,1
86,Entry short,2002-02-07,V0 SHORT,69.72,1,69.72,-1.23,-1.76,0,0.46,0.66,-1.23,-1.76,-9.57,-0.01,1
87,Exit long,2002-02-19,STOP,69.9,1,71.16,-1.26,-1.77,0,1.29,1.81,-1.26,-1.77,-10.83,-0.01,4
87,Entry long,2002-02-12,V0 LONG,71.16,1,71.16,-1.26,-1.77,0,1.29,1.81,-1.26,-1.77,-10.83,-0.01,4
88,Exit short,2002-02-25,STOP,70.75,1,69.48,-1.27,-1.83,0,0.3,0.43,-1.27,-1.83,-12.1,-0.01,1
88,Entry short,2002-02-22,V0 SHORT,69.48,1,69.48,-1.27,-1.83,0,0.3,0.43,-1.27,-1.83,-12.1,-0.01,1
89,Exit long,2002-03-19,TARGET,75.62,1,73.04,2.58,3.53,0,2.58,3.53,-0.16,-0.22,-9.52,-0.01,11
89,Entry long,2002-03-04,V0 LONG,73.04,1,73.04,2.58,3.53,0,2.58,3.53,-0.16,-0.22,-9.52,-0.01,11
90,Exit short,2002-04-08,TARGET,71.59,1,74.15,2.56,3.45,0,2.56,3.45,-0.41,-0.55,-6.96,-0.01,11
90,Entry short,2002-03-21,V0 SHORT,74.15,1,74.15,2.56,3.45,0,2.56,3.45,-0.41,-0.55,-6.96,-0.01,11
91,Exit short,2002-04-25,TARGET,70.05,1,72.09,2.04,2.83,0,2.04,2.83,-1.01,-1.40,-4.92,0.00,11
91,Entry short,2002-04-10,V0 SHORT,72.09,1,72.09,2.04,2.83,0,2.04,2.83,-1.01,-1.40,-4.92,0.00,11
92,Exit long,2002-05-03,STOP,68.99,1,70.16,-1.17,-1.67,0,0.53,0.76,-1.17,-1.67,-6.09,-0.01,1
92,Entry long,2002-05-02,V0 LONG,70.16,1,70.16,-1.17,-1.67,0,0.53,0.76,-1.17,-1.67,-6.09,-0.01,1
93,Exit short,2002-05-08,STOP,70.04,1,68.85,-1.19,-1.73,0,0.17,0.25,-1.19,-1.73,-7.28,-0.01,0
93,Entry short,2002-05-08,V0 SHORT,68.85,1,68.85,-1.19,-1.73,0,0.17,0.25,-1.19,-1.73,-7.28,-0.01,0
94,Exit short,2002-05-14,STOP,70.72,1,69.44,-1.28,-1.84,0,1.53,2.20,-1.28,-1.84,-8.56,-0.01,2
94,Entry short,2002-05-10,V0 SHORT,69.44,1,69.44,-1.28,-1.84,0,1.53,2.20,-1.28,-1.84,-8.56,-0.01,2
95,Exit long,2002-05-28,STOP,69.54,1,70.73,-1.19,-1.68,0,0.14,0.20,-1.19,-1.68,-9.75,-0.01,1
95,Entry long,2002-05-24,V0 LONG,70.73,1,70.73,-1.19,-1.68,0,0.14,0.20,-1.19,-1.68,-9.75,-0.01,1
96,Exit long,2002-06-03,STOP,67.94,1,69.07,-1.13,-1.64,0,0.75,1.09,-1.13,-1.64,-10.88,-0.01,1
96,Entry long,2002-05-31,V0 LONG,69.07,1,69.07,-1.13,-1.64,0,0.75,1.09,-1.13,-1.64,-10.88,-0.01,1
97,Exit long,2002-06-14,STOP,64.44,1,65.68,-1.24,-1.89,0,0.56,0.85,-1.24,-1.89,-12.12,-0.01,1
97,Entry long,2002-06-13,V0 LONG,65.68,1,65.68,-1.24,-1.89,0,0.56,0.85,-1.24,-1.89,-12.12,-0.01,1
98,Exit long,2002-06-20,STOP,65.26,1,66.56,-1.3,-1.95,0,0.6,0.90,-1.3,-1.95,-13.42,-0.01,1
98,Entry long,2002-06-19,V0 LONG,66.56,1,66.56,-1.3,-1.95,0,0.6,0.90,-1.3,-1.95,-13.42,-0.01,1
99,Exit short,2002-06-26,STOP,62.9,1,61.44,-1.46,-2.38,0,0,0.00,-1.46,-2.38,-14.88,-0.01,0
99,Entry short,2002-06-26,V0 SHORT,61.44,1,61.44,-1.46,-2.38,0,0,0.00,-1.46,-2.38,-14.88,-0.01,0
100,Exit short,2002-07-05,STOP,64.03,1,62.52,-1.51,-2.42,0,2.03,3.25,-1.51,-2.42,-16.39,-0.02,2
100,Entry short,2002-07-02,V0 SHORT,62.52,1,62.52,-1.51,-2.42,0,2.03,3.25,-1.51,-2.42,-16.39,-0.02,2
101,Exit short,2002-07-10,TARGET,59.93,1,63.07,3.14,4.98,0,3.14,4.98,-0.4,-0.63,-13.25,-0.01,1
101,Entry short,2002-07-09,V0 SHORT,63.07,1,63.07,3.14,4.98,0,3.14,4.98,-0.4,-0.63,-13.25,-0.01,1
102,Exit short,2002-07-19,TARGET,56,1,59.67,3.67,6.15,0,3.67,6.15,-0.54,-0.90,-9.58,-0.01,2
102,Entry short,2002-07-17,V0 SHORT,59.67,1,59.67,3.67,6.15,0,3.67,6.15,-0.54,-0.90,-9.58,-0.01,2
103,Exit short,2002-07-25,STOP,55.22,1,53.28,-1.94,-3.64,0,3.15,5.91,-1.94,-3.64,-11.52,-0.01,2
103,Entry short,2002-07-23,V0 SHORT,53.28,1,53.28,-1.94,-3.64,0,3.15,5.91,-1.94,-3.64,-11.52,-0.01,2
104,Exit long,2002-08-05,STOP,54.34,1,56.48,-2.14,-3.79,0,2.6,4.60,-2.14,-3.79,-13.66,-0.01,5
104,Entry long,2002-07-29,V0 LONG,56.48,1,56.48,-2.14,-3.79,0,2.6,4.60,-2.14,-3.79,-13.66,-0.01,5
105,Exit long,2002-08-22,TARGET,62.41,1,58.15,4.26,7.33,0,4.26,7.33,-1.34,-2.30,-9.4,-0.01,9
105,Entry long,2002-08-09,V0 LONG,58.15,1,58.15,4.26,7.33,0,4.26,7.33,-1.34,-2.30,-9.4,-0.01,9
106,Exit short,2002-09-03,TARGET,57.62,1,61.25,3.63,5.93,0,3.63,5.93,-0.87,-1.42,-5.77,-0.01,5
106,Entry short,2002-08-26,V0 SHORT,61.25,1,61.25,3.63,5.93,0,3.63,5.93,-0.87,-1.42,-5.77,-0.01,5
107,Exit short,2002-09-11,STOP,59.68,1,57.92,-1.76,-3.04,0,0.61,1.05,-1.76,-3.04,-7.53,-0.01,3
107,Entry short,2002-09-06,V0 SHORT,57.92,1,57.92,-1.76,-3.04,0,0.61,1.05,-1.76,-3.04,-7.53,-0.01,3
108,Exit short,2002-09-17,STOP,58.82,1,57.24,-1.58,-2.76,0,0.29,0.51,-1.58,-2.76,-9.11,-0.01,2
108,Entry short,2002-09-13,V0 SHORT,57.24,1,57.24,-1.58,-2.76,0,0.29,0.51,-1.58,-2.76,-9.11,-0.01,2
109,Exit short,2002-09-30,TARGET,52.43,1,55.5,3.07,5.53,0,3.07,5.53,-0.52,-0.94,-6.04,-0.01,7
109,Entry short,2002-09-19,V0 SHORT,55.5,1,55.5,3.07,5.53,0,3.07,5.53,-0.52,-0.94,-6.04,-0.01,7
110,Exit short,2002-10-09,TARGET,50.68,1,53.9,3.22,5.97,0,3.22,5.97,-0.94,-1.74,-2.82,0.00,4
110,Entry short,2002-10-03,V0 SHORT,53.9,1,53.9,3.22,5.97,0,3.22,5.97,-0.94,-1.74,-2.82,0.00,4
111,Exit long,2002-11-04,TARGET,59.93,1,56.39,3.54,6.28,0,3.54,6.28,-0.69,-1.22,0.72,0.00,14
111,Entry long,2002-10-15,V0 LONG,56.39,1,56.39,3.54,6.28,0,3.54,6.28,-0.69,-1.22,0.72,0.00,14
112,Exit long,2002-11-08,STOP,58.05,1,59.66,-1.61,-2.70,0,0.12,0.20,-1.61,-2.70,-0.89,0.00,1
112,Entry long,2002-11-07,V0 LONG,59.66,1,59.66,-1.61,-2.70,0,0.12,0.20,-1.61,-2.70,-0.89,0.00,1
113,Exit short,2002-11-15,STOP,59.05,1,57.48,-1.57,-2.73,0,0.79,1.37,-1.57,-2.73,-2.46,0.00,3
113,Entry short,2002-11-12,V0 SHORT,57.48,1,57.48,-1.57,-2.73,0,0.79,1.37,-1.57,-2.73,-2.46,0.00,3
114,Exit short,2002-11-27,STOP,61.3,1,59.98,-1.32,-2.20,0,0.06,0.10,-1.32,-2.20,-3.78,0.00,0
114,Entry short,2002-11-27,V0 SHORT,59.98,1,59.98,-1.32,-2.20,0,0.06,0.10,-1.32,-2.20,-3.78,0.00,0
115,Exit short,2002-12-05,TARGET,59.25,1,61.89,2.64,4.27,0,2.64,4.27,-0.38,-0.61,-1.14,0.00,3
115,Entry short,2002-12-02,V0 SHORT,61.89,1,61.89,2.64,4.27,0,2.64,4.27,-0.38,-0.61,-1.14,0.00,3
116,Exit long,2002-12-19,STOP,57.72,1,59.04,-1.32,-2.24,0,0.46,0.78,-1.32,-2.24,-2.46,0.00,8
116,Entry long,2002-12-09,V0 LONG,59.04,1,59.04,-1.32,-2.24,0,0.46,0.78,-1.32,-2.24,-2.46,0.00,8
117,Exit long,2003-01-21,STOP,58.06,1,59.22,-1.16,-1.96,0,1.93,3.26,-1.16,-1.96,-3.62,0.00,11
117,Entry long,2003-01-03,V0 LONG,59.22,1,59.22,-1.16,-1.96,0,1.93,3.26,-1.16,-1.96,-3.62,0.00,11
118,Exit short,2003-01-27,TARGET,55.57,1,57.82,2.25,3.89,0,2.25,3.89,-0.41,-0.71,-1.37,0.00,2
118,Entry short,2003-01-23,V0 SHORT,57.82,1,57.82,2.25,3.89,0,2.25,3.89,-0.41,-0.71,-1.37,0.00,2
119,Exit short,2003-02-13,TARGET,53.23,1,55.58,2.35,4.23,0,2.35,4.23,-0.8,-1.44,0.98,0.00,7
119,Entry short,2003-02-04,V0 SHORT,55.58,1,55.58,2.35,4.23,0,2.35,4.23,-0.8,-1.44,0.98,0.00,7
120,Exit short,2003-03-07,TARGET,53.16,1,55.51,2.35,4.23,0,2.35,4.23,-0.37,-0.67,3.33,0.00,11
120,Entry short,2003-02-20,V0 SHORT,55.51,1,55.51,2.35,4.23,0,2.35,4.23,-0.37,-0.67,3.33,0.00,11
121,Exit short,2003-03-13,STOP,53.54,1,52.36,-1.18,-2.25,0,0.65,1.24,-1.18,-2.25,2.15,0.00,1
121,Entry short,2003-03-12,V0 SHORT,52.36,1,52.36,-1.18,-2.25,0,0.65,1.24,-1.18,-2.25,2.15,0.00,1
122,Exit long,2003-03-27,STOP,56.35,1,57.57,-1.22,-2.12,0,0.16,0.28,-1.22,-2.12,0.93,0.00,3
122,Entry long,2003-03-24,V0 LONG,57.57,1,57.57,-1.22,-2.12,0,0.16,0.28,-1.22,-2.12,0.93,0.00,3
123,Exit short,2003-04-15,STOP,58.43,1,57.21,-1.22,-2.13,0,0.3,0.52,-1.22,-2.13,-0.29,0.00,1
123,Entry short,2003-04-14,V0 SHORT,57.21,1,57.21,-1.22,-2.13,0,0.3,0.52,-1.22,-2.13,-0.29,0.00,1
124,Exit long,2003-05-05,TARGET,61.16,1,58.78,2.38,4.05,0,2.38,4.05,-0.64,-1.09,2.09,0.00,10
124,Entry long,2003-04-21,V0 LONG,58.78,1,58.78,2.38,4.05,0,2.38,4.05,-0.64,-1.09,2.09,0.00,10
125,Exit long,2003-05-20,STOP,60,1,61.1,-1.1,-1.80,0,1.33,2.18,-1.1,-1.80,0.99,0.00,9
125,Entry long,2003-05-07,V0 LONG,61.1,1,61.1,-1.1,-1.80,0,1.33,2.18,-1.1,-1.80,0.99,0.00,9
126,Exit long,2003-05-29,TARGET,63.15,1,61.18,1.97,3.22,0,1.97,3.22,-0.26,-0.42,2.96,0.00,3
126,Entry long,2003-05-23,V0 LONG,61.18,1,61.18,1.97,3.22,0,1.97,3.22,-0.26,-0.42,2.96,0.00,3
127,Exit long,2003-06-06,TARGET,65.8,1,63.79,2.01,3.15,0,2.01,3.15,-0.56,-0.88,4.97,0.00,4
127,Entry long,2003-06-02,V0 LONG,63.79,1,63.79,2.01,3.15,0,2.01,3.15,-0.56,-0.88,4.97,0.00,4
128,Exit short,2003-06-11,STOP,65.43,1,64.4,-1.03,-1.60,0,0.18,0.28,-1.03,-1.60,3.94,0.00,1
128,Entry short,2003-06-10,V0 SHORT,64.4,1,64.4,-1.03,-1.60,0,0.18,0.28,-1.03,-1.60,3.94,0.00,1
129,Exit long,2003-06-13,STOP,64.81,1,65.81,-1,-1.52,0,0.09,0.14,-1,-1.52,2.94,0.00,0
129,Entry long,2003-06-13,V0 LONG,65.81,1,65.81,-1,-1.52,0,0.09,0.14,-1,-1.52,2.94,0.00,0
130,Exit long,2003-06-19,STOP,65.72,1,66.76,-1.04,-1.56,0,0.07,0.10,-1.04,-1.56,1.9,0.00,2
130,Entry long,2003-06-17,V0 LONG,66.76,1,66.76,-1.04,-1.56,0,0.07,0.10,-1.04,-1.56,1.9,0.00,2
131,Exit short,2003-07-01,TARGET,63.3,1,65.28,1.98,3.03,0,1.98,3.03,-0.14,-0.21,3.88,0.00,6
131,Entry short,2003-06-23,V0 SHORT,65.28,1,65.28,1.98,3.03,0,1.98,3.03,-0.14,-0.21,3.88,0.00,6
132,Exit long,2003-08-04,STOP,63.99,1,65.03,-1.04,-1.60,0,1.86,2.86,-1.04,-1.60,2.84,0.00,21
132,Entry long,2003-07-03,V0 LONG,65.03,1,65.03,-1.04,-1.60,0,1.86,2.86,-1.04,-1.60,2.84,0.00,21
133,Exit short,2003-08-08,STOP,64.56,1,63.47,-1.09,-1.72,0,0.17,0.27,-1.09,-1.72,1.75,0.00,2
133,Entry short,2003-08-06,V0 SHORT,63.47,1,63.47,-1.09,-1.72,0,0.17,0.27,-1.09,-1.72,1.75,0.00,2
134,Exit long,2003-09-02,TARGET,67.52,1,65.53,1.99,3.04,0,1.99,3.04,-0.9,-1.37,3.74,0.00,13
134,Entry long,2003-08-13,V0 LONG,65.53,1,65.53,1.99,3.04,0,1.99,3.04,-0.9,-1.37,3.74,0.00,13
135,Exit long,2003-09-10,STOP,66.74,1,67.57,-0.83,-1.23,0,0.62,0.92,-0.83,-1.23,2.91,0.00,3
135,Entry long,2003-09-05,V0 LONG,67.57,1,67.57,-0.83,-1.23,0,0.62,0.92,-0.83,-1.23,2.91,0.00,3
136,Exit long,2003-09-19,TARGET,68.9,1,67.3,1.6,2.38,0,1.6,2.38,-0.38,-0.56,4.51,0.00,4
136,Entry long,2003-09-15,V0 LONG,67.3,1,67.3,1.6,2.38,0,1.6,2.38,-0.38,-0.56,4.51,0.00,4
137,Exit short,2003-09-26,TARGET,65.98,1,67.6,1.62,2.40,0,1.62,2.40,-0.46,-0.68,6.13,0.01,3
137,Entry short,2003-09-23,V0 SHORT,67.6,1,67.6,1.62,2.40,0,1.62,2.40,-0.46,-0.68,6.13,0.01,3
138,Exit long,2003-10-09,TARGET,69.11,1,67.17,1.94,2.89,0,1.94,2.89,-0.2,-0.30,8.07,0.01,5
138,Entry long,2003-10-02,V0 LONG,67.17,1,67.17,1.94,2.89,0,1.94,2.89,-0.2,-0.30,8.07,0.01,5
139,Exit long,2003-10-22,STOP,68.24,1,69.06,-0.82,-1.19,0,0.72,1.04,-0.82,-1.19,7.25,0.01,6
139,Entry long,2003-10-14,V0 LONG,69.06,1,69.06,-0.82,-1.19,0,0.72,1.04,-0.82,-1.19,7.25,0.01,6
140,Exit long,2003-12-01,TARGET,70.68,1,69.04,1.64,2.38,0,1.64,2.38,-0.76,-1.10,8.89,0.01,22
140,Entry long,2003-10-29,V0 LONG,69.04,1,69.04,1.64,2.38,0,1.64,2.38,-0.76,-1.10,8.89,0.01,22
141,Exit long,2003-12-10,STOP,69.87,1,70.59,-0.72,-1.02,0,0.53,0.75,-0.72,-1.02,8.17,0.01,3
141,Entry long,2003-12-05,V0 LONG,70.59,1,70.59,-0.72,-1.02,0,0.53,0.75,-0.72,-1.02,8.17,0.01,3
142,Exit long,2003-12-12,STOP,70.42,1,71.16,-0.74,-1.04,0,0.14,0.20,-0.74,-1.04,7.43,0.01,0
142,Entry long,2003-12-12,V0 LONG,71.16,1,71.16,-0.74,-1.04,0,0.14,0.20,-0.74,-1.04,7.43,0.01,0
143,Exit long,2003-12-23,TARGET,72.76,1,71.21,1.55,2.18,0,1.55,2.18,-0.17,-0.24,8.98,0.01,4
143,Entry long,2003-12-17,V0 LONG,71.21,1,71.21,1.55,2.18,0,1.55,2.18,-0.17,-0.24,8.98,0.01,4
144,Exit long,2004-01-02,TARGET,74.2,1,72.89,1.31,1.80,0,1.31,1.80,-0.2,-0.27,10.29,0.01,3
144,Entry long,2003-12-29,V0 LONG,72.89,1,72.89,1.31,1.80,0,1.31,1.80,-0.2,-0.27,10.29,0.01,3
145,Exit long,2004-01-16,TARGET,75.61,1,74.26,1.35,1.82,0,1.35,1.82,-0.27,-0.36,11.64,0.01,8
145,Entry long,2004-01-06,V0 LONG,74.26,1,74.26,1.35,1.82,0,1.35,1.82,-0.27,-0.36,11.64,0.01,8
146,Exit short,2004-02-09,STOP,76.02,1,75.19,-0.83,-1.10,0,0.67,0.89,-0.83,-1.10,10.81,0.01,7
146,Entry short,2004-01-29,V0 SHORT,75.19,1,75.19,-0.83,-1.10,0,0.67,0.89,-0.83,-1.10,10.81,0.01,7
147,Exit long,2004-02-13,STOP,76,1,76.79,-0.79,-1.03,0,0.19,0.25,-0.79,-1.03,10.02,0.01,1
147,Entry long,2004-02-12,V0 LONG,76.79,1,76.79,-0.79,-1.03,0,0.19,0.25,-0.79,-1.03,10.02,0.01,1
148,Exit long,2004-02-20,STOP,76.14,1,76.93,-0.79,-1.03,0,0.27,0.35,-0.79,-1.03,9.23,0.01,2
148,Entry long,2004-02-18,V0 LONG,76.93,1,76.93,-0.79,-1.03,0,0.27,0.35,-0.79,-1.03,9.23,0.01,2
149,Exit long,2004-03-02,TARGET,77.36,1,75.78,1.58,2.08,0,1.58,2.08,-0.09,-0.12,10.81,0.01,4
149,Entry long,2004-02-25,V0 LONG,75.78,1,75.78,1.58,2.08,0,1.58,2.08,-0.09,-0.12,10.81,0.01,4
150,Exit long,2004-03-09,STOP,75.66,1,76.42,-0.76,-0.99,0,1.01,1.32,-0.76,-0.99,10.05,0.01,2
150,Entry long,2004-03-05,V0 LONG,76.42,1,76.42,-0.76,-0.99,0,1.01,1.32,-0.76,-0.99,10.05,0.01,2
151,Exit short,2004-03-22,TARGET,72.74,1,74.42,1.68,2.26,0,1.68,2.26,-0.57,-0.77,11.73,0.01,7
151,Entry short,2004-03-11,V0 SHORT,74.42,1,74.42,1.68,2.26,0,1.68,2.26,-0.57,-0.77,11.73,0.01,7
152,Exit long,2004-04-01,TARGET,75.6,1,73.72,1.88,2.55,0,1.88,2.55,-0.1,-0.14,13.61,0.01,4
152,Entry long,2004-03-26,V0 LONG,73.72,1,73.72,1.88,2.55,0,1.88,2.55,-0.1,-0.14,13.61,0.01,4
153,Exit long,2004-04-13,STOP,75.19,1,76.05,-0.86,-1.13,0,0.63,0.83,-0.86,-1.13,12.75,0.01,5
153,Entry long,2004-04-05,V0 LONG,76.05,1,76.05,-0.86,-1.13,0,0.63,0.83,-0.86,-1.13,12.75,0.01,5
154,Exit long,2004-04-20,STOP,74.62,1,75.46,-0.84,-1.11,0,0.49,0.65,-0.84,-1.11,11.91,0.01,1
154,Entry long,2004-04-19,V0 LONG,75.46,1,75.46,-0.84,-1.11,0,0.49,0.65,-0.84,-1.11,11.91,0.01,1
155,Exit long,2004-04-28,STOP,75.11,1,76.02,-0.91,-1.20,0,0.47,0.62,-0.91,-1.20,11,0.01,3
155,Entry long,2004-04-23,V0 LONG,76.02,1,76.02,-0.91,-1.20,0,0.47,0.62,-0.91,-1.20,11,0.01,3
156,Exit short,2004-05-10,TARGET,72.62,1,74.49,1.87,2.51,0,1.87,2.51,-0.76,-1.02,12.87,0.01,6
156,Entry short,2004-04-30,V0 SHORT,74.49,1,74.49,1.87,2.51,0,1.87,2.51,-0.76,-1.02,12.87,0.01,6
157,Exit long,2004-05-27,TARGET,74.96,1,72.92,2.04,2.80,0,2.04,2.80,-0.89,-1.22,14.91,0.01,10
157,Entry long,2004-05-13,V0 LONG,72.92,1,72.92,2.04,2.80,0,2.04,2.80,-0.89,-1.22,14.91,0.01,10
158,Exit long,2004-06-23,TARGET,76.49,1,74.72,1.77,2.37,0,1.77,2.37,-0.39,-0.52,16.68,0.02,15
158,Entry long,2004-06-01,V0 LONG,74.72,1,74.72,1.77,2.37,0,1.77,2.37,-0.39,-0.52,16.68,0.02,15
159,Exit long,2004-07-01,STOP,75.31,1,76.06,-0.75,-0.99,0,0.48,0.63,-0.75,-0.99,15.93,0.02,1
159,Entry long,2004-06-30,V0 LONG,76.06,1,76.06,-0.75,-0.99,0,0.48,0.63,-0.75,-0.99,15.93,0.02,1
160,Exit short,2004-07-29,STOP,73.74,1,72.92,-0.82,-1.12,0,0.76,1.04,-0.82,-1.12,15.11,0.02,5
160,Entry short,2004-07-22,V0 SHORT,72.92,1,72.92,-0.82,-1.12,0,0.76,1.04,-0.82,-1.12,15.11,0.02,5
161,Exit long,2004-08-02,TARGET,75.12,1,73.48,1.64,2.23,0,1.64,2.23,-0.1,-0.14,16.75,0.02,0
161,Entry long,2004-08-02,V0 LONG,73.48,1,73.48,1.64,2.23,0,1.64,2.23,-0.1,-0.14,16.75,0.02,0
162,Exit short,2004-08-16,STOP,72.31,1,71.36,-0.95,-1.33,0,0.28,0.39,-0.95,-1.33,15.8,0.02,5
162,Entry short,2004-08-09,V0 SHORT,71.36,1,71.36,-0.95,-1.33,0,0.28,0.39,-0.95,-1.33,15.8,0.02,5
163,Exit long,2004-08-25,TARGET,74.14,1,72.38,1.76,2.43,0,1.76,2.43,-0.04,-0.06,17.56,0.02,5
163,Entry long,2004-08-18,V0 LONG,72.38,1,72.38,1.76,2.43,0,1.76,2.43,-0.04,-0.06,17.56,0.02,5
164,Exit long,2004-09-13,TARGET,75.69,1,74.17,1.52,2.05,0,1.52,2.05,-0.75,-1.01,19.08,0.02,9
164,Entry long,2004-08-30,V0 LONG,74.17,1,74.17,1.52,2.05,0,1.52,2.05,-0.75,-1.01,19.08,0.02,9
165,Exit short,2004-09-28,TARGET,73.95,1,75.31,1.36,1.81,0,1.36,1.81,-0.67,-0.89,20.44,0.02,8
165,Entry short,2004-09-16,V0 SHORT,75.31,1,75.31,1.36,1.81,0,1.36,1.81,-0.67,-0.89,20.44,0.02,8
166,Exit long,2004-10-01,TARGET,75.98,1,74.69,1.29,1.73,0,1.29,1.73,-0.19,-0.25,21.73,0.02,1
166,Entry long,2004-09-30,V0 LONG,74.69,1,74.69,1.29,1.73,0,1.29,1.73,-0.19,-0.25,21.73,0.02,1
167,Exit long,2004-10-08,STOP,75.56,1,76.23,-0.67,-0.88,0,0.56,0.73,-0.67,-0.88,21.06,0.02,3
167,Entry long,2004-10-05,V0 LONG,76.23,1,76.23,-0.67,-0.88,0,0.56,0.73,-0.67,-0.88,21.06,0.02,3
168,Exit long,2004-10-14,STOP,74.47,1,75.13,-0.66,-0.88,0,0.58,0.77,-0.66,-0.88,20.4,0.02,2
168,Entry long,2004-10-12,V0 LONG,75.13,1,75.13,-0.66,-0.88,0,0.58,0.77,-0.66,-0.88,20.4,0.02,2
169,Exit long,2004-10-20,STOP,73.53,1,74.25,-0.72,-0.97,0,0.9,1.21,-0.72,-0.97,19.68,0.02,2
169,Entry long,2004-10-18,V0 LONG,74.25,1,74.25,-0.72,-0.97,0,0.9,1.21,-0.72,-0.97,19.68,0.02,2
170,Exit long,2004-10-22,STOP,73.7,1,74.45,-0.75,-1.01,0,0.04,0.05,-0.75,-1.01,18.93,0.02,0
170,Entry long,2004-10-22,V0 LONG,74.45,1,74.45,-0.75,-1.01,0,0.04,0.05,-0.75,-1.01,18.93,0.02,0
171,Exit long,2004-11-01,TARGET,76.13,1,74.58,1.55,2.08,0,1.55,2.08,-0.17,-0.23,20.48,0.02,3
171,Entry long,2004-10-27,V0 LONG,74.58,1,74.58,1.55,2.08,0,1.55,2.08,-0.17,-0.23,20.48,0.02,3
172,Exit long,2004-11-05,TARGET,78.46,1,76.86,1.6,2.08,0,1.6,2.08,-0.07,-0.09,22.08,0.02,1
172,Entry long,2004-11-04,V0 LONG,76.86,1,76.86,1.6,2.08,0,1.6,2.08,-0.07,-0.09,22.08,0.02,1
173,Exit long,2004-12-03,TARGET,80.52,1,78.99,1.53,1.94,0,1.53,1.94,-0.4,-0.51,23.61,0.02,14
173,Entry long,2004-11-12,V0 LONG,78.99,1,78.99,1.53,1.94,0,1.53,1.94,-0.4,-0.51,23.61,0.02,14
174,Exit long,2004-12-07,STOP,79.55,1,80.25,-0.7,-0.87,0,0.08,0.10,-0.7,-0.87,22.91,0.02,0
174,Entry long,2004-12-07,V0 LONG,80.25,1,80.25,-0.7,-0.87,0,0.08,0.10,-0.7,-0.87,22.91,0.02,0
175,Exit short,2004-12-09,STOP,80.12,1,79.39,-0.73,-0.92,0,0.33,0.42,-0.73,-0.92,22.18,0.02,1
175,Entry short,2004-12-08,V0 SHORT,79.39,1,79.39,-0.73,-0.92,0,0.33,0.42,-0.73,-0.92,22.18,0.02,1
176,Exit long,2005-01-03,TARGET,82.16,1,80.71,1.45,1.80,0,1.45,1.80,-0.37,-0.46,23.63,0.02,13
176,Entry long,2004-12-14,V0 LONG,80.71,1,80.71,1.45,1.80,0,1.45,1.80,-0.37,-0.46,23.63,0.02,13
177,Exit short,2005-01-24,TARGET,78.62,1,80.12,1.5,1.87,0,1.5,1.87,-0.59,-0.74,25.13,0.03,12
177,Entry short,2005-01-05,V0 SHORT,80.12,1,80.12,1.5,1.87,0,1.5,1.87,-0.59,-0.74,25.13,0.03,12
178,Exit long,2005-02-02,TARGET,80.57,1,79.07,1.5,1.90,0,1.5,1.90,-0.39,-0.49,26.63,0.03,4
178,Entry long,2005-01-27,V0 LONG,79.07,1,79.07,1.5,1.90,0,1.5,1.90,-0.39,-0.49,26.63,0.03,4
179,Exit long,2005-02-22,STOP,80.44,1,81.14,-0.7,-0.86,0,0.82,1.01,-0.7,-0.86,25.93,0.03,10
179,Entry long,2005-02-07,V0 LONG,81.14,1,81.14,-0.7,-0.86,0,0.82,1.01,-0.7,-0.86,25.93,0.03,10
180,Exit long,2005-03-04,TARGET,82.53,1,81.15,1.38,1.70,0,1.38,1.70,-0.15,-0.18,27.31,0.03,5
180,Entry long,2005-02-25,V0 LONG,81.15,1,81.15,1.38,1.70,0,1.38,1.70,-0.15,-0.18,27.31,0.03,5
181,Exit long,2005-03-09,STOP,82.03,1,82.77,-0.74,-0.89,0,0.22,0.27,-0.74,-0.89,26.57,0.03,1
181,Entry long,2005-03-08,V0 LONG,82.77,1,82.77,-0.74,-0.89,0,0.22,0.27,-0.74,-0.89,26.57,0.03,1
182,Exit long,2005-03-15,STOP,81.17,1,81.93,-0.76,-0.93,0,0.03,0.04,-0.76,-0.93,25.81,0.03,0
182,Entry long,2005-03-15,V0 LONG,81.93,1,81.93,-0.76,-0.93,0,0.03,0.04,-0.76,-0.93,25.81,0.03,0
183,Exit long,2005-03-21,STOP,79.93,1,80.69,-0.76,-0.94,0,0.28,0.35,-0.76,-0.94,25.05,0.03,1
183,Entry long,2005-03-18,V0 LONG,80.69,1,80.69,-0.76,-0.94,0,0.28,0.35,-0.76,-0.94,25.05,0.03,1
184,Exit short,2005-03-30,STOP,80.03,1,79.22,-0.81,-1.02,0,0.47,0.59,-0.81,-1.02,24.24,0.02,4
184,Entry short,2005-03-23,V0 SHORT,79.22,1,79.22,-0.81,-1.02,0,0.47,0.59,-0.81,-1.02,24.24,0.02,4
185,Exit long,2005-04-01,STOP,79.57,1,80.36,-0.79,-0.98,0,0.24,0.30,-0.79,-0.98,23.45,0.02,0
185,Entry long,2005-04-01,V0 LONG,80.36,1,80.36,-0.79,-0.98,0,0.24,0.30,-0.79,-0.98,23.45,0.02,0
186,Exit long,2005-04-12,STOP,79.42,1,80.21,-0.79,-0.98,0,0.58,0.72,-0.79,-0.98,22.66,0.02,3
186,Entry long,2005-04-07,V0 LONG,80.21,1,80.21,-0.79,-0.98,0,0.58,0.72,-0.79,-0.98,22.66,0.02,3
187,Exit short,2005-04-19,STOP,78.2,1,77.31,-0.89,-1.15,0,0.11,0.14,-0.89,-1.15,21.77,0.02,1
187,Entry short,2005-04-18,V0 SHORT,77.31,1,77.31,-0.89,-1.15,0,0.11,0.14,-0.89,-1.15,21.77,0.02,1
188,Exit long,2005-04-22,STOP,77.44,1,78.4,-0.96,-1.22,0,0.52,0.66,-0.96,-1.22,20.81,0.02,0
188,Entry long,2005-04-22,V0 LONG,78.4,1,78.4,-0.96,-1.22,0,0.52,0.66,-0.96,-1.22,20.81,0.02,0
189,Exit long,2005-04-27,STOP,77.58,1,78.55,-0.97,-1.23,0,0.55,0.70,-0.97,-1.23,19.84,0.02,1
189,Entry long,2005-04-26,V0 LONG,78.55,1,78.55,-0.97,-1.23,0,0.55,0.70,-0.97,-1.23,19.84,0.02,1
190,Exit long,2005-05-18,TARGET,80.66,1,78.63,2.03,2.58,0,2.03,2.58,-0.86,-1.09,21.87,0.02,12
190,Entry long,2005-05-02,V0 LONG,78.63,1,78.63,2.03,2.58,0,2.03,2.58,-0.86,-1.09,21.87,0.02,12
191,Exit long,2005-06-17,TARGET,82.74,1,80.84,1.9,2.35,0,1.9,2.35,-0.41,-0.51,23.77,0.02,19
191,Entry long,2005-05-20,V0 LONG,80.84,1,80.84,1.9,2.35,0,1.9,2.35,-0.41,-0.51,23.77,0.02,19
192,Exit long,2005-06-23,STOP,81.81,1,82.51,-0.7,-0.85,0,0.19,0.23,-0.7,-0.85,23.07,0.02,0
192,Entry long,2005-06-23,V0 LONG,82.51,1,82.51,-0.7,-0.85,0,0.19,0.23,-0.7,-0.85,23.07,0.02,0
193,Exit short,2005-07-08,STOP,82.27,1,81.53,-0.74,-0.91,0,1.1,1.35,-0.74,-0.91,22.33,0.02,9
193,Entry short,2005-06-24,V0 SHORT,81.53,1,81.53,-0.74,-0.91,0,1.1,1.35,-0.74,-0.91,22.33,0.02,9
194,Exit long,2005-07-28,TARGET,84.43,1,82.9,1.53,1.85,0,1.53,1.85,-0.17,-0.21,23.86,0.02,12
194,Entry long,2005-07-12,V0 LONG,82.9,1,82.9,1.53,1.85,0,1.53,1.85,-0.17,-0.21,23.86,0.02,12
195,Exit long,2005-08-05,STOP,83.83,1,84.51,-0.68,-0.80,0,0.33,0.39,-0.68,-0.80,23.18,0.02,2
195,Entry long,2005-08-03,V0 LONG,84.51,1,84.51,-0.68,-0.80,0,0.33,0.39,-0.68,-0.80,23.18,0.02,2
196,Exit long,2005-08-12,STOP,83.52,1,84.21,-0.69,-0.82,0,0.47,0.56,-0.69,-0.82,22.49,0.02,2
196,Entry long,2005-08-10,V0 LONG,84.21,1,84.21,-0.69,-0.82,0,0.47,0.56,-0.69,-0.82,22.49,0.02,2
197,Exit long,2005-08-16,STOP,83.24,1,83.96,-0.72,-0.86,0,0.05,0.06,-0.72,-0.86,21.77,0.02,0
197,Entry long,2005-08-16,V0 LONG,83.96,1,83.96,-0.72,-0.86,0,0.05,0.06,-0.72,-0.86,21.77,0.02,0
198,Exit long,2005-08-26,STOP,82.2,1,82.94,-0.74,-0.89,0,0.53,0.64,-0.74,-0.89,21.03,0.02,2
198,Entry long,2005-08-24,V0 LONG,82.94,1,82.94,-0.74,-0.89,0,0.53,0.64,-0.74,-0.89,21.03,0.02,2
199,Exit long,2005-09-06,TARGET,83.95,1,82.47,1.48,1.79,0,1.48,1.79,-0.59,-0.72,22.51,0.02,4
199,Entry long,2005-08-30,V0 LONG,82.47,1,82.47,1.48,1.79,0,1.48,1.79,-0.59,-0.72,22.51,0.02,4
200,Exit long,2005-09-14,STOP,83.85,1,84.64,-0.79,-0.93,0,0.15,0.18,-0.79,-0.93,21.72,0.02,2
200,Entry long,2005-09-12,V0 LONG,84.64,1,84.64,-0.79,-0.93,0,0.15,0.18,-0.79,-0.93,21.72,0.02,2
201,Exit short,2005-09-30,STOP,83.94,1,83.19,-0.75,-0.90,0,0.93,1.12,-0.75,-0.90,20.97,0.02,7
201,Entry short,2005-09-21,V0 SHORT,83.19,1,83.19,-0.75,-0.90,0,0.93,1.12,-0.75,-0.90,20.97,0.02,7
202,Exit short,2005-10-06,TARGET,81.26,1,82.82,1.56,1.88,0,1.56,1.88,-0.04,-0.05,22.53,0.02,1
202,Entry short,2005-10-05,V0 SHORT,82.82,1,82.82,1.56,1.88,0,1.56,1.88,-0.04,-0.05,22.53,0.02,1
203,Exit long,2005-10-10,STOP,80.9,1,81.74,-0.84,-1.03,0,0.03,0.04,-0.84,-1.03,21.69,0.02,0
203,Entry long,2005-10-10,V0 LONG,81.74,1,81.74,-0.84,-1.03,0,0.03,0.04,-0.84,-1.03,21.69,0.02,0
204,Exit short,2005-10-25,STOP,82.12,1,81.27,-0.85,-1.05,0,1.44,1.77,-0.85,-1.05,20.84,0.02,10
204,Entry short,2005-10-11,V0 SHORT,81.27,1,81.27,-0.85,-1.05,0,1.44,1.77,-0.85,-1.05,20.84,0.02,10
205,Exit long,2005-11-10,TARGET,84.17,1,82.16,2.01,2.45,0,2.01,2.45,-0.11,-0.13,22.85,0.02,8
205,Entry long,2005-10-31,V0 LONG,82.16,1,82.16,2.01,2.45,0,2.01,2.45,-0.11,-0.13,22.85,0.02,8
206,Exit long,2005-11-22,TARGET,86.34,1,84.53,1.81,2.14,0,1.81,2.14,-0.61,-0.72,24.66,0.02,6
206,Entry long,2005-11-14,V0 LONG,84.53,1,84.53,1.81,2.14,0,1.81,2.14,-0.61,-0.72,24.66,0.02,6
207,Exit long,2005-12-08,STOP,85.77,1,86.59,-0.82,-0.95,0,0.66,0.76,-0.82,-0.95,23.84,0.02,4
207,Entry long,2005-12-02,V0 LONG,86.59,1,86.59,-0.82,-0.95,0,0.66,0.76,-0.82,-0.95,23.84,0.02,4
208,Exit long,2005-12-16,TARGET,88.09,1,86.55,1.54,1.78,0,1.54,1.78,-0.52,-0.60,25.38,0.03,4
208,Entry long,2005-12-12,V0 LONG,86.55,1,86.55,1.54,1.78,0,1.54,1.78,-0.52,-0.60,25.38,0.03,4
209,Exit long,2005-12-27,STOP,86.29,1,87.06,-0.77,-0.88,0,0.18,0.21,-0.77,-0.88,24.61,0.02,1
209,Entry long,2005-12-23,V0 LONG,87.06,1,87.06,-0.77,-0.88,0,0.18,0.21,-0.77,-0.88,24.61,0.02,1
210,Exit long,2006-01-11,TARGET,88.7,1,87.11,1.59,1.83,0,1.59,1.83,-0.11,-0.13,26.2,0.03,5
210,Entry long,2006-01-04,V0 LONG,87.11,1,87.11,1.59,1.83,0,1.59,1.83,-0.11,-0.13,26.2,0.03,5
211,Exit short,2006-01-20,TARGET,86.52,1,87.95,1.43,1.63,0,1.43,1.63,-0.47,-0.53,27.63,0.03,1
211,Entry short,2006-01-19,V0 SHORT,87.95,1,87.95,1.43,1.63,0,1.43,1.63,-0.47,-0.53,27.63,0.03,1
212,Exit long,2006-01-25,STOP,86.48,1,87.23,-0.75,-0.86,0,0.1,0.11,-0.75,-0.86,26.88,0.03,0
212,Entry long,2006-01-25,V0 LONG,87.23,1,87.23,-0.75,-0.86,0,0.1,0.11,-0.75,-0.86,26.88,0.03,0
213,Exit long,2006-02-03,STOP,86.91,1,87.66,-0.75,-0.86,0,0.79,0.90,-0.75,-0.86,26.13,0.03,5
213,Entry long,2006-01-27,V0 LONG,87.66,1,87.66,-0.75,-0.86,0,0.79,0.90,-0.75,-0.86,26.13,0.03,5
214,Exit short,2006-02-08,STOP,87.22,1,86.43,-0.79,-0.91,0,0.19,0.22,-0.79,-0.91,25.34,0.03,0
214,Entry short,2006-02-08,V0 SHORT,86.43,1,86.43,-0.79,-0.91,0,0.19,0.22,-0.79,-0.91,25.34,0.03,0
215,Exit long,2006-02-10,STOP,86.29,1,87.15,-0.86,-0.99,0,0.47,0.54,-0.86,-0.99,24.48,0.02,1
215,Entry long,2006-02-09,V0 LONG,87.15,1,87.15,-0.86,-0.99,0,0.47,0.54,-0.86,-0.99,24.48,0.02,1
216,Exit long,2006-03-15,TARGET,89.68,1,87.66,2.02,2.30,0,2.02,2.30,-0.33,-0.38,26.5,0.03,19
216,Entry long,2006-02-15,V0 LONG,87.66,1,87.66,2.02,2.30,0,2.02,2.30,-0.33,-0.38,26.5,0.03,19
217,Exit short,2006-03-30,STOP,90.07,1,89.28,-0.79,-0.88,0,0.32,0.36,-0.79,-0.88,25.71,0.03,6
217,Entry short,2006-03-22,V0 SHORT,89.28,1,89.28,-0.79,-0.88,0,0.32,0.36,-0.79,-0.88,25.71,0.03,6
218,Exit long,2006-04-07,STOP,89.25,1,90.04,-0.79,-0.88,0,0.54,0.60,-0.79,-0.88,24.92,0.02,2
218,Entry long,2006-04-05,V0 LONG,90.04,1,90.04,-0.79,-0.88,0,0.54,0.60,-0.79,-0.88,24.92,0.02,2
219,Exit long,2006-05-12,STOP,89.27,1,90.12,-0.85,-0.94,0,1.43,1.59,-0.85,-0.94,24.07,0.02,17
219,Entry long,2006-04-19,V0 LONG,90.12,1,90.12,-0.85,-0.94,0,1.43,1.59,-0.85,-0.94,24.07,0.02,17
220,Exit long,2006-05-24,STOP,86.13,1,87.05,-0.92,-1.06,0,0.94,1.08,-0.92,-1.06,23.15,0.02,2
220,Entry long,2006-05-22,V0 LONG,87.05,1,87.05,-0.92,-1.06,0,0.94,1.08,-0.92,-1.06,23.15,0.02,2
221,Exit long,2006-05-30,STOP,87.21,1,88.24,-1.03,-1.17,0,0.26,0.29,-1.03,-1.17,22.12,0.02,1
221,Entry long,2006-05-26,V0 LONG,88.24,1,88.24,-1.03,-1.17,0,0.26,0.29,-1.03,-1.17,22.12,0.02,1
222,Exit long,2006-06-05,STOP,88.05,1,89.1,-1.05,-1.18,0,0.13,0.15,-1.05,-1.18,21.07,0.02,1
222,Entry long,2006-06-02,V0 LONG,89.1,1,89.1,-1.05,-1.18,0,0.13,0.15,-1.05,-1.18,21.07,0.02,1
223,Exit short,2006-06-14,TARGET,84.41,1,86.57,2.16,2.50,0,2.16,2.50,-0.95,-1.10,23.23,0.02,4
223,Entry short,2006-06-08,V0 SHORT,86.57,1,86.57,2.16,2.50,0,2.16,2.50,-0.95,-1.10,23.23,0.02,4
224,Exit long,2006-07-14,STOP,85.46,1,86.69,-1.23,-1.42,0,1.95,2.25,-1.23,-1.42,22,0.02,19
224,Entry long,2006-06-16,V0 LONG,86.69,1,86.69,-1.23,-1.42,0,1.95,2.25,-1.23,-1.42,22,0.02,19
225,Exit long,2006-07-21,STOP,86.28,1,87.33,-1.05,-1.20,0,0.12,0.14,-1.05,-1.20,20.95,0.02,1
225,Entry long,2006-07-20,V0 LONG,87.33,1,87.33,-1.05,-1.20,0,0.12,0.14,-1.05,-1.20,20.95,0.02,1
226,Exit long,2006-08-04,TARGET,89.41,1,87.23,2.18,2.50,0,2.18,2.50,-0.18,-0.21,23.13,0.02,8
226,Entry long,2006-07-25,V0 LONG,87.23,1,87.23,2.18,2.50,0,2.18,2.50,-0.18,-0.21,23.13,0.02,8
227,Exit short,2006-08-16,STOP,89.79,1,88.77,-1.02,-1.15,0,1.33,1.50,-1.02,-1.15,22.11,0.02,5
227,Entry short,2006-08-09,V0 SHORT,88.77,1,88.77,-1.02,-1.15,0,1.33,1.50,-1.02,-1.15,22.11,0.02,5
228,Exit long,2006-09-20,TARGET,92.1,1,90.15,1.95,2.16,0,1.95,2.16,-0.7,-0.78,24.06,0.02,22
228,Entry long,2006-08-18,V0 LONG,90.15,1,90.15,1.95,2.16,0,1.95,2.16,-0.7,-0.78,24.06,0.02,22
229,Exit long,2006-10-04,TARGET,93.64,1,92.15,1.49,1.62,0,1.49,1.62,-0.11,-0.12,25.55,0.03,6
229,Entry long,2006-09-26,V0 LONG,92.15,1,92.15,1.49,1.62,0,1.49,1.62,-0.11,-0.12,25.55,0.03,6
230,Exit long,2006-10-18,TARGET,95.34,1,93.85,1.49,1.59,0,1.49,1.59,-0.45,-0.48,27.04,0.03,8
230,Entry long,2006-10-06,V0 LONG,93.85,1,93.85,1.49,1.59,0,1.49,1.59,-0.45,-0.48,27.04,0.03,8
231,Exit long,2006-10-26,TARGET,96.52,1,95.15,1.37,1.44,0,1.37,1.44,-0.34,-0.36,28.41,0.03,4
231,Entry long,2006-10-20,V0 LONG,95.15,1,95.15,1.37,1.44,0,1.37,1.44,-0.34,-0.36,28.41,0.03,4
232,Exit long,2006-11-01,STOP,95.34,1,96.02,-0.68,-0.71,0,0.17,0.18,-0.68,-0.71,27.73,0.03,1
232,Entry long,2006-10-31,V0 LONG,96.02,1,96.02,-0.68,-0.71,0,0.17,0.18,-0.68,-0.71,27.73,0.03,1
233,Exit long,2006-11-08,STOP,95.34,1,96.11,-0.77,-0.80,0,0.6,0.62,-0.77,-0.80,26.96,0.03,1
233,Entry long,2006-11-07,V0 LONG,96.11,1,96.11,-0.77,-0.80,0,0.6,0.62,-0.77,-0.80,26.96,0.03,1
234,Exit long,2006-11-15,TARGET,97.68,1,96.1,1.58,1.64,0,1.58,1.64,-0.08,-0.08,28.54,0.03,2
234,Entry long,2006-11-13,V0 LONG,96.1,1,96.1,1.58,1.64,0,1.58,1.64,-0.08,-0.08,28.54,0.03,2
235,Exit long,2006-11-27,STOP,96.82,1,97.53,-0.71,-0.73,0,0.42,0.43,-0.71,-0.73,27.83,0.03,1
235,Entry long,2006-11-24,V0 LONG,97.53,1,97.53,-0.71,-0.73,0,0.42,0.43,-0.71,-0.73,27.83,0.03,1
236,Exit long,2006-12-05,TARGET,98.48,1,97,1.48,1.53,0,1.48,1.53,-0.35,-0.36,29.31,0.03,4
236,Entry long,2006-11-29,V0 LONG,97,1,97,1.48,1.53,0,1.48,1.53,-0.35,-0.36,29.31,0.03,4
237,Exit short,2006-12-13,STOP,98.92,1,98.15,-0.77,-0.78,0,0.24,0.24,-0.77,-0.78,28.54,0.03,3
237,Entry short,2006-12-08,V0 SHORT,98.15,1,98.15,-0.77,-0.78,0,0.24,0.24,-0.77,-0.78,28.54,0.03,3
238,Exit long,2006-12-19,STOP,98.99,1,99.76,-0.77,-0.77,0,0.17,0.17,-0.77,-0.77,27.77,0.03,2
238,Entry long,2006-12-15,V0 LONG,99.76,1,99.76,-0.77,-0.77,0,0.17,0.17,-0.77,-0.77,27.77,0.03,2
239,Exit short,2006-12-27,STOP,99.22,1,98.48,-0.74,-0.75,0,0.03,0.03,-0.74,-0.75,27.03,0.03,1
239,Entry short,2006-12-26,V0 SHORT,98.48,1,98.48,-0.74,-0.75,0,0.03,0.03,-0.74,-0.75,27.03,0.03,1
240,Exit long,2007-01-24,TARGET,100.42,1,98.84,1.58,1.60,0,1.58,1.60,-0.76,-0.77,28.61,0.03,12
240,Entry long,2007-01-05,V0 LONG,98.84,1,98.84,1.58,1.60,0,1.58,1.60,-0.76,-0.77,28.61,0.03,12
241,Exit short,2007-01-31,STOP,100.5,1,99.71,-0.79,-0.79,0,0.7,0.70,-0.79,-0.79,27.82,0.03,3
241,Entry short,2007-01-26,V0 SHORT,99.71,1,99.71,-0.79,-0.79,0,0.7,0.70,-0.79,-0.79,27.82,0.03,3
242,Exit long,2007-02-09,STOP,100.43,1,101.22,-0.79,-0.78,0,0.44,0.43,-0.79,-0.78,27.03,0.03,5
242,Entry long,2007-02-02,V0 LONG,101.22,1,101.22,-0.79,-0.78,0,0.44,0.43,-0.79,-0.78,27.03,0.03,5
243,Exit long,2007-02-27,STOP,100.51,1,101.27,-0.76,-0.75,0,1.13,1.12,-0.76,-0.75,26.27,0.03,8
243,Entry long,2007-02-14,V0 LONG,101.27,1,101.27,-0.76,-0.75,0,1.13,1.12,-0.76,-0.75,26.27,0.03,8
244,Exit long,2007-03-13,STOP,97.61,1,98.82,-1.21,-1.22,0,0.08,0.08,-1.21,-1.22,25.06,0.03,2
244,Entry long,2007-03-09,V0 LONG,98.82,1,98.82,-1.21,-1.22,0,0.08,0.08,-1.21,-1.22,25.06,0.03,2
245,Exit long,2007-03-21,TARGET,100.29,1,97.81,2.48,2.54,0,2.48,2.54,-0.83,-0.85,27.54,0.03,3
245,Entry long,2007-03-16,V0 LONG,97.81,1,97.81,2.48,2.54,0,2.48,2.54,-0.83,-0.85,27.54,0.03,3
246,Exit long,2007-03-28,STOP,99.33,1,100.49,-1.16,-1.15,0,0.03,0.03,-1.16,-1.15,26.38,0.03,1
246,Entry long,2007-03-27,V0 LONG,100.49,1,100.49,-1.16,-1.15,0,0.03,0.03,-1.16,-1.15,26.38,0.03,1
247,Exit long,2007-04-17,TARGET,103.19,1,100.89,2.3,2.28,0,2.3,2.28,-0.37,-0.37,28.68,0.03,8
247,Entry long,2007-04-04,V0 LONG,100.89,1,100.89,2.3,2.28,0,2.3,2.28,-0.37,-0.37,28.68,0.03,8
248,Exit long,2007-05-04,TARGET,106.03,1,104.17,1.86,1.79,0,1.86,1.79,-0.73,-0.70,30.54,0.03,9
248,Entry long,2007-04-23,V0 LONG,104.17,1,104.17,1.86,1.79,0,1.86,1.79,-0.73,-0.70,30.54,0.03,9
249,Exit long,2007-06-01,TARGET,108.16,1,106.29,1.87,1.76,0,1.87,1.76,-0.45,-0.42,32.41,0.03,10
249,Entry long,2007-05-17,V0 LONG,106.29,1,106.29,1.87,1.76,0,1.87,1.76,-0.45,-0.42,32.41,0.03,10
250,Exit short,2007-06-08,STOP,105.99,1,104.97,-1.02,-0.97,0,0.29,0.28,-1.02,-0.97,31.39,0.03,0
250,Entry short,2007-06-08,V0 SHORT,104.97,1,104.97,-1.02,-0.97,0,0.29,0.28,-1.02,-0.97,31.39,0.03,0
251,Exit short,2007-06-13,STOP,106.73,1,105.67,-1.06,-1.00,0,0.55,0.52,-1.06,-1.00,30.33,0.03,0
251,Entry short,2007-06-13,V0 SHORT,105.67,1,105.67,-1.06,-1.00,0,0.55,0.52,-1.06,-1.00,30.33,0.03,0
252,Exit long,2007-06-25,STOP,105.65,1,106.76,-1.11,-1.04,0,1.59,1.49,-1.11,-1.04,29.22,0.03,7
252,Entry long,2007-06-14,V0 LONG,106.76,1,106.76,-1.11,-1.04,0,1.59,1.49,-1.11,-1.04,29.22,0.03,7
253,Exit short,2007-06-27,STOP,105.64,1,104.45,-1.19,-1.14,0,0.05,0.05,-1.19,-1.14,28.03,0.03,0
253,Entry short,2007-06-27,V0 SHORT,104.45,1,104.45,-1.19,-1.14,0,0.05,0.05,-1.19,-1.14,28.03,0.03,0
254,Exit long,2007-07-12,TARGET,108.49,1,106.04,2.45,2.31,0,2.45,2.31,-0.87,-0.82,30.48,0.03,9
254,Entry long,2007-06-28,V0 LONG,106.04,1,106.04,2.45,2.31,0,2.45,2.31,-0.87,-0.82,30.48,0.03,9
255,Exit long,2007-07-18,STOP,108.13,1,109.29,-1.16,-1.06,0,0.71,0.65,-1.16,-1.06,29.32,0.03,2
255,Entry long,2007-07-16,V0 LONG,109.29,1,109.29,-1.16,-1.06,0,0.71,0.65,-1.16,-1.06,29.32,0.03,2
256,Exit long,2007-07-20,STOP,108.14,1,109.22,-1.08,-0.99,0,0.25,0.23,-1.08,-0.99,28.24,0.03,0
256,Entry long,2007-07-20,V0 LONG,109.22,1,109.22,-1.08,-0.99,0,0.25,0.23,-1.08,-0.99,28.24,0.03,0
257,Exit short,2007-08-01,TARGET,101.65,1,104.51,2.86,2.74,0,2.86,2.74,-0.88,-0.84,31.1,0.03,3
257,Entry short,2007-07-27,V0 SHORT,104.51,1,104.51,2.86,2.74,0,2.86,2.74,-0.88,-0.84,31.1,0.03,3
258,Exit long,2007-08-03,STOP,102.15,1,103.85,-1.7,-1.64,0,0.22,0.21,-1.7,-1.64,29.4,0.03,0
258,Entry long,2007-08-03,V0 LONG,103.85,1,103.85,-1.7,-1.64,0,0.22,0.21,-1.7,-1.64,29.4,0.03,0
259,Exit long,2007-08-09,STOP,102.7,1,104.65,-1.95,-1.86,0,1.54,1.47,-1.95,-1.86,27.45,0.03,1
259,Entry long,2007-08-08,V0 LONG,104.65,1,104.65,-1.95,-1.86,0,1.54,1.47,-1.95,-1.86,27.45,0.03,1
260,Exit short,2007-08-17,STOP,102.71,1,100.64,-2.07,-2.06,0,4.03,4.00,-2.07,-2.06,25.38,0.03,2
260,Entry short,2007-08-15,V0 SHORT,100.64,1,100.64,-2.07,-2.06,0,4.03,4.00,-2.07,-2.06,25.38,0.03,2
261,Exit long,2007-08-28,STOP,101.66,1,103.9,-2.24,-2.16,0,0.69,0.66,-2.24,-2.16,23.14,0.02,3
261,Entry long,2007-08-23,V0 LONG,103.9,1,103.9,-2.24,-2.16,0,0.69,0.66,-2.24,-2.16,23.14,0.02,3
262,Exit long,2007-09-07,STOP,102.5,1,104.5,-2,-1.91,0,0.29,0.28,-2,-1.91,21.14,0.02,2
262,Entry long,2007-09-05,V0 LONG,104.5,1,104.5,-2,-1.91,0,0.29,0.28,-2,-1.91,21.14,0.02,2
263,Exit short,2007-09-18,STOP,106.58,1,104.95,-1.63,-1.55,0,0.49,0.47,-1.63,-1.55,19.51,0.02,0
263,Entry short,2007-09-18,V0 SHORT,104.95,1,104.95,-1.63,-1.55,0,0.49,0.47,-1.63,-1.55,19.51,0.02,0
264,Exit long,2007-10-19,STOP,106.2,1,108.13,-1.93,-1.78,0,3.47,3.21,-1.93,-1.78,17.58,0.02,21
264,Entry long,2007-09-20,V0 LONG,108.13,1,108.13,-1.93,-1.78,0,3.47,3.21,-1.93,-1.78,17.58,0.02,21
265,Exit long,2007-10-24,STOP,105.55,1,107.13,-1.58,-1.47,0,0.38,0.35,-1.58,-1.47,16,0.02,0
265,Entry long,2007-10-24,V0 LONG,107.13,1,107.13,-1.58,-1.47,0,0.38,0.35,-1.58,-1.47,16,0.02,0
266,Exit long,2007-11-01,STOP,107.43,1,109.06,-1.63,-1.49,0,0.95,0.87,-1.63,-1.49,14.37,0.01,3
266,Entry long,2007-10-29,V0 LONG,109.06,1,109.06,-1.63,-1.49,0,0.95,0.87,-1.63,-1.49,14.37,0.01,3
267,Exit short,2007-11-13,STOP,104.76,1,102.88,-1.88,-1.83,0,1.07,1.04,-1.88,-1.83,12.49,0.01,1
267,Entry short,2007-11-12,V0 SHORT,102.88,1,102.88,-1.88,-1.83,0,1.07,1.04,-1.88,-1.83,12.49,0.01,1
268,Exit short,2007-11-26,TARGET,99.66,1,103.66,4,3.86,0,4,3.86,-0.11,-0.11,16.49,0.02,5
268,Entry short,2007-11-16,V0 SHORT,103.66,1,103.66,4,3.86,0,4,3.86,-0.11,-0.11,16.49,0.02,5
269,Exit short,2007-12-06,STOP,106.71,1,104.81,-1.9,-1.81,0,0.07,0.07,-1.9,-1.81,14.59,0.01,1
269,Entry short,2007-12-05,V0 SHORT,104.81,1,104.81,-1.9,-1.81,0,0.07,0.07,-1.9,-1.81,14.59,0.01,1
270,Exit long,2007-12-11,STOP,106.03,1,107.79,-1.76,-1.63,0,0.53,0.49,-1.76,-1.63,12.83,0.01,0
270,Entry long,2007-12-11,V0 LONG,107.79,1,107.79,-1.76,-1.63,0,0.53,0.49,-1.76,-1.63,12.83,0.01,0
271,Exit short,2007-12-24,STOP,106,1,103.87,-2.13,-2.05,0,1.88,1.81,-2.13,-2.05,10.7,0.01,5
271,Entry short,2007-12-17,V0 SHORT,103.87,1,103.87,-2.13,-2.05,0,1.88,1.81,-2.13,-2.05,10.7,0.01,5
272,Exit short,2008-01-07,TARGET,99.93,1,103.21,3.28,3.18,0,3.28,3.18,-0.42,-0.41,13.98,0.01,2
272,Entry short,2008-01-03,V0 SHORT,103.21,1,103.21,3.28,3.18,0,3.28,3.18,-0.42,-0.41,13.98,0.01,2
273,Exit short,2008-01-10,STOP,100.85,1,99.07,-1.78,-1.80,0,0.99,1.00,-1.78,-1.80,12.2,0.01,1
273,Entry short,2008-01-09,V0 SHORT,99.07,1,99.07,-1.78,-1.80,0,0.99,1.00,-1.78,-1.80,12.2,0.01,1
274,Exit long,2008-01-16,STOP,97.74,1,99.57,-1.83,-1.84,0,1.21,1.22,-1.83,-1.84,10.37,0.01,1
274,Entry long,2008-01-15,V0 LONG,99.57,1,99.57,-1.83,-1.84,0,1.21,1.22,-1.83,-1.84,10.37,0.01,1
275,Exit short,2008-01-22,TARGET,90.61,1,95.97,5.36,5.59,0,5.36,5.59,-0.2,-0.21,15.73,0.02,1
275,Entry short,2008-01-18,V0 SHORT,95.97,1,95.97,5.36,5.59,0,5.36,5.59,-0.2,-0.21,15.73,0.02,1
276,Exit short,2008-01-31,STOP,97.38,1,95.01,-2.37,-2.49,0,0.14,0.15,-2.37,-2.49,13.36,0.01,0
276,Entry short,2008-01-31,V0 SHORT,95.01,1,95.01,-2.37,-2.49,0,0.14,0.15,-2.37,-2.49,13.36,0.01,0
277,Exit long,2008-02-05,STOP,95.77,1,98.25,-2.48,-2.52,0,1.19,1.21,-2.48,-2.52,10.88,0.01,2
277,Entry long,2008-02-01,V0 LONG,98.25,1,98.25,-2.48,-2.52,0,1.19,1.21,-2.48,-2.52,10.88,0.01,2
278,Exit short,2008-02-12,STOP,96.24,1,93.88,-2.36,-2.51,0,0.05,0.05,-2.36,-2.51,8.52,0.01,3
278,Entry short,2008-02-07,V0 SHORT,93.88,1,93.88,-2.36,-2.51,0,0.05,0.05,-2.36,-2.51,8.52,0.01,3
279,Exit long,2008-02-15,STOP,95.38,1,97.54,-2.16,-2.21,0,0.04,0.04,-2.16,-2.21,6.36,0.01,1
279,Entry long,2008-02-14,V0 LONG,97.54,1,97.54,-2.16,-2.21,0,0.04,0.04,-2.16,-2.21,6.36,0.01,1
280,Exit long,2008-02-29,STOP,95.29,1,97.4,-2.11,-2.17,0,1.7,1.75,-2.11,-2.17,4.25,0.00,3
280,Entry long,2008-02-26,V0 LONG,97.4,1,97.4,-2.11,-2.17,0,1.7,1.75,-2.11,-2.17,4.25,0.00,3
281,Exit short,2008-03-17,TARGET,90.15,1,94.18,4.03,4.28,0,4.03,4.28,-1.81,-1.92,8.28,0.01,9
281,Entry short,2008-03-04,V0 SHORT,94.18,1,94.18,4.03,4.28,0,4.03,4.28,-1.81,-1.92,8.28,0.01,9
282,Exit short,2008-04-01,STOP,97.44,1,95.19,-2.25,-2.36,0,1.38,1.45,-2.25,-2.36,6.03,0.01,2
282,Entry short,2008-03-28,V0 SHORT,95.19,1,95.19,-2.25,-2.36,0,1.38,1.45,-2.25,-2.36,6.03,0.01,2
283,Exit short,2008-04-16,STOP,97.38,1,95.61,-1.77,-1.85,0,0.89,0.93,-1.77,-1.85,4.26,0.00,1
283,Entry short,2008-04-15,V0 SHORT,95.61,1,95.61,-1.77,-1.85,0,0.89,0.93,-1.77,-1.85,4.26,0.00,1
284,Exit long,2008-05-06,STOP,100.22,1,101.88,-1.66,-1.63,0,0.03,0.03,-1.66,-1.63,2.6,0.00,2
284,Entry long,2008-05-02,V0 LONG,101.88,1,101.88,-1.66,-1.63,0,0.03,0.03,-1.66,-1.63,2.6,0.00,2
285,Exit long,2008-05-23,STOP,99.32,1,100.78,-1.46,-1.45,0,2.51,2.49,-1.46,-1.45,1.14,0.00,8
285,Entry long,2008-05-13,V0 LONG,100.78,1,100.78,-1.46,-1.45,0,2.51,2.49,-1.46,-1.45,1.14,0.00,8
286,Exit short,2008-06-24,TARGET,94.27,1,97.32,3.05,3.13,0,3.05,3.13,-0.83,-0.85,4.19,0.00,9
286,Entry short,2008-06-11,V0 SHORT,97.32,1,97.32,3.05,3.13,0,3.05,3.13,-0.83,-0.85,4.19,0.00,9
287,Exit long,2008-06-26,STOP,92.42,1,93.93,-1.51,-1.61,0,0.61,0.65,-1.51,-1.61,2.68,0.00,0
287,Entry long,2008-06-26,V0 LONG,93.93,1,93.93,-1.51,-1.61,0,0.61,0.65,-1.51,-1.61,2.68,0.00,0
288,Exit long,2008-07-09,STOP,90,1,91.72,-1.72,-1.88,0,0.17,0.19,-1.72,-1.88,0.96,0.00,0
288,Entry long,2008-07-09,V0 LONG,91.72,1,91.72,-1.72,-1.88,0,0.17,0.19,-1.72,-1.88,0.96,0.00,0
289,Exit long,2008-07-15,STOP,87.42,1,89.18,-1.76,-1.97,0,1.39,1.56,-1.76,-1.97,-0.8,0.00,2
289,Entry long,2008-07-11,V0 LONG,89.18,1,89.18,-1.76,-1.97,0,1.39,1.56,-1.76,-1.97,-0.8,0.00,2
290,Exit long,2008-08-11,TARGET,93.61,1,90.03,3.58,3.98,0,3.58,3.98,-1.25,-1.39,2.78,0.00,14
290,Entry long,2008-07-22,V0 LONG,90.03,1,90.03,3.58,3.98,0,3.58,3.98,-1.25,-1.39,2.78,0.00,14
291,Exit long,2008-08-19,STOP,91.66,1,93.47,-1.81,-1.94,0,0.41,0.44,-1.81,-1.94,0.97,0.00,2
291,Entry long,2008-08-15,V0 LONG,93.47,1,93.47,-1.81,-1.94,0,0.41,0.44,-1.81,-1.94,0.97,0.00,2
292,Exit long,2008-09-04,STOP,89.55,1,91.18,-1.63,-1.79,0,2.85,3.13,-1.63,-1.79,-0.66,0.00,9
292,Entry long,2008-08-21,V0 LONG,91.18,1,91.18,-1.63,-1.79,0,2.85,3.13,-1.63,-1.79,-0.66,0.00,9
293,Exit short,2008-09-16,TARGET,84.31,1,89.12,4.81,5.40,0,4.81,5.40,-1.67,-1.87,4.15,0.00,4
293,Entry short,2008-09-10,V0 SHORT,89.12,1,89.12,4.81,5.40,0,4.81,5.40,-1.67,-1.87,4.15,0.00,4
294,Exit long,2008-09-23,STOP,87.03,1,90.04,-3.01,-3.34,0,0.22,0.24,-3.01,-3.34,1.14,0.00,1
294,Entry long,2008-09-22,V0 LONG,90.04,1,90.04,-3.01,-3.34,0,0.22,0.24,-3.01,-3.34,1.14,0.00,1
295,Exit short,2008-10-06,TARGET,75.83,1,82.13,6.3,7.67,0,6.3,7.67,-2.38,-2.90,7.44,0.01,4
295,Entry short,2008-09-30,V0 SHORT,82.13,1,82.13,6.3,7.67,0,6.3,7.67,-2.38,-2.90,7.44,0.01,4
296,Exit short,2008-10-10,TARGET,62.77,1,72.11,9.34,12.95,0,9.34,12.95,-0.69,-0.96,16.78,0.02,1
296,Entry short,2008-10-09,V0 SHORT,72.11,1,72.11,9.34,12.95,0,9.34,12.95,-0.69,-0.96,16.78,0.02,1
297,Exit short,2008-10-24,TARGET,60.82,1,70.51,9.69,13.74,0,9.69,13.74,-1.19,-1.69,26.47,0.03,7
297,Entry short,2008-10-15,V0 SHORT,70.51,1,70.51,9.69,13.74,0,9.69,13.74,-1.19,-1.69,26.47,0.03,7
298,Exit long,2008-11-06,STOP,65.38,1,70.02,-4.64,-6.63,0,2.95,4.21,-4.64,-6.63,21.83,0.02,3
298,Entry long,2008-11-03,V0 LONG,70.02,1,70.02,-4.64,-6.63,0,2.95,4.21,-4.64,-6.63,21.83,0.02,3
299,Exit short,2008-11-20,TARGET,55.8,1,63.84,8.04,12.59,0,8.04,12.59,-2.77,-4.34,29.87,0.03,6
299,Entry short,2008-11-12,V0 SHORT,63.84,1,63.84,8.04,12.59,0,8.04,12.59,-2.77,-4.34,29.87,0.03,6
300,Exit long,2009-01-20,STOP,58.89,1,63.16,-4.27,-6.76,0,5.81,9.20,-4.27,-6.76,25.6,0.03,36
300,Entry long,2008-11-25,V0 LONG,63.16,1,63.16,-4.27,-6.76,0,5.81,9.20,-4.27,-6.76,25.6,0.03,36
301,Exit short,2009-01-26,STOP,61.42,1,59.01,-2.41,-4.08,0,0.24,0.41,-2.41,-4.08,23.19,0.02,1
301,Entry short,2009-01-23,V0 SHORT,59.01,1,59.01,-2.41,-4.08,0,0.24,0.41,-2.41,-4.08,23.19,0.02,1
302,Exit long,2009-01-30,STOP,60.72,1,63.02,-2.3,-3.65,0,1.13,1.79,-2.3,-3.65,20.89,0.02,2
302,Entry long,2009-01-28,V0 LONG,63.02,1,63.02,-2.3,-3.65,0,1.13,1.79,-2.3,-3.65,20.89,0.02,2
303,Exit long,2009-02-17,STOP,58.47,1,60.94,-2.47,-4.05,0,0.5,0.82,-2.47,-4.05,18.42,0.02,1
303,Entry long,2009-02-13,V0 LONG,60.94,1,60.94,-2.47,-4.05,0,0.5,0.82,-2.47,-4.05,18.42,0.02,1
304,Exit short,2009-02-27,TARGET,53.95,1,58.24,4.29,7.37,0,4.29,7.37,-0.22,-0.38,22.71,0.02,6
304,Entry short,2009-02-19,V0 SHORT,58.24,1,58.24,4.29,7.37,0,4.29,7.37,-0.22,-0.38,22.71,0.02,6
305,Exit short,2009-03-12,STOP,54.41,1,52.23,-2.18,-4.17,0,3.29,6.30,-2.18,-4.17,20.53,0.02,7
305,Entry short,2009-03-03,V0 SHORT,52.23,1,52.23,-2.18,-4.17,0,3.29,6.30,-2.18,-4.17,20.53,0.02,7
306,Exit long,2009-03-23,TARGET,60.44,1,56.13,4.31,7.68,0,4.31,7.68,-1.1,-1.96,24.84,0.02,5
306,Entry long,2009-03-16,V0 LONG,56.13,1,56.13,4.31,7.68,0,4.31,7.68,-1.1,-1.96,24.84,0.02,5
307,Exit long,2009-03-30,STOP,58.11,1,60.28,-2.17,-3.60,0,0.35,0.58,-2.17,-3.60,22.67,0.02,1
307,Entry long,2009-03-27,V0 LONG,60.28,1,60.28,-2.17,-3.60,0,0.35,0.58,-2.17,-3.60,22.67,0.02,1
308,Exit long,2009-04-30,TARGET,65.28,1,61.03,4.25,6.96,0,4.25,6.96,-1.43,-2.34,26.92,0.03,19
308,Entry long,2009-04-02,V0 LONG,61.03,1,61.03,4.25,6.96,0,4.25,6.96,-1.43,-2.34,26.92,0.03,19
309,Exit long,2009-05-15,STOP,64.83,1,66.54,-1.71,-2.57,0,1.94,2.92,-1.71,-2.57,25.21,0.03,8
309,Entry long,2009-05-05,V0 LONG,66.54,1,66.54,-1.71,-2.57,0,1.94,2.92,-1.71,-2.57,25.21,0.03,8
310,Exit short,2009-05-27,STOP,67.31,1,65.72,-1.59,-2.42,0,0.84,1.28,-1.59,-2.42,23.62,0.02,2
310,Entry short,2009-05-22,V0 SHORT,65.72,1,65.72,-1.59,-2.42,0,0.84,1.28,-1.59,-2.42,23.62,0.02,2
311,Exit long,2009-06-02,STOP,67.16,1,68.81,-1.65,-2.40,0,1.25,1.82,-1.65,-2.40,21.97,0.02,1
311,Entry long,2009-06-01,V0 LONG,68.81,1,68.81,-1.65,-2.40,0,1.25,1.82,-1.65,-2.40,21.97,0.02,1
312,Exit short,2009-06-22,TARGET,65.94,1,69.56,3.62,5.20,0,3.62,5.20,-1.04,-1.50,25.59,0.03,9
312,Entry short,2009-06-09,V0 SHORT,69.56,1,69.56,3.62,5.20,0,3.62,5.20,-1.04,-1.50,25.59,0.03,9
313,Exit short,2009-06-26,STOP,68.11,1,66.61,-1.5,-2.25,0,0.44,0.66,-1.5,-2.25,24.09,0.02,2
313,Entry short,2009-06-24,V0 SHORT,66.61,1,66.61,-1.5,-2.25,0,0.44,0.66,-1.5,-2.25,24.09,0.02,2
314,Exit short,2009-07-07,TARGET,65.41,1,68.22,2.81,4.12,0,2.81,4.12,-0.66,-0.97,26.9,0.03,3
314,Entry short,2009-07-01,V0 SHORT,68.22,1,68.22,2.81,4.12,0,2.81,4.12,-0.66,-0.97,26.9,0.03,3
315,Exit short,2009-07-13,STOP,66.12,1,64.79,-1.33,-2.05,0,0.26,0.40,-1.33,-2.05,25.57,0.03,1
315,Entry short,2009-07-10,V0 SHORT,64.79,1,64.79,-1.33,-2.05,0,0.26,0.40,-1.33,-2.05,25.57,0.03,1
316,Exit long,2009-07-23,TARGET,71.42,1,68.71,2.71,3.94,0,2.71,3.94,-0.14,-0.20,28.28,0.03,5
316,Entry long,2009-07-16,V0 LONG,68.71,1,68.71,2.71,3.94,0,2.71,3.94,-0.14,-0.20,28.28,0.03,5
317,Exit short,2009-08-21,STOP,75.67,1,74.52,-1.15,-1.54,0,2.03,2.72,-1.15,-1.54,27.13,0.03,11
317,Entry short,2009-08-06,V0 SHORT,74.52,1,74.52,-1.15,-1.54,0,2.03,2.72,-1.15,-1.54,27.13,0.03,11
318,Exit short,2009-09-09,STOP,76.51,1,75.32,-1.19,-1.58,0,1.76,2.34,-1.19,-1.58,25.94,0.03,5
318,Entry short,2009-09-01,V0 SHORT,75.32,1,75.32,-1.19,-1.58,0,1.76,2.34,-1.19,-1.58,25.94,0.03,5
319,Exit long,2009-09-14,STOP,76.4,1,77.56,-1.16,-1.50,0,0.23,0.30,-1.16,-1.50,24.78,0.02,1
319,Entry long,2009-09-11,V0 LONG,77.56,1,77.56,-1.16,-1.50,0,0.23,0.30,-1.16,-1.50,24.78,0.02,1
320,Exit long,2009-10-01,STOP,77.22,1,78.38,-1.16,-1.48,0,1.81,2.31,-1.16,-1.48,23.62,0.02,11
320,Entry long,2009-09-16,V0 LONG,78.38,1,78.38,-1.16,-1.48,0,1.81,2.31,-1.16,-1.48,23.62,0.02,11
321,Exit short,2009-10-06,STOP,77.77,1,76.38,-1.39,-1.82,0,0.22,0.29,-1.39,-1.82,22.23,0.02,1
321,Entry short,2009-10-05,V0 SHORT,76.38,1,76.38,-1.39,-1.82,0,0.22,0.29,-1.39,-1.82,22.23,0.02,1
322,Exit long,2009-10-19,TARGET,81.51,1,79.16,2.35,2.97,0,2.35,2.97,-0.21,-0.27,24.58,0.02,6
322,Entry long,2009-10-09,V0 LONG,79.16,1,79.16,2.35,2.97,0,2.35,2.97,-0.21,-0.27,24.58,0.02,6
323,Exit short,2009-10-22,STOP,81.42,1,80.31,-1.11,-1.38,0,0.51,0.64,-1.11,-1.38,23.47,0.02,0
323,Entry short,2009-10-22,V0 SHORT,80.31,1,80.31,-1.11,-1.38,0,0.51,0.64,-1.11,-1.38,23.47,0.02,0
324,Exit long,2009-10-23,STOP,80.27,1,81.42,-1.15,-1.41,0,0.05,0.06,-1.15,-1.41,22.32,0.02,0
324,Entry long,2009-10-23,V0 LONG,81.42,1,81.42,-1.15,-1.41,0,0.05,0.06,-1.15,-1.41,22.32,0.02,0
325,Exit short,2009-10-28,TARGET,77.97,1,80.32,2.35,2.93,0,2.35,2.93,-0.82,-1.02,24.67,0.02,2
325,Entry short,2009-10-26,V0 SHORT,80.32,1,80.32,2.35,2.93,0,2.35,2.93,-0.82,-1.02,24.67,0.02,2
326,Exit long,2009-11-10,TARGET,81.59,1,78.88,2.71,3.44,0,2.71,3.44,-0.16,-0.20,27.38,0.03,2
326,Entry long,2009-11-06,V0 LONG,78.88,1,78.88,2.71,3.44,0,2.71,3.44,-0.16,-0.20,27.38,0.03,2
327,Exit long,2009-11-30,STOP,80.36,1,81.65,-1.29,-1.58,0,1.29,1.58,-1.29,-1.58,26.09,0.03,11
327,Entry long,2009-11-12,V0 LONG,81.65,1,81.65,-1.29,-1.58,0,1.29,1.58,-1.29,-1.58,26.09,0.03,11
328,Exit long,2009-12-08,STOP,81.34,1,82.6,-1.26,-1.53,0,0.82,0.99,-1.26,-1.53,24.83,0.02,4
328,Entry long,2009-12-02,V0 LONG,82.6,1,82.6,-1.26,-1.53,0,0.82,0.99,-1.26,-1.53,24.83,0.02,4
329,Exit long,2010-01-08,TARGET,85.54,1,82.74,2.8,3.38,0,2.8,3.38,-1.18,-1.43,27.63,0.03,16
329,Entry long,2009-12-15,V0 LONG,82.74,1,82.74,2.8,3.38,0,2.8,3.38,-1.18,-1.43,27.63,0.03,16
330,Exit short,2010-01-27,TARGET,80.87,1,82.99,2.12,2.55,0,2.12,2.55,-0.4,-0.48,29.75,0.03,3
330,Entry short,2010-01-22,V0 SHORT,82.99,1,82.99,2.12,2.55,0,2.12,2.55,-0.4,-0.48,29.75,0.03,3
331,Exit short,2010-02-05,TARGET,79.05,1,81.38,2.33,2.86,0,2.33,2.86,-1.15,-1.41,32.08,0.03,5
331,Entry short,2010-01-29,V0 SHORT,81.38,1,81.38,2.33,2.86,0,2.33,2.86,-1.15,-1.41,32.08,0.03,5
332,Exit short,2010-02-16,STOP,81.26,1,79.95,-1.31,-1.64,0,0.76,0.95,-1.31,-1.64,30.77,0.03,4
332,Entry short,2010-02-09,V0 SHORT,79.95,1,79.95,-1.31,-1.64,0,0.76,0.95,-1.31,-1.64,30.77,0.03,4
333,Exit long,2010-03-05,TARGET,84.7,1,82.15,2.55,3.10,0,2.55,3.10,-0.85,-1.03,33.32,0.03,11
333,Entry long,2010-02-18,V0 LONG,82.15,1,82.15,2.55,3.10,0,2.55,3.10,-0.85,-1.03,33.32,0.03,11
334,Exit long,2010-03-17,TARGET,87.53,1,85.6,1.93,2.25,0,1.93,2.25,-0.26,-0.30,35.25,0.04,4
334,Entry long,2010-03-11,V0 LONG,85.6,1,85.6,1.93,2.25,0,1.93,2.25,-0.26,-0.30,35.25,0.04,4
335,Exit short,2010-03-22,STOP,87.32,1,86.41,-0.91,-1.05,0,0.05,0.06,-0.91,-1.05,34.34,0.03,0
335,Entry short,2010-03-22,V0 SHORT,86.41,1,86.41,-0.91,-1.05,0,0.05,0.06,-0.91,-1.05,34.34,0.03,0
336,Exit long,2010-04-06,TARGET,89.35,1,87.5,1.85,2.11,0,1.85,2.11,-0.89,-1.02,36.19,0.04,9
336,Entry long,2010-03-23,V0 LONG,87.5,1,87.5,1.85,2.11,0,1.85,2.11,-0.89,-1.02,36.19,0.04,9
337,Exit long,2010-04-19,STOP,88.8,1,89.7,-0.9,-1.00,0,1.4,1.56,-0.9,-1.00,35.29,0.04,5
337,Entry long,2010-04-12,V0 LONG,89.7,1,89.7,-0.9,-1.00,0,1.4,1.56,-0.9,-1.00,35.29,0.04,5
338,Exit long,2010-04-22,STOP,89.71,1,90.64,-0.93,-1.03,0,0.21,0.23,-0.93,-1.03,34.36,0.03,1
338,Entry long,2010-04-21,V0 LONG,90.64,1,90.64,-0.93,-1.03,0,0.21,0.23,-0.93,-1.03,34.36,0.03,1
339,Exit long,2010-04-30,STOP,89.51,1,90.58,-1.07,-1.18,0,0.1,0.11,-1.07,-1.18,33.29,0.03,0
339,Entry long,2010-04-30,V0 LONG,90.58,1,90.58,-1.07,-1.18,0,0.1,0.11,-1.07,-1.18,33.29,0.03,0
340,Exit short,2010-05-10,STOP,86.78,1,84.41,-2.37,-2.81,0,2.42,2.87,-2.37,-2.81,30.92,0.03,1
340,Entry short,2010-05-07,V0 SHORT,84.41,1,84.41,-2.37,-2.81,0,2.42,2.87,-2.37,-2.81,30.92,0.03,1
341,Exit long,2010-05-14,STOP,85.78,1,87.77,-1.99,-2.27,0,0.42,0.48,-1.99,-2.27,28.93,0.03,1
341,Entry long,2010-05-13,V0 LONG,87.77,1,87.77,-1.99,-2.27,0,0.42,0.48,-1.99,-2.27,28.93,0.03,1
342,Exit short,2010-05-21,TARGET,79.37,1,83.76,4.39,5.24,0,4.39,5.24,-0.75,-0.90,33.32,0.03,2
342,Entry short,2010-05-19,V0 SHORT,83.76,1,83.76,4.39,5.24,0,4.39,5.24,-0.75,-0.90,33.32,0.03,2
343,Exit short,2010-05-26,STOP,81.29,1,78.77,-2.52,-3.20,0,0.55,0.70,-2.52,-3.20,30.8,0.03,1
343,Entry short,2010-05-25,V0 SHORT,78.77,1,78.77,-2.52,-3.20,0,0.55,0.70,-2.52,-3.20,30.8,0.03,1
344,Exit short,2010-06-03,STOP,83.09,1,80.99,-2.1,-2.59,0,0.43,0.53,-2.1,-2.59,28.7,0.03,1
344,Entry short,2010-06-02,V0 SHORT,80.99,1,80.99,-2.1,-2.59,0,0.43,0.53,-2.1,-2.59,28.7,0.03,1
345,Exit short,2010-06-14,STOP,82.82,1,80.33,-2.49,-3.10,0,1.91,2.38,-2.49,-3.10,26.21,0.03,5
345,Entry short,2010-06-07,V0 SHORT,80.33,1,80.33,-2.49,-3.10,0,1.91,2.38,-2.49,-3.10,26.21,0.03,5
346,Exit short,2010-06-29,TARGET,78.43,1,81.84,3.41,4.17,0,3.41,4.17,-0.1,-0.12,29.62,0.03,3
346,Entry short,2010-06-24,V0 SHORT,81.84,1,81.84,3.41,4.17,0,3.41,4.17,-0.1,-0.12,29.62,0.03,3
347,Exit long,2010-07-09,TARGET,81.03,1,77.65,3.38,4.35,0,3.38,4.35,-0.08,-0.10,33,0.03,2
347,Entry long,2010-07-07,V0 LONG,77.65,1,77.65,3.38,4.35,0,3.38,4.35,-0.08,-0.10,33,0.03,2
348,Exit long,2010-07-16,STOP,80.72,1,82.3,-1.58,-1.92,0,0.58,0.70,-1.58,-1.92,31.42,0.03,2
348,Entry long,2010-07-14,V0 LONG,82.3,1,82.3,-1.58,-1.92,0,0.58,0.70,-1.58,-1.92,31.42,0.03,2
349,Exit long,2010-07-21,STOP,80.51,1,82.1,-1.59,-1.94,0,0.02,0.02,-1.59,-1.94,29.83,0.03,0
349,Entry long,2010-07-21,V0 LONG,82.1,1,82.1,-1.59,-1.94,0,0.02,0.02,-1.59,-1.94,29.83,0.03,0
350,Exit long,2010-08-12,STOP,81.05,1,83.28,-2.23,-2.68,0,1.94,2.33,-2.23,-2.68,27.6,0.03,13
350,Entry long,2010-07-26,V0 LONG,83.28,1,83.28,-2.23,-2.68,0,1.94,2.33,-2.23,-2.68,27.6,0.03,13
351,Exit short,2010-08-17,STOP,82.32,1,80.99,-1.33,-1.64,0,0.29,0.36,-1.33,-1.64,26.27,0.03,1
351,Entry short,2010-08-16,V0 SHORT,80.99,1,80.99,-1.33,-1.64,0,0.29,0.36,-1.33,-1.64,26.27,0.03,1
352,Exit long,2010-08-19,STOP,80.92,1,82.24,-1.32,-1.61,0,0.2,0.24,-1.32,-1.61,24.95,0.02,0
352,Entry long,2010-08-19,V0 LONG,82.24,1,82.24,-1.32,-1.61,0,0.2,0.24,-1.32,-1.61,24.95,0.02,0
353,Exit short,2010-08-25,TARGET,78.71,1,81.35,2.64,3.25,0,2.64,3.25,-0.4,-0.49,27.59,0.03,2
353,Entry short,2010-08-23,V0 SHORT,81.35,1,81.35,2.64,3.25,0,2.64,3.25,-0.4,-0.49,27.59,0.03,2
354,Exit short,2010-09-01,STOP,81.07,1,79.73,-1.34,-1.68,0,1.19,1.49,-1.34,-1.68,26.25,0.03,3
354,Entry short,2010-08-27,V0 SHORT,79.73,1,79.73,-1.34,-1.68,0,1.19,1.49,-1.34,-1.68,26.25,0.03,3
355,Exit long,2010-09-20,TARGET,86.01,1,83.23,2.78,3.34,0,2.78,3.34,-0.75,-0.90,29.03,0.03,10
355,Entry long,2010-09-03,V0 LONG,83.23,1,83.23,2.78,3.34,0,2.78,3.34,-0.75,-0.90,29.03,0.03,10
356,Exit long,2010-10-13,TARGET,89.07,1,86.58,2.49,2.88,0,2.49,2.88,-0.91,-1.05,31.52,0.03,10
356,Entry long,2010-09-29,V0 LONG,86.58,1,86.58,2.49,2.88,0,2.49,2.88,-0.91,-1.05,31.52,0.03,10
357,Exit long,2010-10-27,STOP,89.06,1,90.19,-1.13,-1.25,0,0.46,0.51,-1.13,-1.25,30.39,0.03,2
357,Entry long,2010-10-25,V0 LONG,90.19,1,90.19,-1.13,-1.25,0,0.46,0.51,-1.13,-1.25,30.39,0.03,2
358,Exit long,2010-11-05,TARGET,92.71,1,90.59,2.12,2.34,0,2.12,2.34,-0.93,-1.03,32.51,0.03,2
358,Entry long,2010-11-03,V0 LONG,90.59,1,90.59,2.12,2.34,0,2.12,2.34,-0.93,-1.03,32.51,0.03,2
359,Exit short,2010-11-16,TARGET,89.89,1,92.03,2.14,2.33,0,2.14,2.33,-0.44,-0.48,34.65,0.03,4
359,Entry short,2010-11-10,V0 SHORT,92.03,1,92.03,2.14,2.33,0,2.14,2.33,-0.44,-0.48,34.65,0.03,4
360,Exit long,2010-11-23,STOP,89.61,1,90.76,-1.15,-1.27,0,0.33,0.36,-1.15,-1.27,33.5,0.03,2
360,Entry long,2010-11-19,V0 LONG,90.76,1,90.76,-1.15,-1.27,0,0.33,0.36,-1.15,-1.27,33.5,0.03,2
361,Exit long,2010-12-20,TARGET,94.93,1,92.46,2.47,2.67,0,2.47,2.67,-0.03,-0.03,35.97,0.04,11
361,Entry long,2010-12-03,V0 LONG,92.46,1,92.46,2.47,2.67,0,2.47,2.67,-0.03,-0.03,35.97,0.04,11
362,Exit long,2011-01-06,TARGET,97.27,1,95.48,1.79,1.87,0,1.79,1.87,-0.33,-0.35,37.76,0.04,10
362,Entry long,2010-12-22,V0 LONG,95.48,1,95.48,1.79,1.87,0,1.79,1.87,-0.33,-0.35,37.76,0.04,10
363,Exit long,2011-01-18,TARGET,98.56,1,96.98,1.58,1.63,0,1.58,1.63,-0.38,-0.39,39.34,0.04,4
363,Entry long,2011-01-11,V0 LONG,96.98,1,96.98,1.58,1.63,0,1.58,1.63,-0.38,-0.39,39.34,0.04,4
364,Exit long,2011-01-28,STOP,97.17,1,97.98,-0.81,-0.83,0,1.21,1.23,-0.81,-0.83,38.53,0.04,3
364,Entry long,2011-01-25,V0 LONG,97.98,1,97.98,-0.81,-0.83,0,1.21,1.23,-0.81,-0.83,38.53,0.04,3
365,Exit long,2011-02-11,TARGET,101.11,1,99.23,1.88,1.89,0,1.88,1.89,-0.63,-0.63,40.41,0.04,7
365,Entry long,2011-02-02,V0 LONG,99.23,1,99.23,1.88,1.89,0,1.88,1.89,-0.63,-0.63,40.41,0.04,7
366,Exit long,2011-02-22,STOP,100.34,1,101.22,-0.88,-0.87,0,1.27,1.25,-0.88,-0.87,39.53,0.04,4
366,Entry long,2011-02-15,V0 LONG,101.22,1,101.22,-0.88,-0.87,0,1.27,1.25,-0.88,-0.87,39.53,0.04,4
367,Exit long,2011-03-10,STOP,99.05,1,100.05,-1,-1.00,0,1.68,1.68,-1,-1.00,38.53,0.04,9
367,Entry long,2011-02-25,V0 LONG,100.05,1,100.05,-1,-1.00,0,1.68,1.68,-1,-1.00,38.53,0.04,9
368,Exit long,2011-04-01,TARGET,102.09,1,99.14,2.95,2.98,0,2.95,2.98,-1.07,-1.08,41.48,0.04,8
368,Entry long,2011-03-22,V0 LONG,99.14,1,99.14,2.95,2.98,0,2.95,2.98,-1.07,-1.08,41.48,0.04,8
369,Exit long,2011-04-12,STOP,100.67,1,101.97,-1.3,-1.27,0,0.43,0.42,-1.3,-1.27,40.18,0.04,3
369,Entry long,2011-04-07,V0 LONG,101.97,1,101.97,-1.3,-1.27,0,0.43,0.42,-1.3,-1.27,40.18,0.04,3
370,Exit long,2011-04-21,TARGET,102.25,1,99.89,2.36,2.36,0,2.36,2.36,-0.91,-0.91,42.54,0.04,5
370,Entry long,2011-04-14,V0 LONG,99.89,1,99.89,2.36,2.36,0,2.36,2.36,-0.91,-0.91,42.54,0.04,5
371,Exit long,2011-05-02,TARGET,104.76,1,102.45,2.31,2.25,0,2.31,2.25,-0.11,-0.11,44.85,0.04,4
371,Entry long,2011-04-26,V0 LONG,102.45,1,102.45,2.31,2.25,0,2.31,2.25,-0.11,-0.11,44.85,0.04,4
372,Exit long,2011-05-11,STOP,102.63,1,103.69,-1.06,-1.02,0,0.01,0.01,-1.06,-1.02,43.79,0.04,0
372,Entry long,2011-05-11,V0 LONG,103.69,1,103.69,-1.06,-1.02,0,0.01,0.01,-1.06,-1.02,43.79,0.04,0
373,Exit short,2011-05-18,STOP,102.56,1,101.41,-1.15,-1.13,0,0.44,0.43,-1.15,-1.13,42.64,0.04,1
373,Entry short,2011-05-17,V0 SHORT,101.41,1,101.41,-1.15,-1.13,0,0.44,0.43,-1.15,-1.13,42.64,0.04,1
374,Exit short,2011-05-31,STOP,103,1,101.22,-1.78,-1.76,0,0.81,0.80,-1.78,-1.76,40.86,0.04,4
374,Entry short,2011-05-24,V0 SHORT,101.22,1,101.22,-1.78,-1.76,0,0.81,0.80,-1.78,-1.76,40.86,0.04,4
375,Exit long,2011-06-15,STOP,96.82,1,98.01,-1.19,-1.21,0,0.81,0.83,-1.19,-1.21,39.67,0.04,0
375,Entry long,2011-06-15,V0 LONG,98.01,1,98.01,-1.19,-1.21,0,0.81,0.83,-1.19,-1.21,39.67,0.04,0
376,Exit short,2011-06-21,STOP,98.59,1,97.25,-1.34,-1.38,0,0.03,0.03,-1.34,-1.38,38.33,0.04,1
376,Entry short,2011-06-20,V0 SHORT,97.25,1,97.25,-1.34,-1.38,0,0.03,0.03,-1.34,-1.38,38.33,0.04,1
377,Exit short,2011-06-28,STOP,98.74,1,97.46,-1.28,-1.31,0,0.19,0.19,-1.28,-1.31,37.05,0.04,1
377,Entry short,2011-06-27,V0 SHORT,97.46,1,97.46,-1.28,-1.31,0,0.19,0.19,-1.28,-1.31,37.05,0.04,1
378,Exit long,2011-07-07,TARGET,103.81,1,100.72,3.09,3.07,0,3.09,3.07,-0.33,-0.33,40.14,0.04,4
378,Entry long,2011-06-30,V0 LONG,100.72,1,100.72,3.09,3.07,0,3.09,3.07,-0.33,-0.33,40.14,0.04,4
379,Exit long,2011-07-18,STOP,100.22,1,101.51,-1.29,-1.27,0,0.47,0.46,-1.29,-1.27,38.85,0.04,2
379,Entry long,2011-07-14,V0 LONG,101.51,1,101.51,-1.29,-1.27,0,0.47,0.46,-1.29,-1.27,38.85,0.04,2
380,Exit long,2011-07-27,STOP,101.84,1,103.32,-1.48,-1.43,0,0.15,0.15,-1.48,-1.43,37.37,0.04,3
380,Entry long,2011-07-22,V0 LONG,103.32,1,103.32,-1.48,-1.43,0,0.15,0.15,-1.48,-1.43,37.37,0.04,3
381,Exit short,2011-08-03,TARGET,95.29,1,98.16,2.87,2.92,0,2.87,2.92,-0.53,-0.54,40.24,0.04,1
381,Entry short,2011-08-02,V0 SHORT,98.16,1,98.16,2.87,2.92,0,2.87,2.92,-0.53,-0.54,40.24,0.04,1
382,Exit long,2011-08-18,STOP,88.84,1,91.54,-2.7,-2.95,0,1.55,1.69,-2.7,-2.95,37.54,0.04,3
382,Entry long,2011-08-15,V0 LONG,91.54,1,91.54,-2.7,-2.95,0,1.55,1.69,-2.7,-2.95,37.54,0.04,3
383,Exit long,2011-08-26,STOP,88.56,1,91.19,-2.63,-2.88,0,0.51,0.56,-2.63,-2.88,34.91,0.03,1
383,Entry long,2011-08-25,V0 LONG,91.19,1,91.19,-2.63,-2.88,0,0.51,0.56,-2.63,-2.88,34.91,0.03,1
384,Exit long,2011-09-06,STOP,87.86,1,92.8,-4.94,-5.32,0,2.06,2.22,-4.94,-5.32,29.97,0.03,4
384,Entry long,2011-08-30,V0 LONG,92.8,1,92.8,-4.94,-5.32,0,2.06,2.22,-4.94,-5.32,29.97,0.03,4
385,Exit short,2011-09-22,TARGET,86.68,1,91.84,5.16,5.62,0,5.16,5.62,-2.34,-2.55,35.13,0.04,10
385,Entry short,2011-09-08,V0 SHORT,91.84,1,91.84,5.16,5.62,0,5.16,5.62,-2.34,-2.55,35.13,0.04,10
386,Exit long,2011-09-28,STOP,89.08,1,91.51,-2.43,-2.66,0,0.79,0.86,-2.43,-2.66,32.7,0.03,1
386,Entry long,2011-09-27,V0 LONG,91.51,1,91.51,-2.43,-2.66,0,0.79,0.86,-2.43,-2.66,32.7,0.03,1
387,Exit short,2011-10-04,TARGET,83.39,1,88.36,4.97,5.62,0,4.97,5.62,-0.77,-0.87,37.67,0.04,2
387,Entry short,2011-09-30,V0 SHORT,88.36,1,88.36,4.97,5.62,0,4.97,5.62,-0.77,-0.87,37.67,0.04,2
388,Exit long,2011-10-12,TARGET,93.52,1,88.29,5.23,5.92,0,5.23,5.92,-0.66,-0.75,42.9,0.04,4
388,Entry long,2011-10-06,V0 LONG,88.29,1,88.29,5.23,5.92,0,5.23,5.92,-0.66,-0.75,42.9,0.04,4
389,Exit long,2011-10-27,TARGET,98.8,1,94.12,4.68,4.97,0,4.68,4.97,-2.1,-2.23,47.58,0.05,9
389,Entry long,2011-10-14,V0 LONG,94.12,1,94.12,4.68,4.97,0,4.68,4.97,-2.1,-2.23,47.58,0.05,9
390,Exit short,2011-11-03,STOP,96.71,1,94.21,-2.5,-2.65,0,0.39,0.41,-2.5,-2.65,45.08,0.05,2
390,Entry short,2011-11-01,V0 SHORT,94.21,1,94.21,-2.5,-2.65,0,0.39,0.41,-2.5,-2.65,45.08,0.05,2
391,Exit long,2011-11-17,STOP,95.22,1,97.42,-2.2,-2.26,0,0.97,1.00,-2.2,-2.26,42.88,0.04,3
391,Entry long,2011-11-14,V0 LONG,97.42,1,97.42,-2.2,-2.26,0,0.97,1.00,-2.2,-2.26,42.88,0.04,3
392,Exit short,2011-11-30,STOP,95.34,1,92.8,-2.54,-2.74,0,3.09,3.33,-2.54,-2.74,40.34,0.04,6
392,Entry short,2011-11-21,V0 SHORT,92.8,1,92.8,-2.54,-2.74,0,3.09,3.33,-2.54,-2.74,40.34,0.04,6
393,Exit long,2011-12-08,STOP,95.94,1,97.92,-1.98,-2.02,0,0.33,0.34,-1.98,-2.02,38.36,0.04,3
393,Entry long,2011-12-05,V0 LONG,97.92,1,97.92,-1.98,-2.02,0,0.33,0.34,-1.98,-2.02,38.36,0.04,3
394,Exit short,2011-12-21,STOP,96.6,1,94.62,-1.98,-2.09,0,1.37,1.45,-1.98,-2.09,36.38,0.04,5
394,Entry short,2011-12-14,V0 SHORT,94.62,1,94.62,-1.98,-2.09,0,1.37,1.45,-1.98,-2.09,36.38,0.04,5
395,Exit long,2012-01-17,TARGET,101.22,1,97.63,3.59,3.68,0,3.59,3.68,-0.73,-0.75,39.97,0.04,14
395,Entry long,2011-12-23,V0 LONG,97.63,1,97.63,3.59,3.68,0,3.59,3.68,-0.73,-0.75,39.97,0.04,14
396,Exit long,2012-02-03,TARGET,104.48,1,101.96,2.52,2.47,0,2.52,2.47,-0.91,-0.89,42.49,0.04,10
396,Entry long,2012-01-20,V0 LONG,101.96,1,101.96,2.52,2.47,0,2.52,2.47,-0.91,-0.89,42.49,0.04,10
397,Exit long,2012-02-24,TARGET,106.56,1,104.24,2.32,2.23,0,2.32,2.23,-0.41,-0.39,44.81,0.04,12
397,Entry long,2012-02-07,V0 LONG,104.24,1,104.24,2.32,2.23,0,2.32,2.23,-0.41,-0.39,44.81,0.04,12
398,Exit long,2012-03-06,STOP,105.16,1,106.59,-1.43,-1.34,0,0.77,0.72,-1.43,-1.34,43.38,0.04,5
398,Entry long,2012-02-28,V0 LONG,106.59,1,106.59,-1.43,-1.34,0,0.77,0.72,-1.43,-1.34,43.38,0.04,5
399,Exit long,2012-03-13,TARGET,108.71,1,106.67,2.04,1.91,0,2.04,1.91,-0.16,-0.15,45.42,0.05,2
399,Entry long,2012-03-09,V0 LONG,106.67,1,106.67,2.04,1.91,0,2.04,1.91,-0.16,-0.15,45.42,0.05,2
400,Exit long,2012-03-22,STOP,108.53,1,109.53,-1,-0.91,0,0.71,0.65,-1,-0.91,44.42,0.04,4
400,Entry long,2012-03-16,V0 LONG,109.53,1,109.53,-1,-0.91,0,0.71,0.65,-1,-0.91,44.42,0.04,4
401,Exit long,2012-03-29,STOP,108.8,1,109.75,-0.95,-0.87,0,0.92,0.84,-0.95,-0.87,43.47,0.04,3
401,Entry long,2012-03-26,V0 LONG,109.75,1,109.75,-0.95,-0.87,0,0.92,0.84,-0.95,-0.87,43.47,0.04,3
402,Exit long,2012-04-04,STOP,109.42,1,110.52,-1.1,-1.00,0,0.19,0.17,-1.1,-1.00,42.37,0.04,1
402,Entry long,2012-04-03,V0 LONG,110.52,1,110.52,-1.1,-1.00,0,0.19,0.17,-1.1,-1.00,42.37,0.04,1
403,Exit short,2012-04-17,STOP,108.72,1,107.65,-1.07,-0.99,0,1.71,1.59,-1.07,-0.99,41.3,0.04,5
403,Entry short,2012-04-10,V0 SHORT,107.65,1,107.65,-1.07,-0.99,0,1.71,1.59,-1.07,-0.99,41.3,0.04,5
404,Exit short,2012-04-26,STOP,109.37,1,108.19,-1.18,-1.09,0,0.09,0.08,-1.18,-1.09,40.12,0.04,1
404,Entry short,2012-04-25,V0 SHORT,108.19,1,108.19,-1.18,-1.09,0,0.09,0.08,-1.18,-1.09,40.12,0.04,1
405,Exit long,2012-05-04,STOP,108.09,1,109.33,-1.24,-1.13,0,1.21,1.11,-1.24,-1.13,38.88,0.04,4
405,Entry long,2012-04-30,V0 LONG,109.33,1,109.33,-1.24,-1.13,0,1.21,1.11,-1.24,-1.13,38.88,0.04,4
406,Exit short,2012-05-15,TARGET,103.98,1,106.34,2.36,2.22,0,2.36,2.22,-0.46,-0.43,41.24,0.04,5
406,Entry short,2012-05-08,V0 SHORT,106.34,1,106.34,2.36,2.22,0,2.36,2.22,-0.46,-0.43,41.24,0.04,5
407,Exit short,2012-05-18,TARGET,101.16,1,103.67,2.51,2.42,0,2.51,2.42,-0.13,-0.13,43.75,0.04,1
407,Entry short,2012-05-17,V0 SHORT,103.67,1,103.67,2.51,2.42,0,2.51,2.42,-0.13,-0.13,43.75,0.04,1
408,Exit short,2012-06-01,TARGET,100.63,1,103.38,2.75,2.66,0,2.75,2.66,-1.13,-1.09,46.5,0.05,4
408,Entry short,2012-05-25,V0 SHORT,103.38,1,103.38,2.75,2.66,0,2.75,2.66,-1.13,-1.09,46.5,0.05,4
409,Exit short,2012-06-06,STOP,101.42,1,99.76,-1.66,-1.66,0,0.05,0.05,-1.66,-1.66,44.84,0.04,1
409,Entry short,2012-06-05,V0 SHORT,99.76,1,99.76,-1.66,-1.66,0,0.05,0.05,-1.66,-1.66,44.84,0.04,1
410,Exit long,2012-06-11,STOP,103.18,1,104.7,-1.52,-1.45,0,0.06,0.06,-1.52,-1.45,43.32,0.04,0
410,Entry long,2012-06-11,V0 LONG,104.7,1,104.7,-1.52,-1.45,0,0.06,0.06,-1.52,-1.45,43.32,0.04,0
411,Exit short,2012-06-14,STOP,104.42,1,102.84,-1.58,-1.54,0,0.49,0.48,-1.58,-1.54,41.74,0.04,2
411,Entry short,2012-06-12,V0 SHORT,102.84,1,102.84,-1.58,-1.54,0,0.49,0.48,-1.58,-1.54,41.74,0.04,2
412,Exit long,2012-06-25,STOP,103.25,1,104.78,-1.53,-1.46,0,2.09,1.99,-1.53,-1.46,40.21,0.04,5
412,Entry long,2012-06-18,V0 LONG,104.78,1,104.78,-1.53,-1.46,0,2.09,1.99,-1.53,-1.46,40.21,0.04,5
413,Exit long,2012-06-29,TARGET,106.79,1,103.76,3.03,2.92,0,3.03,2.92,-0.79,-0.76,43.24,0.04,1
413,Entry long,2012-06-28,V0 LONG,103.76,1,103.76,3.03,2.92,0,3.03,2.92,-0.79,-0.76,43.24,0.04,1
414,Exit long,2012-07-10,STOP,105.5,1,107.05,-1.55,-1.45,0,1.04,0.97,-1.55,-1.45,41.69,0.04,4
414,Entry long,2012-07-03,V0 LONG,107.05,1,107.05,-1.55,-1.45,0,1.04,0.97,-1.55,-1.45,41.69,0.04,4
415,Exit long,2012-07-24,STOP,104.77,1,106.23,-1.46,-1.37,0,2.15,2.02,-1.46,-1.37,40.23,0.04,6
415,Entry long,2012-07-16,V0 LONG,106.23,1,106.23,-1.46,-1.37,0,2.15,2.02,-1.46,-1.37,40.23,0.04,6
416,Exit short,2012-07-27,STOP,107.99,1,106.59,-1.4,-1.31,0,0.5,0.47,-1.4,-1.31,38.83,0.04,1
416,Entry short,2012-07-26,V0 SHORT,106.59,1,106.59,-1.4,-1.31,0,0.5,0.47,-1.4,-1.31,38.83,0.04,1
417,Exit long,2012-08-02,STOP,107.1,1,108.63,-1.53,-1.41,0,0.29,0.27,-1.53,-1.41,37.3,0.04,2
417,Entry long,2012-07-31,V0 LONG,108.63,1,108.63,-1.53,-1.41,0,0.29,0.27,-1.53,-1.41,37.3,0.04,2
418,Exit long,2012-09-06,TARGET,112.53,1,109.59,2.94,2.68,0,2.94,2.68,-0.12,-0.11,40.24,0.04,22
418,Entry long,2012-08-06,V0 LONG,109.59,1,109.59,2.94,2.68,0,2.94,2.68,-0.12,-0.11,40.24,0.04,22
419,Exit long,2012-09-13,TARGET,115.13,1,113.1,2.03,1.79,0,2.03,1.79,-0.58,-0.51,42.27,0.04,3
419,Entry long,2012-09-10,V0 LONG,113.1,1,113.1,2.03,1.79,0,2.03,1.79,-0.58,-0.51,42.27,0.04,3
420,Exit long,2012-09-25,STOP,114.19,1,115.25,-1.06,-0.92,0,0.41,0.36,-1.06,-0.92,41.21,0.04,6
420,Entry long,2012-09-17,V0 LONG,115.25,1,115.25,-1.06,-0.92,0,0.41,0.36,-1.06,-0.92,41.21,0.04,6
421,Exit short,2012-10-01,STOP,114.44,1,113.46,-0.98,-0.86,0,0.33,0.29,-0.98,-0.86,40.23,0.04,2
421,Entry short,2012-09-27,V0 SHORT,113.46,1,113.46,-0.98,-0.86,0,0.33,0.29,-0.98,-0.86,40.23,0.04,2
422,Exit long,2012-10-10,STOP,113.22,1,114.25,-1.03,-0.90,0,1.79,1.57,-1.03,-0.90,39.2,0.04,5
422,Entry long,2012-10-03,V0 LONG,114.25,1,114.25,-1.03,-0.90,0,1.79,1.57,-1.03,-0.90,39.2,0.04,5
423,Exit long,2012-10-17,TARGET,115.15,1,113.13,2.02,1.79,0,2.02,1.79,-0.7,-0.62,41.22,0.04,3
423,Entry long,2012-10-12,V0 LONG,113.13,1,113.13,2.02,1.79,0,2.02,1.79,-0.7,-0.62,41.22,0.04,3
424,Exit short,2012-11-07,TARGET,110.69,1,112.88,2.19,1.94,0,2.19,1.94,-0.45,-0.40,43.41,0.04,10
424,Entry short,2012-10-22,V0 SHORT,112.88,1,112.88,2.19,1.94,0,2.19,1.94,-0.45,-0.40,43.41,0.04,10
425,Exit short,2012-11-09,STOP,109.91,1,108.52,-1.39,-1.28,0,0.05,0.05,-1.39,-1.28,42.02,0.04,0
425,Entry short,2012-11-09,V0 SHORT,108.52,1,108.52,-1.39,-1.28,0,0.05,0.05,-1.39,-1.28,42.02,0.04,0
426,Exit long,2012-11-14,STOP,107.89,1,109.29,-1.4,-1.28,0,0.52,0.48,-1.4,-1.28,40.62,0.04,2
426,Entry long,2012-11-12,V0 LONG,109.29,1,109.29,-1.4,-1.28,0,0.52,0.48,-1.4,-1.28,40.62,0.04,2
427,Exit short,2012-11-19,STOP,108.74,1,107.16,-1.58,-1.47,0,0.94,0.88,-1.58,-1.47,39.04,0.04,1
427,Entry short,2012-11-16,V0 SHORT,107.16,1,107.16,-1.58,-1.47,0,0.94,0.88,-1.58,-1.47,39.04,0.04,1
428,Exit long,2012-12-03,TARGET,112.7,1,109.85,2.85,2.59,0,2.85,2.59,-0.24,-0.22,41.89,0.04,7
428,Entry long,2012-11-21,V0 LONG,109.85,1,109.85,2.85,2.59,0,2.85,2.59,-0.24,-0.22,41.89,0.04,7
429,Exit long,2012-12-12,TARGET,113.95,1,111.48,2.47,2.22,0,2.47,2.22,-0.79,-0.71,44.36,0.04,5
429,Entry long,2012-12-05,V0 LONG,111.48,1,111.48,2.47,2.22,0,2.47,2.22,-0.79,-0.71,44.36,0.04,5
430,Exit short,2012-12-17,STOP,113.37,1,112.23,-1.14,-1.02,0,0.35,0.31,-1.14,-1.02,43.22,0.04,1
430,Entry short,2012-12-14,V0 SHORT,112.23,1,112.23,-1.14,-1.02,0,0.35,0.31,-1.14,-1.02,43.22,0.04,1
431,Exit long,2012-12-20,STOP,113.62,1,114.76,-1.14,-0.99,0,0.04,0.03,-1.14,-0.99,42.08,0.04,1
431,Entry long,2012-12-19,V0 LONG,114.76,1,114.76,-1.14,-0.99,0,0.04,0.03,-1.14,-0.99,42.08,0.04,1
432,Exit short,2012-12-31,TARGET,110.91,1,113.28,2.37,2.09,0,2.37,2.09,-0.05,-0.04,44.45,0.04,3
432,Entry short,2012-12-26,V0 SHORT,113.28,1,113.28,2.37,2.09,0,2.37,2.09,-0.05,-0.04,44.45,0.04,3
433,Exit long,2013-01-23,TARGET,118.69,1,115.94,2.75,2.37,0,2.75,2.37,-0.8,-0.69,47.2,0.05,13
433,Entry long,2013-01-03,V0 LONG,115.94,1,115.94,2.75,2.37,0,2.75,2.37,-0.8,-0.69,47.2,0.05,13
434,Exit long,2013-02-19,TARGET,121.23,1,119.35,1.88,1.58,0,1.88,1.58,-0.68,-0.57,49.08,0.05,15
434,Entry long,2013-01-28,V0 LONG,119.35,1,119.35,1.88,1.58,0,1.88,1.58,-0.68,-0.57,49.08,0.05,15
435,Exit long,2013-02-25,STOP,120.24,1,121.21,-0.97,-0.80,0,0.18,0.15,-0.97,-0.80,48.11,0.05,0
435,Entry long,2013-02-25,V0 LONG,121.21,1,121.21,-0.97,-0.80,0,0.18,0.15,-0.97,-0.80,48.11,0.05,0
436,Exit long,2013-03-06,TARGET,123.01,1,120.63,2.38,1.97,0,2.38,1.97,-1.18,-0.98,50.49,0.05,4
436,Entry long,2013-02-28,V0 LONG,120.63,1,120.63,2.38,1.97,0,2.38,1.97,-1.18,-0.98,50.49,0.05,4
437,Exit long,2013-04-10,TARGET,125.54,1,123.35,2.19,1.78,0,2.19,1.78,-0.83,-0.67,52.68,0.05,21
437,Entry long,2013-03-11,V0 LONG,123.35,1,123.35,2.19,1.78,0,2.19,1.78,-0.83,-0.67,52.68,0.05,21
438,Exit long,2013-04-15,STOP,125.43,1,126.58,-1.15,-0.91,0,0.28,0.22,-1.15,-0.91,51.53,0.05,1
438,Entry long,2013-04-12,V0 LONG,126.58,1,126.58,-1.15,-0.91,0,0.28,0.22,-1.15,-0.91,51.53,0.05,1
439,Exit long,2013-04-25,TARGET,127.03,1,124.26,2.77,2.23,0,2.77,2.23,-0.82,-0.66,54.3,0.05,3
439,Entry long,2013-04-22,V0 LONG,124.26,1,124.26,2.77,2.23,0,2.77,2.23,-0.82,-0.66,54.3,0.05,3
440,Exit long,2013-05-07,TARGET,129.57,1,127.05,2.52,1.98,0,2.52,1.98,-0.94,-0.74,56.82,0.06,5
440,Entry long,2013-04-30,V0 LONG,127.05,1,127.05,2.52,1.98,0,2.52,1.98,-0.94,-0.74,56.82,0.06,5
441,Exit long,2013-05-15,TARGET,132.57,1,130.24,2.33,1.79,0,2.33,1.79,-0.64,-0.49,59.15,0.06,4
441,Entry long,2013-05-09,V0 LONG,130.24,1,130.24,2.33,1.79,0,2.33,1.79,-0.64,-0.49,59.15,0.06,4
442,Exit long,2013-05-22,TARGET,134.63,1,132.37,2.26,1.71,0,2.26,1.71,-0.17,-0.13,61.41,0.06,3
442,Entry long,2013-05-17,V0 LONG,132.37,1,132.37,2.26,1.71,0,2.26,1.71,-0.17,-0.13,61.41,0.06,3
443,Exit long,2013-05-29,STOP,131.95,1,133.24,-1.29,-0.97,0,0.59,0.44,-1.29,-0.97,60.12,0.06,1
443,Entry long,2013-05-28,V0 LONG,133.24,1,133.24,-1.29,-0.97,0,0.59,0.44,-1.29,-0.97,60.12,0.06,1
444,Exit long,2013-05-31,STOP,130.59,1,131.91,-1.32,-1.00,0,0.75,0.57,-1.32,-1.00,58.8,0.06,0
444,Entry long,2013-05-31,V0 LONG,131.91,1,131.91,-1.32,-1.00,0,0.75,0.57,-1.32,-1.00,58.8,0.06,0
445,Exit short,2013-06-06,TARGET,127.86,1,130.68,2.82,2.16,0,2.82,2.16,-1.02,-0.78,61.62,0.06,3
445,Entry short,2013-06-03,V0 SHORT,130.68,1,130.68,2.82,2.16,0,2.82,2.16,-1.02,-0.78,61.62,0.06,3
446,Exit long,2013-06-11,STOP,130.26,1,131.86,-1.6,-1.21,0,0.08,0.06,-1.6,-1.21,60.02,0.06,1
446,Entry long,2013-06-10,V0 LONG,131.86,1,131.86,-1.6,-1.21,0,0.08,0.06,-1.6,-1.21,60.02,0.06,1
447,Exit short,2013-06-13,STOP,130.5,1,128.95,-1.55,-1.20,0,0.28,0.22,-1.55,-1.20,58.47,0.06,0
447,Entry short,2013-06-13,V0 SHORT,128.95,1,128.95,-1.55,-1.20,0,0.28,0.22,-1.55,-1.20,58.47,0.06,0
448,Exit long,2013-06-20,STOP,129.11,1,130.84,-1.73,-1.32,0,1.57,1.20,-1.73,-1.32,56.74,0.06,4
448,Entry long,2013-06-14,V0 LONG,130.84,1,130.84,-1.73,-1.32,0,1.57,1.20,-1.73,-1.32,56.74,0.06,4
449,Exit short,2013-06-27,STOP,129.19,1,127.08,-2.11,-1.66,0,0.85,0.67,-2.11,-1.66,54.63,0.05,2
449,Entry short,2013-06-25,V0 SHORT,127.08,1,127.08,-2.11,-1.66,0,0.85,0.67,-2.11,-1.66,54.63,0.05,2
450,Exit short,2013-07-08,STOP,131.4,1,129.31,-2.09,-1.62,0,0.83,0.64,-2.09,-1.62,52.54,0.05,4
450,Entry short,2013-07-01,V0 SHORT,129.31,1,129.31,-2.09,-1.62,0,0.83,0.64,-2.09,-1.62,52.54,0.05,4
451,Exit long,2013-07-18,TARGET,135.5,1,132.29,3.21,2.43,0,3.21,2.43,-0.27,-0.20,55.75,0.06,6
451,Entry long,2013-07-10,V0 LONG,132.29,1,132.29,3.21,2.43,0,3.21,2.43,-0.27,-0.20,55.75,0.06,6
452,Exit long,2013-07-24,STOP,134.9,1,136.16,-1.26,-0.93,0,0.05,0.04,-1.26,-0.93,54.49,0.05,1
452,Entry long,2013-07-23,V0 LONG,136.16,1,136.16,-1.26,-0.93,0,0.05,0.04,-1.26,-0.93,54.49,0.05,1
453,Exit long,2013-08-15,STOP,133.69,1,134.9,-1.21,-0.90,0,2.2,1.63,-1.21,-0.90,53.28,0.05,14
453,Entry long,2013-07-26,V0 LONG,134.9,1,134.9,-1.21,-0.90,0,2.2,1.63,-1.21,-0.90,53.28,0.05,14
454,Exit short,2013-08-26,STOP,133.96,1,132.83,-1.13,-0.85,0,1.17,0.88,-1.13,-0.85,52.15,0.05,5
454,Entry short,2013-08-19,V0 SHORT,132.83,1,132.83,-1.13,-0.85,0,1.17,0.88,-1.13,-0.85,52.15,0.05,5
455,Exit short,2013-08-29,STOP,132.15,1,130.92,-1.23,-0.94,0,0.17,0.13,-1.23,-0.94,50.92,0.05,1
455,Entry short,2013-08-28,V0 SHORT,130.92,1,130.92,-1.23,-0.94,0,0.17,0.13,-1.23,-0.94,50.92,0.05,1
456,Exit short,2013-09-06,STOP,133.72,1,132.5,-1.22,-0.92,0,1.23,0.93,-1.22,-0.92,49.7,0.05,3
456,Entry short,2013-09-03,V0 SHORT,132.5,1,132.5,-1.22,-0.92,0,1.23,0.93,-1.22,-0.92,49.7,0.05,3
457,Exit long,2013-09-18,TARGET,137.78,1,135.23,2.55,1.89,0,2.55,1.89,-0.3,-0.22,52.25,0.05,6
457,Entry long,2013-09-10,V0 LONG,135.23,1,135.23,2.55,1.89,0,2.55,1.89,-0.3,-0.22,52.25,0.05,6
458,Exit long,2013-09-20,STOP,137.66,1,138.86,-1.2,-0.86,0,0,0.00,-1.2,-0.86,51.05,0.05,0
458,Entry long,2013-09-20,V0 LONG,138.86,1,138.86,-1.2,-0.86,0,0,0.00,-1.2,-0.86,51.05,0.05,0
459,Exit long,2013-09-30,STOP,134.9,1,136.05,-1.15,-0.85,0,0.24,0.18,-1.15,-0.85,49.9,0.05,1
459,Entry long,2013-09-27,V0 LONG,136.05,1,136.05,-1.15,-0.85,0,0.24,0.18,-1.15,-0.85,49.9,0.05,1
460,Exit long,2013-10-03,STOP,134.49,1,135.66,-1.17,-0.86,0,0.8,0.59,-1.17,-0.86,48.73,0.05,1
460,Entry long,2013-10-02,V0 LONG,135.66,1,135.66,-1.17,-0.86,0,0.8,0.59,-1.17,-0.86,48.73,0.05,1
461,Exit long,2013-10-08,STOP,133.69,1,134.91,-1.22,-0.90,0,0.83,0.62,-1.22,-0.90,47.51,0.05,1
461,Entry long,2013-10-07,V0 LONG,134.91,1,134.91,-1.22,-0.90,0,0.83,0.62,-1.22,-0.90,47.51,0.05,1
462,Exit long,2013-10-17,TARGET,138.9,1,136.11,2.79,2.05,0,2.79,2.05,-0.11,-0.08,50.3,0.05,4
462,Entry long,2013-10-11,V0 LONG,136.11,1,136.11,2.79,2.05,0,2.79,2.05,-0.11,-0.08,50.3,0.05,4
463,Exit long,2013-11-13,TARGET,143.41,1,140.57,2.84,2.02,0,2.84,2.02,-0.39,-0.28,53.14,0.05,17
463,Entry long,2013-10-21,V0 LONG,140.57,1,140.57,2.84,2.02,0,2.84,2.02,-0.39,-0.28,53.14,0.05,17
464,Exit long,2013-11-20,STOP,143.47,1,144.69,-1.22,-0.84,0,0.76,0.53,-1.22,-0.84,51.92,0.05,3
464,Entry long,2013-11-15,V0 LONG,144.69,1,144.69,-1.22,-0.84,0,0.76,0.53,-1.22,-0.84,51.92,0.05,3
465,Exit long,2013-12-04,STOP,143.83,1,145.03,-1.2,-0.83,0,1.43,0.99,-1.2,-0.83,50.72,0.05,7
465,Entry long,2013-11-22,V0 LONG,145.03,1,145.03,-1.2,-0.83,0,1.43,0.99,-1.2,-0.83,50.72,0.05,7
466,Exit long,2013-12-11,STOP,145.11,1,146.23,-1.12,-0.77,0,0.16,0.11,-1.12,-0.77,49.6,0.05,2
466,Entry long,2013-12-09,V0 LONG,146.23,1,146.23,-1.12,-0.77,0,0.16,0.11,-1.12,-0.77,49.6,0.05,2
467,Exit short,2013-12-18,STOP,144.93,1,143.84,-1.09,-0.76,0,0.95,0.66,-1.09,-0.76,48.51,0.05,3
467,Entry short,2013-12-13,V0 SHORT,143.84,1,143.84,-1.09,-0.76,0,0.95,0.66,-1.09,-0.76,48.51,0.05,3
468,Exit long,2014-01-24,STOP,146.57,1,147.79,-1.22,-0.83,0,2.04,1.38,-1.22,-0.83,47.29,0.05,21
468,Entry long,2013-12-23,V0 LONG,147.79,1,147.79,-1.22,-0.83,0,2.04,1.38,-1.22,-0.83,47.29,0.05,21
469,Exit long,2014-02-03,STOP,142.53,1,143.86,-1.33,-0.92,0,1.82,1.27,-1.33,-0.92,45.96,0.05,3
469,Entry long,2014-01-29,V0 LONG,143.86,1,143.86,-1.33,-0.92,0,1.82,1.27,-1.33,-0.92,45.96,0.05,3
470,Exit long,2014-02-14,TARGET,148.84,1,145.59,3.25,2.23,0,3.25,2.23,-0.4,-0.27,49.21,0.05,4
470,Entry long,2014-02-10,V0 LONG,145.59,1,145.59,3.25,2.23,0,3.25,2.23,-0.4,-0.27,49.21,0.05,4
471,Exit long,2014-03-04,TARGET,151.86,1,148.88,2.98,2.00,0,2.98,2.00,-0.94,-0.63,52.19,0.05,9
471,Entry long,2014-02-19,V0 LONG,148.88,1,148.88,2.98,2.00,0,2.98,2.00,-0.94,-0.63,52.19,0.05,9
472,Exit long,2014-03-12,STOP,150.95,1,152.48,-1.53,-1.00,0,0.61,0.40,-1.53,-1.00,50.66,0.05,4
472,Entry long,2014-03-06,V0 LONG,152.48,1,152.48,-1.53,-1.00,0,0.61,0.40,-1.53,-1.00,50.66,0.05,4
473,Exit long,2014-03-27,STOP,149.81,1,151.27,-1.46,-0.97,0,2.55,1.69,-1.46,-0.97,49.2,0.05,7
473,Entry long,2014-03-18,V0 LONG,151.27,1,151.27,-1.46,-0.97,0,2.55,1.69,-1.46,-0.97,49.2,0.05,7
474,Exit long,2014-04-07,STOP,151.11,1,152.68,-1.57,-1.03,0,1.69,1.11,-1.57,-1.03,47.63,0.05,4
474,Entry long,2014-04-01,V0 LONG,152.68,1,152.68,-1.57,-1.03,0,1.69,1.11,-1.57,-1.03,47.63,0.05,4
475,Exit long,2014-04-10,STOP,149.46,1,151.03,-1.57,-1.04,0,1.28,0.85,-1.57,-1.04,46.06,0.05,1
475,Entry long,2014-04-09,V0 LONG,151.03,1,151.03,-1.57,-1.04,0,1.28,0.85,-1.57,-1.04,46.06,0.05,1
476,Exit short,2014-04-16,STOP,150.93,1,148.86,-2.07,-1.39,0,1.21,0.81,-2.07,-1.39,43.99,0.04,2
476,Entry short,2014-04-14,V0 SHORT,148.86,1,148.86,-2.07,-1.39,0,1.21,0.81,-2.07,-1.39,43.99,0.04,2
477,Exit long,2014-05-27,TARGET,155.47,1,151.72,3.75,2.47,0,3.75,2.47,-1.21,-0.80,47.74,0.05,25
477,Entry long,2014-04-21,V0 LONG,151.72,1,151.72,3.75,2.47,0,3.75,2.47,-1.21,-0.80,47.74,0.05,25
478,Exit long,2014-06-06,TARGET,158.78,1,156.4,2.38,1.52,0,2.38,1.52,-0.18,-0.12,50.12,0.05,5
478,Entry long,2014-05-30,V0 LONG,156.4,1,156.4,2.38,1.52,0,2.38,1.52,-0.18,-0.12,50.12,0.05,5
479,Exit long,2014-06-12,STOP,157.89,1,158.95,-1.06,-0.67,0,0.25,0.16,-1.06,-0.67,49.06,0.05,2
479,Entry long,2014-06-10,V0 LONG,158.95,1,158.95,-1.06,-0.67,0,0.25,0.16,-1.06,-0.67,49.06,0.05,2
480,Exit long,2014-06-19,TARGET,159.92,1,157.88,2.04,1.29,0,2.04,1.29,-0.17,-0.11,51.1,0.05,2
480,Entry long,2014-06-17,V0 LONG,157.88,1,157.88,2.04,1.29,0,2.04,1.29,-0.17,-0.11,51.1,0.05,2
481,Exit long,2014-06-25,STOP,158.83,1,159.88,-1.05,-0.66,0,0.79,0.49,-1.05,-0.66,50.05,0.05,1
481,Entry long,2014-06-24,V0 LONG,159.88,1,159.88,-1.05,-0.66,0,0.79,0.49,-1.05,-0.66,50.05,0.05,1
482,Exit long,2014-07-01,TARGET,161.49,1,159.43,2.06,1.29,0,2.06,1.29,-0.08,-0.05,52.11,0.05,2
482,Entry long,2014-06-27,V0 LONG,159.43,1,159.43,2.06,1.29,0,2.06,1.29,-0.08,-0.05,52.11,0.05,2
483,Exit long,2014-07-08,STOP,160.78,1,161.75,-0.97,-0.60,0,0.13,0.08,-0.97,-0.60,51.14,0.05,1
483,Entry long,2014-07-07,V0 LONG,161.75,1,161.75,-0.97,-0.60,0,0.13,0.08,-0.97,-0.60,51.14,0.05,1
484,Exit long,2014-07-14,TARGET,161.59,1,159.62,1.97,1.23,0,1.97,1.23,-0.13,-0.08,53.11,0.05,2
484,Entry long,2014-07-10,V0 LONG,159.62,1,159.62,1.97,1.23,0,1.97,1.23,-0.13,-0.08,53.11,0.05,2
485,Exit long,2014-07-17,STOP,160.32,1,161.36,-1.04,-0.64,0,0.62,0.38,-1.04,-0.64,52.07,0.05,0
485,Entry long,2014-07-17,V0 LONG,161.36,1,161.36,-1.04,-0.64,0,0.62,0.38,-1.04,-0.64,52.07,0.05,0
486,Exit long,2014-07-28,STOP,161.15,1,162.3,-1.15,-0.71,0,0.46,0.28,-1.15,-0.71,50.92,0.05,3
486,Entry long,2014-07-23,V0 LONG,162.3,1,162.3,-1.15,-0.71,0,0.46,0.28,-1.15,-0.71,50.92,0.05,3
487,Exit short,2014-08-04,STOP,158.72,1,157.45,-1.27,-0.81,0,0.81,0.51,-1.27,-0.81,49.65,0.05,1
487,Entry short,2014-08-01,V0 SHORT,157.45,1,157.45,-1.27,-0.81,0,0.81,0.51,-1.27,-0.81,49.65,0.05,1
488,Exit long,2014-08-19,TARGET,161.76,1,158.6,3.16,1.99,0,3.16,1.99,-0.84,-0.53,52.81,0.05,6
488,Entry long,2014-08-11,V0 LONG,158.6,1,158.6,3.16,1.99,0,3.16,1.99,-0.84,-0.53,52.81,0.05,6
489,Exit long,2014-09-19,TARGET,165.59,1,162.99,2.6,1.60,0,2.6,1.60,-0.78,-0.48,55.41,0.06,19
489,Entry long,2014-08-22,V0 LONG,162.99,1,162.99,2.6,1.60,0,2.6,1.60,-0.78,-0.48,55.41,0.06,19
490,Exit short,2014-10-01,TARGET,160.55,1,163.01,2.46,1.51,0,2.46,1.51,-1.03,-0.63,57.87,0.06,6
490,Entry short,2014-09-23,V0 SHORT,163.01,1,163.01,2.46,1.51,0,2.46,1.51,-1.03,-0.63,57.87,0.06,6
491,Exit long,2014-10-07,STOP,160.42,1,162.11,-1.69,-1.04,0,0.21,0.13,-1.69,-1.04,56.18,0.06,1
491,Entry long,2014-10-06,V0 LONG,162.11,1,162.11,-1.69,-1.04,0,0.21,0.13,-1.69,-1.04,56.18,0.06,1
492,Exit long,2014-10-09,STOP,159.48,1,161.28,-1.8,-1.12,0,0.22,0.14,-1.8,-1.12,54.38,0.05,0
492,Entry long,2014-10-09,V0 LONG,161.28,1,161.28,-1.8,-1.12,0,0.22,0.14,-1.8,-1.12,54.38,0.05,0
493,Exit short,2014-10-15,TARGET,150.69,1,154.78,4.09,2.64,0,4.09,2.64,-1.15,-0.74,58.47,0.06,1
493,Entry short,2014-10-14,V0 SHORT,154.78,1,154.78,4.09,2.64,0,4.09,2.64,-1.15,-0.74,58.47,0.06,1
494,Exit long,2014-10-28,TARGET,162.2,1,157.46,4.74,3.01,0,4.74,3.01,-0.16,-0.10,63.21,0.06,5
494,Entry long,2014-10-21,V0 LONG,157.46,1,157.46,4.74,3.01,0,4.74,3.01,-0.16,-0.10,63.21,0.06,5
495,Exit long,2014-11-21,TARGET,170.57,1,165.87,4.7,2.83,0,4.7,2.83,-1.53,-0.92,67.91,0.07,14
495,Entry long,2014-11-03,V0 LONG,165.87,1,165.87,4.7,2.83,0,4.7,2.83,-1.53,-0.92,67.91,0.07,14
496,Exit long,2014-12-01,STOP,169.09,1,170.49,-1.4,-0.82,0,0.27,0.16,-1.4,-0.82,66.51,0.07,3
496,Entry long,2014-11-25,V0 LONG,170.49,1,170.49,-1.4,-0.82,0,0.27,0.16,-1.4,-0.82,66.51,0.07,3
497,Exit long,2014-12-09,STOP,167.89,1,170.29,-2.4,-1.41,0,0.96,0.56,-2.4,-1.41,64.11,0.06,4
497,Entry long,2014-12-03,V0 LONG,170.29,1,170.29,-2.4,-1.41,0,0.96,0.56,-2.4,-1.41,64.11,0.06,4
498,Exit short,2014-12-16,TARGET,162.71,1,165.92,3.21,1.93,0,3.21,1.93,-0.45,-0.27,67.32,0.07,1
498,Entry short,2014-12-15,V0 SHORT,165.92,1,165.92,3.21,1.93,0,3.21,1.93,-0.45,-0.27,67.32,0.07,1
499,Exit long,2015-01-05,STOP,168.01,1,170.51,-2.5,-1.47,0,2.1,1.23,-2.5,-1.47,64.82,0.06,9
499,Entry long,2014-12-19,V0 LONG,170.51,1,170.51,-2.5,-1.47,0,2.1,1.23,-2.5,-1.47,64.82,0.06,9
500,Exit short,2015-01-08,STOP,168.51,1,166.37,-2.14,-1.29,0,0.44,0.26,-2.14,-1.29,62.68,0.06,1
500,Entry short,2015-01-07,V0 SHORT,166.37,1,166.37,-2.14,-1.29,0,0.44,0.26,-2.14,-1.29,62.68,0.06,1
501,Exit short,2015-01-22,STOP,168.93,1,166.55,-2.38,-1.43,0,2.55,1.53,-2.38,-1.43,60.3,0.06,4
501,Entry short,2015-01-15,V0 SHORT,166.55,1,166.55,-2.38,-1.43,0,2.55,1.53,-2.38,-1.43,60.3,0.06,4
502,Exit long,2015-01-27,STOP,166.74,1,169.09,-2.35,-1.39,0,0.7,0.41,-2.35,-1.39,57.95,0.06,1
502,Entry long,2015-01-26,V0 LONG,169.09,1,169.09,-2.35,-1.39,0,0.7,0.41,-2.35,-1.39,57.95,0.06,1
503,Exit short,2015-02-03,STOP,167.95,1,165.52,-2.43,-1.47,0,2.09,1.26,-2.43,-1.47,55.52,0.06,3
503,Entry short,2015-01-29,V0 SHORT,165.52,1,165.52,-2.43,-1.47,0,2.09,1.26,-2.43,-1.47,55.52,0.06,3
504,Exit short,2015-02-12,STOP,172.36,1,170.06,-2.3,-1.35,0,0.99,0.58,-2.3,-1.35,53.22,0.05,2
504,Entry short,2015-02-10,V0 SHORT,170.06,1,170.06,-2.3,-1.35,0,0.99,0.58,-2.3,-1.35,53.22,0.05,2
505,Exit long,2015-03-10,STOP,170.74,1,172.97,-2.23,-1.29,0,2.34,1.35,-2.23,-1.29,50.99,0.05,15
505,Entry long,2015-02-17,V0 LONG,172.97,1,172.97,-2.23,-1.29,0,2.34,1.35,-2.23,-1.29,50.99,0.05,15
506,Exit long,2015-03-13,STOP,169.15,1,170.79,-1.64,-0.96,0,0.97,0.57,-1.64,-0.96,49.35,0.05,0
506,Entry long,2015-03-13,V0 LONG,170.79,1,170.79,-1.64,-0.96,0,0.97,0.57,-1.64,-0.96,49.35,0.05,0
507,Exit long,2015-03-20,TARGET,175.07,1,171.55,3.52,2.05,0,3.52,2.05,-0.88,-0.51,52.87,0.05,3
507,Entry long,2015-03-17,V0 LONG,171.55,1,171.55,3.52,2.05,0,3.52,2.05,-0.88,-0.51,52.87,0.05,3
508,Exit long,2015-03-25,STOP,172.33,1,174.11,-1.78,-1.02,0,0.46,0.26,-1.78,-1.02,51.09,0.05,1
508,Entry long,2015-03-24,V0 LONG,174.11,1,174.11,-1.78,-1.02,0,0.46,0.26,-1.78,-1.02,51.09,0.05,1
509,Exit long,2015-04-01,STOP,169.95,1,171.73,-1.78,-1.04,0,1.35,0.79,-1.78,-1.04,49.31,0.05,2
509,Entry long,2015-03-30,V0 LONG,171.73,1,171.73,-1.78,-1.04,0,1.35,0.79,-1.78,-1.04,49.31,0.05,2
510,Exit long,2015-04-27,TARGET,176.17,1,172.46,3.71,2.15,0,3.71,2.15,-0.7,-0.41,53.02,0.05,14
510,Entry long,2015-04-07,V0 LONG,172.46,1,172.46,3.71,2.15,0,3.71,2.15,-0.7,-0.41,53.02,0.05,14
511,Exit long,2015-04-30,STOP,172.94,1,174.54,-1.6,-0.92,0,0.77,0.44,-1.6,-0.92,51.42,0.05,1
511,Entry long,2015-04-29,V0 LONG,174.54,1,174.54,-1.6,-0.92,0,0.77,0.44,-1.6,-0.92,51.42,0.05,1
512,Exit long,2015-05-05,STOP,173.59,1,175.26,-1.67,-0.95,0,0.65,0.37,-1.67,-0.95,49.75,0.05,1
512,Entry long,2015-05-04,V0 LONG,175.26,1,175.26,-1.67,-0.95,0,0.65,0.37,-1.67,-0.95,49.75,0.05,1
513,Exit short,2015-05-08,STOP,174.97,1,172.51,-2.46,-1.43,0,0.33,0.19,-2.46,-1.43,47.29,0.05,1
513,Entry short,2015-05-07,V0 SHORT,172.51,1,172.51,-2.46,-1.43,0,0.33,0.19,-2.46,-1.43,47.29,0.05,1
514,Exit long,2015-05-26,STOP,174.55,1,176.26,-1.71,-0.97,0,1.11,0.63,-1.71,-0.97,45.58,0.05,6
514,Entry long,2015-05-15,V0 LONG,176.26,1,176.26,-1.71,-0.97,0,1.11,0.63,-1.71,-0.97,45.58,0.05,6
515,Exit long,2015-06-01,STOP,174.76,1,176.21,-1.45,-0.82,0,0.04,0.02,-1.45,-0.82,44.13,0.04,1
515,Entry long,2015-05-29,V0 LONG,176.21,1,176.21,-1.45,-0.82,0,0.04,0.02,-1.45,-0.82,44.13,0.04,1
516,Exit short,2015-06-08,TARGET,172.99,1,175.9,2.91,1.65,0,2.91,1.65,-0.55,-0.31,47.04,0.05,3
516,Entry short,2015-06-03,V0 SHORT,175.9,1,175.9,2.91,1.65,0,2.91,1.65,-0.55,-0.31,47.04,0.05,3
517,Exit long,2015-06-12,STOP,173.97,1,175.46,-1.49,-0.85,0,0.51,0.29,-1.49,-0.85,45.55,0.05,1
517,Entry long,2015-06-11,V0 LONG,175.46,1,175.46,-1.49,-0.85,0,0.51,0.29,-1.49,-0.85,45.55,0.05,1
518,Exit long,2015-06-29,STOP,173.25,1,174.73,-1.48,-0.85,0,2.51,1.44,-1.48,-0.85,44.07,0.04,8
518,Entry long,2015-06-17,V0 LONG,174.73,1,174.73,-1.48,-0.85,0,2.51,1.44,-1.48,-0.85,44.07,0.04,8
519,Exit long,2015-07-06,STOP,171.56,1,173.47,-1.91,-1.10,0,0.17,0.10,-1.91,-1.10,42.16,0.04,1
519,Entry long,2015-07-02,V0 LONG,173.47,1,173.47,-1.91,-1.10,0,0.17,0.10,-1.91,-1.10,42.16,0.04,1
520,Exit long,2015-07-08,STOP,170.37,1,172.1,-1.73,-1.01,0,0.29,0.17,-1.73,-1.01,40.43,0.04,0
520,Entry long,2015-07-08,V0 LONG,172.1,1,172.1,-1.73,-1.01,0,0.29,0.17,-1.73,-1.01,40.43,0.04,0
521,Exit long,2015-07-27,STOP,172.53,1,174.85,-2.32,-1.33,0,2.89,1.65,-2.32,-1.33,38.11,0.04,9
521,Entry long,2015-07-14,V0 LONG,174.85,1,174.85,-2.32,-1.33,0,2.89,1.65,-2.32,-1.33,38.11,0.04,9
522,Exit long,2015-08-07,STOP,173.01,1,174.65,-1.64,-0.94,0,1.64,0.94,-1.64,-0.94,36.47,0.04,7
522,Entry long,2015-07-29,V0 LONG,174.65,1,174.65,-1.64,-0.94,0,1.64,0.94,-1.64,-0.94,36.47,0.04,7
523,Exit long,2015-08-12,STOP,172.61,1,174.23,-1.62,-0.93,0,0.41,0.24,-1.62,-0.93,34.85,0.03,1
523,Entry long,2015-08-11,V0 LONG,174.23,1,174.23,-1.62,-0.93,0,0.41,0.24,-1.62,-0.93,34.85,0.03,1
524,Exit long,2015-08-20,STOP,172.17,1,174.01,-1.84,-1.06,0,1.64,0.94,-1.84,-1.06,33.01,0.03,3
524,Entry long,2015-08-17,V0 LONG,174.01,1,174.01,-1.84,-1.06,0,1.64,0.94,-1.84,-1.06,33.01,0.03,3
525,Exit long,2015-09-01,STOP,160.88,1,164.26,-3.38,-2.06,0,2.35,1.43,-3.38,-2.06,29.63,0.03,3
525,Entry long,2015-08-27,V0 LONG,164.26,1,164.26,-3.38,-2.06,0,2.35,1.43,-3.38,-2.06,29.63,0.03,3
526,Exit short,2015-09-16,STOP,166.67,1,163.36,-3.31,-2.03,0,1.41,0.86,-3.31,-2.03,26.32,0.03,6
526,Entry short,2015-09-08,V0 SHORT,163.36,1,163.36,-3.31,-2.03,0,1.41,0.86,-3.31,-2.03,26.32,0.03,6
527,Exit long,2015-09-24,STOP,161.03,1,164.02,-2.99,-1.82,0,1.65,1.01,-2.99,-1.82,23.33,0.02,4
527,Entry long,2015-09-18,V0 LONG,164.02,1,164.02,-2.99,-1.82,0,1.65,1.01,-2.99,-1.82,23.33,0.02,4
528,Exit short,2015-10-05,STOP,164.65,1,160.72,-3.93,-2.45,0,4.06,2.53,-3.93,-2.45,19.4,0.02,5
528,Entry short,2015-09-28,V0 SHORT,160.72,1,160.72,-3.93,-2.45,0,4.06,2.53,-3.93,-2.45,19.4,0.02,5
529,Exit long,2015-10-23,TARGET,173.69,1,166.73,6.96,4.17,0,6.96,4.17,-0.3,-0.18,26.36,0.03,11
529,Entry long,2015-10-08,V0 LONG,166.73,1,166.73,6.96,4.17,0,6.96,4.17,-0.3,-0.18,26.36,0.03,11
530,Exit long,2015-11-12,STOP,172.55,1,174.61,-2.06,-1.18,0,2.78,1.59,-2.06,-1.18,24.3,0.02,10
530,Entry long,2015-10-29,V0 LONG,174.61,1,174.61,-2.06,-1.18,0,2.78,1.59,-2.06,-1.18,24.3,0.02,10
531,Exit long,2015-12-01,TARGET,176.54,1,172.68,3.86,2.24,0,3.86,2.24,-0.05,-0.03,28.16,0.03,8
531,Entry long,2015-11-18,V0 LONG,172.68,1,172.68,3.86,2.24,0,3.86,2.24,-0.05,-0.03,28.16,0.03,8
532,Exit short,2015-12-03,TARGET,171.62,1,175.01,3.39,1.94,0,3.39,1.94,-0.27,-0.15,31.55,0.03,0
532,Entry short,2015-12-03,V0 SHORT,175.01,1,175.01,3.39,1.94,0,3.39,1.94,-0.27,-0.15,31.55,0.03,0
533,Exit short,2015-12-04,STOP,174.55,1,172.71,-1.84,-1.07,0,0.13,0.08,-1.84,-1.07,29.71,0.03,0
533,Entry short,2015-12-04,V0 SHORT,172.71,1,172.71,-1.84,-1.07,0,0.13,0.08,-1.84,-1.07,29.71,0.03,0
534,Exit long,2015-12-08,STOP,173.05,1,175.35,-2.3,-1.31,0,0.42,0.24,-2.3,-1.31,27.41,0.03,1
534,Entry long,2015-12-07,V0 LONG,175.35,1,175.35,-2.3,-1.31,0,0.42,0.24,-2.3,-1.31,27.41,0.03,1
535,Exit short,2015-12-15,STOP,171.57,1,169.35,-2.22,-1.31,0,1.78,1.05,-2.22,-1.31,25.19,0.03,1
535,Entry short,2015-12-14,V0 SHORT,169.35,1,169.35,-2.22,-1.31,0,1.78,1.05,-2.22,-1.31,25.19,0.03,1
536,Exit long,2015-12-17,STOP,172.32,1,174.65,-2.33,-1.33,0,0.07,0.04,-2.33,-1.33,22.86,0.02,0
536,Entry long,2015-12-17,V0 LONG,174.65,1,174.65,-2.33,-1.33,0,0.07,0.04,-2.33,-1.33,22.86,0.02,0
537,Exit short,2015-12-23,STOP,172.56,1,169.8,-2.76,-1.63,0,1.11,0.65,-2.76,-1.63,20.1,0.02,2
537,Entry short,2015-12-21,V0 SHORT,169.8,1,169.8,-2.76,-1.63,0,1.11,0.65,-2.76,-1.63,20.1,0.02,2
538,Exit long,2016-01-04,STOP,169.02,1,172.71,-3.69,-2.14,0,2.47,1.43,-3.69,-2.14,16.41,0.02,4
538,Entry long,2015-12-28,V0 LONG,172.71,1,172.71,-3.69,-2.14,0,2.47,1.43,-3.69,-2.14,16.41,0.02,4
539,Exit short,2016-01-11,TARGET,160.12,1,164.67,4.55,2.76,0,4.55,2.76,-1.78,-1.08,20.96,0.02,2
539,Entry short,2016-01-07,V0 SHORT,164.67,1,164.67,4.55,2.76,0,4.55,2.76,-1.78,-1.08,20.96,0.02,2
540,Exit long,2016-01-13,STOP,161.36,1,163.93,-2.57,-1.57,0,0.35,0.21,-2.57,-1.57,18.39,0.02,0
540,Entry long,2016-01-13,V0 LONG,163.93,1,163.93,-2.57,-1.57,0,0.35,0.21,-2.57,-1.57,18.39,0.02,0
541,Exit short,2016-01-14,STOP,162.58,1,159.8,-2.78,-1.74,0,1.59,0.99,-2.78,-1.74,15.61,0.02,0
541,Entry short,2016-01-14,V0 SHORT,159.8,1,159.8,-2.78,-1.74,0,1.59,0.99,-2.78,-1.74,15.61,0.02,0
542,Exit short,2016-01-21,STOP,159.1,1,155.99,-3.11,-1.99,0,3.38,2.17,-3.11,-1.99,12.5,0.01,1
542,Entry short,2016-01-20,V0 SHORT,155.99,1,155.99,-3.11,-1.99,0,3.38,2.17,-3.11,-1.99,12.5,0.01,1
543,Exit long,2016-02-08,STOP,156.61,1,160.11,-3.5,-2.19,0,3.93,2.45,-3.5,-2.19,9,0.01,10
543,Entry long,2016-01-25,V0 LONG,160.11,1,160.11,-3.5,-2.19,0,3.93,2.45,-3.5,-2.19,9,0.01,10
544,Exit short,2016-02-17,STOP,161.16,1,157.15,-4.01,-2.55,0,4.48,2.85,-4.01,-2.55,4.99,0.00,4
544,Entry short,2016-02-10,V0 SHORT,157.15,1,157.15,-4.01,-2.55,0,4.48,2.85,-4.01,-2.55,4.99,0.00,4
545,Exit long,2016-02-24,STOP,160.47,1,163.44,-2.97,-1.82,0,0.91,0.56,-2.97,-1.82,2.02,0.00,2
545,Entry long,2016-02-22,V0 LONG,163.44,1,163.44,-2.97,-1.82,0,0.91,0.56,-2.97,-1.82,2.02,0.00,2
546,Exit long,2016-03-16,TARGET,171.49,1,165.72,5.77,3.48,0,5.77,3.48,-2.73,-1.65,7.79,0.01,13
546,Entry long,2016-02-26,V0 LONG,165.72,1,165.72,5.77,3.48,0,5.77,3.48,-2.73,-1.65,7.79,0.01,13
547,Exit long,2016-04-19,TARGET,177.73,1,173.01,4.72,2.73,0,4.72,2.73,-2.06,-1.19,12.51,0.01,21
547,Entry long,2016-03-18,V0 LONG,173.01,1,173.01,4.72,2.73,0,4.72,2.73,-2.06,-1.19,12.51,0.01,21
548,Exit long,2016-04-22,STOP,176.38,1,178.06,-1.68,-0.94,0,0.11,0.06,-1.68,-0.94,10.83,0.01,1
548,Entry long,2016-04-21,V0 LONG,178.06,1,178.06,-1.68,-0.94,0,0.11,0.06,-1.68,-0.94,10.83,0.01,1
549,Exit long,2016-04-29,STOP,175.1,1,176.65,-1.55,-0.88,0,1.1,0.62,-1.55,-0.88,9.28,0.01,1
549,Entry long,2016-04-28,V0 LONG,176.65,1,176.65,-1.55,-0.88,0,1.1,0.62,-1.55,-0.88,9.28,0.01,1
550,Exit long,2016-05-04,STOP,173.38,1,175.01,-1.63,-0.93,0,0.23,0.13,-1.63,-0.93,7.65,0.01,1
550,Entry long,2016-05-03,V0 LONG,175.01,1,175.01,-1.63,-0.93,0,0.23,0.13,-1.63,-0.93,7.65,0.01,1
551,Exit long,2016-05-10,TARGET,176.19,1,172.92,3.27,1.89,0,3.27,1.89,-0.15,-0.09,10.92,0.01,2
551,Entry long,2016-05-06,V0 LONG,172.92,1,172.92,3.27,1.89,0,3.27,1.89,-0.15,-0.09,10.92,0.01,2
552,Exit short,2016-05-24,STOP,176.39,1,174.74,-1.65,-0.94,0,2.9,1.66,-1.65,-0.94,9.27,0.01,7
552,Entry short,2016-05-13,V0 SHORT,174.74,1,174.74,-1.65,-0.94,0,2.9,1.66,-1.65,-0.94,9.27,0.01,7
553,Exit long,2016-06-14,STOP,175.73,1,177.48,-1.75,-0.99,0,2.61,1.47,-1.75,-0.99,7.52,0.01,12
553,Entry long,2016-05-26,V0 LONG,177.48,1,177.48,-1.75,-0.99,0,2.61,1.47,-1.75,-0.99,7.52,0.01,12
554,Exit long,2016-06-23,TARGET,179.61,1,176.47,3.14,1.78,0,3.14,1.78,-1.21,-0.69,10.66,0.01,4
554,Entry long,2016-06-17,V0 LONG,176.47,1,176.47,3.14,1.78,0,3.14,1.78,-1.21,-0.69,10.66,0.01,4
555,Exit long,2016-07-01,TARGET,178.88,1,174.48,4.4,2.52,0,4.4,2.52,-0.1,-0.06,15.06,0.02,2
555,Entry long,2016-06-29,V0 LONG,174.48,1,174.48,4.4,2.52,0,4.4,2.52,-0.1,-0.06,15.06,0.02,2
556,Exit long,2016-07-08,TARGET,181.38,1,177.03,4.35,2.46,0,4.35,2.46,-0.65,-0.37,19.41,0.02,2
556,Entry long,2016-07-06,V0 LONG,177.03,1,177.03,4.35,2.46,0,4.35,2.46,-0.65,-0.37,19.41,0.02,2
557,Exit long,2016-08-23,TARGET,187.01,1,182.74,4.27,2.34,0,4.27,2.34,-0.94,-0.51,23.68,0.02,30
557,Entry long,2016-07-12,V0 LONG,182.74,1,182.74,4.27,2.34,0,4.27,2.34,-0.94,-0.51,23.68,0.02,30
558,Exit short,2016-08-26,STOP,186.35,1,185.18,-1.17,-0.63,0,0.15,0.08,-1.17,-0.63,22.51,0.02,1
558,Entry short,2016-08-25,V0 SHORT,185.18,1,185.18,-1.17,-0.63,0,0.15,0.08,-1.17,-0.63,22.51,0.02,1
559,Exit long,2016-08-31,STOP,184.69,1,185.92,-1.23,-0.66,0,0.28,0.15,-1.23,-0.66,21.28,0.02,1
559,Entry long,2016-08-30,V0 LONG,185.92,1,185.92,-1.23,-0.66,0,0.28,0.15,-1.23,-0.66,21.28,0.02,1
560,Exit long,2016-09-09,STOP,184.82,1,186.29,-1.47,-0.79,0,0.44,0.24,-1.47,-0.79,19.81,0.02,3
560,Entry long,2016-09-06,V0 LONG,186.29,1,186.29,-1.47,-0.79,0,0.44,0.24,-1.47,-0.79,19.81,0.02,3
561,Exit long,2016-10-13,STOP,180.99,1,182.76,-1.77,-0.97,0,3.47,1.90,-1.77,-0.97,18.04,0.02,19
561,Entry long,2016-09-16,V0 LONG,182.76,1,182.76,-1.77,-0.97,0,3.47,1.90,-1.77,-0.97,18.04,0.02,19
562,Exit long,2016-10-28,STOP,181.56,1,183.23,-1.67,-0.91,0,1.11,0.61,-1.67,-0.91,16.37,0.02,7
562,Entry long,2016-10-19,V0 LONG,183.23,1,183.23,-1.67,-0.91,0,1.11,0.61,-1.67,-0.91,16.37,0.02,7
563,Exit long,2016-11-01,STOP,180.86,1,182.29,-1.43,-0.78,0,0.05,0.03,-1.43,-0.78,14.94,0.01,0
563,Entry long,2016-11-01,V0 LONG,182.29,1,182.29,-1.43,-0.78,0,0.05,0.03,-1.43,-0.78,14.94,0.01,0
564,Exit short,2016-11-07,STOP,181.87,1,180.34,-1.53,-0.85,0,1.94,1.08,-1.53,-0.85,13.41,0.01,3
564,Entry short,2016-11-02,V0 SHORT,180.34,1,180.34,-1.53,-0.85,0,1.94,1.08,-1.53,-0.85,13.41,0.01,3
565,Exit long,2016-11-30,TARGET,189.81,1,186.03,3.78,2.03,0,3.78,2.03,-1.78,-0.96,17.19,0.02,13
565,Entry long,2016-11-10,V0 LONG,186.03,1,186.03,3.78,2.03,0,3.78,2.03,-1.78,-0.96,17.19,0.02,13
566,Exit short,2016-12-05,STOP,189.46,1,188.06,-1.4,-0.74,0,0.35,0.19,-1.4,-0.74,15.79,0.02,1
566,Entry short,2016-12-02,V0 SHORT,188.06,1,188.06,-1.4,-0.74,0,0.35,0.19,-1.4,-0.74,15.79,0.02,1
567,Exit long,2016-12-07,TARGET,192.32,1,189.65,2.67,1.41,0,2.67,1.41,-0.12,-0.06,18.46,0.02,0
567,Entry long,2016-12-07,V0 LONG,189.65,1,189.65,2.67,1.41,0,2.67,1.41,-0.12,-0.06,18.46,0.02,0
568,Exit long,2016-12-13,TARGET,195.14,1,192.26,2.88,1.50,0,2.88,1.50,-0.27,-0.14,21.34,0.02,3
568,Entry long,2016-12-08,V0 LONG,192.26,1,192.26,2.88,1.50,0,2.88,1.50,-0.27,-0.14,21.34,0.02,3
569,Exit short,2016-12-20,STOP,195.11,1,193.62,-1.49,-0.77,0,0.23,0.12,-1.49,-0.77,19.85,0.02,3
569,Entry short,2016-12-15,V0 SHORT,193.62,1,193.62,-1.49,-0.77,0,0.23,0.12,-1.49,-0.77,19.85,0.02,3
570,Exit long,2016-12-29,STOP,192.83,1,194.13,-1.3,-0.67,0,1.12,0.58,-1.3,-0.67,18.55,0.02,3
570,Entry long,2016-12-23,V0 LONG,194.13,1,194.13,-1.3,-0.67,0,1.12,0.58,-1.3,-0.67,18.55,0.02,3
571,Exit long,2017-01-25,TARGET,196.95,1,194.29,2.66,1.37,0,2.66,1.37,-0.57,-0.29,21.21,0.02,14
571,Entry long,2017-01-04,V0 LONG,194.29,1,194.29,2.66,1.37,0,2.66,1.37,-0.57,-0.29,21.21,0.02,14
572,Exit long,2017-01-30,STOP,196.31,1,197.57,-1.26,-0.64,0,0.14,0.07,-1.26,-0.64,19.95,0.02,1
572,Entry long,2017-01-27,V0 LONG,197.57,1,197.57,-1.26,-0.64,0,0.14,0.07,-1.26,-0.64,19.95,0.02,1
573,Exit long,2017-02-10,TARGET,199.11,1,196.56,2.55,1.30,0,2.55,1.30,-1.23,-0.63,22.5,0.02,7
573,Entry long,2017-02-01,V0 LONG,196.56,1,196.56,2.55,1.30,0,2.55,1.30,-1.23,-0.63,22.5,0.02,7
574,Exit long,2017-02-21,TARGET,202.82,1,200.27,2.55,1.27,0,2.55,1.27,-0.34,-0.17,25.05,0.03,4
574,Entry long,2017-02-14,V0 LONG,200.27,1,200.27,2.55,1.27,0,2.55,1.27,-0.34,-0.17,25.05,0.03,4
575,Exit long,2017-03-01,TARGET,206.15,1,203.78,2.37,1.16,0,2.37,1.16,-0.53,-0.26,27.42,0.03,2
575,Entry long,2017-02-27,V0 LONG,203.78,1,203.78,2.37,1.16,0,2.37,1.16,-0.53,-0.26,27.42,0.03,2
576,Exit short,2017-03-21,TARGET,202.5,1,205.1,2.6,1.27,0,2.6,1.27,-1.1,-0.54,30.02,0.03,12
576,Entry short,2017-03-03,V0 SHORT,205.1,1,205.1,2.6,1.27,0,2.6,1.27,-1.1,-0.54,30.02,0.03,12
577,Exit long,2017-03-27,STOP,200.6,1,202.39,-1.79,-0.88,0,1.16,0.57,-1.79,-0.88,28.23,0.03,2
577,Entry long,2017-03-23,V0 LONG,202.39,1,202.39,-1.79,-0.88,0,1.16,0.57,-1.79,-0.88,28.23,0.03,2
578,Exit long,2017-04-13,STOP,201.74,1,203.24,-1.5,-0.74,0,2.08,1.02,-1.5,-0.74,26.73,0.03,11
578,Entry long,2017-03-29,V0 LONG,203.24,1,203.24,-1.5,-0.74,0,2.08,1.02,-1.5,-0.74,26.73,0.03,11
579,Exit long,2017-04-24,TARGET,205.14,1,202.15,2.99,1.48,0,2.99,1.48,-0.56,-0.28,29.72,0.03,4
579,Entry long,2017-04-18,V0 LONG,202.15,1,202.15,2.99,1.48,0,2.99,1.48,-0.56,-0.28,29.72,0.03,4
580,Exit long,2017-05-17,STOP,204.75,1,206.29,-1.54,-0.75,0,1.87,0.91,-1.54,-0.75,28.18,0.03,15
580,Entry long,2017-04-26,V0 LONG,206.29,1,206.29,-1.54,-0.75,0,1.87,0.91,-1.54,-0.75,28.18,0.03,15
581,Exit long,2017-06-01,TARGET,209.46,1,206.63,2.83,1.37,0,2.83,1.37,-0.07,-0.03,31.01,0.03,7
581,Entry long,2017-05-22,V0 LONG,206.63,1,206.63,2.83,1.37,0,2.83,1.37,-0.07,-0.03,31.01,0.03,7
582,Exit long,2017-06-09,STOP,209.8,1,211.01,-1.21,-0.57,0,0.9,0.43,-1.21,-0.57,29.8,0.03,4
582,Entry long,2017-06-05,V0 LONG,211.01,1,211.01,-1.21,-0.57,0,0.9,0.43,-1.21,-0.57,29.8,0.03,4
583,Exit long,2017-06-14,STOP,210.59,1,211.78,-1.19,-0.56,0,0.01,0.00,-1.19,-0.56,28.61,0.03,0
583,Entry long,2017-06-14,V0 LONG,211.78,1,211.78,-1.19,-0.56,0,0.01,0.00,-1.19,-0.56,28.61,0.03,0
584,Exit short,2017-06-19,STOP,212.23,1,211,-1.23,-0.58,0,0.99,0.47,-1.23,-0.58,27.38,0.03,1
584,Entry short,2017-06-16,V0 SHORT,211,1,211,-1.23,-0.58,0,0.99,0.47,-1.23,-0.58,27.38,0.03,1
585,Exit long,2017-06-27,STOP,209.9,1,211.16,-1.26,-0.60,0,1.24,0.59,-1.26,-0.60,26.12,0.03,3
585,Entry long,2017-06-22,V0 LONG,211.16,1,211.16,-1.26,-0.60,0,1.24,0.59,-1.26,-0.60,26.12,0.03,3
586,Exit long,2017-06-29,STOP,210.47,1,211.77,-1.3,-0.61,0,0.05,0.02,-1.3,-0.61,24.82,0.02,0
586,Entry long,2017-06-29,V0 LONG,211.77,1,211.77,-1.3,-0.61,0,0.05,0.02,-1.3,-0.61,24.82,0.02,0
587,Exit long,2017-07-14,TARGET,213.03,1,210.23,2.8,1.33,0,2.8,1.33,-1.34,-0.64,27.62,0.03,6
587,Entry long,2017-07-06,V0 LONG,210.23,1,210.23,2.8,1.33,0,2.8,1.33,-1.34,-0.64,27.62,0.03,6
588,Exit long,2017-08-08,TARGET,215.65,1,212.99,2.66,1.25,0,2.66,1.25,-0.34,-0.16,30.28,0.03,15
588,Entry long,2017-07-18,V0 LONG,212.99,1,212.99,2.66,1.25,0,2.66,1.25,-0.34,-0.16,30.28,0.03,15
589,Exit short,2017-08-14,STOP,213.45,1,212.08,-1.37,-0.65,0,0.23,0.11,-1.37,-0.65,28.91,0.03,1
589,Entry short,2017-08-11,V0 SHORT,212.08,1,212.08,-1.37,-0.65,0,0.23,0.11,-1.37,-0.65,28.91,0.03,1
590,Exit long,2017-08-31,TARGET,214.45,1,211.69,2.76,1.30,0,2.76,1.30,-0.55,-0.26,31.67,0.03,7
590,Entry long,2017-08-22,V0 LONG,211.69,1,211.69,2.76,1.30,0,2.76,1.30,-0.55,-0.26,31.67,0.03,7
591,Exit long,2017-09-05,STOP,213.52,1,214.9,-1.38,-0.64,0,0.23,0.11,-1.38,-0.64,30.29,0.03,0
591,Entry long,2017-09-05,V0 LONG,214.9,1,214.9,-1.38,-0.64,0,0.23,0.11,-1.38,-0.64,30.29,0.03,0
592,Exit long,2017-09-12,TARGET,217.04,1,214.27,2.77,1.29,0,2.77,1.29,-0.2,-0.09,33.06,0.03,2
592,Entry long,2017-09-08,V0 LONG,214.27,1,214.27,2.77,1.29,0,2.77,1.29,-0.2,-0.09,33.06,0.03,2
593,Exit short,2017-09-20,STOP,218.47,1,217.21,-1.26,-0.58,0,0.1,0.05,-1.26,-0.58,31.8,0.03,3
593,Entry short,2017-09-15,V0 SHORT,217.21,1,217.21,-1.26,-0.58,0,0.1,0.05,-1.26,-0.58,31.8,0.03,3
594,Exit long,2017-10-02,TARGET,219.74,1,217.62,2.12,0.97,0,2.12,0.97,-0.94,-0.43,33.92,0.03,5
594,Entry long,2017-09-25,V0 LONG,217.62,1,217.62,2.12,0.97,0,2.12,0.97,-0.94,-0.43,33.92,0.03,5
595,Exit long,2017-10-20,TARGET,224.29,1,222.3,1.99,0.90,0,1.99,0.90,-0.17,-0.08,35.91,0.04,7
595,Entry long,2017-10-11,V0 LONG,222.3,1,222.3,1.99,0.90,0,1.99,0.90,-0.17,-0.08,35.91,0.04,7
596,Exit short,2017-10-25,TARGET,222.29,1,224.12,1.83,0.82,0,1.83,0.82,-0.2,-0.09,37.74,0.04,1
596,Entry short,2017-10-24,V0 SHORT,224.12,1,224.12,1.83,0.82,0,1.83,0.82,-0.2,-0.09,37.74,0.04,1
597,Exit long,2017-11-15,STOP,223.47,1,224.53,-1.06,-0.47,0,2,0.89,-1.06,-0.47,36.68,0.04,12
597,Entry long,2017-10-30,V0 LONG,224.53,1,224.53,-1.06,-0.47,0,2,0.89,-1.06,-0.47,36.68,0.04,12
598,Exit long,2017-11-28,TARGET,228.08,1,225.54,2.54,1.13,0,2.54,1.13,-0.39,-0.17,39.22,0.04,6
598,Entry long,2017-11-17,V0 LONG,225.54,1,225.54,2.54,1.13,0,2.54,1.13,-0.39,-0.17,39.22,0.04,6
599,Exit long,2017-12-12,TARGET,232.86,1,229.79,3.07,1.34,0,3.07,1.34,-0.13,-0.06,42.29,0.04,3
599,Entry long,2017-12-07,V0 LONG,229.79,1,229.79,3.07,1.34,0,3.07,1.34,-0.13,-0.06,42.29,0.04,3
600,Exit long,2018-01-03,TARGET,236.12,1,233.29,2.83,1.21,0,2.83,1.21,-1.31,-0.56,45.12,0.05,12
600,Entry long,2017-12-14,V0 LONG,233.29,1,233.29,2.83,1.21,0,2.83,1.21,-1.31,-0.56,45.12,0.05,12
601,Exit long,2018-01-11,TARGET,241.89,1,239.24,2.65,1.11,0,2.65,1.11,-0.49,-0.20,47.77,0.05,4
601,Entry long,2018-01-05,V0 LONG,239.24,1,239.24,2.65,1.11,0,2.65,1.11,-0.49,-0.20,47.77,0.05,4
602,Exit long,2018-01-16,STOP,243.85,1,245.24,-1.39,-0.57,0,0.65,0.27,-1.39,-0.57,46.38,0.05,0
602,Entry long,2018-01-16,V0 LONG,245.24,1,245.24,-1.39,-0.57,0,0.65,0.27,-1.39,-0.57,46.38,0.05,0
603,Exit long,2018-01-23,TARGET,248.59,1,245.36,3.23,1.32,0,3.23,1.32,-0.79,-0.32,49.61,0.05,3
603,Entry long,2018-01-18,V0 LONG,245.36,1,245.36,3.23,1.32,0,3.23,1.32,-0.79,-0.32,49.61,0.05,3
604,Exit long,2018-01-30,STOP,247.9,1,249.54,-1.64,-0.66,0,2.09,0.84,-1.64,-0.66,47.97,0.05,2
604,Entry long,2018-01-26,V0 LONG,249.54,1,249.54,-1.64,-0.66,0,2.09,0.84,-1.64,-0.66,47.97,0.05,2
605,Exit short,2018-02-05,TARGET,235.79,1,240.06,4.27,1.78,0,4.27,1.78,-2.11,-0.88,52.24,0.05,0
605,Entry short,2018-02-05,V0 SHORT,240.06,1,240.06,4.27,1.78,0,4.27,1.78,-2.11,-0.88,52.24,0.05,0
606,Exit short,2018-02-08,TARGET,228.64,1,235.29,6.65,2.83,0,6.65,2.83,-0.14,-0.06,58.89,0.06,0
606,Entry short,2018-02-08,V0 SHORT,235.29,1,235.29,6.65,2.83,0,6.65,2.83,-0.14,-0.06,58.89,0.06,0
607,Exit short,2018-02-12,STOP,232.72,1,228.96,-3.76,-1.64,0,6.92,3.02,-3.76,-1.64,55.13,0.06,1
607,Entry short,2018-02-09,V0 SHORT,228.96,1,228.96,-3.76,-1.64,0,6.92,3.02,-3.76,-1.64,55.13,0.06,1
608,Exit long,2018-02-16,TARGET,240.26,1,232.04,8.22,3.54,0,8.22,3.54,-0.01,0.00,63.35,0.06,2
608,Entry long,2018-02-14,V0 LONG,232.04,1,232.04,8.22,3.54,0,8.22,3.54,-0.01,0.00,63.35,0.06,2
609,Exit short,2018-02-26,STOP,242.65,1,238.7,-3.95,-1.65,0,1.98,0.83,-3.95,-1.65,59.4,0.06,3
609,Entry short,2018-02-21,V0 SHORT,238.7,1,238.7,-3.95,-1.65,0,1.98,0.83,-3.95,-1.65,59.4,0.06,3
610,Exit short,2018-03-05,STOP,237.39,1,233.35,-4.04,-1.73,0,0.86,0.37,-4.04,-1.73,55.36,0.06,1
610,Entry short,2018-03-02,V0 SHORT,233.35,1,233.35,-4.04,-1.73,0,0.86,0.37,-4.04,-1.73,55.36,0.06,1
611,Exit long,2018-03-12,TARGET,245.29,1,237.4,7.89,3.32,0,7.89,3.32,-0.19,-0.08,63.25,0.06,3
611,Entry long,2018-03-07,V0 LONG,237.4,1,237.4,7.89,3.32,0,7.89,3.32,-0.19,-0.08,63.25,0.06,3
612,Exit short,2018-03-22,TARGET,236.14,1,243.89,7.75,3.18,0,7.75,3.18,-0.18,-0.07,71,0.07,6
612,Entry short,2018-03-14,V0 SHORT,243.89,1,243.89,7.75,3.18,0,7.75,3.18,-0.18,-0.07,71,0.07,6
613,Exit long,2018-03-27,STOP,230.77,1,234.61,-3.84,-1.64,0,0.53,0.23,-3.84,-1.64,67.16,0.07,0
613,Entry long,2018-03-27,V0 LONG,234.61,1,234.61,-3.84,-1.64,0,0.53,0.23,-3.84,-1.64,67.16,0.07,0
614,Exit short,2018-04-05,STOP,234.19,1,230.16,-4.03,-1.75,0,5.69,2.47,-4.03,-1.75,63.13,0.06,4
614,Entry short,2018-03-29,V0 SHORT,230.16,1,230.16,-4.03,-1.75,0,5.69,2.47,-4.03,-1.75,63.13,0.06,4
615,Exit short,2018-04-12,STOP,234.91,1,230.38,-4.53,-1.97,0,1.27,0.55,-4.53,-1.97,58.6,0.06,3
615,Entry short,2018-04-09,V0 SHORT,230.38,1,230.38,-4.53,-1.97,0,1.27,0.55,-4.53,-1.97,58.6,0.06,3
616,Exit long,2018-04-24,STOP,233.34,1,237.39,-4.05,-1.71,0,1.74,0.73,-4.05,-1.71,54.55,0.05,5
616,Entry long,2018-04-17,V0 LONG,237.39,1,237.39,-4.05,-1.71,0,1.74,0.73,-4.05,-1.71,54.55,0.05,5
617,Exit long,2018-05-01,STOP,231.72,1,235.34,-3.62,-1.54,0,0.78,0.33,-3.62,-1.54,50.93,0.05,2
617,Entry long,2018-04-27,V0 LONG,235.34,1,235.34,-3.62,-1.54,0,0.78,0.33,-3.62,-1.54,50.93,0.05,2
618,Exit short,2018-05-04,STOP,234.49,1,231.16,-3.33,-1.44,0,2.83,1.22,-3.33,-1.44,47.6,0.05,1
618,Entry short,2018-05-03,V0 SHORT,231.16,1,231.16,-3.33,-1.44,0,2.83,1.22,-3.33,-1.44,47.6,0.05,1
619,Exit long,2018-05-22,TARGET,241.61,1,234.9,6.71,2.86,0,6.71,2.86,-1.19,-0.51,54.31,0.05,10
619,Entry long,2018-05-08,V0 LONG,234.9,1,234.9,6.71,2.86,0,6.71,2.86,-1.19,-0.51,54.31,0.05,10
620,Exit long,2018-05-29,STOP,238.05,1,240.55,-2.5,-1.04,0,0.27,0.11,-2.5,-1.04,51.81,0.05,2
620,Entry long,2018-05-24,V0 LONG,240.55,1,240.55,-2.5,-1.04,0,0.27,0.11,-2.5,-1.04,51.81,0.05,2
621,Exit long,2018-06-07,TARGET,245.18,1,240.11,5.07,2.11,0,5.07,2.11,-0.07,-0.03,56.88,0.06,4
621,Entry long,2018-06-01,V0 LONG,240.11,1,240.11,5.07,2.11,0,5.07,2.11,-0.07,-0.03,56.88,0.06,4
622,Exit long,2018-06-19,STOP,242.59,1,245.42,-2.83,-1.15,0,0.92,0.37,-2.83,-1.15,54.05,0.05,6
622,Entry long,2018-06-11,V0 LONG,245.42,1,245.42,-2.83,-1.15,0,0.92,0.37,-2.83,-1.15,54.05,0.05,6
623,Exit short,2018-06-29,STOP,240.93,1,238.42,-2.51,-1.05,0,0.71,0.30,-2.51,-1.05,51.54,0.05,1
623,Entry short,2018-06-28,V0 SHORT,238.42,1,238.42,-2.51,-1.05,0,0.71,0.30,-2.51,-1.05,51.54,0.05,1
624,Exit long,2018-07-10,TARGET,246.5,1,241.59,4.91,2.03,0,4.91,2.03,-2.17,-0.90,56.45,0.06,4
624,Entry long,2018-07-03,V0 LONG,241.59,1,241.59,4.91,2.03,0,4.91,2.03,-2.17,-0.90,56.45,0.06,4
625,Exit short,2018-07-17,STOP,248.6,1,246.38,-2.22,-0.90,0,0.6,0.24,-2.22,-0.90,54.23,0.05,3
625,Entry short,2018-07-12,V0 SHORT,246.38,1,246.38,-2.22,-0.90,0,0.6,0.24,-2.22,-0.90,54.23,0.05,3
626,Exit long,2018-08-06,TARGET,252.15,1,248.18,3.97,1.60,0,3.97,1.60,-1.11,-0.45,58.2,0.06,12
626,Entry long,2018-07-19,V0 LONG,248.18,1,248.18,3.97,1.60,0,3.97,1.60,-1.11,-0.45,58.2,0.06,12
627,Exit long,2018-08-10,STOP,250.82,1,252.68,-1.86,-0.74,0,0.51,0.20,-1.86,-0.74,56.34,0.06,2
627,Entry long,2018-08-08,V0 LONG,252.68,1,252.68,-1.86,-0.74,0,0.51,0.20,-1.86,-0.74,56.34,0.06,2
628,Exit long,2018-08-15,STOP,248.2,1,250.01,-1.81,-0.72,0,0.14,0.06,-1.81,-0.72,54.53,0.05,0
628,Entry long,2018-08-15,V0 LONG,250.01,1,250.01,-1.81,-0.72,0,0.14,0.06,-1.81,-0.72,54.53,0.05,0
629,Exit long,2018-08-27,TARGET,255.75,1,251.3,4.45,1.77,0,4.45,1.77,-0.41,-0.16,58.98,0.06,6
629,Entry long,2018-08-17,V0 LONG,251.3,1,251.3,4.45,1.77,0,4.45,1.77,-0.41,-0.16,58.98,0.06,6
630,Exit long,2018-09-05,STOP,255.17,1,256.9,-1.73,-0.67,0,1.4,0.54,-1.73,-0.67,57.25,0.06,4
630,Entry long,2018-08-29,V0 LONG,256.9,1,256.9,-1.73,-0.67,0,1.4,0.54,-1.73,-0.67,57.25,0.06,4
631,Exit short,2018-09-10,STOP,255.79,1,254.08,-1.71,-0.67,0,0.23,0.09,-1.71,-0.67,55.54,0.06,1
631,Entry short,2018-09-07,V0 SHORT,254.08,1,254.08,-1.71,-0.67,0,0.23,0.09,-1.71,-0.67,55.54,0.06,1
632,Exit long,2018-09-20,TARGET,259.38,1,255.93,3.45,1.35,0,3.45,1.35,-0.74,-0.29,58.99,0.06,6
632,Entry long,2018-09-12,V0 LONG,255.93,1,255.93,3.45,1.35,0,3.45,1.35,-0.74,-0.29,58.99,0.06,6
633,Exit long,2018-10-04,STOP,256.24,1,257.91,-1.67,-0.65,0,2.86,1.11,-1.67,-0.65,57.32,0.06,4
633,Entry long,2018-09-28,V0 LONG,257.91,1,257.91,-1.67,-0.65,0,2.86,1.11,-1.67,-0.65,57.32,0.06,4
634,Exit long,2018-10-10,STOP,253.17,1,255.1,-1.93,-0.76,0,0.07,0.03,-1.93,-0.76,55.39,0.06,0
634,Entry long,2018-10-10,V0 LONG,255.1,1,255.1,-1.93,-0.76,0,0.07,0.03,-1.93,-0.76,55.39,0.06,0
635,Exit short,2018-10-11,TARGET,241.64,1,246.43,4.79,1.94,0,4.79,1.94,-1.62,-0.66,60.18,0.06,0
635,Entry short,2018-10-11,V0 SHORT,246.43,1,246.43,4.79,1.94,0,4.79,1.94,-1.62,-0.66,60.18,0.06,0
636,Exit long,2018-10-18,STOP,246.36,1,249.42,-3.06,-1.23,0,0.63,0.25,-3.06,-1.23,57.12,0.06,1
636,Entry long,2018-10-17,V0 LONG,249.42,1,249.42,-3.06,-1.23,0,0.63,0.25,-3.06,-1.23,57.12,0.06,1
637,Exit short,2018-10-24,TARGET,236.4,1,243.09,6.69,2.75,0,6.69,2.75,-0.39,-0.16,63.81,0.06,0
637,Entry short,2018-10-24,V0 SHORT,243.09,1,243.09,6.69,2.75,0,6.69,2.75,-0.39,-0.16,63.81,0.06,0
638,Exit short,2018-10-25,STOP,241.49,1,237.8,-3.69,-1.55,0,1.02,0.43,-3.69,-1.55,60.12,0.06,0
638,Entry short,2018-10-25,V0 SHORT,237.8,1,237.8,-3.69,-1.55,0,1.02,0.43,-3.69,-1.55,60.12,0.06,0
639,Exit short,2018-10-31,STOP,240.71,1,234.5,-6.21,-2.65,0,0.49,0.21,-6.21,-2.65,53.91,0.05,1
639,Entry short,2018-10-30,V0 SHORT,234.5,1,234.5,-6.21,-2.65,0,0.49,0.21,-6.21,-2.65,53.91,0.05,1
640,Exit long,2018-11-02,STOP,239.96,1,244.36,-4.4,-1.80,0,0.42,0.17,-4.4,-1.80,49.51,0.05,0
640,Entry long,2018-11-02,V0 LONG,244.36,1,244.36,-4.4,-1.80,0,0.42,0.17,-4.4,-1.80,49.51,0.05,0
641,Exit long,2018-11-12,STOP,242.74,1,246.86,-4.12,-1.67,0,3.25,1.32,-4.12,-1.67,45.39,0.05,3
641,Entry long,2018-11-07,V0 LONG,246.86,1,246.86,-4.12,-1.67,0,3.25,1.32,-4.12,-1.67,45.39,0.05,3
642,Exit long,2018-11-20,STOP,236.01,1,241.72,-5.71,-2.36,0,2.64,1.09,-5.71,-2.36,39.68,0.04,2
642,Entry long,2018-11-16,V0 LONG,241.72,1,241.72,-5.71,-2.36,0,2.64,1.09,-5.71,-2.36,39.68,0.04,2
643,Exit short,2018-11-28,STOP,240.42,1,236.38,-4.04,-1.71,0,0.39,0.16,-4.04,-1.71,35.64,0.04,2
643,Entry short,2018-11-26,V0 SHORT,236.38,1,236.38,-4.04,-1.71,0,0.39,0.16,-4.04,-1.71,35.64,0.04,2
644,Exit long,2018-12-04,STOP,245.43,1,249.28,-3.85,-1.54,0,0.1,0.04,-3.85,-1.54,31.79,0.03,1
644,Entry long,2018-12-03,V0 LONG,249.28,1,249.28,-3.85,-1.54,0,0.1,0.04,-3.85,-1.54,31.79,0.03,1
645,Exit short,2018-12-12,STOP,238.87,1,234.24,-4.63,-1.98,0,4.23,1.81,-4.63,-1.98,27.16,0.03,2
645,Entry short,2018-12-10,V0 SHORT,234.24,1,234.24,-4.63,-1.98,0,4.23,1.81,-4.63,-1.98,27.16,0.03,2
646,Exit short,2018-12-20,TARGET,221.52,1,230.71,9.19,3.98,0,9.19,3.98,-1.11,-0.48,36.35,0.04,3
646,Entry short,2018-12-17,V0 SHORT,230.71,1,230.71,9.19,3.98,0,9.19,3.98,-1.11,-0.48,36.35,0.04,3
647,Exit short,2018-12-26,STOP,219.17,1,213.84,-5.33,-2.49,0,4.72,2.21,-5.33,-2.49,31.02,0.03,1
647,Entry short,2018-12-24,V0 SHORT,213.84,1,213.84,-5.33,-2.49,0,4.72,2.21,-5.33,-2.49,31.02,0.03,1
648,Exit long,2019-01-17,TARGET,235.19,1,223.27,11.92,5.34,0,11.92,5.34,-5.29,-2.37,42.94,0.04,13
648,Entry long,2018-12-28,V0 LONG,223.27,1,223.27,11.92,5.34,0,11.92,5.34,-5.29,-2.37,42.94,0.04,13
649,Exit long,2019-02-12,TARGET,245.31,1,236.9,8.41,3.55,0,8.41,3.55,-3.72,-1.57,51.35,0.05,15
649,Entry long,2019-01-22,V0 LONG,236.9,1,236.9,8.41,3.55,0,8.41,3.55,-3.72,-1.57,51.35,0.05,15
650,Exit long,2019-02-25,TARGET,251.13,1,244.92,6.21,2.54,0,6.21,2.54,-0.82,-0.33,57.56,0.06,6
650,Entry long,2019-02-14,V0 LONG,244.92,1,244.92,6.21,2.54,0,6.21,2.54,-0.82,-0.33,57.56,0.06,6
651,Exit long,2019-03-04,STOP,248.51,1,250.87,-2.36,-0.94,0,1.28,0.51,-2.36,-0.94,55.2,0.06,1
651,Entry long,2019-03-01,V0 LONG,250.87,1,250.87,-2.36,-0.94,0,1.28,0.51,-2.36,-0.94,55.2,0.06,1
652,Exit short,2019-03-08,TARGET,244.17,1,249.72,5.55,2.22,0,5.55,2.22,-0.01,0.00,60.75,0.06,2
652,Entry short,2019-03-06,V0 SHORT,249.72,1,249.72,5.55,2.22,0,5.55,2.22,-0.01,0.00,60.75,0.06,2
653,Exit long,2019-03-19,TARGET,254.74,1,249.64,5.1,2.04,0,5.1,2.04,-0.19,-0.08,65.85,0.07,5
653,Entry long,2019-03-12,V0 LONG,249.64,1,249.64,5.1,2.04,0,5.1,2.04,-0.19,-0.08,65.85,0.07,5
654,Exit long,2019-03-22,STOP,252.04,1,254.48,-2.44,-0.96,0,0.52,0.20,-2.44,-0.96,63.41,0.06,0
654,Entry long,2019-03-22,V0 LONG,254.48,1,254.48,-2.44,-0.96,0,0.52,0.20,-2.44,-0.96,63.41,0.06,0
655,Exit short,2019-03-26,STOP,253.19,1,250.57,-2.62,-1.05,0,1.11,0.44,-2.62,-1.05,60.79,0.06,1
655,Entry short,2019-03-25,V0 SHORT,250.57,1,250.57,-2.62,-1.05,0,1.11,0.44,-2.62,-1.05,60.79,0.06,1
656,Exit long,2019-04-05,TARGET,258.96,1,253.73,5.23,2.06,0,5.23,2.06,-1.12,-0.44,66.02,0.07,5
656,Entry long,2019-03-29,V0 LONG,253.73,1,253.73,5.23,2.06,0,5.23,2.06,-1.12,-0.44,66.02,0.07,5
657,Exit long,2019-04-23,TARGET,262.99,1,258.52,4.47,1.73,0,4.47,1.73,-0.92,-0.36,70.49,0.07,9
657,Entry long,2019-04-09,V0 LONG,258.52,1,258.52,4.47,1.73,0,4.47,1.73,-0.92,-0.36,70.49,0.07,9
658,Exit long,2019-05-02,STOP,261.85,1,263.72,-1.87,-0.71,0,1.3,0.49,-1.87,-0.71,68.62,0.07,3
658,Entry long,2019-04-29,V0 LONG,263.72,1,263.72,-1.87,-0.71,0,1.3,0.49,-1.87,-0.71,68.62,0.07,3
659,Exit long,2019-05-07,STOP,257.87,1,259.9,-2.03,-0.78,0,3.64,1.40,-2.03,-0.78,66.59,0.07,1
659,Entry long,2019-05-06,V0 LONG,259.9,1,259.9,-2.03,-0.78,0,3.64,1.40,-2.03,-0.78,66.59,0.07,1
660,Exit long,2019-05-16,TARGET,259.42,1,253.76,5.66,2.23,0,5.66,2.23,-2.24,-0.88,72.25,0.07,3
660,Entry long,2019-05-13,V0 LONG,253.76,1,253.76,5.66,2.23,0,5.66,2.23,-2.24,-0.88,72.25,0.07,3
661,Exit short,2019-05-29,TARGET,248.68,1,255.23,6.55,2.57,0,6.55,2.57,-2.58,-1.01,78.8,0.08,6
661,Entry short,2019-05-20,V0 SHORT,255.23,1,255.23,6.55,2.57,0,6.55,2.57,-2.58,-1.01,78.8,0.08,6
662,Exit long,2019-06-05,TARGET,254.23,1,248.17,6.06,2.44,0,6.06,2.44,-2.79,-1.12,84.86,0.08,3
662,Entry long,2019-05-31,V0 LONG,248.17,1,248.17,6.06,2.44,0,6.06,2.44,-2.79,-1.12,84.86,0.08,3
663,Exit long,2019-06-18,TARGET,263.19,1,256.91,6.28,2.44,0,6.28,2.44,-0.17,-0.07,91.14,0.09,7
663,Entry long,2019-06-07,V0 LONG,256.91,1,256.91,6.28,2.44,0,6.28,2.44,-0.17,-0.07,91.14,0.09,7
664,Exit long,2019-06-25,STOP,263.32,1,266,-2.68,-1.01,0,0.82,0.31,-2.68,-1.01,88.46,0.09,3
664,Entry long,2019-06-20,V0 LONG,266,1,266,-2.68,-1.01,0,0.82,0.31,-2.68,-1.01,88.46,0.09,3
665,Exit long,2019-07-03,TARGET,268.96,1,264.17,4.79,1.81,0,4.79,1.81,-0.52,-0.20,93.25,0.09,3
665,Entry long,2019-06-28,V0 LONG,264.17,1,264.17,4.79,1.81,0,4.79,1.81,-0.52,-0.20,93.25,0.09,3
666,Exit short,2019-07-10,STOP,269.39,1,266.84,-2.55,-0.96,0,0.06,0.02,-2.55,-0.96,90.7,0.09,1
666,Entry short,2019-07-09,V0 SHORT,266.84,1,266.84,-2.55,-0.96,0,0.06,0.02,-2.55,-0.96,90.7,0.09,1
667,Exit long,2019-07-17,STOP,269.72,1,271.89,-2.17,-0.80,0,0,0.00,-2.17,-0.80,88.53,0.09,2
667,Entry long,2019-07-15,V0 LONG,271.89,1,271.89,-2.17,-0.80,0,0,0.00,-2.17,-0.80,88.53,0.09,2
668,Exit long,2019-07-19,STOP,268.86,1,270.9,-2.04,-0.75,0,0.03,0.01,-2.04,-0.75,86.49,0.09,0
668,Entry long,2019-07-19,V0 LONG,270.9,1,270.9,-2.04,-0.75,0,0.03,0.01,-2.04,-0.75,86.49,0.09,0
669,Exit long,2019-07-31,STOP,268.1,1,270.13,-2.03,-0.75,0,2.75,1.02,-2.03,-0.75,84.46,0.08,5
669,Entry long,2019-07-24,V0 LONG,270.13,1,270.13,-2.03,-0.75,0,2.75,1.02,-2.03,-0.75,84.46,0.08,5
670,Exit long,2019-08-14,STOP,258.14,1,261.49,-3.35,-1.28,0,4.09,1.56,-3.35,-1.28,81.11,0.08,4
670,Entry long,2019-08-08,V0 LONG,261.49,1,261.49,-3.35,-1.28,0,4.09,1.56,-3.35,-1.28,81.11,0.08,4
671,Exit long,2019-08-23,STOP,259.84,1,263.81,-3.97,-1.50,0,1.57,0.60,-3.97,-1.50,77.14,0.08,4
671,Entry long,2019-08-19,V0 LONG,263.81,1,263.81,-3.97,-1.50,0,1.57,0.60,-3.97,-1.50,77.14,0.08,4
672,Exit long,2019-09-11,TARGET,271.15,1,263.39,7.76,2.95,0,7.76,2.95,-2.21,-0.84,84.9,0.08,8
672,Entry long,2019-08-29,V0 LONG,263.39,1,263.39,7.76,2.95,0,7.76,2.95,-2.21,-0.84,84.9,0.08,8
673,Exit long,2019-09-18,STOP,269.31,1,272.47,-3.16,-1.16,0,0.35,0.13,-3.16,-1.16,81.74,0.08,3
673,Entry long,2019-09-13,V0 LONG,272.47,1,272.47,-3.16,-1.16,0,0.35,0.13,-3.16,-1.16,81.74,0.08,3
674,Exit short,2019-10-02,TARGET,262.88,1,268.45,5.57,2.07,0,5.57,2.07,-2.26,-0.84,87.31,0.09,5
674,Entry short,2019-09-25,V0 SHORT,268.45,1,268.45,5.57,2.07,0,5.57,2.07,-2.26,-0.84,87.31,0.09,5
675,Exit long,2019-10-11,TARGET,270.69,1,264.08,6.61,2.50,0,6.61,2.50,-2.4,-0.91,93.92,0.09,5
675,Entry long,2019-10-04,V0 LONG,264.08,1,264.08,6.61,2.50,0,6.61,2.50,-2.4,-0.91,93.92,0.09,5
676,Exit long,2019-10-30,TARGET,276,1,269.49,6.51,2.42,0,6.51,2.42,-0.12,-0.04,100.43,0.10,11
676,Entry long,2019-10-15,V0 LONG,269.49,1,269.49,6.51,2.42,0,6.51,2.42,-0.12,-0.04,100.43,0.10,11
677,Exit long,2019-11-25,TARGET,284.12,1,279.24,4.88,1.75,0,4.88,1.75,-1.63,-0.58,105.31,0.11,15
677,Entry long,2019-11-04,V0 LONG,279.24,1,279.24,4.88,1.75,0,4.88,1.75,-1.63,-0.58,105.31,0.11,15
678,Exit long,2019-12-02,STOP,283.51,1,285.37,-1.86,-0.65,0,0.79,0.28,-1.86,-0.65,103.45,0.10,2
678,Entry long,2019-11-27,V0 LONG,285.37,1,285.37,-1.86,-0.65,0,0.79,0.28,-1.86,-0.65,103.45,0.10,2
679,Exit long,2019-12-12,TARGET,287.32,1,283.21,4.11,1.45,0,4.11,1.45,-1.5,-0.53,107.56,0.11,5
679,Entry long,2019-12-05,V0 LONG,283.21,1,283.21,4.11,1.45,0,4.11,1.45,-1.5,-0.53,107.56,0.11,5
680,Exit long,2019-12-26,TARGET,293.69,1,289.55,4.14,1.43,0,4.14,1.43,-0.05,-0.02,111.7,0.11,7
680,Entry long,2019-12-16,V0 LONG,289.55,1,289.55,4.14,1.43,0,4.14,1.43,-0.05,-0.02,111.7,0.11,7
681,Exit short,2020-01-02,STOP,294.91,1,292.17,-2.74,-0.94,0,0.35,0.12,-2.74,-0.94,108.96,0.11,1
681,Entry short,2019-12-31,V0 SHORT,292.17,1,292.17,-2.74,-0.94,0,0.35,0.12,-2.74,-0.94,108.96,0.11,1
682,Exit long,2020-01-16,TARGET,301.36,1,297.3,4.06,1.37,0,4.06,1.37,-0.88,-0.30,113.02,0.11,5
682,Entry long,2020-01-09,V0 LONG,297.3,1,297.3,4.06,1.37,0,4.06,1.37,-0.88,-0.30,113.02,0.11,5
683,Exit long,2020-01-24,STOP,299.66,1,301.62,-1.96,-0.65,0,1.87,0.62,-1.96,-0.65,111.06,0.11,3
683,Entry long,2020-01-21,V0 LONG,301.62,1,301.62,-1.96,-0.65,0,1.87,0.62,-1.96,-0.65,111.06,0.11,3
684,Exit long,2020-01-31,STOP,293.2,1,295.66,-2.46,-0.83,0,3.23,1.09,-2.46,-0.83,108.6,0.11,1
684,Entry long,2020-01-30,V0 LONG,295.66,1,295.66,-2.46,-0.83,0,3.23,1.09,-2.46,-0.83,108.6,0.11,1
685,Exit long,2020-02-19,TARGET,309.06,1,302.87,6.19,2.04,0,6.19,2.04,-1.46,-0.48,114.79,0.11,9
685,Entry long,2020-02-05,V0 LONG,302.87,1,302.87,6.19,2.04,0,6.19,2.04,-1.46,-0.48,114.79,0.11,9
686,Exit short,2020-02-25,TARGET,288.82,1,294.55,5.73,1.95,0,5.73,1.95,-2.47,-0.84,120.52,0.12,1
686,Entry short,2020-02-24,V0 SHORT,294.55,1,294.55,5.73,1.95,0,5.73,1.95,-2.47,-0.84,120.52,0.12,1
687,Exit short,2020-02-27,STOP,282.68,1,278.43,-4.25,-1.53,0,0,0.00,-4.25,-1.53,116.27,0.12,0
687,Entry short,2020-02-27,V0 SHORT,278.43,1,278.43,-4.25,-1.53,0,0,0.00,-4.25,-1.53,116.27,0.12,0
688,Exit short,2020-02-28,STOP,268.01,1,263.15,-4.86,-1.85,0,2.88,1.09,-4.86,-1.85,111.41,0.11,0
688,Entry short,2020-02-28,V0 SHORT,263.15,1,263.15,-4.86,-1.85,0,2.88,1.09,-4.86,-1.85,111.41,0.11,0
689,Exit long,2020-03-03,STOP,276.22,1,282.11,-5.89,-2.09,0,3.96,1.40,-5.89,-2.09,105.52,0.11,0
689,Entry long,2020-03-03,V0 LONG,282.11,1,282.11,-5.89,-2.09,0,3.96,1.40,-5.89,-2.09,105.52,0.11,0
690,Exit long,2020-03-06,STOP,267.21,1,277.99,-10.78,-3.88,0,3.18,1.14,-10.78,-3.88,94.74,0.09,1
690,Entry long,2020-03-05,V0 LONG,277.99,1,277.99,-10.78,-3.88,0,3.18,1.14,-10.78,-3.88,94.74,0.09,1
691,Exit short,2020-03-12,TARGET,233.35,1,259.45,26.1,10.06,0,26.1,10.06,-3.54,-1.36,120.84,0.12,2
691,Entry short,2020-03-10,V0 SHORT,259.45,1,259.45,26.1,10.06,0,26.1,10.06,-3.54,-1.36,120.84,0.12,2
692,Exit short,2020-03-26,STOP,235.9,1,223.36,-12.54,-5.61,0,23.24,10.40,-12.54,-5.61,108.3,0.11,7
692,Entry short,2020-03-17,V0 SHORT,223.36,1,223.36,-12.54,-5.61,0,23.24,10.40,-12.54,-5.61,108.3,0.11,7
693,Exit long,2020-04-01,STOP,225.61,1,238.9,-13.29,-5.56,0,2.54,1.06,-13.29,-5.56,95.01,0.10,1
693,Entry long,2020-03-31,V0 LONG,238.9,1,238.9,-13.29,-5.56,0,2.54,1.06,-13.29,-5.56,95.01,0.10,1
694,Exit long,2020-04-09,TARGET,254.74,1,229.91,24.83,10.80,0,24.83,10.80,-5.07,-2.21,119.84,0.12,4
694,Entry long,2020-04-03,V0 LONG,229.91,1,229.91,24.83,10.80,0,24.83,10.80,-5.07,-2.21,119.84,0.12,4
695,Exit long,2020-05-26,TARGET,276.83,1,254.5,22.33,8.77,0,22.33,8.77,-5.09,-2.00,142.17,0.14,28
695,Entry long,2020-04-15,V0 LONG,254.5,1,254.5,22.33,8.77,0,22.33,8.77,-5.09,-2.00,142.17,0.14,28
696,Exit long,2020-06-05,TARGET,291.66,1,279.32,12.34,4.42,0,12.34,4.42,-4.74,-1.70,154.51,0.15,6
696,Entry long,2020-05-28,V0 LONG,279.32,1,279.32,12.34,4.42,0,12.34,4.42,-4.74,-1.70,154.51,0.15,6
697,Exit long,2020-06-11,STOP,285.57,1,293.67,-8.1,-2.76,0,2.74,0.93,-8.1,-2.76,146.41,0.15,2
697,Entry long,2020-06-09,V0 LONG,293.67,1,293.67,-8.1,-2.76,0,2.74,0.93,-8.1,-2.76,146.41,0.15,2
698,Exit long,2020-06-16,STOP,282.6,1,289.25,-6.65,-2.30,0,0.15,0.05,-6.65,-2.30,139.76,0.14,0
698,Entry long,2020-06-16,V0 LONG,289.25,1,289.25,-6.65,-2.30,0,0.15,0.05,-6.65,-2.30,139.76,0.14,0
699,Exit long,2020-06-24,STOP,281.22,1,287.96,-6.74,-2.34,0,1.66,0.58,-6.74,-2.34,133.02,0.13,5
699,Entry long,2020-06-17,V0 LONG,287.96,1,287.96,-6.74,-2.34,0,1.66,0.58,-6.74,-2.34,133.02,0.13,5
700,Exit short,2020-06-30,STOP,283.8,1,277.57,-6.23,-2.24,0,2.28,0.82,-6.23,-2.24,126.79,0.13,1
700,Entry short,2020-06-29,V0 SHORT,277.57,1,277.57,-6.23,-2.24,0,2.28,0.82,-6.23,-2.24,126.79,0.13,1
701,Exit long,2020-08-03,TARGET,303.04,1,291.35,11.69,4.01,0,11.69,4.01,-5.24,-1.80,138.48,0.14,20
701,Entry long,2020-07-06,V0 LONG,291.35,1,291.35,11.69,4.01,0,11.69,4.01,-5.24,-1.80,138.48,0.14,20
702,Exit long,2020-08-24,TARGET,315.06,1,305.25,9.81,3.21,0,9.81,3.21,-0.31,-0.10,148.29,0.15,13
702,Entry long,2020-08-05,V0 LONG,305.25,1,305.25,9.81,3.21,0,9.81,3.21,-0.31,-0.10,148.29,0.15,13
703,Exit short,2020-09-02,STOP,326.62,1,321.8,-4.82,-1.50,0,1.19,0.37,-4.82,-1.50,143.47,0.14,3
703,Entry short,2020-08-28,V0 SHORT,321.8,1,321.8,-4.82,-1.50,0,1.19,0.37,-4.82,-1.50,143.47,0.14,3
704,Exit short,2020-09-04,TARGET,310.74,1,318.75,8.01,2.51,0,8.01,2.51,-1.57,-0.49,151.48,0.15,0
704,Entry short,2020-09-04,V0 SHORT,318.75,1,318.75,8.01,2.51,0,8.01,2.51,-1.57,-0.49,151.48,0.15,0
705,Exit short,2020-09-16,STOP,315.74,1,310.85,-4.89,-1.57,0,6.03,1.94,-4.89,-1.57,146.59,0.15,5
705,Entry short,2020-09-09,V0 SHORT,310.85,1,310.85,-4.89,-1.57,0,6.03,1.94,-4.89,-1.57,146.59,0.15,5
706,Exit short,2020-09-21,TARGET,299.63,1,310.08,10.45,3.37,0,10.45,3.37,-0.11,-0.04,157.04,0.16,1
706,Entry short,2020-09-18,V0 SHORT,310.08,1,310.08,10.45,3.37,0,10.45,3.37,-0.11,-0.04,157.04,0.16,1
707,Exit short,2020-09-25,STOP,302.71,1,297,-5.71,-1.92,0,1.32,0.44,-5.71,-1.92,151.33,0.15,1
707,Entry short,2020-09-24,V0 SHORT,297,1,297,-5.71,-1.92,0,1.32,0.44,-5.71,-1.92,151.33,0.15,1
708,Exit long,2020-10-09,TARGET,320.52,1,308.79,11.73,3.80,0,11.73,3.80,-2.57,-0.83,163.06,0.16,8
708,Entry long,2020-09-29,V0 LONG,308.79,1,308.79,11.73,3.80,0,11.73,3.80,-2.57,-0.83,163.06,0.16,8
709,Exit long,2020-10-15,STOP,317.79,1,325.72,-7.93,-2.43,0,0.17,0.05,-7.93,-2.43,155.13,0.16,2
709,Entry long,2020-10-13,V0 LONG,325.72,1,325.72,-7.93,-2.43,0,0.17,0.05,-7.93,-2.43,155.13,0.16,2
710,Exit short,2020-10-26,TARGET,312.34,1,322.36,10.02,3.11,0,10.02,3.11,-0.63,-0.20,165.15,0.17,5
710,Entry short,2020-10-19,V0 SHORT,322.36,1,322.36,10.02,3.11,0,10.02,3.11,-0.63,-0.20,165.15,0.17,5
711,Exit short,2020-10-29,STOP,307.74,1,302.26,-5.48,-1.81,0,1.68,0.56,-5.48,-1.81,159.67,0.16,0
711,Entry short,2020-10-29,V0 SHORT,302.26,1,302.26,-5.48,-1.81,0,1.68,0.56,-5.48,-1.81,159.67,0.16,0
712,Exit short,2020-11-03,STOP,311.02,1,305.3,-5.72,-1.87,0,2.74,0.90,-5.72,-1.87,153.95,0.15,1
712,Entry short,2020-11-02,V0 SHORT,305.3,1,305.3,-5.72,-1.87,0,2.74,0.90,-5.72,-1.87,153.95,0.15,1
713,Exit long,2020-11-09,TARGET,336.52,1,322.9,13.62,4.22,0,13.62,4.22,-1.47,-0.46,167.57,0.17,2
713,Entry long,2020-11-05,V0 LONG,322.9,1,322.9,13.62,4.22,0,13.62,4.22,-1.47,-0.46,167.57,0.17,2
714,Exit short,2020-11-24,STOP,335.98,1,329.52,-6.46,-1.96,0,4.75,1.44,-6.46,-1.96,161.11,0.16,9
714,Entry short,2020-11-11,V0 SHORT,329.52,1,329.52,-6.46,-1.96,0,4.75,1.44,-6.46,-1.96,161.11,0.16,9
715,Exit long,2020-12-21,TARGET,346.46,1,336.4,10.06,2.99,0,10.06,2.99,-4.31,-1.28,171.17,0.17,16
715,Entry long,2020-11-27,V0 LONG,336.4,1,336.4,10.06,2.99,0,10.06,2.99,-4.31,-1.28,171.17,0.17,16
716,Exit long,2021-01-04,STOP,341.06,1,345.17,-4.11,-1.19,0,3.45,1.00,-4.11,-1.19,167.06,0.17,4
716,Entry long,2020-12-28,V0 LONG,345.17,1,345.17,-4.11,-1.19,0,3.45,1.00,-4.11,-1.19,167.06,0.17,4
717,Exit long,2021-01-26,TARGET,358.04,1,349.22,8.82,2.53,0,8.82,2.53,-2.23,-0.64,175.88,0.18,12
717,Entry long,2021-01-07,V0 LONG,349.22,1,349.22,8.82,2.53,0,8.82,2.53,-2.23,-0.64,175.88,0.18,12
718,Exit short,2021-02-02,STOP,352.52,1,347.01,-5.51,-1.59,0,3.1,0.89,-5.51,-1.59,170.37,0.17,1
718,Entry short,2021-02-01,V0 SHORT,347.01,1,347.01,-5.51,-1.59,0,3.1,0.89,-5.51,-1.59,170.37,0.17,1
719,Exit long,2021-02-23,STOP,355.56,1,360.46,-4.9,-1.36,0,5.54,1.54,-4.9,-1.36,165.47,0.17,11
719,Entry long,2021-02-05,V0 LONG,360.46,1,360.46,-4.9,-1.36,0,5.54,1.54,-4.9,-1.36,165.47,0.17,11
720,Exit long,2021-02-25,STOP,358.19,1,362.51,-4.32,-1.19,0,1.36,0.38,-4.32,-1.19,161.15,0.16,0
720,Entry long,2021-02-25,V0 LONG,362.51,1,362.51,-4.32,-1.19,0,1.36,0.38,-4.32,-1.19,161.15,0.16,0
721,Exit short,2021-03-01,STOP,361.63,1,356.88,-4.75,-1.33,0,5.68,1.59,-4.75,-1.33,156.4,0.16,1
721,Entry short,2021-02-26,V0 SHORT,356.88,1,356.88,-4.75,-1.33,0,5.68,1.59,-4.75,-1.33,156.4,0.16,1
722,Exit short,2021-03-08,STOP,359.12,1,353.98,-5.14,-1.45,0,8.68,2.45,-5.14,-1.45,151.26,0.15,2
722,Entry short,2021-03-04,V0 SHORT,353.98,1,353.98,-5.14,-1.45,0,8.68,2.45,-5.14,-1.45,151.26,0.15,2
723,Exit long,2021-04-05,TARGET,375.85,1,361.84,14.01,3.87,0,14.01,3.87,-4.21,-1.16,165.27,0.17,17
723,Entry long,2021-03-10,V0 LONG,361.84,1,361.84,14.01,3.87,0,14.01,3.87,-4.21,-1.16,165.27,0.17,17
724,Exit long,2021-04-15,TARGET,387.45,1,378.16,9.29,2.46,0,9.29,2.46,-0.45,-0.12,174.56,0.17,6
724,Entry long,2021-04-07,V0 LONG,378.16,1,378.16,9.29,2.46,0,9.29,2.46,-0.45,-0.12,174.56,0.17,6
725,Exit short,2021-04-23,STOP,389.26,1,385.59,-3.67,-0.95,0,3.09,0.80,-3.67,-0.95,170.89,0.17,3
725,Entry short,2021-04-20,V0 SHORT,385.59,1,385.59,-3.67,-0.95,0,3.09,0.80,-3.67,-0.95,170.89,0.17,3
726,Exit long,2021-05-04,STOP,385.51,1,389.33,-3.82,-0.98,0,2.6,0.67,-3.82,-0.98,167.07,0.17,5
726,Entry long,2021-04-27,V0 LONG,389.33,1,389.33,-3.82,-0.98,0,2.6,0.67,-3.82,-0.98,167.07,0.17,5
727,Exit short,2021-05-07,STOP,391.16,1,387.38,-3.78,-0.98,0,2.01,0.52,-3.78,-0.98,163.29,0.16,1
727,Entry short,2021-05-06,V0 SHORT,387.38,1,387.38,-3.78,-0.98,0,2.01,0.52,-3.78,-0.98,163.29,0.16,1
728,Exit short,2021-05-13,STOP,383.61,1,379.22,-4.39,-1.16,0,0.05,0.01,-4.39,-1.16,158.9,0.16,0
728,Entry short,2021-05-13,V0 SHORT,379.22,1,379.22,-4.39,-1.16,0,0.05,0.01,-4.39,-1.16,158.9,0.16,0
729,Exit long,2021-05-19,STOP,379.08,1,386.97,-7.89,-2.04,0,0.93,0.24,-7.89,-2.04,151.01,0.15,2
729,Entry long,2021-05-17,V0 LONG,386.97,1,386.97,-7.89,-2.04,0,0.93,0.24,-7.89,-2.04,151.01,0.15,2
730,Exit long,2021-06-25,TARGET,398.06,1,388.35,9.71,2.50,0,9.71,2.50,-2.26,-0.58,160.72,0.16,24
730,Entry long,2021-05-21,V0 LONG,388.35,1,388.35,9.71,2.50,0,9.71,2.50,-2.26,-0.58,160.72,0.16,24
731,Exit long,2021-07-07,TARGET,406.16,1,399.91,6.25,1.56,0,6.25,1.56,-0.7,-0.18,166.97,0.17,5
731,Entry long,2021-06-29,V0 LONG,399.91,1,399.91,6.25,1.56,0,6.25,1.56,-0.7,-0.18,166.97,0.17,5
732,Exit long,2021-07-15,STOP,404.47,1,407.72,-3.25,-0.80,0,1.57,0.39,-3.25,-0.80,163.72,0.16,2
732,Entry long,2021-07-13,V0 LONG,407.72,1,407.72,-3.25,-0.80,0,1.57,0.39,-3.25,-0.80,163.72,0.16,2
733,Exit short,2021-07-19,STOP,401.62,1,398.33,-3.29,-0.83,0,3.95,0.99,-3.29,-0.83,160.43,0.16,0
733,Entry short,2021-07-19,V0 SHORT,398.33,1,398.33,-3.29,-0.83,0,3.95,0.99,-3.29,-0.83,160.43,0.16,0
734,Exit short,2021-07-20,STOP,401.53,1,397.85,-3.68,-0.92,0,0.79,0.20,-3.68,-0.92,156.75,0.16,0
734,Entry short,2021-07-20,V0 SHORT,397.85,1,397.85,-3.68,-0.92,0,0.79,0.20,-3.68,-0.92,156.75,0.16,0
735,Exit long,2021-08-10,TARGET,414.1,1,406.32,7.78,1.91,0,7.78,1.91,-0.98,-0.24,164.53,0.16,13
735,Entry long,2021-07-22,V0 LONG,406.32,1,406.32,7.78,1.91,0,7.78,1.91,-0.98,-0.24,164.53,0.16,13
736,Exit long,2021-08-18,STOP,411.71,1,414.62,-2.91,-0.70,0,3.26,0.79,-2.91,-0.70,161.62,0.16,4
736,Entry long,2021-08-12,V0 LONG,414.62,1,414.62,-2.91,-0.70,0,3.26,0.79,-2.91,-0.70,161.62,0.16,4
737,Exit long,2021-08-30,TARGET,422.71,1,416.06,6.65,1.60,0,6.65,1.60,-1.62,-0.39,168.27,0.17,5
737,Entry long,2021-08-23,V0 LONG,416.06,1,416.06,6.65,1.60,0,6.65,1.60,-1.62,-0.39,168.27,0.17,5
738,Exit long,2021-09-08,STOP,420.78,1,423.68,-2.9,-0.68,0,0.69,0.16,-2.9,-0.68,165.37,0.17,3
738,Entry long,2021-09-02,V0 LONG,423.68,1,423.68,-2.9,-0.68,0,0.69,0.16,-2.9,-0.68,165.37,0.17,3
739,Exit short,2021-09-20,TARGET,407.75,1,419.31,11.56,2.76,0,11.56,2.76,-0.26,-0.06,176.93,0.18,5
739,Entry short,2021-09-13,V0 SHORT,419.31,1,419.31,11.56,2.76,0,11.56,2.76,-0.26,-0.06,176.93,0.18,5
740,Exit long,2021-09-28,STOP,408.18,1,412.41,-4.23,-1.03,0,4.73,1.15,-4.23,-1.03,172.7,0.17,3
740,Entry long,2021-09-23,V0 LONG,412.41,1,412.41,-4.23,-1.03,0,4.73,1.15,-4.23,-1.03,172.7,0.17,3
741,Exit short,2021-10-01,STOP,408.72,1,404.09,-4.63,-1.15,0,3.51,0.87,-4.63,-1.15,168.07,0.17,0
741,Entry short,2021-10-01,V0 SHORT,404.09,1,404.09,-4.63,-1.15,0,3.51,0.87,-4.63,-1.15,168.07,0.17,0
742,Exit long,2021-10-04,STOP,401.1,1,405.99,-4.89,-1.20,0,0.9,0.22,-4.89,-1.20,163.18,0.16,0
742,Entry long,2021-10-04,V0 LONG,405.99,1,405.99,-4.89,-1.20,0,0.9,0.22,-4.89,-1.20,163.18,0.16,0
743,Exit short,2021-10-07,STOP,411.04,1,403.4,-7.64,-1.89,0,2.53,0.63,-7.64,-1.89,155.54,0.16,2
743,Entry short,2021-10-05,V0 SHORT,403.4,1,403.4,-7.64,-1.89,0,2.53,0.63,-7.64,-1.89,155.54,0.16,2
744,Exit short,2021-10-15,STOP,417.01,1,409.89,-7.12,-1.74,0,5.27,1.29,-7.12,-1.74,148.42,0.15,4
744,Entry short,2021-10-11,V0 SHORT,409.89,1,409.89,-7.12,-1.74,0,5.27,1.29,-7.12,-1.74,148.42,0.15,4
745,Exit long,2021-10-29,TARGET,430.78,1,420.91,9.87,2.34,0,9.87,2.34,-0.6,-0.14,158.29,0.16,8
745,Entry long,2021-10-19,V0 LONG,420.91,1,420.91,9.87,2.34,0,9.87,2.34,-0.6,-0.14,158.29,0.16,8
746,Exit long,2021-11-05,TARGET,440,1,431.51,8.49,1.97,0,8.49,1.97,-0.13,-0.03,166.78,0.17,3
746,Entry long,2021-11-02,V0 LONG,431.51,1,431.51,8.49,1.97,0,8.49,1.97,-0.13,-0.03,166.78,0.17,3
747,Exit short,2021-11-16,STOP,439.87,1,436.19,-3.68,-0.84,0,1.37,0.31,-3.68,-0.84,163.1,0.16,3
747,Entry short,2021-11-11,V0 SHORT,436.19,1,436.19,-3.68,-0.84,0,1.37,0.31,-3.68,-0.84,163.1,0.16,3
748,Exit long,2021-11-23,STOP,436.98,1,440.31,-3.33,-0.76,0,3.69,0.84,-3.33,-0.76,159.77,0.16,2
748,Entry long,2021-11-19,V0 LONG,440.31,1,440.31,-3.33,-0.76,0,3.69,0.84,-3.33,-0.76,159.77,0.16,2
749,Exit long,2021-11-26,STOP,429.95,1,433.5,-3.55,-0.82,0,1.46,0.34,-3.55,-0.82,156.22,0.16,0
749,Entry long,2021-11-26,V0 LONG,433.5,1,433.5,-3.55,-0.82,0,1.46,0.34,-3.55,-0.82,156.22,0.16,0
750,Exit short,2021-12-01,TARGET,423.62,1,432.84,9.22,2.13,0,9.22,2.13,-2.84,-0.66,165.44,0.17,0
750,Entry short,2021-12-01,V0 SHORT,432.84,1,432.84,9.22,2.13,0,9.22,2.13,-2.84,-0.66,165.44,0.17,0
751,Exit short,2021-12-07,STOP,435.44,1,427.68,-7.76,-1.81,0,2.41,0.56,-7.76,-1.81,157.68,0.16,1
751,Entry short,2021-12-06,V0 SHORT,427.68,1,427.68,-7.76,-1.81,0,2.41,0.56,-7.76,-1.81,157.68,0.16,1
752,Exit long,2021-12-14,STOP,433.01,1,438.95,-5.94,-1.35,0,2.57,0.59,-5.94,-1.35,151.74,0.15,3
752,Entry long,2021-12-09,V0 LONG,438.95,1,438.95,-5.94,-1.35,0,2.57,0.59,-5.94,-1.35,151.74,0.15,3
753,Exit long,2021-12-16,STOP,437.24,1,443.09,-5.85,-1.32,0,0.28,0.06,-5.85,-1.32,145.89,0.15,0
753,Entry long,2021-12-16,V0 LONG,443.09,1,443.09,-5.85,-1.32,0,0.28,0.06,-5.85,-1.32,145.89,0.15,0
754,Exit short,2021-12-22,STOP,437.67,1,431.51,-6.16,-1.43,0,2.16,0.50,-6.16,-1.43,139.73,0.14,1
754,Entry short,2021-12-21,V0 SHORT,431.51,1,431.51,-6.16,-1.43,0,2.16,0.50,-6.16,-1.43,139.73,0.14,1
755,Exit long,2022-01-06,STOP,438.13,1,444.17,-6.04,-1.36,0,7.45,1.68,-6.04,-1.36,133.69,0.13,8
755,Entry long,2021-12-27,V0 LONG,444.17,1,444.17,-6.04,-1.36,0,7.45,1.68,-6.04,-1.36,133.69,0.13,8
756,Exit short,2022-01-11,STOP,440.57,1,435.36,-5.21,-1.20,0,5.74,1.32,-5.21,-1.20,128.48,0.13,1
756,Entry short,2022-01-10,V0 SHORT,435.36,1,435.36,-5.21,-1.20,0,5.74,1.32,-5.21,-1.20,128.48,0.13,1
757,Exit long,2022-01-13,STOP,438.8,1,444.29,-5.49,-1.24,0,0.65,0.15,-5.49,-1.24,122.99,0.12,0
757,Entry long,2022-01-13,V0 LONG,444.29,1,444.29,-5.49,-1.24,0,0.65,0.15,-5.49,-1.24,122.99,0.12,0
758,Exit long,2022-01-19,STOP,428.21,1,433.94,-5.73,-1.32,0,3.67,0.85,-5.73,-1.32,117.26,0.12,2
758,Entry long,2022-01-14,V0 LONG,433.94,1,433.94,-5.73,-1.32,0,3.67,0.85,-5.73,-1.32,117.26,0.12,2
759,Exit short,2022-01-24,TARGET,406.13,1,419.24,13.11,3.13,0,13.11,3.13,-2.35,-0.56,130.37,0.13,1
759,Entry short,2022-01-21,V0 SHORT,419.24,1,419.24,13.11,3.13,0,13.11,3.13,-2.35,-0.56,130.37,0.13,1
760,Exit short,2022-01-31,STOP,422.59,1,414.68,-7.91,-1.91,0,12.14,2.93,-7.91,-1.91,122.46,0.12,3
760,Entry short,2022-01-26,V0 SHORT,414.68,1,414.68,-7.91,-1.91,0,12.14,2.93,-7.91,-1.91,122.46,0.12,3
761,Exit long,2022-02-03,STOP,419.79,1,428.59,-8.8,-2.05,0,2.46,0.57,-8.8,-2.05,113.66,0.11,1
761,Entry long,2022-02-02,V0 LONG,428.59,1,428.59,-8.8,-2.05,0,2.46,0.57,-8.8,-2.05,113.66,0.11,1
762,Exit long,2022-02-11,STOP,414.27,1,422.95,-8.68,-2.05,0,7.88,1.86,-8.68,-2.05,104.98,0.10,4
762,Entry long,2022-02-07,V0 LONG,422.95,1,422.95,-8.68,-2.05,0,7.88,1.86,-8.68,-2.05,104.98,0.10,4
763,Exit short,2022-02-22,TARGET,400.86,1,417.51,16.65,3.99,0,16.65,3.99,-4.07,-0.97,121.63,0.12,4
763,Entry short,2022-02-15,V0 SHORT,417.51,1,417.51,16.65,3.99,0,16.65,3.99,-4.07,-0.97,121.63,0.12,4
764,Exit short,2022-02-24,STOP,395.07,1,386.74,-8.33,-2.15,0,0.36,0.09,-8.33,-2.15,113.3,0.11,0
764,Entry short,2022-02-24,V0 SHORT,386.74,1,386.74,-8.33,-2.15,0,0.36,0.09,-8.33,-2.15,113.3,0.11,0
765,Exit long,2022-03-07,STOP,397.52,1,406.5,-8.98,-2.21,0,8.55,2.10,-8.98,-2.21,104.32,0.10,5
765,Entry long,2022-02-28,V0 LONG,406.5,1,406.5,-8.98,-2.21,0,8.55,2.10,-8.98,-2.21,104.32,0.10,5
766,Exit short,2022-03-16,STOP,409.11,1,400.02,-9.09,-2.27,0,8.8,2.20,-9.09,-2.27,95.23,0.10,5
766,Entry short,2022-03-09,V0 SHORT,400.02,1,400.02,-9.09,-2.27,0,8.8,2.20,-9.09,-2.27,95.23,0.10,5
767,Exit long,2022-03-29,TARGET,434.19,1,413.4,20.79,5.03,0,20.79,5.03,-0.73,-0.18,116.02,0.12,7
767,Entry long,2022-03-18,V0 LONG,413.4,1,413.4,20.79,5.03,0,20.79,5.03,-0.73,-0.18,116.02,0.12,7
768,Exit short,2022-04-12,TARGET,413.49,1,427.68,14.19,3.32,0,14.19,3.32,-4.44,-1.04,130.21,0.13,6
768,Entry short,2022-04-04,V0 SHORT,427.68,1,427.68,14.19,3.32,0,14.19,3.32,-4.44,-1.04,130.21,0.13,6
769,Exit long,2022-04-18,STOP,411.75,1,418.64,-6.89,-1.65,0,1.11,0.27,-6.89,-1.65,123.32,0.12,1
769,Entry long,2022-04-14,V0 LONG,418.64,1,418.64,-6.89,-1.65,0,1.11,0.27,-6.89,-1.65,123.32,0.12,1
770,Exit long,2022-04-21,STOP,415.09,1,421.82,-6.73,-1.60,0,2.92,0.69,-6.73,-1.60,116.59,0.12,1
770,Entry long,2022-04-20,V0 LONG,421.82,1,421.82,-6.73,-1.60,0,2.92,0.69,-6.73,-1.60,116.59,0.12,1
771,Exit short,2022-05-02,TARGET,385.3,1,399.88,14.58,3.65,0,14.58,3.65,-5.63,-1.41,131.17,0.13,5
771,Entry short,2022-04-25,V0 SHORT,399.88,1,399.88,14.58,3.65,0,14.58,3.65,-5.63,-1.41,131.17,0.13,5
772,Exit long,2022-05-06,STOP,385.23,1,393.66,-8.43,-2.14,0,11.87,3.02,-8.43,-2.14,122.74,0.12,2
772,Entry long,2022-05-04,V0 LONG,393.66,1,393.66,-8.43,-2.14,0,11.87,3.02,-8.43,-2.14,122.74,0.12,2
773,Exit short,2022-05-20,TARGET,362.09,1,381.77,19.68,5.15,0,19.68,5.15,-3.86,-1.01,142.42,0.14,8
773,Entry short,2022-05-10,V0 SHORT,381.77,1,381.77,19.68,5.15,0,19.68,5.15,-3.86,-1.01,142.42,0.14,8
774,Exit short,2022-05-26,STOP,380.33,1,370.28,-10.05,-2.71,0,0.4,0.11,-10.05,-2.71,132.37,0.13,1
774,Entry short,2022-05-25,V0 SHORT,370.28,1,370.28,-10.05,-2.71,0,0.4,0.11,-10.05,-2.71,132.37,0.13,1
775,Exit long,2022-06-09,STOP,380.56,1,390.33,-9.77,-2.50,0,3.67,0.94,-9.77,-2.50,122.6,0.12,7
775,Entry long,2022-05-31,V0 LONG,390.33,1,390.33,-9.77,-2.50,0,3.67,0.94,-9.77,-2.50,122.6,0.12,7
776,Exit short,2022-06-24,STOP,367.48,1,358.52,-8.96,-2.50,0,15.21,4.24,-8.96,-2.50,113.64,0.11,8
776,Entry short,2022-06-13,V0 SHORT,358.52,1,358.52,-8.96,-2.50,0,15.21,4.24,-8.96,-2.50,113.64,0.11,8
777,Exit short,2022-07-14,TARGET,352.01,1,369.91,17.9,4.84,0,17.9,4.84,-2.77,-0.75,131.54,0.13,11
777,Entry short,2022-06-28,V0 SHORT,369.91,1,369.91,17.9,4.84,0,17.9,4.84,-2.77,-0.75,131.54,0.13,11
778,Exit long,2022-07-28,TARGET,383.33,1,368.15,15.18,4.12,0,15.18,4.12,-7.32,-1.99,146.72,0.15,8
778,Entry long,2022-07-18,V0 LONG,368.15,1,368.15,15.18,4.12,0,15.18,4.12,-7.32,-1.99,146.72,0.15,8
779,Exit long,2022-08-11,TARGET,402.59,1,387.84,14.75,3.80,0,14.75,3.80,-2.21,-0.57,161.47,0.16,8
779,Entry long,2022-08-01,V0 LONG,387.84,1,387.84,14.75,3.80,0,14.75,3.80,-2.21,-0.57,161.47,0.16,8
780,Exit long,2022-08-22,STOP,395.33,1,402.64,-7.31,-1.82,0,6.6,1.64,-7.31,-1.82,154.16,0.15,5
780,Entry long,2022-08-15,V0 LONG,402.64,1,402.64,-7.31,-1.82,0,6.6,1.64,-7.31,-1.82,154.16,0.15,5
781,Exit long,2022-08-26,STOP,387.88,1,393.61,-5.73,-1.46,0,4.48,1.14,-5.73,-1.46,148.43,0.15,1
781,Entry long,2022-08-25,V0 LONG,393.61,1,393.61,-5.73,-1.46,0,4.48,1.14,-5.73,-1.46,148.43,0.15,1
782,Exit short,2022-09-09,STOP,385.38,1,379.1,-6.28,-1.66,0,10.91,2.88,-6.28,-1.66,142.15,0.14,6
782,Entry short,2022-08-31,V0 SHORT,379.1,1,379.1,-6.28,-1.66,0,10.91,2.88,-6.28,-1.66,142.15,0.14,6
783,Exit long,2022-09-13,STOP,374.43,1,380.9,-6.47,-1.70,0,1.21,0.32,-6.47,-1.70,135.68,0.14,0
783,Entry long,2022-09-13,V0 LONG,380.9,1,380.9,-6.47,-1.70,0,1.21,0.32,-6.47,-1.70,135.68,0.14,0
784,Exit short,2022-09-21,TARGET,359.34,1,373.93,14.59,3.90,0,14.59,3.90,-1.63,-0.44,150.27,0.15,5
784,Entry short,2022-09-14,V0 SHORT,373.93,1,373.93,14.59,3.90,0,14.59,3.90,-1.63,-0.44,150.27,0.15,5
785,Exit short,2022-10-05,STOP,359.81,1,352.72,-7.09,-2.01,0,12.88,3.65,-7.09,-2.01,143.18,0.14,8
785,Entry short,2022-09-23,V0 SHORT,352.72,1,352.72,-7.09,-2.01,0,12.88,3.65,-7.09,-2.01,143.18,0.14,8
786,Exit short,2022-10-13,TARGET,332.38,1,351.19,18.81,5.36,0,18.81,5.36,-4.12,-1.17,161.99,0.16,4
786,Entry short,2022-10-07,V0 SHORT,351.19,1,351.19,18.81,5.36,0,18.81,5.36,-4.12,-1.17,161.99,0.16,4
787,Exit short,2022-10-18,STOP,357.05,1,346.47,-10.58,-3.05,0,6.41,1.85,-10.58,-3.05,151.41,0.15,1
787,Entry short,2022-10-17,V0 SHORT,346.47,1,346.47,-10.58,-3.05,0,6.41,1.85,-10.58,-3.05,151.41,0.15,1
788,Exit short,2022-10-24,STOP,358.94,1,350.3,-8.64,-2.47,0,4.28,1.22,-8.64,-2.47,142.77,0.14,2
788,Entry short,2022-10-20,V0 SHORT,350.3,1,350.3,-8.64,-2.47,0,4.28,1.22,-8.64,-2.47,142.77,0.14,2
789,Exit long,2022-11-03,STOP,353.57,1,363.23,-9.66,-2.66,0,8.35,2.30,-9.66,-2.66,133.11,0.13,6
789,Entry long,2022-10-26,V0 LONG,363.23,1,363.23,-9.66,-2.66,0,8.35,2.30,-9.66,-2.66,133.11,0.13,6
790,Exit long,2022-11-10,TARGET,375.48,1,359.51,15.97,4.44,0,15.97,4.44,-3.9,-1.08,149.08,0.15,3
790,Entry long,2022-11-07,V0 LONG,359.51,1,359.51,15.97,4.44,0,15.97,4.44,-3.9,-1.08,149.08,0.15,3
791,Exit long,2022-12-16,STOP,368.3,1,377.55,-9.25,-2.45,0,13.16,3.49,-9.25,-2.45,139.83,0.14,23
791,Entry long,2022-11-14,V0 LONG,377.55,1,377.55,-9.25,-2.45,0,13.16,3.49,-9.25,-2.45,139.83,0.14,23
792,Exit short,2022-12-21,STOP,369.39,1,362.61,-6.78,-1.87,0,1.32,0.36,-6.78,-1.87,133.05,0.13,1
792,Entry short,2022-12-20,V0 SHORT,362.61,1,362.61,-6.78,-1.87,0,1.32,0.36,-6.78,-1.87,133.05,0.13,1
793,Exit short,2023-01-06,STOP,369.93,1,363.02,-6.91,-1.90,0,3.09,0.85,-6.91,-1.90,126.14,0.13,8
793,Entry short,2022-12-23,V0 SHORT,363.02,1,363.02,-6.91,-1.90,0,3.09,0.85,-6.91,-1.90,126.14,0.13,8
794,Exit long,2023-01-23,TARGET,383.38,1,370.28,13.1,3.54,0,13.1,3.54,-0.93,-0.25,139.24,0.14,8
794,Entry long,2023-01-10,V0 LONG,370.28,1,370.28,13.1,3.54,0,13.1,3.54,-0.93,-0.25,139.24,0.14,8
795,Exit long,2023-02-02,TARGET,397.45,1,385.47,11.98,3.11,0,11.98,3.11,-2.97,-0.77,151.22,0.15,5
795,Entry long,2023-01-26,V0 LONG,385.47,1,385.47,11.98,3.11,0,11.98,3.11,-2.97,-0.77,151.22,0.15,5
796,Exit short,2023-02-07,STOP,397.98,1,391.83,-6.15,-1.57,0,2.12,0.54,-6.15,-1.57,145.07,0.15,1
796,Entry short,2023-02-06,V0 SHORT,391.83,1,391.83,-6.15,-1.57,0,2.12,0.54,-6.15,-1.57,145.07,0.15,1
797,Exit short,2023-02-13,STOP,394.34,1,388.08,-6.26,-1.61,0,0.82,0.21,-6.26,-1.61,138.81,0.14,1
797,Entry short,2023-02-10,V0 SHORT,388.08,1,388.08,-6.26,-1.61,0,0.82,0.21,-6.26,-1.61,138.81,0.14,1
798,Exit long,2023-02-21,STOP,385.02,1,390.88,-5.86,-1.50,0,3.94,1.01,-5.86,-1.50,132.95,0.13,2
798,Entry long,2023-02-16,V0 LONG,390.88,1,390.88,-5.86,-1.50,0,3.94,1.01,-5.86,-1.50,132.95,0.13,2
799,Exit long,2023-03-06,TARGET,389.57,1,378.09,11.48,3.04,0,11.48,3.04,-2.95,-0.78,144.43,0.14,6
799,Entry long,2023-02-24,V0 LONG,378.09,1,378.09,11.48,3.04,0,11.48,3.04,-2.95,-0.78,144.43,0.14,6
800,Exit short,2023-03-10,TARGET,370.08,1,380.93,10.85,2.85,0,10.85,2.85,-2.96,-0.78,155.28,0.16,2
800,Entry short,2023-03-08,V0 SHORT,380.93,1,380.93,10.85,2.85,0,10.85,2.85,-2.96,-0.78,155.28,0.16,2
801,Exit long,2023-03-15,STOP,367.31,1,373.39,-6.08,-1.63,0,2.82,0.76,-6.08,-1.63,149.2,0.15,1
801,Entry long,2023-03-14,V0 LONG,373.39,1,373.39,-6.08,-1.63,0,2.82,0.76,-6.08,-1.63,149.2,0.15,1
802,Exit long,2023-03-22,STOP,376.45,1,382.71,-6.26,-1.64,0,3.61,0.94,-6.26,-1.64,142.94,0.14,0
802,Entry long,2023-03-22,V0 LONG,382.71,1,382.71,-6.26,-1.64,0,3.61,0.94,-6.26,-1.64,142.94,0.14,0
803,Exit long,2023-04-12,TARGET,395.4,1,382.13,13.27,3.47,0,13.27,3.47,-4.25,-1.11,156.21,0.16,11
803,Entry long,2023-03-27,V0 LONG,382.13,1,382.13,13.27,3.47,0,13.27,3.47,-4.25,-1.11,156.21,0.16,11
804,Exit long,2023-04-25,STOP,391.29,1,396.23,-4.94,-1.25,0,2.79,0.70,-4.94,-1.25,151.27,0.15,7
804,Entry long,2023-04-14,V0 LONG,396.23,1,396.23,-4.94,-1.25,0,2.79,0.70,-4.94,-1.25,151.27,0.15,7
805,Exit short,2023-04-27,STOP,394.94,1,390.65,-4.29,-1.10,0,0.25,0.06,-4.29,-1.10,146.98,0.15,0
805,Entry short,2023-04-27,V0 SHORT,390.65,1,390.65,-4.29,-1.10,0,0.25,0.06,-4.29,-1.10,146.98,0.15,0
806,Exit long,2023-05-04,STOP,390.4,1,394.96,-4.56,-1.15,0,5.89,1.49,-4.56,-1.15,142.42,0.14,4
806,Entry long,2023-04-28,V0 LONG,394.96,1,394.96,-4.56,-1.15,0,5.89,1.49,-4.56,-1.15,142.42,0.14,4
807,Exit short,2023-05-18,STOP,401.75,1,397.26,-4.49,-1.13,0,4.81,1.21,-4.49,-1.13,137.93,0.14,6
807,Entry short,2023-05-10,V0 SHORT,397.26,1,397.26,-4.49,-1.13,0,4.81,1.21,-4.49,-1.13,137.93,0.14,6
808,Exit short,2023-06-02,STOP,407.45,1,401.82,-5.63,-1.40,0,8.4,2.09,-5.63,-1.40,132.3,0.13,8
808,Entry short,2023-05-22,V0 SHORT,401.82,1,401.82,-5.63,-1.40,0,8.4,2.09,-5.63,-1.40,132.3,0.13,8
809,Exit long,2023-06-14,TARGET,421.1,1,412.69,8.41,2.04,0,8.41,2.04,-1.05,-0.25,140.71,0.14,3
809,Entry long,2023-06-09,V0 LONG,412.69,1,412.69,8.41,2.04,0,8.41,2.04,-1.05,-0.25,140.71,0.14,3
810,Exit long,2023-06-20,STOP,421.44,1,426.81,-5.37,-1.26,0,0.56,0.13,-5.37,-1.26,135.34,0.14,1
810,Entry long,2023-06-16,V0 LONG,426.81,1,426.81,-5.37,-1.26,0,0.56,0.13,-5.37,-1.26,135.34,0.14,1
811,Exit long,2023-06-30,TARGET,425.39,1,417.08,8.31,1.99,0,8.31,1.99,-1.67,-0.40,143.65,0.14,5
811,Entry long,2023-06-23,V0 LONG,417.08,1,417.08,8.31,1.99,0,8.31,1.99,-1.67,-0.40,143.65,0.14,5
812,Exit long,2023-07-06,STOP,421.82,1,425.74,-3.92,-0.92,0,1.9,0.45,-3.92,-0.92,139.73,0.14,1
812,Entry long,2023-07-05,V0 LONG,425.74,1,425.74,-3.92,-0.92,0,1.9,0.45,-3.92,-0.92,139.73,0.14,1
813,Exit long,2023-07-13,TARGET,431.95,1,424.33,7.62,1.80,0,7.62,1.80,-0.97,-0.23,147.35,0.15,2
813,Entry long,2023-07-11,V0 LONG,424.33,1,424.33,7.62,1.80,0,7.62,1.80,-0.97,-0.23,147.35,0.15,2
814,Exit long,2023-07-27,TARGET,442.22,1,434.01,8.21,1.89,0,8.21,1.89,-0.43,-0.10,155.56,0.16,7
814,Entry long,2023-07-18,V0 LONG,434.01,1,434.01,8.21,1.89,0,8.21,1.89,-0.43,-0.10,155.56,0.16,7
815,Exit long,2023-08-02,STOP,436.66,1,440.67,-4.01,-0.91,0,0.72,0.16,-4.01,-0.91,151.55,0.15,2
815,Entry long,2023-07-31,V0 LONG,440.67,1,440.67,-4.01,-0.91,0,0.72,0.16,-4.01,-0.91,151.55,0.15,2
816,Exit long,2023-08-11,STOP,427.7,1,431.68,-3.98,-0.92,0,3.49,0.81,-3.98,-0.92,147.57,0.15,3
816,Entry long,2023-08-08,V0 LONG,431.68,1,431.68,-3.98,-0.92,0,3.49,0.81,-3.98,-0.92,147.57,0.15,3
817,Exit long,2023-08-16,STOP,425.79,1,429.94,-4.15,-0.97,0,0.35,0.08,-4.15,-0.97,143.42,0.14,1
817,Entry long,2023-08-15,V0 LONG,429.94,1,429.94,-4.15,-0.97,0,0.35,0.08,-4.15,-0.97,143.42,0.14,1
818,Exit short,2023-08-21,STOP,421.87,1,417.51,-4.36,-1.04,0,0.35,0.08,-4.36,-1.04,139.06,0.14,1
818,Entry short,2023-08-18,V0 SHORT,417.51,1,417.51,-4.36,-1.04,0,0.35,0.08,-4.36,-1.04,139.06,0.14,1
819,Exit long,2023-08-24,STOP,424.02,1,428.41,-4.39,-1.02,0,0.52,0.12,-4.39,-1.02,134.67,0.13,0
819,Entry long,2023-08-24,V0 LONG,428.41,1,428.41,-4.39,-1.02,0,0.52,0.12,-4.39,-1.02,134.67,0.13,0
820,Exit short,2023-08-29,STOP,427.27,1,422.62,-4.65,-1.10,0,3.54,0.84,-4.65,-1.10,130.02,0.13,2
820,Entry short,2023-08-25,V0 SHORT,422.62,1,422.62,-4.65,-1.10,0,3.54,0.84,-4.65,-1.10,130.02,0.13,2
821,Exit long,2023-09-06,STOP,430.47,1,435.12,-4.65,-1.07,0,1.95,0.45,-4.65,-1.07,125.37,0.13,3
821,Entry long,2023-08-31,V0 LONG,435.12,1,435.12,-4.65,-1.07,0,1.95,0.45,-4.65,-1.07,125.37,0.13,3
822,Exit long,2023-09-19,STOP,427.68,1,431.83,-4.15,-0.96,0,2.74,0.63,-4.15,-0.96,121.22,0.12,6
822,Entry long,2023-09-11,V0 LONG,431.83,1,431.83,-4.15,-0.96,0,2.74,0.63,-4.15,-0.96,121.22,0.12,6
823,Exit short,2023-09-27,TARGET,409.56,1,418.09,8.53,2.04,0,8.53,2.04,-1.6,-0.38,129.75,0.13,3
823,Entry short,2023-09-22,V0 SHORT,418.09,1,418.09,8.53,2.04,0,8.53,2.04,-1.6,-0.38,129.75,0.13,3
824,Exit long,2023-09-29,STOP,412.84,1,417.34,-4.5,-1.08,0,0.17,0.04,-4.5,-1.08,125.25,0.13,0
824,Entry long,2023-09-29,V0 LONG,417.34,1,417.34,-4.5,-1.08,0,0.17,0.04,-4.5,-1.08,125.25,0.13,0
825,Exit long,2023-10-03,STOP,407.87,1,412.46,-4.59,-1.11,0,1.91,0.46,-4.59,-1.11,120.66,0.12,1
825,Entry long,2023-10-02,V0 LONG,412.46,1,412.46,-4.59,-1.11,0,1.91,0.46,-4.59,-1.11,120.66,0.12,1
826,Exit long,2023-10-10,TARGET,419.7,1,410.27,9.43,2.30,0,9.43,2.30,-3.63,-0.88,130.09,0.13,3
826,Entry long,2023-10-05,V0 LONG,410.27,1,410.27,9.43,2.30,0,9.43,2.30,-3.63,-0.88,130.09,0.13,3
827,Exit long,2023-10-12,STOP,417.48,1,422.44,-4.96,-1.17,0,0.37,0.09,-4.96,-1.17,125.13,0.13,0
827,Entry long,2023-10-12,V0 LONG,422.44,1,422.44,-4.96,-1.17,0,0.37,0.09,-4.96,-1.17,125.13,0.13,0
828,Exit short,2023-10-20,TARGET,410.71,1,420.76,10.05,2.39,0,10.05,2.39,-2.83,-0.67,135.18,0.14,5
828,Entry short,2023-10-13,V0 SHORT,420.76,1,420.76,10.05,2.39,0,10.05,2.39,-2.83,-0.67,135.18,0.14,5
829,Exit long,2023-10-26,STOP,402.51,1,407.88,-5.37,-1.32,0,0.03,0.01,-5.37,-1.32,129.81,0.13,1
829,Entry long,2023-10-25,V0 LONG,407.88,1,407.88,-5.37,-1.32,0,0.03,0.01,-5.37,-1.32,129.81,0.13,1
830,Exit long,2023-11-02,TARGET,413.31,1,402.36,10.95,2.72,0,10.95,2.72,-1.9,-0.47,140.76,0.14,2
830,Entry long,2023-10-31,V0 LONG,402.36,1,402.36,10.95,2.72,0,10.95,2.72,-1.9,-0.47,140.76,0.14,2
831,Exit long,2023-11-14,TARGET,432.08,1,421.01,11.07,2.63,0,11.07,2.63,-2,-0.48,151.83,0.15,6
831,Entry long,2023-11-06,V0 LONG,421.01,1,421.01,11.07,2.63,0,11.07,2.63,-2,-0.48,151.83,0.15,6
832,Exit long,2023-12-12,TARGET,447.5,1,438.14,9.36,2.14,0,9.36,2.14,-1.19,-0.27,161.19,0.16,14
832,Entry long,2023-11-21,V0 LONG,438.14,1,438.14,9.36,2.14,0,9.36,2.14,-1.19,-0.27,161.19,0.16,14
833,Exit long,2024-01-05,STOP,452.88,1,456.81,-3.93,-0.86,0,6.76,1.48,-3.93,-0.86,157.26,0.16,14
833,Entry long,2023-12-14,V0 LONG,456.81,1,456.81,-3.93,-0.86,0,6.76,1.48,-3.93,-0.86,157.26,0.16,14
834,Exit long,2024-01-19,TARGET,466.01,1,458.05,7.96,1.74,0,7.96,1.74,-1.94,-0.42,165.22,0.17,7
834,Entry long,2024-01-09,V0 LONG,458.05,1,458.05,7.96,1.74,0,7.96,1.74,-1.94,-0.42,165.22,0.17,7
835,Exit long,2024-02-02,TARGET,478.04,1,469.84,8.2,1.75,0,8.2,1.75,-1.12,-0.24,173.42,0.17,8
835,Entry long,2024-01-23,V0 LONG,469.84,1,469.84,8.2,1.75,0,8.2,1.75,-1.12,-0.24,173.42,0.17,8
836,Exit short,2024-02-07,STOP,483.33,1,479.07,-4.26,-0.89,0,1.43,0.30,-4.26,-0.89,169.16,0.17,1
836,Entry short,2024-02-06,V0 SHORT,479.07,1,479.07,-4.26,-0.89,0,1.43,0.30,-4.26,-0.89,169.16,0.17,1
837,Exit long,2024-02-13,STOP,480.05,1,484.23,-4.18,-0.86,0,4.53,0.94,-4.18,-0.86,164.98,0.16,2
837,Entry long,2024-02-09,V0 LONG,484.23,1,484.23,-4.18,-0.86,0,4.53,0.94,-4.18,-0.86,164.98,0.16,2
838,Exit long,2024-02-20,STOP,480.35,1,484.67,-4.32,-0.89,0,3.48,0.72,-4.32,-0.89,160.66,0.16,2
838,Entry long,2024-02-15,V0 LONG,484.67,1,484.67,-4.32,-0.89,0,3.48,0.72,-4.32,-0.89,160.66,0.16,2
839,Exit short,2024-02-22,STOP,493.5,1,489.25,-4.25,-0.87,0,0.96,0.20,-4.25,-0.87,156.41,0.16,0
839,Entry short,2024-02-22,V0 SHORT,489.25,1,489.25,-4.25,-0.87,0,0.96,0.20,-4.25,-0.87,156.41,0.16,0
840,Exit long,2024-03-20,TARGET,503.81,1,494.36,9.45,1.91,0,9.45,1.91,-4.39,-0.89,165.86,0.17,18
840,Entry long,2024-02-23,V0 LONG,494.36,1,494.36,9.45,1.91,0,9.45,1.91,-4.39,-0.89,165.86,0.17,18
841,Exit long,2024-04-02,STOP,503.76,1,508.4,-4.64,-0.91,0,2.43,0.48,-4.64,-0.91,161.22,0.16,6
841,Entry long,2024-03-22,V0 LONG,508.4,1,508.4,-4.64,-0.91,0,2.43,0.48,-4.64,-0.91,161.22,0.16,6
842,Exit long,2024-04-09,STOP,500.84,1,505.51,-4.67,-0.92,0,1.56,0.31,-4.67,-0.92,156.55,0.16,1
842,Entry long,2024-04-08,V0 LONG,505.51,1,505.51,-4.67,-0.92,0,1.56,0.31,-4.67,-0.92,156.55,0.16,1
843,Exit short,2024-04-15,TARGET,492.56,1,502.14,9.58,1.91,0,9.58,1.91,-3.7,-0.74,166.13,0.17,2
843,Entry short,2024-04-11,V0 SHORT,502.14,1,502.14,9.58,1.91,0,9.58,1.91,-3.7,-0.74,166.13,0.17,2
844,Exit short,2024-04-19,TARGET,481.63,1,492.76,11.13,2.26,0,11.13,2.26,-0.16,-0.03,177.26,0.18,2
844,Entry short,2024-04-17,V0 SHORT,492.76,1,492.76,11.13,2.26,0,11.13,2.26,-0.16,-0.03,177.26,0.18,2
845,Exit long,2024-05-06,TARGET,500.26,1,488.6,11.66,2.39,0,11.66,2.39,-4.18,-0.86,188.92,0.19,9
845,Entry long,2024-04-23,V0 LONG,488.6,1,488.6,11.66,2.39,0,11.66,2.39,-4.18,-0.86,188.92,0.19,9
846,Exit long,2024-05-15,TARGET,513.28,1,501.73,11.55,2.30,0,11.55,2.30,-0.12,-0.02,200.47,0.20,5
846,Entry long,2024-05-08,V0 LONG,501.73,1,501.73,11.55,2.30,0,11.55,2.30,-0.12,-0.02,200.47,0.20,5
847,Exit long,2024-05-30,STOP,510.03,1,514.92,-4.89,-0.95,0,4.15,0.81,-4.89,-0.95,195.58,0.20,8
847,Entry long,2024-05-17,V0 LONG,514.92,1,514.92,-4.89,-0.95,0,4.15,0.81,-4.89,-0.95,195.58,0.20,8
848,Exit long,2024-06-03,STOP,510.34,1,515.13,-4.79,-0.93,0,0.28,0.05,-4.79,-0.93,190.79,0.19,0
848,Entry long,2024-06-03,V0 LONG,515.13,1,515.13,-4.79,-0.93,0,0.28,0.05,-4.79,-0.93,190.79,0.19,0
849,Exit long,2024-06-07,TARGET,522.46,1,512.63,9.83,1.92,0,9.83,1.92,-1.46,-0.28,200.62,0.20,3
849,Entry long,2024-06-04,V0 LONG,512.63,1,512.63,9.83,1.92,0,9.83,1.92,-1.46,-0.28,200.62,0.20,3
850,Exit long,2024-06-12,TARGET,529.33,1,520.04,9.29,1.79,0,9.29,1.79,-1.96,-0.38,209.91,0.21,1
850,Entry long,2024-06-11,V0 LONG,520.04,1,520.04,9.29,1.79,0,9.29,1.79,-1.96,-0.38,209.91,0.21,1
851,Exit long,2024-06-28,TARGET,536.15,1,526.67,9.48,1.80,0,9.48,1.80,-1,-0.19,219.39,0.22,9
851,Entry long,2024-06-14,V0 LONG,526.67,1,526.67,9.48,1.80,0,9.48,1.80,-1,-0.19,219.39,0.22,9
852,Exit long,2024-07-10,TARGET,544.59,1,536,8.59,1.60,0,8.59,1.60,-0.04,-0.01,227.98,0.23,4
852,Entry long,2024-07-03,V0 LONG,536,1,536,8.59,1.60,0,8.59,1.60,-0.04,-0.01,227.98,0.23,4
853,Exit long,2024-07-17,STOP,544.65,1,549.03,-4.38,-0.80,0,3.06,0.56,-4.38,-0.80,223.6,0.22,2
853,Entry long,2024-07-15,V0 LONG,549.03,1,549.03,-4.38,-0.80,0,3.06,0.56,-4.38,-0.80,223.6,0.22,2
854,Exit short,2024-07-24,TARGET,529.78,1,539.65,9.87,1.83,0,9.87,1.83,-4.21,-0.78,233.47,0.23,3
854,Entry short,2024-07-19,V0 SHORT,539.65,1,539.65,9.87,1.83,0,9.87,1.83,-4.21,-0.78,233.47,0.23,3
855,Exit long,2024-07-30,STOP,527.34,1,533.39,-6.05,-1.13,0,1.29,0.24,-6.05,-1.13,227.42,0.23,1
855,Entry long,2024-07-29,V0 LONG,533.39,1,533.39,-6.05,-1.13,0,1.29,0.24,-6.05,-1.13,227.42,0.23,1
856,Exit long,2024-08-01,STOP,533.31,1,539.79,-6.48,-1.20,0,2.25,0.42,-6.48,-1.20,220.94,0.22,0
856,Entry long,2024-08-01,V0 LONG,539.79,1,539.79,-6.48,-1.20,0,2.25,0.42,-6.48,-1.20,220.94,0.22,0
857,Exit short,2024-08-05,STOP,507.41,1,499.81,-7.6,-1.52,0,1.34,0.27,-7.6,-1.52,213.34,0.21,0
857,Entry short,2024-08-05,V0 SHORT,499.81,1,499.81,-7.6,-1.52,0,1.34,0.27,-7.6,-1.52,213.34,0.21,0
858,Exit short,2024-08-09,STOP,520.99,1,511.8,-9.19,-1.80,0,2.03,0.40,-9.19,-1.80,204.15,0.20,1
858,Entry short,2024-08-08,V0 SHORT,511.8,1,511.8,-9.19,-1.80,0,2.03,0.40,-9.19,-1.80,204.15,0.20,1
859,Exit long,2024-08-16,TARGET,541.79,1,524.12,17.67,3.37,0,17.67,3.37,-0.24,-0.05,221.82,0.22,3
859,Entry long,2024-08-13,V0 LONG,524.12,1,524.12,17.67,3.37,0,17.67,3.37,-0.24,-0.05,221.82,0.22,3
860,Exit long,2024-09-03,STOP,538.16,1,546.22,-8.06,-1.48,0,4.93,0.90,-8.06,-1.48,213.76,0.21,9
860,Entry long,2024-08-20,V0 LONG,546.22,1,546.22,-8.06,-1.48,0,4.93,0.90,-8.06,-1.48,213.76,0.21,9
861,Exit long,2024-09-11,STOP,528.56,1,536.01,-7.45,-1.39,0,6.51,1.21,-7.45,-1.39,206.31,0.21,0
861,Entry long,2024-09-11,V0 LONG,536.01,1,536.01,-7.45,-1.39,0,6.51,1.21,-7.45,-1.39,206.31,0.21,0
862,Exit long,2024-09-19,TARGET,558.16,1,542.18,15.98,2.95,0,15.98,2.95,-2.22,-0.41,222.29,0.22,5
862,Entry long,2024-09-12,V0 LONG,542.18,1,542.18,15.98,2.95,0,15.98,2.95,-2.22,-0.41,222.29,0.22,5
863,Exit long,2024-10-14,TARGET,572.36,1,557.88,14.48,2.60,0,14.48,2.60,-3.99,-0.72,236.77,0.24,15
863,Entry long,2024-09-23,V0 LONG,557.88,1,557.88,14.48,2.60,0,14.48,2.60,-3.99,-0.72,236.77,0.24,15
864,Exit long,2024-10-23,STOP,568.62,1,574.12,-5.5,-0.96,0,0.2,0.03,-5.5,-0.96,231.27,0.23,4
864,Entry long,2024-10-17,V0 LONG,574.12,1,574.12,-5.5,-0.96,0,0.2,0.03,-5.5,-0.96,231.27,0.23,4
865,Exit long,2024-10-31,STOP,563.97,1,570.85,-6.88,-1.21,0,0.73,0.13,-6.88,-1.21,224.39,0.22,3
865,Entry long,2024-10-28,V0 LONG,570.85,1,570.85,-6.88,-1.21,0,0.73,0.13,-6.88,-1.21,224.39,0.22,3
866,Exit long,2024-11-06,TARGET,577.34,1,559.25,18.09,3.23,0,18.09,3.23,-0.21,-0.04,242.48,0.24,1
866,Entry long,2024-11-05,V0 LONG,559.25,1,559.25,18.09,3.23,0,18.09,3.23,-0.21,-0.04,242.48,0.24,1
867,Exit long,2024-11-15,STOP,577.85,1,584.17,-6.32,-1.08,0,3.92,0.67,-6.32,-1.08,236.16,0.24,5
867,Entry long,2024-11-08,V0 LONG,584.17,1,584.17,-6.32,-1.08,0,3.92,0.67,-6.32,-1.08,236.16,0.24,5
868,Exit long,2024-11-25,TARGET,587.45,1,572.94,14.51,2.53,0,14.51,2.53,-0.67,-0.12,250.67,0.25,4
868,Entry long,2024-11-19,V0 LONG,572.94,1,572.94,14.51,2.53,0,14.51,2.53,-0.67,-0.12,250.67,0.25,4
869,Exit long,2024-12-18,STOP,582.79,1,588.37,-5.58,-0.95,0,8.44,1.43,-5.58,-0.95,245.09,0.25,14
869,Entry long,2024-11-27,V0 LONG,588.37,1,588.37,-5.58,-0.95,0,8.44,1.43,-5.58,-0.95,245.09,0.25,14
870,Exit long,2024-12-30,STOP,574.8,1,580.94,-6.14,-1.06,0,11.4,1.96,-6.14,-1.06,238.95,0.24,4
870,Entry long,2024-12-23,V0 LONG,580.94,1,580.94,-6.14,-1.06,0,11.4,1.96,-6.14,-1.06,238.95,0.24,4
871,Exit short,2025-01-06,STOP,586.23,1,579.47,-6.76,-1.17,0,8.74,1.51,-6.76,-1.17,232.19,0.23,2
871,Entry short,2025-01-02,V0 SHORT,579.47,1,579.47,-6.76,-1.17,0,8.74,1.51,-6.76,-1.17,232.19,0.23,2
872,Exit short,2025-01-15,STOP,583.19,1,576.02,-7.17,-1.24,0,10.35,1.80,-7.17,-1.24,225.02,0.23,3
872,Entry short,2025-01-10,V0 SHORT,576.02,1,576.02,-7.17,-1.24,0,10.35,1.80,-7.17,-1.24,225.02,0.23,3
873,Exit long,2025-02-19,TARGET,601.49,1,586.91,14.58,2.48,0,14.58,2.48,-6.36,-1.08,239.6,0.24,21
873,Entry long,2025-01-17,V0 LONG,586.91,1,586.91,14.58,2.48,0,14.58,2.48,-6.36,-1.08,239.6,0.24,21
874,Exit short,2025-02-28,TARGET,573.27,1,585.9,12.63,2.16,0,12.63,2.16,-3.59,-0.61,252.23,0.25,2
874,Entry short,2025-02-26,V0 SHORT,585.9,1,585.9,12.63,2.16,0,12.63,2.16,-3.59,-0.61,252.23,0.25,2
875,Exit long,2025-03-07,STOP,557.23,1,565.79,-8.56,-1.51,0,4.62,0.82,-8.56,-1.51,243.67,0.24,1
875,Entry long,2025-03-06,V0 LONG,565.79,1,565.79,-8.56,-1.51,0,4.62,0.82,-8.56,-1.51,243.67,0.24,1
876,Exit long,2025-04-03,STOP,537.55,1,549.09,-11.54,-2.10,0,19.32,3.52,-11.54,-2.10,232.13,0.23,15
876,Entry long,2025-03-13,V0 LONG,549.09,1,549.09,-11.54,-2.10,0,19.32,3.52,-11.54,-2.10,232.13,0.23,15
877,Exit short,2025-04-09,STOP,502.41,1,486.59,-15.82,-3.25,0,0.38,0.08,-15.82,-3.25,216.31,0.22,0
877,Entry short,2025-04-09,V0 SHORT,486.59,1,486.59,-15.82,-3.25,0,0.38,0.08,-15.82,-3.25,216.31,0.22,0
878,Exit short,2025-04-14,STOP,536.5,1,515.75,-20.75,-4.02,0,2.9,0.56,-20.75,-4.02,195.56,0.20,1
878,Entry short,2025-04-11,V0 SHORT,515.75,1,515.75,-20.75,-4.02,0,2.9,0.56,-20.75,-4.02,195.56,0.20,1
879,Exit short,2025-04-24,STOP,538.44,1,520.32,-18.12,-3.48,0,18.91,3.63,-18.12,-3.48,177.44,0.18,4
879,Entry short,2025-04-17,V0 SHORT,520.32,1,520.32,-18.12,-3.48,0,18.91,3.63,-18.12,-3.48,177.44,0.18,4
880,Exit long,2025-05-13,TARGET,576.11,1,543.74,32.37,5.95,0,32.37,5.95,-9.73,-1.79,209.81,0.21,11
880,Entry long,2025-04-28,V0 LONG,543.74,1,543.74,32.37,5.95,0,32.37,5.95,-9.73,-1.79,209.81,0.21,11
881,Exit long,2025-05-23,STOP,567.99,1,583.05,-15.06,-2.58,0,4.23,0.73,-15.06,-2.58,194.75,0.19,5
881,Entry long,2025-05-16,V0 LONG,583.05,1,583.05,-15.06,-2.58,0,4.23,0.73,-15.06,-2.58,194.75,0.19,5
882,Exit long,2025-06-26,TARGET,602.74,1,583.35,19.39,3.32,0,19.39,3.32,-8.21,-1.41,214.14,0.21,20
882,Entry long,2025-05-28,V0 LONG,583.35,1,583.35,19.39,3.32,0,19.39,3.32,-8.21,-1.41,214.14,0.21,20
883,Exit long,2025-07-21,TARGET,623.86,1,610.61,13.25,2.17,0,13.25,2.17,-2.31,-0.38,227.39,0.23,14
883,Entry long,2025-06-30,V0 LONG,610.61,1,610.61,13.25,2.17,0,13.25,2.17,-2.31,-0.38,227.39,0.23,14
884,Exit long,2025-08-01,STOP,619.44,1,624.63,-5.19,-0.83,0,8.21,1.31,-5.19,-0.83,222.2,0.22,7
884,Entry long,2025-07-23,V0 LONG,624.63,1,624.63,-5.19,-0.83,0,8.21,1.31,-5.19,-0.83,222.2,0.22,7
885,Exit long,2025-08-07,STOP,623.54,1,629.27,-5.73,-0.91,0,0.73,0.12,-5.73,-0.91,216.47,0.22,0
885,Entry long,2025-08-07,V0 LONG,629.27,1,629.27,-5.73,-0.91,0,0.73,0.12,-5.73,-0.91,216.47,0.22,0
886,Exit long,2025-08-13,TARGET,638.87,1,627.11,11.76,1.88,0,11.76,1.88,-0.32,-0.05,228.23,0.23,3
886,Entry long,2025-08-08,V0 LONG,627.11,1,627.11,11.76,1.88,0,11.76,1.88,-0.32,-0.05,228.23,0.23,3
887,Exit short,2025-08-28,STOP,641.14,1,635.81,-5.33,-0.84,0,9.8,1.54,-5.33,-0.84,222.9,0.22,8
887,Entry short,2025-08-18,V0 SHORT,635.81,1,635.81,-5.33,-0.84,0,9.8,1.54,-5.33,-0.84,222.9,0.22,8
888,Exit short,2025-09-04,STOP,641.07,1,635.63,-5.44,-0.86,0,2.19,0.34,-5.44,-0.86,217.46,0.22,1
888,Entry short,2025-09-03,V0 SHORT,635.63,1,635.63,-5.44,-0.86,0,2.19,0.34,-5.44,-0.86,217.46,0.22,1
889,Exit long,2025-09-15,TARGET,652.69,1,641.51,11.18,1.74,0,11.18,1.74,-1.38,-0.22,228.64,0.23,5
889,Entry long,2025-09-08,V0 LONG,641.51,1,641.51,11.18,1.74,0,11.18,1.74,-1.38,-0.22,228.64,0.23,5
890,Exit long,2025-09-25,STOP,651.9,1,656.89,-4.99,-0.76,0,4.97,0.76,-4.99,-0.76,223.65,0.22,4
890,Entry long,2025-09-19,V0 LONG,656.89,1,656.89,-4.99,-0.76,0,4.97,0.76,-4.99,-0.76,223.65,0.22,4
891,Exit long,2025-10-10,STOP,653.86,1,658.9,-5.04,-0.76,0,9.51,1.44,-5.04,-0.76,218.61,0.22,9
891,Entry long,2025-09-29,V0 LONG,658.9,1,658.9,-5.04,-0.76,0,9.51,1.44,-5.04,-0.76,218.61,0.22,9
892,Exit long,2025-10-16,STOP,654.23,1,661.34,-7.11,-1.08,0,1.88,0.28,-7.11,-1.08,211.5,0.21,0
892,Entry long,2025-10-16,V0 LONG,661.34,1,661.34,-7.11,-1.08,0,1.88,0.28,-7.11,-1.08,211.5,0.21,0
893,Exit short,2025-10-20,STOP,661.84,1,654.08,-7.76,-1.19,0,1.35,0.21,-7.76,-1.19,203.74,0.20,1
893,Entry short,2025-10-17,V0 SHORT,654.08,1,654.08,-7.76,-1.19,0,1.35,0.21,-7.76,-1.19,203.74,0.20,1
894,Exit long,2025-10-22,STOP,659.34,1,666.48,-7.14,-1.07,0,0,0.00,-7.14,-1.07,196.6,0.20,0
894,Entry long,2025-10-22,V0 LONG,666.48,1,666.48,-7.14,-1.07,0,0,0.00,-7.14,-1.07,196.6,0.20,0
895,Exit short,2025-10-24,STOP,670.9,1,662.63,-8.27,-1.25,0,0.32,0.05,-8.27,-1.25,188.33,0.19,1
895,Entry short,2025-10-23,V0 SHORT,662.63,1,662.63,-8.27,-1.25,0,0.32,0.05,-8.27,-1.25,188.33,0.19,1
896,Exit long,2025-10-30,STOP,674.27,1,681.4,-7.13,-1.05,0,2.63,0.39,-7.13,-1.05,181.2,0.18,2
896,Entry long,2025-10-28,V0 LONG,681.4,1,681.4,-7.13,-1.05,0,2.63,0.39,-7.13,-1.05,181.2,0.18,2
897,Exit long,2025-11-04,STOP,670.55,1,680.04,-9.49,-1.40,0,0.12,0.02,-9.49,-1.40,171.71,0.17,1
897,Entry long,2025-11-03,V0 LONG,680.04,1,680.04,-9.49,-1.40,0,0.12,0.02,-9.49,-1.40,171.71,0.17,1
898,Exit long,2025-11-13,STOP,666.85,1,674.36,-7.51,-1.11,0,4.97,0.74,-7.51,-1.11,164.2,0.16,2
898,Entry long,2025-11-11,V0 LONG,674.36,1,674.36,-7.51,-1.11,0,4.97,0.74,-7.51,-1.11,164.2,0.16,2
899,Exit short,2025-11-20,STOP,667.38,1,656.65,-10.73,-1.63,0,6.18,0.94,-10.73,-1.63,153.47,0.15,2
899,Entry short,2025-11-18,V0 SHORT,656.65,1,656.65,-10.73,-1.63,0,6.18,0.94,-10.73,-1.63,153.47,0.15,2
900,Exit long,2025-12-05,TARGET,682.57,1,663.14,19.43,2.93,0,19.43,2.93,-4.12,-0.62,172.9,0.17,7
900,Entry long,2025-11-25,V0 LONG,663.14,1,663.14,19.43,2.93,0,19.43,2.93,-4.12,-0.62,172.9,0.17,7
901,Exit long,2025-12-16,STOP,672.28,1,679.51,-7.23,-1.06,0,4.08,0.60,-7.23,-1.06,165.67,0.17,3
901,Entry long,2025-12-11,V0 LONG,679.51,1,679.51,-7.23,-1.06,0,4.08,0.60,-7.23,-1.06,165.67,0.17,3
902,Exit long,2026-01-06,TARGET,688.05,1,673.01,15.04,2.23,0,15.04,2.23,-0.12,-0.02,180.71,0.18,10
902,Entry long,2025-12-19,V0 LONG,673.01,1,673.01,15.04,2.23,0,15.04,2.23,-0.12,-0.02,180.71,0.18,10
903,Exit long,2026-01-20,STOP,677.89,1,687.03,-9.14,-1.33,0,5.38,0.78,-9.14,-1.33,171.57,0.17,5
903,Entry long,2026-01-12,V0 LONG,687.03,1,687.03,-9.14,-1.33,0,5.38,0.78,-9.14,-1.33,171.57,0.17,5
904,Exit long,2026-02-05,STOP,677.34,1,684.51,-7.17,-1.05,0,9.64,1.41,-7.17,-1.05,164.4,0.16,9
904,Entry long,2026-01-23,V0 LONG,684.51,1,684.51,-7.17,-1.05,0,9.64,1.41,-7.17,-1.05,164.4,0.16,9
905,Exit long,2026-02-12,STOP,683.43,1,691.28,-7.85,-1.14,0,2.18,0.32,-7.85,-1.14,156.55,0.16,2
905,Entry long,2026-02-10,V0 LONG,691.28,1,691.28,-7.85,-1.14,0,2.18,0.32,-7.85,-1.14,156.55,0.16,2
906,Exit long,2026-03-03,STOP,671.49,1,680.23,-8.74,-1.28,0,9.78,1.44,-8.74,-1.28,147.81,0.15,8
906,Entry long,2026-02-19,V0 LONG,680.23,1,680.23,-8.74,-1.28,0,9.78,1.44,-8.74,-1.28,147.81,0.15,8
907,Exit short,2026-03-09,STOP,671.82,1,662.87,-8.95,-1.35,0,3.98,0.60,-8.95,-1.35,138.86,0.14,0
907,Entry short,2026-03-09,V0 SHORT,662.87,1,662.87,-8.95,-1.35,0,3.98,0.60,-8.95,-1.35,138.86,0.14,0
908,Exit short,2026-03-20,TARGET,647,1,665.73,18.73,2.81,0,18.73,2.81,-5.15,-0.77,157.59,0.16,5
908,Entry short,2026-03-13,V0 SHORT,665.73,1,665.73,18.73,2.81,0,18.73,2.81,-5.15,-0.77,157.59,0.16,5
909,Exit long,2026-03-27,STOP,640.85,1,650.38,-9.53,-1.47,0,2.79,0.43,-9.53,-1.47,148.06,0.15,1
909,Entry long,2026-03-26,V0 LONG,650.38,1,650.38,-9.53,-1.47,0,2.79,0.43,-9.53,-1.47,148.06,0.15,1
910,Exit short,2026-03-31,STOP,647.17,1,637.3,-9.87,-1.55,0,0.96,0.15,-9.87,-1.55,138.19,0.14,0
910,Entry short,2026-03-31,V0 SHORT,637.3,1,637.3,-9.87,-1.55,0,0.96,0.15,-9.87,-1.55,138.19,0.14,0
911,Exit long,2026-04-08,TARGET,674.65,1,652.22,22.43,3.44,0,22.43,3.44,-8.77,-1.34,160.62,0.16,4
911,Entry long,2026-04-01,V0 LONG,652.22,1,652.22,22.43,3.44,0,22.43,3.44,-8.77,-1.34,160.62,0.16,4
912,Exit long,2026-04-16,TARGET,700.24,1,679.57,20.67,3.04,0,20.67,3.04,-4.73,-0.70,181.29,0.18,4
912,Entry long,2026-04-10,V0 LONG,679.57,1,679.57,20.67,3.04,0,20.67,3.04,-4.73,-0.70,181.29,0.18,4
913,Exit long,2026-05-06,TARGET,726.29,1,706.96,19.33,2.73,0,19.33,2.73,-6.48,-0.92,200.62,0.20,12
913,Entry long,2026-04-20,V0 LONG,706.96,1,706.96,19.33,2.73,0,19.33,2.73,-6.48,-0.92,200.62,0.20,12
914,Exit long,2026-05-26,TARGET,749.94,1,734.56,15.38,2.09,0,15.38,2.09,-4.91,-0.67,216,0.22,10
914,Entry long,2026-05-11,V0 LONG,734.56,1,734.56,15.38,2.09,0,15.38,2.09,-4.91,-0.67,216,0.22,10
915,Exit long,2026-06-05,STOP,746.84,1,753.96,-7.12,-0.94,0,4.49,0.60,-7.12,-0.94,208.88,0.21,5
915,Entry long,2026-05-29,V0 LONG,753.96,1,753.96,-7.12,-0.94,0,4.49,0.60,-7.12,-0.94,208.88,0.21,5
916,Exit short,2026-06-11,STOP,735.99,1,726.89,-9.1,-1.25,0,4.35,0.60,-9.1,-1.25,199.78,0.20,0
916,Entry short,2026-06-11,V0 SHORT,726.89,1,726.89,-9.1,-1.25,0,4.35,0.60,-9.1,-1.25,199.78,0.20,0
917,Exit long,2026-06-26,STOP,728.95,1,738.81,-9.86,-1.33,0,15.93,2.16,-9.86,-1.33,189.92,0.19,9
917,Entry long,2026-06-12,V0 LONG,738.81,1,738.81,-9.86,-1.33,0,15.93,2.16,-9.86,-1.33,189.92,0.19,9
918,Exit long,2026-07-24,Open,738.93,1,741.29,-2.36,-0.32,0,14.29,1.93,-6.08,-0.82,187.56,0.19,17
918,Entry long,2026-06-30,V0 LONG,741.29,1,741.29,-2.36,-0.32,0,14.29,1.93,-6.08,-0.82,187.56,0.19,17