Trade number,Type,Date and time,Signal,Price USD,Size (qty),Size (value),Net PnL USD,Return %,Commission USD,Favorable excursion USD,Favorable excursion %,Adverse excursion USD,Adverse excursion %,Cumulative PnL USD,Cumulative PnL %,Duration (bars)
1,Exit short,2015-01-16,1 ATR stop,166.58,608,99821.44,-1479.31,-1.48,20.11,99.46,0.10,-1469.18,-1.47,-1479.31,-1.48,0
1,Entry short,2015-01-16,CB V0,164.18,608,99821.44,-1479.31,-1.48,20.11,99.46,0.10,-1469.18,-1.47,-1479.31,-1.48,0
2,Exit long,2015-02-02,1 ATR stop,164.05,590,98205.5,-1435.5,-1.46,19.5,2302.98,2.34,-1425.82,-1.45,-2914.81,-2.91,8
2,Entry long,2015-01-21,CB V0,166.45,590,98205.5,-1435.5,-1.46,19.5,2302.98,2.34,-1425.82,-1.45,-2914.81,-2.91,8
3,Exit long,2015-02-17,2R target,173.51,573,96521.85,2879.79,2.98,19.59,2889.73,2.99,-210.2,-0.22,-35.02,-0.04,8
3,Entry long,2015-02-04,CB V0,168.45,573,96521.85,2879.79,2.98,19.59,2889.73,2.99,-210.2,-0.22,-35.02,-0.04,8
4,Exit long,2015-03-10,1 ATR stop,170.73,575,99463.5,-1313.51,-1.32,19.76,1329.8,1.34,-1303.7,-1.31,-1348.54,-1.35,13
4,Entry long,2015-02-19,CB V0,172.98,575,99463.5,-1313.51,-1.32,19.76,1329.8,1.34,-1303.7,-1.31,-1348.54,-1.35,13
5,Exit long,2015-03-13,1 ATR stop,169.16,576,98380.8,-964.22,-0.98,19.58,543.12,0.55,-954.48,-0.97,-2312.76,-2.31,0
5,Entry long,2015-03-13,CB V0,170.8,576,98380.8,-964.22,-0.98,19.58,543.12,0.55,-954.48,-0.97,-2312.76,-2.31,0
6,Exit long,2015-03-20,2R target,175.08,566,97102.96,1972.7,2.03,19.62,1982.61,2.04,-513.45,-0.53,-340.06,-0.34,3
6,Entry long,2015-03-17,CB V0,171.56,566,97102.96,1972.7,2.03,19.62,1982.61,2.04,-513.45,-0.53,-340.06,-0.34,3
7,Exit long,2015-03-25,1 ATR stop,172.74,570,99516.3,-1074.3,-1.08,19.8,314.95,0.32,-1064.45,-1.07,-1414.36,-1.41,2
7,Entry long,2015-03-23,CB V0,174.59,570,99516.3,-1074.3,-1.08,19.8,314.95,0.32,-1064.45,-1.07,-1414.36,-1.41,2
8,Exit short,2015-03-26,Margin call,171.23,20,3400.8,-24.48,-0.72,0.68,13.26,0.39,-24.14,-0.71,-1448.31,-1.45,0
8,Entry short,2015-03-26,CB V0,170.04,20,3400.8,-24.48,-0.72,0.68,13.26,0.39,-24.14,-0.71,-1448.31,-1.45,0
9,Exit short,2015-03-30,1 ATR stop,171.89,557,94712.28,-1049.5,-1.11,19.05,369.29,0.39,-1039.92,-1.10,-2488.33,-2.49,2
9,Entry short,2015-03-26,CB V0,170.04,557,94712.28,-1049.5,-1.11,19.05,369.29,0.39,-1039.92,-1.10,-2488.33,-2.49,2
10,Exit long,2015-04-01,1 ATR stop,170.14,564,96991.08,-1051.41,-1.08,19.3,379.46,0.39,-1041.82,-1.07,-3539.75,-3.54,1
10,Entry long,2015-03-31,CB V0,171.97,564,96991.08,-1051.41,-1.08,19.3,379.46,0.39,-1041.82,-1.07,-3539.75,-3.54,1
11,Exit short,2015-04-02,Margin call,171.74,28,4776.52,-33.16,-0.69,0.96,4.28,0.09,-32.68,-0.68,-3582.07,-3.58,0
11,Entry short,2015-04-02,CB V0,170.59,28,4776.52,-33.16,-0.69,0.96,4.28,0.09,-32.68,-0.68,-3582.07,-3.58,0
12,Exit short,2015-04-06,1 ATR stop,172.38,537,91606.83,-979.65,-1.07,18.42,168.05,0.18,-970.39,-1.06,-4552.56,-4.55,1
12,Entry short,2015-04-02,CB V0,170.59,537,91606.83,-979.65,-1.07,18.42,168.05,0.18,-970.39,-1.06,-4552.56,-4.55,1
13,Exit long,2015-04-27,2R target,176.17,553,95375.91,2026.82,2.12,19.28,2036.56,2.14,-402.17,-0.42,-2525.74,-2.53,14
13,Entry long,2015-04-07,CB V0,172.47,553,95375.91,2026.82,2.12,19.28,2036.56,2.14,-402.17,-0.42,-2525.74,-2.53,14
14,Exit long,2015-04-30,1 ATR stop,172.95,555,96875.25,-907.29,-0.94,19.29,412.11,0.43,-897.69,-0.93,-3433.02,-3.43,1
14,Entry long,2015-04-29,CB V0,174.55,555,96875.25,-907.29,-0.94,19.29,412.11,0.43,-897.69,-0.93,-3433.02,-3.43,1
15,Exit short,2015-05-07,Margin call,173.73,28,4830,-35.41,-0.73,0.97,8.48,0.18,-34.92,-0.72,-3477.59,-3.48,0
15,Entry short,2015-05-07,CB V0,172.5,28,4830,-35.41,-0.73,0.97,8.48,0.18,-34.92,-0.72,-3477.59,-3.48,0
16,Exit short,2015-05-08,1 ATR stop,174.98,531,91597.5,-1335.33,-1.46,18.45,160.76,0.18,-1326.04,-1.45,-4803.76,-4.80,1
16,Entry short,2015-05-07,CB V0,172.5,531,91597.5,-1335.33,-1.46,18.45,160.76,0.18,-1326.04,-1.45,-4803.76,-4.80,1
17,Exit long,2015-05-12,1 ATR stop,173.76,542,95148.1,-989.11,-1.04,18.93,125.99,0.13,-979.69,-1.03,-5792.87,-5.79,1
17,Entry long,2015-05-11,CB V0,175.55,542,95148.1,-989.11,-1.04,18.93,125.99,0.13,-979.69,-1.03,-5792.87,-5.79,1
18,Exit long,2015-05-26,1 ATR stop,174.55,534,94128.18,-937.21,-1.00,18.73,577.99,0.61,-927.89,-0.99,-6730.09,-6.73,6
18,Entry long,2015-05-15,CB V0,176.27,534,94128.18,-937.21,-1.00,18.73,577.99,0.61,-927.89,-0.99,-6730.09,-6.73,6
19,Exit long,2015-06-01,1 ATR stop,174.76,529,93220.38,-790.91,-0.85,18.57,6.55,0.01,-781.66,-0.84,-7521,-7.52,1
19,Entry long,2015-05-29,CB V0,176.22,529,93220.38,-790.91,-0.85,18.57,6.55,0.01,-781.66,-0.84,-7521,-7.52,1
20,Exit long,2015-06-05,1 ATR stop,173.69,525,91943.25,-774.31,-0.84,18.31,332.06,0.36,-765.19,-0.83,-8295.31,-8.30,1
20,Entry long,2015-06-04,CB V0,175.13,525,91943.25,-774.31,-0.84,18.31,332.06,0.36,-765.19,-0.83,-8295.31,-8.30,1
21,Exit long,2015-06-15,1 ATR stop,173.1,522,91235.16,-895.12,-0.98,18.16,351.06,0.38,-886.08,-0.97,-9190.43,-9.19,1
21,Entry long,2015-06-12,CB V0,174.78,522,91235.16,-895.12,-0.98,18.16,351.06,0.38,-886.08,-0.97,-9190.43,-9.19,1
22,Exit long,2015-06-26,1 ATR stop,174.76,514,90623.34,-814.74,-0.90,18.04,468.96,0.52,-805.76,-0.89,-10005.17,-10.01,5
22,Entry long,2015-06-19,CB V0,176.31,514,90623.34,-814.74,-0.90,18.04,468.96,0.52,-805.76,-0.89,-10005.17,-10.01,5
23,Exit short,2015-06-29,1 ATR stop,174.87,514,89148.16,-752.92,-0.84,17.9,0,0.00,-743.93,-0.83,-10758.1,-10.76,0
23,Entry short,2015-06-29,CB V0,173.44,514,89148.16,-752.92,-0.84,17.9,0,0.00,-743.93,-0.83,-10758.1,-10.76,0
24,Exit long,2015-07-07,1 ATR stop,170.95,517,89213.52,-850.13,-0.95,17.76,508.08,0.57,-841.29,-0.94,-11608.23,-11.61,0
24,Entry long,2015-07-07,CB V0,172.56,517,89213.52,-850.13,-0.95,17.76,508.08,0.57,-841.29,-0.94,-11608.23,-11.61,0
25,Exit long,2015-07-08,1 ATR stop,170.38,509,87603.99,-898,-1.02,17.43,133.76,0.15,-889.33,-1.02,-12506.23,-12.51,0
25,Entry long,2015-07-08,CB V0,172.11,509,87603.99,-898,-1.02,17.43,133.76,0.15,-889.33,-1.02,-12506.23,-12.51,0
26,Exit long,2015-07-27,1 ATR stop,172.52,500,87430,-1187.37,-1.36,17.37,1431.26,1.64,-1178.74,-1.35,-13693.6,-13.69,9
26,Entry long,2015-07-14,CB V0,174.86,500,87430,-1187.37,-1.36,17.37,1431.26,1.64,-1178.74,-1.35,-13693.6,-13.69,9
27,Exit long,2015-08-07,1 ATR stop,173.02,494,86282.04,-827.34,-0.96,17.18,796.59,0.92,-818.79,-0.95,-14520.93,-14.52,7
27,Entry long,2015-07-29,CB V0,174.66,494,86282.04,-827.34,-0.96,17.18,796.59,0.92,-818.79,-0.95,-14520.93,-14.52,7
28,Exit long,2015-08-12,1 ATR stop,172.61,486,84680.64,-809.04,-0.96,16.86,185.93,0.22,-800.65,-0.95,-15329.97,-15.33,1
28,Entry long,2015-08-11,CB V0,174.24,486,84680.64,-809.04,-0.96,16.86,185.93,0.22,-800.65,-0.95,-15329.97,-15.33,1
29,Exit long,2015-08-20,1 ATR stop,172.16,486,84578.58,-925.64,-1.09,16.82,778.86,0.92,-917.28,-1.08,-16255.61,-16.26,5
29,Entry long,2015-08-13,CB V0,174.03,486,84578.58,-925.64,-1.09,16.82,778.86,0.92,-917.28,-1.08,-16255.61,-16.26,5
30,Exit long,2015-09-01,1 ATR stop,161,503,83251.53,-2284.95,-2.74,16.42,544.97,0.65,-2276.86,-2.73,-18540.57,-18.54,2
30,Entry long,2015-08-28,CB V0,165.51,503,83251.53,-2284.95,-2.74,16.42,544.97,0.65,-2276.86,-2.73,-18540.57,-18.54,2
31,Exit long,2015-09-24,1 ATR stop,160.94,496,81448.16,-1638.05,-2.01,16.13,2447.06,3.00,-1630.06,-2.00,-20178.62,-20.18,8
31,Entry long,2015-09-14,CB V0,164.21,496,81448.16,-1638.05,-2.01,16.13,2447.06,3.00,-1630.06,-2.00,-20178.62,-20.18,8
32,Exit short,2015-10-01,Margin call,161.33,1,160.71,-0.65,-0.41,0.03,4.03,2.51,-0.64,-0.40,-20187.17,-20.19,3
32,Entry short,2015-09-28,CB V0,160.71,1,160.71,-0.65,-0.41,0.03,4.03,2.51,-0.64,-0.40,-20187.17,-20.19,3
33,Exit short,2015-10-02,Margin call,163.46,44,7071.24,-122.43,-1.73,1.43,177.49,2.51,-121.71,-1.72,-20308.89,-20.31,4
33,Entry short,2015-09-28,CB V0,160.71,44,7071.24,-122.43,-1.73,1.43,177.49,2.51,-121.71,-1.72,-20308.89,-20.31,4
34,Exit short,2015-10-05,1 ATR stop,164.66,448,71998.08,-1784.18,-2.48,14.58,1807.2,2.51,-1776.8,-2.47,-22085.87,-22.09,5
34,Entry short,2015-09-28,CB V0,160.71,448,71998.08,-1784.18,-2.48,14.58,1807.2,2.51,-1776.8,-2.47,-22085.87,-22.09,5
35,Exit long,2015-10-22,2R target,172.23,468,77786.28,2801.52,3.60,15.84,2809.58,3.61,-527.26,-0.68,-19284.35,-19.28,12
35,Entry long,2015-10-06,CB V0,166.21,468,77786.28,2801.52,3.60,15.84,2809.58,3.61,-527.26,-0.68,-19284.35,-19.28,12
36,Exit long,2015-11-13,1 ATR stop,171.25,464,80615.36,-1171.37,-1.45,16.01,1685.54,2.09,-1163.42,-1.44,-20455.72,-20.46,14
36,Entry long,2015-10-26,CB V0,173.74,464,80615.36,-1171.37,-1.45,16.01,1685.54,2.09,-1163.42,-1.44,-20455.72,-20.46,14
37,Exit long,2015-12-03,1 ATR stop,172.81,454,79368.28,-928.32,-1.17,15.78,904.6,1.14,-920.48,-1.16,-21384.04,-21.38,9
37,Entry long,2015-11-19,CB V0,174.82,454,79368.28,-928.32,-1.17,15.78,904.6,1.14,-920.48,-1.16,-21384.04,-21.38,9
38,Exit long,2015-12-08,1 ATR stop,173.04,447,78385.92,-1052.61,-1.34,15.57,175.43,0.22,-1044.88,-1.33,-22436.65,-22.44,1
38,Entry long,2015-12-07,CB V0,175.36,447,78385.92,-1052.61,-1.34,15.57,175.43,0.22,-1044.88,-1.33,-22436.65,-22.44,1
39,Exit short,2015-12-09,1 ATR stop,174.79,447,77237.13,-909.54,-1.18,15.54,738.77,0.96,-901.72,-1.17,-23346.19,-23.35,0
39,Entry short,2015-12-09,CB V0,172.79,447,77237.13,-909.54,-1.18,15.54,738.77,0.96,-901.72,-1.17,-23346.19,-23.35,0
40,Exit long,2016-01-04,1 ATR stop,169.01,441,76487.04,-1968.73,-2.57,15.1,759.69,0.99,-1961.28,-2.56,-25314.92,-25.31,5
40,Entry long,2015-12-24,CB V0,173.44,441,76487.04,-1968.73,-2.57,15.1,759.69,0.99,-1961.28,-2.56,-25314.92,-25.31,5
41,Exit short,2016-01-07,Margin call,166.46,4,658.64,-7.33,-1.11,0.13,5.73,0.87,-7.27,-1.10,-25329.52,-25.33,0
41,Entry short,2016-01-07,CB V0,164.66,4,658.64,-7.33,-1.11,0.13,5.73,0.87,-7.27,-1.10,-25329.52,-25.33,0
42,Exit short,2016-01-11,2R target,160.12,441,72615.06,1987.82,2.74,14.32,1994.88,2.75,-801.06,-1.10,-23334.44,-23.33,2
42,Entry short,2016-01-07,CB V0,164.66,441,72615.06,1987.82,2.74,14.32,1994.88,2.75,-801.06,-1.10,-23334.44,-23.33,2
43,Exit short,2016-01-20,Margin call,158.08,16,2495.68,-34.1,-1.37,0.5,0,0.00,-33.85,-1.36,-23375.82,-23.38,0
43,Entry short,2016-01-20,CB V0,155.98,16,2495.68,-34.1,-1.37,0.5,0,0.00,-33.85,-1.36,-23375.82,-23.38,0
44,Exit short,2016-01-21,1 ATR stop,159.1,467,72842.66,-1471.75,-2.02,14.71,1566.51,2.15,-1464.32,-2.01,-24840.29,-24.84,1
44,Entry short,2016-01-20,CB V0,155.98,467,72842.66,-1471.75,-2.02,14.71,1566.51,2.15,-1464.32,-2.01,-24840.29,-24.84,1
45,Exit long,2016-02-08,1 ATR stop,156.6,467,74776.04,-1658.63,-2.22,14.79,1823.16,2.44,-1651.32,-2.21,-26498.92,-26.50,10
45,Entry long,2016-01-25,CB V0,160.12,467,74776.04,-1658.63,-2.22,14.79,1823.16,2.44,-1651.32,-2.21,-26498.92,-26.50,10
46,Exit short,2016-02-09,Margin call,157.61,48,7419.36,-147.42,-1.99,1.5,5.02,0.07,-146.66,-1.98,-26652.86,-26.65,0
46,Entry short,2016-02-09,CB V0,154.57,48,7419.36,-147.42,-1.99,1.5,5.02,0.07,-146.66,-1.98,-26652.86,-26.65,0
47,Exit short,2016-02-10,1 ATR stop,157.91,422,65228.54,-1422.67,-2.18,13.19,44.12,0.07,-1416,-2.17,-28069.01,-28.07,1
47,Entry short,2016-02-09,CB V0,154.57,422,65228.54,-1422.67,-2.18,13.19,44.12,0.07,-1416,-2.17,-28069.01,-28.07,1
48,Exit long,2016-02-17,2R target,161.16,460,70715.8,3403.32,4.81,14.48,3410.73,4.82,-494.67,-0.70,-24665.69,-24.67,3
48,Entry long,2016-02-11,CB V0,153.73,460,70715.8,3403.32,4.81,14.48,3410.73,4.82,-494.67,-0.70,-24665.69,-24.67,3
49,Exit long,2016-02-24,1 ATR stop,160.62,458,74910.48,-1361.37,-1.82,14.85,111.59,0.15,-1354.01,-1.81,-26027.06,-26.03,1
49,Entry long,2016-02-23,CB V0,163.56,458,74910.48,-1361.37,-1.82,14.85,111.59,0.15,-1354.01,-1.81,-26027.06,-26.03,1
50,Exit long,2016-03-17,2R target,172.4,442,73690.24,2495.57,3.39,14.99,2503.19,3.40,-197.43,-0.27,-23531.49,-23.53,11
50,Entry long,2016-03-02,CB V0,166.72,442,73690.24,2495.57,3.39,14.99,2503.19,3.40,-197.43,-0.27,-23531.49,-23.53,11
51,Exit long,2016-04-18,2R target,177.26,441,76266.54,1889.68,2.48,15.44,1897.49,2.49,-885.22,-1.16,-21641.81,-21.64,19
51,Entry long,2016-03-21,CB V0,172.94,441,76266.54,1889.68,2.48,15.44,1897.49,2.49,-885.22,-1.16,-21641.81,-21.64,19
52,Exit long,2016-04-22,1 ATR stop,176.2,440,78284.8,-772.38,-0.99,15.58,348.57,0.45,-764.63,-0.98,-22414.2,-22.41,2
52,Entry long,2016-04-20,CB V0,177.92,440,78284.8,-772.38,-0.99,15.58,348.57,0.45,-764.63,-0.98,-22414.2,-22.41,2
53,Exit long,2016-04-29,1 ATR stop,175.11,437,77200.42,-692.72,-0.90,15.37,468.61,0.61,-685.07,-0.89,-23106.92,-23.11,1
53,Entry long,2016-04-28,CB V0,176.66,437,77200.42,-692.72,-0.90,15.37,468.61,0.61,-685.07,-0.89,-23106.92,-23.11,1
54,Exit long,2016-05-04,1 ATR stop,173.38,436,76308.72,-730.23,-0.96,15.19,88.29,0.12,-722.67,-0.95,-23837.15,-23.84,1
54,Entry long,2016-05-03,CB V0,175.02,436,76308.72,-730.23,-0.96,15.19,88.29,0.12,-722.67,-0.95,-23837.15,-23.84,1
55,Exit long,2016-05-10,2R target,176.19,438,75743.34,1412.59,1.86,15.29,1420.31,1.87,-77.65,-0.10,-22424.56,-22.42,2
55,Entry long,2016-05-06,CB V0,172.93,438,75743.34,1412.59,1.86,15.29,1420.31,1.87,-77.65,-0.10,-22424.56,-22.42,2
56,Exit long,2016-05-12,1 ATR stop,174.56,439,77347.41,-730.97,-0.94,15.4,224.94,0.29,-723.3,-0.94,-23155.53,-23.16,1
56,Entry long,2016-05-11,CB V0,176.19,439,77347.41,-730.97,-0.94,15.4,224.94,0.29,-723.3,-0.94,-23155.53,-23.16,1
57,Exit short,2016-05-13,Margin call,175.3,4,698.92,-2.42,-0.35,0.14,0,0.00,-2.35,-0.34,-23165.53,-23.17,0
57,Entry short,2016-05-13,CB V0,174.73,4,698.92,-2.42,-0.35,0.14,0,0.00,-2.35,-0.34,-23165.53,-23.17,0
58,Exit short,2016-05-24,1 ATR stop,176.38,434,75832.82,-731.34,-0.96,15.24,1246.68,1.64,-723.68,-0.95,-23889.29,-23.89,7
58,Entry short,2016-05-13,CB V0,174.73,434,75832.82,-731.34,-0.96,15.24,1246.68,1.64,-723.68,-0.95,-23889.29,-23.89,7
59,Exit long,2016-06-14,1 ATR stop,175.89,428,75999.96,-734.17,-0.97,15.13,1070.96,1.41,-726.64,-0.96,-24623.45,-24.62,11
59,Entry long,2016-05-27,CB V0,177.57,428,75999.96,-734.17,-0.97,15.13,1070.96,1.41,-726.64,-0.96,-24623.45,-24.62,11
60,Exit long,2016-06-23,2R target,179.62,426,75180.48,1322.47,1.76,15.17,1330.12,1.77,-527.24,-0.70,-23300.98,-23.30,4
60,Entry long,2016-06-17,CB V0,176.48,426,75180.48,1322.47,1.76,15.17,1330.12,1.77,-527.24,-0.70,-23300.98,-23.30,4
61,Exit long,2016-07-12,2R target,182.9,429,76507.86,1940.74,2.54,15.5,1948.59,2.55,-848.49,-1.11,-21360.24,-21.36,6
61,Entry long,2016-07-01,CB V0,178.34,429,76507.86,1940.74,2.54,15.5,1948.59,2.55,-848.49,-1.11,-21360.24,-21.36,6
62,Exit long,2016-09-09,1 ATR stop,182.06,426,78354.18,-812.21,-1.04,15.59,1325.54,1.69,-804.46,-1.03,-22172.45,-22.17,37
62,Entry long,2016-07-19,CB V0,183.93,426,78354.18,-812.21,-1.04,15.59,1325.54,1.69,-804.46,-1.03,-22172.45,-22.17,37
63,Exit short,2016-09-12,1 ATR stop,182.32,428,77429.48,-619.03,-0.80,15.55,17.94,0.02,-611.22,-0.79,-22791.48,-22.79,0
63,Entry short,2016-09-12,CB V0,180.91,428,77429.48,-619.03,-0.80,15.55,17.94,0.02,-611.22,-0.79,-22791.48,-22.79,0
64,Exit long,2016-10-13,1 ATR stop,180.99,420,76763.4,-762.88,-0.99,15.28,1445.52,1.88,-755.28,-0.98,-23554.36,-23.55,19
64,Entry long,2016-09-16,CB V0,182.77,420,76763.4,-762.88,-0.99,15.28,1445.52,1.88,-755.28,-0.98,-23554.36,-23.55,19
65,Exit long,2016-10-28,1 ATR stop,181.57,417,76411.08,-711.6,-0.93,15.21,451.06,0.59,-704.03,-0.92,-24265.96,-24.27,7
65,Entry long,2016-10-19,CB V0,183.24,417,76411.08,-711.6,-0.93,15.21,451.06,0.59,-704.03,-0.92,-24265.96,-24.27,7
66,Exit short,2016-11-02,Margin call,180.74,1,180.33,-0.45,-0.25,0.04,0,0.00,-0.43,-0.24,-24273.94,-24.27,0
66,Entry short,2016-11-02,CB V0,180.33,1,180.33,-0.45,-0.25,0.04,0,0.00,-0.43,-0.24,-24273.94,-24.27,0
67,Exit short,2016-11-07,Margin call,181.04,4,721.32,-2.98,-0.41,0.14,7.65,1.06,-2.91,-0.40,-24276.85,-24.28,3
67,Entry short,2016-11-02,CB V0,180.33,4,721.32,-2.98,-0.41,0.14,7.65,1.06,-2.91,-0.40,-24276.85,-24.28,3
68,Exit short,2016-11-07,1 ATR stop,181.87,414,74656.62,-652.56,-0.87,15,791.55,1.06,-645.03,-0.86,-24921.94,-24.92,3
68,Entry short,2016-11-02,CB V0,180.33,414,74656.62,-652.56,-0.87,15,791.55,1.06,-645.03,-0.86,-24921.94,-24.92,3
69,Exit long,2016-11-09,2R target,185.48,411,74843.1,1374.07,1.84,15.11,1381.7,1.85,-134.89,-0.18,-23547.87,-23.55,1
69,Entry long,2016-11-08,CB V0,182.1,411,74843.1,1374.07,1.84,15.11,1381.7,1.85,-134.89,-0.18,-23547.87,-23.55,1
70,Exit long,2016-12-07,2R target,189.93,409,76184.43,1481.55,1.94,15.39,1489.32,1.95,-60.79,-0.08,-22066.32,-22.07,14
70,Entry long,2016-11-16,CB V0,186.27,409,76184.43,1481.55,1.94,15.39,1489.32,1.95,-60.79,-0.08,-22066.32,-22.07,14
71,Exit long,2016-12-13,2R target,195.15,405,77869.35,1150.71,1.48,15.69,1158.61,1.49,-121.19,-0.16,-20915.61,-20.92,3
71,Entry long,2016-12-08,CB V0,192.27,405,77869.35,1150.71,1.48,15.69,1158.61,1.49,-121.19,-0.16,-20915.61,-20.92,3
72,Exit long,2016-12-14,1 ATR stop,193.28,405,78853.5,-590.81,-0.75,15.71,271.56,0.34,-582.99,-0.74,-21506.42,-21.51,0
72,Entry long,2016-12-14,CB V0,194.7,405,78853.5,-590.81,-0.75,15.71,271.56,0.34,-582.99,-0.74,-21506.42,-21.51,0
73,Exit short,2016-12-15,Margin call,195.04,20,3872.2,-29.38,-0.76,0.78,4.01,0.10,-28.99,-0.75,-21543.25,-21.54,0
73,Entry short,2016-12-15,CB V0,193.61,20,3872.2,-29.38,-0.76,0.78,4.01,0.10,-28.99,-0.75,-21543.25,-21.54,0
74,Exit short,2016-12-20,1 ATR stop,195.1,385,74539.85,-588.62,-0.79,14.97,77.25,0.10,-581.1,-0.78,-22124.42,-22.12,3
74,Entry short,2016-12-15,CB V0,193.61,385,74539.85,-588.62,-0.79,14.97,77.25,0.10,-581.1,-0.78,-22124.42,-22.12,3
75,Exit long,2016-12-28,1 ATR stop,193.45,399,77745.15,-574.09,-0.74,15.49,151.83,0.20,-566.37,-0.73,-22698.51,-22.70,4
75,Entry long,2016-12-21,CB V0,194.85,399,77745.15,-574.09,-0.74,15.49,151.83,0.20,-566.37,-0.73,-22698.51,-22.70,4
76,Exit long,2017-01-25,2R target,197.52,396,77164.56,1037.82,1.34,15.54,1045.64,1.35,-459.16,-0.59,-21660.69,-21.66,13
76,Entry long,2017-01-05,CB V0,194.86,396,77164.56,1037.82,1.34,15.54,1045.64,1.35,-459.16,-0.59,-21660.69,-21.66,13
77,Exit long,2017-01-30,1 ATR stop,196.25,396,78233.76,-534.35,-0.68,15.59,95.14,0.12,-526.58,-0.67,-22195.04,-22.20,2
77,Entry long,2017-01-26,CB V0,197.56,396,78233.76,-534.35,-0.68,15.59,95.14,0.12,-526.58,-0.67,-22195.04,-22.20,2
78,Exit short,2017-01-31,Margin call,196.01,4,781.84,-2.36,-0.30,0.16,0,0.00,-2.28,-0.29,-22205.08,-22.21,0
78,Entry short,2017-01-31,CB V0,195.46,4,781.84,-2.36,-0.30,0.16,0,0.00,-2.28,-0.29,-22205.08,-22.21,0
79,Exit short,2017-02-01,1 ATR stop,196.75,393,76815.78,-522.38,-0.68,15.41,212.4,0.28,-514.65,-0.67,-22719.78,-22.72,1
79,Entry short,2017-01-31,CB V0,195.46,393,76815.78,-522.38,-0.68,15.41,212.4,0.28,-514.65,-0.67,-22719.78,-22.72,1
80,Exit long,2017-02-09,2R target,198.23,394,77093.98,993.12,1.29,15.52,1000.93,1.30,-141.67,-0.18,-21726.66,-21.73,5
80,Entry long,2017-02-02,CB V0,195.67,394,77093.98,993.12,1.29,15.52,1000.93,1.30,-141.67,-0.18,-21726.66,-21.73,5
81,Exit long,2017-02-21,2R target,202.82,390,78109.2,974.88,1.25,15.72,982.79,1.26,-144.31,-0.18,-20751.78,-20.75,4
81,Entry long,2017-02-14,CB V0,200.28,390,78109.2,974.88,1.25,15.72,982.79,1.26,-144.31,-0.18,-20751.78,-20.75,4
82,Exit long,2017-03-01,2R target,205.72,389,79068.14,941.03,1.19,15.91,949.03,1.20,-214.08,-0.27,-19810.75,-19.81,5
82,Entry long,2017-02-22,CB V0,203.26,389,79068.14,941.03,1.19,15.91,949.03,1.20,-214.08,-0.27,-19810.75,-19.81,5
83,Exit long,2017-03-03,1 ATR stop,205,388,80048.28,-524.24,-0.65,15.96,0,0.00,-516.28,-0.64,-20334.99,-20.33,1
83,Entry long,2017-03-02,CB V0,206.31,388,80048.28,-524.24,-0.65,15.96,0,0.00,-516.28,-0.64,-20334.99,-20.33,1
84,Exit long,2017-03-09,1 ATR stop,203.27,387,79156.98,-507.27,-0.64,15.78,193.32,0.24,-499.41,-0.63,-20842.26,-20.84,3
84,Entry long,2017-03-06,CB V0,204.54,387,79156.98,-507.27,-0.64,15.78,193.32,0.24,-499.41,-0.63,-20842.26,-20.84,3
85,Exit long,2017-03-14,1 ATR stop,203.41,386,78991.04,-490.53,-0.62,15.75,69.3,0.09,-482.68,-0.61,-21332.79,-21.33,1
85,Entry long,2017-03-13,CB V0,204.64,386,78991.04,-490.53,-0.62,15.75,69.3,0.09,-482.68,-0.61,-21332.79,-21.33,1
86,Exit long,2017-03-16,Margin call,205.9,1,205.92,-0.06,-0.03,0.04,0,0.00,-0.04,-0.02,-21340.7,-21.34,0
86,Entry long,2017-03-16,CB V0,205.92,1,205.92,-0.06,-0.03,0.04,0,0.00,-0.04,-0.02,-21340.7,-21.34,0
87,Exit long,2017-03-20,1 ATR stop,204.65,381,78455.52,-499.51,-0.64,15.64,18.82,0.02,-491.72,-0.63,-21832.37,-21.83,2
87,Entry long,2017-03-16,CB V0,205.92,381,78455.52,-499.51,-0.64,15.64,18.82,0.02,-491.72,-0.63,-21832.37,-21.83,2
88,Exit long,2017-03-27,1 ATR stop,200.59,385,77924,-712.37,-0.91,15.52,434.96,0.56,-704.64,-0.90,-22544.73,-22.54,2
88,Entry long,2017-03-23,CB V0,202.4,385,77924,-712.37,-0.91,15.52,434.96,0.56,-704.64,-0.90,-22544.73,-22.54,2
89,Exit long,2017-04-05,2R target,204.65,383,77277.91,1087.47,1.41,15.57,1095.31,1.42,-57.52,-0.07,-21457.26,-21.46,6
89,Entry long,2017-03-28,CB V0,201.77,383,77277.91,1087.47,1.41,15.57,1095.31,1.42,-57.52,-0.07,-21457.26,-21.46,6
90,Exit long,2017-04-11,1 ATR stop,201.93,385,78305.15,-577.7,-0.74,15.6,357.92,0.46,-569.93,-0.73,-22034.96,-22.03,2
90,Entry long,2017-04-07,CB V0,203.39,385,78305.15,-577.7,-0.74,15.6,357.92,0.46,-569.93,-0.73,-22034.96,-22.03,2
91,Exit short,2017-04-13,Margin call,202.82,8,1616.56,-6.32,-0.39,0.32,0,0.00,-6.16,-0.38,-22048.91,-22.05,0
91,Entry short,2017-04-13,CB V0,202.07,8,1616.56,-6.32,-0.39,0.32,0,0.00,-6.16,-0.38,-22048.91,-22.05,0
92,Exit short,2017-04-20,1 ATR stop,203.5,377,76180.39,-554.4,-0.73,15.29,358.07,0.47,-546.73,-0.72,-22595.69,-22.60,4
92,Entry short,2017-04-13,CB V0,202.07,377,76180.39,-554.4,-0.73,15.29,358.07,0.47,-546.73,-0.72,-22595.69,-22.60,4
93,Exit long,2017-04-25,2R target,206.48,380,77322.4,1124.42,1.45,15.58,1132.27,1.46,-380.13,-0.49,-21471.27,-21.47,2
93,Entry long,2017-04-21,CB V0,203.48,380,77322.4,1124.42,1.45,15.58,1132.27,1.46,-380.13,-0.49,-21471.27,-21.47,2
94,Exit long,2017-05-17,1 ATR stop,204.75,380,78394,-604.62,-0.77,15.62,698.96,0.89,-596.84,-0.76,-22075.89,-22.08,15
94,Entry long,2017-04-26,CB V0,206.3,380,78394,-604.62,-0.77,15.62,698.96,0.89,-596.84,-0.76,-22075.89,-22.08,15
95,Exit long,2017-06-01,2R target,209.46,377,77903.28,1047.45,1.34,15.69,1055.35,1.35,-37.95,-0.05,-21028.43,-21.03,7
95,Entry long,2017-05-22,CB V0,206.64,377,77903.28,1047.45,1.34,15.69,1055.35,1.35,-37.95,-0.05,-21028.43,-21.03,7
96,Exit long,2017-06-09,1 ATR stop,209.33,375,78956.25,-473.25,-0.60,15.75,502.1,0.64,-465.4,-0.59,-21501.68,-21.50,5
96,Entry long,2017-06-02,CB V0,210.55,375,78956.25,-473.25,-0.60,15.75,502.1,0.64,-465.4,-0.59,-21501.68,-21.50,5
97,Exit long,2017-06-29,1 ATR stop,209.07,372,78227.88,-469.44,-0.60,15.6,888.7,1.14,-461.66,-0.59,-21971.12,-21.97,13
97,Entry long,2017-06-12,CB V0,210.29,372,78227.88,-469.44,-0.60,15.6,888.7,1.14,-461.66,-0.59,-21971.12,-21.97,13
98,Exit long,2017-07-14,2R target,213.04,369,77578.56,1017.58,1.31,15.62,1025.44,1.32,-505.91,-0.65,-20953.54,-20.95,6
98,Entry long,2017-07-06,CB V0,210.24,369,77578.56,1017.58,1.31,15.62,1025.44,1.32,-505.91,-0.65,-20953.54,-20.95,6
99,Exit long,2017-08-08,2R target,216.13,370,78939.5,1012.71,1.28,15.89,1020.71,1.29,-266.89,-0.34,-19940.83,-19.94,16
99,Entry long,2017-07-17,CB V0,213.35,370,78939.5,1012.71,1.28,15.89,1020.71,1.29,-266.89,-0.34,-19940.83,-19.94,16
100,Exit short,2017-08-11,Margin call,212.77,4,848.28,-2.97,-0.35,0.17,0.8,0.09,-2.88,-0.34,-19951.71,-19.95,0
100,Entry short,2017-08-11,CB V0,212.07,4,848.28,-2.97,-0.35,0.17,0.8,0.09,-2.88,-0.34,-19951.71,-19.95,0
101,Exit short,2017-08-14,1 ATR stop,213.46,373,79102.11,-534.34,-0.68,15.87,74.15,0.09,-526.38,-0.67,-20478.14,-20.48,1
101,Entry short,2017-08-11,CB V0,212.07,373,79102.11,-534.34,-0.68,15.87,74.15,0.09,-526.38,-0.67,-20478.14,-20.48,1
102,Exit long,2017-08-31,2R target,215.26,372,78997.92,1062.89,1.35,15.91,1070.9,1.36,-461.74,-0.58,-19415.25,-19.42,6
102,Entry long,2017-08-23,CB V0,212.36,372,78997.92,1062.89,1.35,15.91,1070.9,1.36,-461.74,-0.58,-19415.25,-19.42,6
103,Exit long,2017-09-05,1 ATR stop,213.52,374,80376.34,-535.88,-0.67,16.02,74.24,0.09,-527.9,-0.66,-19951.13,-19.95,0
103,Entry long,2017-09-05,CB V0,214.91,374,80376.34,-535.88,-0.67,16.02,74.24,0.09,-527.9,-0.66,-19951.13,-19.95,0
104,Exit long,2017-09-12,2R target,217.04,373,79926.44,1013.39,1.27,16.09,1021.49,1.28,-86.32,-0.11,-18937.74,-18.94,2
104,Entry long,2017-09-08,CB V0,214.28,373,79926.44,1013.39,1.27,16.09,1021.49,1.28,-86.32,-0.11,-18937.74,-18.94,2
105,Exit long,2017-10-02,2R target,219.77,372,80742.6,995.59,1.23,16.25,1003.77,1.24,-145.71,-0.18,-17942.15,-17.94,13
105,Entry long,2017-09-13,CB V0,217.05,372,80742.6,995.59,1.23,16.25,1003.77,1.24,-145.71,-0.18,-17942.15,-17.94,13
106,Exit long,2017-10-10,2R target,222.62,372,82033.44,764.72,0.93,16.48,773,0.94,-86.32,-0.11,-17177.43,-17.18,5
106,Entry long,2017-10-03,CB V0,220.52,372,82033.44,764.72,0.93,16.48,773,0.94,-86.32,-0.11,-17177.43,-17.18,5
107,Exit long,2017-10-20,2R target,224.29,372,82699.32,719.95,0.87,16.61,728.29,0.88,-75.23,-0.09,-16457.49,-16.46,7
107,Entry long,2017-10-11,CB V0,222.31,372,82699.32,719.95,0.87,16.61,728.29,0.88,-75.23,-0.09,-16457.49,-16.46,7
108,Exit long,2017-10-23,1 ATR stop,224.01,371,83437.9,-346.84,-0.42,16.65,0,0.00,-338.53,-0.41,-16804.33,-16.80,0
108,Entry long,2017-10-23,CB V0,224.9,371,83437.9,-346.84,-0.42,16.65,0,0.00,-338.53,-0.41,-16804.33,-16.80,0
109,Exit short,2017-10-24,Margin call,224.33,1,224.11,-0.26,-0.12,0.04,0,0.00,-0.24,-0.11,-16812.89,-16.81,0
109,Entry short,2017-10-24,CB V0,224.11,1,224.11,-0.26,-0.12,0.04,0,0.00,-0.24,-0.11,-16812.89,-16.81,0
110,Exit short,2017-10-25,2R target,222.29,370,82920.7,656.88,0.79,16.52,665.11,0.80,-89.69,-0.11,-16147.71,-16.15,1
110,Entry short,2017-10-24,CB V0,224.11,370,82920.7,656.88,0.79,16.52,665.11,0.80,-89.69,-0.11,-16147.71,-16.15,1
111,Exit long,2017-11-15,1 ATR stop,223.48,372,83528.88,-410.99,-0.49,16.67,731.93,0.88,-402.67,-0.48,-16558.7,-16.56,12
111,Entry long,2017-10-30,CB V0,224.54,372,83528.88,-410.99,-0.49,16.67,731.93,0.88,-402.67,-0.48,-16558.7,-16.56,12
112,Exit long,2017-11-28,2R target,228.09,369,83227.95,920.52,1.11,16.74,928.94,1.12,-155.92,-0.19,-15638.18,-15.64,6
112,Entry long,2017-11-17,CB V0,225.55,369,83227.95,920.52,1.11,16.74,928.94,1.12,-155.92,-0.19,-15638.18,-15.64,6
113,Exit long,2017-11-30,2R target,232.1,367,84314.58,849.17,1.01,16.95,857.69,1.02,-276.34,-0.33,-14789.01,-14.79,1
113,Entry long,2017-11-29,CB V0,229.74,367,84314.58,849.17,1.01,16.95,857.69,1.02,-276.34,-0.33,-14789.01,-14.79,1
114,Exit long,2017-12-12,2R target,232.86,370,85026,1115.08,1.31,17.12,1123.7,1.32,-60.3,-0.07,-13673.93,-13.67,3
114,Entry long,2017-12-07,CB V0,229.8,370,85026,1115.08,1.31,17.12,1123.7,1.32,-60.3,-0.07,-13673.93,-13.67,3
115,Exit long,2018-01-03,2R target,236.12,370,86309.9,1037.13,1.20,17.37,1045.87,1.21,-485.93,-0.56,-12636.79,-12.64,13
115,Entry long,2017-12-13,CB V0,233.27,370,86309.9,1037.13,1.20,17.37,1045.87,1.21,-485.93,-0.56,-12636.79,-12.64,13
116,Exit long,2018-01-12,2R target,242.67,363,87101.85,969.84,1.11,17.52,978.65,1.12,-135.76,-0.16,-11666.95,-11.67,4
116,Entry long,2018-01-08,CB V0,239.95,363,87101.85,969.84,1.11,17.52,978.65,1.12,-135.76,-0.16,-11666.95,-11.67,4
117,Exit long,2018-01-23,2R target,248.59,359,88087.83,1138.25,1.29,17.73,1147.17,1.30,-296.01,-0.34,-10528.71,-10.53,3
117,Entry long,2018-01-18,CB V0,245.37,359,88087.83,1138.25,1.29,17.73,1147.17,1.30,-296.01,-0.34,-10528.71,-10.53,3
118,Exit short,2018-02-05,Margin call,242.18,8,1920.4,-17.43,-0.91,0.39,0,0.00,-17.23,-0.90,-10554.8,-10.55,0
118,Entry short,2018-02-05,CB V0,240.05,8,1920.4,-17.43,-0.91,0.39,0,0.00,-17.23,-0.90,-10554.8,-10.55,0
119,Exit short,2018-02-05,2R target,235.79,361,86658.05,1520.68,1.75,17.18,1529.19,1.76,-777.6,-0.90,-9025.45,-9.03,0
119,Entry short,2018-02-05,CB V0,240.05,361,86658.05,1520.68,1.75,17.18,1529.19,1.76,-777.6,-0.90,-9025.45,-9.03,0
120,Exit long,2018-02-16,2R target,240.27,389,90267.45,3179.21,3.52,18.37,3188.55,3.53,-16.81,-0.02,-5846.24,-5.85,2
120,Entry long,2018-02-14,CB V0,232.05,389,90267.45,3179.21,3.52,18.37,3188.55,3.53,-16.81,-0.02,-5846.24,-5.85,2
121,Exit long,2018-02-28,1 ATR stop,240.33,385,94001.6,-1493.2,-1.59,18.65,260.1,0.28,-1483.95,-1.58,-7339.45,-7.34,1
121,Entry long,2018-02-27,CB V0,244.16,385,94001.6,-1493.2,-1.59,18.65,260.1,0.28,-1483.95,-1.58,-7339.45,-7.34,1
122,Exit short,2018-03-02,Margin call,236.8,32,7466.88,-112.22,-1.50,1.5,26.45,0.35,-111.47,-1.49,-7460.12,-7.46,0
122,Entry short,2018-03-02,CB V0,233.34,32,7466.88,-112.22,-1.50,1.5,26.45,0.35,-111.47,-1.49,-7460.12,-7.46,0
123,Exit short,2018-03-05,1 ATR stop,237.39,362,84469.08,-1483.14,-1.76,17.04,299.25,0.35,-1474.55,-1.75,-8934.81,-8.93,1
123,Entry short,2018-03-02,CB V0,233.34,362,84469.08,-1483.14,-1.76,17.04,299.25,0.35,-1474.55,-1.75,-8934.81,-8.93,1
124,Exit long,2018-03-12,2R target,245.29,380,90215.8,2976.06,3.30,18.34,2985.38,3.31,-85.02,-0.09,-5958.75,-5.96,3
124,Entry long,2018-03-07,CB V0,237.41,380,90215.8,2976.06,3.30,18.34,2985.38,3.31,-85.02,-0.09,-5958.75,-5.96,3
125,Exit long,2018-03-19,1 ATR stop,237.66,389,93729.55,-1298.43,-1.39,18.62,0,0.00,-1289.18,-1.38,-7257.18,-7.26,0
125,Entry long,2018-03-19,CB V0,240.95,389,93729.55,-1298.43,-1.39,18.62,0,0.00,-1289.18,-1.38,-7257.18,-7.26,0
126,Exit long,2018-04-02,1 ATR stop,227.34,399,92340.57,-1650.21,-1.79,18.3,190.27,0.21,-1641.14,-1.78,-8907.4,-8.91,0
126,Entry long,2018-04-02,CB V0,231.43,399,92340.57,-1650.21,-1.79,18.3,190.27,0.21,-1641.14,-1.78,-8907.4,-8.91,0
127,Exit long,2018-04-06,1 ATR stop,227.83,388,90089.72,-1709.53,-1.90,17.85,565.23,0.63,-1700.69,-1.89,-10616.93,-10.62,0
127,Entry long,2018-04-06,CB V0,232.19,388,90089.72,-1709.53,-1.90,17.85,565.23,0.63,-1700.69,-1.89,-10616.93,-10.62,0
128,Exit long,2018-05-14,2R target,241.28,382,88715.68,3435.19,3.87,18.09,3444.41,3.88,-1502.49,-1.69,-7181.73,-7.18,23
128,Entry long,2018-04-11,CB V0,232.24,382,88715.68,3435.19,3.87,18.09,3444.41,3.88,-1502.49,-1.69,-7181.73,-7.18,23
129,Exit long,2018-05-29,1 ATR stop,236.46,385,92165.15,-1146.37,-1.24,18.32,891.68,0.97,-1137.27,-1.23,-8328.1,-8.33,9
129,Entry long,2018-05-15,CB V0,239.39,385,92165.15,-1146.37,-1.24,18.32,891.68,0.97,-1137.27,-1.23,-8328.1,-8.33,9
130,Exit long,2018-06-25,1 ATR stop,239.97,378,91642.32,-951.9,-1.04,18.24,1465.04,1.60,-942.82,-1.03,-9280,-9.28,14
130,Entry long,2018-06-05,CB V0,242.44,378,91642.32,-951.9,-1.04,18.24,1465.04,1.60,-942.82,-1.03,-9280,-9.28,14
131,Exit short,2018-06-28,Margin call,240.61,24,5721.84,-53.95,-0.94,1.15,16.23,0.28,-53.37,-0.93,-9342.44,-9.34,0
131,Entry short,2018-06-28,CB V0,238.41,24,5721.84,-53.95,-0.94,1.15,16.23,0.28,-53.37,-0.93,-9342.44,-9.34,0
132,Exit short,2018-06-29,1 ATR stop,240.94,356,84873.96,-917.74,-1.08,17.06,240.71,0.28,-909.17,-1.07,-10251.69,-10.25,1
132,Entry short,2018-06-28,CB V0,238.41,356,84873.96,-917.74,-1.08,17.06,240.71,0.28,-909.17,-1.07,-10251.69,-10.25,1
133,Exit long,2018-07-10,2R target,246.5,371,89722.64,1710.74,1.91,18.12,1719.89,1.92,-153.66,-0.17,-8540.95,-8.54,2
133,Entry long,2018-07-06,CB V0,241.84,371,89722.64,1710.74,1.91,18.12,1719.89,1.92,-153.66,-0.17,-8540.95,-8.54,2
134,Exit long,2018-07-24,2R target,249.83,370,90794.3,1624.48,1.79,18.32,1633.72,1.80,-219.98,-0.24,-6916.47,-6.92,9
134,Entry long,2018-07-11,CB V0,245.39,370,90794.3,1624.48,1.79,18.32,1633.72,1.80,-219.98,-0.24,-6916.47,-6.92,9
135,Exit long,2018-08-02,1 ATR stop,247.24,373,92910.57,-708.56,-0.76,18.51,990.35,1.07,-699.34,-0.75,-7625.04,-7.63,6
135,Entry long,2018-07-25,CB V0,249.09,373,92910.57,-708.56,-0.76,18.51,990.35,1.07,-699.34,-0.75,-7625.04,-7.63,6
136,Exit long,2018-08-15,1 ATR stop,248.15,369,92305.35,-756.39,-0.82,18.39,1127.29,1.22,-747.23,-0.81,-8381.43,-8.38,8
136,Entry long,2018-08-03,CB V0,250.15,369,92305.35,-756.39,-0.82,18.39,1127.29,1.22,-747.23,-0.81,-8381.43,-8.38,8
137,Exit long,2018-08-27,2R target,255.75,364,91476.84,1597.7,1.75,18.46,1607.01,1.76,-162.03,-0.18,-6783.72,-6.78,6
137,Entry long,2018-08-17,CB V0,251.31,364,91476.84,1597.7,1.75,18.46,1607.01,1.76,-162.03,-0.18,-6783.72,-6.78,6
138,Exit long,2018-09-04,1 ATR stop,255.87,361,92993.6,-643.07,-0.69,18.54,120.66,0.13,-633.83,-0.68,-7426.79,-7.43,2
138,Entry long,2018-08-30,CB V0,257.6,361,92993.6,-643.07,-0.69,18.54,120.66,0.13,-633.83,-0.68,-7426.79,-7.43,2
139,Exit short,2018-09-13,Margin call,257.05,4,1024.92,-3.49,-0.34,0.21,9.42,0.92,-3.38,-0.33,-7439.4,-7.44,6
139,Entry short,2018-09-05,CB V0,256.23,4,1024.92,-3.49,-0.34,0.21,9.42,0.92,-3.38,-0.33,-7439.4,-7.44,6
140,Exit short,2018-09-18,1 ATR stop,257.91,356,91217.88,-616.38,-0.68,18.3,838.16,0.92,-607.2,-0.67,-8046.66,-8.05,9
140,Entry short,2018-09-05,CB V0,256.23,356,91217.88,-616.38,-0.68,18.3,838.16,0.92,-607.2,-0.67,-8046.66,-8.05,9
141,Exit long,2018-10-04,1 ATR stop,255.94,356,91716.28,-619.92,-0.68,18.28,1112.23,1.21,-610.81,-0.67,-8666.58,-8.67,11
141,Entry long,2018-09-19,CB V0,257.63,356,91716.28,-619.92,-0.68,18.28,1112.23,1.21,-610.81,-0.67,-8666.58,-8.67,11
142,Exit short,2018-10-05,Margin call,258.17,1,257.63,-0.59,-0.23,0.05,0,0.00,-0.57,-0.22,-8676.27,-8.68,0
142,Entry short,2018-10-05,CB V0,257.63,1,257.63,-0.59,-0.23,0.05,0,0.00,-0.57,-0.22,-8676.27,-8.68,0
143,Exit short,2018-10-05,Margin call,254.57,1,257.63,3.01,1.17,0.05,3.04,1.18,-0.57,-0.22,-8673.23,-8.67,0
143,Entry short,2018-10-05,CB V0,257.63,1,257.63,3.01,1.17,0.05,3.04,1.18,-0.57,-0.22,-8673.23,-8.67,0
144,Exit short,2018-10-08,2R target,254.11,352,90685.76,1221.03,1.35,18.01,1229.97,1.36,-199.15,-0.22,-7443.14,-7.44,1
144,Entry short,2018-10-05,CB V0,257.63,352,90685.76,1221.03,1.35,18.01,1229.97,1.36,-199.15,-0.22,-7443.14,-7.44,1
145,Exit long,2018-10-10,1 ATR stop,253.18,362,92349.82,-717.06,-0.78,18.4,12.49,0.01,-707.89,-0.77,-8160.2,-8.16,0
145,Entry long,2018-10-10,CB V0,255.11,362,92349.82,-717.06,-0.78,18.4,12.49,0.01,-707.89,-0.77,-8160.2,-8.16,0
146,Exit short,2018-10-11,Margin call,248.06,12,2957.04,-20.27,-0.69,0.59,0,0.00,-19.98,-0.68,-8189.32,-8.19,0
146,Entry short,2018-10-11,CB V0,246.42,12,2957.04,-20.27,-0.69,0.59,0,0.00,-19.98,-0.68,-8189.32,-8.19,0
147,Exit short,2018-10-11,2R target,241.64,359,88464.78,1698.5,1.92,17.52,1707.17,1.93,-597.61,-0.68,-6481.97,-6.48,0
147,Entry short,2018-10-11,CB V0,246.42,359,88464.78,1698.5,1.92,17.52,1707.17,1.93,-597.61,-0.68,-6481.97,-6.48,0
148,Exit long,2018-10-18,1 ATR stop,246.37,374,93286.82,-1162.98,-1.25,18.54,222.55,0.24,-1153.77,-1.24,-7644.95,-7.64,1
148,Entry long,2018-10-17,CB V0,249.43,374,93286.82,-1162.98,-1.25,18.54,222.55,0.24,-1153.77,-1.24,-7644.95,-7.64,1
149,Exit short,2018-10-24,Margin call,243.49,1,243.08,-0.46,-0.19,0.05,0,0.00,-0.43,-0.18,-7654.6,-7.65,0
149,Entry short,2018-10-24,CB V0,243.08,1,243.08,-0.46,-0.19,0.05,0,0.00,-0.43,-0.18,-7654.6,-7.65,0
150,Exit short,2018-10-24,2R target,236.4,378,91884.24,2506.92,2.73,18.12,2515.85,2.74,-164.17,-0.18,-5138.5,-5.14,0
150,Entry short,2018-10-24,CB V0,243.08,378,91884.24,2506.92,2.73,18.12,2515.85,2.74,-164.17,-0.18,-5138.5,-5.14,0
151,Exit short,2018-10-30,Margin call,238.47,48,11255.52,-193.31,-1.72,2.27,21.91,0.19,-192.17,-1.71,-5340.16,-5.34,0
151,Entry short,2018-10-30,CB V0,234.49,48,11255.52,-193.31,-1.72,2.27,21.91,0.19,-192.17,-1.71,-5340.16,-5.34,0
152,Exit short,2018-10-31,1 ATR stop,240.72,356,83478.44,-2234.8,-2.68,16.92,162.53,0.19,-2226.23,-2.67,-7566.6,-7.57,1
152,Entry short,2018-10-30,CB V0,234.49,356,83478.44,-2234.8,-2.68,16.92,162.53,0.19,-2226.23,-2.67,-7566.6,-7.57,1
153,Exit long,2018-11-12,1 ATR stop,244.92,369,91928.97,-1571.72,-1.71,18.23,352.43,0.38,-1562.68,-1.70,-9138.33,-9.14,2
153,Entry long,2018-11-08,CB V0,249.13,369,91928.97,-1571.72,-1.71,18.23,352.43,0.38,-1562.68,-1.70,-9138.33,-9.14,2
154,Exit short,2018-11-13,Margin call,244.88,24,5828.88,-49.41,-0.85,1.17,38.54,0.66,-48.82,-0.84,-9196.24,-9.20,0
154,Entry short,2018-11-13,CB V0,242.87,24,5828.88,-49.41,-0.85,1.17,38.54,0.66,-48.82,-0.84,-9196.24,-9.20,0
155,Exit short,2018-11-20,2R target,234.69,350,85004.5,2846.29,3.35,16.71,2854.5,3.36,-712,-0.84,-6341.45,-6.34,5
155,Entry short,2018-11-13,CB V0,242.87,350,85004.5,2846.29,3.35,16.71,2854.5,3.36,-712,-0.84,-6341.45,-6.34,5
156,Exit long,2018-11-29,2R target,244.97,393,93097.77,3156.5,3.39,18.94,3166.13,3.40,-252.97,-0.27,-3184.95,-3.18,2
156,Entry long,2018-11-27,CB V0,236.89,393,93097.77,3156.5,3.39,18.94,3166.13,3.40,-252.97,-0.27,-3184.95,-3.18,2
157,Exit long,2018-12-04,1 ATR stop,243.71,389,96312.51,-1528.43,-1.59,19.11,149.86,0.16,-1518.95,-1.58,-4713.38,-4.71,0
157,Entry long,2018-12-04,CB V0,247.59,389,96312.51,-1528.43,-1.59,19.11,149.86,0.16,-1518.95,-1.58,-4713.38,-4.71,0
158,Exit short,2018-12-10,Margin call,235.84,16,3747.68,-26.51,-0.71,0.75,0,0.00,-26.13,-0.70,-4749.03,-4.75,0
158,Entry short,2018-12-10,CB V0,234.23,16,3747.68,-26.51,-0.71,0.75,0,0.00,-26.13,-0.70,-4749.03,-4.75,0
159,Exit short,2018-12-12,1 ATR stop,238.86,390,91349.7,-1824.15,-2.00,18.45,1636.67,1.79,-1814.83,-1.99,-6564.04,-6.56,2
159,Entry short,2018-12-10,CB V0,234.23,390,91349.7,-1824.15,-2.00,18.45,1636.67,1.79,-1814.83,-1.99,-6564.04,-6.56,2
160,Exit short,2018-12-17,Margin call,231.83,4,922.8,-4.71,-0.51,0.19,0,0.00,-4.61,-0.50,-6577.95,-6.58,0
160,Entry short,2018-12-17,CB V0,230.7,4,922.8,-4.71,-0.51,0.19,0,0.00,-4.61,-0.50,-6577.95,-6.58,0
161,Exit short,2018-12-20,2R target,221.52,399,92049.3,3644.78,3.96,18.04,3653.62,3.97,-460.07,-0.50,-2923.97,-2.92,3
161,Entry short,2018-12-17,CB V0,230.7,399,92049.3,3644.78,3.96,18.04,3653.62,3.97,-460.07,-0.50,-2923.97,-2.92,3
162,Exit short,2018-12-24,Margin call,215.46,8,1710.64,-13.38,-0.78,0.34,0,0.00,-13.21,-0.77,-2946.81,-2.95,0
162,Entry short,2018-12-24,CB V0,213.83,8,1710.64,-13.38,-0.78,0.34,0,0.00,-13.21,-0.77,-2946.81,-2.95,0
163,Exit short,2018-12-26,1 ATR stop,219.17,442,94512.86,-2379.42,-2.52,19.14,2072.37,2.19,-2369.73,-2.51,-5316.77,-5.32,1
163,Entry short,2018-12-24,CB V0,213.83,442,94512.86,-2379.42,-2.52,19.14,2072.37,2.19,-2369.73,-2.51,-5316.77,-5.32,1
164,Exit long,2019-01-09,2R target,231.28,423,93085.38,4726.97,5.08,19.09,4736.75,5.09,-889.15,-0.96,-589.8,-0.59,5
164,Entry long,2019-01-02,CB V0,220.06,423,93085.38,4726.97,5.08,19.09,4736.75,5.09,-889.15,-0.96,-589.8,-0.59,5
165,Exit long,2019-01-30,2R target,239.65,430,98577.5,4451.84,4.52,20.16,4462.14,4.53,-306.56,-0.31,3862.03,3.86,13
165,Entry long,2019-01-10,CB V0,229.25,430,98577.5,4451.84,4.52,20.16,4462.14,4.53,-306.56,-0.31,3862.03,3.86,13
166,Exit long,2019-02-15,2R target,247.22,433,103625.56,3399.63,3.28,21.07,3410.34,3.29,-109.95,-0.11,7261.67,7.26,11
166,Entry long,2019-01-31,CB V0,239.32,433,103625.56,3399.63,3.28,21.07,3410.34,3.29,-109.95,-0.11,7261.67,7.26,11
167,Exit long,2019-03-08,1 ATR stop,244.16,432,106850.88,-1394.99,-1.31,21.23,2067.23,1.93,-1384.45,-1.30,5866.67,5.87,13
167,Entry long,2019-02-19,CB V0,247.34,432,106850.88,-1394.99,-1.31,21.23,2067.23,1.93,-1384.45,-1.30,5866.67,5.87,13
168,Exit long,2019-03-19,2R target,254.74,424,105851.6,2136.77,2.02,21.39,2147.57,2.03,-95.39,-0.09,8003.45,8.00,5
168,Entry long,2019-03-12,CB V0,249.65,424,105851.6,2136.77,2.02,21.39,2147.57,2.03,-95.39,-0.09,8003.45,8.00,5
169,Exit long,2019-03-22,1 ATR stop,252.05,422,107394.78,-1051.06,-0.98,21.38,204.48,0.19,-1040.42,-0.97,6952.39,6.95,0
169,Entry long,2019-03-22,CB V0,254.49,422,107394.78,-1051.06,-0.98,21.38,204.48,0.19,-1040.42,-0.97,6952.39,6.95,0
170,Exit short,2019-03-25,Margin call,251.76,12,3006.72,-15,-0.50,0.6,12.9,0.43,-14.7,-0.49,6927.02,6.93,0
170,Entry short,2019-03-25,CB V0,250.56,12,3006.72,-15,-0.50,0.6,12.9,0.43,-14.7,-0.49,6927.02,6.93,0
171,Exit short,2019-03-26,1 ATR stop,253.19,414,103731.84,-1109.68,-1.07,20.86,445.03,0.43,-1099.19,-1.06,5827.71,5.83,1
171,Entry short,2019-03-25,CB V0,250.56,414,103731.84,-1109.68,-1.07,20.86,445.03,0.43,-1099.19,-1.06,5827.71,5.83,1
172,Exit long,2019-03-27,1 ATR stop,249.97,418,105582.62,-1116.17,-1.06,21.01,231.88,0.22,-1105.72,-1.05,4711.55,4.71,0
172,Entry long,2019-03-27,CB V0,252.59,418,105582.62,-1116.17,-1.06,21.01,231.88,0.22,-1105.72,-1.05,4711.55,4.71,0
173,Exit long,2019-04-23,2R target,262.26,407,104607.14,2111.55,2.02,21.13,2122.22,2.03,-360.48,-0.34,6823.09,6.82,14
173,Entry long,2019-04-02,CB V0,257.02,407,104607.14,2111.55,2.02,21.13,2122.22,2.03,-360.48,-0.34,6823.09,6.82,14
174,Exit long,2019-05-02,1 ATR stop,261.16,405,106551.45,-802.88,-0.75,21.23,770.99,0.72,-792.31,-0.74,6020.21,6.02,6
174,Entry long,2019-04-24,CB V0,263.09,405,106551.45,-802.88,-0.75,21.23,770.99,0.72,-792.31,-0.74,6020.21,6.02,6
175,Exit long,2019-05-07,1 ATR stop,257.87,401,104223.91,-838.8,-0.80,20.76,1445.21,1.39,-828.46,-0.79,5181.41,5.18,1
175,Entry long,2019-05-06,CB V0,259.91,401,104223.91,-838.8,-0.80,20.76,1445.21,1.39,-828.46,-0.79,5181.41,5.18,1
176,Exit long,2019-05-16,2R target,259.43,406,103030.62,2277.12,2.21,20.84,2287.66,2.22,-923.8,-0.90,7458.53,7.46,3
176,Entry long,2019-05-13,CB V0,253.77,406,103030.62,2277.12,2.21,20.84,2287.66,2.22,-923.8,-0.90,7458.53,7.46,3
177,Exit long,2019-05-23,1 ATR stop,252.92,415,106327.15,-1386.48,-1.30,21.13,1275.87,1.20,-1375.98,-1.29,6072.05,6.07,4
177,Entry long,2019-05-17,CB V0,256.21,415,106327.15,-1386.48,-1.30,21.13,1275.87,1.20,-1375.98,-1.29,6072.05,6.07,4
178,Exit long,2019-06-05,2R target,254.24,423,104980.14,2542.13,2.42,21.25,2552.88,2.43,-1194.9,-1.14,8614.18,8.61,3
178,Entry long,2019-05-31,CB V0,248.18,423,104980.14,2542.13,2.42,21.25,2552.88,2.43,-1194.9,-1.14,8614.18,8.61,3
179,Exit long,2019-06-20,2R target,266,418,108412.48,2753.56,2.54,21.96,2764.68,2.55,-324.34,-0.30,11367.74,11.37,6
179,Entry long,2019-06-12,CB V0,259.36,418,108412.48,2753.56,2.54,21.96,2764.68,2.55,-324.34,-0.30,11367.74,11.37,6
180,Exit long,2019-06-25,1 ATR stop,262.88,418,111012.44,-1150.69,-1.04,22.09,507.22,0.46,-1139.7,-1.03,10217.05,10.22,2
180,Entry long,2019-06-21,CB V0,265.58,418,111012.44,-1150.69,-1.04,22.09,507.22,0.46,-1139.7,-1.03,10217.05,10.22,2
181,Exit long,2019-07-15,2R target,271.89,412,109966.92,2029.56,1.85,22.2,2040.76,1.86,-361.2,-0.33,12246.61,12.25,8
181,Entry long,2019-07-02,CB V0,266.91,412,109966.92,2029.56,1.85,22.2,2040.76,1.86,-361.2,-0.33,12246.61,12.25,8
182,Exit long,2019-07-17,1 ATR stop,269.38,413,112112.98,-881.38,-0.79,22.34,71.39,0.06,-870.25,-0.78,11365.23,11.37,1
182,Entry long,2019-07-16,CB V0,271.46,413,112112.98,-881.38,-0.79,22.34,71.39,0.06,-870.25,-0.78,11365.23,11.37,1
183,Exit short,2019-07-18,Margin call,270.2,16,4293.12,-30.94,-0.72,0.86,6.45,0.15,-30.51,-0.71,11323.61,11.32,0
183,Entry short,2019-07-18,CB V0,268.32,16,4293.12,-30.94,-0.72,0.86,6.45,0.15,-30.51,-0.71,11323.61,11.32,0
184,Exit short,2019-07-19,1 ATR stop,270.91,398,106791.36,-1052.28,-0.99,21.46,160.46,0.15,-1041.5,-0.98,10282.01,10.28,1
184,Entry short,2019-07-18,CB V0,268.32,398,106791.36,-1052.28,-0.99,21.46,160.46,0.15,-1041.5,-0.98,10282.01,10.28,1
185,Exit long,2019-07-31,1 ATR stop,268.1,407,109946.98,-852.19,-0.78,21.91,1104.19,1.00,-841.27,-0.77,9429.83,9.43,5
185,Entry long,2019-07-24,CB V0,270.14,407,109946.98,-852.19,-0.78,21.91,1104.19,1.00,-841.27,-0.77,9429.83,9.43,5
186,Exit short,2019-08-01,1 ATR stop,270.9,407,109356.83,-921.43,-0.84,21.96,0,0.00,-910.41,-0.83,8508.39,8.51,0
186,Entry short,2019-08-01,CB V0,268.69,407,109356.83,-921.43,-0.84,21.96,0,0.00,-910.41,-0.83,8508.39,8.51,0
187,Exit long,2019-08-12,1 ATR stop,260.7,409,108049.62,-1444.79,-1.34,21.47,226.42,0.21,-1434.12,-1.33,7063.61,7.06,1
187,Entry long,2019-08-09,CB V0,264.18,409,108049.62,-1444.79,-1.34,21.47,226.42,0.21,-1434.12,-1.33,7063.61,7.06,1
188,Exit long,2019-08-23,1 ATR stop,259.48,405,106693.2,-1624.98,-1.52,21.18,775.03,0.73,-1614.47,-1.51,5438.63,5.44,3
188,Entry long,2019-08-20,CB V0,263.44,405,106693.2,-1624.98,-1.52,21.18,775.03,0.73,-1614.47,-1.51,5438.63,5.44,3
189,Exit long,2019-10-02,1 ATR stop,264.4,391,104979.59,-1620.03,-1.54,20.84,1846.75,1.76,-1609.69,-1.53,3818.6,3.82,16
189,Entry long,2019-09-10,CB V0,268.49,391,104979.59,-1620.03,-1.54,20.84,1846.75,1.76,-1609.69,-1.53,3818.6,3.82,16
190,Exit short,2019-10-03,Margin call,263.46,24,6265.2,-59.1,-0.94,1.26,0,0.00,-58.47,-0.93,3749.77,3.75,0
190,Entry short,2019-10-03,CB V0,261.05,24,6265.2,-59.1,-0.94,1.26,0,0.00,-58.47,-0.93,3749.77,3.75,0
191,Exit short,2019-10-04,1 ATR stop,264.23,373,97371.65,-1205.73,-1.24,19.59,997.36,1.02,-1195.88,-1.23,2553.77,2.55,1
191,Entry short,2019-10-03,CB V0,261.05,373,97371.65,-1205.73,-1.24,19.59,997.36,1.02,-1195.88,-1.23,2553.77,2.55,1
192,Exit long,2019-10-08,1 ATR stop,262.85,384,102220.8,-1306.72,-1.28,20.32,611.86,0.60,-1296.62,-1.27,1247.05,1.25,1
192,Entry long,2019-10-07,CB V0,266.2,384,102220.8,-1306.72,-1.28,20.32,611.86,0.60,-1296.62,-1.27,1247.05,1.25,1
193,Exit long,2019-10-28,2R target,275.27,376,100929.68,2551.4,2.53,20.44,2561.75,2.54,-134.17,-0.13,3798.45,3.80,10
193,Entry long,2019-10-14,CB V0,268.43,376,100929.68,2551.4,2.53,20.44,2561.75,2.54,-134.17,-0.13,3798.45,3.80,10
194,Exit long,2019-11-07,2R target,279.95,377,103618.45,1901.78,1.84,20.92,1912.34,1.85,-447.68,-0.43,5700.24,5.70,7
194,Entry long,2019-10-29,CB V0,274.85,377,103618.45,1901.78,1.84,20.92,1912.34,1.85,-447.68,-0.43,5700.24,5.70,7
195,Exit long,2019-11-25,2R target,283.64,378,105537.6,1657.04,1.57,21.28,1667.77,1.58,-278.93,-0.26,7357.28,7.36,11
195,Entry long,2019-11-08,CB V0,279.2,378,105537.6,1657.04,1.57,21.28,1667.77,1.58,-278.93,-0.26,7357.28,7.36,11
196,Exit long,2019-12-02,1 ATR stop,282.37,377,107177.33,-745.2,-0.70,21.36,694.27,0.65,-734.56,-0.69,6612.08,6.61,3
196,Entry long,2019-11-26,CB V0,284.29,377,107177.33,-745.2,-0.70,21.36,694.27,0.65,-734.56,-0.69,6612.08,6.61,3
197,Exit short,2019-12-04,1 ATR stop,281.83,377,105541.15,-729.94,-0.69,21.18,505.94,0.48,-719.31,-0.68,5882.14,5.88,1
197,Entry short,2019-12-03,CB V0,279.95,377,105541.15,-729.94,-0.69,21.18,505.94,0.48,-719.31,-0.68,5882.14,5.88,1
198,Exit long,2019-12-16,2R target,289.55,370,105531.4,1580.83,1.50,21.27,1591.55,1.51,-558.15,-0.53,7462.97,7.46,5
198,Entry long,2019-12-09,CB V0,285.22,370,105531.4,1580.83,1.50,21.27,1591.55,1.51,-558.15,-0.53,7462.97,7.46,5
199,Exit long,2019-12-27,2R target,295.09,370,107370.3,1791.34,1.67,21.66,1802.26,1.68,-158.74,-0.15,9254.32,9.25,7
199,Entry long,2019-12-17,CB V0,290.19,370,107370.3,1791.34,1.67,21.66,1802.26,1.68,-158.74,-0.15,9254.32,9.25,7
200,Exit short,2019-12-31,Margin call,293.64,8,2337.28,-12.31,-0.53,0.47,2.49,0.11,-12.07,-0.52,9231.34,9.23,0
200,Entry short,2019-12-31,CB V0,292.16,8,2337.28,-12.31,-0.53,0.47,2.49,0.11,-12.07,-0.52,9231.34,9.23,0
201,Exit short,2020-01-02,1 ATR stop,294.92,365,106638.4,-1028.83,-0.96,21.43,113.44,0.11,-1018.06,-0.95,8213.18,8.21,1
201,Entry short,2019-12-31,CB V0,292.16,365,106638.4,-1028.83,-0.96,21.43,113.44,0.11,-1018.06,-0.95,8213.18,8.21,1
202,Exit long,2020-01-08,2R target,296.39,365,106853.75,1307.1,1.22,21.5,1317.91,1.23,-280.79,-0.26,9520.28,9.52,3
202,Entry long,2020-01-03,CB V0,292.75,365,106853.75,1307.1,1.22,21.5,1317.91,1.23,-280.79,-0.26,9520.28,9.52,3
203,Exit long,2020-01-17,2R target,302.4,367,109490.78,1467.97,1.34,22.05,1479.07,1.35,-715.59,-0.65,10988.25,10.99,5
203,Entry long,2020-01-10,CB V0,298.34,367,109490.78,1467.97,1.34,22.05,1479.07,1.35,-715.59,-0.65,10988.25,10.99,5
204,Exit long,2020-01-24,1 ATR stop,299.66,366,110396.58,-743.03,-0.67,22.01,669.72,0.61,-732.06,-0.66,10245.22,10.25,3
204,Entry long,2020-01-21,CB V0,301.63,366,110396.58,-743.03,-0.67,22.01,669.72,0.61,-732.06,-0.66,10245.22,10.25,3
205,Exit short,2020-01-28,1 ATR stop,296.58,367,108059.48,-807.07,-0.75,21.69,110.3,0.10,-796.19,-0.74,9438.15,9.44,1
205,Entry short,2020-01-27,CB V0,294.44,367,108059.48,-807.07,-0.75,21.69,110.3,0.10,-796.19,-0.74,9438.15,9.44,1
206,Exit long,2020-01-31,1 ATR stop,293.21,367,108510.89,-924.43,-0.85,21.61,1170.89,1.08,-913.67,-0.84,8513.72,8.51,1
206,Entry long,2020-01-30,CB V0,295.67,367,108510.89,-924.43,-0.85,21.61,1170.89,1.08,-913.67,-0.84,8513.72,8.51,1
207,Exit long,2020-02-24,1 ATR stop,294.54,356,108003.28,-3168.33,-2.93,21.29,2018.4,1.87,-3157.84,-2.92,5345.39,5.35,10
207,Entry long,2020-02-07,CB V0,303.38,356,108003.28,-3168.33,-2.93,21.29,2018.4,1.87,-3157.84,-2.92,5345.39,5.35,10
208,Exit short,2020-02-27,1 ATR stop,282.67,370,103015.4,-1593.26,-1.55,20.76,0,0.00,-1582.8,-1.54,3752.13,3.75,0
208,Entry short,2020-02-27,CB V0,278.42,370,103015.4,-1593.26,-1.55,20.76,0,0.00,-1582.8,-1.54,3752.13,3.75,0
209,Exit short,2020-02-28,1 ATR stop,268,382,100519.48,-1876.81,-1.87,20.29,1086.29,1.08,-1866.57,-1.86,1875.32,1.88,0
209,Entry short,2020-02-28,CB V0,263.14,382,100519.48,-1876.81,-1.87,20.29,1086.29,1.08,-1866.57,-1.86,1875.32,1.88,0
210,Exit long,2020-03-03,1 ATR stop,276.22,361,101845.32,-2150.06,-2.11,20.16,1415.77,1.39,-2140.08,-2.10,-274.73,-0.27,0
210,Entry long,2020-03-03,CB V0,282.12,361,101845.32,-2150.06,-2.11,20.16,1415.77,1.39,-2140.08,-2.10,-274.73,-0.27,0
211,Exit long,2020-03-06,1 ATR stop,267.2,349,97022,-3788.23,-3.90,19.03,1096.63,1.13,-3778.9,-3.89,-4062.96,-4.06,1
211,Entry long,2020-03-05,CB V0,278,349,97022,-3788.23,-3.90,19.03,1096.63,1.13,-3778.9,-3.89,-4062.96,-4.06,1
212,Exit short,2020-03-12,1 ATR stop,242.77,383,89369.22,-3629.92,-4.06,18.24,2894.2,3.24,-3620.63,-4.05,-7692.89,-7.69,0
212,Entry short,2020-03-12,CB V0,233.34,383,89369.22,-3629.92,-4.06,18.24,2894.2,3.24,-3620.63,-4.05,-7692.89,-7.69,0
213,Exit short,2020-03-19,Margin call,225.5,100,21807,-747.44,-3.43,4.44,637.82,2.92,-745.18,-3.42,-8447.32,-8.45,0
213,Entry short,2020-03-19,CB V0,218.07,100,21807,-747.44,-3.43,4.44,637.82,2.92,-745.18,-3.42,-8447.32,-8.45,0
214,Exit short,2020-03-25,1 ATR stop,231.66,321,70000.47,-4376.83,-6.25,14.44,5754.95,8.22,-4369.39,-6.24,-12817.15,-12.82,4
214,Entry short,2020-03-19,CB V0,218.07,321,70000.47,-4376.83,-6.25,14.44,5754.95,8.22,-4369.39,-6.24,-12817.15,-12.82,4
215,Exit long,2020-04-14,2R target,260.25,363,84299.49,10153.38,12.04,17.88,10162.83,12.05,-3133.86,-3.72,-2663.76,-2.66,11
215,Entry long,2020-03-27,CB V0,232.23,363,84299.49,10153.38,12.04,17.88,10162.83,12.05,-3133.86,-3.72,-2663.76,-2.66,11
216,Exit long,2020-05-26,2R target,276.83,374,95186.74,8327.81,8.75,19.87,8338.16,8.76,-1916.92,-2.01,5664.04,5.66,28
216,Entry long,2020-04-15,CB V0,254.51,374,95186.74,8327.81,8.75,19.87,8338.16,8.76,-1916.92,-2.01,5664.04,5.66,28
217,Exit short,2020-05-29,Margin call,279.62,20,5546.2,-47.31,-0.85,1.11,0,0.00,-46.75,-0.84,5606.75,5.61,0
217,Entry short,2020-05-29,CB V0,277.31,20,5546.2,-47.31,-0.85,1.11,0,0.00,-46.75,-0.84,5606.75,5.61,0
218,Exit short,2020-06-03,1 ATR stop,284.46,360,99831.6,-2594.22,-2.60,20.22,972.82,0.97,-2583.98,-2.59,3022.51,3.02,3
218,Entry short,2020-05-29,CB V0,277.31,360,99831.6,-2594.22,-2.60,20.22,972.82,0.97,-2583.98,-2.59,3022.51,3.02,3
219,Exit long,2020-06-11,1 ATR stop,285.56,347,101906.96,-2837.74,-2.78,20.1,937.12,0.92,-2827.83,-2.77,184.77,0.18,2
219,Entry long,2020-06-09,CB V0,293.68,347,101906.96,-2837.74,-2.78,20.1,937.12,0.92,-2827.83,-2.77,184.77,0.18,2
220,Exit short,2020-06-22,Margin call,286.46,20,5672.4,-57.94,-1.02,1.14,22.03,0.39,-57.37,-1.01,117.41,0.12,0
220,Entry short,2020-06-22,CB V0,283.62,20,5672.4,-57.94,-1.02,1.14,22.03,0.39,-57.37,-1.01,117.41,0.12,0
221,Exit short,2020-07-02,1 ATR stop,289.91,332,94161.84,-2107.32,-2.24,19.04,2756.14,2.93,-2097.7,-2.23,-1980.5,-1.98,8
221,Entry short,2020-06-22,CB V0,283.62,332,94161.84,-2107.32,-2.24,19.04,2756.14,2.93,-2097.7,-2.23,-1980.5,-1.98,8
222,Exit long,2020-08-03,2R target,302.35,335,97300.75,3966.64,4.08,19.86,3976.77,4.09,-1463.63,-1.50,1986.15,1.99,19
222,Entry long,2020-07-07,CB V0,290.45,335,97300.75,3966.64,4.08,19.86,3976.77,4.09,-1463.63,-1.50,1986.15,1.99,19
223,Exit long,2020-08-24,2R target,315.06,331,101593.83,2670.44,2.63,20.59,2680.87,2.64,-400.74,-0.39,4656.59,4.66,11
223,Entry long,2020-08-07,CB V0,306.93,331,101593.83,2670.44,2.63,20.59,2680.87,2.64,-400.74,-0.39,4656.59,4.66,11
224,Exit long,2020-09-02,2R target,328.89,324,104538.6,2000.65,1.91,21.11,2011.31,1.92,-399.25,-0.38,6657.24,6.66,2
224,Entry long,2020-08-31,CB V0,322.65,324,104538.6,2000.65,1.91,21.11,2011.31,1.92,-399.25,-0.38,6657.24,6.66,2
225,Exit long,2020-09-03,1 ATR stop,324.48,323,105856.79,-1070.82,-1.01,21.07,137.99,0.13,-1060.34,-1.00,5586.42,5.59,0
225,Entry long,2020-09-03,CB V0,327.73,323,105856.79,-1070.82,-1.01,21.07,137.99,0.13,-1060.34,-1.00,5586.42,5.59,0
226,Exit short,2020-09-04,Margin call,320.33,12,3824.88,-19.85,-0.52,0.77,0,0.00,-19.46,-0.51,5556.41,5.56,0
226,Entry short,2020-09-04,CB V0,318.74,12,3824.88,-19.85,-0.52,0.77,0,0.00,-19.46,-0.51,5556.41,5.56,0
227,Exit short,2020-09-04,2R target,310.74,319,101678.06,2531.92,2.49,20.08,2541.83,2.50,-517.38,-0.51,8098.49,8.10,0
227,Entry short,2020-09-04,CB V0,318.74,319,101678.06,2531.92,2.49,20.08,2541.83,2.50,-517.38,-0.51,8098.49,8.10,0
228,Exit short,2020-09-17,Margin call,311,8,2457.36,-31.13,-1.27,0.49,3.91,0.16,-30.89,-1.26,8056.98,8.06,0
228,Entry short,2020-09-17,CB V0,307.17,8,2457.36,-31.13,-1.27,0.49,3.91,0.16,-30.89,-1.26,8056.98,8.06,0
229,Exit short,2020-09-24,2R target,296.75,338,103823.46,3501.55,3.37,20.41,3511.58,3.38,-1304.92,-1.26,11568.91,11.57,5
229,Entry short,2020-09-17,CB V0,307.17,338,103823.46,3501.55,3.37,20.41,3511.58,3.38,-1304.92,-1.26,11568.91,11.57,5
230,Exit short,2020-09-25,1 ATR stop,304.02,372,110949,-2168.84,-1.95,22.4,308.83,0.28,-2157.53,-1.94,9400.06,9.40,0
230,Entry short,2020-09-25,CB V0,298.25,372,110949,-2168.84,-1.95,22.4,308.83,0.28,-2157.53,-1.94,9400.06,9.40,0
231,Exit long,2020-10-09,2R target,320.52,354,109315.2,4126.6,3.77,22.28,4137.95,3.78,-924.25,-0.85,13526.67,13.53,8
231,Entry long,2020-09-29,CB V0,308.8,354,109315.2,4126.6,3.77,22.28,4137.95,3.78,-924.25,-0.85,13526.67,13.53,8
232,Exit long,2020-10-15,1 ATR stop,317.78,348,113354.04,-2788.99,-2.46,22.39,44.34,0.04,-2777.94,-2.45,10737.67,10.74,2
232,Entry long,2020-10-13,CB V0,325.73,348,113354.04,-2788.99,-2.46,22.39,44.34,0.04,-2777.94,-2.45,10737.67,10.74,2
233,Exit short,2020-10-22,Margin call,319.22,16,5073.44,-35.1,-0.69,1.02,0,0.00,-34.59,-0.68,10692.01,10.69,0
233,Entry short,2020-10-22,CB V0,317.09,16,5073.44,-35.1,-0.69,1.02,0,0.00,-34.59,-0.68,10692.01,10.69,0
234,Exit short,2020-10-28,2R target,306.71,333,105590.97,3435.77,3.25,20.77,3445.98,3.26,-946.29,-0.90,14138.34,14.14,4
234,Entry short,2020-10-22,CB V0,317.09,333,105590.97,3435.77,3.25,20.77,3445.98,3.26,-946.29,-0.90,14138.34,14.14,4
235,Exit short,2020-10-29,1 ATR stop,307.73,377,113948.25,-2088.96,-1.83,23,618.2,0.54,-2077.35,-1.82,12049.38,12.05,0
235,Entry short,2020-10-29,CB V0,302.25,377,113948.25,-2088.96,-1.83,23,618.2,0.54,-2077.35,-1.82,12049.38,12.05,0
236,Exit long,2020-11-09,2R target,336.52,345,111624.75,4451.88,3.99,22.77,4463.49,4.00,-742.56,-0.67,16501.26,16.50,1
236,Entry long,2020-11-06,CB V0,323.55,345,111624.75,4451.88,3.99,22.77,4463.49,4.00,-742.56,-0.67,16501.26,16.50,1
237,Exit long,2020-12-03,2R target,340.08,355,116028.2,4676.52,4.03,23.68,4688.6,4.04,-991.4,-0.85,21177.79,21.18,16
237,Entry long,2020-11-10,CB V0,326.84,355,116028.2,4676.52,4.03,23.68,4688.6,4.04,-991.4,-0.85,21177.79,21.18,16
238,Exit long,2020-12-11,1 ATR stop,336.85,354,120784.8,-1563.9,-1.29,24,649.9,0.54,-1551.98,-1.28,19613.88,19.61,4
238,Entry long,2020-12-07,CB V0,341.2,354,120784.8,-1563.9,-1.29,24,649.9,0.54,-1551.98,-1.28,19613.88,19.61,4
239,Exit long,2020-12-21,1 ATR stop,337.83,349,119337.06,-1458.11,-1.22,23.72,926.88,0.78,-1446.32,-1.21,18155.77,18.16,3
239,Entry long,2020-12-16,CB V0,341.94,349,119337.06,-1458.11,-1.22,23.72,926.88,0.78,-1446.32,-1.21,18155.77,18.16,3
240,Exit long,2021-01-04,1 ATR stop,341.42,342,118065.24,-1323.08,-1.12,23.48,1150.99,0.97,-1311.41,-1.11,16832.69,16.83,1
240,Entry long,2020-12-31,CB V0,345.22,342,118065.24,-1323.08,-1.12,23.48,1150.99,0.97,-1311.41,-1.11,16832.69,16.83,1
241,Exit short,2021-01-05,Margin call,345.89,28,9569.84,-117.01,-1.22,1.93,0,0.00,-116.04,-1.21,16704.98,16.70,0
241,Entry short,2021-01-05,CB V0,341.78,28,9569.84,-117.01,-1.22,1.93,0,0.00,-116.04,-1.21,16704.98,16.70,0
242,Exit short,2021-01-06,1 ATR stop,345.98,313,106977.14,-1336.13,-1.25,21.53,0,0.00,-1325.3,-1.24,15379.55,15.38,1
242,Entry short,2021-01-05,CB V0,341.78,313,106977.14,-1336.13,-1.25,21.53,0,0.00,-1325.3,-1.24,15379.55,15.38,1
243,Exit long,2021-01-27,1 ATR stop,346.37,325,114029.5,-1481.91,-1.30,22.66,2396.85,2.10,-1470.65,-1.29,13897.64,13.90,11
243,Entry long,2021-01-11,CB V0,350.86,325,114029.5,-1481.91,-1.30,22.66,2396.85,2.10,-1470.65,-1.29,13897.64,13.90,11
244,Exit long,2021-02-23,1 ATR stop,357.16,314,113598.92,-1473.25,-1.30,22.57,1313.72,1.16,-1462.04,-1.29,12424.39,12.42,9
244,Entry long,2021-02-09,CB V0,361.78,314,113598.92,-1473.25,-1.30,22.57,1313.72,1.16,-1462.04,-1.29,12424.39,12.42,9
245,Exit long,2021-03-03,1 ATR stop,356.71,310,112210.7,-1652.88,-1.47,22.28,56.98,0.05,-1641.82,-1.46,10771.51,10.77,1
245,Entry long,2021-03-02,CB V0,361.97,310,112210.7,-1652.88,-1.47,22.28,56.98,0.05,-1641.82,-1.46,10771.51,10.77,1
246,Exit short,2021-03-04,Margin call,356.57,12,4247.64,-32.05,-0.75,0.85,0,0.00,-31.62,-0.74,10728.84,10.73,0
246,Entry short,2021-03-04,CB V0,353.97,12,4247.64,-32.05,-0.75,0.85,0,0.00,-31.62,-0.74,10728.84,10.73,0
247,Exit short,2021-03-08,1 ATR stop,359.12,300,106191,-1566.39,-1.47,21.39,2590.38,2.44,-1555.62,-1.46,9173.06,9.17,2
247,Entry short,2021-03-04,CB V0,353.97,300,106191,-1566.39,-1.47,21.39,2590.38,2.44,-1555.62,-1.46,9173.06,9.17,2
248,Exit long,2021-03-25,1 ATR stop,358.14,298,108489.88,-1785.68,-1.65,21.52,1660.93,1.53,-1775.01,-1.64,7387.38,7.39,9
248,Entry long,2021-03-12,CB V0,364.06,298,108489.88,-1785.68,-1.65,21.52,1660.93,1.53,-1775.01,-1.64,7387.38,7.39,9
249,Exit long,2021-04-05,2R target,377.98,291,106919.22,3051.27,2.85,21.69,3062.27,2.86,-444.28,-0.42,10438.65,10.44,4
249,Entry long,2021-03-29,CB V0,367.42,291,106919.22,3051.27,2.85,21.69,3062.27,2.86,-444.28,-0.42,10438.65,10.44,4
250,Exit long,2021-04-16,2R target,388.7,291,110000.91,3088.48,2.81,22.31,3099.79,2.82,-112.85,-0.10,13527.13,13.53,8
250,Entry long,2021-04-06,CB V0,378.01,291,110000.91,3088.48,2.81,22.31,3099.79,2.82,-112.85,-0.10,13527.13,13.53,8
251,Exit short,2021-04-20,Margin call,386.69,1,385.58,-1.19,-0.31,0.08,0,0.00,-1.15,-0.30,13514.68,13.51,0
251,Entry short,2021-04-20,CB V0,385.58,1,385.58,-1.19,-0.31,0.08,0,0.00,-1.15,-0.30,13514.68,13.51,0
252,Exit short,2021-04-21,Margin call,387.82,1,385.58,-2.32,-0.60,0.08,3.04,0.79,-2.28,-0.59,13512.41,13.51,1
252,Entry short,2021-04-20,CB V0,385.58,1,385.58,-2.32,-0.60,0.08,3.04,0.79,-2.28,-0.59,13512.41,13.51,1
253,Exit short,2021-04-22,Margin call,388.27,1,385.58,-2.77,-0.72,0.08,3.04,0.79,-2.73,-0.71,13509.68,13.51,2
253,Entry short,2021-04-20,CB V0,385.58,1,385.58,-2.77,-0.72,0.08,3.04,0.79,-2.73,-0.71,13509.68,13.51,2
254,Exit short,2021-04-23,1 ATR stop,389.25,290,111818.2,-1086.77,-0.97,22.47,882.02,0.79,-1075.48,-0.96,12434.09,12.43,3
254,Entry short,2021-04-20,CB V0,385.58,290,111818.2,-1086.77,-0.97,22.47,882.02,0.79,-1075.48,-0.96,12434.09,12.43,3
255,Exit long,2021-05-04,1 ATR stop,385.52,288,112129.92,-1122.48,-1.00,22.32,734.71,0.66,-1111.37,-0.99,11311.61,11.31,5
255,Entry long,2021-04-27,CB V0,389.34,288,112129.92,-1122.48,-1.00,22.32,734.71,0.66,-1111.37,-0.99,11311.61,11.31,5
256,Exit short,2021-05-06,Margin call,390.54,16,6197.92,-51.96,-0.84,1.24,31.38,0.51,-51.34,-0.83,11249.15,11.25,0
256,Entry short,2021-05-06,CB V0,387.37,16,6197.92,-51.96,-0.84,1.24,31.38,0.51,-51.34,-0.83,11249.15,11.25,0
257,Exit short,2021-05-07,1 ATR stop,391.17,271,104977.27,-1050.9,-1.00,21.1,531.5,0.51,-1040.3,-0.99,10208.75,10.21,1
257,Entry short,2021-05-06,CB V0,387.37,271,104977.27,-1050.9,-1.00,21.1,531.5,0.51,-1040.3,-0.99,10208.75,10.21,1
258,Exit long,2021-05-10,Margin call,393.58,1,393.6,-0.1,-0.03,0.08,0,0.00,-0.06,-0.02,10197.67,10.20,0
258,Entry long,2021-05-10,CB V0,393.6,1,393.6,-0.1,-0.03,0.08,0,0.00,-0.06,-0.02,10197.67,10.20,0
259,Exit long,2021-05-10,1 ATR stop,389.92,279,109814.4,-1048.58,-0.95,21.86,47.61,0.04,-1037.7,-0.94,9160.07,9.16,0
259,Entry long,2021-05-10,CB V0,393.6,279,109814.4,-1048.58,-0.95,21.86,47.61,0.04,-1037.7,-0.94,9160.07,9.16,0
260,Exit long,2021-05-19,1 ATR stop,379.07,281,108741.38,-2244.24,-2.06,21.53,247.65,0.23,-2233.58,-2.05,6915.83,6.92,2
260,Entry long,2021-05-17,CB V0,386.98,281,108741.38,-2244.24,-2.06,21.53,247.65,0.23,-2233.58,-2.05,6915.83,6.92,2
261,Exit long,2021-07-01,2R target,400.86,273,106901.34,2511.81,2.35,21.63,2522.75,2.36,-1099.96,-1.03,9427.64,9.43,26
261,Entry long,2021-05-25,CB V0,391.58,273,106901.34,2511.81,2.35,21.63,2522.75,2.36,-1099.96,-1.03,9427.64,9.43,26
262,Exit long,2021-07-06,1 ATR stop,402.53,269,109060.67,-801.83,-0.74,21.73,45.58,0.04,-791.01,-0.73,8625.81,8.63,0
262,Entry long,2021-07-06,CB V0,405.43,269,109060.67,-801.83,-0.74,21.73,45.58,0.04,-791.01,-0.73,8625.81,8.63,0
263,Exit long,2021-07-07,Margin call,405.3,1,405.32,-0.1,-0.02,0.08,0,0.00,-0.06,-0.01,8614.88,8.61,0
263,Entry long,2021-07-07,CB V0,405.32,1,405.32,-0.1,-0.02,0.08,0,0.00,-0.06,-0.01,8614.88,8.61,0
264,Exit long,2021-07-08,1 ATR stop,400.74,267,108220.44,-1244.38,-1.15,21.52,261.52,0.24,-1233.68,-1.14,7381.32,7.38,1
264,Entry long,2021-07-07,CB V0,405.32,267,108220.44,-1244.38,-1.15,21.52,261.52,0.24,-1233.68,-1.14,7381.32,7.38,1
265,Exit long,2021-07-15,1 ATR stop,404.48,262,106825.26,-872.78,-0.82,21.28,398.04,0.37,-862.18,-0.81,6508.54,6.51,2
265,Entry long,2021-07-13,CB V0,407.73,262,106825.26,-872.78,-0.82,21.28,398.04,0.37,-862.18,-0.81,6508.54,6.51,2
266,Exit short,2021-07-19,1 ATR stop,401.61,264,105156.48,-889.68,-0.85,21.12,1029.64,0.98,-879.08,-0.84,5618.87,5.62,0
266,Entry short,2021-07-19,CB V0,398.32,264,105156.48,-889.68,-0.85,21.12,1029.64,0.98,-879.08,-0.84,5618.87,5.62,0
267,Exit short,2021-07-20,1 ATR stop,401.53,265,105427.6,-999.03,-0.95,21.18,196.16,0.19,-988.39,-0.94,4619.83,4.62,0
267,Entry short,2021-07-20,CB V0,397.84,265,105427.6,-999.03,-0.95,21.18,196.16,0.19,-988.39,-0.94,4619.83,4.62,0
268,Exit long,2021-08-10,2R target,414.11,257,104426.81,1978.37,1.89,21.09,1989.02,1.90,-264.87,-0.25,6598.21,6.60,13
268,Entry long,2021-07-22,CB V0,406.33,257,104426.81,1978.37,1.89,21.09,1989.02,1.90,-264.87,-0.25,6598.21,6.60,13
269,Exit long,2021-08-18,1 ATR stop,411.72,256,106145.28,-766.11,-0.72,21.15,821.39,0.77,-755.57,-0.71,5832.09,5.83,4
269,Entry long,2021-08-12,CB V0,414.63,256,106145.28,-766.11,-0.72,21.15,821.39,0.77,-755.57,-0.71,5832.09,5.83,4
270,Exit short,2021-08-19,1 ATR stop,410.93,257,104789.18,-840.87,-0.80,21.04,22.93,0.02,-830.31,-0.79,4991.22,4.99,0
270,Entry short,2021-08-19,CB V0,407.74,257,104789.18,-840.87,-0.80,21.04,22.93,0.02,-830.31,-0.79,4991.22,4.99,0
271,Exit long,2021-09-13,1 ATR stop,415.62,250,104720,-835.86,-0.80,20.86,1362.03,1.30,-825.47,-0.79,4155.36,4.16,12
271,Entry long,2021-08-25,CB V0,418.88,250,104720,-835.86,-0.80,20.86,1362.03,1.30,-825.47,-0.79,4155.36,4.16,12
272,Exit long,2021-09-17,1 ATR stop,414.75,248,103686.32,-848.97,-0.82,20.65,227.71,0.22,-838.69,-0.81,3306.39,3.31,1
272,Entry long,2021-09-16,CB V0,418.09,248,103686.32,-848.97,-0.82,20.65,227.71,0.22,-838.69,-0.81,3306.39,3.31,1
273,Exit short,2021-09-22,1 ATR stop,411.21,249,101527.26,-884.42,-0.87,20.39,1391.72,1.37,-874.18,-0.86,2421.96,2.42,2
273,Entry short,2021-09-20,CB V0,407.74,249,101527.26,-884.42,-0.87,20.39,1391.72,1.37,-874.18,-0.86,2421.96,2.42,2
274,Exit long,2021-09-28,1 ATR stop,409.51,246,101821.86,-1102.66,-1.08,20.26,732.74,0.72,-1092.58,-1.07,1319.31,1.32,2
274,Entry long,2021-09-24,CB V0,413.91,246,101821.86,-1102.66,-1.08,20.26,732.74,0.72,-1092.58,-1.07,1319.31,1.32,2
275,Exit long,2021-10-04,1 ATR stop,401.11,248,100688,-1232.74,-1.22,20.02,210.65,0.21,-1222.79,-1.21,86.57,0.09,0
275,Entry long,2021-10-04,CB V0,406,248,100688,-1232.74,-1.22,20.02,210.65,0.21,-1222.79,-1.21,86.57,0.09,0
276,Exit long,2021-10-07,2R target,412.82,246,99015,2518.66,2.54,20.06,2528.82,2.55,-410.88,-0.41,2605.23,2.61,1
276,Entry long,2021-10-06,CB V0,402.5,246,99015,2518.66,2.54,20.06,2528.82,2.55,-410.88,-0.41,2605.23,2.61,1
277,Exit short,2021-10-11,Margin call,412.81,8,3279.04,-24.1,-0.73,0.66,18.63,0.57,-23.77,-0.72,2571.26,2.57,0
277,Entry short,2021-10-11,CB V0,409.88,8,3279.04,-24.1,-0.73,0.66,18.63,0.57,-23.77,-0.72,2571.26,2.57,0
278,Exit short,2021-10-14,1 ATR stop,415.06,241,98781.08,-1268.26,-1.28,19.88,1257.78,1.27,-1258.26,-1.27,1312.88,1.31,3
278,Entry short,2021-10-11,CB V0,409.88,241,98781.08,-1268.26,-1.28,19.88,1257.78,1.27,-1258.26,-1.27,1312.88,1.31,3
279,Exit long,2021-10-22,2R target,426.28,242,100739.76,2399.61,2.38,20.39,2409.93,2.39,-169.79,-0.17,3712.49,3.71,4
279,Entry long,2021-10-18,CB V0,416.28,242,100739.76,2399.61,2.38,20.39,2409.93,2.39,-169.79,-0.17,3712.49,3.71,4
280,Exit long,2021-11-04,2R target,436.37,242,103573.58,2007.04,1.94,20.92,2017.6,1.95,-600.84,-0.58,5719.53,5.72,6
280,Entry long,2021-10-27,CB V0,427.99,242,103573.58,2007.04,1.94,20.92,2017.6,1.95,-600.84,-0.58,5719.53,5.72,6
281,Exit long,2021-11-10,1 ATR stop,436.53,240,105698.4,-952.25,-0.90,21.05,107.03,0.10,-941.77,-0.89,4767.28,4.77,2
281,Entry long,2021-11-08,CB V0,440.41,240,105698.4,-952.25,-0.90,21.05,107.03,0.10,-941.77,-0.89,4767.28,4.77,2
282,Exit short,2021-11-12,Margin call,438.68,8,3489.44,-20.7,-0.59,0.7,10.53,0.30,-20.35,-0.58,4736.46,4.74,1
282,Entry short,2021-11-11,CB V0,436.18,8,3489.44,-20.7,-0.59,0.7,10.53,0.30,-20.35,-0.58,4736.46,4.74,1
283,Exit short,2021-11-16,1 ATR stop,439.86,232,101193.76,-874.08,-0.86,20.32,305.4,0.30,-863.88,-0.85,3872.5,3.87,3
283,Entry short,2021-11-11,CB V0,436.18,232,101193.76,-874.08,-0.86,20.32,305.4,0.30,-863.88,-0.85,3872.5,3.87,3
284,Exit long,2021-11-23,1 ATR stop,436.29,236,103781,-837.23,-0.81,20.67,992.62,0.96,-826.94,-0.80,3035.26,3.04,4
284,Entry long,2021-11-17,CB V0,439.75,236,103781,-837.23,-0.81,20.67,992.62,0.96,-826.94,-0.80,3035.26,3.04,4
285,Exit short,2021-11-24,Margin call,440.29,4,1747.92,-13.59,-0.78,0.35,3.07,0.18,-13.41,-0.77,3011.62,3.01,0
285,Entry short,2021-11-24,CB V0,436.98,4,1747.92,-13.59,-0.78,0.35,3.07,0.18,-13.41,-0.77,3011.62,3.01,0
286,Exit short,2021-11-26,2R target,429.98,230,100505.4,1590.06,1.58,19.94,1599.95,1.59,-771.35,-0.77,4611.73,4.61,1
286,Entry short,2021-11-24,CB V0,436.98,230,100505.4,1590.06,1.58,19.94,1599.95,1.59,-771.35,-0.77,4611.73,4.61,1
287,Exit long,2021-12-14,1 ATR stop,433.29,238,104593.86,-1491.61,-1.43,20.77,477.44,0.46,-1481.3,-1.42,3120.12,3.12,4
287,Entry long,2021-12-08,CB V0,439.47,238,104593.86,-1491.61,-1.43,20.77,477.44,0.46,-1481.3,-1.42,3120.12,3.12,4
288,Exit short,2021-12-15,1 ATR stop,440.08,237,102976.5,-1343.19,-1.30,20.73,582.2,0.57,-1332.76,-1.29,1776.93,1.78,0
288,Entry short,2021-12-15,CB V0,434.5,237,102976.5,-1343.19,-1.30,20.73,582.2,0.57,-1332.76,-1.29,1776.93,1.78,0
289,Exit long,2022-01-06,1 ATR stop,438.14,229,101717.22,-1403.37,-1.38,20.21,1693.59,1.66,-1393.33,-1.37,373.57,0.37,8
289,Entry long,2021-12-27,CB V0,444.18,229,101717.22,-1403.37,-1.38,20.21,1693.59,1.66,-1393.33,-1.37,373.57,0.37,8
290,Exit short,2022-01-10,Margin call,438.23,1,435.35,-2.97,-0.68,0.09,0,0.00,-2.92,-0.67,360.72,0.36,0
290,Entry short,2022-01-10,CB V0,435.35,1,435.35,-2.97,-0.68,0.09,0,0.00,-2.92,-0.67,360.72,0.36,0
291,Exit short,2022-01-11,1 ATR stop,440.56,227,98824.45,-1202.55,-1.22,19.88,1290.83,1.31,-1192.55,-1.21,-831.95,-0.83,1
291,Entry short,2022-01-10,CB V0,435.35,227,98824.45,-1202.55,-1.22,19.88,1290.83,1.31,-1192.55,-1.21,-831.95,-0.83,1
292,Exit long,2022-01-13,1 ATR stop,438.8,223,99078.9,-1246.19,-1.26,19.69,132.81,0.13,-1236.41,-1.25,-2078.15,-2.08,0
292,Entry long,2022-01-13,CB V0,444.3,223,99078.9,-1246.19,-1.26,19.69,132.81,0.13,-1236.41,-1.25,-2078.15,-2.08,0
293,Exit long,2022-01-19,1 ATR stop,428.21,224,97204.8,-1305.07,-1.34,19.31,810.12,0.83,-1295.48,-1.33,-3383.22,-3.38,2
293,Entry long,2022-01-14,CB V0,433.95,224,97204.8,-1305.07,-1.34,19.31,810.12,0.83,-1295.48,-1.33,-3383.22,-3.38,2
294,Exit short,2022-01-21,Margin call,421.6,4,1676.92,-9.82,-0.59,0.34,0,0.00,-9.65,-0.58,-3402.47,-3.40,0
294,Entry short,2022-01-21,CB V0,419.23,4,1676.92,-9.82,-0.59,0.34,0,0.00,-9.65,-0.58,-3402.47,-3.40,0
295,Exit short,2022-01-24,2R target,406.13,225,94326.75,2928.93,3.10,18.57,2938.07,3.11,-542.68,-0.58,-464.11,-0.46,1
295,Entry short,2022-01-21,CB V0,419.23,225,94326.75,2928.93,3.10,18.57,2938.07,3.11,-542.68,-0.58,-464.11,-0.46,1
296,Exit long,2022-01-31,2R target,422.68,240,97795.2,3628.08,3.71,19.92,3638.22,3.72,-1346.58,-1.38,3163.97,3.16,4
296,Entry long,2022-01-25,CB V0,407.48,240,97795.2,3628.08,3.71,19.92,3638.22,3.72,-1346.58,-1.38,3163.97,3.16,4
297,Exit long,2022-02-11,1 ATR stop,415.06,243,103046.58,-2207.39,-2.14,20.39,1688.27,1.64,-2197.3,-2.13,956.58,0.96,8
297,Entry long,2022-02-01,CB V0,424.06,243,103046.58,-2207.39,-2.14,20.39,1688.27,1.64,-2197.3,-2.13,956.58,0.96,8
298,Exit long,2022-02-18,1 ATR stop,408.99,240,100089.6,-1951.82,-1.95,19.82,743.59,0.74,-1942.01,-1.94,-995.24,-1.00,1
298,Entry long,2022-02-17,CB V0,417.04,240,100089.6,-1951.82,-1.95,19.82,743.59,0.74,-1942.01,-1.94,-995.24,-1.00,1
299,Exit short,2022-02-24,1 ATR stop,395.07,249,96295.77,-2096.13,-2.18,19.47,77.52,0.08,-2086.29,-2.17,-3091.37,-3.09,0
299,Entry short,2022-02-24,CB V0,386.73,249,96295.77,-2096.13,-2.18,19.47,77.52,0.08,-2086.29,-2.17,-3091.37,-3.09,0
300,Exit long,2022-03-07,1 ATR stop,400.5,235,96197.25,-2098.78,-2.18,19.03,1329.88,1.38,-2089.37,-2.17,-5190.15,-5.19,4
300,Entry long,2022-03-01,CB V0,409.35,235,96197.25,-2098.78,-2.18,19.03,1329.88,1.38,-2089.37,-2.17,-5190.15,-5.19,4
301,Exit short,2022-03-08,Margin call,401.98,32,12634.24,-231.67,-1.83,2.55,134.1,1.06,-230.38,-1.82,-5430.03,-5.43,0
301,Entry short,2022-03-08,CB V0,394.82,32,12634.24,-231.67,-1.83,2.55,134.1,1.06,-230.38,-1.82,-5430.03,-5.43,0
302,Exit short,2022-03-09,1 ATR stop,403.74,208,82122.56,-1871.97,-2.28,16.61,871.63,1.06,-1863.57,-2.27,-7293.79,-7.29,1
302,Entry short,2022-03-08,CB V0,394.82,208,82122.56,-1871.97,-2.28,16.61,871.63,1.06,-1863.57,-2.27,-7293.79,-7.29,1
303,Exit long,2022-03-18,2R target,416.23,230,91441.1,4273.08,4.67,18.72,4282.66,4.68,-1469.64,-1.61,-3020.71,-3.02,6
303,Entry long,2022-03-10,CB V0,397.57,230,91441.1,4273.08,4.67,18.72,4282.66,4.68,-1469.64,-1.61,-3020.71,-3.02,6
304,Exit long,2022-04-22,1 ATR stop,410.5,231,96881.4,-2075.07,-2.14,19.17,3852.63,3.98,-2065.59,-2.13,-5095.78,-5.10,23
304,Entry long,2022-03-21,CB V0,419.4,231,96881.4,-2075.07,-2.14,19.17,3852.63,3.98,-2065.59,-2.13,-5095.78,-5.10,23
305,Exit short,2022-04-25,Margin call,404.63,12,4798.44,-58.09,-1.21,0.97,54.12,1.13,-57.6,-1.20,-5162.78,-5.16,0
305,Entry short,2022-04-25,CB V0,399.87,12,4798.44,-58.09,-1.21,0.97,54.12,1.13,-57.6,-1.20,-5162.78,-5.16,0
306,Exit short,2022-05-02,2R target,385.29,223,89171.01,3233.83,3.63,17.51,3242.42,3.64,-1266.64,-1.42,-1920.04,-1.92,5
306,Entry short,2022-04-25,CB V0,399.87,223,89171.01,3233.83,3.63,17.51,3242.42,3.64,-1266.64,-1.42,-1920.04,-1.92,5
307,Exit long,2022-05-06,1 ATR stop,383.03,250,97927.5,-2189.37,-2.24,19.37,3445.21,3.52,-2179.79,-2.23,-4109.4,-4.11,3
307,Entry long,2022-05-03,CB V0,391.71,250,97927.5,-2189.37,-2.24,19.37,3445.21,3.52,-2179.79,-2.23,-4109.4,-4.11,3
308,Exit long,2022-05-18,1 ATR stop,371.23,248,94450.8,-2404.41,-2.55,18.65,57.51,0.06,-2395.2,-2.54,-6513.82,-6.51,0
308,Entry long,2022-05-18,CB V0,380.85,248,94450.8,-2404.41,-2.55,18.65,57.51,0.06,-2395.2,-2.54,-6513.82,-6.51,0
309,Exit short,2022-05-25,Margin call,377.03,28,10367.56,-191.37,-1.85,2.09,9.88,0.10,-190.32,-1.84,-6713.45,-6.71,0
309,Entry short,2022-05-25,CB V0,370.27,28,10367.56,-191.37,-1.85,2.09,9.88,0.10,-190.32,-1.84,-6713.45,-6.71,0
310,Exit short,2022-05-26,1 ATR stop,380.32,223,82570.21,-2257.89,-2.73,16.74,78.71,0.10,-2249.41,-2.72,-8963.08,-8.96,1
310,Entry short,2022-05-25,CB V0,370.27,223,82570.21,-2257.89,-2.73,16.74,78.71,0.10,-2249.41,-2.72,-8963.08,-8.96,1
311,Exit long,2022-06-09,1 ATR stop,380.57,232,90558.88,-2284.53,-2.52,17.89,840.06,0.93,-2275.7,-2.51,-11247.6,-11.25,7
311,Entry long,2022-05-31,CB V0,390.34,232,90558.88,-2284.53,-2.52,17.89,840.06,0.93,-2275.7,-2.51,-11247.6,-11.25,7
312,Exit short,2022-06-13,2R target,355.09,234,87209.46,4101.37,4.70,17.03,4109.68,4.71,-209.96,-0.24,-7146.23,-7.15,1
312,Entry short,2022-06-10,CB V0,372.69,234,87209.46,4101.37,4.70,17.03,4109.68,4.71,-209.96,-0.24,-7146.23,-7.15,1
313,Exit long,2022-06-24,2R target,368.49,259,90574.89,4845.42,5.35,18.6,4854.96,5.36,-1666.66,-1.84,-2300.81,-2.30,5
313,Entry long,2022-06-16,CB V0,349.71,259,90574.89,4845.42,5.35,18.6,4854.96,5.36,-1666.66,-1.84,-2300.81,-2.30,5
314,Exit short,2022-06-29,Margin call,362.37,4,1445.44,-4.33,-0.30,0.29,0,0.00,-4.18,-0.29,-2314.75,-2.31,0
314,Entry short,2022-06-29,CB V0,361.36,4,1445.44,-4.33,-0.30,0.29,0,0.00,-4.18,-0.29,-2314.75,-2.31,0
315,Exit short,2022-07-06,Margin call,365.78,8,2890.88,-35.94,-1.24,0.58,65.31,2.26,-35.65,-1.23,-2350.41,-2.35,4
315,Entry short,2022-06-29,CB V0,361.36,8,2890.88,-35.94,-1.24,0.58,65.31,2.26,-35.65,-1.23,-2350.41,-2.35,4
316,Exit short,2022-07-08,Margin call,370.3,1,361.36,-9.01,-2.49,0.07,8.16,2.26,-8.98,-2.48,-2359.38,-2.36,6
316,Entry short,2022-06-29,CB V0,361.36,1,361.36,-9.01,-2.49,0.07,8.16,2.26,-8.98,-2.48,-2359.38,-2.36,6
317,Exit short,2022-07-19,1 ATR stop,370.53,257,92869.52,-2375.5,-2.56,18.81,2468.19,2.66,-2365.98,-2.55,-4725.6,-4.73,13
317,Entry short,2022-06-29,CB V0,361.36,257,92869.52,-2375.5,-2.56,18.81,2468.19,2.66,-2365.98,-2.55,-4725.6,-4.73,13
318,Exit long,2022-07-29,2R target,387.66,256,95242.24,3979.27,4.18,19.45,3989.2,4.19,-623.92,-0.66,-746.33,-0.75,7
318,Entry long,2022-07-20,CB V0,372.04,256,95242.24,3979.27,4.18,19.45,3989.2,4.19,-623.92,-0.66,-746.33,-0.75,7
319,Exit long,2022-08-11,2R target,402.59,254,98513.9,3723.88,3.78,20.08,3734.11,3.79,-573.73,-0.58,2977.56,2.98,8
319,Entry long,2022-08-01,CB V0,387.85,254,98513.9,3723.88,3.78,20.08,3734.11,3.79,-573.73,-0.58,2977.56,2.98,8
320,Exit long,2022-08-22,1 ATR stop,395.32,254,102273.1,-1882.09,-1.84,20.27,1663.63,1.63,-1872.05,-1.83,1095.47,1.10,5
320,Entry long,2022-08-15,CB V0,402.65,254,102273.1,-1882.09,-1.84,20.27,1663.63,1.63,-1872.05,-1.83,1095.47,1.10,5
321,Exit short,2022-08-23,Margin call,393.79,4,1565.56,-9.91,-0.63,0.31,4.12,0.26,-9.76,-0.62,1075.65,1.08,0
321,Entry short,2022-08-23,CB V0,391.39,4,1565.56,-9.91,-0.63,0.31,4.12,0.26,-9.76,-0.62,1075.65,1.08,0
322,Exit short,2022-08-25,1 ATR stop,397.48,253,99021.67,-1560.73,-1.58,19.96,351.89,0.36,-1550.67,-1.57,-475.17,-0.48,2
322,Entry short,2022-08-23,CB V0,391.39,253,99021.67,-1560.73,-1.58,19.96,351.89,0.36,-1550.67,-1.57,-475.17,-0.48,2
323,Exit long,2022-08-26,1 ATR stop,391.84,250,99390,-1449.73,-1.46,19.74,122.56,0.12,-1439.94,-1.45,-1924.91,-1.92,0
323,Entry long,2022-08-26,CB V0,397.56,250,99390,-1449.73,-1.46,19.74,122.56,0.12,-1439.94,-1.45,-1924.91,-1.92,0
324,Exit short,2022-08-29,Margin call,384.71,8,3049.92,-28.37,-0.93,0.61,7.22,0.24,-28.06,-0.92,-1962.7,-1.96,0
324,Entry short,2022-08-29,CB V0,381.24,8,3049.92,-28.37,-0.93,0.61,7.22,0.24,-28.06,-0.92,-1962.7,-1.96,0
325,Exit short,2022-09-06,2R target,368.64,247,94166.28,3093.68,3.29,18.52,3102.78,3.29,-866.51,-0.92,1140.4,1.14,5
325,Entry short,2022-08-29,CB V0,381.24,247,94166.28,3093.68,3.29,18.52,3102.78,3.29,-866.51,-0.92,1140.4,1.14,5
326,Exit short,2022-09-07,1 ATR stop,376.59,273,101034.57,-1794.88,-1.78,20.38,47.23,0.05,-1784.6,-1.77,-654.49,-0.65,0
326,Entry short,2022-09-07,CB V0,370.09,273,101034.57,-1794.88,-1.78,20.38,47.23,0.05,-1784.6,-1.77,-654.49,-0.65,0
327,Exit long,2022-09-13,1 ATR stop,374.43,254,96751.14,-1665.11,-1.72,19.19,295.12,0.31,-1655.6,-1.71,-2319.59,-2.32,0
327,Entry long,2022-09-13,CB V0,380.91,254,96751.14,-1665.11,-1.72,19.19,295.12,0.31,-1655.6,-1.71,-2319.59,-2.32,0
328,Exit short,2022-09-15,Margin call,375.35,8,2979.84,-23.56,-0.79,0.6,0,0.00,-23.26,-0.78,-2352.57,-2.35,0
328,Entry short,2022-09-15,CB V0,372.48,8,2979.84,-23.56,-0.79,0.6,0,0.00,-23.26,-0.78,-2352.57,-2.35,0
329,Exit short,2022-09-22,2R target,358.24,253,94237.44,3584.23,3.80,18.49,3593.3,3.81,-735.53,-0.78,1241.08,1.24,5
329,Entry short,2022-09-15,CB V0,372.48,253,94237.44,3584.23,3.80,18.49,3593.3,3.81,-735.53,-0.78,1241.08,1.24,5
330,Exit short,2022-10-04,1 ATR stop,359.8,284,100169.64,-2033.8,-2.03,20.24,3645.06,3.64,-2023.58,-2.02,-792.71,-0.79,7
330,Entry short,2022-09-23,CB V0,352.71,284,100169.64,-2033.8,-2.03,20.24,3645.06,3.64,-2023.58,-2.02,-792.71,-0.79,7
331,Exit long,2022-10-07,1 ATR stop,347.19,275,97737.75,-2279.82,-2.33,19.32,1574.23,1.61,-2270.27,-2.32,-3072.54,-3.07,2
331,Entry long,2022-10-05,CB V0,355.41,275,97737.75,-2279.82,-2.33,19.32,1574.23,1.61,-2270.27,-2.32,-3072.54,-3.07,2
332,Exit short,2022-10-11,Margin call,345.55,20,6819.2,-93.17,-1.37,1.37,47.12,0.69,-92.48,-1.36,-3174.64,-3.17,0
332,Entry short,2022-10-11,CB V0,340.96,20,6819.2,-93.17,-1.37,1.37,47.12,0.69,-92.48,-1.36,-3174.64,-3.17,0
333,Exit short,2022-10-13,1 ATR stop,349.12,262,89331.52,-2156,-2.41,18.08,2511.51,2.81,-2146.85,-2.40,-5321.71,-5.32,2
333,Entry short,2022-10-11,CB V0,340.96,262,89331.52,-2156,-2.41,18.08,2511.51,2.81,-2146.85,-2.40,-5321.71,-5.32,2
334,Exit long,2022-10-26,2R target,368.9,267,93775.74,4701.33,5.01,19.23,4711.18,5.02,-1397.78,-1.49,-620.38,-0.62,5
334,Entry long,2022-10-19,CB V0,351.22,267,93775.74,4701.33,5.01,19.23,4711.18,5.02,-1397.78,-1.49,-620.38,-0.62,5
335,Exit short,2022-11-02,Margin call,369.91,20,7307.8,-91.87,-1.26,1.47,0,0.00,-91.13,-1.25,-721.42,-0.72,0
335,Entry short,2022-11-02,CB V0,365.39,20,7307.8,-91.87,-1.26,1.47,0,0.00,-91.13,-1.25,-721.42,-0.72,0
336,Exit short,2022-11-10,1 ATR stop,373.12,251,91712.89,-1958.77,-2.14,18.54,3597.7,3.92,-1949.4,-2.13,-2671.01,-2.67,6
336,Entry short,2022-11-02,CB V0,365.39,251,91712.89,-1958.77,-2.14,18.54,3597.7,3.92,-1949.4,-2.13,-2671.01,-2.67,6
337,Exit long,2022-12-15,1 ATR stop,369.18,256,96655.36,-2164.4,-2.24,19.12,3356.73,3.47,-2154.95,-2.23,-4835.41,-4.84,22
337,Entry long,2022-11-14,CB V0,377.56,256,96655.36,-2164.4,-2.24,19.12,3356.73,3.47,-2154.95,-2.23,-4835.41,-4.84,22
338,Exit short,2022-12-21,Margin call,370.45,16,5866.56,-61.82,-1.05,1.18,85.33,1.45,-61.23,-1.04,-4906.14,-4.91,2
338,Entry short,2022-12-19,CB V0,366.66,16,5866.56,-61.82,-1.05,1.18,85.33,1.45,-61.23,-1.04,-4906.14,-4.91,2
339,Exit short,2023-01-09,1 ATR stop,373.56,243,89098.38,-1694.69,-1.90,17.99,2010.42,2.26,-1685.61,-1.89,-6591.92,-6.59,13
339,Entry short,2022-12-19,CB V0,366.66,243,89098.38,-1694.69,-1.90,17.99,2010.42,2.26,-1685.61,-1.89,-6591.92,-6.59,13
340,Exit long,2023-01-23,2R target,383.39,251,92942.79,3269.18,3.52,18.92,3278.81,3.53,-245.23,-0.26,-3322.73,-3.32,8
340,Entry long,2023-01-10,CB V0,370.29,251,92942.79,3269.18,3.52,18.92,3278.81,3.53,-245.23,-0.26,-3322.73,-3.32,8
341,Exit long,2023-02-01,2R target,393.65,252,96115.32,3064.95,3.19,19.53,3074.87,3.20,-1292.29,-1.34,-257.78,-0.26,6
341,Entry long,2023-01-24,CB V0,381.41,252,96115.32,3064.95,3.19,19.53,3074.87,3.20,-1292.29,-1.34,-257.78,-0.26,6
342,Exit long,2023-02-10,1 ATR stop,387.38,250,98392.5,-1567.02,-1.59,19.52,1272.66,1.29,-1557.34,-1.58,-1824.81,-1.82,5
342,Entry long,2023-02-03,CB V0,393.57,250,98392.5,-1567.02,-1.59,19.52,1272.66,1.29,-1557.34,-1.58,-1824.81,-1.82,5
343,Exit short,2023-02-13,Margin call,394.89,16,6252.8,-66.7,-1.07,1.26,6.57,0.11,-66.07,-1.06,-1900.69,-1.90,0
343,Entry short,2023-02-13,CB V0,390.8,16,6252.8,-66.7,-1.07,1.26,6.57,0.11,-66.07,-1.06,-1900.69,-1.90,0
344,Exit short,2023-02-14,1 ATR stop,396.85,235,91838,-1440.26,-1.57,18.51,96.57,0.11,-1430.93,-1.56,-3331.77,-3.33,1
344,Entry short,2023-02-13,CB V0,390.8,235,91838,-1440.26,-1.57,18.51,96.57,0.11,-1430.93,-1.56,-3331.77,-3.33,1
345,Exit long,2023-02-21,1 ATR stop,385.02,244,95377.16,-1451.21,-1.52,18.93,949.38,1.00,-1441.82,-1.51,-4782.98,-4.78,2
345,Entry long,2023-02-16,CB V0,390.89,244,95377.16,-1451.21,-1.52,18.93,949.38,1.00,-1441.82,-1.51,-4782.98,-4.78,2
346,Exit short,2023-02-22,Margin call,383.56,4,1528,-6.55,-0.43,0.31,0,0.00,-6.39,-0.42,-4798.88,-4.80,0
346,Entry short,2023-02-22,CB V0,382,4,1528,-6.55,-0.43,0.31,0,0.00,-6.39,-0.42,-4798.88,-4.80,0
347,Exit short,2023-03-03,Margin call,386.74,4,1528,-19.27,-1.26,0.31,27.29,1.79,-19.11,-1.25,-4818,-4.82,7
347,Entry short,2023-02-22,CB V0,382,4,1528,-19.27,-1.26,0.31,27.29,1.79,-19.11,-1.25,-4818,-4.82,7
348,Exit short,2023-03-06,1 ATR stop,387.89,241,92062,-1438.04,-1.56,18.55,1644.05,1.79,-1428.7,-1.55,-6246.84,-6.25,8
348,Entry short,2023-02-22,CB V0,382,241,92062,-1438.04,-1.56,18.55,1644.05,1.79,-1428.7,-1.55,-6246.84,-6.25,8
349,Exit short,2023-03-08,Margin call,382.21,4,1523.68,-5.47,-0.36,0.31,0,0.00,-5.31,-0.35,-6261.52,-6.26,0
349,Entry short,2023-03-08,CB V0,380.92,4,1523.68,-5.47,-0.36,0.31,0,0.00,-5.31,-0.35,-6261.52,-6.26,0
350,Exit short,2023-03-10,2R target,370.08,242,92182.64,2605.11,2.83,18.17,2614.06,2.84,-727.96,-0.79,-3647.2,-3.65,2
350,Entry short,2023-03-08,CB V0,380.92,242,92182.64,2605.11,2.83,18.17,2614.06,2.84,-727.96,-0.79,-3647.2,-3.65,2
351,Exit long,2023-03-21,2R target,381.37,257,94830.43,3162.38,3.33,19.28,3172.18,3.34,-546.61,-0.58,-484.82,-0.48,4
351,Entry long,2023-03-15,CB V0,368.99,257,94830.43,3162.38,3.33,19.28,3172.18,3.34,-546.61,-0.58,-484.82,-0.48,4
352,Exit long,2023-03-22,1 ATR stop,376.46,259,99124.48,-1641,-1.66,19.66,922.49,0.93,-1631.25,-1.65,-2125.82,-2.13,0
352,Entry long,2023-03-22,CB V0,382.72,259,99124.48,-1641,-1.66,19.66,922.49,0.93,-1631.25,-1.65,-2125.82,-2.13,0
353,Exit long,2023-05-30,2R target,405.08,249,97717.56,3127.5,3.20,19.86,3137.59,3.21,-1234.85,-1.26,1001.68,1.00,39
353,Entry long,2023-04-03,CB V0,392.44,249,97717.56,3127.5,3.20,19.86,3137.59,3.21,-1234.85,-1.26,1001.68,1.00,39
354,Exit long,2023-06-02,2R target,410.11,250,100372.5,2134.71,2.13,20.29,2144.96,2.14,-507.54,-0.51,3136.39,3.14,2
354,Entry long,2023-05-31,CB V0,401.49,250,100372.5,2134.71,2.13,20.29,2144.96,2.14,-507.54,-0.51,3136.39,3.14,2
355,Exit long,2023-06-16,2R target,427.07,245,102608.45,2002.98,1.95,20.72,2013.44,1.96,-34.76,-0.03,5139.37,5.14,1
355,Entry long,2023-06-15,CB V0,418.81,245,102608.45,2002.98,1.95,20.72,2013.44,1.96,-34.76,-0.03,5139.37,5.14,1
356,Exit long,2023-06-30,2R target,425.39,249,103855.41,2045.72,1.97,20.98,2056.31,1.98,-428.71,-0.41,7185.09,7.19,5
356,Entry long,2023-06-23,CB V0,417.09,249,103855.41,2045.72,1.97,20.98,2056.31,1.98,-428.71,-0.41,7185.09,7.19,5
357,Exit long,2023-07-06,1 ATR stop,422.61,250,106680,-1048.73,-0.98,21.23,266.83,0.25,-1038.17,-0.97,6136.35,6.14,2
357,Entry long,2023-07-03,CB V0,426.72,250,106680,-1048.73,-0.98,21.23,266.83,0.25,-1038.17,-0.97,6136.35,6.14,2
358,Exit short,2023-07-07,Margin call,426.45,12,5070.84,-47.58,-0.94,1.02,3.21,0.06,-47.07,-0.93,6078.72,6.08,0
358,Entry short,2023-07-07,CB V0,422.57,12,5070.84,-47.58,-0.94,1.02,3.21,0.06,-47.07,-0.93,6078.72,6.08,0
359,Exit short,2023-07-11,1 ATR stop,426.5,238,100571.66,-955.55,-0.95,20.21,227.94,0.23,-945.4,-0.94,5133.23,5.13,2
359,Entry short,2023-07-07,CB V0,422.57,238,100571.66,-955.55,-0.95,20.21,227.94,0.23,-945.4,-0.94,5133.23,5.13,2
360,Exit long,2023-07-27,2R target,442.22,242,105028,1968.04,1.87,21.2,1978.74,1.88,-475.14,-0.45,7101.26,7.10,9
360,Entry long,2023-07-14,CB V0,434,242,105028,1968.04,1.87,21.2,1978.74,1.88,-475.14,-0.45,7101.26,7.10,9
361,Exit long,2023-08-02,1 ATR stop,436.65,243,107085.24,-1000.61,-0.93,21.32,161.82,0.15,-990,-0.92,6100.65,6.10,2
361,Entry long,2023-07-31,CB V0,440.68,243,107085.24,-1000.61,-0.93,21.32,161.82,0.15,-990,-0.92,6100.65,6.10,2
362,Exit short,2023-08-03,Margin call,434.3,4,1726.52,-11.03,-0.64,0.35,2.35,0.14,-10.85,-0.63,6079.27,6.08,0
362,Entry short,2023-08-03,CB V0,431.63,4,1726.52,-11.03,-0.64,0.35,2.35,0.14,-10.85,-0.63,6079.27,6.08,0
363,Exit short,2023-08-04,1 ATR stop,435.48,240,103591.2,-944.81,-0.91,20.81,140.84,0.14,-934.36,-0.90,5144.82,5.14,1
363,Entry short,2023-08-03,CB V0,431.63,240,103591.2,-944.81,-0.91,20.81,140.84,0.14,-934.36,-0.90,5144.82,5.14,1
364,Exit long,2023-08-11,1 ATR stop,427.7,242,104468.98,-986.38,-0.94,20.8,831.71,0.80,-976.03,-0.93,4158.44,4.16,3
364,Entry long,2023-08-08,CB V0,431.69,242,104468.98,-986.38,-0.94,20.8,831.71,0.80,-976.03,-0.93,4158.44,4.16,3
365,Exit long,2023-08-16,1 ATR stop,425.8,241,103617.95,-1020.77,-0.99,20.62,71.58,0.07,-1010.51,-0.98,3137.67,3.14,1
365,Entry long,2023-08-15,CB V0,429.95,241,103617.95,-1020.77,-0.99,20.62,71.58,0.07,-1010.51,-0.98,3137.67,3.14,1
366,Exit short,2023-08-18,Margin call,421.57,8,3340,-33.23,-0.99,0.67,2.39,0.07,-32.89,-0.98,3094.54,3.09,0
366,Entry short,2023-08-18,CB V0,417.5,8,3340,-33.23,-0.99,0.67,2.39,0.07,-32.89,-0.98,3094.54,3.09,0
367,Exit short,2023-08-21,1 ATR stop,421.86,237,98947.5,-1053.21,-1.06,19.89,70.69,0.07,-1043.21,-1.05,2051.22,2.05,1
367,Entry short,2023-08-18,CB V0,417.5,237,98947.5,-1053.21,-1.06,19.89,70.69,0.07,-1043.21,-1.05,2051.22,2.05,1
368,Exit long,2023-08-31,2R target,435.74,239,101923.94,2197.31,2.16,20.61,2207.73,2.17,-55.6,-0.05,4248.54,4.25,2
368,Entry long,2023-08-29,CB V0,426.46,239,101923.94,2197.31,2.16,20.61,2207.73,2.17,-55.6,-0.05,4248.54,4.25,2
369,Exit short,2023-09-14,Margin call,434.58,4,1727.92,-10.75,-0.62,0.35,21.55,1.25,-10.57,-0.61,4227.59,4.23,6
369,Entry short,2023-09-06,CB V0,431.98,4,1727.92,-10.75,-0.62,0.35,21.55,1.25,-10.57,-0.61,4227.59,4.23,6
370,Exit short,2023-09-21,2R target,421.23,236,101947.28,2516.86,2.47,20.14,2526.81,2.48,-623.79,-0.61,6754.65,6.75,11
370,Entry short,2023-09-06,CB V0,431.98,236,101947.28,2516.86,2.47,20.14,2526.81,2.48,-623.79,-0.61,6754.65,6.75,11
371,Exit short,2023-09-22,Margin call,419.7,4,1672.32,-6.82,-0.41,0.34,0,0.00,-6.65,-0.40,6737.34,6.74,0
371,Entry short,2023-09-22,CB V0,418.08,4,1672.32,-6.82,-0.41,0.34,0,0.00,-6.65,-0.40,6737.34,6.74,0
372,Exit short,2023-09-27,2R target,409.56,251,104938.08,2117.75,2.02,20.77,2128.03,2.03,-417.11,-0.40,8865.58,8.87,3
372,Entry short,2023-09-22,CB V0,418.08,251,104938.08,2117.75,2.02,20.77,2128.03,2.03,-417.11,-0.40,8865.58,8.87,3
373,Exit long,2023-10-03,1 ATR stop,407.88,263,108479.61,-1228.75,-1.13,21.58,488.85,0.45,-1218.02,-1.12,7636.84,7.64,1
373,Entry long,2023-10-02,CB V0,412.47,263,108479.61,-1228.75,-1.13,21.58,488.85,0.45,-1218.02,-1.12,7636.84,7.64,1
374,Exit long,2023-10-10,2R target,419.7,262,107493.36,2446.29,2.28,21.75,2457.29,2.29,-964.43,-0.90,10083.13,10.08,3
374,Entry long,2023-10-05,CB V0,410.28,262,107493.36,2446.29,2.28,21.75,2457.29,2.29,-964.43,-0.90,10083.13,10.08,3
375,Exit long,2023-10-12,1 ATR stop,417.49,260,109837,-1311.44,-1.19,21.84,82.62,0.08,-1300.58,-1.18,8771.7,8.77,0
375,Entry long,2023-10-12,CB V0,422.45,260,109837,-1311.44,-1.19,21.84,82.62,0.08,-1300.58,-1.18,8771.7,8.77,0
376,Exit long,2023-10-19,1 ATR stop,414.6,258,108303.24,-1357.97,-1.25,21.53,234.27,0.22,-1347.27,-1.24,7413.73,7.41,1
376,Entry long,2023-10-18,CB V0,419.78,258,108303.24,-1357.97,-1.25,21.53,234.27,0.22,-1347.27,-1.24,7413.73,7.41,1
377,Exit short,2023-10-26,2R target,401.05,260,107075.8,2781.67,2.60,21.13,2792.09,2.61,-153.71,-0.14,10195.39,10.20,4
377,Entry short,2023-10-20,CB V0,411.83,260,107075.8,2781.67,2.60,21.13,2792.09,2.61,-153.71,-0.14,10195.39,10.20,4
378,Exit long,2023-11-14,2R target,431.85,261,109941.03,2749.55,2.50,22.27,2760.83,2.51,-590.41,-0.54,12944.95,12.94,5
378,Entry long,2023-11-07,CB V0,421.23,261,109941.03,2749.55,2.50,22.27,2760.83,2.51,-590.41,-0.54,12944.95,12.94,5
379,Exit long,2023-12-12,2R target,447.51,257,112604.55,2382.76,2.12,22.76,2394.26,2.13,-319.66,-0.28,15327.71,15.33,14
379,Entry long,2023-11-21,CB V0,438.15,257,112604.55,2382.76,2.12,22.76,2394.26,2.13,-319.66,-0.28,15327.71,15.33,14
380,Exit long,2024-01-11,2R target,463.65,252,114849,1967.63,1.71,23.17,1979.32,1.72,-762.44,-0.66,17295.34,17.30,17
380,Entry long,2023-12-15,CB V0,455.75,252,114849,1967.63,1.71,23.17,1979.32,1.72,-762.44,-0.66,17295.34,17.30,17
381,Exit long,2024-01-17,1 ATR stop,457.36,253,116721.55,-1032.71,-0.88,23.24,317.23,0.27,-1021.14,-0.87,16262.62,16.26,1
381,Entry long,2024-01-16,CB V0,461.35,253,116721.55,-1032.71,-0.88,23.24,317.23,0.27,-1021.14,-0.87,16262.62,16.26,1
382,Exit long,2024-02-02,2R target,478.05,247,116052.95,2001.99,1.72,23.41,2013.79,1.74,-290.72,-0.25,18264.61,18.26,8
382,Entry long,2024-01-23,CB V0,469.85,247,116052.95,2001.99,1.72,23.41,2013.79,1.74,-290.72,-0.25,18264.61,18.26,8
383,Exit long,2024-02-12,2R target,487.79,246,117895.5,2077.05,1.76,23.79,2089.05,1.77,-840.81,-0.71,20341.66,20.34,5
383,Entry long,2024-02-05,CB V0,479.25,246,117895.5,2077.05,1.76,23.79,2089.05,1.77,-840.81,-0.71,20341.66,20.34,5
384,Exit long,2024-02-20,1 ATR stop,480.36,248,120200.64,-1095.29,-0.91,23.93,848.54,0.71,-1083.38,-0.90,19246.37,19.25,2
384,Entry long,2024-02-15,CB V0,484.68,248,120200.64,-1095.29,-0.91,23.93,848.54,0.71,-1083.38,-0.90,19246.37,19.25,2
385,Exit short,2024-02-21,Margin call,482.82,4,1923.6,-8.07,-0.42,0.39,6.97,0.36,-7.87,-0.41,19226.62,19.23,0
385,Entry short,2024-02-21,CB V0,480.9,4,1923.6,-8.07,-0.42,0.39,6.97,0.36,-7.87,-0.41,19226.62,19.23,0
386,Exit short,2024-02-22,1 ATR stop,489.26,243,116858.7,-2055.05,-1.76,23.57,423.28,0.36,-2043.17,-1.75,17183.25,17.18,1
386,Entry short,2024-02-21,CB V0,480.9,243,116858.7,-2055.05,-1.76,23.57,423.28,0.36,-2043.17,-1.75,17183.25,17.18,1
387,Exit long,2024-03-20,2R target,503.81,237,117165.69,2213.62,1.89,23.66,2225.56,1.90,-1054.52,-0.90,19396.87,19.40,18
387,Entry long,2024-02-23,CB V0,494.37,237,117165.69,2213.62,1.89,23.66,2225.56,1.90,-1054.52,-0.90,19396.87,19.40,18
388,Exit long,2024-04-02,1 ATR stop,503.77,234,118967.94,-1109.45,-0.93,23.69,554.38,0.47,-1097.66,-0.92,18287.43,18.29,6
388,Entry long,2024-03-22,CB V0,508.41,234,118967.94,-1109.45,-0.93,23.69,554.38,0.47,-1097.66,-0.92,18287.43,18.29,6
389,Exit short,2024-04-03,Margin call,507.28,8,4032.88,-26.17,-0.65,0.81,0,0.00,-25.76,-0.64,18249.87,18.25,0
389,Entry short,2024-04-03,CB V0,504.11,8,4032.88,-26.17,-0.65,0.81,0,0.00,-25.76,-0.64,18249.87,18.25,0
390,Exit short,2024-04-04,1 ATR stop,509.78,226,113928.86,-1304.33,-1.14,22.91,0,0.00,-1292.81,-1.13,16956.92,16.96,1
390,Entry short,2024-04-03,CB V0,504.11,226,113928.86,-1304.33,-1.14,22.91,0,0.00,-1292.81,-1.13,16956.92,16.96,1
391,Exit long,2024-04-09,1 ATR stop,500.85,231,116775.12,-1102.02,-0.94,23.25,346.37,0.30,-1090.45,-0.93,15854.91,15.85,1
391,Entry long,2024-04-08,CB V0,505.52,231,116775.12,-1102.02,-0.94,23.25,346.37,0.30,-1090.45,-0.93,15854.91,15.85,1
392,Exit long,2024-04-15,1 ATR stop,495.38,229,114500,-1080.77,-0.94,22.79,1325.91,1.16,-1069.43,-0.93,14774.13,14.77,3
392,Entry long,2024-04-10,CB V0,500,229,114500,-1080.77,-0.94,22.79,1325.91,1.16,-1069.43,-0.93,14774.13,14.77,3
393,Exit short,2024-04-22,Margin call,489.19,4,1945.24,-11.91,-0.61,0.39,21.49,1.10,-11.71,-0.60,14750.99,14.75,1
393,Entry short,2024-04-19,CB V0,486.31,4,1945.24,-11.91,-0.61,0.39,21.49,1.10,-11.71,-0.60,14750.99,14.75,1
394,Exit short,2024-04-23,1 ATR stop,491.96,231,112337.61,-1327.75,-1.18,22.6,1240.79,1.10,-1316.38,-1.17,13434.47,13.43,2
394,Entry short,2024-04-19,CB V0,486.31,231,112337.61,-1327.75,-1.18,22.6,1240.79,1.10,-1316.38,-1.17,13434.47,13.43,2
395,Exit long,2024-05-03,2R target,497.73,230,111798.4,2656.87,2.38,22.63,2668.32,2.39,-392.98,-0.35,16091.35,16.09,6
395,Entry long,2024-04-25,CB V0,486.08,230,111798.4,2656.87,2.38,22.63,2668.32,2.39,-392.98,-0.35,16091.35,16.09,6
396,Exit long,2024-05-15,2R target,516.1,230,115915.4,2764.14,2.38,23.46,2776.01,2.39,-556.69,-0.48,18855.48,18.86,6
396,Entry long,2024-05-07,CB V0,503.98,230,115915.4,2764.14,2.38,23.46,2776.01,2.39,-556.69,-0.48,18855.48,18.86,6
397,Exit long,2024-05-23,1 ATR stop,510.93,230,118673.1,-1182.82,-1.00,23.62,701.13,0.59,-1171.07,-0.99,17672.67,17.67,5
397,Entry long,2024-05-16,CB V0,515.97,230,118673.1,-1182.82,-1.00,23.62,701.13,0.59,-1171.07,-0.99,17672.67,17.67,5
398,Exit short,2024-05-31,Margin call,513.66,4,2042.92,-12.13,-0.59,0.41,12.16,0.59,-11.92,-0.58,17649.04,17.65,1
398,Entry short,2024-05-30,CB V0,510.73,4,2042.92,-12.13,-0.59,0.41,12.16,0.59,-11.92,-0.58,17649.04,17.65,1
399,Exit short,2024-06-03,1 ATR stop,515.2,225,114914.25,-1028.83,-0.90,23.08,1334.01,1.16,-1017.24,-0.89,16631.7,16.63,2
399,Entry short,2024-05-30,CB V0,510.73,225,114914.25,-1028.83,-0.90,23.08,1334.01,1.16,-1017.24,-0.89,16631.7,16.63,2
400,Exit long,2024-06-07,2R target,522.46,226,115856.64,2195.93,1.90,23.39,2207.73,1.91,-343.81,-0.30,18827.63,18.83,3
400,Entry long,2024-06-04,CB V0,512.64,226,115856.64,2195.93,1.90,23.39,2207.73,1.91,-343.81,-0.30,18827.63,18.83,3
401,Exit long,2024-06-28,2R target,536.16,224,117976.32,2099.71,1.78,23.81,2111.72,1.79,-238.04,-0.20,20927.34,20.93,9
401,Entry long,2024-06-14,CB V0,526.68,224,117976.32,2099.71,1.78,23.81,2111.72,1.79,-238.04,-0.20,20927.34,20.93,9
402,Exit long,2024-07-10,2R target,544.59,225,120602.25,1906.19,1.58,24.31,1918.44,1.59,-23.31,-0.02,22833.53,22.83,4
402,Entry long,2024-07-03,CB V0,536.01,225,120602.25,1906.19,1.58,24.31,1918.44,1.59,-23.31,-0.02,22833.53,22.83,4
403,Exit long,2024-07-11,1 ATR stop,544.46,223,122308.81,-918.6,-0.75,24.37,179.55,0.15,-906.46,-0.74,21914.93,21.91,0
403,Entry long,2024-07-11,CB V0,548.47,223,122308.81,-918.6,-0.75,24.37,179.55,0.15,-906.46,-0.74,21914.93,21.91,0
404,Exit long,2024-07-17,1 ATR stop,544.66,222,121886.88,-996.64,-0.82,24.28,664.91,0.55,-984.55,-0.81,20918.29,20.92,2
404,Entry long,2024-07-15,CB V0,549.04,222,121886.88,-996.64,-0.82,24.28,664.91,0.55,-984.55,-0.81,20918.29,20.92,2
405,Exit short,2024-07-19,Margin call,541.28,1,539.64,-1.75,-0.32,0.11,0,0.00,-1.69,-0.31,20904.56,20.90,0
405,Entry short,2024-07-19,CB V0,539.64,1,539.64,-1.75,-0.32,0.11,0,0.00,-1.69,-0.31,20904.56,20.90,0
406,Exit short,2024-07-22,Margin call,542.44,1,539.64,-2.91,-0.54,0.11,4.35,0.81,-2.85,-0.53,20901.7,20.90,1
406,Entry short,2024-07-19,CB V0,539.64,1,539.64,-2.91,-0.54,0.11,4.35,0.81,-2.85,-0.53,20901.7,20.90,1
407,Exit short,2024-07-23,Margin call,543.87,1,539.64,-4.34,-0.80,0.11,4.35,0.81,-4.28,-0.79,20897.42,20.90,2
407,Entry short,2024-07-19,CB V0,539.64,1,539.64,-4.34,-0.80,0.11,4.35,0.81,-4.28,-0.79,20897.42,20.90,2
408,Exit short,2024-07-24,2R target,529.78,220,118720.8,2145.67,1.81,23.53,2157.33,1.82,-942.47,-0.79,23054.97,23.05,3
408,Entry short,2024-07-19,CB V0,539.64,220,118720.8,2145.67,1.81,23.53,2157.33,1.82,-942.47,-0.79,23054.97,23.05,3
409,Exit short,2024-07-25,1 ATR stop,534.38,232,122686.24,-1314.59,-1.07,24.67,869.33,0.71,-1302.19,-1.06,21740.38,21.74,0
409,Entry short,2024-07-25,CB V0,528.82,232,122686.24,-1314.59,-1.07,24.67,869.33,0.71,-1302.19,-1.06,21740.38,21.74,0
410,Exit long,2024-07-30,1 ATR stop,527.34,228,121615.2,-1405.86,-1.16,24.18,279.68,0.23,-1393.84,-1.15,20334.51,20.33,1
410,Entry long,2024-07-29,CB V0,533.4,228,121615.2,-1405.86,-1.16,24.18,279.68,0.23,-1393.84,-1.15,20334.51,20.33,1
411,Exit short,2024-08-05,1 ATR stop,507.4,231,115453.8,-1778.87,-1.54,23.27,295.68,0.26,-1767.15,-1.53,18555.65,18.56,0
411,Entry short,2024-08-05,CB V0,499.8,231,115453.8,-1778.87,-1.54,23.27,295.68,0.26,-1767.15,-1.53,18555.65,18.56,0
412,Exit long,2024-08-15,2R target,536.79,228,118005.96,4358.12,3.69,24.04,4370.36,3.70,-292.24,-0.25,22913.77,22.91,4
412,Entry long,2024-08-09,CB V0,517.57,228,118005.96,4358.12,3.69,24.04,4370.36,3.70,-292.24,-0.25,22913.77,22.91,4
413,Exit long,2024-09-06,1 ATR stop,530.07,227,122280.36,-1978.73,-1.62,24.26,2818.46,2.30,-1966.7,-1.61,20935.04,20.94,14
413,Entry long,2024-08-16,CB V0,538.68,227,122280.36,-1978.73,-1.62,24.26,2818.46,2.30,-1966.7,-1.61,20935.04,20.94,14
414,Exit long,2024-09-11,1 ATR stop,528.57,225,120604.5,-1700.2,-1.41,23.95,1450.44,1.20,-1688.31,-1.40,19234.83,19.23,0
414,Entry long,2024-09-11,CB V0,536.02,225,120604.5,-1700.2,-1.41,23.95,1450.44,1.20,-1688.31,-1.40,19234.83,19.23,0
415,Exit long,2024-09-26,2R target,562.82,218,119198.04,3472.53,2.91,24.19,3484.8,2.92,-70.78,-0.06,22707.36,22.71,9
415,Entry long,2024-09-13,CB V0,546.78,218,119198.04,3472.53,2.91,24.19,3484.8,2.92,-70.78,-0.06,22707.36,22.71,9
416,Exit long,2024-10-01,1 ATR stop,555.59,218,122485.48,-1391.22,-1.14,24.36,197.03,0.16,-1379.11,-1.13,21316.14,21.32,2
416,Entry long,2024-09-27,CB V0,561.86,218,122485.48,-1391.22,-1.14,24.36,197.03,0.16,-1379.11,-1.13,21316.14,21.32,2
417,Exit short,2024-10-02,Margin call,558.44,1,556.27,-2.28,-0.41,0.11,0,0.00,-2.23,-0.40,21301.85,21.30,0
417,Entry short,2024-10-02,CB V0,556.27,1,556.27,-2.28,-0.41,0.11,0,0.00,-2.23,-0.40,21301.85,21.30,0
418,Exit short,2024-10-04,Margin call,560.84,4,2225.08,-18.73,-0.84,0.45,9.3,0.42,-18.5,-0.83,21283.34,21.28,2
418,Entry short,2024-10-02,CB V0,556.27,4,2225.08,-18.73,-0.84,0.45,9.3,0.42,-18.5,-0.83,21283.34,21.28,2
419,Exit short,2024-10-09,1 ATR stop,562.5,212,117929.24,-1344.48,-1.14,23.72,492.77,0.42,-1332.55,-1.13,19950.66,19.95,5
419,Entry short,2024-10-02,CB V0,556.27,212,117929.24,-1344.48,-1.14,23.72,492.77,0.42,-1332.55,-1.13,19950.66,19.95,5
420,Exit long,2024-10-31,1 ATR stop,558.3,212,119608.28,-1272.48,-1.06,23.8,2135.6,1.79,-1260.64,-1.05,18678.18,18.68,15
420,Entry long,2024-10-10,CB V0,564.19,212,119608.28,-1272.48,-1.06,23.8,2135.6,1.79,-1260.64,-1.05,18678.18,18.68,15
421,Exit long,2024-11-06,2R target,577.34,212,118563.12,3808.86,3.21,24.1,3821.1,3.22,-58.5,-0.05,22487.05,22.49,1
421,Entry long,2024-11-05,CB V0,559.26,212,118563.12,3808.86,3.21,24.1,3821.1,3.22,-58.5,-0.05,22487.05,22.49,1
422,Exit long,2024-11-15,1 ATR stop,577.84,209,122093.62,-1349.35,-1.11,24.29,804.98,0.66,-1337.27,-1.10,21137.7,21.14,5
422,Entry long,2024-11-08,CB V0,584.18,209,122093.62,-1349.35,-1.11,24.29,804.98,0.66,-1337.27,-1.10,21137.7,21.14,5
423,Exit long,2024-11-25,2R target,587.45,210,120319.5,3020.63,2.51,24.37,3032.97,2.52,-154.83,-0.13,24158.33,24.16,4
423,Entry long,2024-11-19,CB V0,572.95,210,120319.5,3020.63,2.51,24.37,3032.97,2.52,-154.83,-0.13,24158.33,24.16,4
424,Exit long,2024-12-18,1 ATR stop,582.79,210,123559.8,-1198.49,-0.97,24.59,1757.94,1.42,-1186.26,-0.96,22959.84,22.96,14
424,Entry long,2024-11-27,CB V0,588.38,210,123559.8,-1198.49,-0.97,24.59,1757.94,1.42,-1186.26,-0.96,22959.84,22.96,14
425,Exit long,2024-12-30,1 ATR stop,574.81,211,122580.45,-1319.93,-1.08,24.39,2391.03,1.95,-1307.8,-1.07,21639.91,21.64,4
425,Entry long,2024-12-23,CB V0,580.95,211,122580.45,-1319.93,-1.08,24.39,2391.03,1.95,-1307.8,-1.07,21639.91,21.64,4
426,Exit long,2025-01-07,1 ATR stop,580.32,207,121585.59,-1483.52,-1.22,24.17,54.08,0.04,-1471.51,-1.21,20156.39,20.16,0
426,Entry long,2025-01-07,CB V0,587.37,207,121585.59,-1483.52,-1.22,24.17,54.08,0.04,-1471.51,-1.21,20156.39,20.16,0
427,Exit short,2025-01-15,Margin call,580.4,4,2304.04,-18.02,-0.78,0.46,41.13,1.78,-17.79,-0.77,20126.67,20.13,3
427,Entry short,2025-01-10,CB V0,576.01,4,2304.04,-18.02,-0.78,0.46,41.13,1.78,-17.79,-0.77,20126.67,20.13,3
428,Exit short,2025-01-15,1 ATR stop,583.19,203,116930.03,-1481.07,-1.27,23.53,2087.33,1.78,-1469.23,-1.26,18657.29,18.66,3
428,Entry short,2025-01-10,CB V0,576.01,203,116930.03,-1481.07,-1.27,23.53,2087.33,1.78,-1469.23,-1.26,18657.29,18.66,3
429,Exit long,2025-01-23,2R target,599.36,203,118588.54,3057.51,2.58,24.03,3069.68,2.59,-661.46,-0.56,21714.81,21.71,4
429,Entry long,2025-01-16,CB V0,584.18,203,118588.54,3057.51,2.58,24.03,3069.68,2.59,-661.46,-0.56,21714.81,21.71,4
430,Exit short,2025-02-04,Margin call,592.17,12,7053.12,-54.34,-0.77,1.42,5.65,0.08,-53.63,-0.76,21649.01,21.65,0
430,Entry short,2025-02-04,CB V0,587.76,12,7053.12,-54.34,-0.77,1.42,5.65,0.08,-53.63,-0.76,21649.01,21.65,0
431,Exit short,2025-02-06,1 ATR stop,595.8,195,114613.2,-1590.88,-1.39,23.08,91.89,0.08,-1579.26,-1.38,20069.59,20.07,2
431,Entry short,2025-02-04,CB V0,587.76,195,114613.2,-1590.88,-1.39,23.08,91.89,0.08,-1579.26,-1.38,20069.59,20.07,2
432,Exit long,2025-02-12,1 ATR stop,589.1,201,119934.69,-1549.42,-1.29,23.83,229.21,0.19,-1537.58,-1.28,18520.17,18.52,3
432,Entry long,2025-02-07,CB V0,596.69,201,119934.69,-1549.42,-1.29,23.83,229.21,0.19,-1537.58,-1.28,18520.17,18.52,3
433,Exit long,2025-02-21,1 ATR stop,593.15,197,118136.96,-1309.91,-1.11,23.5,624.5,0.53,-1298.22,-1.10,17210.26,17.21,4
433,Entry long,2025-02-14,CB V0,599.68,197,118136.96,-1309.91,-1.11,23.5,624.5,0.53,-1298.22,-1.10,17210.26,17.21,4
434,Exit short,2025-02-26,Margin call,589.5,8,4687.12,-29.82,-0.64,0.94,0,0.00,-29.35,-0.63,17169.19,17.17,0
434,Entry short,2025-02-26,CB V0,585.89,8,4687.12,-29.82,-0.64,0.94,0,0.00,-29.35,-0.63,17169.19,17.17,0
435,Exit short,2025-02-28,2R target,573.27,192,112490.88,2400.78,2.13,22.26,2411.79,2.14,-704.37,-0.63,19581.22,19.58,2
435,Entry short,2025-02-26,CB V0,585.89,192,112490.88,2400.78,2.13,22.26,2411.79,2.14,-704.37,-0.63,19581.22,19.58,2
436,Exit long,2025-03-03,Margin call,586.14,1,586.16,-0.14,-0.02,0.12,0,0.00,-0.08,-0.01,19569.19,19.57,0
436,Entry long,2025-03-03,CB V0,586.16,1,586.16,-0.14,-0.02,0.12,0,0.00,-0.08,-0.01,19569.19,19.57,0
437,Exit long,2025-03-03,1 ATR stop,578.89,203,118990.48,-1499.46,-1.26,23.65,217.49,0.18,-1487.71,-1.25,18081.63,18.08,0
437,Entry long,2025-03-03,CB V0,586.16,203,118990.48,-1499.46,-1.26,23.65,217.49,0.18,-1487.71,-1.25,18081.63,18.08,0
438,Exit long,2025-03-07,1 ATR stop,557.24,205,115989,-1777.82,-1.53,23.02,933.45,0.80,-1766.4,-1.52,16303.8,16.30,1
438,Entry long,2025-03-06,CB V0,565.8,205,115989,-1777.82,-1.53,23.02,933.45,0.80,-1766.4,-1.52,16303.8,16.30,1
439,Exit long,2025-04-03,1 ATR stop,537.54,211,115860.1,-2462.09,-2.12,22.93,4062.82,3.51,-2450.75,-2.12,13841.72,13.84,15
439,Entry long,2025-03-13,CB V0,549.1,211,115860.1,-2462.09,-2.12,22.93,4062.82,3.51,-2450.75,-2.12,13841.72,13.84,15
440,Exit short,2025-04-07,2R target,482.4,215,111023.85,7286.38,6.56,21.47,7296.75,6.57,-479.8,-0.43,21128.09,21.13,1
440,Entry short,2025-04-04,CB V0,516.39,215,111023.85,7286.38,6.56,21.47,7296.75,6.57,-479.8,-0.43,21128.09,21.13,1
441,Exit short,2025-04-09,1 ATR stop,502.4,247,120185.26,-3931.97,-3.27,24.43,79.37,0.07,-3919.56,-3.26,17196.12,17.20,0
441,Entry short,2025-04-09,CB V0,486.58,247,120185.26,-3931.97,-3.27,24.43,79.37,0.07,-3919.56,-3.26,17196.12,17.20,0
442,Exit short,2025-04-11,Margin call,529,40,20629.6,-534.58,-2.59,4.18,113.54,0.55,-532.46,-2.58,16651.95,16.65,0
442,Entry short,2025-04-11,CB V0,515.74,40,20629.6,-534.58,-2.59,4.18,113.54,0.55,-532.46,-2.58,16651.95,16.65,0
443,Exit short,2025-04-14,1 ATR stop,536.51,186,95927.64,-3882.79,-4.05,19.57,527.95,0.55,-3872.81,-4.04,12778.75,12.78,1
443,Entry short,2025-04-11,CB V0,515.74,186,95927.64,-3882.79,-4.05,19.57,527.95,0.55,-3872.81,-4.04,12778.75,12.78,1
444,Exit long,2025-05-12,2R target,573.4,213,112736.64,9374.07,8.31,23.49,9386.29,8.33,-279.65,-0.25,22152.82,22.15,12
444,Entry long,2025-04-24,CB V0,529.28,213,112736.64,9374.07,8.31,23.49,9386.29,8.33,-279.65,-0.25,22152.82,22.15,12
445,Exit long,2025-06-24,2R target,600.01,212,121969.96,5207.24,4.27,24.92,5219.96,4.28,-1648.84,-1.35,27360.07,27.36,28
445,Entry long,2025-05-13,CB V0,575.33,212,121969.96,5207.24,4.27,24.92,5219.96,4.28,-1648.84,-1.35,27360.07,27.36,28
446,Exit long,2025-07-10,2R target,619.59,210,127295.7,2792.46,2.19,25.74,2805.47,2.20,-439.03,-0.34,30152.53,30.15,8
446,Entry long,2025-06-27,CB V0,606.17,210,127295.7,2792.46,2.19,25.74,2805.47,2.20,-439.03,-0.34,30152.53,30.15,8
447,Exit long,2025-07-23,2R target,627.19,210,129345.3,2338.49,1.81,26.11,2351.67,1.82,-989.43,-0.76,32491.02,32.49,8
447,Entry long,2025-07-11,CB V0,615.93,210,129345.3,2338.49,1.81,26.11,2351.67,1.82,-989.43,-0.76,32491.02,32.49,8
448,Exit long,2025-08-01,1 ATR stop,619.43,211,132436.26,-1762.84,-1.33,26.31,1079.74,0.82,-1749.77,-1.32,30728.18,30.73,6
448,Entry long,2025-07-24,CB V0,627.66,211,132436.26,-1762.84,-1.33,26.31,1079.74,0.82,-1749.77,-1.32,30728.18,30.73,6
449,Exit long,2025-08-28,2R target,642.16,207,130509.36,2391.42,1.83,26.34,2404.71,1.84,-938.34,-0.72,33119.59,33.12,13
449,Entry long,2025-08-11,CB V0,630.48,207,130509.36,2391.42,1.83,26.34,2404.71,1.84,-938.34,-0.72,33119.59,33.12,13
450,Exit long,2025-09-02,1 ATR stop,630.5,207,132558.66,-2071.47,-1.56,26.31,61.26,0.05,-2058.42,-1.55,31048.13,31.05,1
450,Entry long,2025-08-29,CB V0,640.38,207,132558.66,-2071.47,-1.56,26.31,61.26,0.05,-2058.42,-1.55,31048.13,31.05,1
451,Exit short,2025-09-03,Margin call,637.16,1,635.62,-1.67,-0.26,0.13,0,0.00,-1.6,-0.25,31033.43,31.03,0
451,Entry short,2025-09-03,CB V0,635.62,1,635.62,-1.67,-0.26,0.13,0,0.00,-1.6,-0.25,31033.43,31.03,0
452,Exit short,2025-09-04,1 ATR stop,641.06,205,130302.1,-1141.37,-0.88,26.17,433.87,0.33,-1128.23,-0.87,29905.09,29.91,1
452,Entry short,2025-09-03,CB V0,635.62,205,130302.1,-1141.37,-0.88,26.17,433.87,0.33,-1128.23,-0.87,29905.09,29.91,1
453,Exit long,2025-09-15,2R target,652.7,202,129587.04,2232.22,1.72,26.14,2245.4,1.73,-293.74,-0.23,32137.31,32.14,5
453,Entry long,2025-09-08,CB V0,641.52,202,129587.04,2232.22,1.72,26.14,2245.4,1.73,-293.74,-0.23,32137.31,32.14,5
454,Exit long,2025-09-25,1 ATR stop,651.91,201,132036.9,-1029.3,-0.78,26.31,983.76,0.74,-1016.19,-0.77,31108.01,31.11,4
454,Entry long,2025-09-19,CB V0,656.9,201,132036.9,-1029.3,-0.78,26.31,983.76,0.74,-1016.19,-0.77,31108.01,31.11,4
455,Exit short,2025-09-26,Margin call,656.94,4,2616.32,-11.96,-0.46,0.52,6.18,0.24,-11.7,-0.45,31083.22,31.08,0
455,Entry short,2025-09-26,CB V0,654.08,4,2616.32,-11.96,-0.46,0.52,6.18,0.24,-11.7,-0.45,31083.22,31.08,0
456,Exit short,2025-09-29,1 ATR stop,659.17,196,128199.68,-1023.38,-0.80,25.74,302.74,0.24,-1010.46,-0.79,30072.66,30.07,1
456,Entry short,2025-09-26,CB V0,654.08,196,128199.68,-1023.38,-0.80,25.74,302.74,0.24,-1010.46,-0.79,30072.66,30.07,1
457,Exit long,2025-10-07,2R target,667.33,197,129525.53,1912.38,1.48,26.1,1925.53,1.49,-272.99,-0.21,31985.05,31.99,5
457,Entry long,2025-09-30,CB V0,657.49,197,129525.53,1912.38,1.48,26.1,1925.53,1.49,-272.99,-0.21,31985.05,31.99,5
458,Exit short,2025-10-08,Margin call,667.68,4,2658.92,-12.33,-0.46,0.53,2.97,0.11,-12.07,-0.45,31959.82,31.96,0
458,Entry short,2025-10-08,CB V0,664.73,4,2658.92,-12.33,-0.46,0.53,2.97,0.11,-12.07,-0.45,31959.82,31.96,0
459,Exit short,2025-10-10,2R target,655.09,194,128957.62,1844.56,1.43,25.6,1857.26,1.44,-726.82,-0.56,33817.27,33.82,2
459,Entry short,2025-10-08,CB V0,664.73,194,128957.62,1844.56,1.43,25.6,1857.26,1.44,-726.82,-0.56,33817.27,33.82,2
460,Exit long,2025-10-16,1 ATR stop,654.23,202,133592.7,-1464.81,-1.10,26.57,364.38,0.27,-1451.6,-1.09,32352.45,32.35,0
460,Entry long,2025-10-16,CB V0,661.35,202,133592.7,-1464.81,-1.10,26.57,364.38,0.27,-1451.6,-1.09,32352.45,32.35,0
461,Exit short,2025-10-17,Margin call,660.29,8,5232.56,-50.81,-0.97,1.05,10.2,0.19,-50.28,-0.96,32289.02,32.29,0
461,Entry short,2025-10-17,CB V0,654.07,8,5232.56,-50.81,-0.97,1.05,10.2,0.19,-50.28,-0.96,32289.02,32.29,0
462,Exit short,2025-10-20,1 ATR stop,661.85,193,126235.51,-1526.94,-1.21,25.4,246,0.19,-1514.16,-1.20,30774.7,30.77,1
462,Entry short,2025-10-17,CB V0,654.07,193,126235.51,-1526.94,-1.21,25.4,246,0.19,-1514.16,-1.20,30774.7,30.77,1
463,Exit long,2025-10-22,1 ATR stop,658.47,196,130522.28,-1488.12,-1.14,25.96,286.83,0.22,-1475.21,-1.13,29286.59,29.29,1
463,Entry long,2025-10-21,CB V0,665.93,196,130522.28,-1488.12,-1.14,25.96,286.83,0.22,-1475.21,-1.13,29286.59,29.29,1
464,Exit short,2025-10-23,Margin call,667.19,8,5300.96,-37.62,-0.71,1.06,1.95,0.04,-37.09,-0.70,29236.57,29.24,0
464,Entry short,2025-10-23,CB V0,662.62,8,5300.96,-37.62,-0.71,1.06,1.95,0.04,-37.09,-0.70,29236.57,29.24,0
465,Exit short,2025-10-24,1 ATR stop,670.91,187,123909.94,-1575.17,-1.27,24.94,45.58,0.04,-1562.62,-1.26,27673.8,27.67,1
465,Entry short,2025-10-23,CB V0,662.62,187,123909.94,-1575.17,-1.27,24.94,45.58,0.04,-1562.62,-1.26,27673.8,27.67,1
466,Exit long,2025-10-30,1 ATR stop,674.27,187,127423.67,-1360.53,-1.07,25.35,477.2,0.37,-1347.92,-1.06,26313.26,26.31,2
466,Entry long,2025-10-28,CB V0,681.41,187,127423.67,-1360.53,-1.07,25.35,477.2,0.37,-1347.92,-1.06,26313.26,26.31,2
467,Exit long,2025-11-06,1 ATR stop,663.77,186,124724.16,-1287.76,-1.03,24.82,863.59,0.69,-1275.41,-1.02,25025.5,25.03,2
467,Entry long,2025-11-04,CB V0,670.56,186,124724.16,-1287.76,-1.03,24.82,863.59,0.69,-1275.41,-1.02,25025.5,25.03,2
468,Exit long,2025-11-13,1 ATR stop,666.85,184,124084.08,-1408.36,-1.13,24.68,900.23,0.73,-1396.09,-1.13,23617.15,23.62,2
468,Entry long,2025-11-11,CB V0,674.37,184,124084.08,-1408.36,-1.13,24.68,900.23,0.73,-1396.09,-1.13,23617.15,23.62,2
469,Exit short,2025-11-14,1 ATR stop,667.39,185,122081.5,-1410.2,-1.16,24.55,372.59,0.31,-1397.86,-1.14,22206.94,22.21,0
469,Entry short,2025-11-14,CB V0,659.9,185,122081.5,-1410.2,-1.16,24.55,372.59,0.31,-1397.86,-1.14,22206.94,22.21,0
470,Exit short,2025-11-18,Margin call,659.66,1,656.64,-3.15,-0.48,0.13,0,0.00,-3.09,-0.47,22191.71,22.19,0
470,Entry short,2025-11-18,CB V0,656.64,1,656.64,-3.15,-0.48,0.13,0,0.00,-3.09,-0.47,22191.71,22.19,0
471,Exit short,2025-11-19,Margin call,661.87,1,656.64,-5.36,-0.82,0.13,6.1,0.93,-5.3,-0.81,22186.41,22.19,1
471,Entry short,2025-11-18,CB V0,656.64,1,656.64,-5.36,-0.82,0.13,6.1,0.93,-5.3,-0.81,22186.41,22.19,1
472,Exit short,2025-11-20,1 ATR stop,667.39,183,120165.12,-1991.48,-1.66,24.23,1117.09,0.93,-1979.27,-1.65,20206.95,20.21,2
472,Entry short,2025-11-18,CB V0,656.64,183,120165.12,-1991.48,-1.66,24.23,1117.09,0.93,-1979.27,-1.65,20206.95,20.21,2
473,Exit short,2025-11-21,1 ATR stop,658.98,185,120187.1,-1748.41,-1.45,24.21,757.58,0.63,-1736.22,-1.44,18458.54,18.46,0
473,Entry short,2025-11-21,CB V0,649.66,185,120187.1,-1748.41,-1.45,24.21,757.58,0.63,-1736.22,-1.44,18458.54,18.46,0
474,Exit long,2025-12-05,2R target,682.57,178,118040.7,3432.81,2.91,23.95,3444.96,2.92,-746.94,-0.63,21891.34,21.89,7
474,Entry long,2025-11-25,CB V0,663.15,178,118040.7,3432.81,2.91,23.95,3444.96,2.92,-746.94,-0.63,21891.34,21.89,7
475,Exit long,2025-12-16,1 ATR stop,672.29,178,120954.56,-1311,-1.08,24.06,712.36,0.59,-1299.04,-1.07,20580.34,20.58,3
475,Entry long,2025-12-11,CB V0,679.52,178,120954.56,-1311,-1.08,24.06,712.36,0.59,-1299.04,-1.07,20580.34,20.58,3
476,Exit long,2026-01-06,2R target,688.06,179,120470.58,2667.8,2.21,24.36,2680.11,2.22,-35.32,-0.03,23248.14,23.25,10
476,Entry long,2025-12-19,CB V0,673.02,179,120470.58,2667.8,2.21,24.36,2680.11,2.22,-35.32,-0.03,23248.14,23.25,10
477,Exit long,2026-01-20,1 ATR stop,677.88,178,122293.12,-1654.78,-1.35,24.3,943.63,0.77,-1642.71,-1.34,21593.36,21.59,5
477,Entry long,2026-01-12,CB V0,687.04,178,122293.12,-1654.78,-1.35,24.3,943.63,0.77,-1642.71,-1.34,21593.36,21.59,5
478,Exit long,2026-02-05,1 ATR stop,677.33,177,121160.04,-1296.73,-1.07,24.1,1692.39,1.40,-1284.75,-1.06,20296.63,20.30,9
478,Entry long,2026-01-23,CB V0,684.52,177,121160.04,-1296.73,-1.07,24.1,1692.39,1.40,-1284.75,-1.06,20296.63,20.30,9
479,Exit long,2026-02-12,1 ATR stop,683.43,174,120284.46,-1391.56,-1.16,23.92,365.55,0.30,-1379.67,-1.15,18905.07,18.91,2
479,Entry long,2026-02-10,CB V0,691.29,174,120284.46,-1391.56,-1.16,23.92,365.55,0.30,-1379.67,-1.15,18905.07,18.91,2
480,Exit short,2026-02-13,Margin call,682.66,8,5424.64,-37.73,-0.70,1.09,32.58,0.60,-37.18,-0.69,18856.02,18.86,0
480,Entry short,2026-02-13,CB V0,678.08,8,5424.64,-37.73,-0.70,1.09,32.58,0.60,-37.18,-0.69,18856.02,18.86,0
481,Exit short,2026-02-20,1 ATR stop,686.26,167,113239.36,-1388.84,-1.23,22.78,968.97,0.86,-1377.38,-1.22,17478.5,17.48,4
481,Entry short,2026-02-13,CB V0,678.08,167,113239.36,-1388.84,-1.23,22.78,968.97,0.86,-1377.38,-1.22,17478.5,17.48,4
482,Exit long,2026-03-02,1 ATR stop,675.1,171,116998.2,-1579.34,-1.35,23.24,981.81,0.84,-1567.8,-1.34,15899.15,15.90,5
482,Entry long,2026-02-23,CB V0,684.2,171,116998.2,-1579.34,-1.35,23.24,981.81,0.84,-1567.8,-1.34,15899.15,15.90,5
483,Exit short,2026-03-09,1 ATR stop,671.82,173,114674.78,-1573.17,-1.37,23.09,675.34,0.59,-1561.55,-1.36,14325.98,14.33,0
483,Entry short,2026-03-09,CB V0,662.86,173,114674.78,-1573.17,-1.37,23.09,675.34,0.59,-1561.55,-1.36,14325.98,14.33,0
484,Exit long,2026-03-19,1 ATR stop,653.49,171,113687.64,-1963.39,-1.73,22.54,217.77,0.19,-1952.22,-1.72,12362.59,12.36,1
484,Entry long,2026-03-18,CB V0,664.84,171,113687.64,-1963.39,-1.73,22.54,217.77,0.19,-1952.22,-1.72,12362.59,12.36,1
485,Exit short,2026-03-23,Margin call,656.39,1,654.81,-1.71,-0.26,0.13,11.68,1.78,-1.65,-0.25,12349.75,12.35,1
485,Entry short,2026-03-20,CB V0,654.81,1,654.81,-1.71,-0.26,0.13,11.68,1.78,-1.65,-0.25,12349.75,12.35,1
486,Exit short,2026-03-23,Margin call,660.92,4,2619.24,-24.97,-0.95,0.53,46.74,1.78,-24.7,-0.94,12325.04,12.33,1
486,Entry short,2026-03-20,CB V0,654.81,4,2619.24,-24.97,-0.95,0.53,46.74,1.78,-24.7,-0.94,12325.04,12.33,1
487,Exit short,2026-03-27,2R target,636.57,166,108698.46,3006.4,2.77,21.44,3016.97,2.78,-1025.13,-0.94,15342.31,15.34,5
487,Entry short,2026-03-20,CB V0,654.81,166,108698.46,3006.4,2.77,21.44,3016.97,2.78,-1025.13,-0.94,15342.31,15.34,5
488,Exit long,2026-04-08,2R target,674.65,176,113479.52,5235.66,4.61,23.22,5247.53,4.62,-243.67,-0.21,20577.97,20.58,3
488,Entry long,2026-04-02,CB V0,644.77,176,113479.52,5235.66,4.61,23.22,5247.53,4.62,-243.67,-0.21,20577.97,20.58,3
489,Exit long,2026-04-15,2R target,694.24,178,119815.36,3735.02,3.12,24.34,3747.38,3.13,-204.22,-0.17,24312.99,24.31,4
489,Entry long,2026-04-09,CB V0,673.12,178,119815.36,3735.02,3.12,24.34,3747.38,3.13,-204.22,-0.17,24312.99,24.31,4
490,Exit long,2026-05-06,2R target,726.29,175,123719.75,3355.92,2.71,25.08,3368.63,2.72,-1148.12,-0.93,27668.91,27.67,12
490,Entry long,2026-04-20,CB V0,706.97,175,123719.75,3355.92,2.71,25.08,3368.63,2.72,-1148.12,-0.93,27668.91,27.67,12
491,Exit long,2026-05-26,2R target,748.95,174,127571.58,2719.93,2.13,25.79,2732.96,2.14,-933.22,-0.73,30388.84,30.39,12
491,Entry long,2026-05-07,CB V0,733.17,174,127571.58,2719.93,2.13,25.79,2732.96,2.14,-933.22,-0.73,30388.84,30.39,12
492,Exit long,2026-06-05,1 ATR stop,741.43,174,130319.04,-1336.15,-1.03,25.93,1638.23,1.26,-1323.25,-1.02,29052.69,29.05,7
492,Entry long,2026-05-27,CB V0,748.96,174,130319.04,-1336.15,-1.03,25.93,1638.23,1.26,-1323.25,-1.02,29052.69,29.05,7
493,Exit long,2026-06-17,1 ATR stop,742.68,171,128698.02,-1725.31,-1.34,25.57,137.61,0.11,-1712.61,-1.33,27327.38,27.33,1
493,Entry long,2026-06-16,CB V0,752.62,171,128698.02,-1725.31,-1.34,25.57,137.61,0.11,-1712.61,-1.33,27327.38,27.33,1
494,Exit short,2026-06-24,Margin call,739.96,8,5881.28,-39.58,-0.67,1.18,33.97,0.58,-38.99,-0.66,27275.67,27.28,0
494,Entry short,2026-06-24,CB V0,735.16,8,5881.28,-39.58,-0.67,1.18,33.97,0.58,-38.99,-0.66,27275.67,27.28,0
495,Exit short,2026-06-30,1 ATR stop,744.95,165,121301.4,-1639.77,-1.35,24.42,3053.57,2.52,-1627.48,-1.34,25648.03,25.65,4
495,Entry short,2026-06-24,CB V0,735.16,165,121301.4,-1639.77,-1.35,24.42,3053.57,2.52,-1627.48,-1.34,25648.03,25.65,4
496,Exit long,2026-07-28,Open,740.86,168,125161.68,-722.16,-0.58,12.52,1763.24,1.41,-1658.92,-1.33,24913.35,24.91,18
496,Entry long,2026-07-01,CB V0,745.01,168,125161.68,-722.16,-0.58,12.52,1763.24,1.41,-1658.92,-1.33,24913.35,24.91,18