Trade number,Type,Date and time,Signal,Price USD,Size (qty),Size (value),Net PnL USD,Return %,Commission USD,Favorable excursion USD,Favorable excursion %,Adverse excursion USD,Adverse excursion %,Cumulative PnL USD,Cumulative PnL %,Duration (bars)
1,Exit long,2010-01-19 08:00,TX60,85.53,100,8524,29,0.34,0,37,0.43,-1,-0.01,29,0.03,4
1,Entry long,2010-01-19 07:00,C0|L|MKT|15|v0.3.0-tier0|SPY,85.24,100,8524,29,0.34,0,37,0.43,-1,-0.01,29,0.03,4
2,Exit short,2010-01-20 08:15,TX60,84.47,100,8485,38,0.45,0,53,0.62,-7,-0.08,67,0.07,4
2,Entry short,2010-01-20 07:15,C0|S|MKT|15|v0.3.0-tier0|SPY,84.85,100,8485,38,0.45,0,53,0.62,-7,-0.08,67,0.07,4
3,Exit short,2010-01-21 08:00,TX60,84.05,100,8497,92,1.08,0,110,1.29,-21,-0.25,159,0.16,4
3,Entry short,2010-01-21 07:00,C0|S|MKT|15|v0.3.0-tier0|SPY,84.97,100,8497,92,1.08,0,110,1.29,-21,-0.25,159,0.16,4
4,Exit short,2010-01-22 08:15,TX60,83.09,100,8268,-41,-0.50,0,17,0.21,-61,-0.74,118,0.12,4
4,Entry short,2010-01-22 07:15,C0|S|MKT|15|v0.3.0-tier0|SPY,82.68,100,8268,-41,-0.50,0,17,0.21,-61,-0.74,118,0.12,4
5,Exit short,2010-01-25 08:15,TX60,81.79,100,8185,6,0.07,0,11,0.13,-38,-0.46,124,0.12,4
5,Entry short,2010-01-25 07:15,C0|S|MKT|15|v0.3.0-tier0|SPY,81.85,100,8185,6,0.07,0,11,0.13,-38,-0.46,124,0.12,4
6,Exit long,2010-01-26 08:15,TX60,81.99,100,8204,-5,-0.06,0,10,0.12,-25,-0.30,119,0.12,4
6,Entry long,2010-01-26 07:15,C0|L|MKT|15|v0.3.0-tier0|SPY,82.04,100,8204,-5,-0.06,0,10,0.12,-25,-0.30,119,0.12,4
7,Exit short,2010-01-28 08:15,TX60,81.25,100,8149,24,0.29,0,48,0.59,-16,-0.20,143,0.14,4
7,Entry short,2010-01-28 07:15,C0|S|MKT|15|v0.3.0-tier0|SPY,81.49,100,8149,24,0.29,0,48,0.59,-16,-0.20,143,0.14,4
8,Exit long,2010-01-29 08:00,TX60,81.56,100,8159,-3,-0.04,0,35,0.43,-23,-0.28,140,0.14,4
8,Entry long,2010-01-29 07:00,C0|L|MKT|15|v0.3.0-tier0|SPY,81.59,100,8159,-3,-0.04,0,35,0.43,-23,-0.28,140,0.14,4
9,Exit long,2010-02-01 08:15,TX60,80.94,100,8100,-6,-0.07,0,20,0.25,-22,-0.27,134,0.13,4
9,Entry long,2010-02-01 07:15,C0|L|MKT|15|v0.3.0-tier0|SPY,81,100,8100,-6,-0.07,0,20,0.25,-22,-0.27,134,0.13,4
10,Exit long,2010-02-02 08:30,TX60,81.96,100,8188,8,0.10,0,21,0.26,-10,-0.12,142,0.14,4
10,Entry long,2010-02-02 07:30,C0|L|MKT|15|v0.3.0-tier0|SPY,81.88,100,8188,8,0.10,0,21,0.26,-10,-0.12,142,0.14,4
11,Exit long,2010-02-03 08:00,TX60,82.02,100,8236,-34,-0.41,0,0,0.00,-56,-0.68,108,0.11,4
11,Entry long,2010-02-03 07:00,C0|L|MKT|15|v0.3.0-tier0|SPY,82.36,100,8236,-34,-0.41,0,0,0.00,-56,-0.68,108,0.11,4
12,Exit short,2010-02-04 08:00,TX60,80.23,100,8057,34,0.42,0,37,0.46,-16,-0.20,142,0.14,4
12,Entry short,2010-02-04 07:00,C0|S|MKT|15|v0.3.0-tier0|SPY,80.57,100,8057,34,0.42,0,37,0.46,-16,-0.20,142,0.14,4
13,Exit short,2010-02-05 08:00,TX60,79.41,100,7910,-31,-0.39,0,22,0.28,-59,-0.75,111,0.11,4
13,Entry short,2010-02-05 07:00,C0|S|MKT|15|v0.3.0-tier0|SPY,79.1,100,7910,-31,-0.39,0,22,0.28,-59,-0.75,111,0.11,4
14,Exit long,2010-02-08 08:15,TX60,80,100,7970,30,0.38,0,40,0.50,-22,-0.28,141,0.14,4
14,Entry long,2010-02-08 07:15,C0|L|MKT|15|v0.3.0-tier0|SPY,79.7,100,7970,30,0.38,0,40,0.50,-22,-0.28,141,0.14,4
15,Exit short,2010-02-10 08:15,TX60,79.55,100,7942,-13,-0.16,0,23,0.29,-22,-0.28,128,0.13,4
15,Entry short,2010-02-10 07:15,C0|S|MKT|15|v0.3.0-tier0|SPY,79.42,100,7942,-13,-0.16,0,23,0.29,-22,-0.28,128,0.13,4
16,Exit long,2010-02-11 08:30,TX60,80.19,100,7986,33,0.41,0,34,0.43,-34,-0.43,161,0.16,4
16,Entry long,2010-02-11 07:30,C0|L|MKT|15|v0.3.0-tier0|SPY,79.86,100,7986,33,0.41,0,34,0.43,-34,-0.43,161,0.16,4
17,Exit long,2010-02-12 08:30,TX60,79.93,100,7992,1,0.01,0,13,0.16,-28,-0.35,162,0.16,4
17,Entry long,2010-02-12 07:30,C0|L|MKT|15|v0.3.0-tier0|SPY,79.92,100,7992,1,0.01,0,13,0.16,-28,-0.35,162,0.16,4
18,Exit long,2010-02-18 08:00,TX60,82.42,100,8243,-1,-0.01,0,15,0.18,-26,-0.32,161,0.16,4
18,Entry long,2010-02-18 07:00,C0|L|MKT|15|v0.3.0-tier0|SPY,82.43,100,8243,-1,-0.01,0,15,0.18,-26,-0.32,161,0.16,4
19,Exit short,2010-02-19 08:00,TX60,82.74,100,8241,-33,-0.40,0,5,0.06,-43,-0.52,128,0.13,4
19,Entry short,2010-02-19 07:00,C0|S|MKT|15|v0.3.0-tier0|SPY,82.41,100,8241,-33,-0.40,0,5,0.06,-43,-0.52,128,0.13,4
20,Exit short,2010-02-22 08:15,TX60,82.8,100,8282,2,0.02,0,4,0.05,-27,-0.33,130,0.13,4
20,Entry short,2010-02-22 07:15,C0|S|MKT|15|v0.3.0-tier0|SPY,82.82,100,8282,2,0.02,0,4,0.05,-27,-0.33,130,0.13,4
21,Exit short,2010-02-23 08:15,TX60,82.11,100,8209,-2,-0.02,0,12,0.15,-20,-0.24,128,0.13,4
21,Entry short,2010-02-23 07:15,C0|S|MKT|15|v0.3.0-tier0|SPY,82.09,100,8209,-2,-0.02,0,12,0.15,-20,-0.24,128,0.13,4
22,Exit long,2010-02-24 08:00,TX60,82.65,100,8246,19,0.23,0,30,0.36,-47,-0.57,147,0.15,4
22,Entry long,2010-02-24 07:00,C0|L|MKT|15|v0.3.0-tier0|SPY,82.46,100,8246,19,0.23,0,30,0.36,-47,-0.57,147,0.15,4
23,Exit long,2010-02-25 08:30,TX60,81.51,100,8168,-17,-0.21,0,4,0.05,-22,-0.27,130,0.13,4
23,Entry long,2010-02-25 07:30,C0|L|MKT|15|v0.3.0-tier0|SPY,81.68,100,8168,-17,-0.21,0,4,0.05,-22,-0.27,130,0.13,4
24,Exit long,2010-03-01 08:15,TX60,83.43,100,8335,8,0.10,0,18,0.22,-24,-0.29,138,0.14,4
24,Entry long,2010-03-01 07:15,C0|L|MKT|15|v0.3.0-tier0|SPY,83.35,100,8335,8,0.10,0,18,0.22,-24,-0.29,138,0.14,4
25,Exit short,2010-03-02 08:15,TX60,84.03,100,8373,-30,-0.36,0,6,0.07,-34,-0.41,108,0.11,4
25,Entry short,2010-03-02 07:15,C0|S|MKT|15|v0.3.0-tier0|SPY,83.73,100,8373,-30,-0.36,0,6,0.07,-34,-0.41,108,0.11,4
26,Exit long,2010-03-03 08:00,TX60,84.22,100,8406,16,0.19,0,21,0.25,-10,-0.12,124,0.12,4
26,Entry long,2010-03-03 07:00,C0|L|MKT|15|v0.3.0-tier0|SPY,84.06,100,8406,16,0.19,0,21,0.25,-10,-0.12,124,0.12,4
27,Exit long,2010-03-05 08:00,TX60,84.94,100,8470,24,0.28,0,32,0.38,-6,-0.07,148,0.15,4
27,Entry long,2010-03-05 07:00,C0|L|MKT|15|v0.3.0-tier0|SPY,84.7,100,8470,24,0.28,0,32,0.38,-6,-0.07,148,0.15,4
28,Exit short,2010-03-08 08:00,TX60,85.36,100,8525,-11,-0.13,0,4,0.05,-18,-0.21,137,0.14,4
28,Entry short,2010-03-08 07:00,C0|S|MKT|15|v0.3.0-tier0|SPY,85.25,100,8525,-11,-0.13,0,4,0.05,-18,-0.21,137,0.14,4
29,Exit long,2010-03-09 08:00,TX60,85.48,100,8522,26,0.31,0,31,0.36,-8,-0.09,163,0.16,4
29,Entry long,2010-03-09 07:00,C0|L|MKT|15|v0.3.0-tier0|SPY,85.22,100,8522,26,0.31,0,31,0.36,-8,-0.09,163,0.16,4
30,Exit long,2010-03-10 08:15,TX60,85.94,100,8583,11,0.13,0,20,0.23,-11,-0.13,174,0.17,4
30,Entry long,2010-03-10 07:15,C0|L|MKT|15|v0.3.0-tier0|SPY,85.83,100,8583,11,0.13,0,20,0.23,-11,-0.13,174,0.17,4
31,Exit short,2010-03-11 08:00,TX60,85.81,100,8546,-35,-0.41,0,0,0.00,-42,-0.49,139,0.14,4
31,Entry short,2010-03-11 07:00,C0|S|MKT|15|v0.3.0-tier0|SPY,85.46,100,8546,-35,-0.41,0,0,0.00,-42,-0.49,139,0.14,4
32,Exit short,2010-03-12 08:15,TX60,86.14,100,8600,-14,-0.16,0,7,0.08,-17,-0.20,125,0.13,4
32,Entry short,2010-03-12 07:15,C0|S|MKT|15|v0.3.0-tier0|SPY,86,100,8600,-14,-0.16,0,7,0.08,-17,-0.20,125,0.13,4
33,Exit long,2010-03-17 08:00,TX60,87.31,100,8733,-2,-0.02,0,5,0.06,-16,-0.18,123,0.12,4
33,Entry long,2010-03-17 07:00,C0|L|MKT|15|v0.3.0-tier0|SPY,87.33,100,8733,-2,-0.02,0,5,0.06,-16,-0.18,123,0.12,4
34,Exit short,2010-03-19 08:15,TX60,86.78,100,8714,36,0.41,0,42,0.48,-2,-0.02,159,0.16,4
34,Entry short,2010-03-19 07:15,C0|S|MKT|15|v0.3.0-tier0|SPY,87.14,100,8714,36,0.41,0,42,0.48,-2,-0.02,159,0.16,4
35,Exit long,2010-03-22 08:00,TX60,87.17,100,8686,31,0.36,0,43,0.50,-6,-0.07,190,0.19,4
35,Entry long,2010-03-22 07:00,C0|L|MKT|15|v0.3.0-tier0|SPY,86.86,100,8686,31,0.36,0,43,0.50,-6,-0.07,190,0.19,4
36,Exit long,2010-03-24 08:15,TX60,87.55,100,8785,-30,-0.34,0,7,0.08,-31,-0.35,160,0.16,4
36,Entry long,2010-03-24 07:15,C0|L|MKT|15|v0.3.0-tier0|SPY,87.85,100,8785,-30,-0.34,0,7,0.08,-31,-0.35,160,0.16,4
37,Exit short,2010-03-25 08:00,TX60,88.08,100,8804,-4,-0.05,0,18,0.20,-12,-0.14,156,0.16,4
37,Entry short,2010-03-25 07:00,C0|S|MKT|15|v0.3.0-tier0|SPY,88.04,100,8804,-4,-0.05,0,18,0.20,-12,-0.14,156,0.16,4
38,Exit long,2010-03-26 08:15,TX60,87.78,100,8783,-5,-0.06,0,16,0.18,-8,-0.09,151,0.15,4
38,Entry long,2010-03-26 07:15,C0|L|MKT|15|v0.3.0-tier0|SPY,87.83,100,8783,-5,-0.06,0,16,0.18,-8,-0.09,151,0.15,4
39,Exit short,2010-03-29 08:00,TX60,87.9,100,8776,-14,-0.16,0,11,0.13,-16,-0.18,137,0.14,4
39,Entry short,2010-03-29 07:00,C0|S|MKT|15|v0.3.0-tier0|SPY,87.76,100,8776,-14,-0.16,0,11,0.13,-16,-0.18,137,0.14,4
40,Exit long,2010-03-30 08:00,TX60,88.03,100,8823,-20,-0.23,0,7,0.08,-27,-0.31,117,0.12,4
40,Entry long,2010-03-30 07:00,C0|L|MKT|15|v0.3.0-tier0|SPY,88.23,100,8823,-20,-0.23,0,7,0.08,-27,-0.31,117,0.12,4
41,Exit long,2010-03-31 08:30,TX60,87.83,100,8785,-2,-0.02,0,9,0.10,-17,-0.19,115,0.12,4
41,Entry long,2010-03-31 07:30,C0|L|MKT|15|v0.3.0-tier0|SPY,87.85,100,8785,-2,-0.02,0,9,0.10,-17,-0.19,115,0.12,4
42,Exit long,2010-04-05 08:00,TX60,88.98,100,8870,28,0.32,0,36,0.41,-5,-0.06,143,0.14,4
42,Entry long,2010-04-05 07:00,C0|L|MKT|15|v0.3.0-tier0|SPY,88.7,100,8870,28,0.32,0,36,0.41,-5,-0.06,143,0.14,4
43,Exit long,2010-04-06 08:15,TX60,88.95,100,8889,6,0.07,0,11,0.12,-4,-0.04,149,0.15,4
43,Entry long,2010-04-06 07:15,C0|L|MKT|15|v0.3.0-tier0|SPY,88.89,100,8889,6,0.07,0,11,0.12,-4,-0.04,149,0.15,4
44,Exit long,2010-04-08 08:30,TX60,88.43,100,8842,1,0.01,0,15,0.17,-4,-0.05,150,0.15,4
44,Entry long,2010-04-08 07:30,C0|L|MKT|15|v0.3.0-tier0|SPY,88.42,100,8842,1,0.01,0,15,0.17,-4,-0.05,150,0.15,4
45,Exit short,2010-04-12 08:00,TX60,89.83,100,8962,-21,-0.23,0,3,0.03,-23,-0.26,129,0.13,4
45,Entry short,2010-04-12 07:00,C0|S|MKT|15|v0.3.0-tier0|SPY,89.62,100,8962,-21,-0.23,0,3,0.03,-23,-0.26,129,0.13,4
46,Exit short,2010-04-13 08:30,TX60,89.4,100,8931,-9,-0.10,0,13,0.15,-12,-0.13,120,0.12,4
46,Entry short,2010-04-13 07:30,C0|S|MKT|15|v0.3.0-tier0|SPY,89.31,100,8931,-9,-0.10,0,13,0.15,-12,-0.13,120,0.12,4
47,Exit short,2010-04-14 08:15,TX60,90.28,100,9004,-24,-0.27,0,6,0.07,-30,-0.33,96,0.10,4
47,Entry short,2010-04-14 07:15,C0|S|MKT|15|v0.3.0-tier0|SPY,90.04,100,9004,-24,-0.27,0,6,0.07,-30,-0.33,96,0.10,4
48,Exit long,2010-04-15 08:15,TX60,90.97,100,9081,16,0.18,0,26,0.29,-2,-0.02,112,0.11,4
48,Entry long,2010-04-15 07:15,C0|L|MKT|15|v0.3.0-tier0|SPY,90.81,100,9081,16,0.18,0,26,0.29,-2,-0.02,112,0.11,4
49,Exit short,2010-04-16 08:00,TX60,89.96,100,9033,37,0.41,0,60,0.66,-39,-0.43,149,0.15,4
49,Entry short,2010-04-16 07:00,C0|S|MKT|15|v0.3.0-tier0|SPY,90.33,100,9033,37,0.41,0,60,0.66,-39,-0.43,149,0.15,4
50,Exit long,2010-04-19 08:00,TX60,89.42,100,8952,-10,-0.11,0,26,0.29,-19,-0.21,139,0.14,4
50,Entry long,2010-04-19 07:00,C0|L|MKT|15|v0.3.0-tier0|SPY,89.52,100,8952,-10,-0.11,0,26,0.29,-19,-0.21,139,0.14,4
51,Exit short,2010-04-20 08:15,TX60,90.35,100,9020,-15,-0.17,0,15,0.17,-20,-0.22,124,0.12,4
51,Entry short,2010-04-20 07:15,C0|S|MKT|15|v0.3.0-tier0|SPY,90.2,100,9020,-15,-0.17,0,15,0.17,-20,-0.22,124,0.12,4
52,Exit long,2010-04-21 08:00,TX60,90.52,100,9081,-29,-0.32,0,1,0.01,-35,-0.39,95,0.10,4
52,Entry long,2010-04-21 07:00,C0|L|MKT|15|v0.3.0-tier0|SPY,90.81,100,9081,-29,-0.32,0,1,0.01,-35,-0.39,95,0.10,4
53,Exit long,2010-04-23 08:15,TX60,90.67,100,9099,-32,-0.35,0,1,0.01,-50,-0.55,63,0.06,4
53,Entry long,2010-04-23 07:15,C0|L|MKT|15|v0.3.0-tier0|SPY,90.99,100,9099,-32,-0.35,0,1,0.01,-50,-0.55,63,0.06,4
54,Exit short,2010-04-26 08:00,TX60,91.39,100,9124,-15,-0.16,0,9,0.10,-21,-0.23,48,0.05,4
54,Entry short,2010-04-26 07:00,C0|S|MKT|15|v0.3.0-tier0|SPY,91.24,100,9124,-15,-0.16,0,9,0.10,-21,-0.23,48,0.05,4
55,Exit long,2010-04-27 08:30,TX60,89.65,100,9071,-106,-1.17,0,17,0.19,-112,-1.23,-58,-0.06,4
55,Entry long,2010-04-27 07:30,C0|L|MKT|15|v0.3.0-tier0|SPY,90.71,100,9071,-106,-1.17,0,17,0.19,-112,-1.23,-58,-0.06,4
56,Exit short,2010-04-28 08:15,TX60,89.4,100,8904,-36,-0.40,0,9,0.10,-42,-0.47,-94,-0.09,4
56,Entry short,2010-04-28 07:15,C0|S|MKT|15|v0.3.0-tier0|SPY,89.04,100,8904,-36,-0.40,0,9,0.10,-42,-0.47,-94,-0.09,4
57,Exit long,2010-04-29 08:30,TX60,90.52,100,9035,17,0.19,0,26,0.29,-7,-0.08,-77,-0.08,4
57,Entry long,2010-04-29 07:30,C0|L|MKT|15|v0.3.0-tier0|SPY,90.35,100,9035,17,0.19,0,26,0.29,-7,-0.08,-77,-0.08,4
58,Exit short,2010-04-30 08:00,TX60,90.34,100,9034,0,0.00,0,53,0.59,-13,-0.14,-77,-0.08,4
58,Entry short,2010-04-30 07:00,C0|S|MKT|15|v0.3.0-tier0|SPY,90.34,100,9034,0,0.00,0,53,0.59,-13,-0.14,-77,-0.08,4
59,Exit long,2010-05-03 08:15,TX60,89.53,100,8973,-20,-0.22,0,5,0.06,-40,-0.45,-97,-0.10,4
59,Entry long,2010-05-03 07:15,C0|L|MKT|15|v0.3.0-tier0|SPY,89.73,100,8973,-20,-0.22,0,5,0.06,-40,-0.45,-97,-0.10,4
60,Exit long,2010-05-05 08:00,TX60,87.86,100,8753,33,0.38,0,46,0.53,-14,-0.16,-64,-0.06,4
60,Entry long,2010-05-05 07:00,C0|L|MKT|15|v0.3.0-tier0|SPY,87.53,100,8753,33,0.38,0,46,0.53,-14,-0.16,-64,-0.06,4
61,Exit short,2010-05-07 08:15,TX60,83.94,100,8395,1,0.01,0,183,2.18,-12,-0.14,-63,-0.06,4
61,Entry short,2010-05-07 07:15,C0|S|MKT|15|v0.3.0-tier0|SPY,83.95,100,8395,1,0.01,0,183,2.18,-12,-0.14,-63,-0.06,4
62,Exit short,2010-05-10 08:30,TX60,87.01,100,8647,-54,-0.62,0,8,0.09,-55,-0.64,-117,-0.12,4
62,Entry short,2010-05-10 07:30,C0|S|MKT|15|v0.3.0-tier0|SPY,86.47,100,8647,-54,-0.62,0,8,0.09,-55,-0.64,-117,-0.12,4
63,Exit long,2010-05-11 08:00,TX60,86.67,100,8660,7,0.08,0,27,0.31,-14,-0.16,-110,-0.11,4
63,Entry long,2010-05-11 07:00,C0|L|MKT|15|v0.3.0-tier0|SPY,86.6,100,8660,7,0.08,0,27,0.31,-14,-0.16,-110,-0.11,4
64,Exit long,2010-05-12 08:00,TX60,87.56,100,8754,2,0.02,0,17,0.19,-19,-0.22,-108,-0.11,4
64,Entry long,2010-05-12 07:00,C0|L|MKT|15|v0.3.0-tier0|SPY,87.54,100,8754,2,0.02,0,17,0.19,-19,-0.22,-108,-0.11,4
65,Exit long,2010-05-13 08:30,TX60,87.89,100,8796,-7,-0.08,0,22,0.25,-25,-0.28,-115,-0.11,4
65,Entry long,2010-05-13 07:30,C0|L|MKT|15|v0.3.0-tier0|SPY,87.96,100,8796,-7,-0.08,0,22,0.25,-25,-0.28,-115,-0.11,4
66,Exit short,2010-05-17 08:00,TX60,85.1,100,8521,11,0.13,0,13,0.15,-31,-0.36,-104,-0.10,4
66,Entry short,2010-05-17 07:00,C0|S|MKT|15|v0.3.0-tier0|SPY,85.21,100,8521,11,0.13,0,13,0.15,-31,-0.36,-104,-0.10,4
67,Exit short,2010-05-18 08:30,TX60,85.75,100,8586,11,0.13,0,60,0.70,-3,-0.03,-93,-0.09,4
67,Entry short,2010-05-18 07:30,C0|S|MKT|15|v0.3.0-tier0|SPY,85.86,100,8586,11,0.13,0,60,0.70,-3,-0.03,-93,-0.09,4
68,Exit short,2010-05-19 08:30,TX60,83.14,100,8368,54,0.65,0,74,0.88,-20,-0.24,-39,-0.04,4
68,Entry short,2010-05-19 07:30,C0|S|MKT|15|v0.3.0-tier0|SPY,83.68,100,8368,54,0.65,0,74,0.88,-20,-0.24,-39,-0.04,4
69,Exit short,2010-05-20 08:15,TX60,81.6,100,8160,0,0.00,0,70,0.86,-25,-0.31,-39,-0.04,4
69,Entry short,2010-05-20 07:15,C0|S|MKT|15|v0.3.0-tier0|SPY,81.6,100,8160,0,0.00,0,70,0.86,-25,-0.31,-39,-0.04,4
70,Exit long,2010-05-21 08:00,TX60,80.71,100,8074,-3,-0.04,0,54,0.67,-44,-0.54,-42,-0.04,4
70,Entry long,2010-05-21 07:00,C0|L|MKT|15|v0.3.0-tier0|SPY,80.74,100,8074,-3,-0.04,0,54,0.67,-44,-0.54,-42,-0.04,4
71,Exit long,2010-05-25 08:15,TX60,79.27,100,7909,18,0.23,0,39,0.49,-36,-0.46,-24,-0.02,4
71,Entry long,2010-05-25 07:15,C0|L|MKT|15|v0.3.0-tier0|SPY,79.09,100,7909,18,0.23,0,39,0.49,-36,-0.46,-24,-0.02,4
72,Exit long,2010-05-26 08:00,TX60,81.68,100,8179,-11,-0.13,0,24,0.29,-22,-0.27,-35,-0.03,4
72,Entry long,2010-05-26 07:00,C0|L|MKT|15|v0.3.0-tier0|SPY,81.79,100,8179,-11,-0.13,0,24,0.29,-22,-0.27,-35,-0.03,4
73,Exit long,2010-05-27 08:30,TX60,82.3,100,8224,6,0.07,0,18,0.22,-27,-0.33,-29,-0.03,4
73,Entry long,2010-05-27 07:30,C0|L|MKT|15|v0.3.0-tier0|SPY,82.24,100,8224,6,0.07,0,18,0.22,-27,-0.33,-29,-0.03,4
74,Exit long,2010-06-01 08:15,TX60,81.91,100,8173,18,0.22,0,66,0.81,0,0.00,-11,-0.01,4
74,Entry long,2010-06-01 07:15,C0|L|MKT|15|v0.3.0-tier0|SPY,81.73,100,8173,18,0.22,0,66,0.81,0,0.00,-11,-0.01,4
75,Exit long,2010-06-03 08:00,TX60,82.9,100,8319,-29,-0.35,0,4,0.05,-63,-0.76,-40,-0.04,4
75,Entry long,2010-06-03 07:00,C0|L|MKT|15|v0.3.0-tier0|SPY,83.19,100,8319,-29,-0.35,0,4,0.05,-63,-0.76,-40,-0.04,4
76,Exit long,2010-06-04 08:15,TX60,81.54,100,8184,-30,-0.37,0,8,0.10,-35,-0.43,-70,-0.07,4
76,Entry long,2010-06-04 07:15,C0|L|MKT|15|v0.3.0-tier0|SPY,81.84,100,8184,-30,-0.37,0,8,0.10,-35,-0.43,-70,-0.07,4
77,Exit long,2010-06-07 08:15,TX60,79.7,100,8052,-82,-1.02,0,6,0.07,-82,-1.02,-152,-0.15,4
77,Entry long,2010-06-07 07:15,C0|L|MKT|15|v0.3.0-tier0|SPY,80.52,100,8052,-82,-1.02,0,6,0.07,-82,-1.02,-152,-0.15,4
78,Exit short,2010-06-08 08:00,TX60,78.86,100,7894,8,0.10,0,50,0.63,-42,-0.53,-144,-0.14,4
78,Entry short,2010-06-08 07:00,C0|S|MKT|15|v0.3.0-tier0|SPY,78.94,100,7894,8,0.10,0,50,0.63,-42,-0.53,-144,-0.14,4
79,Exit short,2010-06-09 08:15,TX60,80.77,100,8017,-60,-0.75,0,8,0.10,-72,-0.90,-204,-0.20,4
79,Entry short,2010-06-09 07:15,C0|S|MKT|15|v0.3.0-tier0|SPY,80.17,100,8017,-60,-0.75,0,8,0.10,-72,-0.90,-204,-0.20,4
80,Exit long,2010-06-10 08:00,TX60,81.14,100,8137,-23,-0.28,0,18,0.22,-44,-0.54,-227,-0.23,4
80,Entry long,2010-06-10 07:00,C0|L|MKT|15|v0.3.0-tier0|SPY,81.37,100,8137,-23,-0.28,0,18,0.22,-44,-0.54,-227,-0.23,4
81,Exit long,2010-06-11 08:00,TX60,81.55,100,8160,-5,-0.06,0,38,0.47,-13,-0.16,-232,-0.23,4
81,Entry long,2010-06-11 07:00,C0|L|MKT|15|v0.3.0-tier0|SPY,81.6,100,8160,-5,-0.06,0,38,0.47,-13,-0.16,-232,-0.23,4
82,Exit long,2010-06-14 08:30,TX60,83.09,100,8289,20,0.24,0,38,0.46,-19,-0.23,-212,-0.21,4
82,Entry long,2010-06-14 07:30,C0|L|MKT|15|v0.3.0-tier0|SPY,82.89,100,8289,20,0.24,0,38,0.46,-19,-0.23,-212,-0.21,4
83,Exit long,2010-06-15 08:00,TX60,83.01,100,8281,20,0.24,0,22,0.27,-21,-0.25,-192,-0.19,4
83,Entry long,2010-06-15 07:00,C0|L|MKT|15|v0.3.0-tier0|SPY,82.81,100,8281,20,0.24,0,22,0.27,-21,-0.25,-192,-0.19,4
84,Exit long,2010-06-16 08:00,TX60,83.67,100,8374,-7,-0.08,0,8,0.10,-41,-0.49,-199,-0.20,4
84,Entry long,2010-06-16 07:00,C0|L|MKT|15|v0.3.0-tier0|SPY,83.74,100,8374,-7,-0.08,0,8,0.10,-41,-0.49,-199,-0.20,4
85,Exit short,2010-06-17 08:15,TX60,83.55,100,8359,4,0.05,0,37,0.44,-1,-0.01,-195,-0.19,4
85,Entry short,2010-06-17 07:15,C0|S|MKT|15|v0.3.0-tier0|SPY,83.59,100,8359,4,0.05,0,37,0.44,-1,-0.01,-195,-0.19,4
86,Exit short,2010-06-18 08:00,TX60,84.37,100,8388,-49,-0.58,0,0,0.00,-55,-0.66,-244,-0.24,4
86,Entry short,2010-06-18 07:00,C0|S|MKT|15|v0.3.0-tier0|SPY,83.88,100,8388,-49,-0.58,0,0,0.00,-55,-0.66,-244,-0.24,4
87,Exit short,2010-06-22 08:30,TX60,83.83,100,8374,-9,-0.11,0,23,0.27,-14,-0.17,-253,-0.25,4
87,Entry short,2010-06-22 07:30,C0|S|MKT|15|v0.3.0-tier0|SPY,83.74,100,8374,-9,-0.11,0,23,0.27,-14,-0.17,-253,-0.25,4
88,Exit short,2010-06-23 08:15,TX60,81.99,100,8197,-2,-0.02,0,20,0.24,-24,-0.29,-255,-0.25,4
88,Entry short,2010-06-23 07:15,C0|S|MKT|15|v0.3.0-tier0|SPY,81.97,100,8197,-2,-0.02,0,20,0.24,-24,-0.29,-255,-0.25,4
89,Exit short,2010-06-24 08:00,TX60,81.32,100,8133,1,0.01,0,22,0.27,-42,-0.52,-254,-0.25,4
89,Entry short,2010-06-24 07:00,C0|S|MKT|15|v0.3.0-tier0|SPY,81.33,100,8133,1,0.01,0,22,0.27,-42,-0.52,-254,-0.25,4
90,Exit short,2010-06-28 08:00,TX60,81.28,100,8083,-45,-0.56,0,8,0.10,-46,-0.57,-299,-0.30,4
90,Entry short,2010-06-28 07:00,C0|S|MKT|15|v0.3.0-tier0|SPY,80.83,100,8083,-45,-0.56,0,8,0.10,-46,-0.57,-299,-0.30,4
91,Exit short,2010-06-29 08:00,TX60,79.04,100,7941,37,0.47,0,90,1.13,0,0.00,-262,-0.26,4
91,Entry short,2010-06-29 07:00,C0|S|MKT|15|v0.3.0-tier0|SPY,79.41,100,7941,37,0.47,0,90,1.13,0,0.00,-262,-0.26,4
92,Exit short,2010-07-01 08:00,TX60,76.42,100,7744,102,1.32,0,120,1.55,0,0.00,-160,-0.16,4
92,Entry short,2010-07-01 07:00,C0|S|MKT|15|v0.3.0-tier0|SPY,77.44,100,7744,102,1.32,0,120,1.55,0,0.00,-160,-0.16,4
93,Exit short,2010-07-02 08:15,TX60,77.32,100,7745,13,0.17,0,35,0.45,-20,-0.26,-147,-0.15,4
93,Entry short,2010-07-02 07:15,C0|S|MKT|15|v0.3.0-tier0|SPY,77.45,100,7745,13,0.17,0,35,0.45,-20,-0.26,-147,-0.15,4
94,Exit long,2010-07-06 08:15,TX60,78.23,100,7852,-29,-0.37,0,5,0.06,-33,-0.42,-176,-0.18,4
94,Entry long,2010-07-06 07:15,C0|L|MKT|15|v0.3.0-tier0|SPY,78.52,100,7852,-29,-0.37,0,5,0.06,-33,-0.42,-176,-0.18,4
95,Exit long,2010-07-07 08:00,TX60,78.74,100,7800,74,0.95,0,83,1.06,0,0.00,-102,-0.10,4
95,Entry long,2010-07-07 07:00,C0|L|MKT|15|v0.3.0-tier0|SPY,78,100,7800,74,0.95,0,83,1.06,0,0.00,-102,-0.10,4
96,Exit short,2010-07-08 08:00,TX60,80.2,100,8038,18,0.22,0,23,0.29,-15,-0.19,-84,-0.08,4
96,Entry short,2010-07-08 07:00,C0|S|MKT|15|v0.3.0-tier0|SPY,80.38,100,8038,18,0.22,0,23,0.29,-15,-0.19,-84,-0.08,4
97,Exit long,2010-07-09 08:30,TX60,80.73,100,8087,-14,-0.17,0,21,0.26,-25,-0.31,-98,-0.10,4
97,Entry long,2010-07-09 07:30,C0|L|MKT|15|v0.3.0-tier0|SPY,80.87,100,8087,-14,-0.17,0,21,0.26,-25,-0.31,-98,-0.10,4
98,Exit long,2010-07-12 08:00,TX60,81.04,100,8141,-37,-0.45,0,4,0.05,-48,-0.59,-135,-0.13,4
98,Entry long,2010-07-12 07:00,C0|L|MKT|15|v0.3.0-tier0|SPY,81.41,100,8141,-37,-0.45,0,4,0.05,-48,-0.59,-135,-0.13,4
99,Exit long,2010-07-13 08:15,TX60,82.43,100,8237,6,0.07,0,8,0.10,-22,-0.27,-129,-0.13,4
99,Entry long,2010-07-13 07:15,C0|L|MKT|15|v0.3.0-tier0|SPY,82.37,100,8237,6,0.07,0,8,0.10,-22,-0.27,-129,-0.13,4
100,Exit short,2010-07-15 08:15,TX60,81.74,100,8169,-5,-0.06,0,24,0.29,-15,-0.18,-134,-0.13,4
100,Entry short,2010-07-15 07:15,C0|S|MKT|15|v0.3.0-tier0|SPY,81.69,100,8169,-5,-0.06,0,24,0.29,-15,-0.18,-134,-0.13,4
101,Exit short,2010-07-16 08:00,TX60,81.36,100,8136,0,0.00,0,37,0.45,-5,-0.06,-134,-0.13,4
101,Entry short,2010-07-16 07:00,C0|S|MKT|15|v0.3.0-tier0|SPY,81.36,100,8136,0,0.00,0,37,0.45,-5,-0.06,-134,-0.13,4
102,Exit short,2010-07-19 08:15,TX60,80.32,100,8052,20,0.25,0,54,0.67,0,0.00,-114,-0.11,4
102,Entry short,2010-07-19 07:15,C0|S|MKT|15|v0.3.0-tier0|SPY,80.52,100,8052,20,0.25,0,54,0.67,0,0.00,-114,-0.11,4
103,Exit long,2010-07-20 08:00,TX60,80.2,100,8008,12,0.15,0,26,0.32,-25,-0.31,-102,-0.10,4
103,Entry long,2010-07-20 07:00,C0|L|MKT|15|v0.3.0-tier0|SPY,80.08,100,8008,12,0.15,0,26,0.32,-25,-0.31,-102,-0.10,4
104,Exit short,2010-07-21 08:00,TX60,81.64,100,8165,1,0.01,0,18,0.22,-18,-0.22,-101,-0.10,4
104,Entry short,2010-07-21 07:00,C0|S|MKT|15|v0.3.0-tier0|SPY,81.65,100,8165,1,0.01,0,18,0.22,-18,-0.22,-101,-0.10,4
105,Exit long,2010-07-22 08:00,TX60,82.55,100,8212,43,0.52,0,58,0.71,0,0.00,-58,-0.06,4
105,Entry long,2010-07-22 07:00,C0|L|MKT|15|v0.3.0-tier0|SPY,82.12,100,8212,43,0.52,0,58,0.71,0,0.00,-58,-0.06,4
106,Exit long,2010-07-26 08:15,TX60,83.69,100,8371,-2,-0.02,0,5,0.06,-28,-0.33,-60,-0.06,4
106,Entry long,2010-07-26 07:15,C0|L|MKT|15|v0.3.0-tier0|SPY,83.71,100,8371,-2,-0.02,0,5,0.06,-28,-0.33,-60,-0.06,4
107,Exit short,2010-07-27 08:00,TX60,84.01,100,8416,15,0.18,0,24,0.29,-39,-0.46,-45,-0.04,4
107,Entry short,2010-07-27 07:00,C0|S|MKT|15|v0.3.0-tier0|SPY,84.16,100,8416,15,0.18,0,24,0.29,-39,-0.46,-45,-0.04,4
108,Exit short,2010-07-28 08:15,TX60,83.67,100,8369,2,0.02,0,20,0.24,-13,-0.16,-43,-0.04,4
108,Entry short,2010-07-28 07:15,C0|S|MKT|15|v0.3.0-tier0|SPY,83.69,100,8369,2,0.02,0,20,0.24,-13,-0.16,-43,-0.04,4
109,Exit short,2010-07-29 08:00,TX60,83.64,100,8388,24,0.29,0,39,0.46,-1,-0.01,-19,-0.02,4
109,Entry short,2010-07-29 07:00,C0|S|MKT|15|v0.3.0-tier0|SPY,83.88,100,8388,24,0.29,0,39,0.46,-1,-0.01,-19,-0.02,4
110,Exit long,2010-07-30 08:00,TX60,83.1,100,8257,53,0.64,0,73,0.88,-1,-0.01,34,0.03,4
110,Entry long,2010-07-30 07:00,C0|L|MKT|15|v0.3.0-tier0|SPY,82.57,100,8257,53,0.64,0,73,0.88,-1,-0.01,34,0.03,4
111,Exit long,2010-08-02 08:15,TX60,84.56,100,8458,-2,-0.02,0,11,0.13,-6,-0.07,32,0.03,4
111,Entry long,2010-08-02 07:15,C0|L|MKT|15|v0.3.0-tier0|SPY,84.58,100,8458,-2,-0.02,0,11,0.13,-6,-0.07,32,0.03,4
112,Exit short,2010-08-03 08:00,TX60,84.69,100,8449,-20,-0.24,0,27,0.32,-23,-0.27,12,0.01,4
112,Entry short,2010-08-03 07:00,C0|S|MKT|15|v0.3.0-tier0|SPY,84.49,100,8449,-20,-0.24,0,27,0.32,-23,-0.27,12,0.01,4
113,Exit long,2010-08-05 08:00,TX60,84.57,100,8471,-14,-0.17,0,21,0.25,-17,-0.20,-2,0.00,4
113,Entry long,2010-08-05 07:00,C0|L|MKT|15|v0.3.0-tier0|SPY,84.71,100,8471,-14,-0.17,0,21,0.25,-17,-0.20,-2,0.00,4
114,Exit long,2010-08-06 08:00,TX60,83.71,100,8471,-100,-1.18,0,5,0.06,-110,-1.30,-102,-0.10,4
114,Entry long,2010-08-06 07:00,C0|L|MKT|15|v0.3.0-tier0|SPY,84.71,100,8471,-100,-1.18,0,5,0.06,-110,-1.30,-102,-0.10,4
115,Exit short,2010-08-09 08:00,TX60,84.87,100,8468,-19,-0.22,0,5,0.06,-21,-0.25,-121,-0.12,4
115,Entry short,2010-08-09 07:00,C0|S|MKT|15|v0.3.0-tier0|SPY,84.68,100,8468,-19,-0.22,0,5,0.06,-21,-0.25,-121,-0.12,4
116,Exit long,2010-08-12 08:00,TX60,81.87,100,8159,28,0.34,0,41,0.50,-8,-0.10,-93,-0.09,4
116,Entry long,2010-08-12 07:00,C0|L|MKT|15|v0.3.0-tier0|SPY,81.59,100,8159,28,0.34,0,41,0.50,-8,-0.10,-93,-0.09,4
117,Exit long,2010-08-13 08:00,TX60,81.69,100,8196,-27,-0.33,0,7,0.09,-40,-0.49,-120,-0.12,4
117,Entry long,2010-08-13 07:00,C0|L|MKT|15|v0.3.0-tier0|SPY,81.96,100,8196,-27,-0.33,0,7,0.09,-40,-0.49,-120,-0.12,4
118,Exit long,2010-08-16 08:15,TX60,81.46,100,8140,6,0.07,0,28,0.34,-3,-0.04,-114,-0.11,4
118,Entry long,2010-08-16 07:15,C0|L|MKT|15|v0.3.0-tier0|SPY,81.4,100,8140,6,0.07,0,28,0.34,-3,-0.04,-114,-0.11,4
119,Exit short,2010-08-19 08:00,TX60,81.48,100,8206,58,0.71,0,80,0.97,-1,-0.01,-56,-0.06,4
119,Entry short,2010-08-19 07:00,C0|S|MKT|15|v0.3.0-tier0|SPY,82.06,100,8206,58,0.71,0,80,0.97,-1,-0.01,-56,-0.06,4
120,Exit short,2010-08-20 08:15,TX60,80.71,100,8063,-8,-0.10,0,1,0.01,-27,-0.33,-64,-0.06,4
120,Entry short,2010-08-20 07:15,C0|S|MKT|15|v0.3.0-tier0|SPY,80.63,100,8063,-8,-0.10,0,1,0.01,-27,-0.33,-64,-0.06,4
121,Exit short,2010-08-23 08:30,TX60,80.86,100,8123,37,0.46,0,44,0.54,-13,-0.16,-27,-0.03,4
121,Entry short,2010-08-23 07:30,C0|S|MKT|15|v0.3.0-tier0|SPY,81.23,100,8123,37,0.46,0,44,0.54,-13,-0.16,-27,-0.03,4
122,Exit short,2010-08-24 08:00,TX60,79.72,100,7958,-14,-0.18,0,54,0.68,-17,-0.21,-41,-0.04,4
122,Entry short,2010-08-24 07:00,C0|S|MKT|15|v0.3.0-tier0|SPY,79.58,100,7958,-14,-0.18,0,54,0.68,-17,-0.21,-41,-0.04,4
123,Exit short,2010-08-25 08:00,TX60,79.14,100,7884,-30,-0.38,0,31,0.39,-34,-0.43,-71,-0.07,4
123,Entry short,2010-08-25 07:00,C0|S|MKT|15|v0.3.0-tier0|SPY,78.84,100,7884,-30,-0.38,0,31,0.39,-34,-0.43,-71,-0.07,4
124,Exit short,2010-08-27 08:00,TX60,79.5,100,7910,-40,-0.51,0,55,0.70,-64,-0.81,-111,-0.11,4
124,Entry short,2010-08-27 07:00,C0|S|MKT|15|v0.3.0-tier0|SPY,79.1,100,7910,-40,-0.51,0,55,0.70,-64,-0.81,-111,-0.11,4
125,Exit long,2010-08-30 08:00,TX60,80.27,100,8045,-18,-0.22,0,4,0.05,-41,-0.51,-129,-0.13,4
125,Entry long,2010-08-30 07:00,C0|L|MKT|15|v0.3.0-tier0|SPY,80.45,100,8045,-18,-0.22,0,4,0.05,-41,-0.51,-129,-0.13,4
126,Exit long,2010-08-31 08:15,TX60,79.44,100,7961,-17,-0.21,0,7,0.09,-36,-0.45,-146,-0.15,4
126,Entry long,2010-08-31 07:15,C0|L|MKT|15|v0.3.0-tier0|SPY,79.61,100,7961,-17,-0.21,0,7,0.09,-36,-0.45,-146,-0.15,4
127,Exit long,2010-09-01 08:00,TX60,81.51,100,8069,82,1.02,0,92,1.14,-14,-0.17,-64,-0.06,4
127,Entry long,2010-09-01 07:00,C0|L|MKT|15|v0.3.0-tier0|SPY,80.69,100,8069,82,1.02,0,92,1.14,-14,-0.17,-64,-0.06,4
128,Exit long,2010-09-02 08:00,TX60,82.12,100,8200,12,0.15,0,18,0.22,-18,-0.22,-52,-0.05,4
128,Entry long,2010-09-02 07:00,C0|L|MKT|15|v0.3.0-tier0|SPY,82,100,8200,12,0.15,0,18,0.22,-18,-0.22,-52,-0.05,4
129,Exit short,2010-09-03 08:15,TX60,83.03,100,8308,5,0.06,0,29,0.35,-13,-0.16,-47,-0.05,4
129,Entry short,2010-09-03 07:15,C0|S|MKT|15|v0.3.0-tier0|SPY,83.08,100,8308,5,0.06,0,29,0.35,-13,-0.16,-47,-0.05,4
130,Exit short,2010-09-07 08:00,TX60,82.86,100,8273,-13,-0.16,0,9,0.11,-18,-0.22,-60,-0.06,4
130,Entry short,2010-09-07 07:00,C0|S|MKT|15|v0.3.0-tier0|SPY,82.73,100,8273,-13,-0.16,0,9,0.11,-18,-0.22,-60,-0.06,4
131,Exit long,2010-09-08 08:15,TX60,83.34,100,8321,13,0.16,0,19,0.23,-11,-0.13,-47,-0.05,4
131,Entry long,2010-09-08 07:15,C0|L|MKT|15|v0.3.0-tier0|SPY,83.21,100,8321,13,0.16,0,19,0.23,-11,-0.13,-47,-0.05,4
132,Exit short,2010-09-09 08:15,TX60,83.86,100,8374,-12,-0.14,0,11,0.13,-14,-0.17,-59,-0.06,4
132,Entry short,2010-09-09 07:15,C0|S|MKT|15|v0.3.0-tier0|SPY,83.74,100,8374,-12,-0.14,0,11,0.13,-14,-0.17,-59,-0.06,4
133,Exit long,2010-09-10 08:00,TX60,83.94,100,8376,18,0.21,0,23,0.27,-7,-0.08,-41,-0.04,4
133,Entry long,2010-09-10 07:00,C0|L|MKT|15|v0.3.0-tier0|SPY,83.76,100,8376,18,0.21,0,23,0.27,-7,-0.08,-41,-0.04,4
134,Exit long,2010-09-13 08:30,TX60,84.93,100,8493,0,0.00,0,11,0.13,-7,-0.08,-41,-0.04,4
134,Entry long,2010-09-13 07:30,C0|L|MKT|15|v0.3.0-tier0|SPY,84.93,100,8493,0,0.00,0,11,0.13,-7,-0.08,-41,-0.04,4
135,Exit long,2010-09-15 08:00,TX60,84.92,100,8463,29,0.34,0,31,0.37,-2,-0.02,-12,-0.01,4
135,Entry long,2010-09-15 07:00,C0|L|MKT|15|v0.3.0-tier0|SPY,84.63,100,8463,29,0.34,0,31,0.37,-2,-0.02,-12,-0.01,4
136,Exit short,2010-09-17 08:00,TX60,85.19,100,8510,-9,-0.11,0,18,0.21,-17,-0.20,-21,-0.02,4
136,Entry short,2010-09-17 07:00,C0|S|MKT|15|v0.3.0-tier0|SPY,85.1,100,8510,-9,-0.11,0,18,0.21,-17,-0.20,-21,-0.02,4
137,Exit long,2010-09-20 08:00,TX60,86.1,100,8552,58,0.68,0,60,0.70,-10,-0.12,37,0.04,4
137,Entry long,2010-09-20 07:00,C0|L|MKT|15|v0.3.0-tier0|SPY,85.52,100,8552,58,0.68,0,60,0.70,-10,-0.12,37,0.04,4
138,Exit short,2010-09-22 08:30,TX60,85.76,100,8607,31,0.36,0,44,0.51,-9,-0.10,68,0.07,4
138,Entry short,2010-09-22 07:30,C0|S|MKT|15|v0.3.0-tier0|SPY,86.07,100,8607,31,0.36,0,44,0.51,-9,-0.10,68,0.07,4
139,Exit long,2010-09-23 08:15,TX60,85.77,100,8549,28,0.33,0,37,0.43,-13,-0.15,96,0.10,4
139,Entry long,2010-09-23 07:15,C0|L|MKT|15|v0.3.0-tier0|SPY,85.49,100,8549,28,0.33,0,37,0.43,-13,-0.15,96,0.10,4
140,Exit long,2010-09-24 08:00,TX60,86.69,100,8647,22,0.25,0,36,0.42,-10,-0.12,118,0.12,4
140,Entry long,2010-09-24 07:00,C0|L|MKT|15|v0.3.0-tier0|SPY,86.47,100,8647,22,0.25,0,36,0.42,-10,-0.12,118,0.12,4
141,Exit short,2010-09-27 08:00,TX60,86.83,100,8668,-15,-0.17,0,9,0.10,-23,-0.27,103,0.10,4
141,Entry short,2010-09-27 07:00,C0|S|MKT|15|v0.3.0-tier0|SPY,86.68,100,8668,-15,-0.17,0,9,0.10,-23,-0.27,103,0.10,4
142,Exit short,2010-09-28 08:15,TX60,86.32,100,8588,-44,-0.51,0,8,0.09,-54,-0.63,59,0.06,4
142,Entry short,2010-09-28 07:15,C0|S|MKT|15|v0.3.0-tier0|SPY,85.88,100,8588,-44,-0.51,0,8,0.09,-54,-0.63,59,0.06,4
143,Exit short,2010-10-01 08:30,TX60,86.43,100,8648,5,0.06,0,24,0.28,-11,-0.13,64,0.06,4
143,Entry short,2010-10-01 07:30,C0|S|MKT|15|v0.3.0-tier0|SPY,86.48,100,8648,5,0.06,0,24,0.28,-11,-0.13,64,0.06,4
144,Exit long,2010-10-05 08:00,TX60,87.37,100,8721,16,0.18,0,30,0.34,-25,-0.29,80,0.08,4
144,Entry long,2010-10-05 07:00,C0|L|MKT|15|v0.3.0-tier0|SPY,87.21,100,8721,16,0.18,0,30,0.34,-25,-0.29,80,0.08,4
145,Exit short,2010-10-07 08:00,TX60,87.79,100,8765,-14,-0.16,0,8,0.09,-35,-0.40,66,0.07,4
145,Entry short,2010-10-07 07:00,C0|S|MKT|15|v0.3.0-tier0|SPY,87.65,100,8765,-14,-0.16,0,8,0.09,-35,-0.40,66,0.07,4
146,Exit short,2010-10-08 08:30,TX60,88.13,100,8756,-57,-0.65,0,2,0.02,-60,-0.69,9,0.01,4
146,Entry short,2010-10-08 07:30,C0|S|MKT|15|v0.3.0-tier0|SPY,87.56,100,8756,-57,-0.65,0,2,0.02,-60,-0.69,9,0.01,4
147,Exit long,2010-10-11 08:30,TX60,88.33,100,8849,-16,-0.18,0,5,0.06,-31,-0.35,-7,-0.01,4
147,Entry long,2010-10-11 07:30,C0|L|MKT|15|v0.3.0-tier0|SPY,88.49,100,8849,-16,-0.18,0,5,0.06,-31,-0.35,-7,-0.01,4
148,Exit short,2010-10-12 08:00,TX60,88.1,100,8772,-38,-0.43,0,6,0.07,-47,-0.54,-45,-0.04,4
148,Entry short,2010-10-12 07:00,C0|S|MKT|15|v0.3.0-tier0|SPY,87.72,100,8772,-38,-0.43,0,6,0.07,-47,-0.54,-45,-0.04,4
149,Exit long,2010-10-13 08:15,TX60,89.49,100,8913,36,0.40,0,41,0.46,-7,-0.08,-9,-0.01,4
149,Entry long,2010-10-13 07:15,C0|L|MKT|15|v0.3.0-tier0|SPY,89.13,100,8913,36,0.40,0,41,0.46,-7,-0.08,-9,-0.01,4
150,Exit short,2010-10-15 08:00,TX60,88.79,100,8898,19,0.21,0,60,0.67,-15,-0.17,10,0.01,4
150,Entry short,2010-10-15 07:00,C0|S|MKT|15|v0.3.0-tier0|SPY,88.98,100,8898,19,0.21,0,60,0.67,-15,-0.17,10,0.01,4
151,Exit long,2010-10-18 08:00,TX60,89.49,100,8932,17,0.19,0,21,0.24,-10,-0.11,27,0.03,4
151,Entry long,2010-10-18 07:00,C0|L|MKT|15|v0.3.0-tier0|SPY,89.32,100,8932,17,0.19,0,21,0.24,-10,-0.11,27,0.03,4
152,Exit long,2010-10-19 08:30,TX60,88.83,100,8895,-12,-0.13,0,15,0.17,-20,-0.22,15,0.02,4
152,Entry long,2010-10-19 07:30,C0|L|MKT|15|v0.3.0-tier0|SPY,88.95,100,8895,-12,-0.13,0,15,0.17,-20,-0.22,15,0.02,4
153,Exit long,2010-10-21 08:15,TX60,89.91,100,9006,-15,-0.17,0,8,0.09,-18,-0.20,0,0.00,4
153,Entry long,2010-10-21 07:15,C0|L|MKT|15|v0.3.0-tier0|SPY,90.06,100,9006,-15,-0.17,0,8,0.09,-18,-0.20,0,0.00,4
154,Exit short,2010-10-22 08:00,TX60,89.56,100,8940,-16,-0.18,0,7,0.08,-23,-0.26,-16,-0.02,4
154,Entry short,2010-10-22 07:00,C0|S|MKT|15|v0.3.0-tier0|SPY,89.4,100,8940,-16,-0.18,0,7,0.08,-23,-0.26,-16,-0.02,4
155,Exit long,2010-10-25 08:00,TX60,90.14,100,9049,-35,-0.39,0,16,0.18,-45,-0.50,-51,-0.05,4
155,Entry long,2010-10-25 07:00,C0|L|MKT|15|v0.3.0-tier0|SPY,90.49,100,9049,-35,-0.39,0,16,0.18,-45,-0.50,-51,-0.05,4
156,Exit long,2010-10-26 08:00,TX60,89.77,100,8944,33,0.37,0,42,0.47,-2,-0.02,-18,-0.02,4
156,Entry long,2010-10-26 07:00,C0|L|MKT|15|v0.3.0-tier0|SPY,89.44,100,8944,33,0.37,0,42,0.47,-2,-0.02,-18,-0.02,4
157,Exit long,2010-10-27 08:00,TX60,88.93,100,8948,-55,-0.61,0,12,0.13,-55,-0.61,-73,-0.07,4
157,Entry long,2010-10-27 07:00,C0|L|MKT|15|v0.3.0-tier0|SPY,89.48,100,8948,-55,-0.61,0,12,0.13,-55,-0.61,-73,-0.07,4
158,Exit short,2010-10-28 08:00,TX60,89.52,100,8994,42,0.47,0,59,0.66,-9,-0.10,-31,-0.03,4
158,Entry short,2010-10-28 07:00,C0|S|MKT|15|v0.3.0-tier0|SPY,89.94,100,8994,42,0.47,0,59,0.66,-9,-0.10,-31,-0.03,4
159,Exit long,2010-10-29 08:30,TX60,89.62,100,8975,-13,-0.14,0,3,0.03,-22,-0.25,-44,-0.04,4
159,Entry long,2010-10-29 07:30,C0|L|MKT|15|v0.3.0-tier0|SPY,89.75,100,8975,-13,-0.14,0,3,0.03,-22,-0.25,-44,-0.04,4
160,Exit long,2010-11-01 08:15,TX60,90.26,100,9052,-26,-0.29,0,5,0.06,-37,-0.41,-70,-0.07,4
160,Entry long,2010-11-01 07:15,C0|L|MKT|15|v0.3.0-tier0|SPY,90.52,100,9052,-26,-0.29,0,5,0.06,-37,-0.41,-70,-0.07,4
161,Exit short,2010-11-02 08:15,TX60,90.37,100,9028,-9,-0.10,0,12,0.13,-12,-0.13,-79,-0.08,4
161,Entry short,2010-11-02 07:15,C0|S|MKT|15|v0.3.0-tier0|SPY,90.28,100,9028,-9,-0.10,0,12,0.13,-12,-0.13,-79,-0.08,4
162,Exit long,2010-11-04 08:30,TX60,92.13,100,9204,9,0.10,0,28,0.30,-8,-0.09,-70,-0.07,4
162,Entry long,2010-11-04 07:30,C0|L|MKT|15|v0.3.0-tier0|SPY,92.04,100,9204,9,0.10,0,28,0.30,-8,-0.09,-70,-0.07,4
163,Exit long,2010-11-05 08:30,TX60,92.9,100,9289,1,0.01,0,15,0.16,-2,-0.02,-69,-0.07,4
163,Entry long,2010-11-05 07:30,C0|L|MKT|15|v0.3.0-tier0|SPY,92.89,100,9289,1,0.01,0,15,0.16,-2,-0.02,-69,-0.07,4
164,Exit short,2010-11-08 08:00,TX60,92.4,100,9243,3,0.03,0,8,0.09,-20,-0.22,-66,-0.07,4
164,Entry short,2010-11-08 07:00,C0|S|MKT|15|v0.3.0-tier0|SPY,92.43,100,9243,3,0.03,0,8,0.09,-20,-0.22,-66,-0.07,4
165,Exit short,2010-11-10 08:00,TX60,91.66,100,9159,-7,-0.08,0,25,0.27,-14,-0.15,-73,-0.07,4
165,Entry short,2010-11-10 07:00,C0|S|MKT|15|v0.3.0-tier0|SPY,91.59,100,9159,-7,-0.08,0,25,0.27,-14,-0.15,-73,-0.07,4
166,Exit long,2010-11-11 08:30,TX60,91.57,100,9178,-21,-0.23,0,3,0.03,-25,-0.27,-94,-0.09,4
166,Entry long,2010-11-11 07:30,C0|L|MKT|15|v0.3.0-tier0|SPY,91.78,100,9178,-21,-0.23,0,3,0.03,-25,-0.27,-94,-0.09,4
167,Exit long,2010-11-12 08:00,TX60,91.12,100,9176,-64,-0.70,0,8,0.09,-69,-0.75,-158,-0.16,4
167,Entry long,2010-11-12 07:00,C0|L|MKT|15|v0.3.0-tier0|SPY,91.76,100,9176,-64,-0.70,0,8,0.09,-69,-0.75,-158,-0.16,4
168,Exit short,2010-11-15 08:00,TX60,91.27,100,9117,-10,-0.11,0,16,0.18,-21,-0.23,-168,-0.17,4
168,Entry short,2010-11-15 07:00,C0|S|MKT|15|v0.3.0-tier0|SPY,91.17,100,9117,-10,-0.11,0,16,0.18,-21,-0.23,-168,-0.17,4
169,Exit long,2010-11-17 08:15,TX60,89.69,100,8976,-7,-0.08,0,9,0.10,-25,-0.28,-175,-0.17,4
169,Entry long,2010-11-17 07:15,C0|L|MKT|15|v0.3.0-tier0|SPY,89.76,100,8976,-7,-0.08,0,9,0.10,-25,-0.28,-175,-0.17,4
170,Exit long,2010-11-18 08:15,TX60,90.98,100,9095,3,0.03,0,15,0.16,-6,-0.07,-172,-0.17,4
170,Entry long,2010-11-18 07:15,C0|L|MKT|15|v0.3.0-tier0|SPY,90.95,100,9095,3,0.03,0,15,0.16,-6,-0.07,-172,-0.17,4
171,Exit short,2010-11-19 08:30,TX60,90.7,100,9040,-30,-0.33,0,8,0.09,-34,-0.38,-202,-0.20,4
171,Entry short,2010-11-19 07:30,C0|S|MKT|15|v0.3.0-tier0|SPY,90.4,100,9040,-30,-0.33,0,8,0.09,-34,-0.38,-202,-0.20,4
172,Exit long,2010-11-22 08:00,TX60,90.47,100,9097,-50,-0.55,0,3,0.03,-57,-0.63,-252,-0.25,4
172,Entry long,2010-11-22 07:00,C0|L|MKT|15|v0.3.0-tier0|SPY,90.97,100,9097,-50,-0.55,0,3,0.03,-57,-0.63,-252,-0.25,4
173,Exit short,2010-11-23 08:00,TX60,89.87,100,8959,-28,-0.31,0,11,0.12,-35,-0.39,-280,-0.28,4
173,Entry short,2010-11-23 07:00,C0|S|MKT|15|v0.3.0-tier0|SPY,89.59,100,8959,-28,-0.31,0,11,0.12,-35,-0.39,-280,-0.28,4
174,Exit long,2010-11-24 08:30,TX60,90.73,100,9069,4,0.04,0,18,0.20,-4,-0.04,-276,-0.28,4
174,Entry long,2010-11-24 07:30,C0|L|MKT|15|v0.3.0-tier0|SPY,90.69,100,9069,4,0.04,0,18,0.20,-4,-0.04,-276,-0.28,4
175,Exit long,2010-11-26 08:00,TX60,90.4,100,9053,-13,-0.14,0,16,0.18,-13,-0.14,-289,-0.29,4
175,Entry long,2010-11-26 07:00,C0|L|MKT|15|v0.3.0-tier0|SPY,90.53,100,9053,-13,-0.14,0,16,0.18,-13,-0.14,-289,-0.29,4
176,Exit short,2010-11-29 08:00,TX60,89.44,100,8934,-10,-0.11,0,21,0.24,-36,-0.40,-299,-0.30,4
176,Entry short,2010-11-29 07:00,C0|S|MKT|15|v0.3.0-tier0|SPY,89.34,100,8934,-10,-0.11,0,21,0.24,-36,-0.40,-299,-0.30,4
177,Exit long,2010-11-30 08:00,TX60,89.69,100,8962,7,0.08,0,37,0.41,-12,-0.13,-292,-0.29,4
177,Entry long,2010-11-30 07:00,C0|L|MKT|15|v0.3.0-tier0|SPY,89.62,100,8962,7,0.08,0,37,0.41,-12,-0.13,-292,-0.29,4
178,Exit long,2010-12-01 08:00,TX60,91.2,100,9133,-13,-0.14,0,9,0.10,-26,-0.28,-305,-0.30,4
178,Entry long,2010-12-01 07:00,C0|L|MKT|15|v0.3.0-tier0|SPY,91.33,100,9133,-13,-0.14,0,9,0.10,-26,-0.28,-305,-0.30,4
179,Exit long,2010-12-02 08:00,TX60,92.46,100,9212,34,0.37,0,36,0.39,0,0.00,-271,-0.27,4
179,Entry long,2010-12-02 07:00,C0|L|MKT|15|v0.3.0-tier0|SPY,92.12,100,9212,34,0.37,0,36,0.39,0,0.00,-271,-0.27,4
180,Exit long,2010-12-06 08:30,TX60,92.84,100,9301,-17,-0.18,0,2,0.02,-24,-0.26,-288,-0.29,4
180,Entry long,2010-12-06 07:30,C0|L|MKT|15|v0.3.0-tier0|SPY,93.01,100,9301,-17,-0.18,0,2,0.02,-24,-0.26,-288,-0.29,4
181,Exit short,2010-12-07 08:00,TX60,93.52,100,9357,5,0.05,0,24,0.26,-4,-0.04,-283,-0.28,4
181,Entry short,2010-12-07 07:00,C0|S|MKT|15|v0.3.0-tier0|SPY,93.57,100,9357,5,0.05,0,24,0.26,-4,-0.04,-283,-0.28,4
182,Exit short,2010-12-08 08:30,TX60,92.99,100,9296,-3,-0.03,0,29,0.31,-8,-0.09,-286,-0.29,4
182,Entry short,2010-12-08 07:30,C0|S|MKT|15|v0.3.0-tier0|SPY,92.96,100,9296,-3,-0.03,0,29,0.31,-8,-0.09,-286,-0.29,4
183,Exit short,2010-12-09 08:30,TX60,93.46,100,9354,8,0.09,0,24,0.26,-6,-0.06,-278,-0.28,4
183,Entry short,2010-12-09 07:30,C0|S|MKT|15|v0.3.0-tier0|SPY,93.54,100,9354,8,0.09,0,24,0.26,-6,-0.06,-278,-0.28,4
184,Exit short,2010-12-10 08:15,TX60,93.88,100,9374,-14,-0.15,0,6,0.06,-19,-0.20,-292,-0.29,4
184,Entry short,2010-12-10 07:15,C0|S|MKT|15|v0.3.0-tier0|SPY,93.74,100,9374,-14,-0.15,0,6,0.06,-19,-0.20,-292,-0.29,4
185,Exit long,2010-12-14 08:15,TX60,94.54,100,9456,-2,-0.02,0,11,0.12,-6,-0.06,-294,-0.29,4
185,Entry long,2010-12-14 07:15,C0|L|MKT|15|v0.3.0-tier0|SPY,94.56,100,9456,-2,-0.02,0,11,0.12,-6,-0.06,-294,-0.29,4
186,Exit long,2010-12-15 08:00,TX60,94.48,100,9443,5,0.05,0,14,0.15,-2,-0.02,-289,-0.29,4
186,Entry long,2010-12-15 07:00,C0|L|MKT|15|v0.3.0-tier0|SPY,94.43,100,9443,5,0.05,0,14,0.15,-2,-0.02,-289,-0.29,4
187,Exit short,2010-12-16 08:00,TX60,94.01,100,9372,-29,-0.31,0,4,0.04,-33,-0.35,-318,-0.32,4
187,Entry short,2010-12-16 07:00,C0|S|MKT|15|v0.3.0-tier0|SPY,93.72,100,9372,-29,-0.31,0,4,0.04,-33,-0.35,-318,-0.32,4
188,Exit short,2010-12-20 08:15,TX60,94.47,100,9455,8,0.08,0,20,0.21,-4,-0.04,-310,-0.31,4
188,Entry short,2010-12-20 07:15,C0|S|MKT|15|v0.3.0-tier0|SPY,94.55,100,9455,8,0.08,0,20,0.21,-4,-0.04,-310,-0.31,4
189,Exit long,2010-12-21 08:30,TX60,95.26,100,9523,3,0.03,0,4,0.04,-6,-0.06,-307,-0.31,4
189,Entry long,2010-12-21 07:30,C0|L|MKT|15|v0.3.0-tier0|SPY,95.23,100,9523,3,0.03,0,4,0.04,-6,-0.06,-307,-0.31,4
190,Exit long,2010-12-27 08:15,TX60,95.4,100,9534,6,0.06,0,12,0.13,-2,-0.02,-301,-0.30,4
190,Entry long,2010-12-27 07:15,C0|L|MKT|15|v0.3.0-tier0|SPY,95.34,100,9534,6,0.06,0,12,0.13,-2,-0.02,-301,-0.30,4
191,Exit short,2010-12-28 08:15,TX60,95.57,100,9551,-6,-0.06,0,1,0.01,-12,-0.13,-307,-0.31,4
191,Entry short,2010-12-28 07:15,C0|S|MKT|15|v0.3.0-tier0|SPY,95.51,100,9551,-6,-0.06,0,1,0.01,-12,-0.13,-307,-0.31,4
192,Exit long,2010-12-29 08:15,TX60,95.87,100,9594,-7,-0.07,0,3,0.03,-7,-0.07,-314,-0.31,4
192,Entry long,2010-12-29 07:15,C0|L|MKT|15|v0.3.0-tier0|SPY,95.94,100,9594,-7,-0.07,0,3,0.03,-7,-0.07,-314,-0.31,4
193,Exit short,2010-12-30 08:15,TX60,95.7,100,9558,-12,-0.13,0,0,0.00,-17,-0.18,-326,-0.33,4
193,Entry short,2010-12-30 07:15,C0|S|MKT|15|v0.3.0-tier0|SPY,95.58,100,9558,-12,-0.13,0,0,0.00,-17,-0.18,-326,-0.33,4
194,Exit long,2011-01-03 08:00,TX60,96.95,100,9675,20,0.21,0,22,0.23,-13,-0.13,-306,-0.31,4
194,Entry long,2011-01-03 07:00,C0|L|MKT|15|v0.3.0-tier0|SPY,96.75,100,9675,20,0.21,0,22,0.23,-13,-0.13,-306,-0.31,4
195,Exit short,2011-01-04 08:00,TX60,96.43,100,9655,12,0.12,0,15,0.16,-8,-0.08,-294,-0.29,4
195,Entry short,2011-01-04 07:00,C0|S|MKT|15|v0.3.0-tier0|SPY,96.55,100,9655,12,0.12,0,15,0.16,-8,-0.08,-294,-0.29,4
196,Exit long,2011-01-05 08:15,TX60,96.68,100,9660,8,0.08,0,12,0.12,-15,-0.16,-286,-0.29,4
196,Entry long,2011-01-05 07:15,C0|L|MKT|15|v0.3.0-tier0|SPY,96.6,100,9660,8,0.08,0,12,0.12,-15,-0.16,-286,-0.29,4
197,Exit short,2011-01-06 08:15,TX60,96.78,100,9700,22,0.23,0,35,0.36,-26,-0.27,-264,-0.26,4
197,Entry short,2011-01-06 07:15,C0|S|MKT|15|v0.3.0-tier0|SPY,97,100,9700,22,0.23,0,35,0.36,-26,-0.27,-264,-0.26,4
198,Exit short,2011-01-07 08:00,TX60,96.78,100,9684,6,0.06,0,15,0.15,-29,-0.30,-258,-0.26,4
198,Entry short,2011-01-07 07:00,C0|S|MKT|15|v0.3.0-tier0|SPY,96.84,100,9684,6,0.06,0,15,0.15,-29,-0.30,-258,-0.26,4
199,Exit short,2011-01-10 08:00,TX60,96.3,100,9607,-23,-0.24,0,4,0.04,-49,-0.51,-281,-0.28,4
199,Entry short,2011-01-10 07:00,C0|S|MKT|15|v0.3.0-tier0|SPY,96.07,100,9607,-23,-0.24,0,4,0.04,-49,-0.51,-281,-0.28,4
200,Exit short,2011-01-11 08:00,TX60,97.05,100,9686,-19,-0.20,0,4,0.04,-21,-0.22,-300,-0.30,4
200,Entry short,2011-01-11 07:00,C0|S|MKT|15|v0.3.0-tier0|SPY,96.86,100,9686,-19,-0.20,0,4,0.04,-21,-0.22,-300,-0.30,4
201,Exit long,2011-01-12 08:30,TX60,97.83,100,9763,20,0.20,0,27,0.28,-6,-0.06,-280,-0.28,4
201,Entry long,2011-01-12 07:30,C0|L|MKT|15|v0.3.0-tier0|SPY,97.63,100,9763,20,0.20,0,27,0.28,-6,-0.06,-280,-0.28,4
202,Exit short,2011-01-13 08:15,TX60,97.83,100,9764,-19,-0.19,0,4,0.04,-20,-0.20,-299,-0.30,4
202,Entry short,2011-01-13 07:15,C0|S|MKT|15|v0.3.0-tier0|SPY,97.64,100,9764,-19,-0.19,0,4,0.04,-20,-0.20,-299,-0.30,4
203,Exit long,2011-01-14 08:15,TX60,98,100,9783,17,0.17,0,23,0.24,-22,-0.22,-282,-0.28,4
203,Entry long,2011-01-14 07:15,C0|L|MKT|15|v0.3.0-tier0|SPY,97.83,100,9783,17,0.17,0,23,0.24,-22,-0.22,-282,-0.28,4
204,Exit short,2011-01-19 08:00,TX60,97.97,100,9822,25,0.25,0,39,0.40,-10,-0.10,-257,-0.26,4
204,Entry short,2011-01-19 07:00,C0|S|MKT|15|v0.3.0-tier0|SPY,98.22,100,9822,25,0.25,0,39,0.40,-10,-0.10,-257,-0.26,4
205,Exit long,2011-01-21 08:00,TX60,97.9,100,9824,-34,-0.35,0,5,0.05,-40,-0.41,-291,-0.29,4
205,Entry long,2011-01-21 07:00,C0|L|MKT|15|v0.3.0-tier0|SPY,98.24,100,9824,-34,-0.35,0,5,0.05,-40,-0.41,-291,-0.29,4
206,Exit long,2011-01-24 08:30,TX60,98.12,100,9786,26,0.27,0,30,0.31,-6,-0.06,-265,-0.26,4
206,Entry long,2011-01-24 07:30,C0|L|MKT|15|v0.3.0-tier0|SPY,97.86,100,9786,26,0.27,0,30,0.31,-6,-0.06,-265,-0.26,4
207,Exit long,2011-01-25 08:00,TX60,98.15,100,9814,1,0.01,0,18,0.18,-24,-0.24,-264,-0.26,4
207,Entry long,2011-01-25 07:00,C0|L|MKT|15|v0.3.0-tier0|SPY,98.14,100,9814,1,0.01,0,18,0.18,-24,-0.24,-264,-0.26,4
208,Exit long,2011-01-26 08:15,TX60,98.76,100,9869,7,0.07,0,22,0.22,-6,-0.06,-257,-0.26,4
208,Entry long,2011-01-26 07:15,C0|L|MKT|15|v0.3.0-tier0|SPY,98.69,100,9869,7,0.07,0,22,0.22,-6,-0.06,-257,-0.26,4
209,Exit long,2011-01-27 08:00,TX60,98.88,100,9890,-2,-0.02,0,15,0.15,-15,-0.15,-259,-0.26,4
209,Entry long,2011-01-27 07:00,C0|L|MKT|15|v0.3.0-tier0|SPY,98.9,100,9890,-2,-0.02,0,15,0.15,-15,-0.15,-259,-0.26,4
210,Exit short,2011-01-28 08:00,TX60,98.08,100,9888,80,0.81,0,82,0.83,-1,-0.01,-179,-0.18,4
210,Entry short,2011-01-28 07:00,C0|S|MKT|15|v0.3.0-tier0|SPY,98.88,100,9888,80,0.81,0,82,0.83,-1,-0.01,-179,-0.18,4
211,Exit short,2011-01-31 08:00,TX60,97.59,100,9728,-31,-0.32,0,6,0.06,-36,-0.37,-210,-0.21,4
211,Entry short,2011-01-31 07:00,C0|S|MKT|15|v0.3.0-tier0|SPY,97.28,100,9728,-31,-0.32,0,6,0.06,-36,-0.37,-210,-0.21,4
212,Exit long,2011-02-01 08:00,TX60,99.11,100,9883,28,0.28,0,30,0.30,-14,-0.14,-182,-0.18,4
212,Entry long,2011-02-01 07:00,C0|L|MKT|15|v0.3.0-tier0|SPY,98.83,100,9883,28,0.28,0,30,0.30,-14,-0.14,-182,-0.18,4
213,Exit long,2011-02-02 08:00,TX60,99.43,100,9946,-3,-0.03,0,10,0.10,-25,-0.25,-185,-0.18,4
213,Entry long,2011-02-02 07:00,C0|L|MKT|15|v0.3.0-tier0|SPY,99.46,100,9946,-3,-0.03,0,10,0.10,-25,-0.25,-185,-0.18,4
214,Exit short,2011-02-03 08:15,TX60,98.91,100,9870,-21,-0.21,0,10,0.10,-30,-0.30,-206,-0.21,4
214,Entry short,2011-02-03 07:15,C0|S|MKT|15|v0.3.0-tier0|SPY,98.7,100,9870,-21,-0.21,0,10,0.10,-30,-0.30,-206,-0.21,4
215,Exit long,2011-02-07 08:15,TX60,100.61,100,10035,26,0.26,0,37,0.37,-4,-0.04,-180,-0.18,4
215,Entry long,2011-02-07 07:15,C0|L|MKT|15|v0.3.0-tier0|SPY,100.35,100,10035,26,0.26,0,37,0.37,-4,-0.04,-180,-0.18,4
216,Exit long,2011-02-08 08:15,TX60,100.57,100,10054,3,0.03,0,16,0.16,-11,-0.11,-177,-0.18,4
216,Entry long,2011-02-08 07:15,C0|L|MKT|15|v0.3.0-tier0|SPY,100.54,100,10054,3,0.03,0,16,0.16,-11,-0.11,-177,-0.18,4
217,Exit long,2011-02-09 08:30,TX60,100.4,100,10074,-34,-0.34,0,18,0.18,-39,-0.39,-211,-0.21,4
217,Entry long,2011-02-09 07:30,C0|L|MKT|15|v0.3.0-tier0|SPY,100.74,100,10074,-34,-0.34,0,18,0.18,-39,-0.39,-211,-0.21,4
218,Exit short,2011-02-10 08:00,TX60,100.34,100,10009,-25,-0.25,0,17,0.17,-46,-0.46,-236,-0.24,4
218,Entry short,2011-02-10 07:00,C0|S|MKT|15|v0.3.0-tier0|SPY,100.09,100,10009,-25,-0.25,0,17,0.17,-46,-0.46,-236,-0.24,4
219,Exit long,2011-02-11 08:00,TX60,101.02,100,10054,48,0.48,0,51,0.51,-5,-0.05,-188,-0.19,4
219,Entry long,2011-02-11 07:00,C0|L|MKT|15|v0.3.0-tier0|SPY,100.54,100,10054,48,0.48,0,51,0.51,-5,-0.05,-188,-0.19,4
220,Exit long,2011-02-14 08:30,TX60,101.3,100,10136,-6,-0.06,0,2,0.02,-24,-0.24,-194,-0.19,4
220,Entry long,2011-02-14 07:30,C0|L|MKT|15|v0.3.0-tier0|SPY,101.36,100,10136,-6,-0.06,0,2,0.02,-24,-0.24,-194,-0.19,4
221,Exit long,2011-02-15 08:00,TX60,101.15,100,10133,-18,-0.18,0,4,0.04,-38,-0.38,-212,-0.21,4
221,Entry long,2011-02-15 07:00,C0|L|MKT|15|v0.3.0-tier0|SPY,101.33,100,10133,-18,-0.18,0,4,0.04,-38,-0.38,-212,-0.21,4
222,Exit long,2011-02-16 08:00,TX60,101.96,100,10169,27,0.27,0,28,0.28,-15,-0.15,-185,-0.18,4
222,Entry long,2011-02-16 07:00,C0|L|MKT|15|v0.3.0-tier0|SPY,101.69,100,10169,27,0.27,0,28,0.28,-15,-0.15,-185,-0.18,4
223,Exit long,2011-02-17 08:00,TX60,101.75,100,10165,10,0.10,0,17,0.17,-6,-0.06,-175,-0.17,4
223,Entry long,2011-02-17 07:00,C0|L|MKT|15|v0.3.0-tier0|SPY,101.65,100,10165,10,0.10,0,17,0.17,-6,-0.06,-175,-0.17,4
224,Exit long,2011-02-22 08:00,TX60,101.62,100,10162,0,0.00,0,24,0.24,-11,-0.11,-175,-0.17,4
224,Entry long,2011-02-22 07:00,C0|L|MKT|15|v0.3.0-tier0|SPY,101.62,100,10162,0,0.00,0,24,0.24,-11,-0.11,-175,-0.17,4
225,Exit short,2011-02-23 08:00,TX60,100.19,100,10011,-8,-0.08,0,26,0.26,-21,-0.21,-183,-0.18,4
225,Entry short,2011-02-23 07:00,C0|S|MKT|15|v0.3.0-tier0|SPY,100.11,100,10011,-8,-0.08,0,26,0.26,-21,-0.21,-183,-0.18,4
226,Exit long,2011-02-25 08:00,TX60,100.54,100,10038,16,0.16,0,23,0.23,-1,-0.01,-167,-0.17,4
226,Entry long,2011-02-25 07:00,C0|L|MKT|15|v0.3.0-tier0|SPY,100.38,100,10038,16,0.16,0,23,0.23,-1,-0.01,-167,-0.17,4
227,Exit short,2011-03-01 08:00,TX60,101.04,100,10125,21,0.21,0,64,0.63,-15,-0.15,-146,-0.15,4
227,Entry short,2011-03-01 07:00,C0|S|MKT|15|v0.3.0-tier0|SPY,101.25,100,10125,21,0.21,0,64,0.63,-15,-0.15,-146,-0.15,4
228,Exit long,2011-03-02 08:00,TX60,100.13,100,9984,29,0.29,0,38,0.38,-9,-0.09,-117,-0.12,4
228,Entry long,2011-03-02 07:00,C0|L|MKT|15|v0.3.0-tier0|SPY,99.84,100,9984,29,0.29,0,38,0.38,-9,-0.09,-117,-0.12,4
229,Exit short,2011-03-04 08:15,TX60,100.91,100,10095,4,0.04,0,21,0.21,-16,-0.16,-113,-0.11,4
229,Entry short,2011-03-04 07:15,C0|S|MKT|15|v0.3.0-tier0|SPY,100.95,100,10095,4,0.04,0,21,0.21,-16,-0.16,-113,-0.11,4
230,Exit short,2011-03-07 08:15,TX60,100.23,100,10092,69,0.68,0,71,0.70,-15,-0.15,-44,-0.04,4
230,Entry short,2011-03-07 07:15,C0|S|MKT|15|v0.3.0-tier0|SPY,100.92,100,10092,69,0.68,0,71,0.70,-15,-0.15,-44,-0.04,4
231,Exit long,2011-03-08 08:15,TX60,100.62,100,10049,13,0.13,0,21,0.21,-8,-0.08,-31,-0.03,4
231,Entry long,2011-03-08 07:15,C0|L|MKT|15|v0.3.0-tier0|SPY,100.49,100,10049,13,0.13,0,21,0.21,-8,-0.08,-31,-0.03,4
232,Exit long,2011-03-09 08:30,TX60,100.46,100,10086,-40,-0.40,0,10,0.10,-72,-0.71,-71,-0.07,4
232,Entry long,2011-03-09 07:30,C0|L|MKT|15|v0.3.0-tier0|SPY,100.86,100,10086,-40,-0.40,0,10,0.10,-72,-0.71,-71,-0.07,4
233,Exit long,2011-03-15 08:30,TX60,97.3,100,9723,7,0.07,0,10,0.10,-24,-0.25,-64,-0.06,4
233,Entry long,2011-03-15 07:30,C0|L|MKT|15|v0.3.0-tier0|SPY,97.23,100,9723,7,0.07,0,10,0.10,-24,-0.25,-64,-0.06,4
234,Exit short,2011-03-17 08:00,TX60,97.49,100,9708,-41,-0.42,0,6,0.06,-61,-0.63,-105,-0.10,4
234,Entry short,2011-03-17 07:00,C0|S|MKT|15|v0.3.0-tier0|SPY,97.08,100,9708,-41,-0.42,0,6,0.06,-61,-0.63,-105,-0.10,4
235,Exit short,2011-03-18 08:15,TX60,98.23,100,9809,-14,-0.14,0,20,0.20,-29,-0.30,-119,-0.12,4
235,Entry short,2011-03-18 07:15,C0|S|MKT|15|v0.3.0-tier0|SPY,98.09,100,9809,-14,-0.14,0,20,0.20,-29,-0.30,-119,-0.12,4
236,Exit long,2011-03-21 08:00,TX60,99.17,100,9915,2,0.02,0,21,0.21,-7,-0.07,-117,-0.12,4
236,Entry long,2011-03-21 07:00,C0|L|MKT|15|v0.3.0-tier0|SPY,99.15,100,9915,2,0.02,0,21,0.21,-7,-0.07,-117,-0.12,4
237,Exit short,2011-03-22 08:00,TX60,98.79,100,9896,17,0.17,0,17,0.17,-26,-0.26,-100,-0.10,4
237,Entry short,2011-03-22 07:00,C0|S|MKT|15|v0.3.0-tier0|SPY,98.96,100,9896,17,0.17,0,17,0.17,-26,-0.26,-100,-0.10,4
238,Exit short,2011-03-23 08:15,TX60,98.38,100,9815,-23,-0.23,0,5,0.05,-30,-0.31,-123,-0.12,4
238,Entry short,2011-03-23 07:15,C0|S|MKT|15|v0.3.0-tier0|SPY,98.15,100,9815,-23,-0.23,0,5,0.05,-30,-0.31,-123,-0.12,4
239,Exit short,2011-03-24 08:00,TX60,99.77,100,9928,-49,-0.49,0,17,0.17,-52,-0.52,-172,-0.17,4
239,Entry short,2011-03-24 07:00,C0|S|MKT|15|v0.3.0-tier0|SPY,99.28,100,9928,-49,-0.49,0,17,0.17,-52,-0.52,-172,-0.17,4
240,Exit long,2011-03-28 08:00,TX60,100.59,100,10068,-9,-0.09,0,14,0.14,-11,-0.11,-181,-0.18,4
240,Entry long,2011-03-28 07:00,C0|L|MKT|15|v0.3.0-tier0|SPY,100.68,100,10068,-9,-0.09,0,14,0.14,-11,-0.11,-181,-0.18,4
241,Exit long,2011-03-29 08:15,TX60,100.35,100,10016,19,0.19,0,23,0.23,-7,-0.07,-162,-0.16,4
241,Entry long,2011-03-29 07:15,C0|L|MKT|15|v0.3.0-tier0|SPY,100.16,100,10016,19,0.19,0,23,0.23,-7,-0.07,-162,-0.16,4
242,Exit long,2011-03-30 08:00,TX60,101.43,100,10141,2,0.02,0,3,0.03,-25,-0.25,-160,-0.16,4
242,Entry long,2011-03-30 07:00,C0|L|MKT|15|v0.3.0-tier0|SPY,101.41,100,10141,2,0.02,0,3,0.03,-25,-0.25,-160,-0.16,4
243,Exit short,2011-04-01 08:00,TX60,102.06,100,10172,-34,-0.33,0,2,0.02,-43,-0.42,-194,-0.19,4
243,Entry short,2011-04-01 07:00,C0|S|MKT|15|v0.3.0-tier0|SPY,101.72,100,10172,-34,-0.33,0,2,0.02,-43,-0.42,-194,-0.19,4
244,Exit short,2011-04-04 08:00,TX60,101.81,100,10191,10,0.10,0,13,0.13,-7,-0.07,-184,-0.18,4
244,Entry short,2011-04-04 07:00,C0|S|MKT|15|v0.3.0-tier0|SPY,101.91,100,10191,10,0.10,0,13,0.13,-7,-0.07,-184,-0.18,4
245,Exit long,2011-04-05 08:00,TX60,101.97,100,10178,19,0.19,0,32,0.31,-16,-0.16,-165,-0.16,4
245,Entry long,2011-04-05 07:00,C0|L|MKT|15|v0.3.0-tier0|SPY,101.78,100,10178,19,0.19,0,32,0.31,-16,-0.16,-165,-0.16,4
246,Exit short,2011-04-06 08:15,TX60,101.94,100,10213,19,0.19,0,23,0.23,-17,-0.17,-146,-0.15,4
246,Entry short,2011-04-06 07:15,C0|S|MKT|15|v0.3.0-tier0|SPY,102.13,100,10213,19,0.19,0,23,0.23,-17,-0.17,-146,-0.15,4
247,Exit long,2011-04-07 08:00,TX60,101.91,100,10231,-40,-0.39,0,5,0.05,-92,-0.90,-186,-0.19,4
247,Entry long,2011-04-07 07:00,C0|L|MKT|15|v0.3.0-tier0|SPY,102.31,100,10231,-40,-0.39,0,5,0.05,-92,-0.90,-186,-0.19,4
248,Exit short,2011-04-08 08:00,TX60,101.87,100,10214,27,0.26,0,28,0.27,-6,-0.06,-159,-0.16,4
248,Entry short,2011-04-08 07:00,C0|S|MKT|15|v0.3.0-tier0|SPY,102.14,100,10214,27,0.26,0,28,0.27,-6,-0.06,-159,-0.16,4
249,Exit long,2011-04-11 08:00,TX60,101.79,100,10185,-6,-0.06,0,7,0.07,-27,-0.27,-165,-0.16,4
249,Entry long,2011-04-11 07:00,C0|L|MKT|15|v0.3.0-tier0|SPY,101.85,100,10185,-6,-0.06,0,7,0.07,-27,-0.27,-165,-0.16,4
250,Exit short,2011-04-12 08:15,TX60,100.23,100,10041,18,0.18,0,30,0.30,-12,-0.12,-147,-0.15,4
250,Entry short,2011-04-12 07:15,C0|S|MKT|15|v0.3.0-tier0|SPY,100.41,100,10041,18,0.18,0,30,0.30,-12,-0.12,-147,-0.15,4
251,Exit short,2011-04-13 08:00,TX60,100.86,100,10071,-15,-0.15,0,18,0.18,-22,-0.22,-162,-0.16,4
251,Entry short,2011-04-13 07:00,C0|S|MKT|15|v0.3.0-tier0|SPY,100.71,100,10071,-15,-0.15,0,18,0.18,-22,-0.22,-162,-0.16,4
252,Exit long,2011-04-14 08:30,TX60,100.06,100,10018,-12,-0.12,0,14,0.14,-17,-0.17,-174,-0.17,4
252,Entry long,2011-04-14 07:30,C0|L|MKT|15|v0.3.0-tier0|SPY,100.18,100,10018,-12,-0.12,0,14,0.14,-17,-0.17,-174,-0.17,4
253,Exit long,2011-04-15 08:15,TX60,100.65,100,10084,-19,-0.19,0,0,0.00,-33,-0.33,-193,-0.19,4
253,Entry long,2011-04-15 07:15,C0|L|MKT|15|v0.3.0-tier0|SPY,100.84,100,10084,-19,-0.19,0,0,0.00,-33,-0.33,-193,-0.19,4
254,Exit short,2011-04-18 08:15,TX60,99.14,100,9922,8,0.08,0,24,0.24,-32,-0.32,-185,-0.18,4
254,Entry short,2011-04-18 07:15,C0|S|MKT|15|v0.3.0-tier0|SPY,99.22,100,9922,8,0.08,0,24,0.24,-32,-0.32,-185,-0.18,4
255,Exit long,2011-04-20 08:15,TX60,101.74,100,10181,-7,-0.07,0,13,0.13,-11,-0.11,-192,-0.19,4
255,Entry long,2011-04-20 07:15,C0|L|MKT|15|v0.3.0-tier0|SPY,101.81,100,10181,-7,-0.07,0,13,0.13,-11,-0.11,-192,-0.19,4
256,Exit short,2011-04-21 08:15,TX60,102.11,100,10201,-10,-0.10,0,7,0.07,-16,-0.16,-202,-0.20,4
256,Entry short,2011-04-21 07:15,C0|S|MKT|15|v0.3.0-tier0|SPY,102.01,100,10201,-10,-0.10,0,7,0.07,-16,-0.16,-202,-0.20,4
257,Exit long,2011-04-25 08:00,TX60,101.89,100,10223,-34,-0.33,0,5,0.05,-40,-0.39,-236,-0.24,4
257,Entry long,2011-04-25 07:00,C0|L|MKT|15|v0.3.0-tier0|SPY,102.23,100,10223,-34,-0.33,0,5,0.05,-40,-0.39,-236,-0.24,4
258,Exit long,2011-04-26 08:30,TX60,102.98,100,10266,32,0.31,0,36,0.35,0,0.00,-204,-0.20,4
258,Entry long,2011-04-26 07:30,C0|L|MKT|15|v0.3.0-tier0|SPY,102.66,100,10266,32,0.31,0,36,0.35,0,0.00,-204,-0.20,4
259,Exit short,2011-04-27 08:15,TX60,102.95,100,10295,0,0.00,0,16,0.16,-6,-0.06,-204,-0.20,4
259,Entry short,2011-04-27 07:15,C0|S|MKT|15|v0.3.0-tier0|SPY,102.95,100,10295,0,0.00,0,16,0.16,-6,-0.06,-204,-0.20,4
260,Exit long,2011-04-28 08:00,TX60,103.78,100,10376,2,0.02,0,6,0.06,-12,-0.12,-202,-0.20,4
260,Entry long,2011-04-28 07:00,C0|L|MKT|15|v0.3.0-tier0|SPY,103.76,100,10376,2,0.02,0,6,0.06,-12,-0.12,-202,-0.20,4
261,Exit short,2011-04-29 08:00,TX60,104.14,100,10395,-19,-0.18,0,3,0.03,-20,-0.19,-221,-0.22,4
261,Entry short,2011-04-29 07:00,C0|S|MKT|15|v0.3.0-tier0|SPY,103.95,100,10395,-19,-0.18,0,3,0.03,-20,-0.19,-221,-0.22,4
262,Exit short,2011-05-04 08:00,TX60,103.04,100,10332,28,0.27,0,52,0.50,0,0.00,-193,-0.19,4
262,Entry short,2011-05-04 07:00,C0|S|MKT|15|v0.3.0-tier0|SPY,103.32,100,10332,28,0.27,0,52,0.50,0,0.00,-193,-0.19,4
263,Exit long,2011-05-05 08:00,TX60,102.53,100,10260,-7,-0.07,0,19,0.19,-23,-0.22,-200,-0.20,4
263,Entry long,2011-05-05 07:00,C0|L|MKT|15|v0.3.0-tier0|SPY,102.6,100,10260,-7,-0.07,0,19,0.19,-23,-0.22,-200,-0.20,4
264,Exit short,2011-05-09 08:00,TX60,102.62,100,10252,-10,-0.10,0,12,0.12,-26,-0.25,-210,-0.21,4
264,Entry short,2011-05-09 07:00,C0|S|MKT|15|v0.3.0-tier0|SPY,102.52,100,10252,-10,-0.10,0,12,0.12,-26,-0.25,-210,-0.21,4
265,Exit long,2011-05-10 08:00,TX60,103.6,100,10348,12,0.12,0,19,0.18,-6,-0.06,-198,-0.20,4
265,Entry long,2011-05-10 07:00,C0|L|MKT|15|v0.3.0-tier0|SPY,103.48,100,10348,12,0.12,0,19,0.18,-6,-0.06,-198,-0.20,4
266,Exit short,2011-05-13 08:15,TX60,102.91,100,10304,13,0.13,0,29,0.28,-28,-0.27,-185,-0.18,4
266,Entry short,2011-05-13 07:15,C0|S|MKT|15|v0.3.0-tier0|SPY,103.04,100,10304,13,0.13,0,29,0.28,-28,-0.27,-185,-0.18,4
267,Exit long,2011-05-16 08:15,TX60,102.74,100,10236,38,0.37,0,51,0.50,-3,-0.03,-147,-0.15,4
267,Entry long,2011-05-16 07:15,C0|L|MKT|15|v0.3.0-tier0|SPY,102.36,100,10236,38,0.37,0,51,0.50,-3,-0.03,-147,-0.15,4
268,Exit long,2011-05-17 08:00,TX60,101.49,100,10167,-18,-0.18,0,24,0.24,-28,-0.28,-165,-0.16,4
268,Entry long,2011-05-17 07:00,C0|L|MKT|15|v0.3.0-tier0|SPY,101.67,100,10167,-18,-0.18,0,24,0.24,-28,-0.28,-165,-0.16,4
269,Exit long,2011-05-18 08:15,TX60,102.27,100,10200,27,0.26,0,36,0.35,-8,-0.08,-138,-0.14,4
269,Entry long,2011-05-18 07:15,C0|L|MKT|15|v0.3.0-tier0|SPY,102,100,10200,27,0.26,0,36,0.35,-8,-0.08,-138,-0.14,4
270,Exit long,2011-05-19 08:00,TX60,102.46,100,10311,-65,-0.63,0,2,0.02,-69,-0.67,-203,-0.20,4
270,Entry long,2011-05-19 07:00,C0|L|MKT|15|v0.3.0-tier0|SPY,103.11,100,10311,-65,-0.63,0,2,0.02,-69,-0.67,-203,-0.20,4
271,Exit short,2011-05-20 08:00,TX60,102.04,100,10233,29,0.28,0,41,0.40,-2,-0.02,-174,-0.17,4
271,Entry short,2011-05-20 07:00,C0|S|MKT|15|v0.3.0-tier0|SPY,102.33,100,10233,29,0.28,0,41,0.40,-2,-0.02,-174,-0.17,4
272,Exit long,2011-05-24 08:15,TX60,101.16,100,10139,-23,-0.23,0,4,0.04,-45,-0.44,-197,-0.20,4
272,Entry long,2011-05-24 07:15,C0|L|MKT|15|v0.3.0-tier0|SPY,101.39,100,10139,-23,-0.23,0,4,0.04,-45,-0.44,-197,-0.20,4
273,Exit long,2011-05-25 08:30,TX60,101.1,100,10082,28,0.28,0,38,0.38,-7,-0.07,-169,-0.17,4
273,Entry long,2011-05-25 07:30,C0|L|MKT|15|v0.3.0-tier0|SPY,100.82,100,10082,28,0.28,0,38,0.38,-7,-0.07,-169,-0.17,4
274,Exit short,2011-05-26 08:00,TX60,100.78,100,10083,5,0.05,0,12,0.12,-25,-0.25,-164,-0.16,4
274,Entry short,2011-05-26 07:00,C0|S|MKT|15|v0.3.0-tier0|SPY,100.83,100,10083,5,0.05,0,12,0.12,-25,-0.25,-164,-0.16,4
275,Exit long,2011-05-27 08:00,TX60,102.15,100,10215,0,0.00,0,2,0.02,-36,-0.35,-164,-0.16,4
275,Entry long,2011-05-27 07:00,C0|L|MKT|15|v0.3.0-tier0|SPY,102.15,100,10215,0,0.00,0,2,0.02,-36,-0.35,-164,-0.16,4
276,Exit short,2011-05-31 08:00,TX60,102.52,100,10282,30,0.29,0,33,0.32,0,0.00,-134,-0.13,4
276,Entry short,2011-05-31 07:00,C0|S|MKT|15|v0.3.0-tier0|SPY,102.82,100,10282,30,0.29,0,33,0.32,0,0.00,-134,-0.13,4
277,Exit short,2011-06-01 08:00,TX60,102.02,100,10262,60,0.58,0,82,0.80,0,0.00,-74,-0.07,4
277,Entry short,2011-06-01 07:00,C0|S|MKT|15|v0.3.0-tier0|SPY,102.62,100,10262,60,0.58,0,82,0.80,0,0.00,-74,-0.07,4
278,Exit long,2011-06-03 08:00,TX60,100.14,100,9977,37,0.37,0,56,0.56,-3,-0.03,-37,-0.04,4
278,Entry long,2011-06-03 07:00,C0|L|MKT|15|v0.3.0-tier0|SPY,99.77,100,9977,37,0.37,0,56,0.56,-3,-0.03,-37,-0.04,4
279,Exit short,2011-06-06 08:00,TX60,99.09,100,9935,26,0.26,0,35,0.35,-2,-0.02,-11,-0.01,4
279,Entry short,2011-06-06 07:00,C0|S|MKT|15|v0.3.0-tier0|SPY,99.35,100,9935,26,0.26,0,35,0.35,-2,-0.02,-11,-0.01,4
280,Exit long,2011-06-07 08:15,TX60,99.14,100,9919,-5,-0.05,0,16,0.16,-10,-0.10,-16,-0.02,4
280,Entry long,2011-06-07 07:15,C0|L|MKT|15|v0.3.0-tier0|SPY,99.19,100,9919,-5,-0.05,0,16,0.16,-10,-0.10,-16,-0.02,4
281,Exit short,2011-06-08 08:00,TX60,98.52,100,9821,-31,-0.32,0,3,0.03,-42,-0.43,-47,-0.05,4
281,Entry short,2011-06-08 07:00,C0|S|MKT|15|v0.3.0-tier0|SPY,98.21,100,9821,-31,-0.32,0,3,0.03,-42,-0.43,-47,-0.05,4
282,Exit long,2011-06-09 08:00,TX60,98.89,100,9862,27,0.27,0,37,0.38,-1,-0.01,-20,-0.02,4
282,Entry long,2011-06-09 07:00,C0|L|MKT|15|v0.3.0-tier0|SPY,98.62,100,9862,27,0.27,0,37,0.38,-1,-0.01,-20,-0.02,4
283,Exit short,2011-06-10 08:00,TX60,97.72,100,9805,33,0.34,0,43,0.44,-3,-0.03,13,0.01,4
283,Entry short,2011-06-10 07:00,C0|S|MKT|15|v0.3.0-tier0|SPY,98.05,100,9805,33,0.34,0,43,0.44,-3,-0.03,13,0.01,4
284,Exit long,2011-06-14 08:00,TX60,98.83,100,9870,13,0.13,0,22,0.22,-8,-0.08,26,0.03,4
284,Entry long,2011-06-14 07:00,C0|L|MKT|15|v0.3.0-tier0|SPY,98.7,100,9870,13,0.13,0,22,0.22,-8,-0.08,26,0.03,4
285,Exit long,2011-06-15 08:00,TX60,98.19,100,9818,1,0.01,0,14,0.14,-23,-0.23,27,0.03,4
285,Entry long,2011-06-15 07:00,C0|L|MKT|15|v0.3.0-tier0|SPY,98.18,100,9818,1,0.01,0,14,0.14,-23,-0.23,27,0.03,4
286,Exit long,2011-06-16 08:15,TX60,97.42,100,9757,-15,-0.15,0,16,0.16,-28,-0.29,12,0.01,4
286,Entry long,2011-06-16 07:15,C0|L|MKT|15|v0.3.0-tier0|SPY,97.57,100,9757,-15,-0.15,0,16,0.16,-28,-0.29,12,0.01,4
287,Exit short,2011-06-17 08:30,TX60,98.05,100,9783,-22,-0.22,0,6,0.06,-33,-0.34,-10,-0.01,4
287,Entry short,2011-06-17 07:30,C0|S|MKT|15|v0.3.0-tier0|SPY,97.83,100,9783,-22,-0.22,0,6,0.06,-33,-0.34,-10,-0.01,4
288,Exit long,2011-06-20 08:00,TX60,97.87,100,9765,22,0.23,0,36,0.37,-22,-0.23,12,0.01,4
288,Entry long,2011-06-20 07:00,C0|L|MKT|15|v0.3.0-tier0|SPY,97.65,100,9765,22,0.23,0,36,0.37,-22,-0.23,12,0.01,4
289,Exit long,2011-06-21 08:00,TX60,99.15,100,9872,43,0.44,0,48,0.49,-1,-0.01,55,0.06,4
289,Entry long,2011-06-21 07:00,C0|L|MKT|15|v0.3.0-tier0|SPY,98.72,100,9872,43,0.44,0,48,0.49,-1,-0.01,55,0.06,4
290,Exit long,2011-06-22 08:00,TX60,99.65,100,9946,19,0.19,0,24,0.24,-27,-0.27,74,0.07,4
290,Entry long,2011-06-22 07:00,C0|L|MKT|15|v0.3.0-tier0|SPY,99.46,100,9946,19,0.19,0,24,0.24,-27,-0.27,74,0.07,4
291,Exit short,2011-06-24 08:00,TX60,97.67,100,9821,54,0.55,0,71,0.72,-8,-0.08,128,0.13,4
291,Entry short,2011-06-24 07:00,C0|S|MKT|15|v0.3.0-tier0|SPY,98.21,100,9821,54,0.55,0,71,0.72,-8,-0.08,128,0.13,4
292,Exit long,2011-06-27 08:15,TX60,97.99,100,9781,18,0.18,0,36,0.37,-6,-0.06,146,0.15,4
292,Entry long,2011-06-27 07:15,C0|L|MKT|15|v0.3.0-tier0|SPY,97.81,100,9781,18,0.18,0,36,0.37,-6,-0.06,146,0.15,4
293,Exit long,2011-06-28 08:15,TX60,99.07,100,9902,5,0.05,0,23,0.23,-9,-0.09,151,0.15,4
293,Entry long,2011-06-28 07:15,C0|L|MKT|15|v0.3.0-tier0|SPY,99.02,100,9902,5,0.05,0,23,0.23,-9,-0.09,151,0.15,4
294,Exit long,2011-06-30 08:00,TX60,101.19,100,10102,17,0.17,0,33,0.33,-1,-0.01,168,0.17,4
294,Entry long,2011-06-30 07:00,C0|L|MKT|15|v0.3.0-tier0|SPY,101.02,100,10102,17,0.17,0,33,0.33,-1,-0.01,168,0.17,4
295,Exit long,2011-07-01 08:00,TX60,102.13,100,10146,67,0.66,0,87,0.86,0,0.00,235,0.24,4
295,Entry long,2011-07-01 07:00,C0|L|MKT|15|v0.3.0-tier0|SPY,101.46,100,10146,67,0.66,0,87,0.86,0,0.00,235,0.24,4
296,Exit long,2011-07-05 08:15,TX60,102.56,100,10281,-25,-0.24,0,0,0.00,-36,-0.35,210,0.21,4
296,Entry long,2011-07-05 07:15,C0|L|MKT|15|v0.3.0-tier0|SPY,102.81,100,10281,-25,-0.24,0,0,0.00,-36,-0.35,210,0.21,4
297,Exit short,2011-07-06 08:15,TX60,102.55,100,10239,-16,-0.16,0,16,0.16,-26,-0.25,194,0.19,4
297,Entry short,2011-07-06 07:15,C0|S|MKT|15|v0.3.0-tier0|SPY,102.39,100,10239,-16,-0.16,0,16,0.16,-26,-0.25,194,0.19,4
298,Exit short,2011-07-08 08:30,TX60,102.59,100,10276,17,0.17,0,31,0.30,-13,-0.13,211,0.21,4
298,Entry short,2011-07-08 07:30,C0|S|MKT|15|v0.3.0-tier0|SPY,102.76,100,10276,17,0.17,0,31,0.30,-13,-0.13,211,0.21,4
299,Exit short,2011-07-11 08:15,TX60,101.52,100,10192,40,0.39,0,61,0.60,-1,-0.01,251,0.25,4
299,Entry short,2011-07-11 07:15,C0|S|MKT|15|v0.3.0-tier0|SPY,101.92,100,10192,40,0.39,0,61,0.60,-1,-0.01,251,0.25,4
300,Exit short,2011-07-13 08:00,TX60,102.21,100,10133,-88,-0.87,0,2,0.02,-91,-0.90,163,0.16,4
300,Entry short,2011-07-13 07:00,C0|S|MKT|15|v0.3.0-tier0|SPY,101.33,100,10133,-88,-0.87,0,2,0.02,-91,-0.90,163,0.16,4
301,Exit long,2011-07-14 08:00,TX60,101.24,100,10188,-64,-0.63,0,10,0.10,-68,-0.67,99,0.10,4
301,Entry long,2011-07-14 07:00,C0|L|MKT|15|v0.3.0-tier0|SPY,101.88,100,10188,-64,-0.63,0,10,0.10,-68,-0.67,99,0.10,4
302,Exit short,2011-07-15 08:00,TX60,100.64,100,10084,20,0.20,0,40,0.40,-34,-0.34,119,0.12,4
302,Entry short,2011-07-15 07:00,C0|S|MKT|15|v0.3.0-tier0|SPY,100.84,100,10084,20,0.20,0,40,0.40,-34,-0.34,119,0.12,4
303,Exit short,2011-07-18 08:00,TX60,99.92,100,10044,52,0.52,0,66,0.66,-7,-0.07,171,0.17,4
303,Entry short,2011-07-18 07:00,C0|S|MKT|15|v0.3.0-tier0|SPY,100.44,100,10044,52,0.52,0,66,0.66,-7,-0.07,171,0.17,4
304,Exit long,2011-07-19 08:15,TX60,101.24,100,10133,-9,-0.09,0,13,0.13,-12,-0.12,162,0.16,4
304,Entry long,2011-07-19 07:15,C0|L|MKT|15|v0.3.0-tier0|SPY,101.33,100,10133,-9,-0.09,0,13,0.13,-12,-0.12,162,0.16,4
305,Exit short,2011-07-20 08:00,TX60,102.02,100,10193,-9,-0.09,0,23,0.23,-17,-0.17,153,0.15,4
305,Entry short,2011-07-20 07:00,C0|S|MKT|15|v0.3.0-tier0|SPY,101.93,100,10193,-9,-0.09,0,23,0.23,-17,-0.17,153,0.15,4
306,Exit long,2011-07-21 08:00,TX60,103.2,100,10280,40,0.39,0,59,0.57,-12,-0.12,193,0.19,4
306,Entry long,2011-07-21 07:00,C0|L|MKT|15|v0.3.0-tier0|SPY,102.8,100,10280,40,0.39,0,59,0.57,-12,-0.12,193,0.19,4
307,Exit short,2011-07-22 08:00,TX60,103.11,100,10297,-14,-0.14,0,23,0.22,-17,-0.17,179,0.18,4
307,Entry short,2011-07-22 07:00,C0|S|MKT|15|v0.3.0-tier0|SPY,102.97,100,10297,-14,-0.14,0,23,0.22,-17,-0.17,179,0.18,4
308,Exit long,2011-07-25 08:00,TX60,102.85,100,10267,18,0.18,0,36,0.35,-2,-0.02,197,0.20,4
308,Entry long,2011-07-25 07:00,C0|L|MKT|15|v0.3.0-tier0|SPY,102.67,100,10267,18,0.18,0,36,0.35,-2,-0.02,197,0.20,4
309,Exit short,2011-07-26 08:00,TX60,102.53,100,10229,-24,-0.23,0,12,0.12,-31,-0.30,173,0.17,4
309,Entry short,2011-07-26 07:00,C0|S|MKT|15|v0.3.0-tier0|SPY,102.29,100,10229,-24,-0.23,0,12,0.12,-31,-0.30,173,0.17,4
310,Exit short,2011-07-27 08:00,TX60,101.19,100,10143,24,0.24,0,65,0.64,-3,-0.03,197,0.20,4
310,Entry short,2011-07-27 07:00,C0|S|MKT|15|v0.3.0-tier0|SPY,101.43,100,10143,24,0.24,0,65,0.64,-3,-0.03,197,0.20,4
311,Exit long,2011-07-28 08:15,TX60,100.94,100,10062,32,0.32,0,33,0.33,-12,-0.12,229,0.23,4
311,Entry long,2011-07-28 07:15,C0|L|MKT|15|v0.3.0-tier0|SPY,100.62,100,10062,32,0.32,0,33,0.33,-12,-0.12,229,0.23,4
312,Exit long,2011-07-29 08:00,TX60,99.78,100,9916,62,0.63,0,79,0.80,-16,-0.16,291,0.29,4
312,Entry long,2011-07-29 07:00,C0|L|MKT|15|v0.3.0-tier0|SPY,99.16,100,9916,62,0.63,0,79,0.80,-16,-0.16,291,0.29,4
313,Exit short,2011-08-01 08:00,TX60,98.73,100,9958,85,0.85,0,121,1.22,0,0.00,376,0.38,4
313,Entry short,2011-08-01 07:00,C0|S|MKT|15|v0.3.0-tier0|SPY,99.58,100,9958,85,0.85,0,121,1.22,0,0.00,376,0.38,4
314,Exit long,2011-08-02 08:00,TX60,98.06,100,9857,-51,-0.52,0,12,0.12,-57,-0.58,325,0.33,4
314,Entry long,2011-08-02 07:00,C0|L|MKT|15|v0.3.0-tier0|SPY,98.57,100,9857,-51,-0.52,0,12,0.12,-57,-0.58,325,0.33,4
315,Exit short,2011-08-03 08:30,TX60,95.94,100,9585,-9,-0.09,0,97,1.01,-44,-0.46,316,0.32,4
315,Entry short,2011-08-03 07:30,C0|S|MKT|15|v0.3.0-tier0|SPY,95.85,100,9585,-9,-0.09,0,97,1.01,-44,-0.46,316,0.32,4
316,Exit short,2011-08-04 08:15,TX60,94.55,100,9519,64,0.67,0,85,0.89,-19,-0.20,380,0.38,4
316,Entry short,2011-08-04 07:15,C0|S|MKT|15|v0.3.0-tier0|SPY,95.19,100,9519,64,0.67,0,85,0.89,-19,-0.20,380,0.38,4
317,Exit short,2011-08-05 08:00,TX60,92.12,100,9145,-67,-0.73,0,20,0.22,-135,-1.48,313,0.31,4
317,Entry short,2011-08-05 07:00,C0|S|MKT|15|v0.3.0-tier0|SPY,91.45,100,9145,-67,-0.73,0,20,0.22,-135,-1.48,313,0.31,4
318,Exit short,2011-08-08 08:30,TX60,89.4,100,8893,-47,-0.53,0,38,0.43,-118,-1.33,266,0.27,4
318,Entry short,2011-08-08 07:30,C0|S|MKT|15|v0.3.0-tier0|SPY,88.93,100,8893,-47,-0.53,0,38,0.43,-118,-1.33,266,0.27,4
319,Exit long,2011-08-09 08:15,TX60,87.71,100,8820,-49,-0.56,0,36,0.41,-69,-0.78,217,0.22,4
319,Entry long,2011-08-09 07:15,C0|L|MKT|15|v0.3.0-tier0|SPY,88.2,100,8820,-49,-0.56,0,36,0.41,-69,-0.78,217,0.22,4
320,Exit short,2011-08-10 08:15,TX60,87.12,100,8734,22,0.25,0,77,0.88,-81,-0.93,239,0.24,4
320,Entry short,2011-08-10 07:15,C0|S|MKT|15|v0.3.0-tier0|SPY,87.34,100,8734,22,0.25,0,77,0.88,-81,-0.93,239,0.24,4
321,Exit long,2011-08-11 08:30,TX60,88.56,100,8805,51,0.58,0,101,1.15,-9,-0.10,290,0.29,4
321,Entry long,2011-08-11 07:30,C0|L|MKT|15|v0.3.0-tier0|SPY,88.05,100,8805,51,0.58,0,101,1.15,-9,-0.10,290,0.29,4
322,Exit short,2011-08-12 08:00,TX60,90.61,100,9064,3,0.03,0,56,0.62,-47,-0.52,293,0.29,4
322,Entry short,2011-08-12 07:00,C0|S|MKT|15|v0.3.0-tier0|SPY,90.64,100,9064,3,0.03,0,56,0.62,-47,-0.52,293,0.29,4
323,Exit long,2011-08-15 08:15,TX60,91.87,100,9210,-23,-0.25,0,25,0.27,-29,-0.31,270,0.27,4
323,Entry long,2011-08-15 07:15,C0|L|MKT|15|v0.3.0-tier0|SPY,92.1,100,9210,-23,-0.25,0,25,0.27,-29,-0.31,270,0.27,4
324,Exit long,2011-08-16 08:30,TX60,92.15,100,9208,7,0.08,0,19,0.21,-23,-0.25,277,0.28,4
324,Entry long,2011-08-16 07:30,C0|L|MKT|15|v0.3.0-tier0|SPY,92.08,100,9208,7,0.08,0,19,0.21,-23,-0.25,277,0.28,4
325,Exit long,2011-08-17 08:00,TX60,92.5,100,9293,-43,-0.46,0,15,0.16,-43,-0.46,234,0.23,4
325,Entry long,2011-08-17 07:00,C0|L|MKT|15|v0.3.0-tier0|SPY,92.93,100,9293,-43,-0.46,0,15,0.16,-43,-0.46,234,0.23,4
326,Exit short,2011-08-18 08:15,TX60,87.99,100,8786,-13,-0.15,0,14,0.16,-52,-0.59,221,0.22,4
326,Entry short,2011-08-18 07:15,C0|S|MKT|15|v0.3.0-tier0|SPY,87.86,100,8786,-13,-0.15,0,14,0.16,-52,-0.59,221,0.22,4
327,Exit long,2011-08-19 08:15,TX60,87.59,100,8791,-32,-0.36,0,109,1.24,-35,-0.40,189,0.19,4
327,Entry long,2011-08-19 07:15,C0|L|MKT|15|v0.3.0-tier0|SPY,87.91,100,8791,-32,-0.36,0,109,1.24,-35,-0.40,189,0.19,4
328,Exit short,2011-08-22 08:00,TX60,87.12,100,8768,56,0.64,0,57,0.65,-20,-0.23,245,0.25,4
328,Entry short,2011-08-22 07:00,C0|S|MKT|15|v0.3.0-tier0|SPY,87.68,100,8768,56,0.64,0,57,0.65,-20,-0.23,245,0.25,4
329,Exit long,2011-08-23 08:15,TX60,87.61,100,8760,1,0.01,0,34,0.39,-25,-0.29,246,0.25,4
329,Entry long,2011-08-23 07:15,C0|L|MKT|15|v0.3.0-tier0|SPY,87.6,100,8760,1,0.01,0,34,0.39,-25,-0.29,246,0.25,4
330,Exit long,2011-08-24 08:00,TX60,89.55,100,9018,-63,-0.70,0,40,0.44,-64,-0.71,183,0.18,4
330,Entry long,2011-08-24 07:00,C0|L|MKT|15|v0.3.0-tier0|SPY,90.18,100,9018,-63,-0.70,0,40,0.44,-64,-0.71,183,0.18,4
331,Exit short,2011-08-25 08:00,TX60,89.77,100,9068,91,1.00,0,139,1.53,-3,-0.03,274,0.27,4
331,Entry short,2011-08-25 07:00,C0|S|MKT|15|v0.3.0-tier0|SPY,90.68,100,9068,91,1.00,0,139,1.53,-3,-0.03,274,0.27,4
332,Exit short,2011-08-26 08:15,TX60,90.05,100,8798,-207,-2.35,0,4,0.05,-219,-2.49,67,0.07,4
332,Entry short,2011-08-26 07:15,C0|S|MKT|15|v0.3.0-tier0|SPY,87.98,100,8798,-207,-2.35,0,4,0.05,-219,-2.49,67,0.07,4
333,Exit long,2011-08-29 08:15,TX60,92.13,100,9237,-24,-0.26,0,13,0.14,-37,-0.40,43,0.04,4
333,Entry long,2011-08-29 07:15,C0|L|MKT|15|v0.3.0-tier0|SPY,92.37,100,9237,-24,-0.26,0,13,0.14,-37,-0.40,43,0.04,4
334,Exit short,2011-08-30 08:15,TX60,92.93,100,9253,-40,-0.43,0,26,0.28,-43,-0.46,3,0.00,4
334,Entry short,2011-08-30 07:15,C0|S|MKT|15|v0.3.0-tier0|SPY,92.53,100,9253,-40,-0.43,0,26,0.28,-43,-0.46,3,0.00,4
335,Exit long,2011-08-31 08:00,TX60,94.36,100,9450,-14,-0.15,0,35,0.37,-17,-0.18,-11,-0.01,4
335,Entry long,2011-08-31 07:00,C0|L|MKT|15|v0.3.0-tier0|SPY,94.5,100,9450,-14,-0.15,0,35,0.37,-17,-0.18,-11,-0.01,4
336,Exit short,2011-09-01 08:00,TX60,93.83,100,9365,-18,-0.19,0,10,0.11,-112,-1.20,-29,-0.03,4
336,Entry short,2011-09-01 07:00,C0|S|MKT|15|v0.3.0-tier0|SPY,93.65,100,9365,-18,-0.19,0,10,0.11,-112,-1.20,-29,-0.03,4
337,Exit long,2011-09-06 08:00,TX60,88.38,100,8856,-18,-0.20,0,49,0.55,-69,-0.78,-47,-0.05,4
337,Entry long,2011-09-06 07:00,C0|L|MKT|15|v0.3.0-tier0|SPY,88.56,100,8856,-18,-0.20,0,49,0.55,-69,-0.78,-47,-0.05,4
338,Exit long,2011-09-07 08:00,TX60,91.34,100,9139,-5,-0.05,0,15,0.16,-21,-0.23,-52,-0.05,4
338,Entry long,2011-09-07 07:00,C0|L|MKT|15|v0.3.0-tier0|SPY,91.39,100,9139,-5,-0.05,0,15,0.16,-21,-0.23,-52,-0.05,4
339,Exit long,2011-09-12 08:00,TX60,88.06,100,8898,-92,-1.03,0,31,0.35,-95,-1.07,-144,-0.14,4
339,Entry long,2011-09-12 07:00,C0|L|MKT|15|v0.3.0-tier0|SPY,88.98,100,8898,-92,-1.03,0,31,0.35,-95,-1.07,-144,-0.14,4
340,Exit long,2011-09-13 08:00,TX60,89.92,100,9021,-29,-0.32,0,39,0.43,-41,-0.45,-173,-0.17,4
340,Entry long,2011-09-13 07:00,C0|L|MKT|15|v0.3.0-tier0|SPY,90.21,100,9021,-29,-0.32,0,39,0.43,-41,-0.45,-173,-0.17,4
341,Exit short,2011-09-14 08:30,TX60,90.81,100,9014,-67,-0.74,0,21,0.23,-71,-0.79,-240,-0.24,4
341,Entry short,2011-09-14 07:30,C0|S|MKT|15|v0.3.0-tier0|SPY,90.14,100,9014,-67,-0.74,0,21,0.23,-71,-0.79,-240,-0.24,4
342,Exit long,2011-09-16 08:15,TX60,93.29,100,9410,-81,-0.86,0,4,0.04,-121,-1.29,-321,-0.32,4
342,Entry long,2011-09-16 07:15,C0|L|MKT|15|v0.3.0-tier0|SPY,94.1,100,9410,-81,-0.86,0,4,0.04,-121,-1.29,-321,-0.32,4
343,Exit short,2011-09-19 08:00,TX60,91.85,100,9175,-10,-0.11,0,10,0.11,-32,-0.35,-331,-0.33,4
343,Entry short,2011-09-19 07:00,C0|S|MKT|15|v0.3.0-tier0|SPY,91.75,100,9175,-10,-0.11,0,10,0.11,-32,-0.35,-331,-0.33,4
344,Exit long,2011-09-20 08:30,TX60,94.03,100,9341,62,0.66,0,77,0.82,-7,-0.07,-269,-0.27,4
344,Entry long,2011-09-20 07:30,C0|L|MKT|15|v0.3.0-tier0|SPY,93.41,100,9341,62,0.66,0,77,0.82,-7,-0.07,-269,-0.27,4
345,Exit short,2011-09-21 08:30,TX60,92.24,100,9260,36,0.39,0,55,0.59,-9,-0.10,-233,-0.23,4
345,Entry short,2011-09-21 07:30,C0|S|MKT|15|v0.3.0-tier0|SPY,92.6,100,9260,36,0.39,0,55,0.59,-9,-0.10,-233,-0.23,4
346,Exit short,2011-09-22 08:00,TX60,87.48,100,8703,-45,-0.52,0,2,0.02,-113,-1.30,-278,-0.28,4
346,Entry short,2011-09-22 07:00,C0|S|MKT|15|v0.3.0-tier0|SPY,87.03,100,8703,-45,-0.52,0,2,0.02,-113,-1.30,-278,-0.28,4
347,Exit long,2011-09-23 08:00,TX60,87.63,100,8732,31,0.36,0,43,0.49,-55,-0.63,-247,-0.25,4
347,Entry long,2011-09-23 07:00,C0|L|MKT|15|v0.3.0-tier0|SPY,87.32,100,8732,31,0.36,0,43,0.49,-55,-0.63,-247,-0.25,4
348,Exit short,2011-09-26 08:00,TX60,87.93,100,8780,-13,-0.15,0,57,0.65,-24,-0.27,-260,-0.26,4
348,Entry short,2011-09-26 07:00,C0|S|MKT|15|v0.3.0-tier0|SPY,87.8,100,8780,-13,-0.15,0,57,0.65,-24,-0.27,-260,-0.26,4
349,Exit long,2011-09-27 08:00,TX60,92.06,100,9174,32,0.35,0,32,0.35,-38,-0.41,-228,-0.23,4
349,Entry long,2011-09-27 07:00,C0|L|MKT|15|v0.3.0-tier0|SPY,91.74,100,9174,32,0.35,0,32,0.35,-38,-0.41,-228,-0.23,4
350,Exit long,2011-09-28 08:00,TX60,90.54,100,9129,-75,-0.82,0,0,0.00,-104,-1.14,-303,-0.30,4
350,Entry long,2011-09-28 07:00,C0|L|MKT|15|v0.3.0-tier0|SPY,91.29,100,9129,-75,-0.82,0,0,0.00,-104,-1.14,-303,-0.30,4
351,Exit short,2011-09-29 08:30,TX60,89.75,100,8983,8,0.09,0,62,0.69,-5,-0.06,-295,-0.29,4
351,Entry short,2011-09-29 07:30,C0|S|MKT|15|v0.3.0-tier0|SPY,89.83,100,8983,8,0.09,0,62,0.69,-5,-0.06,-295,-0.29,4
352,Exit short,2011-09-30 08:00,TX60,88.27,100,8809,-18,-0.20,0,7,0.08,-95,-1.08,-313,-0.31,4
352,Entry short,2011-09-30 07:00,C0|S|MKT|15|v0.3.0-tier0|SPY,88.09,100,8809,-18,-0.20,0,7,0.08,-95,-1.08,-313,-0.31,4
353,Exit short,2011-10-03 08:00,TX60,86.81,100,8660,-21,-0.24,0,6,0.07,-136,-1.57,-334,-0.33,4
353,Entry short,2011-10-03 07:00,C0|S|MKT|15|v0.3.0-tier0|SPY,86.6,100,8660,-21,-0.24,0,6,0.07,-136,-1.57,-334,-0.33,4
354,Exit short,2011-10-04 08:00,TX60,84.34,100,8325,-109,-1.31,0,27,0.32,-129,-1.55,-443,-0.44,4
354,Entry short,2011-10-04 07:00,C0|S|MKT|15|v0.3.0-tier0|SPY,83.25,100,8325,-109,-1.31,0,27,0.32,-129,-1.55,-443,-0.44,4
355,Exit short,2011-10-06 08:00,TX60,88.63,100,8793,-70,-0.80,0,20,0.23,-112,-1.27,-513,-0.51,4
355,Entry short,2011-10-06 07:00,C0|S|MKT|15|v0.3.0-tier0|SPY,87.93,100,8793,-70,-0.80,0,20,0.23,-112,-1.27,-513,-0.51,4
356,Exit long,2011-10-10 08:00,TX60,91.73,100,9135,38,0.42,0,61,0.67,-9,-0.10,-475,-0.47,4
356,Entry long,2011-10-10 07:00,C0|L|MKT|15|v0.3.0-tier0|SPY,91.35,100,9135,38,0.42,0,61,0.67,-9,-0.10,-475,-0.47,4
357,Exit long,2011-10-11 08:00,TX60,92.39,100,9201,38,0.41,0,66,0.72,-21,-0.23,-437,-0.44,4
357,Entry long,2011-10-11 07:00,C0|L|MKT|15|v0.3.0-tier0|SPY,92.01,100,9201,38,0.41,0,66,0.72,-21,-0.23,-437,-0.44,4
358,Exit long,2011-10-12 08:15,TX60,93.63,100,9341,22,0.24,0,39,0.42,0,0.00,-415,-0.41,4
358,Entry long,2011-10-12 07:15,C0|L|MKT|15|v0.3.0-tier0|SPY,93.41,100,9341,22,0.24,0,39,0.42,0,0.00,-415,-0.41,4
359,Exit short,2011-10-13 08:00,TX60,92.01,100,9228,27,0.29,0,27,0.29,-32,-0.35,-388,-0.39,4
359,Entry short,2011-10-13 07:00,C0|S|MKT|15|v0.3.0-tier0|SPY,92.28,100,9228,27,0.29,0,27,0.29,-32,-0.35,-388,-0.39,4
360,Exit short,2011-10-14 08:15,TX60,93.89,100,9406,17,0.18,0,31,0.33,0,0.00,-371,-0.37,4
360,Entry short,2011-10-14 07:15,C0|S|MKT|15|v0.3.0-tier0|SPY,94.06,100,9406,17,0.18,0,31,0.33,0,0.00,-371,-0.37,4
361,Exit short,2011-10-17 08:00,TX60,93.57,100,9385,28,0.30,0,54,0.58,-3,-0.03,-343,-0.34,4
361,Entry short,2011-10-17 07:00,C0|S|MKT|15|v0.3.0-tier0|SPY,93.85,100,9385,28,0.30,0,54,0.58,-3,-0.03,-343,-0.34,4
362,Exit short,2011-10-18 08:00,TX60,93.15,100,9228,-87,-0.94,0,25,0.27,-107,-1.16,-430,-0.43,4
362,Entry short,2011-10-18 07:00,C0|S|MKT|15|v0.3.0-tier0|SPY,92.28,100,9228,-87,-0.94,0,25,0.27,-107,-1.16,-430,-0.43,4
363,Exit long,2011-10-19 08:30,TX60,94.8,100,9499,-19,-0.20,0,3,0.03,-44,-0.46,-449,-0.45,4
363,Entry long,2011-10-19 07:30,C0|L|MKT|15|v0.3.0-tier0|SPY,94.99,100,9499,-19,-0.20,0,3,0.03,-44,-0.46,-449,-0.45,4
364,Exit long,2011-10-20 08:15,TX60,93.06,100,9397,-91,-0.97,0,2,0.02,-107,-1.14,-540,-0.54,4
364,Entry long,2011-10-20 07:15,C0|L|MKT|15|v0.3.0-tier0|SPY,93.97,100,9397,-91,-0.97,0,2,0.02,-107,-1.14,-540,-0.54,4
365,Exit long,2011-10-21 08:00,TX60,95.56,100,9524,32,0.34,0,58,0.61,-14,-0.15,-508,-0.51,4
365,Entry long,2011-10-21 07:00,C0|L|MKT|15|v0.3.0-tier0|SPY,95.24,100,9524,32,0.34,0,58,0.61,-14,-0.15,-508,-0.51,4
366,Exit long,2011-10-24 08:15,TX60,96.59,100,9642,17,0.18,0,24,0.25,-5,-0.05,-491,-0.49,4
366,Entry long,2011-10-24 07:15,C0|L|MKT|15|v0.3.0-tier0|SPY,96.42,100,9642,17,0.18,0,24,0.25,-5,-0.05,-491,-0.49,4
367,Exit short,2011-10-26 08:15,TX60,94.8,100,9520,40,0.42,0,85,0.89,-16,-0.17,-451,-0.45,4
367,Entry short,2011-10-26 07:15,C0|S|MKT|15|v0.3.0-tier0|SPY,95.2,100,9520,40,0.42,0,85,0.89,-16,-0.17,-451,-0.45,4
368,Exit short,2011-10-27 08:00,TX60,98.15,100,9815,0,0.00,0,40,0.41,-7,-0.07,-451,-0.45,4
368,Entry short,2011-10-27 07:00,C0|S|MKT|15|v0.3.0-tier0|SPY,98.15,100,9815,0,0.00,0,40,0.41,-7,-0.07,-451,-0.45,4
369,Exit long,2011-11-01 08:00,TX60,94.82,100,9469,13,0.14,0,60,0.63,-46,-0.49,-438,-0.44,4
369,Entry long,2011-11-01 07:00,C0|L|MKT|15|v0.3.0-tier0|SPY,94.69,100,9469,13,0.14,0,60,0.63,-46,-0.49,-438,-0.44,4
370,Exit short,2011-11-02 08:00,TX60,95.9,100,9537,-53,-0.56,0,20,0.21,-67,-0.70,-491,-0.49,4
370,Entry short,2011-11-02 07:00,C0|S|MKT|15|v0.3.0-tier0|SPY,95.37,100,9537,-53,-0.56,0,20,0.21,-67,-0.70,-491,-0.49,4
371,Exit short,2011-11-03 08:00,TX60,96.26,100,9602,-24,-0.25,0,60,0.62,-59,-0.61,-515,-0.51,4
371,Entry short,2011-11-03 07:00,C0|S|MKT|15|v0.3.0-tier0|SPY,96.02,100,9602,-24,-0.25,0,60,0.62,-59,-0.61,-515,-0.51,4
372,Exit short,2011-11-04 08:00,TX60,96.09,100,9643,34,0.35,0,68,0.71,-10,-0.10,-481,-0.48,4
372,Entry short,2011-11-04 07:00,C0|S|MKT|15|v0.3.0-tier0|SPY,96.43,100,9643,34,0.35,0,68,0.71,-10,-0.10,-481,-0.48,4
373,Exit long,2011-11-08 08:00,TX60,97.64,100,9831,-67,-0.68,0,4,0.04,-90,-0.92,-548,-0.55,4
373,Entry long,2011-11-08 07:00,C0|L|MKT|15|v0.3.0-tier0|SPY,98.31,100,9831,-67,-0.68,0,4,0.04,-90,-0.92,-548,-0.55,4
374,Exit short,2011-11-09 08:00,TX60,96.44,100,9612,-32,-0.33,0,26,0.27,-48,-0.50,-580,-0.58,4
374,Entry short,2011-11-09 07:00,C0|S|MKT|15|v0.3.0-tier0|SPY,96.12,100,9612,-32,-0.33,0,26,0.27,-48,-0.50,-580,-0.58,4
375,Exit short,2011-11-10 08:00,TX60,95.28,100,9570,42,0.44,0,72,0.75,-28,-0.29,-538,-0.54,4
375,Entry short,2011-11-10 07:00,C0|S|MKT|15|v0.3.0-tier0|SPY,95.7,100,9570,42,0.44,0,72,0.75,-28,-0.29,-538,-0.54,4
376,Exit long,2011-11-11 08:30,TX60,97.89,100,9760,29,0.30,0,44,0.45,0,0.00,-509,-0.51,4
376,Entry long,2011-11-11 07:30,C0|L|MKT|15|v0.3.0-tier0|SPY,97.6,100,9760,29,0.30,0,44,0.45,0,0.00,-509,-0.51,4
377,Exit short,2011-11-14 08:00,TX60,97.23,100,9719,-4,-0.04,0,22,0.23,-25,-0.26,-513,-0.51,4
377,Entry short,2011-11-14 07:00,C0|S|MKT|15|v0.3.0-tier0|SPY,97.19,100,9719,-4,-0.04,0,22,0.23,-25,-0.26,-513,-0.51,4
378,Exit long,2011-11-15 08:00,TX60,96.63,100,9699,-36,-0.37,0,4,0.04,-42,-0.43,-549,-0.55,4
378,Entry long,2011-11-15 07:00,C0|L|MKT|15|v0.3.0-tier0|SPY,96.99,100,9699,-36,-0.37,0,4,0.04,-42,-0.43,-549,-0.55,4
379,Exit long,2011-11-16 08:00,TX60,96.95,100,9668,27,0.28,0,34,0.35,-31,-0.32,-522,-0.52,4
379,Entry long,2011-11-16 07:00,C0|L|MKT|15|v0.3.0-tier0|SPY,96.68,100,9668,27,0.28,0,34,0.35,-31,-0.32,-522,-0.52,4
380,Exit short,2011-11-18 08:30,TX60,94.43,100,9419,-24,-0.25,0,3,0.03,-57,-0.61,-546,-0.55,4
380,Entry short,2011-11-18 07:30,C0|S|MKT|15|v0.3.0-tier0|SPY,94.19,100,9419,-24,-0.25,0,3,0.03,-57,-0.61,-546,-0.55,4
381,Exit short,2011-11-21 08:30,TX60,91.96,100,9229,33,0.36,0,61,0.66,-3,-0.03,-513,-0.51,4
381,Entry short,2011-11-21 07:30,C0|S|MKT|15|v0.3.0-tier0|SPY,92.29,100,9229,33,0.36,0,61,0.66,-3,-0.03,-513,-0.51,4
382,Exit short,2011-11-23 08:00,TX60,90.56,100,9066,10,0.11,0,33,0.36,-11,-0.12,-503,-0.50,4
382,Entry short,2011-11-23 07:00,C0|S|MKT|15|v0.3.0-tier0|SPY,90.66,100,9066,10,0.11,0,33,0.36,-11,-0.12,-503,-0.50,4
383,Exit long,2011-11-25 08:15,TX60,90.64,100,9078,-14,-0.15,0,9,0.10,-27,-0.30,-517,-0.52,4
383,Entry long,2011-11-25 07:15,C0|L|MKT|15|v0.3.0-tier0|SPY,90.78,100,9078,-14,-0.15,0,9,0.10,-27,-0.30,-517,-0.52,4
384,Exit long,2011-11-28 08:00,TX60,92.5,100,9256,-6,-0.06,0,22,0.24,-10,-0.11,-523,-0.52,4
384,Entry long,2011-11-28 07:00,C0|L|MKT|15|v0.3.0-tier0|SPY,92.56,100,9256,-6,-0.06,0,22,0.24,-10,-0.11,-523,-0.52,4
385,Exit long,2011-11-29 08:00,TX60,93.01,100,9275,26,0.28,0,56,0.60,-12,-0.13,-497,-0.50,4
385,Entry long,2011-11-29 07:00,C0|L|MKT|15|v0.3.0-tier0|SPY,92.75,100,9275,26,0.28,0,56,0.60,-12,-0.13,-497,-0.50,4
386,Exit long,2011-11-30 08:00,TX60,96.1,100,9573,37,0.39,0,39,0.41,-20,-0.21,-460,-0.46,4
386,Entry long,2011-11-30 07:00,C0|L|MKT|15|v0.3.0-tier0|SPY,95.73,100,9573,37,0.39,0,39,0.41,-20,-0.21,-460,-0.46,4
387,Exit long,2011-12-01 08:00,TX60,96.44,100,9677,-33,-0.34,0,23,0.24,-37,-0.38,-493,-0.49,4
387,Entry long,2011-12-01 07:00,C0|L|MKT|15|v0.3.0-tier0|SPY,96.77,100,9677,-33,-0.34,0,23,0.24,-37,-0.38,-493,-0.49,4
388,Exit long,2011-12-02 08:15,TX60,97.02,100,9753,-51,-0.52,0,13,0.13,-52,-0.53,-544,-0.54,4
388,Entry long,2011-12-02 07:15,C0|L|MKT|15|v0.3.0-tier0|SPY,97.53,100,9753,-51,-0.52,0,13,0.13,-52,-0.53,-544,-0.54,4
389,Exit long,2011-12-05 08:00,TX60,97.95,100,9793,2,0.02,0,23,0.23,-23,-0.23,-542,-0.54,4
389,Entry long,2011-12-05 07:00,C0|L|MKT|15|v0.3.0-tier0|SPY,97.93,100,9793,2,0.02,0,23,0.23,-23,-0.23,-542,-0.54,4
390,Exit short,2011-12-08 08:15,TX60,96.49,100,9694,45,0.46,0,45,0.46,-20,-0.21,-497,-0.50,4
390,Entry short,2011-12-08 07:15,C0|S|MKT|15|v0.3.0-tier0|SPY,96.94,100,9694,45,0.46,0,45,0.46,-20,-0.21,-497,-0.50,4
391,Exit long,2011-12-09 08:15,TX60,97.02,100,9679,23,0.24,0,32,0.33,-31,-0.32,-474,-0.47,4
391,Entry long,2011-12-09 07:15,C0|L|MKT|15|v0.3.0-tier0|SPY,96.79,100,9679,23,0.24,0,32,0.33,-31,-0.32,-474,-0.47,4
392,Exit short,2011-12-12 08:00,TX60,95.76,100,9590,14,0.15,0,32,0.33,-9,-0.09,-460,-0.46,4
392,Entry short,2011-12-12 07:00,C0|S|MKT|15|v0.3.0-tier0|SPY,95.9,100,9590,14,0.15,0,32,0.33,-9,-0.09,-460,-0.46,4
393,Exit long,2011-12-13 08:15,TX60,96.05,100,9683,-78,-0.81,0,2,0.02,-91,-0.94,-538,-0.54,4
393,Entry long,2011-12-13 07:15,C0|L|MKT|15|v0.3.0-tier0|SPY,96.83,100,9683,-78,-0.81,0,2,0.02,-91,-0.94,-538,-0.54,4
394,Exit short,2011-12-14 08:15,TX60,94.09,100,9417,8,0.08,0,22,0.23,-33,-0.35,-530,-0.53,4
394,Entry short,2011-12-14 07:15,C0|S|MKT|15|v0.3.0-tier0|SPY,94.17,100,9417,8,0.08,0,22,0.23,-33,-0.35,-530,-0.53,4
395,Exit short,2011-12-15 08:15,TX60,94.43,100,9466,23,0.24,0,48,0.51,-9,-0.10,-507,-0.51,4
395,Entry short,2011-12-15 07:15,C0|S|MKT|15|v0.3.0-tier0|SPY,94.66,100,9466,23,0.24,0,48,0.51,-9,-0.10,-507,-0.51,4
396,Exit long,2011-12-16 08:15,TX60,95.2,100,9540,-20,-0.21,0,12,0.13,-23,-0.24,-527,-0.53,4
396,Entry long,2011-12-16 07:15,C0|L|MKT|15|v0.3.0-tier0|SPY,95.4,100,9540,-20,-0.21,0,12,0.13,-23,-0.24,-527,-0.53,4
397,Exit short,2011-12-19 08:15,TX60,94.13,100,9474,61,0.64,0,73,0.77,-20,-0.21,-466,-0.47,4
397,Entry short,2011-12-19 07:15,C0|S|MKT|15|v0.3.0-tier0|SPY,94.74,100,9474,61,0.64,0,73,0.77,-20,-0.21,-466,-0.47,4
398,Exit long,2011-12-20 08:30,TX60,95.91,100,9578,13,0.14,0,25,0.26,-5,-0.05,-453,-0.45,4
398,Entry long,2011-12-20 07:30,C0|L|MKT|15|v0.3.0-tier0|SPY,95.78,100,9578,13,0.14,0,25,0.26,-5,-0.05,-453,-0.45,4
399,Exit long,2011-12-22 08:00,TX60,96.96,100,9708,-12,-0.12,0,12,0.12,-28,-0.29,-465,-0.46,4
399,Entry long,2011-12-22 07:00,C0|L|MKT|15|v0.3.0-tier0|SPY,97.08,100,9708,-12,-0.12,0,12,0.12,-28,-0.29,-465,-0.46,4
400,Exit long,2011-12-27 08:00,TX60,98.19,100,9839,-20,-0.20,0,14,0.14,-23,-0.23,-485,-0.48,4
400,Entry long,2011-12-27 07:00,C0|L|MKT|15|v0.3.0-tier0|SPY,98.39,100,9839,-20,-0.20,0,14,0.14,-23,-0.23,-485,-0.48,4
401,Exit short,2011-12-28 08:00,TX60,97.43,100,9770,27,0.28,0,41,0.42,-14,-0.14,-458,-0.46,4
401,Entry short,2011-12-28 07:00,C0|S|MKT|15|v0.3.0-tier0|SPY,97.7,100,9770,27,0.28,0,41,0.42,-14,-0.14,-458,-0.46,4
402,Exit long,2011-12-29 08:30,TX60,97.6,100,9766,-6,-0.06,0,15,0.15,-15,-0.15,-464,-0.46,4
402,Entry long,2011-12-29 07:30,C0|L|MKT|15|v0.3.0-tier0|SPY,97.66,100,9766,-6,-0.06,0,15,0.15,-15,-0.15,-464,-0.46,4
403,Exit long,2011-12-30 08:00,TX60,97.98,100,9802,-4,-0.04,0,13,0.13,-11,-0.11,-468,-0.47,4
403,Entry long,2011-12-30 07:00,C0|L|MKT|15|v0.3.0-tier0|SPY,98.02,100,9802,-4,-0.04,0,13,0.13,-11,-0.11,-468,-0.47,4
404,Exit long,2012-01-03 08:15,TX60,99.66,100,9965,1,0.01,0,9,0.09,-11,-0.11,-467,-0.47,4
404,Entry long,2012-01-03 07:15,C0|L|MKT|15|v0.3.0-tier0|SPY,99.65,100,9965,1,0.01,0,9,0.09,-11,-0.11,-467,-0.47,4
405,Exit short,2012-01-04 08:15,TX60,98.78,100,9864,-14,-0.14,0,19,0.19,-18,-0.18,-481,-0.48,4
405,Entry short,2012-01-04 07:15,C0|S|MKT|15|v0.3.0-tier0|SPY,98.64,100,9864,-14,-0.14,0,19,0.19,-18,-0.18,-481,-0.48,4
406,Exit short,2012-01-06 08:00,TX60,99.21,100,9901,-20,-0.20,0,9,0.09,-39,-0.39,-501,-0.50,4
406,Entry short,2012-01-06 07:00,C0|S|MKT|15|v0.3.0-tier0|SPY,99.01,100,9901,-20,-0.20,0,9,0.09,-39,-0.39,-501,-0.50,4
407,Exit long,2012-01-09 08:30,TX60,99.13,100,9955,-42,-0.42,0,3,0.03,-56,-0.56,-543,-0.54,4
407,Entry long,2012-01-09 07:30,C0|L|MKT|15|v0.3.0-tier0|SPY,99.55,100,9955,-42,-0.42,0,3,0.03,-56,-0.56,-543,-0.54,4
408,Exit long,2012-01-10 08:15,TX60,100.52,100,10063,-11,-0.11,0,3,0.03,-25,-0.25,-554,-0.55,4
408,Entry long,2012-01-10 07:15,C0|L|MKT|15|v0.3.0-tier0|SPY,100.63,100,10063,-11,-0.11,0,3,0.03,-25,-0.25,-554,-0.55,4
409,Exit short,2012-01-12 08:15,TX60,100.15,100,10010,-5,-0.05,0,24,0.24,-8,-0.08,-559,-0.56,4
409,Entry short,2012-01-12 07:15,C0|S|MKT|15|v0.3.0-tier0|SPY,100.1,100,10010,-5,-0.05,0,24,0.24,-8,-0.08,-559,-0.56,4
410,Exit short,2012-01-13 08:15,TX60,99.76,100,9955,-21,-0.21,0,32,0.32,-30,-0.30,-580,-0.58,4
410,Entry short,2012-01-13 07:15,C0|S|MKT|15|v0.3.0-tier0|SPY,99.55,100,9955,-21,-0.21,0,32,0.32,-30,-0.30,-580,-0.58,4
411,Exit short,2012-01-17 08:15,TX60,101,100,10093,-7,-0.07,0,16,0.16,-12,-0.12,-587,-0.59,4
411,Entry short,2012-01-17 07:15,C0|S|MKT|15|v0.3.0-tier0|SPY,100.93,100,10093,-7,-0.07,0,16,0.16,-12,-0.12,-587,-0.59,4
412,Exit long,2012-01-18 08:00,TX60,101.08,100,10085,23,0.23,0,36,0.36,0,0.00,-564,-0.56,4
412,Entry long,2012-01-18 07:00,C0|L|MKT|15|v0.3.0-tier0|SPY,100.85,100,10085,23,0.23,0,36,0.36,0,0.00,-564,-0.56,4
413,Exit long,2012-01-19 08:00,TX60,101.96,100,10195,1,0.01,0,14,0.14,-33,-0.32,-563,-0.56,4
413,Entry long,2012-01-19 07:00,C0|L|MKT|15|v0.3.0-tier0|SPY,101.95,100,10195,1,0.01,0,14,0.14,-33,-0.32,-563,-0.56,4
414,Exit long,2012-01-23 08:00,TX60,102.51,100,10261,-10,-0.10,0,14,0.14,-17,-0.17,-573,-0.57,4
414,Entry long,2012-01-23 07:00,C0|L|MKT|15|v0.3.0-tier0|SPY,102.61,100,10261,-10,-0.10,0,14,0.14,-17,-0.17,-573,-0.57,4
415,Exit long,2012-01-24 08:15,TX60,102.03,100,10184,19,0.19,0,23,0.23,-14,-0.14,-554,-0.55,4
415,Entry long,2012-01-24 07:15,C0|L|MKT|15|v0.3.0-tier0|SPY,101.84,100,10184,19,0.19,0,23,0.23,-14,-0.14,-554,-0.55,4
416,Exit long,2012-01-26 08:00,TX60,102.76,100,10357,-81,-0.78,0,0,0.00,-82,-0.79,-635,-0.63,4
416,Entry long,2012-01-26 07:00,C0|L|MKT|15|v0.3.0-tier0|SPY,103.57,100,10357,-81,-0.78,0,0,0.00,-82,-0.79,-635,-0.63,4
417,Exit long,2012-01-27 08:00,TX60,102.19,100,10236,-17,-0.17,0,4,0.04,-36,-0.35,-652,-0.65,4
417,Entry long,2012-01-27 07:00,C0|L|MKT|15|v0.3.0-tier0|SPY,102.36,100,10236,-17,-0.17,0,4,0.04,-36,-0.35,-652,-0.65,4
418,Exit short,2012-01-30 08:15,TX60,101.48,100,10109,-39,-0.39,0,3,0.03,-50,-0.49,-691,-0.69,4
418,Entry short,2012-01-30 07:15,C0|S|MKT|15|v0.3.0-tier0|SPY,101.09,100,10109,-39,-0.39,0,3,0.03,-50,-0.49,-691,-0.69,4
419,Exit short,2012-01-31 08:15,TX60,101.59,100,10208,49,0.48,0,51,0.50,-16,-0.16,-642,-0.64,4
419,Entry short,2012-01-31 07:15,C0|S|MKT|15|v0.3.0-tier0|SPY,102.08,100,10208,49,0.48,0,51,0.50,-16,-0.16,-642,-0.64,4
420,Exit long,2012-02-01 08:15,TX60,103.1,100,10314,-4,-0.04,0,3,0.03,-15,-0.15,-646,-0.65,4
420,Entry long,2012-02-01 07:15,C0|L|MKT|15|v0.3.0-tier0|SPY,103.14,100,10314,-4,-0.04,0,3,0.03,-15,-0.15,-646,-0.65,4
421,Exit long,2012-02-03 08:15,TX60,104.29,100,10432,-3,-0.03,0,10,0.10,-10,-0.10,-649,-0.65,4
421,Entry long,2012-02-03 07:15,C0|L|MKT|15|v0.3.0-tier0|SPY,104.32,100,10432,-3,-0.03,0,10,0.10,-10,-0.10,-649,-0.65,4
422,Exit long,2012-02-06 08:00,TX60,104.22,100,10420,2,0.02,0,14,0.13,-14,-0.13,-647,-0.65,4
422,Entry long,2012-02-06 07:00,C0|L|MKT|15|v0.3.0-tier0|SPY,104.2,100,10420,2,0.02,0,14,0.13,-14,-0.13,-647,-0.65,4
423,Exit short,2012-02-07 08:00,TX60,104.54,100,10404,-50,-0.48,0,21,0.20,-52,-0.50,-697,-0.70,4
423,Entry short,2012-02-07 07:00,C0|S|MKT|15|v0.3.0-tier0|SPY,104.04,100,10404,-50,-0.48,0,21,0.20,-52,-0.50,-697,-0.70,4
424,Exit long,2012-02-08 08:00,TX60,104.82,100,10498,-16,-0.15,0,7,0.07,-26,-0.25,-713,-0.71,4
424,Entry long,2012-02-08 07:00,C0|L|MKT|15|v0.3.0-tier0|SPY,104.98,100,10498,-16,-0.15,0,7,0.07,-26,-0.25,-713,-0.71,4
425,Exit short,2012-02-09 08:30,TX60,104.86,100,10466,-20,-0.19,0,12,0.11,-32,-0.31,-733,-0.73,4
425,Entry short,2012-02-09 07:30,C0|S|MKT|15|v0.3.0-tier0|SPY,104.66,100,10466,-20,-0.19,0,12,0.11,-32,-0.31,-733,-0.73,4
426,Exit short,2012-02-10 08:15,TX60,104.33,100,10401,-32,-0.31,0,2,0.02,-37,-0.36,-765,-0.76,4
426,Entry short,2012-02-10 07:15,C0|S|MKT|15|v0.3.0-tier0|SPY,104.01,100,10401,-32,-0.31,0,2,0.02,-37,-0.36,-765,-0.76,4
427,Exit short,2012-02-13 08:15,TX60,104.95,100,10494,-1,-0.01,0,26,0.25,-4,-0.04,-766,-0.77,4
427,Entry short,2012-02-13 07:15,C0|S|MKT|15|v0.3.0-tier0|SPY,104.94,100,10494,-1,-0.01,0,26,0.25,-4,-0.04,-766,-0.77,4
428,Exit short,2012-02-14 08:15,TX60,104.77,100,10467,-10,-0.10,0,11,0.11,-16,-0.15,-776,-0.78,4
428,Entry short,2012-02-14 07:15,C0|S|MKT|15|v0.3.0-tier0|SPY,104.67,100,10467,-10,-0.10,0,11,0.11,-16,-0.15,-776,-0.78,4
429,Exit long,2012-02-16 08:15,TX60,104.89,100,10479,10,0.10,0,20,0.19,-5,-0.05,-766,-0.77,4
429,Entry long,2012-02-16 07:15,C0|L|MKT|15|v0.3.0-tier0|SPY,104.79,100,10479,10,0.10,0,20,0.19,-5,-0.05,-766,-0.77,4
430,Exit short,2012-02-17 08:15,TX60,105.65,100,10585,20,0.19,0,22,0.21,-11,-0.10,-746,-0.75,4
430,Entry short,2012-02-17 07:15,C0|S|MKT|15|v0.3.0-tier0|SPY,105.85,100,10585,20,0.19,0,22,0.21,-11,-0.10,-746,-0.75,4
431,Exit short,2012-02-21 08:00,TX60,106.39,100,10599,-40,-0.38,0,3,0.03,-41,-0.39,-786,-0.79,4
431,Entry short,2012-02-21 07:00,C0|S|MKT|15|v0.3.0-tier0|SPY,105.99,100,10599,-40,-0.38,0,3,0.03,-41,-0.39,-786,-0.79,4
432,Exit long,2012-02-27 08:15,TX60,106.37,100,10589,48,0.45,0,48,0.45,-4,-0.04,-738,-0.74,4
432,Entry long,2012-02-27 07:15,C0|L|MKT|15|v0.3.0-tier0|SPY,105.89,100,10589,48,0.45,0,48,0.45,-4,-0.04,-738,-0.74,4
433,Exit long,2012-02-28 08:00,TX60,106.82,100,10672,10,0.09,0,28,0.26,-24,-0.22,-728,-0.73,4
433,Entry long,2012-02-28 07:00,C0|L|MKT|15|v0.3.0-tier0|SPY,106.72,100,10672,10,0.09,0,28,0.26,-24,-0.22,-728,-0.73,4
434,Exit long,2012-02-29 08:00,TX60,106.63,100,10728,-65,-0.61,0,8,0.07,-93,-0.87,-793,-0.79,4
434,Entry long,2012-02-29 07:00,C0|L|MKT|15|v0.3.0-tier0|SPY,107.28,100,10728,-65,-0.61,0,8,0.07,-93,-0.87,-793,-0.79,4
435,Exit long,2012-03-01 08:00,TX60,106.8,100,10701,-21,-0.20,0,0,0.00,-48,-0.45,-814,-0.81,4
435,Entry long,2012-03-01 07:00,C0|L|MKT|15|v0.3.0-tier0|SPY,107.01,100,10701,-21,-0.20,0,0,0.00,-48,-0.45,-814,-0.81,4
436,Exit short,2012-03-02 08:00,TX60,106.86,100,10680,-6,-0.06,0,5,0.05,-27,-0.25,-820,-0.82,4
436,Entry short,2012-03-02 07:00,C0|S|MKT|15|v0.3.0-tier0|SPY,106.8,100,10680,-6,-0.06,0,5,0.05,-27,-0.25,-820,-0.82,4
437,Exit short,2012-03-05 08:30,TX60,106.07,100,10606,-1,-0.01,0,18,0.17,-18,-0.17,-821,-0.82,4
437,Entry short,2012-03-05 07:30,C0|S|MKT|15|v0.3.0-tier0|SPY,106.06,100,10606,-1,-0.01,0,18,0.17,-18,-0.17,-821,-0.82,4
438,Exit short,2012-03-06 08:00,TX60,104.79,100,10497,18,0.17,0,25,0.24,-8,-0.08,-803,-0.80,4
438,Entry short,2012-03-06 07:00,C0|S|MKT|15|v0.3.0-tier0|SPY,104.97,100,10497,18,0.17,0,25,0.24,-8,-0.08,-803,-0.80,4
439,Exit short,2012-03-08 08:15,TX60,106.24,100,10591,-33,-0.31,0,6,0.06,-34,-0.32,-836,-0.84,4
439,Entry short,2012-03-08 07:15,C0|S|MKT|15|v0.3.0-tier0|SPY,105.91,100,10591,-33,-0.31,0,6,0.06,-34,-0.32,-836,-0.84,4
440,Exit long,2012-03-09 08:30,TX60,107.02,100,10697,5,0.05,0,18,0.17,0,0.00,-831,-0.83,4
440,Entry long,2012-03-09 07:30,C0|L|MKT|15|v0.3.0-tier0|SPY,106.97,100,10697,5,0.05,0,18,0.17,0,0.00,-831,-0.83,4
441,Exit short,2012-03-12 08:15,TX60,106.72,100,10669,-3,-0.03,0,12,0.11,-14,-0.13,-834,-0.83,4
441,Entry short,2012-03-12 07:15,C0|S|MKT|15|v0.3.0-tier0|SPY,106.69,100,10669,-3,-0.03,0,12,0.11,-14,-0.13,-834,-0.83,4
442,Exit long,2012-03-14 08:00,TX60,108.77,100,10899,-22,-0.20,0,12,0.11,-24,-0.22,-856,-0.86,4
442,Entry long,2012-03-14 07:00,C0|L|MKT|15|v0.3.0-tier0|SPY,108.99,100,10899,-22,-0.20,0,12,0.11,-24,-0.22,-856,-0.86,4
443,Exit long,2012-03-15 08:30,TX60,108.97,100,10895,2,0.02,0,11,0.10,-17,-0.16,-854,-0.85,4
443,Entry long,2012-03-15 07:30,C0|L|MKT|15|v0.3.0-tier0|SPY,108.95,100,10895,2,0.02,0,11,0.10,-17,-0.16,-854,-0.85,4
444,Exit short,2012-03-16 08:00,TX60,109.53,100,10935,-18,-0.16,0,10,0.09,-18,-0.16,-872,-0.87,4
444,Entry short,2012-03-16 07:00,C0|S|MKT|15|v0.3.0-tier0|SPY,109.35,100,10935,-18,-0.16,0,10,0.09,-18,-0.16,-872,-0.87,4
445,Exit long,2012-03-19 08:00,TX60,109.69,100,10969,0,0.00,0,4,0.04,-20,-0.18,-872,-0.87,4
445,Entry long,2012-03-19 07:00,C0|L|MKT|15|v0.3.0-tier0|SPY,109.69,100,10969,0,0.00,0,4,0.04,-20,-0.18,-872,-0.87,4
446,Exit short,2012-03-21 08:15,TX60,109.31,100,10943,12,0.11,0,24,0.22,-16,-0.15,-860,-0.86,4
446,Entry short,2012-03-21 07:15,C0|S|MKT|15|v0.3.0-tier0|SPY,109.43,100,10943,12,0.11,0,24,0.22,-16,-0.15,-860,-0.86,4
447,Exit short,2012-03-23 08:15,TX60,108.58,100,10825,-33,-0.30,0,1,0.01,-39,-0.36,-893,-0.89,4
447,Entry short,2012-03-23 07:15,C0|S|MKT|15|v0.3.0-tier0|SPY,108.25,100,10825,-33,-0.30,0,1,0.01,-39,-0.36,-893,-0.89,4
448,Exit long,2012-03-26 08:15,TX60,109.96,100,11004,-8,-0.07,0,7,0.06,-9,-0.08,-901,-0.90,4
448,Entry long,2012-03-26 07:15,C0|L|MKT|15|v0.3.0-tier0|SPY,110.04,100,11004,-8,-0.07,0,7,0.06,-9,-0.08,-901,-0.90,4
449,Exit short,2012-03-29 08:15,TX60,108.84,100,10884,0,0.00,0,30,0.28,-5,-0.05,-901,-0.90,4
449,Entry short,2012-03-29 07:15,C0|S|MKT|15|v0.3.0-tier0|SPY,108.84,100,10884,0,0.00,0,30,0.28,-5,-0.05,-901,-0.90,4
450,Exit short,2012-03-30 08:00,TX60,109.49,100,10971,22,0.20,0,42,0.38,-10,-0.09,-879,-0.88,4
450,Entry short,2012-03-30 07:00,C0|S|MKT|15|v0.3.0-tier0|SPY,109.71,100,10971,22,0.20,0,42,0.38,-10,-0.09,-879,-0.88,4
451,Exit long,2012-04-02 08:15,TX60,110.34,100,11014,20,0.18,0,23,0.21,-15,-0.14,-859,-0.86,4
451,Entry long,2012-04-02 07:15,C0|L|MKT|15|v0.3.0-tier0|SPY,110.14,100,11014,20,0.18,0,23,0.21,-15,-0.14,-859,-0.86,4
452,Exit short,2012-04-04 08:15,TX60,108.93,100,10924,31,0.28,0,46,0.42,0,0.00,-828,-0.83,4
452,Entry short,2012-04-04 07:15,C0|S|MKT|15|v0.3.0-tier0|SPY,109.24,100,10924,31,0.28,0,46,0.42,0,0.00,-828,-0.83,4
453,Exit long,2012-04-05 08:00,TX60,109.34,100,10899,35,0.32,0,36,0.33,-1,-0.01,-793,-0.79,4
453,Entry long,2012-04-05 07:00,C0|L|MKT|15|v0.3.0-tier0|SPY,108.99,100,10899,35,0.32,0,36,0.33,-1,-0.01,-793,-0.79,4
454,Exit long,2012-04-09 08:30,TX60,107.65,100,10789,-24,-0.22,0,4,0.04,-27,-0.25,-817,-0.82,4
454,Entry long,2012-04-09 07:30,C0|L|MKT|15|v0.3.0-tier0|SPY,107.89,100,10789,-24,-0.22,0,4,0.04,-27,-0.25,-817,-0.82,4
455,Exit short,2012-04-10 08:15,TX60,107.21,100,10752,31,0.29,0,34,0.32,-5,-0.05,-786,-0.79,4
455,Entry short,2012-04-10 07:15,C0|S|MKT|15|v0.3.0-tier0|SPY,107.52,100,10752,31,0.29,0,34,0.32,-5,-0.05,-786,-0.79,4
456,Exit long,2012-04-12 08:00,TX60,107.87,100,10754,33,0.31,0,39,0.36,-12,-0.11,-753,-0.75,4
456,Entry long,2012-04-12 07:00,C0|L|MKT|15|v0.3.0-tier0|SPY,107.54,100,10754,33,0.31,0,39,0.36,-12,-0.11,-753,-0.75,4
457,Exit short,2012-04-13 08:00,TX60,107.35,100,10760,25,0.23,0,42,0.39,-15,-0.14,-728,-0.73,4
457,Entry short,2012-04-13 07:00,C0|S|MKT|15|v0.3.0-tier0|SPY,107.6,100,10760,25,0.23,0,42,0.39,-15,-0.14,-728,-0.73,4
458,Exit short,2012-04-16 08:00,TX60,106.93,100,10710,17,0.16,0,52,0.49,-4,-0.04,-711,-0.71,4
458,Entry short,2012-04-16 07:00,C0|S|MKT|15|v0.3.0-tier0|SPY,107.1,100,10710,17,0.16,0,52,0.49,-4,-0.04,-711,-0.71,4
459,Exit long,2012-04-17 08:30,TX60,108.3,100,10795,35,0.32,0,46,0.43,-3,-0.03,-676,-0.68,4
459,Entry long,2012-04-17 07:30,C0|L|MKT|15|v0.3.0-tier0|SPY,107.95,100,10795,35,0.32,0,46,0.43,-3,-0.03,-676,-0.68,4
460,Exit long,2012-04-18 08:00,TX60,108.42,100,10836,6,0.06,0,14,0.13,-17,-0.16,-670,-0.67,4
460,Entry long,2012-04-18 07:00,C0|L|MKT|15|v0.3.0-tier0|SPY,108.36,100,10836,6,0.06,0,14,0.13,-17,-0.16,-670,-0.67,4
461,Exit long,2012-04-19 08:00,TX60,108.39,100,10830,9,0.08,0,27,0.25,-64,-0.59,-661,-0.66,4
461,Entry long,2012-04-19 07:00,C0|L|MKT|15|v0.3.0-tier0|SPY,108.3,100,10830,9,0.08,0,27,0.25,-64,-0.59,-661,-0.66,4
462,Exit long,2012-04-20 08:00,TX60,108.21,100,10809,12,0.11,0,24,0.22,-25,-0.23,-649,-0.65,4
462,Entry long,2012-04-20 07:00,C0|L|MKT|15|v0.3.0-tier0|SPY,108.09,100,10809,12,0.11,0,24,0.22,-25,-0.23,-649,-0.65,4
463,Exit short,2012-04-23 08:15,TX60,106.4,100,10624,-16,-0.15,0,16,0.15,-20,-0.19,-665,-0.66,4
463,Entry short,2012-04-23 07:15,C0|S|MKT|15|v0.3.0-tier0|SPY,106.24,100,10624,-16,-0.15,0,16,0.15,-20,-0.19,-665,-0.66,4
464,Exit long,2012-04-24 08:15,TX60,107.37,100,10721,16,0.15,0,17,0.16,-7,-0.07,-649,-0.65,4
464,Entry long,2012-04-24 07:15,C0|L|MKT|15|v0.3.0-tier0|SPY,107.21,100,10721,16,0.15,0,17,0.16,-7,-0.07,-649,-0.65,4
465,Exit long,2012-04-25 08:00,TX60,108.25,100,10851,-26,-0.24,0,2,0.02,-27,-0.25,-675,-0.67,4
465,Entry long,2012-04-25 07:00,C0|L|MKT|15|v0.3.0-tier0|SPY,108.51,100,10851,-26,-0.24,0,2,0.02,-27,-0.25,-675,-0.67,4
466,Exit long,2012-04-26 08:15,TX60,108.6,100,10869,-9,-0.08,0,8,0.07,-17,-0.16,-684,-0.68,4
466,Entry long,2012-04-26 07:15,C0|L|MKT|15|v0.3.0-tier0|SPY,108.69,100,10869,-9,-0.08,0,8,0.07,-17,-0.16,-684,-0.68,4
467,Exit short,2012-04-27 08:00,TX60,109.44,100,10941,-3,-0.03,0,31,0.28,-6,-0.05,-687,-0.69,4
467,Entry short,2012-04-27 07:00,C0|S|MKT|15|v0.3.0-tier0|SPY,109.41,100,10941,-3,-0.03,0,31,0.28,-6,-0.05,-687,-0.69,4
468,Exit short,2012-04-30 08:00,TX60,109.02,100,10903,1,0.01,0,9,0.08,-26,-0.24,-686,-0.69,4
468,Entry short,2012-04-30 07:00,C0|S|MKT|15|v0.3.0-tier0|SPY,109.03,100,10903,1,0.01,0,9,0.08,-26,-0.24,-686,-0.69,4
469,Exit short,2012-05-01 08:00,TX60,110.17,100,10902,-115,-1.05,0,1,0.01,-121,-1.11,-801,-0.80,4
469,Entry short,2012-05-01 07:00,C0|S|MKT|15|v0.3.0-tier0|SPY,109.02,100,10902,-115,-1.05,0,1,0.01,-121,-1.11,-801,-0.80,4
470,Exit short,2012-05-02 08:15,TX60,109.19,100,10901,-18,-0.17,0,18,0.17,-31,-0.28,-819,-0.82,4
470,Entry short,2012-05-02 07:15,C0|S|MKT|15|v0.3.0-tier0|SPY,109.01,100,10901,-18,-0.17,0,18,0.17,-31,-0.28,-819,-0.82,4
471,Exit short,2012-05-03 08:15,TX60,109.34,100,10914,-20,-0.18,0,18,0.16,-25,-0.23,-839,-0.84,4
471,Entry short,2012-05-03 07:15,C0|S|MKT|15|v0.3.0-tier0|SPY,109.14,100,10914,-20,-0.18,0,18,0.16,-25,-0.23,-839,-0.84,4
472,Exit short,2012-05-04 08:00,TX60,107.54,100,10774,20,0.19,0,44,0.41,-2,-0.02,-819,-0.82,4
472,Entry short,2012-05-04 07:00,C0|S|MKT|15|v0.3.0-tier0|SPY,107.74,100,10774,20,0.19,0,44,0.41,-2,-0.02,-819,-0.82,4
473,Exit short,2012-05-08 08:15,TX60,105.34,100,10596,62,0.59,0,68,0.64,-15,-0.14,-757,-0.76,4
473,Entry short,2012-05-08 07:15,C0|S|MKT|15|v0.3.0-tier0|SPY,105.96,100,10596,62,0.59,0,68,0.64,-15,-0.14,-757,-0.76,4
474,Exit short,2012-05-09 08:30,TX60,105.99,100,10498,-101,-0.96,0,0,0.00,-115,-1.10,-858,-0.86,4
474,Entry short,2012-05-09 07:30,C0|S|MKT|15|v0.3.0-tier0|SPY,104.98,100,10498,-101,-0.96,0,0,0.00,-115,-1.10,-858,-0.86,4
475,Exit short,2012-05-10 08:30,TX60,106.35,100,10630,-5,-0.05,0,24,0.23,-16,-0.15,-863,-0.86,4
475,Entry short,2012-05-10 07:30,C0|S|MKT|15|v0.3.0-tier0|SPY,106.3,100,10630,-5,-0.05,0,24,0.23,-16,-0.15,-863,-0.86,4
476,Exit long,2012-05-11 08:00,TX60,106.48,100,10589,59,0.56,0,78,0.74,0,0.00,-804,-0.80,4
476,Entry long,2012-05-11 07:00,C0|L|MKT|15|v0.3.0-tier0|SPY,105.89,100,10589,59,0.56,0,78,0.74,0,0.00,-804,-0.80,4
477,Exit short,2012-05-14 08:15,TX60,104.83,100,10458,-25,-0.24,0,9,0.09,-39,-0.37,-829,-0.83,4
477,Entry short,2012-05-14 07:15,C0|S|MKT|15|v0.3.0-tier0|SPY,104.58,100,10458,-25,-0.24,0,9,0.09,-39,-0.37,-829,-0.83,4
478,Exit long,2012-05-15 08:30,TX60,104.56,100,10510,-54,-0.51,0,0,0.00,-66,-0.63,-883,-0.88,4
478,Entry long,2012-05-15 07:30,C0|L|MKT|15|v0.3.0-tier0|SPY,105.1,100,10510,-54,-0.51,0,0,0.00,-66,-0.63,-883,-0.88,4
479,Exit long,2012-05-16 08:00,TX60,104.59,100,10484,-25,-0.24,0,14,0.13,-29,-0.28,-908,-0.91,4
479,Entry long,2012-05-16 07:00,C0|L|MKT|15|v0.3.0-tier0|SPY,104.84,100,10484,-25,-0.24,0,14,0.13,-29,-0.28,-908,-0.91,4
480,Exit long,2012-05-21 08:30,TX60,102.33,100,10216,17,0.17,0,42,0.41,0,0.00,-891,-0.89,4
480,Entry long,2012-05-21 07:30,C0|L|MKT|15|v0.3.0-tier0|SPY,102.16,100,10216,17,0.17,0,42,0.41,0,0.00,-891,-0.89,4
481,Exit long,2012-05-22 08:15,TX60,103.79,100,10365,14,0.14,0,31,0.30,0,0.00,-877,-0.88,4
481,Entry long,2012-05-22 07:15,C0|L|MKT|15|v0.3.0-tier0|SPY,103.65,100,10365,14,0.14,0,31,0.30,0,0.00,-877,-0.88,4
482,Exit short,2012-05-23 08:30,TX60,101.83,100,10203,20,0.20,0,45,0.44,-3,-0.03,-857,-0.86,4
482,Entry short,2012-05-23 07:30,C0|S|MKT|15|v0.3.0-tier0|SPY,102.03,100,10203,20,0.20,0,45,0.44,-3,-0.03,-857,-0.86,4
483,Exit short,2012-05-24 08:00,TX60,103.37,100,10313,-24,-0.23,0,14,0.14,-53,-0.51,-881,-0.88,4
483,Entry short,2012-05-24 07:00,C0|S|MKT|15|v0.3.0-tier0|SPY,103.13,100,10313,-24,-0.23,0,14,0.14,-53,-0.51,-881,-0.88,4
484,Exit long,2012-05-29 08:00,TX60,104.38,100,10406,32,0.31,0,45,0.43,-23,-0.22,-849,-0.85,4
484,Entry long,2012-05-29 07:00,C0|L|MKT|15|v0.3.0-tier0|SPY,104.06,100,10406,32,0.31,0,45,0.43,-23,-0.22,-849,-0.85,4
485,Exit short,2012-05-31 08:00,TX60,101.93,100,10219,26,0.25,0,37,0.36,-8,-0.08,-823,-0.82,4
485,Entry short,2012-05-31 07:00,C0|S|MKT|15|v0.3.0-tier0|SPY,102.19,100,10219,26,0.25,0,37,0.36,-8,-0.08,-823,-0.82,4
486,Exit short,2012-06-01 08:00,TX60,100.66,100,10093,27,0.27,0,31,0.31,-32,-0.32,-796,-0.80,4
486,Entry short,2012-06-01 07:00,C0|S|MKT|15|v0.3.0-tier0|SPY,100.93,100,10093,27,0.27,0,31,0.31,-32,-0.32,-796,-0.80,4
487,Exit short,2012-06-04 08:00,TX60,99.95,100,9987,-8,-0.08,0,34,0.34,-22,-0.22,-804,-0.80,4
487,Entry short,2012-06-04 07:00,C0|S|MKT|15|v0.3.0-tier0|SPY,99.87,100,9987,-8,-0.08,0,34,0.34,-22,-0.22,-804,-0.80,4
488,Exit long,2012-06-05 08:00,TX60,100.25,100,10019,6,0.06,0,49,0.49,-6,-0.06,-798,-0.80,4
488,Entry long,2012-06-05 07:00,C0|L|MKT|15|v0.3.0-tier0|SPY,100.19,100,10019,6,0.06,0,49,0.49,-6,-0.06,-798,-0.80,4
489,Exit long,2012-06-06 08:00,TX60,102.22,100,10196,26,0.26,0,29,0.28,-8,-0.08,-772,-0.77,4
489,Entry long,2012-06-06 07:00,C0|L|MKT|15|v0.3.0-tier0|SPY,101.96,100,10196,26,0.26,0,29,0.28,-8,-0.08,-772,-0.77,4
490,Exit short,2012-06-07 08:15,TX60,103.28,100,10358,30,0.29,0,37,0.36,-20,-0.19,-742,-0.74,4
490,Entry short,2012-06-07 07:15,C0|S|MKT|15|v0.3.0-tier0|SPY,103.58,100,10358,30,0.29,0,37,0.36,-20,-0.19,-742,-0.74,4
491,Exit long,2012-06-08 08:30,TX60,103.07,100,10285,22,0.21,0,39,0.38,-4,-0.04,-720,-0.72,4
491,Entry long,2012-06-08 07:30,C0|L|MKT|15|v0.3.0-tier0|SPY,102.85,100,10285,22,0.21,0,39,0.38,-4,-0.04,-720,-0.72,4
492,Exit short,2012-06-11 08:00,TX60,103.58,100,10398,40,0.38,0,49,0.47,-17,-0.16,-680,-0.68,4
492,Entry short,2012-06-11 07:00,C0|S|MKT|15|v0.3.0-tier0|SPY,103.98,100,10398,40,0.38,0,49,0.47,-17,-0.16,-680,-0.68,4
493,Exit short,2012-06-12 08:15,TX60,103.2,100,10249,-71,-0.69,0,14,0.14,-78,-0.76,-751,-0.75,4
493,Entry short,2012-06-12 07:15,C0|S|MKT|15|v0.3.0-tier0|SPY,102.49,100,10249,-71,-0.69,0,14,0.14,-78,-0.76,-751,-0.75,4
494,Exit long,2012-06-13 08:15,TX60,103.72,100,10356,16,0.15,0,46,0.44,-10,-0.10,-735,-0.73,4
494,Entry long,2012-06-13 07:15,C0|L|MKT|15|v0.3.0-tier0|SPY,103.56,100,10356,16,0.15,0,46,0.44,-10,-0.10,-735,-0.73,4
495,Exit long,2012-06-14 08:00,TX60,103.78,100,10356,22,0.21,0,28,0.27,-11,-0.11,-713,-0.71,4
495,Entry long,2012-06-14 07:00,C0|L|MKT|15|v0.3.0-tier0|SPY,103.56,100,10356,22,0.21,0,28,0.27,-11,-0.11,-713,-0.71,4
496,Exit long,2012-06-15 08:15,TX60,104.82,100,10474,8,0.08,0,8,0.08,-19,-0.18,-705,-0.70,4
496,Entry long,2012-06-15 07:15,C0|L|MKT|15|v0.3.0-tier0|SPY,104.74,100,10474,8,0.08,0,8,0.08,-19,-0.18,-705,-0.70,4
497,Exit long,2012-06-18 08:15,TX60,105.15,100,10507,8,0.08,0,48,0.46,-5,-0.05,-697,-0.70,4
497,Entry long,2012-06-18 07:15,C0|L|MKT|15|v0.3.0-tier0|SPY,105.07,100,10507,8,0.08,0,48,0.46,-5,-0.05,-697,-0.70,4
498,Exit long,2012-06-19 08:00,TX60,106.43,100,10622,21,0.20,0,26,0.24,-4,-0.04,-676,-0.68,4
498,Entry long,2012-06-19 07:00,C0|L|MKT|15|v0.3.0-tier0|SPY,106.22,100,10622,21,0.20,0,26,0.24,-4,-0.04,-676,-0.68,4
499,Exit short,2012-06-21 08:15,TX60,105.33,100,10587,54,0.51,0,55,0.52,-12,-0.11,-622,-0.62,4
499,Entry short,2012-06-21 07:15,C0|S|MKT|15|v0.3.0-tier0|SPY,105.87,100,10587,54,0.51,0,55,0.52,-12,-0.11,-622,-0.62,4
500,Exit short,2012-06-25 08:30,TX60,102.95,100,10296,1,0.01,0,8,0.08,-16,-0.16,-621,-0.62,4
500,Entry short,2012-06-25 07:30,C0|S|MKT|15|v0.3.0-tier0|SPY,102.96,100,10296,1,0.01,0,8,0.08,-16,-0.16,-621,-0.62,4
501,Exit short,2012-06-26 08:30,TX60,102.97,100,10304,7,0.07,0,34,0.33,-21,-0.20,-614,-0.61,4
501,Entry short,2012-06-26 07:30,C0|S|MKT|15|v0.3.0-tier0|SPY,103.04,100,10304,7,0.07,0,34,0.33,-21,-0.20,-614,-0.61,4
502,Exit long,2012-06-27 08:15,TX60,104.15,100,10440,-25,-0.24,0,6,0.06,-25,-0.24,-639,-0.64,4
502,Entry long,2012-06-27 07:15,C0|L|MKT|15|v0.3.0-tier0|SPY,104.4,100,10440,-25,-0.24,0,6,0.06,-25,-0.24,-639,-0.64,4
503,Exit long,2012-06-29 08:30,TX60,106.23,100,10628,-5,-0.05,0,2,0.02,-19,-0.18,-644,-0.64,4
503,Entry long,2012-06-29 07:30,C0|L|MKT|15|v0.3.0-tier0|SPY,106.28,100,10628,-5,-0.05,0,2,0.02,-19,-0.18,-644,-0.64,4
504,Exit short,2012-07-02 08:15,TX60,106.36,100,10656,20,0.19,0,26,0.24,-20,-0.19,-624,-0.62,4
504,Entry short,2012-07-02 07:15,C0|S|MKT|15|v0.3.0-tier0|SPY,106.56,100,10656,20,0.19,0,26,0.24,-20,-0.19,-624,-0.62,4
505,Exit long,2012-07-03 08:00,TX60,107.54,100,10730,24,0.22,0,28,0.26,-1,-0.01,-600,-0.60,4
505,Entry long,2012-07-03 07:00,C0|L|MKT|15|v0.3.0-tier0|SPY,107.3,100,10730,24,0.22,0,28,0.26,-1,-0.01,-600,-0.60,4
506,Exit short,2012-07-05 08:00,TX60,107.37,100,10715,-22,-0.21,0,25,0.23,-28,-0.26,-622,-0.62,4
506,Entry short,2012-07-05 07:00,C0|S|MKT|15|v0.3.0-tier0|SPY,107.15,100,10715,-22,-0.21,0,25,0.23,-28,-0.26,-622,-0.62,4
507,Exit short,2012-07-06 08:15,TX60,106.11,100,10621,10,0.09,0,16,0.15,-17,-0.16,-612,-0.61,4
507,Entry short,2012-07-06 07:15,C0|S|MKT|15|v0.3.0-tier0|SPY,106.21,100,10621,10,0.09,0,16,0.15,-17,-0.16,-612,-0.61,4
508,Exit short,2012-07-09 08:00,TX60,106.03,100,10591,-12,-0.11,0,20,0.19,-20,-0.19,-624,-0.62,4
508,Entry short,2012-07-09 07:00,C0|S|MKT|15|v0.3.0-tier0|SPY,105.91,100,10591,-12,-0.11,0,20,0.19,-20,-0.19,-624,-0.62,4
509,Exit short,2012-07-10 08:00,TX60,106.02,100,10658,56,0.53,0,68,0.64,-11,-0.10,-568,-0.57,4
509,Entry short,2012-07-10 07:00,C0|S|MKT|15|v0.3.0-tier0|SPY,106.58,100,10658,56,0.53,0,68,0.64,-11,-0.10,-568,-0.57,4
510,Exit long,2012-07-11 08:00,TX60,105.05,100,10536,-31,-0.29,0,22,0.21,-31,-0.29,-599,-0.60,4
510,Entry long,2012-07-11 07:00,C0|L|MKT|15|v0.3.0-tier0|SPY,105.36,100,10536,-31,-0.29,0,22,0.21,-31,-0.29,-599,-0.60,4
511,Exit long,2012-07-13 08:00,TX60,106.03,100,10576,27,0.26,0,40,0.38,-5,-0.05,-572,-0.57,4
511,Entry long,2012-07-13 07:00,C0|L|MKT|15|v0.3.0-tier0|SPY,105.76,100,10576,27,0.26,0,40,0.38,-5,-0.05,-572,-0.57,4
512,Exit short,2012-07-16 08:00,TX60,106.2,100,10590,-30,-0.28,0,9,0.08,-45,-0.42,-602,-0.60,4
512,Entry short,2012-07-16 07:00,C0|S|MKT|15|v0.3.0-tier0|SPY,105.9,100,10590,-30,-0.28,0,9,0.08,-45,-0.42,-602,-0.60,4
513,Exit short,2012-07-17 08:00,TX60,105.77,100,10649,72,0.68,0,95,0.89,-2,-0.02,-530,-0.53,4
513,Entry short,2012-07-17 07:00,C0|S|MKT|15|v0.3.0-tier0|SPY,106.49,100,10649,72,0.68,0,95,0.89,-2,-0.02,-530,-0.53,4
514,Exit long,2012-07-18 08:00,TX60,107.64,100,10730,34,0.32,0,37,0.34,-3,-0.03,-496,-0.50,4
514,Entry long,2012-07-18 07:00,C0|L|MKT|15|v0.3.0-tier0|SPY,107.3,100,10730,34,0.32,0,37,0.34,-3,-0.03,-496,-0.50,4
515,Exit short,2012-07-19 08:15,TX60,108.05,100,10772,-33,-0.31,0,5,0.05,-39,-0.36,-529,-0.53,4
515,Entry short,2012-07-19 07:15,C0|S|MKT|15|v0.3.0-tier0|SPY,107.72,100,10772,-33,-0.31,0,5,0.05,-39,-0.36,-529,-0.53,4
516,Exit short,2012-07-23 08:15,TX60,105.57,100,10507,-50,-0.48,0,6,0.06,-57,-0.54,-579,-0.58,4
516,Entry short,2012-07-23 07:15,C0|S|MKT|15|v0.3.0-tier0|SPY,105.07,100,10507,-50,-0.48,0,6,0.06,-57,-0.54,-579,-0.58,4
517,Exit short,2012-07-24 08:00,TX60,105.36,100,10562,26,0.25,0,41,0.39,-13,-0.12,-553,-0.55,4
517,Entry short,2012-07-24 07:00,C0|S|MKT|15|v0.3.0-tier0|SPY,105.62,100,10562,26,0.25,0,41,0.39,-13,-0.12,-553,-0.55,4
518,Exit short,2012-07-25 08:00,TX60,104.58,100,10515,57,0.54,0,63,0.60,-1,-0.01,-496,-0.50,4
518,Entry short,2012-07-25 07:00,C0|S|MKT|15|v0.3.0-tier0|SPY,105.15,100,10515,57,0.54,0,63,0.60,-1,-0.01,-496,-0.50,4
519,Exit long,2012-07-27 08:00,TX60,107.89,100,10757,32,0.30,0,35,0.33,-9,-0.08,-464,-0.46,4
519,Entry long,2012-07-27 07:00,C0|L|MKT|15|v0.3.0-tier0|SPY,107.57,100,10757,32,0.30,0,35,0.33,-9,-0.08,-464,-0.46,4
520,Exit long,2012-07-30 08:00,TX60,108.8,100,10900,-20,-0.18,0,29,0.27,-22,-0.20,-484,-0.48,4
520,Entry long,2012-07-30 07:00,C0|L|MKT|15|v0.3.0-tier0|SPY,109,100,10900,-20,-0.18,0,29,0.27,-22,-0.20,-484,-0.48,4
521,Exit short,2012-08-01 08:15,TX60,108.45,100,10839,-6,-0.06,0,16,0.15,-30,-0.28,-490,-0.49,4
521,Entry short,2012-08-01 07:15,C0|S|MKT|15|v0.3.0-tier0|SPY,108.39,100,10839,-6,-0.06,0,16,0.15,-30,-0.28,-490,-0.49,4
522,Exit long,2012-08-02 08:00,TX60,107.36,100,10749,-13,-0.12,0,41,0.38,-22,-0.20,-503,-0.50,4
522,Entry long,2012-08-02 07:00,C0|L|MKT|15|v0.3.0-tier0|SPY,107.49,100,10749,-13,-0.12,0,41,0.38,-22,-0.20,-503,-0.50,4
523,Exit long,2012-08-03 08:00,TX60,109.21,100,10903,18,0.17,0,33,0.30,0,0.00,-485,-0.48,4
523,Entry long,2012-08-03 07:00,C0|L|MKT|15|v0.3.0-tier0|SPY,109.03,100,10903,18,0.17,0,33,0.30,0,0.00,-485,-0.48,4
524,Exit long,2012-08-06 08:00,TX60,109.81,100,10980,1,0.01,0,14,0.13,-8,-0.07,-484,-0.48,4
524,Entry long,2012-08-06 07:00,C0|L|MKT|15|v0.3.0-tier0|SPY,109.8,100,10980,1,0.01,0,14,0.13,-8,-0.07,-484,-0.48,4
525,Exit long,2012-08-07 08:00,TX60,110.23,100,11015,8,0.07,0,17,0.15,-7,-0.06,-476,-0.48,4
525,Entry long,2012-08-07 07:00,C0|L|MKT|15|v0.3.0-tier0|SPY,110.15,100,11015,8,0.07,0,17,0.15,-7,-0.06,-476,-0.48,4
526,Exit long,2012-08-08 08:15,TX60,110.12,100,10994,18,0.16,0,18,0.16,-14,-0.13,-458,-0.46,4
526,Entry long,2012-08-08 07:15,C0|L|MKT|15|v0.3.0-tier0|SPY,109.94,100,10994,18,0.16,0,18,0.16,-14,-0.13,-458,-0.46,4
527,Exit long,2012-08-10 08:15,TX60,109.94,100,11009,-15,-0.14,0,11,0.10,-29,-0.26,-473,-0.47,4
527,Entry long,2012-08-10 07:15,C0|L|MKT|15|v0.3.0-tier0|SPY,110.09,100,11009,-15,-0.14,0,11,0.10,-29,-0.26,-473,-0.47,4
528,Exit short,2012-08-13 08:30,TX60,109.98,100,11012,14,0.13,0,28,0.25,0,0.00,-459,-0.46,4
528,Entry short,2012-08-13 07:30,C0|S|MKT|15|v0.3.0-tier0|SPY,110.12,100,11012,14,0.13,0,28,0.25,0,0.00,-459,-0.46,4
529,Exit long,2012-08-15 08:00,TX60,110.5,100,11057,-7,-0.06,0,9,0.08,-22,-0.20,-466,-0.47,4
529,Entry long,2012-08-15 07:00,C0|L|MKT|15|v0.3.0-tier0|SPY,110.57,100,11057,-7,-0.06,0,9,0.08,-22,-0.20,-466,-0.47,4
530,Exit short,2012-08-20 08:00,TX60,111.27,100,11124,-3,-0.03,0,18,0.16,-5,-0.04,-469,-0.47,4
530,Entry short,2012-08-20 07:00,C0|S|MKT|15|v0.3.0-tier0|SPY,111.24,100,11124,-3,-0.03,0,18,0.16,-5,-0.04,-469,-0.47,4
531,Exit long,2012-08-21 08:00,TX60,112.09,100,11196,13,0.12,0,27,0.24,0,0.00,-456,-0.46,4
531,Entry long,2012-08-21 07:00,C0|L|MKT|15|v0.3.0-tier0|SPY,111.96,100,11196,13,0.12,0,27,0.24,0,0.00,-456,-0.46,4
532,Exit long,2012-08-22 08:00,TX60,110.85,100,11107,-22,-0.20,0,11,0.10,-22,-0.20,-478,-0.48,4
532,Entry long,2012-08-22 07:00,C0|L|MKT|15|v0.3.0-tier0|SPY,111.07,100,11107,-22,-0.20,0,11,0.10,-22,-0.20,-478,-0.48,4
533,Exit short,2012-08-23 08:00,TX60,110.74,100,11058,-16,-0.14,0,14,0.13,-25,-0.23,-494,-0.49,4
533,Entry short,2012-08-23 07:00,C0|S|MKT|15|v0.3.0-tier0|SPY,110.58,100,11058,-16,-0.14,0,14,0.13,-25,-0.23,-494,-0.49,4
534,Exit short,2012-08-27 08:00,TX60,111,100,11093,-7,-0.06,0,4,0.04,-14,-0.13,-501,-0.50,4
534,Entry short,2012-08-27 07:00,C0|S|MKT|15|v0.3.0-tier0|SPY,110.93,100,11093,-7,-0.06,0,4,0.04,-14,-0.13,-501,-0.50,4
535,Exit long,2012-08-28 08:30,TX60,110.94,100,11114,-20,-0.18,0,11,0.10,-33,-0.30,-521,-0.52,4
535,Entry long,2012-08-28 07:30,C0|L|MKT|15|v0.3.0-tier0|SPY,111.14,100,11114,-20,-0.18,0,11,0.10,-33,-0.30,-521,-0.52,4
536,Exit short,2012-08-29 08:00,TX60,110.75,100,11089,14,0.13,0,19,0.17,-19,-0.17,-507,-0.51,4
536,Entry short,2012-08-29 07:00,C0|S|MKT|15|v0.3.0-tier0|SPY,110.89,100,11089,14,0.13,0,19,0.17,-19,-0.17,-507,-0.51,4
537,Exit short,2012-08-30 08:30,TX60,110.31,100,11016,-15,-0.14,0,19,0.17,-15,-0.14,-522,-0.52,4
537,Entry short,2012-08-30 07:30,C0|S|MKT|15|v0.3.0-tier0|SPY,110.16,100,11016,-15,-0.14,0,19,0.17,-15,-0.14,-522,-0.52,4
538,Exit short,2012-08-31 08:15,TX60,111.05,100,11044,-61,-0.55,0,7,0.06,-80,-0.72,-583,-0.58,4
538,Entry short,2012-08-31 07:15,C0|S|MKT|15|v0.3.0-tier0|SPY,110.44,100,11044,-61,-0.55,0,7,0.06,-80,-0.72,-583,-0.58,4
539,Exit short,2012-09-04 08:15,TX60,110.09,100,11017,8,0.07,0,26,0.24,-10,-0.09,-575,-0.57,4
539,Entry short,2012-09-04 07:15,C0|S|MKT|15|v0.3.0-tier0|SPY,110.17,100,11017,8,0.07,0,26,0.24,-10,-0.09,-575,-0.57,4
540,Exit long,2012-09-05 08:30,TX60,110.72,100,11085,-13,-0.12,0,11,0.10,-40,-0.36,-588,-0.59,4
540,Entry long,2012-09-05 07:30,C0|L|MKT|15|v0.3.0-tier0|SPY,110.85,100,11085,-13,-0.12,0,11,0.10,-40,-0.36,-588,-0.59,4
541,Exit long,2012-09-06 08:15,TX60,112.48,100,11202,46,0.41,0,58,0.52,0,0.00,-542,-0.54,4
541,Entry long,2012-09-06 07:15,C0|L|MKT|15|v0.3.0-tier0|SPY,112.02,100,11202,46,0.41,0,58,0.52,0,0.00,-542,-0.54,4
542,Exit long,2012-09-10 08:30,TX60,113.2,100,11324,-4,-0.04,0,2,0.02,-15,-0.13,-546,-0.55,4
542,Entry long,2012-09-10 07:30,C0|L|MKT|15|v0.3.0-tier0|SPY,113.24,100,11324,-4,-0.04,0,2,0.02,-15,-0.13,-546,-0.55,4
543,Exit long,2012-09-11 08:00,TX60,113.03,100,11296,7,0.06,0,11,0.10,-9,-0.08,-539,-0.54,4
543,Entry long,2012-09-11 07:00,C0|L|MKT|15|v0.3.0-tier0|SPY,112.96,100,11296,7,0.06,0,11,0.10,-9,-0.08,-539,-0.54,4
544,Exit short,2012-09-12 08:30,TX60,113.21,100,11311,-10,-0.09,0,20,0.18,-16,-0.14,-549,-0.55,4
544,Entry short,2012-09-12 07:30,C0|S|MKT|15|v0.3.0-tier0|SPY,113.11,100,11311,-10,-0.09,0,20,0.18,-16,-0.14,-549,-0.55,4
545,Exit long,2012-09-14 08:15,TX60,115.69,100,11598,-29,-0.25,0,19,0.16,-38,-0.33,-578,-0.58,4
545,Entry long,2012-09-14 07:15,C0|L|MKT|15|v0.3.0-tier0|SPY,115.98,100,11598,-29,-0.25,0,19,0.16,-38,-0.33,-578,-0.58,4
546,Exit long,2012-09-19 08:15,TX60,115.14,100,11522,-8,-0.07,0,4,0.03,-33,-0.29,-586,-0.59,4
546,Entry long,2012-09-19 07:15,C0|L|MKT|15|v0.3.0-tier0|SPY,115.22,100,11522,-8,-0.07,0,4,0.03,-33,-0.29,-586,-0.59,4
547,Exit short,2012-09-20 08:00,TX60,114.81,100,11431,-50,-0.44,0,2,0.02,-53,-0.46,-636,-0.64,4
547,Entry short,2012-09-20 07:00,C0|S|MKT|15|v0.3.0-tier0|SPY,114.31,100,11431,-50,-0.44,0,2,0.02,-53,-0.46,-636,-0.64,4
548,Exit short,2012-09-25 08:00,TX60,115.22,100,11499,-23,-0.20,0,0,0.00,-29,-0.25,-659,-0.66,4
548,Entry short,2012-09-25 07:00,C0|S|MKT|15|v0.3.0-tier0|SPY,114.99,100,11499,-23,-0.20,0,0,0.00,-29,-0.25,-659,-0.66,4
549,Exit short,2012-09-26 08:15,TX60,113,100,11328,28,0.25,0,55,0.49,-2,-0.02,-631,-0.63,4
549,Entry short,2012-09-26 07:15,C0|S|MKT|15|v0.3.0-tier0|SPY,113.28,100,11328,28,0.25,0,55,0.49,-2,-0.02,-631,-0.63,4
550,Exit short,2012-09-27 08:00,TX60,113.43,100,11331,-12,-0.11,0,14,0.12,-20,-0.18,-643,-0.64,4
550,Entry short,2012-09-27 07:00,C0|S|MKT|15|v0.3.0-tier0|SPY,113.31,100,11331,-12,-0.11,0,14,0.12,-20,-0.18,-643,-0.64,4
551,Exit short,2012-09-28 08:00,TX60,113.36,100,11328,-8,-0.07,0,15,0.13,-21,-0.19,-651,-0.65,4
551,Entry short,2012-09-28 07:00,C0|S|MKT|15|v0.3.0-tier0|SPY,113.28,100,11328,-8,-0.07,0,15,0.13,-21,-0.19,-651,-0.65,4
552,Exit long,2012-10-01 08:15,TX60,114.72,100,11476,-4,-0.03,0,5,0.04,-24,-0.21,-655,-0.65,4
552,Entry long,2012-10-01 07:15,C0|L|MKT|15|v0.3.0-tier0|SPY,114.76,100,11476,-4,-0.03,0,5,0.04,-24,-0.21,-655,-0.65,4
553,Exit short,2012-10-02 08:15,TX60,113.91,100,11397,6,0.05,0,19,0.17,-32,-0.28,-649,-0.65,4
553,Entry short,2012-10-02 07:15,C0|S|MKT|15|v0.3.0-tier0|SPY,113.97,100,11397,6,0.05,0,19,0.17,-32,-0.28,-649,-0.65,4
554,Exit short,2012-10-03 08:00,TX60,114.08,100,11389,-19,-0.17,0,24,0.21,-40,-0.35,-668,-0.67,4
554,Entry short,2012-10-03 07:00,C0|S|MKT|15|v0.3.0-tier0|SPY,113.89,100,11389,-19,-0.17,0,24,0.21,-40,-0.35,-668,-0.67,4
555,Exit long,2012-10-04 08:15,TX60,115.1,100,11530,-20,-0.17,0,5,0.04,-31,-0.27,-688,-0.69,4
555,Entry long,2012-10-04 07:15,C0|L|MKT|15|v0.3.0-tier0|SPY,115.3,100,11530,-20,-0.17,0,5,0.04,-31,-0.27,-688,-0.69,4
556,Exit long,2012-10-05 08:30,TX60,115.7,100,11597,-27,-0.23,0,7,0.06,-29,-0.25,-715,-0.71,4
556,Entry long,2012-10-05 07:30,C0|L|MKT|15|v0.3.0-tier0|SPY,115.97,100,11597,-27,-0.23,0,7,0.06,-29,-0.25,-715,-0.71,4
557,Exit long,2012-10-08 08:15,TX60,114.76,100,11485,-9,-0.08,0,12,0.10,-21,-0.18,-724,-0.72,4
557,Entry long,2012-10-08 07:15,C0|L|MKT|15|v0.3.0-tier0|SPY,114.85,100,11485,-9,-0.08,0,12,0.10,-21,-0.18,-724,-0.72,4
558,Exit short,2012-10-09 08:00,TX60,114.07,100,11458,51,0.45,0,61,0.53,-22,-0.19,-673,-0.67,4
558,Entry short,2012-10-09 07:00,C0|S|MKT|15|v0.3.0-tier0|SPY,114.58,100,11458,51,0.45,0,61,0.53,-22,-0.19,-673,-0.67,4
559,Exit short,2012-10-11 08:00,TX60,113.86,100,11361,-25,-0.22,0,7,0.06,-33,-0.29,-698,-0.70,4
559,Entry short,2012-10-11 07:00,C0|S|MKT|15|v0.3.0-tier0|SPY,113.61,100,11361,-25,-0.22,0,7,0.06,-33,-0.29,-698,-0.70,4
560,Exit long,2012-10-12 08:00,TX60,113.12,100,11337,-25,-0.22,0,14,0.12,-32,-0.28,-723,-0.72,4
560,Entry long,2012-10-12 07:00,C0|L|MKT|15|v0.3.0-tier0|SPY,113.37,100,11337,-25,-0.22,0,14,0.12,-32,-0.28,-723,-0.72,4
561,Exit short,2012-10-15 08:15,TX60,112.93,100,11268,-25,-0.22,0,9,0.08,-27,-0.24,-748,-0.75,4
561,Entry short,2012-10-15 07:15,C0|S|MKT|15|v0.3.0-tier0|SPY,112.68,100,11268,-25,-0.22,0,9,0.08,-27,-0.24,-748,-0.75,4
562,Exit long,2012-10-16 08:00,TX60,114.49,100,11441,8,0.07,0,15,0.13,-8,-0.07,-740,-0.74,4
562,Entry long,2012-10-16 07:00,C0|L|MKT|15|v0.3.0-tier0|SPY,114.41,100,11441,8,0.07,0,15,0.13,-8,-0.07,-740,-0.74,4
563,Exit long,2012-10-17 08:00,TX60,115.18,100,11503,15,0.13,0,27,0.23,-2,-0.02,-725,-0.73,4
563,Entry long,2012-10-17 07:00,C0|L|MKT|15|v0.3.0-tier0|SPY,115.03,100,11503,15,0.13,0,27,0.23,-2,-0.02,-725,-0.73,4
564,Exit long,2012-10-18 08:00,TX60,115.14,100,11511,3,0.03,0,19,0.17,-26,-0.23,-722,-0.72,4
564,Entry long,2012-10-18 07:00,C0|L|MKT|15|v0.3.0-tier0|SPY,115.11,100,11511,3,0.03,0,19,0.17,-26,-0.23,-722,-0.72,4
565,Exit long,2012-10-22 08:15,TX60,112.86,100,11320,-34,-0.30,0,0,0.00,-35,-0.31,-756,-0.76,4
565,Entry long,2012-10-22 07:15,C0|L|MKT|15|v0.3.0-tier0|SPY,113.2,100,11320,-34,-0.30,0,0,0.00,-35,-0.31,-756,-0.76,4
566,Exit short,2012-10-23 08:30,TX60,111.41,100,11142,1,0.01,0,37,0.33,-5,-0.04,-755,-0.75,4
566,Entry short,2012-10-23 07:30,C0|S|MKT|15|v0.3.0-tier0|SPY,111.42,100,11142,1,0.01,0,37,0.33,-5,-0.04,-755,-0.75,4
567,Exit short,2012-10-24 08:15,TX60,111.55,100,11155,0,0.00,0,8,0.07,-27,-0.24,-755,-0.75,4
567,Entry short,2012-10-24 07:15,C0|S|MKT|15|v0.3.0-tier0|SPY,111.55,100,11155,0,0.00,0,8,0.07,-27,-0.24,-755,-0.75,4
568,Exit short,2012-10-25 08:30,TX60,111.23,100,11173,50,0.45,0,58,0.52,0,0.00,-705,-0.70,4
568,Entry short,2012-10-25 07:30,C0|S|MKT|15|v0.3.0-tier0|SPY,111.73,100,11173,50,0.45,0,58,0.52,0,0.00,-705,-0.70,4
569,Exit short,2012-10-26 08:00,TX60,111.04,100,11134,30,0.27,0,43,0.39,-28,-0.25,-675,-0.67,4
569,Entry short,2012-10-26 07:00,C0|S|MKT|15|v0.3.0-tier0|SPY,111.34,100,11134,30,0.27,0,43,0.39,-28,-0.25,-675,-0.67,4
570,Exit short,2012-10-31 08:15,TX60,111.21,100,11160,39,0.35,0,54,0.48,-19,-0.17,-636,-0.64,4
570,Entry short,2012-10-31 07:15,C0|S|MKT|15|v0.3.0-tier0|SPY,111.6,100,11160,39,0.35,0,54,0.48,-19,-0.17,-636,-0.64,4
571,Exit long,2012-11-01 08:00,TX60,112.6,100,11211,49,0.44,0,61,0.54,0,0.00,-587,-0.59,4
571,Entry long,2012-11-01 07:00,C0|L|MKT|15|v0.3.0-tier0|SPY,112.11,100,11211,49,0.44,0,61,0.54,0,0.00,-587,-0.59,4
572,Exit short,2012-11-02 08:00,TX60,112.47,100,11292,45,0.40,0,53,0.47,-3,-0.03,-542,-0.54,4
572,Entry short,2012-11-02 07:00,C0|S|MKT|15|v0.3.0-tier0|SPY,112.92,100,11292,45,0.40,0,53,0.47,-3,-0.03,-542,-0.54,4
573,Exit long,2012-11-06 08:00,TX60,112.31,100,11242,-11,-0.10,0,4,0.04,-32,-0.28,-553,-0.55,4
573,Entry long,2012-11-06 07:00,C0|L|MKT|15|v0.3.0-tier0|SPY,112.42,100,11242,-11,-0.10,0,4,0.04,-32,-0.28,-553,-0.55,4
574,Exit short,2012-11-07 08:15,TX60,110.36,100,11100,64,0.58,0,82,0.74,0,0.00,-489,-0.49,4
574,Entry short,2012-11-07 07:15,C0|S|MKT|15|v0.3.0-tier0|SPY,111,100,11100,64,0.58,0,82,0.74,0,0.00,-489,-0.49,4
575,Exit short,2012-11-08 08:30,TX60,109.98,100,11008,10,0.09,0,31,0.28,-19,-0.17,-479,-0.48,4
575,Entry short,2012-11-08 07:30,C0|S|MKT|15|v0.3.0-tier0|SPY,110.08,100,11008,10,0.09,0,31,0.28,-19,-0.17,-479,-0.48,4
576,Exit long,2012-11-09 08:15,TX60,109.37,100,10923,14,0.13,0,29,0.27,-20,-0.18,-465,-0.46,4
576,Entry long,2012-11-09 07:15,C0|L|MKT|15|v0.3.0-tier0|SPY,109.23,100,10923,14,0.13,0,29,0.27,-20,-0.18,-465,-0.46,4
577,Exit short,2012-11-12 08:15,TX60,108.88,100,10906,18,0.17,0,24,0.22,-14,-0.13,-447,-0.45,4
577,Entry short,2012-11-12 07:15,C0|S|MKT|15|v0.3.0-tier0|SPY,109.06,100,10906,18,0.17,0,24,0.22,-14,-0.13,-447,-0.45,4
578,Exit long,2012-11-13 08:00,TX60,109.66,100,10909,57,0.52,0,58,0.53,-21,-0.19,-390,-0.39,4
578,Entry long,2012-11-13 07:00,C0|L|MKT|15|v0.3.0-tier0|SPY,109.09,100,10909,57,0.52,0,58,0.53,-21,-0.19,-390,-0.39,4
579,Exit short,2012-11-14 08:00,TX60,108.09,100,10871,62,0.57,0,75,0.69,-18,-0.17,-328,-0.33,4
579,Entry short,2012-11-14 07:00,C0|S|MKT|15|v0.3.0-tier0|SPY,108.71,100,10871,62,0.57,0,75,0.69,-18,-0.17,-328,-0.33,4
580,Exit short,2012-11-15 08:00,TX60,107.02,100,10709,7,0.07,0,23,0.21,-48,-0.45,-321,-0.32,4
580,Entry short,2012-11-15 07:00,C0|S|MKT|15|v0.3.0-tier0|SPY,107.09,100,10709,7,0.07,0,23,0.21,-48,-0.45,-321,-0.32,4
581,Exit short,2012-11-16 08:00,TX60,106.66,100,10674,8,0.07,0,38,0.36,-20,-0.19,-313,-0.31,4
581,Entry short,2012-11-16 07:00,C0|S|MKT|15|v0.3.0-tier0|SPY,106.74,100,10674,8,0.07,0,38,0.36,-20,-0.19,-313,-0.31,4
582,Exit long,2012-11-19 08:00,TX60,109.18,100,10918,0,0.00,0,14,0.13,-21,-0.19,-313,-0.31,4
582,Entry long,2012-11-19 07:00,C0|L|MKT|15|v0.3.0-tier0|SPY,109.18,100,10918,0,0.00,0,14,0.13,-21,-0.19,-313,-0.31,4
583,Exit long,2012-11-20 08:15,TX60,109.58,100,10959,-1,-0.01,0,22,0.20,-13,-0.12,-314,-0.31,4
583,Entry long,2012-11-20 07:15,C0|L|MKT|15|v0.3.0-tier0|SPY,109.59,100,10959,-1,-0.01,0,22,0.20,-13,-0.12,-314,-0.31,4
584,Exit short,2012-11-21 08:15,TX60,109.89,100,10971,-18,-0.16,0,8,0.07,-18,-0.16,-332,-0.33,4
584,Entry short,2012-11-21 07:15,C0|S|MKT|15|v0.3.0-tier0|SPY,109.71,100,10971,-18,-0.16,0,8,0.07,-18,-0.16,-332,-0.33,4
585,Exit long,2012-11-23 08:00,TX60,110.98,100,11062,36,0.33,0,47,0.42,0,0.00,-296,-0.30,4
585,Entry long,2012-11-23 07:00,C0|L|MKT|15|v0.3.0-tier0|SPY,110.62,100,11062,36,0.33,0,47,0.42,0,0.00,-296,-0.30,4
586,Exit long,2012-11-26 08:00,TX60,110.8,100,11100,-20,-0.18,0,9,0.08,-21,-0.19,-316,-0.32,4
586,Entry long,2012-11-26 07:00,C0|L|MKT|15|v0.3.0-tier0|SPY,111,100,11100,-20,-0.18,0,9,0.08,-21,-0.19,-316,-0.32,4
587,Exit long,2012-11-27 08:00,TX60,110.95,100,11140,-45,-0.40,0,3,0.03,-62,-0.56,-361,-0.36,4
587,Entry long,2012-11-27 07:00,C0|L|MKT|15|v0.3.0-tier0|SPY,111.4,100,11140,-45,-0.40,0,3,0.03,-62,-0.56,-361,-0.36,4
588,Exit short,2012-11-28 08:15,TX60,110.62,100,10981,-81,-0.74,0,2,0.02,-85,-0.77,-442,-0.44,4
588,Entry short,2012-11-28 07:15,C0|S|MKT|15|v0.3.0-tier0|SPY,109.81,100,10981,-81,-0.74,0,2,0.02,-85,-0.77,-442,-0.44,4
589,Exit short,2012-12-03 08:00,TX60,112.01,100,11244,43,0.38,0,50,0.44,0,0.00,-399,-0.40,4
589,Entry short,2012-12-03 07:00,C0|S|MKT|15|v0.3.0-tier0|SPY,112.44,100,11244,43,0.38,0,50,0.44,0,0.00,-399,-0.40,4
590,Exit long,2012-12-04 08:15,TX60,111.29,100,11184,-55,-0.49,0,2,0.02,-65,-0.58,-454,-0.45,4
590,Entry long,2012-12-04 07:15,C0|L|MKT|15|v0.3.0-tier0|SPY,111.84,100,11184,-55,-0.49,0,2,0.02,-65,-0.58,-454,-0.45,4
591,Exit short,2012-12-05 08:00,TX60,110.92,100,11134,42,0.38,0,64,0.57,-21,-0.19,-412,-0.41,4
591,Entry short,2012-12-05 07:00,C0|S|MKT|15|v0.3.0-tier0|SPY,111.34,100,11134,42,0.38,0,64,0.57,-21,-0.19,-412,-0.41,4
592,Exit short,2012-12-07 08:00,TX60,111.94,100,11208,14,0.12,0,23,0.21,-27,-0.24,-398,-0.40,4
592,Entry short,2012-12-07 07:00,C0|S|MKT|15|v0.3.0-tier0|SPY,112.08,100,11208,14,0.12,0,23,0.21,-27,-0.24,-398,-0.40,4
593,Exit long,2012-12-10 08:00,TX60,112.6,100,11235,25,0.22,0,26,0.23,-9,-0.08,-373,-0.37,4
593,Entry long,2012-12-10 07:00,C0|L|MKT|15|v0.3.0-tier0|SPY,112.35,100,11235,25,0.22,0,26,0.23,-9,-0.08,-373,-0.37,4
594,Exit long,2012-12-11 08:00,TX60,113.28,100,11312,16,0.14,0,27,0.24,0,0.00,-357,-0.36,4
594,Entry long,2012-12-11 07:00,C0|L|MKT|15|v0.3.0-tier0|SPY,113.12,100,11312,16,0.14,0,27,0.24,0,0.00,-357,-0.36,4
595,Exit short,2012-12-12 08:15,TX60,113.3,100,11327,-3,-0.03,0,4,0.04,-16,-0.14,-360,-0.36,4
595,Entry short,2012-12-12 07:15,C0|S|MKT|15|v0.3.0-tier0|SPY,113.27,100,11327,-3,-0.03,0,4,0.04,-16,-0.14,-360,-0.36,4
596,Exit long,2012-12-13 08:15,TX60,112.86,100,11331,-45,-0.40,0,11,0.10,-45,-0.40,-405,-0.40,4
596,Entry long,2012-12-13 07:15,C0|L|MKT|15|v0.3.0-tier0|SPY,113.31,100,11331,-45,-0.40,0,11,0.10,-45,-0.40,-405,-0.40,4
597,Exit long,2012-12-17 08:00,TX60,112.61,100,11272,-11,-0.10,0,12,0.11,-21,-0.19,-416,-0.42,4
597,Entry long,2012-12-17 07:00,C0|L|MKT|15|v0.3.0-tier0|SPY,112.72,100,11272,-11,-0.10,0,12,0.11,-21,-0.19,-416,-0.42,4
598,Exit long,2012-12-18 08:30,TX60,114.22,100,11378,44,0.39,0,58,0.51,-1,-0.01,-372,-0.37,4
598,Entry long,2012-12-18 07:30,C0|L|MKT|15|v0.3.0-tier0|SPY,113.78,100,11378,44,0.39,0,58,0.51,-1,-0.01,-372,-0.37,4
599,Exit short,2012-12-19 08:00,TX60,114.44,100,11440,-4,-0.03,0,17,0.15,-11,-0.10,-376,-0.38,4
599,Entry short,2012-12-19 07:00,C0|S|MKT|15|v0.3.0-tier0|SPY,114.4,100,11440,-4,-0.03,0,17,0.15,-11,-0.10,-376,-0.38,4
600,Exit short,2012-12-20 08:00,TX60,113.95,100,11357,-38,-0.33,0,0,0.00,-49,-0.43,-414,-0.41,4
600,Entry short,2012-12-20 07:00,C0|S|MKT|15|v0.3.0-tier0|SPY,113.57,100,11357,-38,-0.33,0,0,0.00,-49,-0.43,-414,-0.41,4
601,Exit long,2012-12-21 08:15,TX60,113.15,100,11344,-29,-0.26,0,20,0.18,-41,-0.36,-443,-0.44,4
601,Entry long,2012-12-21 07:15,C0|L|MKT|15|v0.3.0-tier0|SPY,113.44,100,11344,-29,-0.26,0,20,0.18,-41,-0.36,-443,-0.44,4
602,Exit short,2012-12-24 08:00,TX60,113,100,11298,-2,-0.02,0,1,0.01,-23,-0.20,-445,-0.44,4
602,Entry short,2012-12-24 07:00,C0|S|MKT|15|v0.3.0-tier0|SPY,112.98,100,11298,-2,-0.02,0,1,0.01,-23,-0.20,-445,-0.44,4
603,Exit short,2012-12-26 08:30,TX60,112.39,100,11307,68,0.60,0,69,0.61,-1,-0.01,-377,-0.38,4
603,Entry short,2012-12-26 07:30,C0|S|MKT|15|v0.3.0-tier0|SPY,113.07,100,11307,68,0.60,0,69,0.61,-1,-0.01,-377,-0.38,4
604,Exit short,2012-12-27 08:15,TX60,111.63,100,11236,73,0.65,0,81,0.72,-3,-0.03,-304,-0.30,4
604,Entry short,2012-12-27 07:15,C0|S|MKT|15|v0.3.0-tier0|SPY,112.36,100,11236,73,0.65,0,81,0.72,-3,-0.03,-304,-0.30,4
605,Exit short,2012-12-28 08:15,TX60,111.92,100,11157,-35,-0.31,0,0,0.00,-73,-0.65,-339,-0.34,4
605,Entry short,2012-12-28 07:15,C0|S|MKT|15|v0.3.0-tier0|SPY,111.57,100,11157,-35,-0.31,0,0,0.00,-73,-0.65,-339,-0.34,4
606,Exit long,2012-12-31 08:00,TX60,111.41,100,11152,-11,-0.10,0,25,0.22,-20,-0.18,-350,-0.35,4
606,Entry long,2012-12-31 07:00,C0|L|MKT|15|v0.3.0-tier0|SPY,111.52,100,11152,-11,-0.10,0,25,0.22,-20,-0.18,-350,-0.35,4
607,Exit long,2013-01-02 08:00,TX60,115.21,100,11551,-30,-0.26,0,11,0.10,-38,-0.33,-380,-0.38,4
607,Entry long,2013-01-02 07:00,C0|L|MKT|15|v0.3.0-tier0|SPY,115.51,100,11551,-30,-0.26,0,11,0.10,-38,-0.33,-380,-0.38,4
608,Exit long,2013-01-04 08:00,TX60,115.82,100,11605,-23,-0.20,0,6,0.05,-31,-0.27,-403,-0.40,4
608,Entry long,2013-01-04 07:00,C0|L|MKT|15|v0.3.0-tier0|SPY,116.05,100,11605,-23,-0.20,0,6,0.05,-31,-0.27,-403,-0.40,4
609,Exit short,2013-01-08 08:00,TX60,115.29,100,11557,28,0.24,0,34,0.29,-5,-0.04,-375,-0.37,4
609,Entry short,2013-01-08 07:00,C0|S|MKT|15|v0.3.0-tier0|SPY,115.57,100,11557,28,0.24,0,34,0.29,-5,-0.04,-375,-0.37,4
610,Exit long,2013-01-09 08:00,TX60,116.03,100,11607,-4,-0.03,0,13,0.11,-11,-0.09,-379,-0.38,4
610,Entry long,2013-01-09 07:00,C0|L|MKT|15|v0.3.0-tier0|SPY,116.07,100,11607,-4,-0.03,0,13,0.11,-11,-0.09,-379,-0.38,4
611,Exit short,2013-01-10 08:30,TX60,116.1,100,11633,23,0.20,0,41,0.35,-1,-0.01,-356,-0.36,4
611,Entry short,2013-01-10 07:30,C0|S|MKT|15|v0.3.0-tier0|SPY,116.33,100,11633,23,0.20,0,41,0.35,-1,-0.01,-356,-0.36,4
612,Exit short,2013-01-11 08:00,TX60,116.59,100,11652,-7,-0.06,0,9,0.08,-11,-0.09,-363,-0.36,4
612,Entry short,2013-01-11 07:00,C0|S|MKT|15|v0.3.0-tier0|SPY,116.52,100,11652,-7,-0.06,0,9,0.08,-11,-0.09,-363,-0.36,4
613,Exit short,2013-01-14 08:00,TX60,116.52,100,11647,-5,-0.04,0,18,0.15,-9,-0.08,-368,-0.37,4
613,Entry short,2013-01-14 07:00,C0|S|MKT|15|v0.3.0-tier0|SPY,116.47,100,11647,-5,-0.04,0,18,0.15,-9,-0.08,-368,-0.37,4
614,Exit long,2013-01-15 08:15,TX60,116.39,100,11640,-1,-0.01,0,9,0.08,-16,-0.14,-369,-0.37,4
614,Entry long,2013-01-15 07:15,C0|L|MKT|15|v0.3.0-tier0|SPY,116.4,100,11640,-1,-0.01,0,9,0.08,-16,-0.14,-369,-0.37,4
615,Exit long,2013-01-16 08:15,TX60,116.76,100,11666,10,0.09,0,10,0.09,-6,-0.05,-359,-0.36,4
615,Entry long,2013-01-16 07:15,C0|L|MKT|15|v0.3.0-tier0|SPY,116.66,100,11666,10,0.09,0,10,0.09,-6,-0.05,-359,-0.36,4
616,Exit long,2013-01-17 08:30,TX60,117.38,100,11740,-2,-0.02,0,1,0.01,-19,-0.16,-361,-0.36,4
616,Entry long,2013-01-17 07:30,C0|L|MKT|15|v0.3.0-tier0|SPY,117.4,100,11740,-2,-0.02,0,1,0.01,-19,-0.16,-361,-0.36,4
617,Exit short,2013-01-22 08:15,TX60,117.73,100,11766,-7,-0.06,0,14,0.12,-10,-0.08,-368,-0.37,4
617,Entry short,2013-01-22 07:15,C0|S|MKT|15|v0.3.0-tier0|SPY,117.66,100,11766,-7,-0.06,0,14,0.12,-10,-0.08,-368,-0.37,4
618,Exit long,2013-01-23 08:15,TX60,118.38,100,11857,-19,-0.16,0,2,0.02,-35,-0.30,-387,-0.39,4
618,Entry long,2013-01-23 07:15,C0|L|MKT|15|v0.3.0-tier0|SPY,118.57,100,11857,-19,-0.16,0,2,0.02,-35,-0.30,-387,-0.39,4
619,Exit long,2013-01-24 08:00,TX60,119,100,11892,8,0.07,0,25,0.21,-1,-0.01,-379,-0.38,4
619,Entry long,2013-01-24 07:00,C0|L|MKT|15|v0.3.0-tier0|SPY,118.92,100,11892,8,0.07,0,25,0.21,-1,-0.01,-379,-0.38,4
620,Exit short,2013-01-25 08:30,TX60,118.88,100,11874,-14,-0.12,0,5,0.04,-24,-0.20,-393,-0.39,4
620,Entry short,2013-01-25 07:30,C0|S|MKT|15|v0.3.0-tier0|SPY,118.74,100,11874,-14,-0.12,0,5,0.04,-24,-0.20,-393,-0.39,4
621,Exit short,2013-01-28 08:00,TX60,119.05,100,11906,1,0.01,0,32,0.27,-5,-0.04,-392,-0.39,4
621,Entry short,2013-01-28 07:00,C0|S|MKT|15|v0.3.0-tier0|SPY,119.06,100,11906,1,0.01,0,32,0.27,-5,-0.04,-392,-0.39,4
622,Exit long,2013-01-29 08:00,TX60,119.2,100,11916,4,0.03,0,10,0.08,-29,-0.24,-388,-0.39,4
622,Entry long,2013-01-29 07:00,C0|L|MKT|15|v0.3.0-tier0|SPY,119.16,100,11916,4,0.03,0,10,0.08,-29,-0.24,-388,-0.39,4
623,Exit short,2013-01-30 08:15,TX60,119.57,100,11951,-6,-0.05,0,17,0.14,-10,-0.08,-394,-0.39,4
623,Entry short,2013-01-30 07:15,C0|S|MKT|15|v0.3.0-tier0|SPY,119.51,100,11951,-6,-0.05,0,17,0.14,-10,-0.08,-394,-0.39,4
624,Exit long,2013-01-31 08:00,TX60,119.05,100,11931,-26,-0.22,0,2,0.02,-27,-0.23,-420,-0.42,4
624,Entry long,2013-01-31 07:00,C0|L|MKT|15|v0.3.0-tier0|SPY,119.31,100,11931,-26,-0.22,0,2,0.02,-27,-0.23,-420,-0.42,4
625,Exit long,2013-02-01 08:15,TX60,119.95,100,11984,11,0.09,0,12,0.10,-18,-0.15,-409,-0.41,4
625,Entry long,2013-02-01 07:15,C0|L|MKT|15|v0.3.0-tier0|SPY,119.84,100,11984,11,0.09,0,12,0.10,-18,-0.15,-409,-0.41,4
626,Exit long,2013-02-05 08:00,TX60,119.81,100,11969,12,0.10,0,22,0.18,-8,-0.07,-397,-0.40,4
626,Entry long,2013-02-05 07:00,C0|L|MKT|15|v0.3.0-tier0|SPY,119.69,100,11969,12,0.10,0,22,0.18,-8,-0.07,-397,-0.40,4
627,Exit long,2013-02-06 08:00,TX60,119.86,100,11977,9,0.08,0,15,0.13,-13,-0.11,-388,-0.39,4
627,Entry long,2013-02-06 07:00,C0|L|MKT|15|v0.3.0-tier0|SPY,119.77,100,11977,9,0.08,0,15,0.13,-13,-0.11,-388,-0.39,4
628,Exit short,2013-02-07 08:15,TX60,119.37,100,11959,22,0.18,0,52,0.43,-10,-0.08,-366,-0.37,4
628,Entry short,2013-02-07 07:15,C0|S|MKT|15|v0.3.0-tier0|SPY,119.59,100,11959,22,0.18,0,52,0.43,-10,-0.08,-366,-0.37,4
629,Exit long,2013-02-12 08:15,TX60,120.65,100,12063,2,0.02,0,10,0.08,-11,-0.09,-364,-0.36,4
629,Entry long,2013-02-12 07:15,C0|L|MKT|15|v0.3.0-tier0|SPY,120.63,100,12063,2,0.02,0,10,0.08,-11,-0.09,-364,-0.36,4
630,Exit long,2013-02-14 08:15,TX60,120.8,100,12065,15,0.12,0,29,0.24,-3,-0.02,-349,-0.35,4
630,Entry long,2013-02-14 07:15,C0|L|MKT|15|v0.3.0-tier0|SPY,120.65,100,12065,15,0.12,0,29,0.24,-3,-0.02,-349,-0.35,4
631,Exit long,2013-02-15 08:00,TX60,121.1,100,12110,0,0.00,0,8,0.07,-20,-0.17,-349,-0.35,4
631,Entry long,2013-02-15 07:00,C0|L|MKT|15|v0.3.0-tier0|SPY,121.1,100,12110,0,0.00,0,8,0.07,-20,-0.17,-349,-0.35,4
632,Exit long,2013-02-19 08:00,TX60,121.27,100,12137,-10,-0.08,0,5,0.04,-14,-0.12,-359,-0.36,4
632,Entry long,2013-02-19 07:00,C0|L|MKT|15|v0.3.0-tier0|SPY,121.37,100,12137,-10,-0.08,0,5,0.04,-14,-0.12,-359,-0.36,4
633,Exit short,2013-02-21 08:00,TX60,119.63,100,11950,-13,-0.11,0,24,0.20,-30,-0.25,-372,-0.37,4
633,Entry short,2013-02-21 07:00,C0|S|MKT|15|v0.3.0-tier0|SPY,119.5,100,11950,-13,-0.11,0,24,0.20,-30,-0.25,-372,-0.37,4
634,Exit short,2013-02-22 08:00,TX60,119.88,100,11992,4,0.03,0,14,0.12,-15,-0.13,-368,-0.37,4
634,Entry short,2013-02-22 07:00,C0|S|MKT|15|v0.3.0-tier0|SPY,119.92,100,11992,4,0.03,0,14,0.12,-15,-0.13,-368,-0.37,4
635,Exit short,2013-02-25 08:30,TX60,120.69,100,12073,4,0.03,0,31,0.26,-20,-0.17,-364,-0.36,4
635,Entry short,2013-02-25 07:30,C0|S|MKT|15|v0.3.0-tier0|SPY,120.73,100,12073,4,0.03,0,31,0.26,-20,-0.17,-364,-0.36,4
636,Exit short,2013-02-26 08:15,TX60,118.36,100,11873,37,0.31,0,43,0.36,-15,-0.13,-327,-0.33,4
636,Entry short,2013-02-26 07:15,C0|S|MKT|15|v0.3.0-tier0|SPY,118.73,100,11873,37,0.31,0,43,0.36,-15,-0.13,-327,-0.33,4
637,Exit long,2013-02-27 08:15,TX60,120.11,100,11957,54,0.45,0,56,0.47,-4,-0.03,-273,-0.27,4
637,Entry long,2013-02-27 07:15,C0|L|MKT|15|v0.3.0-tier0|SPY,119.57,100,11957,54,0.45,0,56,0.47,-4,-0.03,-273,-0.27,4
638,Exit long,2013-03-01 08:15,TX60,120.63,100,12016,47,0.39,0,69,0.57,-22,-0.18,-226,-0.23,4
638,Entry long,2013-03-01 07:15,C0|L|MKT|15|v0.3.0-tier0|SPY,120.16,100,12016,47,0.39,0,69,0.57,-22,-0.18,-226,-0.23,4
639,Exit long,2013-03-05 08:30,TX60,122.63,100,12252,11,0.09,0,25,0.20,-2,-0.02,-215,-0.21,4
639,Entry long,2013-03-05 07:30,C0|L|MKT|15|v0.3.0-tier0|SPY,122.52,100,12252,11,0.09,0,25,0.20,-2,-0.02,-215,-0.21,4
640,Exit short,2013-03-08 08:00,TX60,123.13,100,12312,-1,-0.01,0,30,0.24,-8,-0.06,-216,-0.22,4
640,Entry short,2013-03-08 07:00,C0|S|MKT|15|v0.3.0-tier0|SPY,123.12,100,12312,-1,-0.01,0,30,0.24,-8,-0.06,-216,-0.22,4
641,Exit long,2013-03-12 08:15,TX60,123.58,100,12392,-34,-0.27,0,5,0.04,-39,-0.31,-250,-0.25,4
641,Entry long,2013-03-12 07:15,C0|L|MKT|15|v0.3.0-tier0|SPY,123.92,100,12392,-34,-0.27,0,5,0.04,-39,-0.31,-250,-0.25,4
642,Exit short,2013-03-15 08:00,TX60,124.2,100,12399,-21,-0.17,0,10,0.08,-28,-0.23,-271,-0.27,4
642,Entry short,2013-03-15 07:00,C0|S|MKT|15|v0.3.0-tier0|SPY,123.99,100,12399,-21,-0.17,0,10,0.08,-28,-0.23,-271,-0.27,4
643,Exit long,2013-03-18 08:00,TX60,123.61,100,12349,12,0.10,0,27,0.22,-8,-0.06,-259,-0.26,4
643,Entry long,2013-03-18 07:00,C0|L|MKT|15|v0.3.0-tier0|SPY,123.49,100,12349,12,0.10,0,27,0.22,-8,-0.06,-259,-0.26,4
644,Exit short,2013-03-19 08:30,TX60,123.69,100,12366,-3,-0.02,0,21,0.17,-8,-0.06,-262,-0.26,4
644,Entry short,2013-03-19 07:30,C0|S|MKT|15|v0.3.0-tier0|SPY,123.66,100,12366,-3,-0.02,0,21,0.17,-8,-0.06,-262,-0.26,4
645,Exit short,2013-03-20 08:00,TX60,124.07,100,12397,-10,-0.08,0,11,0.09,-18,-0.15,-272,-0.27,4
645,Entry short,2013-03-20 07:00,C0|S|MKT|15|v0.3.0-tier0|SPY,123.97,100,12397,-10,-0.08,0,11,0.09,-18,-0.15,-272,-0.27,4
646,Exit long,2013-03-21 08:00,TX60,123.53,100,12374,-21,-0.17,0,6,0.05,-44,-0.36,-293,-0.29,4
646,Entry long,2013-03-21 07:00,C0|L|MKT|15|v0.3.0-tier0|SPY,123.74,100,12374,-21,-0.17,0,6,0.05,-44,-0.36,-293,-0.29,4
647,Exit long,2013-03-22 08:15,TX60,123.82,100,12388,-6,-0.05,0,4,0.03,-24,-0.19,-299,-0.30,4
647,Entry long,2013-03-22 07:15,C0|L|MKT|15|v0.3.0-tier0|SPY,123.88,100,12388,-6,-0.05,0,4,0.03,-24,-0.19,-299,-0.30,4
648,Exit long,2013-03-25 08:00,TX60,123.88,100,12461,-73,-0.59,0,4,0.03,-76,-0.61,-372,-0.37,4
648,Entry long,2013-03-25 07:00,C0|L|MKT|15|v0.3.0-tier0|SPY,124.61,100,12461,-73,-0.59,0,4,0.03,-76,-0.61,-372,-0.37,4
649,Exit long,2013-03-26 08:15,TX60,124.2,100,12435,-15,-0.12,0,10,0.08,-38,-0.31,-387,-0.39,4
649,Entry long,2013-03-26 07:15,C0|L|MKT|15|v0.3.0-tier0|SPY,124.35,100,12435,-15,-0.12,0,10,0.08,-38,-0.31,-387,-0.39,4
650,Exit long,2013-03-27 08:30,TX60,124.22,100,12398,24,0.19,0,31,0.25,-1,-0.01,-363,-0.36,4
650,Entry long,2013-03-27 07:30,C0|L|MKT|15|v0.3.0-tier0|SPY,123.98,100,12398,24,0.19,0,31,0.25,-1,-0.01,-363,-0.36,4
651,Exit short,2013-04-01 08:15,TX60,124.39,100,12478,39,0.31,0,53,0.42,-4,-0.03,-324,-0.32,4
651,Entry short,2013-04-01 07:15,C0|S|MKT|15|v0.3.0-tier0|SPY,124.78,100,12478,39,0.31,0,53,0.42,-4,-0.03,-324,-0.32,4
652,Exit long,2013-04-02 08:00,TX60,125.34,100,12513,21,0.17,0,23,0.18,-6,-0.05,-303,-0.30,4
652,Entry long,2013-04-02 07:00,C0|L|MKT|15|v0.3.0-tier0|SPY,125.13,100,12513,21,0.17,0,23,0.18,-6,-0.05,-303,-0.30,4
653,Exit short,2013-04-03 08:00,TX60,124.45,100,12485,40,0.32,0,42,0.34,-6,-0.05,-263,-0.26,4
653,Entry short,2013-04-03 07:00,C0|S|MKT|15|v0.3.0-tier0|SPY,124.85,100,12485,40,0.32,0,42,0.34,-6,-0.05,-263,-0.26,4
654,Exit long,2013-04-04 08:00,TX60,124.2,100,12433,-13,-0.10,0,24,0.19,-44,-0.35,-276,-0.28,4
654,Entry long,2013-04-04 07:00,C0|L|MKT|15|v0.3.0-tier0|SPY,124.33,100,12433,-13,-0.10,0,24,0.19,-44,-0.35,-276,-0.28,4
655,Exit long,2013-04-05 08:30,TX60,123.26,100,12305,21,0.17,0,34,0.28,-14,-0.11,-255,-0.25,4
655,Entry long,2013-04-05 07:30,C0|L|MKT|15|v0.3.0-tier0|SPY,123.05,100,12305,21,0.17,0,34,0.28,-14,-0.11,-255,-0.25,4
656,Exit short,2013-04-08 08:00,TX60,123.82,100,12366,-16,-0.13,0,21,0.17,-19,-0.15,-271,-0.27,4
656,Entry short,2013-04-08 07:00,C0|S|MKT|15|v0.3.0-tier0|SPY,123.66,100,12366,-16,-0.13,0,21,0.17,-19,-0.15,-271,-0.27,4
657,Exit short,2013-04-09 08:00,TX60,124.63,100,12449,-14,-0.11,0,3,0.02,-37,-0.30,-285,-0.29,4
657,Entry short,2013-04-09 07:00,C0|S|MKT|15|v0.3.0-tier0|SPY,124.49,100,12449,-14,-0.11,0,3,0.02,-37,-0.30,-285,-0.29,4
658,Exit long,2013-04-10 08:00,TX60,126.31,100,12573,58,0.46,0,58,0.46,0,0.00,-227,-0.23,4
658,Entry long,2013-04-10 07:00,C0|L|MKT|15|v0.3.0-tier0|SPY,125.73,100,12573,58,0.46,0,58,0.46,0,0.00,-227,-0.23,4
659,Exit long,2013-04-11 08:00,TX60,127.2,100,12669,51,0.40,0,52,0.41,0,0.00,-176,-0.18,4
659,Entry long,2013-04-11 07:00,C0|L|MKT|15|v0.3.0-tier0|SPY,126.69,100,12669,51,0.40,0,52,0.41,0,0.00,-176,-0.18,4
660,Exit short,2013-04-12 08:00,TX60,126.14,100,12652,38,0.30,0,49,0.39,-18,-0.14,-138,-0.14,4
660,Entry short,2013-04-12 07:00,C0|S|MKT|15|v0.3.0-tier0|SPY,126.52,100,12652,38,0.30,0,49,0.39,-18,-0.14,-138,-0.14,4
661,Exit short,2013-04-15 08:15,TX60,125.79,100,12586,7,0.06,0,20,0.16,-20,-0.16,-131,-0.13,4
661,Entry short,2013-04-15 07:15,C0|S|MKT|15|v0.3.0-tier0|SPY,125.86,100,12586,7,0.06,0,20,0.16,-20,-0.16,-131,-0.13,4
662,Exit short,2013-04-17 08:15,TX60,123.52,100,12413,61,0.49,0,87,0.70,-8,-0.06,-70,-0.07,4
662,Entry short,2013-04-17 07:15,C0|S|MKT|15|v0.3.0-tier0|SPY,124.13,100,12413,61,0.49,0,87,0.70,-8,-0.06,-70,-0.07,4
663,Exit short,2013-04-18 08:00,TX60,123.66,100,12335,-31,-0.25,0,47,0.38,-44,-0.36,-101,-0.10,4
663,Entry short,2013-04-18 07:00,C0|S|MKT|15|v0.3.0-tier0|SPY,123.35,100,12335,-31,-0.25,0,47,0.38,-44,-0.36,-101,-0.10,4
664,Exit long,2013-04-19 08:15,TX60,123.84,100,12350,34,0.28,0,36,0.29,-25,-0.20,-67,-0.07,4
664,Entry long,2013-04-19 07:15,C0|L|MKT|15|v0.3.0-tier0|SPY,123.5,100,12350,34,0.28,0,36,0.29,-25,-0.20,-67,-0.07,4
665,Exit short,2013-04-22 08:15,TX60,123.74,100,12364,-10,-0.08,0,20,0.16,-25,-0.20,-77,-0.08,4
665,Entry short,2013-04-22 07:15,C0|S|MKT|15|v0.3.0-tier0|SPY,123.64,100,12364,-10,-0.08,0,20,0.16,-25,-0.20,-77,-0.08,4
666,Exit long,2013-04-23 08:30,TX60,125.82,100,12569,13,0.10,0,18,0.14,-6,-0.05,-64,-0.06,4
666,Entry long,2013-04-23 07:30,C0|L|MKT|15|v0.3.0-tier0|SPY,125.69,100,12569,13,0.10,0,18,0.14,-6,-0.05,-64,-0.06,4
667,Exit short,2013-04-24 08:15,TX60,125.88,100,12571,-17,-0.14,0,4,0.03,-40,-0.32,-81,-0.08,4
667,Entry short,2013-04-24 07:15,C0|S|MKT|15|v0.3.0-tier0|SPY,125.71,100,12571,-17,-0.14,0,4,0.03,-40,-0.32,-81,-0.08,4
668,Exit long,2013-04-25 08:15,TX60,126.72,100,12649,23,0.18,0,37,0.29,-4,-0.03,-58,-0.06,4
668,Entry long,2013-04-25 07:15,C0|L|MKT|15|v0.3.0-tier0|SPY,126.49,100,12649,23,0.18,0,37,0.29,-4,-0.03,-58,-0.06,4
669,Exit long,2013-04-26 08:00,TX60,126.08,100,12646,-38,-0.30,0,4,0.03,-48,-0.38,-96,-0.10,4
669,Entry long,2013-04-26 07:00,C0|L|MKT|15|v0.3.0-tier0|SPY,126.46,100,12646,-38,-0.30,0,4,0.03,-48,-0.38,-96,-0.10,4
670,Exit long,2013-04-29 08:15,TX60,126.86,100,12678,8,0.06,0,22,0.17,0,0.00,-88,-0.09,4
670,Entry long,2013-04-29 07:15,C0|L|MKT|15|v0.3.0-tier0|SPY,126.78,100,12678,8,0.06,0,22,0.17,0,0.00,-88,-0.09,4
671,Exit short,2013-04-30 08:00,TX60,126.95,100,12666,-29,-0.23,0,14,0.11,-33,-0.26,-117,-0.12,4
671,Entry short,2013-04-30 07:00,C0|S|MKT|15|v0.3.0-tier0|SPY,126.66,100,12666,-29,-0.23,0,14,0.11,-33,-0.26,-117,-0.12,4
672,Exit short,2013-05-01 08:15,TX60,127.05,100,12666,-39,-0.31,0,1,0.01,-41,-0.32,-156,-0.16,4
672,Entry short,2013-05-01 07:15,C0|S|MKT|15|v0.3.0-tier0|SPY,126.66,100,12666,-39,-0.31,0,1,0.01,-41,-0.32,-156,-0.16,4
673,Exit long,2013-05-02 08:15,TX60,127.26,100,12697,29,0.23,0,31,0.24,-8,-0.06,-127,-0.13,4
673,Entry long,2013-05-02 07:15,C0|L|MKT|15|v0.3.0-tier0|SPY,126.97,100,12697,29,0.23,0,31,0.24,-8,-0.06,-127,-0.13,4
674,Exit long,2013-05-03 08:30,TX60,128.92,100,12908,-16,-0.12,0,5,0.04,-17,-0.13,-143,-0.14,4
674,Entry long,2013-05-03 07:30,C0|L|MKT|15|v0.3.0-tier0|SPY,129.08,100,12908,-16,-0.12,0,5,0.04,-17,-0.13,-143,-0.14,4
675,Exit long,2013-05-06 08:30,TX60,128.9,100,12905,-15,-0.12,0,5,0.04,-26,-0.20,-158,-0.16,4
675,Entry long,2013-05-06 07:30,C0|L|MKT|15|v0.3.0-tier0|SPY,129.05,100,12905,-15,-0.12,0,5,0.04,-26,-0.20,-158,-0.16,4
676,Exit long,2013-05-07 08:00,TX60,129.26,100,12952,-26,-0.20,0,5,0.04,-56,-0.43,-184,-0.18,4
676,Entry long,2013-05-07 07:00,C0|L|MKT|15|v0.3.0-tier0|SPY,129.52,100,12952,-26,-0.20,0,5,0.04,-56,-0.43,-184,-0.18,4
677,Exit long,2013-05-08 08:00,TX60,129.98,100,12985,13,0.10,0,23,0.18,-6,-0.05,-171,-0.17,4
677,Entry long,2013-05-08 07:00,C0|L|MKT|15|v0.3.0-tier0|SPY,129.85,100,12985,13,0.10,0,23,0.18,-6,-0.05,-171,-0.17,4
678,Exit short,2013-05-09 08:15,TX60,130.08,100,13014,6,0.05,0,24,0.18,0,0.00,-165,-0.16,4
678,Entry short,2013-05-09 07:15,C0|S|MKT|15|v0.3.0-tier0|SPY,130.14,100,13014,6,0.05,0,24,0.18,0,0.00,-165,-0.16,4
679,Exit long,2013-05-10 08:00,TX60,129.96,100,13022,-26,-0.20,0,11,0.08,-51,-0.39,-191,-0.19,4
679,Entry long,2013-05-10 07:00,C0|L|MKT|15|v0.3.0-tier0|SPY,130.22,100,13022,-26,-0.20,0,11,0.08,-51,-0.39,-191,-0.19,4
680,Exit short,2013-05-13 08:00,TX60,130.28,100,12997,-31,-0.24,0,7,0.05,-41,-0.32,-222,-0.22,4
680,Entry short,2013-05-13 07:00,C0|S|MKT|15|v0.3.0-tier0|SPY,129.97,100,12997,-31,-0.24,0,7,0.05,-41,-0.32,-222,-0.22,4
681,Exit long,2013-05-14 08:00,TX60,131.59,100,13102,57,0.44,0,58,0.44,0,0.00,-165,-0.16,4
681,Entry long,2013-05-14 07:00,C0|L|MKT|15|v0.3.0-tier0|SPY,131.02,100,13102,57,0.44,0,58,0.44,0,0.00,-165,-0.16,4
682,Exit long,2013-05-16 08:00,TX60,132.39,100,13253,-14,-0.11,0,1,0.01,-46,-0.35,-179,-0.18,4
682,Entry long,2013-05-16 07:00,C0|L|MKT|15|v0.3.0-tier0|SPY,132.53,100,13253,-14,-0.11,0,1,0.01,-46,-0.35,-179,-0.18,4
683,Exit long,2013-05-17 08:00,TX60,132.44,100,13257,-13,-0.10,0,13,0.10,-13,-0.10,-192,-0.19,4
683,Entry long,2013-05-17 07:00,C0|L|MKT|15|v0.3.0-tier0|SPY,132.57,100,13257,-13,-0.10,0,13,0.10,-13,-0.10,-192,-0.19,4
684,Exit short,2013-05-21 08:15,TX60,133.09,100,13310,1,0.01,0,29,0.22,-7,-0.05,-191,-0.19,4
684,Entry short,2013-05-21 07:15,C0|S|MKT|15|v0.3.0-tier0|SPY,133.1,100,13310,1,0.01,0,29,0.22,-7,-0.05,-191,-0.19,4
685,Exit long,2013-05-22 08:00,TX60,133.77,100,13379,-2,-0.01,0,107,0.80,-13,-0.10,-193,-0.19,4
685,Entry long,2013-05-22 07:00,C0|L|MKT|15|v0.3.0-tier0|SPY,133.79,100,13379,-2,-0.01,0,107,0.80,-13,-0.10,-193,-0.19,4
686,Exit long,2013-05-23 08:15,TX60,131.72,100,13143,29,0.22,0,29,0.22,-30,-0.23,-164,-0.16,4
686,Entry long,2013-05-23 07:15,C0|L|MKT|15|v0.3.0-tier0|SPY,131.43,100,13143,29,0.22,0,29,0.22,-30,-0.23,-164,-0.16,4
687,Exit short,2013-05-24 08:15,TX60,131.37,100,13095,-42,-0.32,0,10,0.08,-45,-0.34,-206,-0.21,4
687,Entry short,2013-05-24 07:15,C0|S|MKT|15|v0.3.0-tier0|SPY,130.95,100,13095,-42,-0.32,0,10,0.08,-45,-0.34,-206,-0.21,4
688,Exit long,2013-05-28 08:00,TX60,133.48,100,13359,-11,-0.08,0,24,0.18,-17,-0.13,-217,-0.22,4
688,Entry long,2013-05-28 07:00,C0|L|MKT|15|v0.3.0-tier0|SPY,133.59,100,13359,-11,-0.08,0,24,0.18,-17,-0.13,-217,-0.22,4
689,Exit long,2013-05-30 08:00,TX60,132.57,100,13257,0,0.00,0,14,0.11,-32,-0.24,-217,-0.22,4
689,Entry long,2013-05-30 07:00,C0|L|MKT|15|v0.3.0-tier0|SPY,132.57,100,13257,0,0.00,0,14,0.11,-32,-0.24,-217,-0.22,4
690,Exit short,2013-06-03 08:00,TX60,130.31,100,13031,0,0.00,0,38,0.29,-64,-0.49,-217,-0.22,4
690,Entry short,2013-06-03 07:00,C0|S|MKT|15|v0.3.0-tier0|SPY,130.31,100,13031,0,0.00,0,38,0.29,-64,-0.49,-217,-0.22,4
691,Exit short,2013-06-05 08:15,TX60,129.33,100,12989,56,0.43,0,67,0.52,-8,-0.06,-161,-0.16,4
691,Entry short,2013-06-05 07:15,C0|S|MKT|15|v0.3.0-tier0|SPY,129.89,100,12989,56,0.43,0,67,0.52,-8,-0.06,-161,-0.16,4
692,Exit long,2013-06-07 08:15,TX60,131.07,100,13104,3,0.02,0,16,0.12,-11,-0.08,-158,-0.16,4
692,Entry long,2013-06-07 07:15,C0|L|MKT|15|v0.3.0-tier0|SPY,131.04,100,13104,3,0.02,0,16,0.12,-11,-0.08,-158,-0.16,4
693,Exit short,2013-06-10 08:15,TX60,131.78,100,13118,-60,-0.46,0,3,0.02,-63,-0.48,-218,-0.22,4
693,Entry short,2013-06-10 07:15,C0|S|MKT|15|v0.3.0-tier0|SPY,131.18,100,13118,-60,-0.46,0,3,0.02,-63,-0.48,-218,-0.22,4
694,Exit long,2013-06-11 08:30,TX60,131.06,100,13038,68,0.52,0,69,0.53,-2,-0.02,-150,-0.15,4
694,Entry long,2013-06-11 07:30,C0|L|MKT|15|v0.3.0-tier0|SPY,130.38,100,13038,68,0.52,0,69,0.53,-2,-0.02,-150,-0.15,4
695,Exit short,2013-06-12 08:00,TX60,130.07,100,13068,61,0.47,0,68,0.52,0,0.00,-89,-0.09,4
695,Entry short,2013-06-12 07:00,C0|S|MKT|15|v0.3.0-tier0|SPY,130.68,100,13068,61,0.47,0,68,0.52,0,0.00,-89,-0.09,4
696,Exit long,2013-06-13 08:00,TX60,129.33,100,12922,11,0.09,0,34,0.26,-21,-0.16,-78,-0.08,4
696,Entry long,2013-06-13 07:00,C0|L|MKT|15|v0.3.0-tier0|SPY,129.22,100,12922,11,0.09,0,34,0.26,-21,-0.16,-78,-0.08,4
697,Exit long,2013-06-14 08:00,TX60,130.47,100,13118,-71,-0.54,0,17,0.13,-79,-0.60,-149,-0.15,4
697,Entry long,2013-06-14 07:00,C0|L|MKT|15|v0.3.0-tier0|SPY,131.18,100,13118,-71,-0.54,0,17,0.13,-79,-0.60,-149,-0.15,4
698,Exit long,2013-06-17 08:00,TX60,131.65,100,13147,18,0.14,0,19,0.14,-11,-0.08,-131,-0.13,4
698,Entry long,2013-06-17 07:00,C0|L|MKT|15|v0.3.0-tier0|SPY,131.47,100,13147,18,0.14,0,19,0.14,-11,-0.08,-131,-0.13,4
699,Exit long,2013-06-18 08:30,TX60,132.02,100,13165,37,0.28,0,38,0.29,0,0.00,-94,-0.09,4
699,Entry long,2013-06-18 07:30,C0|L|MKT|15|v0.3.0-tier0|SPY,131.65,100,13165,37,0.28,0,38,0.29,0,0.00,-94,-0.09,4
700,Exit short,2013-06-20 08:15,TX60,128.26,100,12871,45,0.35,0,62,0.48,-3,-0.02,-49,-0.05,4
700,Entry short,2013-06-20 07:15,C0|S|MKT|15|v0.3.0-tier0|SPY,128.71,100,12871,45,0.35,0,62,0.48,-3,-0.02,-49,-0.05,4
701,Exit short,2013-06-21 08:00,TX60,127.32,100,12757,25,0.20,0,66,0.52,-35,-0.27,-24,-0.02,4
701,Entry short,2013-06-21 07:00,C0|S|MKT|15|v0.3.0-tier0|SPY,127.57,100,12757,25,0.20,0,66,0.52,-35,-0.27,-24,-0.02,4
702,Exit short,2013-06-24 08:00,TX60,125.56,100,12543,-13,-0.10,0,33,0.26,-40,-0.32,-37,-0.04,4
702,Entry short,2013-06-24 07:00,C0|S|MKT|15|v0.3.0-tier0|SPY,125.43,100,12543,-13,-0.10,0,33,0.26,-40,-0.32,-37,-0.04,4
703,Exit short,2013-06-25 08:00,TX60,127.01,100,12670,-31,-0.24,0,46,0.36,-40,-0.32,-68,-0.07,4
703,Entry short,2013-06-25 07:00,C0|S|MKT|15|v0.3.0-tier0|SPY,126.7,100,12670,-31,-0.24,0,46,0.36,-40,-0.32,-68,-0.07,4
704,Exit short,2013-06-26 08:15,TX60,127.9,100,12813,23,0.18,0,43,0.34,-8,-0.06,-45,-0.04,4
704,Entry short,2013-06-26 07:15,C0|S|MKT|15|v0.3.0-tier0|SPY,128.13,100,12813,23,0.18,0,43,0.34,-8,-0.06,-45,-0.04,4
705,Exit long,2013-06-27 08:00,TX60,129.55,100,12948,7,0.05,0,28,0.22,-27,-0.21,-38,-0.04,4
705,Entry long,2013-06-27 07:00,C0|L|MKT|15|v0.3.0-tier0|SPY,129.48,100,12948,7,0.05,0,28,0.22,-27,-0.21,-38,-0.04,4
706,Exit short,2013-06-28 08:00,TX60,129.06,100,12833,-73,-0.57,0,13,0.10,-80,-0.62,-111,-0.11,4
706,Entry short,2013-06-28 07:00,C0|S|MKT|15|v0.3.0-tier0|SPY,128.33,100,12833,-73,-0.57,0,13,0.10,-80,-0.62,-111,-0.11,4
707,Exit long,2013-07-01 08:00,TX60,129.98,100,12981,17,0.13,0,45,0.35,-6,-0.05,-94,-0.09,4
707,Entry long,2013-07-01 07:00,C0|L|MKT|15|v0.3.0-tier0|SPY,129.81,100,12981,17,0.13,0,45,0.35,-6,-0.05,-94,-0.09,4
708,Exit long,2013-07-02 08:00,TX60,130.07,100,12980,27,0.21,0,29,0.22,-14,-0.11,-67,-0.07,4
708,Entry long,2013-07-02 07:00,C0|L|MKT|15|v0.3.0-tier0|SPY,129.8,100,12980,27,0.21,0,29,0.22,-14,-0.11,-67,-0.07,4
709,Exit short,2013-07-05 08:15,TX60,129.84,100,12971,-13,-0.10,0,36,0.28,-21,-0.16,-80,-0.08,4
709,Entry short,2013-07-05 07:15,C0|S|MKT|15|v0.3.0-tier0|SPY,129.71,100,12971,-13,-0.10,0,36,0.28,-21,-0.16,-80,-0.08,4
710,Exit long,2013-07-08 08:00,TX60,131.55,100,13157,-2,-0.02,0,25,0.19,-6,-0.05,-82,-0.08,4
710,Entry long,2013-07-08 07:00,C0|L|MKT|15|v0.3.0-tier0|SPY,131.57,100,13157,-2,-0.02,0,25,0.19,-6,-0.05,-82,-0.08,4
711,Exit short,2013-07-09 08:15,TX60,132.26,100,13195,-31,-0.23,0,21,0.16,-31,-0.23,-113,-0.11,4
711,Entry short,2013-07-09 07:15,C0|S|MKT|15|v0.3.0-tier0|SPY,131.95,100,13195,-31,-0.23,0,21,0.16,-31,-0.23,-113,-0.11,4
712,Exit short,2013-07-10 08:30,TX60,132.1,100,13227,17,0.13,0,20,0.15,-2,-0.02,-96,-0.10,4
712,Entry short,2013-07-10 07:30,C0|S|MKT|15|v0.3.0-tier0|SPY,132.27,100,13227,17,0.13,0,20,0.15,-2,-0.02,-96,-0.10,4
713,Exit short,2013-07-11 08:00,TX60,133.8,100,13376,-4,-0.03,0,21,0.16,-9,-0.07,-100,-0.10,4
713,Entry short,2013-07-11 07:00,C0|S|MKT|15|v0.3.0-tier0|SPY,133.76,100,13376,-4,-0.03,0,21,0.16,-9,-0.07,-100,-0.10,4
714,Exit short,2013-07-17 08:00,TX60,134.8,100,13470,-10,-0.07,0,10,0.07,-40,-0.30,-110,-0.11,4
714,Entry short,2013-07-17 07:00,C0|S|MKT|15|v0.3.0-tier0|SPY,134.7,100,13470,-10,-0.07,0,10,0.07,-40,-0.30,-110,-0.11,4
715,Exit long,2013-07-18 08:15,TX60,135.66,100,13538,28,0.21,0,35,0.26,0,0.00,-82,-0.08,4
715,Entry long,2013-07-18 07:15,C0|L|MKT|15|v0.3.0-tier0|SPY,135.38,100,13538,28,0.21,0,35,0.26,0,0.00,-82,-0.08,4
716,Exit short,2013-07-22 08:00,TX60,135.82,100,13559,-23,-0.17,0,5,0.04,-28,-0.21,-105,-0.10,4
716,Entry short,2013-07-22 07:00,C0|S|MKT|15|v0.3.0-tier0|SPY,135.59,100,13559,-23,-0.17,0,5,0.04,-28,-0.21,-105,-0.10,4
717,Exit short,2013-07-23 08:00,TX60,135.63,100,13603,40,0.29,0,41,0.30,0,0.00,-65,-0.06,4
717,Entry short,2013-07-23 07:00,C0|S|MKT|15|v0.3.0-tier0|SPY,136.03,100,13603,40,0.29,0,41,0.30,0,0.00,-65,-0.06,4
718,Exit short,2013-07-24 08:00,TX60,135.42,100,13562,20,0.15,0,36,0.27,-12,-0.09,-45,-0.04,4
718,Entry short,2013-07-24 07:00,C0|S|MKT|15|v0.3.0-tier0|SPY,135.62,100,13562,20,0.15,0,36,0.27,-12,-0.09,-45,-0.04,4
719,Exit long,2013-07-25 08:00,TX60,135.09,100,13506,3,0.02,0,20,0.15,-10,-0.07,-42,-0.04,4
719,Entry long,2013-07-25 07:00,C0|L|MKT|15|v0.3.0-tier0|SPY,135.06,100,13506,3,0.02,0,20,0.15,-10,-0.07,-42,-0.04,4
720,Exit short,2013-07-26 08:30,TX60,134.55,100,13481,26,0.19,0,48,0.36,-5,-0.04,-16,-0.02,4
720,Entry short,2013-07-26 07:30,C0|S|MKT|15|v0.3.0-tier0|SPY,134.81,100,13481,26,0.19,0,48,0.36,-5,-0.04,-16,-0.02,4
721,Exit short,2013-07-29 08:15,TX60,135.02,100,13521,19,0.14,0,19,0.14,-15,-0.11,3,0.00,4
721,Entry short,2013-07-29 07:15,C0|S|MKT|15|v0.3.0-tier0|SPY,135.21,100,13521,19,0.14,0,19,0.14,-15,-0.11,3,0.00,4
722,Exit long,2013-07-31 08:30,TX60,135.79,100,13588,-9,-0.07,0,19,0.14,-9,-0.07,-6,-0.01,4
722,Entry long,2013-07-31 07:30,C0|L|MKT|15|v0.3.0-tier0|SPY,135.88,100,13588,-9,-0.07,0,19,0.14,-9,-0.07,-6,-0.01,4
723,Exit long,2013-08-01 08:15,TX60,136.47,100,13665,-18,-0.13,0,9,0.07,-23,-0.17,-24,-0.02,4
723,Entry long,2013-08-01 07:15,C0|L|MKT|15|v0.3.0-tier0|SPY,136.65,100,13665,-18,-0.13,0,9,0.07,-23,-0.17,-24,-0.02,4
724,Exit long,2013-08-02 08:30,TX60,136.64,100,13672,-8,-0.06,0,2,0.01,-29,-0.21,-32,-0.03,4
724,Entry long,2013-08-02 07:30,C0|L|MKT|15|v0.3.0-tier0|SPY,136.72,100,13672,-8,-0.06,0,2,0.01,-29,-0.21,-32,-0.03,4
725,Exit long,2013-08-05 08:00,TX60,137,100,13683,17,0.12,0,26,0.19,-3,-0.02,-15,-0.01,4
725,Entry long,2013-08-05 07:00,C0|L|MKT|15|v0.3.0-tier0|SPY,136.83,100,13683,17,0.12,0,26,0.19,-3,-0.02,-15,-0.01,4
726,Exit short,2013-08-06 08:00,TX60,135.85,100,13647,62,0.45,0,62,0.45,0,0.00,47,0.05,4
726,Entry short,2013-08-06 07:00,C0|S|MKT|15|v0.3.0-tier0|SPY,136.47,100,13647,62,0.45,0,62,0.45,0,0.00,47,0.05,4
727,Exit short,2013-08-07 08:00,TX60,135.41,100,13543,2,0.01,0,27,0.20,0,0.00,49,0.05,4
727,Entry short,2013-08-07 07:00,C0|S|MKT|15|v0.3.0-tier0|SPY,135.43,100,13543,2,0.01,0,27,0.20,0,0.00,49,0.05,4
728,Exit short,2013-08-08 08:00,TX60,135.68,100,13619,51,0.37,0,73,0.54,-4,-0.03,100,0.10,4
728,Entry short,2013-08-08 07:00,C0|S|MKT|15|v0.3.0-tier0|SPY,136.19,100,13619,51,0.37,0,73,0.54,-4,-0.03,100,0.10,4
729,Exit long,2013-08-12 08:15,TX60,135.59,100,13563,-4,-0.03,0,14,0.10,-18,-0.13,96,0.10,4
729,Entry long,2013-08-12 07:15,C0|L|MKT|15|v0.3.0-tier0|SPY,135.63,100,13563,-4,-0.03,0,14,0.10,-18,-0.13,96,0.10,4
730,Exit short,2013-08-13 08:00,TX60,135.23,100,13559,36,0.27,0,54,0.40,-1,-0.01,132,0.13,4
730,Entry short,2013-08-13 07:00,C0|S|MKT|15|v0.3.0-tier0|SPY,135.59,100,13559,36,0.27,0,54,0.40,-1,-0.01,132,0.13,4
731,Exit short,2013-08-14 08:15,TX60,135.5,100,13573,23,0.17,0,32,0.24,-16,-0.12,155,0.16,4
731,Entry short,2013-08-14 07:15,C0|S|MKT|15|v0.3.0-tier0|SPY,135.73,100,13573,23,0.17,0,32,0.24,-16,-0.12,155,0.16,4
732,Exit short,2013-08-15 08:00,TX60,133.44,100,13361,17,0.13,0,36,0.27,-11,-0.08,172,0.17,4
732,Entry short,2013-08-15 07:00,C0|S|MKT|15|v0.3.0-tier0|SPY,133.61,100,13361,17,0.13,0,36,0.27,-11,-0.08,172,0.17,4
733,Exit long,2013-08-16 08:00,TX60,133.56,100,13336,20,0.15,0,26,0.19,-18,-0.13,192,0.19,4
733,Entry long,2013-08-16 07:00,C0|L|MKT|15|v0.3.0-tier0|SPY,133.36,100,13336,20,0.15,0,26,0.19,-18,-0.13,192,0.19,4
734,Exit long,2013-08-19 08:00,TX60,133.06,100,13318,-12,-0.09,0,10,0.08,-20,-0.15,180,0.18,4
734,Entry long,2013-08-19 07:00,C0|L|MKT|15|v0.3.0-tier0|SPY,133.18,100,13318,-12,-0.09,0,10,0.08,-20,-0.15,180,0.18,4
735,Exit long,2013-08-20 08:30,TX60,132.87,100,13259,28,0.21,0,36,0.27,-3,-0.02,208,0.21,4
735,Entry long,2013-08-20 07:30,C0|L|MKT|15|v0.3.0-tier0|SPY,132.59,100,13259,28,0.21,0,36,0.27,-3,-0.02,208,0.21,4
736,Exit long,2013-08-22 08:15,TX60,132.91,100,13272,19,0.14,0,36,0.27,0,0.00,227,0.23,4
736,Entry long,2013-08-22 07:15,C0|L|MKT|15|v0.3.0-tier0|SPY,132.72,100,13272,19,0.14,0,36,0.27,0,0.00,227,0.23,4
737,Exit short,2013-08-23 08:00,TX60,133.45,100,13323,-22,-0.17,0,29,0.22,-31,-0.23,205,0.21,4
737,Entry short,2013-08-23 07:00,C0|S|MKT|15|v0.3.0-tier0|SPY,133.23,100,13323,-22,-0.17,0,29,0.22,-31,-0.23,205,0.21,4
738,Exit long,2013-08-26 08:15,TX60,134.09,100,13393,16,0.12,0,16,0.12,-9,-0.07,221,0.22,4
738,Entry long,2013-08-26 07:15,C0|L|MKT|15|v0.3.0-tier0|SPY,133.93,100,13393,16,0.12,0,16,0.12,-9,-0.07,221,0.22,4
739,Exit long,2013-08-27 08:00,TX60,131.98,100,13211,-13,-0.10,0,14,0.11,-51,-0.39,208,0.21,4
739,Entry long,2013-08-27 07:00,C0|L|MKT|15|v0.3.0-tier0|SPY,132.11,100,13211,-13,-0.10,0,14,0.11,-51,-0.39,208,0.21,4
740,Exit long,2013-08-28 08:30,TX60,131.46,100,13129,17,0.13,0,30,0.23,-8,-0.06,225,0.22,4
740,Entry long,2013-08-28 07:30,C0|L|MKT|15|v0.3.0-tier0|SPY,131.29,100,13129,17,0.13,0,30,0.23,-8,-0.06,225,0.22,4
741,Exit long,2013-08-29 08:00,TX60,132.18,100,13169,49,0.37,0,60,0.46,-2,-0.02,274,0.27,4
741,Entry long,2013-08-29 07:00,C0|L|MKT|15|v0.3.0-tier0|SPY,131.69,100,13169,49,0.37,0,60,0.46,-2,-0.02,274,0.27,4
742,Exit short,2013-08-30 08:15,TX60,131.39,100,13136,-3,-0.02,0,21,0.16,-20,-0.15,271,0.27,4
742,Entry short,2013-08-30 07:15,C0|S|MKT|15|v0.3.0-tier0|SPY,131.36,100,13136,-3,-0.02,0,21,0.16,-20,-0.15,271,0.27,4
743,Exit short,2013-09-03 08:30,TX60,131.85,100,13242,57,0.43,0,60,0.45,-18,-0.14,328,0.33,4
743,Entry short,2013-09-03 07:30,C0|S|MKT|15|v0.3.0-tier0|SPY,132.42,100,13242,57,0.43,0,60,0.45,-18,-0.14,328,0.33,4
744,Exit long,2013-09-04 08:00,TX60,132.58,100,13219,39,0.30,0,43,0.33,0,0.00,367,0.37,4
744,Entry long,2013-09-04 07:00,C0|L|MKT|15|v0.3.0-tier0|SPY,132.19,100,13219,39,0.30,0,43,0.33,0,0.00,367,0.37,4
745,Exit long,2013-09-05 08:00,TX60,133.03,100,13336,-33,-0.25,0,6,0.04,-36,-0.27,334,0.33,4
745,Entry long,2013-09-05 07:00,C0|L|MKT|15|v0.3.0-tier0|SPY,133.36,100,13336,-33,-0.25,0,6,0.04,-36,-0.27,334,0.33,4
746,Exit short,2013-09-06 08:00,TX60,133.33,100,13245,-88,-0.66,0,55,0.42,-92,-0.69,246,0.25,4
746,Entry short,2013-09-06 07:00,C0|S|MKT|15|v0.3.0-tier0|SPY,132.45,100,13245,-88,-0.66,0,55,0.42,-92,-0.69,246,0.25,4
747,Exit long,2013-09-09 08:00,TX60,133.76,100,13391,-15,-0.11,0,10,0.07,-29,-0.22,231,0.23,4
747,Entry long,2013-09-09 07:00,C0|L|MKT|15|v0.3.0-tier0|SPY,133.91,100,13391,-15,-0.11,0,10,0.07,-29,-0.22,231,0.23,4
748,Exit long,2013-09-10 08:15,TX60,135.31,100,13532,-1,-0.01,0,10,0.07,-21,-0.16,230,0.23,4
748,Entry long,2013-09-10 07:15,C0|L|MKT|15|v0.3.0-tier0|SPY,135.32,100,13532,-1,-0.01,0,10,0.07,-21,-0.16,230,0.23,4
749,Exit short,2013-09-11 08:00,TX60,135.18,100,13512,-6,-0.04,0,12,0.09,-16,-0.12,224,0.22,4
749,Entry short,2013-09-11 07:00,C0|S|MKT|15|v0.3.0-tier0|SPY,135.12,100,13512,-6,-0.04,0,12,0.09,-16,-0.12,224,0.22,4
750,Exit long,2013-09-12 08:30,TX60,135.72,100,13591,-19,-0.14,0,6,0.04,-31,-0.23,205,0.21,4
750,Entry long,2013-09-12 07:30,C0|L|MKT|15|v0.3.0-tier0|SPY,135.91,100,13591,-19,-0.14,0,6,0.04,-31,-0.23,205,0.21,4
751,Exit short,2013-09-13 08:15,TX60,135.68,100,13544,-24,-0.18,0,13,0.10,-24,-0.18,181,0.18,4
751,Entry short,2013-09-13 07:15,C0|S|MKT|15|v0.3.0-tier0|SPY,135.44,100,13544,-24,-0.18,0,13,0.10,-24,-0.18,181,0.18,4
752,Exit long,2013-09-17 08:00,TX60,137.02,100,13692,10,0.07,0,20,0.15,-1,-0.01,191,0.19,4
752,Entry long,2013-09-17 07:00,C0|L|MKT|15|v0.3.0-tier0|SPY,136.92,100,13692,10,0.07,0,20,0.15,-1,-0.01,191,0.19,4
753,Exit short,2013-09-18 08:30,TX60,136.99,100,13699,0,0.00,0,10,0.07,-4,-0.03,191,0.19,4
753,Entry short,2013-09-18 07:30,C0|S|MKT|15|v0.3.0-tier0|SPY,136.99,100,13699,0,0.00,0,10,0.07,-4,-0.03,191,0.19,4
754,Exit short,2013-09-19 08:15,TX60,138.73,100,13881,8,0.06,0,9,0.06,-17,-0.12,199,0.20,4
754,Entry short,2013-09-19 07:15,C0|S|MKT|15|v0.3.0-tier0|SPY,138.81,100,13881,8,0.06,0,9,0.06,-17,-0.12,199,0.20,4
755,Exit short,2013-09-20 08:00,TX60,138.49,100,13849,0,0.00,0,21,0.15,-11,-0.08,199,0.20,4
755,Entry short,2013-09-20 07:00,C0|S|MKT|15|v0.3.0-tier0|SPY,138.49,100,13849,0,0.00,0,21,0.15,-11,-0.08,199,0.20,4
756,Exit short,2013-09-23 08:00,TX60,136.67,100,13706,39,0.28,0,46,0.34,-8,-0.06,238,0.24,4
756,Entry short,2013-09-23 07:00,C0|S|MKT|15|v0.3.0-tier0|SPY,137.06,100,13706,39,0.28,0,46,0.34,-8,-0.06,238,0.24,4
757,Exit short,2013-09-24 08:15,TX60,137.15,100,13649,-66,-0.48,0,13,0.10,-68,-0.50,172,0.17,4
757,Entry short,2013-09-24 07:15,C0|S|MKT|15|v0.3.0-tier0|SPY,136.49,100,13649,-66,-0.48,0,13,0.10,-68,-0.50,172,0.17,4
758,Exit short,2013-09-25 08:15,TX60,136.56,100,13621,-35,-0.26,0,4,0.03,-44,-0.32,137,0.14,4
758,Entry short,2013-09-25 07:15,C0|S|MKT|15|v0.3.0-tier0|SPY,136.21,100,13621,-35,-0.26,0,4,0.03,-44,-0.32,137,0.14,4
759,Exit long,2013-09-26 08:00,TX60,136.51,100,13691,-40,-0.29,0,21,0.15,-48,-0.35,97,0.10,4
759,Entry long,2013-09-26 07:00,C0|L|MKT|15|v0.3.0-tier0|SPY,136.91,100,13691,-40,-0.29,0,21,0.15,-48,-0.35,97,0.10,4
760,Exit long,2013-09-30 08:30,TX60,135.41,100,13538,3,0.02,0,23,0.17,-9,-0.07,100,0.10,4
760,Entry long,2013-09-30 07:30,C0|L|MKT|15|v0.3.0-tier0|SPY,135.38,100,13538,3,0.02,0,23,0.17,-9,-0.07,100,0.10,4
761,Exit long,2013-10-01 08:30,TX60,136.25,100,13604,21,0.15,0,36,0.26,0,0.00,121,0.12,4
761,Entry long,2013-10-01 07:30,C0|L|MKT|15|v0.3.0-tier0|SPY,136.04,100,13604,21,0.15,0,36,0.26,0,0.00,121,0.12,4
762,Exit short,2013-10-02 08:15,TX60,135.71,100,13539,-32,-0.24,0,14,0.10,-35,-0.26,89,0.09,4
762,Entry short,2013-10-02 07:15,C0|S|MKT|15|v0.3.0-tier0|SPY,135.39,100,13539,-32,-0.24,0,14,0.10,-35,-0.26,89,0.09,4
763,Exit short,2013-10-03 08:00,TX60,135.18,100,13566,48,0.35,0,66,0.49,0,0.00,137,0.14,4
763,Entry short,2013-10-03 07:00,C0|S|MKT|15|v0.3.0-tier0|SPY,135.66,100,13566,48,0.35,0,66,0.49,0,0.00,137,0.14,4
764,Exit long,2013-10-04 08:00,TX60,135.58,100,13554,4,0.03,0,35,0.26,-10,-0.07,141,0.14,4
764,Entry long,2013-10-04 07:00,C0|L|MKT|15|v0.3.0-tier0|SPY,135.54,100,13554,4,0.03,0,35,0.26,-10,-0.07,141,0.14,4
765,Exit long,2013-10-07 08:00,TX60,135.53,100,13515,38,0.28,0,53,0.39,-9,-0.07,179,0.18,4
765,Entry long,2013-10-07 07:00,C0|L|MKT|15|v0.3.0-tier0|SPY,135.15,100,13515,38,0.28,0,53,0.39,-9,-0.07,179,0.18,4
766,Exit long,2013-10-10 08:00,TX60,135.28,100,13523,5,0.04,0,28,0.21,-15,-0.11,184,0.18,4
766,Entry long,2013-10-10 07:00,C0|L|MKT|15|v0.3.0-tier0|SPY,135.23,100,13523,5,0.04,0,28,0.21,-15,-0.11,184,0.18,4
767,Exit long,2013-10-11 08:00,TX60,136.44,100,13660,-16,-0.12,0,10,0.07,-36,-0.26,168,0.17,4
767,Entry long,2013-10-11 07:00,C0|L|MKT|15|v0.3.0-tier0|SPY,136.6,100,13660,-16,-0.12,0,10,0.07,-36,-0.26,168,0.17,4
768,Exit long,2013-10-15 08:15,TX60,137.61,100,13758,3,0.02,0,19,0.14,-42,-0.31,171,0.17,4
768,Entry long,2013-10-15 07:15,C0|L|MKT|15|v0.3.0-tier0|SPY,137.58,100,13758,3,0.02,0,19,0.14,-42,-0.31,171,0.17,4
769,Exit long,2013-10-16 08:00,TX60,138.56,100,13832,24,0.17,0,26,0.19,-26,-0.19,195,0.19,4
769,Entry long,2013-10-16 07:00,C0|L|MKT|15|v0.3.0-tier0|SPY,138.32,100,13832,24,0.17,0,26,0.19,-26,-0.19,195,0.19,4
770,Exit long,2013-10-17 08:15,TX60,138.82,100,13844,38,0.27,0,40,0.29,-1,-0.01,233,0.23,4
770,Entry long,2013-10-17 07:15,C0|L|MKT|15|v0.3.0-tier0|SPY,138.44,100,13844,38,0.27,0,40,0.29,-1,-0.01,233,0.23,4
771,Exit long,2013-10-18 08:00,TX60,140.01,100,14021,-20,-0.14,0,9,0.06,-39,-0.28,213,0.21,4
771,Entry long,2013-10-18 07:00,C0|L|MKT|15|v0.3.0-tier0|SPY,140.21,100,14021,-20,-0.14,0,9,0.06,-39,-0.28,213,0.21,4
772,Exit long,2013-10-21 08:00,TX60,140.38,100,14070,-32,-0.23,0,11,0.08,-39,-0.28,181,0.18,4
772,Entry long,2013-10-21 07:00,C0|L|MKT|15|v0.3.0-tier0|SPY,140.7,100,14070,-32,-0.23,0,11,0.08,-39,-0.28,181,0.18,4
773,Exit long,2013-10-22 08:00,TX60,141.06,100,14133,-27,-0.19,0,43,0.30,-59,-0.42,154,0.15,4
773,Entry long,2013-10-22 07:00,C0|L|MKT|15|v0.3.0-tier0|SPY,141.33,100,14133,-27,-0.19,0,43,0.30,-59,-0.42,154,0.15,4
774,Exit short,2013-10-23 08:00,TX60,140.43,100,14040,-3,-0.02,0,21,0.15,-38,-0.27,151,0.15,4
774,Entry short,2013-10-23 07:00,C0|S|MKT|15|v0.3.0-tier0|SPY,140.4,100,14040,-3,-0.02,0,21,0.15,-38,-0.27,151,0.15,4
775,Exit short,2013-10-25 08:30,TX60,141.41,100,14127,-14,-0.10,0,6,0.04,-18,-0.13,137,0.14,4
775,Entry short,2013-10-25 07:30,C0|S|MKT|15|v0.3.0-tier0|SPY,141.27,100,14127,-14,-0.10,0,6,0.04,-18,-0.13,137,0.14,4
776,Exit long,2013-10-28 08:15,TX60,141.66,100,14194,-28,-0.20,0,10,0.07,-36,-0.25,109,0.11,4
776,Entry long,2013-10-28 07:15,C0|L|MKT|15|v0.3.0-tier0|SPY,141.94,100,14194,-28,-0.20,0,10,0.07,-36,-0.25,109,0.11,4
777,Exit short,2013-10-29 08:15,TX60,142.35,100,14226,-9,-0.06,0,8,0.06,-21,-0.15,100,0.10,4
777,Entry short,2013-10-29 07:15,C0|S|MKT|15|v0.3.0-tier0|SPY,142.26,100,14226,-9,-0.06,0,8,0.06,-21,-0.15,100,0.10,4
778,Exit short,2013-10-31 08:00,TX60,141.78,100,14176,-2,-0.01,0,32,0.23,-11,-0.08,98,0.10,4
778,Entry short,2013-10-31 07:00,C0|S|MKT|15|v0.3.0-tier0|SPY,141.76,100,14176,-2,-0.01,0,32,0.23,-11,-0.08,98,0.10,4
779,Exit short,2013-11-01 08:30,TX60,141.5,100,14175,25,0.18,0,48,0.34,-20,-0.14,123,0.12,4
779,Entry short,2013-11-01 07:30,C0|S|MKT|15|v0.3.0-tier0|SPY,141.75,100,14175,25,0.18,0,48,0.34,-20,-0.14,123,0.12,4
780,Exit short,2013-11-04 08:00,TX60,142.01,100,14218,17,0.12,0,17,0.12,-13,-0.09,140,0.14,4
780,Entry short,2013-11-04 07:00,C0|S|MKT|15|v0.3.0-tier0|SPY,142.18,100,14218,17,0.12,0,17,0.12,-13,-0.09,140,0.14,4
781,Exit short,2013-11-05 08:00,TX60,142.1,100,14167,-43,-0.30,0,19,0.13,-49,-0.35,97,0.10,4
781,Entry short,2013-11-05 07:00,C0|S|MKT|15|v0.3.0-tier0|SPY,141.67,100,14167,-43,-0.30,0,19,0.13,-49,-0.35,97,0.10,4
782,Exit long,2013-11-06 08:00,TX60,142.48,100,14291,-43,-0.30,0,10,0.07,-52,-0.36,54,0.05,4
782,Entry long,2013-11-06 07:00,C0|L|MKT|15|v0.3.0-tier0|SPY,142.91,100,14291,-43,-0.30,0,10,0.07,-52,-0.36,54,0.05,4
783,Exit short,2013-11-07 08:00,TX60,142.06,100,14276,70,0.49,0,82,0.57,-7,-0.05,124,0.12,4
783,Entry short,2013-11-07 07:00,C0|S|MKT|15|v0.3.0-tier0|SPY,142.76,100,14276,70,0.49,0,82,0.57,-7,-0.05,124,0.12,4
784,Exit long,2013-11-08 08:30,TX60,141.92,100,14177,15,0.11,0,28,0.20,-2,-0.01,139,0.14,4
784,Entry long,2013-11-08 07:30,C0|L|MKT|15|v0.3.0-tier0|SPY,141.77,100,14177,15,0.11,0,28,0.20,-2,-0.01,139,0.14,4
785,Exit long,2013-11-11 08:00,TX60,142.96,100,14298,-2,-0.01,0,5,0.03,-26,-0.18,137,0.14,4
785,Entry long,2013-11-11 07:00,C0|L|MKT|15|v0.3.0-tier0|SPY,142.98,100,14298,-2,-0.01,0,5,0.03,-26,-0.18,137,0.14,4
786,Exit long,2013-11-12 08:00,TX60,142.63,100,14274,-11,-0.08,0,18,0.13,-23,-0.16,126,0.13,4
786,Entry long,2013-11-12 07:00,C0|L|MKT|15|v0.3.0-tier0|SPY,142.74,100,14274,-11,-0.08,0,18,0.13,-23,-0.16,126,0.13,4
787,Exit long,2013-11-13 08:00,TX60,142.52,100,14238,14,0.10,0,23,0.16,-20,-0.14,140,0.14,4
787,Entry long,2013-11-13 07:00,C0|L|MKT|15|v0.3.0-tier0|SPY,142.38,100,14238,14,0.10,0,23,0.16,-20,-0.14,140,0.14,4
788,Exit short,2013-11-18 08:00,TX60,145.25,100,14497,-28,-0.19,0,9,0.06,-29,-0.20,112,0.11,4
788,Entry short,2013-11-18 07:00,C0|S|MKT|15|v0.3.0-tier0|SPY,144.97,100,14497,-28,-0.19,0,9,0.06,-29,-0.20,112,0.11,4
789,Exit long,2013-11-19 08:15,TX60,144.59,100,14475,-16,-0.11,0,19,0.13,-18,-0.12,96,0.10,4
789,Entry long,2013-11-19 07:15,C0|L|MKT|15|v0.3.0-tier0|SPY,144.75,100,14475,-16,-0.11,0,19,0.13,-18,-0.12,96,0.10,4
790,Exit long,2013-11-20 08:30,TX60,144.65,100,14475,-10,-0.07,0,3,0.02,-39,-0.27,86,0.09,4
790,Entry long,2013-11-20 07:30,C0|L|MKT|15|v0.3.0-tier0|SPY,144.75,100,14475,-10,-0.07,0,3,0.02,-39,-0.27,86,0.09,4
791,Exit long,2013-11-21 08:00,TX60,144.7,100,14446,24,0.17,0,32,0.22,-16,-0.11,110,0.11,4
791,Entry long,2013-11-21 07:00,C0|L|MKT|15|v0.3.0-tier0|SPY,144.46,100,14446,24,0.17,0,32,0.22,-16,-0.11,110,0.11,4
792,Exit long,2013-11-22 08:15,TX60,145.16,100,14517,-1,-0.01,0,8,0.06,-8,-0.06,109,0.11,4
792,Entry long,2013-11-22 07:15,C0|L|MKT|15|v0.3.0-tier0|SPY,145.17,100,14517,-1,-0.01,0,8,0.06,-8,-0.06,109,0.11,4
793,Exit short,2013-11-25 08:00,TX60,145.73,100,14574,1,0.01,0,11,0.08,-13,-0.09,110,0.11,4
793,Entry short,2013-11-25 07:00,C0|S|MKT|15|v0.3.0-tier0|SPY,145.74,100,14574,1,0.01,0,11,0.08,-13,-0.09,110,0.11,4
794,Exit short,2013-11-26 08:15,TX60,145.69,100,14558,-11,-0.08,0,1,0.01,-15,-0.10,99,0.10,4
794,Entry short,2013-11-26 07:15,C0|S|MKT|15|v0.3.0-tier0|SPY,145.58,100,14558,-11,-0.08,0,1,0.01,-15,-0.10,99,0.10,4
795,Exit long,2013-11-27 08:00,TX60,145.91,100,14594,-3,-0.02,0,8,0.05,-9,-0.06,96,0.10,4
795,Entry long,2013-11-27 07:00,C0|L|MKT|15|v0.3.0-tier0|SPY,145.94,100,14594,-3,-0.02,0,8,0.05,-9,-0.06,96,0.10,4
796,Exit long,2013-11-29 08:00,TX60,146.36,100,14630,6,0.04,0,15,0.10,-5,-0.03,102,0.10,4
796,Entry long,2013-11-29 07:00,C0|L|MKT|15|v0.3.0-tier0|SPY,146.3,100,14630,6,0.04,0,15,0.10,-5,-0.03,102,0.10,4
797,Exit short,2013-12-02 08:00,TX60,145.89,100,14569,-20,-0.14,0,14,0.10,-21,-0.14,82,0.08,4
797,Entry short,2013-12-02 07:00,C0|S|MKT|15|v0.3.0-tier0|SPY,145.69,100,14569,-20,-0.14,0,14,0.10,-21,-0.14,82,0.08,4
798,Exit long,2013-12-03 08:00,TX60,145.28,100,14527,1,0.01,0,9,0.06,-13,-0.09,83,0.08,4
798,Entry long,2013-12-03 07:00,C0|L|MKT|15|v0.3.0-tier0|SPY,145.27,100,14527,1,0.01,0,9,0.06,-13,-0.09,83,0.08,4
799,Exit long,2013-12-04 08:15,TX60,145.25,100,14527,-2,-0.01,0,16,0.11,-8,-0.06,81,0.08,4
799,Entry long,2013-12-04 07:15,C0|L|MKT|15|v0.3.0-tier0|SPY,145.27,100,14527,-2,-0.01,0,16,0.11,-8,-0.06,81,0.08,4
800,Exit long,2013-12-09 08:00,TX60,146.17,100,14636,-19,-0.13,0,2,0.01,-37,-0.25,62,0.06,4
800,Entry long,2013-12-09 07:00,C0|L|MKT|15|v0.3.0-tier0|SPY,146.36,100,14636,-19,-0.13,0,2,0.01,-37,-0.25,62,0.06,4
801,Exit long,2013-12-10 08:15,TX60,145.88,100,14603,-15,-0.10,0,11,0.08,-20,-0.14,47,0.05,4
801,Entry long,2013-12-10 07:15,C0|L|MKT|15|v0.3.0-tier0|SPY,146.03,100,14603,-15,-0.10,0,11,0.08,-20,-0.14,47,0.05,4
802,Exit short,2013-12-11 08:00,TX60,144.98,100,14529,31,0.21,0,51,0.35,0,0.00,78,0.08,4
802,Entry short,2013-12-11 07:00,C0|S|MKT|15|v0.3.0-tier0|SPY,145.29,100,14529,31,0.21,0,51,0.35,0,0.00,78,0.08,4
803,Exit short,2013-12-12 08:00,TX60,143.8,100,14378,-2,-0.01,0,27,0.19,-14,-0.10,76,0.08,4
803,Entry short,2013-12-12 07:00,C0|S|MKT|15|v0.3.0-tier0|SPY,143.78,100,14378,-2,-0.01,0,27,0.19,-14,-0.10,76,0.08,4
804,Exit short,2013-12-13 08:00,TX60,143.5,100,14347,-3,-0.02,0,22,0.15,-17,-0.12,73,0.07,4
804,Entry short,2013-12-13 07:00,C0|S|MKT|15|v0.3.0-tier0|SPY,143.47,100,14347,-3,-0.02,0,22,0.15,-17,-0.12,73,0.07,4
805,Exit long,2013-12-16 08:00,TX60,144.51,100,14480,-29,-0.20,0,9,0.06,-36,-0.25,44,0.04,4
805,Entry long,2013-12-16 07:00,C0|L|MKT|15|v0.3.0-tier0|SPY,144.8,100,14480,-29,-0.20,0,9,0.06,-36,-0.25,44,0.04,4
806,Exit short,2013-12-19 08:15,TX60,146,100,14566,-34,-0.23,0,3,0.02,-46,-0.32,10,0.01,4
806,Entry short,2013-12-19 07:15,C0|S|MKT|15|v0.3.0-tier0|SPY,145.66,100,14566,-34,-0.23,0,3,0.02,-46,-0.32,10,0.01,4
807,Exit short,2013-12-23 08:00,TX60,147.77,100,14760,-17,-0.12,0,9,0.06,-21,-0.14,-7,-0.01,4
807,Entry short,2013-12-23 07:00,C0|S|MKT|15|v0.3.0-tier0|SPY,147.6,100,14760,-17,-0.12,0,9,0.06,-21,-0.14,-7,-0.01,4
808,Exit long,2013-12-24 08:30,TX60,148.19,100,14812,7,0.05,0,11,0.07,-6,-0.04,0,0.00,4
808,Entry long,2013-12-24 07:30,C0|L|MKT|15|v0.3.0-tier0|SPY,148.12,100,14812,7,0.05,0,11,0.07,-6,-0.04,0,0.00,4
809,Exit long,2013-12-26 08:30,TX60,148.69,100,14870,-1,-0.01,0,2,0.01,-12,-0.08,-1,0.00,4
809,Entry long,2013-12-26 07:30,C0|L|MKT|15|v0.3.0-tier0|SPY,148.7,100,14870,-1,-0.01,0,2,0.01,-12,-0.08,-1,0.00,4
810,Exit short,2013-12-30 08:00,TX60,148.82,100,14881,-1,-0.01,0,7,0.05,-10,-0.07,-2,0.00,4
810,Entry short,2013-12-30 07:00,C0|S|MKT|15|v0.3.0-tier0|SPY,148.81,100,14881,-1,-0.01,0,7,0.05,-10,-0.07,-2,0.00,4
811,Exit long,2013-12-31 08:15,TX60,149.49,100,14927,22,0.15,0,29,0.19,-9,-0.06,20,0.02,4
811,Entry long,2013-12-31 07:15,C0|L|MKT|15|v0.3.0-tier0|SPY,149.27,100,14927,22,0.15,0,29,0.19,-9,-0.06,20,0.02,4
812,Exit long,2014-01-07 08:00,TX60,148.77,100,14866,11,0.07,0,24,0.16,-4,-0.03,31,0.03,4
812,Entry long,2014-01-07 07:00,C0|L|MKT|15|v0.3.0-tier0|SPY,148.66,100,14866,11,0.07,0,24,0.16,-4,-0.03,31,0.03,4
813,Exit long,2014-01-08 08:30,TX60,148.62,100,14881,-19,-0.13,0,12,0.08,-24,-0.16,12,0.01,4
813,Entry long,2014-01-08 07:30,C0|L|MKT|15|v0.3.0-tier0|SPY,148.81,100,14881,-19,-0.13,0,12,0.08,-24,-0.16,12,0.01,4
814,Exit short,2014-01-09 08:15,TX60,148.16,100,14887,71,0.48,0,77,0.52,-1,-0.01,83,0.08,4
814,Entry short,2014-01-09 07:15,C0|S|MKT|15|v0.3.0-tier0|SPY,148.87,100,14887,71,0.48,0,77,0.52,-1,-0.01,83,0.08,4
815,Exit short,2014-01-10 08:00,TX60,148.67,100,14881,14,0.09,0,45,0.30,0,0.00,97,0.10,4
815,Entry short,2014-01-10 07:00,C0|S|MKT|15|v0.3.0-tier0|SPY,148.81,100,14881,14,0.09,0,45,0.30,0,0.00,97,0.10,4
816,Exit long,2014-01-13 08:15,TX60,149.02,100,14908,-6,-0.04,0,14,0.09,-16,-0.11,91,0.09,4
816,Entry long,2014-01-13 07:15,C0|L|MKT|15|v0.3.0-tier0|SPY,149.08,100,14908,-6,-0.04,0,14,0.09,-16,-0.11,91,0.09,4
817,Exit long,2014-01-15 08:15,TX60,149.72,100,14953,19,0.13,0,30,0.20,-14,-0.09,110,0.11,4
817,Entry long,2014-01-15 07:15,C0|L|MKT|15|v0.3.0-tier0|SPY,149.53,100,14953,19,0.13,0,30,0.20,-14,-0.09,110,0.11,4
818,Exit short,2014-01-17 08:00,TX60,149.25,100,14907,-18,-0.12,0,13,0.09,-18,-0.12,92,0.09,4
818,Entry short,2014-01-17 07:00,C0|S|MKT|15|v0.3.0-tier0|SPY,149.07,100,14907,-18,-0.12,0,13,0.09,-18,-0.12,92,0.09,4
819,Exit short,2014-01-21 08:15,TX60,148.46,100,14921,75,0.50,0,87,0.58,-1,-0.01,167,0.17,4
819,Entry short,2014-01-21 07:15,C0|S|MKT|15|v0.3.0-tier0|SPY,149.21,100,14921,75,0.50,0,87,0.58,-1,-0.01,167,0.17,4
820,Exit short,2014-01-22 08:15,TX60,149.14,100,14920,6,0.04,0,20,0.13,-23,-0.15,173,0.17,4
820,Entry short,2014-01-22 07:15,C0|S|MKT|15|v0.3.0-tier0|SPY,149.2,100,14920,6,0.04,0,20,0.13,-23,-0.15,173,0.17,4
821,Exit short,2014-01-23 08:15,TX60,147.87,100,14796,9,0.06,0,29,0.20,-16,-0.11,182,0.18,4
821,Entry short,2014-01-23 07:15,C0|S|MKT|15|v0.3.0-tier0|SPY,147.96,100,14796,9,0.06,0,29,0.20,-16,-0.11,182,0.18,4
822,Exit short,2014-01-27 08:15,TX60,144.49,100,14486,37,0.26,0,59,0.41,-13,-0.09,219,0.22,4
822,Entry short,2014-01-27 07:15,C0|S|MKT|15|v0.3.0-tier0|SPY,144.86,100,14486,37,0.26,0,59,0.41,-13,-0.09,219,0.22,4
823,Exit long,2014-01-28 08:00,TX60,145.07,100,14492,15,0.10,0,31,0.21,-10,-0.07,234,0.23,4
823,Entry long,2014-01-28 07:00,C0|L|MKT|15|v0.3.0-tier0|SPY,144.92,100,14492,15,0.10,0,31,0.21,-10,-0.07,234,0.23,4
824,Exit short,2014-01-30 08:00,TX60,144.84,100,14463,-21,-0.15,0,20,0.14,-33,-0.23,213,0.21,4
824,Entry short,2014-01-30 07:00,C0|S|MKT|15|v0.3.0-tier0|SPY,144.63,100,14463,-21,-0.15,0,20,0.14,-33,-0.23,213,0.21,4
825,Exit long,2014-01-31 08:15,TX60,144.47,100,14403,44,0.31,0,58,0.40,-42,-0.29,257,0.26,4
825,Entry long,2014-01-31 07:15,C0|L|MKT|15|v0.3.0-tier0|SPY,144.03,100,14403,44,0.31,0,58,0.40,-42,-0.29,257,0.26,4
826,Exit short,2014-02-03 08:00,TX60,142.96,100,14395,99,0.69,0,119,0.83,0,0.00,356,0.36,4
826,Entry short,2014-02-03 07:00,C0|S|MKT|15|v0.3.0-tier0|SPY,143.95,100,14395,99,0.69,0,119,0.83,0,0.00,356,0.36,4
827,Exit long,2014-02-04 08:00,TX60,141.6,100,14190,-30,-0.21,0,9,0.06,-41,-0.29,326,0.33,4
827,Entry long,2014-02-04 07:00,C0|L|MKT|15|v0.3.0-tier0|SPY,141.9,100,14190,-30,-0.21,0,9,0.06,-41,-0.29,326,0.33,4
828,Exit short,2014-02-05 08:00,TX60,141.23,100,14139,16,0.11,0,65,0.46,-71,-0.50,342,0.34,4
828,Entry short,2014-02-05 07:00,C0|S|MKT|15|v0.3.0-tier0|SPY,141.39,100,14139,16,0.11,0,65,0.46,-71,-0.50,342,0.34,4
829,Exit long,2014-02-06 08:00,TX60,143.33,100,14293,40,0.28,0,58,0.41,-5,-0.03,382,0.38,4
829,Entry long,2014-02-06 07:00,C0|L|MKT|15|v0.3.0-tier0|SPY,142.93,100,14293,40,0.28,0,58,0.41,-5,-0.03,382,0.38,4
830,Exit short,2014-02-07 08:15,TX60,144.51,100,14424,-27,-0.19,0,24,0.17,-28,-0.19,355,0.36,4
830,Entry short,2014-02-07 07:15,C0|S|MKT|15|v0.3.0-tier0|SPY,144.24,100,14424,-27,-0.19,0,24,0.17,-28,-0.19,355,0.36,4
831,Exit long,2014-02-11 08:15,TX60,146.49,100,14629,20,0.14,0,34,0.23,-2,-0.01,375,0.38,4
831,Entry long,2014-02-11 07:15,C0|L|MKT|15|v0.3.0-tier0|SPY,146.29,100,14629,20,0.14,0,34,0.23,-2,-0.01,375,0.38,4
832,Exit long,2014-02-12 08:00,TX60,147.5,100,14808,-58,-0.39,0,5,0.03,-68,-0.46,317,0.32,4
832,Entry long,2014-02-12 07:00,C0|L|MKT|15|v0.3.0-tier0|SPY,148.08,100,14808,-58,-0.39,0,5,0.03,-68,-0.46,317,0.32,4
833,Exit long,2014-02-13 08:00,TX60,147.74,100,14709,65,0.44,0,72,0.49,-7,-0.05,382,0.38,4
833,Entry long,2014-02-13 07:00,C0|L|MKT|15|v0.3.0-tier0|SPY,147.09,100,14709,65,0.44,0,72,0.49,-7,-0.05,382,0.38,4
834,Exit long,2014-02-14 08:15,TX60,148.65,100,14857,8,0.05,0,32,0.22,-5,-0.03,390,0.39,4
834,Entry long,2014-02-14 07:15,C0|L|MKT|15|v0.3.0-tier0|SPY,148.57,100,14857,8,0.05,0,32,0.22,-5,-0.03,390,0.39,4
835,Exit short,2014-02-18 08:00,TX60,149.24,100,14911,-13,-0.09,0,32,0.21,-19,-0.13,377,0.38,4
835,Entry short,2014-02-18 07:00,C0|S|MKT|15|v0.3.0-tier0|SPY,149.11,100,14911,-13,-0.09,0,32,0.21,-19,-0.13,377,0.38,4
836,Exit long,2014-02-19 08:00,TX60,149.62,100,14945,17,0.11,0,39,0.26,-18,-0.12,394,0.39,4
836,Entry long,2014-02-19 07:00,C0|L|MKT|15|v0.3.0-tier0|SPY,149.45,100,14945,17,0.11,0,39,0.26,-18,-0.12,394,0.39,4
837,Exit short,2014-02-20 08:00,TX60,148.84,100,14821,-63,-0.43,0,26,0.18,-76,-0.51,331,0.33,4
837,Entry short,2014-02-20 07:00,C0|S|MKT|15|v0.3.0-tier0|SPY,148.21,100,14821,-63,-0.43,0,26,0.18,-76,-0.51,331,0.33,4
838,Exit long,2014-02-21 08:00,TX60,149.66,100,14955,11,0.07,0,18,0.12,-28,-0.19,342,0.34,4
838,Entry long,2014-02-21 07:00,C0|L|MKT|15|v0.3.0-tier0|SPY,149.55,100,14955,11,0.07,0,18,0.12,-28,-0.19,342,0.34,4
839,Exit long,2014-02-24 08:00,TX60,150.34,100,15019,15,0.10,0,22,0.15,-18,-0.12,357,0.36,4
839,Entry long,2014-02-24 07:00,C0|L|MKT|15|v0.3.0-tier0|SPY,150.19,100,15019,15,0.10,0,22,0.15,-18,-0.12,357,0.36,4
840,Exit short,2014-02-25 08:00,TX60,149.88,100,14943,-45,-0.30,0,17,0.11,-53,-0.35,312,0.31,4
840,Entry short,2014-02-25 07:00,C0|S|MKT|15|v0.3.0-tier0|SPY,149.43,100,14943,-45,-0.30,0,17,0.11,-53,-0.35,312,0.31,4
841,Exit short,2014-02-26 08:00,TX60,150.09,100,14959,-50,-0.33,0,1,0.01,-78,-0.52,262,0.26,4
841,Entry short,2014-02-26 07:00,C0|S|MKT|15|v0.3.0-tier0|SPY,149.59,100,14959,-50,-0.33,0,1,0.01,-78,-0.52,262,0.26,4
842,Exit short,2014-02-27 08:15,TX60,150.2,100,14949,-71,-0.47,0,7,0.05,-73,-0.49,191,0.19,4
842,Entry short,2014-02-27 07:15,C0|S|MKT|15|v0.3.0-tier0|SPY,149.49,100,14949,-71,-0.47,0,7,0.05,-73,-0.49,191,0.19,4
843,Exit long,2014-02-28 08:15,TX60,151.17,100,15141,-24,-0.16,0,6,0.04,-26,-0.17,167,0.17,4
843,Entry long,2014-02-28 07:15,C0|L|MKT|15|v0.3.0-tier0|SPY,151.41,100,15141,-24,-0.16,0,6,0.04,-26,-0.17,167,0.17,4
844,Exit long,2014-03-04 08:00,TX60,151.82,100,15168,14,0.09,0,24,0.16,-19,-0.13,181,0.18,4
844,Entry long,2014-03-04 07:00,C0|L|MKT|15|v0.3.0-tier0|SPY,151.68,100,15168,14,0.09,0,24,0.16,-19,-0.13,181,0.18,4
845,Exit long,2014-03-06 08:00,TX60,152.7,100,15278,-8,-0.05,0,0,0.00,-37,-0.24,173,0.17,4
845,Entry long,2014-03-06 07:00,C0|L|MKT|15|v0.3.0-tier0|SPY,152.78,100,15278,-8,-0.05,0,0,0.00,-37,-0.24,173,0.17,4
846,Exit short,2014-03-07 08:00,TX60,152.34,100,15246,12,0.08,0,21,0.14,-36,-0.24,185,0.19,4
846,Entry short,2014-03-07 07:00,C0|S|MKT|15|v0.3.0-tier0|SPY,152.46,100,15246,12,0.08,0,21,0.14,-36,-0.24,185,0.19,4
847,Exit long,2014-03-10 08:00,TX60,151.7,100,15240,-70,-0.46,0,2,0.01,-82,-0.54,115,0.12,4
847,Entry long,2014-03-10 07:00,C0|L|MKT|15|v0.3.0-tier0|SPY,152.4,100,15240,-70,-0.46,0,2,0.01,-82,-0.54,115,0.12,4
848,Exit short,2014-03-11 08:00,TX60,152.8,100,15227,-53,-0.35,0,23,0.15,-62,-0.41,62,0.06,4
848,Entry short,2014-03-11 07:00,C0|S|MKT|15|v0.3.0-tier0|SPY,152.27,100,15227,-53,-0.35,0,23,0.15,-62,-0.41,62,0.06,4
849,Exit short,2014-03-13 08:15,TX60,151.47,100,15188,41,0.27,0,52,0.34,-13,-0.09,103,0.10,4
849,Entry short,2014-03-13 07:15,C0|S|MKT|15|v0.3.0-tier0|SPY,151.88,100,15188,41,0.27,0,52,0.34,-13,-0.09,103,0.10,4
850,Exit long,2014-03-18 08:00,TX60,151.68,100,15165,3,0.02,0,45,0.30,-12,-0.08,106,0.11,4
850,Entry long,2014-03-18 07:00,C0|L|MKT|15|v0.3.0-tier0|SPY,151.65,100,15165,3,0.02,0,45,0.30,-12,-0.08,106,0.11,4
851,Exit long,2014-03-19 08:00,TX60,152.09,100,15219,-10,-0.07,0,8,0.05,-17,-0.11,96,0.10,4
851,Entry long,2014-03-19 07:00,C0|L|MKT|15|v0.3.0-tier0|SPY,152.19,100,15219,-10,-0.07,0,8,0.05,-17,-0.11,96,0.10,4
852,Exit long,2014-03-20 08:15,TX60,151.34,100,15150,-16,-0.11,0,26,0.17,-17,-0.11,80,0.08,4
852,Entry long,2014-03-20 07:15,C0|L|MKT|15|v0.3.0-tier0|SPY,151.5,100,15150,-16,-0.11,0,26,0.17,-17,-0.11,80,0.08,4
853,Exit short,2014-03-21 08:15,TX60,152.77,100,15268,-9,-0.06,0,27,0.18,-18,-0.12,71,0.07,4
853,Entry short,2014-03-21 07:15,C0|S|MKT|15|v0.3.0-tier0|SPY,152.68,100,15268,-9,-0.06,0,27,0.18,-18,-0.12,71,0.07,4
854,Exit short,2014-03-24 08:00,TX60,150.74,100,15160,86,0.57,0,92,0.61,-1,-0.01,157,0.16,4
854,Entry short,2014-03-24 07:00,C0|S|MKT|15|v0.3.0-tier0|SPY,151.6,100,15160,86,0.57,0,92,0.61,-1,-0.01,157,0.16,4
855,Exit short,2014-03-26 08:30,TX60,152.11,100,15199,-12,-0.08,0,25,0.16,-16,-0.11,145,0.14,4
855,Entry short,2014-03-26 07:30,C0|S|MKT|15|v0.3.0-tier0|SPY,151.99,100,15199,-12,-0.08,0,25,0.16,-16,-0.11,145,0.14,4
856,Exit long,2014-03-27 08:30,TX60,150.32,100,15072,-40,-0.27,0,7,0.05,-47,-0.31,105,0.11,4
856,Entry long,2014-03-27 07:30,C0|L|MKT|15|v0.3.0-tier0|SPY,150.72,100,15072,-40,-0.27,0,7,0.05,-47,-0.31,105,0.11,4
857,Exit long,2014-03-28 08:00,TX60,151.65,100,15135,30,0.20,0,35,0.23,-4,-0.03,135,0.14,4
857,Entry long,2014-03-28 07:00,C0|L|MKT|15|v0.3.0-tier0|SPY,151.35,100,15135,30,0.20,0,35,0.23,-4,-0.03,135,0.14,4
858,Exit long,2014-03-31 08:00,TX60,152.12,100,15219,-7,-0.05,0,13,0.09,-20,-0.13,128,0.13,4
858,Entry long,2014-03-31 07:00,C0|L|MKT|15|v0.3.0-tier0|SPY,152.19,100,15219,-7,-0.05,0,13,0.09,-20,-0.13,128,0.13,4
859,Exit long,2014-04-01 08:00,TX60,152.82,100,15294,-12,-0.08,0,23,0.15,-21,-0.14,116,0.12,4
859,Entry long,2014-04-01 07:00,C0|L|MKT|15|v0.3.0-tier0|SPY,152.94,100,15294,-12,-0.08,0,23,0.15,-21,-0.14,116,0.12,4
860,Exit long,2014-04-02 08:30,TX60,153.56,100,15353,3,0.02,0,16,0.10,-8,-0.05,119,0.12,4
860,Entry long,2014-04-02 07:30,C0|L|MKT|15|v0.3.0-tier0|SPY,153.53,100,15353,3,0.02,0,16,0.10,-8,-0.05,119,0.12,4
861,Exit short,2014-04-03 08:15,TX60,153.55,100,15373,18,0.12,0,33,0.21,-9,-0.06,137,0.14,4
861,Entry short,2014-04-03 07:15,C0|S|MKT|15|v0.3.0-tier0|SPY,153.73,100,15373,18,0.12,0,33,0.21,-9,-0.06,137,0.14,4
862,Exit long,2014-04-07 08:15,TX60,150.87,100,15148,-61,-0.40,0,3,0.02,-79,-0.52,76,0.08,4
862,Entry long,2014-04-07 07:15,C0|L|MKT|15|v0.3.0-tier0|SPY,151.48,100,15148,-61,-0.40,0,3,0.02,-79,-0.52,76,0.08,4
863,Exit short,2014-04-08 08:30,TX60,150.53,100,14941,-112,-0.75,0,0,0.00,-130,-0.87,-36,-0.04,4
863,Entry short,2014-04-08 07:30,C0|S|MKT|15|v0.3.0-tier0|SPY,149.41,100,14941,-112,-0.75,0,0,0.00,-130,-0.87,-36,-0.04,4
864,Exit short,2014-04-09 08:15,TX60,150.87,100,15067,-20,-0.13,0,1,0.01,-50,-0.33,-56,-0.06,4
864,Entry short,2014-04-09 07:15,C0|S|MKT|15|v0.3.0-tier0|SPY,150.67,100,15067,-20,-0.13,0,1,0.01,-50,-0.33,-56,-0.06,4
865,Exit long,2014-04-11 08:00,TX60,149.01,100,14866,35,0.24,0,53,0.36,-69,-0.46,-21,-0.02,4
865,Entry long,2014-04-11 07:00,C0|L|MKT|15|v0.3.0-tier0|SPY,148.66,100,14866,35,0.24,0,53,0.36,-69,-0.46,-21,-0.02,4
866,Exit short,2014-04-14 08:00,TX60,149.12,100,14833,-79,-0.53,0,12,0.08,-82,-0.55,-100,-0.10,4
866,Entry short,2014-04-14 07:00,C0|S|MKT|15|v0.3.0-tier0|SPY,148.33,100,14833,-79,-0.53,0,12,0.08,-82,-0.55,-100,-0.10,4
867,Exit long,2014-04-15 08:00,TX60,148.71,100,14981,-110,-0.73,0,12,0.08,-123,-0.82,-210,-0.21,4
867,Entry long,2014-04-15 07:00,C0|L|MKT|15|v0.3.0-tier0|SPY,149.81,100,14981,-110,-0.73,0,12,0.08,-123,-0.82,-210,-0.21,4
868,Exit short,2014-04-16 08:00,TX60,150.38,100,15061,23,0.15,0,33,0.22,-17,-0.11,-187,-0.19,4
868,Entry short,2014-04-16 07:00,C0|S|MKT|15|v0.3.0-tier0|SPY,150.61,100,15061,23,0.15,0,33,0.22,-17,-0.11,-187,-0.19,4
869,Exit long,2014-04-17 08:30,TX60,151.64,100,15154,10,0.07,0,18,0.12,-10,-0.07,-177,-0.18,4
869,Entry long,2014-04-17 07:30,C0|L|MKT|15|v0.3.0-tier0|SPY,151.54,100,15154,10,0.07,0,18,0.12,-10,-0.07,-177,-0.18,4
870,Exit long,2014-04-22 08:00,TX60,152.92,100,15270,22,0.14,0,24,0.16,-6,-0.04,-155,-0.15,4
870,Entry long,2014-04-22 07:00,C0|L|MKT|15|v0.3.0-tier0|SPY,152.7,100,15270,22,0.14,0,24,0.16,-6,-0.04,-155,-0.15,4
871,Exit short,2014-04-23 08:15,TX60,152.59,100,15258,-1,-0.01,0,3,0.02,-32,-0.21,-156,-0.16,4
871,Entry short,2014-04-23 07:15,C0|S|MKT|15|v0.3.0-tier0|SPY,152.58,100,15258,-1,-0.01,0,3,0.02,-32,-0.21,-156,-0.16,4
872,Exit short,2014-04-24 08:00,TX60,152.69,100,15254,-15,-0.10,0,42,0.28,-30,-0.20,-171,-0.17,4
872,Entry short,2014-04-24 07:00,C0|S|MKT|15|v0.3.0-tier0|SPY,152.54,100,15254,-15,-0.10,0,42,0.28,-30,-0.20,-171,-0.17,4
873,Exit short,2014-04-25 08:00,TX60,151.64,100,15203,39,0.26,0,44,0.29,-24,-0.16,-132,-0.13,4
873,Entry short,2014-04-25 07:00,C0|S|MKT|15|v0.3.0-tier0|SPY,152.03,100,15203,39,0.26,0,44,0.29,-24,-0.16,-132,-0.13,4
874,Exit long,2014-04-28 08:15,TX60,152.11,100,15242,-31,-0.20,0,31,0.20,-32,-0.21,-163,-0.16,4
874,Entry long,2014-04-28 07:15,C0|L|MKT|15|v0.3.0-tier0|SPY,152.42,100,15242,-31,-0.20,0,31,0.20,-32,-0.21,-163,-0.16,4
875,Exit short,2014-04-29 08:30,TX60,152.78,100,15226,-52,-0.34,0,2,0.01,-55,-0.36,-215,-0.21,4
875,Entry short,2014-04-29 07:30,C0|S|MKT|15|v0.3.0-tier0|SPY,152.26,100,15226,-52,-0.34,0,2,0.01,-55,-0.36,-215,-0.21,4
876,Exit long,2014-04-30 08:30,TX60,152.76,100,15281,-5,-0.03,0,26,0.17,-16,-0.10,-220,-0.22,4
876,Entry long,2014-04-30 07:30,C0|L|MKT|15|v0.3.0-tier0|SPY,152.81,100,15281,-5,-0.03,0,26,0.17,-16,-0.10,-220,-0.22,4
877,Exit short,2014-05-01 08:15,TX60,153.33,100,15293,-40,-0.26,0,16,0.10,-51,-0.33,-260,-0.26,4
877,Entry short,2014-05-01 07:15,C0|S|MKT|15|v0.3.0-tier0|SPY,152.93,100,15293,-40,-0.26,0,16,0.10,-51,-0.33,-260,-0.26,4
878,Exit long,2014-05-02 08:15,TX60,153.16,100,15383,-67,-0.44,0,6,0.04,-85,-0.55,-327,-0.33,4
878,Entry long,2014-05-02 07:15,C0|L|MKT|15|v0.3.0-tier0|SPY,153.83,100,15383,-67,-0.44,0,6,0.04,-85,-0.55,-327,-0.33,4
879,Exit long,2014-05-05 08:00,TX60,153.03,100,15250,53,0.35,0,66,0.43,-14,-0.09,-274,-0.27,4
879,Entry long,2014-05-05 07:00,C0|L|MKT|15|v0.3.0-tier0|SPY,152.5,100,15250,53,0.35,0,66,0.43,-14,-0.09,-274,-0.27,4
880,Exit short,2014-05-07 08:00,TX60,151.99,100,15212,13,0.09,0,75,0.49,-31,-0.20,-261,-0.26,4
880,Entry short,2014-05-07 07:00,C0|S|MKT|15|v0.3.0-tier0|SPY,152.12,100,15212,13,0.09,0,75,0.49,-31,-0.20,-261,-0.26,4
881,Exit long,2014-05-08 08:00,TX60,153.44,100,15343,1,0.01,0,24,0.16,-13,-0.08,-260,-0.26,4
881,Entry long,2014-05-08 07:00,C0|L|MKT|15|v0.3.0-tier0|SPY,153.43,100,15343,1,0.01,0,24,0.16,-13,-0.08,-260,-0.26,4
882,Exit long,2014-05-12 08:00,TX60,154.06,100,15408,-2,-0.01,0,15,0.10,-8,-0.05,-262,-0.26,4
882,Entry long,2014-05-12 07:00,C0|L|MKT|15|v0.3.0-tier0|SPY,154.08,100,15408,-2,-0.01,0,15,0.10,-8,-0.05,-262,-0.26,4
883,Exit long,2014-05-13 08:15,TX60,154.69,100,15478,-9,-0.06,0,18,0.12,-13,-0.08,-271,-0.27,4
883,Entry long,2014-05-13 07:15,C0|L|MKT|15|v0.3.0-tier0|SPY,154.78,100,15478,-9,-0.06,0,18,0.12,-13,-0.08,-271,-0.27,4
884,Exit short,2014-05-15 08:00,TX60,152.38,100,15295,57,0.37,0,78,0.51,0,0.00,-214,-0.21,4
884,Entry short,2014-05-15 07:00,C0|S|MKT|15|v0.3.0-tier0|SPY,152.95,100,15295,57,0.37,0,78,0.51,0,0.00,-214,-0.21,4
885,Exit short,2014-05-16 08:15,TX60,152.47,100,15212,-35,-0.23,0,17,0.11,-41,-0.27,-249,-0.25,4
885,Entry short,2014-05-16 07:15,C0|S|MKT|15|v0.3.0-tier0|SPY,152.12,100,15212,-35,-0.23,0,17,0.11,-41,-0.27,-249,-0.25,4
886,Exit long,2014-05-19 08:30,TX60,153.52,100,15329,23,0.15,0,32,0.21,-12,-0.08,-226,-0.23,4
886,Entry long,2014-05-19 07:30,C0|L|MKT|15|v0.3.0-tier0|SPY,153.29,100,15329,23,0.15,0,32,0.21,-12,-0.08,-226,-0.23,4
887,Exit short,2014-05-20 08:00,TX60,153.43,100,15306,-37,-0.24,0,7,0.05,-39,-0.25,-263,-0.26,4
887,Entry short,2014-05-20 07:00,C0|S|MKT|15|v0.3.0-tier0|SPY,153.06,100,15306,-37,-0.24,0,7,0.05,-39,-0.25,-263,-0.26,4
888,Exit long,2014-05-21 08:15,TX60,153.6,100,15356,4,0.03,0,18,0.12,-9,-0.06,-259,-0.26,4
888,Entry long,2014-05-21 07:15,C0|L|MKT|15|v0.3.0-tier0|SPY,153.56,100,15356,4,0.03,0,18,0.12,-9,-0.06,-259,-0.26,4
889,Exit long,2014-05-22 08:00,TX60,154.3,100,15417,13,0.08,0,20,0.13,-26,-0.17,-246,-0.25,4
889,Entry long,2014-05-22 07:00,C0|L|MKT|15|v0.3.0-tier0|SPY,154.17,100,15417,13,0.08,0,20,0.13,-26,-0.17,-246,-0.25,4
890,Exit long,2014-05-23 08:15,TX60,154.76,100,15464,12,0.08,0,18,0.12,-7,-0.05,-234,-0.23,4
890,Entry long,2014-05-23 07:15,C0|L|MKT|15|v0.3.0-tier0|SPY,154.64,100,15464,12,0.08,0,18,0.12,-7,-0.05,-234,-0.23,4
891,Exit long,2014-05-27 08:15,TX60,155.8,100,15566,14,0.09,0,17,0.11,-2,-0.01,-220,-0.22,4
891,Entry long,2014-05-27 07:15,C0|L|MKT|15|v0.3.0-tier0|SPY,155.66,100,15566,14,0.09,0,17,0.11,-2,-0.01,-220,-0.22,4
892,Exit short,2014-05-28 08:15,TX60,155.83,100,15563,-20,-0.13,0,15,0.10,-24,-0.15,-240,-0.24,4
892,Entry short,2014-05-28 07:15,C0|S|MKT|15|v0.3.0-tier0|SPY,155.63,100,15563,-20,-0.13,0,15,0.10,-24,-0.15,-240,-0.24,4
893,Exit short,2014-05-29 08:15,TX60,156.07,100,15580,-27,-0.17,0,10,0.06,-28,-0.18,-267,-0.27,4
893,Entry short,2014-05-29 07:15,C0|S|MKT|15|v0.3.0-tier0|SPY,155.8,100,15580,-27,-0.17,0,10,0.06,-28,-0.18,-267,-0.27,4
894,Exit long,2014-05-30 08:15,TX60,156.67,100,15661,6,0.04,0,6,0.04,-11,-0.07,-261,-0.26,4
894,Entry long,2014-05-30 07:15,C0|L|MKT|15|v0.3.0-tier0|SPY,156.61,100,15661,6,0.04,0,6,0.04,-11,-0.07,-261,-0.26,4
895,Exit short,2014-06-02 08:00,TX60,156.55,100,15666,11,0.07,0,44,0.28,-2,-0.01,-250,-0.25,4
895,Entry short,2014-06-02 07:00,C0|S|MKT|15|v0.3.0-tier0|SPY,156.66,100,15666,11,0.07,0,44,0.28,-2,-0.01,-250,-0.25,4
896,Exit long,2014-06-03 08:00,TX60,156.64,100,15677,-13,-0.08,0,14,0.09,-24,-0.15,-263,-0.26,4
896,Entry long,2014-06-03 07:00,C0|L|MKT|15|v0.3.0-tier0|SPY,156.77,100,15677,-13,-0.08,0,14,0.09,-24,-0.15,-263,-0.26,4
897,Exit long,2014-06-04 08:00,TX60,157.05,100,15679,26,0.17,0,26,0.17,-7,-0.04,-237,-0.24,4
897,Entry long,2014-06-04 07:00,C0|L|MKT|15|v0.3.0-tier0|SPY,156.79,100,15679,26,0.17,0,26,0.17,-7,-0.04,-237,-0.24,4
898,Exit short,2014-06-05 08:15,TX60,157.55,100,15695,-60,-0.38,0,14,0.09,-64,-0.41,-297,-0.30,4
898,Entry short,2014-06-05 07:15,C0|S|MKT|15|v0.3.0-tier0|SPY,156.95,100,15695,-60,-0.38,0,14,0.09,-64,-0.41,-297,-0.30,4
899,Exit long,2014-06-06 08:00,TX60,158.9,100,15883,7,0.04,0,8,0.05,-11,-0.07,-290,-0.29,4
899,Entry long,2014-06-06 07:00,C0|L|MKT|15|v0.3.0-tier0|SPY,158.83,100,15883,7,0.04,0,8,0.05,-11,-0.07,-290,-0.29,4
900,Exit long,2014-06-09 08:30,TX60,159.41,100,15919,22,0.14,0,22,0.14,-7,-0.04,-268,-0.27,4
900,Entry long,2014-06-09 07:30,C0|L|MKT|15|v0.3.0-tier0|SPY,159.19,100,15919,22,0.14,0,22,0.14,-7,-0.04,-268,-0.27,4
901,Exit short,2014-06-10 08:15,TX60,159.03,100,15879,-24,-0.15,0,5,0.03,-29,-0.18,-292,-0.29,4
901,Entry short,2014-06-10 07:15,C0|S|MKT|15|v0.3.0-tier0|SPY,158.79,100,15879,-24,-0.15,0,5,0.03,-29,-0.18,-292,-0.29,4
902,Exit short,2014-06-12 08:30,TX60,158.25,100,15805,-20,-0.13,0,18,0.11,-21,-0.13,-312,-0.31,4
902,Entry short,2014-06-12 07:30,C0|S|MKT|15|v0.3.0-tier0|SPY,158.05,100,15805,-20,-0.13,0,18,0.11,-21,-0.13,-312,-0.31,4
903,Exit short,2014-06-13 08:15,TX60,158,100,15740,-60,-0.38,0,1,0.01,-72,-0.46,-372,-0.37,4
903,Entry short,2014-06-13 07:15,C0|S|MKT|15|v0.3.0-tier0|SPY,157.4,100,15740,-60,-0.38,0,1,0.01,-72,-0.46,-372,-0.37,4
904,Exit long,2014-06-16 08:15,TX60,157.93,100,15837,-44,-0.28,0,6,0.04,-47,-0.30,-416,-0.42,4
904,Entry long,2014-06-16 07:15,C0|L|MKT|15|v0.3.0-tier0|SPY,158.37,100,15837,-44,-0.28,0,6,0.04,-47,-0.30,-416,-0.42,4
905,Exit long,2014-06-17 08:00,TX60,158.06,100,15817,-11,-0.07,0,29,0.18,-26,-0.16,-427,-0.43,4
905,Entry long,2014-06-17 07:00,C0|L|MKT|15|v0.3.0-tier0|SPY,158.17,100,15817,-11,-0.07,0,29,0.18,-26,-0.16,-427,-0.43,4
906,Exit long,2014-06-18 08:00,TX60,158.28,100,15871,-43,-0.27,0,3,0.02,-43,-0.27,-470,-0.47,4
906,Entry long,2014-06-18 07:00,C0|L|MKT|15|v0.3.0-tier0|SPY,158.71,100,15871,-43,-0.27,0,3,0.02,-43,-0.27,-470,-0.47,4
907,Exit short,2014-06-19 08:15,TX60,159.57,100,15976,19,0.12,0,27,0.17,-7,-0.04,-451,-0.45,4
907,Entry short,2014-06-19 07:15,C0|S|MKT|15|v0.3.0-tier0|SPY,159.76,100,15976,19,0.12,0,27,0.17,-7,-0.04,-451,-0.45,4
908,Exit short,2014-06-20 08:30,TX60,160.22,100,16004,-18,-0.11,0,0,0.00,-27,-0.17,-469,-0.47,4
908,Entry short,2014-06-20 07:30,C0|S|MKT|15|v0.3.0-tier0|SPY,160.04,100,16004,-18,-0.11,0,0,0.00,-27,-0.17,-469,-0.47,4
909,Exit long,2014-06-24 08:15,TX60,160.59,100,16028,31,0.19,0,39,0.24,-6,-0.04,-438,-0.44,4
909,Entry long,2014-06-24 07:15,C0|L|MKT|15|v0.3.0-tier0|SPY,160.28,100,16028,31,0.19,0,39,0.24,-6,-0.04,-438,-0.44,4
910,Exit long,2014-06-25 08:00,TX60,159.71,100,15939,32,0.20,0,34,0.21,-21,-0.13,-406,-0.41,4
910,Entry long,2014-06-25 07:00,C0|L|MKT|15|v0.3.0-tier0|SPY,159.39,100,15939,32,0.20,0,34,0.21,-21,-0.13,-406,-0.41,4
911,Exit short,2014-06-26 08:00,TX60,159.17,100,15898,-19,-0.12,0,6,0.04,-33,-0.21,-425,-0.43,4
911,Entry short,2014-06-26 07:00,C0|S|MKT|15|v0.3.0-tier0|SPY,158.98,100,15898,-19,-0.12,0,6,0.04,-33,-0.21,-425,-0.43,4
912,Exit long,2014-06-30 08:15,TX60,160.1,100,16029,-19,-0.12,0,11,0.07,-34,-0.21,-444,-0.44,4
912,Entry long,2014-06-30 07:15,C0|L|MKT|15|v0.3.0-tier0|SPY,160.29,100,16029,-19,-0.12,0,11,0.07,-34,-0.21,-444,-0.44,4
913,Exit long,2014-07-01 08:00,TX60,161.02,100,16071,31,0.19,0,38,0.24,-14,-0.09,-413,-0.41,4
913,Entry long,2014-07-01 07:00,C0|L|MKT|15|v0.3.0-tier0|SPY,160.71,100,16071,31,0.19,0,38,0.24,-14,-0.09,-413,-0.41,4
914,Exit long,2014-07-07 08:15,TX60,161.46,100,16181,-35,-0.22,0,6,0.04,-43,-0.27,-448,-0.45,4
914,Entry long,2014-07-07 07:15,C0|L|MKT|15|v0.3.0-tier0|SPY,161.81,100,16181,-35,-0.22,0,6,0.04,-43,-0.27,-448,-0.45,4
915,Exit short,2014-07-08 08:15,TX60,160.45,100,16061,16,0.10,0,29,0.18,-9,-0.06,-432,-0.43,4
915,Entry short,2014-07-08 07:15,C0|S|MKT|15|v0.3.0-tier0|SPY,160.61,100,16061,16,0.10,0,29,0.18,-9,-0.06,-432,-0.43,4
916,Exit short,2014-07-09 08:00,TX60,160.93,100,16064,-29,-0.18,0,12,0.07,-43,-0.27,-461,-0.46,4
916,Entry short,2014-07-09 07:00,C0|S|MKT|15|v0.3.0-tier0|SPY,160.64,100,16064,-29,-0.18,0,12,0.07,-43,-0.27,-461,-0.46,4
917,Exit long,2014-07-10 08:15,TX60,160.42,100,15999,43,0.27,0,49,0.31,-4,-0.03,-418,-0.42,4
917,Entry long,2014-07-10 07:15,C0|L|MKT|15|v0.3.0-tier0|SPY,159.99,100,15999,43,0.27,0,49,0.31,-4,-0.03,-418,-0.42,4
918,Exit short,2014-07-15 08:15,TX60,161.3,100,16146,16,0.10,0,62,0.38,-13,-0.08,-402,-0.40,4
918,Entry short,2014-07-15 07:15,C0|S|MKT|15|v0.3.0-tier0|SPY,161.46,100,16146,16,0.10,0,62,0.38,-13,-0.08,-402,-0.40,4
919,Exit long,2014-07-17 08:00,TX60,161.72,100,16177,-5,-0.03,0,20,0.12,-12,-0.07,-407,-0.41,4
919,Entry long,2014-07-17 07:00,C0|L|MKT|15|v0.3.0-tier0|SPY,161.77,100,16177,-5,-0.03,0,20,0.12,-12,-0.07,-407,-0.41,4
920,Exit long,2014-07-22 08:15,TX60,162.22,100,16212,10,0.06,0,23,0.14,-9,-0.06,-397,-0.40,4
920,Entry long,2014-07-22 07:15,C0|L|MKT|15|v0.3.0-tier0|SPY,162.12,100,16212,10,0.06,0,23,0.14,-9,-0.06,-397,-0.40,4
921,Exit short,2014-07-24 08:00,TX60,162.52,100,16244,-8,-0.05,0,18,0.11,-12,-0.07,-405,-0.40,4
921,Entry short,2014-07-24 07:00,C0|S|MKT|15|v0.3.0-tier0|SPY,162.44,100,16244,-8,-0.05,0,18,0.11,-12,-0.07,-405,-0.40,4
922,Exit short,2014-07-28 08:00,TX60,161.03,100,16124,21,0.13,0,47,0.29,-1,-0.01,-384,-0.38,4
922,Entry short,2014-07-28 07:00,C0|S|MKT|15|v0.3.0-tier0|SPY,161.24,100,16124,21,0.13,0,47,0.29,-1,-0.01,-384,-0.38,4
923,Exit long,2014-07-29 08:15,TX60,161.58,100,16221,-63,-0.39,0,5,0.03,-81,-0.50,-447,-0.45,4
923,Entry long,2014-07-29 07:15,C0|L|MKT|15|v0.3.0-tier0|SPY,162.21,100,16221,-63,-0.39,0,5,0.03,-81,-0.50,-447,-0.45,4
924,Exit short,2014-07-30 08:00,TX60,160.8,100,16127,47,0.29,0,60,0.37,-4,-0.02,-400,-0.40,4
924,Entry short,2014-07-30 07:00,C0|S|MKT|15|v0.3.0-tier0|SPY,161.27,100,16127,47,0.29,0,60,0.37,-4,-0.02,-400,-0.40,4
925,Exit short,2014-07-31 08:30,TX60,158.93,100,15950,57,0.36,0,71,0.45,-3,-0.02,-343,-0.34,4
925,Entry short,2014-07-31 07:30,C0|S|MKT|15|v0.3.0-tier0|SPY,159.5,100,15950,57,0.36,0,71,0.45,-3,-0.02,-343,-0.34,4
926,Exit long,2014-08-01 08:00,TX60,157.69,100,15815,-46,-0.29,0,27,0.17,-54,-0.34,-389,-0.39,4
926,Entry long,2014-08-01 07:00,C0|L|MKT|15|v0.3.0-tier0|SPY,158.15,100,15815,-46,-0.29,0,27,0.17,-54,-0.34,-389,-0.39,4
927,Exit long,2014-08-04 08:00,TX60,157.12,100,15777,-65,-0.41,0,10,0.06,-74,-0.47,-454,-0.45,4
927,Entry long,2014-08-04 07:00,C0|L|MKT|15|v0.3.0-tier0|SPY,157.77,100,15777,-65,-0.41,0,10,0.06,-74,-0.47,-454,-0.45,4
928,Exit short,2014-08-05 08:00,TX60,157.95,100,15772,-23,-0.15,0,26,0.16,-54,-0.34,-477,-0.48,4
928,Entry short,2014-08-05 07:00,C0|S|MKT|15|v0.3.0-tier0|SPY,157.72,100,15772,-23,-0.15,0,26,0.16,-54,-0.34,-477,-0.48,4
929,Exit long,2014-08-06 08:15,TX60,157.39,100,15698,41,0.26,0,67,0.43,-20,-0.13,-436,-0.44,4
929,Entry long,2014-08-06 07:15,C0|L|MKT|15|v0.3.0-tier0|SPY,156.98,100,15698,41,0.26,0,67,0.43,-20,-0.13,-436,-0.44,4
930,Exit long,2014-08-11 08:00,TX60,158.77,100,15876,1,0.01,0,19,0.12,-8,-0.05,-435,-0.43,4
930,Entry long,2014-08-11 07:00,C0|L|MKT|15|v0.3.0-tier0|SPY,158.76,100,15876,1,0.01,0,19,0.12,-8,-0.05,-435,-0.43,4
931,Exit short,2014-08-13 08:00,TX60,159.01,100,15869,-32,-0.20,0,9,0.06,-34,-0.21,-467,-0.47,4
931,Entry short,2014-08-13 07:00,C0|S|MKT|15|v0.3.0-tier0|SPY,158.69,100,15869,-32,-0.20,0,9,0.06,-34,-0.21,-467,-0.47,4
932,Exit long,2014-08-15 08:30,TX60,159.51,100,16069,-118,-0.73,0,10,0.06,-144,-0.90,-585,-0.58,4
932,Entry long,2014-08-15 07:30,C0|L|MKT|15|v0.3.0-tier0|SPY,160.69,100,16069,-118,-0.73,0,10,0.06,-144,-0.90,-585,-0.58,4
933,Exit long,2014-08-18 08:00,TX60,161.36,100,16118,18,0.11,0,22,0.14,-9,-0.06,-567,-0.57,4
933,Entry long,2014-08-18 07:00,C0|L|MKT|15|v0.3.0-tier0|SPY,161.18,100,16118,18,0.11,0,22,0.14,-9,-0.06,-567,-0.57,4
934,Exit long,2014-08-19 08:00,TX60,162.05,100,16190,15,0.09,0,19,0.12,-9,-0.06,-552,-0.55,4
934,Entry long,2014-08-19 07:00,C0|L|MKT|15|v0.3.0-tier0|SPY,161.9,100,16190,15,0.09,0,19,0.12,-9,-0.06,-552,-0.55,4
935,Exit long,2014-08-20 08:15,TX60,162.43,100,16217,26,0.16,0,27,0.17,-1,-0.01,-526,-0.53,4
935,Entry long,2014-08-20 07:15,C0|L|MKT|15|v0.3.0-tier0|SPY,162.17,100,16217,26,0.16,0,27,0.17,-1,-0.01,-526,-0.53,4
936,Exit long,2014-08-21 08:00,TX60,163.05,100,16301,4,0.02,0,13,0.08,-35,-0.21,-522,-0.52,4
936,Entry long,2014-08-21 07:00,C0|L|MKT|15|v0.3.0-tier0|SPY,163.01,100,16301,4,0.02,0,13,0.08,-35,-0.21,-522,-0.52,4
937,Exit long,2014-08-22 08:15,TX60,162.88,100,16321,-33,-0.20,0,5,0.03,-71,-0.44,-555,-0.56,4
937,Entry long,2014-08-22 07:15,C0|L|MKT|15|v0.3.0-tier0|SPY,163.21,100,16321,-33,-0.20,0,5,0.03,-71,-0.44,-555,-0.56,4
938,Exit long,2014-08-25 08:00,TX60,163.91,100,16374,17,0.10,0,20,0.12,-13,-0.08,-538,-0.54,4
938,Entry long,2014-08-25 07:00,C0|L|MKT|15|v0.3.0-tier0|SPY,163.74,100,16374,17,0.10,0,20,0.12,-13,-0.08,-538,-0.54,4
939,Exit short,2014-08-27 08:00,TX60,163.83,100,16367,-16,-0.10,0,7,0.04,-17,-0.10,-554,-0.55,4
939,Entry short,2014-08-27 07:00,C0|S|MKT|15|v0.3.0-tier0|SPY,163.67,100,16367,-16,-0.10,0,7,0.04,-17,-0.10,-554,-0.55,4
940,Exit long,2014-08-28 08:00,TX60,163.51,100,16338,13,0.08,0,17,0.10,-24,-0.15,-541,-0.54,4
940,Entry long,2014-08-28 07:00,C0|L|MKT|15|v0.3.0-tier0|SPY,163.38,100,16338,13,0.08,0,17,0.10,-24,-0.15,-541,-0.54,4
941,Exit short,2014-08-29 08:00,TX60,163.75,100,16365,-10,-0.06,0,27,0.16,-10,-0.06,-551,-0.55,4
941,Entry short,2014-08-29 07:00,C0|S|MKT|15|v0.3.0-tier0|SPY,163.65,100,16365,-10,-0.06,0,27,0.16,-10,-0.06,-551,-0.55,4
942,Exit short,2014-09-03 08:30,TX60,164.03,100,16432,29,0.18,0,31,0.19,-14,-0.09,-522,-0.52,4
942,Entry short,2014-09-03 07:30,C0|S|MKT|15|v0.3.0-tier0|SPY,164.32,100,16432,29,0.18,0,31,0.19,-14,-0.09,-522,-0.52,4
943,Exit long,2014-09-04 08:00,TX60,164.71,100,16459,12,0.07,0,21,0.13,-9,-0.05,-510,-0.51,4
943,Entry long,2014-09-04 07:00,C0|L|MKT|15|v0.3.0-tier0|SPY,164.59,100,16459,12,0.07,0,21,0.13,-9,-0.05,-510,-0.51,4
944,Exit short,2014-09-08 08:30,TX60,164.31,100,16414,-17,-0.10,0,18,0.11,-25,-0.15,-527,-0.53,4
944,Entry short,2014-09-08 07:30,C0|S|MKT|15|v0.3.0-tier0|SPY,164.14,100,16414,-17,-0.10,0,18,0.11,-25,-0.15,-527,-0.53,4
945,Exit short,2014-09-09 08:00,TX60,163.42,100,16336,-6,-0.04,0,18,0.11,-19,-0.12,-533,-0.53,4
945,Entry short,2014-09-09 07:00,C0|S|MKT|15|v0.3.0-tier0|SPY,163.36,100,16336,-6,-0.04,0,18,0.11,-19,-0.12,-533,-0.53,4
946,Exit long,2014-09-11 08:00,TX60,163.1,100,16342,-32,-0.20,0,6,0.04,-61,-0.37,-565,-0.56,4
946,Entry long,2014-09-11 07:00,C0|L|MKT|15|v0.3.0-tier0|SPY,163.42,100,16342,-32,-0.20,0,6,0.04,-61,-0.37,-565,-0.56,4
947,Exit short,2014-09-12 08:00,TX60,163.39,100,16314,-25,-0.15,0,25,0.15,-32,-0.20,-590,-0.59,4
947,Entry short,2014-09-12 07:00,C0|S|MKT|15|v0.3.0-tier0|SPY,163.14,100,16314,-25,-0.15,0,25,0.15,-32,-0.20,-590,-0.59,4
948,Exit short,2014-09-15 08:00,TX60,162.63,100,16239,-24,-0.15,0,18,0.11,-38,-0.23,-614,-0.61,4
948,Entry short,2014-09-15 07:00,C0|S|MKT|15|v0.3.0-tier0|SPY,162.39,100,16239,-24,-0.15,0,18,0.11,-38,-0.23,-614,-0.61,4
949,Exit long,2014-09-16 08:00,TX60,162.89,100,16291,-2,-0.01,0,24,0.15,-5,-0.03,-616,-0.62,4
949,Entry long,2014-09-16 07:00,C0|L|MKT|15|v0.3.0-tier0|SPY,162.91,100,16291,-2,-0.01,0,24,0.15,-5,-0.03,-616,-0.62,4
950,Exit long,2014-09-18 08:00,TX60,164.81,100,16471,10,0.06,0,29,0.18,-17,-0.10,-606,-0.61,4
950,Entry long,2014-09-18 07:00,C0|L|MKT|15|v0.3.0-tier0|SPY,164.71,100,16471,10,0.06,0,29,0.18,-17,-0.10,-606,-0.61,4
951,Exit short,2014-09-19 08:30,TX60,165.22,100,16527,5,0.03,0,12,0.07,-12,-0.07,-601,-0.60,4
951,Entry short,2014-09-19 07:30,C0|S|MKT|15|v0.3.0-tier0|SPY,165.27,100,16527,5,0.03,0,12,0.07,-12,-0.07,-601,-0.60,4
952,Exit short,2014-09-22 08:30,TX60,163.76,100,16404,28,0.17,0,47,0.29,-1,-0.01,-573,-0.57,4
952,Entry short,2014-09-22 07:30,C0|S|MKT|15|v0.3.0-tier0|SPY,164.04,100,16404,28,0.17,0,47,0.29,-1,-0.01,-573,-0.57,4
953,Exit long,2014-09-23 08:00,TX60,163.26,100,16351,-25,-0.15,0,18,0.11,-30,-0.18,-598,-0.60,4
953,Entry long,2014-09-23 07:00,C0|L|MKT|15|v0.3.0-tier0|SPY,163.51,100,16351,-25,-0.15,0,18,0.11,-30,-0.18,-598,-0.60,4
954,Exit short,2014-09-24 08:00,TX60,162.78,100,16258,-20,-0.12,0,31,0.19,-33,-0.20,-618,-0.62,4
954,Entry short,2014-09-24 07:00,C0|S|MKT|15|v0.3.0-tier0|SPY,162.58,100,16258,-20,-0.12,0,31,0.19,-33,-0.20,-618,-0.62,4
955,Exit short,2014-09-25 08:00,TX60,162,100,16269,69,0.42,0,113,0.69,-6,-0.04,-549,-0.55,4
955,Entry short,2014-09-25 07:00,C0|S|MKT|15|v0.3.0-tier0|SPY,162.69,100,16269,69,0.42,0,113,0.69,-6,-0.04,-549,-0.55,4
956,Exit long,2014-09-29 08:00,TX60,161.99,100,16149,50,0.31,0,68,0.42,-14,-0.09,-499,-0.50,4
956,Entry long,2014-09-29 07:00,C0|L|MKT|15|v0.3.0-tier0|SPY,161.49,100,16149,50,0.31,0,68,0.42,-14,-0.09,-499,-0.50,4
957,Exit short,2014-10-01 08:15,TX60,160.94,100,16053,-41,-0.26,0,17,0.11,-66,-0.41,-540,-0.54,4
957,Entry short,2014-10-01 07:15,C0|S|MKT|15|v0.3.0-tier0|SPY,160.53,100,16053,-41,-0.26,0,17,0.11,-66,-0.41,-540,-0.54,4
958,Exit short,2014-10-02 08:15,TX60,159.01,100,15944,43,0.27,0,69,0.43,-28,-0.18,-497,-0.50,4
958,Entry short,2014-10-02 07:15,C0|S|MKT|15|v0.3.0-tier0|SPY,159.44,100,15944,43,0.27,0,69,0.43,-28,-0.18,-497,-0.50,4
959,Exit long,2014-10-03 08:00,TX60,161.03,100,16103,0,0.00,0,39,0.24,-25,-0.16,-497,-0.50,4
959,Entry long,2014-10-03 07:00,C0|L|MKT|15|v0.3.0-tier0|SPY,161.03,100,16103,0,0.00,0,39,0.24,-25,-0.16,-497,-0.50,4
960,Exit short,2014-10-06 08:15,TX60,161.69,100,16191,22,0.14,0,53,0.33,-12,-0.07,-475,-0.47,4
960,Entry short,2014-10-06 07:15,C0|S|MKT|15|v0.3.0-tier0|SPY,161.91,100,16191,22,0.14,0,53,0.33,-12,-0.07,-475,-0.47,4
961,Exit short,2014-10-09 08:00,TX60,160.66,100,16077,11,0.07,0,53,0.33,-33,-0.21,-464,-0.46,4
961,Entry short,2014-10-09 07:00,C0|S|MKT|15|v0.3.0-tier0|SPY,160.77,100,16077,11,0.07,0,53,0.33,-33,-0.21,-464,-0.46,4
962,Exit short,2014-10-10 08:15,TX60,157.74,100,15767,-7,-0.04,0,62,0.39,-45,-0.29,-471,-0.47,4
962,Entry short,2014-10-10 07:15,C0|S|MKT|15|v0.3.0-tier0|SPY,157.67,100,15767,-7,-0.04,0,62,0.39,-45,-0.29,-471,-0.47,4
963,Exit short,2014-10-13 08:00,TX60,155.81,100,15615,34,0.22,0,93,0.60,-29,-0.19,-437,-0.44,4
963,Entry short,2014-10-13 07:00,C0|S|MKT|15|v0.3.0-tier0|SPY,156.15,100,15615,34,0.22,0,93,0.60,-29,-0.19,-437,-0.44,4
964,Exit short,2014-10-14 08:00,TX60,154.84,100,15430,-54,-0.35,0,26,0.17,-90,-0.58,-491,-0.49,4
964,Entry short,2014-10-14 07:00,C0|S|MKT|15|v0.3.0-tier0|SPY,154.3,100,15430,-54,-0.35,0,26,0.17,-90,-0.58,-491,-0.49,4
965,Exit long,2014-10-15 08:00,TX60,152.38,100,15270,-32,-0.21,0,64,0.42,-79,-0.52,-523,-0.52,4
965,Entry long,2014-10-15 07:00,C0|L|MKT|15|v0.3.0-tier0|SPY,152.7,100,15270,-32,-0.21,0,64,0.42,-79,-0.52,-523,-0.52,4
966,Exit long,2014-10-16 08:00,TX60,152.4,100,15205,35,0.23,0,94,0.62,-141,-0.93,-488,-0.49,4
966,Entry long,2014-10-16 07:00,C0|L|MKT|15|v0.3.0-tier0|SPY,152.05,100,15205,35,0.23,0,94,0.62,-141,-0.93,-488,-0.49,4
967,Exit long,2014-10-17 08:15,TX60,155.51,100,15494,57,0.37,0,64,0.41,-3,-0.02,-431,-0.43,4
967,Entry long,2014-10-17 07:15,C0|L|MKT|15|v0.3.0-tier0|SPY,154.94,100,15494,57,0.37,0,64,0.41,-3,-0.02,-431,-0.43,4
968,Exit long,2014-10-20 08:30,TX60,155.57,100,15545,12,0.08,0,27,0.17,-28,-0.18,-419,-0.42,4
968,Entry long,2014-10-20 07:30,C0|L|MKT|15|v0.3.0-tier0|SPY,155.45,100,15545,12,0.08,0,27,0.17,-28,-0.18,-419,-0.42,4
969,Exit long,2014-10-21 08:00,TX60,158.21,100,15785,36,0.23,0,50,0.32,-12,-0.08,-383,-0.38,4
969,Entry long,2014-10-21 07:00,C0|L|MKT|15|v0.3.0-tier0|SPY,157.85,100,15785,36,0.23,0,50,0.32,-12,-0.08,-383,-0.38,4
970,Exit long,2014-10-22 08:00,TX60,159.72,100,15990,-18,-0.11,0,2,0.01,-48,-0.30,-401,-0.40,4
970,Entry long,2014-10-22 07:00,C0|L|MKT|15|v0.3.0-tier0|SPY,159.9,100,15990,-18,-0.11,0,2,0.01,-48,-0.30,-401,-0.40,4
971,Exit short,2014-10-23 08:00,TX60,160.57,100,15975,-82,-0.51,0,4,0.03,-83,-0.52,-483,-0.48,4
971,Entry short,2014-10-23 07:00,C0|S|MKT|15|v0.3.0-tier0|SPY,159.75,100,15975,-82,-0.51,0,4,0.03,-83,-0.52,-483,-0.48,4
972,Exit short,2014-10-27 08:00,TX60,161.02,100,16051,-51,-0.32,0,30,0.19,-70,-0.44,-534,-0.53,4
972,Entry short,2014-10-27 07:00,C0|S|MKT|15|v0.3.0-tier0|SPY,160.51,100,16051,-51,-0.32,0,30,0.19,-70,-0.44,-534,-0.53,4
973,Exit long,2014-10-29 08:00,TX60,162.94,100,16354,-60,-0.37,0,3,0.02,-70,-0.43,-594,-0.59,4
973,Entry long,2014-10-29 07:00,C0|L|MKT|15|v0.3.0-tier0|SPY,163.54,100,16354,-60,-0.37,0,3,0.02,-70,-0.43,-594,-0.59,4
974,Exit short,2014-11-03 08:30,TX60,165.76,100,16551,-25,-0.15,0,4,0.02,-40,-0.24,-619,-0.62,4
974,Entry short,2014-11-03 07:30,C0|S|MKT|15|v0.3.0-tier0|SPY,165.51,100,16551,-25,-0.15,0,4,0.02,-40,-0.24,-619,-0.62,4
975,Exit short,2014-11-04 08:30,TX60,164.7,100,16506,36,0.22,0,71,0.43,-2,-0.01,-583,-0.58,4
975,Entry short,2014-11-04 07:30,C0|S|MKT|15|v0.3.0-tier0|SPY,165.06,100,16506,36,0.22,0,71,0.43,-2,-0.01,-583,-0.58,4
976,Exit short,2014-11-05 08:30,TX60,165.95,100,16572,-23,-0.14,0,23,0.14,-38,-0.23,-606,-0.61,4
976,Entry short,2014-11-05 07:30,C0|S|MKT|15|v0.3.0-tier0|SPY,165.72,100,16572,-23,-0.14,0,23,0.14,-38,-0.23,-606,-0.61,4
977,Exit short,2014-11-06 08:15,TX60,166.34,100,16597,-37,-0.22,0,33,0.20,-46,-0.28,-643,-0.64,4
977,Entry short,2014-11-06 07:15,C0|S|MKT|15|v0.3.0-tier0|SPY,165.97,100,16597,-37,-0.22,0,33,0.20,-46,-0.28,-643,-0.64,4
978,Exit long,2014-11-11 08:30,TX60,167.69,100,16769,0,0.00,0,15,0.09,-8,-0.05,-643,-0.64,4
978,Entry long,2014-11-11 07:30,C0|L|MKT|15|v0.3.0-tier0|SPY,167.69,100,16769,0,0.00,0,15,0.09,-8,-0.05,-643,-0.64,4
979,Exit long,2014-11-12 08:15,TX60,167.17,100,16742,-25,-0.15,0,11,0.07,-34,-0.20,-668,-0.67,4
979,Entry long,2014-11-12 07:15,C0|L|MKT|15|v0.3.0-tier0|SPY,167.42,100,16742,-25,-0.15,0,11,0.07,-34,-0.20,-668,-0.67,4
980,Exit long,2014-11-13 08:00,TX60,168.12,100,16806,6,0.04,0,20,0.12,-17,-0.10,-662,-0.66,4
980,Entry long,2014-11-13 07:00,C0|L|MKT|15|v0.3.0-tier0|SPY,168.06,100,16806,6,0.04,0,20,0.12,-17,-0.10,-662,-0.66,4
981,Exit long,2014-11-14 08:15,TX60,167.72,100,16791,-19,-0.11,0,0,0.00,-52,-0.31,-681,-0.68,4
981,Entry long,2014-11-14 07:15,C0|L|MKT|15|v0.3.0-tier0|SPY,167.91,100,16791,-19,-0.11,0,0,0.00,-52,-0.31,-681,-0.68,4
982,Exit long,2014-11-17 08:15,TX60,167.51,100,16769,-18,-0.11,0,29,0.17,-24,-0.14,-699,-0.70,4
982,Entry long,2014-11-17 07:15,C0|L|MKT|15|v0.3.0-tier0|SPY,167.69,100,16769,-18,-0.11,0,29,0.17,-24,-0.14,-699,-0.70,4
983,Exit long,2014-11-18 08:00,TX60,168.58,100,16853,5,0.03,0,12,0.07,-20,-0.12,-694,-0.69,4
983,Entry long,2014-11-18 07:00,C0|L|MKT|15|v0.3.0-tier0|SPY,168.53,100,16853,5,0.03,0,12,0.07,-20,-0.12,-694,-0.69,4
984,Exit short,2014-11-19 08:15,TX60,168.08,100,16812,4,0.02,0,29,0.17,-12,-0.07,-690,-0.69,4
984,Entry short,2014-11-19 07:15,C0|S|MKT|15|v0.3.0-tier0|SPY,168.12,100,16812,4,0.02,0,29,0.17,-12,-0.07,-690,-0.69,4
985,Exit long,2014-11-20 08:00,TX60,168.74,100,16828,46,0.27,0,54,0.32,-2,-0.01,-644,-0.64,4
985,Entry long,2014-11-20 07:00,C0|L|MKT|15|v0.3.0-tier0|SPY,168.28,100,16828,46,0.27,0,54,0.32,-2,-0.01,-644,-0.64,4
986,Exit short,2014-11-21 08:30,TX60,169.99,100,17025,26,0.15,0,37,0.22,0,0.00,-618,-0.62,4
986,Entry short,2014-11-21 07:30,C0|S|MKT|15|v0.3.0-tier0|SPY,170.25,100,17025,26,0.15,0,37,0.22,0,0.00,-618,-0.62,4
987,Exit short,2014-11-24 08:00,TX60,170.21,100,17005,-16,-0.09,0,3,0.02,-27,-0.16,-634,-0.63,4
987,Entry short,2014-11-24 07:00,C0|S|MKT|15|v0.3.0-tier0|SPY,170.05,100,17005,-16,-0.09,0,3,0.02,-27,-0.16,-634,-0.63,4
988,Exit short,2014-11-25 08:15,TX60,170,100,17027,27,0.16,0,31,0.18,-7,-0.04,-607,-0.61,4
988,Entry short,2014-11-25 07:15,C0|S|MKT|15|v0.3.0-tier0|SPY,170.27,100,17027,27,0.16,0,31,0.18,-7,-0.04,-607,-0.61,4
989,Exit long,2014-11-28 08:00,TX60,170.57,100,17057,0,0.00,0,14,0.08,-10,-0.06,-607,-0.61,4
989,Entry long,2014-11-28 07:00,C0|L|MKT|15|v0.3.0-tier0|SPY,170.57,100,17057,0,0.00,0,14,0.08,-10,-0.06,-607,-0.61,4
990,Exit short,2014-12-01 08:00,TX60,168.8,100,16900,20,0.12,0,29,0.17,-57,-0.34,-587,-0.59,4
990,Entry short,2014-12-01 07:00,C0|S|MKT|15|v0.3.0-tier0|SPY,169,100,16900,20,0.12,0,29,0.17,-57,-0.34,-587,-0.59,4
991,Exit long,2014-12-02 08:15,TX60,169.84,100,16966,18,0.11,0,27,0.16,-12,-0.07,-569,-0.57,4
991,Entry long,2014-12-02 07:15,C0|L|MKT|15|v0.3.0-tier0|SPY,169.66,100,16966,18,0.11,0,27,0.16,-12,-0.07,-569,-0.57,4
992,Exit long,2014-12-03 08:15,TX60,170.44,100,17052,-8,-0.05,0,15,0.09,-18,-0.11,-577,-0.58,4
992,Entry long,2014-12-03 07:15,C0|L|MKT|15|v0.3.0-tier0|SPY,170.52,100,17052,-8,-0.05,0,15,0.09,-18,-0.11,-577,-0.58,4
993,Exit short,2014-12-04 08:30,TX60,169.94,100,17028,34,0.20,0,48,0.28,0,0.00,-543,-0.54,4
993,Entry short,2014-12-04 07:30,C0|S|MKT|15|v0.3.0-tier0|SPY,170.28,100,17028,34,0.20,0,48,0.28,0,0.00,-543,-0.54,4
994,Exit long,2014-12-08 08:30,TX60,170.75,100,17095,-20,-0.12,0,1,0.01,-21,-0.12,-563,-0.56,4
994,Entry long,2014-12-08 07:30,C0|L|MKT|15|v0.3.0-tier0|SPY,170.95,100,17095,-20,-0.12,0,1,0.01,-21,-0.12,-563,-0.56,4
995,Exit long,2014-12-09 08:00,TX60,168.15,100,16844,-29,-0.17,0,11,0.07,-92,-0.55,-592,-0.59,4
995,Entry long,2014-12-09 07:00,C0|L|MKT|15|v0.3.0-tier0|SPY,168.44,100,16844,-29,-0.17,0,11,0.07,-92,-0.55,-592,-0.59,4
996,Exit short,2014-12-10 08:00,TX60,168.78,100,16872,-6,-0.04,0,57,0.34,-9,-0.05,-598,-0.60,4
996,Entry short,2014-12-10 07:00,C0|S|MKT|15|v0.3.0-tier0|SPY,168.72,100,16872,-6,-0.04,0,57,0.34,-9,-0.05,-598,-0.60,4
997,Exit long,2014-12-11 08:00,TX60,168.99,100,16860,39,0.23,0,68,0.40,-8,-0.05,-559,-0.56,4
997,Entry long,2014-12-11 07:00,C0|L|MKT|15|v0.3.0-tier0|SPY,168.6,100,16860,39,0.23,0,68,0.40,-8,-0.05,-559,-0.56,4
998,Exit long,2014-12-12 08:00,TX60,166.16,100,16737,-121,-0.72,0,4,0.02,-128,-0.76,-680,-0.68,4
998,Entry long,2014-12-12 07:00,C0|L|MKT|15|v0.3.0-tier0|SPY,167.37,100,16737,-121,-0.72,0,4,0.02,-128,-0.76,-680,-0.68,4
999,Exit short,2014-12-15 08:15,TX60,164.48,100,16570,122,0.74,0,123,0.74,-16,-0.10,-558,-0.56,4
999,Entry short,2014-12-15 07:15,C0|S|MKT|15|v0.3.0-tier0|SPY,165.7,100,16570,122,0.74,0,123,0.74,-16,-0.10,-558,-0.56,4
1000,Exit long,2014-12-16 08:30,TX60,165.91,100,16426,165,1.00,0,185,1.13,-44,-0.27,-393,-0.39,4
1000,Entry long,2014-12-16 07:30,C0|L|MKT|15|v0.3.0-tier0|SPY,164.26,100,16426,165,1.00,0,185,1.13,-44,-0.27,-393,-0.39,4
1001,Exit long,2014-12-18 08:00,TX60,168.02,100,16843,-41,-0.24,0,26,0.15,-42,-0.25,-434,-0.43,4
1001,Entry long,2014-12-18 07:00,C0|L|MKT|15|v0.3.0-tier0|SPY,168.43,100,16843,-41,-0.24,0,26,0.15,-42,-0.25,-434,-0.43,4
1002,Exit short,2014-12-23 08:00,TX60,171.69,100,17174,5,0.03,0,33,0.19,-19,-0.11,-429,-0.43,4
1002,Entry short,2014-12-23 07:00,C0|S|MKT|15|v0.3.0-tier0|SPY,171.74,100,17174,5,0.03,0,33,0.19,-19,-0.11,-429,-0.43,4
1003,Exit long,2014-12-26 08:00,TX60,172.33,100,17236,-3,-0.02,0,6,0.03,-15,-0.09,-432,-0.43,4
1003,Entry long,2014-12-26 07:00,C0|L|MKT|15|v0.3.0-tier0|SPY,172.36,100,17236,-3,-0.02,0,6,0.03,-15,-0.09,-432,-0.43,4
1004,Exit long,2014-12-29 08:00,TX60,172.54,100,17243,11,0.06,0,16,0.09,-7,-0.04,-421,-0.42,4
1004,Entry long,2014-12-29 07:00,C0|L|MKT|15|v0.3.0-tier0|SPY,172.43,100,17243,11,0.06,0,16,0.09,-7,-0.04,-421,-0.42,4
1005,Exit short,2014-12-30 08:15,TX60,171.73,100,17180,7,0.04,0,10,0.06,-19,-0.11,-414,-0.41,4
1005,Entry short,2014-12-30 07:15,C0|S|MKT|15|v0.3.0-tier0|SPY,171.8,100,17180,7,0.04,0,10,0.06,-19,-0.11,-414,-0.41,4
1006,Exit short,2015-01-02 08:30,TX60,169.32,100,17020,88,0.52,0,131,0.77,0,0.00,-326,-0.33,4
1006,Entry short,2015-01-02 07:30,C0|S|MKT|15|v0.3.0-tier0|SPY,170.2,100,17020,88,0.52,0,131,0.77,0,0.00,-326,-0.33,4
1007,Exit short,2015-01-05 08:00,TX60,167.51,100,16778,27,0.16,0,51,0.30,-31,-0.18,-299,-0.30,4
1007,Entry short,2015-01-05 07:00,C0|S|MKT|15|v0.3.0-tier0|SPY,167.78,100,16778,27,0.16,0,51,0.30,-31,-0.18,-299,-0.30,4
1008,Exit long,2015-01-06 08:30,TX60,165.73,100,16731,-158,-0.94,0,2,0.01,-169,-1.01,-457,-0.46,4
1008,Entry long,2015-01-06 07:30,C0|L|MKT|15|v0.3.0-tier0|SPY,167.31,100,16731,-158,-0.94,0,2,0.01,-169,-1.01,-457,-0.46,4
1009,Exit long,2015-01-07 08:00,TX60,166.55,100,16684,-29,-0.17,0,18,0.11,-82,-0.49,-486,-0.49,4
1009,Entry long,2015-01-07 07:00,C0|L|MKT|15|v0.3.0-tier0|SPY,166.84,100,16684,-29,-0.17,0,18,0.11,-82,-0.49,-486,-0.49,4
1010,Exit long,2015-01-08 08:00,TX60,169.74,100,16918,56,0.33,0,56,0.33,0,0.00,-430,-0.43,4
1010,Entry long,2015-01-08 07:00,C0|L|MKT|15|v0.3.0-tier0|SPY,169.18,100,16918,56,0.33,0,56,0.33,0,0.00,-430,-0.43,4
1011,Exit short,2015-01-09 08:00,TX60,168.88,100,16935,47,0.28,0,87,0.51,-44,-0.26,-383,-0.38,4
1011,Entry short,2015-01-09 07:00,C0|S|MKT|15|v0.3.0-tier0|SPY,169.35,100,16935,47,0.28,0,87,0.51,-44,-0.26,-383,-0.38,4
1012,Exit short,2015-01-12 08:00,TX60,167.77,100,16716,-61,-0.36,0,36,0.22,-61,-0.36,-444,-0.44,4
1012,Entry short,2015-01-12 07:00,C0|S|MKT|15|v0.3.0-tier0|SPY,167.16,100,16716,-61,-0.36,0,36,0.22,-61,-0.36,-444,-0.44,4
1013,Exit long,2015-01-13 08:00,TX60,169.46,100,16962,-16,-0.09,0,10,0.06,-38,-0.22,-460,-0.46,4
1013,Entry long,2015-01-13 07:00,C0|L|MKT|15|v0.3.0-tier0|SPY,169.62,100,16962,-16,-0.09,0,10,0.06,-38,-0.22,-460,-0.46,4
1014,Exit long,2015-01-14 08:15,TX60,164.95,100,16579,-84,-0.51,0,12,0.07,-84,-0.51,-544,-0.54,4
1014,Entry long,2015-01-14 07:15,C0|L|MKT|15|v0.3.0-tier0|SPY,165.79,100,16579,-84,-0.51,0,12,0.07,-84,-0.51,-544,-0.54,4
1015,Exit short,2015-01-15 08:00,TX60,165.47,100,16515,-32,-0.19,0,33,0.20,-127,-0.77,-576,-0.58,4
1015,Entry short,2015-01-15 07:00,C0|S|MKT|15|v0.3.0-tier0|SPY,165.15,100,16515,-32,-0.19,0,33,0.20,-127,-0.77,-576,-0.58,4
1016,Exit short,2015-01-16 08:15,TX60,165.17,100,16403,-114,-0.69,0,2,0.01,-156,-0.95,-690,-0.69,4
1016,Entry short,2015-01-16 07:15,C0|S|MKT|15|v0.3.0-tier0|SPY,164.03,100,16403,-114,-0.69,0,2,0.01,-156,-0.95,-690,-0.69,4
1017,Exit short,2015-01-20 08:00,TX60,165.87,100,16605,18,0.11,0,41,0.25,-45,-0.27,-672,-0.67,4
1017,Entry short,2015-01-20 07:00,C0|S|MKT|15|v0.3.0-tier0|SPY,166.05,100,16605,18,0.11,0,41,0.25,-45,-0.27,-672,-0.67,4
1018,Exit short,2015-01-28 08:30,TX60,167.24,100,16804,80,0.48,0,114,0.68,-15,-0.09,-592,-0.59,4
1018,Entry short,2015-01-28 07:30,C0|S|MKT|15|v0.3.0-tier0|SPY,168.04,100,16804,80,0.48,0,114,0.68,-15,-0.09,-592,-0.59,4
1019,Exit short,2015-02-02 08:00,TX60,164.42,100,16433,-9,-0.05,0,89,0.54,-29,-0.18,-601,-0.60,4
1019,Entry short,2015-02-02 07:00,C0|S|MKT|15|v0.3.0-tier0|SPY,164.33,100,16433,-9,-0.05,0,89,0.54,-29,-0.18,-601,-0.60,4
1020,Exit long,2015-02-03 08:00,TX60,167.47,100,16833,-86,-0.51,0,5,0.03,-86,-0.51,-687,-0.69,4
1020,Entry long,2015-02-03 07:00,C0|L|MKT|15|v0.3.0-tier0|SPY,168.33,100,16833,-86,-0.51,0,5,0.03,-86,-0.51,-687,-0.69,4
1021,Exit long,2015-02-05 08:00,TX60,169.98,100,16962,36,0.21,0,48,0.28,-7,-0.04,-651,-0.65,4
1021,Entry long,2015-02-05 07:00,C0|L|MKT|15|v0.3.0-tier0|SPY,169.62,100,16962,36,0.21,0,48,0.28,-7,-0.04,-651,-0.65,4
1022,Exit long,2015-02-06 08:15,TX60,170.93,100,17087,6,0.04,0,31,0.18,-8,-0.05,-645,-0.64,4
1022,Entry long,2015-02-06 07:15,C0|L|MKT|15|v0.3.0-tier0|SPY,170.87,100,17087,6,0.04,0,31,0.18,-8,-0.05,-645,-0.64,4
1023,Exit short,2015-02-10 08:00,TX60,169.54,100,16960,6,0.04,0,41,0.24,-32,-0.19,-639,-0.64,4
1023,Entry short,2015-02-10 07:00,C0|S|MKT|15|v0.3.0-tier0|SPY,169.6,100,16960,6,0.04,0,41,0.24,-32,-0.19,-639,-0.64,4
1024,Exit long,2015-02-11 08:00,TX60,170.72,100,17089,-17,-0.10,0,4,0.02,-42,-0.25,-656,-0.66,4
1024,Entry long,2015-02-11 07:00,C0|L|MKT|15|v0.3.0-tier0|SPY,170.89,100,17089,-17,-0.10,0,4,0.02,-42,-0.25,-656,-0.66,4
1025,Exit long,2015-02-12 08:00,TX60,171.91,100,17198,-7,-0.04,0,21,0.12,-20,-0.12,-663,-0.66,4
1025,Entry long,2015-02-12 07:00,C0|L|MKT|15|v0.3.0-tier0|SPY,171.98,100,17198,-7,-0.04,0,21,0.12,-20,-0.12,-663,-0.66,4
1026,Exit long,2015-02-13 08:00,TX60,172.96,100,17298,-2,-0.01,0,11,0.06,-28,-0.16,-665,-0.66,4
1026,Entry long,2015-02-13 07:00,C0|L|MKT|15|v0.3.0-tier0|SPY,172.98,100,17298,-2,-0.01,0,11,0.06,-28,-0.16,-665,-0.66,4
1027,Exit long,2015-02-17 08:15,TX60,172.97,100,17319,-22,-0.13,0,0,0.00,-30,-0.17,-687,-0.69,4
1027,Entry long,2015-02-17 07:15,C0|L|MKT|15|v0.3.0-tier0|SPY,173.19,100,17319,-22,-0.13,0,0,0.00,-30,-0.17,-687,-0.69,4
1028,Exit short,2015-02-18 08:30,TX60,173.34,100,17300,-34,-0.20,0,3,0.02,-35,-0.20,-721,-0.72,4
1028,Entry short,2015-02-18 07:30,C0|S|MKT|15|v0.3.0-tier0|SPY,173,100,17300,-34,-0.20,0,3,0.02,-35,-0.20,-721,-0.72,4
1029,Exit long,2015-02-19 08:15,TX60,173.47,100,17332,15,0.09,0,23,0.13,-6,-0.03,-706,-0.71,4
1029,Entry long,2015-02-19 07:15,C0|L|MKT|15|v0.3.0-tier0|SPY,173.32,100,17332,15,0.09,0,23,0.13,-6,-0.03,-706,-0.71,4
1030,Exit short,2015-02-20 08:00,TX60,173.19,100,17253,-66,-0.38,0,11,0.06,-79,-0.46,-772,-0.77,4
1030,Entry short,2015-02-20 07:00,C0|S|MKT|15|v0.3.0-tier0|SPY,172.53,100,17253,-66,-0.38,0,11,0.06,-79,-0.46,-772,-0.77,4
1031,Exit long,2015-02-24 08:30,TX60,174.95,100,17476,19,0.11,0,28,0.16,-12,-0.07,-753,-0.75,4
1031,Entry long,2015-02-24 07:30,C0|L|MKT|15|v0.3.0-tier0|SPY,174.76,100,17476,19,0.11,0,28,0.16,-12,-0.07,-753,-0.75,4
1032,Exit short,2015-02-26 08:00,TX60,174.64,100,17421,-43,-0.25,0,2,0.01,-47,-0.27,-796,-0.80,4
1032,Entry short,2015-02-26 07:00,C0|S|MKT|15|v0.3.0-tier0|SPY,174.21,100,17421,-43,-0.25,0,2,0.01,-47,-0.27,-796,-0.80,4
1033,Exit long,2015-03-02 08:00,TX60,174.79,100,17451,28,0.16,0,39,0.22,-2,-0.01,-768,-0.77,4
1033,Entry long,2015-03-02 07:00,C0|L|MKT|15|v0.3.0-tier0|SPY,174.51,100,17451,28,0.16,0,39,0.22,-2,-0.01,-768,-0.77,4
1034,Exit short,2015-03-03 08:00,TX60,174.2,100,17420,0,0.00,0,5,0.03,-25,-0.14,-768,-0.77,4
1034,Entry short,2015-03-03 07:00,C0|S|MKT|15|v0.3.0-tier0|SPY,174.2,100,17420,0,0.00,0,5,0.03,-25,-0.14,-768,-0.77,4
1035,Exit short,2015-03-04 08:15,TX60,173.37,100,17284,-53,-0.31,0,5,0.03,-53,-0.31,-821,-0.82,4
1035,Entry short,2015-03-04 07:15,C0|S|MKT|15|v0.3.0-tier0|SPY,172.84,100,17284,-53,-0.31,0,5,0.03,-53,-0.31,-821,-0.82,4
1036,Exit long,2015-03-05 08:15,TX60,173.7,100,17406,-36,-0.21,0,6,0.03,-48,-0.28,-857,-0.86,4
1036,Entry long,2015-03-05 07:15,C0|L|MKT|15|v0.3.0-tier0|SPY,174.06,100,17406,-36,-0.21,0,6,0.03,-48,-0.28,-857,-0.86,4
1037,Exit long,2015-03-06 08:00,TX60,172.93,100,17334,-41,-0.24,0,7,0.04,-48,-0.28,-898,-0.90,4
1037,Entry long,2015-03-06 07:00,C0|L|MKT|15|v0.3.0-tier0|SPY,173.34,100,17334,-41,-0.24,0,7,0.04,-48,-0.28,-898,-0.90,4
1038,Exit long,2015-03-09 08:15,TX60,171.86,100,17185,1,0.01,0,16,0.09,-21,-0.12,-897,-0.90,4
1038,Entry long,2015-03-09 07:15,C0|L|MKT|15|v0.3.0-tier0|SPY,171.85,100,17185,1,0.01,0,16,0.09,-21,-0.12,-897,-0.90,4
1039,Exit short,2015-03-10 08:15,TX60,170.59,100,17022,-37,-0.22,0,31,0.18,-38,-0.22,-934,-0.93,4
1039,Entry short,2015-03-10 07:15,C0|S|MKT|15|v0.3.0-tier0|SPY,170.22,100,17022,-37,-0.22,0,31,0.18,-38,-0.22,-934,-0.93,4
1040,Exit short,2015-03-13 08:15,TX60,169.75,100,17029,54,0.32,0,93,0.55,-18,-0.11,-880,-0.88,4
1040,Entry short,2015-03-13 07:15,C0|S|MKT|15|v0.3.0-tier0|SPY,170.29,100,17029,54,0.32,0,93,0.55,-18,-0.11,-880,-0.88,4
1041,Exit long,2015-03-16 08:00,TX60,171.63,100,17149,14,0.08,0,27,0.16,-4,-0.02,-866,-0.87,4
1041,Entry long,2015-03-16 07:00,C0|L|MKT|15|v0.3.0-tier0|SPY,171.49,100,17149,14,0.08,0,27,0.16,-4,-0.02,-866,-0.87,4
1042,Exit short,2015-03-17 08:15,TX60,171.31,100,17141,10,0.06,0,26,0.15,-28,-0.16,-856,-0.86,4
1042,Entry short,2015-03-17 07:15,C0|S|MKT|15|v0.3.0-tier0|SPY,171.41,100,17141,10,0.06,0,26,0.15,-28,-0.16,-856,-0.86,4
1043,Exit long,2015-03-18 08:30,TX60,171.12,100,17137,-25,-0.15,0,9,0.05,-27,-0.16,-881,-0.88,4
1043,Entry long,2015-03-18 07:30,C0|L|MKT|15|v0.3.0-tier0|SPY,171.37,100,17137,-25,-0.15,0,9,0.05,-27,-0.16,-881,-0.88,4
1044,Exit long,2015-03-19 08:15,TX60,173.16,100,17352,-36,-0.21,0,17,0.10,-49,-0.28,-917,-0.92,4
1044,Entry long,2015-03-19 07:15,C0|L|MKT|15|v0.3.0-tier0|SPY,173.52,100,17352,-36,-0.21,0,17,0.10,-49,-0.28,-917,-0.92,4
1045,Exit long,2015-03-23 08:15,TX60,174.94,100,17511,-17,-0.10,0,2,0.01,-32,-0.18,-934,-0.93,4
1045,Entry long,2015-03-23 07:15,C0|L|MKT|15|v0.3.0-tier0|SPY,175.11,100,17511,-17,-0.10,0,2,0.01,-32,-0.18,-934,-0.93,4
1046,Exit long,2015-03-24 08:15,TX60,174.43,100,17430,13,0.07,0,16,0.09,-20,-0.11,-921,-0.92,4
1046,Entry long,2015-03-24 07:15,C0|L|MKT|15|v0.3.0-tier0|SPY,174.3,100,17430,13,0.07,0,16,0.09,-20,-0.11,-921,-0.92,4
1047,Exit short,2015-03-25 08:00,TX60,173.19,100,17300,-19,-0.11,0,17,0.10,-37,-0.21,-940,-0.94,4
1047,Entry short,2015-03-25 07:00,C0|S|MKT|15|v0.3.0-tier0|SPY,173,100,17300,-19,-0.11,0,17,0.10,-37,-0.21,-940,-0.94,4
1048,Exit short,2015-03-26 08:15,TX60,169.89,100,16959,-30,-0.18,0,22,0.13,-77,-0.45,-970,-0.97,4
1048,Entry short,2015-03-26 07:15,C0|S|MKT|15|v0.3.0-tier0|SPY,169.59,100,16959,-30,-0.18,0,22,0.13,-77,-0.45,-970,-0.97,4
1049,Exit long,2015-03-30 08:00,TX60,172.45,100,17252,-7,-0.04,0,14,0.08,-34,-0.20,-977,-0.98,4
1049,Entry long,2015-03-30 07:00,C0|L|MKT|15|v0.3.0-tier0|SPY,172.52,100,17252,-7,-0.04,0,14,0.08,-34,-0.20,-977,-0.98,4
1050,Exit long,2015-03-31 08:30,TX60,172.47,100,17224,23,0.13,0,42,0.24,-4,-0.02,-954,-0.95,4
1050,Entry long,2015-03-31 07:30,C0|L|MKT|15|v0.3.0-tier0|SPY,172.24,100,17224,23,0.13,0,42,0.24,-4,-0.02,-954,-0.95,4
1051,Exit short,2015-04-01 08:00,TX60,170.66,100,16993,-73,-0.43,0,12,0.07,-92,-0.54,-1027,-1.03,4
1051,Entry short,2015-04-01 07:00,C0|S|MKT|15|v0.3.0-tier0|SPY,169.93,100,16993,-73,-0.43,0,12,0.07,-92,-0.54,-1027,-1.03,4
1052,Exit long,2015-04-02 08:00,TX60,171.25,100,17156,-31,-0.18,0,17,0.10,-45,-0.26,-1058,-1.06,4
1052,Entry long,2015-04-02 07:00,C0|L|MKT|15|v0.3.0-tier0|SPY,171.56,100,17156,-31,-0.18,0,17,0.10,-45,-0.26,-1058,-1.06,4
1053,Exit long,2015-04-06 08:00,TX60,172.24,100,17134,90,0.53,0,101,0.59,0,0.00,-968,-0.97,4
1053,Entry long,2015-04-06 07:00,C0|L|MKT|15|v0.3.0-tier0|SPY,171.34,100,17134,90,0.53,0,101,0.59,0,0.00,-968,-0.97,4
1054,Exit long,2015-04-08 08:00,TX60,172.23,100,17289,-66,-0.38,0,10,0.06,-102,-0.59,-1034,-1.03,4
1054,Entry long,2015-04-08 07:00,C0|L|MKT|15|v0.3.0-tier0|SPY,172.89,100,17289,-66,-0.38,0,10,0.06,-102,-0.59,-1034,-1.03,4
1055,Exit long,2015-04-10 08:15,TX60,173.97,100,17373,24,0.14,0,36,0.21,-10,-0.06,-1010,-1.01,4
1055,Entry long,2015-04-10 07:15,C0|L|MKT|15|v0.3.0-tier0|SPY,173.73,100,17373,24,0.14,0,36,0.21,-10,-0.06,-1010,-1.01,4
1056,Exit long,2015-04-13 08:00,TX60,174.41,100,17461,-20,-0.11,0,14,0.08,-20,-0.11,-1030,-1.03,4
1056,Entry long,2015-04-13 07:00,C0|L|MKT|15|v0.3.0-tier0|SPY,174.61,100,17461,-20,-0.11,0,14,0.08,-20,-0.11,-1030,-1.03,4
1057,Exit short,2015-04-14 08:00,TX60,173.06,100,17316,10,0.06,0,49,0.28,-4,-0.02,-1020,-1.02,4
1057,Entry short,2015-04-14 07:00,C0|S|MKT|15|v0.3.0-tier0|SPY,173.16,100,17316,10,0.06,0,49,0.28,-4,-0.02,-1020,-1.02,4
1058,Exit short,2015-04-17 08:15,TX60,172.59,100,17265,6,0.03,0,33,0.19,-33,-0.19,-1014,-1.01,4
1058,Entry short,2015-04-17 07:15,C0|S|MKT|15|v0.3.0-tier0|SPY,172.65,100,17265,6,0.03,0,33,0.19,-33,-0.19,-1014,-1.01,4
1059,Exit long,2015-04-20 08:00,TX60,174.28,100,17407,21,0.12,0,24,0.14,-22,-0.13,-993,-0.99,4
1059,Entry long,2015-04-20 07:00,C0|L|MKT|15|v0.3.0-tier0|SPY,174.07,100,17407,21,0.12,0,24,0.14,-22,-0.13,-993,-0.99,4
1060,Exit short,2015-04-21 08:15,TX60,174.27,100,17420,-7,-0.04,0,25,0.14,-22,-0.13,-1000,-1.00,4
1060,Entry short,2015-04-21 07:15,C0|S|MKT|15|v0.3.0-tier0|SPY,174.2,100,17420,-7,-0.04,0,25,0.14,-22,-0.13,-1000,-1.00,4
1061,Exit short,2015-04-22 08:15,TX60,174.27,100,17359,-68,-0.39,0,27,0.16,-85,-0.49,-1068,-1.07,4
1061,Entry short,2015-04-22 07:15,C0|S|MKT|15|v0.3.0-tier0|SPY,173.59,100,17359,-68,-0.39,0,27,0.16,-85,-0.49,-1068,-1.07,4
1062,Exit long,2015-04-23 08:00,TX60,174.49,100,17475,-26,-0.15,0,20,0.11,-37,-0.21,-1094,-1.09,4
1062,Entry long,2015-04-23 07:00,C0|L|MKT|15|v0.3.0-tier0|SPY,174.75,100,17475,-26,-0.15,0,20,0.11,-37,-0.21,-1094,-1.09,4
1063,Exit short,2015-04-28 08:15,TX60,175,100,17372,-128,-0.74,0,3,0.02,-137,-0.79,-1222,-1.22,4
1063,Entry short,2015-04-28 07:15,C0|S|MKT|15|v0.3.0-tier0|SPY,173.72,100,17372,-128,-0.74,0,3,0.02,-137,-0.79,-1222,-1.22,4
1064,Exit short,2015-04-29 08:30,TX60,174.77,100,17444,-33,-0.19,0,2,0.01,-58,-0.33,-1255,-1.26,4
1064,Entry short,2015-04-29 07:30,C0|S|MKT|15|v0.3.0-tier0|SPY,174.44,100,17444,-33,-0.19,0,2,0.01,-58,-0.33,-1255,-1.26,4
1065,Exit short,2015-04-30 08:00,TX60,173.62,100,17365,3,0.02,0,30,0.17,-18,-0.10,-1252,-1.25,4
1065,Entry short,2015-04-30 07:00,C0|S|MKT|15|v0.3.0-tier0|SPY,173.65,100,17365,3,0.02,0,30,0.17,-18,-0.10,-1252,-1.25,4
1066,Exit long,2015-05-04 08:00,TX60,175.57,100,17583,-26,-0.15,0,8,0.05,-32,-0.18,-1278,-1.28,4
1066,Entry long,2015-05-04 07:00,C0|L|MKT|15|v0.3.0-tier0|SPY,175.83,100,17583,-26,-0.15,0,8,0.05,-32,-0.18,-1278,-1.28,4
1067,Exit short,2015-05-05 08:00,TX60,174.66,100,17476,10,0.06,0,30,0.17,-20,-0.11,-1268,-1.27,4
1067,Entry short,2015-05-05 07:00,C0|S|MKT|15|v0.3.0-tier0|SPY,174.76,100,17476,10,0.06,0,30,0.17,-20,-0.11,-1268,-1.27,4
1068,Exit short,2015-05-06 08:15,TX60,172.78,100,17255,-23,-0.13,0,9,0.05,-83,-0.48,-1291,-1.29,4
1068,Entry short,2015-05-06 07:15,C0|S|MKT|15|v0.3.0-tier0|SPY,172.55,100,17255,-23,-0.13,0,9,0.05,-83,-0.48,-1291,-1.29,4
1069,Exit long,2015-05-08 08:15,TX60,175.5,100,17541,9,0.05,0,10,0.06,-14,-0.08,-1282,-1.28,4
1069,Entry long,2015-05-08 07:15,C0|L|MKT|15|v0.3.0-tier0|SPY,175.41,100,17541,9,0.05,0,10,0.06,-14,-0.08,-1282,-1.28,4
1070,Exit long,2015-05-14 08:15,TX60,175.43,100,17559,-16,-0.09,0,2,0.01,-20,-0.11,-1298,-1.30,4
1070,Entry long,2015-05-14 07:15,C0|L|MKT|15|v0.3.0-tier0|SPY,175.59,100,17559,-16,-0.09,0,2,0.01,-20,-0.11,-1298,-1.30,4
1071,Exit short,2015-05-15 08:15,TX60,176.12,100,17594,-18,-0.10,0,10,0.06,-30,-0.17,-1316,-1.32,4
1071,Entry short,2015-05-15 07:15,C0|S|MKT|15|v0.3.0-tier0|SPY,175.94,100,17594,-18,-0.10,0,10,0.06,-30,-0.17,-1316,-1.32,4
1072,Exit long,2015-05-18 08:00,TX60,176.25,100,17637,-12,-0.07,0,2,0.01,-26,-0.15,-1328,-1.33,4
1072,Entry long,2015-05-18 07:00,C0|L|MKT|15|v0.3.0-tier0|SPY,176.37,100,17637,-12,-0.07,0,2,0.01,-26,-0.15,-1328,-1.33,4
1073,Exit long,2015-05-21 08:15,TX60,177.05,100,17686,19,0.11,0,23,0.13,-4,-0.02,-1309,-1.31,4
1073,Entry long,2015-05-21 07:15,C0|L|MKT|15|v0.3.0-tier0|SPY,176.86,100,17686,19,0.11,0,23,0.13,-4,-0.02,-1309,-1.31,4
1074,Exit short,2015-05-26 08:00,TX60,174.99,100,17554,55,0.31,0,61,0.35,-10,-0.06,-1254,-1.25,4
1074,Entry short,2015-05-26 07:00,C0|S|MKT|15|v0.3.0-tier0|SPY,175.54,100,17554,55,0.31,0,61,0.35,-10,-0.06,-1254,-1.25,4
1075,Exit long,2015-05-27 08:00,TX60,175.89,100,17579,10,0.06,0,11,0.06,-23,-0.13,-1244,-1.24,4
1075,Entry long,2015-05-27 07:00,C0|L|MKT|15|v0.3.0-tier0|SPY,175.79,100,17579,10,0.06,0,11,0.06,-23,-0.13,-1244,-1.24,4
1076,Exit short,2015-05-28 08:00,TX60,175.8,100,17579,-1,-0.01,0,20,0.11,-28,-0.16,-1245,-1.24,4
1076,Entry short,2015-05-28 07:00,C0|S|MKT|15|v0.3.0-tier0|SPY,175.79,100,17579,-1,-0.01,0,20,0.11,-28,-0.16,-1245,-1.24,4
1077,Exit short,2015-05-29 08:15,TX60,175.16,100,17578,62,0.35,0,86,0.49,-16,-0.09,-1183,-1.18,4
1077,Entry short,2015-05-29 07:15,C0|S|MKT|15|v0.3.0-tier0|SPY,175.78,100,17578,62,0.35,0,86,0.49,-16,-0.09,-1183,-1.18,4
1078,Exit short,2015-06-01 08:00,TX60,175.32,100,17531,-1,-0.01,0,56,0.32,-36,-0.21,-1184,-1.18,4
1078,Entry short,2015-06-01 07:00,C0|S|MKT|15|v0.3.0-tier0|SPY,175.31,100,17531,-1,-0.01,0,56,0.32,-36,-0.21,-1184,-1.18,4
1079,Exit long,2015-06-03 08:15,TX60,176.29,100,17620,9,0.05,0,25,0.14,-9,-0.05,-1175,-1.17,4
1079,Entry long,2015-06-03 07:15,C0|L|MKT|15|v0.3.0-tier0|SPY,176.2,100,17620,9,0.05,0,25,0.14,-9,-0.05,-1175,-1.17,4
1080,Exit long,2015-06-04 08:00,TX60,174.97,100,17535,-38,-0.22,0,35,0.20,-44,-0.25,-1213,-1.21,4
1080,Entry long,2015-06-04 07:00,C0|L|MKT|15|v0.3.0-tier0|SPY,175.35,100,17535,-38,-0.22,0,35,0.20,-44,-0.25,-1213,-1.21,4
1081,Exit long,2015-06-05 08:30,TX60,174.3,100,17443,-13,-0.07,0,29,0.17,-37,-0.21,-1226,-1.23,4
1081,Entry long,2015-06-05 07:30,C0|L|MKT|15|v0.3.0-tier0|SPY,174.43,100,17443,-13,-0.07,0,29,0.17,-37,-0.21,-1226,-1.23,4
1082,Exit short,2015-06-09 08:00,TX60,173.05,100,17255,-50,-0.29,0,23,0.13,-52,-0.30,-1276,-1.28,4
1082,Entry short,2015-06-09 07:00,C0|S|MKT|15|v0.3.0-tier0|SPY,172.55,100,17255,-50,-0.29,0,23,0.13,-52,-0.30,-1276,-1.28,4
1083,Exit long,2015-06-10 08:00,TX60,174.71,100,17416,55,0.32,0,57,0.33,0,0.00,-1221,-1.22,4
1083,Entry long,2015-06-10 07:00,C0|L|MKT|15|v0.3.0-tier0|SPY,174.16,100,17416,55,0.32,0,57,0.33,0,0.00,-1221,-1.22,4
1084,Exit long,2015-06-11 08:00,TX60,175.31,100,17584,-53,-0.30,0,12,0.07,-60,-0.34,-1274,-1.27,4
1084,Entry long,2015-06-11 07:00,C0|L|MKT|15|v0.3.0-tier0|SPY,175.84,100,17584,-53,-0.30,0,12,0.07,-60,-0.34,-1274,-1.27,4
1085,Exit long,2015-06-18 08:00,TX60,176.36,100,17579,57,0.32,0,60,0.34,0,0.00,-1217,-1.22,4
1085,Entry long,2015-06-18 07:00,C0|L|MKT|15|v0.3.0-tier0|SPY,175.79,100,17579,57,0.32,0,60,0.34,0,0.00,-1217,-1.22,4
1086,Exit long,2015-06-22 08:15,TX60,177.15,100,17696,19,0.11,0,20,0.11,-14,-0.08,-1198,-1.20,4
1086,Entry long,2015-06-22 07:15,C0|L|MKT|15|v0.3.0-tier0|SPY,176.96,100,17696,19,0.11,0,20,0.11,-14,-0.08,-1198,-1.20,4
1087,Exit long,2015-06-23 08:15,TX60,176.68,100,17705,-37,-0.21,0,0,0.00,-54,-0.30,-1235,-1.23,4
1087,Entry long,2015-06-23 07:15,C0|L|MKT|15|v0.3.0-tier0|SPY,177.05,100,17705,-37,-0.21,0,0,0.00,-54,-0.30,-1235,-1.23,4
1088,Exit long,2015-06-24 08:30,TX60,176.42,100,17678,-36,-0.20,0,10,0.06,-50,-0.28,-1271,-1.27,4
1088,Entry long,2015-06-24 07:30,C0|L|MKT|15|v0.3.0-tier0|SPY,176.78,100,17678,-36,-0.20,0,10,0.06,-50,-0.28,-1271,-1.27,4
1089,Exit long,2015-06-26 08:00,TX60,174.98,100,17540,-42,-0.24,0,16,0.09,-46,-0.26,-1313,-1.31,4
1089,Entry long,2015-06-26 07:00,C0|L|MKT|15|v0.3.0-tier0|SPY,175.4,100,17540,-42,-0.24,0,16,0.09,-46,-0.26,-1313,-1.31,4
1090,Exit short,2015-06-30 08:00,TX60,171.88,100,17187,-1,-0.01,0,41,0.24,-25,-0.15,-1314,-1.31,4
1090,Entry short,2015-06-30 07:00,C0|S|MKT|15|v0.3.0-tier0|SPY,171.87,100,17187,-1,-0.01,0,41,0.24,-25,-0.15,-1314,-1.31,4
1091,Exit short,2015-07-02 08:00,TX60,173.15,100,17330,15,0.09,0,31,0.18,-12,-0.07,-1299,-1.30,4
1091,Entry short,2015-07-02 07:00,C0|S|MKT|15|v0.3.0-tier0|SPY,173.3,100,17330,15,0.09,0,31,0.18,-12,-0.07,-1299,-1.30,4
1092,Exit long,2015-07-06 08:00,TX60,172.76,100,17207,69,0.40,0,105,0.61,-12,-0.07,-1230,-1.23,4
1092,Entry long,2015-07-06 07:00,C0|L|MKT|15|v0.3.0-tier0|SPY,172.07,100,17207,69,0.40,0,105,0.61,-12,-0.07,-1230,-1.23,4
1093,Exit short,2015-07-07 08:00,TX60,170.84,100,17172,88,0.51,0,135,0.79,0,0.00,-1142,-1.14,4
1093,Entry short,2015-07-07 07:00,C0|S|MKT|15|v0.3.0-tier0|SPY,171.72,100,17172,88,0.51,0,135,0.79,0,0.00,-1142,-1.14,4
1094,Exit short,2015-07-08 08:00,TX60,171.93,100,17172,-21,-0.12,0,53,0.31,-35,-0.20,-1163,-1.16,4
1094,Entry short,2015-07-08 07:00,C0|S|MKT|15|v0.3.0-tier0|SPY,171.72,100,17172,-21,-0.12,0,53,0.31,-35,-0.20,-1163,-1.16,4
1095,Exit short,2015-07-09 08:00,TX60,172.2,100,17242,22,0.13,0,72,0.42,-11,-0.06,-1141,-1.14,4
1095,Entry short,2015-07-09 07:00,C0|S|MKT|15|v0.3.0-tier0|SPY,172.42,100,17242,22,0.13,0,72,0.42,-11,-0.06,-1141,-1.14,4
1096,Exit short,2015-07-10 08:00,TX60,172.53,100,17247,-6,-0.03,0,31,0.18,-28,-0.16,-1147,-1.15,4
1096,Entry short,2015-07-10 07:00,C0|S|MKT|15|v0.3.0-tier0|SPY,172.47,100,17247,-6,-0.03,0,31,0.18,-28,-0.16,-1147,-1.15,4
1097,Exit long,2015-07-13 08:00,TX60,174.57,100,17452,5,0.03,0,26,0.15,-7,-0.04,-1142,-1.14,4
1097,Entry long,2015-07-13 07:00,C0|L|MKT|15|v0.3.0-tier0|SPY,174.52,100,17452,5,0.03,0,26,0.15,-7,-0.04,-1142,-1.14,4
1098,Exit long,2015-07-14 08:00,TX60,175.4,100,17523,17,0.10,0,23,0.13,-10,-0.06,-1125,-1.12,4
1098,Entry long,2015-07-14 07:00,C0|L|MKT|15|v0.3.0-tier0|SPY,175.23,100,17523,17,0.10,0,23,0.13,-10,-0.06,-1125,-1.12,4
1099,Exit long,2015-07-15 08:15,TX60,176,100,17589,11,0.06,0,25,0.14,-9,-0.05,-1114,-1.11,4
1099,Entry long,2015-07-15 07:15,C0|L|MKT|15|v0.3.0-tier0|SPY,175.89,100,17589,11,0.06,0,25,0.14,-9,-0.05,-1114,-1.11,4
1100,Exit short,2015-07-17 08:15,TX60,176.79,100,17663,-16,-0.09,0,5,0.03,-24,-0.14,-1130,-1.13,4
1100,Entry short,2015-07-17 07:15,C0|S|MKT|15|v0.3.0-tier0|SPY,176.63,100,17663,-16,-0.09,0,5,0.03,-24,-0.14,-1130,-1.13,4
1101,Exit short,2015-07-20 08:00,TX60,177.29,100,17708,-21,-0.12,0,15,0.08,-25,-0.14,-1151,-1.15,4
1101,Entry short,2015-07-20 07:00,C0|S|MKT|15|v0.3.0-tier0|SPY,177.08,100,17708,-21,-0.12,0,15,0.08,-25,-0.14,-1151,-1.15,4
1102,Exit long,2015-07-22 08:00,TX60,176.36,100,17642,-6,-0.03,0,13,0.07,-39,-0.22,-1157,-1.16,4
1102,Entry long,2015-07-22 07:00,C0|L|MKT|15|v0.3.0-tier0|SPY,176.42,100,17642,-6,-0.03,0,13,0.07,-39,-0.22,-1157,-1.16,4
1103,Exit short,2015-07-24 08:30,TX60,174.57,100,17472,15,0.09,0,34,0.19,0,0.00,-1142,-1.14,4
1103,Entry short,2015-07-24 07:30,C0|S|MKT|15|v0.3.0-tier0|SPY,174.72,100,17472,15,0.09,0,34,0.19,0,0.00,-1142,-1.14,4
1104,Exit short,2015-07-28 08:30,TX60,173.44,100,17250,-94,-0.54,0,3,0.02,-94,-0.54,-1236,-1.24,4
1104,Entry short,2015-07-28 07:30,C0|S|MKT|15|v0.3.0-tier0|SPY,172.5,100,17250,-94,-0.54,0,3,0.02,-94,-0.54,-1236,-1.24,4
1105,Exit short,2015-07-30 08:00,TX60,174.92,100,17474,-18,-0.10,0,11,0.06,-61,-0.35,-1254,-1.25,4
1105,Entry short,2015-07-30 07:00,C0|S|MKT|15|v0.3.0-tier0|SPY,174.74,100,17474,-18,-0.10,0,11,0.06,-61,-0.35,-1254,-1.25,4
1106,Exit short,2015-07-31 08:00,TX60,176.08,100,17560,-48,-0.27,0,6,0.03,-59,-0.34,-1302,-1.30,4
1106,Entry short,2015-07-31 07:00,C0|S|MKT|15|v0.3.0-tier0|SPY,175.6,100,17560,-48,-0.27,0,6,0.03,-59,-0.34,-1302,-1.30,4
1107,Exit long,2015-08-04 08:15,TX60,174.92,100,17513,-21,-0.12,0,15,0.09,-58,-0.33,-1323,-1.32,4
1107,Entry long,2015-08-04 07:15,C0|L|MKT|15|v0.3.0-tier0|SPY,175.13,100,17513,-21,-0.12,0,15,0.09,-58,-0.33,-1323,-1.32,4
1108,Exit long,2015-08-05 08:00,TX60,175.95,100,17583,12,0.07,0,35,0.20,-19,-0.11,-1311,-1.31,4
1108,Entry long,2015-08-05 07:00,C0|L|MKT|15|v0.3.0-tier0|SPY,175.83,100,17583,12,0.07,0,35,0.20,-19,-0.11,-1311,-1.31,4
1109,Exit short,2015-08-06 08:00,TX60,174.37,100,17453,16,0.09,0,33,0.19,-23,-0.13,-1295,-1.29,4
1109,Entry short,2015-08-06 07:00,C0|S|MKT|15|v0.3.0-tier0|SPY,174.53,100,17453,16,0.09,0,33,0.19,-23,-0.13,-1295,-1.29,4
1110,Exit short,2015-08-07 08:30,TX60,172.74,100,17302,28,0.16,0,40,0.23,-46,-0.27,-1267,-1.27,4
1110,Entry short,2015-08-07 07:30,C0|S|MKT|15|v0.3.0-tier0|SPY,173.02,100,17302,28,0.16,0,40,0.23,-46,-0.27,-1267,-1.27,4
1111,Exit long,2015-08-10 08:00,TX60,175.11,100,17497,14,0.08,0,23,0.13,-9,-0.05,-1253,-1.25,4
1111,Entry long,2015-08-10 07:00,C0|L|MKT|15|v0.3.0-tier0|SPY,174.97,100,17497,14,0.08,0,23,0.13,-9,-0.05,-1253,-1.25,4
1112,Exit short,2015-08-12 08:15,TX60,171.79,100,17165,-14,-0.08,0,43,0.25,-31,-0.18,-1267,-1.27,4
1112,Entry short,2015-08-12 07:15,C0|S|MKT|15|v0.3.0-tier0|SPY,171.65,100,17165,-14,-0.08,0,43,0.25,-31,-0.18,-1267,-1.27,4
1113,Exit short,2015-08-13 08:15,TX60,173.8,100,17354,-26,-0.15,0,11,0.06,-64,-0.37,-1293,-1.29,4
1113,Entry short,2015-08-13 07:15,C0|S|MKT|15|v0.3.0-tier0|SPY,173.54,100,17354,-26,-0.15,0,11,0.06,-64,-0.37,-1293,-1.29,4
1114,Exit long,2015-08-14 08:00,TX60,173.95,100,17423,-28,-0.16,0,10,0.06,-35,-0.20,-1321,-1.32,4
1114,Entry long,2015-08-14 07:00,C0|L|MKT|15|v0.3.0-tier0|SPY,174.23,100,17423,-28,-0.16,0,10,0.06,-35,-0.20,-1321,-1.32,4
1115,Exit long,2015-08-17 08:15,TX60,175.08,100,17418,90,0.52,0,95,0.55,-2,-0.01,-1231,-1.23,4
1115,Entry long,2015-08-17 07:15,C0|L|MKT|15|v0.3.0-tier0|SPY,174.18,100,17418,90,0.52,0,95,0.55,-2,-0.01,-1231,-1.23,4
1116,Exit short,2015-08-19 08:00,TX60,173.33,100,17365,32,0.18,0,46,0.26,-46,-0.26,-1199,-1.20,4
1116,Entry short,2015-08-19 07:00,C0|S|MKT|15|v0.3.0-tier0|SPY,173.65,100,17365,32,0.18,0,46,0.26,-46,-0.26,-1199,-1.20,4
1117,Exit short,2015-08-20 08:15,TX60,171.54,100,17187,33,0.19,0,56,0.33,-19,-0.11,-1166,-1.17,4
1117,Entry short,2015-08-20 07:15,C0|S|MKT|15|v0.3.0-tier0|SPY,171.87,100,17187,33,0.19,0,56,0.33,-19,-0.11,-1166,-1.17,4
1118,Exit long,2015-08-24 08:15,TX60,160.02,100,15936,66,0.41,0,208,1.31,-38,-0.24,-1100,-1.10,4
1118,Entry long,2015-08-24 07:15,C0|L|MKT|15|v0.3.0-tier0|SPY,159.36,100,15936,66,0.41,0,208,1.31,-38,-0.24,-1100,-1.10,4
1119,Exit short,2015-08-26 08:30,TX60,158.35,100,15873,38,0.24,0,71,0.45,-77,-0.49,-1062,-1.06,4
1119,Entry short,2015-08-26 07:30,C0|S|MKT|15|v0.3.0-tier0|SPY,158.73,100,15873,38,0.24,0,71,0.45,-77,-0.49,-1062,-1.06,4
1120,Exit long,2015-08-28 08:00,TX60,165.68,100,16599,-31,-0.19,0,26,0.16,-61,-0.37,-1093,-1.09,4
1120,Entry long,2015-08-28 07:00,C0|L|MKT|15|v0.3.0-tier0|SPY,165.99,100,16599,-31,-0.19,0,26,0.16,-61,-0.37,-1093,-1.09,4
1121,Exit short,2015-08-31 08:00,TX60,165.05,100,16465,-40,-0.24,0,40,0.24,-79,-0.48,-1133,-1.13,4
1121,Entry short,2015-08-31 07:00,C0|S|MKT|15|v0.3.0-tier0|SPY,164.65,100,16465,-40,-0.24,0,40,0.24,-79,-0.48,-1133,-1.13,4
1122,Exit long,2015-09-01 08:30,TX60,161.73,100,16191,-18,-0.11,0,39,0.24,-72,-0.44,-1151,-1.15,4
1122,Entry long,2015-09-01 07:30,C0|L|MKT|15|v0.3.0-tier0|SPY,161.91,100,16191,-18,-0.11,0,39,0.24,-72,-0.44,-1151,-1.15,4
1123,Exit short,2015-09-02 08:00,TX60,160.93,100,16141,48,0.30,0,97,0.60,-46,-0.28,-1103,-1.10,4
1123,Entry short,2015-09-02 07:00,C0|S|MKT|15|v0.3.0-tier0|SPY,161.41,100,16141,48,0.30,0,97,0.60,-46,-0.28,-1103,-1.10,4
1124,Exit long,2015-09-03 08:30,TX60,164.55,100,16466,-11,-0.07,0,46,0.28,-30,-0.18,-1114,-1.11,4
1124,Entry long,2015-09-03 07:30,C0|L|MKT|15|v0.3.0-tier0|SPY,164.66,100,16466,-11,-0.07,0,46,0.28,-30,-0.18,-1114,-1.11,4
1125,Exit short,2015-09-08 08:15,TX60,163.02,100,16314,12,0.07,0,41,0.25,-24,-0.15,-1102,-1.10,4
1125,Entry short,2015-09-08 07:15,C0|S|MKT|15|v0.3.0-tier0|SPY,163.14,100,16314,12,0.07,0,41,0.25,-24,-0.15,-1102,-1.10,4
1126,Exit short,2015-09-09 08:15,TX60,165.13,100,16528,15,0.09,0,62,0.38,-17,-0.10,-1087,-1.09,4
1126,Entry short,2015-09-09 07:15,C0|S|MKT|15|v0.3.0-tier0|SPY,165.28,100,16528,15,0.09,0,62,0.38,-17,-0.10,-1087,-1.09,4
1127,Exit short,2015-09-10 08:15,TX60,162.84,100,16210,-74,-0.46,0,15,0.09,-158,-0.97,-1161,-1.16,4
1127,Entry short,2015-09-10 07:15,C0|S|MKT|15|v0.3.0-tier0|SPY,162.1,100,16210,-74,-0.46,0,15,0.09,-158,-0.97,-1161,-1.16,4
1128,Exit short,2015-09-11 08:00,TX60,162.42,100,16233,-9,-0.06,0,14,0.09,-47,-0.29,-1170,-1.17,4
1128,Entry short,2015-09-11 07:00,C0|S|MKT|15|v0.3.0-tier0|SPY,162.33,100,16233,-9,-0.06,0,14,0.09,-47,-0.29,-1170,-1.17,4
1129,Exit short,2015-09-14 08:00,TX60,163.59,100,16329,-30,-0.18,0,7,0.04,-56,-0.34,-1200,-1.20,4
1129,Entry short,2015-09-14 07:00,C0|S|MKT|15|v0.3.0-tier0|SPY,163.29,100,16329,-30,-0.18,0,7,0.04,-56,-0.34,-1200,-1.20,4
1130,Exit long,2015-09-15 08:30,TX60,164.7,100,16410,60,0.37,0,83,0.51,0,0.00,-1140,-1.14,4
1130,Entry long,2015-09-15 07:30,C0|L|MKT|15|v0.3.0-tier0|SPY,164.1,100,16410,60,0.37,0,83,0.51,0,0.00,-1140,-1.14,4
1131,Exit long,2015-09-17 08:00,TX60,166.99,100,16685,14,0.08,0,24,0.14,-12,-0.07,-1126,-1.13,4
1131,Entry long,2015-09-17 07:00,C0|L|MKT|15|v0.3.0-tier0|SPY,166.85,100,16685,14,0.08,0,24,0.14,-12,-0.07,-1126,-1.13,4
1132,Exit long,2015-09-18 08:15,TX60,165.17,100,16494,23,0.14,0,44,0.27,-33,-0.20,-1103,-1.10,4
1132,Entry long,2015-09-18 07:15,C0|L|MKT|15|v0.3.0-tier0|SPY,164.94,100,16494,23,0.14,0,44,0.27,-33,-0.20,-1103,-1.10,4
1133,Exit short,2015-09-24 08:00,TX60,159.95,100,16042,47,0.29,0,54,0.34,-31,-0.19,-1056,-1.06,4
1133,Entry short,2015-09-24 07:00,C0|S|MKT|15|v0.3.0-tier0|SPY,160.42,100,16042,47,0.29,0,54,0.34,-31,-0.19,-1056,-1.06,4
1134,Exit short,2015-09-28 08:00,TX60,159.7,100,15981,11,0.07,0,56,0.35,-13,-0.08,-1045,-1.04,4
1134,Entry short,2015-09-28 07:00,C0|S|MKT|15|v0.3.0-tier0|SPY,159.81,100,15981,11,0.07,0,56,0.35,-13,-0.08,-1045,-1.04,4
1135,Exit long,2015-09-29 08:00,TX60,158.39,100,15811,28,0.18,0,90,0.57,-28,-0.18,-1017,-1.02,4
1135,Entry long,2015-09-29 07:00,C0|L|MKT|15|v0.3.0-tier0|SPY,158.11,100,15811,28,0.18,0,90,0.57,-28,-0.18,-1017,-1.02,4
1136,Exit long,2015-09-30 08:30,TX60,160.09,100,16031,-22,-0.14,0,16,0.10,-51,-0.32,-1039,-1.04,4
1136,Entry long,2015-09-30 07:30,C0|L|MKT|15|v0.3.0-tier0|SPY,160.31,100,16031,-22,-0.14,0,16,0.10,-51,-0.32,-1039,-1.04,4
1137,Exit short,2015-10-01 08:00,TX60,160.05,100,16015,10,0.06,0,40,0.25,-77,-0.48,-1029,-1.03,4
1137,Entry short,2015-10-01 07:00,C0|S|MKT|15|v0.3.0-tier0|SPY,160.15,100,16015,10,0.06,0,40,0.25,-77,-0.48,-1029,-1.03,4
1138,Exit long,2015-10-05 08:00,TX60,165.24,100,16535,-11,-0.07,0,24,0.15,-38,-0.23,-1040,-1.04,4
1138,Entry long,2015-10-05 07:00,C0|L|MKT|15|v0.3.0-tier0|SPY,165.35,100,16535,-11,-0.07,0,24,0.15,-38,-0.23,-1040,-1.04,4
1139,Exit long,2015-10-06 08:00,TX60,165.84,100,16671,-87,-0.52,0,1,0.01,-102,-0.61,-1127,-1.13,4
1139,Entry long,2015-10-06 07:00,C0|L|MKT|15|v0.3.0-tier0|SPY,166.71,100,16671,-87,-0.52,0,1,0.01,-102,-0.61,-1127,-1.13,4
1140,Exit long,2015-10-07 08:00,TX60,166.62,100,16716,-54,-0.32,0,30,0.18,-90,-0.54,-1181,-1.18,4
1140,Entry long,2015-10-07 07:00,C0|L|MKT|15|v0.3.0-tier0|SPY,167.16,100,16716,-54,-0.32,0,30,0.18,-90,-0.54,-1181,-1.18,4
1141,Exit short,2015-10-09 08:15,TX60,168.91,100,16854,-37,-0.22,0,7,0.04,-66,-0.39,-1218,-1.22,4
1141,Entry short,2015-10-09 07:15,C0|S|MKT|15|v0.3.0-tier0|SPY,168.54,100,16854,-37,-0.22,0,7,0.04,-66,-0.39,-1218,-1.22,4
1142,Exit long,2015-10-13 08:00,TX60,169.23,100,16859,64,0.38,0,68,0.40,-5,-0.03,-1154,-1.15,4
1142,Entry long,2015-10-13 07:00,C0|L|MKT|15|v0.3.0-tier0|SPY,168.59,100,16859,64,0.38,0,68,0.40,-5,-0.03,-1154,-1.15,4
1143,Exit long,2015-10-14 08:00,TX60,167.24,100,16824,-100,-0.59,0,4,0.02,-118,-0.70,-1254,-1.25,4
1143,Entry long,2015-10-14 07:00,C0|L|MKT|15|v0.3.0-tier0|SPY,168.24,100,16824,-100,-0.59,0,4,0.02,-118,-0.70,-1254,-1.25,4
1144,Exit short,2015-10-16 08:30,TX60,169.8,100,16959,-21,-0.12,0,9,0.05,-38,-0.22,-1275,-1.27,4
1144,Entry short,2015-10-16 07:30,C0|S|MKT|15|v0.3.0-tier0|SPY,169.59,100,16959,-21,-0.12,0,9,0.05,-38,-0.22,-1275,-1.27,4
1145,Exit long,2015-10-19 08:00,TX60,170.07,100,17002,5,0.03,0,17,0.10,-31,-0.18,-1270,-1.27,4
1145,Entry long,2015-10-19 07:00,C0|L|MKT|15|v0.3.0-tier0|SPY,170.02,100,17002,5,0.03,0,17,0.10,-31,-0.18,-1270,-1.27,4
1146,Exit long,2015-10-20 08:00,TX60,170.71,100,17036,35,0.21,0,46,0.27,-12,-0.07,-1235,-1.23,4
1146,Entry long,2015-10-20 07:00,C0|L|MKT|15|v0.3.0-tier0|SPY,170.36,100,17036,35,0.21,0,46,0.27,-12,-0.07,-1235,-1.23,4
1147,Exit short,2015-10-21 08:15,TX60,169.87,100,17014,27,0.16,0,41,0.24,-13,-0.08,-1208,-1.21,4
1147,Entry short,2015-10-21 07:15,C0|S|MKT|15|v0.3.0-tier0|SPY,170.14,100,17014,27,0.16,0,41,0.24,-13,-0.08,-1208,-1.21,4
1148,Exit long,2015-10-22 08:00,TX60,171.39,100,17089,50,0.29,0,51,0.30,-8,-0.05,-1158,-1.16,4
1148,Entry long,2015-10-22 07:00,C0|L|MKT|15|v0.3.0-tier0|SPY,170.89,100,17089,50,0.29,0,51,0.30,-8,-0.05,-1158,-1.16,4
1149,Exit long,2015-10-23 08:00,TX60,173.47,100,17406,-59,-0.34,0,5,0.03,-80,-0.46,-1217,-1.22,4
1149,Entry long,2015-10-23 07:00,C0|L|MKT|15|v0.3.0-tier0|SPY,174.06,100,17406,-59,-0.34,0,5,0.03,-80,-0.46,-1217,-1.22,4
1150,Exit short,2015-10-26 08:00,TX60,173.59,100,17331,-28,-0.16,0,20,0.12,-34,-0.20,-1245,-1.24,4
1150,Entry short,2015-10-26 07:00,C0|S|MKT|15|v0.3.0-tier0|SPY,173.31,100,17331,-28,-0.16,0,20,0.12,-34,-0.20,-1245,-1.24,4
1151,Exit long,2015-10-27 08:00,TX60,173.13,100,17316,-3,-0.02,0,6,0.03,-49,-0.28,-1248,-1.25,4
1151,Entry long,2015-10-27 07:00,C0|L|MKT|15|v0.3.0-tier0|SPY,173.16,100,17316,-3,-0.02,0,6,0.03,-49,-0.28,-1248,-1.25,4
1152,Exit long,2015-10-28 08:00,TX60,174.34,100,17377,57,0.33,0,57,0.33,-5,-0.03,-1191,-1.19,4
1152,Entry long,2015-10-28 07:00,C0|L|MKT|15|v0.3.0-tier0|SPY,173.77,100,17377,57,0.33,0,57,0.33,-5,-0.03,-1191,-1.19,4
1153,Exit long,2015-10-29 08:15,TX60,174.72,100,17509,-37,-0.21,0,1,0.01,-60,-0.34,-1228,-1.23,4
1153,Entry long,2015-10-29 07:15,C0|L|MKT|15|v0.3.0-tier0|SPY,175.09,100,17509,-37,-0.21,0,1,0.01,-60,-0.34,-1228,-1.23,4
1154,Exit short,2015-10-30 08:00,TX60,174.94,100,17487,-7,-0.04,0,22,0.13,-19,-0.11,-1235,-1.23,4
1154,Entry short,2015-10-30 07:00,C0|S|MKT|15|v0.3.0-tier0|SPY,174.87,100,17487,-7,-0.04,0,22,0.13,-19,-0.11,-1235,-1.23,4
1155,Exit long,2015-11-02 08:00,TX60,175.27,100,17513,14,0.08,0,28,0.16,-12,-0.07,-1221,-1.22,4
1155,Entry long,2015-11-02 07:00,C0|L|MKT|15|v0.3.0-tier0|SPY,175.13,100,17513,14,0.08,0,28,0.16,-12,-0.07,-1221,-1.22,4
1156,Exit long,2015-11-03 08:30,TX60,176.34,100,17622,12,0.07,0,22,0.12,-4,-0.02,-1209,-1.21,4
1156,Entry long,2015-11-03 07:30,C0|L|MKT|15|v0.3.0-tier0|SPY,176.22,100,17622,12,0.07,0,22,0.12,-4,-0.02,-1209,-1.21,4
1157,Exit short,2015-11-04 08:00,TX60,176.44,100,17656,12,0.07,0,27,0.15,-41,-0.23,-1197,-1.20,4
1157,Entry short,2015-11-04 07:00,C0|S|MKT|15|v0.3.0-tier0|SPY,176.56,100,17656,12,0.07,0,27,0.15,-41,-0.23,-1197,-1.20,4
1158,Exit long,2015-11-05 08:00,TX60,175.51,100,17672,-121,-0.68,0,10,0.06,-149,-0.84,-1318,-1.32,4
1158,Entry long,2015-11-05 07:00,C0|L|MKT|15|v0.3.0-tier0|SPY,176.72,100,17672,-121,-0.68,0,10,0.06,-149,-0.84,-1318,-1.32,4
1159,Exit short,2015-11-06 08:00,TX60,175.52,100,17527,-25,-0.14,0,56,0.32,-61,-0.35,-1343,-1.34,4
1159,Entry short,2015-11-06 07:00,C0|S|MKT|15|v0.3.0-tier0|SPY,175.27,100,17527,-25,-0.14,0,56,0.32,-61,-0.35,-1343,-1.34,4
1160,Exit short,2015-11-09 08:00,TX60,174.51,100,17484,33,0.19,0,59,0.34,-9,-0.05,-1310,-1.31,4
1160,Entry short,2015-11-09 07:00,C0|S|MKT|15|v0.3.0-tier0|SPY,174.84,100,17484,33,0.19,0,59,0.34,-9,-0.05,-1310,-1.31,4
1161,Exit short,2015-11-10 08:30,TX60,173.92,100,17381,-11,-0.06,0,10,0.06,-46,-0.26,-1321,-1.32,4
1161,Entry short,2015-11-10 07:30,C0|S|MKT|15|v0.3.0-tier0|SPY,173.81,100,17381,-11,-0.06,0,10,0.06,-46,-0.26,-1321,-1.32,4
1162,Exit short,2015-11-11 08:00,TX60,174.31,100,17466,35,0.20,0,61,0.35,-8,-0.05,-1286,-1.29,4
1162,Entry short,2015-11-11 07:00,C0|S|MKT|15|v0.3.0-tier0|SPY,174.66,100,17466,35,0.20,0,61,0.35,-8,-0.05,-1286,-1.29,4
1163,Exit short,2015-11-13 08:00,TX60,170.64,100,17102,38,0.22,0,88,0.51,-14,-0.08,-1248,-1.25,4
1163,Entry short,2015-11-13 07:00,C0|S|MKT|15|v0.3.0-tier0|SPY,171.02,100,17102,38,0.22,0,88,0.51,-14,-0.08,-1248,-1.25,4
1164,Exit long,2015-11-20 08:00,TX60,175.67,100,17595,-28,-0.16,0,14,0.08,-32,-0.18,-1276,-1.28,4
1164,Entry long,2015-11-20 07:00,C0|L|MKT|15|v0.3.0-tier0|SPY,175.95,100,17595,-28,-0.16,0,14,0.08,-32,-0.18,-1276,-1.28,4
1165,Exit long,2015-11-23 08:15,TX60,175.9,100,17573,17,0.10,0,25,0.14,-5,-0.03,-1259,-1.26,4
1165,Entry long,2015-11-23 07:15,C0|L|MKT|15|v0.3.0-tier0|SPY,175.73,100,17573,17,0.10,0,25,0.14,-5,-0.03,-1259,-1.26,4
1166,Exit long,2015-11-25 08:00,TX60,175.58,100,17563,-5,-0.03,0,13,0.07,-22,-0.13,-1264,-1.26,4
1166,Entry long,2015-11-25 07:00,C0|L|MKT|15|v0.3.0-tier0|SPY,175.63,100,17563,-5,-0.03,0,13,0.07,-22,-0.13,-1264,-1.26,4
1167,Exit short,2015-11-27 08:15,TX60,175.65,100,17531,-34,-0.19,0,9,0.05,-37,-0.21,-1298,-1.30,4
1167,Entry short,2015-11-27 07:15,C0|S|MKT|15|v0.3.0-tier0|SPY,175.31,100,17531,-34,-0.19,0,9,0.05,-37,-0.21,-1298,-1.30,4
1168,Exit short,2015-11-30 08:00,TX60,175.34,100,17530,-4,-0.02,0,13,0.07,-28,-0.16,-1302,-1.30,4
1168,Entry short,2015-11-30 07:00,C0|S|MKT|15|v0.3.0-tier0|SPY,175.3,100,17530,-4,-0.02,0,13,0.07,-28,-0.16,-1302,-1.30,4
1169,Exit long,2015-12-01 08:00,TX60,175.91,100,17619,-28,-0.16,0,2,0.01,-93,-0.53,-1330,-1.33,4
1169,Entry long,2015-12-01 07:00,C0|L|MKT|15|v0.3.0-tier0|SPY,176.19,100,17619,-28,-0.16,0,2,0.01,-93,-0.53,-1330,-1.33,4
1170,Exit short,2015-12-03 08:00,TX60,174.12,100,17440,28,0.16,0,71,0.41,0,0.00,-1302,-1.30,4
1170,Entry short,2015-12-03 07:00,C0|S|MKT|15|v0.3.0-tier0|SPY,174.4,100,17440,28,0.16,0,71,0.41,0,0.00,-1302,-1.30,4
1171,Exit long,2015-12-04 08:00,TX60,174.62,100,17373,89,0.51,0,92,0.53,-26,-0.15,-1213,-1.21,4
1171,Entry long,2015-12-04 07:00,C0|L|MKT|15|v0.3.0-tier0|SPY,173.73,100,17373,89,0.51,0,92,0.53,-26,-0.15,-1213,-1.21,4
1172,Exit short,2015-12-07 08:00,TX60,174.15,100,17484,69,0.39,0,93,0.53,-5,-0.03,-1144,-1.14,4
1172,Entry short,2015-12-07 07:00,C0|S|MKT|15|v0.3.0-tier0|SPY,174.84,100,17484,69,0.39,0,93,0.53,-5,-0.03,-1144,-1.14,4
1173,Exit long,2015-12-09 08:15,TX60,174.25,100,17428,-3,-0.02,0,61,0.35,-16,-0.09,-1147,-1.15,4
1173,Entry long,2015-12-09 07:15,C0|L|MKT|15|v0.3.0-tier0|SPY,174.28,100,17428,-3,-0.02,0,61,0.35,-16,-0.09,-1147,-1.15,4
1174,Exit short,2015-12-11 08:00,TX60,170.17,100,17013,-4,-0.02,0,14,0.08,-95,-0.56,-1151,-1.15,4
1174,Entry short,2015-12-11 07:00,C0|S|MKT|15|v0.3.0-tier0|SPY,170.13,100,17013,-4,-0.02,0,14,0.08,-95,-0.56,-1151,-1.15,4
1175,Exit short,2015-12-14 08:00,TX60,168.79,100,16894,15,0.09,0,63,0.37,-117,-0.69,-1136,-1.14,4
1175,Entry short,2015-12-14 07:00,C0|S|MKT|15|v0.3.0-tier0|SPY,168.94,100,16894,15,0.09,0,63,0.37,-117,-0.69,-1136,-1.14,4
1176,Exit long,2015-12-15 08:00,TX60,171.95,100,17227,-32,-0.19,0,7,0.04,-53,-0.31,-1168,-1.17,4
1176,Entry long,2015-12-15 07:00,C0|L|MKT|15|v0.3.0-tier0|SPY,172.27,100,17227,-32,-0.19,0,7,0.04,-53,-0.31,-1168,-1.17,4
1177,Exit short,2015-12-16 08:00,TX60,172.41,100,17278,37,0.21,0,58,0.34,-16,-0.09,-1131,-1.13,4
1177,Entry short,2015-12-16 07:00,C0|S|MKT|15|v0.3.0-tier0|SPY,172.78,100,17278,37,0.21,0,58,0.34,-16,-0.09,-1131,-1.13,4
1178,Exit short,2015-12-17 08:30,TX60,172.47,100,17355,108,0.62,0,138,0.80,-19,-0.11,-1023,-1.02,4
1178,Entry short,2015-12-17 07:30,C0|S|MKT|15|v0.3.0-tier0|SPY,173.55,100,17355,108,0.62,0,138,0.80,-19,-0.11,-1023,-1.02,4
1179,Exit short,2015-12-18 08:15,TX60,170.53,100,17007,-46,-0.27,0,39,0.23,-48,-0.28,-1069,-1.07,4
1179,Entry short,2015-12-18 07:15,C0|S|MKT|15|v0.3.0-tier0|SPY,170.07,100,17007,-46,-0.27,0,39,0.23,-48,-0.28,-1069,-1.07,4
1180,Exit short,2015-12-24 08:00,TX60,173.48,100,17331,-17,-0.10,0,12,0.07,-20,-0.12,-1086,-1.09,4
1180,Entry short,2015-12-24 07:00,C0|S|MKT|15|v0.3.0-tier0|SPY,173.31,100,17331,-17,-0.10,0,12,0.07,-20,-0.12,-1086,-1.09,4
1181,Exit short,2015-12-28 08:15,TX60,172.2,100,17219,-1,-0.01,0,26,0.15,-19,-0.11,-1087,-1.09,4
1181,Entry short,2015-12-28 07:15,C0|S|MKT|15|v0.3.0-tier0|SPY,172.19,100,17219,-1,-0.01,0,26,0.15,-19,-0.11,-1087,-1.09,4
1182,Exit long,2015-12-29 08:00,TX60,174.48,100,17454,-6,-0.03,0,17,0.10,-10,-0.06,-1093,-1.09,4
1182,Entry long,2015-12-29 07:00,C0|L|MKT|15|v0.3.0-tier0|SPY,174.54,100,17454,-6,-0.03,0,17,0.10,-10,-0.06,-1093,-1.09,4
1183,Exit short,2015-12-30 08:30,TX60,174.47,100,17417,-30,-0.17,0,7,0.04,-36,-0.21,-1123,-1.12,4
1183,Entry short,2015-12-30 07:30,C0|S|MKT|15|v0.3.0-tier0|SPY,174.17,100,17417,-30,-0.17,0,7,0.04,-36,-0.21,-1123,-1.12,4
1184,Exit short,2015-12-31 08:30,TX60,172.57,100,17243,-14,-0.08,0,30,0.17,-26,-0.15,-1137,-1.14,4
1184,Entry short,2015-12-31 07:30,C0|S|MKT|15|v0.3.0-tier0|SPY,172.43,100,17243,-14,-0.08,0,30,0.17,-26,-0.15,-1137,-1.14,4
1185,Exit short,2016-01-05 08:00,TX60,169.71,100,16939,-32,-0.19,0,48,0.28,-48,-0.28,-1169,-1.17,4
1185,Entry short,2016-01-05 07:00,C0|S|MKT|15|v0.3.0-tier0|SPY,169.39,100,16939,-32,-0.19,0,48,0.28,-48,-0.28,-1169,-1.17,4
1186,Exit long,2016-01-06 08:00,TX60,167.98,100,16793,5,0.03,0,42,0.25,-39,-0.23,-1164,-1.16,4
1186,Entry long,2016-01-06 07:00,C0|L|MKT|15|v0.3.0-tier0|SPY,167.93,100,16793,5,0.03,0,42,0.25,-39,-0.23,-1164,-1.16,4
1187,Exit short,2016-01-08 08:15,TX60,163.6,100,16377,17,0.10,0,23,0.14,-56,-0.34,-1147,-1.15,4
1187,Entry short,2016-01-08 07:15,C0|S|MKT|15|v0.3.0-tier0|SPY,163.77,100,16377,17,0.10,0,23,0.14,-56,-0.34,-1147,-1.15,4
1188,Exit short,2016-01-11 08:00,TX60,161.44,100,16193,49,0.30,0,61,0.38,-64,-0.40,-1098,-1.10,4
1188,Entry short,2016-01-11 07:00,C0|S|MKT|15|v0.3.0-tier0|SPY,161.93,100,16193,49,0.30,0,61,0.38,-64,-0.40,-1098,-1.10,4
1189,Exit short,2016-01-12 08:30,TX60,162.2,100,16279,59,0.36,0,73,0.45,-48,-0.29,-1039,-1.04,4
1189,Entry short,2016-01-12 07:30,C0|S|MKT|15|v0.3.0-tier0|SPY,162.79,100,16279,59,0.36,0,73,0.45,-48,-0.29,-1039,-1.04,4
1190,Exit short,2016-01-13 08:00,TX60,163.27,100,16365,38,0.23,0,105,0.64,-24,-0.15,-1001,-1.00,4
1190,Entry short,2016-01-13 07:00,C0|S|MKT|15|v0.3.0-tier0|SPY,163.65,100,16365,38,0.23,0,105,0.64,-24,-0.15,-1001,-1.00,4
1191,Exit short,2016-01-14 08:00,TX60,160.89,100,15846,-243,-1.53,0,25,0.16,-312,-1.97,-1244,-1.24,4
1191,Entry short,2016-01-14 07:00,C0|S|MKT|15|v0.3.0-tier0|SPY,158.46,100,15846,-243,-1.53,0,25,0.16,-312,-1.97,-1244,-1.24,4
1192,Exit short,2016-01-20 08:00,TX60,153.72,100,15524,152,0.98,0,154,0.99,-26,-0.17,-1092,-1.09,4
1192,Entry short,2016-01-20 07:00,C0|S|MKT|15|v0.3.0-tier0|SPY,155.24,100,15524,152,0.98,0,154,0.99,-26,-0.17,-1092,-1.09,4
1193,Exit short,2016-01-21 08:00,TX60,157.57,100,15607,-150,-0.96,0,5,0.03,-235,-1.51,-1242,-1.24,4
1193,Entry short,2016-01-21 07:00,C0|S|MKT|15|v0.3.0-tier0|SPY,156.07,100,15607,-150,-0.96,0,5,0.03,-235,-1.51,-1242,-1.24,4
1194,Exit long,2016-01-22 08:00,TX60,159.76,100,16038,-62,-0.39,0,27,0.17,-63,-0.39,-1304,-1.30,4
1194,Entry long,2016-01-22 07:00,C0|L|MKT|15|v0.3.0-tier0|SPY,160.38,100,16038,-62,-0.39,0,27,0.17,-63,-0.39,-1304,-1.30,4
1195,Exit short,2016-01-25 08:15,TX60,159.19,100,15963,44,0.28,0,50,0.31,-43,-0.27,-1260,-1.26,4
1195,Entry short,2016-01-25 07:15,C0|S|MKT|15|v0.3.0-tier0|SPY,159.63,100,15963,44,0.28,0,50,0.31,-43,-0.27,-1260,-1.26,4
1196,Exit short,2016-01-26 08:00,TX60,159.7,100,15873,-97,-0.61,0,1,0.01,-139,-0.88,-1357,-1.36,4
1196,Entry short,2016-01-26 07:00,C0|S|MKT|15|v0.3.0-tier0|SPY,158.73,100,15873,-97,-0.61,0,1,0.01,-139,-0.88,-1357,-1.36,4
1197,Exit short,2016-01-27 08:15,TX60,159.58,100,15908,-50,-0.31,0,12,0.08,-76,-0.48,-1407,-1.41,4
1197,Entry short,2016-01-27 07:15,C0|S|MKT|15|v0.3.0-tier0|SPY,159.08,100,15908,-50,-0.31,0,12,0.08,-76,-0.48,-1407,-1.41,4
1198,Exit short,2016-01-28 08:15,TX60,159.21,100,15912,-9,-0.06,0,133,0.84,-36,-0.23,-1416,-1.42,4
1198,Entry short,2016-01-28 07:15,C0|S|MKT|15|v0.3.0-tier0|SPY,159.12,100,15912,-9,-0.06,0,133,0.84,-36,-0.23,-1416,-1.42,4
1199,Exit long,2016-01-29 08:00,TX60,161.07,100,16115,-8,-0.05,0,46,0.29,-25,-0.16,-1424,-1.42,4
1199,Entry long,2016-01-29 07:00,C0|L|MKT|15|v0.3.0-tier0|SPY,161.15,100,16115,-8,-0.05,0,46,0.29,-25,-0.16,-1424,-1.42,4
1200,Exit short,2016-02-03 08:00,TX60,159.29,100,16025,96,0.60,0,251,1.57,0,0.00,-1328,-1.33,4
1200,Entry short,2016-02-03 07:00,C0|S|MKT|15|v0.3.0-tier0|SPY,160.25,100,16025,96,0.60,0,251,1.57,0,0.00,-1328,-1.33,4
1201,Exit long,2016-02-04 08:15,TX60,161.47,100,16178,-31,-0.19,0,71,0.44,-32,-0.20,-1359,-1.36,4
1201,Entry long,2016-02-04 07:15,C0|L|MKT|15|v0.3.0-tier0|SPY,161.78,100,16178,-31,-0.19,0,71,0.44,-32,-0.20,-1359,-1.36,4
1202,Exit short,2016-02-05 08:00,TX60,159.3,100,16026,96,0.60,0,103,0.64,-40,-0.25,-1263,-1.26,4
1202,Entry short,2016-02-05 07:00,C0|S|MKT|15|v0.3.0-tier0|SPY,160.26,100,16026,96,0.60,0,103,0.64,-40,-0.25,-1263,-1.26,4
1203,Exit short,2016-02-08 08:00,TX60,155.3,100,15560,30,0.19,0,53,0.34,-43,-0.28,-1233,-1.23,4
1203,Entry short,2016-02-08 07:00,C0|S|MKT|15|v0.3.0-tier0|SPY,155.6,100,15560,30,0.19,0,53,0.34,-43,-0.28,-1233,-1.23,4
1204,Exit long,2016-02-09 08:00,TX60,155.21,100,15616,-95,-0.61,0,88,0.56,-101,-0.65,-1328,-1.33,4
1204,Entry long,2016-02-09 07:00,C0|L|MKT|15|v0.3.0-tier0|SPY,156.16,100,15616,-95,-0.61,0,88,0.56,-101,-0.65,-1328,-1.33,4
1205,Exit long,2016-02-10 08:00,TX60,157.44,100,15774,-30,-0.19,0,102,0.65,-48,-0.30,-1358,-1.36,4
1205,Entry long,2016-02-10 07:00,C0|L|MKT|15|v0.3.0-tier0|SPY,157.74,100,15774,-30,-0.19,0,102,0.65,-48,-0.30,-1358,-1.36,4
1206,Exit long,2016-02-11 08:00,TX60,153.66,100,15472,-106,-0.69,0,28,0.18,-117,-0.76,-1464,-1.46,4
1206,Entry long,2016-02-11 07:00,C0|L|MKT|15|v0.3.0-tier0|SPY,154.72,100,15472,-106,-0.69,0,28,0.18,-117,-0.76,-1464,-1.46,4
1207,Exit short,2016-02-12 08:00,TX60,155.75,100,15536,-39,-0.25,0,26,0.17,-71,-0.46,-1503,-1.50,4
1207,Entry short,2016-02-12 07:00,C0|S|MKT|15|v0.3.0-tier0|SPY,155.36,100,15536,-39,-0.25,0,26,0.17,-71,-0.46,-1503,-1.50,4
1208,Exit short,2016-02-16 08:00,TX60,158.54,100,15874,20,0.13,0,37,0.23,-29,-0.18,-1483,-1.48,4
1208,Entry short,2016-02-16 07:00,C0|S|MKT|15|v0.3.0-tier0|SPY,158.74,100,15874,20,0.13,0,37,0.23,-29,-0.18,-1483,-1.48,4
1209,Exit long,2016-02-17 08:15,TX60,162.17,100,16190,27,0.17,0,54,0.33,-12,-0.07,-1456,-1.46,4
1209,Entry long,2016-02-17 07:15,C0|L|MKT|15|v0.3.0-tier0|SPY,161.9,100,16190,27,0.17,0,54,0.33,-12,-0.07,-1456,-1.46,4
1210,Exit long,2016-02-22 08:15,TX60,163.86,100,16408,-22,-0.13,0,7,0.04,-38,-0.23,-1478,-1.48,4
1210,Entry long,2016-02-22 07:15,C0|L|MKT|15|v0.3.0-tier0|SPY,164.08,100,16408,-22,-0.13,0,7,0.04,-38,-0.23,-1478,-1.48,4
1211,Exit short,2016-02-23 08:15,TX60,162.37,100,16293,56,0.34,0,66,0.41,-29,-0.18,-1422,-1.42,4
1211,Entry short,2016-02-23 07:15,C0|S|MKT|15|v0.3.0-tier0|SPY,162.93,100,16293,56,0.34,0,66,0.41,-29,-0.18,-1422,-1.42,4
1212,Exit short,2016-02-24 08:00,TX60,160.35,100,16001,-34,-0.21,0,40,0.25,-49,-0.31,-1456,-1.46,4
1212,Entry short,2016-02-24 07:00,C0|S|MKT|15|v0.3.0-tier0|SPY,160.01,100,16001,-34,-0.21,0,40,0.25,-49,-0.31,-1456,-1.46,4
1213,Exit short,2016-02-25 08:15,TX60,162.78,100,16290,12,0.07,0,14,0.09,-50,-0.31,-1444,-1.44,4
1213,Entry short,2016-02-25 07:15,C0|S|MKT|15|v0.3.0-tier0|SPY,162.9,100,16290,12,0.07,0,14,0.09,-50,-0.31,-1444,-1.44,4
1214,Exit short,2016-02-26 08:15,TX60,165.47,100,16511,-36,-0.22,0,28,0.17,-53,-0.32,-1480,-1.48,4
1214,Entry short,2016-02-26 07:15,C0|S|MKT|15|v0.3.0-tier0|SPY,165.11,100,16511,-36,-0.22,0,28,0.17,-53,-0.32,-1480,-1.48,4
1215,Exit long,2016-03-01 08:15,TX60,165.38,100,16466,72,0.44,0,75,0.46,-31,-0.19,-1408,-1.41,4
1215,Entry long,2016-03-01 07:15,C0|L|MKT|15|v0.3.0-tier0|SPY,164.66,100,16466,72,0.44,0,75,0.46,-31,-0.19,-1408,-1.41,4
1216,Exit long,2016-03-02 08:15,TX60,167.21,100,16707,14,0.08,0,25,0.15,-78,-0.47,-1394,-1.39,4
1216,Entry long,2016-03-02 07:15,C0|L|MKT|15|v0.3.0-tier0|SPY,167.07,100,16707,14,0.08,0,25,0.15,-78,-0.47,-1394,-1.39,4
1217,Exit short,2016-03-03 08:15,TX60,167.56,100,16703,-53,-0.32,0,0,0.00,-74,-0.44,-1447,-1.45,4
1217,Entry short,2016-03-03 07:15,C0|S|MKT|15|v0.3.0-tier0|SPY,167.03,100,16703,-53,-0.32,0,0,0.00,-74,-0.44,-1447,-1.45,4
1218,Exit short,2016-03-04 08:00,TX60,168.8,100,16801,-79,-0.47,0,18,0.11,-91,-0.54,-1526,-1.53,4
1218,Entry short,2016-03-04 07:00,C0|S|MKT|15|v0.3.0-tier0|SPY,168.01,100,16801,-79,-0.47,0,18,0.11,-91,-0.54,-1526,-1.53,4
1219,Exit short,2016-03-08 08:30,TX60,167.79,100,16746,-33,-0.20,0,21,0.13,-52,-0.31,-1559,-1.56,4
1219,Entry short,2016-03-08 07:30,C0|S|MKT|15|v0.3.0-tier0|SPY,167.46,100,16746,-33,-0.20,0,21,0.13,-52,-0.31,-1559,-1.56,4
1220,Exit short,2016-03-09 08:15,TX60,167.79,100,16767,-12,-0.07,0,38,0.23,-68,-0.41,-1571,-1.57,4
1220,Entry short,2016-03-09 07:15,C0|S|MKT|15|v0.3.0-tier0|SPY,167.67,100,16767,-12,-0.07,0,38,0.23,-68,-0.41,-1571,-1.57,4
1221,Exit long,2016-03-10 08:00,TX60,167.85,100,16929,-144,-0.85,0,21,0.12,-151,-0.89,-1715,-1.71,4
1221,Entry long,2016-03-10 07:00,C0|L|MKT|15|v0.3.0-tier0|SPY,169.29,100,16929,-144,-0.85,0,21,0.12,-151,-0.89,-1715,-1.71,4
1222,Exit short,2016-03-14 08:00,TX60,170.45,100,17017,-28,-0.16,0,7,0.04,-57,-0.33,-1743,-1.74,4
1222,Entry short,2016-03-14 07:00,C0|S|MKT|15|v0.3.0-tier0|SPY,170.17,100,17017,-28,-0.16,0,7,0.04,-57,-0.33,-1743,-1.74,4
1223,Exit long,2016-03-15 08:30,TX60,170.09,100,17003,6,0.04,0,12,0.07,-29,-0.17,-1737,-1.74,4
1223,Entry long,2016-03-15 07:30,C0|L|MKT|15|v0.3.0-tier0|SPY,170.03,100,17003,6,0.04,0,12,0.07,-29,-0.17,-1737,-1.74,4
1224,Exit long,2016-03-16 08:00,TX60,170.58,100,17046,12,0.07,0,25,0.15,-8,-0.05,-1725,-1.72,4
1224,Entry long,2016-03-16 07:00,C0|L|MKT|15|v0.3.0-tier0|SPY,170.46,100,17046,12,0.07,0,25,0.15,-8,-0.05,-1725,-1.72,4
1225,Exit long,2016-03-18 08:15,TX60,173.4,100,17327,13,0.08,0,23,0.13,-29,-0.17,-1712,-1.71,4
1225,Entry long,2016-03-18 07:15,C0|L|MKT|15|v0.3.0-tier0|SPY,173.27,100,17327,13,0.08,0,23,0.13,-29,-0.17,-1712,-1.71,4
1226,Exit short,2016-03-21 08:15,TX60,172.94,100,17286,-8,-0.05,0,15,0.09,-25,-0.14,-1720,-1.72,4
1226,Entry short,2016-03-21 07:15,C0|S|MKT|15|v0.3.0-tier0|SPY,172.86,100,17286,-8,-0.05,0,15,0.09,-25,-0.14,-1720,-1.72,4
1227,Exit long,2016-03-22 08:00,TX60,173.31,100,17303,28,0.16,0,42,0.24,-11,-0.06,-1692,-1.69,4
1227,Entry long,2016-03-22 07:00,C0|L|MKT|15|v0.3.0-tier0|SPY,173.03,100,17303,28,0.16,0,42,0.24,-11,-0.06,-1692,-1.69,4
1228,Exit long,2016-03-24 08:00,TX60,171.57,100,17139,18,0.11,0,23,0.13,-27,-0.16,-1674,-1.67,4
1228,Entry long,2016-03-24 07:00,C0|L|MKT|15|v0.3.0-tier0|SPY,171.39,100,17139,18,0.11,0,23,0.13,-27,-0.16,-1674,-1.67,4
1229,Exit long,2016-03-29 08:15,TX60,171.98,100,17194,4,0.02,0,22,0.13,-8,-0.05,-1670,-1.67,4
1229,Entry long,2016-03-29 07:15,C0|L|MKT|15|v0.3.0-tier0|SPY,171.94,100,17194,4,0.02,0,22,0.13,-8,-0.05,-1670,-1.67,4
1230,Exit long,2016-03-31 08:15,TX60,174.82,100,17471,11,0.06,0,17,0.10,-17,-0.10,-1659,-1.66,4
1230,Entry long,2016-03-31 07:15,C0|L|MKT|15|v0.3.0-tier0|SPY,174.71,100,17471,11,0.06,0,17,0.10,-17,-0.10,-1659,-1.66,4
1231,Exit long,2016-04-01 08:00,TX60,174.45,100,17333,112,0.65,0,112,0.65,-9,-0.05,-1547,-1.55,4
1231,Entry long,2016-04-01 07:00,C0|L|MKT|15|v0.3.0-tier0|SPY,173.33,100,17333,112,0.65,0,112,0.65,-9,-0.05,-1547,-1.55,4
1232,Exit long,2016-04-04 08:00,TX60,174.83,100,17535,-52,-0.30,0,12,0.07,-56,-0.32,-1599,-1.60,4
1232,Entry long,2016-04-04 07:00,C0|L|MKT|15|v0.3.0-tier0|SPY,175.35,100,17535,-52,-0.30,0,12,0.07,-56,-0.32,-1599,-1.60,4
1233,Exit long,2016-04-05 08:30,TX60,173.53,100,17376,-23,-0.13,0,0,0.00,-57,-0.33,-1622,-1.62,4
1233,Entry long,2016-04-05 07:30,C0|L|MKT|15|v0.3.0-tier0|SPY,173.76,100,17376,-23,-0.13,0,0,0.00,-57,-0.33,-1622,-1.62,4
1234,Exit short,2016-04-07 08:15,TX60,173.29,100,17373,44,0.25,0,64,0.37,0,0.00,-1578,-1.58,4
1234,Entry short,2016-04-07 07:15,C0|S|MKT|15|v0.3.0-tier0|SPY,173.73,100,17373,44,0.25,0,64,0.37,0,0.00,-1578,-1.58,4
1235,Exit long,2016-04-08 08:00,TX60,173.92,100,17420,-28,-0.16,0,23,0.13,-29,-0.17,-1606,-1.61,4
1235,Entry long,2016-04-08 07:00,C0|L|MKT|15|v0.3.0-tier0|SPY,174.2,100,17420,-28,-0.16,0,23,0.13,-29,-0.17,-1606,-1.61,4
1236,Exit long,2016-04-11 08:15,TX60,173.79,100,17454,-75,-0.43,0,6,0.03,-98,-0.56,-1681,-1.68,4
1236,Entry long,2016-04-11 07:15,C0|L|MKT|15|v0.3.0-tier0|SPY,174.54,100,17454,-75,-0.43,0,6,0.03,-98,-0.56,-1681,-1.68,4
1237,Exit short,2016-04-12 08:15,TX60,173.85,100,17282,-103,-0.60,0,20,0.12,-111,-0.64,-1784,-1.78,4
1237,Entry short,2016-04-12 07:15,C0|S|MKT|15|v0.3.0-tier0|SPY,172.82,100,17282,-103,-0.60,0,20,0.12,-111,-0.64,-1784,-1.78,4
1238,Exit short,2016-04-14 08:00,TX60,176.28,100,17601,-27,-0.15,0,7,0.04,-39,-0.22,-1811,-1.81,4
1238,Entry short,2016-04-14 07:00,C0|S|MKT|15|v0.3.0-tier0|SPY,176.01,100,17601,-27,-0.15,0,7,0.04,-39,-0.22,-1811,-1.81,4
1239,Exit short,2016-04-15 08:15,TX60,176.26,100,17595,-31,-0.18,0,5,0.03,-35,-0.20,-1842,-1.84,4
1239,Entry short,2016-04-15 07:15,C0|S|MKT|15|v0.3.0-tier0|SPY,175.95,100,17595,-31,-0.18,0,5,0.03,-35,-0.20,-1842,-1.84,4
1240,Exit long,2016-04-18 08:00,TX60,176.81,100,17609,72,0.41,0,88,0.50,0,0.00,-1770,-1.77,4
1240,Entry long,2016-04-18 07:00,C0|L|MKT|15|v0.3.0-tier0|SPY,176.09,100,17609,72,0.41,0,88,0.50,0,0.00,-1770,-1.77,4
1241,Exit long,2016-04-19 08:00,TX60,178.01,100,17795,6,0.03,0,17,0.10,-22,-0.12,-1764,-1.76,4
1241,Entry long,2016-04-19 07:00,C0|L|MKT|15|v0.3.0-tier0|SPY,177.95,100,17795,6,0.03,0,17,0.10,-22,-0.12,-1764,-1.76,4
1242,Exit short,2016-04-21 08:00,TX60,177.97,100,17756,-41,-0.23,0,17,0.10,-50,-0.28,-1805,-1.80,4
1242,Entry short,2016-04-21 07:00,C0|S|MKT|15|v0.3.0-tier0|SPY,177.56,100,17756,-41,-0.23,0,17,0.10,-50,-0.28,-1805,-1.80,4
1243,Exit short,2016-04-25 08:00,TX60,176.01,100,17637,36,0.20,0,41,0.23,-14,-0.08,-1769,-1.77,4
1243,Entry short,2016-04-25 07:00,C0|S|MKT|15|v0.3.0-tier0|SPY,176.37,100,17637,36,0.20,0,41,0.23,-14,-0.08,-1769,-1.77,4
1244,Exit long,2016-04-26 08:00,TX60,176.67,100,17749,-82,-0.46,0,6,0.03,-83,-0.47,-1851,-1.85,4
1244,Entry long,2016-04-26 07:00,C0|L|MKT|15|v0.3.0-tier0|SPY,177.49,100,17749,-82,-0.46,0,6,0.03,-83,-0.47,-1851,-1.85,4
1245,Exit long,2016-04-28 08:00,TX60,177.49,100,17714,35,0.20,0,37,0.21,-9,-0.05,-1816,-1.82,4
1245,Entry long,2016-04-28 07:00,C0|L|MKT|15|v0.3.0-tier0|SPY,177.14,100,17714,35,0.20,0,37,0.21,-9,-0.05,-1816,-1.82,4
1246,Exit short,2016-04-29 08:00,TX60,174.54,100,17466,12,0.07,0,25,0.14,-57,-0.33,-1804,-1.80,4
1246,Entry short,2016-04-29 07:00,C0|S|MKT|15|v0.3.0-tier0|SPY,174.66,100,17466,12,0.07,0,25,0.14,-57,-0.33,-1804,-1.80,4
1247,Exit long,2016-05-02 08:30,TX60,175.53,100,17553,0,0.00,0,19,0.11,-38,-0.22,-1804,-1.80,4
1247,Entry long,2016-05-02 07:30,C0|L|MKT|15|v0.3.0-tier0|SPY,175.53,100,17553,0,0.00,0,19,0.11,-38,-0.22,-1804,-1.80,4
1248,Exit short,2016-05-03 08:00,TX60,174.2,100,17465,45,0.26,0,54,0.31,0,0.00,-1759,-1.76,4
1248,Entry short,2016-05-03 07:00,C0|S|MKT|15|v0.3.0-tier0|SPY,174.65,100,17465,45,0.26,0,54,0.31,0,0.00,-1759,-1.76,4
1249,Exit long,2016-05-04 08:00,TX60,173.79,100,17402,-23,-0.13,0,40,0.23,-37,-0.21,-1782,-1.78,4
1249,Entry long,2016-05-04 07:00,C0|L|MKT|15|v0.3.0-tier0|SPY,174.02,100,17402,-23,-0.13,0,40,0.23,-37,-0.21,-1782,-1.78,4
1250,Exit long,2016-05-05 08:15,TX60,174.01,100,17453,-52,-0.30,0,1,0.01,-65,-0.37,-1834,-1.83,4
1250,Entry long,2016-05-05 07:15,C0|L|MKT|15|v0.3.0-tier0|SPY,174.53,100,17453,-52,-0.30,0,1,0.01,-65,-0.37,-1834,-1.83,4
1251,Exit long,2016-05-10 08:00,TX60,175.95,100,17565,30,0.17,0,39,0.22,-18,-0.10,-1804,-1.80,4
1251,Entry long,2016-05-10 07:00,C0|L|MKT|15|v0.3.0-tier0|SPY,175.65,100,17565,30,0.17,0,39,0.22,-18,-0.10,-1804,-1.80,4
1252,Exit short,2016-05-11 08:00,TX60,176.21,100,17601,-20,-0.11,0,12,0.07,-53,-0.30,-1824,-1.82,4
1252,Entry short,2016-05-11 07:00,C0|S|MKT|15|v0.3.0-tier0|SPY,176.01,100,17601,-20,-0.11,0,12,0.07,-53,-0.30,-1824,-1.82,4
1253,Exit short,2016-05-12 08:00,TX60,174.85,100,17510,25,0.14,0,40,0.23,-29,-0.17,-1799,-1.80,4
1253,Entry short,2016-05-12 07:00,C0|S|MKT|15|v0.3.0-tier0|SPY,175.1,100,17510,25,0.14,0,40,0.23,-29,-0.17,-1799,-1.80,4
1254,Exit short,2016-05-13 08:30,TX60,175.13,100,17463,-50,-0.29,0,35,0.20,-57,-0.33,-1849,-1.85,4
1254,Entry short,2016-05-13 07:30,C0|S|MKT|15|v0.3.0-tier0|SPY,174.63,100,17463,-50,-0.29,0,35,0.20,-57,-0.33,-1849,-1.85,4
1255,Exit long,2016-05-16 08:15,TX60,174.73,100,17437,36,0.21,0,49,0.28,-20,-0.11,-1813,-1.81,4
1255,Entry long,2016-05-16 07:15,C0|L|MKT|15|v0.3.0-tier0|SPY,174.37,100,17437,36,0.21,0,49,0.28,-20,-0.11,-1813,-1.81,4
1256,Exit short,2016-05-17 08:15,TX60,174.74,100,17450,-24,-0.14,0,8,0.05,-51,-0.29,-1837,-1.84,4
1256,Entry short,2016-05-17 07:15,C0|S|MKT|15|v0.3.0-tier0|SPY,174.5,100,17450,-24,-0.14,0,8,0.05,-51,-0.29,-1837,-1.84,4
1257,Exit long,2016-05-18 08:00,TX60,173.73,100,17358,15,0.09,0,74,0.43,-13,-0.07,-1822,-1.82,4
1257,Entry long,2016-05-18 07:00,C0|L|MKT|15|v0.3.0-tier0|SPY,173.58,100,17358,15,0.09,0,74,0.43,-13,-0.07,-1822,-1.82,4
1258,Exit short,2016-05-19 08:00,TX60,172.08,100,17212,4,0.02,0,14,0.08,-51,-0.30,-1818,-1.82,4
1258,Entry short,2016-05-19 07:00,C0|S|MKT|15|v0.3.0-tier0|SPY,172.12,100,17212,4,0.02,0,14,0.08,-51,-0.30,-1818,-1.82,4
1259,Exit long,2016-05-20 08:00,TX60,174.25,100,17428,-3,-0.02,0,24,0.14,-16,-0.09,-1821,-1.82,4
1259,Entry long,2016-05-20 07:00,C0|L|MKT|15|v0.3.0-tier0|SPY,174.28,100,17428,-3,-0.02,0,24,0.14,-16,-0.09,-1821,-1.82,4
1260,Exit long,2016-05-24 08:00,TX60,175.91,100,17531,60,0.34,0,70,0.40,0,0.00,-1761,-1.76,4
1260,Entry long,2016-05-24 07:00,C0|L|MKT|15|v0.3.0-tier0|SPY,175.31,100,17531,60,0.34,0,70,0.40,0,0.00,-1761,-1.76,4
1261,Exit long,2016-05-25 08:00,TX60,177.45,100,17728,17,0.10,0,42,0.24,0,0.00,-1744,-1.74,4
1261,Entry long,2016-05-25 07:00,C0|L|MKT|15|v0.3.0-tier0|SPY,177.28,100,17728,17,0.10,0,42,0.24,0,0.00,-1744,-1.74,4
1262,Exit short,2016-05-26 08:00,TX60,177.13,100,17716,3,0.02,0,3,0.02,-40,-0.23,-1741,-1.74,4
1262,Entry short,2016-05-26 07:00,C0|S|MKT|15|v0.3.0-tier0|SPY,177.16,100,17716,3,0.02,0,3,0.02,-40,-0.23,-1741,-1.74,4
1263,Exit long,2016-05-27 08:15,TX60,177.72,100,17782,-10,-0.06,0,8,0.04,-15,-0.08,-1751,-1.75,4
1263,Entry long,2016-05-27 07:15,C0|L|MKT|15|v0.3.0-tier0|SPY,177.82,100,17782,-10,-0.06,0,8,0.04,-15,-0.08,-1751,-1.75,4
1264,Exit long,2016-06-01 08:15,TX60,177.94,100,17751,43,0.24,0,48,0.27,-14,-0.08,-1708,-1.71,4
1264,Entry long,2016-06-01 07:15,C0|L|MKT|15|v0.3.0-tier0|SPY,177.51,100,17751,43,0.24,0,48,0.27,-14,-0.08,-1708,-1.71,4
1265,Exit short,2016-06-02 08:00,TX60,177.8,100,17745,-35,-0.20,0,4,0.02,-44,-0.25,-1743,-1.74,4
1265,Entry short,2016-06-02 07:00,C0|S|MKT|15|v0.3.0-tier0|SPY,177.45,100,17745,-35,-0.20,0,4,0.02,-44,-0.25,-1743,-1.74,4
1266,Exit short,2016-06-03 08:00,TX60,177.71,100,17764,-7,-0.04,0,65,0.37,-9,-0.05,-1750,-1.75,4
1266,Entry short,2016-06-03 07:00,C0|S|MKT|15|v0.3.0-tier0|SPY,177.64,100,17764,-7,-0.04,0,65,0.37,-9,-0.05,-1750,-1.75,4
1267,Exit long,2016-06-06 08:00,TX60,179.11,100,17896,15,0.08,0,18,0.10,-8,-0.04,-1735,-1.73,4
1267,Entry long,2016-06-06 07:00,C0|L|MKT|15|v0.3.0-tier0|SPY,178.96,100,17896,15,0.08,0,18,0.10,-8,-0.04,-1735,-1.73,4
1268,Exit long,2016-06-07 08:15,TX60,179.65,100,17951,14,0.08,0,23,0.13,-4,-0.02,-1721,-1.72,4
1268,Entry long,2016-06-07 07:15,C0|L|MKT|15|v0.3.0-tier0|SPY,179.51,100,17951,14,0.08,0,23,0.13,-4,-0.02,-1721,-1.72,4
1269,Exit long,2016-06-08 08:00,TX60,179.6,100,17999,-39,-0.22,0,1,0.01,-54,-0.30,-1760,-1.76,4
1269,Entry long,2016-06-08 07:00,C0|L|MKT|15|v0.3.0-tier0|SPY,179.99,100,17999,-39,-0.22,0,1,0.01,-54,-0.30,-1760,-1.76,4
1270,Exit long,2016-06-13 08:00,TX60,177.94,100,17793,1,0.01,0,34,0.19,-21,-0.12,-1759,-1.76,4
1270,Entry long,2016-06-13 07:00,C0|L|MKT|15|v0.3.0-tier0|SPY,177.93,100,17793,1,0.01,0,34,0.19,-21,-0.12,-1759,-1.76,4
1271,Exit short,2016-06-14 08:30,TX60,175.48,100,17603,55,0.31,0,67,0.38,-17,-0.10,-1704,-1.70,4
1271,Entry short,2016-06-14 07:30,C0|S|MKT|15|v0.3.0-tier0|SPY,176.03,100,17603,55,0.31,0,67,0.38,-17,-0.10,-1704,-1.70,4
1272,Exit long,2016-06-15 08:15,TX60,177,100,17706,-6,-0.03,0,0,0.00,-30,-0.17,-1710,-1.71,4
1272,Entry long,2016-06-15 07:15,C0|L|MKT|15|v0.3.0-tier0|SPY,177.06,100,17706,-6,-0.03,0,0,0.00,-30,-0.17,-1710,-1.71,4
1273,Exit short,2016-06-16 08:00,TX60,174.65,100,17448,-17,-0.10,0,26,0.15,-24,-0.14,-1727,-1.73,4
1273,Entry short,2016-06-16 07:00,C0|S|MKT|15|v0.3.0-tier0|SPY,174.48,100,17448,-17,-0.10,0,26,0.15,-24,-0.14,-1727,-1.73,4
1274,Exit short,2016-06-17 08:30,TX60,175.31,100,17586,55,0.31,0,55,0.31,-11,-0.06,-1672,-1.67,4
1274,Entry short,2016-06-17 07:30,C0|S|MKT|15|v0.3.0-tier0|SPY,175.86,100,17586,55,0.31,0,55,0.31,-11,-0.06,-1672,-1.67,4
1275,Exit long,2016-06-22 08:30,TX60,178.41,100,17806,35,0.20,0,39,0.22,-19,-0.11,-1637,-1.64,4
1275,Entry long,2016-06-22 07:30,C0|L|MKT|15|v0.3.0-tier0|SPY,178.06,100,17806,35,0.20,0,39,0.22,-19,-0.11,-1637,-1.64,4
1276,Exit long,2016-06-24 08:00,TX60,175.07,100,17546,-39,-0.22,0,78,0.44,-40,-0.23,-1676,-1.68,4
1276,Entry long,2016-06-24 07:00,C0|L|MKT|15|v0.3.0-tier0|SPY,175.46,100,17546,-39,-0.22,0,78,0.44,-40,-0.23,-1676,-1.68,4
1277,Exit short,2016-06-27 08:00,TX60,169.37,100,17075,138,0.81,0,149,0.87,-34,-0.20,-1538,-1.54,4
1277,Entry short,2016-06-27 07:00,C0|S|MKT|15|v0.3.0-tier0|SPY,170.75,100,17075,138,0.81,0,149,0.87,-34,-0.20,-1538,-1.54,4
1278,Exit long,2016-06-28 08:00,TX60,171.73,100,17218,-45,-0.26,0,14,0.08,-53,-0.31,-1583,-1.58,4
1278,Entry long,2016-06-28 07:00,C0|L|MKT|15|v0.3.0-tier0|SPY,172.18,100,17218,-45,-0.26,0,14,0.08,-53,-0.31,-1583,-1.58,4
1279,Exit long,2016-06-29 08:15,TX60,175.29,100,17487,42,0.24,0,48,0.27,-4,-0.02,-1541,-1.54,4
1279,Entry long,2016-06-29 07:15,C0|L|MKT|15|v0.3.0-tier0|SPY,174.87,100,17487,42,0.24,0,48,0.27,-4,-0.02,-1541,-1.54,4
1280,Exit short,2016-06-30 08:00,TX60,176.88,100,17604,-84,-0.48,0,8,0.05,-85,-0.48,-1625,-1.62,4
1280,Entry short,2016-06-30 07:00,C0|S|MKT|15|v0.3.0-tier0|SPY,176.04,100,17604,-84,-0.48,0,8,0.05,-85,-0.48,-1625,-1.62,4
1281,Exit long,2016-07-01 08:15,TX60,179.05,100,17903,2,0.01,0,27,0.15,-8,-0.04,-1623,-1.62,4
1281,Entry long,2016-07-01 07:15,C0|L|MKT|15|v0.3.0-tier0|SPY,179.03,100,17903,2,0.01,0,27,0.15,-8,-0.04,-1623,-1.62,4
1282,Exit short,2016-07-05 08:00,TX60,177.49,100,17753,4,0.02,0,24,0.14,-30,-0.17,-1619,-1.62,4
1282,Entry short,2016-07-05 07:00,C0|S|MKT|15|v0.3.0-tier0|SPY,177.53,100,17753,4,0.02,0,24,0.14,-30,-0.17,-1619,-1.62,4
1283,Exit short,2016-07-06 08:30,TX60,177.46,100,17654,-92,-0.52,0,16,0.09,-122,-0.69,-1711,-1.71,4
1283,Entry short,2016-07-06 07:30,C0|S|MKT|15|v0.3.0-tier0|SPY,176.54,100,17654,-92,-0.52,0,16,0.09,-122,-0.69,-1711,-1.71,4
1284,Exit long,2016-07-07 08:00,TX60,178.87,100,17936,-49,-0.27,0,2,0.01,-55,-0.31,-1760,-1.76,4
1284,Entry long,2016-07-07 07:00,C0|L|MKT|15|v0.3.0-tier0|SPY,179.36,100,17936,-49,-0.27,0,2,0.01,-55,-0.31,-1760,-1.76,4
1285,Exit long,2016-07-08 08:00,TX60,180.51,100,18003,48,0.27,0,54,0.30,-3,-0.02,-1712,-1.71,4
1285,Entry long,2016-07-08 07:00,C0|L|MKT|15|v0.3.0-tier0|SPY,180.03,100,18003,48,0.27,0,54,0.30,-3,-0.02,-1712,-1.71,4
1286,Exit short,2016-07-11 08:30,TX60,182.04,100,18155,-49,-0.27,0,0,0.00,-58,-0.32,-1761,-1.76,4
1286,Entry short,2016-07-11 07:30,C0|S|MKT|15|v0.3.0-tier0|SPY,181.55,100,18155,-49,-0.27,0,0,0.00,-58,-0.32,-1761,-1.76,4
1287,Exit short,2016-07-12 08:15,TX60,182.92,100,18265,-27,-0.15,0,15,0.08,-28,-0.15,-1788,-1.79,4
1287,Entry short,2016-07-12 07:15,C0|S|MKT|15|v0.3.0-tier0|SPY,182.65,100,18265,-27,-0.15,0,15,0.08,-28,-0.15,-1788,-1.79,4
1288,Exit short,2016-07-13 08:00,TX60,183.21,100,18303,-18,-0.10,0,8,0.04,-26,-0.14,-1806,-1.81,4
1288,Entry short,2016-07-13 07:00,C0|S|MKT|15|v0.3.0-tier0|SPY,183.03,100,18303,-18,-0.10,0,8,0.04,-26,-0.14,-1806,-1.81,4
1289,Exit long,2016-07-14 08:15,TX60,184.37,100,18451,-14,-0.08,0,4,0.02,-39,-0.21,-1820,-1.82,4
1289,Entry long,2016-07-14 07:15,C0|L|MKT|15|v0.3.0-tier0|SPY,184.51,100,18451,-14,-0.08,0,4,0.02,-39,-0.21,-1820,-1.82,4
1290,Exit short,2016-07-15 08:15,TX60,183.96,100,18415,19,0.10,0,21,0.11,-20,-0.11,-1801,-1.80,4
1290,Entry short,2016-07-15 07:15,C0|S|MKT|15|v0.3.0-tier0|SPY,184.15,100,18415,19,0.10,0,21,0.11,-20,-0.11,-1801,-1.80,4
1291,Exit long,2016-07-18 08:15,TX60,184.37,100,18411,26,0.14,0,35,0.19,0,0.00,-1775,-1.77,4
1291,Entry long,2016-07-18 07:15,C0|L|MKT|15|v0.3.0-tier0|SPY,184.11,100,18411,26,0.14,0,35,0.19,0,0.00,-1775,-1.77,4
1292,Exit long,2016-07-20 08:30,TX60,185.13,100,18469,44,0.24,0,46,0.25,-7,-0.04,-1731,-1.73,4
1292,Entry long,2016-07-20 07:30,C0|L|MKT|15|v0.3.0-tier0|SPY,184.69,100,18469,44,0.24,0,46,0.25,-7,-0.04,-1731,-1.73,4
1293,Exit short,2016-07-25 08:00,TX60,184.24,100,18449,25,0.14,0,33,0.18,-4,-0.02,-1706,-1.71,4
1293,Entry short,2016-07-25 07:00,C0|S|MKT|15|v0.3.0-tier0|SPY,184.49,100,18449,25,0.14,0,33,0.18,-4,-0.02,-1706,-1.71,4
1294,Exit short,2016-07-27 08:30,TX60,184.4,100,18457,17,0.09,0,43,0.23,0,0.00,-1689,-1.69,4
1294,Entry short,2016-07-27 07:30,C0|S|MKT|15|v0.3.0-tier0|SPY,184.57,100,18457,17,0.09,0,43,0.23,0,0.00,-1689,-1.69,4
1295,Exit short,2016-07-29 08:30,TX60,184.97,100,18432,-65,-0.35,0,1,0.01,-80,-0.43,-1754,-1.75,4
1295,Entry short,2016-07-29 07:30,C0|S|MKT|15|v0.3.0-tier0|SPY,184.32,100,18432,-65,-0.35,0,1,0.01,-80,-0.43,-1754,-1.75,4
1296,Exit short,2016-08-02 08:15,TX60,183.39,100,18387,48,0.26,0,79,0.43,0,0.00,-1706,-1.71,4
1296,Entry short,2016-08-02 07:15,C0|S|MKT|15|v0.3.0-tier0|SPY,183.87,100,18387,48,0.26,0,79,0.43,0,0.00,-1706,-1.71,4
1297,Exit long,2016-08-03 08:15,TX60,183.78,100,18387,-9,-0.05,0,9,0.05,-32,-0.17,-1715,-1.71,4
1297,Entry long,2016-08-03 07:15,C0|L|MKT|15|v0.3.0-tier0|SPY,183.87,100,18387,-9,-0.05,0,9,0.05,-32,-0.17,-1715,-1.71,4
1298,Exit short,2016-08-04 08:00,TX60,184.42,100,18407,-35,-0.19,0,22,0.12,-41,-0.22,-1750,-1.75,4
1298,Entry short,2016-08-04 07:00,C0|S|MKT|15|v0.3.0-tier0|SPY,184.07,100,18407,-35,-0.19,0,22,0.12,-41,-0.22,-1750,-1.75,4
1299,Exit long,2016-08-05 08:00,TX60,185.65,100,18558,7,0.04,0,10,0.05,-15,-0.08,-1743,-1.74,4
1299,Entry long,2016-08-05 07:00,C0|L|MKT|15|v0.3.0-tier0|SPY,185.58,100,18558,7,0.04,0,10,0.05,-15,-0.08,-1743,-1.74,4
1300,Exit short,2016-08-08 08:00,TX60,185.76,100,18584,8,0.04,0,22,0.12,-9,-0.05,-1735,-1.73,4
1300,Entry short,2016-08-08 07:00,C0|S|MKT|15|v0.3.0-tier0|SPY,185.84,100,18584,8,0.04,0,22,0.12,-9,-0.05,-1735,-1.73,4
1301,Exit long,2016-08-09 08:00,TX60,186.17,100,18604,13,0.07,0,22,0.12,-19,-0.10,-1722,-1.72,4
1301,Entry long,2016-08-09 07:00,C0|L|MKT|15|v0.3.0-tier0|SPY,186.04,100,18604,13,0.07,0,22,0.12,-19,-0.10,-1722,-1.72,4
1302,Exit short,2016-08-10 08:00,TX60,185.73,100,18564,-9,-0.05,0,3,0.02,-26,-0.14,-1731,-1.73,4
1302,Entry short,2016-08-10 07:00,C0|S|MKT|15|v0.3.0-tier0|SPY,185.64,100,18564,-9,-0.05,0,3,0.02,-26,-0.14,-1731,-1.73,4
1303,Exit short,2016-08-11 08:00,TX60,186.15,100,18584,-31,-0.17,0,19,0.10,-43,-0.23,-1762,-1.76,4
1303,Entry short,2016-08-11 07:00,C0|S|MKT|15|v0.3.0-tier0|SPY,185.84,100,18584,-31,-0.17,0,19,0.10,-43,-0.23,-1762,-1.76,4
1304,Exit long,2016-08-12 08:15,TX60,186.2,100,18611,9,0.05,0,16,0.09,-12,-0.06,-1753,-1.75,4
1304,Entry long,2016-08-12 07:15,C0|L|MKT|15|v0.3.0-tier0|SPY,186.11,100,18611,9,0.05,0,16,0.09,-12,-0.06,-1753,-1.75,4
1305,Exit long,2016-08-15 08:30,TX60,186.95,100,18679,16,0.09,0,18,0.10,0,0.00,-1737,-1.74,4
1305,Entry long,2016-08-15 07:30,C0|L|MKT|15|v0.3.0-tier0|SPY,186.79,100,18679,16,0.09,0,18,0.10,0,0.00,-1737,-1.74,4
1306,Exit short,2016-08-17 08:00,TX60,185.19,100,18514,-5,-0.03,0,4,0.02,-18,-0.10,-1742,-1.74,4
1306,Entry short,2016-08-17 07:00,C0|S|MKT|15|v0.3.0-tier0|SPY,185.14,100,18514,-5,-0.03,0,4,0.02,-18,-0.10,-1742,-1.74,4
1307,Exit long,2016-08-19 08:30,TX60,186.12,100,18604,8,0.04,0,15,0.08,-7,-0.04,-1734,-1.73,4
1307,Entry long,2016-08-19 07:30,C0|L|MKT|15|v0.3.0-tier0|SPY,186.04,100,18604,8,0.04,0,15,0.08,-7,-0.04,-1734,-1.73,4
1308,Exit long,2016-08-22 08:30,TX60,185.7,100,18623,-53,-0.28,0,9,0.05,-53,-0.28,-1787,-1.79,4
1308,Entry long,2016-08-22 07:30,C0|L|MKT|15|v0.3.0-tier0|SPY,186.23,100,18623,-53,-0.28,0,9,0.05,-53,-0.28,-1787,-1.79,4
1309,Exit short,2016-08-24 08:30,TX60,186.14,100,18624,10,0.05,0,30,0.16,-3,-0.02,-1777,-1.78,4
1309,Entry short,2016-08-24 07:30,C0|S|MKT|15|v0.3.0-tier0|SPY,186.24,100,18624,10,0.05,0,30,0.16,-3,-0.02,-1777,-1.78,4
1310,Exit long,2016-08-25 08:15,TX60,185.73,100,18556,17,0.09,0,24,0.13,-21,-0.11,-1760,-1.76,4
1310,Entry long,2016-08-25 07:15,C0|L|MKT|15|v0.3.0-tier0|SPY,185.56,100,18556,17,0.09,0,24,0.13,-21,-0.11,-1760,-1.76,4
1311,Exit long,2016-08-26 08:30,TX60,186.33,100,18652,-19,-0.10,0,2,0.01,-43,-0.23,-1779,-1.78,4
1311,Entry long,2016-08-26 07:30,C0|L|MKT|15|v0.3.0-tier0|SPY,186.52,100,18652,-19,-0.10,0,2,0.01,-43,-0.23,-1779,-1.78,4
1312,Exit short,2016-08-30 08:15,TX60,185.51,100,18569,18,0.10,0,32,0.17,-6,-0.03,-1761,-1.76,4
1312,Entry short,2016-08-30 07:15,C0|S|MKT|15|v0.3.0-tier0|SPY,185.69,100,18569,18,0.10,0,32,0.17,-6,-0.03,-1761,-1.76,4
1313,Exit short,2016-09-01 08:00,TX60,184.29,100,18506,77,0.42,0,92,0.50,-17,-0.09,-1684,-1.68,4
1313,Entry short,2016-09-01 07:00,C0|S|MKT|15|v0.3.0-tier0|SPY,185.06,100,18506,77,0.42,0,92,0.50,-17,-0.09,-1684,-1.68,4
1314,Exit long,2016-09-02 08:00,TX60,186.02,100,18632,-30,-0.16,0,12,0.06,-37,-0.20,-1714,-1.71,4
1314,Entry long,2016-09-02 07:00,C0|L|MKT|15|v0.3.0-tier0|SPY,186.32,100,18632,-30,-0.16,0,12,0.06,-37,-0.20,-1714,-1.71,4
1315,Exit short,2016-09-06 08:15,TX60,185.83,100,18582,-1,-0.01,0,24,0.13,-8,-0.04,-1715,-1.71,4
1315,Entry short,2016-09-06 07:15,C0|S|MKT|15|v0.3.0-tier0|SPY,185.82,100,18582,-1,-0.01,0,24,0.13,-8,-0.04,-1715,-1.71,4
1316,Exit long,2016-09-07 08:15,TX60,186.32,100,18663,-31,-0.17,0,10,0.05,-36,-0.19,-1746,-1.75,4
1316,Entry long,2016-09-07 07:15,C0|L|MKT|15|v0.3.0-tier0|SPY,186.63,100,18663,-31,-0.17,0,10,0.05,-36,-0.19,-1746,-1.75,4
1317,Exit short,2016-09-09 08:00,TX60,184.11,100,18443,32,0.17,0,66,0.36,-10,-0.05,-1714,-1.71,4
1317,Entry short,2016-09-09 07:00,C0|S|MKT|15|v0.3.0-tier0|SPY,184.43,100,18443,32,0.17,0,66,0.36,-10,-0.05,-1714,-1.71,4
1318,Exit long,2016-09-12 08:00,TX60,182.26,100,18182,44,0.24,0,62,0.34,-5,-0.03,-1670,-1.67,4
1318,Entry long,2016-09-12 07:00,C0|L|MKT|15|v0.3.0-tier0|SPY,181.82,100,18182,44,0.24,0,62,0.34,-5,-0.03,-1670,-1.67,4
1319,Exit short,2016-09-13 08:00,TX60,181.87,100,18236,49,0.27,0,54,0.30,-12,-0.07,-1621,-1.62,4
1319,Entry short,2016-09-13 07:00,C0|S|MKT|15|v0.3.0-tier0|SPY,182.36,100,18236,49,0.27,0,54,0.30,-12,-0.07,-1621,-1.62,4
1320,Exit long,2016-09-14 08:15,TX60,182.1,100,18237,-27,-0.15,0,51,0.28,-52,-0.29,-1648,-1.65,4
1320,Entry long,2016-09-14 07:15,C0|L|MKT|15|v0.3.0-tier0|SPY,182.37,100,18237,-27,-0.15,0,51,0.28,-52,-0.29,-1648,-1.65,4
1321,Exit long,2016-09-15 08:15,TX60,182.71,100,18218,53,0.29,0,65,0.36,-14,-0.08,-1595,-1.59,4
1321,Entry long,2016-09-15 07:15,C0|L|MKT|15|v0.3.0-tier0|SPY,182.18,100,18218,53,0.29,0,65,0.36,-14,-0.08,-1595,-1.59,4
1322,Exit short,2016-09-16 08:15,TX60,182.38,100,18214,-24,-0.13,0,10,0.05,-66,-0.36,-1619,-1.62,4
1322,Entry short,2016-09-16 07:15,C0|S|MKT|15|v0.3.0-tier0|SPY,182.14,100,18214,-24,-0.13,0,10,0.05,-66,-0.36,-1619,-1.62,4
1323,Exit long,2016-09-19 08:00,TX60,183.53,100,18388,-35,-0.19,0,7,0.04,-44,-0.24,-1654,-1.65,4
1323,Entry long,2016-09-19 07:00,C0|L|MKT|15|v0.3.0-tier0|SPY,183.88,100,18388,-35,-0.19,0,7,0.04,-44,-0.24,-1654,-1.65,4
1324,Exit long,2016-09-21 08:00,TX60,183.39,100,18370,-31,-0.17,0,11,0.06,-32,-0.17,-1685,-1.68,4
1324,Entry long,2016-09-21 07:00,C0|L|MKT|15|v0.3.0-tier0|SPY,183.7,100,18370,-31,-0.17,0,11,0.06,-32,-0.17,-1685,-1.68,4
1325,Exit short,2016-09-23 08:00,TX60,185.49,100,18542,-7,-0.04,0,10,0.05,-17,-0.09,-1692,-1.69,4
1325,Entry short,2016-09-23 07:00,C0|S|MKT|15|v0.3.0-tier0|SPY,185.42,100,18542,-7,-0.04,0,10,0.05,-17,-0.09,-1692,-1.69,4
1326,Exit long,2016-09-27 08:00,TX60,183.45,100,18381,-36,-0.20,0,37,0.20,-46,-0.25,-1728,-1.73,4
1326,Entry long,2016-09-27 07:00,C0|L|MKT|15|v0.3.0-tier0|SPY,183.81,100,18381,-36,-0.20,0,37,0.20,-46,-0.25,-1728,-1.73,4
1327,Exit short,2016-09-28 08:15,TX60,183.97,100,18454,57,0.31,0,71,0.38,-15,-0.08,-1671,-1.67,4
1327,Entry short,2016-09-28 07:15,C0|S|MKT|15|v0.3.0-tier0|SPY,184.54,100,18454,57,0.31,0,71,0.38,-15,-0.08,-1671,-1.67,4
1328,Exit long,2016-09-29 08:00,TX60,185.19,100,18543,-24,-0.13,0,24,0.13,-26,-0.14,-1695,-1.69,4
1328,Entry long,2016-09-29 07:00,C0|L|MKT|15|v0.3.0-tier0|SPY,185.43,100,18543,-24,-0.13,0,24,0.13,-26,-0.14,-1695,-1.69,4
1329,Exit short,2016-09-30 08:00,TX60,184.92,100,18449,-43,-0.23,0,7,0.04,-44,-0.24,-1738,-1.74,4
1329,Entry short,2016-09-30 07:00,C0|S|MKT|15|v0.3.0-tier0|SPY,184.49,100,18449,-43,-0.23,0,7,0.04,-44,-0.24,-1738,-1.74,4
1330,Exit short,2016-10-04 08:15,TX60,184.22,100,18436,14,0.08,0,20,0.11,-62,-0.34,-1724,-1.72,4
1330,Entry short,2016-10-04 07:15,C0|S|MKT|15|v0.3.0-tier0|SPY,184.36,100,18436,14,0.08,0,20,0.11,-62,-0.34,-1724,-1.72,4
1331,Exit long,2016-10-05 08:15,TX60,184.72,100,18467,5,0.03,0,14,0.08,-31,-0.17,-1719,-1.72,4
1331,Entry long,2016-10-05 07:15,C0|L|MKT|15|v0.3.0-tier0|SPY,184.67,100,18467,5,0.03,0,14,0.08,-31,-0.17,-1719,-1.72,4
1332,Exit short,2016-10-07 08:00,TX60,184.18,100,18425,7,0.04,0,8,0.04,-29,-0.16,-1712,-1.71,4
1332,Entry short,2016-10-07 07:00,C0|S|MKT|15|v0.3.0-tier0|SPY,184.25,100,18425,7,0.04,0,8,0.04,-29,-0.16,-1712,-1.71,4
1333,Exit short,2016-10-11 08:00,TX60,183.31,100,18399,68,0.37,0,70,0.38,-7,-0.04,-1644,-1.64,4
1333,Entry short,2016-10-11 07:00,C0|S|MKT|15|v0.3.0-tier0|SPY,183.99,100,18399,68,0.37,0,70,0.38,-7,-0.04,-1644,-1.64,4
1334,Exit long,2016-10-12 08:30,TX60,182.78,100,18312,-34,-0.19,0,3,0.02,-49,-0.27,-1678,-1.68,4
1334,Entry long,2016-10-12 07:30,C0|L|MKT|15|v0.3.0-tier0|SPY,183.12,100,18312,-34,-0.19,0,3,0.02,-49,-0.27,-1678,-1.68,4
1335,Exit short,2016-10-13 08:00,TX60,181.44,100,18104,-40,-0.22,0,22,0.12,-55,-0.30,-1718,-1.72,4
1335,Entry short,2016-10-13 07:00,C0|S|MKT|15|v0.3.0-tier0|SPY,181.04,100,18104,-40,-0.22,0,22,0.12,-55,-0.30,-1718,-1.72,4
1336,Exit long,2016-10-14 08:15,TX60,182.97,100,18363,-66,-0.36,0,17,0.09,-66,-0.36,-1784,-1.78,4
1336,Entry long,2016-10-14 07:15,C0|L|MKT|15|v0.3.0-tier0|SPY,183.63,100,18363,-66,-0.36,0,17,0.09,-66,-0.36,-1784,-1.78,4
1337,Exit short,2016-10-17 08:00,TX60,182.19,100,18203,-16,-0.09,0,13,0.07,-56,-0.31,-1800,-1.80,4
1337,Entry short,2016-10-17 07:00,C0|S|MKT|15|v0.3.0-tier0|SPY,182.03,100,18203,-16,-0.09,0,13,0.07,-56,-0.31,-1800,-1.80,4
1338,Exit short,2016-10-18 08:00,TX60,182.93,100,18292,-1,-0.01,0,34,0.19,-8,-0.04,-1801,-1.80,4
1338,Entry short,2016-10-18 07:00,C0|S|MKT|15|v0.3.0-tier0|SPY,182.92,100,18292,-1,-0.01,0,34,0.19,-8,-0.04,-1801,-1.80,4
1339,Exit long,2016-10-19 08:30,TX60,183.45,100,18330,15,0.08,0,32,0.17,-5,-0.03,-1786,-1.79,4
1339,Entry long,2016-10-19 07:30,C0|L|MKT|15|v0.3.0-tier0|SPY,183.3,100,18330,15,0.08,0,32,0.17,-5,-0.03,-1786,-1.79,4
1340,Exit long,2016-10-20 08:00,TX60,182.63,100,18333,-70,-0.38,0,33,0.18,-88,-0.48,-1856,-1.86,4
1340,Entry long,2016-10-20 07:00,C0|L|MKT|15|v0.3.0-tier0|SPY,183.33,100,18333,-70,-0.38,0,33,0.18,-88,-0.48,-1856,-1.86,4
1341,Exit long,2016-10-21 08:00,TX60,182.66,100,18250,16,0.09,0,34,0.19,-17,-0.09,-1840,-1.84,4
1341,Entry long,2016-10-21 07:00,C0|L|MKT|15|v0.3.0-tier0|SPY,182.5,100,18250,16,0.09,0,34,0.19,-17,-0.09,-1840,-1.84,4
1342,Exit short,2016-10-24 08:15,TX60,184.14,100,18395,-19,-0.10,0,14,0.08,-21,-0.11,-1859,-1.86,4
1342,Entry short,2016-10-24 07:15,C0|S|MKT|15|v0.3.0-tier0|SPY,183.95,100,18395,-19,-0.10,0,14,0.08,-21,-0.11,-1859,-1.86,4
1343,Exit long,2016-10-25 08:00,TX60,183.44,100,18388,-44,-0.24,0,17,0.09,-61,-0.33,-1903,-1.90,4
1343,Entry long,2016-10-25 07:00,C0|L|MKT|15|v0.3.0-tier0|SPY,183.88,100,18388,-44,-0.24,0,17,0.09,-61,-0.33,-1903,-1.90,4
1344,Exit short,2016-10-27 08:15,TX60,182.75,100,18286,11,0.06,0,42,0.23,-6,-0.03,-1892,-1.89,4
1344,Entry short,2016-10-27 07:15,C0|S|MKT|15|v0.3.0-tier0|SPY,182.86,100,18286,11,0.06,0,42,0.23,-6,-0.03,-1892,-1.89,4
1345,Exit short,2016-10-31 08:00,TX60,182.07,100,18204,-3,-0.02,0,18,0.10,-24,-0.13,-1895,-1.90,4
1345,Entry short,2016-10-31 07:00,C0|S|MKT|15|v0.3.0-tier0|SPY,182.04,100,18204,-3,-0.02,0,18,0.10,-24,-0.13,-1895,-1.90,4
1346,Exit short,2016-11-01 08:15,TX60,181.52,100,18166,14,0.08,0,36,0.20,-9,-0.05,-1881,-1.88,4
1346,Entry short,2016-11-01 07:15,C0|S|MKT|15|v0.3.0-tier0|SPY,181.66,100,18166,14,0.08,0,36,0.20,-9,-0.05,-1881,-1.88,4
1347,Exit long,2016-11-07 08:30,TX60,181.89,100,18138,51,0.28,0,60,0.33,-2,-0.01,-1830,-1.83,4
1347,Entry long,2016-11-07 07:30,C0|L|MKT|15|v0.3.0-tier0|SPY,181.38,100,18138,51,0.28,0,60,0.33,-2,-0.01,-1830,-1.83,4
1348,Exit long,2016-11-09 08:00,TX60,183.04,100,18358,-54,-0.29,0,1,0.01,-119,-0.65,-1884,-1.88,4
1348,Entry long,2016-11-09 07:00,C0|L|MKT|15|v0.3.0-tier0|SPY,183.58,100,18358,-54,-0.29,0,1,0.01,-119,-0.65,-1884,-1.88,4
1349,Exit short,2016-11-10 08:15,TX60,184.69,100,18545,76,0.41,0,120,0.65,-31,-0.17,-1808,-1.81,4
1349,Entry short,2016-11-10 07:15,C0|S|MKT|15|v0.3.0-tier0|SPY,185.45,100,18545,76,0.41,0,120,0.65,-31,-0.17,-1808,-1.81,4
1350,Exit short,2016-11-11 08:30,TX60,184.5,100,18482,32,0.17,0,48,0.26,-25,-0.14,-1776,-1.78,4
1350,Entry short,2016-11-11 07:30,C0|S|MKT|15|v0.3.0-tier0|SPY,184.82,100,18482,32,0.17,0,48,0.26,-25,-0.14,-1776,-1.78,4
1351,Exit long,2016-11-15 08:15,TX60,186.05,100,18603,2,0.01,0,11,0.06,-23,-0.12,-1774,-1.77,4
1351,Entry long,2016-11-15 07:15,C0|L|MKT|15|v0.3.0-tier0|SPY,186.03,100,18603,2,0.01,0,11,0.06,-23,-0.12,-1774,-1.77,4
1352,Exit long,2016-11-17 08:00,TX60,186.86,100,18715,-29,-0.15,0,0,0.00,-43,-0.23,-1803,-1.80,4
1352,Entry long,2016-11-17 07:00,C0|L|MKT|15|v0.3.0-tier0|SPY,187.15,100,18715,-29,-0.15,0,0,0.00,-43,-0.23,-1803,-1.80,4
1353,Exit long,2016-11-21 08:00,TX60,187.8,100,18800,-20,-0.11,0,2,0.01,-50,-0.27,-1823,-1.82,4
1353,Entry long,2016-11-21 07:00,C0|L|MKT|15|v0.3.0-tier0|SPY,188,100,18800,-20,-0.11,0,2,0.01,-50,-0.27,-1823,-1.82,4
1354,Exit long,2016-11-23 08:30,TX60,188.37,100,18858,-21,-0.11,0,14,0.07,-25,-0.13,-1844,-1.84,4
1354,Entry long,2016-11-23 07:30,C0|L|MKT|15|v0.3.0-tier0|SPY,188.58,100,18858,-21,-0.11,0,14,0.07,-25,-0.13,-1844,-1.84,4
1355,Exit long,2016-11-25 08:00,TX60,189.42,100,18943,-1,-0.01,0,5,0.03,-9,-0.05,-1845,-1.85,4
1355,Entry long,2016-11-25 07:00,C0|L|MKT|15|v0.3.0-tier0|SPY,189.43,100,18943,-1,-0.01,0,5,0.03,-9,-0.05,-1845,-1.85,4
1356,Exit short,2016-11-29 08:00,TX60,189.21,100,18860,-61,-0.32,0,0,0.00,-62,-0.33,-1906,-1.91,4
1356,Entry short,2016-11-29 07:00,C0|S|MKT|15|v0.3.0-tier0|SPY,188.6,100,18860,-61,-0.32,0,0,0.00,-62,-0.33,-1906,-1.91,4
1357,Exit short,2016-11-30 08:00,TX60,189.39,100,18958,19,0.10,0,43,0.23,-13,-0.07,-1887,-1.89,4
1357,Entry short,2016-11-30 07:00,C0|S|MKT|15|v0.3.0-tier0|SPY,189.58,100,18958,19,0.10,0,43,0.23,-13,-0.07,-1887,-1.89,4
1358,Exit long,2016-12-05 08:00,TX60,189.38,100,18930,8,0.04,0,24,0.13,-10,-0.05,-1879,-1.88,4
1358,Entry long,2016-12-05 07:00,C0|L|MKT|15|v0.3.0-tier0|SPY,189.3,100,18930,8,0.04,0,24,0.13,-10,-0.05,-1879,-1.88,4
1359,Exit short,2016-12-06 08:30,TX60,189.24,100,18893,-31,-0.16,0,0,0.00,-37,-0.20,-1910,-1.91,4
1359,Entry short,2016-12-06 07:30,C0|S|MKT|15|v0.3.0-tier0|SPY,188.93,100,18893,-31,-0.16,0,0,0.00,-37,-0.20,-1910,-1.91,4
1360,Exit long,2016-12-07 08:15,TX60,189.91,100,18983,8,0.04,0,20,0.11,-7,-0.04,-1902,-1.90,4
1360,Entry long,2016-12-07 07:15,C0|L|MKT|15|v0.3.0-tier0|SPY,189.83,100,18983,8,0.04,0,20,0.11,-7,-0.04,-1902,-1.90,4
1361,Exit long,2016-12-09 08:00,TX60,193.32,100,19327,5,0.03,0,22,0.11,-23,-0.12,-1897,-1.90,4
1361,Entry long,2016-12-09 07:00,C0|L|MKT|15|v0.3.0-tier0|SPY,193.27,100,19327,5,0.03,0,22,0.11,-23,-0.12,-1897,-1.90,4
1362,Exit long,2016-12-12 08:00,TX60,193.76,100,19417,-41,-0.21,0,12,0.06,-54,-0.28,-1938,-1.94,4
1362,Entry long,2016-12-12 07:00,C0|L|MKT|15|v0.3.0-tier0|SPY,194.17,100,19417,-41,-0.21,0,12,0.06,-54,-0.28,-1938,-1.94,4
1363,Exit short,2016-12-14 08:15,TX60,194.58,100,19465,7,0.04,0,13,0.07,-21,-0.11,-1931,-1.93,4
1363,Entry short,2016-12-14 07:15,C0|S|MKT|15|v0.3.0-tier0|SPY,194.65,100,19465,7,0.04,0,13,0.07,-21,-0.11,-1931,-1.93,4
1364,Exit long,2016-12-15 08:00,TX60,194.52,100,19447,5,0.03,0,26,0.13,-20,-0.10,-1926,-1.93,4
1364,Entry long,2016-12-15 07:00,C0|L|MKT|15|v0.3.0-tier0|SPY,194.47,100,19447,5,0.03,0,26,0.13,-20,-0.10,-1926,-1.93,4
1365,Exit short,2016-12-16 08:30,TX60,193.78,100,19436,58,0.30,0,60,0.31,-21,-0.11,-1868,-1.87,4
1365,Entry short,2016-12-16 07:30,C0|S|MKT|15|v0.3.0-tier0|SPY,194.36,100,19436,58,0.30,0,60,0.31,-21,-0.11,-1868,-1.87,4
1366,Exit long,2016-12-23 08:00,TX60,194.11,100,19421,-10,-0.05,0,8,0.04,-17,-0.09,-1878,-1.88,4
1366,Entry long,2016-12-23 07:00,C0|L|MKT|15|v0.3.0-tier0|SPY,194.21,100,19421,-10,-0.05,0,8,0.04,-17,-0.09,-1878,-1.88,4
1367,Exit long,2016-12-27 08:00,TX60,195.1,100,19515,-5,-0.03,0,9,0.05,-6,-0.03,-1883,-1.88,4
1367,Entry long,2016-12-27 07:00,C0|L|MKT|15|v0.3.0-tier0|SPY,195.15,100,19515,-5,-0.03,0,9,0.05,-6,-0.03,-1883,-1.88,4
1368,Exit short,2016-12-28 08:00,TX60,194.14,100,19422,8,0.04,0,18,0.09,-4,-0.02,-1875,-1.87,4
1368,Entry short,2016-12-28 07:00,C0|S|MKT|15|v0.3.0-tier0|SPY,194.22,100,19422,8,0.04,0,18,0.09,-4,-0.02,-1875,-1.87,4
1369,Exit short,2016-12-30 08:00,TX60,192.8,100,19268,-12,-0.06,0,13,0.07,-14,-0.07,-1887,-1.89,4
1369,Entry short,2016-12-30 07:00,C0|S|MKT|15|v0.3.0-tier0|SPY,192.68,100,19268,-12,-0.06,0,13,0.07,-14,-0.07,-1887,-1.89,4
1370,Exit long,2017-01-03 08:15,TX60,193.44,100,19425,-81,-0.42,0,6,0.03,-106,-0.55,-1968,-1.97,4
1370,Entry long,2017-01-03 07:15,C0|L|MKT|15|v0.3.0-tier0|SPY,194.25,100,19425,-81,-0.42,0,6,0.03,-106,-0.55,-1968,-1.97,4
1371,Exit long,2017-01-05 08:15,TX60,194.46,100,19507,-61,-0.31,0,5,0.03,-67,-0.34,-2029,-2.03,4
1371,Entry long,2017-01-05 07:15,C0|L|MKT|15|v0.3.0-tier0|SPY,195.07,100,19507,-61,-0.31,0,5,0.03,-67,-0.34,-2029,-2.03,4
1372,Exit long,2017-01-11 08:00,TX60,195.21,100,19532,-11,-0.06,0,14,0.07,-28,-0.14,-2040,-2.04,4
1372,Entry long,2017-01-11 07:00,C0|L|MKT|15|v0.3.0-tier0|SPY,195.32,100,19532,-11,-0.06,0,14,0.07,-28,-0.14,-2040,-2.04,4
1373,Exit short,2017-01-12 08:00,TX60,193.95,100,19463,68,0.35,0,71,0.36,-4,-0.02,-1972,-1.97,4
1373,Entry short,2017-01-12 07:00,C0|S|MKT|15|v0.3.0-tier0|SPY,194.63,100,19463,68,0.35,0,71,0.36,-4,-0.02,-1972,-1.97,4
1374,Exit long,2017-01-17 08:15,TX60,194.98,100,19507,-9,-0.05,0,22,0.11,-9,-0.05,-1981,-1.98,4
1374,Entry long,2017-01-17 07:15,C0|L|MKT|15|v0.3.0-tier0|SPY,195.07,100,19507,-9,-0.05,0,22,0.11,-9,-0.05,-1981,-1.98,4
1375,Exit short,2017-01-19 08:15,TX60,194.87,100,19508,21,0.11,0,41,0.21,-4,-0.02,-1960,-1.96,4
1375,Entry short,2017-01-19 07:15,C0|S|MKT|15|v0.3.0-tier0|SPY,195.08,100,19508,21,0.11,0,41,0.21,-4,-0.02,-1960,-1.96,4
1376,Exit short,2017-01-23 08:30,TX60,194.4,100,19455,15,0.08,0,33,0.17,-1,-0.01,-1945,-1.94,4
1376,Entry short,2017-01-23 07:30,C0|S|MKT|15|v0.3.0-tier0|SPY,194.55,100,19455,15,0.08,0,33,0.17,-1,-0.01,-1945,-1.94,4
1377,Exit long,2017-01-25 08:00,TX60,197.29,100,19712,17,0.09,0,23,0.12,-8,-0.04,-1928,-1.93,4
1377,Entry long,2017-01-25 07:00,C0|L|MKT|15|v0.3.0-tier0|SPY,197.12,100,19712,17,0.09,0,23,0.12,-8,-0.04,-1928,-1.93,4
1378,Exit long,2017-01-26 08:15,TX60,197.64,100,19781,-17,-0.09,0,1,0.01,-35,-0.18,-1945,-1.94,4
1378,Entry long,2017-01-26 07:15,C0|L|MKT|15|v0.3.0-tier0|SPY,197.81,100,19781,-17,-0.09,0,1,0.01,-35,-0.18,-1945,-1.94,4
1379,Exit short,2017-01-27 08:00,TX60,197.07,100,19723,16,0.08,0,21,0.11,-9,-0.05,-1929,-1.93,4
1379,Entry short,2017-01-27 07:00,C0|S|MKT|15|v0.3.0-tier0|SPY,197.23,100,19723,16,0.08,0,21,0.11,-9,-0.05,-1929,-1.93,4
1380,Exit short,2017-01-30 08:15,TX60,195.44,100,19544,0,0.00,0,46,0.24,-4,-0.02,-1929,-1.93,4
1380,Entry short,2017-01-30 07:15,C0|S|MKT|15|v0.3.0-tier0|SPY,195.44,100,19544,0,0.00,0,46,0.24,-4,-0.02,-1929,-1.93,4
1381,Exit short,2017-01-31 08:00,TX60,195.16,100,19539,23,0.12,0,33,0.17,-14,-0.07,-1906,-1.91,4
1381,Entry short,2017-01-31 07:00,C0|S|MKT|15|v0.3.0-tier0|SPY,195.39,100,19539,23,0.12,0,33,0.17,-14,-0.07,-1906,-1.91,4
1382,Exit short,2017-02-01 08:00,TX60,195.7,100,19652,82,0.42,0,90,0.46,-13,-0.07,-1824,-1.82,4
1382,Entry short,2017-02-01 07:00,C0|S|MKT|15|v0.3.0-tier0|SPY,196.52,100,19652,82,0.42,0,90,0.46,-13,-0.07,-1824,-1.82,4
1383,Exit long,2017-02-02 08:00,TX60,196.34,100,19584,50,0.26,0,50,0.26,-15,-0.08,-1774,-1.77,4
1383,Entry long,2017-02-02 07:00,C0|L|MKT|15|v0.3.0-tier0|SPY,195.84,100,19584,50,0.26,0,50,0.26,-15,-0.08,-1774,-1.77,4
1384,Exit long,2017-02-03 08:15,TX60,197.57,100,19711,46,0.23,0,53,0.27,-1,-0.01,-1728,-1.73,4
1384,Entry long,2017-02-03 07:15,C0|L|MKT|15|v0.3.0-tier0|SPY,197.11,100,19711,46,0.23,0,53,0.27,-1,-0.01,-1728,-1.73,4
1385,Exit long,2017-02-06 08:00,TX60,197.15,100,19733,-18,-0.09,0,15,0.08,-19,-0.10,-1746,-1.75,4
1385,Entry long,2017-02-06 07:00,C0|L|MKT|15|v0.3.0-tier0|SPY,197.33,100,19733,-18,-0.09,0,15,0.08,-19,-0.10,-1746,-1.75,4
1386,Exit long,2017-02-07 08:15,TX60,197.63,100,19769,-6,-0.03,0,5,0.03,-17,-0.09,-1752,-1.75,4
1386,Entry long,2017-02-07 07:15,C0|L|MKT|15|v0.3.0-tier0|SPY,197.69,100,19769,-6,-0.03,0,5,0.03,-17,-0.09,-1752,-1.75,4
1387,Exit long,2017-02-08 08:15,TX60,197.33,100,19702,31,0.16,0,39,0.20,-22,-0.11,-1721,-1.72,4
1387,Entry long,2017-02-08 07:15,C0|L|MKT|15|v0.3.0-tier0|SPY,197.02,100,19702,31,0.16,0,39,0.20,-22,-0.11,-1721,-1.72,4
1388,Exit long,2017-02-09 08:15,TX60,198.48,100,19794,54,0.27,0,58,0.29,0,0.00,-1667,-1.67,4
1388,Entry long,2017-02-09 07:15,C0|L|MKT|15|v0.3.0-tier0|SPY,197.94,100,19794,54,0.27,0,58,0.29,0,0.00,-1667,-1.67,4
1389,Exit long,2017-02-15 08:00,TX60,201.61,100,20130,31,0.15,0,33,0.16,-19,-0.09,-1636,-1.64,4
1389,Entry long,2017-02-15 07:00,C0|L|MKT|15|v0.3.0-tier0|SPY,201.3,100,20130,31,0.15,0,33,0.16,-19,-0.09,-1636,-1.64,4
1390,Exit short,2017-02-16 08:00,TX60,201.78,100,20208,30,0.15,0,59,0.29,-25,-0.12,-1606,-1.61,4
1390,Entry short,2017-02-16 07:00,C0|S|MKT|15|v0.3.0-tier0|SPY,202.08,100,20208,30,0.15,0,59,0.29,-25,-0.12,-1606,-1.61,4
1391,Exit long,2017-02-17 08:00,TX60,201.69,100,20178,-9,-0.04,0,14,0.07,-12,-0.06,-1615,-1.62,4
1391,Entry long,2017-02-17 07:00,C0|L|MKT|15|v0.3.0-tier0|SPY,201.78,100,20178,-9,-0.04,0,14,0.07,-12,-0.06,-1615,-1.62,4
1392,Exit long,2017-02-21 08:00,TX60,203.58,100,20332,26,0.13,0,46,0.23,-2,-0.01,-1589,-1.59,4
1392,Entry long,2017-02-21 07:00,C0|L|MKT|15|v0.3.0-tier0|SPY,203.32,100,20332,26,0.13,0,46,0.23,-2,-0.01,-1589,-1.59,4
1393,Exit long,2017-02-22 08:15,TX60,203.34,100,20347,-13,-0.06,0,23,0.11,-19,-0.09,-1602,-1.60,4
1393,Entry long,2017-02-22 07:15,C0|L|MKT|15|v0.3.0-tier0|SPY,203.47,100,20347,-13,-0.06,0,23,0.11,-19,-0.09,-1602,-1.60,4
1394,Exit short,2017-02-23 08:15,TX60,202.91,100,20341,50,0.25,0,55,0.27,-9,-0.04,-1552,-1.55,4
1394,Entry short,2017-02-23 07:15,C0|S|MKT|15|v0.3.0-tier0|SPY,203.41,100,20341,50,0.25,0,55,0.27,-9,-0.04,-1552,-1.55,4
1395,Exit long,2017-02-24 08:00,TX60,203.23,100,20319,4,0.02,0,17,0.08,-28,-0.14,-1548,-1.55,4
1395,Entry long,2017-02-24 07:00,C0|L|MKT|15|v0.3.0-tier0|SPY,203.19,100,20319,4,0.02,0,17,0.08,-28,-0.14,-1548,-1.55,4
1396,Exit long,2017-02-27 08:00,TX60,203.97,100,20397,0,0.00,0,19,0.09,-34,-0.17,-1548,-1.55,4
1396,Entry long,2017-02-27 07:00,C0|L|MKT|15|v0.3.0-tier0|SPY,203.97,100,20397,0,0.00,0,19,0.09,-34,-0.17,-1548,-1.55,4
1397,Exit long,2017-02-28 08:15,TX60,203.96,100,20402,-6,-0.03,0,2,0.01,-18,-0.09,-1554,-1.55,4
1397,Entry long,2017-02-28 07:15,C0|L|MKT|15|v0.3.0-tier0|SPY,204.02,100,20402,-6,-0.03,0,2,0.01,-18,-0.09,-1554,-1.55,4
1398,Exit long,2017-03-01 08:00,TX60,205.91,100,20565,26,0.13,0,33,0.16,-1,0.00,-1528,-1.53,4
1398,Entry long,2017-03-01 07:00,C0|L|MKT|15|v0.3.0-tier0|SPY,205.65,100,20565,26,0.13,0,33,0.16,-1,0.00,-1528,-1.53,4
1399,Exit short,2017-03-02 08:15,TX60,205.7,100,20582,12,0.06,0,23,0.11,-21,-0.10,-1516,-1.52,4
1399,Entry short,2017-03-02 07:15,C0|S|MKT|15|v0.3.0-tier0|SPY,205.82,100,20582,12,0.06,0,23,0.11,-21,-0.10,-1516,-1.52,4
1400,Exit short,2017-03-03 08:00,TX60,204.86,100,20500,14,0.07,0,27,0.13,-21,-0.10,-1502,-1.50,4
1400,Entry short,2017-03-03 07:00,C0|S|MKT|15|v0.3.0-tier0|SPY,205,100,20500,14,0.07,0,27,0.13,-21,-0.10,-1502,-1.50,4
1401,Exit long,2017-03-07 08:30,TX60,204.19,100,20461,-42,-0.21,0,15,0.07,-42,-0.21,-1544,-1.54,4
1401,Entry long,2017-03-07 07:30,C0|L|MKT|15|v0.3.0-tier0|SPY,204.61,100,20461,-42,-0.21,0,15,0.07,-42,-0.21,-1544,-1.54,4
1402,Exit short,2017-03-08 08:15,TX60,204.34,100,20420,-14,-0.07,0,0,0.00,-36,-0.18,-1558,-1.56,4
1402,Entry short,2017-03-08 07:15,C0|S|MKT|15|v0.3.0-tier0|SPY,204.2,100,20420,-14,-0.07,0,0,0.00,-36,-0.18,-1558,-1.56,4
1403,Exit long,2017-03-09 08:00,TX60,204.02,100,20399,3,0.01,0,31,0.15,-15,-0.07,-1555,-1.55,4
1403,Entry long,2017-03-09 07:00,C0|L|MKT|15|v0.3.0-tier0|SPY,203.99,100,20399,3,0.01,0,31,0.15,-15,-0.07,-1555,-1.55,4
1404,Exit short,2017-03-13 08:00,TX60,204.53,100,20448,-5,-0.02,0,5,0.02,-21,-0.10,-1560,-1.56,4
1404,Entry short,2017-03-13 07:00,C0|S|MKT|15|v0.3.0-tier0|SPY,204.48,100,20448,-5,-0.02,0,5,0.02,-21,-0.10,-1560,-1.56,4
1405,Exit short,2017-03-14 08:00,TX60,203.77,100,20397,20,0.10,0,57,0.28,0,0.00,-1540,-1.54,4
1405,Entry short,2017-03-14 07:00,C0|S|MKT|15|v0.3.0-tier0|SPY,203.97,100,20397,20,0.10,0,57,0.28,0,0.00,-1540,-1.54,4
1406,Exit long,2017-03-15 08:30,TX60,204.71,100,20471,0,0.00,0,4,0.02,-20,-0.10,-1540,-1.54,4
1406,Entry long,2017-03-15 07:30,C0|L|MKT|15|v0.3.0-tier0|SPY,204.71,100,20471,0,0.00,0,4,0.02,-20,-0.10,-1540,-1.54,4
1407,Exit short,2017-03-16 08:15,TX60,205.33,100,20566,33,0.16,0,47,0.23,-4,-0.02,-1507,-1.51,4
1407,Entry short,2017-03-16 07:15,C0|S|MKT|15|v0.3.0-tier0|SPY,205.66,100,20566,33,0.16,0,47,0.23,-4,-0.02,-1507,-1.51,4
1408,Exit long,2017-03-20 08:15,TX60,205.06,100,20506,0,0.00,0,23,0.11,-1,0.00,-1507,-1.51,4
1408,Entry long,2017-03-20 07:15,C0|L|MKT|15|v0.3.0-tier0|SPY,205.06,100,20506,0,0.00,0,23,0.11,-1,0.00,-1507,-1.51,4
1409,Exit short,2017-03-21 08:00,TX60,203.61,100,20510,149,0.73,0,169,0.82,0,0.00,-1358,-1.36,4
1409,Entry short,2017-03-21 07:00,C0|S|MKT|15|v0.3.0-tier0|SPY,205.1,100,20510,149,0.73,0,169,0.82,0,0.00,-1358,-1.36,4
1410,Exit short,2017-03-22 08:00,TX60,202.33,100,20176,-57,-0.28,0,19,0.09,-59,-0.29,-1415,-1.41,4
1410,Entry short,2017-03-22 07:00,C0|S|MKT|15|v0.3.0-tier0|SPY,201.76,100,20176,-57,-0.28,0,19,0.09,-59,-0.29,-1415,-1.41,4
1411,Exit long,2017-03-24 08:30,TX60,202.96,100,20296,0,0.00,0,32,0.16,-4,-0.02,-1415,-1.41,4
1411,Entry long,2017-03-24 07:30,C0|L|MKT|15|v0.3.0-tier0|SPY,202.96,100,20296,0,0.00,0,32,0.16,-4,-0.02,-1415,-1.41,4
1412,Exit long,2017-03-27 08:00,TX60,201.38,100,20106,32,0.16,0,36,0.18,-28,-0.14,-1383,-1.38,4
1412,Entry long,2017-03-27 07:00,C0|L|MKT|15|v0.3.0-tier0|SPY,201.06,100,20106,32,0.16,0,36,0.18,-28,-0.14,-1383,-1.38,4
1413,Exit long,2017-03-29 08:00,TX60,203.75,100,20348,27,0.13,0,39,0.19,-16,-0.08,-1356,-1.36,4
1413,Entry long,2017-03-29 07:00,C0|L|MKT|15|v0.3.0-tier0|SPY,203.48,100,20348,27,0.13,0,39,0.19,-16,-0.08,-1356,-1.36,4
1414,Exit long,2017-03-30 08:00,TX60,204.5,100,20388,62,0.30,0,66,0.32,-1,0.00,-1294,-1.29,4
1414,Entry long,2017-03-30 07:00,C0|L|MKT|15|v0.3.0-tier0|SPY,203.88,100,20388,62,0.30,0,66,0.32,-1,0.00,-1294,-1.29,4
1415,Exit long,2017-03-31 08:00,TX60,204.23,100,20415,8,0.04,0,27,0.13,-11,-0.05,-1286,-1.29,4
1415,Entry long,2017-03-31 07:00,C0|L|MKT|15|v0.3.0-tier0|SPY,204.15,100,20415,8,0.04,0,27,0.13,-11,-0.05,-1286,-1.29,4
1416,Exit short,2017-04-03 08:15,TX60,202.78,100,20354,76,0.37,0,94,0.46,-29,-0.14,-1210,-1.21,4
1416,Entry short,2017-04-03 07:15,C0|S|MKT|15|v0.3.0-tier0|SPY,203.54,100,20354,76,0.37,0,94,0.46,-29,-0.14,-1210,-1.21,4
1417,Exit short,2017-04-04 08:15,TX60,203.35,100,20303,-32,-0.16,0,8,0.04,-41,-0.20,-1242,-1.24,4
1417,Entry short,2017-04-04 07:15,C0|S|MKT|15|v0.3.0-tier0|SPY,203.03,100,20303,-32,-0.16,0,8,0.04,-41,-0.20,-1242,-1.24,4
1418,Exit long,2017-04-05 08:00,TX60,205.07,100,20487,20,0.10,0,45,0.22,-13,-0.06,-1222,-1.22,4
1418,Entry long,2017-04-05 07:00,C0|L|MKT|15|v0.3.0-tier0|SPY,204.87,100,20487,20,0.10,0,45,0.22,-13,-0.06,-1222,-1.22,4
1419,Exit long,2017-04-06 08:00,TX60,203.47,100,20352,-5,-0.02,0,19,0.09,-35,-0.17,-1227,-1.23,4
1419,Entry long,2017-04-06 07:00,C0|L|MKT|15|v0.3.0-tier0|SPY,203.52,100,20352,-5,-0.02,0,19,0.09,-35,-0.17,-1227,-1.23,4
1420,Exit short,2017-04-07 08:00,TX60,203.42,100,20302,-40,-0.20,0,8,0.04,-70,-0.34,-1267,-1.27,4
1420,Entry short,2017-04-07 07:00,C0|S|MKT|15|v0.3.0-tier0|SPY,203.02,100,20302,-40,-0.20,0,8,0.04,-70,-0.34,-1267,-1.27,4
1421,Exit long,2017-04-10 08:00,TX60,203.96,100,20407,-11,-0.05,0,26,0.13,-12,-0.06,-1278,-1.28,4
1421,Entry long,2017-04-10 07:00,C0|L|MKT|15|v0.3.0-tier0|SPY,204.07,100,20407,-11,-0.05,0,26,0.13,-12,-0.06,-1278,-1.28,4
1422,Exit short,2017-04-11 08:30,TX60,202.08,100,20259,51,0.25,0,77,0.38,0,0.00,-1227,-1.23,4
1422,Entry short,2017-04-11 07:30,C0|S|MKT|15|v0.3.0-tier0|SPY,202.59,100,20259,51,0.25,0,77,0.38,0,0.00,-1227,-1.23,4
1423,Exit long,2017-04-13 08:00,TX60,202.64,100,20250,14,0.07,0,29,0.14,-6,-0.03,-1213,-1.21,4
1423,Entry long,2017-04-13 07:00,C0|L|MKT|15|v0.3.0-tier0|SPY,202.5,100,20250,14,0.07,0,29,0.14,-6,-0.03,-1213,-1.21,4
1424,Exit long,2017-04-17 08:15,TX60,202.14,100,20200,14,0.07,0,18,0.09,-17,-0.08,-1199,-1.20,4
1424,Entry long,2017-04-17 07:15,C0|L|MKT|15|v0.3.0-tier0|SPY,202,100,20200,14,0.07,0,18,0.09,-17,-0.08,-1199,-1.20,4
1425,Exit long,2017-04-18 08:00,TX60,202.34,100,20279,-45,-0.22,0,1,0.00,-64,-0.32,-1244,-1.24,4
1425,Entry long,2017-04-18 07:00,C0|L|MKT|15|v0.3.0-tier0|SPY,202.79,100,20279,-45,-0.22,0,1,0.00,-64,-0.32,-1244,-1.24,4
1426,Exit long,2017-04-19 08:00,TX60,202.81,100,20317,-36,-0.18,0,2,0.01,-50,-0.25,-1280,-1.28,4
1426,Entry long,2017-04-19 07:00,C0|L|MKT|15|v0.3.0-tier0|SPY,203.17,100,20317,-36,-0.18,0,2,0.01,-50,-0.25,-1280,-1.28,4
1427,Exit long,2017-04-20 08:15,TX60,202.7,100,20271,-1,0.00,0,3,0.01,-28,-0.14,-1281,-1.28,4
1427,Entry long,2017-04-20 07:15,C0|L|MKT|15|v0.3.0-tier0|SPY,202.71,100,20271,-1,0.00,0,3,0.01,-28,-0.14,-1281,-1.28,4
1428,Exit long,2017-04-25 08:15,TX60,206.26,100,20639,-13,-0.06,0,2,0.01,-25,-0.12,-1294,-1.29,4
1428,Entry long,2017-04-25 07:15,C0|L|MKT|15|v0.3.0-tier0|SPY,206.39,100,20639,-13,-0.06,0,2,0.01,-25,-0.12,-1294,-1.29,4
1429,Exit long,2017-04-26 08:15,TX60,206.69,100,20663,6,0.03,0,16,0.08,-13,-0.06,-1288,-1.29,4
1429,Entry long,2017-04-26 07:15,C0|L|MKT|15|v0.3.0-tier0|SPY,206.63,100,20663,6,0.03,0,16,0.08,-13,-0.06,-1288,-1.29,4
1430,Exit short,2017-04-28 08:30,TX60,206.07,100,20613,6,0.03,0,15,0.07,-12,-0.06,-1282,-1.28,4
1430,Entry short,2017-04-28 07:30,C0|S|MKT|15|v0.3.0-tier0|SPY,206.13,100,20613,6,0.03,0,15,0.07,-12,-0.06,-1282,-1.28,4
1431,Exit short,2017-05-01 08:15,TX60,206.52,100,20604,-48,-0.23,0,2,0.01,-53,-0.26,-1330,-1.33,4
1431,Entry short,2017-05-01 07:15,C0|S|MKT|15|v0.3.0-tier0|SPY,206.04,100,20604,-48,-0.23,0,2,0.01,-53,-0.26,-1330,-1.33,4
1432,Exit short,2017-05-02 08:00,TX60,206.25,100,20616,-9,-0.04,0,5,0.02,-22,-0.11,-1339,-1.34,4
1432,Entry short,2017-05-02 07:00,C0|S|MKT|15|v0.3.0-tier0|SPY,206.16,100,20616,-9,-0.04,0,5,0.02,-22,-0.11,-1339,-1.34,4
1433,Exit short,2017-05-04 08:00,TX60,206.34,100,20620,-14,-0.07,0,3,0.01,-37,-0.18,-1353,-1.35,4
1433,Entry short,2017-05-04 07:00,C0|S|MKT|15|v0.3.0-tier0|SPY,206.2,100,20620,-14,-0.07,0,3,0.01,-37,-0.18,-1353,-1.35,4
1434,Exit short,2017-05-05 08:00,TX60,206.62,100,20658,-4,-0.02,0,14,0.07,-18,-0.09,-1357,-1.36,4
1434,Entry short,2017-05-05 07:00,C0|S|MKT|15|v0.3.0-tier0|SPY,206.58,100,20658,-4,-0.02,0,14,0.07,-18,-0.09,-1357,-1.36,4
1435,Exit long,2017-05-09 08:15,TX60,207.52,100,20769,-17,-0.08,0,4,0.02,-22,-0.11,-1374,-1.37,4
1435,Entry long,2017-05-09 07:15,C0|L|MKT|15|v0.3.0-tier0|SPY,207.69,100,20769,-17,-0.08,0,4,0.02,-22,-0.11,-1374,-1.37,4
1436,Exit short,2017-05-10 08:30,TX60,207.35,100,20689,-46,-0.22,0,3,0.01,-49,-0.24,-1420,-1.42,4
1436,Entry short,2017-05-10 07:30,C0|S|MKT|15|v0.3.0-tier0|SPY,206.89,100,20689,-46,-0.22,0,3,0.01,-49,-0.24,-1420,-1.42,4
1437,Exit short,2017-05-11 08:00,TX60,206.35,100,20633,-2,-0.01,0,37,0.18,-11,-0.05,-1422,-1.42,4
1437,Entry short,2017-05-11 07:00,C0|S|MKT|15|v0.3.0-tier0|SPY,206.33,100,20633,-2,-0.01,0,37,0.18,-11,-0.05,-1422,-1.42,4
1438,Exit short,2017-05-12 08:30,TX60,206.71,100,20652,-19,-0.09,0,9,0.04,-19,-0.09,-1441,-1.44,4
1438,Entry short,2017-05-12 07:30,C0|S|MKT|15|v0.3.0-tier0|SPY,206.52,100,20652,-19,-0.09,0,9,0.04,-19,-0.09,-1441,-1.44,4
1439,Exit long,2017-05-15 08:00,TX60,207.87,100,20760,27,0.13,0,31,0.15,-1,0.00,-1414,-1.41,4
1439,Entry long,2017-05-15 07:00,C0|L|MKT|15|v0.3.0-tier0|SPY,207.6,100,20760,27,0.13,0,31,0.15,-1,0.00,-1414,-1.41,4
1440,Exit short,2017-05-16 08:30,TX60,207.61,100,20755,-6,-0.03,0,29,0.14,-13,-0.06,-1420,-1.42,4
1440,Entry short,2017-05-16 07:30,C0|S|MKT|15|v0.3.0-tier0|SPY,207.55,100,20755,-6,-0.03,0,29,0.14,-13,-0.06,-1420,-1.42,4
1441,Exit short,2017-05-17 08:00,TX60,205.03,100,20564,61,0.30,0,68,0.33,-18,-0.09,-1359,-1.36,4
1441,Entry short,2017-05-17 07:00,C0|S|MKT|15|v0.3.0-tier0|SPY,205.64,100,20564,61,0.30,0,68,0.33,-18,-0.09,-1359,-1.36,4
1442,Exit long,2017-05-18 08:15,TX60,204.62,100,20453,9,0.04,0,46,0.22,-10,-0.05,-1350,-1.35,4
1442,Entry long,2017-05-18 07:15,C0|L|MKT|15|v0.3.0-tier0|SPY,204.53,100,20453,9,0.04,0,46,0.22,-10,-0.05,-1350,-1.35,4
1443,Exit long,2017-05-19 08:00,TX60,206.21,100,20586,35,0.17,0,41,0.20,-4,-0.02,-1315,-1.31,4
1443,Entry long,2017-05-19 07:00,C0|L|MKT|15|v0.3.0-tier0|SPY,205.86,100,20586,35,0.17,0,41,0.20,-4,-0.02,-1315,-1.31,4
1444,Exit short,2017-05-23 08:00,TX60,207.47,100,20727,-20,-0.10,0,11,0.05,-25,-0.12,-1335,-1.33,4
1444,Entry short,2017-05-23 07:00,C0|S|MKT|15|v0.3.0-tier0|SPY,207.27,100,20727,-20,-0.10,0,11,0.05,-25,-0.12,-1335,-1.33,4
1445,Exit long,2017-05-25 08:00,TX60,209.01,100,20880,21,0.10,0,33,0.16,-6,-0.03,-1314,-1.31,4
1445,Entry long,2017-05-25 07:00,C0|L|MKT|15|v0.3.0-tier0|SPY,208.8,100,20880,21,0.10,0,33,0.16,-6,-0.03,-1314,-1.31,4
1446,Exit long,2017-05-26 08:00,TX60,208.97,100,20907,-10,-0.05,0,15,0.07,-11,-0.05,-1324,-1.32,4
1446,Entry long,2017-05-26 07:00,C0|L|MKT|15|v0.3.0-tier0|SPY,209.07,100,20907,-10,-0.05,0,15,0.07,-11,-0.05,-1324,-1.32,4
1447,Exit short,2017-05-31 08:00,TX60,208.74,100,20842,-32,-0.15,0,29,0.14,-34,-0.16,-1356,-1.36,4
1447,Entry short,2017-05-31 07:00,C0|S|MKT|15|v0.3.0-tier0|SPY,208.42,100,20842,-32,-0.15,0,29,0.14,-34,-0.16,-1356,-1.36,4
1448,Exit long,2017-06-05 08:00,TX60,211.13,100,21111,2,0.01,0,19,0.09,-1,0.00,-1354,-1.35,4
1448,Entry long,2017-06-05 07:00,C0|L|MKT|15|v0.3.0-tier0|SPY,211.11,100,21111,2,0.01,0,19,0.09,-1,0.00,-1354,-1.35,4
1449,Exit long,2017-06-06 08:00,TX60,210.64,100,21074,-10,-0.05,0,14,0.07,-16,-0.08,-1364,-1.36,4
1449,Entry long,2017-06-06 07:00,C0|L|MKT|15|v0.3.0-tier0|SPY,210.74,100,21074,-10,-0.05,0,14,0.07,-16,-0.08,-1364,-1.36,4
1450,Exit short,2017-06-08 08:00,TX60,210.68,100,21067,-1,0.00,0,35,0.17,-19,-0.09,-1365,-1.36,4
1450,Entry short,2017-06-08 07:00,C0|S|MKT|15|v0.3.0-tier0|SPY,210.67,100,21067,-1,0.00,0,35,0.17,-19,-0.09,-1365,-1.36,4
1451,Exit long,2017-06-09 08:00,TX60,211.75,100,21145,30,0.14,0,46,0.22,-7,-0.03,-1335,-1.33,4
1451,Entry long,2017-06-09 07:00,C0|L|MKT|15|v0.3.0-tier0|SPY,211.45,100,21145,30,0.14,0,46,0.22,-7,-0.03,-1335,-1.33,4
1452,Exit short,2017-06-12 08:00,TX60,210.23,100,20986,-37,-0.18,0,22,0.10,-43,-0.20,-1372,-1.37,4
1452,Entry short,2017-06-12 07:00,C0|S|MKT|15|v0.3.0-tier0|SPY,209.86,100,20986,-37,-0.18,0,22,0.10,-43,-0.20,-1372,-1.37,4
1453,Exit long,2017-06-19 08:00,TX60,212.23,100,21197,26,0.12,0,60,0.28,-3,-0.01,-1346,-1.35,4
1453,Entry long,2017-06-19 07:00,C0|L|MKT|15|v0.3.0-tier0|SPY,211.97,100,21197,26,0.12,0,60,0.28,-3,-0.01,-1346,-1.35,4
1454,Exit short,2017-06-20 08:00,TX60,212.12,100,21193,-19,-0.09,0,8,0.04,-25,-0.12,-1365,-1.36,4
1454,Entry short,2017-06-20 07:00,C0|S|MKT|15|v0.3.0-tier0|SPY,211.93,100,21193,-19,-0.09,0,8,0.04,-25,-0.12,-1365,-1.36,4
1455,Exit short,2017-06-21 08:00,TX60,211.39,100,21128,-11,-0.05,0,3,0.01,-43,-0.20,-1376,-1.38,4
1455,Entry short,2017-06-21 07:00,C0|S|MKT|15|v0.3.0-tier0|SPY,211.28,100,21128,-11,-0.05,0,3,0.01,-43,-0.20,-1376,-1.38,4
1456,Exit long,2017-06-23 08:30,TX60,211.44,100,21115,29,0.14,0,37,0.18,-1,0.00,-1347,-1.35,4
1456,Entry long,2017-06-23 07:30,C0|L|MKT|15|v0.3.0-tier0|SPY,211.15,100,21115,29,0.14,0,37,0.18,-1,0.00,-1347,-1.35,4
1457,Exit long,2017-06-26 08:00,TX60,211.59,100,21238,-79,-0.37,0,0,0.00,-98,-0.46,-1426,-1.43,4
1457,Entry long,2017-06-26 07:00,C0|L|MKT|15|v0.3.0-tier0|SPY,212.38,100,21238,-79,-0.37,0,0,0.00,-98,-0.46,-1426,-1.43,4
1458,Exit short,2017-06-28 08:00,TX60,211.31,100,21061,-70,-0.33,0,1,0.00,-84,-0.40,-1496,-1.50,4
1458,Entry short,2017-06-28 07:00,C0|S|MKT|15|v0.3.0-tier0|SPY,210.61,100,21061,-70,-0.33,0,1,0.00,-84,-0.40,-1496,-1.50,4
1459,Exit short,2017-06-29 08:15,TX60,210.5,100,21078,28,0.13,0,39,0.19,-43,-0.20,-1468,-1.47,4
1459,Entry short,2017-06-29 07:15,C0|S|MKT|15|v0.3.0-tier0|SPY,210.78,100,21078,28,0.13,0,39,0.19,-43,-0.20,-1468,-1.47,4
1460,Exit short,2017-06-30 08:00,TX60,210.24,100,21041,17,0.08,0,45,0.21,-3,-0.01,-1451,-1.45,4
1460,Entry short,2017-06-30 07:00,C0|S|MKT|15|v0.3.0-tier0|SPY,210.41,100,21041,17,0.08,0,45,0.21,-3,-0.01,-1451,-1.45,4
1461,Exit long,2017-07-03 08:15,TX60,211.34,100,21148,-14,-0.07,0,4,0.02,-33,-0.16,-1465,-1.46,4
1461,Entry long,2017-07-03 07:15,C0|L|MKT|15|v0.3.0-tier0|SPY,211.48,100,21148,-14,-0.07,0,4,0.02,-33,-0.16,-1465,-1.46,4
1462,Exit short,2017-07-05 08:15,TX60,210.9,100,21017,-73,-0.35,0,9,0.04,-73,-0.35,-1538,-1.54,4
1462,Entry short,2017-07-05 07:15,C0|S|MKT|15|v0.3.0-tier0|SPY,210.17,100,21017,-73,-0.35,0,9,0.04,-73,-0.35,-1538,-1.54,4
1463,Exit short,2017-07-06 08:00,TX60,209.67,100,20972,5,0.02,0,39,0.19,-16,-0.08,-1533,-1.53,4
1463,Entry short,2017-07-06 07:00,C0|S|MKT|15|v0.3.0-tier0|SPY,209.72,100,20972,5,0.02,0,39,0.19,-16,-0.08,-1533,-1.53,4
1464,Exit long,2017-07-07 08:00,TX60,209.73,100,20988,-15,-0.07,0,7,0.03,-37,-0.18,-1548,-1.55,4
1464,Entry long,2017-07-07 07:00,C0|L|MKT|15|v0.3.0-tier0|SPY,209.88,100,20988,-15,-0.07,0,7,0.03,-37,-0.18,-1548,-1.55,4
1465,Exit long,2017-07-11 08:30,TX60,209.69,100,21057,-88,-0.42,0,11,0.05,-124,-0.59,-1636,-1.64,4
1465,Entry long,2017-07-11 07:30,C0|L|MKT|15|v0.3.0-tier0|SPY,210.57,100,21057,-88,-0.42,0,11,0.05,-124,-0.59,-1636,-1.64,4
1466,Exit long,2017-07-12 08:00,TX60,211.75,100,21195,-20,-0.09,0,20,0.09,-21,-0.10,-1656,-1.66,4
1466,Entry long,2017-07-12 07:00,C0|L|MKT|15|v0.3.0-tier0|SPY,211.95,100,21195,-20,-0.09,0,20,0.09,-21,-0.10,-1656,-1.66,4
1467,Exit short,2017-07-13 08:30,TX60,212.27,100,21194,-33,-0.16,0,7,0.03,-40,-0.19,-1689,-1.69,4
1467,Entry short,2017-07-13 07:30,C0|S|MKT|15|v0.3.0-tier0|SPY,211.94,100,21194,-33,-0.16,0,7,0.03,-40,-0.19,-1689,-1.69,4
1468,Exit long,2017-07-17 08:00,TX60,213.61,100,21350,11,0.05,0,14,0.07,-13,-0.06,-1678,-1.68,4
1468,Entry long,2017-07-17 07:00,C0|L|MKT|15|v0.3.0-tier0|SPY,213.5,100,21350,11,0.05,0,14,0.07,-13,-0.06,-1678,-1.68,4
1469,Exit long,2017-07-18 08:15,TX60,213.02,100,21318,-16,-0.08,0,3,0.01,-53,-0.25,-1694,-1.69,4
1469,Entry long,2017-07-18 07:15,C0|L|MKT|15|v0.3.0-tier0|SPY,213.18,100,21318,-16,-0.08,0,3,0.01,-53,-0.25,-1694,-1.69,4
1470,Exit long,2017-07-19 08:00,TX60,214.11,100,21413,-2,-0.01,0,13,0.06,-20,-0.09,-1696,-1.70,4
1470,Entry long,2017-07-19 07:00,C0|L|MKT|15|v0.3.0-tier0|SPY,214.13,100,21413,-2,-0.01,0,13,0.06,-20,-0.09,-1696,-1.70,4
1471,Exit short,2017-07-20 08:30,TX60,214.53,100,21471,18,0.08,0,50,0.23,-19,-0.09,-1678,-1.68,4
1471,Entry short,2017-07-20 07:30,C0|S|MKT|15|v0.3.0-tier0|SPY,214.71,100,21471,18,0.08,0,50,0.23,-19,-0.09,-1678,-1.68,4
1472,Exit short,2017-07-21 08:00,TX60,214.03,100,21409,6,0.03,0,13,0.06,-19,-0.09,-1672,-1.67,4
1472,Entry short,2017-07-21 07:00,C0|S|MKT|15|v0.3.0-tier0|SPY,214.09,100,21409,6,0.03,0,13,0.06,-19,-0.09,-1672,-1.67,4
1473,Exit short,2017-07-25 08:15,TX60,215.19,100,21489,-30,-0.14,0,0,0.00,-30,-0.14,-1702,-1.70,4
1473,Entry short,2017-07-25 07:15,C0|S|MKT|15|v0.3.0-tier0|SPY,214.89,100,21489,-30,-0.14,0,0,0.00,-30,-0.14,-1702,-1.70,4
1474,Exit short,2017-07-27 08:00,TX60,215.48,100,21520,-28,-0.13,0,2,0.01,-31,-0.14,-1730,-1.73,4
1474,Entry short,2017-07-27 07:00,C0|S|MKT|15|v0.3.0-tier0|SPY,215.2,100,21520,-28,-0.13,0,2,0.01,-31,-0.14,-1730,-1.73,4
1475,Exit short,2017-07-28 08:30,TX60,214.2,100,21412,-8,-0.04,0,19,0.09,-21,-0.10,-1738,-1.74,4
1475,Entry short,2017-07-28 07:30,C0|S|MKT|15|v0.3.0-tier0|SPY,214.12,100,21412,-8,-0.04,0,19,0.09,-21,-0.10,-1738,-1.74,4
1476,Exit short,2017-07-31 08:00,TX60,214.4,100,21470,30,0.14,0,43,0.20,-3,-0.01,-1708,-1.71,4
1476,Entry short,2017-07-31 07:00,C0|S|MKT|15|v0.3.0-tier0|SPY,214.7,100,21470,30,0.14,0,43,0.20,-3,-0.01,-1708,-1.71,4
1477,Exit short,2017-08-01 08:00,TX60,214.88,100,21468,-20,-0.09,0,13,0.06,-27,-0.13,-1728,-1.73,4
1477,Entry short,2017-08-01 07:00,C0|S|MKT|15|v0.3.0-tier0|SPY,214.68,100,21468,-20,-0.09,0,13,0.06,-27,-0.13,-1728,-1.73,4
1478,Exit short,2017-08-02 08:00,TX60,214.22,100,21484,62,0.29,0,71,0.33,-25,-0.12,-1666,-1.67,4
1478,Entry short,2017-08-02 07:00,C0|S|MKT|15|v0.3.0-tier0|SPY,214.84,100,21484,62,0.29,0,71,0.33,-25,-0.12,-1666,-1.67,4
1479,Exit short,2017-08-03 08:00,TX60,214.87,100,21466,-21,-0.10,0,10,0.05,-27,-0.13,-1687,-1.69,4
1479,Entry short,2017-08-03 07:00,C0|S|MKT|15|v0.3.0-tier0|SPY,214.66,100,21466,-21,-0.10,0,10,0.05,-27,-0.13,-1687,-1.69,4
1480,Exit short,2017-08-04 08:00,TX60,214.95,100,21490,-5,-0.02,0,25,0.12,-28,-0.13,-1692,-1.69,4
1480,Entry short,2017-08-04 07:00,C0|S|MKT|15|v0.3.0-tier0|SPY,214.9,100,21490,-5,-0.02,0,25,0.12,-28,-0.13,-1692,-1.69,4
1481,Exit long,2017-08-07 08:00,TX60,215.07,100,21517,-10,-0.05,0,5,0.02,-17,-0.08,-1702,-1.70,4
1481,Entry long,2017-08-07 07:00,C0|L|MKT|15|v0.3.0-tier0|SPY,215.17,100,21517,-10,-0.05,0,5,0.02,-17,-0.08,-1702,-1.70,4
1482,Exit long,2017-08-08 08:00,TX60,215.81,100,21520,61,0.28,0,62,0.29,-2,-0.01,-1641,-1.64,4
1482,Entry long,2017-08-08 07:00,C0|L|MKT|15|v0.3.0-tier0|SPY,215.2,100,21520,61,0.28,0,62,0.29,-2,-0.01,-1641,-1.64,4
1483,Exit short,2017-08-10 08:15,TX60,213.33,100,21325,-8,-0.04,0,14,0.07,-35,-0.16,-1649,-1.65,4
1483,Entry short,2017-08-10 07:15,C0|S|MKT|15|v0.3.0-tier0|SPY,213.25,100,21325,-8,-0.04,0,14,0.07,-35,-0.16,-1649,-1.65,4
1484,Exit long,2017-08-11 08:15,TX60,212.56,100,21250,6,0.03,0,26,0.12,-19,-0.09,-1643,-1.64,4
1484,Entry long,2017-08-11 07:15,C0|L|MKT|15|v0.3.0-tier0|SPY,212.5,100,21250,6,0.03,0,26,0.12,-19,-0.09,-1643,-1.64,4
1485,Exit long,2017-08-14 08:00,TX60,214.36,100,21397,39,0.18,0,52,0.24,-2,-0.01,-1604,-1.60,4
1485,Entry long,2017-08-14 07:00,C0|L|MKT|15|v0.3.0-tier0|SPY,213.97,100,21397,39,0.18,0,52,0.24,-2,-0.01,-1604,-1.60,4
1486,Exit short,2017-08-15 08:15,TX60,214.26,100,21412,-14,-0.07,0,18,0.08,-20,-0.09,-1618,-1.62,4
1486,Entry short,2017-08-15 07:15,C0|S|MKT|15|v0.3.0-tier0|SPY,214.12,100,21412,-14,-0.07,0,18,0.08,-20,-0.09,-1618,-1.62,4
1487,Exit long,2017-08-16 08:30,TX60,214.85,100,21491,-6,-0.03,0,18,0.08,-15,-0.07,-1624,-1.62,4
1487,Entry long,2017-08-16 07:30,C0|L|MKT|15|v0.3.0-tier0|SPY,214.91,100,21491,-6,-0.03,0,18,0.08,-15,-0.07,-1624,-1.62,4
1488,Exit short,2017-08-17 08:00,TX60,213.39,100,21386,47,0.22,0,77,0.36,-8,-0.04,-1577,-1.58,4
1488,Entry short,2017-08-17 07:00,C0|S|MKT|15|v0.3.0-tier0|SPY,213.86,100,21386,47,0.22,0,77,0.36,-8,-0.04,-1577,-1.58,4
1489,Exit short,2017-08-18 08:00,TX60,210.94,100,21051,-43,-0.20,0,0,0.00,-68,-0.32,-1620,-1.62,4
1489,Entry short,2017-08-18 07:00,C0|S|MKT|15|v0.3.0-tier0|SPY,210.51,100,21051,-43,-0.20,0,0,0.00,-68,-0.32,-1620,-1.62,4
1490,Exit short,2017-08-21 08:00,TX60,210.77,100,21061,-16,-0.08,0,43,0.20,-21,-0.10,-1636,-1.64,4
1490,Entry short,2017-08-21 07:00,C0|S|MKT|15|v0.3.0-tier0|SPY,210.61,100,21061,-16,-0.08,0,43,0.20,-21,-0.10,-1636,-1.64,4
1491,Exit long,2017-08-22 08:15,TX60,212.54,100,21245,9,0.04,0,21,0.10,-7,-0.03,-1627,-1.63,4
1491,Entry long,2017-08-22 07:15,C0|L|MKT|15|v0.3.0-tier0|SPY,212.45,100,21245,9,0.04,0,21,0.10,-7,-0.03,-1627,-1.63,4
1492,Exit long,2017-08-23 08:00,TX60,212.64,100,21275,-11,-0.05,0,13,0.06,-34,-0.16,-1638,-1.64,4
1492,Entry long,2017-08-23 07:00,C0|L|MKT|15|v0.3.0-tier0|SPY,212.75,100,21275,-11,-0.05,0,13,0.06,-34,-0.16,-1638,-1.64,4
1493,Exit short,2017-08-24 08:00,TX60,212.67,100,21223,-44,-0.21,0,16,0.08,-64,-0.30,-1682,-1.68,4
1493,Entry short,2017-08-24 07:00,C0|S|MKT|15|v0.3.0-tier0|SPY,212.23,100,21223,-44,-0.21,0,16,0.08,-64,-0.30,-1682,-1.68,4
1494,Exit long,2017-08-25 08:00,TX60,212.84,100,21317,-33,-0.15,0,30,0.14,-39,-0.18,-1715,-1.71,4
1494,Entry long,2017-08-25 07:00,C0|L|MKT|15|v0.3.0-tier0|SPY,213.17,100,21317,-33,-0.15,0,30,0.14,-39,-0.18,-1715,-1.71,4
1495,Exit short,2017-08-28 08:00,TX60,212.73,100,21262,-11,-0.05,0,25,0.12,-12,-0.06,-1726,-1.73,4
1495,Entry short,2017-08-28 07:00,C0|S|MKT|15|v0.3.0-tier0|SPY,212.62,100,21262,-11,-0.05,0,25,0.12,-12,-0.06,-1726,-1.73,4
1496,Exit long,2017-08-29 08:00,TX60,212.25,100,21189,36,0.17,0,45,0.21,-28,-0.13,-1690,-1.69,4
1496,Entry long,2017-08-29 07:00,C0|L|MKT|15|v0.3.0-tier0|SPY,211.89,100,21189,36,0.17,0,45,0.21,-28,-0.13,-1690,-1.69,4
1497,Exit long,2017-08-30 08:00,TX60,213.34,100,21303,31,0.15,0,33,0.15,-11,-0.05,-1659,-1.66,4
1497,Entry long,2017-08-30 07:00,C0|L|MKT|15|v0.3.0-tier0|SPY,213.03,100,21303,31,0.15,0,33,0.15,-11,-0.05,-1659,-1.66,4
1498,Exit long,2017-08-31 08:15,TX60,214.72,100,21491,-19,-0.09,0,3,0.01,-42,-0.20,-1678,-1.68,4
1498,Entry long,2017-08-31 07:15,C0|L|MKT|15|v0.3.0-tier0|SPY,214.91,100,21491,-19,-0.09,0,3,0.01,-42,-0.20,-1678,-1.68,4
1499,Exit short,2017-09-07 08:00,TX60,214.68,100,21460,-8,-0.04,0,42,0.20,-21,-0.10,-1686,-1.69,4
1499,Entry short,2017-09-07 07:00,C0|S|MKT|15|v0.3.0-tier0|SPY,214.6,100,21460,-8,-0.04,0,42,0.20,-21,-0.10,-1686,-1.69,4
1500,Exit long,2017-09-08 08:00,TX60,214.53,100,21442,11,0.05,0,13,0.06,-14,-0.07,-1675,-1.67,4
1500,Entry long,2017-09-08 07:00,C0|L|MKT|15|v0.3.0-tier0|SPY,214.42,100,21442,11,0.05,0,13,0.06,-14,-0.07,-1675,-1.67,4
1501,Exit long,2017-09-11 08:15,TX60,216.02,100,21617,-15,-0.07,0,5,0.02,-19,-0.09,-1690,-1.69,4
1501,Entry long,2017-09-11 07:15,C0|L|MKT|15|v0.3.0-tier0|SPY,216.17,100,21617,-15,-0.07,0,5,0.02,-19,-0.09,-1690,-1.69,4
1502,Exit long,2017-09-13 08:00,TX60,217.24,100,21725,-1,0.00,0,8,0.04,-11,-0.05,-1691,-1.69,4
1502,Entry long,2017-09-13 07:00,C0|L|MKT|15|v0.3.0-tier0|SPY,217.25,100,21725,-1,0.00,0,8,0.04,-11,-0.05,-1691,-1.69,4
1503,Exit long,2017-09-14 08:00,TX60,217.34,100,21725,9,0.04,0,16,0.07,-13,-0.06,-1682,-1.68,4
1503,Entry long,2017-09-14 07:00,C0|L|MKT|15|v0.3.0-tier0|SPY,217.25,100,21725,9,0.04,0,16,0.07,-13,-0.06,-1682,-1.68,4
1504,Exit short,2017-09-15 08:15,TX60,217.49,100,21714,-35,-0.16,0,0,0.00,-50,-0.23,-1717,-1.72,4
1504,Entry short,2017-09-15 07:15,C0|S|MKT|15|v0.3.0-tier0|SPY,217.14,100,21714,-35,-0.16,0,0,0.00,-50,-0.23,-1717,-1.72,4
1505,Exit long,2017-09-18 08:00,TX60,218.25,100,21835,-10,-0.05,0,5,0.02,-14,-0.06,-1727,-1.73,4
1505,Entry long,2017-09-18 07:00,C0|L|MKT|15|v0.3.0-tier0|SPY,218.35,100,21835,-10,-0.05,0,5,0.02,-14,-0.06,-1727,-1.73,4
1506,Exit short,2017-09-20 08:15,TX60,218.21,100,21829,8,0.04,0,17,0.08,-10,-0.05,-1719,-1.72,4
1506,Entry short,2017-09-20 07:15,C0|S|MKT|15|v0.3.0-tier0|SPY,218.29,100,21829,8,0.04,0,17,0.08,-10,-0.05,-1719,-1.72,4
1507,Exit short,2017-09-21 08:00,TX60,218.01,100,21784,-17,-0.08,0,19,0.09,-25,-0.11,-1736,-1.74,4
1507,Entry short,2017-09-21 07:00,C0|S|MKT|15|v0.3.0-tier0|SPY,217.84,100,21784,-17,-0.08,0,19,0.09,-25,-0.11,-1736,-1.74,4
1508,Exit long,2017-09-22 08:30,TX60,217.56,100,21778,-22,-0.10,0,7,0.03,-25,-0.11,-1758,-1.76,4
1508,Entry long,2017-09-22 07:30,C0|L|MKT|15|v0.3.0-tier0|SPY,217.78,100,21778,-22,-0.10,0,7,0.03,-25,-0.11,-1758,-1.76,4
1509,Exit long,2017-09-25 08:15,TX60,217.07,100,21792,-85,-0.39,0,5,0.02,-124,-0.57,-1843,-1.84,4
1509,Entry long,2017-09-25 07:15,C0|L|MKT|15|v0.3.0-tier0|SPY,217.92,100,21792,-85,-0.39,0,5,0.02,-124,-0.57,-1843,-1.84,4
1510,Exit short,2017-09-27 08:00,TX60,217.57,100,21814,57,0.26,0,76,0.35,-10,-0.05,-1786,-1.79,4
1510,Entry short,2017-09-27 07:00,C0|S|MKT|15|v0.3.0-tier0|SPY,218.14,100,21814,57,0.26,0,76,0.35,-10,-0.05,-1786,-1.79,4
1511,Exit long,2017-09-28 08:30,TX60,218.41,100,21832,9,0.04,0,20,0.09,-5,-0.02,-1777,-1.78,4
1511,Entry long,2017-09-28 07:30,C0|L|MKT|15|v0.3.0-tier0|SPY,218.32,100,21832,9,0.04,0,20,0.09,-5,-0.02,-1777,-1.78,4
1512,Exit long,2017-10-02 08:00,TX60,219.99,100,21999,0,0.00,0,29,0.13,-9,-0.04,-1777,-1.78,4
1512,Entry long,2017-10-02 07:00,C0|L|MKT|15|v0.3.0-tier0|SPY,219.99,100,21999,0,0.00,0,29,0.13,-9,-0.04,-1777,-1.78,4
1513,Exit long,2017-10-05 08:15,TX60,221.68,100,22161,7,0.03,0,13,0.06,-10,-0.05,-1770,-1.77,4
1513,Entry long,2017-10-05 07:15,C0|L|MKT|15|v0.3.0-tier0|SPY,221.61,100,22161,7,0.03,0,13,0.06,-10,-0.05,-1770,-1.77,4
1514,Exit long,2017-10-06 08:15,TX60,221.89,100,22218,-29,-0.13,0,7,0.03,-43,-0.19,-1799,-1.80,4
1514,Entry long,2017-10-06 07:15,C0|L|MKT|15|v0.3.0-tier0|SPY,222.18,100,22218,-29,-0.13,0,7,0.03,-43,-0.19,-1799,-1.80,4
1515,Exit short,2017-10-09 08:00,TX60,222.05,100,22211,6,0.03,0,20,0.09,-4,-0.02,-1793,-1.79,4
1515,Entry short,2017-10-09 07:00,C0|S|MKT|15|v0.3.0-tier0|SPY,222.11,100,22211,6,0.03,0,20,0.09,-4,-0.02,-1793,-1.79,4
1516,Exit short,2017-10-10 08:15,TX60,222.09,100,22224,15,0.07,0,36,0.16,0,0.00,-1778,-1.78,4
1516,Entry short,2017-10-10 07:15,C0|S|MKT|15|v0.3.0-tier0|SPY,222.24,100,22224,15,0.07,0,36,0.16,0,0.00,-1778,-1.78,4
1517,Exit long,2017-10-12 08:30,TX60,222.61,100,22256,5,0.02,0,14,0.06,-5,-0.02,-1773,-1.77,4
1517,Entry long,2017-10-12 07:30,C0|L|MKT|15|v0.3.0-tier0|SPY,222.56,100,22256,5,0.02,0,14,0.06,-5,-0.02,-1773,-1.77,4
1518,Exit long,2017-10-13 08:30,TX60,222.8,100,22292,-12,-0.05,0,4,0.02,-18,-0.08,-1785,-1.78,4
1518,Entry long,2017-10-13 07:30,C0|L|MKT|15|v0.3.0-tier0|SPY,222.92,100,22292,-12,-0.05,0,4,0.02,-18,-0.08,-1785,-1.78,4
1519,Exit short,2017-10-16 08:30,TX60,222.91,100,22281,-10,-0.04,0,14,0.06,-11,-0.05,-1795,-1.80,4
1519,Entry short,2017-10-16 07:30,C0|S|MKT|15|v0.3.0-tier0|SPY,222.81,100,22281,-10,-0.04,0,14,0.06,-11,-0.05,-1795,-1.80,4
1520,Exit long,2017-10-17 08:15,TX60,223.02,100,22301,1,0.00,0,3,0.01,-29,-0.13,-1794,-1.79,4
1520,Entry long,2017-10-17 07:15,C0|L|MKT|15|v0.3.0-tier0|SPY,223.01,100,22301,1,0.00,0,3,0.01,-29,-0.13,-1794,-1.79,4
1521,Exit short,2017-10-18 08:15,TX60,223.29,100,22323,-6,-0.03,0,1,0.00,-18,-0.08,-1800,-1.80,4
1521,Entry short,2017-10-18 07:15,C0|S|MKT|15|v0.3.0-tier0|SPY,223.23,100,22323,-6,-0.03,0,1,0.00,-18,-0.08,-1800,-1.80,4
1522,Exit short,2017-10-19 08:00,TX60,222.88,100,22234,-54,-0.24,0,18,0.08,-54,-0.24,-1854,-1.85,4
1522,Entry short,2017-10-19 07:00,C0|S|MKT|15|v0.3.0-tier0|SPY,222.34,100,22234,-54,-0.24,0,18,0.08,-54,-0.24,-1854,-1.85,4
1523,Exit long,2017-10-20 08:15,TX60,224.03,100,22424,-21,-0.09,0,1,0.00,-26,-0.12,-1875,-1.87,4
1523,Entry long,2017-10-20 07:15,C0|L|MKT|15|v0.3.0-tier0|SPY,224.24,100,22424,-21,-0.09,0,1,0.00,-26,-0.12,-1875,-1.87,4
1524,Exit short,2017-10-23 08:30,TX60,224.58,100,22457,-1,0.00,0,10,0.04,-10,-0.04,-1876,-1.88,4
1524,Entry short,2017-10-23 07:30,C0|S|MKT|15|v0.3.0-tier0|SPY,224.57,100,22457,-1,0.00,0,10,0.04,-10,-0.04,-1876,-1.88,4
1525,Exit short,2017-10-24 08:00,TX60,224.01,100,22375,-26,-0.12,0,2,0.01,-33,-0.15,-1902,-1.90,4
1525,Entry short,2017-10-24 07:00,C0|S|MKT|15|v0.3.0-tier0|SPY,223.75,100,22375,-26,-0.12,0,2,0.01,-33,-0.15,-1902,-1.90,4
1526,Exit short,2017-10-25 08:00,TX60,222.95,100,22343,48,0.21,0,65,0.29,-18,-0.08,-1854,-1.85,4
1526,Entry short,2017-10-25 07:00,C0|S|MKT|15|v0.3.0-tier0|SPY,223.43,100,22343,48,0.21,0,65,0.29,-18,-0.08,-1854,-1.85,4
1527,Exit short,2017-10-26 08:15,TX60,223.68,100,22331,-37,-0.17,0,9,0.04,-55,-0.25,-1891,-1.89,4
1527,Entry short,2017-10-26 07:15,C0|S|MKT|15|v0.3.0-tier0|SPY,223.31,100,22331,-37,-0.17,0,9,0.04,-55,-0.25,-1891,-1.89,4
1528,Exit long,2017-10-27 08:15,TX60,224.61,100,22432,29,0.13,0,35,0.16,-7,-0.03,-1862,-1.86,4
1528,Entry long,2017-10-27 07:15,C0|L|MKT|15|v0.3.0-tier0|SPY,224.32,100,22432,29,0.13,0,35,0.16,-7,-0.03,-1862,-1.86,4
1529,Exit long,2017-10-30 08:30,TX60,224.52,100,22488,-36,-0.16,0,11,0.05,-37,-0.16,-1898,-1.90,4
1529,Entry long,2017-10-30 07:30,C0|L|MKT|15|v0.3.0-tier0|SPY,224.88,100,22488,-36,-0.16,0,11,0.05,-37,-0.16,-1898,-1.90,4
1530,Exit short,2017-10-31 08:00,TX60,224.59,100,22442,-17,-0.08,0,12,0.05,-21,-0.09,-1915,-1.91,4
1530,Entry short,2017-10-31 07:00,C0|S|MKT|15|v0.3.0-tier0|SPY,224.42,100,22442,-17,-0.08,0,12,0.05,-21,-0.09,-1915,-1.91,4
1531,Exit long,2017-11-01 08:00,TX60,225.29,100,22560,-31,-0.14,0,1,0.00,-44,-0.20,-1946,-1.95,4
1531,Entry long,2017-11-01 07:00,C0|L|MKT|15|v0.3.0-tier0|SPY,225.6,100,22560,-31,-0.14,0,1,0.00,-44,-0.20,-1946,-1.95,4
1532,Exit short,2017-11-02 08:15,TX60,224.6,100,22387,-73,-0.33,0,1,0.00,-83,-0.37,-2019,-2.02,4
1532,Entry short,2017-11-02 07:15,C0|S|MKT|15|v0.3.0-tier0|SPY,223.87,100,22387,-73,-0.33,0,1,0.00,-83,-0.37,-2019,-2.02,4
1533,Exit long,2017-11-06 08:00,TX60,225.86,100,22586,0,0.00,0,17,0.08,-12,-0.05,-2019,-2.02,4
1533,Entry long,2017-11-06 07:00,C0|L|MKT|15|v0.3.0-tier0|SPY,225.86,100,22586,0,0.00,0,17,0.08,-12,-0.05,-2019,-2.02,4
1534,Exit short,2017-11-08 08:00,TX60,225.81,100,22557,-24,-0.11,0,1,0.00,-28,-0.12,-2043,-2.04,4
1534,Entry short,2017-11-08 07:00,C0|S|MKT|15|v0.3.0-tier0|SPY,225.57,100,22557,-24,-0.11,0,1,0.00,-28,-0.12,-2043,-2.04,4
1535,Exit long,2017-11-09 08:30,TX60,225.23,100,22545,-22,-0.10,0,24,0.11,-42,-0.19,-2065,-2.07,4
1535,Entry long,2017-11-09 07:30,C0|L|MKT|15|v0.3.0-tier0|SPY,225.45,100,22545,-22,-0.10,0,24,0.11,-42,-0.19,-2065,-2.07,4
1536,Exit long,2017-11-13 08:00,TX60,225.4,100,22519,21,0.09,0,37,0.16,0,0.00,-2044,-2.04,4
1536,Entry long,2017-11-13 07:00,C0|L|MKT|15|v0.3.0-tier0|SPY,225.19,100,22519,21,0.09,0,37,0.16,0,0.00,-2044,-2.04,4
1537,Exit short,2017-11-14 08:15,TX60,225.08,100,22451,-57,-0.25,0,13,0.06,-71,-0.32,-2101,-2.10,4
1537,Entry short,2017-11-14 07:15,C0|S|MKT|15|v0.3.0-tier0|SPY,224.51,100,22451,-57,-0.25,0,13,0.06,-71,-0.32,-2101,-2.10,4
1538,Exit long,2017-11-16 08:15,TX60,225.67,100,22529,38,0.17,0,51,0.23,-2,-0.01,-2063,-2.06,4
1538,Entry long,2017-11-16 07:15,C0|L|MKT|15|v0.3.0-tier0|SPY,225.29,100,22529,38,0.17,0,51,0.23,-2,-0.01,-2063,-2.06,4
1539,Exit long,2017-11-21 08:15,TX60,227.01,100,22692,9,0.04,0,22,0.10,0,0.00,-2054,-2.05,4
1539,Entry long,2017-11-21 07:15,C0|L|MKT|15|v0.3.0-tier0|SPY,226.92,100,22692,9,0.04,0,22,0.10,0,0.00,-2054,-2.05,4
1540,Exit short,2017-11-22 08:30,TX60,226.87,100,22694,7,0.03,0,12,0.05,-15,-0.07,-2047,-2.05,4
1540,Entry short,2017-11-22 07:30,C0|S|MKT|15|v0.3.0-tier0|SPY,226.94,100,22694,7,0.03,0,12,0.05,-15,-0.07,-2047,-2.05,4
1541,Exit long,2017-11-28 08:15,TX60,228.06,100,22798,8,0.04,0,15,0.07,-7,-0.03,-2039,-2.04,4
1541,Entry long,2017-11-28 07:15,C0|L|MKT|15|v0.3.0-tier0|SPY,227.98,100,22798,8,0.04,0,15,0.07,-7,-0.03,-2039,-2.04,4
1542,Exit long,2017-11-29 08:00,TX60,229.59,100,23016,-57,-0.25,0,1,0.00,-69,-0.30,-2096,-2.10,4
1542,Entry long,2017-11-29 07:00,C0|L|MKT|15|v0.3.0-tier0|SPY,230.16,100,23016,-57,-0.25,0,1,0.00,-69,-0.30,-2096,-2.10,4
1543,Exit long,2017-11-30 08:15,TX60,231.22,100,23075,47,0.20,0,47,0.20,-36,-0.16,-2049,-2.05,4
1543,Entry long,2017-11-30 07:15,C0|L|MKT|15|v0.3.0-tier0|SPY,230.75,100,23075,47,0.20,0,47,0.20,-36,-0.16,-2049,-2.05,4
1544,Exit long,2017-12-05 08:30,TX60,231.5,100,23099,51,0.22,0,59,0.26,-17,-0.07,-1998,-2.00,4
1544,Entry long,2017-12-05 07:30,C0|L|MKT|15|v0.3.0-tier0|SPY,230.99,100,23099,51,0.22,0,59,0.26,-17,-0.07,-1998,-2.00,4
1545,Exit long,2017-12-07 08:00,TX60,230.53,100,23019,34,0.15,0,34,0.15,-23,-0.10,-1964,-1.96,4
1545,Entry long,2017-12-07 07:00,C0|L|MKT|15|v0.3.0-tier0|SPY,230.19,100,23019,34,0.15,0,34,0.15,-23,-0.10,-1964,-1.96,4
1546,Exit long,2017-12-11 08:00,TX60,232.08,100,23231,-23,-0.10,0,10,0.04,-26,-0.11,-1987,-1.99,4
1546,Entry long,2017-12-11 07:00,C0|L|MKT|15|v0.3.0-tier0|SPY,232.31,100,23231,-23,-0.10,0,10,0.04,-26,-0.11,-1987,-1.99,4
1547,Exit long,2017-12-12 08:15,TX60,233.08,100,23289,19,0.08,0,23,0.10,-8,-0.03,-1968,-1.97,4
1547,Entry long,2017-12-12 07:15,C0|L|MKT|15|v0.3.0-tier0|SPY,232.89,100,23289,19,0.08,0,23,0.10,-8,-0.03,-1968,-1.97,4
1548,Exit long,2017-12-15 08:30,TX60,233.91,100,23364,27,0.12,0,31,0.13,-24,-0.10,-1941,-1.94,4
1548,Entry long,2017-12-15 07:30,C0|L|MKT|15|v0.3.0-tier0|SPY,233.64,100,23364,27,0.12,0,31,0.13,-24,-0.10,-1941,-1.94,4
1549,Exit short,2017-12-19 08:00,TX60,235.04,100,23516,12,0.05,0,26,0.11,-15,-0.06,-1929,-1.93,4
1549,Entry short,2017-12-19 07:00,C0|S|MKT|15|v0.3.0-tier0|SPY,235.16,100,23516,12,0.05,0,26,0.11,-15,-0.06,-1929,-1.93,4
1550,Exit short,2017-12-21 08:00,TX60,235.16,100,23473,-43,-0.18,0,0,0.00,-63,-0.27,-1972,-1.97,4
1550,Entry short,2017-12-21 07:00,C0|S|MKT|15|v0.3.0-tier0|SPY,234.73,100,23473,-43,-0.18,0,0,0.00,-63,-0.27,-1972,-1.97,4
1551,Exit long,2017-12-27 08:15,TX60,234.93,100,23479,14,0.06,0,25,0.11,-5,-0.02,-1958,-1.96,4
1551,Entry long,2017-12-27 07:15,C0|L|MKT|15|v0.3.0-tier0|SPY,234.79,100,23479,14,0.06,0,25,0.11,-5,-0.02,-1958,-1.96,4
1552,Exit short,2017-12-28 08:00,TX60,234.97,100,23494,-3,-0.01,0,13,0.06,-7,-0.03,-1961,-1.96,4
1552,Entry short,2017-12-28 07:00,C0|S|MKT|15|v0.3.0-tier0|SPY,234.94,100,23494,-3,-0.01,0,13,0.06,-7,-0.03,-1961,-1.96,4
1553,Exit short,2017-12-29 08:15,TX60,234.98,100,23508,10,0.04,0,22,0.09,-20,-0.09,-1951,-1.95,4
1553,Entry short,2017-12-29 07:15,C0|S|MKT|15|v0.3.0-tier0|SPY,235.08,100,23508,10,0.04,0,22,0.09,-20,-0.09,-1951,-1.95,4
1554,Exit long,2018-01-02 08:00,TX60,235.52,100,23526,26,0.11,0,40,0.17,-2,-0.01,-1925,-1.92,4
1554,Entry long,2018-01-02 07:00,C0|L|MKT|15|v0.3.0-tier0|SPY,235.26,100,23526,26,0.11,0,40,0.17,-2,-0.01,-1925,-1.92,4
1555,Exit long,2018-01-03 08:00,TX60,236.9,100,23665,25,0.11,0,44,0.19,-2,-0.01,-1900,-1.90,4
1555,Entry long,2018-01-03 07:00,C0|L|MKT|15|v0.3.0-tier0|SPY,236.65,100,23665,25,0.11,0,44,0.19,-2,-0.01,-1900,-1.90,4
1556,Exit long,2018-01-04 08:00,TX60,238.69,100,23865,4,0.02,0,28,0.12,-16,-0.07,-1896,-1.90,4
1556,Entry long,2018-01-04 07:00,C0|L|MKT|15|v0.3.0-tier0|SPY,238.65,100,23865,4,0.02,0,28,0.12,-16,-0.07,-1896,-1.90,4
1557,Exit short,2018-01-09 08:00,TX60,240.87,100,24075,-12,-0.05,0,11,0.05,-38,-0.16,-1908,-1.91,4
1557,Entry short,2018-01-09 07:00,C0|S|MKT|15|v0.3.0-tier0|SPY,240.75,100,24075,-12,-0.05,0,11,0.05,-38,-0.16,-1908,-1.91,4
1558,Exit short,2018-01-10 08:00,TX60,240.35,100,23999,-36,-0.15,0,20,0.08,-61,-0.25,-1944,-1.94,4
1558,Entry short,2018-01-10 07:00,C0|S|MKT|15|v0.3.0-tier0|SPY,239.99,100,23999,-36,-0.15,0,20,0.08,-61,-0.25,-1944,-1.94,4
1559,Exit long,2018-01-11 08:00,TX60,241.53,100,24148,5,0.02,0,15,0.06,-37,-0.15,-1939,-1.94,4
1559,Entry long,2018-01-11 07:00,C0|L|MKT|15|v0.3.0-tier0|SPY,241.48,100,24148,5,0.02,0,15,0.06,-37,-0.15,-1939,-1.94,4
1560,Exit long,2018-01-12 08:00,TX60,243.73,100,24320,53,0.22,0,68,0.28,-17,-0.07,-1886,-1.89,4
1560,Entry long,2018-01-12 07:00,C0|L|MKT|15|v0.3.0-tier0|SPY,243.2,100,24320,53,0.22,0,68,0.28,-17,-0.07,-1886,-1.89,4
1561,Exit long,2018-01-16 08:00,TX60,244.72,100,24581,-109,-0.44,0,1,0.00,-117,-0.48,-1995,-1.99,4
1561,Entry long,2018-01-16 07:00,C0|L|MKT|15|v0.3.0-tier0|SPY,245.81,100,24581,-109,-0.44,0,1,0.00,-117,-0.48,-1995,-1.99,4
1562,Exit short,2018-01-17 08:00,TX60,244,100,24342,-58,-0.24,0,0,0.00,-63,-0.26,-2053,-2.05,4
1562,Entry short,2018-01-17 07:00,C0|S|MKT|15|v0.3.0-tier0|SPY,243.42,100,24342,-58,-0.24,0,0,0.00,-63,-0.26,-2053,-2.05,4
1563,Exit short,2018-01-18 08:15,TX60,245.14,100,24508,-6,-0.02,0,36,0.15,-18,-0.07,-2059,-2.06,4
1563,Entry short,2018-01-18 07:15,C0|S|MKT|15|v0.3.0-tier0|SPY,245.08,100,24508,-6,-0.02,0,36,0.15,-18,-0.07,-2059,-2.06,4
1564,Exit short,2018-01-19 08:15,TX60,245.33,100,24536,3,0.01,0,30,0.12,-42,-0.17,-2056,-2.06,4
1564,Entry short,2018-01-19 07:15,C0|S|MKT|15|v0.3.0-tier0|SPY,245.36,100,24536,3,0.01,0,30,0.12,-42,-0.17,-2056,-2.06,4
1565,Exit long,2018-01-22 08:00,TX60,246.68,100,24639,29,0.12,0,68,0.28,-6,-0.02,-2027,-2.03,4
1565,Entry long,2018-01-22 07:00,C0|L|MKT|15|v0.3.0-tier0|SPY,246.39,100,24639,29,0.12,0,68,0.28,-6,-0.02,-2027,-2.03,4
1566,Exit long,2018-01-24 08:00,TX60,249.49,100,24957,-8,-0.03,0,36,0.14,-18,-0.07,-2035,-2.03,4
1566,Entry long,2018-01-24 07:00,C0|L|MKT|15|v0.3.0-tier0|SPY,249.57,100,24957,-8,-0.03,0,36,0.14,-18,-0.07,-2035,-2.03,4
1567,Exit short,2018-01-25 08:00,TX60,248.71,100,24841,-30,-0.12,0,21,0.08,-58,-0.23,-2065,-2.07,4
1567,Entry short,2018-01-25 07:00,C0|S|MKT|15|v0.3.0-tier0|SPY,248.41,100,24841,-30,-0.12,0,21,0.08,-58,-0.23,-2065,-2.07,4
1568,Exit long,2018-01-26 08:00,TX60,249.92,100,24971,21,0.08,0,42,0.17,-30,-0.12,-2044,-2.04,4
1568,Entry long,2018-01-26 07:00,C0|L|MKT|15|v0.3.0-tier0|SPY,249.71,100,24971,21,0.08,0,42,0.17,-30,-0.12,-2044,-2.04,4
1569,Exit short,2018-01-30 08:00,TX60,248.21,100,24755,-66,-0.27,0,67,0.27,-75,-0.30,-2110,-2.11,4
1569,Entry short,2018-01-30 07:00,C0|S|MKT|15|v0.3.0-tier0|SPY,247.55,100,24755,-66,-0.27,0,67,0.27,-75,-0.30,-2110,-2.11,4
1570,Exit short,2018-02-02 08:00,TX60,245.2,100,24528,8,0.03,0,88,0.36,-21,-0.09,-2102,-2.10,4
1570,Entry short,2018-02-02 07:00,C0|S|MKT|15|v0.3.0-tier0|SPY,245.28,100,24528,8,0.03,0,88,0.36,-21,-0.09,-2102,-2.10,4
1571,Exit long,2018-02-05 08:15,TX60,241.51,100,24144,7,0.03,0,72,0.30,-23,-0.10,-2095,-2.10,4
1571,Entry long,2018-02-05 07:15,C0|L|MKT|15|v0.3.0-tier0|SPY,241.44,100,24144,7,0.03,0,72,0.30,-23,-0.10,-2095,-2.10,4
1572,Exit long,2018-02-06 08:00,TX60,231.56,100,23338,-182,-0.78,0,175,0.75,-391,-1.68,-2277,-2.28,4
1572,Entry long,2018-02-06 07:00,C0|L|MKT|15|v0.3.0-tier0|SPY,233.38,100,23338,-182,-0.78,0,175,0.75,-391,-1.68,-2277,-2.28,4
1573,Exit long,2018-02-07 08:15,TX60,238.93,100,23798,95,0.40,0,96,0.40,-100,-0.42,-2182,-2.18,4
1573,Entry long,2018-02-07 07:15,C0|L|MKT|15|v0.3.0-tier0|SPY,237.98,100,23798,95,0.40,0,96,0.40,-100,-0.42,-2182,-2.18,4
1574,Exit short,2018-02-08 08:30,TX60,231.76,100,23357,181,0.77,0,207,0.89,-43,-0.18,-2001,-2.00,4
1574,Entry short,2018-02-08 07:30,C0|S|MKT|15|v0.3.0-tier0|SPY,233.57,100,23357,181,0.77,0,207,0.89,-43,-0.18,-2001,-2.00,4
1575,Exit short,2018-02-12 08:00,TX60,231.27,100,23148,21,0.09,0,158,0.68,-87,-0.38,-1980,-1.98,4
1575,Entry short,2018-02-12 07:00,C0|S|MKT|15|v0.3.0-tier0|SPY,231.48,100,23148,21,0.09,0,158,0.68,-87,-0.38,-1980,-1.98,4
1576,Exit long,2018-02-14 08:15,TX60,234.6,100,23390,70,0.30,0,100,0.43,-19,-0.08,-1910,-1.91,4
1576,Entry long,2018-02-14 07:15,C0|L|MKT|15|v0.3.0-tier0|SPY,233.9,100,23390,70,0.30,0,100,0.43,-19,-0.08,-1910,-1.91,4
1577,Exit long,2018-02-16 08:30,TX60,240.55,100,24020,35,0.15,0,78,0.32,-15,-0.06,-1875,-1.87,4
1577,Entry long,2018-02-16 07:30,C0|L|MKT|15|v0.3.0-tier0|SPY,240.2,100,24020,35,0.15,0,78,0.32,-15,-0.06,-1875,-1.87,4
1578,Exit short,2018-02-23 08:30,TX60,239.03,100,23824,-79,-0.33,0,11,0.05,-93,-0.39,-1954,-1.95,4
1578,Entry short,2018-02-23 07:30,C0|S|MKT|15|v0.3.0-tier0|SPY,238.24,100,23824,-79,-0.33,0,11,0.05,-93,-0.39,-1954,-1.95,4
1579,Exit short,2018-02-26 08:30,TX60,242.69,100,24197,-72,-0.30,0,32,0.13,-77,-0.32,-2026,-2.03,4
1579,Entry short,2018-02-26 07:30,C0|S|MKT|15|v0.3.0-tier0|SPY,241.97,100,24197,-72,-0.30,0,32,0.13,-77,-0.32,-2026,-2.03,4
1580,Exit long,2018-02-27 08:15,TX60,243.61,100,24459,-98,-0.40,0,27,0.11,-175,-0.72,-2124,-2.12,4
1580,Entry long,2018-02-27 07:15,C0|L|MKT|15|v0.3.0-tier0|SPY,244.59,100,24459,-98,-0.40,0,27,0.11,-175,-0.72,-2124,-2.12,4
1581,Exit long,2018-02-28 08:00,TX60,241.28,100,24245,-117,-0.48,0,1,0.00,-155,-0.64,-2241,-2.24,4
1581,Entry long,2018-02-28 07:00,C0|L|MKT|15|v0.3.0-tier0|SPY,242.45,100,24245,-117,-0.48,0,1,0.00,-155,-0.64,-2241,-2.24,4
1582,Exit short,2018-03-06 08:15,TX60,238.84,100,23891,7,0.03,0,60,0.25,-75,-0.31,-2234,-2.23,4
1582,Entry short,2018-03-06 07:15,C0|S|MKT|15|v0.3.0-tier0|SPY,238.91,100,23891,7,0.03,0,60,0.25,-75,-0.31,-2234,-2.23,4
1583,Exit long,2018-03-07 08:30,TX60,238.52,100,23865,-13,-0.05,0,59,0.25,-45,-0.19,-2247,-2.25,4
1583,Entry long,2018-03-07 07:30,C0|L|MKT|15|v0.3.0-tier0|SPY,238.65,100,23865,-13,-0.05,0,59,0.25,-45,-0.19,-2247,-2.25,4
1584,Exit short,2018-03-08 08:00,TX60,239.78,100,23993,15,0.06,0,53,0.22,-28,-0.12,-2232,-2.23,4
1584,Entry short,2018-03-08 07:00,C0|S|MKT|15|v0.3.0-tier0|SPY,239.93,100,23993,15,0.06,0,53,0.22,-28,-0.12,-2232,-2.23,4
1585,Exit long,2018-03-09 08:15,TX60,243.08,100,24264,44,0.18,0,66,0.27,-7,-0.03,-2188,-2.19,4
1585,Entry long,2018-03-09 07:15,C0|L|MKT|15|v0.3.0-tier0|SPY,242.64,100,24264,44,0.18,0,66,0.27,-7,-0.03,-2188,-2.19,4
1586,Exit short,2018-03-14 08:15,TX60,242.53,100,24289,36,0.15,0,38,0.16,-37,-0.15,-2152,-2.15,4
1586,Entry short,2018-03-14 07:15,C0|S|MKT|15|v0.3.0-tier0|SPY,242.89,100,24289,36,0.15,0,38,0.16,-37,-0.15,-2152,-2.15,4
1587,Exit long,2018-03-16 08:30,TX60,242.57,100,24248,9,0.04,0,13,0.05,-23,-0.09,-2143,-2.14,4
1587,Entry long,2018-03-16 07:30,C0|L|MKT|15|v0.3.0-tier0|SPY,242.48,100,24248,9,0.04,0,13,0.05,-23,-0.09,-2143,-2.14,4
1588,Exit short,2018-03-19 08:15,TX60,239.21,100,23997,76,0.32,0,79,0.33,-37,-0.15,-2067,-2.07,4
1588,Entry short,2018-03-19 07:15,C0|S|MKT|15|v0.3.0-tier0|SPY,239.97,100,23997,76,0.32,0,79,0.33,-37,-0.15,-2067,-2.07,4
1589,Exit short,2018-03-20 08:15,TX60,238.73,100,23862,-11,-0.05,0,15,0.06,-83,-0.35,-2078,-2.08,4
1589,Entry short,2018-03-20 07:15,C0|S|MKT|15|v0.3.0-tier0|SPY,238.62,100,23862,-11,-0.05,0,15,0.06,-83,-0.35,-2078,-2.08,4
1590,Exit long,2018-03-21 08:15,TX60,238.86,100,23888,-2,-0.01,0,18,0.08,-42,-0.18,-2080,-2.08,4
1590,Entry long,2018-03-21 07:15,C0|L|MKT|15|v0.3.0-tier0|SPY,238.88,100,23888,-2,-0.01,0,18,0.08,-42,-0.18,-2080,-2.08,4
1591,Exit long,2018-03-22 08:15,TX60,235.04,100,23687,-183,-0.77,0,9,0.04,-212,-0.90,-2263,-2.26,4
1591,Entry long,2018-03-22 07:15,C0|L|MKT|15|v0.3.0-tier0|SPY,236.87,100,23687,-183,-0.77,0,9,0.04,-212,-0.90,-2263,-2.26,4
1592,Exit short,2018-03-26 08:30,TX60,229.34,100,23051,117,0.51,0,186,0.81,-22,-0.10,-2146,-2.15,4
1592,Entry short,2018-03-26 07:30,C0|S|MKT|15|v0.3.0-tier0|SPY,230.51,100,23051,117,0.51,0,186,0.81,-22,-0.10,-2146,-2.15,4
1593,Exit short,2018-03-27 08:15,TX60,233.71,100,23341,-30,-0.13,0,29,0.12,-75,-0.32,-2176,-2.18,4
1593,Entry short,2018-03-27 07:15,C0|S|MKT|15|v0.3.0-tier0|SPY,233.41,100,23341,-30,-0.13,0,29,0.12,-75,-0.32,-2176,-2.18,4
1594,Exit short,2018-03-29 08:00,TX60,231.57,100,22964,-193,-0.84,0,13,0.06,-195,-0.85,-2369,-2.37,4
1594,Entry short,2018-03-29 07:00,C0|S|MKT|15|v0.3.0-tier0|SPY,229.64,100,22964,-193,-0.84,0,13,0.06,-195,-0.85,-2369,-2.37,4
1595,Exit short,2018-04-02 08:00,TX60,228.64,100,23070,206,0.89,0,211,0.91,-10,-0.04,-2163,-2.16,4
1595,Entry short,2018-04-02 07:00,C0|S|MKT|15|v0.3.0-tier0|SPY,230.7,100,23070,206,0.89,0,211,0.91,-10,-0.04,-2163,-2.16,4
1596,Exit short,2018-04-03 08:15,TX60,228.67,100,22684,-183,-0.81,0,46,0.20,-239,-1.05,-2346,-2.35,4
1596,Entry short,2018-04-03 07:15,C0|S|MKT|15|v0.3.0-tier0|SPY,226.84,100,22684,-183,-0.81,0,46,0.20,-239,-1.05,-2346,-2.35,4
1597,Exit long,2018-04-04 08:00,TX60,228.71,100,22765,106,0.47,0,117,0.51,-60,-0.26,-2240,-2.24,4
1597,Entry long,2018-04-04 07:00,C0|L|MKT|15|v0.3.0-tier0|SPY,227.65,100,22765,106,0.47,0,117,0.51,-60,-0.26,-2240,-2.24,4
1598,Exit long,2018-04-09 08:00,TX60,231.69,100,23103,66,0.29,0,87,0.38,-48,-0.21,-2174,-2.17,4
1598,Entry long,2018-04-09 07:00,C0|L|MKT|15|v0.3.0-tier0|SPY,231.03,100,23103,66,0.29,0,87,0.38,-48,-0.21,-2174,-2.17,4
1599,Exit short,2018-04-10 08:00,TX60,233.55,100,23226,-129,-0.56,0,11,0.05,-171,-0.74,-2303,-2.30,4
1599,Entry short,2018-04-10 07:00,C0|S|MKT|15|v0.3.0-tier0|SPY,232.26,100,23226,-129,-0.56,0,11,0.05,-171,-0.74,-2303,-2.30,4
1600,Exit long,2018-04-11 08:00,TX60,232.59,100,23311,-52,-0.22,0,43,0.18,-53,-0.23,-2355,-2.35,4
1600,Entry long,2018-04-11 07:00,C0|L|MKT|15|v0.3.0-tier0|SPY,233.11,100,23311,-52,-0.22,0,43,0.18,-53,-0.23,-2355,-2.35,4
1601,Exit long,2018-04-12 08:00,TX60,234.31,100,23485,-54,-0.23,0,19,0.08,-69,-0.29,-2409,-2.41,4
1601,Entry long,2018-04-12 07:00,C0|L|MKT|15|v0.3.0-tier0|SPY,234.85,100,23485,-54,-0.23,0,19,0.08,-69,-0.29,-2409,-2.41,4
1602,Exit short,2018-04-13 08:00,TX60,233.63,100,23496,133,0.57,0,135,0.57,-16,-0.07,-2276,-2.28,4
1602,Entry short,2018-04-13 07:00,C0|S|MKT|15|v0.3.0-tier0|SPY,234.96,100,23496,133,0.57,0,135,0.57,-16,-0.07,-2276,-2.28,4
1603,Exit long,2018-04-16 08:30,TX60,235.29,100,23543,-14,-0.06,0,8,0.03,-62,-0.26,-2290,-2.29,4
1603,Entry long,2018-04-16 07:30,C0|L|MKT|15|v0.3.0-tier0|SPY,235.43,100,23543,-14,-0.06,0,8,0.03,-62,-0.26,-2290,-2.29,4
1604,Exit long,2018-04-17 08:30,TX60,238.19,100,23745,74,0.31,0,84,0.35,-2,-0.01,-2216,-2.22,4
1604,Entry long,2018-04-17 07:30,C0|L|MKT|15|v0.3.0-tier0|SPY,237.45,100,23745,74,0.31,0,84,0.35,-2,-0.01,-2216,-2.22,4
1605,Exit short,2018-04-18 08:15,TX60,239.02,100,23790,-112,-0.47,0,2,0.01,-122,-0.51,-2328,-2.33,4
1605,Entry short,2018-04-18 07:15,C0|S|MKT|15|v0.3.0-tier0|SPY,237.9,100,23790,-112,-0.47,0,2,0.01,-122,-0.51,-2328,-2.33,4
1606,Exit short,2018-04-20 08:15,TX60,234.98,100,23625,127,0.54,0,142,0.60,-34,-0.14,-2201,-2.20,4
1606,Entry short,2018-04-20 07:15,C0|S|MKT|15|v0.3.0-tier0|SPY,236.25,100,23625,127,0.54,0,142,0.60,-34,-0.14,-2201,-2.20,4
1607,Exit short,2018-04-23 08:15,TX60,236.02,100,23508,-94,-0.40,0,30,0.13,-103,-0.44,-2295,-2.30,4
1607,Entry short,2018-04-23 07:15,C0|S|MKT|15|v0.3.0-tier0|SPY,235.08,100,23508,-94,-0.40,0,30,0.13,-103,-0.44,-2295,-2.30,4
1608,Exit short,2018-04-24 08:00,TX60,234.79,100,23559,80,0.34,0,96,0.41,-44,-0.19,-2215,-2.21,4
1608,Entry short,2018-04-24 07:00,C0|S|MKT|15|v0.3.0-tier0|SPY,235.59,100,23559,80,0.34,0,96,0.41,-44,-0.19,-2215,-2.21,4
1609,Exit long,2018-04-26 08:00,TX60,234.44,100,23353,91,0.39,0,95,0.41,-16,-0.07,-2124,-2.12,4
1609,Entry long,2018-04-26 07:00,C0|L|MKT|15|v0.3.0-tier0|SPY,233.53,100,23353,91,0.39,0,95,0.41,-16,-0.07,-2124,-2.12,4
1610,Exit short,2018-04-27 08:00,TX60,234.32,100,23486,54,0.23,0,84,0.36,-50,-0.21,-2070,-2.07,4
1610,Entry short,2018-04-27 07:00,C0|S|MKT|15|v0.3.0-tier0|SPY,234.86,100,23486,54,0.23,0,84,0.36,-50,-0.21,-2070,-2.07,4
1611,Exit short,2018-05-02 08:00,TX60,233.13,100,23282,-31,-0.13,0,7,0.03,-54,-0.23,-2101,-2.10,4
1611,Entry short,2018-05-02 07:00,C0|S|MKT|15|v0.3.0-tier0|SPY,232.82,100,23282,-31,-0.13,0,7,0.03,-54,-0.23,-2101,-2.10,4
1612,Exit short,2018-05-03 08:30,TX60,228.85,100,22956,71,0.31,0,123,0.54,-8,-0.03,-2030,-2.03,4
1612,Entry short,2018-05-03 07:30,C0|S|MKT|15|v0.3.0-tier0|SPY,229.56,100,22956,71,0.31,0,123,0.54,-8,-0.03,-2030,-2.03,4
1613,Exit long,2018-05-04 08:00,TX60,233.08,100,23142,166,0.72,0,188,0.81,-24,-0.10,-1864,-1.86,4
1613,Entry long,2018-05-04 07:00,C0|L|MKT|15|v0.3.0-tier0|SPY,231.42,100,23142,166,0.72,0,188,0.81,-24,-0.10,-1864,-1.86,4
1614,Exit long,2018-05-07 08:00,TX60,235.72,100,23599,-27,-0.11,0,3,0.01,-87,-0.37,-1891,-1.89,4
1614,Entry long,2018-05-07 07:00,C0|L|MKT|15|v0.3.0-tier0|SPY,235.99,100,23599,-27,-0.11,0,3,0.01,-87,-0.37,-1891,-1.89,4
1615,Exit short,2018-05-08 08:00,TX60,234.85,100,23459,-26,-0.11,0,12,0.05,-63,-0.27,-1917,-1.92,4
1615,Entry short,2018-05-08 07:00,C0|S|MKT|15|v0.3.0-tier0|SPY,234.59,100,23459,-26,-0.11,0,12,0.05,-63,-0.27,-1917,-1.92,4
1616,Exit long,2018-05-10 08:30,TX60,239.22,100,23873,49,0.21,0,56,0.23,-9,-0.04,-1868,-1.87,4
1616,Entry long,2018-05-10 07:30,C0|L|MKT|15|v0.3.0-tier0|SPY,238.73,100,23873,49,0.21,0,56,0.23,-9,-0.04,-1868,-1.87,4
1617,Exit long,2018-05-11 08:00,TX60,240.74,100,24038,36,0.15,0,38,0.16,-18,-0.07,-1832,-1.83,4
1617,Entry long,2018-05-11 07:00,C0|L|MKT|15|v0.3.0-tier0|SPY,240.38,100,24038,36,0.15,0,38,0.16,-18,-0.07,-1832,-1.83,4
1618,Exit long,2018-05-14 08:00,TX60,241.12,100,24131,-19,-0.08,0,27,0.11,-29,-0.12,-1851,-1.85,4
1618,Entry long,2018-05-14 07:00,C0|L|MKT|15|v0.3.0-tier0|SPY,241.31,100,24131,-19,-0.08,0,27,0.11,-29,-0.12,-1851,-1.85,4
1619,Exit short,2018-05-15 08:00,TX60,238.82,100,23829,-53,-0.22,0,3,0.01,-103,-0.43,-1904,-1.90,4
1619,Entry short,2018-05-15 07:00,C0|S|MKT|15|v0.3.0-tier0|SPY,238.29,100,23829,-53,-0.22,0,3,0.01,-103,-0.43,-1904,-1.90,4
1620,Exit long,2018-05-16 08:00,TX60,239.45,100,23960,-15,-0.06,0,14,0.06,-47,-0.20,-1919,-1.92,4
1620,Entry long,2018-05-16 07:00,C0|L|MKT|15|v0.3.0-tier0|SPY,239.6,100,23960,-15,-0.06,0,14,0.06,-47,-0.20,-1919,-1.92,4
1621,Exit long,2018-05-17 08:15,TX60,240.53,100,24010,43,0.18,0,72,0.30,-5,-0.02,-1876,-1.88,4
1621,Entry long,2018-05-17 07:15,C0|L|MKT|15|v0.3.0-tier0|SPY,240.1,100,24010,43,0.18,0,72,0.30,-5,-0.02,-1876,-1.88,4
1622,Exit short,2018-05-22 08:15,TX60,241.36,100,24114,-22,-0.09,0,21,0.09,-26,-0.11,-1898,-1.90,4
1622,Entry short,2018-05-22 07:15,C0|S|MKT|15|v0.3.0-tier0|SPY,241.14,100,24114,-22,-0.09,0,21,0.09,-26,-0.11,-1898,-1.90,4
1623,Exit long,2018-05-23 08:15,TX60,239.2,100,23984,-64,-0.27,0,2,0.01,-98,-0.41,-1962,-1.96,4
1623,Entry long,2018-05-23 07:15,C0|L|MKT|15|v0.3.0-tier0|SPY,239.84,100,23984,-64,-0.27,0,2,0.01,-98,-0.41,-1962,-1.96,4
1624,Exit short,2018-05-24 08:00,TX60,238.81,100,23963,82,0.34,0,93,0.39,-35,-0.15,-1880,-1.88,4
1624,Entry short,2018-05-24 07:00,C0|S|MKT|15|v0.3.0-tier0|SPY,239.63,100,23963,82,0.34,0,93,0.39,-35,-0.15,-1880,-1.88,4
1625,Exit long,2018-05-25 08:30,TX60,240.19,100,24034,-15,-0.06,0,16,0.07,-39,-0.16,-1895,-1.90,4
1625,Entry long,2018-05-25 07:30,C0|L|MKT|15|v0.3.0-tier0|SPY,240.34,100,24034,-15,-0.06,0,16,0.07,-39,-0.16,-1895,-1.90,4
1626,Exit long,2018-05-29 08:00,TX60,238.3,100,23880,-50,-0.21,0,21,0.09,-54,-0.23,-1945,-1.94,4
1626,Entry long,2018-05-29 07:00,C0|L|MKT|15|v0.3.0-tier0|SPY,238.8,100,23880,-50,-0.21,0,21,0.09,-54,-0.23,-1945,-1.94,4
1627,Exit short,2018-05-30 08:00,TX60,239.54,100,23842,-112,-0.47,0,6,0.03,-112,-0.47,-2057,-2.06,4
1627,Entry short,2018-05-30 07:00,C0|S|MKT|15|v0.3.0-tier0|SPY,238.42,100,23842,-112,-0.47,0,6,0.03,-112,-0.47,-2057,-2.06,4
1628,Exit short,2018-05-31 08:30,TX60,239.62,100,23949,-13,-0.05,0,69,0.29,-15,-0.06,-2070,-2.07,4
1628,Entry short,2018-05-31 07:30,C0|S|MKT|15|v0.3.0-tier0|SPY,239.49,100,23949,-13,-0.05,0,69,0.29,-15,-0.06,-2070,-2.07,4
1629,Exit long,2018-06-01 08:30,TX60,240.67,100,24068,-1,0.00,0,32,0.13,-26,-0.11,-2071,-2.07,4
1629,Entry long,2018-06-01 07:30,C0|L|MKT|15|v0.3.0-tier0|SPY,240.68,100,24068,-1,0.00,0,32,0.13,-26,-0.11,-2071,-2.07,4
1630,Exit long,2018-06-05 08:00,TX60,242.52,100,24257,-5,-0.02,0,29,0.12,-29,-0.12,-2076,-2.08,4
1630,Entry long,2018-06-05 07:00,C0|L|MKT|15|v0.3.0-tier0|SPY,242.57,100,24257,-5,-0.02,0,29,0.12,-29,-0.12,-2076,-2.08,4
1631,Exit short,2018-06-06 08:00,TX60,242.92,100,24274,-18,-0.07,0,27,0.11,-20,-0.08,-2094,-2.09,4
1631,Entry short,2018-06-06 07:00,C0|S|MKT|15|v0.3.0-tier0|SPY,242.74,100,24274,-18,-0.07,0,27,0.11,-20,-0.08,-2094,-2.09,4
1632,Exit long,2018-06-07 08:00,TX60,244.62,100,24505,-43,-0.18,0,20,0.08,-97,-0.40,-2137,-2.14,4
1632,Entry long,2018-06-07 07:00,C0|L|MKT|15|v0.3.0-tier0|SPY,245.05,100,24505,-43,-0.18,0,20,0.08,-97,-0.40,-2137,-2.14,4
1633,Exit long,2018-06-08 08:00,TX60,244.31,100,24441,-10,-0.04,0,4,0.02,-55,-0.23,-2147,-2.15,4
1633,Entry long,2018-06-08 07:00,C0|L|MKT|15|v0.3.0-tier0|SPY,244.41,100,24441,-10,-0.04,0,4,0.02,-55,-0.23,-2147,-2.15,4
1634,Exit short,2018-06-12 08:00,TX60,245.84,100,24565,-19,-0.08,0,5,0.02,-27,-0.11,-2166,-2.17,4
1634,Entry short,2018-06-12 07:00,C0|S|MKT|15|v0.3.0-tier0|SPY,245.65,100,24565,-19,-0.08,0,5,0.02,-27,-0.11,-2166,-2.17,4
1635,Exit long,2018-06-13 08:30,TX60,246.28,100,24619,9,0.04,0,13,0.05,-19,-0.08,-2157,-2.16,4
1635,Entry long,2018-06-13 07:30,C0|L|MKT|15|v0.3.0-tier0|SPY,246.19,100,24619,9,0.04,0,13,0.05,-19,-0.08,-2157,-2.16,4
1636,Exit short,2018-06-14 08:00,TX60,245.29,100,24566,37,0.15,0,37,0.15,-55,-0.22,-2120,-2.12,4
1636,Entry short,2018-06-14 07:00,C0|S|MKT|15|v0.3.0-tier0|SPY,245.66,100,24566,37,0.15,0,37,0.15,-55,-0.22,-2120,-2.12,4
1637,Exit long,2018-06-18 08:00,TX60,244.5,100,24393,57,0.23,0,75,0.31,-17,-0.07,-2063,-2.06,4
1637,Entry long,2018-06-18 07:00,C0|L|MKT|15|v0.3.0-tier0|SPY,243.93,100,24393,57,0.23,0,75,0.31,-17,-0.07,-2063,-2.06,4
1638,Exit short,2018-06-19 08:30,TX60,243.33,100,24230,-103,-0.43,0,12,0.05,-117,-0.48,-2166,-2.17,4
1638,Entry short,2018-06-19 07:30,C0|S|MKT|15|v0.3.0-tier0|SPY,242.3,100,24230,-103,-0.43,0,12,0.05,-117,-0.48,-2166,-2.17,4
1639,Exit short,2018-06-20 08:15,TX60,244.19,100,24434,15,0.06,0,34,0.14,-7,-0.03,-2151,-2.15,4
1639,Entry short,2018-06-20 07:15,C0|S|MKT|15|v0.3.0-tier0|SPY,244.34,100,24434,15,0.06,0,34,0.14,-7,-0.03,-2151,-2.15,4
1640,Exit short,2018-06-21 08:00,TX60,243.14,100,24392,78,0.32,0,132,0.54,-1,0.00,-2073,-2.07,4
1640,Entry short,2018-06-21 07:00,C0|S|MKT|15|v0.3.0-tier0|SPY,243.92,100,24392,78,0.32,0,132,0.54,-1,0.00,-2073,-2.07,4
1641,Exit short,2018-06-22 08:00,TX60,243.66,100,24364,-2,-0.01,0,45,0.18,-38,-0.16,-2075,-2.08,4
1641,Entry short,2018-06-22 07:00,C0|S|MKT|15|v0.3.0-tier0|SPY,243.64,100,24364,-2,-0.01,0,45,0.18,-38,-0.16,-2075,-2.08,4
1642,Exit short,2018-06-25 08:00,TX60,240.43,100,24083,40,0.17,0,83,0.34,-17,-0.07,-2035,-2.03,4
1642,Entry short,2018-06-25 07:00,C0|S|MKT|15|v0.3.0-tier0|SPY,240.83,100,24083,40,0.17,0,83,0.34,-17,-0.07,-2035,-2.03,4
1643,Exit long,2018-06-27 08:00,TX60,242.02,100,24195,7,0.03,0,52,0.21,-26,-0.11,-2028,-2.03,4
1643,Entry long,2018-06-27 07:00,C0|L|MKT|15|v0.3.0-tier0|SPY,241.95,100,24195,7,0.03,0,52,0.21,-26,-0.11,-2028,-2.03,4
1644,Exit short,2018-06-28 08:15,TX60,238.62,100,23821,-41,-0.17,0,50,0.21,-92,-0.39,-2069,-2.07,4
1644,Entry short,2018-06-28 07:15,C0|S|MKT|15|v0.3.0-tier0|SPY,238.21,100,23821,-41,-0.17,0,50,0.21,-92,-0.39,-2069,-2.07,4
1645,Exit long,2018-07-02 08:00,TX60,239.52,100,23909,43,0.18,0,63,0.26,-38,-0.16,-2026,-2.03,4
1645,Entry long,2018-07-02 07:00,C0|L|MKT|15|v0.3.0-tier0|SPY,239.09,100,23909,43,0.18,0,63,0.26,-38,-0.16,-2026,-2.03,4
1646,Exit short,2018-07-05 08:00,TX60,240.06,100,24063,57,0.24,0,72,0.30,-34,-0.14,-1969,-1.97,4
1646,Entry short,2018-07-05 07:00,C0|S|MKT|15|v0.3.0-tier0|SPY,240.63,100,24063,57,0.24,0,72,0.30,-34,-0.14,-1969,-1.97,4
1647,Exit long,2018-07-06 08:00,TX60,242.92,100,24234,58,0.24,0,68,0.28,-13,-0.05,-1911,-1.91,4
1647,Entry long,2018-07-06 07:00,C0|L|MKT|15|v0.3.0-tier0|SPY,242.34,100,24234,58,0.24,0,68,0.28,-13,-0.05,-1911,-1.91,4
1648,Exit long,2018-07-10 08:30,TX60,246.59,100,24666,-7,-0.03,0,36,0.15,-17,-0.07,-1918,-1.92,4
1648,Entry long,2018-07-10 07:30,C0|L|MKT|15|v0.3.0-tier0|SPY,246.66,100,24666,-7,-0.03,0,36,0.15,-17,-0.07,-1918,-1.92,4
1649,Exit long,2018-07-11 08:30,TX60,245.43,100,24604,-61,-0.25,0,12,0.05,-61,-0.25,-1979,-1.98,4
1649,Entry long,2018-07-11 07:30,C0|L|MKT|15|v0.3.0-tier0|SPY,246.04,100,24604,-61,-0.25,0,12,0.05,-61,-0.25,-1979,-1.98,4
1650,Exit long,2018-07-12 08:30,TX60,246.57,100,24673,-16,-0.06,0,7,0.03,-45,-0.18,-1995,-1.99,4
1650,Entry long,2018-07-12 07:30,C0|L|MKT|15|v0.3.0-tier0|SPY,246.73,100,24673,-16,-0.06,0,7,0.03,-45,-0.18,-1995,-1.99,4
1651,Exit short,2018-07-13 08:00,TX60,247.59,100,24684,-75,-0.30,0,3,0.01,-88,-0.36,-2070,-2.07,4
1651,Entry short,2018-07-13 07:00,C0|S|MKT|15|v0.3.0-tier0|SPY,246.84,100,24684,-75,-0.30,0,3,0.01,-88,-0.36,-2070,-2.07,4
1652,Exit short,2018-07-16 08:15,TX60,247.18,100,24720,2,0.01,0,31,0.13,-26,-0.11,-2068,-2.07,4
1652,Entry short,2018-07-16 07:15,C0|S|MKT|15|v0.3.0-tier0|SPY,247.2,100,24720,2,0.01,0,31,0.13,-26,-0.11,-2068,-2.07,4
1653,Exit long,2018-07-17 08:00,TX60,247.66,100,24697,69,0.28,0,77,0.31,-2,-0.01,-1999,-2.00,4
1653,Entry long,2018-07-17 07:00,C0|L|MKT|15|v0.3.0-tier0|SPY,246.97,100,24697,69,0.28,0,77,0.31,-2,-0.01,-1999,-2.00,4
1654,Exit short,2018-07-18 08:15,TX60,248.41,100,24812,-29,-0.12,0,16,0.06,-42,-0.17,-2028,-2.03,4
1654,Entry short,2018-07-18 07:15,C0|S|MKT|15|v0.3.0-tier0|SPY,248.12,100,24812,-29,-0.12,0,16,0.06,-42,-0.17,-2028,-2.03,4
1655,Exit short,2018-07-19 08:00,TX60,247.94,100,24770,-24,-0.10,0,11,0.04,-39,-0.16,-2052,-2.05,4
1655,Entry short,2018-07-19 07:00,C0|S|MKT|15|v0.3.0-tier0|SPY,247.7,100,24770,-24,-0.10,0,11,0.04,-39,-0.16,-2052,-2.05,4
1656,Exit long,2018-07-20 08:00,TX60,248,100,24794,6,0.02,0,22,0.09,-23,-0.09,-2046,-2.05,4
1656,Entry long,2018-07-20 07:00,C0|L|MKT|15|v0.3.0-tier0|SPY,247.94,100,24794,6,0.02,0,22,0.09,-23,-0.09,-2046,-2.05,4
1657,Exit long,2018-07-24 08:30,TX60,249.67,100,25008,-41,-0.16,0,8,0.03,-85,-0.34,-2087,-2.09,4
1657,Entry long,2018-07-24 07:30,C0|L|MKT|15|v0.3.0-tier0|SPY,250.08,100,25008,-41,-0.16,0,8,0.03,-85,-0.34,-2087,-2.09,4
1658,Exit long,2018-07-25 08:00,TX60,249.3,100,24957,-27,-0.11,0,7,0.03,-41,-0.16,-2114,-2.11,4
1658,Entry long,2018-07-25 07:00,C0|L|MKT|15|v0.3.0-tier0|SPY,249.57,100,24957,-27,-0.11,0,7,0.03,-41,-0.16,-2114,-2.11,4
1659,Exit short,2018-07-27 08:00,TX60,250.38,100,25061,23,0.09,0,47,0.19,-21,-0.08,-2091,-2.09,4
1659,Entry short,2018-07-27 07:00,C0|S|MKT|15|v0.3.0-tier0|SPY,250.61,100,25061,23,0.09,0,47,0.19,-21,-0.08,-2091,-2.09,4
1660,Exit short,2018-07-30 08:15,TX60,248.32,100,24845,13,0.05,0,28,0.11,-50,-0.20,-2078,-2.08,4
1660,Entry short,2018-07-30 07:15,C0|S|MKT|15|v0.3.0-tier0|SPY,248.45,100,24845,13,0.05,0,28,0.11,-50,-0.20,-2078,-2.08,4
1661,Exit short,2018-07-31 08:00,TX60,248.59,100,24849,-10,-0.04,0,25,0.10,-44,-0.18,-2088,-2.09,4
1661,Entry short,2018-07-31 07:00,C0|S|MKT|15|v0.3.0-tier0|SPY,248.49,100,24849,-10,-0.04,0,25,0.10,-44,-0.18,-2088,-2.09,4
1662,Exit long,2018-08-01 08:15,TX60,249.32,100,24951,-19,-0.08,0,28,0.11,-25,-0.10,-2107,-2.11,4
1662,Entry long,2018-08-01 07:15,C0|L|MKT|15|v0.3.0-tier0|SPY,249.51,100,24951,-19,-0.08,0,28,0.11,-25,-0.10,-2107,-2.11,4
1663,Exit long,2018-08-02 08:00,TX60,248.18,100,24790,28,0.11,0,81,0.33,-4,-0.02,-2079,-2.08,4
1663,Entry long,2018-08-02 07:00,C0|L|MKT|15|v0.3.0-tier0|SPY,247.9,100,24790,28,0.11,0,81,0.33,-4,-0.02,-2079,-2.08,4
1664,Exit long,2018-08-03 08:30,TX60,250.42,100,25061,-19,-0.08,0,11,0.04,-39,-0.16,-2098,-2.10,4
1664,Entry long,2018-08-03 07:30,C0|L|MKT|15|v0.3.0-tier0|SPY,250.61,100,25061,-19,-0.08,0,11,0.04,-39,-0.16,-2098,-2.10,4
1665,Exit long,2018-08-06 08:00,TX60,251.46,100,25123,23,0.09,0,23,0.09,-18,-0.07,-2075,-2.08,4
1665,Entry long,2018-08-06 07:00,C0|L|MKT|15|v0.3.0-tier0|SPY,251.23,100,25123,23,0.09,0,23,0.09,-18,-0.07,-2075,-2.08,4
1666,Exit long,2018-08-07 08:15,TX60,253.07,100,25297,10,0.04,0,26,0.10,-18,-0.07,-2065,-2.07,4
1666,Entry long,2018-08-07 07:15,C0|L|MKT|15|v0.3.0-tier0|SPY,252.97,100,25297,10,0.04,0,26,0.10,-18,-0.07,-2065,-2.07,4
1667,Exit long,2018-08-09 08:30,TX60,252.99,100,25307,-8,-0.03,0,12,0.05,-20,-0.08,-2073,-2.07,4
1667,Entry long,2018-08-09 07:30,C0|L|MKT|15|v0.3.0-tier0|SPY,253.07,100,25307,-8,-0.03,0,12,0.05,-20,-0.08,-2073,-2.07,4
1668,Exit short,2018-08-10 08:00,TX60,251.15,100,25077,-38,-0.15,0,24,0.10,-42,-0.17,-2111,-2.11,4
1668,Entry short,2018-08-10 07:00,C0|S|MKT|15|v0.3.0-tier0|SPY,250.77,100,25077,-38,-0.15,0,24,0.10,-42,-0.17,-2111,-2.11,4
1669,Exit long,2018-08-13 08:00,TX60,251.26,100,25136,-10,-0.04,0,23,0.09,-16,-0.06,-2121,-2.12,4
1669,Entry long,2018-08-13 07:00,C0|L|MKT|15|v0.3.0-tier0|SPY,251.36,100,25136,-10,-0.04,0,23,0.09,-16,-0.06,-2121,-2.12,4
1670,Exit long,2018-08-14 08:30,TX60,251.17,100,25079,38,0.15,0,64,0.26,-7,-0.03,-2083,-2.08,4
1670,Entry long,2018-08-14 07:30,C0|L|MKT|15|v0.3.0-tier0|SPY,250.79,100,25079,38,0.15,0,64,0.26,-7,-0.03,-2083,-2.08,4
1671,Exit short,2018-08-15 08:00,TX60,248.13,100,24910,97,0.39,0,105,0.42,0,0.00,-1986,-1.99,4
1671,Entry short,2018-08-15 07:00,C0|S|MKT|15|v0.3.0-tier0|SPY,249.1,100,24910,97,0.39,0,105,0.42,0,0.00,-1986,-1.99,4
1672,Exit long,2018-08-16 08:30,TX60,251.91,100,25133,58,0.23,0,58,0.23,-4,-0.02,-1928,-1.93,4
1672,Entry long,2018-08-16 07:30,C0|L|MKT|15|v0.3.0-tier0|SPY,251.33,100,25133,58,0.23,0,58,0.23,-4,-0.02,-1928,-1.93,4
1673,Exit short,2018-08-17 08:15,TX60,251.38,100,25102,-36,-0.14,0,13,0.05,-41,-0.16,-1964,-1.96,4
1673,Entry short,2018-08-17 07:15,C0|S|MKT|15|v0.3.0-tier0|SPY,251.02,100,25102,-36,-0.14,0,13,0.05,-41,-0.16,-1964,-1.96,4
1674,Exit short,2018-08-20 08:00,TX60,252.47,100,25265,18,0.07,0,27,0.11,-30,-0.12,-1946,-1.95,4
1674,Entry short,2018-08-20 07:00,C0|S|MKT|15|v0.3.0-tier0|SPY,252.65,100,25265,18,0.07,0,27,0.11,-30,-0.12,-1946,-1.95,4
1675,Exit long,2018-08-21 08:00,TX60,253.79,100,25395,-16,-0.06,0,4,0.02,-23,-0.09,-1962,-1.96,4
1675,Entry long,2018-08-21 07:00,C0|L|MKT|15|v0.3.0-tier0|SPY,253.95,100,25395,-16,-0.06,0,4,0.02,-23,-0.09,-1962,-1.96,4
1676,Exit short,2018-08-22 08:00,TX60,253.57,100,25302,-55,-0.22,0,18,0.07,-66,-0.26,-2017,-2.02,4
1676,Entry short,2018-08-22 07:00,C0|S|MKT|15|v0.3.0-tier0|SPY,253.02,100,25302,-55,-0.22,0,18,0.07,-66,-0.26,-2017,-2.02,4
1677,Exit long,2018-08-23 08:00,TX60,253.53,100,25363,-10,-0.04,0,41,0.16,-10,-0.04,-2027,-2.03,4
1677,Entry long,2018-08-23 07:00,C0|L|MKT|15|v0.3.0-tier0|SPY,253.63,100,25363,-10,-0.04,0,41,0.16,-10,-0.04,-2027,-2.03,4
1678,Exit long,2018-08-24 08:30,TX60,254.31,100,25390,41,0.16,0,56,0.22,-1,0.00,-1986,-1.99,4
1678,Entry long,2018-08-24 07:30,C0|L|MKT|15|v0.3.0-tier0|SPY,253.9,100,25390,41,0.16,0,56,0.22,-1,0.00,-1986,-1.99,4
1679,Exit long,2018-08-27 08:00,TX60,256.3,100,25616,14,0.05,0,31,0.12,-14,-0.05,-1972,-1.97,4
1679,Entry long,2018-08-27 07:00,C0|L|MKT|15|v0.3.0-tier0|SPY,256.16,100,25616,14,0.05,0,31,0.12,-14,-0.05,-1972,-1.97,4
1680,Exit short,2018-08-28 08:15,TX60,256.76,100,25683,7,0.03,0,36,0.14,-3,-0.01,-1965,-1.96,4
1680,Entry short,2018-08-28 07:15,C0|S|MKT|15|v0.3.0-tier0|SPY,256.83,100,25683,7,0.03,0,36,0.14,-3,-0.01,-1965,-1.96,4
1681,Exit long,2018-08-29 08:30,TX60,258.02,100,25723,79,0.31,0,83,0.32,-2,-0.01,-1886,-1.89,4
1681,Entry long,2018-08-29 07:30,C0|L|MKT|15|v0.3.0-tier0|SPY,257.23,100,25723,79,0.31,0,83,0.32,-2,-0.01,-1886,-1.89,4
1682,Exit long,2018-08-31 08:00,TX60,257.18,100,25692,26,0.10,0,56,0.22,-1,0.00,-1860,-1.86,4
1682,Entry long,2018-08-31 07:00,C0|L|MKT|15|v0.3.0-tier0|SPY,256.92,100,25692,26,0.10,0,56,0.22,-1,0.00,-1860,-1.86,4
1683,Exit short,2018-09-05 08:00,TX60,255.56,100,25576,20,0.08,0,87,0.34,-14,-0.05,-1840,-1.84,4
1683,Entry short,2018-09-05 07:00,C0|S|MKT|15|v0.3.0-tier0|SPY,255.76,100,25576,20,0.08,0,87,0.34,-14,-0.05,-1840,-1.84,4
1684,Exit long,2018-09-06 08:00,TX60,254.76,100,25628,-152,-0.59,0,2,0.01,-186,-0.73,-1992,-1.99,4
1684,Entry long,2018-09-06 07:00,C0|L|MKT|15|v0.3.0-tier0|SPY,256.28,100,25628,-152,-0.59,0,2,0.01,-186,-0.73,-1992,-1.99,4
1685,Exit long,2018-09-07 08:00,TX60,255.29,100,25479,50,0.20,0,61,0.24,-11,-0.04,-1942,-1.94,4
1685,Entry long,2018-09-07 07:00,C0|L|MKT|15|v0.3.0-tier0|SPY,254.79,100,25479,50,0.20,0,61,0.24,-11,-0.04,-1942,-1.94,4
1686,Exit short,2018-09-10 08:15,TX60,255.4,100,25512,-28,-0.11,0,11,0.04,-43,-0.17,-1970,-1.97,4
1686,Entry short,2018-09-10 07:15,C0|S|MKT|15|v0.3.0-tier0|SPY,255.12,100,25512,-28,-0.11,0,11,0.04,-43,-0.17,-1970,-1.97,4
1687,Exit long,2018-09-11 08:00,TX60,255.04,100,25486,18,0.07,0,46,0.18,-8,-0.03,-1952,-1.95,4
1687,Entry long,2018-09-11 07:00,C0|L|MKT|15|v0.3.0-tier0|SPY,254.86,100,25486,18,0.07,0,46,0.18,-8,-0.03,-1952,-1.95,4
1688,Exit short,2018-09-12 08:15,TX60,256.09,100,25564,-45,-0.18,0,45,0.18,-55,-0.22,-1997,-2.00,4
1688,Entry short,2018-09-12 07:15,C0|S|MKT|15|v0.3.0-tier0|SPY,255.64,100,25564,-45,-0.18,0,45,0.18,-55,-0.22,-1997,-2.00,4
1689,Exit short,2018-09-14 08:15,TX60,257.67,100,25732,-35,-0.14,0,0,0.00,-54,-0.21,-2032,-2.03,4
1689,Entry short,2018-09-14 07:15,C0|S|MKT|15|v0.3.0-tier0|SPY,257.32,100,25732,-35,-0.14,0,0,0.00,-54,-0.21,-2032,-2.03,4
1690,Exit short,2018-09-17 08:30,TX60,256.84,100,25705,21,0.08,0,52,0.20,-5,-0.02,-2011,-2.01,4
1690,Entry short,2018-09-17 07:30,C0|S|MKT|15|v0.3.0-tier0|SPY,257.05,100,25705,21,0.08,0,52,0.20,-5,-0.02,-2011,-2.01,4
1691,Exit long,2018-09-18 08:30,TX60,257.73,100,25729,44,0.17,0,44,0.17,-24,-0.09,-1967,-1.97,4
1691,Entry long,2018-09-18 07:30,C0|L|MKT|15|v0.3.0-tier0|SPY,257.29,100,25729,44,0.17,0,44,0.17,-24,-0.09,-1967,-1.97,4
1692,Exit short,2018-09-19 08:15,TX60,258.11,100,25759,-52,-0.20,0,10,0.04,-63,-0.24,-2019,-2.02,4
1692,Entry short,2018-09-19 07:15,C0|S|MKT|15|v0.3.0-tier0|SPY,257.59,100,25759,-52,-0.20,0,10,0.04,-63,-0.24,-2019,-2.02,4
1693,Exit short,2018-09-21 08:30,TX60,260.36,100,26021,-15,-0.06,0,16,0.06,-15,-0.06,-2034,-2.03,4
1693,Entry short,2018-09-21 07:30,C0|S|MKT|15|v0.3.0-tier0|SPY,260.21,100,26021,-15,-0.06,0,16,0.06,-15,-0.06,-2034,-2.03,4
1694,Exit short,2018-09-24 08:30,TX60,258.84,100,25867,-17,-0.07,0,42,0.16,-30,-0.12,-2051,-2.05,4
1694,Entry short,2018-09-24 07:30,C0|S|MKT|15|v0.3.0-tier0|SPY,258.67,100,25867,-17,-0.07,0,42,0.16,-30,-0.12,-2051,-2.05,4
1695,Exit short,2018-09-25 08:00,TX60,258.64,100,25900,36,0.14,0,36,0.14,-14,-0.05,-2015,-2.01,4
1695,Entry short,2018-09-25 07:00,C0|S|MKT|15|v0.3.0-tier0|SPY,259,100,25900,36,0.14,0,36,0.14,-14,-0.05,-2015,-2.01,4
1696,Exit long,2018-09-27 08:00,TX60,259.19,100,25848,71,0.27,0,78,0.30,-1,0.00,-1944,-1.94,4
1696,Entry long,2018-09-27 07:00,C0|L|MKT|15|v0.3.0-tier0|SPY,258.48,100,25848,71,0.27,0,78,0.30,-1,0.00,-1944,-1.94,4
1697,Exit long,2018-09-28 08:30,TX60,258.89,100,25852,37,0.14,0,54,0.21,-10,-0.04,-1907,-1.91,4
1697,Entry long,2018-09-28 07:30,C0|L|MKT|15|v0.3.0-tier0|SPY,258.52,100,25852,37,0.14,0,54,0.21,-10,-0.04,-1907,-1.91,4
1698,Exit long,2018-10-01 08:00,TX60,260.3,100,26022,8,0.03,0,31,0.12,-8,-0.03,-1899,-1.90,4
1698,Entry long,2018-10-01 07:00,C0|L|MKT|15|v0.3.0-tier0|SPY,260.22,100,26022,8,0.03,0,31,0.12,-8,-0.03,-1899,-1.90,4
1699,Exit short,2018-10-03 08:00,TX60,260.28,100,26015,-13,-0.05,0,1,0.00,-62,-0.24,-1912,-1.91,4
1699,Entry short,2018-10-03 07:00,C0|S|MKT|15|v0.3.0-tier0|SPY,260.15,100,26015,-13,-0.05,0,1,0.00,-62,-0.24,-1912,-1.91,4
1700,Exit short,2018-10-04 08:15,TX60,257.81,100,25803,22,0.09,0,62,0.24,-5,-0.02,-1890,-1.89,4
1700,Entry short,2018-10-04 07:15,C0|S|MKT|15|v0.3.0-tier0|SPY,258.03,100,25803,22,0.09,0,62,0.24,-5,-0.02,-1890,-1.89,4
1701,Exit short,2018-10-05 08:15,TX60,256.67,100,25723,56,0.22,0,78,0.30,-56,-0.22,-1834,-1.83,4
1701,Entry short,2018-10-05 07:15,C0|S|MKT|15|v0.3.0-tier0|SPY,257.23,100,25723,56,0.22,0,78,0.30,-56,-0.22,-1834,-1.83,4
1702,Exit long,2018-10-08 08:00,TX60,255.76,100,25590,-14,-0.05,0,41,0.16,-29,-0.11,-1848,-1.85,4
1702,Entry long,2018-10-08 07:00,C0|L|MKT|15|v0.3.0-tier0|SPY,255.9,100,25590,-14,-0.05,0,41,0.16,-29,-0.11,-1848,-1.85,4
1703,Exit long,2018-10-09 08:00,TX60,256.16,100,25601,15,0.06,0,90,0.35,-32,-0.12,-1833,-1.83,4
1703,Entry long,2018-10-09 07:00,C0|L|MKT|15|v0.3.0-tier0|SPY,256.01,100,25601,15,0.06,0,90,0.35,-32,-0.12,-1833,-1.83,4
1704,Exit short,2018-10-10 08:00,TX60,252.82,100,25324,42,0.17,0,70,0.28,-28,-0.11,-1791,-1.79,4
1704,Entry short,2018-10-10 07:00,C0|S|MKT|15|v0.3.0-tier0|SPY,253.24,100,25324,42,0.17,0,70,0.28,-28,-0.11,-1791,-1.79,4
1705,Exit long,2018-10-11 08:00,TX60,245.29,100,24792,-263,-1.06,0,3,0.01,-271,-1.09,-2054,-2.05,4
1705,Entry long,2018-10-11 07:00,C0|L|MKT|15|v0.3.0-tier0|SPY,247.92,100,24792,-263,-1.06,0,3,0.01,-271,-1.09,-2054,-2.05,4
1706,Exit short,2018-10-12 08:30,TX60,245.13,100,24466,-47,-0.19,0,1,0.00,-138,-0.56,-2101,-2.10,4
1706,Entry short,2018-10-12 07:30,C0|S|MKT|15|v0.3.0-tier0|SPY,244.66,100,24466,-47,-0.19,0,1,0.00,-138,-0.56,-2101,-2.10,4
1707,Exit short,2018-10-15 08:15,TX60,245.25,100,24412,-113,-0.46,0,16,0.07,-129,-0.53,-2214,-2.21,4
1707,Entry short,2018-10-15 07:15,C0|S|MKT|15|v0.3.0-tier0|SPY,244.12,100,24412,-113,-0.46,0,16,0.07,-129,-0.53,-2214,-2.21,4
1708,Exit long,2018-10-16 08:00,TX60,247.31,100,24635,96,0.39,0,98,0.40,-29,-0.12,-2118,-2.12,4
1708,Entry long,2018-10-16 07:00,C0|L|MKT|15|v0.3.0-tier0|SPY,246.35,100,24635,96,0.39,0,98,0.40,-29,-0.12,-2118,-2.12,4
1709,Exit short,2018-10-17 08:00,TX60,247.42,100,24825,83,0.33,0,139,0.56,-31,-0.12,-2035,-2.03,4
1709,Entry short,2018-10-17 07:00,C0|S|MKT|15|v0.3.0-tier0|SPY,248.25,100,24825,83,0.33,0,139,0.56,-31,-0.12,-2035,-2.03,4
1710,Exit long,2018-10-19 08:00,TX60,247.89,100,24764,25,0.10,0,76,0.31,-21,-0.08,-2010,-2.01,4
1710,Entry long,2018-10-19 07:00,C0|L|MKT|15|v0.3.0-tier0|SPY,247.64,100,24764,25,0.10,0,76,0.31,-21,-0.08,-2010,-2.01,4
1711,Exit short,2018-10-22 08:00,TX60,245.81,100,24490,-91,-0.37,0,84,0.34,-125,-0.51,-2101,-2.10,4
1711,Entry short,2018-10-22 07:00,C0|S|MKT|15|v0.3.0-tier0|SPY,244.9,100,24490,-91,-0.37,0,84,0.34,-125,-0.51,-2101,-2.10,4
1712,Exit short,2018-10-23 08:15,TX60,240.63,100,23931,-132,-0.55,0,40,0.17,-147,-0.61,-2233,-2.23,4
1712,Entry short,2018-10-23 07:15,C0|S|MKT|15|v0.3.0-tier0|SPY,239.31,100,23931,-132,-0.55,0,40,0.17,-147,-0.61,-2233,-2.23,4
1713,Exit short,2018-10-24 08:00,TX60,241.5,100,24260,110,0.45,0,114,0.47,-30,-0.12,-2123,-2.12,4
1713,Entry short,2018-10-24 07:00,C0|S|MKT|15|v0.3.0-tier0|SPY,242.6,100,24260,110,0.45,0,114,0.47,-30,-0.12,-2123,-2.12,4
1714,Exit long,2018-10-25 08:00,TX60,238.94,100,23842,52,0.22,0,121,0.51,-26,-0.11,-2071,-2.07,4
1714,Entry long,2018-10-25 07:00,C0|L|MKT|15|v0.3.0-tier0|SPY,238.42,100,23842,52,0.22,0,121,0.51,-26,-0.11,-2071,-2.07,4
1715,Exit short,2018-10-26 08:15,TX60,234.4,100,23498,58,0.25,0,170,0.72,-111,-0.47,-2013,-2.01,4
1715,Entry short,2018-10-26 07:15,C0|S|MKT|15|v0.3.0-tier0|SPY,234.98,100,23498,58,0.25,0,170,0.72,-111,-0.47,-2013,-2.01,4
1716,Exit long,2018-10-29 08:15,TX60,238.52,100,23987,-135,-0.56,0,31,0.13,-144,-0.60,-2148,-2.15,4
1716,Entry long,2018-10-29 07:15,C0|L|MKT|15|v0.3.0-tier0|SPY,239.87,100,23987,-135,-0.56,0,31,0.13,-144,-0.60,-2148,-2.15,4
1717,Exit long,2018-10-30 08:00,TX60,235.33,100,23720,-187,-0.79,0,18,0.08,-224,-0.94,-2335,-2.33,4
1717,Entry long,2018-10-30 07:00,C0|L|MKT|15|v0.3.0-tier0|SPY,237.2,100,23720,-187,-0.79,0,18,0.08,-224,-0.94,-2335,-2.33,4
1718,Exit long,2018-10-31 08:00,TX60,241.47,100,24151,-4,-0.02,0,80,0.33,-43,-0.18,-2339,-2.34,4
1718,Entry long,2018-10-31 07:00,C0|L|MKT|15|v0.3.0-tier0|SPY,241.51,100,24151,-4,-0.02,0,80,0.33,-43,-0.18,-2339,-2.34,4
1719,Exit short,2018-11-01 08:00,TX60,242.48,100,24125,-123,-0.51,0,78,0.32,-137,-0.57,-2462,-2.46,4
1719,Entry short,2018-11-01 07:00,C0|S|MKT|15|v0.3.0-tier0|SPY,241.25,100,24125,-123,-0.51,0,78,0.32,-137,-0.57,-2462,-2.46,4
1720,Exit short,2018-11-02 08:15,TX60,241.98,100,24373,175,0.72,0,201,0.82,-28,-0.11,-2287,-2.29,4
1720,Entry short,2018-11-02 07:15,C0|S|MKT|15|v0.3.0-tier0|SPY,243.73,100,24373,175,0.72,0,201,0.82,-28,-0.11,-2287,-2.29,4
1721,Exit short,2018-11-05 08:00,TX60,242.68,100,24204,-64,-0.26,0,71,0.29,-72,-0.30,-2351,-2.35,4
1721,Entry short,2018-11-05 07:00,C0|S|MKT|15|v0.3.0-tier0|SPY,242.04,100,24204,-64,-0.26,0,71,0.29,-72,-0.30,-2351,-2.35,4
1722,Exit long,2018-11-06 08:00,TX60,244.07,100,24421,-14,-0.06,0,7,0.03,-64,-0.26,-2365,-2.37,4
1722,Entry long,2018-11-06 07:00,C0|L|MKT|15|v0.3.0-tier0|SPY,244.21,100,24421,-14,-0.06,0,7,0.03,-64,-0.26,-2365,-2.37,4
1723,Exit short,2018-11-07 08:00,TX60,247.75,100,24672,-103,-0.42,0,29,0.12,-135,-0.55,-2468,-2.47,4
1723,Entry short,2018-11-07 07:00,C0|S|MKT|15|v0.3.0-tier0|SPY,246.72,100,24672,-103,-0.42,0,29,0.12,-135,-0.55,-2468,-2.47,4
1724,Exit long,2018-11-08 08:00,TX60,249.66,100,24984,-18,-0.07,0,8,0.03,-69,-0.28,-2486,-2.49,4
1724,Entry long,2018-11-08 07:00,C0|L|MKT|15|v0.3.0-tier0|SPY,249.84,100,24984,-18,-0.07,0,8,0.03,-69,-0.28,-2486,-2.49,4
1725,Exit short,2018-11-09 08:15,TX60,247.03,100,24699,-4,-0.02,0,22,0.09,-78,-0.32,-2490,-2.49,4
1725,Entry short,2018-11-09 07:15,C0|S|MKT|15|v0.3.0-tier0|SPY,246.99,100,24699,-4,-0.02,0,22,0.09,-78,-0.32,-2490,-2.49,4
1726,Exit short,2018-11-12 08:00,TX60,244.13,100,24512,99,0.40,0,106,0.43,-30,-0.12,-2391,-2.39,4
1726,Entry short,2018-11-12 07:00,C0|S|MKT|15|v0.3.0-tier0|SPY,245.12,100,24512,99,0.40,0,106,0.43,-30,-0.12,-2391,-2.39,4
1727,Exit short,2018-11-13 08:30,TX60,244.19,100,24187,-232,-0.96,0,20,0.08,-300,-1.24,-2623,-2.62,4
1727,Entry short,2018-11-13 07:30,C0|S|MKT|15|v0.3.0-tier0|SPY,241.87,100,24187,-232,-0.96,0,20,0.08,-300,-1.24,-2623,-2.62,4
1728,Exit short,2018-11-14 08:15,TX60,241.33,100,24291,158,0.65,0,159,0.65,-12,-0.05,-2465,-2.46,4
1728,Entry short,2018-11-14 07:15,C0|S|MKT|15|v0.3.0-tier0|SPY,242.91,100,24291,158,0.65,0,159,0.65,-12,-0.05,-2465,-2.46,4
1729,Exit long,2018-11-16 08:00,TX60,243.01,100,24252,49,0.20,0,109,0.45,-36,-0.15,-2416,-2.42,4
1729,Entry long,2018-11-16 07:00,C0|L|MKT|15|v0.3.0-tier0|SPY,242.52,100,24252,49,0.20,0,109,0.45,-36,-0.15,-2416,-2.42,4
1730,Exit short,2018-11-19 08:00,TX60,241.52,100,24237,85,0.35,0,174,0.72,-3,-0.01,-2331,-2.33,4
1730,Entry short,2018-11-19 07:00,C0|S|MKT|15|v0.3.0-tier0|SPY,242.37,100,24237,85,0.35,0,174,0.72,-3,-0.01,-2331,-2.33,4
1731,Exit short,2018-11-20 08:00,TX60,237.12,100,23535,-177,-0.75,0,115,0.49,-192,-0.82,-2508,-2.51,4
1731,Entry short,2018-11-20 07:00,C0|S|MKT|15|v0.3.0-tier0|SPY,235.35,100,23535,-177,-0.75,0,115,0.49,-192,-0.82,-2508,-2.51,4
1732,Exit long,2018-11-21 08:30,TX60,237.28,100,23698,30,0.13,0,62,0.26,-70,-0.30,-2478,-2.48,4
1732,Entry long,2018-11-21 07:30,C0|L|MKT|15|v0.3.0-tier0|SPY,236.98,100,23698,30,0.13,0,62,0.26,-70,-0.30,-2478,-2.48,4
1733,Exit long,2018-11-23 08:00,TX60,234.96,100,23488,8,0.03,0,28,0.12,-58,-0.25,-2470,-2.47,4
1733,Entry long,2018-11-23 07:00,C0|L|MKT|15|v0.3.0-tier0|SPY,234.88,100,23488,8,0.03,0,28,0.12,-58,-0.25,-2470,-2.47,4
1734,Exit long,2018-11-26 08:00,TX60,237.52,100,23760,-8,-0.03,0,8,0.03,-73,-0.31,-2478,-2.48,4
1734,Entry long,2018-11-26 07:00,C0|L|MKT|15|v0.3.0-tier0|SPY,237.6,100,23760,-8,-0.03,0,8,0.03,-73,-0.31,-2478,-2.48,4
1735,Exit long,2018-11-27 08:15,TX60,237.95,100,23794,1,0.00,0,43,0.18,-88,-0.37,-2477,-2.48,4
1735,Entry long,2018-11-27 07:15,C0|L|MKT|15|v0.3.0-tier0|SPY,237.94,100,23794,1,0.00,0,43,0.18,-88,-0.37,-2477,-2.48,4
1736,Exit short,2018-11-28 08:00,TX60,239.25,100,23954,29,0.12,0,71,0.30,-28,-0.12,-2448,-2.45,4
1736,Entry short,2018-11-28 07:00,C0|S|MKT|15|v0.3.0-tier0|SPY,239.54,100,23954,29,0.12,0,71,0.30,-28,-0.12,-2448,-2.45,4
1737,Exit short,2018-11-29 08:30,TX60,243.24,100,24285,-39,-0.16,0,56,0.23,-95,-0.39,-2487,-2.49,4
1737,Entry short,2018-11-29 07:30,C0|S|MKT|15|v0.3.0-tier0|SPY,242.85,100,24285,-39,-0.16,0,56,0.23,-95,-0.39,-2487,-2.49,4
1738,Exit long,2018-11-30 08:00,TX60,244.11,100,24385,26,0.11,0,71,0.29,-21,-0.09,-2461,-2.46,4
1738,Entry long,2018-11-30 07:00,C0|L|MKT|15|v0.3.0-tier0|SPY,243.85,100,24385,26,0.11,0,71,0.29,-21,-0.09,-2461,-2.46,4
1739,Exit short,2018-12-03 08:00,TX60,247.41,100,24808,67,0.27,0,81,0.33,-72,-0.29,-2394,-2.39,4
1739,Entry short,2018-12-03 07:00,C0|S|MKT|15|v0.3.0-tier0|SPY,248.08,100,24808,67,0.27,0,81,0.33,-72,-0.29,-2394,-2.39,4
1740,Exit short,2018-12-04 08:00,TX60,246.57,100,24703,46,0.19,0,59,0.24,-20,-0.08,-2348,-2.35,4
1740,Entry short,2018-12-04 07:00,C0|S|MKT|15|v0.3.0-tier0|SPY,247.03,100,24703,46,0.19,0,59,0.24,-20,-0.08,-2348,-2.35,4
1741,Exit short,2018-12-06 08:00,TX60,235.02,100,23575,73,0.31,0,88,0.37,-93,-0.39,-2275,-2.27,4
1741,Entry short,2018-12-06 07:00,C0|S|MKT|15|v0.3.0-tier0|SPY,235.75,100,23575,73,0.31,0,88,0.37,-93,-0.39,-2275,-2.27,4
1742,Exit short,2018-12-07 08:15,TX60,236.88,100,23942,254,1.06,0,254,1.06,0,0.00,-2021,-2.02,4
1742,Entry short,2018-12-07 07:15,C0|S|MKT|15|v0.3.0-tier0|SPY,239.42,100,23942,254,1.06,0,254,1.06,0,0.00,-2021,-2.02,4
1743,Exit short,2018-12-10 08:00,TX60,231.67,100,23272,105,0.45,0,135,0.58,-142,-0.61,-1916,-1.92,4
1743,Entry short,2018-12-10 07:00,C0|S|MKT|15|v0.3.0-tier0|SPY,232.72,100,23272,105,0.45,0,135,0.58,-142,-0.61,-1916,-1.92,4
1744,Exit short,2018-12-11 08:00,TX60,236.94,100,23759,65,0.27,0,102,0.43,-62,-0.26,-1851,-1.85,4
1744,Entry short,2018-12-11 07:00,C0|S|MKT|15|v0.3.0-tier0|SPY,237.59,100,23759,65,0.27,0,102,0.43,-62,-0.26,-1851,-1.85,4
1745,Exit long,2018-12-12 08:15,TX60,238.37,100,23823,14,0.06,0,43,0.18,-95,-0.40,-1837,-1.84,4
1745,Entry long,2018-12-12 07:15,C0|L|MKT|15|v0.3.0-tier0|SPY,238.23,100,23823,14,0.06,0,43,0.18,-95,-0.40,-1837,-1.84,4
1746,Exit short,2018-12-13 08:00,TX60,236.42,100,23636,-6,-0.03,0,68,0.29,-154,-0.65,-1843,-1.84,4
1746,Entry short,2018-12-13 07:00,C0|S|MKT|15|v0.3.0-tier0|SPY,236.36,100,23636,-6,-0.03,0,68,0.29,-154,-0.65,-1843,-1.84,4
1747,Exit long,2018-12-14 08:00,TX60,233.94,100,23447,-53,-0.23,0,35,0.15,-110,-0.47,-1896,-1.90,4
1747,Entry long,2018-12-14 07:00,C0|L|MKT|15|v0.3.0-tier0|SPY,234.47,100,23447,-53,-0.23,0,35,0.15,-110,-0.47,-1896,-1.90,4
1748,Exit long,2018-12-18 08:00,TX60,228.23,100,22926,-103,-0.45,0,7,0.03,-132,-0.58,-1999,-2.00,4
1748,Entry long,2018-12-18 07:00,C0|L|MKT|15|v0.3.0-tier0|SPY,229.26,100,22926,-103,-0.45,0,7,0.03,-132,-0.58,-1999,-2.00,4
1749,Exit long,2018-12-19 08:00,TX60,229.13,100,22849,64,0.28,0,75,0.33,-3,-0.01,-1935,-1.93,4
1749,Entry long,2018-12-19 07:00,C0|L|MKT|15|v0.3.0-tier0|SPY,228.49,100,22849,64,0.28,0,75,0.33,-3,-0.01,-1935,-1.93,4
1750,Exit long,2018-12-20 08:15,TX60,222.31,100,22334,-103,-0.46,0,37,0.17,-124,-0.56,-2038,-2.04,4
1750,Entry long,2018-12-20 07:15,C0|L|MKT|15|v0.3.0-tier0|SPY,223.34,100,22334,-103,-0.46,0,37,0.17,-124,-0.56,-2038,-2.04,4
1751,Exit long,2018-12-21 08:15,TX60,219.59,100,22222,-263,-1.18,0,116,0.52,-303,-1.36,-2301,-2.30,4
1751,Entry long,2018-12-21 07:15,C0|L|MKT|15|v0.3.0-tier0|SPY,222.22,100,22222,-263,-1.18,0,116,0.52,-303,-1.36,-2301,-2.30,4
1752,Exit short,2018-12-24 08:00,TX60,213.5,100,21235,-115,-0.54,0,132,0.62,-261,-1.23,-2416,-2.42,4
1752,Entry short,2018-12-24 07:00,C0|S|MKT|15|v0.3.0-tier0|SPY,212.35,100,21235,-115,-0.54,0,132,0.62,-261,-1.23,-2416,-2.42,4
1753,Exit short,2018-12-26 08:00,TX60,209.43,100,21075,132,0.63,0,163,0.77,-32,-0.15,-2284,-2.28,4
1753,Entry short,2018-12-26 07:00,C0|S|MKT|15|v0.3.0-tier0|SPY,210.75,100,21075,132,0.63,0,163,0.77,-32,-0.15,-2284,-2.28,4
1754,Exit short,2018-12-27 08:00,TX60,216.16,100,21647,31,0.14,0,134,0.62,-87,-0.40,-2253,-2.25,4
1754,Entry short,2018-12-27 07:00,C0|S|MKT|15|v0.3.0-tier0|SPY,216.47,100,21647,31,0.14,0,134,0.62,-87,-0.40,-2253,-2.25,4
1755,Exit short,2018-12-28 08:30,TX60,221.92,100,22151,-41,-0.19,0,104,0.47,-82,-0.37,-2294,-2.29,4
1755,Entry short,2018-12-28 07:30,C0|S|MKT|15|v0.3.0-tier0|SPY,221.51,100,22151,-41,-0.19,0,104,0.47,-82,-0.37,-2294,-2.29,4
1756,Exit short,2018-12-31 08:15,TX60,222.04,100,22285,81,0.36,0,95,0.43,-21,-0.09,-2213,-2.21,4
1756,Entry short,2018-12-31 07:15,C0|S|MKT|15|v0.3.0-tier0|SPY,222.85,100,22285,81,0.36,0,95,0.43,-21,-0.09,-2213,-2.21,4
1757,Exit long,2019-01-02 08:00,TX60,222.63,100,22112,151,0.68,0,177,0.80,-49,-0.22,-2062,-2.06,4
1757,Entry long,2019-01-02 07:00,C0|L|MKT|15|v0.3.0-tier0|SPY,221.12,100,22112,151,0.68,0,177,0.80,-49,-0.22,-2062,-2.06,4
1758,Exit short,2019-01-03 08:00,TX60,219.49,100,22112,163,0.74,0,281,1.27,-2,-0.01,-1899,-1.90,4
1758,Entry short,2019-01-03 07:00,C0|S|MKT|15|v0.3.0-tier0|SPY,221.12,100,22112,163,0.74,0,281,1.27,-2,-0.01,-1899,-1.90,4
1759,Exit long,2019-01-04 08:00,TX60,224.57,100,22284,173,0.78,0,200,0.90,-96,-0.43,-1726,-1.73,4
1759,Entry long,2019-01-04 07:00,C0|L|MKT|15|v0.3.0-tier0|SPY,222.84,100,22284,173,0.78,0,200,0.90,-96,-0.43,-1726,-1.73,4
1760,Exit long,2019-01-07 08:30,TX60,227.28,100,22629,99,0.44,0,123,0.54,0,0.00,-1627,-1.63,4
1760,Entry long,2019-01-07 07:30,C0|L|MKT|15|v0.3.0-tier0|SPY,226.29,100,22629,99,0.44,0,123,0.54,0,0.00,-1627,-1.63,4
1761,Exit short,2019-01-08 08:00,TX60,227.66,100,22921,155,0.68,0,199,0.87,-42,-0.18,-1472,-1.47,4
1761,Entry short,2019-01-08 07:00,C0|S|MKT|15|v0.3.0-tier0|SPY,229.21,100,22921,155,0.68,0,199,0.87,-42,-0.18,-1472,-1.47,4
1762,Exit long,2019-01-09 08:00,TX60,229.86,100,23086,-100,-0.43,0,20,0.09,-168,-0.73,-1572,-1.57,4
1762,Entry long,2019-01-09 07:00,C0|L|MKT|15|v0.3.0-tier0|SPY,230.86,100,23086,-100,-0.43,0,20,0.09,-168,-0.73,-1572,-1.57,4
1763,Exit long,2019-01-10 08:30,TX60,230.44,100,23000,44,0.19,0,84,0.37,-17,-0.07,-1528,-1.53,4
1763,Entry long,2019-01-10 07:30,C0|L|MKT|15|v0.3.0-tier0|SPY,230,100,23000,44,0.19,0,84,0.37,-17,-0.07,-1528,-1.53,4
1764,Exit short,2019-01-11 08:30,TX60,230.8,100,23009,-71,-0.31,0,12,0.05,-95,-0.41,-1599,-1.60,4
1764,Entry short,2019-01-11 07:30,C0|S|MKT|15|v0.3.0-tier0|SPY,230.09,100,23009,-71,-0.31,0,12,0.05,-95,-0.41,-1599,-1.60,4
1765,Exit long,2019-01-14 08:15,TX60,230.49,100,23051,-2,-0.01,0,38,0.16,-31,-0.13,-1601,-1.60,4
1765,Entry long,2019-01-14 07:15,C0|L|MKT|15|v0.3.0-tier0|SPY,230.51,100,23051,-2,-0.01,0,38,0.16,-31,-0.13,-1601,-1.60,4
1766,Exit long,2019-01-16 08:00,TX60,233.67,100,23386,-19,-0.08,0,28,0.12,-73,-0.31,-1620,-1.62,4
1766,Entry long,2019-01-16 07:00,C0|L|MKT|15|v0.3.0-tier0|SPY,233.86,100,23386,-19,-0.08,0,28,0.12,-73,-0.31,-1620,-1.62,4
1767,Exit long,2019-01-17 08:00,TX60,233.58,100,23353,5,0.02,0,19,0.08,-45,-0.19,-1615,-1.62,4
1767,Entry long,2019-01-17 07:00,C0|L|MKT|15|v0.3.0-tier0|SPY,233.53,100,23353,5,0.02,0,19,0.08,-45,-0.19,-1615,-1.62,4
1768,Exit short,2019-01-22 08:00,TX60,235.96,100,23653,57,0.24,0,77,0.33,0,0.00,-1558,-1.56,4
1768,Entry short,2019-01-22 07:00,C0|S|MKT|15|v0.3.0-tier0|SPY,236.53,100,23653,57,0.24,0,77,0.33,0,0.00,-1558,-1.56,4
1769,Exit short,2019-01-23 08:30,TX60,234.75,100,23576,101,0.43,0,135,0.57,-14,-0.06,-1457,-1.46,4
1769,Entry short,2019-01-23 07:30,C0|S|MKT|15|v0.3.0-tier0|SPY,235.76,100,23576,101,0.43,0,135,0.57,-14,-0.06,-1457,-1.46,4
1770,Exit long,2019-01-24 08:15,TX60,235.24,100,23590,-66,-0.28,0,43,0.18,-78,-0.33,-1523,-1.52,4
1770,Entry long,2019-01-24 07:15,C0|L|MKT|15|v0.3.0-tier0|SPY,235.9,100,23590,-66,-0.28,0,43,0.18,-78,-0.33,-1523,-1.52,4
1771,Exit long,2019-01-25 08:00,TX60,238.3,100,23769,61,0.26,0,82,0.34,-1,0.00,-1462,-1.46,4
1771,Entry long,2019-01-25 07:00,C0|L|MKT|15|v0.3.0-tier0|SPY,237.69,100,23769,61,0.26,0,82,0.34,-1,0.00,-1462,-1.46,4
1772,Exit short,2019-01-28 08:15,TX60,235.37,100,23478,-59,-0.25,0,8,0.03,-93,-0.40,-1521,-1.52,4
1772,Entry short,2019-01-28 07:15,C0|S|MKT|15|v0.3.0-tier0|SPY,234.78,100,23478,-59,-0.25,0,8,0.03,-93,-0.40,-1521,-1.52,4
1773,Exit long,2019-01-29 08:00,TX60,235.03,100,23635,-132,-0.56,0,30,0.13,-153,-0.65,-1653,-1.65,4
1773,Entry long,2019-01-29 07:00,C0|L|MKT|15|v0.3.0-tier0|SPY,236.35,100,23635,-132,-0.56,0,30,0.13,-153,-0.65,-1653,-1.65,4
1774,Exit short,2019-01-30 08:00,TX60,236.95,100,23666,-29,-0.12,0,27,0.11,-47,-0.20,-1682,-1.68,4
1774,Entry short,2019-01-30 07:00,C0|S|MKT|15|v0.3.0-tier0|SPY,236.66,100,23666,-29,-0.12,0,27,0.11,-47,-0.20,-1682,-1.68,4
1775,Exit long,2019-01-31 08:00,TX60,240.65,100,23970,95,0.40,0,134,0.56,-6,-0.03,-1587,-1.59,4
1775,Entry long,2019-01-31 07:00,C0|L|MKT|15|v0.3.0-tier0|SPY,239.7,100,23970,95,0.40,0,134,0.56,-6,-0.03,-1587,-1.59,4
1776,Exit short,2019-02-01 08:00,TX60,241.65,100,24114,-51,-0.21,0,0,0.00,-147,-0.61,-1638,-1.64,4
1776,Entry short,2019-02-01 07:00,C0|S|MKT|15|v0.3.0-tier0|SPY,241.14,100,24114,-51,-0.21,0,0,0.00,-147,-0.61,-1638,-1.64,4
1777,Exit long,2019-02-05 08:00,TX60,244.45,100,24405,40,0.16,0,43,0.18,-26,-0.11,-1598,-1.60,4
1777,Entry long,2019-02-05 07:00,C0|L|MKT|15|v0.3.0-tier0|SPY,244.05,100,24405,40,0.16,0,43,0.18,-26,-0.11,-1598,-1.60,4
1778,Exit short,2019-02-06 08:15,TX60,244.16,100,24341,-75,-0.31,0,16,0.07,-102,-0.42,-1673,-1.67,4
1778,Entry short,2019-02-06 07:15,C0|S|MKT|15|v0.3.0-tier0|SPY,243.41,100,24341,-75,-0.31,0,16,0.07,-102,-0.42,-1673,-1.67,4
1779,Exit long,2019-02-07 08:30,TX60,240.93,100,24269,-176,-0.73,0,22,0.09,-190,-0.78,-1849,-1.85,4
1779,Entry long,2019-02-07 07:30,C0|L|MKT|15|v0.3.0-tier0|SPY,242.69,100,24269,-176,-0.73,0,22,0.09,-190,-0.78,-1849,-1.85,4
1780,Exit short,2019-02-08 08:00,TX60,240.03,100,24028,25,0.10,0,45,0.19,-48,-0.20,-1824,-1.82,4
1780,Entry short,2019-02-08 07:00,C0|S|MKT|15|v0.3.0-tier0|SPY,240.28,100,24028,25,0.10,0,45,0.19,-48,-0.20,-1824,-1.82,4
1781,Exit short,2019-02-11 08:00,TX60,242.14,100,24222,8,0.03,0,39,0.16,-33,-0.14,-1816,-1.82,4
1781,Entry short,2019-02-11 07:00,C0|S|MKT|15|v0.3.0-tier0|SPY,242.22,100,24222,8,0.03,0,39,0.16,-33,-0.14,-1816,-1.82,4
1782,Exit long,2019-02-12 08:00,TX60,244.72,100,24424,48,0.20,0,55,0.23,-27,-0.11,-1768,-1.77,4
1782,Entry long,2019-02-12 07:00,C0|L|MKT|15|v0.3.0-tier0|SPY,244.24,100,24424,48,0.20,0,55,0.23,-27,-0.11,-1768,-1.77,4
1783,Exit long,2019-02-14 08:15,TX60,244.93,100,24513,-20,-0.08,0,57,0.23,-54,-0.22,-1788,-1.79,4
1783,Entry long,2019-02-14 07:15,C0|L|MKT|15|v0.3.0-tier0|SPY,245.13,100,24513,-20,-0.08,0,57,0.23,-54,-0.22,-1788,-1.79,4
1784,Exit long,2019-02-19 08:00,TX60,248,100,24810,-10,-0.04,0,26,0.10,-26,-0.10,-1798,-1.80,4
1784,Entry long,2019-02-19 07:00,C0|L|MKT|15|v0.3.0-tier0|SPY,248.1,100,24810,-10,-0.04,0,26,0.10,-26,-0.10,-1798,-1.80,4
1785,Exit long,2019-02-20 08:00,TX60,248.8,100,24871,9,0.04,0,36,0.14,-24,-0.10,-1789,-1.79,4
1785,Entry long,2019-02-20 07:00,C0|L|MKT|15|v0.3.0-tier0|SPY,248.71,100,24871,9,0.04,0,36,0.14,-24,-0.10,-1789,-1.79,4
1786,Exit short,2019-02-21 08:00,TX60,247.94,100,24803,9,0.04,0,37,0.15,-21,-0.08,-1780,-1.78,4
1786,Entry short,2019-02-21 07:00,C0|S|MKT|15|v0.3.0-tier0|SPY,248.03,100,24803,9,0.04,0,37,0.15,-21,-0.08,-1780,-1.78,4
1787,Exit long,2019-02-22 08:00,TX60,249.35,100,24910,25,0.10,0,34,0.14,-18,-0.07,-1755,-1.75,4
1787,Entry long,2019-02-22 07:00,C0|L|MKT|15|v0.3.0-tier0|SPY,249.1,100,24910,25,0.10,0,34,0.14,-18,-0.07,-1755,-1.75,4
1788,Exit short,2019-02-25 08:00,TX60,251.55,100,25104,-51,-0.20,0,19,0.08,-58,-0.23,-1806,-1.81,4
1788,Entry short,2019-02-25 07:00,C0|S|MKT|15|v0.3.0-tier0|SPY,251.04,100,25104,-51,-0.20,0,19,0.08,-58,-0.23,-1806,-1.81,4
1789,Exit long,2019-02-26 08:15,TX60,250.42,100,25024,18,0.07,0,21,0.08,-74,-0.30,-1788,-1.79,4
1789,Entry long,2019-02-26 07:15,C0|L|MKT|15|v0.3.0-tier0|SPY,250.24,100,25024,18,0.07,0,21,0.08,-74,-0.30,-1788,-1.79,4
1790,Exit short,2019-02-27 08:15,TX60,248.96,100,24858,-38,-0.15,0,34,0.14,-51,-0.21,-1826,-1.83,4
1790,Entry short,2019-02-27 07:15,C0|S|MKT|15|v0.3.0-tier0|SPY,248.58,100,24858,-38,-0.15,0,34,0.14,-51,-0.21,-1826,-1.83,4
1791,Exit short,2019-03-01 08:15,TX60,249.97,100,25068,71,0.28,0,83,0.33,0,0.00,-1755,-1.75,4
1791,Entry short,2019-03-01 07:15,C0|S|MKT|15|v0.3.0-tier0|SPY,250.68,100,25068,71,0.28,0,83,0.33,0,0.00,-1755,-1.75,4
1792,Exit short,2019-03-04 08:15,TX60,250.7,100,25158,88,0.35,0,102,0.41,-34,-0.14,-1667,-1.67,4
1792,Entry short,2019-03-04 07:15,C0|S|MKT|15|v0.3.0-tier0|SPY,251.58,100,25158,88,0.35,0,102,0.41,-34,-0.14,-1667,-1.67,4
1793,Exit short,2019-03-05 08:00,TX60,249.45,100,24934,-11,-0.04,0,15,0.06,-61,-0.24,-1678,-1.68,4
1793,Entry short,2019-03-05 07:00,C0|S|MKT|15|v0.3.0-tier0|SPY,249.34,100,24934,-11,-0.04,0,15,0.06,-61,-0.24,-1678,-1.68,4
1794,Exit short,2019-03-06 08:00,TX60,248.82,100,24917,35,0.14,0,76,0.31,-17,-0.07,-1643,-1.64,4
1794,Entry short,2019-03-06 07:00,C0|S|MKT|15|v0.3.0-tier0|SPY,249.17,100,24917,35,0.14,0,76,0.31,-17,-0.07,-1643,-1.64,4
1795,Exit short,2019-03-07 08:00,TX60,246.26,100,24625,-1,0.00,0,81,0.33,-18,-0.07,-1644,-1.64,4
1795,Entry short,2019-03-07 07:00,C0|S|MKT|15|v0.3.0-tier0|SPY,246.25,100,24625,-1,0.00,0,81,0.33,-18,-0.07,-1644,-1.64,4
1796,Exit long,2019-03-11 08:00,TX60,248.03,100,24716,87,0.35,0,90,0.36,-3,-0.01,-1557,-1.56,4
1796,Entry long,2019-03-11 07:00,C0|L|MKT|15|v0.3.0-tier0|SPY,247.16,100,24716,87,0.35,0,90,0.36,-3,-0.01,-1557,-1.56,4
1797,Exit long,2019-03-12 08:30,TX60,249.91,100,25015,-24,-0.10,0,32,0.13,-38,-0.15,-1581,-1.58,4
1797,Entry long,2019-03-12 07:30,C0|L|MKT|15|v0.3.0-tier0|SPY,250.15,100,25015,-24,-0.10,0,32,0.13,-38,-0.15,-1581,-1.58,4
1798,Exit long,2019-03-13 08:00,TX60,251.67,100,25126,41,0.16,0,49,0.20,-6,-0.02,-1540,-1.54,4
1798,Entry long,2019-03-13 07:00,C0|L|MKT|15|v0.3.0-tier0|SPY,251.26,100,25126,41,0.16,0,49,0.20,-6,-0.02,-1540,-1.54,4
1799,Exit short,2019-03-14 08:15,TX60,251.74,100,25121,-53,-0.21,0,0,0.00,-55,-0.22,-1593,-1.59,4
1799,Entry short,2019-03-14 07:15,C0|S|MKT|15|v0.3.0-tier0|SPY,251.21,100,25121,-53,-0.21,0,0,0.00,-55,-0.22,-1593,-1.59,4
1800,Exit long,2019-03-15 08:00,TX60,252.15,100,25233,-18,-0.07,0,6,0.02,-45,-0.18,-1611,-1.61,4
1800,Entry long,2019-03-15 07:00,C0|L|MKT|15|v0.3.0-tier0|SPY,252.33,100,25233,-18,-0.07,0,6,0.02,-45,-0.18,-1611,-1.61,4
1801,Exit long,2019-03-18 08:00,TX60,253.83,100,25378,5,0.02,0,19,0.07,-33,-0.13,-1606,-1.61,4
1801,Entry long,2019-03-18 07:00,C0|L|MKT|15|v0.3.0-tier0|SPY,253.78,100,25378,5,0.02,0,19,0.07,-33,-0.13,-1606,-1.61,4
1802,Exit short,2019-03-19 08:00,TX60,254.29,100,25443,14,0.06,0,17,0.07,-56,-0.22,-1592,-1.59,4
1802,Entry short,2019-03-19 07:00,C0|S|MKT|15|v0.3.0-tier0|SPY,254.43,100,25443,14,0.06,0,17,0.07,-56,-0.22,-1592,-1.59,4
1803,Exit short,2019-03-20 08:00,TX60,253.07,100,25275,-32,-0.13,0,19,0.08,-44,-0.17,-1624,-1.62,4
1803,Entry short,2019-03-20 07:00,C0|S|MKT|15|v0.3.0-tier0|SPY,252.75,100,25275,-32,-0.13,0,19,0.08,-44,-0.17,-1624,-1.62,4
1804,Exit long,2019-03-21 08:00,TX60,254.4,100,25349,91,0.36,0,91,0.36,-2,-0.01,-1533,-1.53,4
1804,Entry long,2019-03-21 07:00,C0|L|MKT|15|v0.3.0-tier0|SPY,253.49,100,25349,91,0.36,0,91,0.36,-2,-0.01,-1533,-1.53,4
1805,Exit short,2019-03-22 08:00,TX60,252.88,100,25332,44,0.17,0,47,0.19,-96,-0.38,-1489,-1.49,4
1805,Entry short,2019-03-22 07:00,C0|S|MKT|15|v0.3.0-tier0|SPY,253.32,100,25332,44,0.17,0,47,0.19,-96,-0.38,-1489,-1.49,4
1806,Exit short,2019-03-25 08:00,TX60,251.01,100,24979,-122,-0.49,0,25,0.10,-143,-0.57,-1611,-1.61,4
1806,Entry short,2019-03-25 07:00,C0|S|MKT|15|v0.3.0-tier0|SPY,249.79,100,24979,-122,-0.49,0,25,0.10,-143,-0.57,-1611,-1.61,4
1807,Exit long,2019-03-26 08:00,TX60,253.46,100,25336,10,0.04,0,17,0.07,-66,-0.26,-1601,-1.60,4
1807,Entry long,2019-03-26 07:00,C0|L|MKT|15|v0.3.0-tier0|SPY,253.36,100,25336,10,0.04,0,17,0.07,-66,-0.26,-1601,-1.60,4
1808,Exit short,2019-03-27 08:00,TX60,251.67,100,25219,52,0.21,0,80,0.32,-79,-0.31,-1549,-1.55,4
1808,Entry short,2019-03-27 07:00,C0|S|MKT|15|v0.3.0-tier0|SPY,252.19,100,25219,52,0.21,0,80,0.32,-79,-0.31,-1549,-1.55,4
1809,Exit long,2019-03-28 08:15,TX60,251.62,100,25237,-75,-0.30,0,29,0.11,-96,-0.38,-1624,-1.62,4
1809,Entry long,2019-03-28 07:15,C0|L|MKT|15|v0.3.0-tier0|SPY,252.37,100,25237,-75,-0.30,0,29,0.11,-96,-0.38,-1624,-1.62,4
1810,Exit short,2019-04-03 08:15,TX60,258.3,100,25762,-68,-0.26,0,3,0.01,-92,-0.36,-1692,-1.69,4
1810,Entry short,2019-04-03 07:15,C0|S|MKT|15|v0.3.0-tier0|SPY,257.62,100,25762,-68,-0.26,0,3,0.01,-92,-0.36,-1692,-1.69,4
1811,Exit long,2019-04-04 08:00,TX60,257.89,100,25817,-28,-0.11,0,9,0.03,-84,-0.33,-1720,-1.72,4
1811,Entry long,2019-04-04 07:00,C0|L|MKT|15|v0.3.0-tier0|SPY,258.17,100,25817,-28,-0.11,0,9,0.03,-84,-0.33,-1720,-1.72,4
1812,Exit long,2019-04-05 08:00,TX60,259.02,100,25894,8,0.03,0,32,0.12,-9,-0.03,-1712,-1.71,4
1812,Entry long,2019-04-05 07:00,C0|L|MKT|15|v0.3.0-tier0|SPY,258.94,100,25894,8,0.03,0,32,0.12,-9,-0.03,-1712,-1.71,4
1813,Exit short,2019-04-10 08:15,TX60,258.6,100,25831,-29,-0.11,0,14,0.05,-39,-0.15,-1741,-1.74,4
1813,Entry short,2019-04-10 07:15,C0|S|MKT|15|v0.3.0-tier0|SPY,258.31,100,25831,-29,-0.11,0,14,0.05,-39,-0.15,-1741,-1.74,4
1814,Exit short,2019-04-15 08:00,TX60,260.04,100,26041,37,0.14,0,67,0.26,-11,-0.04,-1704,-1.70,4
1814,Entry short,2019-04-15 07:00,C0|S|MKT|15|v0.3.0-tier0|SPY,260.41,100,26041,37,0.14,0,67,0.26,-11,-0.04,-1704,-1.70,4
1815,Exit short,2019-04-16 08:00,TX60,260.84,100,26116,32,0.12,0,41,0.16,-15,-0.06,-1672,-1.67,4
1815,Entry short,2019-04-16 07:00,C0|S|MKT|15|v0.3.0-tier0|SPY,261.16,100,26116,32,0.12,0,41,0.16,-15,-0.06,-1672,-1.67,4
1816,Exit short,2019-04-17 08:00,TX60,260.42,100,26068,26,0.10,0,49,0.19,-16,-0.06,-1646,-1.65,4
1816,Entry short,2019-04-17 07:00,C0|S|MKT|15|v0.3.0-tier0|SPY,260.68,100,26068,26,0.10,0,49,0.19,-16,-0.06,-1646,-1.65,4
1817,Exit short,2019-04-18 08:00,TX60,259.97,100,26004,7,0.03,0,67,0.26,-4,-0.02,-1639,-1.64,4
1817,Entry short,2019-04-18 07:00,C0|S|MKT|15|v0.3.0-tier0|SPY,260.04,100,26004,7,0.03,0,67,0.26,-4,-0.02,-1639,-1.64,4
1818,Exit long,2019-04-22 08:00,TX60,260.55,100,26046,9,0.03,0,17,0.07,-30,-0.12,-1630,-1.63,4
1818,Entry long,2019-04-22 07:00,C0|L|MKT|15|v0.3.0-tier0|SPY,260.46,100,26046,9,0.03,0,17,0.07,-30,-0.12,-1630,-1.63,4
1819,Exit long,2019-04-23 08:15,TX60,262.36,100,26183,53,0.20,0,53,0.20,-22,-0.08,-1577,-1.58,4
1819,Entry long,2019-04-23 07:15,C0|L|MKT|15|v0.3.0-tier0|SPY,261.83,100,26183,53,0.20,0,53,0.20,-22,-0.08,-1577,-1.58,4
1820,Exit long,2019-04-24 08:30,TX60,263.18,100,26318,0,0.00,0,22,0.08,-19,-0.07,-1577,-1.58,4
1820,Entry long,2019-04-24 07:30,C0|L|MKT|15|v0.3.0-tier0|SPY,263.18,100,26318,0,0.00,0,22,0.08,-19,-0.07,-1577,-1.58,4
1821,Exit short,2019-04-25 08:15,TX60,262.23,100,26150,-73,-0.28,0,27,0.10,-81,-0.31,-1650,-1.65,4
1821,Entry short,2019-04-25 07:15,C0|S|MKT|15|v0.3.0-tier0|SPY,261.5,100,26150,-73,-0.28,0,27,0.10,-81,-0.31,-1650,-1.65,4
1822,Exit short,2019-04-30 08:30,TX60,262.78,100,26324,46,0.17,0,94,0.36,-27,-0.10,-1604,-1.60,4
1822,Entry short,2019-04-30 07:30,C0|S|MKT|15|v0.3.0-tier0|SPY,263.24,100,26324,46,0.17,0,94,0.36,-27,-0.10,-1604,-1.60,4
1823,Exit short,2019-05-01 08:30,TX60,264.56,100,26435,-21,-0.08,0,5,0.02,-31,-0.12,-1625,-1.62,4
1823,Entry short,2019-05-01 07:30,C0|S|MKT|15|v0.3.0-tier0|SPY,264.35,100,26435,-21,-0.08,0,5,0.02,-31,-0.12,-1625,-1.62,4
1824,Exit long,2019-05-02 08:00,TX60,262.03,100,26252,-49,-0.19,0,47,0.18,-50,-0.19,-1674,-1.67,4
1824,Entry long,2019-05-02 07:00,C0|L|MKT|15|v0.3.0-tier0|SPY,262.52,100,26252,-49,-0.19,0,47,0.18,-50,-0.19,-1674,-1.67,4
1825,Exit long,2019-05-06 08:00,TX60,261.92,100,26140,52,0.20,0,63,0.24,-43,-0.16,-1622,-1.62,4
1825,Entry long,2019-05-06 07:00,C0|L|MKT|15|v0.3.0-tier0|SPY,261.4,100,26140,52,0.20,0,63,0.24,-43,-0.16,-1622,-1.62,4
1826,Exit short,2019-05-07 08:00,TX60,259.19,100,26040,121,0.46,0,138,0.53,0,0.00,-1501,-1.50,4
1826,Entry short,2019-05-07 07:00,C0|S|MKT|15|v0.3.0-tier0|SPY,260.4,100,26040,121,0.46,0,138,0.53,0,0.00,-1501,-1.50,4
1827,Exit long,2019-05-08 08:00,TX60,259.42,100,25878,64,0.25,0,67,0.26,-67,-0.26,-1437,-1.44,4
1827,Entry long,2019-05-08 07:00,C0|L|MKT|15|v0.3.0-tier0|SPY,258.78,100,25878,64,0.25,0,67,0.26,-67,-0.26,-1437,-1.44,4
1828,Exit short,2019-05-09 08:00,TX60,254.87,100,25567,80,0.31,0,107,0.42,0,0.00,-1357,-1.36,4
1828,Entry short,2019-05-09 07:00,C0|S|MKT|15|v0.3.0-tier0|SPY,255.67,100,25567,80,0.31,0,107,0.42,0,0.00,-1357,-1.36,4
1829,Exit short,2019-05-10 08:15,TX60,254.34,100,25573,139,0.54,0,208,0.81,-1,0.00,-1218,-1.22,4
1829,Entry short,2019-05-10 07:15,C0|S|MKT|15|v0.3.0-tier0|SPY,255.73,100,25573,139,0.54,0,208,0.81,-1,0.00,-1218,-1.22,4
1830,Exit short,2019-05-13 08:00,TX60,253.27,100,25352,25,0.10,0,97,0.38,-34,-0.13,-1193,-1.19,4
1830,Entry short,2019-05-13 07:00,C0|S|MKT|15|v0.3.0-tier0|SPY,253.52,100,25352,25,0.10,0,97,0.38,-34,-0.13,-1193,-1.19,4
1831,Exit long,2019-05-14 08:15,TX60,254.99,100,25423,76,0.30,0,78,0.31,-5,-0.02,-1117,-1.12,4
1831,Entry long,2019-05-14 07:15,C0|L|MKT|15|v0.3.0-tier0|SPY,254.23,100,25423,76,0.30,0,78,0.31,-5,-0.02,-1117,-1.12,4
1832,Exit long,2019-05-15 08:00,TX60,255.45,100,25362,183,0.72,0,202,0.80,-36,-0.14,-934,-0.93,4
1832,Entry long,2019-05-15 07:00,C0|L|MKT|15|v0.3.0-tier0|SPY,253.62,100,25362,183,0.72,0,202,0.80,-36,-0.14,-934,-0.93,4
1833,Exit long,2019-05-16 08:00,TX60,259.26,100,25844,82,0.32,0,85,0.33,-4,-0.02,-852,-0.85,4
1833,Entry long,2019-05-16 07:00,C0|L|MKT|15|v0.3.0-tier0|SPY,258.44,100,25844,82,0.32,0,85,0.33,-4,-0.02,-852,-0.85,4
1834,Exit long,2019-05-17 08:30,TX60,258.86,100,25780,106,0.41,0,151,0.59,-31,-0.12,-746,-0.75,4
1834,Entry long,2019-05-17 07:30,C0|L|MKT|15|v0.3.0-tier0|SPY,257.8,100,25780,106,0.41,0,151,0.59,-31,-0.12,-746,-0.75,4
1835,Exit long,2019-05-20 08:00,TX60,256.26,100,25562,64,0.25,0,83,0.32,-38,-0.15,-682,-0.68,4
1835,Entry long,2019-05-20 07:00,C0|L|MKT|15|v0.3.0-tier0|SPY,255.62,100,25562,64,0.25,0,83,0.32,-38,-0.15,-682,-0.68,4
1836,Exit long,2019-05-22 08:00,TX60,256.63,100,25698,-35,-0.14,0,60,0.23,-56,-0.22,-717,-0.72,4
1836,Entry long,2019-05-22 07:00,C0|L|MKT|15|v0.3.0-tier0|SPY,256.98,100,25698,-35,-0.14,0,60,0.23,-56,-0.22,-717,-0.72,4
1837,Exit short,2019-05-23 08:00,TX60,253.97,100,25341,-56,-0.22,0,44,0.17,-76,-0.30,-773,-0.77,4
1837,Entry short,2019-05-23 07:00,C0|S|MKT|15|v0.3.0-tier0|SPY,253.41,100,25341,-56,-0.22,0,44,0.17,-76,-0.30,-773,-0.77,4
1838,Exit short,2019-05-24 08:00,TX60,253.7,100,25485,115,0.45,0,122,0.48,-18,-0.07,-658,-0.66,4
1838,Entry short,2019-05-24 07:00,C0|S|MKT|15|v0.3.0-tier0|SPY,254.85,100,25485,115,0.45,0,122,0.48,-18,-0.07,-658,-0.66,4
1839,Exit long,2019-05-29 08:30,TX60,249.57,100,25090,-133,-0.53,0,10,0.04,-142,-0.57,-791,-0.79,4
1839,Entry long,2019-05-29 07:30,C0|L|MKT|15|v0.3.0-tier0|SPY,250.9,100,25090,-133,-0.53,0,10,0.04,-142,-0.57,-791,-0.79,4
1840,Exit short,2019-06-03 08:00,TX60,248.27,100,24671,-156,-0.63,0,51,0.21,-177,-0.72,-947,-0.95,4
1840,Entry short,2019-06-03 07:00,C0|S|MKT|15|v0.3.0-tier0|SPY,246.71,100,24671,-156,-0.63,0,51,0.21,-177,-0.72,-947,-0.95,4
1841,Exit long,2019-06-04 08:30,TX60,250.65,100,24983,82,0.33,0,94,0.38,-54,-0.22,-865,-0.86,4
1841,Entry long,2019-06-04 07:30,C0|L|MKT|15|v0.3.0-tier0|SPY,249.83,100,24983,82,0.33,0,94,0.38,-54,-0.22,-865,-0.86,4
1842,Exit short,2019-06-05 08:15,TX60,252.63,100,25284,21,0.08,0,97,0.38,-24,-0.09,-844,-0.84,4
1842,Entry short,2019-06-05 07:15,C0|S|MKT|15|v0.3.0-tier0|SPY,252.84,100,25284,21,0.08,0,97,0.38,-24,-0.09,-844,-0.84,4
1843,Exit short,2019-06-06 08:30,TX60,254.96,100,25397,-99,-0.39,0,7,0.03,-105,-0.41,-943,-0.94,4
1843,Entry short,2019-06-06 07:30,C0|S|MKT|15|v0.3.0-tier0|SPY,253.97,100,25397,-99,-0.39,0,7,0.03,-105,-0.41,-943,-0.94,4
1844,Exit long,2019-06-07 08:00,TX60,259.43,100,25793,150,0.58,0,151,0.59,-5,-0.02,-793,-0.79,4
1844,Entry long,2019-06-07 07:00,C0|L|MKT|15|v0.3.0-tier0|SPY,257.93,100,25793,150,0.58,0,151,0.59,-5,-0.02,-793,-0.79,4
1845,Exit long,2019-06-10 08:15,TX60,260.77,100,26049,28,0.11,0,37,0.14,-20,-0.08,-765,-0.76,4
1845,Entry long,2019-06-10 07:15,C0|L|MKT|15|v0.3.0-tier0|SPY,260.49,100,26049,28,0.11,0,37,0.14,-20,-0.08,-765,-0.76,4
1846,Exit short,2019-06-11 08:15,TX60,260.34,100,26079,45,0.17,0,78,0.30,-28,-0.11,-720,-0.72,4
1846,Entry short,2019-06-11 07:15,C0|S|MKT|15|v0.3.0-tier0|SPY,260.79,100,26079,45,0.17,0,78,0.30,-28,-0.11,-720,-0.72,4
1847,Exit short,2019-06-12 08:30,TX60,259.05,100,25901,-4,-0.02,0,20,0.08,-52,-0.20,-724,-0.72,4
1847,Entry short,2019-06-12 07:30,C0|S|MKT|15|v0.3.0-tier0|SPY,259.01,100,25901,-4,-0.02,0,20,0.08,-52,-0.20,-724,-0.72,4
1848,Exit long,2019-06-17 08:00,TX60,260.59,100,26036,23,0.09,0,39,0.15,-17,-0.07,-701,-0.70,4
1848,Entry long,2019-06-17 07:00,C0|L|MKT|15|v0.3.0-tier0|SPY,260.36,100,26036,23,0.09,0,39,0.15,-17,-0.07,-701,-0.70,4
1849,Exit short,2019-06-20 08:30,TX60,264.81,100,26541,60,0.23,0,66,0.25,-7,-0.03,-641,-0.64,4
1849,Entry short,2019-06-20 07:30,C0|S|MKT|15|v0.3.0-tier0|SPY,265.41,100,26541,60,0.23,0,66,0.25,-7,-0.03,-641,-0.64,4
1850,Exit short,2019-06-24 08:00,TX60,265.62,100,26538,-24,-0.09,0,4,0.02,-59,-0.22,-665,-0.66,4
1850,Entry short,2019-06-24 07:00,C0|S|MKT|15|v0.3.0-tier0|SPY,265.38,100,26538,-24,-0.09,0,4,0.02,-59,-0.22,-665,-0.66,4
1851,Exit short,2019-06-26 08:00,TX60,263.26,100,26325,-1,0.00,0,46,0.17,-18,-0.07,-666,-0.67,4
1851,Entry short,2019-06-26 07:00,C0|S|MKT|15|v0.3.0-tier0|SPY,263.25,100,26325,-1,0.00,0,46,0.17,-18,-0.07,-666,-0.67,4
1852,Exit long,2019-06-27 08:00,TX60,263.23,100,26345,-22,-0.08,0,7,0.03,-47,-0.18,-688,-0.69,4
1852,Entry long,2019-06-27 07:00,C0|L|MKT|15|v0.3.0-tier0|SPY,263.45,100,26345,-22,-0.08,0,7,0.03,-47,-0.18,-688,-0.69,4
1853,Exit short,2019-06-28 08:00,TX60,263.92,100,26383,-9,-0.03,0,15,0.06,-23,-0.09,-697,-0.70,4
1853,Entry short,2019-06-28 07:00,C0|S|MKT|15|v0.3.0-tier0|SPY,263.83,100,26383,-9,-0.03,0,15,0.06,-23,-0.09,-697,-0.70,4
1854,Exit short,2019-07-01 08:00,TX60,267.02,100,26739,37,0.14,0,61,0.23,-32,-0.12,-660,-0.66,4
1854,Entry short,2019-07-01 07:00,C0|S|MKT|15|v0.3.0-tier0|SPY,267.39,100,26739,37,0.14,0,61,0.23,-32,-0.12,-660,-0.66,4
1855,Exit long,2019-07-02 08:30,TX60,266.89,100,26718,-29,-0.11,0,21,0.08,-33,-0.12,-689,-0.69,4
1855,Entry long,2019-07-02 07:30,C0|L|MKT|15|v0.3.0-tier0|SPY,267.18,100,26718,-29,-0.11,0,21,0.08,-33,-0.12,-689,-0.69,4
1856,Exit long,2019-07-03 08:30,TX60,268.9,100,26873,17,0.06,0,37,0.14,-3,-0.01,-672,-0.67,4
1856,Entry long,2019-07-03 07:30,C0|L|MKT|15|v0.3.0-tier0|SPY,268.73,100,26873,17,0.06,0,37,0.14,-3,-0.01,-672,-0.67,4
1857,Exit short,2019-07-05 08:00,TX60,267.8,100,26790,10,0.04,0,62,0.23,-34,-0.13,-662,-0.66,4
1857,Entry short,2019-07-05 07:00,C0|S|MKT|15|v0.3.0-tier0|SPY,267.9,100,26790,10,0.04,0,62,0.23,-34,-0.13,-662,-0.66,4
1858,Exit long,2019-07-08 08:15,TX60,268.14,100,26836,-22,-0.08,0,9,0.03,-65,-0.24,-684,-0.68,4
1858,Entry long,2019-07-08 07:15,C0|L|MKT|15|v0.3.0-tier0|SPY,268.36,100,26836,-22,-0.08,0,9,0.03,-65,-0.24,-684,-0.68,4
1859,Exit long,2019-07-09 08:30,TX60,267.8,100,26756,24,0.09,0,46,0.17,-2,-0.01,-660,-0.66,4
1859,Entry long,2019-07-09 07:30,C0|L|MKT|15|v0.3.0-tier0|SPY,267.56,100,26756,24,0.09,0,46,0.17,-2,-0.01,-660,-0.66,4
1860,Exit long,2019-07-10 08:00,TX60,269.34,100,27031,-97,-0.36,0,8,0.03,-100,-0.37,-757,-0.76,4
1860,Entry long,2019-07-10 07:00,C0|L|MKT|15|v0.3.0-tier0|SPY,270.31,100,27031,-97,-0.36,0,8,0.03,-100,-0.37,-757,-0.76,4
1861,Exit short,2019-07-11 08:30,TX60,270.24,100,26985,-39,-0.14,0,31,0.11,-46,-0.17,-796,-0.80,4
1861,Entry short,2019-07-11 07:30,C0|S|MKT|15|v0.3.0-tier0|SPY,269.85,100,26985,-39,-0.14,0,31,0.11,-46,-0.17,-796,-0.80,4
1862,Exit short,2019-07-17 08:00,TX60,269.68,100,27047,79,0.29,0,110,0.41,-9,-0.03,-717,-0.72,4
1862,Entry short,2019-07-17 07:00,C0|S|MKT|15|v0.3.0-tier0|SPY,270.47,100,27047,79,0.29,0,110,0.41,-9,-0.03,-717,-0.72,4
1863,Exit long,2019-07-18 08:15,TX60,268.62,100,26883,-21,-0.08,0,33,0.12,-21,-0.08,-738,-0.74,4
1863,Entry long,2019-07-18 07:15,C0|L|MKT|15|v0.3.0-tier0|SPY,268.83,100,26883,-21,-0.08,0,33,0.12,-21,-0.08,-738,-0.74,4
1864,Exit short,2019-07-19 08:00,TX60,270.1,100,27050,40,0.15,0,61,0.23,-14,-0.05,-698,-0.70,4
1864,Entry short,2019-07-19 07:00,C0|S|MKT|15|v0.3.0-tier0|SPY,270.5,100,27050,40,0.15,0,61,0.23,-14,-0.05,-698,-0.70,4
1865,Exit long,2019-07-22 08:00,TX60,268.42,100,26914,-72,-0.27,0,2,0.01,-93,-0.35,-770,-0.77,4
1865,Entry long,2019-07-22 07:00,C0|L|MKT|15|v0.3.0-tier0|SPY,269.14,100,26914,-72,-0.27,0,2,0.01,-93,-0.35,-770,-0.77,4
1866,Exit short,2019-07-23 08:00,TX60,269.81,100,26960,-21,-0.08,0,30,0.11,-35,-0.13,-791,-0.79,4
1866,Entry short,2019-07-23 07:00,C0|S|MKT|15|v0.3.0-tier0|SPY,269.6,100,26960,-21,-0.08,0,30,0.11,-35,-0.13,-791,-0.79,4
1867,Exit long,2019-07-24 08:00,TX60,271,100,27081,19,0.07,0,51,0.19,-6,-0.02,-772,-0.77,4
1867,Entry long,2019-07-24 07:00,C0|L|MKT|15|v0.3.0-tier0|SPY,270.81,100,27081,19,0.07,0,51,0.19,-6,-0.02,-772,-0.77,4
1868,Exit short,2019-07-25 08:00,TX60,271.42,100,27087,-55,-0.20,0,8,0.03,-78,-0.29,-827,-0.83,4
1868,Entry short,2019-07-25 07:00,C0|S|MKT|15|v0.3.0-tier0|SPY,270.87,100,27087,-55,-0.20,0,8,0.03,-78,-0.29,-827,-0.83,4
1869,Exit short,2019-07-29 08:00,TX60,272.03,100,27188,-15,-0.06,0,25,0.09,-29,-0.11,-842,-0.84,4
1869,Entry short,2019-07-29 07:00,C0|S|MKT|15|v0.3.0-tier0|SPY,271.88,100,27188,-15,-0.06,0,25,0.09,-29,-0.11,-842,-0.84,4
1870,Exit long,2019-07-30 08:00,TX60,271.41,100,27122,19,0.07,0,29,0.11,-22,-0.08,-823,-0.82,4
1870,Entry long,2019-07-30 07:00,C0|L|MKT|15|v0.3.0-tier0|SPY,271.22,100,27122,19,0.07,0,29,0.11,-22,-0.08,-823,-0.82,4
1871,Exit short,2019-07-31 08:30,TX60,271.7,100,27136,-34,-0.13,0,22,0.08,-47,-0.17,-857,-0.86,4
1871,Entry short,2019-07-31 07:30,C0|S|MKT|15|v0.3.0-tier0|SPY,271.36,100,27136,-34,-0.13,0,22,0.08,-47,-0.17,-857,-0.86,4
1872,Exit long,2019-08-01 08:00,TX60,271.1,100,26966,144,0.53,0,146,0.54,-28,-0.10,-713,-0.71,4
1872,Entry long,2019-08-01 07:00,C0|L|MKT|15|v0.3.0-tier0|SPY,269.66,100,26966,144,0.53,0,146,0.54,-28,-0.10,-713,-0.71,4
1873,Exit short,2019-08-02 08:00,TX60,262.77,100,26450,173,0.65,0,177,0.67,-32,-0.12,-540,-0.54,4
1873,Entry short,2019-08-02 07:00,C0|S|MKT|15|v0.3.0-tier0|SPY,264.5,100,26450,173,0.65,0,177,0.67,-32,-0.12,-540,-0.54,4
1874,Exit short,2019-08-05 08:15,TX60,259.28,100,25900,-28,-0.11,0,102,0.39,-43,-0.17,-568,-0.57,4
1874,Entry short,2019-08-05 07:15,C0|S|MKT|15|v0.3.0-tier0|SPY,259,100,25900,-28,-0.11,0,102,0.39,-43,-0.17,-568,-0.57,4
1875,Exit short,2019-08-06 08:15,TX60,256.96,100,25761,65,0.25,0,68,0.26,-103,-0.40,-503,-0.50,4
1875,Entry short,2019-08-06 07:15,C0|S|MKT|15|v0.3.0-tier0|SPY,257.61,100,25761,65,0.25,0,68,0.26,-103,-0.40,-503,-0.50,4
1876,Exit long,2019-08-08 08:00,TX60,263.03,100,26197,106,0.40,0,118,0.45,-6,-0.02,-397,-0.40,4
1876,Entry long,2019-08-08 07:00,C0|L|MKT|15|v0.3.0-tier0|SPY,261.97,100,26197,106,0.40,0,118,0.45,-6,-0.02,-397,-0.40,4
1877,Exit short,2019-08-09 08:00,TX60,263.06,100,26363,57,0.22,0,136,0.52,-35,-0.13,-340,-0.34,4
1877,Entry short,2019-08-09 07:00,C0|S|MKT|15|v0.3.0-tier0|SPY,263.63,100,26363,57,0.22,0,136,0.52,-35,-0.13,-340,-0.34,4
1878,Exit long,2019-08-13 08:00,TX60,263.93,100,26448,-55,-0.21,0,110,0.42,-84,-0.32,-395,-0.39,4
1878,Entry long,2019-08-13 07:00,C0|L|MKT|15|v0.3.0-tier0|SPY,264.48,100,26448,-55,-0.21,0,110,0.42,-84,-0.32,-395,-0.39,4
1879,Exit short,2019-08-14 08:15,TX60,257.95,100,25943,148,0.57,0,150,0.58,-62,-0.24,-247,-0.25,4
1879,Entry short,2019-08-14 07:15,C0|S|MKT|15|v0.3.0-tier0|SPY,259.43,100,25943,148,0.57,0,150,0.58,-62,-0.24,-247,-0.25,4
1880,Exit long,2019-08-16 08:30,TX60,260.46,100,25958,88,0.34,0,143,0.55,-5,-0.02,-159,-0.16,4
1880,Entry long,2019-08-16 07:30,C0|L|MKT|15|v0.3.0-tier0|SPY,259.58,100,25958,88,0.34,0,143,0.55,-5,-0.02,-159,-0.16,4
1881,Exit short,2019-08-19 08:15,TX60,263.92,100,26324,-68,-0.26,0,9,0.03,-71,-0.27,-227,-0.23,4
1881,Entry short,2019-08-19 07:15,C0|S|MKT|15|v0.3.0-tier0|SPY,263.24,100,26324,-68,-0.26,0,9,0.03,-71,-0.27,-227,-0.23,4
1882,Exit short,2019-08-22 08:15,TX60,263.15,100,26436,121,0.46,0,216,0.82,-11,-0.04,-106,-0.11,4
1882,Entry short,2019-08-22 07:15,C0|S|MKT|15|v0.3.0-tier0|SPY,264.36,100,26436,121,0.46,0,216,0.82,-11,-0.04,-106,-0.11,4
1883,Exit long,2019-08-23 08:15,TX60,260.29,100,26320,-291,-1.11,0,112,0.43,-377,-1.43,-397,-0.40,4
1883,Entry long,2019-08-23 07:15,C0|L|MKT|15|v0.3.0-tier0|SPY,263.2,100,26320,-291,-1.11,0,112,0.43,-377,-1.43,-397,-0.40,4
1884,Exit short,2019-08-26 08:15,TX60,259.31,100,25827,-104,-0.40,0,42,0.16,-126,-0.49,-501,-0.50,4
1884,Entry short,2019-08-26 07:15,C0|S|MKT|15|v0.3.0-tier0|SPY,258.27,100,25827,-104,-0.40,0,42,0.16,-126,-0.49,-501,-0.50,4
1885,Exit short,2019-08-27 08:15,TX60,260.18,100,26090,72,0.28,0,83,0.32,-35,-0.13,-429,-0.43,4
1885,Entry short,2019-08-27 07:15,C0|S|MKT|15|v0.3.0-tier0|SPY,260.9,100,26090,72,0.28,0,83,0.32,-35,-0.13,-429,-0.43,4
1886,Exit long,2019-08-28 08:00,TX60,259.99,100,25926,73,0.28,0,95,0.37,-20,-0.08,-356,-0.36,4
1886,Entry long,2019-08-28 07:00,C0|L|MKT|15|v0.3.0-tier0|SPY,259.26,100,25926,73,0.28,0,95,0.37,-20,-0.08,-356,-0.36,4
1887,Exit short,2019-08-30 08:30,TX60,263.43,100,26495,152,0.57,0,182,0.69,-25,-0.09,-204,-0.20,4
1887,Entry short,2019-08-30 07:30,C0|S|MKT|15|v0.3.0-tier0|SPY,264.95,100,26495,152,0.57,0,182,0.69,-25,-0.09,-204,-0.20,4
1888,Exit long,2019-09-03 08:00,TX60,262.59,100,26306,-47,-0.18,0,0,0.00,-188,-0.71,-251,-0.25,4
1888,Entry long,2019-09-03 07:00,C0|L|MKT|15|v0.3.0-tier0|SPY,263.06,100,26306,-47,-0.18,0,0,0.00,-188,-0.71,-251,-0.25,4
1889,Exit short,2019-09-04 08:15,TX60,264.27,100,26399,-28,-0.11,0,6,0.02,-51,-0.19,-279,-0.28,4
1889,Entry short,2019-09-04 07:15,C0|S|MKT|15|v0.3.0-tier0|SPY,263.99,100,26399,-28,-0.11,0,6,0.02,-51,-0.19,-279,-0.28,4
1890,Exit long,2019-09-05 08:00,TX60,269.1,100,26865,45,0.17,0,115,0.43,0,0.00,-234,-0.23,4
1890,Entry long,2019-09-05 07:00,C0|L|MKT|15|v0.3.0-tier0|SPY,268.65,100,26865,45,0.17,0,115,0.43,0,0.00,-234,-0.23,4
1891,Exit long,2019-09-06 08:30,TX60,269.41,100,26944,-3,-0.01,0,16,0.06,-20,-0.07,-237,-0.24,4
1891,Entry long,2019-09-06 07:30,C0|L|MKT|15|v0.3.0-tier0|SPY,269.44,100,26944,-3,-0.01,0,16,0.06,-20,-0.07,-237,-0.24,4
1892,Exit short,2019-09-09 08:00,TX60,269.83,100,26935,-48,-0.18,0,4,0.01,-51,-0.19,-285,-0.29,4
1892,Entry short,2019-09-09 07:00,C0|S|MKT|15|v0.3.0-tier0|SPY,269.35,100,26935,-48,-0.18,0,4,0.01,-51,-0.19,-285,-0.29,4
1893,Exit long,2019-09-11 08:00,TX60,270.03,100,26958,45,0.17,0,47,0.17,-6,-0.02,-240,-0.24,4
1893,Entry long,2019-09-11 07:00,C0|L|MKT|15|v0.3.0-tier0|SPY,269.58,100,26958,45,0.17,0,47,0.17,-6,-0.02,-240,-0.24,4
1894,Exit long,2019-09-12 08:30,TX60,272.23,100,27273,-50,-0.18,0,8,0.03,-145,-0.53,-290,-0.29,4
1894,Entry long,2019-09-12 07:30,C0|L|MKT|15|v0.3.0-tier0|SPY,272.73,100,27273,-50,-0.18,0,8,0.03,-145,-0.53,-290,-0.29,4
1895,Exit short,2019-09-13 08:15,TX60,272.72,100,27207,-65,-0.24,0,2,0.01,-75,-0.28,-355,-0.36,4
1895,Entry short,2019-09-13 07:15,C0|S|MKT|15|v0.3.0-tier0|SPY,272.07,100,27207,-65,-0.24,0,2,0.01,-75,-0.28,-355,-0.36,4
1896,Exit long,2019-09-16 08:00,TX60,270.92,100,27133,-41,-0.15,0,11,0.04,-63,-0.23,-396,-0.40,4
1896,Entry long,2019-09-16 07:00,C0|L|MKT|15|v0.3.0-tier0|SPY,271.33,100,27133,-41,-0.15,0,11,0.04,-63,-0.23,-396,-0.40,4
1897,Exit long,2019-09-19 08:30,TX60,272.99,100,27291,8,0.03,0,23,0.08,-19,-0.07,-388,-0.39,4
1897,Entry long,2019-09-19 07:30,C0|L|MKT|15|v0.3.0-tier0|SPY,272.91,100,27291,8,0.03,0,23,0.08,-19,-0.07,-388,-0.39,4
1898,Exit short,2019-09-24 08:30,TX60,270.69,100,27106,37,0.14,0,43,0.16,-50,-0.18,-351,-0.35,4
1898,Entry short,2019-09-24 07:30,C0|S|MKT|15|v0.3.0-tier0|SPY,271.06,100,27106,37,0.14,0,43,0.16,-50,-0.18,-351,-0.35,4
1899,Exit short,2019-09-25 08:00,TX60,268.75,100,26776,-99,-0.37,0,79,0.30,-128,-0.48,-450,-0.45,4
1899,Entry short,2019-09-25 07:00,C0|S|MKT|15|v0.3.0-tier0|SPY,267.76,100,26776,-99,-0.37,0,79,0.30,-128,-0.48,-450,-0.45,4
1900,Exit short,2019-09-27 08:00,TX60,269.94,100,26929,-65,-0.24,0,50,0.19,-73,-0.27,-515,-0.51,4
1900,Entry short,2019-09-27 07:00,C0|S|MKT|15|v0.3.0-tier0|SPY,269.29,100,26929,-65,-0.24,0,50,0.19,-73,-0.27,-515,-0.51,4
1901,Exit long,2019-09-30 08:00,TX60,269.02,100,26890,12,0.04,0,32,0.12,-21,-0.08,-503,-0.50,4
1901,Entry long,2019-09-30 07:00,C0|L|MKT|15|v0.3.0-tier0|SPY,268.9,100,26890,12,0.04,0,32,0.12,-21,-0.08,-503,-0.50,4
1902,Exit short,2019-10-01 08:15,TX60,267.64,100,26829,65,0.24,0,83,0.31,-52,-0.19,-438,-0.44,4
1902,Entry short,2019-10-01 07:15,C0|S|MKT|15|v0.3.0-tier0|SPY,268.29,100,26829,65,0.24,0,83,0.31,-52,-0.19,-438,-0.44,4
1903,Exit short,2019-10-02 08:00,TX60,261.57,100,26284,127,0.48,0,163,0.62,-24,-0.09,-311,-0.31,4
1903,Entry short,2019-10-02 07:00,C0|S|MKT|15|v0.3.0-tier0|SPY,262.84,100,26284,127,0.48,0,163,0.62,-24,-0.09,-311,-0.31,4
1904,Exit short,2019-10-03 08:15,TX60,261.98,100,25890,-308,-1.19,0,15,0.06,-326,-1.26,-619,-0.62,4
1904,Entry short,2019-10-03 07:15,C0|S|MKT|15|v0.3.0-tier0|SPY,258.9,100,25890,-308,-1.19,0,15,0.06,-326,-1.26,-619,-0.62,4
1905,Exit long,2019-10-04 08:00,TX60,264.73,100,26514,-41,-0.15,0,35,0.13,-83,-0.31,-660,-0.66,4
1905,Entry long,2019-10-04 07:00,C0|L|MKT|15|v0.3.0-tier0|SPY,265.14,100,26514,-41,-0.15,0,35,0.13,-83,-0.31,-660,-0.66,4
1906,Exit long,2019-10-07 08:30,TX60,266.98,100,26648,50,0.19,0,71,0.27,-31,-0.12,-610,-0.61,4
1906,Entry long,2019-10-07 07:30,C0|L|MKT|15|v0.3.0-tier0|SPY,266.48,100,26648,50,0.19,0,71,0.27,-31,-0.12,-610,-0.61,4
1907,Exit short,2019-10-08 08:00,TX60,263.2,100,26276,-44,-0.17,0,56,0.21,-48,-0.18,-654,-0.65,4
1907,Entry short,2019-10-08 07:00,C0|S|MKT|15|v0.3.0-tier0|SPY,262.76,100,26276,-44,-0.17,0,56,0.21,-48,-0.18,-654,-0.65,4
1908,Exit long,2019-10-10 08:00,TX60,266.49,100,26594,55,0.21,0,55,0.21,-56,-0.21,-599,-0.60,4
1908,Entry long,2019-10-10 07:00,C0|L|MKT|15|v0.3.0-tier0|SPY,265.94,100,26594,55,0.21,0,55,0.21,-56,-0.21,-599,-0.60,4
1909,Exit long,2019-10-11 08:00,TX60,270.05,100,26966,39,0.14,0,59,0.22,0,0.00,-560,-0.56,4
1909,Entry long,2019-10-11 07:00,C0|L|MKT|15|v0.3.0-tier0|SPY,269.66,100,26966,39,0.14,0,59,0.22,0,0.00,-560,-0.56,4
1910,Exit long,2019-10-14 08:15,TX60,268.85,100,26876,9,0.03,0,33,0.12,-41,-0.15,-551,-0.55,4
1910,Entry long,2019-10-14 07:15,C0|L|MKT|15|v0.3.0-tier0|SPY,268.76,100,26876,9,0.03,0,33,0.12,-41,-0.15,-551,-0.55,4
1911,Exit long,2019-10-15 08:15,TX60,271.33,100,27038,95,0.35,0,136,0.50,-7,-0.03,-456,-0.46,4
1911,Entry long,2019-10-15 07:15,C0|L|MKT|15|v0.3.0-tier0|SPY,270.38,100,27038,95,0.35,0,136,0.50,-7,-0.03,-456,-0.46,4
1912,Exit long,2019-10-16 08:30,TX60,270.95,100,27096,-1,0.00,0,39,0.14,-13,-0.05,-457,-0.46,4
1912,Entry long,2019-10-16 07:30,C0|L|MKT|15|v0.3.0-tier0|SPY,270.96,100,27096,-1,0.00,0,39,0.14,-13,-0.05,-457,-0.46,4
1913,Exit long,2019-10-17 08:00,TX60,271.43,100,27220,-77,-0.28,0,13,0.05,-83,-0.30,-534,-0.53,4
1913,Entry long,2019-10-17 07:00,C0|L|MKT|15|v0.3.0-tier0|SPY,272.2,100,27220,-77,-0.28,0,13,0.05,-83,-0.30,-534,-0.53,4
1914,Exit long,2019-10-18 08:00,TX60,270.87,100,27147,-60,-0.22,0,2,0.01,-104,-0.38,-594,-0.59,4
1914,Entry long,2019-10-18 07:00,C0|L|MKT|15|v0.3.0-tier0|SPY,271.47,100,27147,-60,-0.22,0,2,0.01,-104,-0.38,-594,-0.59,4
1915,Exit short,2019-10-21 08:00,TX60,271.74,100,27142,-32,-0.12,0,27,0.10,-34,-0.13,-626,-0.63,4
1915,Entry short,2019-10-21 07:00,C0|S|MKT|15|v0.3.0-tier0|SPY,271.42,100,27142,-32,-0.12,0,27,0.10,-34,-0.13,-626,-0.63,4
1916,Exit long,2019-10-23 08:00,TX60,271.58,100,27147,11,0.04,0,26,0.10,-47,-0.17,-615,-0.61,4
1916,Entry long,2019-10-23 07:00,C0|L|MKT|15|v0.3.0-tier0|SPY,271.47,100,27147,11,0.04,0,26,0.10,-47,-0.17,-615,-0.61,4
1917,Exit short,2019-10-24 08:00,TX60,272.04,100,27201,-3,-0.01,0,37,0.14,-13,-0.05,-618,-0.62,4
1917,Entry short,2019-10-24 07:00,C0|S|MKT|15|v0.3.0-tier0|SPY,272.01,100,27201,-3,-0.01,0,37,0.14,-13,-0.05,-618,-0.62,4
1918,Exit long,2019-10-25 08:00,TX60,273.33,100,27244,89,0.33,0,95,0.35,-6,-0.02,-529,-0.53,4
1918,Entry long,2019-10-25 07:00,C0|L|MKT|15|v0.3.0-tier0|SPY,272.44,100,27244,89,0.33,0,95,0.35,-6,-0.02,-529,-0.53,4
1919,Exit long,2019-10-29 08:00,TX60,275.72,100,27514,58,0.21,0,81,0.29,-17,-0.06,-471,-0.47,4
1919,Entry long,2019-10-29 07:00,C0|L|MKT|15|v0.3.0-tier0|SPY,275.14,100,27514,58,0.21,0,81,0.29,-17,-0.06,-471,-0.47,4
1920,Exit short,2019-10-31 08:00,TX60,274.66,100,27508,42,0.15,0,139,0.51,-1,0.00,-429,-0.43,4
1920,Entry short,2019-10-31 07:00,C0|S|MKT|15|v0.3.0-tier0|SPY,275.08,100,27508,42,0.15,0,139,0.51,-1,0.00,-429,-0.43,4
1921,Exit long,2019-11-01 08:00,TX60,277.22,100,27685,37,0.13,0,61,0.22,-38,-0.14,-392,-0.39,4
1921,Entry long,2019-11-01 07:00,C0|L|MKT|15|v0.3.0-tier0|SPY,276.85,100,27685,37,0.13,0,61,0.22,-38,-0.14,-392,-0.39,4
1922,Exit short,2019-11-04 08:00,TX60,278.95,100,27904,9,0.03,0,28,0.10,-21,-0.08,-383,-0.38,4
1922,Entry short,2019-11-04 07:00,C0|S|MKT|15|v0.3.0-tier0|SPY,279.04,100,27904,9,0.03,0,28,0.10,-21,-0.08,-383,-0.38,4
1923,Exit short,2019-11-05 08:15,TX60,278.63,100,27852,-11,-0.04,0,32,0.11,-14,-0.05,-394,-0.39,4
1923,Entry short,2019-11-05 07:15,C0|S|MKT|15|v0.3.0-tier0|SPY,278.52,100,27852,-11,-0.04,0,32,0.11,-14,-0.05,-394,-0.39,4
1924,Exit long,2019-11-06 08:15,TX60,278.32,100,27858,-26,-0.09,0,1,0.00,-35,-0.13,-420,-0.42,4
1924,Entry long,2019-11-06 07:15,C0|L|MKT|15|v0.3.0-tier0|SPY,278.58,100,27858,-26,-0.09,0,1,0.00,-35,-0.13,-420,-0.42,4
1925,Exit short,2019-11-08 08:00,TX60,279.47,100,27876,-71,-0.25,0,26,0.09,-78,-0.28,-491,-0.49,4
1925,Entry short,2019-11-08 07:00,C0|S|MKT|15|v0.3.0-tier0|SPY,278.76,100,27876,-71,-0.25,0,26,0.09,-78,-0.28,-491,-0.49,4
1926,Exit long,2019-11-11 08:00,TX60,279.28,100,27939,-11,-0.04,0,15,0.05,-13,-0.05,-502,-0.50,4
1926,Entry long,2019-11-11 07:00,C0|L|MKT|15|v0.3.0-tier0|SPY,279.39,100,27939,-11,-0.04,0,15,0.05,-13,-0.05,-502,-0.50,4
1927,Exit long,2019-11-12 08:00,TX60,280.97,100,28071,26,0.09,0,47,0.17,-17,-0.06,-476,-0.48,4
1927,Entry long,2019-11-12 07:00,C0|L|MKT|15|v0.3.0-tier0|SPY,280.71,100,28071,26,0.09,0,47,0.17,-17,-0.06,-476,-0.48,4
1928,Exit long,2019-11-13 08:15,TX60,280.06,100,27991,15,0.05,0,41,0.15,-27,-0.10,-461,-0.46,4
1928,Entry long,2019-11-13 07:15,C0|L|MKT|15|v0.3.0-tier0|SPY,279.91,100,27991,15,0.05,0,41,0.15,-27,-0.10,-461,-0.46,4
1929,Exit long,2019-11-14 08:00,TX60,280.14,100,28046,-32,-0.11,0,24,0.09,-33,-0.12,-493,-0.49,4
1929,Entry long,2019-11-14 07:00,C0|L|MKT|15|v0.3.0-tier0|SPY,280.46,100,28046,-32,-0.11,0,24,0.09,-33,-0.12,-493,-0.49,4
1930,Exit short,2019-11-15 08:00,TX60,281.99,100,28147,-52,-0.18,0,2,0.01,-57,-0.20,-545,-0.55,4
1930,Entry short,2019-11-15 07:00,C0|S|MKT|15|v0.3.0-tier0|SPY,281.47,100,28147,-52,-0.18,0,2,0.01,-57,-0.20,-545,-0.55,4
1931,Exit short,2019-11-19 08:00,TX60,282.41,100,28301,60,0.21,0,72,0.25,-10,-0.04,-485,-0.48,4
1931,Entry short,2019-11-19 07:00,C0|S|MKT|15|v0.3.0-tier0|SPY,283.01,100,28301,60,0.21,0,72,0.25,-10,-0.04,-485,-0.48,4
1932,Exit short,2019-11-21 08:30,TX60,281.16,100,28088,-28,-0.10,0,25,0.09,-66,-0.23,-513,-0.51,4
1932,Entry short,2019-11-21 07:30,C0|S|MKT|15|v0.3.0-tier0|SPY,280.88,100,28088,-28,-0.10,0,25,0.09,-66,-0.23,-513,-0.51,4
1933,Exit short,2019-11-22 08:30,TX60,281.46,100,28164,18,0.06,0,59,0.21,-7,-0.02,-495,-0.50,4
1933,Entry short,2019-11-22 07:30,C0|S|MKT|15|v0.3.0-tier0|SPY,281.64,100,28164,18,0.06,0,59,0.21,-7,-0.02,-495,-0.50,4
1934,Exit long,2019-11-25 08:00,TX60,283.82,100,28365,17,0.06,0,39,0.14,-3,-0.01,-478,-0.48,4
1934,Entry long,2019-11-25 07:00,C0|L|MKT|15|v0.3.0-tier0|SPY,283.65,100,28365,17,0.06,0,39,0.14,-3,-0.01,-478,-0.48,4
1935,Exit long,2019-11-26 08:00,TX60,284.55,100,28458,-3,-0.01,0,12,0.04,-30,-0.11,-481,-0.48,4
1935,Entry long,2019-11-26 07:00,C0|L|MKT|15|v0.3.0-tier0|SPY,284.58,100,28458,-3,-0.01,0,12,0.04,-30,-0.11,-481,-0.48,4
1936,Exit short,2019-12-02 08:00,TX60,282.55,100,28399,144,0.51,0,164,0.58,0,0.00,-337,-0.34,4
1936,Entry short,2019-12-02 07:00,C0|S|MKT|15|v0.3.0-tier0|SPY,283.99,100,28399,144,0.51,0,164,0.58,0,0.00,-337,-0.34,4
1937,Exit short,2019-12-03 08:15,TX60,279.54,100,27915,-39,-0.14,0,15,0.05,-73,-0.26,-376,-0.38,4
1937,Entry short,2019-12-03 07:15,C0|S|MKT|15|v0.3.0-tier0|SPY,279.15,100,27915,-39,-0.14,0,15,0.05,-73,-0.26,-376,-0.38,4
1938,Exit long,2019-12-04 08:00,TX60,282.82,100,28268,14,0.05,0,26,0.09,-26,-0.09,-362,-0.36,4
1938,Entry long,2019-12-04 07:00,C0|L|MKT|15|v0.3.0-tier0|SPY,282.68,100,28268,14,0.05,0,26,0.09,-26,-0.09,-362,-0.36,4
1939,Exit short,2019-12-05 08:00,TX60,282.39,100,28247,8,0.03,0,75,0.27,-6,-0.02,-354,-0.35,4
1939,Entry short,2019-12-05 07:00,C0|S|MKT|15|v0.3.0-tier0|SPY,282.47,100,28247,8,0.03,0,75,0.27,-6,-0.02,-354,-0.35,4
1940,Exit long,2019-12-06 08:00,TX60,285.65,100,28539,26,0.09,0,38,0.13,-16,-0.06,-328,-0.33,4
1940,Entry long,2019-12-06 07:00,C0|L|MKT|15|v0.3.0-tier0|SPY,285.39,100,28539,26,0.09,0,38,0.13,-16,-0.06,-328,-0.33,4
1941,Exit long,2019-12-09 08:15,TX60,285.55,100,28586,-31,-0.11,0,2,0.01,-34,-0.12,-359,-0.36,4
1941,Entry long,2019-12-09 07:15,C0|L|MKT|15|v0.3.0-tier0|SPY,285.86,100,28586,-31,-0.11,0,2,0.01,-34,-0.12,-359,-0.36,4
1942,Exit long,2019-12-10 08:15,TX60,284.83,100,28478,5,0.02,0,53,0.19,-35,-0.12,-354,-0.35,4
1942,Entry long,2019-12-10 07:15,C0|L|MKT|15|v0.3.0-tier0|SPY,284.78,100,28478,5,0.02,0,53,0.19,-35,-0.12,-354,-0.35,4
1943,Exit long,2019-12-11 08:00,TX60,284.69,100,28521,-52,-0.18,0,9,0.03,-54,-0.19,-406,-0.41,4
1943,Entry long,2019-12-11 07:00,C0|L|MKT|15|v0.3.0-tier0|SPY,285.21,100,28521,-52,-0.18,0,9,0.03,-54,-0.19,-406,-0.41,4
1944,Exit long,2019-12-12 08:00,TX60,287.84,100,28741,43,0.15,0,102,0.35,-8,-0.03,-363,-0.36,4
1944,Entry long,2019-12-12 07:00,C0|L|MKT|15|v0.3.0-tier0|SPY,287.41,100,28741,43,0.15,0,102,0.35,-8,-0.03,-363,-0.36,4
1945,Exit long,2019-12-13 08:00,TX60,287.13,100,28783,-70,-0.24,0,122,0.42,-73,-0.25,-433,-0.43,4
1945,Entry long,2019-12-13 07:00,C0|L|MKT|15|v0.3.0-tier0|SPY,287.83,100,28783,-70,-0.24,0,122,0.42,-73,-0.25,-433,-0.43,4
1946,Exit long,2019-12-16 08:15,TX60,290.18,100,29007,11,0.04,0,24,0.08,-9,-0.03,-422,-0.42,4
1946,Entry long,2019-12-16 07:15,C0|L|MKT|15|v0.3.0-tier0|SPY,290.07,100,29007,11,0.04,0,24,0.08,-9,-0.03,-422,-0.42,4
1947,Exit short,2019-12-17 08:00,TX60,290,100,28989,-11,-0.04,0,6,0.02,-48,-0.17,-433,-0.43,4
1947,Entry short,2019-12-17 07:00,C0|S|MKT|15|v0.3.0-tier0|SPY,289.89,100,28989,-11,-0.04,0,6,0.02,-48,-0.17,-433,-0.43,4
1948,Exit short,2019-12-18 08:00,TX60,290.25,100,29001,-24,-0.08,0,18,0.06,-31,-0.11,-457,-0.46,4
1948,Entry short,2019-12-18 07:00,C0|S|MKT|15|v0.3.0-tier0|SPY,290.01,100,29001,-24,-0.08,0,18,0.06,-31,-0.11,-457,-0.46,4
1949,Exit long,2019-12-19 08:30,TX60,290.73,100,29036,37,0.13,0,46,0.16,-11,-0.04,-420,-0.42,4
1949,Entry long,2019-12-19 07:30,C0|L|MKT|15|v0.3.0-tier0|SPY,290.36,100,29036,37,0.13,0,46,0.16,-11,-0.04,-420,-0.42,4
1950,Exit long,2019-12-26 08:15,TX60,293.82,100,29358,24,0.08,0,36,0.12,-4,-0.01,-396,-0.40,4
1950,Entry long,2019-12-26 07:15,C0|L|MKT|15|v0.3.0-tier0|SPY,293.58,100,29358,24,0.08,0,36,0.12,-4,-0.01,-396,-0.40,4
1951,Exit short,2019-12-27 08:00,TX60,294.62,100,29399,-63,-0.21,0,4,0.01,-66,-0.22,-459,-0.46,4
1951,Entry short,2019-12-27 07:00,C0|S|MKT|15|v0.3.0-tier0|SPY,293.99,100,29399,-63,-0.21,0,4,0.01,-66,-0.22,-459,-0.46,4
1952,Exit short,2019-12-30 08:00,TX60,292.81,100,29302,21,0.07,0,83,0.28,-15,-0.05,-438,-0.44,4
1952,Entry short,2019-12-30 07:00,C0|S|MKT|15|v0.3.0-tier0|SPY,293.02,100,29302,21,0.07,0,83,0.28,-15,-0.05,-438,-0.44,4
1953,Exit short,2020-01-02 08:15,TX60,294.73,100,29453,-20,-0.07,0,46,0.16,-21,-0.07,-458,-0.46,4
1953,Entry short,2020-01-02 07:15,C0|S|MKT|15|v0.3.0-tier0|SPY,294.53,100,29453,-20,-0.07,0,46,0.16,-21,-0.07,-458,-0.46,4
1954,Exit long,2020-01-06 08:00,TX60,293.72,100,29314,58,0.20,0,81,0.28,-10,-0.03,-400,-0.40,4
1954,Entry long,2020-01-06 07:00,C0|L|MKT|15|v0.3.0-tier0|SPY,293.14,100,29314,58,0.20,0,81,0.28,-10,-0.03,-400,-0.40,4
1955,Exit long,2020-01-08 08:00,TX60,294.7,100,29509,-39,-0.13,0,21,0.07,-75,-0.25,-439,-0.44,4
1955,Entry long,2020-01-08 07:00,C0|L|MKT|15|v0.3.0-tier0|SPY,295.09,100,29509,-39,-0.13,0,21,0.07,-75,-0.25,-439,-0.44,4
1956,Exit long,2020-01-13 08:00,TX60,297.94,100,29775,19,0.06,0,23,0.08,-32,-0.11,-420,-0.42,4
1956,Entry long,2020-01-13 07:00,C0|L|MKT|15|v0.3.0-tier0|SPY,297.75,100,29775,19,0.06,0,23,0.08,-32,-0.11,-420,-0.42,4
1957,Exit short,2020-01-14 08:00,TX60,298.56,100,29819,-37,-0.12,0,9,0.03,-60,-0.20,-457,-0.46,4
1957,Entry short,2020-01-14 07:00,C0|S|MKT|15|v0.3.0-tier0|SPY,298.19,100,29819,-37,-0.12,0,9,0.03,-60,-0.20,-457,-0.46,4
1958,Exit long,2020-01-15 08:00,TX60,299.79,100,29954,25,0.08,0,26,0.09,-29,-0.10,-432,-0.43,4
1958,Entry long,2020-01-15 07:00,C0|L|MKT|15|v0.3.0-tier0|SPY,299.54,100,29954,25,0.08,0,26,0.09,-29,-0.10,-432,-0.43,4
1959,Exit long,2020-01-17 08:30,TX60,301.99,100,30244,-45,-0.15,0,2,0.01,-67,-0.22,-477,-0.48,4
1959,Entry long,2020-01-17 07:30,C0|L|MKT|15|v0.3.0-tier0|SPY,302.44,100,30244,-45,-0.15,0,2,0.01,-67,-0.22,-477,-0.48,4
1960,Exit short,2020-01-24 08:15,TX60,302,100,30248,48,0.16,0,92,0.30,-8,-0.03,-429,-0.43,4
1960,Entry short,2020-01-24 07:15,C0|S|MKT|15|v0.3.0-tier0|SPY,302.48,100,30248,48,0.16,0,92,0.30,-8,-0.03,-429,-0.43,4
1961,Exit long,2020-01-27 08:00,TX60,295.2,100,29576,-56,-0.19,0,13,0.04,-107,-0.36,-485,-0.48,4
1961,Entry long,2020-01-27 07:00,C0|L|MKT|15|v0.3.0-tier0|SPY,295.76,100,29576,-56,-0.19,0,13,0.04,-107,-0.36,-485,-0.48,4
1962,Exit long,2020-01-28 08:15,TX60,297.74,100,29726,48,0.16,0,80,0.27,-21,-0.07,-437,-0.44,4
1962,Entry long,2020-01-28 07:15,C0|L|MKT|15|v0.3.0-tier0|SPY,297.26,100,29726,48,0.16,0,80,0.27,-21,-0.07,-437,-0.44,4
1963,Exit short,2020-01-29 08:00,TX60,298.81,100,29827,-54,-0.18,0,75,0.25,-61,-0.20,-491,-0.49,4
1963,Entry short,2020-01-29 07:00,C0|S|MKT|15|v0.3.0-tier0|SPY,298.27,100,29827,-54,-0.18,0,75,0.25,-61,-0.20,-491,-0.49,4
1964,Exit short,2020-01-31 08:15,TX60,294.83,100,29627,144,0.49,0,144,0.49,-41,-0.14,-347,-0.35,4
1964,Entry short,2020-01-31 07:15,C0|S|MKT|15|v0.3.0-tier0|SPY,296.27,100,29627,144,0.49,0,144,0.49,-41,-0.14,-347,-0.35,4
1965,Exit long,2020-02-03 08:00,TX60,296.41,100,29640,1,0.00,0,89,0.30,-23,-0.08,-346,-0.35,4
1965,Entry long,2020-02-03 07:00,C0|L|MKT|15|v0.3.0-tier0|SPY,296.4,100,29640,1,0.00,0,89,0.30,-23,-0.08,-346,-0.35,4
1966,Exit long,2020-02-04 08:00,TX60,299.86,100,29966,20,0.07,0,55,0.18,-43,-0.14,-326,-0.33,4
1966,Entry long,2020-02-04 07:00,C0|L|MKT|15|v0.3.0-tier0|SPY,299.66,100,29966,20,0.07,0,55,0.18,-43,-0.14,-326,-0.33,4
1967,Exit short,2020-02-05 08:30,TX60,302.43,100,30184,-59,-0.20,0,42,0.14,-62,-0.21,-385,-0.38,4
1967,Entry short,2020-02-05 07:30,C0|S|MKT|15|v0.3.0-tier0|SPY,301.84,100,30184,-59,-0.20,0,42,0.14,-62,-0.21,-385,-0.38,4
1968,Exit long,2020-02-10 08:00,TX60,303.83,100,30335,48,0.16,0,81,0.27,-4,-0.01,-337,-0.34,4
1968,Entry long,2020-02-10 07:00,C0|L|MKT|15|v0.3.0-tier0|SPY,303.35,100,30335,48,0.16,0,81,0.27,-4,-0.01,-337,-0.34,4
1969,Exit long,2020-02-11 08:15,TX60,306.64,100,30699,-35,-0.11,0,21,0.07,-37,-0.12,-372,-0.37,4
1969,Entry long,2020-02-11 07:15,C0|L|MKT|15|v0.3.0-tier0|SPY,306.99,100,30699,-35,-0.11,0,21,0.07,-37,-0.12,-372,-0.37,4
1970,Exit short,2020-02-14 08:00,TX60,307.65,100,30721,-44,-0.14,0,31,0.10,-45,-0.15,-416,-0.42,4
1970,Entry short,2020-02-14 07:00,C0|S|MKT|15|v0.3.0-tier0|SPY,307.21,100,30721,-44,-0.14,0,31,0.10,-45,-0.15,-416,-0.42,4
1971,Exit short,2020-02-18 08:30,TX60,305.79,100,30626,47,0.15,0,57,0.19,-59,-0.19,-369,-0.37,4
1971,Entry short,2020-02-18 07:30,C0|S|MKT|15|v0.3.0-tier0|SPY,306.26,100,30626,47,0.15,0,57,0.19,-59,-0.19,-369,-0.37,4
1972,Exit long,2020-02-19 08:00,TX60,308.48,100,30824,24,0.08,0,32,0.10,-19,-0.06,-345,-0.34,4
1972,Entry long,2020-02-19 07:00,C0|L|MKT|15|v0.3.0-tier0|SPY,308.24,100,30824,24,0.08,0,32,0.10,-19,-0.06,-345,-0.34,4
1973,Exit long,2020-02-20 08:00,TX60,308.45,100,30834,11,0.04,0,33,0.11,-10,-0.03,-334,-0.33,4
1973,Entry long,2020-02-20 07:00,C0|L|MKT|15|v0.3.0-tier0|SPY,308.34,100,30834,11,0.04,0,33,0.11,-10,-0.03,-334,-0.33,4
1974,Exit short,2020-02-21 08:00,TX60,304.32,100,30453,21,0.07,0,97,0.32,-45,-0.15,-313,-0.31,4
1974,Entry short,2020-02-21 07:00,C0|S|MKT|15|v0.3.0-tier0|SPY,304.53,100,30453,21,0.07,0,97,0.32,-45,-0.15,-313,-0.31,4
1975,Exit long,2020-02-24 08:00,TX60,296,100,29653,-53,-0.18,0,48,0.16,-156,-0.53,-366,-0.37,4
1975,Entry long,2020-02-24 07:00,C0|L|MKT|15|v0.3.0-tier0|SPY,296.53,100,29653,-53,-0.18,0,48,0.16,-156,-0.53,-366,-0.37,4
1976,Exit short,2020-02-25 08:15,TX60,290.74,100,29401,327,1.11,0,374,1.27,-19,-0.06,-39,-0.04,4
1976,Entry short,2020-02-25 07:15,C0|S|MKT|15|v0.3.0-tier0|SPY,294.01,100,29401,327,1.11,0,374,1.27,-19,-0.06,-39,-0.04,4
1977,Exit short,2020-02-27 08:30,TX60,278.11,100,27579,-232,-0.84,0,173,0.63,-404,-1.46,-271,-0.27,4
1977,Entry short,2020-02-27 07:30,C0|S|MKT|15|v0.3.0-tier0|SPY,275.79,100,27579,-232,-0.84,0,173,0.63,-404,-1.46,-271,-0.27,4
1978,Exit short,2020-02-28 08:00,TX60,264.3,100,26211,-219,-0.84,0,183,0.70,-272,-1.04,-490,-0.49,4
1978,Entry short,2020-02-28 07:00,C0|S|MKT|15|v0.3.0-tier0|SPY,262.11,100,26211,-219,-0.84,0,183,0.70,-272,-1.04,-490,-0.49,4
1979,Exit short,2020-03-03 08:00,TX60,282.92,100,27887,-405,-1.45,0,11,0.04,-717,-2.57,-895,-0.89,4
1979,Entry short,2020-03-03 07:00,C0|S|MKT|15|v0.3.0-tier0|SPY,278.87,100,27887,-405,-1.45,0,11,0.04,-717,-2.57,-895,-0.89,4
1980,Exit long,2020-03-06 08:30,TX60,269.01,100,27018,-117,-0.43,0,142,0.53,-149,-0.55,-1012,-1.01,4
1980,Entry long,2020-03-06 07:30,C0|L|MKT|15|v0.3.0-tier0|SPY,270.18,100,27018,-117,-0.43,0,142,0.53,-149,-0.55,-1012,-1.01,4
1981,Exit long,2020-03-09 08:00,TX60,253.97,100,25506,-109,-0.43,0,256,1.00,-134,-0.53,-1121,-1.12,4
1981,Entry long,2020-03-09 07:00,C0|L|MKT|15|v0.3.0-tier0|SPY,255.06,100,25506,-109,-0.43,0,256,1.00,-134,-0.53,-1121,-1.12,4
1982,Exit short,2020-03-11 08:30,TX60,252.25,100,25412,187,0.74,0,237,0.93,-92,-0.36,-934,-0.93,4
1982,Entry short,2020-03-11 07:30,C0|S|MKT|15|v0.3.0-tier0|SPY,254.12,100,25412,187,0.74,0,237,0.93,-92,-0.36,-934,-0.93,4
1983,Exit long,2020-03-12 08:00,TX60,234.98,100,23572,-74,-0.31,0,17,0.07,-489,-2.07,-1008,-1.01,4
1983,Entry long,2020-03-12 07:00,C0|L|MKT|15|v0.3.0-tier0|SPY,235.72,100,23572,-74,-0.31,0,17,0.07,-489,-2.07,-1008,-1.01,4
1984,Exit short,2020-03-13 08:00,TX60,231.93,100,23385,192,0.82,0,213,0.91,-455,-1.95,-816,-0.82,4
1984,Entry short,2020-03-13 07:00,C0|S|MKT|15|v0.3.0-tier0|SPY,233.85,100,23385,192,0.82,0,213,0.91,-455,-1.95,-816,-0.82,4
1985,Exit long,2020-03-16 08:00,TX60,228.57,100,22379,478,2.14,0,679,3.03,-270,-1.21,-338,-0.34,4
1985,Entry long,2020-03-16 07:00,C0|L|MKT|15|v0.3.0-tier0|SPY,223.79,100,22379,478,2.14,0,679,3.03,-270,-1.21,-338,-0.34,4
1986,Exit short,2020-03-17 08:00,TX60,223.48,100,21709,-639,-2.94,0,100,0.46,-696,-3.21,-977,-0.98,4
1986,Entry short,2020-03-17 07:00,C0|S|MKT|15|v0.3.0-tier0|SPY,217.09,100,21709,-639,-2.94,0,100,0.46,-696,-3.21,-977,-0.98,4
1987,Exit long,2020-03-18 08:15,TX60,216.89,100,22244,-555,-2.50,0,125,0.56,-555,-2.50,-1532,-1.53,4
1987,Entry long,2020-03-18 07:15,C0|L|MKT|15|v0.3.0-tier0|SPY,222.44,100,22244,-555,-2.50,0,125,0.56,-555,-2.50,-1532,-1.53,4
1988,Exit long,2020-03-19 08:15,TX60,219.86,100,22150,-164,-0.74,0,81,0.37,-463,-2.09,-1696,-1.70,4
1988,Entry long,2020-03-19 07:15,C0|L|MKT|15|v0.3.0-tier0|SPY,221.5,100,22150,-164,-0.74,0,81,0.37,-463,-2.09,-1696,-1.70,4
1989,Exit long,2020-03-24 08:30,TX60,218.55,100,21865,-10,-0.05,0,57,0.26,-212,-0.97,-1706,-1.71,4
1989,Entry long,2020-03-24 07:30,C0|L|MKT|15|v0.3.0-tier0|SPY,218.65,100,21865,-10,-0.05,0,57,0.26,-212,-0.97,-1706,-1.71,4
1990,Exit short,2020-03-25 08:00,TX60,225.01,100,22234,-267,-1.20,0,251,1.13,-297,-1.34,-1973,-1.97,4
1990,Entry short,2020-03-25 07:00,C0|S|MKT|15|v0.3.0-tier0|SPY,222.34,100,22234,-267,-1.20,0,251,1.13,-297,-1.34,-1973,-1.97,4
1991,Exit long,2020-03-26 08:00,TX60,234.34,100,23268,166,0.71,0,341,1.47,-88,-0.38,-1807,-1.81,4
1991,Entry long,2020-03-26 07:00,C0|L|MKT|15|v0.3.0-tier0|SPY,232.68,100,23268,166,0.71,0,341,1.47,-88,-0.38,-1807,-1.81,4
1992,Exit short,2020-03-31 08:00,TX60,240.03,100,23759,-244,-1.03,0,0,0.00,-377,-1.59,-2051,-2.05,4
1992,Entry short,2020-03-31 07:00,C0|S|MKT|15|v0.3.0-tier0|SPY,237.59,100,23759,-244,-1.03,0,0,0.00,-377,-1.59,-2051,-2.05,4
1993,Exit long,2020-04-02 08:15,TX60,228.99,100,22754,145,0.64,0,413,1.82,-69,-0.30,-1906,-1.91,4
1993,Entry long,2020-04-02 07:15,C0|L|MKT|15|v0.3.0-tier0|SPY,227.54,100,22754,145,0.64,0,413,1.82,-69,-0.30,-1906,-1.91,4
1994,Exit short,2020-04-03 08:30,TX60,227.81,100,22943,162,0.71,0,207,0.90,-26,-0.11,-1744,-1.74,4
1994,Entry short,2020-04-03 07:30,C0|S|MKT|15|v0.3.0-tier0|SPY,229.43,100,22943,162,0.71,0,207,0.90,-26,-0.11,-1744,-1.74,4
1995,Exit long,2020-04-06 08:00,TX60,237.8,100,23818,-38,-0.16,0,95,0.40,-95,-0.40,-1782,-1.78,4
1995,Entry long,2020-04-06 07:00,C0|L|MKT|15|v0.3.0-tier0|SPY,238.18,100,23818,-38,-0.16,0,95,0.40,-95,-0.40,-1782,-1.78,4
1996,Exit short,2020-04-07 08:15,TX60,247.67,100,24817,50,0.20,0,243,0.98,-36,-0.15,-1732,-1.73,4
1996,Entry short,2020-04-07 07:15,C0|S|MKT|15|v0.3.0-tier0|SPY,248.17,100,24817,50,0.20,0,243,0.98,-36,-0.15,-1732,-1.73,4
1997,Exit short,2020-04-08 08:00,TX60,246.56,100,24437,-219,-0.90,0,88,0.36,-227,-0.93,-1951,-1.95,4
1997,Entry short,2020-04-08 07:00,C0|S|MKT|15|v0.3.0-tier0|SPY,244.37,100,24437,-219,-0.90,0,88,0.36,-227,-0.93,-1951,-1.95,4
1998,Exit long,2020-04-09 08:00,TX60,256.13,100,25721,-108,-0.42,0,5,0.02,-318,-1.24,-2059,-2.06,4
1998,Entry long,2020-04-09 07:00,C0|L|MKT|15|v0.3.0-tier0|SPY,257.21,100,25721,-108,-0.42,0,5,0.02,-318,-1.24,-2059,-2.06,4
1999,Exit short,2020-04-13 08:00,TX60,250.09,100,25141,132,0.53,0,192,0.76,-123,-0.49,-1927,-1.93,4
1999,Entry short,2020-04-13 07:00,C0|S|MKT|15|v0.3.0-tier0|SPY,251.41,100,25141,132,0.53,0,192,0.76,-123,-0.49,-1927,-1.93,4
2000,Exit long,2020-04-14 08:00,TX60,258.17,100,25936,-119,-0.46,0,83,0.32,-120,-0.46,-2046,-2.05,4
2000,Entry long,2020-04-14 07:00,C0|L|MKT|15|v0.3.0-tier0|SPY,259.36,100,25936,-119,-0.46,0,83,0.32,-120,-0.46,-2046,-2.05,4
2001,Exit short,2020-04-15 08:15,TX60,253.56,100,25373,17,0.07,0,117,0.46,-40,-0.16,-2029,-2.03,4
2001,Entry short,2020-04-15 07:15,C0|S|MKT|15|v0.3.0-tier0|SPY,253.73,100,25373,17,0.07,0,117,0.46,-40,-0.16,-2029,-2.03,4
2002,Exit short,2020-04-16 08:00,TX60,255.37,100,25381,-156,-0.61,0,97,0.38,-166,-0.65,-2185,-2.18,4
2002,Entry short,2020-04-16 07:00,C0|S|MKT|15|v0.3.0-tier0|SPY,253.81,100,25381,-156,-0.61,0,97,0.38,-166,-0.65,-2185,-2.18,4
2003,Exit short,2020-04-17 08:30,TX60,259.21,100,26014,93,0.36,0,121,0.47,-25,-0.10,-2092,-2.09,4
2003,Entry short,2020-04-17 07:30,C0|S|MKT|15|v0.3.0-tier0|SPY,260.14,100,26014,93,0.36,0,121,0.47,-25,-0.10,-2092,-2.09,4
2004,Exit long,2020-04-20 08:15,TX60,261.18,100,26026,92,0.35,0,167,0.64,-41,-0.16,-2000,-2.00,4
2004,Entry long,2020-04-20 07:15,C0|L|MKT|15|v0.3.0-tier0|SPY,260.26,100,26026,92,0.35,0,167,0.64,-41,-0.16,-2000,-2.00,4
2005,Exit long,2020-04-21 08:00,TX60,251.38,100,25461,-323,-1.27,0,10,0.04,-329,-1.29,-2323,-2.32,4
2005,Entry long,2020-04-21 07:00,C0|L|MKT|15|v0.3.0-tier0|SPY,254.61,100,25461,-323,-1.27,0,10,0.04,-329,-1.29,-2323,-2.32,4
2006,Exit short,2020-04-22 08:15,TX60,254.95,100,25399,-96,-0.38,0,9,0.04,-151,-0.59,-2419,-2.42,4
2006,Entry short,2020-04-22 07:15,C0|S|MKT|15|v0.3.0-tier0|SPY,253.99,100,25399,-96,-0.38,0,9,0.04,-151,-0.59,-2419,-2.42,4
2007,Exit long,2020-04-23 08:30,TX60,259.75,100,25899,76,0.29,0,135,0.52,-3,-0.01,-2343,-2.34,4
2007,Entry long,2020-04-23 07:30,C0|L|MKT|15|v0.3.0-tier0|SPY,258.99,100,25899,76,0.29,0,135,0.52,-3,-0.01,-2343,-2.34,4
2008,Exit short,2020-04-24 08:00,TX60,256.29,100,25571,-58,-0.23,0,6,0.02,-137,-0.54,-2401,-2.40,4
2008,Entry short,2020-04-24 07:00,C0|S|MKT|15|v0.3.0-tier0|SPY,255.71,100,25571,-58,-0.23,0,6,0.02,-137,-0.54,-2401,-2.40,4
2009,Exit long,2020-04-27 08:15,TX60,262.23,100,26193,30,0.11,0,67,0.26,-24,-0.09,-2371,-2.37,4
2009,Entry long,2020-04-27 07:15,C0|L|MKT|15|v0.3.0-tier0|SPY,261.93,100,26193,30,0.11,0,67,0.26,-24,-0.09,-2371,-2.37,4
2010,Exit short,2020-04-28 08:00,TX60,262.16,100,26540,324,1.22,0,352,1.33,-47,-0.18,-2047,-2.05,4
2010,Entry short,2020-04-28 07:00,C0|S|MKT|15|v0.3.0-tier0|SPY,265.4,100,26540,324,1.22,0,352,1.33,-47,-0.18,-2047,-2.05,4
2011,Exit long,2020-04-29 08:00,TX60,268.07,100,26768,39,0.15,0,66,0.25,-104,-0.39,-2008,-2.01,4
2011,Entry long,2020-04-29 07:00,C0|L|MKT|15|v0.3.0-tier0|SPY,267.68,100,26768,39,0.15,0,66,0.25,-104,-0.39,-2008,-2.01,4
2012,Exit long,2020-04-30 08:30,TX60,266.61,100,26776,-115,-0.43,0,18,0.07,-134,-0.50,-2123,-2.12,4
2012,Entry long,2020-04-30 07:30,C0|L|MKT|15|v0.3.0-tier0|SPY,267.76,100,26776,-115,-0.43,0,18,0.07,-134,-0.50,-2123,-2.12,4
2013,Exit long,2020-05-04 08:15,TX60,257.79,100,25790,-11,-0.04,0,76,0.29,-68,-0.26,-2134,-2.13,4
2013,Entry long,2020-05-04 07:15,C0|L|MKT|15|v0.3.0-tier0|SPY,257.9,100,25790,-11,-0.04,0,76,0.29,-68,-0.26,-2134,-2.13,4
2014,Exit long,2020-05-05 08:00,TX60,264.03,100,26421,-18,-0.07,0,28,0.11,-75,-0.28,-2152,-2.15,4
2014,Entry long,2020-05-05 07:00,C0|L|MKT|15|v0.3.0-tier0|SPY,264.21,100,26421,-18,-0.07,0,28,0.11,-75,-0.28,-2152,-2.15,4
2015,Exit short,2020-05-06 08:00,TX60,263.31,100,26253,-78,-0.30,0,117,0.45,-140,-0.53,-2230,-2.23,4
2015,Entry short,2020-05-06 07:00,C0|S|MKT|15|v0.3.0-tier0|SPY,262.53,100,26253,-78,-0.30,0,117,0.45,-140,-0.53,-2230,-2.23,4
2016,Exit short,2020-05-07 08:15,TX60,264.38,100,26364,-74,-0.28,0,16,0.06,-100,-0.38,-2304,-2.30,4
2016,Entry short,2020-05-07 07:15,C0|S|MKT|15|v0.3.0-tier0|SPY,263.64,100,26364,-74,-0.28,0,16,0.06,-100,-0.38,-2304,-2.30,4
2017,Exit short,2020-05-12 08:00,TX60,268.22,100,26797,-25,-0.09,0,59,0.22,-46,-0.17,-2329,-2.33,4
2017,Entry short,2020-05-12 07:00,C0|S|MKT|15|v0.3.0-tier0|SPY,267.97,100,26797,-25,-0.09,0,59,0.22,-46,-0.17,-2329,-2.33,4
2018,Exit short,2020-05-14 08:00,TX60,256.61,100,25392,-269,-1.06,0,51,0.20,-335,-1.32,-2598,-2.60,4
2018,Entry short,2020-05-14 07:00,C0|S|MKT|15|v0.3.0-tier0|SPY,253.92,100,25392,-269,-1.06,0,51,0.20,-335,-1.32,-2598,-2.60,4
2019,Exit long,2020-05-15 08:00,TX60,259.38,100,26026,-88,-0.34,0,112,0.43,-116,-0.45,-2686,-2.69,4
2019,Entry long,2020-05-15 07:00,C0|L|MKT|15|v0.3.0-tier0|SPY,260.26,100,26026,-88,-0.34,0,112,0.43,-116,-0.45,-2686,-2.69,4
2020,Exit long,2020-05-19 08:15,TX60,270.54,100,27101,-47,-0.17,0,1,0.00,-126,-0.46,-2733,-2.73,4
2020,Entry long,2020-05-19 07:15,C0|L|MKT|15|v0.3.0-tier0|SPY,271.01,100,27101,-47,-0.17,0,1,0.00,-126,-0.46,-2733,-2.73,4
2021,Exit long,2020-05-20 08:00,TX60,272.41,100,27195,46,0.17,0,86,0.32,-11,-0.04,-2687,-2.69,4
2021,Entry long,2020-05-20 07:00,C0|L|MKT|15|v0.3.0-tier0|SPY,271.95,100,27195,46,0.17,0,86,0.32,-11,-0.04,-2687,-2.69,4
2022,Exit short,2020-05-26 08:00,TX60,276.26,100,27580,-46,-0.17,0,40,0.15,-65,-0.24,-2733,-2.73,4
2022,Entry short,2020-05-26 07:00,C0|S|MKT|15|v0.3.0-tier0|SPY,275.8,100,27580,-46,-0.17,0,40,0.15,-65,-0.24,-2733,-2.73,4
2023,Exit short,2020-05-27 08:00,TX60,273.25,100,27491,166,0.60,0,272,0.99,-69,-0.25,-2567,-2.57,4
2023,Entry short,2020-05-27 07:00,C0|S|MKT|15|v0.3.0-tier0|SPY,274.91,100,27491,166,0.60,0,272,0.99,-69,-0.25,-2567,-2.57,4
2024,Exit short,2020-05-29 08:30,TX60,276.32,100,27650,18,0.07,0,99,0.36,-43,-0.16,-2549,-2.55,4
2024,Entry short,2020-05-29 07:30,C0|S|MKT|15|v0.3.0-tier0|SPY,276.5,100,27650,18,0.07,0,99,0.36,-43,-0.16,-2549,-2.55,4
2025,Exit long,2020-06-01 08:15,TX60,279.35,100,27949,-14,-0.05,0,40,0.14,-41,-0.15,-2563,-2.56,4
2025,Entry long,2020-06-01 07:15,C0|L|MKT|15|v0.3.0-tier0|SPY,279.49,100,27949,-14,-0.05,0,40,0.14,-41,-0.15,-2563,-2.56,4
2026,Exit long,2020-06-02 08:30,TX60,280.32,100,28164,-132,-0.47,0,8,0.03,-190,-0.67,-2695,-2.69,4
2026,Entry long,2020-06-02 07:30,C0|L|MKT|15|v0.3.0-tier0|SPY,281.64,100,28164,-132,-0.47,0,8,0.03,-190,-0.67,-2695,-2.69,4
2027,Exit long,2020-06-03 08:30,TX60,285.75,100,28508,67,0.24,0,95,0.33,-13,-0.05,-2628,-2.63,4
2027,Entry long,2020-06-03 07:30,C0|L|MKT|15|v0.3.0-tier0|SPY,285.08,100,28508,67,0.24,0,95,0.33,-13,-0.05,-2628,-2.63,4
2028,Exit long,2020-06-04 08:00,TX60,286.76,100,28615,61,0.21,0,82,0.29,-18,-0.06,-2567,-2.57,4
2028,Entry long,2020-06-04 07:00,C0|L|MKT|15|v0.3.0-tier0|SPY,286.15,100,28615,61,0.21,0,82,0.29,-18,-0.06,-2567,-2.57,4
2029,Exit long,2020-06-05 08:15,TX60,293.15,100,29203,112,0.38,0,116,0.40,-65,-0.22,-2455,-2.45,4
2029,Entry long,2020-06-05 07:15,C0|L|MKT|15|v0.3.0-tier0|SPY,292.03,100,29203,112,0.38,0,116,0.40,-65,-0.22,-2455,-2.45,4
2030,Exit short,2020-06-08 08:30,TX60,294.46,100,29332,-114,-0.39,0,26,0.09,-133,-0.45,-2569,-2.57,4
2030,Entry short,2020-06-08 07:30,C0|S|MKT|15|v0.3.0-tier0|SPY,293.32,100,29332,-114,-0.39,0,26,0.09,-133,-0.45,-2569,-2.57,4
2031,Exit short,2020-06-09 08:15,TX60,294.49,100,29286,-163,-0.56,0,4,0.01,-213,-0.73,-2732,-2.73,4
2031,Entry short,2020-06-09 07:15,C0|S|MKT|15|v0.3.0-tier0|SPY,292.86,100,29286,-163,-0.56,0,4,0.01,-213,-0.73,-2732,-2.73,4
2032,Exit short,2020-06-10 08:00,TX60,292.18,100,29367,149,0.51,0,189,0.64,-26,-0.09,-2583,-2.58,4
2032,Entry short,2020-06-10 07:00,C0|S|MKT|15|v0.3.0-tier0|SPY,293.67,100,29367,149,0.51,0,189,0.64,-26,-0.09,-2583,-2.58,4
2033,Exit short,2020-06-12 08:15,TX60,277.22,100,28124,402,1.43,0,514,1.83,-72,-0.26,-2181,-2.18,4
2033,Entry short,2020-06-12 07:15,C0|S|MKT|15|v0.3.0-tier0|SPY,281.24,100,28124,402,1.43,0,514,1.83,-72,-0.26,-2181,-2.18,4
2034,Exit long,2020-06-15 08:00,TX60,275.92,100,27502,90,0.33,0,165,0.60,-63,-0.23,-2091,-2.09,4
2034,Entry long,2020-06-15 07:00,C0|L|MKT|15|v0.3.0-tier0|SPY,275.02,100,27502,90,0.33,0,165,0.60,-63,-0.23,-2091,-2.09,4
2035,Exit short,2020-06-17 08:30,TX60,286.33,100,28574,-59,-0.21,0,45,0.16,-159,-0.56,-2150,-2.15,4
2035,Entry short,2020-06-17 07:30,C0|S|MKT|15|v0.3.0-tier0|SPY,285.74,100,28574,-59,-0.21,0,45,0.16,-159,-0.56,-2150,-2.15,4
2036,Exit long,2020-06-18 08:15,TX60,286.14,100,28575,39,0.14,0,59,0.21,-132,-0.46,-2111,-2.11,4
2036,Entry long,2020-06-18 07:15,C0|L|MKT|15|v0.3.0-tier0|SPY,285.75,100,28575,39,0.14,0,59,0.21,-132,-0.46,-2111,-2.11,4
2037,Exit short,2020-06-19 08:00,TX60,287.59,100,28821,62,0.22,0,80,0.28,-37,-0.13,-2049,-2.05,4
2037,Entry short,2020-06-19 07:00,C0|S|MKT|15|v0.3.0-tier0|SPY,288.21,100,28821,62,0.22,0,80,0.28,-37,-0.13,-2049,-2.05,4
2038,Exit long,2020-06-22 08:00,TX60,283.76,100,28415,-39,-0.14,0,102,0.36,-39,-0.14,-2088,-2.09,4
2038,Entry long,2020-06-22 07:00,C0|L|MKT|15|v0.3.0-tier0|SPY,284.15,100,28415,-39,-0.14,0,102,0.36,-39,-0.14,-2088,-2.09,4
2039,Exit short,2020-06-24 08:00,TX60,282.18,100,28336,118,0.42,0,142,0.50,-60,-0.21,-1970,-1.97,4
2039,Entry short,2020-06-24 07:00,C0|S|MKT|15|v0.3.0-tier0|SPY,283.36,100,28336,118,0.42,0,142,0.50,-60,-0.21,-1970,-1.97,4
2040,Exit long,2020-06-25 08:15,TX60,279.61,100,28027,-66,-0.24,0,58,0.21,-155,-0.55,-2036,-2.04,4
2040,Entry long,2020-06-25 07:15,C0|L|MKT|15|v0.3.0-tier0|SPY,280.27,100,28027,-66,-0.24,0,58,0.21,-155,-0.55,-2036,-2.04,4
2041,Exit short,2020-06-26 08:15,TX60,278.51,100,27970,119,0.43,0,278,0.99,0,0.00,-1917,-1.92,4
2041,Entry short,2020-06-26 07:15,C0|S|MKT|15|v0.3.0-tier0|SPY,279.7,100,27970,119,0.43,0,278,0.99,0,0.00,-1917,-1.92,4
2042,Exit long,2020-06-29 08:30,TX60,279.26,100,27810,116,0.42,0,132,0.47,-45,-0.16,-1801,-1.80,4
2042,Entry long,2020-06-29 07:30,C0|L|MKT|15|v0.3.0-tier0|SPY,278.1,100,27810,116,0.42,0,132,0.47,-45,-0.16,-1801,-1.80,4
2043,Exit long,2020-06-30 08:15,TX60,282.57,100,28123,134,0.48,0,148,0.53,-18,-0.06,-1667,-1.67,4
2043,Entry long,2020-06-30 07:15,C0|L|MKT|15|v0.3.0-tier0|SPY,281.23,100,28123,134,0.48,0,148,0.53,-18,-0.06,-1667,-1.67,4
2044,Exit long,2020-07-01 08:30,TX60,284.76,100,28633,-157,-0.55,0,30,0.10,-171,-0.60,-1824,-1.82,4
2044,Entry long,2020-07-01 07:30,C0|L|MKT|15|v0.3.0-tier0|SPY,286.33,100,28633,-157,-0.55,0,30,0.10,-171,-0.60,-1824,-1.82,4
2045,Exit short,2020-07-02 08:30,TX60,288.13,100,28880,67,0.23,0,144,0.50,-66,-0.23,-1757,-1.76,4
2045,Entry short,2020-07-02 07:30,C0|S|MKT|15|v0.3.0-tier0|SPY,288.8,100,28880,67,0.23,0,144,0.50,-66,-0.23,-1757,-1.76,4
2046,Exit long,2020-07-06 08:00,TX60,291.85,100,29171,14,0.05,0,64,0.22,-109,-0.37,-1743,-1.74,4
2046,Entry long,2020-07-06 07:00,C0|L|MKT|15|v0.3.0-tier0|SPY,291.71,100,29171,14,0.05,0,64,0.22,-109,-0.37,-1743,-1.74,4
2047,Exit long,2020-07-07 08:00,TX60,291.77,100,29101,76,0.26,0,95,0.33,-14,-0.05,-1667,-1.67,4
2047,Entry long,2020-07-07 07:00,C0|L|MKT|15|v0.3.0-tier0|SPY,291.01,100,29101,76,0.26,0,95,0.33,-14,-0.05,-1667,-1.67,4
2048,Exit long,2020-07-08 08:00,TX60,290.45,100,29112,-67,-0.23,0,15,0.05,-98,-0.34,-1734,-1.73,4
2048,Entry long,2020-07-08 07:00,C0|L|MKT|15|v0.3.0-tier0|SPY,291.12,100,29112,-67,-0.23,0,15,0.05,-98,-0.34,-1734,-1.73,4
2049,Exit short,2020-07-09 08:30,TX60,287.08,100,29021,313,1.08,0,410,1.41,-24,-0.08,-1421,-1.42,4
2049,Entry short,2020-07-09 07:30,C0|S|MKT|15|v0.3.0-tier0|SPY,290.21,100,29021,313,1.08,0,410,1.41,-24,-0.08,-1421,-1.42,4
2050,Exit short,2020-07-13 08:00,TX60,296.22,100,29432,-190,-0.65,0,32,0.11,-191,-0.65,-1611,-1.61,4
2050,Entry short,2020-07-13 07:00,C0|S|MKT|15|v0.3.0-tier0|SPY,294.32,100,29432,-190,-0.65,0,32,0.11,-191,-0.65,-1611,-1.61,4
2051,Exit short,2020-07-14 08:15,TX60,290.25,100,28772,-253,-0.88,0,8,0.03,-320,-1.11,-1864,-1.86,4
2051,Entry short,2020-07-14 07:15,C0|S|MKT|15|v0.3.0-tier0|SPY,287.72,100,28772,-253,-0.88,0,8,0.03,-320,-1.11,-1864,-1.86,4
2052,Exit short,2020-07-17 08:15,TX60,295.84,100,29562,-22,-0.07,0,116,0.39,-38,-0.13,-1886,-1.89,4
2052,Entry short,2020-07-17 07:15,C0|S|MKT|15|v0.3.0-tier0|SPY,295.62,100,29562,-22,-0.07,0,116,0.39,-38,-0.13,-1886,-1.89,4
2053,Exit long,2020-07-20 08:30,TX60,297.23,100,29712,11,0.04,0,35,0.12,-28,-0.09,-1875,-1.87,4
2053,Entry long,2020-07-20 07:30,C0|L|MKT|15|v0.3.0-tier0|SPY,297.12,100,29712,11,0.04,0,35,0.12,-28,-0.09,-1875,-1.87,4
2054,Exit long,2020-07-21 08:00,TX60,300.61,100,30091,-30,-0.10,0,13,0.04,-121,-0.40,-1905,-1.90,4
2054,Entry long,2020-07-21 07:00,C0|L|MKT|15|v0.3.0-tier0|SPY,300.91,100,30091,-30,-0.10,0,13,0.04,-121,-0.40,-1905,-1.90,4
2055,Exit long,2020-07-22 08:00,TX60,299.49,100,29996,-47,-0.16,0,26,0.09,-92,-0.31,-1952,-1.95,4
2055,Entry long,2020-07-22 07:00,C0|L|MKT|15|v0.3.0-tier0|SPY,299.96,100,29996,-47,-0.16,0,26,0.09,-92,-0.31,-1952,-1.95,4
2056,Exit long,2020-07-23 08:00,TX60,300.45,100,30111,-66,-0.22,0,10,0.03,-133,-0.44,-2018,-2.02,4
2056,Entry long,2020-07-23 07:00,C0|L|MKT|15|v0.3.0-tier0|SPY,301.11,100,30111,-66,-0.22,0,10,0.03,-133,-0.44,-2018,-2.02,4
2057,Exit long,2020-07-24 08:30,TX60,296.21,100,29590,31,0.10,0,62,0.21,-103,-0.35,-1987,-1.99,4
2057,Entry long,2020-07-24 07:30,C0|L|MKT|15|v0.3.0-tier0|SPY,295.9,100,29590,31,0.10,0,62,0.21,-103,-0.35,-1987,-1.99,4
2058,Exit long,2020-07-27 08:00,TX60,297.08,100,29710,-2,-0.01,0,31,0.10,-23,-0.08,-1989,-1.99,4
2058,Entry long,2020-07-27 07:00,C0|L|MKT|15|v0.3.0-tier0|SPY,297.1,100,29710,-2,-0.01,0,31,0.10,-23,-0.08,-1989,-1.99,4
2059,Exit short,2020-07-28 08:00,TX60,297.28,100,29637,-91,-0.31,0,8,0.03,-116,-0.39,-2080,-2.08,4
2059,Entry short,2020-07-28 07:00,C0|S|MKT|15|v0.3.0-tier0|SPY,296.37,100,29637,-91,-0.31,0,8,0.03,-116,-0.39,-2080,-2.08,4
2060,Exit long,2020-07-29 08:15,TX60,297.92,100,29766,26,0.09,0,50,0.17,-4,-0.01,-2054,-2.05,4
2060,Entry long,2020-07-29 07:15,C0|L|MKT|15|v0.3.0-tier0|SPY,297.66,100,29766,26,0.09,0,50,0.17,-4,-0.01,-2054,-2.05,4
2061,Exit short,2020-07-30 08:00,TX60,295.97,100,29482,-115,-0.39,0,46,0.16,-136,-0.46,-2169,-2.17,4
2061,Entry short,2020-07-30 07:00,C0|S|MKT|15|v0.3.0-tier0|SPY,294.82,100,29482,-115,-0.39,0,46,0.16,-136,-0.46,-2169,-2.17,4
2062,Exit short,2020-07-31 08:15,TX60,298.16,100,29785,-31,-0.10,0,93,0.31,-35,-0.12,-2200,-2.20,4
2062,Entry short,2020-07-31 07:15,C0|S|MKT|15|v0.3.0-tier0|SPY,297.85,100,29785,-31,-0.10,0,93,0.31,-35,-0.12,-2200,-2.20,4
2063,Exit long,2020-08-03 08:15,TX60,302.74,100,30291,-17,-0.06,0,19,0.06,-93,-0.31,-2217,-2.22,4
2063,Entry long,2020-08-03 07:15,C0|L|MKT|15|v0.3.0-tier0|SPY,302.91,100,30291,-17,-0.06,0,19,0.06,-93,-0.31,-2217,-2.22,4
2064,Exit long,2020-08-04 08:00,TX60,303.33,100,30265,68,0.22,0,91,0.30,-9,-0.03,-2149,-2.15,4
2064,Entry long,2020-08-04 07:00,C0|L|MKT|15|v0.3.0-tier0|SPY,302.65,100,30265,68,0.22,0,91,0.30,-9,-0.03,-2149,-2.15,4
2065,Exit long,2020-08-05 08:00,TX60,305.61,100,30565,-4,-0.01,0,24,0.08,-25,-0.08,-2153,-2.15,4
2065,Entry long,2020-08-05 07:00,C0|L|MKT|15|v0.3.0-tier0|SPY,305.65,100,30565,-4,-0.01,0,24,0.08,-25,-0.08,-2153,-2.15,4
2066,Exit long,2020-08-06 08:00,TX60,305.48,100,30603,-55,-0.18,0,30,0.10,-108,-0.35,-2208,-2.21,4
2066,Entry long,2020-08-06 07:00,C0|L|MKT|15|v0.3.0-tier0|SPY,306.03,100,30603,-55,-0.18,0,30,0.10,-108,-0.35,-2208,-2.21,4
2067,Exit long,2020-08-07 08:00,TX60,307.95,100,30744,51,0.17,0,68,0.22,-72,-0.23,-2157,-2.16,4
2067,Entry long,2020-08-07 07:00,C0|L|MKT|15|v0.3.0-tier0|SPY,307.44,100,30744,51,0.17,0,68,0.22,-72,-0.23,-2157,-2.16,4
2068,Exit short,2020-08-11 08:15,TX60,310.35,100,30925,-110,-0.36,0,12,0.04,-118,-0.38,-2267,-2.27,4
2068,Entry short,2020-08-11 07:15,C0|S|MKT|15|v0.3.0-tier0|SPY,309.25,100,30925,-110,-0.36,0,12,0.04,-118,-0.38,-2267,-2.27,4
2069,Exit long,2020-08-12 08:00,TX60,310.58,100,30979,79,0.26,0,101,0.33,-26,-0.08,-2188,-2.19,4
2069,Entry long,2020-08-12 07:00,C0|L|MKT|15|v0.3.0-tier0|SPY,309.79,100,30979,79,0.26,0,101,0.33,-26,-0.08,-2188,-2.19,4
2070,Exit long,2020-08-13 08:00,TX60,311.09,100,31112,-3,-0.01,0,13,0.04,-52,-0.17,-2191,-2.19,4
2070,Entry long,2020-08-13 07:00,C0|L|MKT|15|v0.3.0-tier0|SPY,311.12,100,31112,-3,-0.01,0,13,0.04,-52,-0.17,-2191,-2.19,4
2071,Exit long,2020-08-14 08:00,TX60,309.93,100,31005,-12,-0.04,0,33,0.11,-46,-0.15,-2203,-2.20,4
2071,Entry long,2020-08-14 07:00,C0|L|MKT|15|v0.3.0-tier0|SPY,310.05,100,31005,-12,-0.04,0,33,0.11,-46,-0.15,-2203,-2.20,4
2072,Exit short,2020-08-17 08:15,TX60,311.28,100,31096,-32,-0.10,0,17,0.05,-62,-0.20,-2235,-2.23,4
2072,Entry short,2020-08-17 07:15,C0|S|MKT|15|v0.3.0-tier0|SPY,310.96,100,31096,-32,-0.10,0,17,0.05,-62,-0.20,-2235,-2.23,4
2073,Exit short,2020-08-18 08:15,TX60,311.16,100,31093,-23,-0.07,0,93,0.30,-40,-0.13,-2258,-2.26,4
2073,Entry short,2020-08-18 07:15,C0|S|MKT|15|v0.3.0-tier0|SPY,310.93,100,31093,-23,-0.07,0,93,0.30,-40,-0.13,-2258,-2.26,4
2074,Exit long,2020-08-20 08:00,TX60,310.49,100,31012,37,0.12,0,71,0.23,-21,-0.07,-2221,-2.22,4
2074,Entry long,2020-08-20 07:00,C0|L|MKT|15|v0.3.0-tier0|SPY,310.12,100,31012,37,0.12,0,71,0.23,-21,-0.07,-2221,-2.22,4
2075,Exit long,2020-08-21 08:00,TX60,311.85,100,31185,0,0.00,0,28,0.09,-64,-0.21,-2221,-2.22,4
2075,Entry long,2020-08-21 07:00,C0|L|MKT|15|v0.3.0-tier0|SPY,311.85,100,31185,0,0.00,0,28,0.09,-64,-0.21,-2221,-2.22,4
2076,Exit short,2020-08-25 08:15,TX60,316.17,100,31556,-61,-0.19,0,36,0.11,-75,-0.24,-2282,-2.28,4
2076,Entry short,2020-08-25 07:15,C0|S|MKT|15|v0.3.0-tier0|SPY,315.56,100,31556,-61,-0.19,0,36,0.11,-75,-0.24,-2282,-2.28,4
2077,Exit long,2020-08-26 08:30,TX60,318.13,100,31763,50,0.16,0,51,0.16,-5,-0.02,-2232,-2.23,4
2077,Entry long,2020-08-26 07:30,C0|L|MKT|15|v0.3.0-tier0|SPY,317.63,100,31763,50,0.16,0,51,0.16,-5,-0.02,-2232,-2.23,4
2078,Exit long,2020-08-27 08:00,TX60,321.86,100,32164,22,0.07,0,34,0.11,-160,-0.50,-2210,-2.21,4
2078,Entry long,2020-08-27 07:00,C0|L|MKT|15|v0.3.0-tier0|SPY,321.64,100,32164,22,0.07,0,34,0.11,-160,-0.50,-2210,-2.21,4
2079,Exit long,2020-09-01 08:00,TX60,322.99,100,32279,20,0.06,0,81,0.25,-30,-0.09,-2190,-2.19,4
2079,Entry long,2020-09-01 07:00,C0|L|MKT|15|v0.3.0-tier0|SPY,322.79,100,32279,20,0.06,0,81,0.25,-30,-0.09,-2190,-2.19,4
2080,Exit long,2020-09-02 08:30,TX60,326.44,100,32689,-45,-0.14,0,30,0.09,-78,-0.24,-2235,-2.23,4
2080,Entry long,2020-09-02 07:30,C0|L|MKT|15|v0.3.0-tier0|SPY,326.89,100,32689,-45,-0.14,0,30,0.09,-78,-0.24,-2235,-2.23,4
2081,Exit short,2020-09-03 08:15,TX60,321.15,100,32663,548,1.68,0,587,1.80,0,0.00,-1687,-1.69,4
2081,Entry short,2020-09-03 07:15,C0|S|MKT|15|v0.3.0-tier0|SPY,326.63,100,32663,548,1.68,0,587,1.80,0,0.00,-1687,-1.69,4
2082,Exit short,2020-09-04 08:00,TX60,311.64,100,31632,468,1.48,0,793,2.51,-113,-0.36,-1219,-1.22,4
2082,Entry short,2020-09-04 07:00,C0|S|MKT|15|v0.3.0-tier0|SPY,316.32,100,31632,468,1.48,0,793,2.51,-113,-0.36,-1219,-1.22,4
2083,Exit long,2020-09-08 08:15,TX60,310.21,100,31064,-43,-0.14,0,67,0.22,-202,-0.65,-1262,-1.26,4
2083,Entry long,2020-09-08 07:15,C0|L|MKT|15|v0.3.0-tier0|SPY,310.64,100,31064,-43,-0.14,0,67,0.22,-202,-0.65,-1262,-1.26,4
2084,Exit long,2020-09-09 08:00,TX60,312.57,100,31141,116,0.37,0,157,0.50,-4,-0.01,-1146,-1.15,4
2084,Entry long,2020-09-09 07:00,C0|L|MKT|15|v0.3.0-tier0|SPY,311.41,100,31141,116,0.37,0,157,0.50,-4,-0.01,-1146,-1.15,4
2085,Exit short,2020-09-11 08:00,TX60,309.18,100,30770,-148,-0.48,0,37,0.12,-226,-0.73,-1294,-1.29,4
2085,Entry short,2020-09-11 07:00,C0|S|MKT|15|v0.3.0-tier0|SPY,307.7,100,30770,-148,-0.48,0,37,0.12,-226,-0.73,-1294,-1.29,4
2086,Exit long,2020-09-14 08:00,TX60,312.81,100,31221,60,0.19,0,124,0.40,-23,-0.07,-1234,-1.23,4
2086,Entry long,2020-09-14 07:00,C0|L|MKT|15|v0.3.0-tier0|SPY,312.21,100,31221,60,0.19,0,124,0.40,-23,-0.07,-1234,-1.23,4
2087,Exit long,2020-09-17 08:00,TX60,309.77,100,30866,111,0.36,0,191,0.62,-30,-0.10,-1123,-1.12,4
2087,Entry long,2020-09-17 07:00,C0|L|MKT|15|v0.3.0-tier0|SPY,308.66,100,30866,111,0.36,0,191,0.62,-30,-0.10,-1123,-1.12,4
2088,Exit short,2020-09-18 08:00,TX60,307.66,100,30874,108,0.35,0,128,0.41,-98,-0.32,-1015,-1.01,4
2088,Entry short,2020-09-18 07:00,C0|S|MKT|15|v0.3.0-tier0|SPY,308.74,100,30874,108,0.35,0,128,0.41,-98,-0.32,-1015,-1.01,4
2089,Exit short,2020-09-21 08:30,TX60,298.14,100,29834,20,0.07,0,87,0.29,-109,-0.37,-995,-1.00,4
2089,Entry short,2020-09-21 07:30,C0|S|MKT|15|v0.3.0-tier0|SPY,298.34,100,29834,20,0.07,0,87,0.29,-109,-0.37,-995,-1.00,4
2090,Exit short,2020-09-22 08:00,TX60,301.74,100,30277,103,0.34,0,108,0.36,-137,-0.45,-892,-0.89,4
2090,Entry short,2020-09-22 07:00,C0|S|MKT|15|v0.3.0-tier0|SPY,302.77,100,30277,103,0.34,0,108,0.36,-137,-0.45,-892,-0.89,4
2091,Exit short,2020-09-23 08:00,TX60,304.27,100,30495,68,0.22,0,120,0.39,-40,-0.13,-824,-0.82,4
2091,Entry short,2020-09-23 07:00,C0|S|MKT|15|v0.3.0-tier0|SPY,304.95,100,30495,68,0.22,0,120,0.39,-40,-0.13,-824,-0.82,4
2092,Exit long,2020-09-24 08:00,TX60,298.79,100,29790,89,0.30,0,225,0.76,-86,-0.29,-735,-0.73,4
2092,Entry long,2020-09-24 07:00,C0|L|MKT|15|v0.3.0-tier0|SPY,297.9,100,29790,89,0.30,0,225,0.76,-86,-0.29,-735,-0.73,4
2093,Exit short,2020-09-25 08:15,TX60,300.56,100,29765,-291,-0.98,0,15,0.05,-318,-1.07,-1026,-1.03,4
2093,Entry short,2020-09-25 07:15,C0|S|MKT|15|v0.3.0-tier0|SPY,297.65,100,29765,-291,-0.98,0,15,0.05,-318,-1.07,-1026,-1.03,4
2094,Exit long,2020-09-28 08:30,TX60,308.58,100,30880,-22,-0.07,0,44,0.14,-109,-0.35,-1048,-1.05,4
2094,Entry long,2020-09-28 07:30,C0|L|MKT|15|v0.3.0-tier0|SPY,308.8,100,30880,-22,-0.07,0,44,0.14,-109,-0.35,-1048,-1.05,4
2095,Exit long,2020-09-29 08:15,TX60,307.54,100,30929,-175,-0.57,0,23,0.07,-186,-0.60,-1223,-1.22,4
2095,Entry long,2020-09-29 07:15,C0|L|MKT|15|v0.3.0-tier0|SPY,309.29,100,30929,-175,-0.57,0,23,0.07,-186,-0.60,-1223,-1.22,4
2096,Exit long,2020-09-30 08:00,TX60,310.55,100,30983,72,0.23,0,139,0.45,-8,-0.03,-1151,-1.15,4
2096,Entry long,2020-09-30 07:00,C0|L|MKT|15|v0.3.0-tier0|SPY,309.83,100,30983,72,0.23,0,139,0.45,-8,-0.03,-1151,-1.15,4
2097,Exit short,2020-10-01 08:00,TX60,311.29,100,31137,8,0.03,0,109,0.35,-58,-0.19,-1143,-1.14,4
2097,Entry short,2020-10-01 07:00,C0|S|MKT|15|v0.3.0-tier0|SPY,311.37,100,31137,8,0.03,0,109,0.35,-58,-0.19,-1143,-1.14,4
2098,Exit long,2020-10-02 08:15,TX60,309.42,100,30965,-23,-0.07,0,20,0.06,-118,-0.38,-1166,-1.17,4
2098,Entry long,2020-10-02 07:15,C0|L|MKT|15|v0.3.0-tier0|SPY,309.65,100,30965,-23,-0.07,0,20,0.06,-118,-0.38,-1166,-1.17,4
2099,Exit long,2020-10-05 08:15,TX60,312.73,100,31199,74,0.24,0,109,0.35,-2,-0.01,-1092,-1.09,4
2099,Entry long,2020-10-05 07:15,C0|L|MKT|15|v0.3.0-tier0|SPY,311.99,100,31199,74,0.24,0,109,0.35,-2,-0.01,-1092,-1.09,4
2100,Exit long,2020-10-06 08:30,TX60,313.78,100,31466,-88,-0.28,0,20,0.06,-125,-0.40,-1180,-1.18,4
2100,Entry long,2020-10-06 07:30,C0|L|MKT|15|v0.3.0-tier0|SPY,314.66,100,31466,-88,-0.28,0,20,0.06,-125,-0.40,-1180,-1.18,4
2101,Exit long,2020-10-08 08:00,TX60,317.13,100,31732,-19,-0.06,0,33,0.10,-82,-0.26,-1199,-1.20,4
2101,Entry long,2020-10-08 07:00,C0|L|MKT|15|v0.3.0-tier0|SPY,317.32,100,31732,-19,-0.06,0,33,0.10,-82,-0.26,-1199,-1.20,4
2102,Exit short,2020-10-09 08:15,TX60,319.74,100,31905,-69,-0.22,0,17,0.05,-90,-0.28,-1268,-1.27,4
2102,Entry short,2020-10-09 07:15,C0|S|MKT|15|v0.3.0-tier0|SPY,319.05,100,31905,-69,-0.22,0,17,0.05,-90,-0.28,-1268,-1.27,4
2103,Exit long,2020-10-12 08:15,TX60,325.03,100,32352,151,0.47,0,152,0.47,-7,-0.02,-1117,-1.12,4
2103,Entry long,2020-10-12 07:15,C0|L|MKT|15|v0.3.0-tier0|SPY,323.52,100,32352,151,0.47,0,152,0.47,-7,-0.02,-1117,-1.12,4
2104,Exit short,2020-10-13 08:15,TX60,324.97,100,32458,-39,-0.12,0,45,0.14,-59,-0.18,-1156,-1.16,4
2104,Entry short,2020-10-13 07:15,C0|S|MKT|15|v0.3.0-tier0|SPY,324.58,100,32458,-39,-0.12,0,45,0.14,-59,-0.18,-1156,-1.16,4
2105,Exit long,2020-10-14 08:00,TX60,324.25,100,32521,-96,-0.30,0,5,0.02,-178,-0.55,-1252,-1.25,4
2105,Entry long,2020-10-14 07:00,C0|L|MKT|15|v0.3.0-tier0|SPY,325.21,100,32521,-96,-0.30,0,5,0.02,-178,-0.55,-1252,-1.25,4
2106,Exit long,2020-10-15 08:00,TX60,318.74,100,31958,-84,-0.26,0,4,0.01,-167,-0.52,-1336,-1.34,4
2106,Entry long,2020-10-15 07:00,C0|L|MKT|15|v0.3.0-tier0|SPY,319.58,100,31958,-84,-0.26,0,4,0.01,-167,-0.52,-1336,-1.34,4
2107,Exit long,2020-10-16 08:15,TX60,323.15,100,32304,11,0.03,0,125,0.39,-19,-0.06,-1325,-1.32,4
2107,Entry long,2020-10-16 07:15,C0|L|MKT|15|v0.3.0-tier0|SPY,323.04,100,32304,11,0.03,0,125,0.39,-19,-0.06,-1325,-1.32,4
2108,Exit short,2020-10-19 08:00,TX60,320.93,100,32219,126,0.39,0,193,0.60,0,0.00,-1199,-1.20,4
2108,Entry short,2020-10-19 07:00,C0|S|MKT|15|v0.3.0-tier0|SPY,322.19,100,32219,126,0.39,0,193,0.60,0,0.00,-1199,-1.20,4
2109,Exit long,2020-10-20 08:00,TX60,317.67,100,31885,-118,-0.37,0,39,0.12,-118,-0.37,-1317,-1.32,4
2109,Entry long,2020-10-20 07:00,C0|L|MKT|15|v0.3.0-tier0|SPY,318.85,100,31885,-118,-0.37,0,39,0.12,-118,-0.37,-1317,-1.32,4
2110,Exit long,2020-10-21 08:00,TX60,318.11,100,31941,-130,-0.41,0,18,0.06,-148,-0.46,-1447,-1.45,4
2110,Entry long,2020-10-21 07:00,C0|L|MKT|15|v0.3.0-tier0|SPY,319.41,100,31941,-130,-0.41,0,18,0.06,-148,-0.46,-1447,-1.45,4
2111,Exit short,2020-10-22 08:30,TX60,317.17,100,31615,-102,-0.32,0,119,0.38,-135,-0.43,-1549,-1.55,4
2111,Entry short,2020-10-22 07:30,C0|S|MKT|15|v0.3.0-tier0|SPY,316.15,100,31615,-102,-0.32,0,119,0.38,-135,-0.43,-1549,-1.55,4
2112,Exit short,2020-10-23 08:15,TX60,319.1,100,31895,-15,-0.05,0,51,0.16,-28,-0.09,-1564,-1.56,4
2112,Entry short,2020-10-23 07:15,C0|S|MKT|15|v0.3.0-tier0|SPY,318.95,100,31895,-15,-0.05,0,51,0.16,-28,-0.09,-1564,-1.56,4
2113,Exit short,2020-10-26 08:30,TX60,313.25,100,31572,247,0.78,0,307,0.97,-9,-0.03,-1317,-1.32,4
2113,Entry short,2020-10-26 07:30,C0|S|MKT|15|v0.3.0-tier0|SPY,315.72,100,31572,247,0.78,0,307,0.97,-9,-0.03,-1317,-1.32,4
2114,Exit short,2020-10-27 08:30,TX60,313.12,100,31295,-17,-0.05,0,12,0.04,-107,-0.34,-1334,-1.33,4
2114,Entry short,2020-10-27 07:30,C0|S|MKT|15|v0.3.0-tier0|SPY,312.95,100,31295,-17,-0.05,0,12,0.04,-107,-0.34,-1334,-1.33,4
2115,Exit short,2020-10-28 08:00,TX60,303.73,100,30631,258,0.84,0,329,1.07,-14,-0.05,-1076,-1.08,4
2115,Entry short,2020-10-28 07:00,C0|S|MKT|15|v0.3.0-tier0|SPY,306.31,100,30631,258,0.84,0,329,1.07,-14,-0.05,-1076,-1.08,4
2116,Exit long,2020-10-29 08:00,TX60,304.39,100,30315,124,0.41,0,180,0.59,-71,-0.23,-952,-0.95,4
2116,Entry long,2020-10-29 07:00,C0|L|MKT|15|v0.3.0-tier0|SPY,303.15,100,30315,124,0.41,0,180,0.59,-71,-0.23,-952,-0.95,4
2117,Exit short,2020-10-30 08:15,TX60,300.9,100,30250,160,0.53,0,363,1.20,-18,-0.06,-792,-0.79,4
2117,Entry short,2020-10-30 07:15,C0|S|MKT|15|v0.3.0-tier0|SPY,302.5,100,30250,160,0.53,0,363,1.20,-18,-0.06,-792,-0.79,4
2118,Exit long,2020-11-02 08:00,TX60,305.31,100,30587,-56,-0.18,0,142,0.46,-71,-0.23,-848,-0.85,4
2118,Entry long,2020-11-02 07:00,C0|L|MKT|15|v0.3.0-tier0|SPY,305.87,100,30587,-56,-0.18,0,142,0.46,-71,-0.23,-848,-0.85,4
2119,Exit long,2020-11-03 08:00,TX60,312.43,100,31009,234,0.75,0,245,0.79,-14,-0.05,-614,-0.61,4
2119,Entry long,2020-11-03 07:00,C0|L|MKT|15|v0.3.0-tier0|SPY,310.09,100,31009,234,0.75,0,245,0.79,-14,-0.05,-614,-0.61,4
2120,Exit long,2020-11-04 08:00,TX60,319.76,100,31671,305,0.96,0,363,1.15,-19,-0.06,-309,-0.31,4
2120,Entry long,2020-11-04 07:00,C0|L|MKT|15|v0.3.0-tier0|SPY,316.71,100,31671,305,0.96,0,363,1.15,-19,-0.06,-309,-0.31,4
2121,Exit long,2020-11-05 08:15,TX60,324.61,100,32464,-3,-0.01,0,97,0.30,-60,-0.18,-312,-0.31,4
2121,Entry long,2020-11-05 07:15,C0|L|MKT|15|v0.3.0-tier0|SPY,324.64,100,32464,-3,-0.01,0,97,0.30,-60,-0.18,-312,-0.31,4
2122,Exit short,2020-11-09 08:00,TX60,333.18,100,33334,16,0.05,0,136,0.41,-228,-0.68,-296,-0.30,4
2122,Entry short,2020-11-09 07:00,C0|S|MKT|15|v0.3.0-tier0|SPY,333.34,100,33334,16,0.05,0,136,0.41,-228,-0.68,-296,-0.30,4
2123,Exit short,2020-11-11 08:00,TX60,329.14,100,32853,-61,-0.19,0,18,0.05,-90,-0.27,-357,-0.36,4
2123,Entry short,2020-11-11 07:00,C0|S|MKT|15|v0.3.0-tier0|SPY,328.53,100,32853,-61,-0.19,0,18,0.05,-90,-0.27,-357,-0.36,4
2124,Exit long,2020-11-12 08:15,TX60,328.99,100,32926,-27,-0.08,0,28,0.09,-87,-0.26,-384,-0.38,4
2124,Entry long,2020-11-12 07:15,C0|L|MKT|15|v0.3.0-tier0|SPY,329.26,100,32926,-27,-0.08,0,28,0.09,-87,-0.26,-384,-0.38,4
2125,Exit long,2020-11-16 08:30,TX60,334.67,100,33429,38,0.11,0,62,0.19,-20,-0.06,-346,-0.35,4
2125,Entry long,2020-11-16 07:30,C0|L|MKT|15|v0.3.0-tier0|SPY,334.29,100,33429,38,0.11,0,62,0.19,-20,-0.06,-346,-0.35,4
2126,Exit short,2020-11-17 08:00,TX60,333.38,100,33139,-199,-0.60,0,3,0.01,-209,-0.63,-545,-0.55,4
2126,Entry short,2020-11-17 07:00,C0|S|MKT|15|v0.3.0-tier0|SPY,331.39,100,33139,-199,-0.60,0,3,0.01,-209,-0.63,-545,-0.55,4
2127,Exit long,2020-11-19 08:00,TX60,329.08,100,32928,-20,-0.06,0,50,0.15,-124,-0.38,-565,-0.56,4
2127,Entry long,2020-11-19 07:00,C0|L|MKT|15|v0.3.0-tier0|SPY,329.28,100,32928,-20,-0.06,0,50,0.15,-124,-0.38,-565,-0.56,4
2128,Exit short,2020-11-20 08:15,TX60,330.21,100,32950,-71,-0.22,0,17,0.05,-101,-0.31,-636,-0.64,4
2128,Entry short,2020-11-20 07:15,C0|S|MKT|15|v0.3.0-tier0|SPY,329.5,100,32950,-71,-0.22,0,17,0.05,-101,-0.31,-636,-0.64,4
2129,Exit long,2020-11-23 08:00,TX60,330.16,100,33114,-98,-0.30,0,10,0.03,-208,-0.63,-734,-0.73,4
2129,Entry long,2020-11-23 07:00,C0|L|MKT|15|v0.3.0-tier0|SPY,331.14,100,33114,-98,-0.30,0,10,0.03,-208,-0.63,-734,-0.73,4
2130,Exit long,2020-11-24 08:15,TX60,334.46,100,33345,101,0.30,0,123,0.37,-15,-0.04,-633,-0.63,4
2130,Entry long,2020-11-24 07:15,C0|L|MKT|15|v0.3.0-tier0|SPY,333.45,100,33345,101,0.30,0,123,0.37,-15,-0.04,-633,-0.63,4
2131,Exit short,2020-11-25 08:00,TX60,334.75,100,33485,10,0.03,0,63,0.19,-31,-0.09,-623,-0.62,4
2131,Entry short,2020-11-25 07:00,C0|S|MKT|15|v0.3.0-tier0|SPY,334.85,100,33485,10,0.03,0,63,0.19,-31,-0.09,-623,-0.62,4
2132,Exit short,2020-11-27 08:00,TX60,336.54,100,33627,-27,-0.08,0,7,0.02,-45,-0.13,-650,-0.65,4
2132,Entry short,2020-11-27 07:00,C0|S|MKT|15|v0.3.0-tier0|SPY,336.27,100,33627,-27,-0.08,0,7,0.02,-45,-0.13,-650,-0.65,4
2133,Exit short,2020-11-30 08:15,TX60,333.47,100,33455,108,0.32,0,245,0.73,-17,-0.05,-542,-0.54,4
2133,Entry short,2020-11-30 07:15,C0|S|MKT|15|v0.3.0-tier0|SPY,334.55,100,33455,108,0.32,0,245,0.73,-17,-0.05,-542,-0.54,4
2134,Exit long,2020-12-01 08:00,TX60,338.69,100,33856,13,0.04,0,117,0.35,-30,-0.09,-529,-0.53,4
2134,Entry long,2020-12-01 07:00,C0|L|MKT|15|v0.3.0-tier0|SPY,338.56,100,33856,13,0.04,0,117,0.35,-30,-0.09,-529,-0.53,4
2135,Exit long,2020-12-02 08:00,TX60,338.11,100,33786,25,0.07,0,45,0.13,-42,-0.12,-504,-0.50,4
2135,Entry long,2020-12-02 07:00,C0|L|MKT|15|v0.3.0-tier0|SPY,337.86,100,33786,25,0.07,0,45,0.13,-42,-0.12,-504,-0.50,4
2136,Exit long,2020-12-03 08:15,TX60,339.47,100,33977,-30,-0.09,0,47,0.14,-53,-0.16,-534,-0.53,4
2136,Entry long,2020-12-03 07:15,C0|L|MKT|15|v0.3.0-tier0|SPY,339.77,100,33977,-30,-0.09,0,47,0.14,-53,-0.16,-534,-0.53,4
2137,Exit long,2020-12-04 08:30,TX60,341.19,100,34060,59,0.17,0,82,0.24,-1,0.00,-475,-0.47,4
2137,Entry long,2020-12-04 07:30,C0|L|MKT|15|v0.3.0-tier0|SPY,340.6,100,34060,59,0.17,0,82,0.24,-1,0.00,-475,-0.47,4
2138,Exit long,2020-12-07 08:00,TX60,341.47,100,34153,-6,-0.02,0,19,0.06,-30,-0.09,-481,-0.48,4
2138,Entry long,2020-12-07 07:00,C0|L|MKT|15|v0.3.0-tier0|SPY,341.53,100,34153,-6,-0.02,0,19,0.06,-30,-0.09,-481,-0.48,4
2139,Exit long,2020-12-08 08:15,TX60,341.3,100,34089,41,0.12,0,60,0.18,-89,-0.26,-440,-0.44,4
2139,Entry long,2020-12-08 07:15,C0|L|MKT|15|v0.3.0-tier0|SPY,340.89,100,34089,41,0.12,0,60,0.18,-89,-0.26,-440,-0.44,4
2140,Exit short,2020-12-09 08:15,TX60,341.59,100,34178,19,0.06,0,59,0.17,-80,-0.23,-421,-0.42,4
2140,Entry short,2020-12-09 07:15,C0|S|MKT|15|v0.3.0-tier0|SPY,341.78,100,34178,19,0.06,0,59,0.17,-80,-0.23,-421,-0.42,4
2141,Exit long,2020-12-10 08:00,TX60,339.72,100,33950,22,0.06,0,48,0.14,-57,-0.17,-399,-0.40,4
2141,Entry long,2020-12-10 07:00,C0|L|MKT|15|v0.3.0-tier0|SPY,339.5,100,33950,22,0.06,0,48,0.14,-57,-0.17,-399,-0.40,4
2142,Exit long,2020-12-11 08:15,TX60,337.62,100,33820,-58,-0.17,0,13,0.04,-104,-0.31,-457,-0.46,4
2142,Entry long,2020-12-11 07:15,C0|L|MKT|15|v0.3.0-tier0|SPY,338.2,100,33820,-58,-0.17,0,13,0.04,-104,-0.31,-457,-0.46,4
2143,Exit long,2020-12-14 08:00,TX60,340.28,100,34166,-138,-0.40,0,25,0.07,-139,-0.41,-595,-0.60,4
2143,Entry long,2020-12-14 07:00,C0|L|MKT|15|v0.3.0-tier0|SPY,341.66,100,34166,-138,-0.40,0,25,0.07,-139,-0.41,-595,-0.60,4
2144,Exit short,2020-12-15 08:00,TX60,339.08,100,33926,18,0.05,0,78,0.23,-22,-0.06,-577,-0.58,4
2144,Entry short,2020-12-15 07:00,C0|S|MKT|15|v0.3.0-tier0|SPY,339.26,100,33926,18,0.05,0,78,0.23,-22,-0.06,-577,-0.58,4
2145,Exit long,2020-12-16 08:30,TX60,342.26,100,34213,13,0.04,0,17,0.05,-36,-0.11,-564,-0.56,4
2145,Entry long,2020-12-16 07:30,C0|L|MKT|15|v0.3.0-tier0|SPY,342.13,100,34213,13,0.04,0,17,0.05,-36,-0.11,-564,-0.56,4
2146,Exit short,2020-12-17 08:00,TX60,343.55,100,34369,14,0.04,0,33,0.10,-30,-0.09,-550,-0.55,4
2146,Entry short,2020-12-17 07:00,C0|S|MKT|15|v0.3.0-tier0|SPY,343.69,100,34369,14,0.04,0,33,0.10,-30,-0.09,-550,-0.55,4
2147,Exit short,2020-12-18 08:00,TX60,342.67,100,34320,53,0.15,0,109,0.32,0,0.00,-497,-0.50,4
2147,Entry short,2020-12-18 07:00,C0|S|MKT|15|v0.3.0-tier0|SPY,343.2,100,34320,53,0.15,0,109,0.32,0,0.00,-497,-0.50,4
2148,Exit short,2020-12-21 08:15,TX60,338.45,100,33708,-137,-0.41,0,92,0.27,-137,-0.41,-634,-0.63,4
2148,Entry short,2020-12-21 07:15,C0|S|MKT|15|v0.3.0-tier0|SPY,337.08,100,33708,-137,-0.41,0,92,0.27,-137,-0.41,-634,-0.63,4
2149,Exit short,2020-12-22 08:15,TX60,341.5,100,34096,-54,-0.16,0,1,0.00,-105,-0.31,-688,-0.69,4
2149,Entry short,2020-12-22 07:15,C0|S|MKT|15|v0.3.0-tier0|SPY,340.96,100,34096,-54,-0.16,0,1,0.00,-105,-0.31,-688,-0.69,4
2150,Exit long,2020-12-24 08:30,TX60,341.67,100,34227,-60,-0.18,0,9,0.03,-60,-0.18,-748,-0.75,4
2150,Entry long,2020-12-24 07:30,C0|L|MKT|15|v0.3.0-tier0|SPY,342.27,100,34227,-60,-0.18,0,9,0.03,-60,-0.18,-748,-0.75,4
2151,Exit long,2020-12-28 08:30,TX60,345.35,100,34543,-8,-0.02,0,26,0.08,-21,-0.06,-756,-0.76,4
2151,Entry long,2020-12-28 07:30,C0|L|MKT|15|v0.3.0-tier0|SPY,345.43,100,34543,-8,-0.02,0,26,0.08,-21,-0.06,-756,-0.76,4
2152,Exit short,2020-12-29 08:00,TX60,346.09,100,34591,-18,-0.05,0,70,0.20,-33,-0.10,-774,-0.77,4
2152,Entry short,2020-12-29 07:00,C0|S|MKT|15|v0.3.0-tier0|SPY,345.91,100,34591,-18,-0.05,0,70,0.20,-33,-0.10,-774,-0.77,4
2153,Exit long,2020-12-31 08:15,TX60,345.18,100,34537,-19,-0.06,0,26,0.08,-38,-0.11,-793,-0.79,4
2153,Entry long,2020-12-31 07:15,C0|L|MKT|15|v0.3.0-tier0|SPY,345.37,100,34537,-19,-0.06,0,26,0.08,-38,-0.11,-793,-0.79,4
2154,Exit short,2021-01-04 08:00,TX60,343.56,100,34696,340,0.98,0,357,1.03,-6,-0.02,-453,-0.45,4
2154,Entry short,2021-01-04 07:00,C0|S|MKT|15|v0.3.0-tier0|SPY,346.96,100,34696,340,0.98,0,357,1.03,-6,-0.02,-453,-0.45,4
2155,Exit long,2021-01-06 08:00,TX60,348.3,100,34571,259,0.75,0,318,0.92,-33,-0.10,-194,-0.19,4
2155,Entry long,2021-01-06 07:00,C0|L|MKT|15|v0.3.0-tier0|SPY,345.71,100,34571,259,0.75,0,318,0.92,-33,-0.10,-194,-0.19,4
2156,Exit long,2021-01-07 08:00,TX60,352.35,100,35087,148,0.42,0,152,0.43,-10,-0.03,-46,-0.05,4
2156,Entry long,2021-01-07 07:00,C0|L|MKT|15|v0.3.0-tier0|SPY,350.87,100,35087,148,0.42,0,152,0.43,-10,-0.03,-46,-0.05,4
2157,Exit short,2021-01-08 08:30,TX60,352.79,100,35183,-96,-0.27,0,0,0.00,-178,-0.51,-142,-0.14,4
2157,Entry short,2021-01-08 07:30,C0|S|MKT|15|v0.3.0-tier0|SPY,351.83,100,35183,-96,-0.27,0,0,0.00,-178,-0.51,-142,-0.14,4
2158,Exit long,2021-01-11 08:00,TX60,352.4,100,35201,39,0.11,0,73,0.21,-24,-0.07,-103,-0.10,4
2158,Entry long,2021-01-11 07:00,C0|L|MKT|15|v0.3.0-tier0|SPY,352.01,100,35201,39,0.11,0,73,0.21,-24,-0.07,-103,-0.10,4
2159,Exit long,2021-01-12 08:30,TX60,351.89,100,35231,-42,-0.12,0,39,0.11,-57,-0.16,-145,-0.14,4
2159,Entry long,2021-01-12 07:30,C0|L|MKT|15|v0.3.0-tier0|SPY,352.31,100,35231,-42,-0.12,0,39,0.11,-57,-0.16,-145,-0.14,4
2160,Exit long,2021-01-14 08:00,TX60,353.56,100,35360,-4,-0.01,0,29,0.08,-41,-0.12,-149,-0.15,4
2160,Entry long,2021-01-14 07:00,C0|L|MKT|15|v0.3.0-tier0|SPY,353.6,100,35360,-4,-0.01,0,29,0.08,-41,-0.12,-149,-0.15,4
2161,Exit short,2021-01-15 08:15,TX60,348.29,100,34836,7,0.02,0,134,0.38,-52,-0.15,-142,-0.14,4
2161,Entry short,2021-01-15 07:15,C0|S|MKT|15|v0.3.0-tier0|SPY,348.36,100,34836,7,0.02,0,134,0.38,-52,-0.15,-142,-0.14,4
2162,Exit short,2021-01-19 08:00,TX60,350.69,100,35073,4,0.01,0,64,0.18,-40,-0.11,-138,-0.14,4
2162,Entry short,2021-01-19 07:00,C0|S|MKT|15|v0.3.0-tier0|SPY,350.73,100,35073,4,0.01,0,64,0.18,-40,-0.11,-138,-0.14,4
2163,Exit long,2021-01-20 08:15,TX60,355.18,100,35506,12,0.03,0,64,0.18,-18,-0.05,-126,-0.13,4
2163,Entry long,2021-01-20 07:15,C0|L|MKT|15|v0.3.0-tier0|SPY,355.06,100,35506,12,0.03,0,64,0.18,-18,-0.05,-126,-0.13,4
2164,Exit long,2021-01-21 08:30,TX60,356.91,100,35731,-40,-0.11,0,13,0.04,-53,-0.15,-166,-0.17,4
2164,Entry long,2021-01-21 07:30,C0|L|MKT|15|v0.3.0-tier0|SPY,357.31,100,35731,-40,-0.11,0,13,0.04,-53,-0.15,-166,-0.17,4
2165,Exit long,2021-01-22 08:00,TX60,355.4,100,35560,-20,-0.06,0,32,0.09,-104,-0.29,-186,-0.19,4
2165,Entry long,2021-01-22 07:00,C0|L|MKT|15|v0.3.0-tier0|SPY,355.6,100,35560,-20,-0.06,0,32,0.09,-104,-0.29,-186,-0.19,4
2166,Exit long,2021-01-25 08:30,TX60,353.35,100,35707,-372,-1.04,0,7,0.02,-564,-1.58,-558,-0.56,4
2166,Entry long,2021-01-25 07:30,C0|L|MKT|15|v0.3.0-tier0|SPY,357.07,100,35707,-372,-1.04,0,7,0.02,-564,-1.58,-558,-0.56,4
2167,Exit short,2021-01-26 08:15,TX60,356.58,100,35681,23,0.06,0,41,0.11,-68,-0.19,-535,-0.53,4
2167,Entry short,2021-01-26 07:15,C0|S|MKT|15|v0.3.0-tier0|SPY,356.81,100,35681,23,0.06,0,41,0.11,-68,-0.19,-535,-0.53,4
2168,Exit long,2021-01-28 08:15,TX60,353.55,100,35206,149,0.42,0,163,0.46,-70,-0.20,-386,-0.39,4
2168,Entry long,2021-01-28 07:15,C0|L|MKT|15|v0.3.0-tier0|SPY,352.06,100,35206,149,0.42,0,163,0.46,-70,-0.20,-386,-0.39,4
2169,Exit long,2021-01-29 08:30,TX60,346.06,100,34936,-330,-0.94,0,39,0.11,-332,-0.95,-716,-0.72,4
2169,Entry long,2021-01-29 07:30,C0|L|MKT|15|v0.3.0-tier0|SPY,349.36,100,34936,-330,-0.94,0,39,0.11,-332,-0.95,-716,-0.72,4
2170,Exit short,2021-02-01 08:00,TX60,346.16,100,34593,-23,-0.07,0,77,0.22,-132,-0.38,-739,-0.74,4
2170,Entry short,2021-02-01 07:00,C0|S|MKT|15|v0.3.0-tier0|SPY,345.93,100,34593,-23,-0.07,0,77,0.22,-132,-0.38,-739,-0.74,4
2171,Exit long,2021-02-02 08:00,TX60,354.77,100,35368,109,0.31,0,151,0.43,-1,0.00,-630,-0.63,4
2171,Entry long,2021-02-02 07:00,C0|L|MKT|15|v0.3.0-tier0|SPY,353.68,100,35368,109,0.31,0,151,0.43,-1,0.00,-630,-0.63,4
2172,Exit short,2021-02-03 08:30,TX60,354.66,100,35355,-111,-0.31,0,25,0.07,-129,-0.36,-741,-0.74,4
2172,Entry short,2021-02-03 07:30,C0|S|MKT|15|v0.3.0-tier0|SPY,353.55,100,35355,-111,-0.31,0,25,0.07,-129,-0.36,-741,-0.74,4
2173,Exit long,2021-02-04 08:00,TX60,356.8,100,35647,33,0.09,0,47,0.13,-32,-0.09,-708,-0.71,4
2173,Entry long,2021-02-04 07:00,C0|L|MKT|15|v0.3.0-tier0|SPY,356.47,100,35647,33,0.09,0,47,0.13,-32,-0.09,-708,-0.71,4
2174,Exit short,2021-02-05 08:00,TX60,359.98,100,35948,-50,-0.14,0,61,0.17,-76,-0.21,-758,-0.76,4
2174,Entry short,2021-02-05 07:00,C0|S|MKT|15|v0.3.0-tier0|SPY,359.48,100,35948,-50,-0.14,0,61,0.17,-76,-0.21,-758,-0.76,4
2175,Exit long,2021-02-08 08:00,TX60,361.71,100,36178,-7,-0.02,0,29,0.08,-35,-0.10,-765,-0.76,4
2175,Entry long,2021-02-08 07:00,C0|L|MKT|15|v0.3.0-tier0|SPY,361.78,100,36178,-7,-0.02,0,29,0.08,-35,-0.10,-765,-0.76,4
2176,Exit long,2021-02-09 08:00,TX60,362.16,100,36224,-8,-0.02,0,31,0.09,-27,-0.07,-773,-0.77,4
2176,Entry long,2021-02-09 07:00,C0|L|MKT|15|v0.3.0-tier0|SPY,362.24,100,36224,-8,-0.02,0,31,0.09,-27,-0.07,-773,-0.77,4
2177,Exit short,2021-02-10 08:15,TX60,362.08,100,36318,110,0.30,0,336,0.93,-3,-0.01,-663,-0.66,4
2177,Entry short,2021-02-10 07:15,C0|S|MKT|15|v0.3.0-tier0|SPY,363.18,100,36318,110,0.30,0,336,0.93,-3,-0.01,-663,-0.66,4
2178,Exit short,2021-02-11 08:00,TX60,362.7,100,36253,-17,-0.05,0,9,0.02,-86,-0.24,-680,-0.68,4
2178,Entry short,2021-02-11 07:00,C0|S|MKT|15|v0.3.0-tier0|SPY,362.53,100,36253,-17,-0.05,0,9,0.02,-86,-0.24,-680,-0.68,4
2179,Exit long,2021-02-12 08:15,TX60,363.34,100,36281,53,0.15,0,69,0.19,-64,-0.18,-627,-0.63,4
2179,Entry long,2021-02-12 07:15,C0|L|MKT|15|v0.3.0-tier0|SPY,362.81,100,36281,53,0.15,0,69,0.19,-64,-0.18,-627,-0.63,4
2180,Exit short,2021-02-16 08:15,TX60,364.85,100,36495,10,0.03,0,59,0.16,-104,-0.28,-617,-0.62,4
2180,Entry short,2021-02-16 07:15,C0|S|MKT|15|v0.3.0-tier0|SPY,364.95,100,36495,10,0.03,0,59,0.16,-104,-0.28,-617,-0.62,4
2181,Exit long,2021-02-17 08:00,TX60,363.22,100,36310,12,0.03,0,62,0.17,-91,-0.25,-605,-0.60,4
2181,Entry long,2021-02-17 07:00,C0|L|MKT|15|v0.3.0-tier0|SPY,363.1,100,36310,12,0.03,0,62,0.17,-91,-0.25,-605,-0.60,4
2182,Exit short,2021-02-18 08:30,TX60,361.34,100,36072,-62,-0.17,0,68,0.19,-126,-0.35,-667,-0.67,4
2182,Entry short,2021-02-18 07:30,C0|S|MKT|15|v0.3.0-tier0|SPY,360.72,100,36072,-62,-0.17,0,68,0.19,-126,-0.35,-667,-0.67,4
2183,Exit long,2021-02-22 08:15,TX60,359.82,100,36059,-77,-0.21,0,0,0.00,-132,-0.37,-744,-0.74,4
2183,Entry long,2021-02-22 07:15,C0|L|MKT|15|v0.3.0-tier0|SPY,360.59,100,36059,-77,-0.21,0,0,0.00,-132,-0.37,-744,-0.74,4
2184,Exit long,2021-02-24 08:30,TX60,361.57,100,35977,180,0.50,0,229,0.64,-41,-0.11,-564,-0.56,4
2184,Entry long,2021-02-24 07:30,C0|L|MKT|15|v0.3.0-tier0|SPY,359.77,100,35977,180,0.50,0,229,0.64,-41,-0.11,-564,-0.56,4
2185,Exit short,2021-02-25 08:15,TX60,361.3,100,36158,28,0.08,0,170,0.47,-121,-0.33,-536,-0.54,4
2185,Entry short,2021-02-25 07:15,C0|S|MKT|15|v0.3.0-tier0|SPY,361.58,100,36158,28,0.08,0,170,0.47,-121,-0.33,-536,-0.54,4
2186,Exit short,2021-02-26 08:00,TX60,355.03,100,35476,-27,-0.08,0,356,1.00,-82,-0.23,-563,-0.56,4
2186,Entry short,2021-02-26 07:00,C0|S|MKT|15|v0.3.0-tier0|SPY,354.76,100,35476,-27,-0.08,0,356,1.00,-82,-0.23,-563,-0.56,4
2187,Exit long,2021-03-01 08:00,TX60,361.2,100,35929,191,0.53,0,203,0.57,-43,-0.12,-372,-0.37,4
2187,Entry long,2021-03-01 07:00,C0|L|MKT|15|v0.3.0-tier0|SPY,359.29,100,35929,191,0.53,0,203,0.57,-43,-0.12,-372,-0.37,4
2188,Exit short,2021-03-02 08:30,TX60,360.29,100,35984,-45,-0.13,0,54,0.15,-83,-0.23,-417,-0.42,4
2188,Entry short,2021-03-02 07:30,C0|S|MKT|15|v0.3.0-tier0|SPY,359.84,100,35984,-45,-0.13,0,54,0.15,-83,-0.23,-417,-0.42,4
2189,Exit short,2021-03-03 08:00,TX60,357.61,100,35703,-58,-0.16,0,128,0.36,-86,-0.24,-475,-0.47,4
2189,Entry short,2021-03-03 07:00,C0|S|MKT|15|v0.3.0-tier0|SPY,357.03,100,35703,-58,-0.16,0,128,0.36,-86,-0.24,-475,-0.47,4
2190,Exit short,2021-03-04 08:00,TX60,354.59,100,35365,-94,-0.27,0,213,0.60,-145,-0.41,-569,-0.57,4
2190,Entry short,2021-03-04 07:00,C0|S|MKT|15|v0.3.0-tier0|SPY,353.65,100,35365,-94,-0.27,0,213,0.60,-145,-0.41,-569,-0.57,4
2191,Exit short,2021-03-05 08:00,TX60,348.54,100,35036,182,0.52,0,221,0.63,-177,-0.51,-387,-0.39,4
2191,Entry short,2021-03-05 07:00,C0|S|MKT|15|v0.3.0-tier0|SPY,350.36,100,35036,182,0.52,0,221,0.63,-177,-0.51,-387,-0.39,4
2192,Exit long,2021-03-08 08:30,TX60,359.56,100,35908,48,0.13,0,62,0.17,-74,-0.21,-339,-0.34,4
2192,Entry long,2021-03-08 07:30,C0|L|MKT|15|v0.3.0-tier0|SPY,359.08,100,35908,48,0.13,0,62,0.17,-74,-0.21,-339,-0.34,4
2193,Exit long,2021-03-09 08:00,TX60,360.68,100,35959,109,0.30,0,135,0.38,-19,-0.05,-230,-0.23,4
2193,Entry long,2021-03-09 07:00,C0|L|MKT|15|v0.3.0-tier0|SPY,359.59,100,35959,109,0.30,0,135,0.38,-19,-0.05,-230,-0.23,4
2194,Exit long,2021-03-10 08:00,TX60,361.52,100,36243,-91,-0.25,0,46,0.13,-199,-0.55,-321,-0.32,4
2194,Entry long,2021-03-10 07:00,C0|L|MKT|15|v0.3.0-tier0|SPY,362.43,100,36243,-91,-0.25,0,46,0.13,-199,-0.55,-321,-0.32,4
2195,Exit long,2021-03-11 08:00,TX60,365.91,100,36487,104,0.29,0,109,0.30,-91,-0.25,-217,-0.22,4
2195,Entry long,2021-03-11 07:00,C0|L|MKT|15|v0.3.0-tier0|SPY,364.87,100,36487,104,0.29,0,109,0.30,-91,-0.25,-217,-0.22,4
2196,Exit long,2021-03-12 08:00,TX60,363.85,100,36477,-92,-0.25,0,22,0.06,-143,-0.39,-309,-0.31,4
2196,Entry long,2021-03-12 07:00,C0|L|MKT|15|v0.3.0-tier0|SPY,364.77,100,36477,-92,-0.25,0,22,0.06,-143,-0.39,-309,-0.31,4
2197,Exit short,2021-03-15 08:30,TX60,364.9,100,36546,56,0.15,0,66,0.18,-54,-0.15,-253,-0.25,4
2197,Entry short,2021-03-15 07:30,C0|S|MKT|15|v0.3.0-tier0|SPY,365.46,100,36546,56,0.15,0,66,0.18,-54,-0.15,-253,-0.25,4
2198,Exit long,2021-03-16 08:00,TX60,368.92,100,36905,-13,-0.04,0,35,0.09,-39,-0.11,-266,-0.27,4
2198,Entry long,2021-03-16 07:00,C0|L|MKT|15|v0.3.0-tier0|SPY,369.05,100,36905,-13,-0.04,0,35,0.09,-39,-0.11,-266,-0.27,4
2199,Exit long,2021-03-17 08:30,TX60,366.02,100,36652,-50,-0.14,0,0,0.00,-133,-0.36,-316,-0.32,4
2199,Entry long,2021-03-17 07:30,C0|L|MKT|15|v0.3.0-tier0|SPY,366.52,100,36652,-50,-0.14,0,0,0.00,-133,-0.36,-316,-0.32,4
2200,Exit long,2021-03-22 08:00,TX60,365.23,100,36452,71,0.19,0,107,0.29,-24,-0.07,-245,-0.24,4
2200,Entry long,2021-03-22 07:00,C0|L|MKT|15|v0.3.0-tier0|SPY,364.52,100,36452,71,0.19,0,107,0.29,-24,-0.07,-245,-0.24,4
2201,Exit long,2021-03-23 08:00,TX60,365.49,100,36559,-10,-0.03,0,51,0.14,-112,-0.31,-255,-0.25,4
2201,Entry long,2021-03-23 07:00,C0|L|MKT|15|v0.3.0-tier0|SPY,365.59,100,36559,-10,-0.03,0,51,0.14,-112,-0.31,-255,-0.25,4
2202,Exit short,2021-03-24 08:00,TX60,365.4,100,36397,-143,-0.39,0,40,0.11,-155,-0.43,-398,-0.40,4
2202,Entry short,2021-03-24 07:00,C0|S|MKT|15|v0.3.0-tier0|SPY,363.97,100,36397,-143,-0.39,0,40,0.11,-155,-0.43,-398,-0.40,4
2203,Exit long,2021-03-25 08:15,TX60,358.81,100,36030,-149,-0.41,0,30,0.08,-266,-0.74,-547,-0.55,4
2203,Entry long,2021-03-25 07:15,C0|L|MKT|15|v0.3.0-tier0|SPY,360.3,100,36030,-149,-0.41,0,30,0.08,-266,-0.74,-547,-0.55,4
2204,Exit long,2021-03-26 08:15,TX60,364.31,100,36489,-58,-0.16,0,61,0.17,-70,-0.19,-605,-0.60,4
2204,Entry long,2021-03-26 07:15,C0|L|MKT|15|v0.3.0-tier0|SPY,364.89,100,36489,-58,-0.16,0,61,0.17,-70,-0.19,-605,-0.60,4
2205,Exit short,2021-03-29 08:00,TX60,366.3,100,36715,85,0.23,0,105,0.29,-25,-0.07,-520,-0.52,4
2205,Entry short,2021-03-29 07:00,C0|S|MKT|15|v0.3.0-tier0|SPY,367.15,100,36715,85,0.23,0,105,0.29,-25,-0.07,-520,-0.52,4
2206,Exit long,2021-04-01 08:15,TX60,371.87,100,37166,21,0.06,0,63,0.17,-16,-0.04,-499,-0.50,4
2206,Entry long,2021-04-01 07:15,C0|L|MKT|15|v0.3.0-tier0|SPY,371.66,100,37166,21,0.06,0,63,0.17,-16,-0.04,-499,-0.50,4
2207,Exit long,2021-04-05 08:00,TX60,377.89,100,37687,102,0.27,0,138,0.37,-31,-0.08,-397,-0.40,4
2207,Entry long,2021-04-05 07:00,C0|L|MKT|15|v0.3.0-tier0|SPY,376.87,100,37687,102,0.27,0,138,0.37,-31,-0.08,-397,-0.40,4
2208,Exit long,2021-04-06 08:00,TX60,378.95,100,37895,0,0.00,0,38,0.10,-21,-0.06,-397,-0.40,4
2208,Entry long,2021-04-06 07:00,C0|L|MKT|15|v0.3.0-tier0|SPY,378.95,100,37895,0,0.00,0,38,0.10,-21,-0.06,-397,-0.40,4
2209,Exit long,2021-04-07 08:30,TX60,378.45,100,37902,-57,-0.15,0,8,0.02,-63,-0.17,-454,-0.45,4
2209,Entry long,2021-04-07 07:30,C0|L|MKT|15|v0.3.0-tier0|SPY,379.02,100,37902,-57,-0.15,0,8,0.02,-63,-0.17,-454,-0.45,4
2210,Exit short,2021-04-08 08:15,TX60,379.84,100,37927,-57,-0.15,0,7,0.02,-76,-0.20,-511,-0.51,4
2210,Entry short,2021-04-08 07:15,C0|S|MKT|15|v0.3.0-tier0|SPY,379.27,100,37927,-57,-0.15,0,7,0.02,-76,-0.20,-511,-0.51,4
2211,Exit long,2021-04-09 08:00,TX60,380.66,100,38107,-41,-0.11,0,17,0.04,-59,-0.15,-552,-0.55,4
2211,Entry long,2021-04-09 07:00,C0|L|MKT|15|v0.3.0-tier0|SPY,381.07,100,38107,-41,-0.11,0,17,0.04,-59,-0.15,-552,-0.55,4
2212,Exit long,2021-04-13 08:00,TX60,383.64,100,38362,2,0.01,0,38,0.10,-6,-0.02,-550,-0.55,4
2212,Entry long,2021-04-13 07:00,C0|L|MKT|15|v0.3.0-tier0|SPY,383.62,100,38362,2,0.01,0,38,0.10,-6,-0.02,-550,-0.55,4
2213,Exit long,2021-04-14 08:00,TX60,385.13,100,38551,-38,-0.10,0,12,0.03,-59,-0.15,-588,-0.59,4
2213,Entry long,2021-04-14 07:00,C0|L|MKT|15|v0.3.0-tier0|SPY,385.51,100,38551,-38,-0.10,0,12,0.03,-59,-0.15,-588,-0.59,4
2214,Exit long,2021-04-15 08:30,TX60,386.29,100,38619,10,0.03,0,83,0.21,0,0.00,-578,-0.58,4
2214,Entry long,2021-04-15 07:30,C0|L|MKT|15|v0.3.0-tier0|SPY,386.19,100,38619,10,0.03,0,83,0.21,0,0.00,-578,-0.58,4
2215,Exit short,2021-04-16 08:00,TX60,388.09,100,38759,-50,-0.13,0,30,0.08,-88,-0.23,-628,-0.63,4
2215,Entry short,2021-04-16 07:00,C0|S|MKT|15|v0.3.0-tier0|SPY,387.59,100,38759,-50,-0.13,0,30,0.08,-88,-0.23,-628,-0.63,4
2216,Exit short,2021-04-19 08:15,TX60,387.07,100,38695,-12,-0.03,0,92,0.24,-64,-0.17,-640,-0.64,4
2216,Entry short,2021-04-19 07:15,C0|S|MKT|15|v0.3.0-tier0|SPY,386.95,100,38695,-12,-0.03,0,92,0.24,-64,-0.17,-640,-0.64,4
2217,Exit long,2021-04-21 08:00,TX60,385.5,100,38513,37,0.10,0,64,0.17,-39,-0.10,-603,-0.60,4
2217,Entry long,2021-04-21 07:00,C0|L|MKT|15|v0.3.0-tier0|SPY,385.13,100,38513,37,0.10,0,64,0.17,-39,-0.10,-603,-0.60,4
2218,Exit long,2021-04-23 08:00,TX60,387.51,100,38585,166,0.43,0,170,0.44,-8,-0.02,-437,-0.44,4
2218,Entry long,2021-04-23 07:00,C0|L|MKT|15|v0.3.0-tier0|SPY,385.85,100,38585,166,0.43,0,170,0.44,-8,-0.02,-437,-0.44,4
2219,Exit long,2021-04-26 08:15,TX60,389.46,100,38953,-7,-0.02,0,3,0.01,-49,-0.13,-444,-0.44,4
2219,Entry long,2021-04-26 07:15,C0|L|MKT|15|v0.3.0-tier0|SPY,389.53,100,38953,-7,-0.02,0,3,0.01,-49,-0.13,-444,-0.44,4
2220,Exit long,2021-04-28 08:00,TX60,389.41,100,38978,-37,-0.09,0,3,0.01,-61,-0.16,-481,-0.48,4
2220,Entry long,2021-04-28 07:00,C0|L|MKT|15|v0.3.0-tier0|SPY,389.78,100,38978,-37,-0.09,0,3,0.01,-61,-0.16,-481,-0.48,4
2221,Exit short,2021-04-29 08:00,TX60,389.64,100,39086,122,0.31,0,187,0.48,0,0.00,-359,-0.36,4
2221,Entry short,2021-04-29 07:00,C0|S|MKT|15|v0.3.0-tier0|SPY,390.86,100,39086,122,0.31,0,187,0.48,0,0.00,-359,-0.36,4
2222,Exit long,2021-04-30 08:00,TX60,388.91,100,38983,-92,-0.24,0,7,0.02,-106,-0.27,-451,-0.45,4
2222,Entry long,2021-04-30 07:00,C0|L|MKT|15|v0.3.0-tier0|SPY,389.83,100,38983,-92,-0.24,0,7,0.02,-106,-0.27,-451,-0.45,4
2223,Exit long,2021-05-03 08:00,TX60,390.11,100,39078,-67,-0.17,0,24,0.06,-83,-0.21,-518,-0.52,4
2223,Entry long,2021-05-03 07:00,C0|L|MKT|15|v0.3.0-tier0|SPY,390.78,100,39078,-67,-0.17,0,24,0.06,-83,-0.21,-518,-0.52,4
2224,Exit short,2021-05-04 08:00,TX60,385,100,38556,56,0.15,0,67,0.17,-65,-0.17,-462,-0.46,4
2224,Entry short,2021-05-04 07:00,C0|S|MKT|15|v0.3.0-tier0|SPY,385.56,100,38556,56,0.15,0,67,0.17,-65,-0.17,-462,-0.46,4
2225,Exit short,2021-05-05 08:15,TX60,388.11,100,38733,-78,-0.20,0,77,0.20,-86,-0.22,-540,-0.54,4
2225,Entry short,2021-05-05 07:15,C0|S|MKT|15|v0.3.0-tier0|SPY,387.33,100,38733,-78,-0.20,0,77,0.20,-86,-0.22,-540,-0.54,4
2226,Exit short,2021-05-06 08:00,TX60,386.73,100,38637,-36,-0.09,0,100,0.26,-55,-0.14,-576,-0.58,4
2226,Entry short,2021-05-06 07:00,C0|S|MKT|15|v0.3.0-tier0|SPY,386.37,100,38637,-36,-0.09,0,100,0.26,-55,-0.14,-576,-0.58,4
2227,Exit long,2021-05-07 08:00,TX60,393.28,100,39217,111,0.28,0,158,0.40,-9,-0.02,-465,-0.46,4
2227,Entry long,2021-05-07 07:00,C0|L|MKT|15|v0.3.0-tier0|SPY,392.17,100,39217,111,0.28,0,158,0.40,-9,-0.02,-465,-0.46,4
2228,Exit long,2021-05-11 08:00,TX60,383.59,100,38651,-292,-0.76,0,35,0.09,-449,-1.16,-757,-0.76,4
2228,Entry long,2021-05-11 07:00,C0|L|MKT|15|v0.3.0-tier0|SPY,386.51,100,38651,-292,-0.76,0,35,0.09,-449,-1.16,-757,-0.76,4
2229,Exit short,2021-05-12 08:15,TX60,382,100,38264,64,0.17,0,187,0.49,-70,-0.18,-693,-0.69,4
2229,Entry short,2021-05-12 07:15,C0|S|MKT|15|v0.3.0-tier0|SPY,382.64,100,38264,64,0.17,0,187,0.49,-70,-0.18,-693,-0.69,4
2230,Exit long,2021-05-13 08:00,TX60,383.7,100,38202,168,0.44,0,180,0.47,0,0.00,-525,-0.52,4
2230,Entry long,2021-05-13 07:00,C0|L|MKT|15|v0.3.0-tier0|SPY,382.02,100,38202,168,0.44,0,180,0.47,0,0.00,-525,-0.52,4
2231,Exit long,2021-05-14 08:00,TX60,386.86,100,38651,35,0.09,0,44,0.11,-76,-0.20,-490,-0.49,4
2231,Entry long,2021-05-14 07:00,C0|L|MKT|15|v0.3.0-tier0|SPY,386.51,100,38651,35,0.09,0,44,0.11,-76,-0.20,-490,-0.49,4
2232,Exit short,2021-05-17 08:00,TX60,386.46,100,38653,7,0.02,0,90,0.23,-61,-0.16,-483,-0.48,4
2232,Entry short,2021-05-17 07:00,C0|S|MKT|15|v0.3.0-tier0|SPY,386.53,100,38653,7,0.02,0,90,0.23,-61,-0.16,-483,-0.48,4
2233,Exit long,2021-05-20 08:00,TX60,385.65,100,38482,83,0.22,0,102,0.27,-11,-0.03,-400,-0.40,4
2233,Entry long,2021-05-20 07:00,C0|L|MKT|15|v0.3.0-tier0|SPY,384.82,100,38482,83,0.22,0,102,0.27,-11,-0.03,-400,-0.40,4
2234,Exit long,2021-05-21 08:00,TX60,388.53,100,38958,-105,-0.27,0,0,0.00,-172,-0.44,-505,-0.50,4
2234,Entry long,2021-05-21 07:00,C0|L|MKT|15|v0.3.0-tier0|SPY,389.58,100,38958,-105,-0.27,0,0,0.00,-172,-0.44,-505,-0.50,4
2235,Exit long,2021-05-24 08:00,TX60,390.61,100,38958,103,0.26,0,122,0.31,0,0.00,-402,-0.40,4
2235,Entry long,2021-05-24 07:00,C0|L|MKT|15|v0.3.0-tier0|SPY,389.58,100,38958,103,0.26,0,122,0.31,0,0.00,-402,-0.40,4
2236,Exit short,2021-05-25 08:00,TX60,390.74,100,39059,-15,-0.04,0,31,0.08,-35,-0.09,-417,-0.42,4
2236,Entry short,2021-05-25 07:00,C0|S|MKT|15|v0.3.0-tier0|SPY,390.59,100,39059,-15,-0.04,0,31,0.08,-35,-0.09,-417,-0.42,4
2237,Exit short,2021-05-26 08:00,TX60,390.26,100,38932,-94,-0.24,0,15,0.04,-96,-0.25,-511,-0.51,4
2237,Entry short,2021-05-26 07:00,C0|S|MKT|15|v0.3.0-tier0|SPY,389.32,100,38932,-94,-0.24,0,15,0.04,-96,-0.25,-511,-0.51,4
2238,Exit short,2021-05-28 08:15,TX60,391.78,100,39175,-3,-0.01,0,52,0.13,-11,-0.03,-514,-0.51,4
2238,Entry short,2021-05-28 07:15,C0|S|MKT|15|v0.3.0-tier0|SPY,391.75,100,39175,-3,-0.01,0,52,0.13,-11,-0.03,-514,-0.51,4
2239,Exit short,2021-06-01 08:00,TX60,391.09,100,39247,138,0.35,0,172,0.44,-19,-0.05,-376,-0.38,4
2239,Entry short,2021-06-01 07:00,C0|S|MKT|15|v0.3.0-tier0|SPY,392.47,100,39247,138,0.35,0,172,0.44,-19,-0.05,-376,-0.38,4
2240,Exit long,2021-06-02 08:00,TX60,391.91,100,39163,28,0.07,0,54,0.14,-14,-0.04,-348,-0.35,4
2240,Entry long,2021-06-02 07:00,C0|L|MKT|15|v0.3.0-tier0|SPY,391.63,100,39163,28,0.07,0,54,0.14,-14,-0.04,-348,-0.35,4
2241,Exit long,2021-06-04 08:15,TX60,392.98,100,39267,31,0.08,0,42,0.11,-25,-0.06,-317,-0.32,4
2241,Entry long,2021-06-04 07:15,C0|L|MKT|15|v0.3.0-tier0|SPY,392.67,100,39267,31,0.08,0,42,0.11,-25,-0.06,-317,-0.32,4
2242,Exit short,2021-06-07 08:00,TX60,392.87,100,39330,43,0.11,0,84,0.21,0,0.00,-274,-0.27,4
2242,Entry short,2021-06-07 07:00,C0|S|MKT|15|v0.3.0-tier0|SPY,393.3,100,39330,43,0.11,0,84,0.21,0,0.00,-274,-0.27,4
2243,Exit short,2021-06-08 08:00,TX60,393.03,100,39286,-17,-0.04,0,15,0.04,-51,-0.13,-291,-0.29,4
2243,Entry short,2021-06-08 07:00,C0|S|MKT|15|v0.3.0-tier0|SPY,392.86,100,39286,-17,-0.04,0,15,0.04,-51,-0.13,-291,-0.29,4
2244,Exit short,2021-06-11 08:30,TX60,394.54,100,39466,12,0.03,0,58,0.15,-3,-0.01,-279,-0.28,4
2244,Entry short,2021-06-11 07:30,C0|S|MKT|15|v0.3.0-tier0|SPY,394.66,100,39466,12,0.03,0,58,0.15,-3,-0.01,-279,-0.28,4
2245,Exit short,2021-06-14 08:15,TX60,394.69,100,39454,-15,-0.04,0,26,0.07,-44,-0.11,-294,-0.29,4
2245,Entry short,2021-06-14 07:15,C0|S|MKT|15|v0.3.0-tier0|SPY,394.54,100,39454,-15,-0.04,0,26,0.07,-44,-0.11,-294,-0.29,4
2246,Exit short,2021-06-15 08:15,TX60,395.08,100,39540,32,0.08,0,50,0.13,-26,-0.07,-262,-0.26,4
2246,Entry short,2021-06-15 07:15,C0|S|MKT|15|v0.3.0-tier0|SPY,395.4,100,39540,32,0.08,0,50,0.13,-26,-0.07,-262,-0.26,4
2247,Exit short,2021-06-17 08:15,TX60,392.58,100,39253,-5,-0.01,0,8,0.02,-146,-0.37,-267,-0.27,4
2247,Entry short,2021-06-17 07:15,C0|S|MKT|15|v0.3.0-tier0|SPY,392.53,100,39253,-5,-0.01,0,8,0.02,-146,-0.37,-267,-0.27,4
2248,Exit long,2021-06-21 08:00,TX60,392.63,100,39056,207,0.53,0,222,0.57,-7,-0.02,-60,-0.06,4
2248,Entry long,2021-06-21 07:00,C0|L|MKT|15|v0.3.0-tier0|SPY,390.56,100,39056,207,0.53,0,222,0.57,-7,-0.02,-60,-0.06,4
2249,Exit long,2021-06-22 08:30,TX60,394.82,100,39372,110,0.28,0,128,0.33,-4,-0.01,50,0.05,4
2249,Entry long,2021-06-22 07:30,C0|L|MKT|15|v0.3.0-tier0|SPY,393.72,100,39372,110,0.28,0,128,0.33,-4,-0.01,50,0.05,4
2250,Exit long,2021-06-23 08:15,TX60,395.5,100,39611,-61,-0.15,0,22,0.06,-78,-0.20,-11,-0.01,4
2250,Entry long,2021-06-23 07:15,C0|L|MKT|15|v0.3.0-tier0|SPY,396.11,100,39611,-61,-0.15,0,22,0.06,-78,-0.20,-11,-0.01,4
2251,Exit long,2021-06-24 08:30,TX60,397.21,100,39766,-45,-0.11,0,4,0.01,-63,-0.16,-56,-0.06,4
2251,Entry long,2021-06-24 07:30,C0|L|MKT|15|v0.3.0-tier0|SPY,397.66,100,39766,-45,-0.11,0,4,0.01,-63,-0.16,-56,-0.06,4
2252,Exit long,2021-06-25 08:15,TX60,398.28,100,39830,-2,-0.01,0,30,0.08,-28,-0.07,-58,-0.06,4
2252,Entry long,2021-06-25 07:15,C0|L|MKT|15|v0.3.0-tier0|SPY,398.3,100,39830,-2,-0.01,0,30,0.08,-28,-0.07,-58,-0.06,4
2253,Exit long,2021-07-01 08:00,TX60,401.4,100,40127,13,0.03,0,37,0.09,-21,-0.05,-45,-0.04,4
2253,Entry long,2021-07-01 07:00,C0|L|MKT|15|v0.3.0-tier0|SPY,401.27,100,40127,13,0.03,0,37,0.09,-21,-0.05,-45,-0.04,4
2254,Exit long,2021-07-02 08:00,TX60,403.65,100,40358,7,0.02,0,14,0.03,-18,-0.04,-38,-0.04,4
2254,Entry long,2021-07-02 07:00,C0|L|MKT|15|v0.3.0-tier0|SPY,403.58,100,40358,7,0.02,0,14,0.03,-18,-0.04,-38,-0.04,4
2255,Exit short,2021-07-06 08:15,TX60,402.79,100,40433,154,0.38,0,179,0.44,0,0.00,116,0.12,4
2255,Entry short,2021-07-06 07:15,C0|S|MKT|15|v0.3.0-tier0|SPY,404.33,100,40433,154,0.38,0,179,0.44,0,0.00,116,0.12,4
2256,Exit short,2021-07-07 08:30,TX60,405.12,100,40429,-83,-0.21,0,97,0.24,-85,-0.21,33,0.03,4
2256,Entry short,2021-07-07 07:30,C0|S|MKT|15|v0.3.0-tier0|SPY,404.29,100,40429,-83,-0.21,0,97,0.24,-85,-0.21,33,0.03,4
2257,Exit long,2021-07-09 08:00,TX60,405.71,100,40523,48,0.12,0,80,0.20,0,0.00,81,0.08,4
2257,Entry long,2021-07-09 07:00,C0|L|MKT|15|v0.3.0-tier0|SPY,405.23,100,40523,48,0.12,0,80,0.20,0,0.00,81,0.08,4
2258,Exit long,2021-07-12 08:00,TX60,408.09,100,40747,62,0.15,0,72,0.18,-32,-0.08,143,0.14,4
2258,Entry long,2021-07-12 07:00,C0|L|MKT|15|v0.3.0-tier0|SPY,407.47,100,40747,62,0.15,0,72,0.18,-32,-0.08,143,0.14,4
2259,Exit long,2021-07-13 08:15,TX60,408.7,100,40840,30,0.07,0,48,0.12,-12,-0.03,173,0.17,4
2259,Entry long,2021-07-13 07:15,C0|L|MKT|15|v0.3.0-tier0|SPY,408.4,100,40840,30,0.07,0,48,0.12,-12,-0.03,173,0.17,4
2260,Exit short,2021-07-14 08:00,TX60,408.43,100,40847,4,0.01,0,50,0.12,-36,-0.09,177,0.18,4
2260,Entry short,2021-07-14 07:00,C0|S|MKT|15|v0.3.0-tier0|SPY,408.47,100,40847,4,0.01,0,50,0.12,-36,-0.09,177,0.18,4
2261,Exit long,2021-07-15 08:00,TX60,406.36,100,40694,-58,-0.14,0,12,0.03,-113,-0.28,119,0.12,4
2261,Entry long,2021-07-15 07:00,C0|L|MKT|15|v0.3.0-tier0|SPY,406.94,100,40694,-58,-0.14,0,12,0.03,-113,-0.28,119,0.12,4
2262,Exit short,2021-07-16 08:00,TX60,405.46,100,40674,128,0.31,0,192,0.47,-7,-0.02,247,0.25,4
2262,Entry short,2021-07-16 07:00,C0|S|MKT|15|v0.3.0-tier0|SPY,406.74,100,40674,128,0.31,0,192,0.47,-7,-0.02,247,0.25,4
2263,Exit short,2021-07-19 08:00,TX60,396.39,100,39651,12,0.03,0,147,0.37,-32,-0.08,259,0.26,4
2263,Entry short,2021-07-19 07:00,C0|S|MKT|15|v0.3.0-tier0|SPY,396.51,100,39651,12,0.03,0,147,0.37,-32,-0.08,259,0.26,4
2264,Exit long,2021-07-20 08:00,TX60,402.1,100,40023,187,0.47,0,190,0.47,-26,-0.06,446,0.45,4
2264,Entry long,2021-07-20 07:00,C0|L|MKT|15|v0.3.0-tier0|SPY,400.23,100,40023,187,0.47,0,190,0.47,-26,-0.06,446,0.45,4
2265,Exit long,2021-07-21 08:00,TX60,405.12,100,40531,-19,-0.05,0,4,0.01,-74,-0.18,427,0.43,4
2265,Entry long,2021-07-21 07:00,C0|L|MKT|15|v0.3.0-tier0|SPY,405.31,100,40531,-19,-0.05,0,4,0.01,-74,-0.18,427,0.43,4
2266,Exit short,2021-07-23 08:00,TX60,409.65,100,40841,-124,-0.30,0,2,0.00,-130,-0.32,303,0.30,4
2266,Entry short,2021-07-23 07:00,C0|S|MKT|15|v0.3.0-tier0|SPY,408.41,100,40841,-124,-0.30,0,2,0.00,-130,-0.32,303,0.30,4
2267,Exit short,2021-07-27 08:15,TX60,409.92,100,40961,-31,-0.08,0,30,0.07,-84,-0.21,272,0.27,4
2267,Entry short,2021-07-27 07:15,C0|S|MKT|15|v0.3.0-tier0|SPY,409.61,100,40961,-31,-0.08,0,30,0.07,-84,-0.21,272,0.27,4
2268,Exit long,2021-07-30 08:00,TX60,409.92,100,41066,-74,-0.18,0,62,0.15,-80,-0.19,198,0.20,4
2268,Entry long,2021-07-30 07:00,C0|L|MKT|15|v0.3.0-tier0|SPY,410.66,100,41066,-74,-0.18,0,62,0.15,-80,-0.19,198,0.20,4
2269,Exit short,2021-08-03 08:00,TX60,408.86,100,40786,-100,-0.25,0,26,0.06,-163,-0.40,98,0.10,4
2269,Entry short,2021-08-03 07:00,C0|S|MKT|15|v0.3.0-tier0|SPY,407.86,100,40786,-100,-0.25,0,26,0.06,-163,-0.40,98,0.10,4
2270,Exit long,2021-08-04 08:15,TX60,410.95,100,41136,-41,-0.10,0,0,0.00,-101,-0.25,57,0.06,4
2270,Entry long,2021-08-04 07:15,C0|L|MKT|15|v0.3.0-tier0|SPY,411.36,100,41136,-41,-0.10,0,0,0.00,-101,-0.25,57,0.06,4
2271,Exit long,2021-08-05 08:00,TX60,412.15,100,41198,17,0.04,0,25,0.06,-42,-0.10,74,0.07,4
2271,Entry long,2021-08-05 07:00,C0|L|MKT|15|v0.3.0-tier0|SPY,411.98,100,41198,17,0.04,0,25,0.06,-42,-0.10,74,0.07,4
2272,Exit short,2021-08-06 08:00,TX60,413.21,100,41315,-6,-0.01,0,23,0.06,-55,-0.13,68,0.07,4
2272,Entry short,2021-08-06 07:00,C0|S|MKT|15|v0.3.0-tier0|SPY,413.15,100,41315,-6,-0.01,0,23,0.06,-55,-0.13,68,0.07,4
2273,Exit long,2021-08-10 08:00,TX60,413.41,100,41394,-53,-0.13,0,50,0.12,-94,-0.23,15,0.02,4
2273,Entry long,2021-08-10 07:00,C0|L|MKT|15|v0.3.0-tier0|SPY,413.94,100,41394,-53,-0.13,0,50,0.12,-94,-0.23,15,0.02,4
2274,Exit short,2021-08-16 08:00,TX60,414.15,100,41440,25,0.06,0,48,0.12,-68,-0.16,40,0.04,4
2274,Entry short,2021-08-16 07:00,C0|S|MKT|15|v0.3.0-tier0|SPY,414.4,100,41440,25,0.06,0,48,0.12,-68,-0.16,40,0.04,4
2275,Exit long,2021-08-18 08:00,TX60,414.79,100,41506,-27,-0.07,0,47,0.11,-42,-0.10,13,0.01,4
2275,Entry long,2021-08-18 07:00,C0|L|MKT|15|v0.3.0-tier0|SPY,415.06,100,41506,-27,-0.07,0,47,0.11,-42,-0.10,13,0.01,4
2276,Exit long,2021-08-19 08:00,TX60,410.79,100,40987,92,0.22,0,135,0.33,-96,-0.23,105,0.11,4
2276,Entry long,2021-08-19 07:00,C0|L|MKT|15|v0.3.0-tier0|SPY,409.87,100,40987,92,0.22,0,135,0.33,-96,-0.23,105,0.11,4
2277,Exit long,2021-08-20 08:00,TX60,413.24,100,41296,28,0.07,0,108,0.26,-10,-0.02,133,0.13,4
2277,Entry long,2021-08-20 07:00,C0|L|MKT|15|v0.3.0-tier0|SPY,412.96,100,41296,28,0.07,0,108,0.26,-10,-0.02,133,0.13,4
2278,Exit long,2021-08-23 08:00,TX60,418.01,100,41718,83,0.20,0,89,0.21,-17,-0.04,216,0.22,4
2278,Entry long,2021-08-23 07:00,C0|L|MKT|15|v0.3.0-tier0|SPY,417.18,100,41718,83,0.20,0,89,0.21,-17,-0.04,216,0.22,4
2279,Exit long,2021-08-24 08:15,TX60,418.99,100,41884,15,0.04,0,30,0.07,-10,-0.02,231,0.23,4
2279,Entry long,2021-08-24 07:15,C0|L|MKT|15|v0.3.0-tier0|SPY,418.84,100,41884,15,0.04,0,30,0.07,-10,-0.02,231,0.23,4
2280,Exit long,2021-08-25 08:15,TX60,419.38,100,41905,33,0.08,0,34,0.08,-27,-0.06,264,0.26,4
2280,Entry long,2021-08-25 07:15,C0|L|MKT|15|v0.3.0-tier0|SPY,419.05,100,41905,33,0.08,0,34,0.08,-27,-0.06,264,0.26,4
2281,Exit short,2021-08-26 08:00,TX60,417.69,100,41888,119,0.28,0,157,0.37,-40,-0.10,383,0.38,4
2281,Entry short,2021-08-26 07:00,C0|S|MKT|15|v0.3.0-tier0|SPY,418.88,100,41888,119,0.28,0,157,0.37,-40,-0.10,383,0.38,4
2282,Exit long,2021-08-27 08:00,TX60,420.24,100,41851,173,0.41,0,193,0.46,-59,-0.14,556,0.56,4
2282,Entry long,2021-08-27 07:00,C0|L|MKT|15|v0.3.0-tier0|SPY,418.51,100,41851,173,0.41,0,193,0.46,-59,-0.14,556,0.56,4
2283,Exit long,2021-08-30 08:00,TX60,423.2,100,42194,126,0.30,0,127,0.30,-18,-0.04,682,0.68,4
2283,Entry long,2021-08-30 07:00,C0|L|MKT|15|v0.3.0-tier0|SPY,421.94,100,42194,126,0.30,0,127,0.30,-18,-0.04,682,0.68,4
2284,Exit short,2021-08-31 08:00,TX60,422.51,100,42162,-89,-0.21,0,7,0.02,-92,-0.22,593,0.59,4
2284,Entry short,2021-08-31 07:00,C0|S|MKT|15|v0.3.0-tier0|SPY,421.62,100,42162,-89,-0.21,0,7,0.02,-92,-0.22,593,0.59,4
2285,Exit short,2021-09-01 08:00,TX60,422.99,100,42246,-53,-0.13,0,3,0.01,-57,-0.13,540,0.54,4
2285,Entry short,2021-09-01 07:00,C0|S|MKT|15|v0.3.0-tier0|SPY,422.46,100,42246,-53,-0.13,0,3,0.01,-57,-0.13,540,0.54,4
2286,Exit short,2021-09-02 08:15,TX60,423.86,100,42353,-33,-0.08,0,8,0.02,-52,-0.12,507,0.51,4
2286,Entry short,2021-09-02 07:15,C0|S|MKT|15|v0.3.0-tier0|SPY,423.53,100,42353,-33,-0.08,0,8,0.02,-52,-0.12,507,0.51,4
2287,Exit long,2021-09-03 08:15,TX60,423.26,100,42331,-5,-0.01,0,9,0.02,-74,-0.17,502,0.50,4
2287,Entry long,2021-09-03 07:15,C0|L|MKT|15|v0.3.0-tier0|SPY,423.31,100,42331,-5,-0.01,0,9,0.02,-74,-0.17,502,0.50,4
2288,Exit short,2021-09-07 08:00,TX60,422.16,100,42221,5,0.01,0,93,0.22,-7,-0.02,507,0.51,4
2288,Entry short,2021-09-07 07:00,C0|S|MKT|15|v0.3.0-tier0|SPY,422.21,100,42221,5,0.01,0,93,0.22,-7,-0.02,507,0.51,4
2289,Exit long,2021-09-08 08:00,TX60,420.05,100,42177,-172,-0.41,0,36,0.09,-225,-0.53,335,0.34,4
2289,Entry long,2021-09-08 07:00,C0|L|MKT|15|v0.3.0-tier0|SPY,421.77,100,42177,-172,-0.41,0,36,0.09,-225,-0.53,335,0.34,4
2290,Exit long,2021-09-09 08:15,TX60,422.26,100,42281,-55,-0.13,0,17,0.04,-63,-0.15,280,0.28,4
2290,Entry long,2021-09-09 07:15,C0|L|MKT|15|v0.3.0-tier0|SPY,422.81,100,42281,-55,-0.13,0,17,0.04,-63,-0.15,280,0.28,4
2291,Exit short,2021-09-10 08:00,TX60,418.9,100,42030,140,0.33,0,212,0.50,-1,0.00,420,0.42,4
2291,Entry short,2021-09-10 07:00,C0|S|MKT|15|v0.3.0-tier0|SPY,420.3,100,42030,140,0.33,0,212,0.50,-1,0.00,420,0.42,4
2292,Exit short,2021-09-13 08:15,TX60,416.2,100,41670,50,0.12,0,59,0.14,-116,-0.28,470,0.47,4
2292,Entry short,2021-09-13 07:15,C0|S|MKT|15|v0.3.0-tier0|SPY,416.7,100,41670,50,0.12,0,59,0.14,-116,-0.28,470,0.47,4
2293,Exit short,2021-09-14 08:00,TX60,415.88,100,41691,103,0.25,0,137,0.33,-3,-0.01,573,0.57,4
2293,Entry short,2021-09-14 07:00,C0|S|MKT|15|v0.3.0-tier0|SPY,416.91,100,41691,103,0.25,0,137,0.33,-3,-0.01,573,0.57,4
2294,Exit long,2021-09-15 08:00,TX60,415.93,100,41597,-4,-0.01,0,40,0.10,-105,-0.25,569,0.57,4
2294,Entry long,2021-09-15 07:00,C0|L|MKT|15|v0.3.0-tier0|SPY,415.97,100,41597,-4,-0.01,0,40,0.10,-105,-0.25,569,0.57,4
2295,Exit short,2021-09-16 08:00,TX60,415.51,100,41697,146,0.35,0,198,0.47,0,0.00,715,0.72,4
2295,Entry short,2021-09-16 07:00,C0|S|MKT|15|v0.3.0-tier0|SPY,416.97,100,41697,146,0.35,0,198,0.47,0,0.00,715,0.72,4
2296,Exit short,2021-09-17 08:00,TX60,414.78,100,41582,104,0.25,0,145,0.35,-23,-0.06,819,0.82,4
2296,Entry short,2021-09-17 07:00,C0|S|MKT|15|v0.3.0-tier0|SPY,415.82,100,41582,104,0.25,0,145,0.35,-23,-0.06,819,0.82,4
2297,Exit short,2021-09-21 08:15,TX60,408.06,100,40802,-4,-0.01,0,196,0.48,-50,-0.12,815,0.82,4
2297,Entry short,2021-09-21 07:15,C0|S|MKT|15|v0.3.0-tier0|SPY,408.02,100,40802,-4,-0.01,0,196,0.48,-50,-0.12,815,0.82,4
2298,Exit long,2021-09-22 08:00,TX60,410.69,100,40959,110,0.27,0,113,0.28,-21,-0.05,925,0.93,4
2298,Entry long,2021-09-22 07:00,C0|L|MKT|15|v0.3.0-tier0|SPY,409.59,100,40959,110,0.27,0,113,0.28,-21,-0.05,925,0.93,4
2299,Exit long,2021-09-23 08:00,TX60,416.04,100,41464,140,0.34,0,159,0.38,0,0.00,1065,1.07,4
2299,Entry long,2021-09-23 07:00,C0|L|MKT|15|v0.3.0-tier0|SPY,414.64,100,41464,140,0.34,0,159,0.38,0,0.00,1065,1.07,4
2300,Exit long,2021-09-24 08:00,TX60,415.06,100,41595,-89,-0.21,0,27,0.06,-132,-0.32,976,0.98,4
2300,Entry long,2021-09-24 07:00,C0|L|MKT|15|v0.3.0-tier0|SPY,415.95,100,41595,-89,-0.21,0,27,0.06,-132,-0.32,976,0.98,4
2301,Exit long,2021-09-27 08:15,TX60,415.74,100,41571,3,0.01,0,63,0.15,-21,-0.05,979,0.98,4
2301,Entry long,2021-09-27 07:15,C0|L|MKT|15|v0.3.0-tier0|SPY,415.71,100,41571,3,0.01,0,63,0.15,-21,-0.05,979,0.98,4
2302,Exit short,2021-09-28 08:00,TX60,408.46,100,41060,214,0.52,0,286,0.70,-1,0.00,1193,1.19,4
2302,Entry short,2021-09-28 07:00,C0|S|MKT|15|v0.3.0-tier0|SPY,410.6,100,41060,214,0.52,0,286,0.70,-1,0.00,1193,1.19,4
2303,Exit long,2021-09-29 08:00,TX60,409.49,100,40914,35,0.09,0,64,0.16,-81,-0.20,1228,1.23,4
2303,Entry long,2021-09-29 07:00,C0|L|MKT|15|v0.3.0-tier0|SPY,409.14,100,40914,35,0.09,0,64,0.16,-81,-0.20,1228,1.23,4
2304,Exit short,2021-09-30 08:15,TX60,407.3,100,40769,39,0.10,0,134,0.33,-120,-0.29,1267,1.27,4
2304,Entry short,2021-09-30 07:15,C0|S|MKT|15|v0.3.0-tier0|SPY,407.69,100,40769,39,0.10,0,134,0.33,-120,-0.29,1267,1.27,4
2305,Exit short,2021-10-01 08:30,TX60,403.57,100,40100,-257,-0.64,0,41,0.10,-308,-0.77,1010,1.01,4
2305,Entry short,2021-10-01 07:30,C0|S|MKT|15|v0.3.0-tier0|SPY,401,100,40100,-257,-0.64,0,41,0.10,-308,-0.77,1010,1.01,4
2306,Exit short,2021-10-04 08:15,TX60,401.82,100,40499,317,0.78,0,455,1.12,-7,-0.02,1327,1.33,4
2306,Entry short,2021-10-04 07:15,C0|S|MKT|15|v0.3.0-tier0|SPY,404.99,100,40499,317,0.78,0,455,1.12,-7,-0.02,1327,1.33,4
2307,Exit long,2021-10-05 08:00,TX60,407.37,100,40438,299,0.74,0,301,0.74,-11,-0.03,1626,1.63,4
2307,Entry long,2021-10-05 07:00,C0|L|MKT|15|v0.3.0-tier0|SPY,404.38,100,40438,299,0.74,0,301,0.74,-11,-0.03,1626,1.63,4
2308,Exit short,2021-10-06 08:00,TX60,404.09,100,40206,-203,-0.50,0,119,0.30,-252,-0.63,1423,1.42,4
2308,Entry short,2021-10-06 07:00,C0|S|MKT|15|v0.3.0-tier0|SPY,402.06,100,40206,-203,-0.50,0,119,0.30,-252,-0.63,1423,1.42,4
2309,Exit long,2021-10-07 08:00,TX60,413.82,100,41318,64,0.15,0,94,0.23,-11,-0.03,1487,1.49,4
2309,Entry long,2021-10-07 07:00,C0|L|MKT|15|v0.3.0-tier0|SPY,413.18,100,41318,64,0.15,0,94,0.23,-11,-0.03,1487,1.49,4
2310,Exit long,2021-10-11 08:00,TX60,412.21,100,41200,21,0.05,0,80,0.19,-5,-0.01,1508,1.51,4
2310,Entry long,2021-10-11 07:00,C0|L|MKT|15|v0.3.0-tier0|SPY,412,100,41200,21,0.05,0,80,0.19,-5,-0.01,1508,1.51,4
2311,Exit short,2021-10-12 08:00,TX60,407.02,100,40704,2,0.00,0,50,0.12,-106,-0.26,1510,1.51,4
2311,Entry short,2021-10-12 07:00,C0|S|MKT|15|v0.3.0-tier0|SPY,407.04,100,40704,2,0.00,0,50,0.12,-106,-0.26,1510,1.51,4
2312,Exit short,2021-10-13 08:00,TX60,405.74,100,40608,34,0.08,0,145,0.36,-31,-0.08,1544,1.54,4
2312,Entry short,2021-10-13 07:00,C0|S|MKT|15|v0.3.0-tier0|SPY,406.08,100,40608,34,0.08,0,145,0.36,-31,-0.08,1544,1.54,4
2313,Exit long,2021-10-14 08:15,TX60,413.41,100,41323,18,0.04,0,52,0.13,-36,-0.09,1562,1.56,4
2313,Entry long,2021-10-14 07:15,C0|L|MKT|15|v0.3.0-tier0|SPY,413.23,100,41323,18,0.04,0,52,0.13,-36,-0.09,1562,1.56,4
2314,Exit long,2021-10-15 08:00,TX60,417.65,100,41748,17,0.04,0,42,0.10,-86,-0.21,1579,1.58,4
2314,Entry long,2021-10-15 07:00,C0|L|MKT|15|v0.3.0-tier0|SPY,417.48,100,41748,17,0.04,0,42,0.10,-86,-0.21,1579,1.58,4
2315,Exit long,2021-10-18 08:00,TX60,418.03,100,41757,46,0.11,0,65,0.16,-24,-0.06,1625,1.63,4
2315,Entry long,2021-10-18 07:00,C0|L|MKT|15|v0.3.0-tier0|SPY,417.57,100,41757,46,0.11,0,65,0.16,-24,-0.06,1625,1.63,4
2316,Exit long,2021-10-19 08:15,TX60,421.99,100,42148,51,0.12,0,53,0.13,-46,-0.11,1676,1.68,4
2316,Entry long,2021-10-19 07:15,C0|L|MKT|15|v0.3.0-tier0|SPY,421.48,100,42148,51,0.12,0,53,0.13,-46,-0.11,1676,1.68,4
2317,Exit long,2021-10-20 08:00,TX60,423.88,100,42341,47,0.11,0,107,0.25,-22,-0.05,1723,1.72,4
2317,Entry long,2021-10-20 07:00,C0|L|MKT|15|v0.3.0-tier0|SPY,423.41,100,42341,47,0.11,0,107,0.25,-22,-0.05,1723,1.72,4
2318,Exit long,2021-10-21 08:00,TX60,424.19,100,42377,42,0.10,0,84,0.20,-18,-0.04,1765,1.77,4
2318,Entry long,2021-10-21 07:00,C0|L|MKT|15|v0.3.0-tier0|SPY,423.77,100,42377,42,0.10,0,84,0.20,-18,-0.04,1765,1.77,4
2319,Exit long,2021-10-22 08:30,TX60,424.18,100,42629,-211,-0.49,0,0,0.00,-253,-0.59,1554,1.55,4
2319,Entry long,2021-10-22 07:30,C0|L|MKT|15|v0.3.0-tier0|SPY,426.29,100,42629,-211,-0.49,0,0,0.00,-253,-0.59,1554,1.55,4
2320,Exit long,2021-10-26 08:15,TX60,429.49,100,42939,10,0.02,0,50,0.12,-13,-0.03,1564,1.56,4
2320,Entry long,2021-10-26 07:15,C0|L|MKT|15|v0.3.0-tier0|SPY,429.39,100,42939,10,0.02,0,50,0.12,-13,-0.03,1564,1.56,4
2321,Exit long,2021-10-27 08:00,TX60,427.3,100,42852,-122,-0.28,0,10,0.02,-140,-0.33,1442,1.44,4
2321,Entry long,2021-10-27 07:00,C0|L|MKT|15|v0.3.0-tier0|SPY,428.52,100,42852,-122,-0.28,0,10,0.02,-140,-0.33,1442,1.44,4
2322,Exit long,2021-10-28 08:00,TX60,428.93,100,42828,65,0.15,0,110,0.26,-67,-0.16,1507,1.51,4
2322,Entry long,2021-10-28 07:00,C0|L|MKT|15|v0.3.0-tier0|SPY,428.28,100,42828,65,0.15,0,110,0.26,-67,-0.16,1507,1.51,4
2323,Exit short,2021-11-01 08:00,TX60,429.93,100,43064,71,0.16,0,102,0.24,-10,-0.02,1578,1.58,4
2323,Entry short,2021-11-01 07:00,C0|S|MKT|15|v0.3.0-tier0|SPY,430.64,100,43064,71,0.16,0,102,0.24,-10,-0.02,1578,1.58,4
2324,Exit long,2021-11-02 08:00,TX60,432.82,100,43240,42,0.10,0,53,0.12,-40,-0.09,1620,1.62,4
2324,Entry long,2021-11-02 07:00,C0|L|MKT|15|v0.3.0-tier0|SPY,432.4,100,43240,42,0.10,0,53,0.12,-40,-0.09,1620,1.62,4
2325,Exit long,2021-11-04 08:00,TX60,437.39,100,43729,10,0.02,0,58,0.13,-15,-0.03,1630,1.63,4
2325,Entry long,2021-11-04 07:00,C0|L|MKT|15|v0.3.0-tier0|SPY,437.29,100,43729,10,0.02,0,58,0.13,-15,-0.03,1630,1.63,4
2326,Exit short,2021-11-09 08:00,TX60,438.1,100,43779,-31,-0.07,0,71,0.16,-100,-0.23,1599,1.60,4
2326,Entry short,2021-11-09 07:00,C0|S|MKT|15|v0.3.0-tier0|SPY,437.79,100,43779,-31,-0.07,0,71,0.16,-100,-0.23,1599,1.60,4
2327,Exit long,2021-11-10 08:00,TX60,437.66,100,43801,-35,-0.08,0,21,0.05,-46,-0.11,1564,1.56,4
2327,Entry long,2021-11-10 07:00,C0|L|MKT|15|v0.3.0-tier0|SPY,438.01,100,43801,-35,-0.08,0,21,0.05,-46,-0.11,1564,1.56,4
2328,Exit short,2021-11-15 08:15,TX60,438.77,100,43860,-17,-0.04,0,26,0.06,-24,-0.05,1547,1.55,4
2328,Entry short,2021-11-15 07:15,C0|S|MKT|15|v0.3.0-tier0|SPY,438.6,100,43860,-17,-0.04,0,26,0.06,-24,-0.05,1547,1.55,4
2329,Exit long,2021-11-16 08:15,TX60,440,100,43965,35,0.08,0,37,0.08,-80,-0.18,1582,1.58,4
2329,Entry long,2021-11-16 07:15,C0|L|MKT|15|v0.3.0-tier0|SPY,439.65,100,43965,35,0.08,0,37,0.08,-80,-0.18,1582,1.58,4
2330,Exit short,2021-11-17 08:00,TX60,439.25,100,43839,-86,-0.20,0,6,0.01,-117,-0.27,1496,1.50,4
2330,Entry short,2021-11-17 07:00,C0|S|MKT|15|v0.3.0-tier0|SPY,438.39,100,43839,-86,-0.20,0,6,0.01,-117,-0.27,1496,1.50,4
2331,Exit short,2021-11-18 08:00,TX60,438.32,100,43929,97,0.22,0,202,0.46,-16,-0.04,1593,1.59,4
2331,Entry short,2021-11-18 07:00,C0|S|MKT|15|v0.3.0-tier0|SPY,439.29,100,43929,97,0.22,0,202,0.46,-16,-0.04,1593,1.59,4
2332,Exit long,2021-11-19 08:00,TX60,440.17,100,44085,-68,-0.15,0,3,0.01,-129,-0.29,1525,1.53,4
2332,Entry long,2021-11-19 07:00,C0|L|MKT|15|v0.3.0-tier0|SPY,440.85,100,44085,-68,-0.15,0,3,0.01,-129,-0.29,1525,1.53,4
2333,Exit long,2021-11-22 08:00,TX60,443.29,100,44321,8,0.02,0,78,0.18,-5,-0.01,1533,1.53,4
2333,Entry long,2021-11-22 07:00,C0|L|MKT|15|v0.3.0-tier0|SPY,443.21,100,44321,8,0.02,0,78,0.18,-5,-0.01,1533,1.53,4
2334,Exit long,2021-11-23 08:00,TX60,436.05,100,43934,-329,-0.75,0,13,0.03,-333,-0.76,1204,1.20,4
2334,Entry long,2021-11-23 07:00,C0|L|MKT|15|v0.3.0-tier0|SPY,439.34,100,43934,-329,-0.75,0,13,0.03,-333,-0.76,1204,1.20,4
2335,Exit long,2021-11-24 08:30,TX60,439.2,100,43822,98,0.22,0,102,0.23,-62,-0.14,1302,1.30,4
2335,Entry long,2021-11-24 07:30,C0|L|MKT|15|v0.3.0-tier0|SPY,438.22,100,43822,98,0.22,0,102,0.23,-62,-0.14,1302,1.30,4
2336,Exit short,2021-11-26 08:00,TX60,431.51,100,43269,118,0.27,0,228,0.53,-1,0.00,1420,1.42,4
2336,Entry short,2021-11-26 07:00,C0|S|MKT|15|v0.3.0-tier0|SPY,432.69,100,43269,118,0.27,0,228,0.53,-1,0.00,1420,1.42,4
2337,Exit short,2021-11-29 08:30,TX60,434.16,100,43377,-39,-0.09,0,83,0.19,-84,-0.19,1381,1.38,4
2337,Entry short,2021-11-29 07:30,C0|S|MKT|15|v0.3.0-tier0|SPY,433.77,100,43377,-39,-0.09,0,83,0.19,-84,-0.19,1381,1.38,4
2338,Exit long,2021-11-30 08:15,TX60,430.68,100,43410,-342,-0.79,0,96,0.22,-548,-1.26,1039,1.04,4
2338,Entry long,2021-11-30 07:15,C0|L|MKT|15|v0.3.0-tier0|SPY,434.1,100,43410,-342,-0.79,0,96,0.22,-548,-1.26,1039,1.04,4
2339,Exit long,2021-12-01 08:15,TX60,435.34,100,43377,157,0.36,0,158,0.36,-131,-0.30,1196,1.20,4
2339,Entry long,2021-12-01 07:15,C0|L|MKT|15|v0.3.0-tier0|SPY,433.77,100,43377,157,0.36,0,158,0.36,-131,-0.30,1196,1.20,4
2340,Exit long,2021-12-02 08:00,TX60,426.51,100,42743,-92,-0.22,0,42,0.10,-366,-0.86,1104,1.10,4
2340,Entry long,2021-12-02 07:00,C0|L|MKT|15|v0.3.0-tier0|SPY,427.43,100,42743,-92,-0.22,0,42,0.10,-366,-0.86,1104,1.10,4
2341,Exit short,2021-12-03 08:00,TX60,423.78,100,42702,324,0.76,0,357,0.84,-66,-0.15,1428,1.43,4
2341,Entry short,2021-12-03 07:00,C0|S|MKT|15|v0.3.0-tier0|SPY,427.02,100,42702,324,0.76,0,357,0.84,-66,-0.15,1428,1.43,4
2342,Exit long,2021-12-06 08:15,TX60,428.33,100,42920,-87,-0.20,0,65,0.15,-87,-0.20,1341,1.34,4
2342,Entry long,2021-12-06 07:15,C0|L|MKT|15|v0.3.0-tier0|SPY,429.2,100,42920,-87,-0.20,0,65,0.15,-87,-0.20,1341,1.34,4
2343,Exit long,2021-12-07 08:00,TX60,439.25,100,43809,116,0.26,0,144,0.33,-25,-0.06,1457,1.46,4
2343,Entry long,2021-12-07 07:00,C0|L|MKT|15|v0.3.0-tier0|SPY,438.09,100,43809,116,0.26,0,144,0.33,-25,-0.06,1457,1.46,4
2344,Exit short,2021-12-08 08:30,TX60,438.73,100,43831,-42,-0.10,0,60,0.14,-75,-0.17,1415,1.42,4
2344,Entry short,2021-12-08 07:30,C0|S|MKT|15|v0.3.0-tier0|SPY,438.31,100,43831,-42,-0.10,0,60,0.14,-75,-0.17,1415,1.42,4
2345,Exit short,2021-12-09 08:30,TX60,439.36,100,43839,-97,-0.22,0,46,0.10,-101,-0.23,1318,1.32,4
2345,Entry short,2021-12-09 07:30,C0|S|MKT|15|v0.3.0-tier0|SPY,438.39,100,43839,-97,-0.22,0,46,0.10,-101,-0.23,1318,1.32,4
2346,Exit short,2021-12-10 08:00,TX60,438.79,100,43916,37,0.08,0,95,0.22,-110,-0.25,1355,1.36,4
2346,Entry short,2021-12-10 07:00,C0|S|MKT|15|v0.3.0-tier0|SPY,439.16,100,43916,37,0.08,0,95,0.22,-110,-0.25,1355,1.36,4
2347,Exit short,2021-12-13 08:00,TX60,438.6,100,43946,86,0.20,0,134,0.30,-64,-0.15,1441,1.44,4
2347,Entry short,2021-12-13 07:00,C0|S|MKT|15|v0.3.0-tier0|SPY,439.46,100,43946,86,0.20,0,134,0.30,-64,-0.15,1441,1.44,4
2348,Exit short,2021-12-15 08:00,TX60,433.3,100,43283,-47,-0.11,0,44,0.10,-125,-0.29,1394,1.39,4
2348,Entry short,2021-12-15 07:00,C0|S|MKT|15|v0.3.0-tier0|SPY,432.83,100,43283,-47,-0.11,0,44,0.10,-125,-0.29,1394,1.39,4
2349,Exit short,2021-12-16 08:00,TX60,442.11,100,44147,-64,-0.14,0,99,0.22,-135,-0.31,1330,1.33,4
2349,Entry short,2021-12-16 07:00,C0|S|MKT|15|v0.3.0-tier0|SPY,441.47,100,44147,-64,-0.14,0,99,0.22,-135,-0.31,1330,1.33,4
2350,Exit short,2021-12-17 08:15,TX60,437.15,100,43147,-568,-1.32,0,47,0.11,-579,-1.34,762,0.76,4
2350,Entry short,2021-12-17 07:15,C0|S|MKT|15|v0.3.0-tier0|SPY,431.47,100,43147,-568,-1.32,0,47,0.11,-579,-1.34,762,0.76,4
2351,Exit short,2021-12-20 08:15,TX60,424.9,100,42609,119,0.28,0,134,0.31,-104,-0.24,881,0.88,4
2351,Entry short,2021-12-20 07:15,C0|S|MKT|15|v0.3.0-tier0|SPY,426.09,100,42609,119,0.28,0,134,0.31,-104,-0.24,881,0.88,4
2352,Exit short,2021-12-21 08:00,TX60,430.43,100,43038,-5,-0.01,0,103,0.24,-128,-0.30,876,0.88,4
2352,Entry short,2021-12-21 07:00,C0|S|MKT|15|v0.3.0-tier0|SPY,430.38,100,43038,-5,-0.01,0,103,0.24,-128,-0.30,876,0.88,4
2353,Exit long,2021-12-22 08:30,TX60,438.74,100,43673,201,0.46,0,226,0.52,-2,0.00,1077,1.08,4
2353,Entry long,2021-12-22 07:30,C0|L|MKT|15|v0.3.0-tier0|SPY,436.73,100,43673,201,0.46,0,226,0.52,-2,0.00,1077,1.08,4
2354,Exit long,2021-12-23 08:15,TX60,443.41,100,44291,50,0.11,0,70,0.16,-39,-0.09,1127,1.13,4
2354,Entry long,2021-12-23 07:15,C0|L|MKT|15|v0.3.0-tier0|SPY,442.91,100,44291,50,0.11,0,70,0.16,-39,-0.09,1127,1.13,4
2355,Exit long,2021-12-27 08:15,TX60,447.11,100,44598,113,0.25,0,122,0.27,-14,-0.03,1240,1.24,4
2355,Entry long,2021-12-27 07:15,C0|L|MKT|15|v0.3.0-tier0|SPY,445.98,100,44598,113,0.25,0,122,0.27,-14,-0.03,1240,1.24,4
2356,Exit long,2021-12-28 08:00,TX60,449.58,100,45021,-63,-0.14,0,25,0.06,-129,-0.29,1177,1.18,4
2356,Entry long,2021-12-28 07:00,C0|L|MKT|15|v0.3.0-tier0|SPY,450.21,100,45021,-63,-0.14,0,25,0.06,-129,-0.29,1177,1.18,4
2357,Exit short,2021-12-29 08:15,TX60,448.7,100,44832,-38,-0.08,0,51,0.11,-92,-0.21,1139,1.14,4
2357,Entry short,2021-12-29 07:15,C0|S|MKT|15|v0.3.0-tier0|SPY,448.32,100,44832,-38,-0.08,0,51,0.11,-92,-0.21,1139,1.14,4
2358,Exit short,2022-01-03 08:00,TX60,448.03,100,44689,-114,-0.26,0,16,0.04,-172,-0.38,1025,1.03,4
2358,Entry short,2022-01-03 07:00,C0|S|MKT|15|v0.3.0-tier0|SPY,446.89,100,44689,-114,-0.26,0,16,0.04,-172,-0.38,1025,1.03,4
2359,Exit long,2022-01-05 08:30,TX60,449.03,100,44950,-47,-0.10,0,0,0.00,-117,-0.26,978,0.98,4
2359,Entry long,2022-01-05 07:30,C0|L|MKT|15|v0.3.0-tier0|SPY,449.5,100,44950,-47,-0.10,0,0,0.00,-117,-0.26,978,0.98,4
2360,Exit short,2022-01-06 08:00,TX60,441.04,100,43945,-159,-0.36,0,150,0.34,-252,-0.57,819,0.82,4
2360,Entry short,2022-01-06 07:00,C0|S|MKT|15|v0.3.0-tier0|SPY,439.45,100,43945,-159,-0.36,0,150,0.34,-252,-0.57,819,0.82,4
2361,Exit short,2022-01-10 08:00,TX60,430.72,100,43219,147,0.34,0,257,0.59,-23,-0.05,966,0.97,4
2361,Entry short,2022-01-10 07:00,C0|S|MKT|15|v0.3.0-tier0|SPY,432.19,100,43219,147,0.34,0,257,0.59,-23,-0.05,966,0.97,4
2362,Exit long,2022-01-12 08:15,TX60,441.7,100,44510,-340,-0.76,0,1,0.00,-357,-0.80,626,0.63,4
2362,Entry long,2022-01-12 07:15,C0|L|MKT|15|v0.3.0-tier0|SPY,445.1,100,44510,-340,-0.76,0,1,0.00,-357,-0.80,626,0.63,4
2363,Exit short,2022-01-13 08:15,TX60,441.87,100,44330,143,0.32,0,184,0.42,-22,-0.05,769,0.77,4
2363,Entry short,2022-01-13 07:15,C0|S|MKT|15|v0.3.0-tier0|SPY,443.3,100,44330,143,0.32,0,184,0.42,-22,-0.05,769,0.77,4
2364,Exit long,2022-01-14 08:00,TX60,435.29,100,43694,-165,-0.38,0,45,0.10,-242,-0.55,604,0.60,4
2364,Entry long,2022-01-14 07:00,C0|L|MKT|15|v0.3.0-tier0|SPY,436.94,100,43694,-165,-0.38,0,45,0.10,-242,-0.55,604,0.60,4
2365,Exit short,2022-01-19 08:30,TX60,428.71,100,42944,73,0.17,0,158,0.37,-31,-0.07,677,0.68,4
2365,Entry short,2022-01-19 07:30,C0|S|MKT|15|v0.3.0-tier0|SPY,429.44,100,42944,73,0.17,0,158,0.37,-31,-0.07,677,0.68,4
2366,Exit long,2022-01-20 08:00,TX60,431.01,100,42975,126,0.29,0,154,0.36,-112,-0.26,803,0.80,4
2366,Entry long,2022-01-20 07:00,C0|L|MKT|15|v0.3.0-tier0|SPY,429.75,100,42975,126,0.29,0,154,0.36,-112,-0.26,803,0.80,4
2367,Exit short,2022-01-21 08:15,TX60,419.64,100,41585,-379,-0.91,0,123,0.30,-496,-1.19,424,0.42,4
2367,Entry short,2022-01-21 07:15,C0|S|MKT|15|v0.3.0-tier0|SPY,415.85,100,41585,-379,-0.91,0,123,0.30,-496,-1.19,424,0.42,4
2368,Exit short,2022-01-24 08:00,TX60,403.35,100,40373,38,0.09,0,309,0.77,-174,-0.43,462,0.46,4
2368,Entry short,2022-01-24 07:00,C0|S|MKT|15|v0.3.0-tier0|SPY,403.73,100,40373,38,0.09,0,309,0.77,-174,-0.43,462,0.46,4
2369,Exit short,2022-01-25 08:00,TX60,405.53,100,40379,-174,-0.43,0,188,0.47,-455,-1.13,288,0.29,4
2369,Entry short,2022-01-25 07:00,C0|S|MKT|15|v0.3.0-tier0|SPY,403.79,100,40379,-174,-0.43,0,188,0.47,-455,-1.13,288,0.29,4
2370,Exit long,2022-01-26 08:00,TX60,413.17,100,41588,-271,-0.65,0,102,0.25,-419,-1.01,17,0.02,4
2370,Entry long,2022-01-26 07:00,C0|L|MKT|15|v0.3.0-tier0|SPY,415.88,100,41588,-271,-0.65,0,102,0.25,-419,-1.01,17,0.02,4
2371,Exit long,2022-01-27 08:00,TX60,413.24,100,41429,-105,-0.25,0,121,0.29,-415,-1.00,-88,-0.09,4
2371,Entry long,2022-01-27 07:00,C0|L|MKT|15|v0.3.0-tier0|SPY,414.29,100,41429,-105,-0.25,0,121,0.29,-415,-1.00,-88,-0.09,4
2372,Exit short,2022-01-28 08:00,TX60,407.89,100,40317,-472,-1.17,0,63,0.16,-472,-1.17,-560,-0.56,4
2372,Entry short,2022-01-28 07:00,C0|S|MKT|15|v0.3.0-tier0|SPY,403.17,100,40317,-472,-1.17,0,63,0.16,-472,-1.17,-560,-0.56,4
2373,Exit long,2022-01-31 08:00,TX60,418.87,100,41714,173,0.41,0,231,0.55,-4,-0.01,-387,-0.39,4
2373,Entry long,2022-01-31 07:00,C0|L|MKT|15|v0.3.0-tier0|SPY,417.14,100,41714,173,0.41,0,231,0.55,-4,-0.01,-387,-0.39,4
2374,Exit short,2022-02-01 08:30,TX60,423.31,100,42228,-103,-0.24,0,85,0.20,-192,-0.45,-490,-0.49,4
2374,Entry short,2022-02-01 07:30,C0|S|MKT|15|v0.3.0-tier0|SPY,422.28,100,42228,-103,-0.24,0,85,0.20,-192,-0.45,-490,-0.49,4
2375,Exit short,2022-02-02 08:00,TX60,428.19,100,42769,-50,-0.12,0,108,0.25,-144,-0.34,-540,-0.54,4
2375,Entry short,2022-02-02 07:00,C0|S|MKT|15|v0.3.0-tier0|SPY,427.69,100,42769,-50,-0.12,0,108,0.25,-144,-0.34,-540,-0.54,4
2376,Exit long,2022-02-03 08:30,TX60,424.88,100,42579,-91,-0.21,0,41,0.10,-129,-0.30,-631,-0.63,4
2376,Entry long,2022-02-03 07:30,C0|L|MKT|15|v0.3.0-tier0|SPY,425.79,100,42579,-91,-0.21,0,41,0.10,-129,-0.30,-631,-0.63,4
2377,Exit long,2022-02-07 08:00,TX60,423.21,100,42337,-16,-0.04,0,85,0.20,-137,-0.32,-647,-0.65,4
2377,Entry long,2022-02-07 07:00,C0|L|MKT|15|v0.3.0-tier0|SPY,423.37,100,42337,-16,-0.04,0,85,0.20,-137,-0.32,-647,-0.65,4
2378,Exit short,2022-02-08 08:30,TX60,422.48,100,41995,-253,-0.60,0,47,0.11,-284,-0.68,-900,-0.90,4
2378,Entry short,2022-02-08 07:30,C0|S|MKT|15|v0.3.0-tier0|SPY,419.95,100,41995,-253,-0.60,0,47,0.11,-284,-0.68,-900,-0.90,4
2379,Exit long,2022-02-10 08:00,TX60,428.61,100,42829,32,0.07,0,237,0.55,-14,-0.03,-868,-0.87,4
2379,Entry long,2022-02-10 07:00,C0|L|MKT|15|v0.3.0-tier0|SPY,428.29,100,42829,32,0.07,0,237,0.55,-14,-0.03,-868,-0.87,4
2380,Exit short,2022-02-14 08:30,TX60,413.81,100,41301,-80,-0.19,0,149,0.36,-114,-0.28,-948,-0.95,4
2380,Entry short,2022-02-14 07:30,C0|S|MKT|15|v0.3.0-tier0|SPY,413.01,100,41301,-80,-0.19,0,149,0.36,-114,-0.28,-948,-0.95,4
2381,Exit short,2022-02-16 08:00,TX60,416.86,100,41660,-26,-0.06,0,48,0.12,-78,-0.19,-974,-0.97,4
2381,Entry short,2022-02-16 07:00,C0|S|MKT|15|v0.3.0-tier0|SPY,416.6,100,41660,-26,-0.06,0,48,0.12,-78,-0.19,-974,-0.97,4
2382,Exit short,2022-02-17 08:00,TX60,414.85,100,41472,-13,-0.03,0,90,0.22,-85,-0.20,-987,-0.99,4
2382,Entry short,2022-02-17 07:00,C0|S|MKT|15|v0.3.0-tier0|SPY,414.72,100,41472,-13,-0.03,0,90,0.22,-85,-0.20,-987,-0.99,4
2383,Exit long,2022-02-18 08:00,TX60,409.75,100,41249,-274,-0.66,0,24,0.06,-299,-0.72,-1261,-1.26,4
2383,Entry long,2022-02-18 07:00,C0|L|MKT|15|v0.3.0-tier0|SPY,412.49,100,41249,-274,-0.66,0,24,0.06,-299,-0.72,-1261,-1.26,4
2384,Exit long,2022-02-22 08:00,TX60,406.28,100,40854,-226,-0.55,0,123,0.30,-237,-0.58,-1487,-1.49,4
2384,Entry long,2022-02-22 07:00,C0|L|MKT|15|v0.3.0-tier0|SPY,408.54,100,40854,-226,-0.55,0,123,0.30,-237,-0.58,-1487,-1.49,4
2385,Exit short,2022-02-23 08:00,TX60,402.82,100,40566,284,0.70,0,325,0.80,-3,-0.01,-1203,-1.20,4
2385,Entry short,2022-02-23 07:00,C0|S|MKT|15|v0.3.0-tier0|SPY,405.66,100,40566,284,0.70,0,325,0.80,-3,-0.01,-1203,-1.20,4
2386,Exit long,2022-02-24 08:00,TX60,392.42,100,39113,129,0.33,0,230,0.59,-243,-0.62,-1074,-1.07,4
2386,Entry long,2022-02-24 07:00,C0|L|MKT|15|v0.3.0-tier0|SPY,391.13,100,39113,129,0.33,0,230,0.59,-243,-0.62,-1074,-1.07,4
2387,Exit short,2022-02-25 08:00,TX60,407.64,100,40317,-447,-1.11,0,59,0.15,-517,-1.28,-1521,-1.52,4
2387,Entry short,2022-02-25 07:00,C0|S|MKT|15|v0.3.0-tier0|SPY,403.17,100,40317,-447,-1.11,0,59,0.15,-517,-1.28,-1521,-1.52,4
2388,Exit long,2022-02-28 08:00,TX60,410.21,100,40861,160,0.39,0,187,0.46,-227,-0.56,-1361,-1.36,4
2388,Entry long,2022-02-28 07:00,C0|L|MKT|15|v0.3.0-tier0|SPY,408.61,100,40861,160,0.39,0,187,0.46,-227,-0.56,-1361,-1.36,4
2389,Exit short,2022-03-01 08:00,TX60,407.14,100,40917,203,0.50,0,240,0.59,-126,-0.31,-1158,-1.16,4
2389,Entry short,2022-03-01 07:00,C0|S|MKT|15|v0.3.0-tier0|SPY,409.17,100,40917,203,0.50,0,240,0.59,-126,-0.31,-1158,-1.16,4
2390,Exit short,2022-03-02 08:15,TX60,411.14,100,40633,-481,-1.18,0,25,0.06,-491,-1.21,-1639,-1.64,4
2390,Entry short,2022-03-02 07:15,C0|S|MKT|15|v0.3.0-tier0|SPY,406.33,100,40633,-481,-1.18,0,25,0.06,-491,-1.21,-1639,-1.64,4
2391,Exit short,2022-03-03 08:15,TX60,408.6,100,41306,446,1.08,0,447,1.08,0,0.00,-1193,-1.19,4
2391,Entry short,2022-03-03 07:15,C0|S|MKT|15|v0.3.0-tier0|SPY,413.06,100,41306,446,1.08,0,447,1.08,0,0.00,-1193,-1.19,4
2392,Exit short,2022-03-04 08:15,TX60,402.98,100,40371,73,0.18,0,110,0.27,-138,-0.34,-1120,-1.12,4
2392,Entry short,2022-03-04 07:15,C0|S|MKT|15|v0.3.0-tier0|SPY,403.71,100,40371,73,0.18,0,110,0.27,-138,-0.34,-1120,-1.12,4
2393,Exit short,2022-03-07 08:00,TX60,400.42,100,40253,211,0.52,0,257,0.64,-84,-0.21,-909,-0.91,4
2393,Entry short,2022-03-07 07:00,C0|S|MKT|15|v0.3.0-tier0|SPY,402.53,100,40253,211,0.52,0,257,0.64,-84,-0.21,-909,-0.91,4
2394,Exit short,2022-03-08 08:15,TX60,393.65,100,39201,-164,-0.42,0,115,0.29,-296,-0.76,-1073,-1.07,4
2394,Entry short,2022-03-08 07:15,C0|S|MKT|15|v0.3.0-tier0|SPY,392.01,100,39201,-164,-0.42,0,115,0.29,-296,-0.76,-1073,-1.07,4
2395,Exit long,2022-03-09 08:15,TX60,400.09,100,40068,-59,-0.15,0,103,0.26,-95,-0.24,-1132,-1.13,4
2395,Entry long,2022-03-09 07:15,C0|L|MKT|15|v0.3.0-tier0|SPY,400.68,100,40068,-59,-0.15,0,103,0.26,-95,-0.24,-1132,-1.13,4
2396,Exit long,2022-03-10 08:00,TX60,396.85,100,39944,-259,-0.65,0,70,0.18,-282,-0.71,-1391,-1.39,4
2396,Entry long,2022-03-10 07:00,C0|L|MKT|15|v0.3.0-tier0|SPY,399.44,100,39944,-259,-0.65,0,70,0.18,-282,-0.71,-1391,-1.39,4
2397,Exit short,2022-03-11 08:15,TX60,400.22,100,40053,31,0.08,0,72,0.18,-131,-0.33,-1360,-1.36,4
2397,Entry short,2022-03-11 07:15,C0|S|MKT|15|v0.3.0-tier0|SPY,400.53,100,40053,31,0.08,0,72,0.18,-131,-0.33,-1360,-1.36,4
2398,Exit long,2022-03-14 08:15,TX60,398.14,100,39798,16,0.04,0,144,0.36,-86,-0.22,-1344,-1.34,4
2398,Entry long,2022-03-14 07:15,C0|L|MKT|15|v0.3.0-tier0|SPY,397.98,100,39798,16,0.04,0,144,0.36,-86,-0.22,-1344,-1.34,4
2399,Exit long,2022-03-15 08:30,TX60,398.22,100,39683,139,0.35,0,139,0.35,-25,-0.06,-1205,-1.20,4
2399,Entry long,2022-03-15 07:30,C0|L|MKT|15|v0.3.0-tier0|SPY,396.83,100,39683,139,0.35,0,139,0.35,-25,-0.06,-1205,-1.20,4
2400,Exit long,2022-03-16 08:30,TX60,407.31,100,40785,-54,-0.13,0,76,0.19,-125,-0.31,-1259,-1.26,4
2400,Entry long,2022-03-16 07:30,C0|L|MKT|15|v0.3.0-tier0|SPY,407.85,100,40785,-54,-0.13,0,76,0.19,-125,-0.31,-1259,-1.26,4
2401,Exit long,2022-03-17 08:00,TX60,408.97,100,41042,-145,-0.35,0,72,0.18,-208,-0.51,-1404,-1.40,4
2401,Entry long,2022-03-17 07:00,C0|L|MKT|15|v0.3.0-tier0|SPY,410.42,100,41042,-145,-0.35,0,72,0.18,-208,-0.51,-1404,-1.40,4
2402,Exit long,2022-03-18 08:00,TX60,414.87,100,41441,46,0.11,0,171,0.41,-60,-0.14,-1358,-1.36,4
2402,Entry long,2022-03-18 07:00,C0|L|MKT|15|v0.3.0-tier0|SPY,414.41,100,41441,46,0.11,0,171,0.41,-60,-0.14,-1358,-1.36,4
2403,Exit short,2022-03-21 08:00,TX60,419.92,100,41901,-91,-0.22,0,113,0.27,-110,-0.26,-1449,-1.45,4
2403,Entry short,2022-03-21 07:00,C0|S|MKT|15|v0.3.0-tier0|SPY,419.01,100,41901,-91,-0.22,0,113,0.27,-110,-0.26,-1449,-1.45,4
2404,Exit long,2022-03-22 08:15,TX60,423.87,100,42292,95,0.22,0,123,0.29,-37,-0.09,-1354,-1.35,4
2404,Entry long,2022-03-22 07:15,C0|L|MKT|15|v0.3.0-tier0|SPY,422.92,100,42292,95,0.22,0,123,0.29,-37,-0.09,-1354,-1.35,4
2405,Exit short,2022-03-23 08:00,TX60,422.11,100,42102,-109,-0.26,0,35,0.08,-180,-0.43,-1463,-1.46,4
2405,Entry short,2022-03-23 07:00,C0|S|MKT|15|v0.3.0-tier0|SPY,421.02,100,42102,-109,-0.26,0,35,0.08,-180,-0.43,-1463,-1.46,4
2406,Exit long,2022-03-24 08:15,TX60,422.15,100,42141,74,0.18,0,119,0.28,-118,-0.28,-1389,-1.39,4
2406,Entry long,2022-03-24 07:15,C0|L|MKT|15|v0.3.0-tier0|SPY,421.41,100,42141,74,0.18,0,119,0.28,-118,-0.28,-1389,-1.39,4
2407,Exit long,2022-03-25 08:30,TX60,423.83,100,42647,-264,-0.62,0,107,0.25,-321,-0.75,-1653,-1.65,4
2407,Entry long,2022-03-25 07:30,C0|L|MKT|15|v0.3.0-tier0|SPY,426.47,100,42647,-264,-0.62,0,107,0.25,-321,-0.75,-1653,-1.65,4
2408,Exit long,2022-03-28 08:00,TX60,427.81,100,42809,-28,-0.07,0,1,0.00,-147,-0.34,-1681,-1.68,4
2408,Entry long,2022-03-28 07:00,C0|L|MKT|15|v0.3.0-tier0|SPY,428.09,100,42809,-28,-0.07,0,1,0.00,-147,-0.34,-1681,-1.68,4
2409,Exit short,2022-03-29 08:00,TX60,433.4,100,43355,15,0.03,0,204,0.47,-33,-0.08,-1666,-1.67,4
2409,Entry short,2022-03-29 07:00,C0|S|MKT|15|v0.3.0-tier0|SPY,433.55,100,43355,15,0.03,0,204,0.47,-33,-0.08,-1666,-1.67,4
2410,Exit long,2022-03-30 08:00,TX60,434.03,100,43505,-102,-0.23,0,24,0.06,-111,-0.26,-1768,-1.77,4
2410,Entry long,2022-03-30 07:00,C0|L|MKT|15|v0.3.0-tier0|SPY,435.05,100,43505,-102,-0.23,0,24,0.06,-111,-0.26,-1768,-1.77,4
2411,Exit short,2022-03-31 08:30,TX60,431.97,100,43150,-47,-0.11,0,14,0.03,-149,-0.35,-1815,-1.81,4
2411,Entry short,2022-03-31 07:30,C0|S|MKT|15|v0.3.0-tier0|SPY,431.5,100,43150,-47,-0.11,0,14,0.03,-149,-0.35,-1815,-1.81,4
2412,Exit short,2022-04-01 08:30,TX60,426.32,100,42574,-58,-0.14,0,25,0.06,-127,-0.30,-1873,-1.87,4
2412,Entry short,2022-04-01 07:30,C0|S|MKT|15|v0.3.0-tier0|SPY,425.74,100,42574,-58,-0.14,0,25,0.06,-127,-0.30,-1873,-1.87,4
2413,Exit long,2022-04-04 08:00,TX60,428.95,100,42898,-3,-0.01,0,42,0.10,-96,-0.22,-1876,-1.88,4
2413,Entry long,2022-04-04 07:00,C0|L|MKT|15|v0.3.0-tier0|SPY,428.98,100,42898,-3,-0.01,0,42,0.10,-96,-0.22,-1876,-1.88,4
2414,Exit short,2022-04-05 08:15,TX60,429.32,100,42938,6,0.01,0,105,0.24,-54,-0.13,-1870,-1.87,4
2414,Entry short,2022-04-05 07:15,C0|S|MKT|15|v0.3.0-tier0|SPY,429.38,100,42938,6,0.01,0,105,0.24,-54,-0.13,-1870,-1.87,4
2415,Exit short,2022-04-06 08:00,TX60,419.97,100,42059,62,0.15,0,104,0.25,-23,-0.05,-1808,-1.81,4
2415,Entry short,2022-04-06 07:00,C0|S|MKT|15|v0.3.0-tier0|SPY,420.59,100,42059,62,0.15,0,104,0.25,-23,-0.05,-1808,-1.81,4
2416,Exit short,2022-04-08 08:00,TX60,424.54,100,42103,-351,-0.83,0,12,0.03,-355,-0.84,-2159,-2.16,4
2416,Entry short,2022-04-08 07:00,C0|S|MKT|15|v0.3.0-tier0|SPY,421.03,100,42103,-351,-0.83,0,12,0.03,-355,-0.84,-2159,-2.16,4
2417,Exit short,2022-04-11 08:30,TX60,417.18,100,41790,72,0.17,0,109,0.26,-4,-0.01,-2087,-2.09,4
2417,Entry short,2022-04-11 07:30,C0|S|MKT|15|v0.3.0-tier0|SPY,417.9,100,41790,72,0.17,0,109,0.26,-4,-0.01,-2087,-2.09,4
2418,Exit long,2022-04-12 08:00,TX60,417.73,100,42013,-240,-0.57,0,15,0.04,-274,-0.65,-2327,-2.33,4
2418,Entry long,2022-04-12 07:00,C0|L|MKT|15|v0.3.0-tier0|SPY,420.13,100,42013,-240,-0.57,0,15,0.04,-274,-0.65,-2327,-2.33,4
2419,Exit short,2022-04-14 08:00,TX60,416.62,100,41737,75,0.18,0,160,0.38,-70,-0.17,-2252,-2.25,4
2419,Entry short,2022-04-14 07:00,C0|S|MKT|15|v0.3.0-tier0|SPY,417.37,100,41737,75,0.18,0,160,0.38,-70,-0.17,-2252,-2.25,4
2420,Exit long,2022-04-19 08:00,TX60,418.27,100,41661,166,0.40,0,230,0.55,-21,-0.05,-2086,-2.09,4
2420,Entry long,2022-04-19 07:00,C0|L|MKT|15|v0.3.0-tier0|SPY,416.61,100,41661,166,0.40,0,230,0.55,-21,-0.05,-2086,-2.09,4
2421,Exit short,2022-04-20 08:00,TX60,421.82,100,41997,-185,-0.44,0,54,0.13,-216,-0.51,-2271,-2.27,4
2421,Entry short,2022-04-20 07:00,C0|S|MKT|15|v0.3.0-tier0|SPY,419.97,100,41997,-185,-0.44,0,54,0.13,-216,-0.51,-2271,-2.27,4
2422,Exit short,2022-04-21 08:15,TX60,422.23,100,42330,107,0.25,0,153,0.36,-44,-0.10,-2164,-2.16,4
2422,Entry short,2022-04-21 07:15,C0|S|MKT|15|v0.3.0-tier0|SPY,423.3,100,42330,107,0.25,0,153,0.36,-44,-0.10,-2164,-2.16,4
2423,Exit short,2022-04-22 08:30,TX60,408.4,100,40862,22,0.05,0,94,0.23,-107,-0.26,-2142,-2.14,4
2423,Entry short,2022-04-22 07:30,C0|S|MKT|15|v0.3.0-tier0|SPY,408.62,100,40862,22,0.05,0,94,0.23,-107,-0.26,-2142,-2.14,4
2424,Exit short,2022-04-25 08:00,TX60,397.08,100,39676,-32,-0.08,0,35,0.09,-379,-0.96,-2174,-2.17,4
2424,Entry short,2022-04-25 07:00,C0|S|MKT|15|v0.3.0-tier0|SPY,396.76,100,39676,-32,-0.08,0,35,0.09,-379,-0.96,-2174,-2.17,4
2425,Exit short,2022-04-26 08:00,TX60,397.4,100,40003,263,0.66,0,314,0.78,-73,-0.18,-1911,-1.91,4
2425,Entry short,2022-04-26 07:00,C0|S|MKT|15|v0.3.0-tier0|SPY,400.03,100,40003,263,0.66,0,314,0.78,-73,-0.18,-1911,-1.91,4
2426,Exit long,2022-04-27 08:00,TX60,394.56,100,39713,-257,-0.65,0,92,0.23,-542,-1.36,-2168,-2.17,4
2426,Entry long,2022-04-27 07:00,C0|L|MKT|15|v0.3.0-tier0|SPY,397.13,100,39713,-257,-0.65,0,92,0.23,-542,-1.36,-2168,-2.17,4
2427,Exit short,2022-04-28 08:15,TX60,397.19,100,39592,-127,-0.32,0,177,0.45,-130,-0.33,-2295,-2.30,4
2427,Entry short,2022-04-28 07:15,C0|S|MKT|15|v0.3.0-tier0|SPY,395.92,100,39592,-127,-0.32,0,177,0.45,-130,-0.33,-2295,-2.30,4
2428,Exit long,2022-04-29 08:00,TX60,397.11,100,40179,-468,-1.16,0,14,0.03,-543,-1.35,-2763,-2.76,4
2428,Entry long,2022-04-29 07:00,C0|L|MKT|15|v0.3.0-tier0|SPY,401.79,100,40179,-468,-1.16,0,14,0.03,-543,-1.35,-2763,-2.76,4
2429,Exit long,2022-05-02 08:30,TX60,387.59,100,39117,-358,-0.92,0,138,0.35,-419,-1.07,-3121,-3.12,4
2429,Entry long,2022-05-02 07:30,C0|L|MKT|15|v0.3.0-tier0|SPY,391.17,100,39117,-358,-0.92,0,138,0.35,-419,-1.07,-3121,-3.12,4
2430,Exit long,2022-05-03 08:30,TX60,394.51,100,39241,210,0.54,0,263,0.67,-174,-0.44,-2911,-2.91,4
2430,Entry long,2022-05-03 07:30,C0|L|MKT|15|v0.3.0-tier0|SPY,392.41,100,39241,210,0.54,0,263,0.67,-174,-0.44,-2911,-2.91,4
2431,Exit short,2022-05-04 08:00,TX60,391.76,100,39264,88,0.22,0,164,0.42,-15,-0.04,-2823,-2.82,4
2431,Entry short,2022-05-04 07:00,C0|S|MKT|15|v0.3.0-tier0|SPY,392.64,100,39264,88,0.22,0,164,0.42,-15,-0.04,-2823,-2.82,4
2432,Exit short,2022-05-05 08:00,TX60,393.36,100,39792,456,1.15,0,602,1.51,-2,-0.01,-2367,-2.37,4
2432,Entry short,2022-05-05 07:00,C0|S|MKT|15|v0.3.0-tier0|SPY,397.92,100,39792,456,1.15,0,602,1.51,-2,-0.01,-2367,-2.37,4
2433,Exit short,2022-05-06 08:00,TX60,389.53,100,38361,-592,-1.54,0,65,0.17,-663,-1.73,-2959,-2.96,4
2433,Entry short,2022-05-06 07:00,C0|S|MKT|15|v0.3.0-tier0|SPY,383.61,100,38361,-592,-1.54,0,65,0.17,-663,-1.73,-2959,-2.96,4
2434,Exit short,2022-05-09 08:30,TX60,377.64,100,37979,215,0.57,0,231,0.61,-64,-0.17,-2744,-2.74,4
2434,Entry short,2022-05-09 07:30,C0|S|MKT|15|v0.3.0-tier0|SPY,379.79,100,37979,215,0.57,0,231,0.61,-64,-0.17,-2744,-2.74,4
2435,Exit short,2022-05-10 08:30,TX60,375.04,100,37991,487,1.28,0,624,1.64,-22,-0.06,-2257,-2.26,4
2435,Entry short,2022-05-10 07:30,C0|S|MKT|15|v0.3.0-tier0|SPY,379.91,100,37991,487,1.28,0,624,1.64,-22,-0.06,-2257,-2.26,4
2436,Exit long,2022-05-11 08:00,TX60,378.92,100,37966,-74,-0.19,0,168,0.44,-250,-0.66,-2331,-2.33,4
2436,Entry long,2022-05-11 07:00,C0|L|MKT|15|v0.3.0-tier0|SPY,379.66,100,37966,-74,-0.19,0,168,0.44,-250,-0.66,-2331,-2.33,4
2437,Exit long,2022-05-12 08:15,TX60,371.92,100,36987,205,0.55,0,370,1.00,-103,-0.28,-2126,-2.13,4
2437,Entry long,2022-05-12 07:15,C0|L|MKT|15|v0.3.0-tier0|SPY,369.87,100,36987,205,0.55,0,370,1.00,-103,-0.28,-2126,-2.13,4
2438,Exit long,2022-05-13 08:00,TX60,378.29,100,37626,203,0.54,0,267,0.71,-12,-0.03,-1923,-1.92,4
2438,Entry long,2022-05-13 07:00,C0|L|MKT|15|v0.3.0-tier0|SPY,376.26,100,37626,203,0.54,0,267,0.71,-12,-0.03,-1923,-1.92,4
2439,Exit short,2022-05-16 08:00,TX60,376.16,100,37624,8,0.02,0,91,0.24,-296,-0.79,-1915,-1.91,4
2439,Entry short,2022-05-16 07:00,C0|S|MKT|15|v0.3.0-tier0|SPY,376.24,100,37624,8,0.02,0,91,0.24,-296,-0.79,-1915,-1.91,4
2440,Exit short,2022-05-17 08:00,TX60,381.14,100,38243,129,0.34,0,243,0.64,-89,-0.23,-1786,-1.79,4
2440,Entry short,2022-05-17 07:00,C0|S|MKT|15|v0.3.0-tier0|SPY,382.43,100,38243,129,0.34,0,243,0.64,-89,-0.23,-1786,-1.79,4
2441,Exit short,2022-05-18 08:00,TX60,378.14,100,37863,49,0.13,0,115,0.30,-88,-0.23,-1737,-1.74,4
2441,Entry short,2022-05-18 07:00,C0|S|MKT|15|v0.3.0-tier0|SPY,378.63,100,37863,49,0.13,0,115,0.30,-88,-0.23,-1737,-1.74,4
2442,Exit short,2022-05-20 08:15,TX60,364.92,100,36878,386,1.05,0,456,1.24,-57,-0.15,-1351,-1.35,4
2442,Entry short,2022-05-20 07:15,C0|S|MKT|15|v0.3.0-tier0|SPY,368.78,100,36878,386,1.05,0,456,1.24,-57,-0.15,-1351,-1.35,4
2443,Exit long,2022-05-23 08:30,TX60,373.72,100,37193,179,0.48,0,194,0.52,-126,-0.34,-1172,-1.17,4
2443,Entry long,2022-05-23 07:30,C0|L|MKT|15|v0.3.0-tier0|SPY,371.93,100,37193,179,0.48,0,194,0.52,-126,-0.34,-1172,-1.17,4
2444,Exit short,2022-05-24 08:00,TX60,366.31,100,36880,249,0.68,0,357,0.97,-11,-0.03,-923,-0.92,4
2444,Entry short,2022-05-24 07:00,C0|S|MKT|15|v0.3.0-tier0|SPY,368.8,100,36880,249,0.68,0,357,0.97,-11,-0.03,-923,-0.92,4
2445,Exit long,2022-05-25 08:15,TX60,373.9,100,37285,105,0.28,0,227,0.61,-37,-0.10,-818,-0.82,4
2445,Entry long,2022-05-25 07:15,C0|L|MKT|15|v0.3.0-tier0|SPY,372.85,100,37285,105,0.28,0,227,0.61,-37,-0.10,-818,-0.82,4
2446,Exit long,2022-05-26 08:00,TX60,381.3,100,38006,124,0.33,0,129,0.34,-32,-0.08,-694,-0.69,4
2446,Entry long,2022-05-26 07:00,C0|L|MKT|15|v0.3.0-tier0|SPY,380.06,100,38006,124,0.33,0,129,0.34,-32,-0.08,-694,-0.69,4
2447,Exit long,2022-05-27 08:00,TX60,387.88,100,38797,-9,-0.02,0,116,0.30,-37,-0.10,-703,-0.70,4
2447,Entry long,2022-05-27 07:00,C0|L|MKT|15|v0.3.0-tier0|SPY,387.97,100,38797,-9,-0.02,0,116,0.30,-37,-0.10,-703,-0.70,4
2448,Exit short,2022-06-01 08:15,TX60,386.8,100,38881,201,0.52,0,268,0.69,-1,0.00,-502,-0.50,4
2448,Entry short,2022-06-01 07:15,C0|S|MKT|15|v0.3.0-tier0|SPY,388.81,100,38881,201,0.52,0,268,0.69,-1,0.00,-502,-0.50,4
2449,Exit long,2022-06-02 08:15,TX60,388.62,100,38725,137,0.35,0,152,0.39,-307,-0.79,-365,-0.36,4
2449,Entry long,2022-06-02 07:15,C0|L|MKT|15|v0.3.0-tier0|SPY,387.25,100,38725,137,0.35,0,152,0.39,-307,-0.79,-365,-0.36,4
2450,Exit long,2022-06-06 08:15,TX60,391.16,100,39295,-179,-0.46,0,15,0.04,-208,-0.53,-544,-0.54,4
2450,Entry long,2022-06-06 07:15,C0|L|MKT|15|v0.3.0-tier0|SPY,392.95,100,39295,-179,-0.46,0,15,0.04,-208,-0.53,-544,-0.54,4
2451,Exit long,2022-06-07 08:00,TX60,389.83,100,38670,313,0.81,0,372,0.96,-70,-0.18,-231,-0.23,4
2451,Entry long,2022-06-07 07:00,C0|L|MKT|15|v0.3.0-tier0|SPY,386.7,100,38670,313,0.81,0,372,0.96,-70,-0.18,-231,-0.23,4
2452,Exit long,2022-06-08 08:00,TX60,390.9,100,39201,-111,-0.28,0,10,0.03,-196,-0.50,-342,-0.34,4
2452,Entry long,2022-06-08 07:00,C0|L|MKT|15|v0.3.0-tier0|SPY,392.01,100,39201,-111,-0.28,0,10,0.03,-196,-0.50,-342,-0.34,4
2453,Exit long,2022-06-09 08:00,TX60,386.35,100,38854,-219,-0.56,0,8,0.02,-285,-0.73,-561,-0.56,4
2453,Entry long,2022-06-09 07:00,C0|L|MKT|15|v0.3.0-tier0|SPY,388.54,100,38854,-219,-0.56,0,8,0.02,-285,-0.73,-561,-0.56,4
2454,Exit short,2022-06-10 08:15,TX60,368.8,100,36926,46,0.12,0,98,0.27,-116,-0.31,-515,-0.51,4
2454,Entry short,2022-06-10 07:15,C0|S|MKT|15|v0.3.0-tier0|SPY,369.26,100,36926,46,0.12,0,98,0.27,-116,-0.31,-515,-0.51,4
2455,Exit short,2022-06-13 08:15,TX60,354.84,100,35719,235,0.66,0,331,0.93,-1,0.00,-280,-0.28,4
2455,Entry short,2022-06-13 07:15,C0|S|MKT|15|v0.3.0-tier0|SPY,357.19,100,35719,235,0.66,0,331,0.93,-1,0.00,-280,-0.28,4
2456,Exit long,2022-06-14 08:00,TX60,354.1,100,35624,-214,-0.60,0,46,0.13,-409,-1.15,-494,-0.49,4
2456,Entry long,2022-06-14 07:00,C0|L|MKT|15|v0.3.0-tier0|SPY,356.24,100,35624,-214,-0.60,0,46,0.13,-409,-1.15,-494,-0.49,4
2457,Exit short,2022-06-16 08:15,TX60,347.14,100,34693,-21,-0.06,0,169,0.49,-148,-0.43,-515,-0.51,4
2457,Entry short,2022-06-16 07:15,C0|S|MKT|15|v0.3.0-tier0|SPY,346.93,100,34693,-21,-0.06,0,169,0.49,-148,-0.43,-515,-0.51,4
2458,Exit short,2022-06-17 08:30,TX60,347.38,100,34558,-180,-0.52,0,228,0.66,-213,-0.62,-695,-0.69,4
2458,Entry short,2022-06-17 07:30,C0|S|MKT|15|v0.3.0-tier0|SPY,345.58,100,34558,-180,-0.52,0,228,0.66,-213,-0.62,-695,-0.69,4
2459,Exit long,2022-06-21 08:00,TX60,356.5,100,35533,117,0.33,0,130,0.37,-43,-0.12,-578,-0.58,4
2459,Entry long,2022-06-21 07:00,C0|L|MKT|15|v0.3.0-tier0|SPY,355.33,100,35533,117,0.33,0,130,0.37,-43,-0.12,-578,-0.58,4
2460,Exit long,2022-06-22 08:00,TX60,357.18,100,35409,309,0.87,0,418,1.18,-73,-0.21,-269,-0.27,4
2460,Entry long,2022-06-22 07:00,C0|L|MKT|15|v0.3.0-tier0|SPY,354.09,100,35409,309,0.87,0,418,1.18,-73,-0.21,-269,-0.27,4
2461,Exit long,2022-06-24 08:00,TX60,366.35,100,36381,254,0.70,0,319,0.88,0,0.00,-15,-0.01,4
2461,Entry long,2022-06-24 07:00,C0|L|MKT|15|v0.3.0-tier0|SPY,363.81,100,36381,254,0.70,0,319,0.88,0,0.00,-15,-0.01,4
2462,Exit short,2022-06-27 08:00,TX60,370.04,100,36792,-212,-0.58,0,13,0.04,-258,-0.70,-227,-0.23,4
2462,Entry short,2022-06-27 07:00,C0|S|MKT|15|v0.3.0-tier0|SPY,367.92,100,36792,-212,-0.58,0,13,0.04,-258,-0.70,-227,-0.23,4
2463,Exit short,2022-06-28 08:30,TX60,365.69,100,36924,355,0.96,0,356,0.96,-10,-0.03,128,0.13,4
2463,Entry short,2022-06-28 07:30,C0|S|MKT|15|v0.3.0-tier0|SPY,369.24,100,36924,355,0.96,0,356,0.96,-10,-0.03,128,0.13,4
2464,Exit short,2022-06-30 08:00,TX60,356.22,100,35391,-231,-0.65,0,74,0.21,-241,-0.68,-103,-0.10,4
2464,Entry short,2022-06-30 07:00,C0|S|MKT|15|v0.3.0-tier0|SPY,353.91,100,35391,-231,-0.65,0,74,0.21,-241,-0.68,-103,-0.10,4
2465,Exit long,2022-07-01 08:00,TX60,355.81,100,35897,-316,-0.88,0,125,0.35,-464,-1.29,-419,-0.42,4
2465,Entry long,2022-07-01 07:00,C0|L|MKT|15|v0.3.0-tier0|SPY,358.97,100,35897,-316,-0.88,0,125,0.35,-464,-1.29,-419,-0.42,4
2466,Exit short,2022-07-06 08:15,TX60,361.03,100,36128,25,0.07,0,90,0.25,-131,-0.36,-394,-0.39,4
2466,Entry short,2022-07-06 07:15,C0|S|MKT|15|v0.3.0-tier0|SPY,361.28,100,36128,25,0.07,0,90,0.25,-131,-0.36,-394,-0.39,4
2467,Exit long,2022-07-07 08:00,TX60,367.19,100,36715,4,0.01,0,45,0.12,-120,-0.33,-390,-0.39,4
2467,Entry long,2022-07-07 07:00,C0|L|MKT|15|v0.3.0-tier0|SPY,367.15,100,36715,4,0.01,0,45,0.12,-120,-0.33,-390,-0.39,4
2468,Exit short,2022-07-08 08:00,TX60,369.23,100,36621,-302,-0.82,0,64,0.17,-332,-0.91,-692,-0.69,4
2468,Entry short,2022-07-08 07:00,C0|S|MKT|15|v0.3.0-tier0|SPY,366.21,100,36621,-302,-0.82,0,64,0.17,-332,-0.91,-692,-0.69,4
2469,Exit short,2022-07-12 08:15,TX60,364.74,100,36342,-132,-0.36,0,63,0.17,-163,-0.45,-824,-0.82,4
2469,Entry short,2022-07-12 07:15,C0|S|MKT|15|v0.3.0-tier0|SPY,363.42,100,36342,-132,-0.36,0,63,0.17,-163,-0.45,-824,-0.82,4
2470,Exit short,2022-07-14 08:15,TX60,353.73,100,35227,-146,-0.41,0,47,0.13,-201,-0.57,-970,-0.97,4
2470,Entry short,2022-07-14 07:15,C0|S|MKT|15|v0.3.0-tier0|SPY,352.27,100,35227,-146,-0.41,0,47,0.13,-201,-0.57,-970,-0.97,4
2471,Exit short,2022-07-15 08:00,TX60,363.75,100,36160,-215,-0.59,0,1,0.00,-269,-0.74,-1185,-1.18,4
2471,Entry short,2022-07-15 07:00,C0|S|MKT|15|v0.3.0-tier0|SPY,361.6,100,36160,-215,-0.59,0,1,0.00,-269,-0.74,-1185,-1.18,4
2472,Exit long,2022-07-19 08:00,TX60,368.58,100,36675,183,0.50,0,194,0.53,-63,-0.17,-1002,-1.00,4
2472,Entry long,2022-07-19 07:00,C0|L|MKT|15|v0.3.0-tier0|SPY,366.75,100,36675,183,0.50,0,194,0.53,-63,-0.17,-1002,-1.00,4
2473,Exit short,2022-07-20 08:00,TX60,375.31,100,37107,-424,-1.14,0,40,0.11,-425,-1.15,-1426,-1.43,4
2473,Entry short,2022-07-20 07:00,C0|S|MKT|15|v0.3.0-tier0|SPY,371.07,100,37107,-424,-1.14,0,40,0.11,-425,-1.15,-1426,-1.43,4
2474,Exit long,2022-07-21 08:00,TX60,373.9,100,37438,-48,-0.13,0,77,0.21,-315,-0.84,-1474,-1.47,4
2474,Entry long,2022-07-21 07:00,C0|L|MKT|15|v0.3.0-tier0|SPY,374.38,100,37438,-48,-0.13,0,77,0.21,-315,-0.84,-1474,-1.47,4
2475,Exit short,2022-07-22 08:00,TX60,377.95,100,37722,-73,-0.19,0,70,0.19,-125,-0.33,-1547,-1.55,4
2475,Entry short,2022-07-22 07:00,C0|S|MKT|15|v0.3.0-tier0|SPY,377.22,100,37722,-73,-0.19,0,70,0.19,-125,-0.33,-1547,-1.55,4
2476,Exit short,2022-07-26 08:15,TX60,371.88,100,37242,54,0.14,0,87,0.23,-23,-0.06,-1493,-1.49,4
2476,Entry short,2022-07-26 07:15,C0|S|MKT|15|v0.3.0-tier0|SPY,372.42,100,37242,54,0.14,0,87,0.23,-23,-0.06,-1493,-1.49,4
2477,Exit long,2022-07-27 08:15,TX60,375.55,100,37495,60,0.16,0,116,0.31,-26,-0.07,-1433,-1.43,4
2477,Entry long,2022-07-27 07:15,C0|L|MKT|15|v0.3.0-tier0|SPY,374.95,100,37495,60,0.16,0,116,0.31,-26,-0.07,-1433,-1.43,4
2478,Exit short,2022-07-28 08:00,TX60,380.66,100,37858,-208,-0.55,0,115,0.30,-210,-0.55,-1641,-1.64,4
2478,Entry short,2022-07-28 07:00,C0|S|MKT|15|v0.3.0-tier0|SPY,378.58,100,37858,-208,-0.55,0,115,0.30,-210,-0.55,-1641,-1.64,4
2479,Exit long,2022-07-29 08:00,TX60,388.06,100,38788,18,0.05,0,170,0.44,-45,-0.12,-1623,-1.62,4
2479,Entry long,2022-07-29 07:00,C0|L|MKT|15|v0.3.0-tier0|SPY,387.88,100,38788,18,0.05,0,170,0.44,-45,-0.12,-1623,-1.62,4
2480,Exit long,2022-08-01 08:00,TX60,391.56,100,38972,184,0.47,0,212,0.54,-102,-0.26,-1439,-1.44,4
2480,Entry long,2022-08-01 07:00,C0|L|MKT|15|v0.3.0-tier0|SPY,389.72,100,38972,184,0.47,0,212,0.54,-102,-0.26,-1439,-1.44,4
2481,Exit short,2022-08-02 08:15,TX60,388.47,100,38676,-171,-0.44,0,16,0.04,-320,-0.83,-1610,-1.61,4
2481,Entry short,2022-08-02 07:15,C0|S|MKT|15|v0.3.0-tier0|SPY,386.76,100,38676,-171,-0.44,0,16,0.04,-320,-0.83,-1610,-1.61,4
2482,Exit long,2022-08-03 08:15,TX60,390.89,100,39076,13,0.03,0,46,0.12,-193,-0.49,-1597,-1.60,4
2482,Entry long,2022-08-03 07:15,C0|L|MKT|15|v0.3.0-tier0|SPY,390.76,100,39076,13,0.03,0,46,0.12,-193,-0.49,-1597,-1.60,4
2483,Exit long,2022-08-05 08:00,TX60,391.53,100,39059,94,0.24,0,199,0.51,-18,-0.05,-1503,-1.50,4
2483,Entry long,2022-08-05 07:00,C0|L|MKT|15|v0.3.0-tier0|SPY,390.59,100,39059,94,0.24,0,199,0.51,-18,-0.05,-1503,-1.50,4
2484,Exit short,2022-08-09 08:00,TX60,389.93,100,38966,-27,-0.07,0,32,0.08,-101,-0.26,-1530,-1.53,4
2484,Entry short,2022-08-09 07:00,C0|S|MKT|15|v0.3.0-tier0|SPY,389.66,100,38966,-27,-0.07,0,32,0.08,-101,-0.26,-1530,-1.53,4
2485,Exit long,2022-08-11 08:00,TX60,401.53,100,40141,12,0.03,0,140,0.35,-22,-0.05,-1518,-1.52,4
2485,Entry long,2022-08-11 07:00,C0|L|MKT|15|v0.3.0-tier0|SPY,401.41,100,40141,12,0.03,0,140,0.35,-22,-0.05,-1518,-1.52,4
2486,Exit long,2022-08-15 08:00,TX60,403.6,100,40471,-111,-0.27,0,0,0.00,-131,-0.32,-1629,-1.63,4
2486,Entry long,2022-08-15 07:00,C0|L|MKT|15|v0.3.0-tier0|SPY,404.71,100,40471,-111,-0.27,0,0,0.00,-131,-0.32,-1629,-1.63,4
2487,Exit short,2022-08-19 08:00,TX60,400.49,100,40115,66,0.16,0,70,0.17,-34,-0.08,-1563,-1.56,4
2487,Entry short,2022-08-19 07:00,C0|S|MKT|15|v0.3.0-tier0|SPY,401.15,100,40115,66,0.16,0,70,0.17,-34,-0.08,-1563,-1.56,4
2488,Exit short,2022-08-22 08:15,TX60,393.4,100,39394,54,0.14,0,117,0.30,-14,-0.04,-1509,-1.51,4
2488,Entry short,2022-08-22 07:15,C0|S|MKT|15|v0.3.0-tier0|SPY,393.94,100,39394,54,0.14,0,117,0.30,-14,-0.04,-1509,-1.51,4
2489,Exit long,2022-08-23 08:15,TX60,391.47,100,39355,-208,-0.53,0,19,0.05,-298,-0.76,-1717,-1.72,4
2489,Entry long,2022-08-23 07:15,C0|L|MKT|15|v0.3.0-tier0|SPY,393.55,100,39355,-208,-0.53,0,19,0.05,-298,-0.76,-1717,-1.72,4
2490,Exit long,2022-08-24 08:30,TX60,392.86,100,39173,113,0.29,0,130,0.33,-78,-0.20,-1604,-1.60,4
2490,Entry long,2022-08-24 07:30,C0|L|MKT|15|v0.3.0-tier0|SPY,391.73,100,39173,113,0.29,0,130,0.33,-78,-0.20,-1604,-1.60,4
2491,Exit long,2022-08-25 08:00,TX60,395.36,100,39473,63,0.16,0,136,0.34,-30,-0.08,-1541,-1.54,4
2491,Entry long,2022-08-25 07:00,C0|L|MKT|15|v0.3.0-tier0|SPY,394.73,100,39473,63,0.16,0,136,0.34,-30,-0.08,-1541,-1.54,4
2492,Exit short,2022-08-26 08:15,TX60,390.17,100,39675,658,1.66,0,726,1.83,-33,-0.08,-883,-0.88,4
2492,Entry short,2022-08-26 07:15,C0|S|MKT|15|v0.3.0-tier0|SPY,396.75,100,39675,658,1.66,0,726,1.83,-33,-0.08,-883,-0.88,4
2493,Exit short,2022-08-30 08:00,TX60,377.57,100,38092,335,0.88,0,518,1.36,-49,-0.13,-548,-0.55,4
2493,Entry short,2022-08-30 07:00,C0|S|MKT|15|v0.3.0-tier0|SPY,380.92,100,38092,335,0.88,0,518,1.36,-49,-0.13,-548,-0.55,4
2494,Exit short,2022-08-31 08:30,TX60,376.83,100,37737,54,0.14,0,128,0.34,-146,-0.39,-494,-0.49,4
2494,Entry short,2022-08-31 07:30,C0|S|MKT|15|v0.3.0-tier0|SPY,377.37,100,37737,54,0.14,0,128,0.34,-146,-0.39,-494,-0.49,4
2495,Exit short,2022-09-01 08:15,TX60,371.32,100,37059,-73,-0.20,0,86,0.23,-168,-0.45,-567,-0.57,4
2495,Entry short,2022-09-01 07:15,C0|S|MKT|15|v0.3.0-tier0|SPY,370.59,100,37059,-73,-0.20,0,86,0.23,-168,-0.45,-567,-0.57,4
2496,Exit short,2022-09-06 08:00,TX60,372.63,100,37108,-155,-0.42,0,289,0.78,-214,-0.58,-722,-0.72,4
2496,Entry short,2022-09-06 07:00,C0|S|MKT|15|v0.3.0-tier0|SPY,371.08,100,37108,-155,-0.42,0,289,0.78,-214,-0.58,-722,-0.72,4
2497,Exit long,2022-09-08 08:00,TX60,379.07,100,37663,244,0.65,0,253,0.67,-148,-0.39,-478,-0.48,4
2497,Entry long,2022-09-08 07:00,C0|L|MKT|15|v0.3.0-tier0|SPY,376.63,100,37663,244,0.65,0,253,0.67,-148,-0.39,-478,-0.48,4
2498,Exit long,2022-09-09 08:00,TX60,384.83,100,38321,162,0.42,0,182,0.47,-14,-0.04,-316,-0.32,4
2498,Entry long,2022-09-09 07:00,C0|L|MKT|15|v0.3.0-tier0|SPY,383.21,100,38321,162,0.42,0,182,0.47,-14,-0.04,-316,-0.32,4
2499,Exit long,2022-09-12 08:00,TX60,389.09,100,38961,-52,-0.13,0,68,0.17,-67,-0.17,-368,-0.37,4
2499,Entry long,2022-09-12 07:00,C0|L|MKT|15|v0.3.0-tier0|SPY,389.61,100,38961,-52,-0.13,0,68,0.17,-67,-0.17,-368,-0.37,4
2500,Exit short,2022-09-13 08:15,TX60,377.41,100,37950,209,0.55,0,235,0.62,-64,-0.17,-159,-0.16,4
2500,Entry short,2022-09-13 07:15,C0|S|MKT|15|v0.3.0-tier0|SPY,379.5,100,37950,209,0.55,0,235,0.62,-64,-0.17,-159,-0.16,4
2501,Exit long,2022-09-14 08:00,TX60,374.88,100,37454,34,0.09,0,53,0.14,-317,-0.85,-125,-0.12,4
2501,Entry long,2022-09-14 07:00,C0|L|MKT|15|v0.3.0-tier0|SPY,374.54,100,37454,34,0.09,0,53,0.14,-317,-0.85,-125,-0.12,4
2502,Exit long,2022-09-15 08:00,TX60,370.95,100,37468,-373,-1.00,0,65,0.17,-388,-1.04,-498,-0.50,4
2502,Entry long,2022-09-15 07:00,C0|L|MKT|15|v0.3.0-tier0|SPY,374.68,100,37468,-373,-1.00,0,65,0.17,-388,-1.04,-498,-0.50,4
2503,Exit short,2022-09-16 08:00,TX60,365.05,100,36411,-94,-0.26,0,2,0.01,-318,-0.87,-592,-0.59,4
2503,Entry short,2022-09-16 07:00,C0|S|MKT|15|v0.3.0-tier0|SPY,364.11,100,36411,-94,-0.26,0,2,0.01,-318,-0.87,-592,-0.59,4
2504,Exit long,2022-09-19 08:00,TX60,367.61,100,36631,130,0.35,0,219,0.60,-78,-0.21,-462,-0.46,4
2504,Entry long,2022-09-19 07:00,C0|L|MKT|15|v0.3.0-tier0|SPY,366.31,100,36631,130,0.35,0,219,0.60,-78,-0.21,-462,-0.46,4
2505,Exit short,2022-09-20 08:15,TX60,366.35,100,36507,-128,-0.35,0,76,0.21,-157,-0.43,-590,-0.59,4
2505,Entry short,2022-09-20 07:15,C0|S|MKT|15|v0.3.0-tier0|SPY,365.07,100,36507,-128,-0.35,0,76,0.21,-157,-0.43,-590,-0.59,4
2506,Exit long,2022-09-21 08:30,TX60,367.27,100,36851,-124,-0.34,0,8,0.02,-168,-0.46,-714,-0.71,4
2506,Entry long,2022-09-21 07:30,C0|L|MKT|15|v0.3.0-tier0|SPY,368.51,100,36851,-124,-0.34,0,8,0.02,-168,-0.46,-714,-0.71,4
2507,Exit short,2022-09-22 08:00,TX60,356.03,100,35688,85,0.24,0,91,0.25,-153,-0.43,-629,-0.63,4
2507,Entry short,2022-09-22 07:00,C0|S|MKT|15|v0.3.0-tier0|SPY,356.88,100,35688,85,0.24,0,91,0.25,-153,-0.43,-629,-0.63,4
2508,Exit short,2022-09-23 08:00,TX60,349.72,100,35008,36,0.10,0,43,0.12,-95,-0.27,-593,-0.59,4
2508,Entry short,2022-09-23 07:00,C0|S|MKT|15|v0.3.0-tier0|SPY,350.08,100,35008,36,0.10,0,43,0.12,-95,-0.27,-593,-0.59,4
2509,Exit long,2022-09-26 08:15,TX60,349.68,100,35124,-156,-0.44,0,112,0.32,-219,-0.62,-749,-0.75,4
2509,Entry long,2022-09-26 07:15,C0|L|MKT|15|v0.3.0-tier0|SPY,351.24,100,35124,-156,-0.44,0,112,0.32,-219,-0.62,-749,-0.75,4
2510,Exit short,2022-09-27 08:15,TX60,349.79,100,34935,-44,-0.13,0,51,0.15,-183,-0.52,-793,-0.79,4
2510,Entry short,2022-09-27 07:15,C0|S|MKT|15|v0.3.0-tier0|SPY,349.35,100,34935,-44,-0.13,0,51,0.15,-183,-0.52,-793,-0.79,4
2511,Exit long,2022-09-28 08:30,TX60,349.59,100,34880,79,0.23,0,167,0.48,-47,-0.13,-714,-0.71,4
2511,Entry long,2022-09-28 07:30,C0|L|MKT|15|v0.3.0-tier0|SPY,348.8,100,34880,79,0.23,0,167,0.48,-47,-0.13,-714,-0.71,4
2512,Exit short,2022-09-29 08:00,TX60,345.06,100,34569,63,0.18,0,248,0.72,-11,-0.03,-651,-0.65,4
2512,Entry short,2022-09-29 07:00,C0|S|MKT|15|v0.3.0-tier0|SPY,345.69,100,34569,63,0.18,0,248,0.72,-11,-0.03,-651,-0.65,4
2513,Exit long,2022-09-30 08:00,TX60,346.67,100,34560,107,0.31,0,143,0.41,-143,-0.41,-544,-0.54,4
2513,Entry long,2022-09-30 07:00,C0|L|MKT|15|v0.3.0-tier0|SPY,345.6,100,34560,107,0.31,0,143,0.41,-143,-0.41,-544,-0.54,4
2514,Exit long,2022-10-03 08:15,TX60,347.42,100,34564,178,0.51,0,220,0.64,-18,-0.05,-366,-0.37,4
2514,Entry long,2022-10-03 07:15,C0|L|MKT|15|v0.3.0-tier0|SPY,345.64,100,34564,178,0.51,0,220,0.64,-18,-0.05,-366,-0.37,4
2515,Exit long,2022-10-04 08:00,TX60,359.04,100,35789,115,0.32,0,131,0.37,-10,-0.03,-251,-0.25,4
2515,Entry long,2022-10-04 07:00,C0|L|MKT|15|v0.3.0-tier0|SPY,357.89,100,35789,115,0.32,0,131,0.37,-10,-0.03,-251,-0.25,4
2516,Exit short,2022-10-05 08:15,TX60,354.18,100,35429,11,0.03,0,122,0.34,-9,-0.03,-240,-0.24,4
2516,Entry short,2022-10-05 07:15,C0|S|MKT|15|v0.3.0-tier0|SPY,354.29,100,35429,11,0.03,0,122,0.34,-9,-0.03,-240,-0.24,4
2517,Exit short,2022-10-06 08:15,TX60,356.96,100,35620,-76,-0.21,0,78,0.22,-221,-0.62,-316,-0.32,4
2517,Entry short,2022-10-06 07:15,C0|S|MKT|15|v0.3.0-tier0|SPY,356.2,100,35620,-76,-0.21,0,78,0.22,-221,-0.62,-316,-0.32,4
2518,Exit short,2022-10-07 08:00,TX60,348.78,100,34787,-91,-0.26,0,65,0.19,-158,-0.45,-407,-0.41,4
2518,Entry short,2022-10-07 07:00,C0|S|MKT|15|v0.3.0-tier0|SPY,347.87,100,34787,-91,-0.26,0,65,0.19,-158,-0.45,-407,-0.41,4
2519,Exit short,2022-10-10 08:00,TX60,342.85,100,34419,134,0.39,0,185,0.54,-132,-0.38,-273,-0.27,4
2519,Entry short,2022-10-10 07:00,C0|S|MKT|15|v0.3.0-tier0|SPY,344.19,100,34419,134,0.39,0,185,0.54,-132,-0.38,-273,-0.27,4
2520,Exit short,2022-10-11 08:00,TX60,340.3,100,33933,-97,-0.29,0,66,0.19,-203,-0.60,-370,-0.37,4
2520,Entry short,2022-10-11 07:00,C0|S|MKT|15|v0.3.0-tier0|SPY,339.33,100,33933,-97,-0.29,0,66,0.19,-203,-0.60,-370,-0.37,4
2521,Exit long,2022-10-13 08:00,TX60,336.55,100,33499,156,0.47,0,264,0.79,-48,-0.14,-214,-0.21,4
2521,Entry long,2022-10-13 07:00,C0|L|MKT|15|v0.3.0-tier0|SPY,334.99,100,33499,156,0.47,0,264,0.79,-48,-0.14,-214,-0.21,4
2522,Exit short,2022-10-14 08:00,TX60,344.62,100,34894,432,1.24,0,597,1.71,0,0.00,218,0.22,4
2522,Entry short,2022-10-14 07:00,C0|S|MKT|15|v0.3.0-tier0|SPY,348.94,100,34894,432,1.24,0,597,1.71,0,0.00,218,0.22,4
2523,Exit long,2022-10-17 08:15,TX60,347.57,100,35008,-251,-0.72,0,16,0.05,-276,-0.79,-33,-0.03,4
2523,Entry long,2022-10-17 07:15,C0|L|MKT|15|v0.3.0-tier0|SPY,350.08,100,35008,-251,-0.72,0,16,0.05,-276,-0.79,-33,-0.03,4
2524,Exit short,2022-10-18 08:00,TX60,353.57,100,35519,162,0.46,0,210,0.59,-114,-0.32,129,0.13,4
2524,Entry short,2022-10-18 07:00,C0|S|MKT|15|v0.3.0-tier0|SPY,355.19,100,35519,162,0.46,0,210,0.59,-114,-0.32,129,0.13,4
2525,Exit long,2022-10-19 08:30,TX60,351.72,100,35371,-199,-0.56,0,22,0.06,-229,-0.65,-70,-0.07,4
2525,Entry long,2022-10-19 07:30,C0|L|MKT|15|v0.3.0-tier0|SPY,353.71,100,35371,-199,-0.56,0,22,0.06,-229,-0.65,-70,-0.07,4
2526,Exit long,2022-10-20 08:00,TX60,354.05,100,35135,270,0.77,0,334,0.95,-15,-0.04,200,0.20,4
2526,Entry long,2022-10-20 07:00,C0|L|MKT|15|v0.3.0-tier0|SPY,351.35,100,35135,270,0.77,0,334,0.95,-15,-0.04,200,0.20,4
2527,Exit long,2022-10-21 08:00,TX60,349.1,100,35143,-233,-0.66,0,132,0.38,-277,-0.79,-33,-0.03,4
2527,Entry long,2022-10-21 07:00,C0|L|MKT|15|v0.3.0-tier0|SPY,351.43,100,35143,-233,-0.66,0,132,0.38,-277,-0.79,-33,-0.03,4
2528,Exit short,2022-10-24 08:30,TX60,358.6,100,35657,-203,-0.57,0,44,0.12,-226,-0.63,-236,-0.24,4
2528,Entry short,2022-10-24 07:30,C0|S|MKT|15|v0.3.0-tier0|SPY,356.57,100,35657,-203,-0.57,0,44,0.12,-226,-0.63,-236,-0.24,4
2529,Exit long,2022-10-25 08:00,TX60,363.82,100,36396,-14,-0.04,0,57,0.16,-102,-0.28,-250,-0.25,4
2529,Entry long,2022-10-25 07:00,C0|L|MKT|15|v0.3.0-tier0|SPY,363.96,100,36396,-14,-0.04,0,57,0.16,-102,-0.28,-250,-0.25,4
2530,Exit long,2022-10-26 08:15,TX60,368.3,100,36532,298,0.82,0,305,0.83,-38,-0.10,48,0.05,4
2530,Entry long,2022-10-26 07:15,C0|L|MKT|15|v0.3.0-tier0|SPY,365.32,100,36532,298,0.82,0,305,0.83,-38,-0.10,48,0.05,4
2531,Exit short,2022-10-27 08:00,TX60,363.77,100,36283,-94,-0.26,0,34,0.09,-362,-1.00,-46,-0.05,4
2531,Entry short,2022-10-27 07:00,C0|S|MKT|15|v0.3.0-tier0|SPY,362.83,100,36283,-94,-0.26,0,34,0.09,-362,-1.00,-46,-0.05,4
2532,Exit long,2022-10-28 08:30,TX60,366.7,100,36550,120,0.33,0,217,0.59,-20,-0.05,74,0.07,4
2532,Entry long,2022-10-28 07:30,C0|L|MKT|15|v0.3.0-tier0|SPY,365.5,100,36550,120,0.33,0,217,0.59,-20,-0.05,74,0.07,4
2533,Exit short,2022-10-31 08:00,TX60,367.51,100,36685,-66,-0.18,0,15,0.04,-141,-0.38,8,0.01,4
2533,Entry short,2022-10-31 07:00,C0|S|MKT|15|v0.3.0-tier0|SPY,366.85,100,36685,-66,-0.18,0,15,0.04,-141,-0.38,8,0.01,4
2534,Exit short,2022-11-01 08:00,TX60,365.5,100,36942,392,1.06,0,432,1.17,-26,-0.07,400,0.40,4
2534,Entry short,2022-11-01 07:00,C0|S|MKT|15|v0.3.0-tier0|SPY,369.42,100,36942,392,1.06,0,432,1.17,-26,-0.07,400,0.40,4
2535,Exit short,2022-11-02 08:00,TX60,364.31,100,36401,-30,-0.08,0,31,0.09,-63,-0.17,370,0.37,4
2535,Entry short,2022-11-02 07:00,C0|S|MKT|15|v0.3.0-tier0|SPY,364.01,100,36401,-30,-0.08,0,31,0.09,-63,-0.17,370,0.37,4
2536,Exit short,2022-11-03 08:00,TX60,355.47,100,35143,-404,-1.15,0,40,0.11,-415,-1.18,-34,-0.03,4
2536,Entry short,2022-11-03 07:00,C0|S|MKT|15|v0.3.0-tier0|SPY,351.43,100,35143,-404,-1.15,0,40,0.11,-415,-1.18,-34,-0.03,4
2537,Exit long,2022-11-04 08:30,TX60,356.22,100,35947,-325,-0.90,0,112,0.31,-339,-0.94,-359,-0.36,4
2537,Entry long,2022-11-04 07:30,C0|L|MKT|15|v0.3.0-tier0|SPY,359.47,100,35947,-325,-0.90,0,112,0.31,-339,-0.94,-359,-0.36,4
2538,Exit short,2022-11-07 08:00,TX60,359.41,100,35799,-142,-0.40,0,9,0.03,-217,-0.61,-501,-0.50,4
2538,Entry short,2022-11-07 07:00,C0|S|MKT|15|v0.3.0-tier0|SPY,357.99,100,35799,-142,-0.40,0,9,0.03,-217,-0.61,-501,-0.50,4
2539,Exit long,2022-11-08 08:30,TX60,365.52,100,36355,197,0.54,0,208,0.57,-5,-0.01,-304,-0.30,4
2539,Entry long,2022-11-08 07:30,C0|L|MKT|15|v0.3.0-tier0|SPY,363.55,100,36355,197,0.54,0,208,0.57,-5,-0.01,-304,-0.30,4
2540,Exit long,2022-11-09 08:15,TX60,360.78,100,36227,-149,-0.41,0,47,0.13,-293,-0.81,-453,-0.45,4
2540,Entry long,2022-11-09 07:15,C0|L|MKT|15|v0.3.0-tier0|SPY,362.27,100,36227,-149,-0.41,0,47,0.13,-293,-0.81,-453,-0.45,4
2541,Exit long,2022-11-10 08:00,TX60,371.63,100,37104,59,0.16,0,81,0.22,-180,-0.49,-394,-0.39,4
2541,Entry long,2022-11-10 07:00,C0|L|MKT|15|v0.3.0-tier0|SPY,371.04,100,37104,59,0.16,0,81,0.22,-180,-0.49,-394,-0.39,4
2542,Exit long,2022-11-11 08:15,TX60,376.12,100,37729,-117,-0.31,0,110,0.29,-133,-0.35,-511,-0.51,4
2542,Entry long,2022-11-11 07:15,C0|L|MKT|15|v0.3.0-tier0|SPY,377.29,100,37729,-117,-0.31,0,110,0.29,-133,-0.35,-511,-0.51,4
2543,Exit long,2022-11-14 08:15,TX60,377.89,100,37915,-126,-0.33,0,59,0.16,-134,-0.35,-637,-0.64,4
2543,Entry long,2022-11-14 07:15,C0|L|MKT|15|v0.3.0-tier0|SPY,379.15,100,37915,-126,-0.33,0,59,0.16,-134,-0.35,-637,-0.64,4
2544,Exit short,2022-11-15 08:15,TX60,381.32,100,38154,22,0.06,0,141,0.37,-97,-0.25,-615,-0.61,4
2544,Entry short,2022-11-15 07:15,C0|S|MKT|15|v0.3.0-tier0|SPY,381.54,100,38154,22,0.06,0,141,0.37,-97,-0.25,-615,-0.61,4
2545,Exit short,2022-11-16 08:00,TX60,376.44,100,37722,78,0.21,0,106,0.28,-82,-0.22,-537,-0.54,4
2545,Entry short,2022-11-16 07:00,C0|S|MKT|15|v0.3.0-tier0|SPY,377.22,100,37722,78,0.21,0,106,0.28,-82,-0.22,-537,-0.54,4
2546,Exit long,2022-11-17 08:30,TX60,372.36,100,37307,-71,-0.19,0,1,0.00,-158,-0.42,-608,-0.61,4
2546,Entry long,2022-11-17 07:30,C0|L|MKT|15|v0.3.0-tier0|SPY,373.07,100,37307,-71,-0.19,0,1,0.00,-158,-0.42,-608,-0.61,4
2547,Exit short,2022-11-18 08:15,TX60,375.97,100,37576,-21,-0.06,0,70,0.19,-87,-0.23,-629,-0.63,4
2547,Entry short,2022-11-18 07:15,C0|S|MKT|15|v0.3.0-tier0|SPY,375.76,100,37576,-21,-0.06,0,70,0.19,-87,-0.23,-629,-0.63,4
2548,Exit short,2022-11-21 08:30,TX60,374.78,100,37493,15,0.04,0,63,0.17,-41,-0.11,-614,-0.61,4
2548,Entry short,2022-11-21 07:30,C0|S|MKT|15|v0.3.0-tier0|SPY,374.93,100,37493,15,0.04,0,63,0.17,-41,-0.11,-614,-0.61,4
2549,Exit long,2022-11-22 08:15,TX60,378.08,100,37816,-8,-0.02,0,45,0.12,-69,-0.18,-622,-0.62,4
2549,Entry long,2022-11-22 07:15,C0|L|MKT|15|v0.3.0-tier0|SPY,378.16,100,37816,-8,-0.02,0,45,0.12,-69,-0.18,-622,-0.62,4
2550,Exit long,2022-11-23 08:00,TX60,382.72,100,38207,65,0.17,0,111,0.29,-66,-0.17,-557,-0.56,4
2550,Entry long,2022-11-23 07:00,C0|L|MKT|15|v0.3.0-tier0|SPY,382.07,100,38207,65,0.17,0,111,0.29,-66,-0.17,-557,-0.56,4
2551,Exit long,2022-11-25 08:00,TX60,383.23,100,38305,18,0.05,0,31,0.08,-14,-0.04,-539,-0.54,4
2551,Entry long,2022-11-25 07:00,C0|L|MKT|15|v0.3.0-tier0|SPY,383.05,100,38305,18,0.05,0,31,0.08,-14,-0.04,-539,-0.54,4
2552,Exit long,2022-11-29 08:30,TX60,374.75,100,37790,-315,-0.83,0,20,0.05,-352,-0.93,-854,-0.85,4
2552,Entry long,2022-11-29 07:30,C0|L|MKT|15|v0.3.0-tier0|SPY,377.9,100,37790,-315,-0.83,0,20,0.05,-352,-0.93,-854,-0.85,4
2553,Exit short,2022-11-30 08:15,TX60,375.79,100,37565,-14,-0.04,0,86,0.23,-23,-0.06,-868,-0.87,4
2553,Entry short,2022-11-30 07:15,C0|S|MKT|15|v0.3.0-tier0|SPY,375.65,100,37565,-14,-0.04,0,86,0.23,-23,-0.06,-868,-0.87,4
2554,Exit short,2022-12-01 08:15,TX60,387.4,100,38691,-49,-0.13,0,166,0.43,-109,-0.28,-917,-0.92,4
2554,Entry short,2022-12-01 07:15,C0|S|MKT|15|v0.3.0-tier0|SPY,386.91,100,38691,-49,-0.13,0,166,0.43,-109,-0.28,-917,-0.92,4
2555,Exit long,2022-12-02 08:15,TX60,384.52,100,38500,-48,-0.12,0,62,0.16,-121,-0.31,-965,-0.97,4
2555,Entry long,2022-12-02 07:15,C0|L|MKT|15|v0.3.0-tier0|SPY,385,100,38500,-48,-0.12,0,62,0.16,-121,-0.31,-965,-0.97,4
2556,Exit short,2022-12-05 08:00,TX60,383.93,100,38385,-8,-0.02,0,160,0.42,-35,-0.09,-973,-0.97,4
2556,Entry short,2022-12-05 07:00,C0|S|MKT|15|v0.3.0-tier0|SPY,383.85,100,38385,-8,-0.02,0,160,0.42,-35,-0.09,-973,-0.97,4
2557,Exit short,2022-12-06 08:00,TX60,376.38,100,37804,166,0.44,0,225,0.60,-30,-0.08,-807,-0.81,4
2557,Entry short,2022-12-06 07:00,C0|S|MKT|15|v0.3.0-tier0|SPY,378.04,100,37804,166,0.44,0,225,0.60,-30,-0.08,-807,-0.81,4
2558,Exit long,2022-12-08 08:00,TX60,377.5,100,37711,39,0.10,0,110,0.29,-10,-0.03,-768,-0.77,4
2558,Entry long,2022-12-08 07:00,C0|L|MKT|15|v0.3.0-tier0|SPY,377.11,100,37711,39,0.10,0,110,0.29,-10,-0.03,-768,-0.77,4
2559,Exit long,2022-12-12 08:00,TX60,375.52,100,37558,-6,-0.02,0,25,0.07,-74,-0.20,-774,-0.77,4
2559,Entry long,2022-12-12 07:00,C0|L|MKT|15|v0.3.0-tier0|SPY,375.58,100,37558,-6,-0.02,0,25,0.07,-74,-0.20,-774,-0.77,4
2560,Exit short,2022-12-13 08:30,TX60,385.11,100,38594,83,0.22,0,176,0.46,-62,-0.16,-691,-0.69,4
2560,Entry short,2022-12-13 07:30,C0|S|MKT|15|v0.3.0-tier0|SPY,385.94,100,38594,83,0.22,0,176,0.46,-62,-0.16,-691,-0.69,4
2561,Exit long,2022-12-14 08:00,TX60,384.79,100,38441,38,0.10,0,62,0.16,-38,-0.10,-653,-0.65,4
2561,Entry long,2022-12-14 07:00,C0|L|MKT|15|v0.3.0-tier0|SPY,384.41,100,38441,38,0.10,0,62,0.16,-38,-0.10,-653,-0.65,4
2562,Exit short,2022-12-15 08:00,TX60,371.87,100,37279,92,0.25,0,135,0.36,-25,-0.07,-561,-0.56,4
2562,Entry short,2022-12-15 07:00,C0|S|MKT|15|v0.3.0-tier0|SPY,372.79,100,37279,92,0.25,0,135,0.36,-25,-0.07,-561,-0.56,4
2563,Exit short,2022-12-16 08:15,TX60,366.55,100,36643,-12,-0.03,0,130,0.35,-54,-0.15,-573,-0.57,4
2563,Entry short,2022-12-16 07:15,C0|S|MKT|15|v0.3.0-tier0|SPY,366.43,100,36643,-12,-0.03,0,130,0.35,-54,-0.15,-573,-0.57,4
2564,Exit short,2022-12-19 08:00,TX60,365.03,100,36567,64,0.18,0,72,0.20,-118,-0.32,-509,-0.51,4
2564,Entry short,2022-12-19 07:00,C0|S|MKT|15|v0.3.0-tier0|SPY,365.67,100,36567,64,0.18,0,72,0.20,-118,-0.32,-509,-0.51,4
2565,Exit long,2022-12-20 08:00,TX60,364.58,100,36344,114,0.31,0,195,0.54,-10,-0.03,-395,-0.39,4
2565,Entry long,2022-12-20 07:00,C0|L|MKT|15|v0.3.0-tier0|SPY,363.44,100,36344,114,0.31,0,195,0.54,-10,-0.03,-395,-0.39,4
2566,Exit long,2022-12-21 08:15,TX60,369.91,100,36763,228,0.62,0,269,0.73,-11,-0.03,-167,-0.17,4
2566,Entry long,2022-12-21 07:15,C0|L|MKT|15|v0.3.0-tier0|SPY,367.63,100,36763,228,0.62,0,269,0.73,-11,-0.03,-167,-0.17,4
2567,Exit short,2022-12-22 08:15,TX60,362.5,100,36327,77,0.21,0,119,0.33,-26,-0.07,-90,-0.09,4
2567,Entry short,2022-12-22 07:15,C0|S|MKT|15|v0.3.0-tier0|SPY,363.27,100,36327,77,0.21,0,119,0.33,-26,-0.07,-90,-0.09,4
2568,Exit long,2022-12-23 08:30,TX60,364.28,100,36470,-42,-0.12,0,121,0.33,-135,-0.37,-132,-0.13,4
2568,Entry long,2022-12-23 07:30,C0|L|MKT|15|v0.3.0-tier0|SPY,364.7,100,36470,-42,-0.12,0,121,0.33,-135,-0.37,-132,-0.13,4
2569,Exit short,2022-12-27 08:00,TX60,365.2,100,36385,-135,-0.37,0,83,0.23,-249,-0.68,-267,-0.27,4
2569,Entry short,2022-12-27 07:00,C0|S|MKT|15|v0.3.0-tier0|SPY,363.85,100,36385,-135,-0.37,0,83,0.23,-249,-0.68,-267,-0.27,4
2570,Exit long,2022-12-29 08:00,TX60,366.38,100,36489,149,0.41,0,157,0.43,-25,-0.07,-118,-0.12,4
2570,Entry long,2022-12-29 07:00,C0|L|MKT|15|v0.3.0-tier0|SPY,364.89,100,36489,149,0.41,0,157,0.43,-25,-0.07,-118,-0.12,4
2571,Exit short,2023-01-03 08:00,TX60,365.28,100,36501,-27,-0.07,0,159,0.44,-77,-0.21,-145,-0.14,4
2571,Entry short,2023-01-03 07:00,C0|S|MKT|15|v0.3.0-tier0|SPY,365.01,100,36501,-27,-0.07,0,159,0.44,-77,-0.21,-145,-0.14,4
2572,Exit short,2023-01-04 08:15,TX60,366.69,100,36428,-241,-0.66,0,38,0.10,-241,-0.66,-386,-0.39,4
2572,Entry short,2023-01-04 07:15,C0|S|MKT|15|v0.3.0-tier0|SPY,364.28,100,36428,-241,-0.66,0,38,0.10,-241,-0.66,-386,-0.39,4
2573,Exit long,2023-01-09 08:00,TX60,375.45,100,37455,90,0.24,0,146,0.39,-46,-0.12,-296,-0.30,4
2573,Entry long,2023-01-09 07:00,C0|L|MKT|15|v0.3.0-tier0|SPY,374.55,100,37455,90,0.24,0,146,0.39,-46,-0.12,-296,-0.30,4
2574,Exit long,2023-01-10 08:15,TX60,371.41,100,37246,-105,-0.28,0,44,0.12,-311,-0.83,-401,-0.40,4
2574,Entry long,2023-01-10 07:15,C0|L|MKT|15|v0.3.0-tier0|SPY,372.46,100,37246,-105,-0.28,0,44,0.12,-311,-0.83,-401,-0.40,4
2575,Exit long,2023-01-13 08:00,TX60,379.1,100,37745,165,0.44,0,192,0.51,-38,-0.10,-236,-0.24,4
2575,Entry long,2023-01-13 07:00,C0|L|MKT|15|v0.3.0-tier0|SPY,377.45,100,37745,165,0.44,0,192,0.51,-38,-0.10,-236,-0.24,4
2576,Exit long,2023-01-17 08:15,TX60,379.99,100,38213,-214,-0.56,0,56,0.15,-232,-0.61,-450,-0.45,4
2576,Entry long,2023-01-17 07:15,C0|L|MKT|15|v0.3.0-tier0|SPY,382.13,100,38213,-214,-0.56,0,56,0.15,-232,-0.61,-450,-0.45,4
2577,Exit short,2023-01-19 08:15,TX60,371.62,100,37182,20,0.05,0,124,0.33,-95,-0.26,-430,-0.43,4
2577,Entry short,2023-01-19 07:15,C0|S|MKT|15|v0.3.0-tier0|SPY,371.82,100,37182,20,0.05,0,124,0.33,-95,-0.26,-430,-0.43,4
2578,Exit long,2023-01-20 08:15,TX60,374.6,100,37322,138,0.37,0,156,0.42,-40,-0.11,-292,-0.29,4
2578,Entry long,2023-01-20 07:15,C0|L|MKT|15|v0.3.0-tier0|SPY,373.22,100,37322,138,0.37,0,156,0.42,-40,-0.11,-292,-0.29,4
2579,Exit long,2023-01-23 08:00,TX60,382.38,100,38045,193,0.51,0,227,0.60,-25,-0.07,-99,-0.10,4
2579,Entry long,2023-01-23 07:00,C0|L|MKT|15|v0.3.0-tier0|SPY,380.45,100,38045,193,0.51,0,227,0.60,-25,-0.07,-99,-0.10,4
2580,Exit long,2023-01-24 08:15,TX60,382.57,100,38177,80,0.21,0,142,0.37,-81,-0.21,-19,-0.02,4
2580,Entry long,2023-01-24 07:15,C0|L|MKT|15|v0.3.0-tier0|SPY,381.77,100,38177,80,0.21,0,142,0.37,-81,-0.21,-19,-0.02,4
2581,Exit short,2023-01-25 08:00,TX60,377.57,100,37713,-44,-0.12,0,79,0.21,-138,-0.37,-63,-0.06,4
2581,Entry short,2023-01-25 07:00,C0|S|MKT|15|v0.3.0-tier0|SPY,377.13,100,37713,-44,-0.12,0,79,0.21,-138,-0.37,-63,-0.06,4
2582,Exit short,2023-01-26 08:00,TX60,382.82,100,38394,112,0.29,0,144,0.38,-164,-0.43,49,0.05,4
2582,Entry short,2023-01-26 07:00,C0|S|MKT|15|v0.3.0-tier0|SPY,383.94,100,38394,112,0.29,0,144,0.38,-164,-0.43,49,0.05,4
2583,Exit long,2023-01-27 08:00,TX60,386.45,100,38740,-95,-0.25,0,139,0.36,-151,-0.39,-46,-0.05,4
2583,Entry long,2023-01-27 07:00,C0|L|MKT|15|v0.3.0-tier0|SPY,387.4,100,38740,-95,-0.25,0,139,0.36,-151,-0.39,-46,-0.05,4
2584,Exit long,2023-01-30 08:00,TX60,385.28,100,38660,-132,-0.34,0,78,0.20,-227,-0.59,-178,-0.18,4
2584,Entry long,2023-01-30 07:00,C0|L|MKT|15|v0.3.0-tier0|SPY,386.6,100,38660,-132,-0.34,0,78,0.20,-227,-0.59,-178,-0.18,4
2585,Exit long,2023-01-31 08:15,TX60,385.26,100,38452,74,0.19,0,128,0.33,-31,-0.08,-104,-0.10,4
2585,Entry long,2023-01-31 07:15,C0|L|MKT|15|v0.3.0-tier0|SPY,384.52,100,38452,74,0.19,0,128,0.33,-31,-0.08,-104,-0.10,4
2586,Exit long,2023-02-01 08:00,TX60,386.45,100,38849,-204,-0.53,0,6,0.02,-221,-0.57,-308,-0.31,4
2586,Entry long,2023-02-01 07:00,C0|L|MKT|15|v0.3.0-tier0|SPY,388.49,100,38849,-204,-0.53,0,6,0.02,-221,-0.57,-308,-0.31,4
2587,Exit short,2023-02-02 08:00,TX60,398.46,100,39546,-300,-0.76,0,66,0.17,-339,-0.86,-608,-0.61,4
2587,Entry short,2023-02-02 07:00,C0|S|MKT|15|v0.3.0-tier0|SPY,395.46,100,39546,-300,-0.76,0,66,0.17,-339,-0.86,-608,-0.61,4
2588,Exit long,2023-02-03 08:15,TX60,398.12,100,39638,174,0.44,0,207,0.52,-30,-0.08,-434,-0.43,4
2588,Entry long,2023-02-03 07:15,C0|L|MKT|15|v0.3.0-tier0|SPY,396.38,100,39638,174,0.44,0,207,0.52,-30,-0.08,-434,-0.43,4
2589,Exit short,2023-02-06 08:30,TX60,393.01,100,39078,-223,-0.57,0,56,0.14,-240,-0.61,-657,-0.66,4
2589,Entry short,2023-02-06 07:30,C0|S|MKT|15|v0.3.0-tier0|SPY,390.78,100,39078,-223,-0.57,0,56,0.14,-240,-0.61,-657,-0.66,4
2590,Exit short,2023-02-09 08:30,TX60,393.51,100,39421,70,0.18,0,113,0.29,-92,-0.23,-587,-0.59,4
2590,Entry short,2023-02-09 07:30,C0|S|MKT|15|v0.3.0-tier0|SPY,394.21,100,39421,70,0.18,0,113,0.29,-92,-0.23,-587,-0.59,4
2591,Exit long,2023-02-10 08:15,TX60,389.17,100,38947,-30,-0.08,0,75,0.19,-139,-0.36,-617,-0.62,4
2591,Entry long,2023-02-10 07:15,C0|L|MKT|15|v0.3.0-tier0|SPY,389.47,100,38947,-30,-0.08,0,75,0.19,-139,-0.36,-617,-0.62,4
2592,Exit long,2023-02-13 08:00,TX60,393.42,100,39234,108,0.28,0,147,0.37,-32,-0.08,-509,-0.51,4
2592,Entry long,2023-02-13 07:00,C0|L|MKT|15|v0.3.0-tier0|SPY,392.34,100,39234,108,0.28,0,147,0.37,-32,-0.08,-509,-0.51,4
2593,Exit long,2023-02-14 08:00,TX60,392.42,100,39525,-283,-0.72,0,161,0.41,-386,-0.98,-792,-0.79,4
2593,Entry long,2023-02-14 07:00,C0|L|MKT|15|v0.3.0-tier0|SPY,395.25,100,39525,-283,-0.72,0,161,0.41,-386,-0.98,-792,-0.79,4
2594,Exit long,2023-02-16 08:15,TX60,393.23,100,39183,140,0.36,0,199,0.51,-44,-0.11,-652,-0.65,4
2594,Entry long,2023-02-16 07:15,C0|L|MKT|15|v0.3.0-tier0|SPY,391.83,100,39183,140,0.36,0,199,0.51,-44,-0.11,-652,-0.65,4
2595,Exit short,2023-02-17 08:00,TX60,387.15,100,38698,-17,-0.04,0,2,0.01,-239,-0.62,-669,-0.67,4
2595,Entry short,2023-02-17 07:00,C0|S|MKT|15|v0.3.0-tier0|SPY,386.98,100,38698,-17,-0.04,0,2,0.01,-239,-0.62,-669,-0.67,4
2596,Exit short,2023-02-21 08:00,TX60,383.76,100,38486,110,0.29,0,118,0.31,-40,-0.10,-559,-0.56,4
2596,Entry short,2023-02-21 07:00,C0|S|MKT|15|v0.3.0-tier0|SPY,384.86,100,38486,110,0.29,0,118,0.31,-40,-0.10,-559,-0.56,4
2597,Exit short,2023-02-22 08:15,TX60,381.32,100,38086,-46,-0.12,0,65,0.17,-109,-0.29,-605,-0.60,4
2597,Entry short,2023-02-22 07:15,C0|S|MKT|15|v0.3.0-tier0|SPY,380.86,100,38086,-46,-0.12,0,65,0.17,-109,-0.29,-605,-0.60,4
2598,Exit long,2023-02-23 08:00,TX60,381.67,100,38421,-254,-0.66,0,34,0.09,-284,-0.74,-859,-0.86,4
2598,Entry long,2023-02-23 07:00,C0|L|MKT|15|v0.3.0-tier0|SPY,384.21,100,38421,-254,-0.66,0,34,0.09,-284,-0.74,-859,-0.86,4
2599,Exit short,2023-02-24 08:00,TX60,376.84,100,37712,28,0.07,0,73,0.19,-96,-0.25,-831,-0.83,4
2599,Entry short,2023-02-24 07:00,C0|S|MKT|15|v0.3.0-tier0|SPY,377.12,100,37712,28,0.07,0,73,0.19,-96,-0.25,-831,-0.83,4
2600,Exit long,2023-02-27 08:00,TX60,381.72,100,38277,-105,-0.27,0,93,0.24,-166,-0.43,-936,-0.94,4
2600,Entry long,2023-02-27 07:00,C0|L|MKT|15|v0.3.0-tier0|SPY,382.77,100,38277,-105,-0.27,0,93,0.24,-166,-0.43,-936,-0.94,4
2601,Exit long,2023-03-01 08:00,TX60,378.51,100,37875,-24,-0.06,0,44,0.12,-198,-0.52,-960,-0.96,4
2601,Entry long,2023-03-01 07:00,C0|L|MKT|15|v0.3.0-tier0|SPY,378.75,100,37875,-24,-0.06,0,44,0.12,-198,-0.52,-960,-0.96,4
2602,Exit long,2023-03-02 08:00,TX60,377,100,37600,100,0.27,0,118,0.31,-40,-0.11,-860,-0.86,4
2602,Entry long,2023-03-02 07:00,C0|L|MKT|15|v0.3.0-tier0|SPY,376,100,37600,100,0.27,0,118,0.31,-40,-0.11,-860,-0.86,4
2603,Exit long,2023-03-03 08:00,TX60,383.15,100,38298,17,0.04,0,93,0.24,-143,-0.37,-843,-0.84,4
2603,Entry long,2023-03-03 07:00,C0|L|MKT|15|v0.3.0-tier0|SPY,382.98,100,38298,17,0.04,0,93,0.24,-143,-0.37,-843,-0.84,4
2604,Exit long,2023-03-06 08:15,TX60,389.33,100,38864,69,0.18,0,86,0.22,-9,-0.02,-774,-0.77,4
2604,Entry long,2023-03-06 07:15,C0|L|MKT|15|v0.3.0-tier0|SPY,388.64,100,38864,69,0.18,0,86,0.22,-9,-0.02,-774,-0.77,4
2605,Exit short,2023-03-07 08:15,TX60,382.88,100,38362,74,0.19,0,95,0.25,-193,-0.50,-700,-0.70,4
2605,Entry short,2023-03-07 07:15,C0|S|MKT|15|v0.3.0-tier0|SPY,383.62,100,38362,74,0.19,0,95,0.25,-193,-0.50,-700,-0.70,4
2606,Exit long,2023-03-09 08:00,TX60,382.41,100,38322,-81,-0.21,0,47,0.12,-131,-0.34,-781,-0.78,4
2606,Entry long,2023-03-09 07:00,C0|L|MKT|15|v0.3.0-tier0|SPY,383.22,100,38322,-81,-0.21,0,47,0.12,-131,-0.34,-781,-0.78,4
2607,Exit long,2023-03-13 08:00,TX60,370.74,100,36866,208,0.56,0,220,0.60,-181,-0.49,-573,-0.57,4
2607,Entry long,2023-03-13 07:00,C0|L|MKT|15|v0.3.0-tier0|SPY,368.66,100,36866,208,0.56,0,220,0.60,-181,-0.49,-573,-0.57,4
2608,Exit long,2023-03-14 08:15,TX60,375.71,100,37445,126,0.34,0,132,0.35,-44,-0.12,-447,-0.45,4
2608,Entry long,2023-03-14 07:15,C0|L|MKT|15|v0.3.0-tier0|SPY,374.45,100,37445,126,0.34,0,132,0.35,-44,-0.12,-447,-0.45,4
2609,Exit short,2023-03-15 08:00,TX60,369.26,100,36865,-61,-0.17,0,117,0.32,-181,-0.49,-508,-0.51,4
2609,Entry short,2023-03-15 07:00,C0|S|MKT|15|v0.3.0-tier0|SPY,368.65,100,36865,-61,-0.17,0,117,0.32,-181,-0.49,-508,-0.51,4
2610,Exit long,2023-03-16 08:00,TX60,374.41,100,37155,286,0.77,0,332,0.89,-189,-0.51,-222,-0.22,4
2610,Entry long,2023-03-16 07:00,C0|L|MKT|15|v0.3.0-tier0|SPY,371.55,100,37155,286,0.77,0,332,0.89,-189,-0.51,-222,-0.22,4
2611,Exit short,2023-03-17 08:15,TX60,374.7,100,37681,211,0.56,0,308,0.82,-47,-0.12,-11,-0.01,4
2611,Entry short,2023-03-17 07:15,C0|S|MKT|15|v0.3.0-tier0|SPY,376.81,100,37681,211,0.56,0,308,0.82,-47,-0.12,-11,-0.01,4
2612,Exit long,2023-03-20 08:30,TX60,378.26,100,37660,166,0.44,0,173,0.46,-55,-0.15,155,0.16,4
2612,Entry long,2023-03-20 07:30,C0|L|MKT|15|v0.3.0-tier0|SPY,376.6,100,37660,166,0.44,0,173,0.46,-55,-0.15,155,0.16,4
2613,Exit short,2023-03-21 08:15,TX60,381.17,100,38103,-14,-0.04,0,109,0.29,-22,-0.06,141,0.14,4
2613,Entry short,2023-03-21 07:15,C0|S|MKT|15|v0.3.0-tier0|SPY,381.03,100,38103,-14,-0.04,0,109,0.29,-22,-0.06,141,0.14,4
2614,Exit long,2023-03-22 08:30,TX60,382.89,100,38368,-79,-0.21,0,14,0.04,-128,-0.33,62,0.06,4
2614,Entry long,2023-03-22 07:30,C0|L|MKT|15|v0.3.0-tier0|SPY,383.68,100,38368,-79,-0.21,0,14,0.04,-128,-0.33,62,0.06,4
2615,Exit long,2023-03-23 08:15,TX60,382.82,100,38077,205,0.54,0,247,0.65,-39,-0.10,267,0.27,4
2615,Entry long,2023-03-23 07:15,C0|L|MKT|15|v0.3.0-tier0|SPY,380.77,100,38077,205,0.54,0,247,0.65,-39,-0.10,267,0.27,4
2616,Exit long,2023-03-24 08:30,TX60,375.09,100,37668,-159,-0.42,0,47,0.12,-242,-0.64,108,0.11,4
2616,Entry long,2023-03-24 07:30,C0|L|MKT|15|v0.3.0-tier0|SPY,376.68,100,37668,-159,-0.42,0,47,0.12,-242,-0.64,108,0.11,4
2617,Exit short,2023-03-27 08:30,TX60,380.62,100,38119,57,0.15,0,127,0.33,-12,-0.03,165,0.17,4
2617,Entry short,2023-03-27 07:30,C0|S|MKT|15|v0.3.0-tier0|SPY,381.19,100,38119,57,0.15,0,127,0.33,-12,-0.03,165,0.17,4
2618,Exit long,2023-03-28 08:15,TX60,379.57,100,38032,-75,-0.20,0,24,0.06,-162,-0.43,90,0.09,4
2618,Entry long,2023-03-28 07:15,C0|L|MKT|15|v0.3.0-tier0|SPY,380.32,100,38032,-75,-0.20,0,24,0.06,-162,-0.43,90,0.09,4
2619,Exit short,2023-03-30 08:15,TX60,387.2,100,38680,-40,-0.10,0,13,0.03,-116,-0.30,50,0.05,4
2619,Entry short,2023-03-30 07:15,C0|S|MKT|15|v0.3.0-tier0|SPY,386.8,100,38680,-40,-0.10,0,13,0.03,-116,-0.30,50,0.05,4
2620,Exit long,2023-04-03 08:00,TX60,392.57,100,39366,-109,-0.28,0,119,0.30,-113,-0.29,-59,-0.06,4
2620,Entry long,2023-04-03 07:00,C0|L|MKT|15|v0.3.0-tier0|SPY,393.66,100,39366,-109,-0.28,0,119,0.30,-113,-0.29,-59,-0.06,4
2621,Exit short,2023-04-04 08:30,TX60,392.43,100,39399,156,0.40,0,217,0.55,-53,-0.13,97,0.10,4
2621,Entry short,2023-04-04 07:30,C0|S|MKT|15|v0.3.0-tier0|SPY,393.99,100,39399,156,0.40,0,217,0.55,-53,-0.13,97,0.10,4
2622,Exit long,2023-04-05 08:00,TX60,390.02,100,39200,-198,-0.51,0,26,0.07,-209,-0.53,-101,-0.10,4
2622,Entry long,2023-04-05 07:00,C0|L|MKT|15|v0.3.0-tier0|SPY,392,100,39200,-198,-0.51,0,26,0.07,-209,-0.53,-101,-0.10,4
2623,Exit long,2023-04-06 08:15,TX60,390.69,100,39079,-10,-0.03,0,14,0.04,-98,-0.25,-111,-0.11,4
2623,Entry long,2023-04-06 07:15,C0|L|MKT|15|v0.3.0-tier0|SPY,390.79,100,39079,-10,-0.03,0,14,0.04,-98,-0.25,-111,-0.11,4
2624,Exit long,2023-04-10 08:15,TX60,391.11,100,39053,58,0.15,0,60,0.15,-53,-0.14,-53,-0.05,4
2624,Entry long,2023-04-10 07:15,C0|L|MKT|15|v0.3.0-tier0|SPY,390.53,100,39053,58,0.15,0,60,0.15,-53,-0.14,-53,-0.05,4
2625,Exit short,2023-04-11 08:00,TX60,392.95,100,39308,13,0.03,0,58,0.15,-48,-0.12,-40,-0.04,4
2625,Entry short,2023-04-11 07:00,C0|S|MKT|15|v0.3.0-tier0|SPY,393.08,100,39308,13,0.03,0,58,0.15,-48,-0.12,-40,-0.04,4
2626,Exit short,2023-04-12 08:00,TX60,392.74,100,39423,149,0.38,0,157,0.40,-108,-0.27,109,0.11,4
2626,Entry short,2023-04-12 07:00,C0|S|MKT|15|v0.3.0-tier0|SPY,394.23,100,39423,149,0.38,0,157,0.40,-108,-0.27,109,0.11,4
2627,Exit long,2023-04-13 08:15,TX60,394.03,100,39379,24,0.06,0,59,0.15,-15,-0.04,133,0.13,4
2627,Entry long,2023-04-13 07:15,C0|L|MKT|15|v0.3.0-tier0|SPY,393.79,100,39379,24,0.06,0,59,0.15,-15,-0.04,133,0.13,4
2628,Exit long,2023-04-14 08:00,TX60,395.66,100,39813,-247,-0.62,0,17,0.04,-295,-0.74,-114,-0.11,4
2628,Entry long,2023-04-14 07:00,C0|L|MKT|15|v0.3.0-tier0|SPY,398.13,100,39813,-247,-0.62,0,17,0.04,-295,-0.74,-114,-0.11,4
2629,Exit short,2023-04-18 08:00,TX60,396.71,100,39802,131,0.33,0,168,0.42,-2,-0.01,17,0.02,4
2629,Entry short,2023-04-18 07:00,C0|S|MKT|15|v0.3.0-tier0|SPY,398.02,100,39802,131,0.33,0,168,0.42,-2,-0.01,17,0.02,4
2630,Exit long,2023-04-19 08:15,TX60,396.91,100,39627,64,0.16,0,73,0.18,-28,-0.07,81,0.08,4
2630,Entry long,2023-04-19 07:15,C0|L|MKT|15|v0.3.0-tier0|SPY,396.27,100,39627,64,0.16,0,73,0.18,-28,-0.07,81,0.08,4
2631,Exit long,2023-04-20 08:15,TX60,395.88,100,39581,7,0.02,0,47,0.12,-44,-0.11,88,0.09,4
2631,Entry long,2023-04-20 07:15,C0|L|MKT|15|v0.3.0-tier0|SPY,395.81,100,39581,7,0.02,0,47,0.12,-44,-0.11,88,0.09,4
2632,Exit short,2023-04-21 08:00,TX60,394.34,100,39444,10,0.03,0,74,0.19,-142,-0.36,98,0.10,4
2632,Entry short,2023-04-21 07:00,C0|S|MKT|15|v0.3.0-tier0|SPY,394.44,100,39444,10,0.03,0,74,0.19,-142,-0.36,98,0.10,4
2633,Exit short,2023-04-25 08:00,TX60,393.38,100,39380,42,0.11,0,111,0.28,-49,-0.12,140,0.14,4
2633,Entry short,2023-04-25 07:00,C0|S|MKT|15|v0.3.0-tier0|SPY,393.8,100,39380,42,0.11,0,111,0.28,-49,-0.12,140,0.14,4
2634,Exit short,2023-04-26 08:15,TX60,390.77,100,38982,-95,-0.24,0,107,0.27,-108,-0.28,45,0.05,4
2634,Entry short,2023-04-26 07:15,C0|S|MKT|15|v0.3.0-tier0|SPY,389.82,100,38982,-95,-0.24,0,107,0.27,-108,-0.28,45,0.05,4
2635,Exit long,2023-04-27 08:00,TX60,391.35,100,39123,12,0.03,0,93,0.24,-16,-0.04,57,0.06,4
2635,Entry long,2023-04-27 07:00,C0|L|MKT|15|v0.3.0-tier0|SPY,391.23,100,39123,12,0.03,0,93,0.24,-16,-0.04,57,0.06,4
2636,Exit long,2023-04-28 08:00,TX60,396.65,100,39596,69,0.17,0,218,0.55,-18,-0.05,126,0.13,4
2636,Entry long,2023-04-28 07:00,C0|L|MKT|15|v0.3.0-tier0|SPY,395.96,100,39596,69,0.17,0,218,0.55,-18,-0.05,126,0.13,4
2637,Exit long,2023-05-01 08:00,TX60,400.21,100,39963,58,0.15,0,69,0.17,-56,-0.14,184,0.18,4
2637,Entry long,2023-05-01 07:00,C0|L|MKT|15|v0.3.0-tier0|SPY,399.63,100,39963,58,0.15,0,69,0.17,-56,-0.14,184,0.18,4
2638,Exit short,2023-05-02 08:15,TX60,392.26,100,39548,322,0.81,0,374,0.95,-27,-0.07,506,0.51,4
2638,Entry short,2023-05-02 07:15,C0|S|MKT|15|v0.3.0-tier0|SPY,395.48,100,39548,322,0.81,0,374,0.95,-27,-0.07,506,0.51,4
2639,Exit long,2023-05-03 08:00,TX60,394.34,100,39564,-130,-0.33,0,27,0.07,-161,-0.41,376,0.38,4
2639,Entry long,2023-05-03 07:00,C0|L|MKT|15|v0.3.0-tier0|SPY,395.64,100,39564,-130,-0.33,0,27,0.07,-161,-0.41,376,0.38,4
2640,Exit short,2023-05-04 08:30,TX60,388.96,100,38778,-118,-0.30,0,14,0.04,-241,-0.62,258,0.26,4
2640,Entry short,2023-05-04 07:30,C0|S|MKT|15|v0.3.0-tier0|SPY,387.78,100,38778,-118,-0.30,0,14,0.04,-241,-0.62,258,0.26,4
2641,Exit long,2023-05-05 08:15,TX60,394.67,100,39436,31,0.08,0,75,0.19,-38,-0.10,289,0.29,4
2641,Entry long,2023-05-05 07:15,C0|L|MKT|15|v0.3.0-tier0|SPY,394.36,100,39436,31,0.08,0,75,0.19,-38,-0.10,289,0.29,4
2642,Exit short,2023-05-08 08:00,TX60,395.84,100,39566,-18,-0.05,0,52,0.13,-34,-0.09,271,0.27,4
2642,Entry short,2023-05-08 07:00,C0|S|MKT|15|v0.3.0-tier0|SPY,395.66,100,39566,-18,-0.05,0,52,0.13,-34,-0.09,271,0.27,4
2643,Exit long,2023-05-09 08:00,TX60,394.85,100,39510,-25,-0.06,0,20,0.05,-76,-0.19,246,0.25,4
2643,Entry long,2023-05-09 07:00,C0|L|MKT|15|v0.3.0-tier0|SPY,395.1,100,39510,-25,-0.06,0,20,0.05,-76,-0.19,246,0.25,4
2644,Exit short,2023-05-11 08:00,TX60,394.83,100,39384,-99,-0.25,0,34,0.09,-104,-0.26,147,0.15,4
2644,Entry short,2023-05-11 07:00,C0|S|MKT|15|v0.3.0-tier0|SPY,393.84,100,39384,-99,-0.25,0,34,0.09,-104,-0.26,147,0.15,4
2645,Exit short,2023-05-12 08:00,TX60,394.99,100,39628,129,0.33,0,158,0.40,-6,-0.02,276,0.28,4
2645,Entry short,2023-05-12 07:00,C0|S|MKT|15|v0.3.0-tier0|SPY,396.28,100,39628,129,0.33,0,158,0.40,-6,-0.02,276,0.28,4
2646,Exit short,2023-05-15 08:00,TX60,394.9,100,39436,-54,-0.14,0,61,0.15,-107,-0.27,222,0.22,4
2646,Entry short,2023-05-15 07:00,C0|S|MKT|15|v0.3.0-tier0|SPY,394.36,100,39436,-54,-0.14,0,61,0.15,-107,-0.27,222,0.22,4
2647,Exit short,2023-05-16 08:00,TX60,394.94,100,39508,14,0.04,0,88,0.22,-48,-0.12,236,0.24,4
2647,Entry short,2023-05-16 07:00,C0|S|MKT|15|v0.3.0-tier0|SPY,395.08,100,39508,14,0.04,0,88,0.22,-48,-0.12,236,0.24,4
2648,Exit short,2023-05-17 08:00,TX60,395.34,100,39427,-107,-0.27,0,12,0.03,-111,-0.28,129,0.13,4
2648,Entry short,2023-05-17 07:00,C0|S|MKT|15|v0.3.0-tier0|SPY,394.27,100,39427,-107,-0.27,0,12,0.03,-111,-0.28,129,0.13,4
2649,Exit long,2023-05-18 08:15,TX60,400.63,100,39902,161,0.40,0,212,0.53,-13,-0.03,290,0.29,4
2649,Entry long,2023-05-18 07:15,C0|L|MKT|15|v0.3.0-tier0|SPY,399.02,100,39902,161,0.40,0,212,0.53,-13,-0.03,290,0.29,4
2650,Exit long,2023-05-23 08:00,TX60,400.62,100,40087,-25,-0.06,0,47,0.12,-65,-0.16,265,0.27,4
2650,Entry long,2023-05-23 07:00,C0|L|MKT|15|v0.3.0-tier0|SPY,400.87,100,40087,-25,-0.06,0,47,0.12,-65,-0.16,265,0.27,4
2651,Exit short,2023-05-24 08:00,TX60,393.98,100,39462,64,0.16,0,80,0.20,-25,-0.06,329,0.33,4
2651,Entry short,2023-05-24 07:00,C0|S|MKT|15|v0.3.0-tier0|SPY,394.62,100,39462,64,0.16,0,80,0.20,-25,-0.06,329,0.33,4
2652,Exit long,2023-05-26 08:15,TX60,402.09,100,40099,110,0.27,0,196,0.49,0,0.00,439,0.44,4
2652,Entry long,2023-05-26 07:15,C0|L|MKT|15|v0.3.0-tier0|SPY,400.99,100,40099,110,0.27,0,196,0.49,0,0.00,439,0.44,4
2653,Exit short,2023-05-30 08:00,TX60,403.78,100,40443,65,0.16,0,111,0.27,-60,-0.15,504,0.50,4
2653,Entry short,2023-05-30 07:00,C0|S|MKT|15|v0.3.0-tier0|SPY,404.43,100,40443,65,0.16,0,111,0.27,-60,-0.15,504,0.50,4
2654,Exit short,2023-05-31 08:15,TX60,399.75,100,40065,90,0.22,0,104,0.26,-8,-0.02,594,0.59,4
2654,Entry short,2023-05-31 07:15,C0|S|MKT|15|v0.3.0-tier0|SPY,400.65,100,40065,90,0.22,0,104,0.26,-8,-0.02,594,0.59,4
2655,Exit long,2023-06-01 08:15,TX60,402.94,100,40167,127,0.32,0,136,0.34,-102,-0.25,721,0.72,4
2655,Entry long,2023-06-01 07:15,C0|L|MKT|15|v0.3.0-tier0|SPY,401.67,100,40167,127,0.32,0,136,0.34,-102,-0.25,721,0.72,4
2656,Exit short,2023-06-02 08:00,TX60,409.71,100,40733,-238,-0.58,0,41,0.10,-242,-0.59,483,0.48,4
2656,Entry short,2023-06-02 07:00,C0|S|MKT|15|v0.3.0-tier0|SPY,407.33,100,40733,-238,-0.58,0,41,0.10,-242,-0.59,483,0.48,4
2657,Exit short,2023-06-05 08:15,TX60,411.39,100,41075,-64,-0.16,0,30,0.07,-93,-0.23,419,0.42,4
2657,Entry short,2023-06-05 07:15,C0|S|MKT|15|v0.3.0-tier0|SPY,410.75,100,41075,-64,-0.16,0,30,0.07,-93,-0.23,419,0.42,4
2658,Exit long,2023-06-06 08:15,TX60,410.66,100,41005,61,0.15,0,118,0.29,-24,-0.06,480,0.48,4
2658,Entry long,2023-06-06 07:15,C0|L|MKT|15|v0.3.0-tier0|SPY,410.05,100,41005,61,0.15,0,118,0.29,-24,-0.06,480,0.48,4
2659,Exit long,2023-06-08 08:15,TX60,410.78,100,40999,79,0.19,0,100,0.24,-23,-0.06,559,0.56,4
2659,Entry long,2023-06-08 07:15,C0|L|MKT|15|v0.3.0-tier0|SPY,409.99,100,40999,79,0.19,0,100,0.24,-23,-0.06,559,0.56,4
2660,Exit long,2023-06-09 08:15,TX60,414.25,100,41425,0,0.00,0,39,0.09,-104,-0.25,559,0.56,4
2660,Entry long,2023-06-09 07:15,C0|L|MKT|15|v0.3.0-tier0|SPY,414.25,100,41425,0,0.00,0,39,0.09,-104,-0.25,559,0.56,4
2661,Exit long,2023-06-14 08:00,TX60,420.27,100,41994,33,0.08,0,80,0.19,-16,-0.04,592,0.59,4
2661,Entry long,2023-06-14 07:00,C0|L|MKT|15|v0.3.0-tier0|SPY,419.94,100,41994,33,0.08,0,80,0.19,-16,-0.04,592,0.59,4
2662,Exit long,2023-06-15 08:00,TX60,421.77,100,42110,67,0.16,0,105,0.25,-34,-0.08,659,0.66,4
2662,Entry long,2023-06-15 07:00,C0|L|MKT|15|v0.3.0-tier0|SPY,421.1,100,42110,67,0.16,0,105,0.25,-34,-0.08,659,0.66,4
2663,Exit short,2023-06-20 08:15,TX60,419.93,100,42077,84,0.20,0,165,0.39,-1,0.00,743,0.74,4
2663,Entry short,2023-06-20 07:15,C0|S|MKT|15|v0.3.0-tier0|SPY,420.77,100,42077,84,0.20,0,165,0.39,-1,0.00,743,0.74,4
2664,Exit long,2023-06-22 08:00,TX60,418.62,100,41887,-25,-0.06,0,118,0.28,-72,-0.17,718,0.72,4
2664,Entry long,2023-06-22 07:00,C0|L|MKT|15|v0.3.0-tier0|SPY,418.87,100,41887,-25,-0.06,0,118,0.28,-72,-0.17,718,0.72,4
2665,Exit long,2023-06-23 08:30,TX60,417.32,100,41780,-48,-0.11,0,55,0.13,-80,-0.19,670,0.67,4
2665,Entry long,2023-06-23 07:30,C0|L|MKT|15|v0.3.0-tier0|SPY,417.8,100,41780,-48,-0.11,0,55,0.13,-80,-0.19,670,0.67,4
2666,Exit long,2023-06-26 08:00,TX60,417.62,100,41837,-75,-0.18,0,33,0.08,-181,-0.43,595,0.60,4
2666,Entry long,2023-06-26 07:00,C0|L|MKT|15|v0.3.0-tier0|SPY,418.37,100,41837,-75,-0.18,0,33,0.08,-181,-0.43,595,0.60,4
2667,Exit long,2023-06-28 08:30,TX60,420.09,100,41959,50,0.12,0,91,0.22,-14,-0.03,645,0.65,4
2667,Entry long,2023-06-28 07:30,C0|L|MKT|15|v0.3.0-tier0|SPY,419.59,100,41959,50,0.12,0,91,0.22,-14,-0.03,645,0.65,4
2668,Exit long,2023-06-30 08:15,TX60,426.75,100,42667,8,0.02,0,46,0.11,-81,-0.19,653,0.65,4
2668,Entry long,2023-06-30 07:15,C0|L|MKT|15|v0.3.0-tier0|SPY,426.67,100,42667,8,0.02,0,46,0.11,-81,-0.19,653,0.65,4
2669,Exit long,2023-07-03 08:00,TX60,426.99,100,42726,-27,-0.06,0,18,0.04,-46,-0.11,626,0.63,4
2669,Entry long,2023-07-03 07:00,C0|L|MKT|15|v0.3.0-tier0|SPY,427.26,100,42726,-27,-0.06,0,18,0.04,-46,-0.11,626,0.63,4
2670,Exit long,2023-07-05 08:00,TX60,427.56,100,42704,52,0.12,0,55,0.13,-31,-0.07,678,0.68,4
2670,Entry long,2023-07-05 07:00,C0|L|MKT|15|v0.3.0-tier0|SPY,427.04,100,42704,52,0.12,0,55,0.13,-31,-0.07,678,0.68,4
2671,Exit short,2023-07-06 08:00,TX60,421.2,100,42241,121,0.29,0,128,0.30,-5,-0.01,799,0.80,4
2671,Entry short,2023-07-06 07:00,C0|S|MKT|15|v0.3.0-tier0|SPY,422.41,100,42241,121,0.29,0,128,0.30,-5,-0.01,799,0.80,4
2672,Exit long,2023-07-07 08:00,TX60,423.75,100,42404,-29,-0.07,0,10,0.02,-128,-0.30,770,0.77,4
2672,Entry long,2023-07-07 07:00,C0|L|MKT|15|v0.3.0-tier0|SPY,424.04,100,42404,-29,-0.07,0,10,0.02,-128,-0.30,770,0.77,4
2673,Exit long,2023-07-10 08:15,TX60,422.41,100,42355,-114,-0.27,0,18,0.04,-157,-0.37,656,0.66,4
2673,Entry long,2023-07-10 07:15,C0|L|MKT|15|v0.3.0-tier0|SPY,423.55,100,42355,-114,-0.27,0,18,0.04,-157,-0.37,656,0.66,4
2674,Exit short,2023-07-11 08:15,TX60,424.77,100,42345,-132,-0.31,0,4,0.01,-134,-0.32,524,0.52,4
2674,Entry short,2023-07-11 07:15,C0|S|MKT|15|v0.3.0-tier0|SPY,423.45,100,42345,-132,-0.31,0,4,0.01,-134,-0.32,524,0.52,4
2675,Exit long,2023-07-12 08:00,TX60,430.63,100,43059,4,0.01,0,50,0.12,-41,-0.10,528,0.53,4
2675,Entry long,2023-07-12 07:00,C0|L|MKT|15|v0.3.0-tier0|SPY,430.59,100,43059,4,0.01,0,50,0.12,-41,-0.10,528,0.53,4
2676,Exit long,2023-07-14 08:00,TX60,433.7,100,43452,-82,-0.19,0,32,0.07,-145,-0.33,446,0.45,4
2676,Entry long,2023-07-14 07:00,C0|L|MKT|15|v0.3.0-tier0|SPY,434.52,100,43452,-82,-0.19,0,32,0.07,-145,-0.33,446,0.45,4
2677,Exit long,2023-07-17 08:15,TX60,433.71,100,43340,31,0.07,0,31,0.07,-19,-0.04,477,0.48,4
2677,Entry long,2023-07-17 07:15,C0|L|MKT|15|v0.3.0-tier0|SPY,433.4,100,43340,31,0.07,0,31,0.07,-19,-0.04,477,0.48,4
2678,Exit long,2023-07-18 08:00,TX60,435.72,100,43499,73,0.17,0,77,0.18,-16,-0.04,550,0.55,4
2678,Entry long,2023-07-18 07:00,C0|L|MKT|15|v0.3.0-tier0|SPY,434.99,100,43499,73,0.17,0,77,0.18,-16,-0.04,550,0.55,4
2679,Exit short,2023-07-20 08:15,TX60,437.19,100,43742,23,0.05,0,118,0.27,-19,-0.04,573,0.57,4
2679,Entry short,2023-07-20 07:15,C0|S|MKT|15|v0.3.0-tier0|SPY,437.42,100,43742,23,0.05,0,118,0.27,-19,-0.04,573,0.57,4
2680,Exit short,2023-07-21 08:00,TX60,436.51,100,43626,-25,-0.06,0,60,0.14,-71,-0.16,548,0.55,4
2680,Entry short,2023-07-21 07:00,C0|S|MKT|15|v0.3.0-tier0|SPY,436.26,100,43626,-25,-0.06,0,60,0.14,-71,-0.16,548,0.55,4
2681,Exit short,2023-07-24 08:00,TX60,437.62,100,43661,-101,-0.23,0,27,0.06,-112,-0.26,447,0.45,4
2681,Entry short,2023-07-24 07:00,C0|S|MKT|15|v0.3.0-tier0|SPY,436.61,100,43661,-101,-0.23,0,27,0.06,-112,-0.26,447,0.45,4
2682,Exit long,2023-07-25 08:00,TX60,437.96,100,43817,-21,-0.05,0,23,0.05,-39,-0.09,426,0.43,4
2682,Entry long,2023-07-25 07:00,C0|L|MKT|15|v0.3.0-tier0|SPY,438.17,100,43817,-21,-0.05,0,23,0.05,-39,-0.09,426,0.43,4
2683,Exit short,2023-07-27 08:15,TX60,440.51,100,44157,106,0.24,0,123,0.28,-19,-0.04,532,0.53,4
2683,Entry short,2023-07-27 07:15,C0|S|MKT|15|v0.3.0-tier0|SPY,441.57,100,44157,106,0.24,0,123,0.28,-19,-0.04,532,0.53,4
2684,Exit long,2023-07-28 08:15,TX60,440.19,100,43984,35,0.08,0,42,0.10,-59,-0.13,567,0.57,4
2684,Entry long,2023-07-28 07:15,C0|L|MKT|15|v0.3.0-tier0|SPY,439.84,100,43984,35,0.08,0,42,0.10,-59,-0.13,567,0.57,4
2685,Exit short,2023-07-31 08:00,TX60,440.77,100,44028,-49,-0.11,0,33,0.07,-78,-0.18,518,0.52,4
2685,Entry short,2023-07-31 07:00,C0|S|MKT|15|v0.3.0-tier0|SPY,440.28,100,44028,-49,-0.11,0,33,0.07,-78,-0.18,518,0.52,4
2686,Exit short,2023-08-01 08:15,TX60,439.3,100,43931,1,0.00,0,45,0.10,-62,-0.14,519,0.52,4
2686,Entry short,2023-08-01 07:15,C0|S|MKT|15|v0.3.0-tier0|SPY,439.31,100,43931,1,0.00,0,45,0.10,-62,-0.14,519,0.52,4
2687,Exit short,2023-08-02 08:15,TX60,434.58,100,43545,87,0.20,0,150,0.34,-34,-0.08,606,0.61,4
2687,Entry short,2023-08-02 07:15,C0|S|MKT|15|v0.3.0-tier0|SPY,435.45,100,43545,87,0.20,0,150,0.34,-34,-0.08,606,0.61,4
2688,Exit short,2023-08-03 08:30,TX60,432.95,100,43105,-190,-0.44,0,4,0.01,-206,-0.48,416,0.42,4
2688,Entry short,2023-08-03 07:30,C0|S|MKT|15|v0.3.0-tier0|SPY,431.05,100,43105,-190,-0.44,0,4,0.01,-206,-0.48,416,0.42,4
2689,Exit short,2023-08-04 08:00,TX60,434.78,100,43384,-94,-0.22,0,149,0.34,-107,-0.25,322,0.32,4
2689,Entry short,2023-08-04 07:00,C0|S|MKT|15|v0.3.0-tier0|SPY,433.84,100,43384,-94,-0.22,0,149,0.34,-107,-0.25,322,0.32,4
2690,Exit short,2023-08-08 08:00,TX60,429.24,100,43024,100,0.23,0,114,0.26,-27,-0.06,422,0.42,4
2690,Entry short,2023-08-08 07:00,C0|S|MKT|15|v0.3.0-tier0|SPY,430.24,100,43024,100,0.23,0,114,0.26,-27,-0.06,422,0.42,4
2691,Exit long,2023-08-10 08:00,TX60,433.09,100,43471,-162,-0.37,0,46,0.11,-241,-0.55,260,0.26,4
2691,Entry long,2023-08-10 07:00,C0|L|MKT|15|v0.3.0-tier0|SPY,434.71,100,43471,-162,-0.37,0,46,0.11,-241,-0.55,260,0.26,4
2692,Exit long,2023-08-11 08:15,TX60,428.45,100,42913,-68,-0.16,0,122,0.28,-77,-0.18,192,0.19,4
2692,Entry long,2023-08-11 07:15,C0|L|MKT|15|v0.3.0-tier0|SPY,429.13,100,42913,-68,-0.16,0,122,0.28,-77,-0.18,192,0.19,4
2693,Exit long,2023-08-14 08:15,TX60,430.3,100,42979,51,0.12,0,143,0.33,-35,-0.08,243,0.24,4
2693,Entry long,2023-08-14 07:15,C0|L|MKT|15|v0.3.0-tier0|SPY,429.79,100,42979,51,0.12,0,143,0.33,-35,-0.08,243,0.24,4
2694,Exit short,2023-08-15 08:00,TX60,427.69,100,42894,125,0.29,0,170,0.40,-2,0.00,368,0.37,4
2694,Entry short,2023-08-15 07:00,C0|S|MKT|15|v0.3.0-tier0|SPY,428.94,100,42894,125,0.29,0,170,0.40,-2,0.00,368,0.37,4
2695,Exit short,2023-08-17 08:00,TX60,423.86,100,42428,42,0.10,0,97,0.23,-33,-0.08,410,0.41,4
2695,Entry short,2023-08-17 07:00,C0|S|MKT|15|v0.3.0-tier0|SPY,424.28,100,42428,42,0.10,0,97,0.23,-33,-0.08,410,0.41,4
2696,Exit long,2023-08-21 08:00,TX60,420.76,100,42266,-190,-0.45,0,16,0.04,-221,-0.52,220,0.22,4
2696,Entry long,2023-08-21 07:00,C0|L|MKT|15|v0.3.0-tier0|SPY,422.66,100,42266,-190,-0.45,0,16,0.04,-221,-0.52,220,0.22,4
2697,Exit short,2023-08-22 08:00,TX60,423.67,100,42356,-11,-0.03,0,96,0.23,-73,-0.17,209,0.21,4
2697,Entry short,2023-08-22 07:00,C0|S|MKT|15|v0.3.0-tier0|SPY,423.56,100,42356,-11,-0.03,0,96,0.23,-73,-0.17,209,0.21,4
2698,Exit long,2023-08-23 08:00,TX60,425.75,100,42425,150,0.35,0,156,0.37,-15,-0.04,359,0.36,4
2698,Entry long,2023-08-23 07:00,C0|L|MKT|15|v0.3.0-tier0|SPY,424.25,100,42425,150,0.35,0,156,0.37,-15,-0.04,359,0.36,4
2699,Exit short,2023-08-24 08:15,TX60,424.46,100,42706,260,0.61,0,292,0.68,-5,-0.01,619,0.62,4
2699,Entry short,2023-08-24 07:15,C0|S|MKT|15|v0.3.0-tier0|SPY,427.06,100,42706,260,0.61,0,292,0.68,-5,-0.01,619,0.62,4
2700,Exit long,2023-08-25 08:15,TX60,420.78,100,42372,-294,-0.69,0,133,0.31,-464,-1.10,325,0.33,4
2700,Entry long,2023-08-25 07:15,C0|L|MKT|15|v0.3.0-tier0|SPY,423.72,100,42372,-294,-0.69,0,133,0.31,-464,-1.10,325,0.33,4
2701,Exit long,2023-08-29 08:00,TX60,429.47,100,42762,185,0.43,0,281,0.66,-1,0.00,510,0.51,4
2701,Entry long,2023-08-29 07:00,C0|L|MKT|15|v0.3.0-tier0|SPY,427.62,100,42762,185,0.43,0,281,0.66,-1,0.00,510,0.51,4
2702,Exit long,2023-08-30 08:00,TX60,434.11,100,43473,-62,-0.14,0,36,0.08,-238,-0.55,448,0.45,4
2702,Entry long,2023-08-30 07:00,C0|L|MKT|15|v0.3.0-tier0|SPY,434.73,100,43473,-62,-0.14,0,36,0.08,-238,-0.55,448,0.45,4
2703,Exit long,2023-08-31 08:00,TX60,435.8,100,43590,-10,-0.02,0,36,0.08,-62,-0.14,438,0.44,4
2703,Entry long,2023-08-31 07:00,C0|L|MKT|15|v0.3.0-tier0|SPY,435.9,100,43590,-10,-0.02,0,36,0.08,-62,-0.14,438,0.44,4
2704,Exit short,2023-09-05 08:15,TX60,434.33,100,43313,-120,-0.28,0,39,0.09,-142,-0.33,318,0.32,4
2704,Entry short,2023-09-05 07:15,C0|S|MKT|15|v0.3.0-tier0|SPY,433.13,100,43313,-120,-0.28,0,39,0.09,-142,-0.33,318,0.32,4
2705,Exit short,2023-09-06 08:15,TX60,429.04,100,43041,137,0.32,0,153,0.36,-52,-0.12,455,0.46,4
2705,Entry short,2023-09-06 07:15,C0|S|MKT|15|v0.3.0-tier0|SPY,430.41,100,43041,137,0.32,0,153,0.36,-52,-0.12,455,0.46,4
2706,Exit long,2023-09-08 08:15,TX60,430.17,100,43009,8,0.02,0,66,0.15,-64,-0.15,463,0.46,4
2706,Entry long,2023-09-08 07:15,C0|L|MKT|15|v0.3.0-tier0|SPY,430.09,100,43009,8,0.02,0,66,0.15,-64,-0.15,463,0.46,4
2707,Exit short,2023-09-11 08:00,TX60,430.52,100,43062,10,0.02,0,26,0.06,-85,-0.20,473,0.47,4
2707,Entry short,2023-09-11 07:00,C0|S|MKT|15|v0.3.0-tier0|SPY,430.62,100,43062,10,0.02,0,26,0.06,-85,-0.20,473,0.47,4
2708,Exit short,2023-09-12 08:30,TX60,430.39,100,43028,-11,-0.03,0,51,0.12,-30,-0.07,462,0.46,4
2708,Entry short,2023-09-12 07:30,C0|S|MKT|15|v0.3.0-tier0|SPY,430.28,100,43028,-11,-0.03,0,51,0.12,-30,-0.07,462,0.46,4
2709,Exit short,2023-09-13 08:15,TX60,430.92,100,42918,-174,-0.41,0,39,0.09,-190,-0.44,288,0.29,4
2709,Entry short,2023-09-13 07:15,C0|S|MKT|15|v0.3.0-tier0|SPY,429.18,100,42918,-174,-0.41,0,39,0.09,-190,-0.44,288,0.29,4
2710,Exit short,2023-09-14 08:15,TX60,433.35,100,43173,-162,-0.38,0,41,0.09,-183,-0.42,126,0.13,4
2710,Entry short,2023-09-14 07:15,C0|S|MKT|15|v0.3.0-tier0|SPY,431.73,100,43173,-162,-0.38,0,41,0.09,-183,-0.42,126,0.13,4
2711,Exit short,2023-09-15 08:00,TX60,429.8,100,43158,178,0.41,0,180,0.42,-52,-0.12,304,0.30,4
2711,Entry short,2023-09-15 07:00,C0|S|MKT|15|v0.3.0-tier0|SPY,431.58,100,43158,178,0.41,0,180,0.42,-52,-0.12,304,0.30,4
2712,Exit short,2023-09-19 08:00,TX60,425.95,100,42751,156,0.36,0,163,0.38,-4,-0.01,460,0.46,4
2712,Entry short,2023-09-19 07:00,C0|S|MKT|15|v0.3.0-tier0|SPY,427.51,100,42751,156,0.36,0,163,0.38,-4,-0.01,460,0.46,4
2713,Exit short,2023-09-21 08:00,TX60,419.7,100,41973,3,0.01,0,14,0.03,-138,-0.33,463,0.46,4
2713,Entry short,2023-09-21 07:00,C0|S|MKT|15|v0.3.0-tier0|SPY,419.73,100,41973,3,0.01,0,14,0.03,-138,-0.33,463,0.46,4
2714,Exit long,2023-09-22 08:30,TX60,419.47,100,41839,108,0.26,0,110,0.26,0,0.00,571,0.57,4
2714,Entry long,2023-09-22 07:30,C0|L|MKT|15|v0.3.0-tier0|SPY,418.39,100,41839,108,0.26,0,110,0.26,0,0.00,571,0.57,4
2715,Exit long,2023-09-25 08:00,TX60,414.96,100,41627,-131,-0.31,0,13,0.03,-131,-0.31,440,0.44,4
2715,Entry long,2023-09-25 07:00,C0|L|MKT|15|v0.3.0-tier0|SPY,416.27,100,41627,-131,-0.31,0,13,0.03,-131,-0.31,440,0.44,4
2716,Exit short,2023-09-26 08:00,TX60,413.79,100,41446,67,0.16,0,164,0.40,-24,-0.06,507,0.51,4
2716,Entry short,2023-09-26 07:00,C0|S|MKT|15|v0.3.0-tier0|SPY,414.46,100,41446,67,0.16,0,164,0.40,-24,-0.06,507,0.51,4
2717,Exit short,2023-09-27 08:15,TX60,411.77,100,41176,-1,0.00,0,86,0.21,-108,-0.26,506,0.51,4
2717,Entry short,2023-09-27 07:15,C0|S|MKT|15|v0.3.0-tier0|SPY,411.76,100,41176,-1,0.00,0,86,0.21,-108,-0.26,506,0.51,4
2718,Exit long,2023-09-28 08:00,TX60,413.17,100,41257,60,0.15,0,79,0.19,-137,-0.33,566,0.57,4
2718,Entry long,2023-09-28 07:00,C0|L|MKT|15|v0.3.0-tier0|SPY,412.57,100,41257,60,0.15,0,79,0.19,-137,-0.33,566,0.57,4
2719,Exit short,2023-09-29 08:30,TX60,415.73,100,41607,34,0.08,0,41,0.10,-97,-0.23,600,0.60,4
2719,Entry short,2023-09-29 07:30,C0|S|MKT|15|v0.3.0-tier0|SPY,416.07,100,41607,34,0.08,0,41,0.10,-97,-0.23,600,0.60,4
2720,Exit long,2023-10-03 08:00,TX60,407.75,100,41215,-440,-1.07,0,4,0.01,-468,-1.14,160,0.16,4
2720,Entry long,2023-10-03 07:00,C0|L|MKT|15|v0.3.0-tier0|SPY,412.15,100,41215,-440,-1.07,0,4,0.01,-468,-1.14,160,0.16,4
2721,Exit short,2023-10-04 08:15,TX60,407.84,100,40786,2,0.00,0,126,0.31,-70,-0.17,162,0.16,4
2721,Entry short,2023-10-04 07:15,C0|S|MKT|15|v0.3.0-tier0|SPY,407.86,100,40786,2,0.00,0,126,0.31,-70,-0.17,162,0.16,4
2722,Exit short,2023-10-05 08:15,TX60,407.82,100,40922,140,0.34,0,202,0.49,-49,-0.12,302,0.30,4
2722,Entry short,2023-10-05 07:15,C0|S|MKT|15|v0.3.0-tier0|SPY,409.22,100,40922,140,0.34,0,202,0.49,-49,-0.12,302,0.30,4
2723,Exit long,2023-10-09 08:00,TX60,413.17,100,41460,-143,-0.34,0,28,0.07,-176,-0.42,159,0.16,4
2723,Entry long,2023-10-09 07:00,C0|L|MKT|15|v0.3.0-tier0|SPY,414.6,100,41460,-143,-0.34,0,28,0.07,-176,-0.42,159,0.16,4
2724,Exit long,2023-10-10 08:00,TX60,420.89,100,41923,166,0.40,0,200,0.48,0,0.00,325,0.33,4
2724,Entry long,2023-10-10 07:00,C0|L|MKT|15|v0.3.0-tier0|SPY,419.23,100,41923,166,0.40,0,200,0.48,0,0.00,325,0.33,4
2725,Exit short,2023-10-11 08:00,TX60,421.05,100,42107,2,0.00,0,100,0.24,-9,-0.02,327,0.33,4
2725,Entry short,2023-10-11 07:00,C0|S|MKT|15|v0.3.0-tier0|SPY,421.07,100,42107,2,0.00,0,100,0.24,-9,-0.02,327,0.33,4
2726,Exit short,2023-10-12 08:00,TX60,421.65,100,42097,-68,-0.16,0,43,0.10,-123,-0.29,259,0.26,4
2726,Entry short,2023-10-12 07:00,C0|S|MKT|15|v0.3.0-tier0|SPY,420.97,100,42097,-68,-0.16,0,43,0.10,-123,-0.29,259,0.26,4
2727,Exit short,2023-10-13 08:15,TX60,418.15,100,42001,186,0.44,0,257,0.61,-64,-0.15,445,0.45,4
2727,Entry short,2023-10-13 07:15,C0|S|MKT|15|v0.3.0-tier0|SPY,420.01,100,42001,186,0.44,0,257,0.61,-64,-0.15,445,0.45,4
2728,Exit long,2023-10-16 08:15,TX60,422.09,100,42056,153,0.36,0,207,0.49,-12,-0.03,598,0.60,4
2728,Entry long,2023-10-16 07:15,C0|L|MKT|15|v0.3.0-tier0|SPY,420.56,100,42056,153,0.36,0,207,0.49,-12,-0.03,598,0.60,4
2729,Exit short,2023-10-17 08:00,TX60,420.69,100,41834,-235,-0.56,0,10,0.02,-289,-0.69,363,0.36,4
2729,Entry short,2023-10-17 07:00,C0|S|MKT|15|v0.3.0-tier0|SPY,418.34,100,41834,-235,-0.56,0,10,0.02,-289,-0.69,363,0.36,4
2730,Exit short,2023-10-18 08:30,TX60,418.5,100,41917,67,0.16,0,131,0.31,-17,-0.04,430,0.43,4
2730,Entry short,2023-10-18 07:30,C0|S|MKT|15|v0.3.0-tier0|SPY,419.17,100,41917,67,0.16,0,131,0.31,-17,-0.04,430,0.43,4
2731,Exit short,2023-10-19 08:30,TX60,415.21,100,41477,-44,-0.11,0,54,0.13,-59,-0.14,386,0.39,4
2731,Entry short,2023-10-19 07:30,C0|S|MKT|15|v0.3.0-tier0|SPY,414.77,100,41477,-44,-0.11,0,54,0.13,-59,-0.14,386,0.39,4
2732,Exit short,2023-10-20 08:00,TX60,408.4,100,41096,256,0.62,0,265,0.64,-35,-0.09,642,0.64,4
2732,Entry short,2023-10-20 07:00,C0|S|MKT|15|v0.3.0-tier0|SPY,410.96,100,41096,256,0.62,0,265,0.64,-35,-0.09,642,0.64,4
2733,Exit long,2023-10-23 08:00,TX60,407.42,100,40667,75,0.18,0,97,0.24,-55,-0.14,717,0.72,4
2733,Entry long,2023-10-23 07:00,C0|L|MKT|15|v0.3.0-tier0|SPY,406.67,100,40667,75,0.18,0,97,0.24,-55,-0.14,717,0.72,4
2734,Exit long,2023-10-24 08:30,TX60,408.92,100,41032,-140,-0.34,0,39,0.10,-150,-0.37,577,0.58,4
2734,Entry long,2023-10-24 07:30,C0|L|MKT|15|v0.3.0-tier0|SPY,410.32,100,41032,-140,-0.34,0,39,0.10,-150,-0.37,577,0.58,4
2735,Exit short,2023-10-25 08:15,TX60,407.21,100,40539,-182,-0.45,0,28,0.07,-205,-0.51,395,0.40,4
2735,Entry short,2023-10-25 07:15,C0|S|MKT|15|v0.3.0-tier0|SPY,405.39,100,40539,-182,-0.45,0,28,0.07,-205,-0.51,395,0.40,4
2736,Exit short,2023-10-26 08:00,TX60,402.52,100,40160,-92,-0.23,0,103,0.26,-143,-0.36,303,0.30,4
2736,Entry short,2023-10-26 07:00,C0|S|MKT|15|v0.3.0-tier0|SPY,401.6,100,40160,-92,-0.23,0,103,0.26,-143,-0.36,303,0.30,4
2737,Exit short,2023-10-27 08:30,TX60,400.21,100,39928,-93,-0.23,0,108,0.27,-155,-0.39,210,0.21,4
2737,Entry short,2023-10-27 07:30,C0|S|MKT|15|v0.3.0-tier0|SPY,399.28,100,39928,-93,-0.23,0,108,0.27,-155,-0.39,210,0.21,4
2738,Exit short,2023-10-30 08:30,TX60,399.25,100,39928,3,0.01,0,75,0.19,-102,-0.26,213,0.21,4
2738,Entry short,2023-10-30 07:30,C0|S|MKT|15|v0.3.0-tier0|SPY,399.28,100,39928,3,0.01,0,75,0.19,-102,-0.26,213,0.21,4
2739,Exit long,2023-11-01 08:00,TX60,407.27,100,40556,171,0.42,0,233,0.57,-31,-0.08,384,0.38,4
2739,Entry long,2023-11-01 07:00,C0|L|MKT|15|v0.3.0-tier0|SPY,405.56,100,40556,171,0.42,0,233,0.57,-31,-0.08,384,0.38,4
2740,Exit long,2023-11-02 08:30,TX60,414.45,100,41401,44,0.11,0,107,0.26,-6,-0.01,428,0.43,4
2740,Entry long,2023-11-02 07:30,C0|L|MKT|15|v0.3.0-tier0|SPY,414.01,100,41401,44,0.11,0,107,0.26,-6,-0.01,428,0.43,4
2741,Exit long,2023-11-03 08:00,TX60,419.76,100,42024,-48,-0.11,0,78,0.19,-141,-0.34,380,0.38,4
2741,Entry long,2023-11-03 07:00,C0|L|MKT|15|v0.3.0-tier0|SPY,420.24,100,42024,-48,-0.11,0,78,0.19,-141,-0.34,380,0.38,4
2742,Exit short,2023-11-06 08:15,TX60,421.13,100,42034,-79,-0.19,0,0,0.00,-107,-0.25,301,0.30,4
2742,Entry short,2023-11-06 07:15,C0|S|MKT|15|v0.3.0-tier0|SPY,420.34,100,42034,-79,-0.19,0,0,0.00,-107,-0.25,301,0.30,4
2743,Exit long,2023-11-07 08:30,TX60,422.53,100,42196,57,0.14,0,96,0.23,-12,-0.03,358,0.36,4
2743,Entry long,2023-11-07 07:30,C0|L|MKT|15|v0.3.0-tier0|SPY,421.96,100,42196,57,0.14,0,96,0.23,-12,-0.03,358,0.36,4
2744,Exit short,2023-11-08 08:15,TX60,422.33,100,42274,41,0.10,0,76,0.18,-11,-0.03,399,0.40,4
2744,Entry short,2023-11-08 07:15,C0|S|MKT|15|v0.3.0-tier0|SPY,422.74,100,42274,41,0.10,0,76,0.18,-11,-0.03,399,0.40,4
2745,Exit short,2023-11-09 08:15,TX60,423.04,100,42239,-65,-0.15,0,79,0.19,-84,-0.20,334,0.33,4
2745,Entry short,2023-11-09 07:15,C0|S|MKT|15|v0.3.0-tier0|SPY,422.39,100,42239,-65,-0.15,0,79,0.19,-84,-0.20,334,0.33,4
2746,Exit short,2023-11-10 08:30,TX60,422.13,100,42036,-177,-0.42,0,35,0.08,-203,-0.48,157,0.16,4
2746,Entry short,2023-11-10 07:30,C0|S|MKT|15|v0.3.0-tier0|SPY,420.36,100,42036,-177,-0.42,0,35,0.08,-203,-0.48,157,0.16,4
2747,Exit long,2023-11-14 08:00,TX60,434.07,100,43306,101,0.23,0,140,0.32,-30,-0.07,258,0.26,4
2747,Entry long,2023-11-14 07:00,C0|L|MKT|15|v0.3.0-tier0|SPY,433.06,100,43306,101,0.23,0,140,0.32,-30,-0.07,258,0.26,4
2748,Exit long,2023-11-16 08:00,TX60,434.11,100,43542,-131,-0.30,0,18,0.04,-156,-0.36,127,0.13,4
2748,Entry long,2023-11-16 07:00,C0|L|MKT|15|v0.3.0-tier0|SPY,435.42,100,43542,-131,-0.30,0,18,0.04,-156,-0.36,127,0.13,4
2749,Exit long,2023-11-20 08:00,TX60,437.59,100,43715,44,0.10,0,44,0.10,-68,-0.16,171,0.17,4
2749,Entry long,2023-11-20 07:00,C0|L|MKT|15|v0.3.0-tier0|SPY,437.15,100,43715,44,0.10,0,44,0.10,-68,-0.16,171,0.17,4
2750,Exit short,2023-11-21 08:00,TX60,437.65,100,43779,14,0.03,0,84,0.19,-33,-0.08,185,0.19,4
2750,Entry short,2023-11-21 07:00,C0|S|MKT|15|v0.3.0-tier0|SPY,437.79,100,43779,14,0.03,0,84,0.19,-33,-0.08,185,0.19,4
2751,Exit short,2023-11-22 08:15,TX60,439.99,100,43934,-65,-0.15,0,52,0.12,-107,-0.24,120,0.12,4
2751,Entry short,2023-11-22 07:15,C0|S|MKT|15|v0.3.0-tier0|SPY,439.34,100,43934,-65,-0.15,0,52,0.12,-107,-0.24,120,0.12,4
2752,Exit long,2023-11-29 08:00,TX60,441.43,100,44291,-148,-0.33,0,13,0.03,-194,-0.44,-28,-0.03,4
2752,Entry long,2023-11-29 07:00,C0|L|MKT|15|v0.3.0-tier0|SPY,442.91,100,44291,-148,-0.33,0,13,0.03,-194,-0.44,-28,-0.03,4
2753,Exit long,2023-12-01 08:00,TX60,441.18,100,44101,17,0.04,0,94,0.21,-79,-0.18,-11,-0.01,4
2753,Entry long,2023-12-01 07:00,C0|L|MKT|15|v0.3.0-tier0|SPY,441.01,100,44101,17,0.04,0,94,0.21,-79,-0.18,-11,-0.01,4
2754,Exit short,2023-12-04 08:30,TX60,439.96,100,43971,-25,-0.06,0,44,0.10,-34,-0.08,-36,-0.04,4
2754,Entry short,2023-12-04 07:30,C0|S|MKT|15|v0.3.0-tier0|SPY,439.71,100,43971,-25,-0.06,0,44,0.10,-34,-0.08,-36,-0.04,4
2755,Exit long,2023-12-05 08:15,TX60,441.6,100,44094,66,0.15,0,145,0.33,-32,-0.07,30,0.03,4
2755,Entry long,2023-12-05 07:15,C0|L|MKT|15|v0.3.0-tier0|SPY,440.94,100,44094,66,0.15,0,145,0.33,-32,-0.07,30,0.03,4
2756,Exit short,2023-12-06 08:30,TX60,441.68,100,44195,27,0.06,0,50,0.11,-42,-0.10,57,0.06,4
2756,Entry short,2023-12-06 07:30,C0|S|MKT|15|v0.3.0-tier0|SPY,441.95,100,44195,27,0.06,0,50,0.11,-42,-0.10,57,0.06,4
2757,Exit short,2023-12-07 08:00,TX60,442.68,100,44130,-138,-0.31,0,5,0.01,-162,-0.37,-81,-0.08,4
2757,Entry short,2023-12-07 07:00,C0|S|MKT|15|v0.3.0-tier0|SPY,441.3,100,44130,-138,-0.31,0,5,0.01,-162,-0.37,-81,-0.08,4
2758,Exit long,2023-12-08 08:15,TX60,443.7,100,44465,-95,-0.21,0,47,0.11,-129,-0.29,-176,-0.18,4
2758,Entry long,2023-12-08 07:15,C0|L|MKT|15|v0.3.0-tier0|SPY,444.65,100,44465,-95,-0.21,0,47,0.11,-129,-0.29,-176,-0.18,4
2759,Exit long,2023-12-11 08:00,TX60,445.5,100,44511,39,0.09,0,74,0.17,-43,-0.10,-137,-0.14,4
2759,Entry long,2023-12-11 07:00,C0|L|MKT|15|v0.3.0-tier0|SPY,445.11,100,44511,39,0.09,0,74,0.17,-43,-0.10,-137,-0.14,4
2760,Exit long,2023-12-12 08:15,TX60,447.17,100,44655,62,0.14,0,92,0.21,-2,0.00,-75,-0.07,4
2760,Entry long,2023-12-12 07:15,C0|L|MKT|15|v0.3.0-tier0|SPY,446.55,100,44655,62,0.14,0,92,0.21,-2,0.00,-75,-0.07,4
2761,Exit long,2023-12-15 08:30,TX60,456.58,100,45631,27,0.06,0,45,0.10,-31,-0.07,-48,-0.05,4
2761,Entry long,2023-12-15 07:30,C0|L|MKT|15|v0.3.0-tier0|SPY,456.31,100,45631,27,0.06,0,45,0.10,-31,-0.07,-48,-0.05,4
2762,Exit long,2023-12-18 08:15,TX60,457.84,100,45766,18,0.04,0,40,0.09,-37,-0.08,-30,-0.03,4
2762,Entry long,2023-12-18 07:15,C0|L|MKT|15|v0.3.0-tier0|SPY,457.66,100,45766,18,0.04,0,40,0.09,-37,-0.08,-30,-0.03,4
2763,Exit long,2023-12-19 08:00,TX60,460.19,100,45964,55,0.12,0,56,0.12,-45,-0.10,25,0.03,4
2763,Entry long,2023-12-19 07:00,C0|L|MKT|15|v0.3.0-tier0|SPY,459.64,100,45964,55,0.12,0,56,0.12,-45,-0.10,25,0.03,4
2764,Exit long,2023-12-20 08:00,TX60,461.43,100,46072,71,0.15,0,93,0.20,-6,-0.01,96,0.10,4
2764,Entry long,2023-12-20 07:00,C0|L|MKT|15|v0.3.0-tier0|SPY,460.72,100,46072,71,0.15,0,93,0.20,-6,-0.01,96,0.10,4
2765,Exit short,2023-12-21 08:30,TX60,457.68,100,45742,-26,-0.06,0,54,0.12,-57,-0.12,70,0.07,4
2765,Entry short,2023-12-21 07:30,C0|S|MKT|15|v0.3.0-tier0|SPY,457.42,100,45742,-26,-0.06,0,54,0.12,-57,-0.12,70,0.07,4
2766,Exit long,2023-12-22 08:30,TX60,460.49,100,46124,-75,-0.16,0,13,0.03,-154,-0.33,-5,0.00,4
2766,Entry long,2023-12-22 07:30,C0|L|MKT|15|v0.3.0-tier0|SPY,461.24,100,46124,-75,-0.16,0,13,0.03,-154,-0.33,-5,0.00,4
2767,Exit long,2023-12-26 08:15,TX60,461.18,100,46098,20,0.04,0,30,0.07,-34,-0.07,15,0.02,4
2767,Entry long,2023-12-26 07:15,C0|L|MKT|15|v0.3.0-tier0|SPY,460.98,100,46098,20,0.04,0,30,0.07,-34,-0.07,15,0.02,4
2768,Exit short,2024-01-03 08:00,TX60,455.65,100,45616,51,0.11,0,116,0.25,-99,-0.22,66,0.07,4
2768,Entry short,2024-01-03 07:00,C0|S|MKT|15|v0.3.0-tier0|SPY,456.16,100,45616,51,0.11,0,116,0.25,-99,-0.22,66,0.07,4
2769,Exit long,2024-01-04 08:15,TX60,456.98,100,45633,65,0.14,0,71,0.16,-55,-0.12,131,0.13,4
2769,Entry long,2024-01-04 07:15,C0|L|MKT|15|v0.3.0-tier0|SPY,456.33,100,45633,65,0.14,0,71,0.16,-55,-0.12,131,0.13,4
2770,Exit long,2024-01-05 08:15,TX60,456.47,100,45596,51,0.11,0,67,0.15,-54,-0.12,182,0.18,4
2770,Entry long,2024-01-05 07:15,C0|L|MKT|15|v0.3.0-tier0|SPY,455.96,100,45596,51,0.11,0,67,0.15,-54,-0.12,182,0.18,4
2771,Exit long,2024-01-08 08:00,TX60,456.61,100,45602,59,0.13,0,94,0.21,-40,-0.09,241,0.24,4
2771,Entry long,2024-01-08 07:00,C0|L|MKT|15|v0.3.0-tier0|SPY,456.02,100,45602,59,0.13,0,94,0.21,-40,-0.09,241,0.24,4
2772,Exit long,2024-01-09 08:15,TX60,458.9,100,45871,19,0.04,0,39,0.09,-37,-0.08,260,0.26,4
2772,Entry long,2024-01-09 07:15,C0|L|MKT|15|v0.3.0-tier0|SPY,458.71,100,45871,19,0.04,0,39,0.09,-37,-0.08,260,0.26,4
2773,Exit short,2024-01-11 08:00,TX60,460.12,100,46237,225,0.49,0,266,0.58,-6,-0.01,485,0.49,4
2773,Entry short,2024-01-11 07:00,C0|S|MKT|15|v0.3.0-tier0|SPY,462.37,100,46237,225,0.49,0,266,0.58,-6,-0.01,485,0.49,4
2774,Exit short,2024-01-12 08:00,TX60,461.88,100,46319,131,0.28,0,188,0.41,-33,-0.07,616,0.62,4
2774,Entry short,2024-01-12 07:00,C0|S|MKT|15|v0.3.0-tier0|SPY,463.19,100,46319,131,0.28,0,188,0.41,-33,-0.07,616,0.62,4
2775,Exit long,2024-01-16 08:30,TX60,461.97,100,46200,-3,-0.01,0,64,0.14,-129,-0.28,613,0.61,4
2775,Entry long,2024-01-16 07:30,C0|L|MKT|15|v0.3.0-tier0|SPY,462,100,46200,-3,-0.01,0,64,0.14,-129,-0.28,613,0.61,4
2776,Exit long,2024-01-17 08:15,TX60,458.6,100,45830,30,0.07,0,63,0.14,-79,-0.17,643,0.64,4
2776,Entry long,2024-01-17 07:15,C0|L|MKT|15|v0.3.0-tier0|SPY,458.3,100,45830,30,0.07,0,63,0.14,-79,-0.17,643,0.64,4
2777,Exit long,2024-01-22 08:00,TX60,469.41,100,47082,-141,-0.30,0,19,0.04,-162,-0.34,502,0.50,4
2777,Entry long,2024-01-22 07:00,C0|L|MKT|15|v0.3.0-tier0|SPY,470.82,100,47082,-141,-0.30,0,19,0.04,-162,-0.34,502,0.50,4
2778,Exit short,2024-01-24 08:00,TX60,473.67,100,47283,-84,-0.18,0,67,0.14,-147,-0.31,418,0.42,4
2778,Entry short,2024-01-24 07:00,C0|S|MKT|15|v0.3.0-tier0|SPY,472.83,100,47283,-84,-0.18,0,67,0.14,-147,-0.31,418,0.42,4
2779,Exit long,2024-01-25 08:30,TX60,473.51,100,47380,-29,-0.06,0,8,0.02,-123,-0.26,389,0.39,4
2779,Entry long,2024-01-25 07:30,C0|L|MKT|15|v0.3.0-tier0|SPY,473.8,100,47380,-29,-0.06,0,8,0.02,-123,-0.26,389,0.39,4
2780,Exit long,2024-01-30 08:00,TX60,476.26,100,47693,-67,-0.14,0,4,0.01,-95,-0.20,322,0.32,4
2780,Entry long,2024-01-30 07:00,C0|L|MKT|15|v0.3.0-tier0|SPY,476.93,100,47693,-67,-0.14,0,4,0.01,-95,-0.20,322,0.32,4
2781,Exit short,2024-01-31 08:00,TX60,472.49,100,47348,99,0.21,0,133,0.28,-7,-0.01,421,0.42,4
2781,Entry short,2024-01-31 07:00,C0|S|MKT|15|v0.3.0-tier0|SPY,473.48,100,47348,99,0.21,0,133,0.28,-7,-0.01,421,0.42,4
2782,Exit long,2024-02-01 08:15,TX60,469.92,100,47152,-160,-0.34,0,45,0.10,-189,-0.40,261,0.26,4
2782,Entry long,2024-02-01 07:15,C0|L|MKT|15|v0.3.0-tier0|SPY,471.52,100,47152,-160,-0.34,0,45,0.10,-189,-0.40,261,0.26,4
2783,Exit long,2024-02-02 08:00,TX60,477.78,100,47610,168,0.35,0,190,0.40,-45,-0.09,429,0.43,4
2783,Entry long,2024-02-02 07:00,C0|L|MKT|15|v0.3.0-tier0|SPY,476.1,100,47610,168,0.35,0,190,0.40,-45,-0.09,429,0.43,4
2784,Exit short,2024-02-05 08:15,TX60,477.22,100,47762,40,0.08,0,174,0.36,-1,0.00,469,0.47,4
2784,Entry short,2024-02-05 07:15,C0|S|MKT|15|v0.3.0-tier0|SPY,477.62,100,47762,40,0.08,0,174,0.36,-1,0.00,469,0.47,4
2785,Exit short,2024-02-06 08:00,TX60,478.38,100,47856,18,0.04,0,92,0.19,-18,-0.04,487,0.49,4
2785,Entry short,2024-02-06 07:00,C0|S|MKT|15|v0.3.0-tier0|SPY,478.56,100,47856,18,0.04,0,92,0.19,-18,-0.04,487,0.49,4
2786,Exit long,2024-02-07 08:15,TX60,482.95,100,48230,65,0.13,0,115,0.24,-14,-0.03,552,0.55,4
2786,Entry long,2024-02-07 07:15,C0|L|MKT|15|v0.3.0-tier0|SPY,482.3,100,48230,65,0.13,0,115,0.24,-14,-0.03,552,0.55,4
2787,Exit long,2024-02-09 08:00,TX60,485.32,100,48488,44,0.09,0,50,0.10,-36,-0.07,596,0.60,4
2787,Entry long,2024-02-09 07:00,C0|L|MKT|15|v0.3.0-tier0|SPY,484.88,100,48488,44,0.09,0,50,0.10,-36,-0.07,596,0.60,4
2788,Exit short,2024-02-13 08:00,TX60,480.09,100,47936,-73,-0.15,0,59,0.12,-145,-0.30,523,0.52,4
2788,Entry short,2024-02-13 07:00,C0|S|MKT|15|v0.3.0-tier0|SPY,479.36,100,47936,-73,-0.15,0,59,0.12,-145,-0.30,523,0.52,4
2789,Exit long,2024-02-14 08:30,TX60,481.69,100,48314,-145,-0.30,0,19,0.04,-249,-0.52,378,0.38,4
2789,Entry long,2024-02-14 07:30,C0|L|MKT|15|v0.3.0-tier0|SPY,483.14,100,48314,-145,-0.30,0,19,0.04,-249,-0.52,378,0.38,4
2790,Exit long,2024-02-15 08:15,TX60,484.7,100,48553,-83,-0.17,0,38,0.08,-134,-0.28,295,0.30,4
2790,Entry long,2024-02-15 07:15,C0|L|MKT|15|v0.3.0-tier0|SPY,485.53,100,48553,-83,-0.17,0,38,0.08,-134,-0.28,295,0.30,4
2791,Exit short,2024-02-16 08:00,TX60,486.26,100,48502,-124,-0.26,0,87,0.18,-147,-0.30,171,0.17,4
2791,Entry short,2024-02-16 07:00,C0|S|MKT|15|v0.3.0-tier0|SPY,485.02,100,48502,-124,-0.26,0,87,0.18,-147,-0.30,171,0.17,4
2792,Exit short,2024-02-20 08:15,TX60,482.19,100,48142,-77,-0.16,0,19,0.04,-131,-0.27,94,0.09,4
2792,Entry short,2024-02-20 07:15,C0|S|MKT|15|v0.3.0-tier0|SPY,481.42,100,48142,-77,-0.16,0,19,0.04,-131,-0.27,94,0.09,4
2793,Exit long,2024-02-22 08:00,TX60,489.97,100,49021,-24,-0.05,0,68,0.14,-47,-0.10,70,0.07,4
2793,Entry long,2024-02-22 07:00,C0|L|MKT|15|v0.3.0-tier0|SPY,490.21,100,49021,-24,-0.05,0,68,0.14,-47,-0.10,70,0.07,4
2794,Exit short,2024-02-26 08:15,TX60,492.53,100,49308,55,0.11,0,90,0.18,-34,-0.07,125,0.13,4
2794,Entry short,2024-02-26 07:15,C0|S|MKT|15|v0.3.0-tier0|SPY,493.08,100,49308,55,0.11,0,90,0.18,-34,-0.07,125,0.13,4
2795,Exit short,2024-02-29 08:15,TX60,492.78,100,49214,-64,-0.13,0,12,0.02,-83,-0.17,61,0.06,4
2795,Entry short,2024-02-29 07:15,C0|S|MKT|15|v0.3.0-tier0|SPY,492.14,100,49214,-64,-0.13,0,12,0.02,-83,-0.17,61,0.06,4
2796,Exit long,2024-03-01 08:15,TX60,495.85,100,49492,93,0.19,0,149,0.30,-15,-0.03,154,0.15,4
2796,Entry long,2024-03-01 07:15,C0|L|MKT|15|v0.3.0-tier0|SPY,494.92,100,49492,93,0.19,0,149,0.30,-15,-0.03,154,0.15,4
2797,Exit short,2024-03-05 08:15,TX60,492.97,100,49414,117,0.24,0,150,0.30,-21,-0.04,271,0.27,4
2797,Entry short,2024-03-05 07:15,C0|S|MKT|15|v0.3.0-tier0|SPY,494.14,100,49414,117,0.24,0,150,0.30,-21,-0.04,271,0.27,4
2798,Exit short,2024-03-06 08:15,TX60,496.06,100,49422,-184,-0.37,0,7,0.01,-196,-0.40,87,0.09,4
2798,Entry short,2024-03-06 07:15,C0|S|MKT|15|v0.3.0-tier0|SPY,494.22,100,49422,-184,-0.37,0,7,0.01,-196,-0.40,87,0.09,4
2799,Exit long,2024-03-07 08:15,TX60,499.08,100,49865,43,0.09,0,114,0.23,-5,-0.01,130,0.13,4
2799,Entry long,2024-03-07 07:15,C0|L|MKT|15|v0.3.0-tier0|SPY,498.65,100,49865,43,0.09,0,114,0.23,-5,-0.01,130,0.13,4
2800,Exit long,2024-03-08 08:00,TX60,502.39,100,50260,-21,-0.04,0,45,0.09,-79,-0.16,109,0.11,4
2800,Entry long,2024-03-08 07:00,C0|L|MKT|15|v0.3.0-tier0|SPY,502.6,100,50260,-21,-0.04,0,45,0.09,-79,-0.16,109,0.11,4
2801,Exit short,2024-03-11 08:00,TX60,495.64,100,49452,-112,-0.23,0,91,0.18,-126,-0.25,-3,0.00,4
2801,Entry short,2024-03-11 07:00,C0|S|MKT|15|v0.3.0-tier0|SPY,494.52,100,49452,-112,-0.23,0,91,0.18,-126,-0.25,-3,0.00,4
2802,Exit long,2024-03-12 08:30,TX60,501.07,100,49998,109,0.22,0,143,0.29,0,0.00,106,0.11,4
2802,Entry long,2024-03-12 07:30,C0|L|MKT|15|v0.3.0-tier0|SPY,499.98,100,49998,109,0.22,0,143,0.29,0,0.00,106,0.11,4
2803,Exit short,2024-03-13 08:00,TX60,501.09,100,50097,-12,-0.02,0,41,0.08,-68,-0.14,94,0.09,4
2803,Entry short,2024-03-13 07:00,C0|S|MKT|15|v0.3.0-tier0|SPY,500.97,100,50097,-12,-0.02,0,41,0.08,-68,-0.14,94,0.09,4
2804,Exit short,2024-03-14 08:00,TX60,499.57,100,49894,-63,-0.13,0,62,0.12,-157,-0.31,31,0.03,4
2804,Entry short,2024-03-14 07:00,C0|S|MKT|15|v0.3.0-tier0|SPY,498.94,100,49894,-63,-0.13,0,62,0.12,-157,-0.31,31,0.03,4
2805,Exit short,2024-03-18 08:00,TX60,501.61,100,50034,-127,-0.25,0,2,0.00,-159,-0.32,-96,-0.10,4
2805,Entry short,2024-03-18 07:00,C0|S|MKT|15|v0.3.0-tier0|SPY,500.34,100,50034,-127,-0.25,0,2,0.00,-159,-0.32,-96,-0.10,4
2806,Exit long,2024-03-20 08:30,TX60,502.66,100,50278,-12,-0.02,0,10,0.02,-77,-0.15,-108,-0.11,4
2806,Entry long,2024-03-20 07:30,C0|L|MKT|15|v0.3.0-tier0|SPY,502.78,100,50278,-12,-0.02,0,10,0.02,-77,-0.15,-108,-0.11,4
2807,Exit short,2024-03-22 08:15,TX60,507.81,100,50801,20,0.04,0,66,0.13,-27,-0.05,-88,-0.09,4
2807,Entry short,2024-03-22 07:15,C0|S|MKT|15|v0.3.0-tier0|SPY,508.01,100,50801,20,0.04,0,66,0.13,-27,-0.05,-88,-0.09,4
2808,Exit long,2024-03-25 08:15,TX60,506.87,100,50698,-11,-0.02,0,23,0.05,-50,-0.10,-99,-0.10,4
2808,Entry long,2024-03-25 07:15,C0|L|MKT|15|v0.3.0-tier0|SPY,506.98,100,50698,-11,-0.02,0,23,0.05,-50,-0.10,-99,-0.10,4
2809,Exit short,2024-03-27 08:00,TX60,506.2,100,50722,102,0.20,0,124,0.24,-5,-0.01,3,0.00,4
2809,Entry short,2024-03-27 07:00,C0|S|MKT|15|v0.3.0-tier0|SPY,507.22,100,50722,102,0.20,0,124,0.24,-5,-0.01,3,0.00,4
2810,Exit short,2024-04-01 08:30,TX60,508.36,100,50924,88,0.17,0,157,0.31,-12,-0.02,91,0.09,4
2810,Entry short,2024-04-01 07:30,C0|S|MKT|15|v0.3.0-tier0|SPY,509.24,100,50924,88,0.17,0,157,0.31,-12,-0.02,91,0.09,4
2811,Exit short,2024-04-02 08:15,TX60,504.05,100,50305,-100,-0.20,0,10,0.02,-101,-0.20,-9,-0.01,4
2811,Entry short,2024-04-02 07:15,C0|S|MKT|15|v0.3.0-tier0|SPY,503.05,100,50305,-100,-0.20,0,10,0.02,-101,-0.20,-9,-0.01,4
2812,Exit long,2024-04-03 08:15,TX60,507.19,100,50657,62,0.12,0,70,0.14,-18,-0.04,53,0.05,4
2812,Entry long,2024-04-03 07:15,C0|L|MKT|15|v0.3.0-tier0|SPY,506.57,100,50657,62,0.12,0,70,0.14,-18,-0.04,53,0.05,4
2813,Exit short,2024-04-04 08:00,TX60,509,100,50911,11,0.02,0,36,0.07,-19,-0.04,64,0.06,4
2813,Entry short,2024-04-04 07:00,C0|S|MKT|15|v0.3.0-tier0|SPY,509.11,100,50911,11,0.02,0,36,0.07,-19,-0.04,64,0.06,4
2814,Exit long,2024-04-05 08:00,TX60,504.44,100,50237,207,0.41,0,211,0.42,-100,-0.20,271,0.27,4
2814,Entry long,2024-04-05 07:00,C0|L|MKT|15|v0.3.0-tier0|SPY,502.37,100,50237,207,0.41,0,211,0.42,-100,-0.20,271,0.27,4
2815,Exit long,2024-04-08 08:30,TX60,505.86,100,50588,-2,0.00,0,63,0.12,-19,-0.04,269,0.27,4
2815,Entry long,2024-04-08 07:30,C0|L|MKT|15|v0.3.0-tier0|SPY,505.88,100,50588,-2,0.00,0,63,0.12,-19,-0.04,269,0.27,4
2816,Exit short,2024-04-09 08:00,TX60,501.98,100,50527,329,0.65,0,443,0.88,-36,-0.07,598,0.60,4
2816,Entry short,2024-04-09 07:00,C0|S|MKT|15|v0.3.0-tier0|SPY,505.27,100,50527,329,0.65,0,443,0.88,-36,-0.07,598,0.60,4
2817,Exit long,2024-04-10 08:30,TX60,500.98,100,50114,-16,-0.03,0,146,0.29,-114,-0.23,582,0.58,4
2817,Entry long,2024-04-10 07:30,C0|L|MKT|15|v0.3.0-tier0|SPY,501.14,100,50114,-16,-0.03,0,146,0.29,-114,-0.23,582,0.58,4
2818,Exit short,2024-04-11 08:15,TX60,500.09,100,49960,-49,-0.10,0,96,0.19,-82,-0.16,533,0.53,4
2818,Entry short,2024-04-11 07:15,C0|S|MKT|15|v0.3.0-tier0|SPY,499.6,100,49960,-49,-0.10,0,96,0.19,-82,-0.16,533,0.53,4
2819,Exit long,2024-04-12 08:00,TX60,498.85,100,50183,-298,-0.59,0,6,0.01,-325,-0.65,235,0.24,4
2819,Entry long,2024-04-12 07:00,C0|L|MKT|15|v0.3.0-tier0|SPY,501.83,100,50183,-298,-0.59,0,6,0.01,-325,-0.65,235,0.24,4
2820,Exit short,2024-04-15 08:15,TX60,497.86,100,49907,121,0.24,0,162,0.32,-88,-0.18,356,0.36,4
2820,Entry short,2024-04-15 07:15,C0|S|MKT|15|v0.3.0-tier0|SPY,499.07,100,49907,121,0.24,0,162,0.32,-88,-0.18,356,0.36,4
2821,Exit short,2024-04-16 08:30,TX60,490.94,100,48995,-99,-0.20,0,72,0.15,-114,-0.23,257,0.26,4
2821,Entry short,2024-04-16 07:30,C0|S|MKT|15|v0.3.0-tier0|SPY,489.95,100,48995,-99,-0.20,0,72,0.15,-114,-0.23,257,0.26,4
2822,Exit short,2024-04-17 08:15,TX60,489.66,100,49082,116,0.24,0,182,0.37,-60,-0.12,373,0.37,4
2822,Entry short,2024-04-17 07:15,C0|S|MKT|15|v0.3.0-tier0|SPY,490.82,100,49082,116,0.24,0,182,0.37,-60,-0.12,373,0.37,4
2823,Exit short,2024-04-19 08:30,TX60,484.79,100,48536,57,0.12,0,89,0.18,-92,-0.19,430,0.43,4
2823,Entry short,2024-04-19 07:30,C0|S|MKT|15|v0.3.0-tier0|SPY,485.36,100,48536,57,0.12,0,89,0.18,-92,-0.19,430,0.43,4
2824,Exit short,2024-04-22 08:30,TX60,483.4,100,48340,0,0.00,0,98,0.20,-85,-0.18,430,0.43,4
2824,Entry short,2024-04-22 07:30,C0|S|MKT|15|v0.3.0-tier0|SPY,483.4,100,48340,0,0.00,0,98,0.20,-85,-0.18,430,0.43,4
2825,Exit long,2024-04-23 08:00,TX60,491.95,100,48987,208,0.42,0,219,0.45,-38,-0.08,638,0.64,4
2825,Entry long,2024-04-23 07:00,C0|L|MKT|15|v0.3.0-tier0|SPY,489.87,100,48987,208,0.42,0,219,0.45,-38,-0.08,638,0.64,4
2826,Exit short,2024-04-25 08:00,TX60,485.31,100,48511,-20,-0.04,0,69,0.14,-158,-0.33,618,0.62,4
2826,Entry short,2024-04-25 07:00,C0|S|MKT|15|v0.3.0-tier0|SPY,485.11,100,48511,-20,-0.04,0,69,0.14,-158,-0.33,618,0.62,4
2827,Exit long,2024-04-26 08:00,TX60,495.45,100,49449,96,0.19,0,117,0.24,-17,-0.03,714,0.71,4
2827,Entry long,2024-04-26 07:00,C0|L|MKT|15|v0.3.0-tier0|SPY,494.49,100,49449,96,0.19,0,117,0.24,-17,-0.03,714,0.71,4
2828,Exit short,2024-05-01 08:00,TX60,488.19,100,48768,-51,-0.10,0,73,0.15,-74,-0.15,663,0.66,4
2828,Entry short,2024-05-01 07:00,C0|S|MKT|15|v0.3.0-tier0|SPY,487.68,100,48768,-51,-0.10,0,73,0.15,-74,-0.15,663,0.66,4
2829,Exit short,2024-05-02 08:00,TX60,489.25,100,48880,-45,-0.09,0,237,0.48,-64,-0.13,618,0.62,4
2829,Entry short,2024-05-02 07:00,C0|S|MKT|15|v0.3.0-tier0|SPY,488.8,100,48880,-45,-0.09,0,237,0.48,-64,-0.13,618,0.62,4
2830,Exit long,2024-05-03 08:00,TX60,495.83,100,49826,-243,-0.49,0,82,0.16,-298,-0.60,375,0.38,4
2830,Entry long,2024-05-03 07:00,C0|L|MKT|15|v0.3.0-tier0|SPY,498.26,100,49826,-243,-0.49,0,82,0.16,-298,-0.60,375,0.38,4
2831,Exit long,2024-05-06 08:15,TX60,500.62,100,50090,-28,-0.06,0,21,0.04,-55,-0.11,347,0.35,4
2831,Entry long,2024-05-06 07:15,C0|L|MKT|15|v0.3.0-tier0|SPY,500.9,100,50090,-28,-0.06,0,21,0.04,-55,-0.11,347,0.35,4
2832,Exit short,2024-05-07 08:00,TX60,504.52,100,50363,-89,-0.18,0,26,0.05,-100,-0.20,258,0.26,4
2832,Entry short,2024-05-07 07:00,C0|S|MKT|15|v0.3.0-tier0|SPY,503.63,100,50363,-89,-0.18,0,26,0.05,-100,-0.20,258,0.26,4
2833,Exit long,2024-05-08 08:00,TX60,503.81,100,50293,88,0.17,0,119,0.24,-43,-0.09,346,0.35,4
2833,Entry long,2024-05-08 07:00,C0|L|MKT|15|v0.3.0-tier0|SPY,502.93,100,50293,88,0.17,0,119,0.24,-43,-0.09,346,0.35,4
2834,Exit long,2024-05-09 08:30,TX60,505.7,100,50445,125,0.25,0,142,0.28,0,0.00,471,0.47,4
2834,Entry long,2024-05-09 07:30,C0|L|MKT|15|v0.3.0-tier0|SPY,504.45,100,50445,125,0.25,0,142,0.28,0,0.00,471,0.47,4
2835,Exit short,2024-05-10 08:30,TX60,506.88,100,50710,22,0.04,0,74,0.15,-58,-0.11,493,0.49,4
2835,Entry short,2024-05-10 07:30,C0|S|MKT|15|v0.3.0-tier0|SPY,507.1,100,50710,22,0.04,0,74,0.15,-58,-0.11,493,0.49,4
2836,Exit long,2024-05-14 08:30,TX60,508.22,100,50850,-28,-0.06,0,6,0.01,-153,-0.30,465,0.47,4
2836,Entry long,2024-05-14 07:30,C0|L|MKT|15|v0.3.0-tier0|SPY,508.5,100,50850,-28,-0.06,0,6,0.01,-153,-0.30,465,0.47,4
2837,Exit short,2024-05-15 08:00,TX60,513.32,100,51186,-146,-0.29,0,4,0.01,-154,-0.30,319,0.32,4
2837,Entry short,2024-05-15 07:00,C0|S|MKT|15|v0.3.0-tier0|SPY,511.86,100,51186,-146,-0.29,0,4,0.01,-154,-0.30,319,0.32,4
2838,Exit long,2024-05-16 08:15,TX60,516.83,100,51643,40,0.08,0,113,0.22,0,0.00,359,0.36,4
2838,Entry long,2024-05-16 07:15,C0|L|MKT|15|v0.3.0-tier0|SPY,516.43,100,51643,40,0.08,0,113,0.22,0,0.00,359,0.36,4
2839,Exit long,2024-05-20 08:00,TX60,517.29,100,51721,8,0.02,0,31,0.06,-45,-0.09,367,0.37,4
2839,Entry long,2024-05-20 07:00,C0|L|MKT|15|v0.3.0-tier0|SPY,517.21,100,51721,8,0.02,0,31,0.06,-45,-0.09,367,0.37,4
2840,Exit long,2024-05-21 08:15,TX60,516.39,100,51593,46,0.09,0,72,0.14,-13,-0.03,413,0.41,4
2840,Entry long,2024-05-21 07:15,C0|L|MKT|15|v0.3.0-tier0|SPY,515.93,100,51593,46,0.09,0,72,0.14,-13,-0.03,413,0.41,4
2841,Exit long,2024-05-22 08:00,TX60,517.18,100,51719,-1,0.00,0,14,0.03,-35,-0.07,412,0.41,4
2841,Entry long,2024-05-22 07:00,C0|L|MKT|15|v0.3.0-tier0|SPY,517.19,100,51719,-1,0.00,0,14,0.03,-35,-0.07,412,0.41,4
2842,Exit short,2024-05-23 08:00,TX60,515.17,100,51600,83,0.16,0,88,0.17,-104,-0.20,495,0.50,4
2842,Entry short,2024-05-23 07:00,C0|S|MKT|15|v0.3.0-tier0|SPY,516,100,51600,83,0.16,0,88,0.17,-104,-0.20,495,0.50,4
2843,Exit short,2024-05-24 08:00,TX60,515.14,100,51340,-174,-0.34,0,0,0.00,-181,-0.35,321,0.32,4
2843,Entry short,2024-05-24 07:00,C0|S|MKT|15|v0.3.0-tier0|SPY,513.4,100,51340,-174,-0.34,0,0,0.00,-181,-0.35,321,0.32,4
2844,Exit short,2024-05-28 08:00,TX60,516,100,51545,-55,-0.11,0,34,0.07,-79,-0.15,266,0.27,4
2844,Entry short,2024-05-28 07:00,C0|S|MKT|15|v0.3.0-tier0|SPY,515.45,100,51545,-55,-0.11,0,34,0.07,-79,-0.15,266,0.27,4
2845,Exit long,2024-05-29 08:00,TX60,513.17,100,51238,79,0.15,0,107,0.21,-32,-0.06,345,0.35,4
2845,Entry long,2024-05-29 07:00,C0|L|MKT|15|v0.3.0-tier0|SPY,512.38,100,51238,79,0.15,0,107,0.21,-32,-0.06,345,0.35,4
2846,Exit short,2024-05-30 08:15,TX60,509.64,100,50988,24,0.05,0,73,0.14,-63,-0.12,369,0.37,4
2846,Entry short,2024-05-30 07:15,C0|S|MKT|15|v0.3.0-tier0|SPY,509.88,100,50988,24,0.05,0,73,0.14,-63,-0.12,369,0.37,4
2847,Exit short,2024-05-31 08:00,TX60,507.2,100,50941,221,0.43,0,284,0.56,-6,-0.01,590,0.59,4
2847,Entry short,2024-05-31 07:00,C0|S|MKT|15|v0.3.0-tier0|SPY,509.41,100,50941,221,0.43,0,284,0.56,-6,-0.01,590,0.59,4
2848,Exit short,2024-06-03 08:00,TX60,512.21,100,51405,184,0.36,0,215,0.42,-125,-0.24,774,0.77,4
2848,Entry short,2024-06-03 07:00,C0|S|MKT|15|v0.3.0-tier0|SPY,514.05,100,51405,184,0.36,0,215,0.42,-125,-0.24,774,0.77,4
2849,Exit long,2024-06-04 08:30,TX60,512.05,100,51312,-107,-0.21,0,41,0.08,-130,-0.25,667,0.67,4
2849,Entry long,2024-06-04 07:30,C0|L|MKT|15|v0.3.0-tier0|SPY,513.12,100,51312,-107,-0.21,0,41,0.08,-130,-0.25,667,0.67,4
2850,Exit short,2024-06-05 08:15,TX60,517.78,100,51542,-236,-0.46,0,12,0.02,-241,-0.47,431,0.43,4
2850,Entry short,2024-06-05 07:15,C0|S|MKT|15|v0.3.0-tier0|SPY,515.42,100,51542,-236,-0.46,0,12,0.02,-241,-0.47,431,0.43,4
2851,Exit short,2024-06-06 08:00,TX60,520.41,100,52032,-9,-0.02,0,0,0.00,-82,-0.16,422,0.42,4
2851,Entry short,2024-06-06 07:00,C0|S|MKT|15|v0.3.0-tier0|SPY,520.32,100,52032,-9,-0.02,0,0,0.00,-82,-0.16,422,0.42,4
2852,Exit long,2024-06-07 08:00,TX60,521.28,100,52002,126,0.24,0,228,0.44,-17,-0.03,548,0.55,4
2852,Entry long,2024-06-07 07:00,C0|L|MKT|15|v0.3.0-tier0|SPY,520.02,100,52002,126,0.24,0,228,0.44,-17,-0.03,548,0.55,4
2853,Exit long,2024-06-10 08:30,TX60,520.35,100,51958,77,0.15,0,77,0.15,-16,-0.03,625,0.63,4
2853,Entry long,2024-06-10 07:30,C0|L|MKT|15|v0.3.0-tier0|SPY,519.58,100,51958,77,0.15,0,77,0.15,-16,-0.03,625,0.63,4
2854,Exit short,2024-06-11 08:00,TX60,520.67,100,51877,-190,-0.37,0,16,0.03,-190,-0.37,435,0.43,4
2854,Entry short,2024-06-11 07:00,C0|S|MKT|15|v0.3.0-tier0|SPY,518.77,100,51877,-190,-0.37,0,16,0.03,-190,-0.37,435,0.43,4
2855,Exit long,2024-06-12 08:15,TX60,528.58,100,52887,-29,-0.05,0,80,0.15,-36,-0.07,406,0.41,4
2855,Entry long,2024-06-12 07:15,C0|L|MKT|15|v0.3.0-tier0|SPY,528.87,100,52887,-29,-0.05,0,80,0.15,-36,-0.07,406,0.41,4
2856,Exit short,2024-06-13 08:00,TX60,526.35,100,52776,141,0.27,0,152,0.29,-28,-0.05,547,0.55,4
2856,Entry short,2024-06-13 07:00,C0|S|MKT|15|v0.3.0-tier0|SPY,527.76,100,52776,141,0.27,0,152,0.29,-28,-0.05,547,0.55,4
2857,Exit short,2024-06-14 08:15,TX60,527.09,100,52594,-115,-0.22,0,26,0.05,-125,-0.24,432,0.43,4
2857,Entry short,2024-06-14 07:15,C0|S|MKT|15|v0.3.0-tier0|SPY,525.94,100,52594,-115,-0.22,0,26,0.05,-125,-0.24,432,0.43,4
2858,Exit long,2024-06-17 08:15,TX60,529.3,100,52826,104,0.20,0,107,0.20,-41,-0.08,536,0.54,4
2858,Entry long,2024-06-17 07:15,C0|L|MKT|15|v0.3.0-tier0|SPY,528.26,100,52826,104,0.20,0,107,0.20,-41,-0.08,536,0.54,4
2859,Exit short,2024-06-20 08:15,TX60,534.98,100,53428,-70,-0.13,0,28,0.05,-82,-0.15,466,0.47,4
2859,Entry short,2024-06-20 07:15,C0|S|MKT|15|v0.3.0-tier0|SPY,534.28,100,53428,-70,-0.13,0,28,0.05,-82,-0.15,466,0.47,4
2860,Exit long,2024-06-24 08:00,TX60,533.34,100,53303,31,0.06,0,126,0.24,-96,-0.18,497,0.50,4
2860,Entry long,2024-06-24 07:00,C0|L|MKT|15|v0.3.0-tier0|SPY,533.03,100,53303,31,0.06,0,126,0.24,-96,-0.18,497,0.50,4
2861,Exit short,2024-06-25 08:00,TX60,531.1,100,53060,-50,-0.09,0,13,0.02,-107,-0.20,447,0.45,4
2861,Entry short,2024-06-25 07:00,C0|S|MKT|15|v0.3.0-tier0|SPY,530.6,100,53060,-50,-0.09,0,13,0.02,-107,-0.20,447,0.45,4
2862,Exit long,2024-06-26 08:00,TX60,531.63,100,53152,11,0.02,0,68,0.13,-46,-0.09,458,0.46,4
2862,Entry long,2024-06-26 07:00,C0|L|MKT|15|v0.3.0-tier0|SPY,531.52,100,53152,11,0.02,0,68,0.13,-46,-0.09,458,0.46,4
2863,Exit long,2024-06-27 08:15,TX60,532.97,100,53422,-125,-0.23,0,10,0.02,-135,-0.25,333,0.33,4
2863,Entry long,2024-06-27 07:15,C0|L|MKT|15|v0.3.0-tier0|SPY,534.22,100,53422,-125,-0.23,0,10,0.02,-135,-0.25,333,0.33,4
2864,Exit long,2024-06-28 08:00,TX60,535.93,100,53539,54,0.10,0,217,0.41,0,0.00,387,0.39,4
2864,Entry long,2024-06-28 07:00,C0|L|MKT|15|v0.3.0-tier0|SPY,535.39,100,53539,54,0.10,0,217,0.41,0,0.00,387,0.39,4
2865,Exit short,2024-07-01 08:00,TX60,530.78,100,53217,139,0.26,0,219,0.41,-66,-0.12,526,0.53,4
2865,Entry short,2024-07-01 07:00,C0|S|MKT|15|v0.3.0-tier0|SPY,532.17,100,53217,139,0.26,0,219,0.41,-66,-0.12,526,0.53,4
2866,Exit long,2024-07-03 08:00,TX60,537.11,100,53688,23,0.04,0,47,0.09,-69,-0.13,549,0.55,4
2866,Entry long,2024-07-03 07:00,C0|L|MKT|15|v0.3.0-tier0|SPY,536.88,100,53688,23,0.04,0,47,0.09,-69,-0.13,549,0.55,4
2867,Exit long,2024-07-05 08:00,TX60,539.59,100,53976,-17,-0.03,0,30,0.06,-138,-0.26,532,0.53,4
2867,Entry long,2024-07-05 07:00,C0|L|MKT|15|v0.3.0-tier0|SPY,539.76,100,53976,-17,-0.03,0,30,0.06,-138,-0.26,532,0.53,4
2868,Exit short,2024-07-09 08:30,TX60,543.19,100,54315,-4,-0.01,0,27,0.05,-87,-0.16,528,0.53,4
2868,Entry short,2024-07-09 07:30,C0|S|MKT|15|v0.3.0-tier0|SPY,543.15,100,54315,-4,-0.01,0,27,0.05,-87,-0.16,528,0.53,4
2869,Exit long,2024-07-10 08:15,TX60,544.2,100,54480,-60,-0.11,0,3,0.01,-90,-0.17,468,0.47,4
2869,Entry long,2024-07-10 07:15,C0|L|MKT|15|v0.3.0-tier0|SPY,544.8,100,54480,-60,-0.11,0,3,0.01,-90,-0.17,468,0.47,4
2870,Exit short,2024-07-11 08:15,TX60,545.93,100,54812,219,0.40,0,278,0.51,0,0.00,687,0.69,4
2870,Entry short,2024-07-11 07:15,C0|S|MKT|15|v0.3.0-tier0|SPY,548.12,100,54812,219,0.40,0,278,0.51,0,0.00,687,0.69,4
2871,Exit long,2024-07-12 08:00,TX60,548.2,100,54593,227,0.42,0,244,0.45,-21,-0.04,914,0.91,4
2871,Entry long,2024-07-12 07:00,C0|L|MKT|15|v0.3.0-tier0|SPY,545.93,100,54593,227,0.42,0,244,0.45,-21,-0.04,914,0.91,4
2872,Exit short,2024-07-16 08:15,TX60,550.88,100,54923,-165,-0.30,0,12,0.02,-219,-0.40,749,0.75,4
2872,Entry short,2024-07-16 07:15,C0|S|MKT|15|v0.3.0-tier0|SPY,549.23,100,54923,-165,-0.30,0,12,0.02,-219,-0.40,749,0.75,4
2873,Exit short,2024-07-17 08:30,TX60,545.69,100,54577,8,0.01,0,86,0.16,-40,-0.07,757,0.76,4
2873,Entry short,2024-07-17 07:30,C0|S|MKT|15|v0.3.0-tier0|SPY,545.77,100,54577,8,0.01,0,86,0.16,-40,-0.07,757,0.76,4
2874,Exit long,2024-07-18 08:15,TX60,541.97,100,54625,-428,-0.78,0,34,0.06,-429,-0.79,329,0.33,4
2874,Entry long,2024-07-18 07:15,C0|L|MKT|15|v0.3.0-tier0|SPY,546.25,100,54625,-428,-0.78,0,34,0.06,-429,-0.79,329,0.33,4
2875,Exit short,2024-07-19 08:30,TX60,536.96,100,53839,143,0.27,0,150,0.28,-84,-0.16,472,0.47,4
2875,Entry short,2024-07-19 07:30,C0|S|MKT|15|v0.3.0-tier0|SPY,538.39,100,53839,143,0.27,0,150,0.28,-84,-0.16,472,0.47,4
2876,Exit long,2024-07-23 08:15,TX60,543.49,100,54302,47,0.09,0,52,0.10,-156,-0.29,519,0.52,4
2876,Entry long,2024-07-23 07:15,C0|L|MKT|15|v0.3.0-tier0|SPY,543.02,100,54302,47,0.09,0,52,0.10,-156,-0.29,519,0.52,4
2877,Exit short,2024-07-24 08:00,TX60,532.99,100,53410,111,0.21,0,142,0.27,-14,-0.03,630,0.63,4
2877,Entry short,2024-07-24 07:00,C0|S|MKT|15|v0.3.0-tier0|SPY,534.1,100,53410,111,0.21,0,142,0.27,-14,-0.03,630,0.63,4
2878,Exit short,2024-07-25 08:00,TX60,530.28,100,52737,-291,-0.55,0,235,0.45,-291,-0.55,339,0.34,4
2878,Entry short,2024-07-25 07:00,C0|S|MKT|15|v0.3.0-tier0|SPY,527.37,100,52737,-291,-0.55,0,235,0.45,-291,-0.55,339,0.34,4
2879,Exit long,2024-07-26 08:30,TX60,530.67,100,53107,-40,-0.08,0,38,0.07,-193,-0.36,299,0.30,4
2879,Entry long,2024-07-26 07:30,C0|L|MKT|15|v0.3.0-tier0|SPY,531.07,100,53107,-40,-0.08,0,38,0.07,-193,-0.36,299,0.30,4
2880,Exit long,2024-07-29 08:00,TX60,531.75,100,53399,-224,-0.42,0,40,0.07,-230,-0.43,75,0.08,4
2880,Entry long,2024-07-29 07:00,C0|L|MKT|15|v0.3.0-tier0|SPY,533.99,100,53399,-224,-0.42,0,40,0.07,-230,-0.43,75,0.08,4
2881,Exit short,2024-07-30 08:15,TX60,529.31,100,53298,367,0.69,0,427,0.80,-37,-0.07,442,0.44,4
2881,Entry short,2024-07-30 07:15,C0|S|MKT|15|v0.3.0-tier0|SPY,532.98,100,53298,367,0.69,0,427,0.80,-37,-0.07,442,0.44,4
2882,Exit long,2024-07-31 08:15,TX60,538.19,100,53713,106,0.20,0,139,0.26,-22,-0.04,548,0.55,4
2882,Entry long,2024-07-31 07:15,C0|L|MKT|15|v0.3.0-tier0|SPY,537.13,100,53713,106,0.20,0,139,0.26,-22,-0.04,548,0.55,4
2883,Exit short,2024-08-01 08:15,TX60,533.7,100,53932,562,1.04,0,593,1.10,-17,-0.03,1110,1.11,4
2883,Entry short,2024-08-01 07:15,C0|S|MKT|15|v0.3.0-tier0|SPY,539.32,100,53932,562,1.04,0,593,1.10,-17,-0.03,1110,1.11,4
2884,Exit short,2024-08-02 08:15,TX60,516.96,100,51765,69,0.13,0,120,0.23,-156,-0.30,1179,1.18,4
2884,Entry short,2024-08-02 07:15,C0|S|MKT|15|v0.3.0-tier0|SPY,517.65,100,51765,69,0.13,0,120,0.23,-156,-0.30,1179,1.18,4
2885,Exit long,2024-08-05 08:15,TX60,507.77,100,50564,213,0.42,0,267,0.53,-293,-0.58,1392,1.39,4
2885,Entry long,2024-08-05 07:15,C0|L|MKT|15|v0.3.0-tier0|SPY,505.64,100,50564,213,0.42,0,267,0.53,-293,-0.58,1392,1.39,4
2886,Exit long,2024-08-06 08:00,TX60,513.24,100,50982,342,0.67,0,451,0.88,-68,-0.13,1734,1.73,4
2886,Entry long,2024-08-06 07:00,C0|L|MKT|15|v0.3.0-tier0|SPY,509.82,100,50982,342,0.67,0,451,0.88,-68,-0.13,1734,1.73,4
2887,Exit long,2024-08-07 08:00,TX60,518.23,100,51878,-55,-0.11,0,52,0.10,-274,-0.53,1679,1.68,4
2887,Entry long,2024-08-07 07:00,C0|L|MKT|15|v0.3.0-tier0|SPY,518.78,100,51878,-55,-0.11,0,52,0.10,-274,-0.53,1679,1.68,4
2888,Exit long,2024-08-08 08:00,TX60,515.99,100,51293,306,0.60,0,330,0.64,-39,-0.08,1985,1.99,4
2888,Entry long,2024-08-08 07:00,C0|L|MKT|15|v0.3.0-tier0|SPY,512.93,100,51293,306,0.60,0,330,0.64,-39,-0.08,1985,1.99,4
2889,Exit long,2024-08-09 08:15,TX60,519.56,100,51914,42,0.08,0,118,0.23,-200,-0.39,2027,2.03,4
2889,Entry long,2024-08-09 07:15,C0|L|MKT|15|v0.3.0-tier0|SPY,519.14,100,51914,42,0.08,0,118,0.23,-200,-0.39,2027,2.03,4
2890,Exit short,2024-08-12 08:00,TX60,522.85,100,51914,-371,-0.71,0,21,0.04,-378,-0.73,1656,1.66,4
2890,Entry short,2024-08-12 07:00,C0|S|MKT|15|v0.3.0-tier0|SPY,519.14,100,51914,-371,-0.71,0,21,0.04,-378,-0.73,1656,1.66,4
2891,Exit long,2024-08-13 08:00,TX60,525.9,100,52535,55,0.10,0,74,0.14,-141,-0.27,1711,1.71,4
2891,Entry long,2024-08-13 07:00,C0|L|MKT|15|v0.3.0-tier0|SPY,525.35,100,52535,55,0.10,0,74,0.14,-141,-0.27,1711,1.71,4
2892,Exit short,2024-08-14 08:00,TX60,529.81,100,52898,-83,-0.16,0,134,0.25,-90,-0.17,1628,1.63,4
2892,Entry short,2024-08-14 07:00,C0|S|MKT|15|v0.3.0-tier0|SPY,528.98,100,52898,-83,-0.16,0,134,0.25,-90,-0.17,1628,1.63,4
2893,Exit long,2024-08-15 08:30,TX60,538.63,100,53767,96,0.18,0,146,0.27,-3,-0.01,1724,1.72,4
2893,Entry long,2024-08-15 07:30,C0|L|MKT|15|v0.3.0-tier0|SPY,537.67,100,53767,96,0.18,0,146,0.27,-3,-0.01,1724,1.72,4
2894,Exit long,2024-08-16 08:15,TX60,539.74,100,54009,-35,-0.06,0,74,0.14,-120,-0.22,1689,1.69,4
2894,Entry long,2024-08-16 07:15,C0|L|MKT|15|v0.3.0-tier0|SPY,540.09,100,54009,-35,-0.06,0,74,0.14,-120,-0.22,1689,1.69,4
2895,Exit long,2024-08-20 08:00,TX60,545.47,100,54778,-231,-0.42,0,7,0.01,-272,-0.50,1458,1.46,4
2895,Entry long,2024-08-20 07:00,C0|L|MKT|15|v0.3.0-tier0|SPY,547.78,100,54778,-231,-0.42,0,7,0.01,-272,-0.50,1458,1.46,4
2896,Exit long,2024-08-21 08:00,TX60,546.27,100,54741,-114,-0.21,0,170,0.31,-175,-0.32,1344,1.34,4
2896,Entry long,2024-08-21 07:00,C0|L|MKT|15|v0.3.0-tier0|SPY,547.41,100,54741,-114,-0.21,0,170,0.31,-175,-0.32,1344,1.34,4
2897,Exit short,2024-08-22 08:00,TX60,547.57,100,54936,179,0.33,0,214,0.39,-9,-0.02,1523,1.52,4
2897,Entry short,2024-08-22 07:00,C0|S|MKT|15|v0.3.0-tier0|SPY,549.36,100,54936,179,0.33,0,214,0.39,-9,-0.02,1523,1.52,4
2898,Exit long,2024-08-23 08:00,TX60,547.54,100,54686,68,0.12,0,322,0.59,-142,-0.26,1591,1.59,4
2898,Entry long,2024-08-23 07:00,C0|L|MKT|15|v0.3.0-tier0|SPY,546.86,100,54686,68,0.12,0,322,0.59,-142,-0.26,1591,1.59,4
2899,Exit short,2024-08-26 08:15,TX60,548.07,100,54910,103,0.19,0,188,0.34,-12,-0.02,1694,1.69,4
2899,Entry short,2024-08-26 07:15,C0|S|MKT|15|v0.3.0-tier0|SPY,549.1,100,54910,103,0.19,0,188,0.34,-12,-0.02,1694,1.69,4
2900,Exit long,2024-08-27 08:00,TX60,548.64,100,54689,175,0.32,0,182,0.33,-25,-0.05,1869,1.87,4
2900,Entry long,2024-08-27 07:00,C0|L|MKT|15|v0.3.0-tier0|SPY,546.89,100,54689,175,0.32,0,182,0.33,-25,-0.05,1869,1.87,4
2901,Exit long,2024-08-29 08:00,TX60,549.08,100,54813,95,0.17,0,166,0.30,-98,-0.18,1964,1.96,4
2901,Entry long,2024-08-29 07:00,C0|L|MKT|15|v0.3.0-tier0|SPY,548.13,100,54813,95,0.17,0,166,0.30,-98,-0.18,1964,1.96,4
2902,Exit short,2024-09-03 08:00,TX60,542.51,100,54619,368,0.67,0,389,0.71,-2,0.00,2332,2.33,4
2902,Entry short,2024-09-03 07:00,C0|S|MKT|15|v0.3.0-tier0|SPY,546.19,100,54619,368,0.67,0,389,0.71,-2,0.00,2332,2.33,4
2903,Exit long,2024-09-04 08:00,TX60,541.16,100,53970,146,0.27,0,149,0.28,-241,-0.45,2478,2.48,4
2903,Entry long,2024-09-04 07:00,C0|L|MKT|15|v0.3.0-tier0|SPY,539.7,100,53970,146,0.27,0,149,0.28,-241,-0.45,2478,2.48,4
2904,Exit long,2024-09-05 08:30,TX60,535.22,100,54019,-497,-0.92,0,56,0.10,-504,-0.93,1981,1.98,4
2904,Entry long,2024-09-05 07:30,C0|L|MKT|15|v0.3.0-tier0|SPY,540.19,100,54019,-497,-0.92,0,56,0.10,-504,-0.93,1981,1.98,4
2905,Exit short,2024-09-06 08:00,TX60,529.67,100,53522,555,1.04,0,618,1.15,-36,-0.07,2536,2.54,4
2905,Entry short,2024-09-06 07:00,C0|S|MKT|15|v0.3.0-tier0|SPY,535.22,100,53522,555,1.04,0,618,1.15,-36,-0.07,2536,2.54,4
2906,Exit long,2024-09-09 08:15,TX60,530.39,100,53341,-302,-0.57,0,20,0.04,-312,-0.58,2234,2.23,4
2906,Entry long,2024-09-09 07:15,C0|L|MKT|15|v0.3.0-tier0|SPY,533.41,100,53341,-302,-0.57,0,20,0.04,-312,-0.58,2234,2.23,4
2907,Exit short,2024-09-10 08:15,TX60,534.36,100,53328,-108,-0.20,0,35,0.07,-137,-0.26,2126,2.13,4
2907,Entry short,2024-09-10 07:15,C0|S|MKT|15|v0.3.0-tier0|SPY,533.28,100,53328,-108,-0.20,0,35,0.07,-137,-0.26,2126,2.13,4
2908,Exit short,2024-09-11 08:00,TX60,528.59,100,53210,351,0.66,0,464,0.87,-7,-0.01,2477,2.48,4
2908,Entry short,2024-09-11 07:00,C0|S|MKT|15|v0.3.0-tier0|SPY,532.1,100,53210,351,0.66,0,464,0.87,-7,-0.01,2477,2.48,4
2909,Exit short,2024-09-12 08:00,TX60,541.6,100,54100,-60,-0.11,0,48,0.09,-243,-0.45,2417,2.42,4
2909,Entry short,2024-09-12 07:00,C0|S|MKT|15|v0.3.0-tier0|SPY,541,100,54100,-60,-0.11,0,48,0.09,-243,-0.45,2417,2.42,4
2910,Exit long,2024-09-13 08:00,TX60,548.88,100,54804,84,0.15,0,151,0.28,-106,-0.19,2501,2.50,4
2910,Entry long,2024-09-13 07:00,C0|L|MKT|15|v0.3.0-tier0|SPY,548.04,100,54804,84,0.15,0,151,0.28,-106,-0.19,2501,2.50,4
2911,Exit long,2024-09-16 08:00,TX60,547.73,100,54949,-176,-0.32,0,33,0.06,-254,-0.46,2325,2.33,4
2911,Entry long,2024-09-16 07:00,C0|L|MKT|15|v0.3.0-tier0|SPY,549.49,100,54949,-176,-0.32,0,33,0.06,-254,-0.46,2325,2.33,4
2912,Exit short,2024-09-17 08:00,TX60,552.08,100,55146,-62,-0.11,0,24,0.04,-201,-0.36,2263,2.26,4
2912,Entry short,2024-09-17 07:00,C0|S|MKT|15|v0.3.0-tier0|SPY,551.46,100,55146,-62,-0.11,0,24,0.04,-201,-0.36,2263,2.26,4
2913,Exit long,2024-09-19 08:30,TX60,557.7,100,55812,-42,-0.08,0,55,0.10,-185,-0.33,2221,2.22,4
2913,Entry long,2024-09-19 07:30,C0|L|MKT|15|v0.3.0-tier0|SPY,558.12,100,55812,-42,-0.08,0,55,0.10,-185,-0.33,2221,2.22,4
2914,Exit short,2024-09-20 08:00,TX60,554.96,100,55567,71,0.13,0,80,0.14,-66,-0.12,2292,2.29,4
2914,Entry short,2024-09-20 07:00,C0|S|MKT|15|v0.3.0-tier0|SPY,555.67,100,55567,71,0.13,0,80,0.14,-66,-0.12,2292,2.29,4
2915,Exit long,2024-09-23 08:30,TX60,558.27,100,55834,-7,-0.01,0,28,0.05,-106,-0.19,2285,2.28,4
2915,Entry long,2024-09-23 07:30,C0|L|MKT|15|v0.3.0-tier0|SPY,558.34,100,55834,-7,-0.01,0,28,0.05,-106,-0.19,2285,2.28,4
2916,Exit short,2024-09-24 08:00,TX60,558.02,100,55788,-14,-0.03,0,170,0.30,-35,-0.06,2271,2.27,4
2916,Entry short,2024-09-24 07:00,C0|S|MKT|15|v0.3.0-tier0|SPY,557.88,100,55788,-14,-0.03,0,170,0.30,-35,-0.06,2271,2.27,4
2917,Exit short,2024-09-26 08:15,TX60,559.86,100,56164,178,0.32,0,223,0.40,-22,-0.04,2449,2.45,4
2917,Entry short,2024-09-26 07:15,C0|S|MKT|15|v0.3.0-tier0|SPY,561.64,100,56164,178,0.32,0,223,0.40,-22,-0.04,2449,2.45,4
2918,Exit long,2024-09-27 08:30,TX60,561.76,100,56231,-55,-0.10,0,8,0.01,-91,-0.16,2394,2.39,4
2918,Entry long,2024-09-27 07:30,C0|L|MKT|15|v0.3.0-tier0|SPY,562.31,100,56231,-55,-0.10,0,8,0.01,-91,-0.16,2394,2.39,4
2919,Exit short,2024-10-01 08:00,TX60,556.61,100,55803,142,0.25,0,282,0.51,-81,-0.15,2536,2.54,4
2919,Entry short,2024-10-01 07:00,C0|S|MKT|15|v0.3.0-tier0|SPY,558.03,100,55803,142,0.25,0,282,0.51,-81,-0.15,2536,2.54,4
2920,Exit long,2024-10-02 08:15,TX60,557.49,100,55644,105,0.19,0,177,0.32,-50,-0.09,2641,2.64,4
2920,Entry long,2024-10-02 07:15,C0|L|MKT|15|v0.3.0-tier0|SPY,556.44,100,55644,105,0.19,0,177,0.32,-50,-0.09,2641,2.64,4
2921,Exit short,2024-10-04 08:00,TX60,558.56,100,55866,10,0.02,0,199,0.36,-99,-0.18,2651,2.65,4
2921,Entry short,2024-10-04 07:00,C0|S|MKT|15|v0.3.0-tier0|SPY,558.66,100,55866,10,0.02,0,199,0.36,-99,-0.18,2651,2.65,4
2922,Exit short,2024-10-07 08:00,TX60,559.76,100,55924,-52,-0.09,0,7,0.01,-120,-0.21,2599,2.60,4
2922,Entry short,2024-10-07 07:00,C0|S|MKT|15|v0.3.0-tier0|SPY,559.24,100,55924,-52,-0.09,0,7,0.01,-120,-0.21,2599,2.60,4
2923,Exit long,2024-10-08 08:00,TX60,560.3,100,55928,102,0.18,0,175,0.31,-37,-0.07,2701,2.70,4
2923,Entry long,2024-10-08 07:00,C0|L|MKT|15|v0.3.0-tier0|SPY,559.28,100,55928,102,0.18,0,175,0.31,-37,-0.07,2701,2.70,4
2924,Exit long,2024-10-09 08:30,TX60,564.12,100,56254,158,0.28,0,181,0.32,-16,-0.03,2859,2.86,4
2924,Entry long,2024-10-09 07:30,C0|L|MKT|15|v0.3.0-tier0|SPY,562.54,100,56254,158,0.28,0,181,0.32,-16,-0.03,2859,2.86,4
2925,Exit long,2024-10-10 08:15,TX60,564.79,100,56459,20,0.04,0,23,0.04,-104,-0.18,2879,2.88,4
2925,Entry long,2024-10-10 07:15,C0|L|MKT|15|v0.3.0-tier0|SPY,564.59,100,56459,20,0.04,0,23,0.04,-104,-0.18,2879,2.88,4
2926,Exit long,2024-10-11 08:00,TX60,567.42,100,56572,170,0.30,0,270,0.48,-32,-0.06,3049,3.05,4
2926,Entry long,2024-10-11 07:00,C0|L|MKT|15|v0.3.0-tier0|SPY,565.72,100,56572,170,0.30,0,270,0.48,-32,-0.06,3049,3.05,4
2927,Exit long,2024-10-14 08:00,TX60,571.1,100,57157,-47,-0.08,0,47,0.08,-68,-0.12,3002,3.00,4
2927,Entry long,2024-10-14 07:00,C0|L|MKT|15|v0.3.0-tier0|SPY,571.57,100,57157,-47,-0.08,0,47,0.08,-68,-0.12,3002,3.00,4
2928,Exit short,2024-10-15 08:00,TX60,570.25,100,57245,220,0.38,0,287,0.50,-41,-0.07,3222,3.22,4
2928,Entry short,2024-10-15 07:00,C0|S|MKT|15|v0.3.0-tier0|SPY,572.45,100,57245,220,0.38,0,287,0.50,-41,-0.07,3222,3.22,4
2929,Exit long,2024-10-16 08:15,TX60,568.72,100,56860,12,0.02,0,85,0.15,-80,-0.14,3234,3.23,4
2929,Entry long,2024-10-16 07:15,C0|L|MKT|15|v0.3.0-tier0|SPY,568.6,100,56860,12,0.02,0,85,0.15,-80,-0.14,3234,3.23,4
2930,Exit long,2024-10-21 08:15,TX60,569.73,100,57285,-312,-0.54,0,23,0.04,-381,-0.67,2922,2.92,4
2930,Entry long,2024-10-21 07:15,C0|L|MKT|15|v0.3.0-tier0|SPY,572.85,100,57285,-312,-0.54,0,23,0.04,-381,-0.67,2922,2.92,4
2931,Exit long,2024-10-22 08:00,TX60,570.29,100,56963,66,0.12,0,86,0.15,-30,-0.05,2988,2.99,4
2931,Entry long,2024-10-22 07:00,C0|L|MKT|15|v0.3.0-tier0|SPY,569.63,100,56963,66,0.12,0,86,0.15,-30,-0.05,2988,2.99,4
2932,Exit short,2024-10-23 08:15,TX60,567.6,100,56909,149,0.26,0,181,0.32,-84,-0.15,3137,3.14,4
2932,Entry short,2024-10-23 07:15,C0|S|MKT|15|v0.3.0-tier0|SPY,569.09,100,56909,149,0.26,0,181,0.32,-84,-0.15,3137,3.14,4
2933,Exit long,2024-10-25 08:00,TX60,571.73,100,57157,16,0.03,0,113,0.20,-31,-0.05,3153,3.15,4
2933,Entry long,2024-10-25 07:00,C0|L|MKT|15|v0.3.0-tier0|SPY,571.57,100,57157,16,0.03,0,113,0.20,-31,-0.05,3153,3.15,4
2934,Exit short,2024-10-28 08:00,TX60,570.26,100,56980,-46,-0.08,0,26,0.05,-98,-0.17,3107,3.11,4
2934,Entry short,2024-10-28 07:00,C0|S|MKT|15|v0.3.0-tier0|SPY,569.8,100,56980,-46,-0.08,0,26,0.05,-98,-0.17,3107,3.11,4
2935,Exit long,2024-10-29 08:00,TX60,569.72,100,56827,145,0.26,0,185,0.33,-39,-0.07,3252,3.25,4
2935,Entry long,2024-10-29 07:00,C0|L|MKT|15|v0.3.0-tier0|SPY,568.27,100,56827,145,0.26,0,185,0.33,-39,-0.07,3252,3.25,4
2936,Exit long,2024-10-30 08:00,TX60,570.66,100,57015,51,0.09,0,106,0.19,-12,-0.02,3303,3.30,4
2936,Entry long,2024-10-30 07:00,C0|L|MKT|15|v0.3.0-tier0|SPY,570.15,100,57015,51,0.09,0,106,0.19,-12,-0.02,3303,3.30,4
2937,Exit short,2024-10-31 08:00,TX60,559.59,100,56219,260,0.46,0,273,0.49,-5,-0.01,3563,3.56,4
2937,Entry short,2024-10-31 07:00,C0|S|MKT|15|v0.3.0-tier0|SPY,562.19,100,56219,260,0.46,0,273,0.49,-5,-0.01,3563,3.56,4
2938,Exit long,2024-11-01 08:00,TX60,562.86,100,56159,127,0.23,0,238,0.42,-48,-0.09,3690,3.69,4
2938,Entry long,2024-11-01 07:00,C0|L|MKT|15|v0.3.0-tier0|SPY,561.59,100,56159,127,0.23,0,238,0.42,-48,-0.09,3690,3.69,4
2939,Exit long,2024-11-04 08:30,TX60,559.61,100,56059,-98,-0.17,0,11,0.02,-105,-0.19,3592,3.59,4
2939,Entry long,2024-11-04 07:30,C0|L|MKT|15|v0.3.0-tier0|SPY,560.59,100,56059,-98,-0.17,0,11,0.02,-105,-0.19,3592,3.59,4
2940,Exit long,2024-11-05 08:00,TX60,562.39,100,56246,-7,-0.01,0,116,0.21,-49,-0.09,3585,3.59,4
2940,Entry long,2024-11-05 07:00,C0|L|MKT|15|v0.3.0-tier0|SPY,562.46,100,56246,-7,-0.01,0,116,0.21,-49,-0.09,3585,3.59,4
2941,Exit short,2024-11-06 08:00,TX60,575.17,100,57434,-83,-0.14,0,2,0.00,-288,-0.50,3502,3.50,4
2941,Entry short,2024-11-06 07:00,C0|S|MKT|15|v0.3.0-tier0|SPY,574.34,100,57434,-83,-0.14,0,2,0.00,-288,-0.50,3502,3.50,4
2942,Exit long,2024-11-07 08:00,TX60,582.88,100,58202,86,0.15,0,98,0.17,-17,-0.03,3588,3.59,4
2942,Entry long,2024-11-07 07:00,C0|L|MKT|15|v0.3.0-tier0|SPY,582.02,100,58202,86,0.15,0,98,0.17,-17,-0.03,3588,3.59,4
2943,Exit long,2024-11-08 08:00,TX60,585.75,100,58517,58,0.10,0,78,0.13,-60,-0.10,3646,3.65,4
2943,Entry long,2024-11-08 07:00,C0|L|MKT|15|v0.3.0-tier0|SPY,585.17,100,58517,58,0.10,0,78,0.13,-60,-0.10,3646,3.65,4
2944,Exit short,2024-11-11 08:00,TX60,587.62,100,58712,-50,-0.09,0,63,0.11,-75,-0.13,3596,3.60,4
2944,Entry short,2024-11-11 07:00,C0|S|MKT|15|v0.3.0-tier0|SPY,587.12,100,58712,-50,-0.09,0,63,0.11,-75,-0.13,3596,3.60,4
2945,Exit short,2024-11-12 08:15,TX60,585.12,100,58628,116,0.20,0,126,0.21,-6,-0.01,3712,3.71,4
2945,Entry short,2024-11-12 07:15,C0|S|MKT|15|v0.3.0-tier0|SPY,586.28,100,58628,116,0.20,0,126,0.21,-6,-0.01,3712,3.71,4
2946,Exit short,2024-11-13 08:15,TX60,585.37,100,58411,-126,-0.22,0,21,0.04,-139,-0.24,3586,3.59,4
2946,Entry short,2024-11-13 07:15,C0|S|MKT|15|v0.3.0-tier0|SPY,584.11,100,58411,-126,-0.22,0,21,0.04,-139,-0.24,3586,3.59,4
2947,Exit short,2024-11-15 08:00,TX60,574.6,100,57688,228,0.40,0,265,0.46,-1,0.00,3814,3.81,4
2947,Entry short,2024-11-15 07:00,C0|S|MKT|15|v0.3.0-tier0|SPY,576.88,100,57688,228,0.40,0,265,0.46,-1,0.00,3814,3.81,4
2948,Exit long,2024-11-18 08:15,TX60,576.57,100,57497,160,0.28,0,168,0.29,-22,-0.04,3974,3.97,4
2948,Entry long,2024-11-18 07:15,C0|L|MKT|15|v0.3.0-tier0|SPY,574.97,100,57497,160,0.28,0,168,0.29,-22,-0.04,3974,3.97,4
2949,Exit long,2024-11-19 08:30,TX60,577.05,100,57465,240,0.42,0,249,0.43,-34,-0.06,4214,4.21,4
2949,Entry long,2024-11-19 07:30,C0|L|MKT|15|v0.3.0-tier0|SPY,574.65,100,57465,240,0.42,0,249,0.43,-34,-0.06,4214,4.21,4
2950,Exit short,2024-11-20 08:00,TX60,575.59,100,57558,-1,0.00,0,271,0.47,-73,-0.13,4213,4.21,4
2950,Entry short,2024-11-20 07:00,C0|S|MKT|15|v0.3.0-tier0|SPY,575.58,100,57558,-1,0.00,0,271,0.47,-73,-0.13,4213,4.21,4
2951,Exit short,2024-11-21 08:30,TX60,580.82,100,57586,-496,-0.86,0,25,0.04,-496,-0.86,3717,3.72,4
2951,Entry short,2024-11-21 07:30,C0|S|MKT|15|v0.3.0-tier0|SPY,575.86,100,57586,-496,-0.86,0,25,0.04,-496,-0.86,3717,3.72,4
2952,Exit long,2024-11-22 08:00,TX60,583.8,100,58393,-13,-0.02,0,9,0.02,-269,-0.46,3704,3.70,4
2952,Entry long,2024-11-22 07:00,C0|L|MKT|15|v0.3.0-tier0|SPY,583.93,100,58393,-13,-0.02,0,9,0.02,-269,-0.46,3704,3.70,4
2953,Exit short,2024-11-25 08:15,TX60,586.05,100,58597,-8,-0.01,0,40,0.07,-123,-0.21,3696,3.70,4
2953,Entry short,2024-11-25 07:15,C0|S|MKT|15|v0.3.0-tier0|SPY,585.97,100,58597,-8,-0.01,0,40,0.07,-123,-0.21,3696,3.70,4
2954,Exit short,2024-11-27 08:15,TX60,586.51,100,58775,124,0.21,0,154,0.26,-16,-0.03,3820,3.82,4
2954,Entry short,2024-11-27 07:15,C0|S|MKT|15|v0.3.0-tier0|SPY,587.75,100,58775,124,0.21,0,154,0.26,-16,-0.03,3820,3.82,4
2955,Exit long,2024-11-29 08:00,TX60,589.7,100,58863,107,0.18,0,114,0.19,-2,0.00,3927,3.93,4
2955,Entry long,2024-11-29 07:00,C0|L|MKT|15|v0.3.0-tier0|SPY,588.63,100,58863,107,0.18,0,114,0.19,-2,0.00,3927,3.93,4
2956,Exit short,2024-12-03 08:30,TX60,591.27,100,59036,-91,-0.15,0,13,0.02,-95,-0.16,3836,3.84,4
2956,Entry short,2024-12-03 07:30,C0|S|MKT|15|v0.3.0-tier0|SPY,590.36,100,59036,-91,-0.15,0,13,0.02,-95,-0.16,3836,3.84,4
2957,Exit short,2024-12-04 08:15,TX60,594.16,100,59326,-90,-0.15,0,49,0.08,-96,-0.16,3746,3.75,4
2957,Entry short,2024-12-04 07:15,C0|S|MKT|15|v0.3.0-tier0|SPY,593.26,100,59326,-90,-0.15,0,49,0.08,-96,-0.16,3746,3.75,4
2958,Exit short,2024-12-05 08:30,TX60,595.41,100,59489,-52,-0.09,0,29,0.05,-59,-0.10,3694,3.69,4
2958,Entry short,2024-12-05 07:30,C0|S|MKT|15|v0.3.0-tier0|SPY,594.89,100,59489,-52,-0.09,0,29,0.05,-59,-0.10,3694,3.69,4
2959,Exit long,2024-12-06 08:00,TX60,596.46,100,59676,-30,-0.05,0,5,0.01,-76,-0.13,3664,3.66,4
2959,Entry long,2024-12-06 07:00,C0|L|MKT|15|v0.3.0-tier0|SPY,596.76,100,59676,-30,-0.05,0,5,0.01,-76,-0.13,3664,3.66,4
2960,Exit short,2024-12-09 08:30,TX60,593.59,100,59416,57,0.10,0,172,0.29,-27,-0.05,3721,3.72,4
2960,Entry short,2024-12-09 07:30,C0|S|MKT|15|v0.3.0-tier0|SPY,594.16,100,59416,57,0.10,0,172,0.29,-27,-0.05,3721,3.72,4
2961,Exit long,2024-12-11 08:00,TX60,594.59,100,59441,18,0.03,0,60,0.10,-29,-0.05,3739,3.74,4
2961,Entry long,2024-12-11 07:00,C0|L|MKT|15|v0.3.0-tier0|SPY,594.41,100,59441,18,0.03,0,60,0.10,-29,-0.05,3739,3.74,4
2962,Exit short,2024-12-12 08:15,TX60,594.65,100,59328,-137,-0.23,0,20,0.03,-166,-0.28,3602,3.60,4
2962,Entry short,2024-12-12 07:15,C0|S|MKT|15|v0.3.0-tier0|SPY,593.28,100,59328,-137,-0.23,0,20,0.03,-166,-0.28,3602,3.60,4
2963,Exit short,2024-12-13 08:15,TX60,591.04,100,59332,228,0.38,0,242,0.41,-13,-0.02,3830,3.83,4
2963,Entry short,2024-12-13 07:15,C0|S|MKT|15|v0.3.0-tier0|SPY,593.32,100,59332,228,0.38,0,242,0.41,-13,-0.02,3830,3.83,4
2964,Exit long,2024-12-16 08:30,TX60,594.52,100,59424,28,0.05,0,64,0.11,-9,-0.02,3858,3.86,4
2964,Entry long,2024-12-16 07:30,C0|L|MKT|15|v0.3.0-tier0|SPY,594.24,100,59424,28,0.05,0,64,0.11,-9,-0.02,3858,3.86,4
2965,Exit short,2024-12-17 08:15,TX60,592.84,100,59126,-158,-0.27,0,24,0.04,-167,-0.28,3700,3.70,4
2965,Entry short,2024-12-17 07:15,C0|S|MKT|15|v0.3.0-tier0|SPY,591.26,100,59126,-158,-0.27,0,24,0.04,-167,-0.28,3700,3.70,4
2966,Exit long,2024-12-18 08:00,TX60,593.75,100,59246,129,0.22,0,173,0.29,-14,-0.02,3829,3.83,4
2966,Entry long,2024-12-18 07:00,C0|L|MKT|15|v0.3.0-tier0|SPY,592.46,100,59246,129,0.22,0,173,0.29,-14,-0.02,3829,3.83,4
2967,Exit short,2024-12-19 08:00,TX60,577.84,100,57863,79,0.14,0,268,0.46,-40,-0.07,3908,3.91,4
2967,Entry short,2024-12-19 07:00,C0|S|MKT|15|v0.3.0-tier0|SPY,578.63,100,57863,79,0.14,0,268,0.46,-40,-0.07,3908,3.91,4
2968,Exit long,2024-12-20 08:15,TX60,581.09,100,57450,659,1.15,0,662,1.15,-25,-0.04,4567,4.57,4
2968,Entry long,2024-12-20 07:15,C0|L|MKT|15|v0.3.0-tier0|SPY,574.5,100,57450,659,1.15,0,662,1.15,-25,-0.04,4567,4.57,4
2969,Exit short,2024-12-23 08:00,TX60,579.15,100,58050,135,0.23,0,273,0.47,-17,-0.03,4702,4.70,4
2969,Entry short,2024-12-23 07:00,C0|S|MKT|15|v0.3.0-tier0|SPY,580.5,100,58050,135,0.23,0,273,0.47,-17,-0.03,4702,4.70,4
2970,Exit long,2024-12-24 08:00,TX60,589.09,100,58716,193,0.33,0,213,0.36,0,0.00,4895,4.90,4
2970,Entry long,2024-12-24 07:00,C0|L|MKT|15|v0.3.0-tier0|SPY,587.16,100,58716,193,0.33,0,213,0.36,0,0.00,4895,4.90,4
2971,Exit long,2024-12-26 08:30,TX60,590.73,100,59018,55,0.09,0,98,0.17,-47,-0.08,4950,4.95,4
2971,Entry long,2024-12-26 07:30,C0|L|MKT|15|v0.3.0-tier0|SPY,590.18,100,59018,55,0.09,0,98,0.17,-47,-0.08,4950,4.95,4
2972,Exit short,2024-12-27 08:15,TX60,582.58,100,58403,145,0.25,0,175,0.30,-53,-0.09,5095,5.10,4
2972,Entry short,2024-12-27 07:15,C0|S|MKT|15|v0.3.0-tier0|SPY,584.03,100,58403,145,0.25,0,175,0.30,-53,-0.09,5095,5.10,4
2973,Exit short,2024-12-30 08:00,TX60,577.19,100,57535,-184,-0.32,0,78,0.14,-215,-0.37,4911,4.91,4
2973,Entry short,2024-12-30 07:00,C0|S|MKT|15|v0.3.0-tier0|SPY,575.35,100,57535,-184,-0.32,0,78,0.14,-215,-0.37,4911,4.91,4
2974,Exit long,2025-01-02 08:00,TX60,577.69,100,58024,-255,-0.44,0,94,0.16,-377,-0.65,4656,4.66,4
2974,Entry long,2025-01-02 07:00,C0|L|MKT|15|v0.3.0-tier0|SPY,580.24,100,58024,-255,-0.44,0,94,0.16,-377,-0.65,4656,4.66,4
2975,Exit long,2025-01-06 08:00,TX60,588.79,100,58787,92,0.16,0,126,0.21,-25,-0.04,4748,4.75,4
2975,Entry long,2025-01-06 07:00,C0|L|MKT|15|v0.3.0-tier0|SPY,587.87,100,58787,92,0.16,0,126,0.21,-25,-0.04,4748,4.75,4
2976,Exit short,2025-01-07 08:15,TX60,582.47,100,58308,61,0.10,0,274,0.47,-147,-0.25,4809,4.81,4
2976,Entry short,2025-01-07 07:15,C0|S|MKT|15|v0.3.0-tier0|SPY,583.08,100,58308,61,0.10,0,274,0.47,-147,-0.25,4809,4.81,4
2977,Exit short,2025-01-08 08:15,TX60,578.18,100,57665,-153,-0.27,0,51,0.09,-196,-0.34,4656,4.66,4
2977,Entry short,2025-01-08 07:15,C0|S|MKT|15|v0.3.0-tier0|SPY,576.65,100,57665,-153,-0.27,0,51,0.09,-196,-0.34,4656,4.66,4
2978,Exit short,2025-01-10 08:00,TX60,571.36,100,57315,179,0.31,0,375,0.65,-26,-0.05,4835,4.84,4
2978,Entry short,2025-01-10 07:00,C0|S|MKT|15|v0.3.0-tier0|SPY,573.15,100,57315,179,0.31,0,375,0.65,-26,-0.05,4835,4.84,4
2979,Exit long,2025-01-13 08:00,TX60,568.18,100,56807,11,0.02,0,136,0.24,-181,-0.32,4846,4.85,4
2979,Entry long,2025-01-13 07:00,C0|L|MKT|15|v0.3.0-tier0|SPY,568.07,100,56807,11,0.02,0,136,0.24,-181,-0.32,4846,4.85,4
2980,Exit short,2025-01-14 08:00,TX60,572.06,100,57250,44,0.08,0,50,0.09,-230,-0.40,4890,4.89,4
2980,Entry short,2025-01-14 07:00,C0|S|MKT|15|v0.3.0-tier0|SPY,572.5,100,57250,44,0.08,0,50,0.09,-230,-0.40,4890,4.89,4
2981,Exit long,2025-01-15 08:00,TX60,581.22,100,58201,-79,-0.14,0,97,0.17,-87,-0.15,4811,4.81,4
2981,Entry long,2025-01-15 07:00,C0|L|MKT|15|v0.3.0-tier0|SPY,582.01,100,58201,-79,-0.14,0,97,0.17,-87,-0.15,4811,4.81,4
2982,Exit short,2025-01-16 08:00,TX60,583.45,100,58221,-124,-0.21,0,84,0.14,-125,-0.21,4687,4.69,4
2982,Entry short,2025-01-16 07:00,C0|S|MKT|15|v0.3.0-tier0|SPY,582.21,100,58221,-124,-0.21,0,84,0.14,-125,-0.21,4687,4.69,4
2983,Exit short,2025-01-21 08:15,TX60,590.72,100,58887,-185,-0.31,0,19,0.03,-188,-0.32,4502,4.50,4
2983,Entry short,2025-01-21 07:15,C0|S|MKT|15|v0.3.0-tier0|SPY,588.87,100,58887,-185,-0.31,0,19,0.03,-188,-0.32,4502,4.50,4
2984,Exit long,2025-01-22 08:00,TX60,596.34,100,59629,5,0.01,0,57,0.10,-50,-0.08,4507,4.51,4
2984,Entry long,2025-01-22 07:00,C0|L|MKT|15|v0.3.0-tier0|SPY,596.29,100,59629,5,0.01,0,57,0.10,-50,-0.08,4507,4.51,4
2985,Exit short,2025-01-24 08:15,TX60,599.28,100,59929,1,0.00,0,48,0.08,-34,-0.06,4508,4.51,4
2985,Entry short,2025-01-24 07:15,C0|S|MKT|15|v0.3.0-tier0|SPY,599.29,100,59929,1,0.00,0,48,0.08,-34,-0.06,4508,4.51,4
2986,Exit long,2025-01-27 08:00,TX60,588,100,58852,-52,-0.09,0,107,0.18,-189,-0.32,4456,4.46,4
2986,Entry long,2025-01-27 07:00,C0|L|MKT|15|v0.3.0-tier0|SPY,588.52,100,58852,-52,-0.09,0,107,0.18,-189,-0.32,4456,4.46,4
2987,Exit long,2025-01-28 08:15,TX60,592.85,100,59071,214,0.36,0,270,0.46,-18,-0.03,4670,4.67,4
2987,Entry long,2025-01-28 07:15,C0|L|MKT|15|v0.3.0-tier0|SPY,590.71,100,59071,214,0.36,0,270,0.46,-18,-0.03,4670,4.67,4
2988,Exit long,2025-01-30 08:00,TX60,591.38,100,59478,-340,-0.57,0,0,0.00,-348,-0.59,4330,4.33,4
2988,Entry long,2025-01-30 07:00,C0|L|MKT|15|v0.3.0-tier0|SPY,594.78,100,59478,-340,-0.57,0,0,0.00,-348,-0.59,4330,4.33,4
2989,Exit long,2025-01-31 08:00,TX60,599.19,100,59788,131,0.22,0,149,0.25,-7,-0.01,4461,4.46,4
2989,Entry long,2025-01-31 07:00,C0|L|MKT|15|v0.3.0-tier0|SPY,597.88,100,59788,131,0.22,0,149,0.25,-7,-0.01,4461,4.46,4
2990,Exit short,2025-02-03 08:15,TX60,588.1,100,58114,-696,-1.20,0,58,0.10,-749,-1.29,3765,3.77,4
2990,Entry short,2025-02-03 07:15,C0|S|MKT|15|v0.3.0-tier0|SPY,581.14,100,58114,-696,-1.20,0,58,0.10,-749,-1.29,3765,3.77,4
2991,Exit long,2025-02-04 08:00,TX60,590.29,100,58894,135,0.23,0,222,0.38,-4,-0.01,3900,3.90,4
2991,Entry long,2025-02-04 07:00,C0|L|MKT|15|v0.3.0-tier0|SPY,588.94,100,58894,135,0.23,0,222,0.38,-4,-0.01,3900,3.90,4
2992,Exit short,2025-02-05 08:00,TX60,590.45,100,59002,-43,-0.07,0,151,0.26,-96,-0.16,3857,3.86,4
2992,Entry short,2025-02-05 07:00,C0|S|MKT|15|v0.3.0-tier0|SPY,590.02,100,59002,-43,-0.07,0,151,0.26,-96,-0.16,3857,3.86,4
2993,Exit short,2025-02-06 08:30,TX60,595.36,100,59477,-59,-0.10,0,78,0.13,-79,-0.13,3798,3.80,4
2993,Entry short,2025-02-06 07:30,C0|S|MKT|15|v0.3.0-tier0|SPY,594.77,100,59477,-59,-0.10,0,78,0.13,-79,-0.13,3798,3.80,4
2994,Exit long,2025-02-07 08:00,TX60,593.31,100,59754,-423,-0.71,0,4,0.01,-648,-1.08,3375,3.38,4
2994,Entry long,2025-02-07 07:00,C0|L|MKT|15|v0.3.0-tier0|SPY,597.54,100,59754,-423,-0.71,0,4,0.01,-648,-1.08,3375,3.38,4
2995,Exit long,2025-02-10 08:15,TX60,594.49,100,59422,27,0.05,0,95,0.16,-29,-0.05,3402,3.40,4
2995,Entry long,2025-02-10 07:15,C0|L|MKT|15|v0.3.0-tier0|SPY,594.22,100,59422,27,0.05,0,95,0.16,-29,-0.05,3402,3.40,4
2996,Exit long,2025-02-11 08:30,TX60,594.45,100,59399,46,0.08,0,105,0.18,-16,-0.03,3448,3.45,4
2996,Entry long,2025-02-11 07:30,C0|L|MKT|15|v0.3.0-tier0|SPY,593.99,100,59399,46,0.08,0,105,0.18,-16,-0.03,3448,3.45,4
2997,Exit long,2025-02-12 08:00,TX60,592.32,100,59124,108,0.18,0,191,0.32,-173,-0.29,3556,3.56,4
2997,Entry long,2025-02-12 07:00,C0|L|MKT|15|v0.3.0-tier0|SPY,591.24,100,59124,108,0.18,0,191,0.32,-173,-0.29,3556,3.56,4
2998,Exit long,2025-02-13 08:15,TX60,597.15,100,59510,205,0.34,0,217,0.36,0,0.00,3761,3.76,4
2998,Entry long,2025-02-13 07:15,C0|L|MKT|15|v0.3.0-tier0|SPY,595.1,100,59510,205,0.34,0,217,0.36,0,0.00,3761,3.76,4
2999,Exit long,2025-02-14 08:15,TX60,600.18,100,60038,-20,-0.03,0,19,0.03,-91,-0.15,3741,3.74,4
2999,Entry long,2025-02-14 07:15,C0|L|MKT|15|v0.3.0-tier0|SPY,600.38,100,60038,-20,-0.03,0,19,0.03,-91,-0.15,3741,3.74,4
3000,Exit short,2025-02-18 08:30,TX60,600.13,100,59937,-76,-0.13,0,23,0.04,-109,-0.18,3665,3.67,4
3000,Entry short,2025-02-18 07:30,C0|S|MKT|15|v0.3.0-tier0|SPY,599.37,100,59937,-76,-0.13,0,23,0.04,-109,-0.18,3665,3.67,4
3001,Exit short,2025-02-19 08:15,TX60,600.92,100,59943,-149,-0.25,0,7,0.01,-154,-0.26,3516,3.52,4
3001,Entry short,2025-02-19 07:15,C0|S|MKT|15|v0.3.0-tier0|SPY,599.43,100,59943,-149,-0.25,0,7,0.01,-154,-0.26,3516,3.52,4
3002,Exit short,2025-02-20 08:00,TX60,597.14,100,59816,102,0.17,0,136,0.23,-108,-0.18,3618,3.62,4
3002,Entry short,2025-02-20 07:00,C0|S|MKT|15|v0.3.0-tier0|SPY,598.16,100,59816,102,0.17,0,136,0.23,-108,-0.18,3618,3.62,4
3003,Exit short,2025-02-21 08:00,TX60,596.62,100,59823,161,0.27,0,267,0.45,-18,-0.03,3779,3.78,4
3003,Entry short,2025-02-21 07:00,C0|S|MKT|15|v0.3.0-tier0|SPY,598.23,100,59823,161,0.27,0,267,0.45,-18,-0.03,3779,3.78,4
3004,Exit short,2025-02-24 08:00,TX60,587.65,100,58868,103,0.17,0,224,0.38,-67,-0.11,3882,3.88,4
3004,Entry short,2025-02-24 07:00,C0|S|MKT|15|v0.3.0-tier0|SPY,588.68,100,58868,103,0.17,0,224,0.38,-67,-0.11,3882,3.88,4
3005,Exit short,2025-02-25 08:00,TX60,582.38,100,58524,286,0.49,0,467,0.80,-2,0.00,4168,4.17,4
3005,Entry short,2025-02-25 07:00,C0|S|MKT|15|v0.3.0-tier0|SPY,585.24,100,58524,286,0.49,0,467,0.80,-2,0.00,4168,4.17,4
3006,Exit long,2025-02-26 08:00,TX60,588.79,100,58765,114,0.19,0,153,0.26,-45,-0.08,4282,4.28,4
3006,Entry long,2025-02-26 07:00,C0|L|MKT|15|v0.3.0-tier0|SPY,587.65,100,58765,114,0.19,0,153,0.26,-45,-0.08,4282,4.28,4
3007,Exit short,2025-02-27 08:00,TX60,583.48,100,58246,-102,-0.18,0,188,0.32,-402,-0.69,4180,4.18,4
3007,Entry short,2025-02-27 07:00,C0|S|MKT|15|v0.3.0-tier0|SPY,582.46,100,58246,-102,-0.18,0,188,0.32,-402,-0.69,4180,4.18,4
3008,Exit long,2025-02-28 08:15,TX60,577.73,100,57759,14,0.02,0,153,0.26,-166,-0.29,4194,4.19,4
3008,Entry long,2025-02-28 07:15,C0|L|MKT|15|v0.3.0-tier0|SPY,577.59,100,57759,14,0.02,0,153,0.26,-166,-0.29,4194,4.19,4
3009,Exit short,2025-03-03 08:00,TX60,582.46,100,58279,33,0.06,0,204,0.35,-231,-0.40,4227,4.23,4
3009,Entry short,2025-03-03 07:00,C0|S|MKT|15|v0.3.0-tier0|SPY,582.79,100,58279,33,0.06,0,204,0.35,-231,-0.40,4227,4.23,4
3010,Exit short,2025-03-04 08:00,TX60,564.44,100,56601,157,0.28,0,340,0.60,-46,-0.08,4384,4.38,4
3010,Entry short,2025-03-04 07:00,C0|S|MKT|15|v0.3.0-tier0|SPY,566.01,100,56601,157,0.28,0,340,0.60,-46,-0.08,4384,4.38,4
3011,Exit short,2025-03-05 08:00,TX60,567.18,100,56615,-103,-0.18,0,43,0.08,-373,-0.66,4281,4.28,4
3011,Entry short,2025-03-05 07:00,C0|S|MKT|15|v0.3.0-tier0|SPY,566.15,100,56615,-103,-0.18,0,43,0.08,-373,-0.66,4281,4.28,4
3012,Exit long,2025-03-06 08:15,TX60,569.59,100,56772,187,0.33,0,269,0.47,-43,-0.08,4468,4.47,4
3012,Entry long,2025-03-06 07:15,C0|L|MKT|15|v0.3.0-tier0|SPY,567.72,100,56772,187,0.33,0,269,0.47,-43,-0.08,4468,4.47,4
3013,Exit short,2025-03-10 08:30,TX60,555.61,100,55601,40,0.07,0,243,0.44,-51,-0.09,4508,4.51,4
3013,Entry short,2025-03-10 07:30,C0|S|MKT|15|v0.3.0-tier0|SPY,556.01,100,55601,40,0.07,0,243,0.44,-51,-0.09,4508,4.51,4
3014,Exit short,2025-03-11 08:15,TX60,548.54,100,54861,7,0.01,0,389,0.71,-84,-0.15,4515,4.52,4
3014,Entry short,2025-03-11 07:15,C0|S|MKT|15|v0.3.0-tier0|SPY,548.61,100,54861,7,0.01,0,389,0.71,-84,-0.15,4515,4.52,4
3015,Exit short,2025-03-12 08:00,TX60,546.29,100,55005,376,0.68,0,390,0.71,-108,-0.20,4891,4.89,4
3015,Entry short,2025-03-12 07:00,C0|S|MKT|15|v0.3.0-tier0|SPY,550.05,100,55005,376,0.68,0,390,0.71,-108,-0.20,4891,4.89,4
3016,Exit short,2025-03-13 08:00,TX60,546.64,100,54557,-107,-0.20,0,46,0.08,-412,-0.76,4784,4.78,4
3016,Entry short,2025-03-13 07:00,C0|S|MKT|15|v0.3.0-tier0|SPY,545.57,100,54557,-107,-0.20,0,46,0.08,-412,-0.76,4784,4.78,4
3017,Exit long,2025-03-14 08:00,TX60,550.84,100,54829,255,0.47,0,255,0.47,-214,-0.39,5039,5.04,4
3017,Entry long,2025-03-14 07:00,C0|L|MKT|15|v0.3.0-tier0|SPY,548.29,100,54829,255,0.47,0,255,0.47,-214,-0.39,5039,5.04,4
3018,Exit long,2025-03-17 08:15,TX60,555.05,100,55667,-162,-0.29,0,9,0.02,-267,-0.48,4877,4.88,4
3018,Entry long,2025-03-17 07:15,C0|L|MKT|15|v0.3.0-tier0|SPY,556.67,100,55667,-162,-0.29,0,9,0.02,-267,-0.48,4877,4.88,4
3019,Exit short,2025-03-18 08:00,TX60,551.35,100,55136,1,0.00,0,64,0.12,-124,-0.22,4878,4.88,4
3019,Entry short,2025-03-18 07:00,C0|S|MKT|15|v0.3.0-tier0|SPY,551.36,100,55136,1,0.00,0,64,0.12,-124,-0.22,4878,4.88,4
3020,Exit long,2025-03-19 08:00,TX60,553.99,100,55455,-56,-0.10,0,129,0.23,-72,-0.13,4822,4.82,4
3020,Entry long,2025-03-19 07:00,C0|L|MKT|15|v0.3.0-tier0|SPY,554.55,100,55455,-56,-0.10,0,129,0.23,-72,-0.13,4822,4.82,4
3021,Exit long,2025-03-20 08:00,TX60,559.85,100,55711,274,0.49,0,386,0.69,-19,-0.03,5096,5.10,4
3021,Entry long,2025-03-20 07:00,C0|L|MKT|15|v0.3.0-tier0|SPY,557.11,100,55711,274,0.49,0,386,0.69,-19,-0.03,5096,5.10,4
3022,Exit long,2025-03-24 08:00,TX60,565.61,100,56480,81,0.14,0,92,0.16,-73,-0.13,5177,5.18,4
3022,Entry long,2025-03-24 07:00,C0|L|MKT|15|v0.3.0-tier0|SPY,564.8,100,56480,81,0.14,0,92,0.16,-73,-0.13,5177,5.18,4
3023,Exit long,2025-03-25 08:30,TX60,567.72,100,56782,-10,-0.02,0,60,0.11,-43,-0.08,5167,5.17,4
3023,Entry long,2025-03-25 07:30,C0|L|MKT|15|v0.3.0-tier0|SPY,567.82,100,56782,-10,-0.02,0,60,0.11,-43,-0.08,5167,5.17,4
3024,Exit short,2025-03-26 08:00,TX60,565.48,100,56566,18,0.03,0,110,0.19,-89,-0.16,5185,5.19,4
3024,Entry short,2025-03-26 07:00,C0|S|MKT|15|v0.3.0-tier0|SPY,565.66,100,56566,18,0.03,0,110,0.19,-89,-0.16,5185,5.19,4
3025,Exit long,2025-03-27 08:00,TX60,562.88,100,56043,245,0.44,0,245,0.44,-76,-0.14,5430,5.43,4
3025,Entry long,2025-03-27 07:00,C0|L|MKT|15|v0.3.0-tier0|SPY,560.43,100,56043,245,0.44,0,245,0.44,-76,-0.14,5430,5.43,4
3026,Exit short,2025-03-28 08:00,TX60,551.03,100,55606,503,0.90,0,555,1.00,-47,-0.08,5933,5.93,4
3026,Entry short,2025-03-28 07:00,C0|S|MKT|15|v0.3.0-tier0|SPY,556.06,100,55606,503,0.90,0,555,1.00,-47,-0.08,5933,5.93,4
3027,Exit long,2025-03-31 08:15,TX60,543.78,100,54324,54,0.10,0,168,0.31,-142,-0.26,5987,5.99,4
3027,Entry long,2025-03-31 07:15,C0|L|MKT|15|v0.3.0-tier0|SPY,543.24,100,54324,54,0.10,0,168,0.31,-142,-0.26,5987,5.99,4
3028,Exit short,2025-04-01 08:15,TX60,553.56,100,54663,-693,-1.27,0,64,0.12,-701,-1.28,5294,5.29,4
3028,Entry short,2025-04-01 07:15,C0|S|MKT|15|v0.3.0-tier0|SPY,546.63,100,54663,-693,-1.27,0,64,0.12,-701,-1.28,5294,5.29,4
3029,Exit long,2025-04-02 08:15,TX60,553.34,100,55134,200,0.36,0,312,0.57,-17,-0.03,5494,5.49,4
3029,Entry long,2025-04-02 07:15,C0|L|MKT|15|v0.3.0-tier0|SPY,551.34,100,55134,200,0.36,0,312,0.57,-17,-0.03,5494,5.49,4
3030,Exit short,2025-04-03 08:15,TX60,533.95,100,53515,120,0.22,0,306,0.57,-119,-0.22,5614,5.61,4
3030,Entry short,2025-04-03 07:15,C0|S|MKT|15|v0.3.0-tier0|SPY,535.15,100,53515,120,0.22,0,306,0.57,-119,-0.22,5614,5.61,4
3031,Exit short,2025-04-04 08:15,TX60,513.64,100,51117,-247,-0.48,0,820,1.60,-355,-0.69,5367,5.37,4
3031,Entry short,2025-04-04 07:15,C0|S|MKT|15|v0.3.0-tier0|SPY,511.17,100,51117,-247,-0.48,0,820,1.60,-355,-0.69,5367,5.37,4
3032,Exit long,2025-04-07 08:00,TX60,498.85,100,48878,1007,2.06,0,2708,5.54,-227,-0.46,6374,6.37,4
3032,Entry long,2025-04-07 07:00,C0|L|MKT|15|v0.3.0-tier0|SPY,488.78,100,48878,1007,2.06,0,2708,5.54,-227,-0.46,6374,6.37,4
3033,Exit long,2025-04-08 08:00,TX60,510.68,100,51533,-465,-0.90,0,238,0.46,-468,-0.91,5909,5.91,4
3033,Entry long,2025-04-08 07:00,C0|L|MKT|15|v0.3.0-tier0|SPY,515.33,100,51533,-465,-0.90,0,238,0.46,-468,-0.91,5909,5.91,4
3034,Exit short,2025-04-10 08:15,TX60,519.14,100,52037,123,0.24,0,175,0.34,-421,-0.81,6032,6.03,4
3034,Entry short,2025-04-10 07:15,C0|S|MKT|15|v0.3.0-tier0|SPY,520.37,100,52037,123,0.24,0,175,0.34,-421,-0.81,6032,6.03,4
3035,Exit long,2025-04-11 08:00,TX60,515.85,100,51919,-334,-0.64,0,190,0.37,-634,-1.22,5698,5.70,4
3035,Entry long,2025-04-11 07:00,C0|L|MKT|15|v0.3.0-tier0|SPY,519.19,100,51919,-334,-0.64,0,190,0.37,-634,-1.22,5698,5.70,4
3036,Exit short,2025-04-16 08:00,TX60,524.9,100,52255,-235,-0.45,0,23,0.04,-301,-0.58,5463,5.46,4
3036,Entry short,2025-04-16 07:00,C0|S|MKT|15|v0.3.0-tier0|SPY,522.55,100,52255,-235,-0.45,0,23,0.04,-301,-0.58,5463,5.46,4
3037,Exit long,2025-04-17 08:00,TX60,517.79,100,52125,-346,-0.66,0,56,0.11,-460,-0.88,5117,5.12,4
3037,Entry long,2025-04-17 07:00,C0|L|MKT|15|v0.3.0-tier0|SPY,521.25,100,52125,-346,-0.66,0,56,0.11,-460,-0.88,5117,5.12,4
3038,Exit short,2025-04-21 08:00,TX60,507.5,100,51034,284,0.56,0,309,0.61,0,0.00,5401,5.40,4
3038,Entry short,2025-04-21 07:00,C0|S|MKT|15|v0.3.0-tier0|SPY,510.34,100,51034,284,0.56,0,309,0.61,0,0.00,5401,5.40,4
3039,Exit long,2025-04-22 08:00,TX60,517.38,100,51472,266,0.52,0,290,0.56,-16,-0.03,5667,5.67,4
3039,Entry long,2025-04-22 07:00,C0|L|MKT|15|v0.3.0-tier0|SPY,514.72,100,51472,266,0.52,0,290,0.56,-16,-0.03,5667,5.67,4
3040,Exit long,2025-04-24 08:00,TX60,534.94,100,53200,294,0.55,0,376,0.71,-47,-0.09,5961,5.96,4
3040,Entry long,2025-04-24 07:00,C0|L|MKT|15|v0.3.0-tier0|SPY,532,100,53200,294,0.55,0,376,0.71,-47,-0.09,5961,5.96,4
3041,Exit short,2025-04-25 08:00,TX60,538.85,100,53738,-147,-0.27,0,122,0.23,-295,-0.55,5814,5.81,4
3041,Entry short,2025-04-25 07:00,C0|S|MKT|15|v0.3.0-tier0|SPY,537.38,100,53738,-147,-0.27,0,122,0.23,-295,-0.55,5814,5.81,4
3042,Exit short,2025-04-28 08:00,TX60,542.92,100,54270,-22,-0.04,0,66,0.12,-174,-0.32,5792,5.79,4
3042,Entry short,2025-04-28 07:00,C0|S|MKT|15|v0.3.0-tier0|SPY,542.7,100,54270,-22,-0.04,0,66,0.12,-174,-0.32,5792,5.79,4
3043,Exit long,2025-04-29 08:00,TX60,545.29,100,54303,226,0.42,0,236,0.43,-123,-0.23,6018,6.02,4
3043,Entry long,2025-04-29 07:00,C0|L|MKT|15|v0.3.0-tier0|SPY,543.03,100,54303,226,0.42,0,236,0.43,-123,-0.23,6018,6.02,4
3044,Exit short,2025-04-30 08:00,TX60,539.39,100,53430,-509,-0.95,0,17,0.03,-554,-1.04,5509,5.51,4
3044,Entry short,2025-04-30 07:00,C0|S|MKT|15|v0.3.0-tier0|SPY,534.3,100,53430,-509,-0.95,0,17,0.03,-554,-1.04,5509,5.51,4
3045,Exit short,2025-05-01 08:00,TX60,555.54,100,55110,-444,-0.81,0,0,0.00,-447,-0.81,5065,5.07,4
3045,Entry short,2025-05-01 07:00,C0|S|MKT|15|v0.3.0-tier0|SPY,551.1,100,55110,-444,-0.81,0,0,0.00,-447,-0.81,5065,5.07,4
3046,Exit short,2025-05-02 08:00,TX60,557.95,100,55577,-218,-0.39,0,31,0.06,-269,-0.48,4847,4.85,4
3046,Entry short,2025-05-02 07:00,C0|S|MKT|15|v0.3.0-tier0|SPY,555.77,100,55577,-218,-0.39,0,31,0.06,-269,-0.48,4847,4.85,4
3047,Exit long,2025-05-05 08:30,TX60,556.99,100,55587,112,0.20,0,160,0.29,-76,-0.14,4959,4.96,4
3047,Entry long,2025-05-05 07:30,C0|L|MKT|15|v0.3.0-tier0|SPY,555.87,100,55587,112,0.20,0,160,0.29,-76,-0.14,4959,4.96,4
3048,Exit short,2025-05-06 08:00,TX60,552.97,100,54967,-330,-0.60,0,29,0.05,-393,-0.71,4629,4.63,4
3048,Entry short,2025-05-06 07:00,C0|S|MKT|15|v0.3.0-tier0|SPY,549.67,100,54967,-330,-0.60,0,29,0.05,-393,-0.71,4629,4.63,4
3049,Exit long,2025-05-07 08:00,TX60,551.67,100,55369,-202,-0.36,0,47,0.08,-242,-0.44,4427,4.43,4
3049,Entry long,2025-05-07 07:00,C0|L|MKT|15|v0.3.0-tier0|SPY,553.69,100,55369,-202,-0.36,0,47,0.08,-242,-0.44,4427,4.43,4
3050,Exit short,2025-05-08 08:00,TX60,554.76,100,55631,155,0.28,0,239,0.43,-101,-0.18,4582,4.58,4
3050,Entry short,2025-05-08 07:00,C0|S|MKT|15|v0.3.0-tier0|SPY,556.31,100,55631,155,0.28,0,239,0.43,-101,-0.18,4582,4.58,4
3051,Exit short,2025-05-09 08:30,TX60,556.67,100,55662,-5,-0.01,0,165,0.30,-80,-0.14,4577,4.58,4
3051,Entry short,2025-05-09 07:30,C0|S|MKT|15|v0.3.0-tier0|SPY,556.62,100,55662,-5,-0.01,0,165,0.30,-80,-0.14,4577,4.58,4
3052,Exit short,2025-05-12 08:30,TX60,570.84,100,57025,-59,-0.10,0,122,0.21,-188,-0.33,4518,4.52,4
3052,Entry short,2025-05-12 07:30,C0|S|MKT|15|v0.3.0-tier0|SPY,570.25,100,57025,-59,-0.10,0,122,0.21,-188,-0.33,4518,4.52,4
3053,Exit long,2025-05-13 08:00,TX60,578.96,100,57716,180,0.31,0,258,0.45,-6,-0.01,4698,4.70,4
3053,Entry long,2025-05-13 07:00,C0|L|MKT|15|v0.3.0-tier0|SPY,577.16,100,57716,180,0.31,0,258,0.45,-6,-0.01,4698,4.70,4
3054,Exit short,2025-05-14 08:00,TX60,579.41,100,57939,-2,0.00,0,113,0.20,-36,-0.06,4696,4.70,4
3054,Entry short,2025-05-14 07:00,C0|S|MKT|15|v0.3.0-tier0|SPY,579.39,100,57939,-2,0.00,0,113,0.20,-36,-0.06,4696,4.70,4
3055,Exit long,2025-05-19 08:00,TX60,583.81,100,58302,79,0.14,0,204,0.35,-17,-0.03,4775,4.78,4
3055,Entry long,2025-05-19 07:00,C0|L|MKT|15|v0.3.0-tier0|SPY,583.02,100,58302,79,0.14,0,204,0.35,-17,-0.03,4775,4.78,4
3056,Exit long,2025-05-21 08:15,TX60,583.79,100,58182,197,0.34,0,203,0.35,-112,-0.19,4972,4.97,4
3056,Entry long,2025-05-21 07:15,C0|L|MKT|15|v0.3.0-tier0|SPY,581.82,100,58182,197,0.34,0,203,0.35,-112,-0.19,4972,4.97,4
3057,Exit long,2025-05-22 08:00,TX60,574.82,100,57610,-128,-0.22,0,95,0.16,-266,-0.46,4844,4.84,4
3057,Entry long,2025-05-22 07:00,C0|L|MKT|15|v0.3.0-tier0|SPY,576.1,100,57610,-128,-0.22,0,95,0.16,-266,-0.46,4844,4.84,4
3058,Exit long,2025-05-23 08:15,TX60,569.4,100,57023,-83,-0.15,0,67,0.12,-140,-0.25,4761,4.76,4
3058,Entry long,2025-05-23 07:15,C0|L|MKT|15|v0.3.0-tier0|SPY,570.23,100,57023,-83,-0.15,0,67,0.12,-140,-0.25,4761,4.76,4
3059,Exit long,2025-05-27 08:15,TX60,580.14,100,57890,124,0.21,0,152,0.26,-7,-0.01,4885,4.89,4
3059,Entry long,2025-05-27 07:15,C0|L|MKT|15|v0.3.0-tier0|SPY,578.9,100,57890,124,0.21,0,152,0.26,-7,-0.01,4885,4.89,4
3060,Exit short,2025-05-28 08:00,TX60,581.15,100,58260,145,0.25,0,156,0.27,-35,-0.06,5030,5.03,4
3060,Entry short,2025-05-28 07:00,C0|S|MKT|15|v0.3.0-tier0|SPY,582.6,100,58260,145,0.25,0,156,0.27,-35,-0.06,5030,5.03,4
3061,Exit short,2025-05-29 08:15,TX60,581.41,100,58152,11,0.02,0,119,0.20,-137,-0.24,5041,5.04,4
3061,Entry short,2025-05-29 07:15,C0|S|MKT|15|v0.3.0-tier0|SPY,581.52,100,58152,11,0.02,0,119,0.20,-137,-0.24,5041,5.04,4
3062,Exit short,2025-05-30 08:00,TX60,580.56,100,57891,-165,-0.29,0,4,0.01,-282,-0.49,4876,4.88,4
3062,Entry short,2025-05-30 07:00,C0|S|MKT|15|v0.3.0-tier0|SPY,578.91,100,57891,-165,-0.29,0,4,0.01,-282,-0.49,4876,4.88,4
3063,Exit short,2025-06-02 08:00,TX60,581.16,100,57849,-267,-0.46,0,155,0.27,-326,-0.56,4609,4.61,4
3063,Entry short,2025-06-02 07:00,C0|S|MKT|15|v0.3.0-tier0|SPY,578.49,100,57849,-267,-0.46,0,155,0.27,-326,-0.56,4609,4.61,4
3064,Exit long,2025-06-03 08:30,TX60,586.71,100,58565,106,0.18,0,123,0.21,-71,-0.12,4715,4.72,4
3064,Entry long,2025-06-03 07:30,C0|L|MKT|15|v0.3.0-tier0|SPY,585.65,100,58565,106,0.18,0,123,0.21,-71,-0.12,4715,4.72,4
3065,Exit short,2025-06-04 08:15,TX60,589.25,100,58851,-74,-0.13,0,14,0.02,-106,-0.18,4641,4.64,4
3065,Entry short,2025-06-04 07:15,C0|S|MKT|15|v0.3.0-tier0|SPY,588.51,100,58851,-74,-0.13,0,14,0.02,-106,-0.18,4641,4.64,4
3066,Exit short,2025-06-05 08:00,TX60,588.99,100,58605,-294,-0.50,0,29,0.05,-324,-0.55,4347,4.35,4
3066,Entry short,2025-06-05 07:00,C0|S|MKT|15|v0.3.0-tier0|SPY,586.05,100,58605,-294,-0.50,0,29,0.05,-324,-0.55,4347,4.35,4
3067,Exit long,2025-06-10 08:30,TX60,592.82,100,59286,-4,-0.01,0,59,0.10,-32,-0.05,4343,4.34,4
3067,Entry long,2025-06-10 07:30,C0|L|MKT|15|v0.3.0-tier0|SPY,592.86,100,59286,-4,-0.01,0,59,0.10,-32,-0.05,4343,4.34,4
3068,Exit long,2025-06-11 08:30,TX60,595.86,100,59635,-49,-0.08,0,32,0.05,-125,-0.21,4294,4.29,4
3068,Entry long,2025-06-11 07:30,C0|L|MKT|15|v0.3.0-tier0|SPY,596.35,100,59635,-49,-0.08,0,32,0.05,-125,-0.21,4294,4.29,4
3069,Exit long,2025-06-12 08:15,TX60,594.81,100,59351,130,0.22,0,174,0.29,-6,-0.01,4424,4.42,4
3069,Entry long,2025-06-12 07:15,C0|L|MKT|15|v0.3.0-tier0|SPY,593.51,100,59351,130,0.22,0,174,0.29,-6,-0.01,4424,4.42,4
3070,Exit short,2025-06-13 08:00,TX60,590.83,100,58988,-95,-0.16,0,154,0.26,-122,-0.21,4329,4.33,4
3070,Entry short,2025-06-13 07:00,C0|S|MKT|15|v0.3.0-tier0|SPY,589.88,100,58988,-95,-0.16,0,154,0.26,-122,-0.21,4329,4.33,4
3071,Exit long,2025-06-16 08:00,TX60,595.54,100,59469,85,0.14,0,137,0.23,-9,-0.02,4414,4.41,4
3071,Entry long,2025-06-16 07:00,C0|L|MKT|15|v0.3.0-tier0|SPY,594.69,100,59469,85,0.14,0,137,0.23,-9,-0.02,4414,4.41,4
3072,Exit long,2025-06-17 08:15,TX60,593.31,100,59317,14,0.02,0,22,0.04,-113,-0.19,4428,4.43,4
3072,Entry long,2025-06-17 07:15,C0|L|MKT|15|v0.3.0-tier0|SPY,593.17,100,59317,14,0.02,0,22,0.04,-113,-0.19,4428,4.43,4
3073,Exit long,2025-06-18 08:00,TX60,592.49,100,59082,167,0.28,0,206,0.35,-38,-0.06,4595,4.60,4
3073,Entry long,2025-06-18 07:00,C0|L|MKT|15|v0.3.0-tier0|SPY,590.82,100,59082,167,0.28,0,206,0.35,-38,-0.06,4595,4.60,4
3074,Exit short,2025-06-20 08:00,TX60,587.87,100,59079,292,0.49,0,331,0.56,-25,-0.04,4887,4.89,4
3074,Entry short,2025-06-20 07:00,C0|S|MKT|15|v0.3.0-tier0|SPY,590.79,100,59079,292,0.49,0,331,0.56,-25,-0.04,4887,4.89,4
3075,Exit long,2025-06-23 08:00,TX60,589.96,100,59012,-16,-0.03,0,161,0.27,-24,-0.04,4871,4.87,4
3075,Entry long,2025-06-23 07:00,C0|L|MKT|15|v0.3.0-tier0|SPY,590.12,100,59012,-16,-0.03,0,161,0.27,-24,-0.04,4871,4.87,4
3076,Exit short,2025-06-25 08:15,TX60,600.43,100,60083,40,0.07,0,62,0.10,-90,-0.15,4911,4.91,4
3076,Entry short,2025-06-25 07:15,C0|S|MKT|15|v0.3.0-tier0|SPY,600.83,100,60083,40,0.07,0,62,0.10,-90,-0.15,4911,4.91,4
3077,Exit long,2025-06-26 08:15,TX60,603.79,100,60272,107,0.18,0,131,0.22,-13,-0.02,5018,5.02,4
3077,Entry long,2025-06-26 07:15,C0|L|MKT|15|v0.3.0-tier0|SPY,602.72,100,60272,107,0.18,0,131,0.22,-13,-0.02,5018,5.02,4
3078,Exit long,2025-06-27 08:00,TX60,608.08,100,60769,39,0.06,0,110,0.18,0,0.00,5057,5.06,4
3078,Entry long,2025-06-27 07:00,C0|L|MKT|15|v0.3.0-tier0|SPY,607.69,100,60769,39,0.06,0,110,0.18,0,0.00,5057,5.06,4
3079,Exit long,2025-07-01 08:00,TX60,609.73,100,61047,-74,-0.12,0,82,0.13,-109,-0.18,4983,4.98,4
3079,Entry long,2025-07-01 07:00,C0|L|MKT|15|v0.3.0-tier0|SPY,610.47,100,61047,-74,-0.12,0,82,0.13,-109,-0.18,4983,4.98,4
3080,Exit long,2025-07-02 08:15,TX60,611.88,100,61115,73,0.12,0,122,0.20,-5,-0.01,5056,5.06,4
3080,Entry long,2025-07-02 07:15,C0|L|MKT|15|v0.3.0-tier0|SPY,611.15,100,61115,73,0.12,0,122,0.20,-5,-0.01,5056,5.06,4
3081,Exit long,2025-07-03 08:00,TX60,618.46,100,61723,123,0.20,0,139,0.23,-1,0.00,5179,5.18,4
3081,Entry long,2025-07-03 07:00,C0|L|MKT|15|v0.3.0-tier0|SPY,617.23,100,61723,123,0.20,0,139,0.23,-1,0.00,5179,5.18,4
3082,Exit short,2025-07-07 08:15,TX60,615.11,100,61593,82,0.13,0,88,0.14,-66,-0.11,5261,5.26,4
3082,Entry short,2025-07-07 07:15,C0|S|MKT|15|v0.3.0-tier0|SPY,615.93,100,61593,82,0.13,0,88,0.14,-66,-0.11,5261,5.26,4
3083,Exit short,2025-07-08 08:15,TX60,613.96,100,61352,-44,-0.07,0,79,0.13,-116,-0.19,5217,5.22,4
3083,Entry short,2025-07-08 07:15,C0|S|MKT|15|v0.3.0-tier0|SPY,613.52,100,61352,-44,-0.07,0,79,0.13,-116,-0.19,5217,5.22,4
3084,Exit long,2025-07-09 08:00,TX60,614.62,100,61739,-277,-0.45,0,30,0.05,-314,-0.51,4940,4.94,4
3084,Entry long,2025-07-09 07:00,C0|L|MKT|15|v0.3.0-tier0|SPY,617.39,100,61739,-277,-0.45,0,30,0.05,-314,-0.51,4940,4.94,4
3085,Exit short,2025-07-10 08:00,TX60,618,100,61659,-141,-0.23,0,41,0.07,-166,-0.27,4799,4.80,4
3085,Entry short,2025-07-10 07:00,C0|S|MKT|15|v0.3.0-tier0|SPY,616.59,100,61659,-141,-0.23,0,41,0.07,-166,-0.27,4799,4.80,4
3086,Exit long,2025-07-11 08:15,TX60,616,100,61674,-74,-0.12,0,80,0.13,-74,-0.12,4725,4.72,4
3086,Entry long,2025-07-11 07:15,C0|L|MKT|15|v0.3.0-tier0|SPY,616.74,100,61674,-74,-0.12,0,80,0.13,-74,-0.12,4725,4.72,4
3087,Exit short,2025-07-15 08:00,TX60,617.04,100,61881,177,0.29,0,185,0.30,-73,-0.12,4902,4.90,4
3087,Entry short,2025-07-15 07:00,C0|S|MKT|15|v0.3.0-tier0|SPY,618.81,100,61881,177,0.29,0,185,0.30,-73,-0.12,4902,4.90,4
3088,Exit short,2025-07-16 08:00,TX60,615.4,100,61529,-11,-0.02,0,59,0.10,-125,-0.20,4891,4.89,4
3088,Entry short,2025-07-16 07:00,C0|S|MKT|15|v0.3.0-tier0|SPY,615.29,100,61529,-11,-0.02,0,59,0.10,-125,-0.20,4891,4.89,4
3089,Exit long,2025-07-17 08:00,TX60,618.95,100,61894,1,0.00,0,43,0.07,-95,-0.15,4892,4.89,4
3089,Entry long,2025-07-17 07:00,C0|L|MKT|15|v0.3.0-tier0|SPY,618.94,100,61894,1,0.00,0,43,0.07,-95,-0.15,4892,4.89,4
3090,Exit short,2025-07-18 08:15,TX60,620.44,100,62118,74,0.12,0,114,0.18,-15,-0.02,4966,4.97,4
3090,Entry short,2025-07-18 07:15,C0|S|MKT|15|v0.3.0-tier0|SPY,621.18,100,62118,74,0.12,0,114,0.18,-15,-0.02,4966,4.97,4
3091,Exit long,2025-07-21 08:00,TX60,624.1,100,62367,43,0.07,0,79,0.13,-20,-0.03,5009,5.01,4
3091,Entry long,2025-07-21 07:00,C0|L|MKT|15|v0.3.0-tier0|SPY,623.67,100,62367,43,0.07,0,79,0.13,-20,-0.03,5009,5.01,4
3092,Exit short,2025-07-22 08:00,TX60,621.07,100,62001,-106,-0.17,0,63,0.10,-115,-0.19,4903,4.90,4
3092,Entry short,2025-07-22 07:00,C0|S|MKT|15|v0.3.0-tier0|SPY,620.01,100,62001,-106,-0.17,0,63,0.10,-115,-0.19,4903,4.90,4
3093,Exit short,2025-07-23 08:00,TX60,623.79,100,62309,-70,-0.11,0,26,0.04,-78,-0.13,4833,4.83,4
3093,Entry short,2025-07-23 07:00,C0|S|MKT|15|v0.3.0-tier0|SPY,623.09,100,62309,-70,-0.11,0,26,0.04,-78,-0.13,4833,4.83,4
3094,Exit long,2025-07-24 08:00,TX60,628.57,100,62817,40,0.06,0,48,0.08,-106,-0.17,4873,4.87,4
3094,Entry long,2025-07-24 07:00,C0|L|MKT|15|v0.3.0-tier0|SPY,628.17,100,62817,40,0.06,0,48,0.08,-106,-0.17,4873,4.87,4
3095,Exit long,2025-07-28 08:15,TX60,630.37,100,63097,-60,-0.10,0,8,0.01,-75,-0.12,4813,4.81,4
3095,Entry long,2025-07-28 07:15,C0|L|MKT|15|v0.3.0-tier0|SPY,630.97,100,63097,-60,-0.10,0,8,0.01,-75,-0.12,4813,4.81,4
3096,Exit short,2025-07-29 08:15,TX60,629.41,100,63087,146,0.23,0,152,0.24,-18,-0.03,4959,4.96,4
3096,Entry short,2025-07-29 07:15,C0|S|MKT|15|v0.3.0-tier0|SPY,630.87,100,63087,146,0.23,0,152,0.24,-18,-0.03,4959,4.96,4
3097,Exit long,2025-07-30 08:30,TX60,628.36,100,62936,-100,-0.16,0,48,0.08,-132,-0.21,4859,4.86,4
3097,Entry long,2025-07-30 07:30,C0|L|MKT|15|v0.3.0-tier0|SPY,629.36,100,62936,-100,-0.16,0,48,0.08,-132,-0.21,4859,4.86,4
3098,Exit short,2025-08-01 08:00,TX60,615.14,100,61458,-56,-0.09,0,172,0.28,-265,-0.43,4803,4.80,4
3098,Entry short,2025-08-01 07:00,C0|S|MKT|15|v0.3.0-tier0|SPY,614.58,100,61458,-56,-0.09,0,172,0.28,-265,-0.43,4803,4.80,4
3099,Exit long,2025-08-04 08:00,TX60,622.29,100,62212,17,0.03,0,67,0.11,-74,-0.12,4820,4.82,4
3099,Entry long,2025-08-04 07:00,C0|L|MKT|15|v0.3.0-tier0|SPY,622.12,100,62212,17,0.03,0,67,0.11,-74,-0.12,4820,4.82,4
3100,Exit short,2025-08-05 08:15,TX60,621.66,100,62344,178,0.29,0,327,0.52,-27,-0.04,4998,5.00,4
3100,Entry short,2025-08-05 07:15,C0|S|MKT|15|v0.3.0-tier0|SPY,623.44,100,62344,178,0.29,0,327,0.52,-27,-0.04,4998,5.00,4
3101,Exit short,2025-08-07 08:15,TX60,625.24,100,62771,247,0.39,0,254,0.40,-7,-0.01,5245,5.24,4
3101,Entry short,2025-08-07 07:15,C0|S|MKT|15|v0.3.0-tier0|SPY,627.71,100,62771,247,0.39,0,254,0.40,-7,-0.01,5245,5.24,4
3102,Exit long,2025-08-08 08:00,TX60,628.85,100,62889,-4,-0.01,0,118,0.19,-15,-0.02,5241,5.24,4
3102,Entry long,2025-08-08 07:00,C0|L|MKT|15|v0.3.0-tier0|SPY,628.89,100,62889,-4,-0.01,0,118,0.19,-15,-0.02,5241,5.24,4
3103,Exit short,2025-08-12 08:00,TX60,632.86,100,63039,-247,-0.39,0,58,0.09,-281,-0.45,4994,4.99,4
3103,Entry short,2025-08-12 07:00,C0|S|MKT|15|v0.3.0-tier0|SPY,630.39,100,63039,-247,-0.39,0,58,0.09,-281,-0.45,4994,4.99,4
3104,Exit long,2025-08-13 08:00,TX60,636.76,100,63854,-178,-0.28,0,10,0.02,-201,-0.31,4816,4.82,4
3104,Entry long,2025-08-13 07:00,C0|L|MKT|15|v0.3.0-tier0|SPY,638.54,100,63854,-178,-0.28,0,10,0.02,-201,-0.31,4816,4.82,4
3105,Exit long,2025-08-14 08:00,TX60,637.67,100,63697,70,0.11,0,150,0.24,-32,-0.05,4886,4.89,4
3105,Entry long,2025-08-14 07:00,C0|L|MKT|15|v0.3.0-tier0|SPY,636.97,100,63697,70,0.11,0,150,0.24,-32,-0.05,4886,4.89,4
3106,Exit short,2025-08-15 08:00,TX60,636.52,100,63676,24,0.04,0,59,0.09,-83,-0.13,4910,4.91,4
3106,Entry short,2025-08-15 07:00,C0|S|MKT|15|v0.3.0-tier0|SPY,636.76,100,63676,24,0.04,0,59,0.09,-83,-0.13,4910,4.91,4
3107,Exit short,2025-08-18 08:00,TX60,636.17,100,63569,-48,-0.08,0,44,0.07,-118,-0.19,4862,4.86,4
3107,Entry short,2025-08-18 07:00,C0|S|MKT|15|v0.3.0-tier0|SPY,635.69,100,63569,-48,-0.08,0,44,0.07,-118,-0.19,4862,4.86,4
3108,Exit long,2025-08-19 08:15,TX60,634.4,100,63671,-231,-0.36,0,15,0.02,-326,-0.51,4631,4.63,4
3108,Entry long,2025-08-19 07:15,C0|L|MKT|15|v0.3.0-tier0|SPY,636.71,100,63671,-231,-0.36,0,15,0.02,-326,-0.51,4631,4.63,4
3109,Exit short,2025-08-20 08:00,TX60,626.43,100,62842,199,0.32,0,242,0.39,-90,-0.14,4830,4.83,4
3109,Entry short,2025-08-20 07:00,C0|S|MKT|15|v0.3.0-tier0|SPY,628.42,100,62842,199,0.32,0,242,0.39,-90,-0.14,4830,4.83,4
3110,Exit short,2025-08-21 08:00,TX60,630.18,100,62816,-202,-0.32,0,50,0.08,-282,-0.45,4628,4.63,4
3110,Entry short,2025-08-21 07:00,C0|S|MKT|15|v0.3.0-tier0|SPY,628.16,100,62816,-202,-0.32,0,50,0.08,-282,-0.45,4628,4.63,4
3111,Exit long,2025-08-22 08:15,TX60,638.45,100,63764,81,0.13,0,155,0.24,-164,-0.26,4709,4.71,4
3111,Entry long,2025-08-22 07:15,C0|L|MKT|15|v0.3.0-tier0|SPY,637.64,100,63764,81,0.13,0,155,0.24,-164,-0.26,4709,4.71,4
3112,Exit long,2025-08-26 08:30,TX60,635.41,100,63600,-59,-0.09,0,13,0.02,-75,-0.12,4650,4.65,4
3112,Entry long,2025-08-26 07:30,C0|L|MKT|15|v0.3.0-tier0|SPY,636,100,63600,-59,-0.09,0,13,0.02,-75,-0.12,4650,4.65,4
3113,Exit long,2025-08-27 08:15,TX60,639.28,100,63876,52,0.08,0,65,0.10,-9,-0.01,4702,4.70,4
3113,Entry long,2025-08-27 07:15,C0|L|MKT|15|v0.3.0-tier0|SPY,638.76,100,63876,52,0.08,0,65,0.10,-9,-0.01,4702,4.70,4
3114,Exit short,2025-08-28 08:00,TX60,639.82,100,63886,-96,-0.15,0,35,0.05,-122,-0.19,4606,4.61,4
3114,Entry short,2025-08-28 07:00,C0|S|MKT|15|v0.3.0-tier0|SPY,638.86,100,63886,-96,-0.15,0,35,0.05,-122,-0.19,4606,4.61,4
3115,Exit short,2025-08-29 08:00,TX60,636.76,100,63843,167,0.26,0,234,0.37,-54,-0.08,4773,4.77,4
3115,Entry short,2025-08-29 07:00,C0|S|MKT|15|v0.3.0-tier0|SPY,638.43,100,63843,167,0.26,0,234,0.37,-54,-0.08,4773,4.77,4
3116,Exit long,2025-09-02 08:00,TX60,630.66,100,63200,-134,-0.21,0,112,0.18,-176,-0.28,4639,4.64,4
3116,Entry long,2025-09-02 07:00,C0|L|MKT|15|v0.3.0-tier0|SPY,632,100,63200,-134,-0.21,0,112,0.18,-176,-0.28,4639,4.64,4
3117,Exit short,2025-09-03 08:00,TX60,636.9,100,63494,-196,-0.31,0,38,0.06,-217,-0.34,4443,4.44,4
3117,Entry short,2025-09-03 07:00,C0|S|MKT|15|v0.3.0-tier0|SPY,634.94,100,63494,-196,-0.31,0,38,0.06,-217,-0.34,4443,4.44,4
3118,Exit short,2025-09-04 08:15,TX60,638.45,100,63686,-159,-0.25,0,41,0.06,-195,-0.31,4284,4.28,4
3118,Entry short,2025-09-04 07:15,C0|S|MKT|15|v0.3.0-tier0|SPY,636.86,100,63686,-159,-0.25,0,41,0.06,-195,-0.31,4284,4.28,4
3119,Exit short,2025-09-05 08:00,TX60,637.08,100,64392,684,1.06,0,689,1.07,-2,0.00,4968,4.97,4
3119,Entry short,2025-09-05 07:00,C0|S|MKT|15|v0.3.0-tier0|SPY,643.92,100,64392,684,1.06,0,689,1.07,-2,0.00,4968,4.97,4
3120,Exit short,2025-09-09 08:30,TX60,641.65,100,64164,-1,0.00,0,151,0.24,-8,-0.01,4967,4.97,4
3120,Entry short,2025-09-09 07:30,C0|S|MKT|15|v0.3.0-tier0|SPY,641.64,100,64164,-1,0.00,0,151,0.24,-8,-0.01,4967,4.97,4
3121,Exit long,2025-09-10 08:15,TX60,645.95,100,64721,-126,-0.19,0,17,0.03,-147,-0.23,4841,4.84,4
3121,Entry long,2025-09-10 07:15,C0|L|MKT|15|v0.3.0-tier0|SPY,647.21,100,64721,-126,-0.19,0,17,0.03,-147,-0.23,4841,4.84,4
3122,Exit long,2025-09-11 08:00,TX60,649.44,100,64838,106,0.16,0,142,0.22,-18,-0.03,4947,4.95,4
3122,Entry long,2025-09-11 07:00,C0|L|MKT|15|v0.3.0-tier0|SPY,648.38,100,64838,106,0.16,0,142,0.22,-18,-0.03,4947,4.95,4
3123,Exit long,2025-09-12 08:00,TX60,651.16,100,65080,36,0.06,0,46,0.07,-68,-0.10,4983,4.98,4
3123,Entry long,2025-09-12 07:00,C0|L|MKT|15|v0.3.0-tier0|SPY,650.8,100,65080,36,0.06,0,46,0.07,-68,-0.10,4983,4.98,4
3124,Exit long,2025-09-15 08:00,TX60,653.72,100,65340,32,0.05,0,36,0.06,-65,-0.10,5015,5.01,4
3124,Entry long,2025-09-15 07:00,C0|L|MKT|15|v0.3.0-tier0|SPY,653.4,100,65340,32,0.05,0,36,0.06,-65,-0.10,5015,5.01,4
3125,Exit short,2025-09-16 08:00,TX60,652.63,100,65303,40,0.06,0,63,0.10,-24,-0.04,5055,5.06,4
3125,Entry short,2025-09-16 07:00,C0|S|MKT|15|v0.3.0-tier0|SPY,653.03,100,65303,40,0.06,0,63,0.10,-24,-0.04,5055,5.06,4
3126,Exit short,2025-09-17 08:15,TX60,652.27,100,65224,-3,0.00,0,46,0.07,-17,-0.03,5052,5.05,4
3126,Entry short,2025-09-17 07:15,C0|S|MKT|15|v0.3.0-tier0|SPY,652.24,100,65224,-3,0.00,0,46,0.07,-17,-0.03,5052,5.05,4
3127,Exit long,2025-09-18 08:15,TX60,655.67,100,65632,-65,-0.10,0,128,0.20,-98,-0.15,4987,4.99,4
3127,Entry long,2025-09-18 07:15,C0|L|MKT|15|v0.3.0-tier0|SPY,656.32,100,65632,-65,-0.10,0,128,0.20,-98,-0.15,4987,4.99,4
3128,Exit long,2025-09-22 08:00,TX60,659.55,100,65797,158,0.24,0,164,0.25,-25,-0.04,5145,5.15,4
3128,Entry long,2025-09-22 07:00,C0|L|MKT|15|v0.3.0-tier0|SPY,657.97,100,65797,158,0.24,0,164,0.25,-25,-0.04,5145,5.15,4
3129,Exit short,2025-09-24 08:00,TX60,657.48,100,65760,12,0.02,0,39,0.06,-61,-0.09,5157,5.16,4
3129,Entry short,2025-09-24 07:00,C0|S|MKT|15|v0.3.0-tier0|SPY,657.6,100,65760,12,0.02,0,39,0.06,-61,-0.09,5157,5.16,4
3130,Exit long,2025-09-25 08:30,TX60,652.06,100,65307,-101,-0.15,0,61,0.09,-128,-0.20,5056,5.06,4
3130,Entry long,2025-09-25 07:30,C0|L|MKT|15|v0.3.0-tier0|SPY,653.07,100,65307,-101,-0.15,0,61,0.09,-128,-0.20,5056,5.06,4
3131,Exit long,2025-09-26 08:00,TX60,653.06,100,65634,-328,-0.50,0,60,0.09,-387,-0.59,4728,4.73,4
3131,Entry long,2025-09-26 07:00,C0|L|MKT|15|v0.3.0-tier0|SPY,656.34,100,65634,-328,-0.50,0,60,0.09,-387,-0.59,4728,4.73,4
3132,Exit long,2025-10-01 08:30,TX60,660.84,100,66007,77,0.12,0,89,0.13,-28,-0.04,4805,4.81,4
3132,Entry long,2025-10-01 07:30,C0|L|MKT|15|v0.3.0-tier0|SPY,660.07,100,66007,77,0.12,0,89,0.13,-28,-0.04,4805,4.81,4
3133,Exit short,2025-10-02 08:15,TX60,661.93,100,66313,120,0.18,0,159,0.24,-39,-0.06,4925,4.93,4
3133,Entry short,2025-10-02 07:15,C0|S|MKT|15|v0.3.0-tier0|SPY,663.13,100,66313,120,0.18,0,159,0.24,-39,-0.06,4925,4.93,4
3134,Exit long,2025-10-03 08:30,TX60,666.25,100,66587,38,0.06,0,89,0.13,-7,-0.01,4963,4.96,4
3134,Entry long,2025-10-03 07:30,C0|L|MKT|15|v0.3.0-tier0|SPY,665.87,100,66587,38,0.06,0,89,0.13,-7,-0.01,4963,4.96,4
3135,Exit short,2025-10-06 08:00,TX60,665.26,100,66451,-75,-0.11,0,56,0.08,-84,-0.13,4888,4.89,4
3135,Entry short,2025-10-06 07:00,C0|S|MKT|15|v0.3.0-tier0|SPY,664.51,100,66451,-75,-0.11,0,56,0.08,-84,-0.13,4888,4.89,4
3136,Exit short,2025-10-07 08:15,TX60,664.05,100,66644,239,0.36,0,313,0.47,-20,-0.03,5127,5.13,4
3136,Entry short,2025-10-07 07:15,C0|S|MKT|15|v0.3.0-tier0|SPY,666.44,100,66644,239,0.36,0,313,0.47,-20,-0.03,5127,5.13,4
3137,Exit long,2025-10-08 08:15,TX60,666.62,100,66623,39,0.06,0,48,0.07,-57,-0.09,5166,5.17,4
3137,Entry long,2025-10-08 07:15,C0|L|MKT|15|v0.3.0-tier0|SPY,666.23,100,66623,39,0.06,0,48,0.07,-57,-0.09,5166,5.17,4
3138,Exit short,2025-10-09 08:00,TX60,665.83,100,66639,56,0.08,0,193,0.29,-33,-0.05,5222,5.22,4
3138,Entry short,2025-10-09 07:00,C0|S|MKT|15|v0.3.0-tier0|SPY,666.39,100,66639,56,0.08,0,193,0.29,-33,-0.05,5222,5.22,4
3139,Exit long,2025-10-13 08:00,TX60,654.8,100,65741,-261,-0.40,0,37,0.06,-288,-0.44,4961,4.96,4
3139,Entry long,2025-10-13 07:00,C0|L|MKT|15|v0.3.0-tier0|SPY,657.41,100,65741,-261,-0.40,0,37,0.06,-288,-0.44,4961,4.96,4
3140,Exit long,2025-10-14 08:15,TX60,654.71,100,65280,191,0.29,0,288,0.44,-40,-0.06,5152,5.15,4
3140,Entry long,2025-10-14 07:15,C0|L|MKT|15|v0.3.0-tier0|SPY,652.8,100,65280,191,0.29,0,288,0.44,-40,-0.06,5152,5.15,4
3141,Exit long,2025-10-15 08:00,TX60,663.52,100,66284,68,0.10,0,188,0.28,-2,0.00,5220,5.22,4
3141,Entry long,2025-10-15 07:00,C0|L|MKT|15|v0.3.0-tier0|SPY,662.84,100,66284,68,0.10,0,188,0.28,-2,0.00,5220,5.22,4
3142,Exit short,2025-10-16 08:15,TX60,662.42,100,66035,-207,-0.31,0,29,0.04,-287,-0.43,5013,5.01,4
3142,Entry short,2025-10-16 07:15,C0|S|MKT|15|v0.3.0-tier0|SPY,660.35,100,66035,-207,-0.31,0,29,0.04,-287,-0.43,5013,5.01,4
3143,Exit long,2025-10-17 08:15,TX60,653.7,100,65768,-398,-0.61,0,59,0.09,-398,-0.61,4615,4.61,4
3143,Entry long,2025-10-17 07:15,C0|L|MKT|15|v0.3.0-tier0|SPY,657.68,100,65768,-398,-0.61,0,59,0.09,-398,-0.61,4615,4.61,4
3144,Exit long,2025-10-20 08:15,TX60,664.83,100,66407,76,0.11,0,186,0.28,-56,-0.08,4691,4.69,4
3144,Entry long,2025-10-20 07:15,C0|L|MKT|15|v0.3.0-tier0|SPY,664.07,100,66407,76,0.11,0,186,0.28,-56,-0.08,4691,4.69,4
3145,Exit short,2025-10-21 08:00,TX60,667.04,100,66507,-197,-0.30,0,59,0.09,-204,-0.31,4494,4.49,4
3145,Entry short,2025-10-21 07:00,C0|S|MKT|15|v0.3.0-tier0|SPY,665.07,100,66507,-197,-0.30,0,59,0.09,-204,-0.31,4494,4.49,4
3146,Exit short,2025-10-22 08:30,TX60,662.44,100,66395,151,0.23,0,184,0.28,-95,-0.14,4645,4.64,4
3146,Entry short,2025-10-22 07:30,C0|S|MKT|15|v0.3.0-tier0|SPY,663.95,100,66395,151,0.23,0,184,0.28,-95,-0.14,4645,4.64,4
3147,Exit long,2025-10-23 08:00,TX60,664.73,100,66449,24,0.04,0,40,0.06,-186,-0.28,4669,4.67,4
3147,Entry long,2025-10-23 07:00,C0|L|MKT|15|v0.3.0-tier0|SPY,664.49,100,66449,24,0.04,0,40,0.06,-186,-0.28,4669,4.67,4
3148,Exit long,2025-10-24 08:15,TX60,671.87,100,67222,-35,-0.05,0,2,0.00,-187,-0.28,4634,4.63,4
3148,Entry long,2025-10-24 07:15,C0|L|MKT|15|v0.3.0-tier0|SPY,672.22,100,67222,-35,-0.05,0,2,0.00,-187,-0.28,4634,4.63,4
3149,Exit long,2025-10-27 08:15,TX60,677.43,100,67763,-20,-0.03,0,12,0.02,-84,-0.12,4614,4.61,4
3149,Entry long,2025-10-27 07:15,C0|L|MKT|15|v0.3.0-tier0|SPY,677.63,100,67763,-20,-0.03,0,12,0.02,-84,-0.12,4614,4.61,4
3150,Exit short,2025-10-28 08:00,TX60,680.21,100,68005,-16,-0.02,0,18,0.03,-68,-0.10,4598,4.60,4
3150,Entry short,2025-10-28 07:00,C0|S|MKT|15|v0.3.0-tier0|SPY,680.05,100,68005,-16,-0.02,0,18,0.03,-68,-0.10,4598,4.60,4
3151,Exit long,2025-10-29 08:00,TX60,682.7,100,68393,-123,-0.18,0,10,0.01,-177,-0.26,4475,4.47,4
3151,Entry long,2025-10-29 07:00,C0|L|MKT|15|v0.3.0-tier0|SPY,683.93,100,68393,-123,-0.18,0,10,0.01,-177,-0.26,4475,4.47,4
3152,Exit long,2025-10-30 08:00,TX60,678.79,100,67937,-58,-0.09,0,93,0.14,-173,-0.25,4417,4.42,4
3152,Entry long,2025-10-30 07:00,C0|L|MKT|15|v0.3.0-tier0|SPY,679.37,100,67937,-58,-0.09,0,93,0.14,-173,-0.25,4417,4.42,4
3153,Exit short,2025-10-31 08:15,TX60,678.62,100,67716,-146,-0.22,0,55,0.08,-195,-0.29,4271,4.27,4
3153,Entry short,2025-10-31 07:15,C0|S|MKT|15|v0.3.0-tier0|SPY,677.16,100,67716,-146,-0.22,0,55,0.08,-195,-0.29,4271,4.27,4
3154,Exit short,2025-11-03 08:00,TX60,676.77,100,67696,19,0.03,0,261,0.39,-43,-0.06,4290,4.29,4
3154,Entry short,2025-11-03 07:00,C0|S|MKT|15|v0.3.0-tier0|SPY,676.96,100,67696,19,0.03,0,261,0.39,-43,-0.06,4290,4.29,4
3155,Exit long,2025-11-04 08:00,TX60,672.61,100,67311,-50,-0.07,0,126,0.19,-104,-0.15,4240,4.24,4
3155,Entry long,2025-11-04 07:00,C0|L|MKT|15|v0.3.0-tier0|SPY,673.11,100,67311,-50,-0.07,0,126,0.19,-104,-0.15,4240,4.24,4
3156,Exit long,2025-11-05 08:00,TX60,672.3,100,67177,53,0.08,0,92,0.14,-192,-0.29,4293,4.29,4
3156,Entry long,2025-11-05 07:00,C0|L|MKT|15|v0.3.0-tier0|SPY,671.77,100,67177,53,0.08,0,92,0.14,-192,-0.29,4293,4.29,4
3157,Exit short,2025-11-06 08:00,TX60,665.44,100,66858,314,0.47,0,332,0.50,-124,-0.19,4607,4.61,4
3157,Entry short,2025-11-06 07:00,C0|S|MKT|15|v0.3.0-tier0|SPY,668.58,100,66858,314,0.47,0,332,0.50,-124,-0.19,4607,4.61,4
3158,Exit long,2025-11-11 08:00,TX60,673.57,100,67510,-153,-0.23,0,0,0.00,-195,-0.29,4454,4.45,4
3158,Entry long,2025-11-11 07:00,C0|L|MKT|15|v0.3.0-tier0|SPY,675.1,100,67510,-153,-0.23,0,0,0.00,-195,-0.29,4454,4.45,4
3159,Exit short,2025-11-12 08:00,TX60,676.71,100,67810,139,0.20,0,189,0.28,-53,-0.08,4593,4.59,4
3159,Entry short,2025-11-12 07:00,C0|S|MKT|15|v0.3.0-tier0|SPY,678.1,100,67810,139,0.20,0,189,0.28,-53,-0.08,4593,4.59,4
3160,Exit long,2025-11-14 08:00,TX60,666.73,100,66322,351,0.53,0,406,0.61,-177,-0.27,4944,4.94,4
3160,Entry long,2025-11-14 07:00,C0|L|MKT|15|v0.3.0-tier0|SPY,663.22,100,66322,351,0.53,0,406,0.61,-177,-0.27,4944,4.94,4
3161,Exit long,2025-11-17 08:00,TX60,665.2,100,66719,-199,-0.30,0,42,0.06,-256,-0.38,4745,4.75,4
3161,Entry long,2025-11-17 07:00,C0|L|MKT|15|v0.3.0-tier0|SPY,667.19,100,66719,-199,-0.30,0,42,0.06,-256,-0.38,4745,4.75,4
3162,Exit short,2025-11-18 08:00,TX60,651.82,100,65324,142,0.22,0,183,0.28,-164,-0.25,4887,4.89,4
3162,Entry short,2025-11-18 07:00,C0|S|MKT|15|v0.3.0-tier0|SPY,653.24,100,65324,142,0.22,0,183,0.28,-164,-0.25,4887,4.89,4
3163,Exit long,2025-11-19 08:00,TX60,657.52,100,66020,-268,-0.41,0,166,0.25,-304,-0.46,4619,4.62,4
3163,Entry long,2025-11-19 07:00,C0|L|MKT|15|v0.3.0-tier0|SPY,660.2,100,66020,-268,-0.41,0,166,0.25,-304,-0.46,4619,4.62,4
3164,Exit long,2025-11-20 08:00,TX60,667.25,100,66938,-213,-0.32,0,63,0.09,-216,-0.32,4406,4.41,4
3164,Entry long,2025-11-20 07:00,C0|L|MKT|15|v0.3.0-tier0|SPY,669.38,100,66938,-213,-0.32,0,63,0.09,-216,-0.32,4406,4.41,4
3165,Exit short,2025-11-21 08:15,TX60,647.88,100,64836,48,0.07,0,286,0.44,-219,-0.34,4454,4.45,4
3165,Entry short,2025-11-21 07:15,C0|S|MKT|15|v0.3.0-tier0|SPY,648.36,100,64836,48,0.07,0,286,0.44,-219,-0.34,4454,4.45,4
3166,Exit short,2025-11-26 08:00,TX60,673.99,100,67174,-225,-0.33,0,56,0.08,-229,-0.34,4229,4.23,4
3166,Entry short,2025-11-26 07:00,C0|S|MKT|15|v0.3.0-tier0|SPY,671.74,100,67174,-225,-0.33,0,56,0.08,-229,-0.34,4229,4.23,4
3167,Exit long,2025-12-01 08:00,TX60,676.05,100,67589,16,0.02,0,35,0.05,-262,-0.39,4245,4.25,4
3167,Entry long,2025-12-01 07:00,C0|L|MKT|15|v0.3.0-tier0|SPY,675.89,100,67589,16,0.02,0,35,0.05,-262,-0.39,4245,4.25,4
3168,Exit long,2025-12-02 08:15,TX60,675.94,100,67739,-145,-0.21,0,81,0.12,-211,-0.31,4100,4.10,4
3168,Entry long,2025-12-02 07:15,C0|L|MKT|15|v0.3.0-tier0|SPY,677.39,100,67739,-145,-0.21,0,81,0.12,-211,-0.31,4100,4.10,4
3169,Exit long,2025-12-03 08:30,TX60,676.78,100,67606,72,0.11,0,132,0.20,-32,-0.05,4172,4.17,4
3169,Entry long,2025-12-03 07:30,C0|L|MKT|15|v0.3.0-tier0|SPY,676.06,100,67606,72,0.11,0,132,0.20,-32,-0.05,4172,4.17,4
3170,Exit short,2025-12-04 08:00,TX60,677.67,100,67745,-22,-0.03,0,89,0.13,-148,-0.22,4150,4.15,4
3170,Entry short,2025-12-04 07:00,C0|S|MKT|15|v0.3.0-tier0|SPY,677.45,100,67745,-22,-0.03,0,89,0.13,-148,-0.22,4150,4.15,4
3171,Exit long,2025-12-05 08:00,TX60,681.01,100,68128,-27,-0.04,0,145,0.21,-66,-0.10,4123,4.12,4
3171,Entry long,2025-12-05 07:00,C0|L|MKT|15|v0.3.0-tier0|SPY,681.28,100,68128,-27,-0.04,0,145,0.21,-66,-0.10,4123,4.12,4
3172,Exit short,2025-12-08 08:15,TX60,677.79,100,67930,151,0.22,0,199,0.29,-29,-0.04,4274,4.27,4
3172,Entry short,2025-12-08 07:15,C0|S|MKT|15|v0.3.0-tier0|SPY,679.3,100,67930,151,0.22,0,199,0.29,-29,-0.04,4274,4.27,4
3173,Exit long,2025-12-09 08:00,TX60,678.87,100,67882,5,0.01,0,48,0.07,-86,-0.13,4279,4.28,4
3173,Entry long,2025-12-09 07:00,C0|L|MKT|15|v0.3.0-tier0|SPY,678.82,100,67882,5,0.01,0,48,0.07,-86,-0.13,4279,4.28,4
3174,Exit long,2025-12-10 08:00,TX60,676.65,100,67749,-84,-0.12,0,34,0.05,-142,-0.21,4195,4.20,4
3174,Entry long,2025-12-10 07:00,C0|L|MKT|15|v0.3.0-tier0|SPY,677.49,100,67749,-84,-0.12,0,34,0.05,-142,-0.21,4195,4.20,4
3175,Exit short,2025-12-11 08:00,TX60,680.11,100,67704,-307,-0.45,0,48,0.07,-411,-0.61,3888,3.89,4
3175,Entry short,2025-12-11 07:00,C0|S|MKT|15|v0.3.0-tier0|SPY,677.04,100,67704,-307,-0.45,0,48,0.07,-411,-0.61,3888,3.89,4
3176,Exit short,2025-12-12 08:00,TX60,676.13,100,68181,568,0.83,0,610,0.89,-5,-0.01,4456,4.46,4
3176,Entry short,2025-12-12 07:00,C0|S|MKT|15|v0.3.0-tier0|SPY,681.81,100,68181,568,0.83,0,610,0.89,-5,-0.01,4456,4.46,4
3177,Exit short,2025-12-15 08:00,TX60,675.54,100,67681,127,0.19,0,314,0.46,-16,-0.02,4583,4.58,4
3177,Entry short,2025-12-15 07:00,C0|S|MKT|15|v0.3.0-tier0|SPY,676.81,100,67681,127,0.19,0,314,0.46,-16,-0.02,4583,4.58,4
3178,Exit long,2025-12-16 08:00,TX60,673.43,100,67526,-183,-0.27,0,22,0.03,-438,-0.65,4400,4.40,4
3178,Entry long,2025-12-16 07:00,C0|L|MKT|15|v0.3.0-tier0|SPY,675.26,100,67526,-183,-0.27,0,22,0.03,-438,-0.65,4400,4.40,4
3179,Exit long,2025-12-18 08:30,TX60,674.16,100,67343,73,0.11,0,172,0.26,-34,-0.05,4473,4.47,4
3179,Entry long,2025-12-18 07:30,C0|L|MKT|15|v0.3.0-tier0|SPY,673.43,100,67343,73,0.11,0,172,0.26,-34,-0.05,4473,4.47,4
3180,Exit long,2025-12-19 08:00,TX60,675.37,100,67622,-85,-0.13,0,69,0.10,-136,-0.20,4388,4.39,4
3180,Entry long,2025-12-19 07:00,C0|L|MKT|15|v0.3.0-tier0|SPY,676.22,100,67622,-85,-0.13,0,69,0.10,-136,-0.20,4388,4.39,4
3181,Exit long,2025-12-24 08:15,TX60,686.24,100,68540,84,0.12,0,85,0.12,-21,-0.03,4472,4.47,4
3181,Entry long,2025-12-24 07:15,C0|L|MKT|15|v0.3.0-tier0|SPY,685.4,100,68540,84,0.12,0,85,0.12,-21,-0.03,4472,4.47,4
3182,Exit short,2025-12-26 08:15,TX60,686.27,100,68626,-1,0.00,0,26,0.04,-109,-0.16,4471,4.47,4
3182,Entry short,2025-12-26 07:15,C0|S|MKT|15|v0.3.0-tier0|SPY,686.26,100,68626,-1,0.00,0,26,0.04,-109,-0.16,4471,4.47,4
3183,Exit short,2025-12-29 08:15,TX60,683.85,100,68347,-38,-0.06,0,20,0.03,-129,-0.19,4433,4.43,4
3183,Entry short,2025-12-29 07:15,C0|S|MKT|15|v0.3.0-tier0|SPY,683.47,100,68347,-38,-0.06,0,20,0.03,-129,-0.19,4433,4.43,4
3184,Exit long,2025-12-30 08:00,TX60,683.97,100,68445,-48,-0.07,0,8,0.01,-150,-0.22,4385,4.39,4
3184,Entry long,2025-12-30 07:00,C0|L|MKT|15|v0.3.0-tier0|SPY,684.45,100,68445,-48,-0.07,0,8,0.01,-150,-0.22,4385,4.39,4
3185,Exit short,2025-12-31 08:15,TX60,680.93,100,68183,90,0.13,0,126,0.18,-19,-0.03,4475,4.47,4
3185,Entry short,2025-12-31 07:15,C0|S|MKT|15|v0.3.0-tier0|SPY,681.83,100,68183,90,0.13,0,126,0.18,-19,-0.03,4475,4.47,4
3186,Exit long,2026-01-02 08:00,TX60,677.86,100,68257,-471,-0.69,0,67,0.10,-507,-0.74,4004,4.00,4
3186,Entry long,2026-01-02 07:00,C0|L|MKT|15|v0.3.0-tier0|SPY,682.57,100,68257,-471,-0.69,0,67,0.10,-507,-0.74,4004,4.00,4
3187,Exit long,2026-01-05 08:30,TX60,684.99,100,68488,11,0.02,0,35,0.05,-56,-0.08,4015,4.01,4
3187,Entry long,2026-01-05 07:30,C0|L|MKT|15|v0.3.0-tier0|SPY,684.88,100,68488,11,0.02,0,35,0.05,-56,-0.08,4015,4.01,4
3188,Exit long,2026-01-06 08:00,TX60,685.46,100,68643,-97,-0.14,0,78,0.11,-137,-0.20,3918,3.92,4
3188,Entry long,2026-01-06 07:00,C0|L|MKT|15|v0.3.0-tier0|SPY,686.43,100,68643,-97,-0.14,0,78,0.11,-137,-0.20,3918,3.92,4
3189,Exit short,2026-01-07 08:15,TX60,688.93,100,68797,-96,-0.14,0,65,0.09,-119,-0.17,3822,3.82,4
3189,Entry short,2026-01-07 07:15,C0|S|MKT|15|v0.3.0-tier0|SPY,687.97,100,68797,-96,-0.14,0,65,0.09,-119,-0.17,3822,3.82,4
3190,Exit long,2026-01-08 08:15,TX60,685.27,100,68603,-76,-0.11,0,34,0.05,-116,-0.17,3746,3.75,4
3190,Entry long,2026-01-08 07:15,C0|L|MKT|15|v0.3.0-tier0|SPY,686.03,100,68603,-76,-0.11,0,34,0.05,-116,-0.17,3746,3.75,4
3191,Exit long,2026-01-09 08:30,TX60,689.19,100,68947,-28,-0.04,0,51,0.07,-183,-0.27,3718,3.72,4
3191,Entry long,2026-01-09 07:30,C0|L|MKT|15|v0.3.0-tier0|SPY,689.47,100,68947,-28,-0.04,0,51,0.07,-183,-0.27,3718,3.72,4
3192,Exit long,2026-01-12 08:00,TX60,690.24,100,68996,28,0.04,0,43,0.06,-66,-0.10,3746,3.75,4
3192,Entry long,2026-01-12 07:00,C0|L|MKT|15|v0.3.0-tier0|SPY,689.96,100,68996,28,0.04,0,43,0.06,-66,-0.10,3746,3.75,4
3193,Exit short,2026-01-13 08:00,TX60,690.09,100,69057,48,0.07,0,213,0.31,-27,-0.04,3794,3.79,4
3193,Entry short,2026-01-13 07:00,C0|S|MKT|15|v0.3.0-tier0|SPY,690.57,100,69057,48,0.07,0,213,0.31,-27,-0.04,3794,3.79,4
3194,Exit short,2026-01-14 08:00,TX60,683.55,100,68503,148,0.22,0,215,0.31,-216,-0.32,3942,3.94,4
3194,Entry short,2026-01-14 07:00,C0|S|MKT|15|v0.3.0-tier0|SPY,685.03,100,68503,148,0.22,0,215,0.31,-216,-0.32,3942,3.94,4
3195,Exit short,2026-01-16 08:00,TX60,688.19,100,68830,11,0.02,0,185,0.27,-85,-0.12,3953,3.95,4
3195,Entry short,2026-01-16 07:00,C0|S|MKT|15|v0.3.0-tier0|SPY,688.3,100,68830,11,0.02,0,185,0.27,-85,-0.12,3953,3.95,4
3196,Exit long,2026-01-20 08:30,TX60,680.22,100,68024,-2,0.00,0,91,0.13,-128,-0.19,3951,3.95,4
3196,Entry long,2026-01-20 07:30,C0|L|MKT|15|v0.3.0-tier0|SPY,680.24,100,68024,-2,0.00,0,91,0.13,-128,-0.19,3951,3.95,4
3197,Exit long,2026-01-21 08:00,TX60,681.1,100,67887,223,0.33,0,264,0.39,-82,-0.12,4174,4.17,4
3197,Entry long,2026-01-21 07:00,C0|L|MKT|15|v0.3.0-tier0|SPY,678.87,100,67887,223,0.33,0,264,0.39,-82,-0.12,4174,4.17,4
3198,Exit short,2026-01-22 08:00,TX60,684.97,100,68425,-72,-0.11,0,96,0.14,-160,-0.23,4102,4.10,4
3198,Entry short,2026-01-22 07:00,C0|S|MKT|15|v0.3.0-tier0|SPY,684.25,100,68425,-72,-0.11,0,96,0.14,-160,-0.23,4102,4.10,4
3199,Exit long,2026-01-23 08:00,TX60,686.85,100,68520,165,0.24,0,186,0.27,-54,-0.08,4267,4.27,4
3199,Entry long,2026-01-23 07:00,C0|L|MKT|15|v0.3.0-tier0|SPY,685.2,100,68520,165,0.24,0,186,0.27,-54,-0.08,4267,4.27,4
3200,Exit long,2026-01-26 08:15,TX60,689.15,100,68894,21,0.03,0,80,0.12,-37,-0.05,4288,4.29,4
3200,Entry long,2026-01-26 07:15,C0|L|MKT|15|v0.3.0-tier0|SPY,688.94,100,68894,21,0.03,0,80,0.12,-37,-0.05,4288,4.29,4
3201,Exit long,2026-01-27 08:00,TX60,692.32,100,69155,77,0.11,0,91,0.13,-71,-0.10,4365,4.37,4
3201,Entry long,2026-01-27 07:00,C0|L|MKT|15|v0.3.0-tier0|SPY,691.55,100,69155,77,0.11,0,91,0.13,-71,-0.10,4365,4.37,4
3202,Exit short,2026-01-28 08:15,TX60,692.32,100,69244,12,0.02,0,58,0.08,-98,-0.14,4377,4.38,4
3202,Entry short,2026-01-28 07:15,C0|S|MKT|15|v0.3.0-tier0|SPY,692.44,100,69244,12,0.02,0,58,0.08,-98,-0.14,4377,4.38,4
3203,Exit short,2026-01-29 08:00,TX60,682.43,100,68790,547,0.80,0,632,0.92,-8,-0.01,4924,4.92,4
3203,Entry short,2026-01-29 07:00,C0|S|MKT|15|v0.3.0-tier0|SPY,687.9,100,68790,547,0.80,0,632,0.92,-8,-0.01,4924,4.92,4
3204,Exit long,2026-02-02 08:15,TX60,691.41,100,69144,-3,0.00,0,63,0.09,-118,-0.17,4921,4.92,4
3204,Entry long,2026-02-02 07:15,C0|L|MKT|15|v0.3.0-tier0|SPY,691.44,100,69144,-3,0.00,0,63,0.09,-118,-0.17,4921,4.92,4
3205,Exit short,2026-02-03 08:00,TX60,689.5,100,68985,35,0.05,0,270,0.39,-20,-0.03,4956,4.96,4
3205,Entry short,2026-02-03 07:00,C0|S|MKT|15|v0.3.0-tier0|SPY,689.85,100,68985,35,0.05,0,270,0.39,-20,-0.03,4956,4.96,4
3206,Exit short,2026-02-04 08:00,TX60,684.94,100,68452,-42,-0.06,0,163,0.24,-267,-0.39,4914,4.91,4
3206,Entry short,2026-02-04 07:00,C0|S|MKT|15|v0.3.0-tier0|SPY,684.52,100,68452,-42,-0.06,0,163,0.24,-267,-0.39,4914,4.91,4
3207,Exit short,2026-02-05 08:15,TX60,672.32,100,67328,96,0.14,0,106,0.16,-169,-0.25,5010,5.01,4
3207,Entry short,2026-02-05 07:15,C0|S|MKT|15|v0.3.0-tier0|SPY,673.28,100,67328,96,0.14,0,106,0.16,-169,-0.25,5010,5.01,4
3208,Exit long,2026-02-06 08:30,TX60,683.47,100,68203,144,0.21,0,206,0.30,-132,-0.19,5154,5.15,4
3208,Entry long,2026-02-06 07:30,C0|L|MKT|15|v0.3.0-tier0|SPY,682.03,100,68203,144,0.21,0,206,0.30,-132,-0.19,5154,5.15,4
3209,Exit long,2026-02-09 08:15,TX60,690.63,100,68813,250,0.36,0,283,0.41,-8,-0.01,5404,5.40,4
3209,Entry long,2026-02-09 07:15,C0|L|MKT|15|v0.3.0-tier0|SPY,688.13,100,68813,250,0.36,0,283,0.41,-8,-0.01,5404,5.40,4
3210,Exit long,2026-02-10 08:00,TX60,691.72,100,69204,-32,-0.05,0,82,0.12,-100,-0.14,5372,5.37,4
3210,Entry long,2026-02-10 07:00,C0|L|MKT|15|v0.3.0-tier0|SPY,692.04,100,69204,-32,-0.05,0,82,0.12,-100,-0.14,5372,5.37,4
3211,Exit short,2026-02-11 08:00,TX60,688.7,100,69047,177,0.26,0,492,0.71,-62,-0.09,5549,5.55,4
3211,Entry short,2026-02-11 07:00,C0|S|MKT|15|v0.3.0-tier0|SPY,690.47,100,69047,177,0.26,0,492,0.71,-62,-0.09,5549,5.55,4
3212,Exit short,2026-02-12 08:00,TX60,685.03,100,68917,414,0.60,0,423,0.61,-88,-0.13,5963,5.96,4
3212,Entry short,2026-02-12 07:00,C0|S|MKT|15|v0.3.0-tier0|SPY,689.17,100,68917,414,0.60,0,423,0.61,-88,-0.13,5963,5.96,4
3213,Exit long,2026-02-13 08:30,TX60,680.19,100,67934,85,0.13,0,161,0.24,-215,-0.32,6048,6.05,4
3213,Entry long,2026-02-13 07:30,C0|L|MKT|15|v0.3.0-tier0|SPY,679.34,100,67934,85,0.13,0,161,0.24,-215,-0.32,6048,6.05,4
3214,Exit short,2026-02-17 08:00,TX60,675.04,100,67302,-202,-0.30,0,82,0.12,-315,-0.47,5846,5.85,4
3214,Entry short,2026-02-17 07:00,C0|S|MKT|15|v0.3.0-tier0|SPY,673.02,100,67302,-202,-0.30,0,82,0.12,-315,-0.47,5846,5.85,4
3215,Exit long,2026-02-18 08:00,TX60,684.88,100,68254,234,0.34,0,254,0.37,-6,-0.01,6080,6.08,4
3215,Entry long,2026-02-18 07:00,C0|L|MKT|15|v0.3.0-tier0|SPY,682.54,100,68254,234,0.34,0,254,0.37,-6,-0.01,6080,6.08,4
3216,Exit long,2026-02-19 08:00,TX60,681.7,100,68138,32,0.05,0,117,0.17,-126,-0.18,6112,6.11,4
3216,Entry long,2026-02-19 07:00,C0|L|MKT|15|v0.3.0-tier0|SPY,681.38,100,68138,32,0.05,0,117,0.17,-126,-0.18,6112,6.11,4
3217,Exit long,2026-02-20 08:15,TX60,684.47,100,68182,265,0.39,0,376,0.55,-124,-0.18,6377,6.38,4
3217,Entry long,2026-02-20 07:15,C0|L|MKT|15|v0.3.0-tier0|SPY,681.82,100,68182,265,0.39,0,376,0.55,-124,-0.18,6377,6.38,4
3218,Exit short,2026-02-23 08:00,TX60,678.65,100,68285,420,0.62,0,427,0.63,-75,-0.11,6797,6.80,4
3218,Entry short,2026-02-23 07:00,C0|S|MKT|15|v0.3.0-tier0|SPY,682.85,100,68285,420,0.62,0,427,0.63,-75,-0.11,6797,6.80,4
3219,Exit long,2026-02-24 08:30,TX60,682.46,100,68268,-22,-0.03,0,56,0.08,-112,-0.16,6775,6.78,4
3219,Entry long,2026-02-24 07:30,C0|L|MKT|15|v0.3.0-tier0|SPY,682.68,100,68268,-22,-0.03,0,56,0.08,-112,-0.16,6775,6.78,4
3220,Exit short,2026-02-26 08:00,TX60,684.09,100,68700,291,0.42,0,627,0.91,-37,-0.05,7066,7.07,4
3220,Entry short,2026-02-26 07:00,C0|S|MKT|15|v0.3.0-tier0|SPY,687,100,68700,291,0.42,0,627,0.91,-37,-0.05,7066,7.07,4
3221,Exit long,2026-02-27 08:15,TX60,681.88,100,68101,87,0.13,0,140,0.21,-99,-0.15,7153,7.15,4
3221,Entry long,2026-02-27 07:15,C0|L|MKT|15|v0.3.0-tier0|SPY,681.01,100,68101,87,0.13,0,140,0.21,-99,-0.15,7153,7.15,4
3222,Exit long,2026-03-02 08:00,TX60,680.57,100,67928,129,0.19,0,246,0.36,-92,-0.14,7282,7.28,4
3222,Entry long,2026-03-02 07:00,C0|L|MKT|15|v0.3.0-tier0|SPY,679.28,100,67928,129,0.19,0,246,0.36,-92,-0.14,7282,7.28,4
3223,Exit short,2026-03-03 08:00,TX60,668.41,100,66881,40,0.06,0,269,0.40,-156,-0.23,7322,7.32,4
3223,Entry short,2026-03-03 07:00,C0|S|MKT|15|v0.3.0-tier0|SPY,668.81,100,66881,40,0.06,0,269,0.40,-156,-0.23,7322,7.32,4
3224,Exit long,2026-03-04 08:30,TX60,681.56,100,68252,-96,-0.14,0,49,0.07,-225,-0.33,7226,7.23,4
3224,Entry long,2026-03-04 07:30,C0|L|MKT|15|v0.3.0-tier0|SPY,682.52,100,68252,-96,-0.14,0,49,0.07,-225,-0.33,7226,7.23,4
3225,Exit long,2026-03-05 08:00,TX60,678.5,100,68147,-297,-0.44,0,43,0.06,-574,-0.84,6929,6.93,4
3225,Entry long,2026-03-05 07:00,C0|L|MKT|15|v0.3.0-tier0|SPY,681.47,100,68147,-297,-0.44,0,43,0.06,-574,-0.84,6929,6.93,4
3226,Exit long,2026-03-06 08:30,TX60,670.87,100,67059,28,0.04,0,185,0.28,-168,-0.25,6957,6.96,4
3226,Entry long,2026-03-06 07:30,C0|L|MKT|15|v0.3.0-tier0|SPY,670.59,100,67059,28,0.04,0,185,0.28,-168,-0.25,6957,6.96,4
3227,Exit short,2026-03-09 08:15,TX60,665.25,100,65968,-557,-0.84,0,33,0.05,-561,-0.85,6400,6.40,4
3227,Entry short,2026-03-09 07:15,C0|S|MKT|15|v0.3.0-tier0|SPY,659.68,100,65968,-557,-0.84,0,33,0.05,-561,-0.85,6400,6.40,4
3228,Exit short,2026-03-10 08:15,TX60,676.82,100,67196,-486,-0.72,0,70,0.10,-613,-0.91,5914,5.91,4
3228,Entry short,2026-03-10 07:15,C0|S|MKT|15|v0.3.0-tier0|SPY,671.96,100,67196,-486,-0.72,0,70,0.10,-613,-0.91,5914,5.91,4
3229,Exit short,2026-03-11 08:30,TX60,671.14,100,67256,142,0.21,0,153,0.23,-249,-0.37,6056,6.06,4
3229,Entry short,2026-03-11 07:30,C0|S|MKT|15|v0.3.0-tier0|SPY,672.56,100,67256,142,0.21,0,153,0.23,-249,-0.37,6056,6.06,4
3230,Exit short,2026-03-12 08:00,TX60,664.99,100,66533,34,0.05,0,156,0.23,-232,-0.35,6090,6.09,4
3230,Entry short,2026-03-12 07:00,C0|S|MKT|15|v0.3.0-tier0|SPY,665.33,100,66533,34,0.05,0,156,0.23,-232,-0.35,6090,6.09,4
3231,Exit short,2026-03-13 08:15,TX60,663.33,100,66532,199,0.30,0,429,0.64,-137,-0.21,6289,6.29,4
3231,Entry short,2026-03-13 07:15,C0|S|MKT|15|v0.3.0-tier0|SPY,665.32,100,66532,199,0.30,0,429,0.64,-137,-0.21,6289,6.29,4
3232,Exit long,2026-03-16 08:00,TX60,666.3,100,66728,-98,-0.15,0,57,0.09,-322,-0.48,6191,6.19,4
3232,Entry long,2026-03-16 07:00,C0|L|MKT|15|v0.3.0-tier0|SPY,667.28,100,66728,-98,-0.15,0,57,0.09,-322,-0.48,6191,6.19,4
3233,Exit short,2026-03-18 08:15,TX60,663.98,100,66363,-35,-0.05,0,149,0.22,-84,-0.13,6156,6.16,4
3233,Entry short,2026-03-18 07:15,C0|S|MKT|15|v0.3.0-tier0|SPY,663.63,100,66363,-35,-0.05,0,149,0.22,-84,-0.13,6156,6.16,4
3234,Exit long,2026-03-19 08:00,TX60,654.3,100,65517,-87,-0.13,0,81,0.12,-260,-0.40,6069,6.07,4
3234,Entry long,2026-03-19 07:00,C0|L|MKT|15|v0.3.0-tier0|SPY,655.17,100,65517,-87,-0.13,0,81,0.12,-260,-0.40,6069,6.07,4
3235,Exit short,2026-03-20 08:00,TX60,650.43,100,65146,103,0.16,0,193,0.30,-68,-0.10,6172,6.17,4
3235,Entry short,2026-03-20 07:00,C0|S|MKT|15|v0.3.0-tier0|SPY,651.46,100,65146,103,0.16,0,193,0.30,-68,-0.10,6172,6.17,4
3236,Exit long,2026-03-23 08:00,TX60,659.37,100,65849,88,0.13,0,208,0.32,-154,-0.23,6260,6.26,4
3236,Entry long,2026-03-23 07:00,C0|L|MKT|15|v0.3.0-tier0|SPY,658.49,100,65849,88,0.13,0,208,0.32,-154,-0.23,6260,6.26,4
3237,Exit short,2026-03-25 08:00,TX60,657,100,65486,-214,-0.33,0,87,0.13,-394,-0.60,6046,6.05,4
3237,Entry short,2026-03-25 07:00,C0|S|MKT|15|v0.3.0-tier0|SPY,654.86,100,65486,-214,-0.33,0,87,0.13,-394,-0.60,6046,6.05,4
3238,Exit long,2026-03-26 08:00,TX60,650.54,100,65278,-224,-0.34,0,39,0.06,-363,-0.56,5822,5.82,4
3238,Entry long,2026-03-26 07:00,C0|L|MKT|15|v0.3.0-tier0|SPY,652.78,100,65278,-224,-0.34,0,39,0.06,-363,-0.56,5822,5.82,4
3239,Exit short,2026-03-27 08:00,TX60,638.58,100,63737,-121,-0.19,0,71,0.11,-180,-0.28,5701,5.70,4
3239,Entry short,2026-03-27 07:00,C0|S|MKT|15|v0.3.0-tier0|SPY,637.37,100,63737,-121,-0.19,0,71,0.11,-180,-0.28,5701,5.70,4
3240,Exit short,2026-03-30 08:00,TX60,635.86,100,63342,-244,-0.39,0,32,0.05,-252,-0.40,5457,5.46,4
3240,Entry short,2026-03-30 07:00,C0|S|MKT|15|v0.3.0-tier0|SPY,633.42,100,63342,-244,-0.39,0,32,0.05,-252,-0.40,5457,5.46,4
3241,Exit long,2026-03-31 08:00,TX60,637.05,100,64096,-391,-0.61,0,34,0.05,-462,-0.72,5066,5.07,4
3241,Entry long,2026-03-31 07:00,C0|L|MKT|15|v0.3.0-tier0|SPY,640.96,100,64096,-391,-0.61,0,34,0.05,-462,-0.72,5066,5.07,4
3242,Exit long,2026-04-02 08:00,TX60,653.73,100,64796,577,0.89,0,855,1.32,-108,-0.17,5643,5.64,4
3242,Entry long,2026-04-02 07:00,C0|L|MKT|15|v0.3.0-tier0|SPY,647.96,100,64796,577,0.89,0,855,1.32,-108,-0.17,5643,5.64,4
3243,Exit long,2026-04-06 08:00,TX60,655.82,100,65681,-99,-0.15,0,122,0.19,-245,-0.37,5544,5.54,4
3243,Entry long,2026-04-06 07:00,C0|L|MKT|15|v0.3.0-tier0|SPY,656.81,100,65681,-99,-0.15,0,122,0.19,-245,-0.37,5544,5.54,4
3244,Exit short,2026-04-07 08:00,TX60,650.91,100,65239,148,0.23,0,213,0.33,-127,-0.19,5692,5.69,4
3244,Entry short,2026-04-07 07:00,C0|S|MKT|15|v0.3.0-tier0|SPY,652.39,100,65239,148,0.23,0,213,0.33,-127,-0.19,5692,5.69,4
3245,Exit short,2026-04-08 08:00,TX60,671.15,100,67290,175,0.26,0,313,0.47,-63,-0.09,5867,5.87,4
3245,Entry short,2026-04-08 07:00,C0|S|MKT|15|v0.3.0-tier0|SPY,672.9,100,67290,175,0.26,0,313,0.47,-63,-0.09,5867,5.87,4
3246,Exit short,2026-04-09 08:30,TX60,674.16,100,67253,-163,-0.24,0,49,0.07,-227,-0.34,5704,5.70,4
3246,Entry short,2026-04-09 07:30,C0|S|MKT|15|v0.3.0-tier0|SPY,672.53,100,67253,-163,-0.24,0,49,0.07,-227,-0.34,5704,5.70,4
3247,Exit long,2026-04-13 08:00,TX60,678.78,100,67799,79,0.12,0,92,0.14,-133,-0.20,5783,5.78,4
3247,Entry long,2026-04-13 07:00,C0|L|MKT|15|v0.3.0-tier0|SPY,677.99,100,67799,79,0.12,0,92,0.14,-133,-0.20,5783,5.78,4
3248,Exit long,2026-04-14 08:15,TX60,689.2,100,68911,9,0.01,0,78,0.11,-29,-0.04,5792,5.79,4
3248,Entry long,2026-04-14 07:15,C0|L|MKT|15|v0.3.0-tier0|SPY,689.11,100,68911,9,0.01,0,78,0.11,-29,-0.04,5792,5.79,4
3249,Exit long,2026-04-15 08:30,TX60,695.58,100,69513,45,0.06,0,64,0.09,-98,-0.14,5837,5.84,4
3249,Entry long,2026-04-15 07:30,C0|L|MKT|15|v0.3.0-tier0|SPY,695.13,100,69513,45,0.06,0,64,0.09,-98,-0.14,5837,5.84,4
3250,Exit short,2026-04-16 08:00,TX60,698.13,100,69767,-46,-0.07,0,80,0.11,-74,-0.11,5791,5.79,4
3250,Entry short,2026-04-16 07:00,C0|S|MKT|15|v0.3.0-tier0|SPY,697.67,100,69767,-46,-0.07,0,80,0.11,-74,-0.11,5791,5.79,4
3251,Exit long,2026-04-17 08:00,TX60,708.67,100,70653,214,0.30,0,297,0.42,-20,-0.03,6005,6.01,4
3251,Entry long,2026-04-17 07:00,C0|L|MKT|15|v0.3.0-tier0|SPY,706.53,100,70653,214,0.30,0,297,0.42,-20,-0.03,6005,6.01,4
3252,Exit long,2026-04-20 08:00,TX60,705.34,100,70786,-252,-0.36,0,4,0.01,-322,-0.45,5753,5.75,4
3252,Entry long,2026-04-20 07:00,C0|L|MKT|15|v0.3.0-tier0|SPY,707.86,100,70786,-252,-0.36,0,4,0.01,-322,-0.45,5753,5.75,4
3253,Exit long,2026-04-21 08:00,TX60,705.77,100,70894,-317,-0.45,0,50,0.07,-329,-0.46,5436,5.44,4
3253,Entry long,2026-04-21 07:00,C0|L|MKT|15|v0.3.0-tier0|SPY,708.94,100,70894,-317,-0.45,0,50,0.07,-329,-0.46,5436,5.44,4
3254,Exit long,2026-04-22 08:00,TX60,708.22,100,70757,65,0.09,0,130,0.18,-62,-0.09,5501,5.50,4
3254,Entry long,2026-04-22 07:00,C0|L|MKT|15|v0.3.0-tier0|SPY,707.57,100,70757,65,0.09,0,130,0.18,-62,-0.09,5501,5.50,4
3255,Exit long,2026-04-29 08:30,TX60,709.09,100,70966,-57,-0.08,0,70,0.10,-137,-0.19,5444,5.44,4
3255,Entry long,2026-04-29 07:30,C0|L|MKT|15|v0.3.0-tier0|SPY,709.66,100,70966,-57,-0.08,0,70,0.10,-137,-0.19,5444,5.44,4
3256,Exit short,2026-04-30 08:00,TX60,712.06,100,70948,-258,-0.36,0,86,0.12,-283,-0.40,5186,5.19,4
3256,Entry short,2026-04-30 07:00,C0|S|MKT|15|v0.3.0-tier0|SPY,709.48,100,70948,-258,-0.36,0,86,0.12,-283,-0.40,5186,5.19,4
3257,Exit long,2026-05-01 08:00,TX60,720.86,100,72236,-150,-0.21,0,65,0.09,-191,-0.26,5036,5.04,4
3257,Entry long,2026-05-01 07:00,C0|L|MKT|15|v0.3.0-tier0|SPY,722.36,100,72236,-150,-0.21,0,65,0.09,-191,-0.26,5036,5.04,4
3258,Exit long,2026-05-04 08:00,TX60,719.05,100,71895,10,0.01,0,131,0.18,-92,-0.13,5046,5.05,4
3258,Entry long,2026-05-04 07:00,C0|L|MKT|15|v0.3.0-tier0|SPY,718.95,100,71895,10,0.01,0,131,0.18,-92,-0.13,5046,5.05,4
3259,Exit long,2026-05-05 08:00,TX60,721.29,100,72069,60,0.08,0,111,0.15,-75,-0.10,5106,5.11,4
3259,Entry long,2026-05-05 07:00,C0|L|MKT|15|v0.3.0-tier0|SPY,720.69,100,72069,60,0.08,0,111,0.15,-75,-0.10,5106,5.11,4
3260,Exit long,2026-05-06 08:00,TX60,730.28,100,72783,245,0.34,0,249,0.34,-99,-0.14,5351,5.35,4
3260,Entry long,2026-05-06 07:00,C0|L|MKT|15|v0.3.0-tier0|SPY,727.83,100,72783,245,0.34,0,249,0.34,-99,-0.14,5351,5.35,4
3261,Exit short,2026-05-07 08:00,TX60,734.19,100,73205,-214,-0.29,0,5,0.01,-217,-0.30,5137,5.14,4
3261,Entry short,2026-05-07 07:00,C0|S|MKT|15|v0.3.0-tier0|SPY,732.05,100,73205,-214,-0.29,0,5,0.01,-217,-0.30,5137,5.14,4
3262,Exit long,2026-05-08 08:00,TX60,735.16,100,73472,44,0.06,0,94,0.13,-50,-0.07,5181,5.18,4
3262,Entry long,2026-05-08 07:00,C0|L|MKT|15|v0.3.0-tier0|SPY,734.72,100,73472,44,0.06,0,94,0.13,-50,-0.07,5181,5.18,4
3263,Exit long,2026-05-11 08:00,TX60,737.76,100,73678,98,0.13,0,126,0.17,-108,-0.15,5279,5.28,4
3263,Entry long,2026-05-11 07:00,C0|L|MKT|15|v0.3.0-tier0|SPY,736.78,100,73678,98,0.13,0,126,0.17,-108,-0.15,5279,5.28,4
3264,Exit short,2026-05-12 08:00,TX60,731.89,100,73322,133,0.18,0,156,0.21,-125,-0.17,5412,5.41,4
3264,Entry short,2026-05-12 07:00,C0|S|MKT|15|v0.3.0-tier0|SPY,733.22,100,73322,133,0.18,0,156,0.21,-125,-0.17,5412,5.41,4
3265,Exit long,2026-05-14 08:30,TX60,746.6,100,74403,257,0.35,0,285,0.38,-19,-0.03,5669,5.67,4
3265,Entry long,2026-05-14 07:30,C0|L|MKT|15|v0.3.0-tier0|SPY,744.03,100,74403,257,0.35,0,285,0.38,-19,-0.03,5669,5.67,4
3266,Exit long,2026-05-18 08:00,TX60,736.43,100,73865,-222,-0.30,0,25,0.03,-410,-0.56,5447,5.45,4
3266,Entry long,2026-05-18 07:00,C0|L|MKT|15|v0.3.0-tier0|SPY,738.65,100,73865,-222,-0.30,0,25,0.03,-410,-0.56,5447,5.45,4
3267,Exit short,2026-05-19 08:15,TX60,731.68,100,73104,-64,-0.09,0,138,0.19,-78,-0.11,5383,5.38,4
3267,Entry short,2026-05-19 07:15,C0|S|MKT|15|v0.3.0-tier0|SPY,731.04,100,73104,-64,-0.09,0,138,0.19,-78,-0.11,5383,5.38,4
3268,Exit long,2026-05-20 08:30,TX60,737.4,100,73603,137,0.19,0,393,0.53,-48,-0.07,5520,5.52,4
3268,Entry long,2026-05-20 07:30,C0|L|MKT|15|v0.3.0-tier0|SPY,736.03,100,73603,137,0.19,0,393,0.53,-48,-0.07,5520,5.52,4
3269,Exit long,2026-05-21 08:00,TX60,737.05,100,73789,-84,-0.11,0,82,0.11,-234,-0.32,5436,5.44,4
3269,Entry long,2026-05-21 07:00,C0|L|MKT|15|v0.3.0-tier0|SPY,737.89,100,73789,-84,-0.11,0,82,0.11,-234,-0.32,5436,5.44,4
3270,Exit short,2026-05-22 08:15,TX60,745.11,100,74362,-149,-0.20,0,104,0.14,-159,-0.21,5287,5.29,4
3270,Entry short,2026-05-22 07:15,C0|S|MKT|15|v0.3.0-tier0|SPY,743.62,100,74362,-149,-0.20,0,104,0.14,-159,-0.21,5287,5.29,4
3271,Exit long,2026-05-26 08:00,TX60,749.48,100,74885,63,0.08,0,134,0.18,-24,-0.03,5350,5.35,4
3271,Entry long,2026-05-26 07:00,C0|L|MKT|15|v0.3.0-tier0|SPY,748.85,100,74885,63,0.08,0,134,0.18,-24,-0.03,5350,5.35,4
3272,Exit long,2026-05-28 08:15,TX60,751.38,100,75108,30,0.04,0,91,0.12,-128,-0.17,5380,5.38,4
3272,Entry long,2026-05-28 07:15,C0|L|MKT|15|v0.3.0-tier0|SPY,751.08,100,75108,30,0.04,0,91,0.12,-128,-0.17,5380,5.38,4
3273,Exit long,2026-05-29 08:00,TX60,754.14,100,75587,-173,-0.23,0,26,0.03,-310,-0.41,5207,5.21,4
3273,Entry long,2026-05-29 07:00,C0|L|MKT|15|v0.3.0-tier0|SPY,755.87,100,75587,-173,-0.23,0,26,0.03,-310,-0.41,5207,5.21,4
3274,Exit long,2026-06-02 08:15,TX60,758.03,100,75625,178,0.24,0,201,0.27,-66,-0.09,5385,5.39,4
3274,Entry long,2026-06-02 07:15,C0|L|MKT|15|v0.3.0-tier0|SPY,756.25,100,75625,178,0.24,0,201,0.27,-66,-0.09,5385,5.39,4
3275,Exit short,2026-06-03 08:00,TX60,754.22,100,75397,-25,-0.03,0,21,0.03,-109,-0.14,5360,5.36,4
3275,Entry short,2026-06-03 07:00,C0|S|MKT|15|v0.3.0-tier0|SPY,753.97,100,75397,-25,-0.03,0,21,0.03,-109,-0.14,5360,5.36,4
3276,Exit long,2026-06-04 08:30,TX60,753.93,100,75207,186,0.25,0,196,0.26,-62,-0.08,5546,5.55,4
3276,Entry long,2026-06-04 07:30,C0|L|MKT|15|v0.3.0-tier0|SPY,752.07,100,75207,186,0.25,0,196,0.26,-62,-0.08,5546,5.55,4
3277,Exit short,2026-06-05 08:00,TX60,747.96,100,74683,-113,-0.15,0,52,0.07,-220,-0.29,5433,5.43,4
3277,Entry short,2026-06-05 07:00,C0|S|MKT|15|v0.3.0-tier0|SPY,746.83,100,74683,-113,-0.15,0,52,0.07,-220,-0.29,5433,5.43,4
3278,Exit short,2026-06-08 08:00,TX60,743.08,100,73890,-418,-0.57,0,18,0.02,-419,-0.57,5015,5.01,4
3278,Entry short,2026-06-08 07:00,C0|S|MKT|15|v0.3.0-tier0|SPY,738.9,100,73890,-418,-0.57,0,18,0.02,-419,-0.57,5015,5.01,4
3279,Exit short,2026-06-09 08:15,TX60,735.62,100,73964,402,0.54,0,687,0.93,-64,-0.09,5417,5.42,4
3279,Entry short,2026-06-09 07:15,C0|S|MKT|15|v0.3.0-tier0|SPY,739.64,100,73964,402,0.54,0,687,0.93,-64,-0.09,5417,5.42,4
3280,Exit long,2026-06-10 08:15,TX60,728.81,100,73481,-600,-0.82,0,167,0.23,-607,-0.83,4817,4.82,4
3280,Entry long,2026-06-10 07:15,C0|L|MKT|15|v0.3.0-tier0|SPY,734.81,100,73481,-600,-0.82,0,167,0.23,-607,-0.83,4817,4.82,4
3281,Exit long,2026-06-11 08:00,TX60,723.72,100,72789,-417,-0.57,0,180,0.25,-464,-0.64,4400,4.40,4
3281,Entry long,2026-06-11 07:00,C0|L|MKT|15|v0.3.0-tier0|SPY,727.89,100,72789,-417,-0.57,0,180,0.25,-464,-0.64,4400,4.40,4
3282,Exit long,2026-06-15 08:30,TX60,753.2,100,75171,149,0.20,0,158,0.21,-68,-0.09,4549,4.55,4
3282,Entry long,2026-06-15 07:30,C0|L|MKT|15|v0.3.0-tier0|SPY,751.71,100,75171,149,0.20,0,158,0.21,-68,-0.09,4549,4.55,4
3283,Exit short,2026-06-16 08:00,TX60,751.01,100,75217,116,0.15,0,183,0.24,-108,-0.14,4665,4.67,4
3283,Entry short,2026-06-16 07:00,C0|S|MKT|15|v0.3.0-tier0|SPY,752.17,100,75217,116,0.15,0,183,0.24,-108,-0.14,4665,4.67,4
3284,Exit short,2026-06-17 08:00,TX60,747.14,100,74793,79,0.11,0,198,0.26,-228,-0.30,4744,4.74,4
3284,Entry short,2026-06-17 07:00,C0|S|MKT|15|v0.3.0-tier0|SPY,747.93,100,74793,79,0.11,0,198,0.26,-228,-0.30,4744,4.74,4
3285,Exit short,2026-06-22 08:30,TX60,744.38,100,74651,213,0.29,0,335,0.45,-8,-0.01,4957,4.96,4
3285,Entry short,2026-06-22 07:30,C0|S|MKT|15|v0.3.0-tier0|SPY,746.51,100,74651,213,0.29,0,335,0.45,-8,-0.01,4957,4.96,4
3286,Exit long,2026-06-23 08:00,TX60,737.05,100,73715,-10,-0.01,0,248,0.34,-66,-0.09,4947,4.95,4
3286,Entry long,2026-06-23 07:00,C0|L|MKT|15|v0.3.0-tier0|SPY,737.15,100,73715,-10,-0.01,0,248,0.34,-66,-0.09,4947,4.95,4
3287,Exit short,2026-06-25 08:00,TX60,735.26,100,72985,-541,-0.74,0,22,0.03,-796,-1.09,4406,4.41,4
3287,Entry short,2026-06-25 07:00,C0|S|MKT|15|v0.3.0-tier0|SPY,729.85,100,72985,-541,-0.74,0,22,0.03,-796,-1.09,4406,4.41,4
3288,Exit long,2026-06-26 08:00,TX60,732.49,100,73088,161,0.22,0,335,0.46,-24,-0.03,4567,4.57,4
3288,Entry long,2026-06-26 07:00,C0|L|MKT|15|v0.3.0-tier0|SPY,730.88,100,73088,161,0.22,0,335,0.46,-24,-0.03,4567,4.57,4
3289,Exit short,2026-06-29 08:15,TX60,737.5,100,73270,-480,-0.66,0,61,0.08,-562,-0.77,4087,4.09,4
3289,Entry short,2026-06-29 07:15,C0|S|MKT|15|v0.3.0-tier0|SPY,732.7,100,73270,-480,-0.66,0,61,0.08,-562,-0.77,4087,4.09,4
3290,Exit long,2026-06-30 08:00,TX60,743.33,100,74392,-59,-0.08,0,143,0.19,-106,-0.14,4028,4.03,4
3290,Entry long,2026-06-30 07:00,C0|L|MKT|15|v0.3.0-tier0|SPY,743.92,100,74392,-59,-0.08,0,143,0.19,-106,-0.14,4028,4.03,4
3291,Exit long,2026-07-01 08:00,TX60,746.98,100,74534,164,0.22,0,176,0.24,-34,-0.05,4192,4.19,4
3291,Entry long,2026-07-01 07:00,C0|L|MKT|15|v0.3.0-tier0|SPY,745.34,100,74534,164,0.22,0,176,0.24,-34,-0.05,4192,4.19,4
3292,Exit long,2026-07-02 08:00,TX60,747.66,100,75078,-312,-0.42,0,46,0.06,-475,-0.63,3880,3.88,4
3292,Entry long,2026-07-02 07:00,C0|L|MKT|15|v0.3.0-tier0|SPY,750.78,100,75078,-312,-0.42,0,46,0.06,-475,-0.63,3880,3.88,4
3293,Exit long,2026-07-06 08:30,TX60,750.78,100,74996,82,0.11,0,85,0.11,-86,-0.11,3962,3.96,4
3293,Entry long,2026-07-06 07:30,C0|L|MKT|15|v0.3.0-tier0|SPY,749.96,100,74996,82,0.11,0,85,0.11,-86,-0.11,3962,3.96,4
3294,Exit short,2026-07-07 08:00,TX60,746.48,100,74882,234,0.31,0,361,0.48,-38,-0.05,4196,4.20,4
3294,Entry short,2026-07-07 07:00,C0|S|MKT|15|v0.3.0-tier0|SPY,748.82,100,74882,234,0.31,0,361,0.48,-38,-0.05,4196,4.20,4
3295,Exit long,2026-07-09 08:00,TX60,748.74,100,74869,5,0.01,0,33,0.04,-310,-0.41,4201,4.20,4
3295,Entry long,2026-07-09 07:00,C0|L|MKT|15|v0.3.0-tier0|SPY,748.69,100,74869,5,0.01,0,33,0.04,-310,-0.41,4201,4.20,4
3296,Exit long,2026-07-16 08:30,TX60,753.85,100,75432,-47,-0.06,0,25,0.03,-134,-0.18,4154,4.15,4
3296,Entry long,2026-07-16 07:30,C0|L|MKT|15|v0.3.0-tier0|SPY,754.32,100,75432,-47,-0.06,0,25,0.03,-134,-0.18,4154,4.15,4
3297,Exit long,2026-07-17 08:00,TX60,745.06,100,74484,22,0.03,0,243,0.33,-14,-0.02,4176,4.18,4
3297,Entry long,2026-07-17 07:00,C0|L|MKT|15|v0.3.0-tier0|SPY,744.84,100,74484,22,0.03,0,243,0.33,-14,-0.02,4176,4.18,4
3298,Exit short,2026-07-20 08:00,TX60,744.12,100,74571,159,0.21,0,202,0.27,-65,-0.09,4335,4.34,4
3298,Entry short,2026-07-20 07:00,C0|S|MKT|15|v0.3.0-tier0|SPY,745.71,100,74571,159,0.21,0,202,0.27,-65,-0.09,4335,4.34,4
3299,Exit long,2026-07-21 08:30,TX60,747.98,100,74685,113,0.15,0,116,0.16,-107,-0.14,4448,4.45,4
3299,Entry long,2026-07-21 07:30,C0|L|MKT|15|v0.3.0-tier0|SPY,746.85,100,74685,113,0.15,0,116,0.16,-107,-0.14,4448,4.45,4
3300,Exit long,2026-07-22 08:00,TX60,747.98,100,74877,-79,-0.11,0,61,0.08,-208,-0.28,4369,4.37,4
3300,Entry long,2026-07-22 07:00,C0|L|MKT|15|v0.3.0-tier0|SPY,748.77,100,74877,-79,-0.11,0,61,0.08,-208,-0.28,4369,4.37,4