Trade number,Type,Date and time,Signal,Price USD,Size (qty),Size (value),Net PnL USD,Return %,Commission USD,Favorable excursion USD,Favorable excursion %,Adverse excursion USD,Adverse excursion %,Cumulative PnL USD,Cumulative PnL %,Duration (bars)
1,Exit long,2010-01-19 07:15,TX15,85.46,100,8524,22,0.26,0,22,0.26,-1,-0.01,22,0.02,1
1,Entry long,2010-01-19 07:00,C0|L|MKT|15|v0.3.0-tier0|SPY,85.24,100,8524,22,0.26,0,22,0.26,-1,-0.01,22,0.02,1
2,Exit short,2010-01-20 07:30,TX15,84.66,100,8485,19,0.22,0,19,0.22,-7,-0.08,41,0.04,1
2,Entry short,2010-01-20 07:15,C0|S|MKT|15|v0.3.0-tier0|SPY,84.85,100,8485,19,0.22,0,19,0.22,-7,-0.08,41,0.04,1
3,Exit short,2010-01-21 07:15,TX15,85,100,8497,-3,-0.04,0,15,0.18,-21,-0.25,38,0.04,1
3,Entry short,2010-01-21 07:00,C0|S|MKT|15|v0.3.0-tier0|SPY,84.97,100,8497,-3,-0.04,0,15,0.18,-21,-0.25,38,0.04,1
4,Exit short,2010-01-22 07:30,TX15,82.97,100,8268,-29,-0.35,0,17,0.21,-30,-0.36,9,0.01,1
4,Entry short,2010-01-22 07:15,C0|S|MKT|15|v0.3.0-tier0|SPY,82.68,100,8268,-29,-0.35,0,17,0.21,-30,-0.36,9,0.01,1
5,Exit short,2010-01-25 07:30,TX15,82.14,100,8185,-29,-0.35,0,0,0.00,-38,-0.46,-20,-0.02,1
5,Entry short,2010-01-25 07:15,C0|S|MKT|15|v0.3.0-tier0|SPY,81.85,100,8185,-29,-0.35,0,0,0.00,-38,-0.46,-20,-0.02,1
6,Exit long,2010-01-26 07:30,TX15,81.95,100,8204,-9,-0.11,0,10,0.12,-13,-0.16,-29,-0.03,1
6,Entry long,2010-01-26 07:15,C0|L|MKT|15|v0.3.0-tier0|SPY,82.04,100,8204,-9,-0.11,0,10,0.12,-13,-0.16,-29,-0.03,1
7,Exit short,2010-01-28 07:30,TX15,81.5,100,8149,-1,-0.01,0,13,0.16,-7,-0.09,-30,-0.03,1
7,Entry short,2010-01-28 07:15,C0|S|MKT|15|v0.3.0-tier0|SPY,81.49,100,8149,-1,-0.01,0,13,0.16,-7,-0.09,-30,-0.03,1
8,Exit long,2010-01-29 07:15,TX15,81.47,100,8159,-12,-0.15,0,2,0.02,-23,-0.28,-42,-0.04,1
8,Entry long,2010-01-29 07:00,C0|L|MKT|15|v0.3.0-tier0|SPY,81.59,100,8159,-12,-0.15,0,2,0.02,-23,-0.28,-42,-0.04,1
9,Exit long,2010-02-01 07:30,TX15,81.06,100,8100,6,0.07,0,19,0.23,-2,-0.02,-36,-0.04,1
9,Entry long,2010-02-01 07:15,C0|L|MKT|15|v0.3.0-tier0|SPY,81,100,8100,6,0.07,0,19,0.23,-2,-0.02,-36,-0.04,1
10,Exit long,2010-02-02 07:45,TX15,81.98,100,8188,10,0.12,0,21,0.26,0,0.00,-26,-0.03,1
10,Entry long,2010-02-02 07:30,C0|L|MKT|15|v0.3.0-tier0|SPY,81.88,100,8188,10,0.12,0,21,0.26,0,0.00,-26,-0.03,1
11,Exit long,2010-02-03 07:15,TX15,82.29,100,8236,-7,-0.08,0,0,0.00,-18,-0.22,-33,-0.03,1
11,Entry long,2010-02-03 07:00,C0|L|MKT|15|v0.3.0-tier0|SPY,82.36,100,8236,-7,-0.08,0,0,0.00,-18,-0.22,-33,-0.03,1
12,Exit short,2010-02-04 07:15,TX15,80.36,100,8057,21,0.26,0,26,0.32,-16,-0.20,-12,-0.01,1
12,Entry short,2010-02-04 07:00,C0|S|MKT|15|v0.3.0-tier0|SPY,80.57,100,8057,21,0.26,0,26,0.32,-16,-0.20,-12,-0.01,1
13,Exit short,2010-02-05 07:15,TX15,79.03,100,7910,7,0.09,0,22,0.28,-12,-0.15,-5,0.00,1
13,Entry short,2010-02-05 07:00,C0|S|MKT|15|v0.3.0-tier0|SPY,79.1,100,7910,7,0.09,0,22,0.28,-12,-0.15,-5,0.00,1
14,Exit long,2010-02-08 07:30,TX15,79.64,100,7970,-6,-0.08,0,8,0.10,-22,-0.28,-11,-0.01,1
14,Entry long,2010-02-08 07:15,C0|L|MKT|15|v0.3.0-tier0|SPY,79.7,100,7970,-6,-0.08,0,8,0.10,-22,-0.28,-11,-0.01,1
15,Exit short,2010-02-10 07:30,TX15,79.33,100,7942,9,0.11,0,21,0.26,-7,-0.09,-2,0.00,1
15,Entry short,2010-02-10 07:15,C0|S|MKT|15|v0.3.0-tier0|SPY,79.42,100,7942,9,0.11,0,21,0.26,-7,-0.09,-2,0.00,1
16,Exit long,2010-02-11 07:45,TX15,79.65,100,7986,-21,-0.26,0,1,0.01,-27,-0.34,-23,-0.02,1
16,Entry long,2010-02-11 07:30,C0|L|MKT|15|v0.3.0-tier0|SPY,79.86,100,7986,-21,-0.26,0,1,0.01,-27,-0.34,-23,-0.02,1
17,Exit long,2010-02-12 07:45,TX15,79.72,100,7992,-20,-0.25,0,9,0.11,-28,-0.35,-43,-0.04,1
17,Entry long,2010-02-12 07:30,C0|L|MKT|15|v0.3.0-tier0|SPY,79.92,100,7992,-20,-0.25,0,9,0.11,-28,-0.35,-43,-0.04,1
18,Exit long,2010-02-18 07:15,TX15,82.51,100,8243,8,0.10,0,15,0.18,-11,-0.13,-35,-0.03,1
18,Entry long,2010-02-18 07:00,C0|L|MKT|15|v0.3.0-tier0|SPY,82.43,100,8243,8,0.10,0,15,0.18,-11,-0.13,-35,-0.03,1
19,Exit short,2010-02-19 07:15,TX15,82.5,100,8241,-9,-0.11,0,5,0.06,-12,-0.15,-44,-0.04,1
19,Entry short,2010-02-19 07:00,C0|S|MKT|15|v0.3.0-tier0|SPY,82.41,100,8241,-9,-0.11,0,5,0.06,-12,-0.15,-44,-0.04,1
20,Exit short,2010-02-22 07:30,TX15,82.97,100,8282,-15,-0.18,0,1,0.01,-19,-0.23,-59,-0.06,1
20,Entry short,2010-02-22 07:15,C0|S|MKT|15|v0.3.0-tier0|SPY,82.82,100,8282,-15,-0.18,0,1,0.01,-19,-0.23,-59,-0.06,1
21,Exit short,2010-02-23 07:30,TX15,82.12,100,8209,-3,-0.04,0,7,0.09,-8,-0.10,-62,-0.06,1
21,Entry short,2010-02-23 07:15,C0|S|MKT|15|v0.3.0-tier0|SPY,82.09,100,8209,-3,-0.04,0,7,0.09,-8,-0.10,-62,-0.06,1
22,Exit long,2010-02-24 07:15,TX15,82.21,100,8246,-25,-0.30,0,1,0.01,-35,-0.42,-87,-0.09,1
22,Entry long,2010-02-24 07:00,C0|L|MKT|15|v0.3.0-tier0|SPY,82.46,100,8246,-25,-0.30,0,1,0.01,-35,-0.42,-87,-0.09,1
23,Exit long,2010-02-25 07:45,TX15,81.62,100,8168,-6,-0.07,0,3,0.04,-13,-0.16,-93,-0.09,1
23,Entry long,2010-02-25 07:30,C0|L|MKT|15|v0.3.0-tier0|SPY,81.68,100,8168,-6,-0.07,0,3,0.04,-13,-0.16,-93,-0.09,1
24,Exit long,2010-03-01 07:30,TX15,83.22,100,8335,-13,-0.16,0,6,0.07,-17,-0.20,-106,-0.11,1
24,Entry long,2010-03-01 07:15,C0|L|MKT|15|v0.3.0-tier0|SPY,83.35,100,8335,-13,-0.16,0,6,0.07,-17,-0.20,-106,-0.11,1
25,Exit short,2010-03-02 07:30,TX15,83.79,100,8373,-6,-0.07,0,6,0.07,-11,-0.13,-112,-0.11,1
25,Entry short,2010-03-02 07:15,C0|S|MKT|15|v0.3.0-tier0|SPY,83.73,100,8373,-6,-0.07,0,6,0.07,-11,-0.13,-112,-0.11,1
26,Exit long,2010-03-03 07:15,TX15,84.02,100,8406,-4,-0.05,0,12,0.14,-10,-0.12,-116,-0.12,1
26,Entry long,2010-03-03 07:00,C0|L|MKT|15|v0.3.0-tier0|SPY,84.06,100,8406,-4,-0.05,0,12,0.14,-10,-0.12,-116,-0.12,1
27,Exit long,2010-03-05 07:15,TX15,84.84,100,8470,14,0.17,0,15,0.18,-6,-0.07,-102,-0.10,1
27,Entry long,2010-03-05 07:00,C0|L|MKT|15|v0.3.0-tier0|SPY,84.7,100,8470,14,0.17,0,15,0.18,-6,-0.07,-102,-0.10,1
28,Exit short,2010-03-08 07:15,TX15,85.33,100,8525,-8,-0.09,0,3,0.04,-13,-0.15,-110,-0.11,1
28,Entry short,2010-03-08 07:00,C0|S|MKT|15|v0.3.0-tier0|SPY,85.25,100,8525,-8,-0.09,0,3,0.04,-13,-0.15,-110,-0.11,1
29,Exit long,2010-03-09 07:15,TX15,85.3,100,8522,8,0.09,0,12,0.14,-8,-0.09,-102,-0.10,1
29,Entry long,2010-03-09 07:00,C0|L|MKT|15|v0.3.0-tier0|SPY,85.22,100,8522,8,0.09,0,12,0.14,-8,-0.09,-102,-0.10,1
30,Exit long,2010-03-10 07:30,TX15,85.82,100,8583,-1,-0.01,0,2,0.02,-11,-0.13,-103,-0.10,1
30,Entry long,2010-03-10 07:15,C0|L|MKT|15|v0.3.0-tier0|SPY,85.83,100,8583,-1,-0.01,0,2,0.02,-11,-0.13,-103,-0.10,1
31,Exit short,2010-03-11 07:15,TX15,85.56,100,8546,-10,-0.12,0,0,0.00,-26,-0.30,-113,-0.11,1
31,Entry short,2010-03-11 07:00,C0|S|MKT|15|v0.3.0-tier0|SPY,85.46,100,8546,-10,-0.12,0,0,0.00,-26,-0.30,-113,-0.11,1
32,Exit short,2010-03-12 07:30,TX15,86.09,100,8600,-9,-0.10,0,7,0.08,-9,-0.10,-122,-0.12,1
32,Entry short,2010-03-12 07:15,C0|S|MKT|15|v0.3.0-tier0|SPY,86,100,8600,-9,-0.10,0,7,0.08,-9,-0.10,-122,-0.12,1
33,Exit long,2010-03-17 07:15,TX15,87.24,100,8733,-9,-0.10,0,5,0.06,-11,-0.13,-131,-0.13,1
33,Entry long,2010-03-17 07:00,C0|L|MKT|15|v0.3.0-tier0|SPY,87.33,100,8733,-9,-0.10,0,5,0.06,-11,-0.13,-131,-0.13,1
34,Exit short,2010-03-19 07:30,TX15,87.02,100,8714,12,0.14,0,18,0.21,-2,-0.02,-119,-0.12,1
34,Entry short,2010-03-19 07:15,C0|S|MKT|15|v0.3.0-tier0|SPY,87.14,100,8714,12,0.14,0,18,0.21,-2,-0.02,-119,-0.12,1
35,Exit long,2010-03-22 07:15,TX15,86.89,100,8686,3,0.03,0,10,0.12,-6,-0.07,-116,-0.12,1
35,Entry long,2010-03-22 07:00,C0|L|MKT|15|v0.3.0-tier0|SPY,86.86,100,8686,3,0.03,0,10,0.12,-6,-0.07,-116,-0.12,1
36,Exit long,2010-03-24 07:30,TX15,87.79,100,8785,-6,-0.07,0,7,0.08,-9,-0.10,-122,-0.12,1
36,Entry long,2010-03-24 07:15,C0|L|MKT|15|v0.3.0-tier0|SPY,87.85,100,8785,-6,-0.07,0,7,0.08,-9,-0.10,-122,-0.12,1
37,Exit short,2010-03-25 07:15,TX15,88.04,100,8804,0,0.00,0,18,0.20,-7,-0.08,-122,-0.12,1
37,Entry short,2010-03-25 07:00,C0|S|MKT|15|v0.3.0-tier0|SPY,88.04,100,8804,0,0.00,0,18,0.20,-7,-0.08,-122,-0.12,1
38,Exit long,2010-03-26 07:30,TX15,87.92,100,8783,9,0.10,0,12,0.14,-3,-0.03,-113,-0.11,1
38,Entry long,2010-03-26 07:15,C0|L|MKT|15|v0.3.0-tier0|SPY,87.83,100,8783,9,0.10,0,12,0.14,-3,-0.03,-113,-0.11,1
39,Exit short,2010-03-29 07:15,TX15,87.82,100,8776,-6,-0.07,0,6,0.07,-14,-0.16,-119,-0.12,1
39,Entry short,2010-03-29 07:00,C0|S|MKT|15|v0.3.0-tier0|SPY,87.76,100,8776,-6,-0.07,0,6,0.07,-14,-0.16,-119,-0.12,1
40,Exit long,2010-03-30 07:15,TX15,88.21,100,8823,-2,-0.02,0,7,0.08,-9,-0.10,-121,-0.12,1
40,Entry long,2010-03-30 07:00,C0|L|MKT|15|v0.3.0-tier0|SPY,88.23,100,8823,-2,-0.02,0,7,0.08,-9,-0.10,-121,-0.12,1
41,Exit long,2010-03-31 07:45,TX15,87.8,100,8785,-5,-0.06,0,9,0.10,-6,-0.07,-126,-0.13,1
41,Entry long,2010-03-31 07:30,C0|L|MKT|15|v0.3.0-tier0|SPY,87.85,100,8785,-5,-0.06,0,9,0.10,-6,-0.07,-126,-0.13,1
42,Exit long,2010-04-05 07:15,TX15,88.81,100,8870,11,0.12,0,15,0.17,-5,-0.06,-115,-0.11,1
42,Entry long,2010-04-05 07:00,C0|L|MKT|15|v0.3.0-tier0|SPY,88.7,100,8870,11,0.12,0,15,0.17,-5,-0.06,-115,-0.11,1
43,Exit long,2010-04-06 07:30,TX15,88.93,100,8889,4,0.04,0,4,0.04,-4,-0.04,-111,-0.11,1
43,Entry long,2010-04-06 07:15,C0|L|MKT|15|v0.3.0-tier0|SPY,88.89,100,8889,4,0.04,0,4,0.04,-4,-0.04,-111,-0.11,1
44,Exit long,2010-04-08 07:45,TX15,88.4,100,8842,-2,-0.02,0,9,0.10,-4,-0.05,-113,-0.11,1
44,Entry long,2010-04-08 07:30,C0|L|MKT|15|v0.3.0-tier0|SPY,88.42,100,8842,-2,-0.02,0,9,0.10,-4,-0.05,-113,-0.11,1
45,Exit short,2010-04-12 07:15,TX15,89.77,100,8962,-15,-0.17,0,3,0.03,-17,-0.19,-128,-0.13,1
45,Entry short,2010-04-12 07:00,C0|S|MKT|15|v0.3.0-tier0|SPY,89.62,100,8962,-15,-0.17,0,3,0.03,-17,-0.19,-128,-0.13,1
46,Exit short,2010-04-13 07:45,TX15,89.33,100,8931,-2,-0.02,0,13,0.15,-3,-0.03,-130,-0.13,1
46,Entry short,2010-04-13 07:30,C0|S|MKT|15|v0.3.0-tier0|SPY,89.31,100,8931,-2,-0.02,0,13,0.15,-3,-0.03,-130,-0.13,1
47,Exit short,2010-04-14 07:30,TX15,90.16,100,9004,-12,-0.13,0,6,0.07,-14,-0.16,-142,-0.14,1
47,Entry short,2010-04-14 07:15,C0|S|MKT|15|v0.3.0-tier0|SPY,90.04,100,9004,-12,-0.13,0,6,0.07,-14,-0.16,-142,-0.14,1
48,Exit long,2010-04-15 07:30,TX15,90.84,100,9081,3,0.03,0,8,0.09,-2,-0.02,-139,-0.14,1
48,Entry long,2010-04-15 07:15,C0|L|MKT|15|v0.3.0-tier0|SPY,90.81,100,9081,3,0.03,0,8,0.09,-2,-0.02,-139,-0.14,1
49,Exit short,2010-04-16 07:15,TX15,90.52,100,9033,-19,-0.21,0,3,0.03,-22,-0.24,-158,-0.16,1
49,Entry short,2010-04-16 07:00,C0|S|MKT|15|v0.3.0-tier0|SPY,90.33,100,9033,-19,-0.21,0,3,0.03,-22,-0.24,-158,-0.16,1
50,Exit long,2010-04-19 07:15,TX15,89.67,100,8952,15,0.17,0,19,0.21,-1,-0.01,-143,-0.14,1
50,Entry long,2010-04-19 07:00,C0|L|MKT|15|v0.3.0-tier0|SPY,89.52,100,8952,15,0.17,0,19,0.21,-1,-0.01,-143,-0.14,1
51,Exit short,2010-04-20 07:30,TX15,90.13,100,9020,7,0.08,0,14,0.16,-5,-0.06,-136,-0.14,1
51,Entry short,2010-04-20 07:15,C0|S|MKT|15|v0.3.0-tier0|SPY,90.2,100,9020,7,0.08,0,14,0.16,-5,-0.06,-136,-0.14,1
52,Exit long,2010-04-21 07:15,TX15,90.76,100,9081,-5,-0.06,0,1,0.01,-16,-0.18,-141,-0.14,1
52,Entry long,2010-04-21 07:00,C0|L|MKT|15|v0.3.0-tier0|SPY,90.81,100,9081,-5,-0.06,0,1,0.01,-16,-0.18,-141,-0.14,1
53,Exit long,2010-04-23 07:30,TX15,90.77,100,9099,-22,-0.24,0,1,0.01,-22,-0.24,-163,-0.16,1
53,Entry long,2010-04-23 07:15,C0|L|MKT|15|v0.3.0-tier0|SPY,90.99,100,9099,-22,-0.24,0,1,0.01,-22,-0.24,-163,-0.16,1
54,Exit short,2010-04-26 07:15,TX15,91.36,100,9124,-12,-0.13,0,1,0.01,-18,-0.20,-175,-0.17,1
54,Entry short,2010-04-26 07:00,C0|S|MKT|15|v0.3.0-tier0|SPY,91.24,100,9124,-12,-0.13,0,1,0.01,-18,-0.20,-175,-0.17,1
55,Exit long,2010-04-27 07:45,TX15,90.82,100,9071,11,0.12,0,17,0.19,-1,-0.01,-164,-0.16,1
55,Entry long,2010-04-27 07:30,C0|L|MKT|15|v0.3.0-tier0|SPY,90.71,100,9071,11,0.12,0,17,0.19,-1,-0.01,-164,-0.16,1
56,Exit short,2010-04-28 07:30,TX15,89.2,100,8904,-16,-0.18,0,1,0.01,-22,-0.25,-180,-0.18,1
56,Entry short,2010-04-28 07:15,C0|S|MKT|15|v0.3.0-tier0|SPY,89.04,100,8904,-16,-0.18,0,1,0.01,-22,-0.25,-180,-0.18,1
57,Exit long,2010-04-29 07:45,TX15,90.41,100,9035,6,0.07,0,7,0.08,-7,-0.08,-174,-0.17,1
57,Entry long,2010-04-29 07:30,C0|L|MKT|15|v0.3.0-tier0|SPY,90.35,100,9035,6,0.07,0,7,0.08,-7,-0.08,-174,-0.17,1
58,Exit short,2010-04-30 07:15,TX15,89.95,100,9034,39,0.43,0,42,0.46,-6,-0.07,-135,-0.13,1
58,Entry short,2010-04-30 07:00,C0|S|MKT|15|v0.3.0-tier0|SPY,90.34,100,9034,39,0.43,0,42,0.46,-6,-0.07,-135,-0.13,1
59,Exit long,2010-05-03 07:30,TX15,89.68,100,8973,-5,-0.06,0,5,0.06,-7,-0.08,-140,-0.14,1
59,Entry long,2010-05-03 07:15,C0|L|MKT|15|v0.3.0-tier0|SPY,89.73,100,8973,-5,-0.06,0,5,0.06,-7,-0.08,-140,-0.14,1
60,Exit long,2010-05-05 07:15,TX15,87.62,100,8753,9,0.10,0,16,0.18,-14,-0.16,-131,-0.13,1
60,Entry long,2010-05-05 07:00,C0|L|MKT|15|v0.3.0-tier0|SPY,87.53,100,8753,9,0.10,0,16,0.18,-14,-0.16,-131,-0.13,1
61,Exit short,2010-05-07 07:30,TX15,82.65,100,8395,130,1.55,0,183,2.18,-8,-0.10,-1,0.00,1
61,Entry short,2010-05-07 07:15,C0|S|MKT|15|v0.3.0-tier0|SPY,83.95,100,8395,130,1.55,0,183,2.18,-8,-0.10,-1,0.00,1
62,Exit short,2010-05-10 07:45,TX15,86.43,100,8647,4,0.05,0,7,0.08,-32,-0.37,3,0.00,1
62,Entry short,2010-05-10 07:30,C0|S|MKT|15|v0.3.0-tier0|SPY,86.47,100,8647,4,0.05,0,7,0.08,-32,-0.37,3,0.00,1
63,Exit long,2010-05-11 07:15,TX15,86.7,100,8660,10,0.12,0,15,0.17,-14,-0.16,13,0.01,1
63,Entry long,2010-05-11 07:00,C0|L|MKT|15|v0.3.0-tier0|SPY,86.6,100,8660,10,0.12,0,15,0.17,-14,-0.16,13,0.01,1
64,Exit long,2010-05-12 07:15,TX15,87.56,100,8754,2,0.02,0,17,0.19,-5,-0.06,15,0.02,1
64,Entry long,2010-05-12 07:00,C0|L|MKT|15|v0.3.0-tier0|SPY,87.54,100,8754,2,0.02,0,17,0.19,-5,-0.06,15,0.02,1
65,Exit long,2010-05-13 07:45,TX15,88.1,100,8796,14,0.16,0,22,0.25,-9,-0.10,29,0.03,1
65,Entry long,2010-05-13 07:30,C0|L|MKT|15|v0.3.0-tier0|SPY,87.96,100,8796,14,0.16,0,22,0.25,-9,-0.10,29,0.03,1
66,Exit short,2010-05-17 07:15,TX15,85.26,100,8521,-5,-0.06,0,13,0.15,-14,-0.16,24,0.02,1
66,Entry short,2010-05-17 07:00,C0|S|MKT|15|v0.3.0-tier0|SPY,85.21,100,8521,-5,-0.06,0,13,0.15,-14,-0.16,24,0.02,1
67,Exit short,2010-05-18 07:45,TX15,85.62,100,8586,24,0.28,0,25,0.29,-3,-0.03,48,0.05,1
67,Entry short,2010-05-18 07:30,C0|S|MKT|15|v0.3.0-tier0|SPY,85.86,100,8586,24,0.28,0,25,0.29,-3,-0.03,48,0.05,1
68,Exit short,2010-05-19 07:45,TX15,83.69,100,8368,-1,-0.01,0,24,0.29,-20,-0.24,47,0.05,1
68,Entry short,2010-05-19 07:30,C0|S|MKT|15|v0.3.0-tier0|SPY,83.68,100,8368,-1,-0.01,0,24,0.29,-20,-0.24,47,0.05,1
69,Exit short,2010-05-20 07:30,TX15,81.28,100,8160,32,0.39,0,70,0.86,-4,-0.05,79,0.08,1
69,Entry short,2010-05-20 07:15,C0|S|MKT|15|v0.3.0-tier0|SPY,81.6,100,8160,32,0.39,0,70,0.86,-4,-0.05,79,0.08,1
70,Exit long,2010-05-21 07:15,TX15,80.87,100,8074,13,0.16,0,54,0.67,-20,-0.25,92,0.09,1
70,Entry long,2010-05-21 07:00,C0|L|MKT|15|v0.3.0-tier0|SPY,80.74,100,8074,13,0.16,0,54,0.67,-20,-0.25,92,0.09,1
71,Exit long,2010-05-25 07:30,TX15,79,100,7909,-9,-0.11,0,31,0.39,-13,-0.16,83,0.08,1
71,Entry long,2010-05-25 07:15,C0|L|MKT|15|v0.3.0-tier0|SPY,79.09,100,7909,-9,-0.11,0,31,0.39,-13,-0.16,83,0.08,1
72,Exit long,2010-05-26 07:15,TX15,81.81,100,8179,2,0.02,0,18,0.22,-14,-0.17,85,0.09,1
72,Entry long,2010-05-26 07:00,C0|L|MKT|15|v0.3.0-tier0|SPY,81.79,100,8179,2,0.02,0,18,0.22,-14,-0.17,85,0.09,1
73,Exit long,2010-05-27 07:45,TX15,82.19,100,8224,-5,-0.06,0,18,0.22,-13,-0.16,80,0.08,1
73,Entry long,2010-05-27 07:30,C0|L|MKT|15|v0.3.0-tier0|SPY,82.24,100,8224,-5,-0.06,0,18,0.22,-13,-0.16,80,0.08,1
74,Exit long,2010-06-01 07:30,TX15,82.27,100,8173,54,0.66,0,60,0.73,0,0.00,134,0.13,1
74,Entry long,2010-06-01 07:15,C0|L|MKT|15|v0.3.0-tier0|SPY,81.73,100,8173,54,0.66,0,60,0.73,0,0.00,134,0.13,1
75,Exit long,2010-06-03 07:15,TX15,82.98,100,8319,-21,-0.25,0,4,0.05,-26,-0.31,113,0.11,1
75,Entry long,2010-06-03 07:00,C0|L|MKT|15|v0.3.0-tier0|SPY,83.19,100,8319,-21,-0.25,0,4,0.05,-26,-0.31,113,0.11,1
76,Exit long,2010-06-04 07:30,TX15,81.82,100,8184,-2,-0.02,0,8,0.10,-15,-0.18,111,0.11,1
76,Entry long,2010-06-04 07:15,C0|L|MKT|15|v0.3.0-tier0|SPY,81.84,100,8184,-2,-0.02,0,8,0.10,-15,-0.18,111,0.11,1
77,Exit long,2010-06-07 07:30,TX15,80.42,100,8052,-10,-0.12,0,6,0.07,-16,-0.20,101,0.10,1
77,Entry long,2010-06-07 07:15,C0|L|MKT|15|v0.3.0-tier0|SPY,80.52,100,8052,-10,-0.12,0,6,0.07,-16,-0.20,101,0.10,1
78,Exit short,2010-06-08 07:15,TX15,79.16,100,7894,-22,-0.28,0,2,0.03,-42,-0.53,79,0.08,1
78,Entry short,2010-06-08 07:00,C0|S|MKT|15|v0.3.0-tier0|SPY,78.94,100,7894,-22,-0.28,0,2,0.03,-42,-0.53,79,0.08,1
79,Exit short,2010-06-09 07:30,TX15,80.33,100,8017,-16,-0.20,0,1,0.01,-22,-0.27,63,0.06,1
79,Entry short,2010-06-09 07:15,C0|S|MKT|15|v0.3.0-tier0|SPY,80.17,100,8017,-16,-0.20,0,1,0.01,-22,-0.27,63,0.06,1
80,Exit long,2010-06-10 07:15,TX15,81.23,100,8137,-14,-0.17,0,18,0.22,-21,-0.26,49,0.05,1
80,Entry long,2010-06-10 07:00,C0|L|MKT|15|v0.3.0-tier0|SPY,81.37,100,8137,-14,-0.17,0,18,0.22,-21,-0.26,49,0.05,1
81,Exit long,2010-06-11 07:15,TX15,81.78,100,8160,18,0.22,0,38,0.47,-13,-0.16,67,0.07,1
81,Entry long,2010-06-11 07:00,C0|L|MKT|15|v0.3.0-tier0|SPY,81.6,100,8160,18,0.22,0,38,0.47,-13,-0.16,67,0.07,1
82,Exit long,2010-06-14 07:45,TX15,82.71,100,8289,-18,-0.22,0,2,0.02,-19,-0.23,49,0.05,1
82,Entry long,2010-06-14 07:30,C0|L|MKT|15|v0.3.0-tier0|SPY,82.89,100,8289,-18,-0.22,0,2,0.02,-19,-0.23,49,0.05,1
83,Exit long,2010-06-15 07:15,TX15,82.66,100,8281,-15,-0.18,0,3,0.04,-21,-0.25,34,0.03,1
83,Entry long,2010-06-15 07:00,C0|L|MKT|15|v0.3.0-tier0|SPY,82.81,100,8281,-15,-0.18,0,3,0.04,-21,-0.25,34,0.03,1
84,Exit long,2010-06-16 07:15,TX15,83.71,100,8374,-3,-0.04,0,8,0.10,-16,-0.19,31,0.03,1
84,Entry long,2010-06-16 07:00,C0|L|MKT|15|v0.3.0-tier0|SPY,83.74,100,8374,-3,-0.04,0,8,0.10,-16,-0.19,31,0.03,1
85,Exit short,2010-06-17 07:30,TX15,83.48,100,8359,11,0.13,0,24,0.29,-1,-0.01,42,0.04,1
85,Entry short,2010-06-17 07:15,C0|S|MKT|15|v0.3.0-tier0|SPY,83.59,100,8359,11,0.13,0,24,0.29,-1,-0.01,42,0.04,1
86,Exit short,2010-06-18 07:15,TX15,84.04,100,8388,-16,-0.19,0,0,0.00,-26,-0.31,26,0.03,1
86,Entry short,2010-06-18 07:00,C0|S|MKT|15|v0.3.0-tier0|SPY,83.88,100,8388,-16,-0.19,0,0,0.00,-26,-0.31,26,0.03,1
87,Exit short,2010-06-22 07:45,TX15,83.74,100,8374,0,0.00,0,23,0.27,-2,-0.02,26,0.03,1
87,Entry short,2010-06-22 07:30,C0|S|MKT|15|v0.3.0-tier0|SPY,83.74,100,8374,0,0.00,0,23,0.27,-2,-0.02,26,0.03,1
88,Exit short,2010-06-23 07:30,TX15,81.81,100,8197,16,0.20,0,20,0.24,-3,-0.04,42,0.04,1
88,Entry short,2010-06-23 07:15,C0|S|MKT|15|v0.3.0-tier0|SPY,81.97,100,8197,16,0.20,0,20,0.24,-3,-0.04,42,0.04,1
89,Exit short,2010-06-24 07:15,TX15,81.45,100,8133,-12,-0.15,0,1,0.01,-30,-0.37,30,0.03,1
89,Entry short,2010-06-24 07:00,C0|S|MKT|15|v0.3.0-tier0|SPY,81.33,100,8133,-12,-0.15,0,1,0.01,-30,-0.37,30,0.03,1
90,Exit short,2010-06-28 07:15,TX15,80.93,100,8083,-10,-0.12,0,8,0.10,-16,-0.20,20,0.02,1
90,Entry short,2010-06-28 07:00,C0|S|MKT|15|v0.3.0-tier0|SPY,80.83,100,8083,-10,-0.12,0,8,0.10,-16,-0.20,20,0.02,1
91,Exit short,2010-06-29 07:15,TX15,79.12,100,7941,29,0.37,0,61,0.77,0,0.00,49,0.05,1
91,Entry short,2010-06-29 07:00,C0|S|MKT|15|v0.3.0-tier0|SPY,79.41,100,7941,29,0.37,0,61,0.77,0,0.00,49,0.05,1
92,Exit short,2010-07-01 07:15,TX15,76.8,100,7744,64,0.83,0,69,0.89,0,0.00,113,0.11,1
92,Entry short,2010-07-01 07:00,C0|S|MKT|15|v0.3.0-tier0|SPY,77.44,100,7744,64,0.83,0,69,0.89,0,0.00,113,0.11,1
93,Exit short,2010-07-02 07:30,TX15,77.46,100,7745,-1,-0.01,0,3,0.04,-20,-0.26,112,0.11,1
93,Entry short,2010-07-02 07:15,C0|S|MKT|15|v0.3.0-tier0|SPY,77.45,100,7745,-1,-0.01,0,3,0.04,-20,-0.26,112,0.11,1
94,Exit long,2010-07-06 07:30,TX15,78.37,100,7852,-15,-0.19,0,5,0.06,-21,-0.27,97,0.10,1
94,Entry long,2010-07-06 07:15,C0|L|MKT|15|v0.3.0-tier0|SPY,78.52,100,7852,-15,-0.19,0,5,0.06,-21,-0.27,97,0.10,1
95,Exit long,2010-07-07 07:15,TX15,78.34,100,7800,34,0.44,0,40,0.51,0,0.00,131,0.13,1
95,Entry long,2010-07-07 07:00,C0|L|MKT|15|v0.3.0-tier0|SPY,78,100,7800,34,0.44,0,40,0.51,0,0.00,131,0.13,1
96,Exit short,2010-07-08 07:15,TX15,80.4,100,8038,-2,-0.02,0,17,0.21,-9,-0.11,129,0.13,1
96,Entry short,2010-07-08 07:00,C0|S|MKT|15|v0.3.0-tier0|SPY,80.38,100,8038,-2,-0.02,0,17,0.21,-9,-0.11,129,0.13,1
97,Exit long,2010-07-09 07:45,TX15,80.94,100,8087,7,0.09,0,21,0.26,-3,-0.04,136,0.14,1
97,Entry long,2010-07-09 07:30,C0|L|MKT|15|v0.3.0-tier0|SPY,80.87,100,8087,7,0.09,0,21,0.26,-3,-0.04,136,0.14,1
98,Exit long,2010-07-12 07:15,TX15,81.26,100,8141,-15,-0.18,0,4,0.05,-19,-0.23,121,0.12,1
98,Entry long,2010-07-12 07:00,C0|L|MKT|15|v0.3.0-tier0|SPY,81.41,100,8141,-15,-0.18,0,4,0.05,-19,-0.23,121,0.12,1
99,Exit long,2010-07-13 07:30,TX15,82.35,100,8237,-2,-0.02,0,5,0.06,-5,-0.06,119,0.12,1
99,Entry long,2010-07-13 07:15,C0|L|MKT|15|v0.3.0-tier0|SPY,82.37,100,8237,-2,-0.02,0,5,0.06,-5,-0.06,119,0.12,1
100,Exit short,2010-07-15 07:30,TX15,81.7,100,8169,-1,-0.01,0,24,0.29,-3,-0.04,118,0.12,1
100,Entry short,2010-07-15 07:15,C0|S|MKT|15|v0.3.0-tier0|SPY,81.69,100,8169,-1,-0.01,0,24,0.29,-3,-0.04,118,0.12,1
101,Exit short,2010-07-16 07:15,TX15,81.2,100,8136,16,0.20,0,37,0.45,-5,-0.06,134,0.13,1
101,Entry short,2010-07-16 07:00,C0|S|MKT|15|v0.3.0-tier0|SPY,81.36,100,8136,16,0.20,0,37,0.45,-5,-0.06,134,0.13,1
102,Exit short,2010-07-19 07:30,TX15,80.12,100,8052,40,0.50,0,40,0.50,0,0.00,174,0.17,1
102,Entry short,2010-07-19 07:15,C0|S|MKT|15|v0.3.0-tier0|SPY,80.52,100,8052,40,0.50,0,40,0.50,0,0.00,174,0.17,1
103,Exit long,2010-07-20 07:15,TX15,79.84,100,8008,-24,-0.30,0,7,0.09,-25,-0.31,150,0.15,1
103,Entry long,2010-07-20 07:00,C0|L|MKT|15|v0.3.0-tier0|SPY,80.08,100,8008,-24,-0.30,0,7,0.09,-25,-0.31,150,0.15,1
104,Exit short,2010-07-21 07:15,TX15,81.7,100,8165,-5,-0.06,0,18,0.22,-11,-0.13,145,0.14,1
104,Entry short,2010-07-21 07:00,C0|S|MKT|15|v0.3.0-tier0|SPY,81.65,100,8165,-5,-0.06,0,18,0.22,-11,-0.13,145,0.14,1
105,Exit long,2010-07-22 07:15,TX15,82.45,100,8212,33,0.40,0,45,0.55,0,0.00,178,0.18,1
105,Entry long,2010-07-22 07:00,C0|L|MKT|15|v0.3.0-tier0|SPY,82.12,100,8212,33,0.40,0,45,0.55,0,0.00,178,0.18,1
106,Exit long,2010-07-26 07:30,TX15,83.62,100,8371,-9,-0.11,0,5,0.06,-13,-0.16,169,0.17,1
106,Entry long,2010-07-26 07:15,C0|L|MKT|15|v0.3.0-tier0|SPY,83.71,100,8371,-9,-0.11,0,5,0.06,-13,-0.16,169,0.17,1
107,Exit short,2010-07-27 07:15,TX15,84.02,100,8416,14,0.17,0,22,0.26,-39,-0.46,183,0.18,1
107,Entry short,2010-07-27 07:00,C0|S|MKT|15|v0.3.0-tier0|SPY,84.16,100,8416,14,0.17,0,22,0.26,-39,-0.46,183,0.18,1
108,Exit short,2010-07-28 07:30,TX15,83.71,100,8369,-2,-0.02,0,14,0.17,-7,-0.08,181,0.18,1
108,Entry short,2010-07-28 07:15,C0|S|MKT|15|v0.3.0-tier0|SPY,83.69,100,8369,-2,-0.02,0,14,0.17,-7,-0.08,181,0.18,1
109,Exit short,2010-07-29 07:15,TX15,83.73,100,8388,15,0.18,0,20,0.24,-1,-0.01,196,0.20,1
109,Entry short,2010-07-29 07:00,C0|S|MKT|15|v0.3.0-tier0|SPY,83.88,100,8388,15,0.18,0,20,0.24,-1,-0.01,196,0.20,1
110,Exit long,2010-07-30 07:15,TX15,82.87,100,8257,30,0.36,0,39,0.47,-1,-0.01,226,0.23,1
110,Entry long,2010-07-30 07:00,C0|L|MKT|15|v0.3.0-tier0|SPY,82.57,100,8257,30,0.36,0,39,0.47,-1,-0.01,226,0.23,1
111,Exit long,2010-08-02 07:30,TX15,84.59,100,8458,1,0.01,0,7,0.08,-6,-0.07,227,0.23,1
111,Entry long,2010-08-02 07:15,C0|L|MKT|15|v0.3.0-tier0|SPY,84.58,100,8458,1,0.01,0,7,0.08,-6,-0.07,227,0.23,1
112,Exit short,2010-08-03 07:15,TX15,84.24,100,8449,25,0.30,0,27,0.32,0,0.00,252,0.25,1
112,Entry short,2010-08-03 07:00,C0|S|MKT|15|v0.3.0-tier0|SPY,84.49,100,8449,25,0.30,0,27,0.32,0,0.00,252,0.25,1
113,Exit long,2010-08-05 07:15,TX15,84.77,100,8471,6,0.07,0,11,0.13,-6,-0.07,258,0.26,1
113,Entry long,2010-08-05 07:00,C0|L|MKT|15|v0.3.0-tier0|SPY,84.71,100,8471,6,0.07,0,11,0.13,-6,-0.07,258,0.26,1
114,Exit long,2010-08-06 07:15,TX15,84.56,100,8471,-15,-0.18,0,5,0.06,-19,-0.22,243,0.24,1
114,Entry long,2010-08-06 07:00,C0|L|MKT|15|v0.3.0-tier0|SPY,84.71,100,8471,-15,-0.18,0,5,0.06,-19,-0.22,243,0.24,1
115,Exit short,2010-08-09 07:15,TX15,84.81,100,8468,-13,-0.15,0,1,0.01,-16,-0.19,230,0.23,1
115,Entry short,2010-08-09 07:00,C0|S|MKT|15|v0.3.0-tier0|SPY,84.68,100,8468,-13,-0.15,0,1,0.01,-16,-0.19,230,0.23,1
116,Exit long,2010-08-12 07:15,TX15,81.7,100,8159,11,0.13,0,27,0.33,-2,-0.02,241,0.24,1
116,Entry long,2010-08-12 07:00,C0|L|MKT|15|v0.3.0-tier0|SPY,81.59,100,8159,11,0.13,0,27,0.33,-2,-0.02,241,0.24,1
117,Exit long,2010-08-13 07:15,TX15,81.89,100,8196,-7,-0.09,0,7,0.09,-13,-0.16,234,0.23,1
117,Entry long,2010-08-13 07:00,C0|L|MKT|15|v0.3.0-tier0|SPY,81.96,100,8196,-7,-0.09,0,7,0.09,-13,-0.16,234,0.23,1
118,Exit long,2010-08-16 07:30,TX15,81.53,100,8140,13,0.16,0,22,0.27,-1,-0.01,247,0.25,1
118,Entry long,2010-08-16 07:15,C0|L|MKT|15|v0.3.0-tier0|SPY,81.4,100,8140,13,0.16,0,22,0.27,-1,-0.01,247,0.25,1
119,Exit short,2010-08-19 07:15,TX15,81.66,100,8206,40,0.49,0,69,0.84,-1,-0.01,287,0.29,1
119,Entry short,2010-08-19 07:00,C0|S|MKT|15|v0.3.0-tier0|SPY,82.06,100,8206,40,0.49,0,69,0.84,-1,-0.01,287,0.29,1
120,Exit short,2010-08-20 07:30,TX15,80.72,100,8063,-9,-0.11,0,1,0.01,-20,-0.25,278,0.28,1
120,Entry short,2010-08-20 07:15,C0|S|MKT|15|v0.3.0-tier0|SPY,80.63,100,8063,-9,-0.11,0,1,0.01,-20,-0.25,278,0.28,1
121,Exit short,2010-08-23 07:45,TX15,81.1,100,8123,13,0.16,0,14,0.17,-13,-0.16,291,0.29,1
121,Entry short,2010-08-23 07:30,C0|S|MKT|15|v0.3.0-tier0|SPY,81.23,100,8123,13,0.16,0,14,0.17,-13,-0.16,291,0.29,1
122,Exit short,2010-08-24 07:15,TX15,79.47,100,7958,11,0.14,0,54,0.68,-1,-0.01,302,0.30,1
122,Entry short,2010-08-24 07:00,C0|S|MKT|15|v0.3.0-tier0|SPY,79.58,100,7958,11,0.14,0,54,0.68,-1,-0.01,302,0.30,1
123,Exit short,2010-08-25 07:15,TX15,78.98,100,7884,-14,-0.18,0,31,0.39,-26,-0.33,288,0.29,1
123,Entry short,2010-08-25 07:00,C0|S|MKT|15|v0.3.0-tier0|SPY,78.84,100,7884,-14,-0.18,0,31,0.39,-26,-0.33,288,0.29,1
124,Exit short,2010-08-27 07:15,TX15,79.12,100,7910,-2,-0.03,0,55,0.70,-18,-0.23,286,0.29,1
124,Entry short,2010-08-27 07:00,C0|S|MKT|15|v0.3.0-tier0|SPY,79.1,100,7910,-2,-0.03,0,55,0.70,-18,-0.23,286,0.29,1
125,Exit long,2010-08-30 07:15,TX15,80.41,100,8045,-4,-0.05,0,4,0.05,-13,-0.16,282,0.28,1
125,Entry long,2010-08-30 07:00,C0|L|MKT|15|v0.3.0-tier0|SPY,80.45,100,8045,-4,-0.05,0,4,0.05,-13,-0.16,282,0.28,1
126,Exit long,2010-08-31 07:30,TX15,79.57,100,7961,-4,-0.05,0,7,0.09,-19,-0.24,278,0.28,1
126,Entry long,2010-08-31 07:15,C0|L|MKT|15|v0.3.0-tier0|SPY,79.61,100,7961,-4,-0.05,0,7,0.09,-19,-0.24,278,0.28,1
127,Exit long,2010-09-01 07:15,TX15,81.39,100,8069,70,0.87,0,72,0.89,-14,-0.17,348,0.35,1
127,Entry long,2010-09-01 07:00,C0|L|MKT|15|v0.3.0-tier0|SPY,80.69,100,8069,70,0.87,0,72,0.89,-14,-0.17,348,0.35,1
128,Exit long,2010-09-02 07:15,TX15,81.98,100,8200,-2,-0.02,0,18,0.22,-4,-0.05,346,0.35,1
128,Entry long,2010-09-02 07:00,C0|L|MKT|15|v0.3.0-tier0|SPY,82,100,8200,-2,-0.02,0,18,0.22,-4,-0.05,346,0.35,1
129,Exit short,2010-09-03 07:30,TX15,82.97,100,8308,11,0.13,0,16,0.19,-13,-0.16,357,0.36,1
129,Entry short,2010-09-03 07:15,C0|S|MKT|15|v0.3.0-tier0|SPY,83.08,100,8308,11,0.13,0,16,0.19,-13,-0.16,357,0.36,1
130,Exit short,2010-09-07 07:15,TX15,82.86,100,8273,-13,-0.16,0,6,0.07,-14,-0.17,344,0.34,1
130,Entry short,2010-09-07 07:00,C0|S|MKT|15|v0.3.0-tier0|SPY,82.73,100,8273,-13,-0.16,0,6,0.07,-14,-0.17,344,0.34,1
131,Exit long,2010-09-08 07:30,TX15,83.15,100,8321,-6,-0.07,0,3,0.04,-11,-0.13,338,0.34,1
131,Entry long,2010-09-08 07:15,C0|L|MKT|15|v0.3.0-tier0|SPY,83.21,100,8321,-6,-0.07,0,3,0.04,-11,-0.13,338,0.34,1
132,Exit short,2010-09-09 07:30,TX15,83.8,100,8374,-6,-0.07,0,6,0.07,-6,-0.07,332,0.33,1
132,Entry short,2010-09-09 07:15,C0|S|MKT|15|v0.3.0-tier0|SPY,83.74,100,8374,-6,-0.07,0,6,0.07,-6,-0.07,332,0.33,1
133,Exit long,2010-09-10 07:15,TX15,83.82,100,8376,6,0.07,0,9,0.11,-7,-0.08,338,0.34,1
133,Entry long,2010-09-10 07:00,C0|L|MKT|15|v0.3.0-tier0|SPY,83.76,100,8376,6,0.07,0,9,0.11,-7,-0.08,338,0.34,1
134,Exit long,2010-09-13 07:45,TX15,84.98,100,8493,5,0.06,0,8,0.09,0,0.00,343,0.34,1
134,Entry long,2010-09-13 07:30,C0|L|MKT|15|v0.3.0-tier0|SPY,84.93,100,8493,5,0.06,0,8,0.09,0,0.00,343,0.34,1
135,Exit long,2010-09-15 07:15,TX15,84.79,100,8463,16,0.19,0,16,0.19,-2,-0.02,359,0.36,1
135,Entry long,2010-09-15 07:00,C0|L|MKT|15|v0.3.0-tier0|SPY,84.63,100,8463,16,0.19,0,16,0.19,-2,-0.02,359,0.36,1
136,Exit short,2010-09-17 07:15,TX15,85.08,100,8510,2,0.02,0,18,0.21,-4,-0.05,361,0.36,1
136,Entry short,2010-09-17 07:00,C0|S|MKT|15|v0.3.0-tier0|SPY,85.1,100,8510,2,0.02,0,18,0.21,-4,-0.05,361,0.36,1
137,Exit long,2010-09-20 07:15,TX15,85.81,100,8552,29,0.34,0,35,0.41,-10,-0.12,390,0.39,1
137,Entry long,2010-09-20 07:00,C0|L|MKT|15|v0.3.0-tier0|SPY,85.52,100,8552,29,0.34,0,35,0.41,-10,-0.12,390,0.39,1
138,Exit short,2010-09-22 07:45,TX15,85.95,100,8607,12,0.14,0,15,0.17,-1,-0.01,402,0.40,1
138,Entry short,2010-09-22 07:30,C0|S|MKT|15|v0.3.0-tier0|SPY,86.07,100,8607,12,0.14,0,15,0.17,-1,-0.01,402,0.40,1
139,Exit long,2010-09-23 07:30,TX15,85.61,100,8549,12,0.14,0,12,0.14,-13,-0.15,414,0.41,1
139,Entry long,2010-09-23 07:15,C0|L|MKT|15|v0.3.0-tier0|SPY,85.49,100,8549,12,0.14,0,12,0.14,-13,-0.15,414,0.41,1
140,Exit long,2010-09-24 07:15,TX15,86.53,100,8647,6,0.07,0,21,0.24,-10,-0.12,420,0.42,1
140,Entry long,2010-09-24 07:00,C0|L|MKT|15|v0.3.0-tier0|SPY,86.47,100,8647,6,0.07,0,21,0.24,-10,-0.12,420,0.42,1
141,Exit short,2010-09-27 07:15,TX15,86.68,100,8668,0,0.00,0,1,0.01,-15,-0.17,420,0.42,1
141,Entry short,2010-09-27 07:00,C0|S|MKT|15|v0.3.0-tier0|SPY,86.68,100,8668,0,0.00,0,1,0.01,-15,-0.17,420,0.42,1
142,Exit short,2010-09-28 07:30,TX15,86.12,100,8588,-24,-0.28,0,8,0.09,-34,-0.40,396,0.40,1
142,Entry short,2010-09-28 07:15,C0|S|MKT|15|v0.3.0-tier0|SPY,85.88,100,8588,-24,-0.28,0,8,0.09,-34,-0.40,396,0.40,1
143,Exit short,2010-10-01 07:45,TX15,86.48,100,8648,0,0.00,0,24,0.28,-4,-0.05,396,0.40,1
143,Entry short,2010-10-01 07:30,C0|S|MKT|15|v0.3.0-tier0|SPY,86.48,100,8648,0,0.00,0,24,0.28,-4,-0.05,396,0.40,1
144,Exit long,2010-10-05 07:15,TX15,87.13,100,8721,-8,-0.09,0,8,0.09,-25,-0.29,388,0.39,1
144,Entry long,2010-10-05 07:00,C0|L|MKT|15|v0.3.0-tier0|SPY,87.21,100,8721,-8,-0.09,0,8,0.09,-25,-0.29,388,0.39,1
145,Exit short,2010-10-07 07:15,TX15,87.81,100,8765,-16,-0.18,0,8,0.09,-20,-0.23,372,0.37,1
145,Entry short,2010-10-07 07:00,C0|S|MKT|15|v0.3.0-tier0|SPY,87.65,100,8765,-16,-0.18,0,8,0.09,-20,-0.23,372,0.37,1
146,Exit short,2010-10-08 07:45,TX15,87.76,100,8756,-20,-0.23,0,2,0.02,-22,-0.25,352,0.35,1
146,Entry short,2010-10-08 07:30,C0|S|MKT|15|v0.3.0-tier0|SPY,87.56,100,8756,-20,-0.23,0,2,0.02,-22,-0.25,352,0.35,1
147,Exit long,2010-10-11 07:45,TX15,88.37,100,8849,-12,-0.14,0,5,0.06,-14,-0.16,340,0.34,1
147,Entry long,2010-10-11 07:30,C0|L|MKT|15|v0.3.0-tier0|SPY,88.49,100,8849,-12,-0.14,0,5,0.06,-14,-0.16,340,0.34,1
148,Exit short,2010-10-12 07:15,TX15,87.88,100,8772,-16,-0.18,0,6,0.07,-16,-0.18,324,0.32,1
148,Entry short,2010-10-12 07:00,C0|S|MKT|15|v0.3.0-tier0|SPY,87.72,100,8772,-16,-0.18,0,6,0.07,-16,-0.18,324,0.32,1
149,Exit long,2010-10-13 07:30,TX15,89.18,100,8913,5,0.06,0,10,0.11,-7,-0.08,329,0.33,1
149,Entry long,2010-10-13 07:15,C0|L|MKT|15|v0.3.0-tier0|SPY,89.13,100,8913,5,0.06,0,10,0.11,-7,-0.08,329,0.33,1
150,Exit short,2010-10-15 07:15,TX15,88.83,100,8898,15,0.17,0,25,0.28,-15,-0.17,344,0.34,1
150,Entry short,2010-10-15 07:00,C0|S|MKT|15|v0.3.0-tier0|SPY,88.98,100,8898,15,0.17,0,25,0.28,-15,-0.17,344,0.34,1
151,Exit long,2010-10-18 07:15,TX15,89.5,100,8932,18,0.20,0,20,0.22,-10,-0.11,362,0.36,1
151,Entry long,2010-10-18 07:00,C0|L|MKT|15|v0.3.0-tier0|SPY,89.32,100,8932,18,0.20,0,20,0.22,-10,-0.11,362,0.36,1
152,Exit long,2010-10-19 07:45,TX15,88.87,100,8895,-8,-0.09,0,12,0.13,-13,-0.15,354,0.35,1
152,Entry long,2010-10-19 07:30,C0|L|MKT|15|v0.3.0-tier0|SPY,88.95,100,8895,-8,-0.09,0,12,0.13,-13,-0.15,354,0.35,1
153,Exit long,2010-10-21 07:30,TX15,89.95,100,9006,-11,-0.12,0,3,0.03,-12,-0.13,343,0.34,1
153,Entry long,2010-10-21 07:15,C0|L|MKT|15|v0.3.0-tier0|SPY,90.06,100,9006,-11,-0.12,0,3,0.03,-12,-0.13,343,0.34,1
154,Exit short,2010-10-22 07:15,TX15,89.47,100,8940,-7,-0.08,0,7,0.08,-10,-0.11,336,0.34,1
154,Entry short,2010-10-22 07:00,C0|S|MKT|15|v0.3.0-tier0|SPY,89.4,100,8940,-7,-0.08,0,7,0.08,-10,-0.11,336,0.34,1
155,Exit long,2010-10-25 07:15,TX15,90.41,100,9049,-8,-0.09,0,16,0.18,-10,-0.11,328,0.33,1
155,Entry long,2010-10-25 07:00,C0|L|MKT|15|v0.3.0-tier0|SPY,90.49,100,9049,-8,-0.09,0,16,0.18,-10,-0.11,328,0.33,1
156,Exit long,2010-10-26 07:15,TX15,89.6,100,8944,16,0.18,0,22,0.25,-2,-0.02,344,0.34,1
156,Entry long,2010-10-26 07:00,C0|L|MKT|15|v0.3.0-tier0|SPY,89.44,100,8944,16,0.18,0,22,0.25,-2,-0.02,344,0.34,1
157,Exit long,2010-10-27 07:15,TX15,89.37,100,8948,-11,-0.12,0,12,0.13,-22,-0.25,333,0.33,1
157,Entry long,2010-10-27 07:00,C0|L|MKT|15|v0.3.0-tier0|SPY,89.48,100,8948,-11,-0.12,0,12,0.13,-22,-0.25,333,0.33,1
158,Exit short,2010-10-28 07:15,TX15,89.85,100,8994,9,0.10,0,13,0.14,-9,-0.10,342,0.34,1
158,Entry short,2010-10-28 07:00,C0|S|MKT|15|v0.3.0-tier0|SPY,89.94,100,8994,9,0.10,0,13,0.14,-9,-0.10,342,0.34,1
159,Exit long,2010-10-29 07:45,TX15,89.6,100,8975,-15,-0.17,0,0,0.00,-17,-0.19,327,0.33,1
159,Entry long,2010-10-29 07:30,C0|L|MKT|15|v0.3.0-tier0|SPY,89.75,100,8975,-15,-0.17,0,0,0.00,-17,-0.19,327,0.33,1
160,Exit long,2010-11-01 07:30,TX15,90.47,100,9052,-5,-0.06,0,5,0.06,-12,-0.13,322,0.32,1
160,Entry long,2010-11-01 07:15,C0|L|MKT|15|v0.3.0-tier0|SPY,90.52,100,9052,-5,-0.06,0,5,0.06,-12,-0.13,322,0.32,1
161,Exit short,2010-11-02 07:30,TX15,90.3,100,9028,-2,-0.02,0,5,0.06,-9,-0.10,320,0.32,1
161,Entry short,2010-11-02 07:15,C0|S|MKT|15|v0.3.0-tier0|SPY,90.28,100,9028,-2,-0.02,0,5,0.06,-9,-0.10,320,0.32,1
162,Exit long,2010-11-04 07:45,TX15,91.97,100,9204,-7,-0.08,0,1,0.01,-8,-0.09,313,0.31,1
162,Entry long,2010-11-04 07:30,C0|L|MKT|15|v0.3.0-tier0|SPY,92.04,100,9204,-7,-0.08,0,1,0.01,-8,-0.09,313,0.31,1
163,Exit long,2010-11-05 07:45,TX15,92.93,100,9289,4,0.04,0,13,0.14,-2,-0.02,317,0.32,1
163,Entry long,2010-11-05 07:30,C0|L|MKT|15|v0.3.0-tier0|SPY,92.89,100,9289,4,0.04,0,13,0.14,-2,-0.02,317,0.32,1
164,Exit short,2010-11-08 07:15,TX15,92.52,100,9243,-9,-0.10,0,8,0.09,-11,-0.12,308,0.31,1
164,Entry short,2010-11-08 07:00,C0|S|MKT|15|v0.3.0-tier0|SPY,92.43,100,9243,-9,-0.10,0,8,0.09,-11,-0.12,308,0.31,1
165,Exit short,2010-11-10 07:15,TX15,91.57,100,9159,2,0.02,0,25,0.27,-5,-0.05,310,0.31,1
165,Entry short,2010-11-10 07:00,C0|S|MKT|15|v0.3.0-tier0|SPY,91.59,100,9159,2,0.02,0,25,0.27,-5,-0.05,310,0.31,1
166,Exit long,2010-11-11 07:45,TX15,91.59,100,9178,-19,-0.21,0,0,0.00,-22,-0.24,291,0.29,1
166,Entry long,2010-11-11 07:30,C0|L|MKT|15|v0.3.0-tier0|SPY,91.78,100,9178,-19,-0.21,0,0,0.00,-22,-0.24,291,0.29,1
167,Exit long,2010-11-12 07:15,TX15,91.57,100,9176,-19,-0.21,0,2,0.02,-19,-0.21,272,0.27,1
167,Entry long,2010-11-12 07:00,C0|L|MKT|15|v0.3.0-tier0|SPY,91.76,100,9176,-19,-0.21,0,2,0.02,-19,-0.21,272,0.27,1
168,Exit short,2010-11-15 07:15,TX15,91.16,100,9117,1,0.01,0,16,0.18,-3,-0.03,273,0.27,1
168,Entry short,2010-11-15 07:00,C0|S|MKT|15|v0.3.0-tier0|SPY,91.17,100,9117,1,0.01,0,16,0.18,-3,-0.03,273,0.27,1
169,Exit long,2010-11-17 07:30,TX15,89.79,100,8976,3,0.03,0,7,0.08,-6,-0.07,276,0.28,1
169,Entry long,2010-11-17 07:15,C0|L|MKT|15|v0.3.0-tier0|SPY,89.76,100,8976,3,0.03,0,7,0.08,-6,-0.07,276,0.28,1
170,Exit long,2010-11-18 07:30,TX15,91.04,100,9095,9,0.10,0,14,0.15,-6,-0.07,285,0.29,1
170,Entry long,2010-11-18 07:15,C0|L|MKT|15|v0.3.0-tier0|SPY,90.95,100,9095,9,0.10,0,14,0.15,-6,-0.07,285,0.29,1
171,Exit short,2010-11-19 07:45,TX15,90.67,100,9040,-27,-0.30,0,8,0.09,-31,-0.34,258,0.26,1
171,Entry short,2010-11-19 07:30,C0|S|MKT|15|v0.3.0-tier0|SPY,90.4,100,9040,-27,-0.30,0,8,0.09,-31,-0.34,258,0.26,1
172,Exit long,2010-11-22 07:15,TX15,90.92,100,9097,-5,-0.05,0,3,0.03,-13,-0.14,253,0.25,1
172,Entry long,2010-11-22 07:00,C0|L|MKT|15|v0.3.0-tier0|SPY,90.97,100,9097,-5,-0.05,0,3,0.03,-13,-0.14,253,0.25,1
173,Exit short,2010-11-23 07:15,TX15,89.68,100,8959,-9,-0.10,0,11,0.12,-19,-0.21,244,0.24,1
173,Entry short,2010-11-23 07:00,C0|S|MKT|15|v0.3.0-tier0|SPY,89.59,100,8959,-9,-0.10,0,11,0.12,-19,-0.21,244,0.24,1
174,Exit long,2010-11-24 07:45,TX15,90.78,100,9069,9,0.10,0,11,0.12,-4,-0.04,253,0.25,1
174,Entry long,2010-11-24 07:30,C0|L|MKT|15|v0.3.0-tier0|SPY,90.69,100,9069,9,0.10,0,11,0.12,-4,-0.04,253,0.25,1
175,Exit long,2010-11-26 07:15,TX15,90.65,100,9053,12,0.13,0,13,0.14,-10,-0.11,265,0.27,1
175,Entry long,2010-11-26 07:00,C0|L|MKT|15|v0.3.0-tier0|SPY,90.53,100,9053,12,0.13,0,13,0.14,-10,-0.11,265,0.27,1
176,Exit short,2010-11-29 07:15,TX15,89.43,100,8934,-9,-0.10,0,21,0.24,-10,-0.11,256,0.26,1
176,Entry short,2010-11-29 07:00,C0|S|MKT|15|v0.3.0-tier0|SPY,89.34,100,8934,-9,-0.10,0,21,0.24,-10,-0.11,256,0.26,1
177,Exit long,2010-11-30 07:15,TX15,89.61,100,8962,-1,-0.01,0,14,0.16,-12,-0.13,255,0.26,1
177,Entry long,2010-11-30 07:00,C0|L|MKT|15|v0.3.0-tier0|SPY,89.62,100,8962,-1,-0.01,0,14,0.16,-12,-0.13,255,0.26,1
178,Exit long,2010-12-01 07:15,TX15,91.19,100,9133,-14,-0.15,0,9,0.10,-23,-0.25,241,0.24,1
178,Entry long,2010-12-01 07:00,C0|L|MKT|15|v0.3.0-tier0|SPY,91.33,100,9133,-14,-0.15,0,9,0.10,-23,-0.25,241,0.24,1
179,Exit long,2010-12-02 07:15,TX15,92.39,100,9212,27,0.29,0,30,0.33,0,0.00,268,0.27,1
179,Entry long,2010-12-02 07:00,C0|L|MKT|15|v0.3.0-tier0|SPY,92.12,100,9212,27,0.29,0,30,0.33,0,0.00,268,0.27,1
180,Exit long,2010-12-06 07:45,TX15,92.9,100,9301,-11,-0.12,0,2,0.02,-14,-0.15,257,0.26,1
180,Entry long,2010-12-06 07:30,C0|L|MKT|15|v0.3.0-tier0|SPY,93.01,100,9301,-11,-0.12,0,2,0.02,-14,-0.15,257,0.26,1
181,Exit short,2010-12-07 07:15,TX15,93.5,100,9357,7,0.07,0,15,0.16,-3,-0.03,264,0.26,1
181,Entry short,2010-12-07 07:00,C0|S|MKT|15|v0.3.0-tier0|SPY,93.57,100,9357,7,0.07,0,15,0.16,-3,-0.03,264,0.26,1
182,Exit short,2010-12-08 07:45,TX15,92.77,100,9296,19,0.20,0,29,0.31,0,0.00,283,0.28,1
182,Entry short,2010-12-08 07:30,C0|S|MKT|15|v0.3.0-tier0|SPY,92.96,100,9296,19,0.20,0,29,0.31,0,0.00,283,0.28,1
183,Exit short,2010-12-09 07:45,TX15,93.43,100,9354,11,0.12,0,12,0.13,-6,-0.06,294,0.29,1
183,Entry short,2010-12-09 07:30,C0|S|MKT|15|v0.3.0-tier0|SPY,93.54,100,9354,11,0.12,0,12,0.13,-6,-0.06,294,0.29,1
184,Exit short,2010-12-10 07:30,TX15,93.86,100,9374,-12,-0.13,0,6,0.06,-12,-0.13,282,0.28,1
184,Entry short,2010-12-10 07:15,C0|S|MKT|15|v0.3.0-tier0|SPY,93.74,100,9374,-12,-0.13,0,6,0.06,-12,-0.13,282,0.28,1
185,Exit long,2010-12-14 07:30,TX15,94.61,100,9456,5,0.05,0,11,0.12,-2,-0.02,287,0.29,1
185,Entry long,2010-12-14 07:15,C0|L|MKT|15|v0.3.0-tier0|SPY,94.56,100,9456,5,0.05,0,11,0.12,-2,-0.02,287,0.29,1
186,Exit long,2010-12-15 07:15,TX15,94.49,100,9443,6,0.06,0,9,0.10,-2,-0.02,293,0.29,1
186,Entry long,2010-12-15 07:00,C0|L|MKT|15|v0.3.0-tier0|SPY,94.43,100,9443,6,0.06,0,9,0.10,-2,-0.02,293,0.29,1
187,Exit short,2010-12-16 07:15,TX15,93.89,100,9372,-17,-0.18,0,4,0.04,-24,-0.26,276,0.28,1
187,Entry short,2010-12-16 07:00,C0|S|MKT|15|v0.3.0-tier0|SPY,93.72,100,9372,-17,-0.18,0,4,0.04,-24,-0.26,276,0.28,1
188,Exit short,2010-12-20 07:30,TX15,94.52,100,9455,3,0.03,0,12,0.13,0,0.00,279,0.28,1
188,Entry short,2010-12-20 07:15,C0|S|MKT|15|v0.3.0-tier0|SPY,94.55,100,9455,3,0.03,0,12,0.13,0,0.00,279,0.28,1
189,Exit long,2010-12-21 07:45,TX15,95.22,100,9523,-1,-0.01,0,4,0.04,-4,-0.04,278,0.28,1
189,Entry long,2010-12-21 07:30,C0|L|MKT|15|v0.3.0-tier0|SPY,95.23,100,9523,-1,-0.01,0,4,0.04,-4,-0.04,278,0.28,1
190,Exit long,2010-12-27 07:30,TX15,95.45,100,9534,11,0.12,0,12,0.13,-2,-0.02,289,0.29,1
190,Entry long,2010-12-27 07:15,C0|L|MKT|15|v0.3.0-tier0|SPY,95.34,100,9534,11,0.12,0,12,0.13,-2,-0.02,289,0.29,1
191,Exit short,2010-12-28 07:30,TX15,95.58,100,9551,-7,-0.07,0,1,0.01,-8,-0.08,282,0.28,1
191,Entry short,2010-12-28 07:15,C0|S|MKT|15|v0.3.0-tier0|SPY,95.51,100,9551,-7,-0.07,0,1,0.01,-8,-0.08,282,0.28,1
192,Exit long,2010-12-29 07:30,TX15,95.94,100,9594,0,0.00,0,3,0.03,-3,-0.03,282,0.28,1
192,Entry long,2010-12-29 07:15,C0|L|MKT|15|v0.3.0-tier0|SPY,95.94,100,9594,0,0.00,0,3,0.03,-3,-0.03,282,0.28,1
193,Exit short,2010-12-30 07:30,TX15,95.67,100,9558,-9,-0.09,0,0,0.00,-11,-0.12,273,0.27,1
193,Entry short,2010-12-30 07:15,C0|S|MKT|15|v0.3.0-tier0|SPY,95.58,100,9558,-9,-0.09,0,0,0.00,-11,-0.12,273,0.27,1
194,Exit long,2011-01-03 07:15,TX15,96.72,100,9675,-3,-0.03,0,0,0.00,-13,-0.13,270,0.27,1
194,Entry long,2011-01-03 07:00,C0|L|MKT|15|v0.3.0-tier0|SPY,96.75,100,9675,-3,-0.03,0,0,0.00,-13,-0.13,270,0.27,1
195,Exit short,2011-01-04 07:15,TX15,96.55,100,9655,0,0.00,0,6,0.06,-8,-0.08,270,0.27,1
195,Entry short,2011-01-04 07:00,C0|S|MKT|15|v0.3.0-tier0|SPY,96.55,100,9655,0,0.00,0,6,0.06,-8,-0.08,270,0.27,1
196,Exit long,2011-01-05 07:30,TX15,96.53,100,9660,-7,-0.07,0,6,0.06,-7,-0.07,263,0.26,1
196,Entry long,2011-01-05 07:15,C0|L|MKT|15|v0.3.0-tier0|SPY,96.6,100,9660,-7,-0.07,0,6,0.06,-7,-0.07,263,0.26,1
197,Exit short,2011-01-06 07:30,TX15,97.17,100,9700,-17,-0.18,0,0,0.00,-20,-0.21,246,0.25,1
197,Entry short,2011-01-06 07:15,C0|S|MKT|15|v0.3.0-tier0|SPY,97,100,9700,-17,-0.18,0,0,0.00,-20,-0.21,246,0.25,1
198,Exit short,2011-01-07 07:15,TX15,97.04,100,9684,-20,-0.21,0,3,0.03,-21,-0.22,226,0.23,1
198,Entry short,2011-01-07 07:00,C0|S|MKT|15|v0.3.0-tier0|SPY,96.84,100,9684,-20,-0.21,0,3,0.03,-21,-0.22,226,0.23,1
199,Exit short,2011-01-10 07:15,TX15,96.26,100,9607,-19,-0.20,0,4,0.04,-24,-0.25,207,0.21,1
199,Entry short,2011-01-10 07:00,C0|S|MKT|15|v0.3.0-tier0|SPY,96.07,100,9607,-19,-0.20,0,4,0.04,-24,-0.25,207,0.21,1
200,Exit short,2011-01-11 07:15,TX15,96.93,100,9686,-7,-0.07,0,4,0.04,-14,-0.14,200,0.20,1
200,Entry short,2011-01-11 07:00,C0|S|MKT|15|v0.3.0-tier0|SPY,96.86,100,9686,-7,-0.07,0,4,0.04,-14,-0.14,200,0.20,1
201,Exit long,2011-01-12 07:45,TX15,97.67,100,9763,4,0.04,0,4,0.04,-6,-0.06,204,0.20,1
201,Entry long,2011-01-12 07:30,C0|L|MKT|15|v0.3.0-tier0|SPY,97.63,100,9763,4,0.04,0,4,0.04,-6,-0.06,204,0.20,1
202,Exit short,2011-01-13 07:30,TX15,97.66,100,9764,-2,-0.02,0,4,0.04,-6,-0.06,202,0.20,1
202,Entry short,2011-01-13 07:15,C0|S|MKT|15|v0.3.0-tier0|SPY,97.64,100,9764,-2,-0.02,0,4,0.04,-6,-0.06,202,0.20,1
203,Exit long,2011-01-14 07:30,TX15,97.63,100,9783,-20,-0.20,0,1,0.01,-22,-0.22,182,0.18,1
203,Entry long,2011-01-14 07:15,C0|L|MKT|15|v0.3.0-tier0|SPY,97.83,100,9783,-20,-0.20,0,1,0.01,-22,-0.22,182,0.18,1
204,Exit short,2011-01-19 07:15,TX15,98.3,100,9822,-8,-0.08,0,3,0.03,-10,-0.10,174,0.17,1
204,Entry short,2011-01-19 07:00,C0|S|MKT|15|v0.3.0-tier0|SPY,98.22,100,9822,-8,-0.08,0,3,0.03,-10,-0.10,174,0.17,1
205,Exit long,2011-01-21 07:15,TX15,98.13,100,9824,-11,-0.11,0,5,0.05,-11,-0.11,163,0.16,1
205,Entry long,2011-01-21 07:00,C0|L|MKT|15|v0.3.0-tier0|SPY,98.24,100,9824,-11,-0.11,0,5,0.05,-11,-0.11,163,0.16,1
206,Exit long,2011-01-24 07:45,TX15,97.95,100,9786,9,0.09,0,10,0.10,-6,-0.06,172,0.17,1
206,Entry long,2011-01-24 07:30,C0|L|MKT|15|v0.3.0-tier0|SPY,97.86,100,9786,9,0.09,0,10,0.10,-6,-0.06,172,0.17,1
207,Exit long,2011-01-25 07:15,TX15,98.09,100,9814,-5,-0.05,0,18,0.18,-12,-0.12,167,0.17,1
207,Entry long,2011-01-25 07:00,C0|L|MKT|15|v0.3.0-tier0|SPY,98.14,100,9814,-5,-0.05,0,18,0.18,-12,-0.12,167,0.17,1
208,Exit long,2011-01-26 07:30,TX15,98.85,100,9869,16,0.16,0,19,0.19,-6,-0.06,183,0.18,1
208,Entry long,2011-01-26 07:15,C0|L|MKT|15|v0.3.0-tier0|SPY,98.69,100,9869,16,0.16,0,19,0.19,-6,-0.06,183,0.18,1
209,Exit long,2011-01-27 07:15,TX15,98.78,100,9890,-12,-0.12,0,15,0.15,-15,-0.15,171,0.17,1
209,Entry long,2011-01-27 07:00,C0|L|MKT|15|v0.3.0-tier0|SPY,98.9,100,9890,-12,-0.12,0,15,0.15,-15,-0.15,171,0.17,1
210,Exit short,2011-01-28 07:15,TX15,98.72,100,9888,16,0.16,0,25,0.25,-1,-0.01,187,0.19,1
210,Entry short,2011-01-28 07:00,C0|S|MKT|15|v0.3.0-tier0|SPY,98.88,100,9888,16,0.16,0,25,0.25,-1,-0.01,187,0.19,1
211,Exit short,2011-01-31 07:15,TX15,97.32,100,9728,-4,-0.04,0,6,0.06,-17,-0.17,183,0.18,1
211,Entry short,2011-01-31 07:00,C0|S|MKT|15|v0.3.0-tier0|SPY,97.28,100,9728,-4,-0.04,0,6,0.06,-17,-0.17,183,0.18,1
212,Exit long,2011-02-01 07:15,TX15,98.76,100,9883,-7,-0.07,0,11,0.11,-14,-0.14,176,0.18,1
212,Entry long,2011-02-01 07:00,C0|L|MKT|15|v0.3.0-tier0|SPY,98.83,100,9883,-7,-0.07,0,11,0.11,-14,-0.14,176,0.18,1
213,Exit long,2011-02-02 07:15,TX15,99.37,100,9946,-9,-0.09,0,0,0.00,-25,-0.25,167,0.17,1
213,Entry long,2011-02-02 07:00,C0|L|MKT|15|v0.3.0-tier0|SPY,99.46,100,9946,-9,-0.09,0,0,0.00,-25,-0.25,167,0.17,1
214,Exit short,2011-02-03 07:30,TX15,98.85,100,9870,-15,-0.15,0,10,0.10,-16,-0.16,152,0.15,1
214,Entry short,2011-02-03 07:15,C0|S|MKT|15|v0.3.0-tier0|SPY,98.7,100,9870,-15,-0.15,0,10,0.10,-16,-0.16,152,0.15,1
215,Exit long,2011-02-07 07:30,TX15,100.51,100,10035,16,0.16,0,24,0.24,-4,-0.04,168,0.17,1
215,Entry long,2011-02-07 07:15,C0|L|MKT|15|v0.3.0-tier0|SPY,100.35,100,10035,16,0.16,0,24,0.24,-4,-0.04,168,0.17,1
216,Exit long,2011-02-08 07:30,TX15,100.63,100,10054,9,0.09,0,16,0.16,-4,-0.04,177,0.18,1
216,Entry long,2011-02-08 07:15,C0|L|MKT|15|v0.3.0-tier0|SPY,100.54,100,10054,9,0.09,0,16,0.16,-4,-0.04,177,0.18,1
217,Exit long,2011-02-09 07:45,TX15,100.85,100,10074,11,0.11,0,14,0.14,-2,-0.02,188,0.19,1
217,Entry long,2011-02-09 07:30,C0|L|MKT|15|v0.3.0-tier0|SPY,100.74,100,10074,11,0.11,0,14,0.14,-2,-0.02,188,0.19,1
218,Exit short,2011-02-10 07:15,TX15,100.34,100,10009,-25,-0.25,0,17,0.17,-26,-0.26,163,0.16,1
218,Entry short,2011-02-10 07:00,C0|S|MKT|15|v0.3.0-tier0|SPY,100.09,100,10009,-25,-0.25,0,17,0.17,-26,-0.26,163,0.16,1
219,Exit long,2011-02-11 07:15,TX15,100.51,100,10054,-3,-0.03,0,10,0.10,-5,-0.05,160,0.16,1
219,Entry long,2011-02-11 07:00,C0|L|MKT|15|v0.3.0-tier0|SPY,100.54,100,10054,-3,-0.03,0,10,0.10,-5,-0.05,160,0.16,1
220,Exit long,2011-02-14 07:45,TX15,101.21,100,10136,-15,-0.15,0,2,0.02,-17,-0.17,145,0.14,1
220,Entry long,2011-02-14 07:30,C0|L|MKT|15|v0.3.0-tier0|SPY,101.36,100,10136,-15,-0.15,0,2,0.02,-17,-0.17,145,0.14,1
221,Exit long,2011-02-15 07:15,TX15,101.12,100,10133,-21,-0.21,0,4,0.04,-31,-0.31,124,0.12,1
221,Entry long,2011-02-15 07:00,C0|L|MKT|15|v0.3.0-tier0|SPY,101.33,100,10133,-21,-0.21,0,4,0.04,-31,-0.31,124,0.12,1
222,Exit long,2011-02-16 07:15,TX15,101.78,100,10169,9,0.09,0,10,0.10,-15,-0.15,133,0.13,1
222,Entry long,2011-02-16 07:00,C0|L|MKT|15|v0.3.0-tier0|SPY,101.69,100,10169,9,0.09,0,10,0.10,-15,-0.15,133,0.13,1
223,Exit long,2011-02-17 07:15,TX15,101.66,100,10165,1,0.01,0,17,0.17,-5,-0.05,134,0.13,1
223,Entry long,2011-02-17 07:00,C0|L|MKT|15|v0.3.0-tier0|SPY,101.65,100,10165,1,0.01,0,17,0.17,-5,-0.05,134,0.13,1
224,Exit long,2011-02-22 07:15,TX15,101.7,100,10162,8,0.08,0,16,0.16,-11,-0.11,142,0.14,1
224,Entry long,2011-02-22 07:00,C0|L|MKT|15|v0.3.0-tier0|SPY,101.62,100,10162,8,0.08,0,16,0.16,-11,-0.11,142,0.14,1
225,Exit short,2011-02-23 07:15,TX15,99.97,100,10011,14,0.14,0,26,0.26,-11,-0.11,156,0.16,1
225,Entry short,2011-02-23 07:00,C0|S|MKT|15|v0.3.0-tier0|SPY,100.11,100,10011,14,0.14,0,26,0.26,-11,-0.11,156,0.16,1
226,Exit long,2011-02-25 07:15,TX15,100.5,100,10038,12,0.12,0,20,0.20,-1,-0.01,168,0.17,1
226,Entry long,2011-02-25 07:00,C0|L|MKT|15|v0.3.0-tier0|SPY,100.38,100,10038,12,0.12,0,20,0.20,-1,-0.01,168,0.17,1
227,Exit short,2011-03-01 07:15,TX15,101.02,100,10125,23,0.23,0,38,0.38,-15,-0.15,191,0.19,1
227,Entry short,2011-03-01 07:00,C0|S|MKT|15|v0.3.0-tier0|SPY,101.25,100,10125,23,0.23,0,38,0.38,-15,-0.15,191,0.19,1
228,Exit long,2011-03-02 07:15,TX15,99.77,100,9984,-7,-0.07,0,17,0.17,-9,-0.09,184,0.18,1
228,Entry long,2011-03-02 07:00,C0|L|MKT|15|v0.3.0-tier0|SPY,99.84,100,9984,-7,-0.07,0,17,0.17,-9,-0.09,184,0.18,1
229,Exit short,2011-03-04 07:30,TX15,100.9,100,10095,5,0.05,0,21,0.21,-10,-0.10,189,0.19,1
229,Entry short,2011-03-04 07:15,C0|S|MKT|15|v0.3.0-tier0|SPY,100.95,100,10095,5,0.05,0,21,0.21,-10,-0.10,189,0.19,1
230,Exit short,2011-03-07 07:30,TX15,101.03,100,10092,-11,-0.11,0,9,0.09,-15,-0.15,178,0.18,1
230,Entry short,2011-03-07 07:15,C0|S|MKT|15|v0.3.0-tier0|SPY,100.92,100,10092,-11,-0.11,0,9,0.09,-15,-0.15,178,0.18,1
231,Exit long,2011-03-08 07:30,TX15,100.62,100,10049,13,0.13,0,21,0.21,-1,-0.01,191,0.19,1
231,Entry long,2011-03-08 07:15,C0|L|MKT|15|v0.3.0-tier0|SPY,100.49,100,10049,13,0.13,0,21,0.21,-1,-0.01,191,0.19,1
232,Exit long,2011-03-09 07:45,TX15,100.71,100,10086,-15,-0.15,0,10,0.10,-19,-0.19,176,0.18,1
232,Entry long,2011-03-09 07:30,C0|L|MKT|15|v0.3.0-tier0|SPY,100.86,100,10086,-15,-0.15,0,10,0.10,-19,-0.19,176,0.18,1
233,Exit long,2011-03-15 07:45,TX15,97.27,100,9723,4,0.04,0,7,0.07,-21,-0.22,180,0.18,1
233,Entry long,2011-03-15 07:30,C0|L|MKT|15|v0.3.0-tier0|SPY,97.23,100,9723,4,0.04,0,7,0.07,-21,-0.22,180,0.18,1
234,Exit short,2011-03-17 07:15,TX15,97.22,100,9708,-14,-0.14,0,6,0.06,-28,-0.29,166,0.17,1
234,Entry short,2011-03-17 07:00,C0|S|MKT|15|v0.3.0-tier0|SPY,97.08,100,9708,-14,-0.14,0,6,0.06,-28,-0.29,166,0.17,1
235,Exit short,2011-03-18 07:30,TX15,97.98,100,9809,11,0.11,0,14,0.14,-12,-0.12,177,0.18,1
235,Entry short,2011-03-18 07:15,C0|S|MKT|15|v0.3.0-tier0|SPY,98.09,100,9809,11,0.11,0,14,0.14,-12,-0.12,177,0.18,1
236,Exit long,2011-03-21 07:15,TX15,99.23,100,9915,8,0.08,0,21,0.21,-7,-0.07,185,0.19,1
236,Entry long,2011-03-21 07:00,C0|L|MKT|15|v0.3.0-tier0|SPY,99.15,100,9915,8,0.08,0,21,0.21,-7,-0.07,185,0.19,1
237,Exit short,2011-03-22 07:15,TX15,99.02,100,9896,-6,-0.06,0,1,0.01,-22,-0.22,179,0.18,1
237,Entry short,2011-03-22 07:00,C0|S|MKT|15|v0.3.0-tier0|SPY,98.96,100,9896,-6,-0.06,0,1,0.01,-22,-0.22,179,0.18,1
238,Exit short,2011-03-23 07:30,TX15,98.29,100,9815,-14,-0.14,0,3,0.03,-15,-0.15,165,0.17,1
238,Entry short,2011-03-23 07:15,C0|S|MKT|15|v0.3.0-tier0|SPY,98.15,100,9815,-14,-0.14,0,3,0.03,-15,-0.15,165,0.17,1
239,Exit short,2011-03-24 07:15,TX15,99.22,100,9928,6,0.06,0,17,0.17,-13,-0.13,171,0.17,1
239,Entry short,2011-03-24 07:00,C0|S|MKT|15|v0.3.0-tier0|SPY,99.28,100,9928,6,0.06,0,17,0.17,-13,-0.13,171,0.17,1
240,Exit long,2011-03-28 07:15,TX15,100.79,100,10068,11,0.11,0,11,0.11,-7,-0.07,182,0.18,1
240,Entry long,2011-03-28 07:00,C0|L|MKT|15|v0.3.0-tier0|SPY,100.68,100,10068,11,0.11,0,11,0.11,-7,-0.07,182,0.18,1
241,Exit long,2011-03-29 07:30,TX15,100.15,100,10016,-1,-0.01,0,12,0.12,-2,-0.02,181,0.18,1
241,Entry long,2011-03-29 07:15,C0|L|MKT|15|v0.3.0-tier0|SPY,100.16,100,10016,-1,-0.01,0,12,0.12,-2,-0.02,181,0.18,1
242,Exit long,2011-03-30 07:15,TX15,101.25,100,10141,-16,-0.16,0,3,0.03,-25,-0.25,165,0.17,1
242,Entry long,2011-03-30 07:00,C0|L|MKT|15|v0.3.0-tier0|SPY,101.41,100,10141,-16,-0.16,0,3,0.03,-25,-0.25,165,0.17,1
243,Exit short,2011-04-01 07:15,TX15,102,100,10172,-28,-0.28,0,2,0.02,-35,-0.34,137,0.14,1
243,Entry short,2011-04-01 07:00,C0|S|MKT|15|v0.3.0-tier0|SPY,101.72,100,10172,-28,-0.28,0,2,0.02,-35,-0.34,137,0.14,1
244,Exit short,2011-04-04 07:15,TX15,101.9,100,10191,1,0.01,0,13,0.13,-2,-0.02,138,0.14,1
244,Entry short,2011-04-04 07:00,C0|S|MKT|15|v0.3.0-tier0|SPY,101.91,100,10191,1,0.01,0,13,0.13,-2,-0.02,138,0.14,1
245,Exit long,2011-04-05 07:15,TX15,101.76,100,10178,-2,-0.02,0,3,0.03,-16,-0.16,136,0.14,1
245,Entry long,2011-04-05 07:00,C0|L|MKT|15|v0.3.0-tier0|SPY,101.78,100,10178,-2,-0.02,0,3,0.03,-16,-0.16,136,0.14,1
246,Exit short,2011-04-06 07:30,TX15,102.19,100,10213,-6,-0.06,0,9,0.09,-7,-0.07,130,0.13,1
246,Entry short,2011-04-06 07:15,C0|S|MKT|15|v0.3.0-tier0|SPY,102.13,100,10213,-6,-0.06,0,9,0.09,-7,-0.07,130,0.13,1
247,Exit long,2011-04-07 07:15,TX15,102.21,100,10231,-10,-0.10,0,5,0.05,-12,-0.12,120,0.12,1
247,Entry long,2011-04-07 07:00,C0|L|MKT|15|v0.3.0-tier0|SPY,102.31,100,10231,-10,-0.10,0,5,0.05,-12,-0.12,120,0.12,1
248,Exit short,2011-04-08 07:15,TX15,102.14,100,10214,0,0.00,0,13,0.13,-6,-0.06,120,0.12,1
248,Entry short,2011-04-08 07:00,C0|S|MKT|15|v0.3.0-tier0|SPY,102.14,100,10214,0,0.00,0,13,0.13,-6,-0.06,120,0.12,1
249,Exit long,2011-04-11 07:15,TX15,101.72,100,10185,-13,-0.13,0,7,0.07,-18,-0.18,107,0.11,1
249,Entry long,2011-04-11 07:00,C0|L|MKT|15|v0.3.0-tier0|SPY,101.85,100,10185,-13,-0.13,0,7,0.07,-18,-0.18,107,0.11,1
250,Exit short,2011-04-12 07:30,TX15,100.52,100,10041,-11,-0.11,0,12,0.12,-12,-0.12,96,0.10,1
250,Entry short,2011-04-12 07:15,C0|S|MKT|15|v0.3.0-tier0|SPY,100.41,100,10041,-11,-0.11,0,12,0.12,-12,-0.12,96,0.10,1
251,Exit short,2011-04-13 07:15,TX15,100.54,100,10071,17,0.17,0,18,0.18,-3,-0.03,113,0.11,1
251,Entry short,2011-04-13 07:00,C0|S|MKT|15|v0.3.0-tier0|SPY,100.71,100,10071,17,0.17,0,18,0.18,-3,-0.03,113,0.11,1
252,Exit long,2011-04-14 07:45,TX15,100.18,100,10018,0,0.00,0,14,0.14,-1,-0.01,113,0.11,1
252,Entry long,2011-04-14 07:30,C0|L|MKT|15|v0.3.0-tier0|SPY,100.18,100,10018,0,0.00,0,14,0.14,-1,-0.01,113,0.11,1
253,Exit long,2011-04-15 07:30,TX15,100.71,100,10084,-13,-0.13,0,0,0.00,-21,-0.21,100,0.10,1
253,Entry long,2011-04-15 07:15,C0|L|MKT|15|v0.3.0-tier0|SPY,100.84,100,10084,-13,-0.13,0,0,0.00,-21,-0.21,100,0.10,1
254,Exit short,2011-04-18 07:30,TX15,99.41,100,9922,-19,-0.19,0,8,0.08,-31,-0.31,81,0.08,1
254,Entry short,2011-04-18 07:15,C0|S|MKT|15|v0.3.0-tier0|SPY,99.22,100,9922,-19,-0.19,0,8,0.08,-31,-0.31,81,0.08,1
255,Exit long,2011-04-20 07:30,TX15,101.8,100,10181,-1,-0.01,0,13,0.13,-4,-0.04,80,0.08,1
255,Entry long,2011-04-20 07:15,C0|L|MKT|15|v0.3.0-tier0|SPY,101.81,100,10181,-1,-0.01,0,13,0.13,-4,-0.04,80,0.08,1
256,Exit short,2011-04-21 07:30,TX15,102.08,100,10201,-7,-0.07,0,7,0.07,-16,-0.16,73,0.07,1
256,Entry short,2011-04-21 07:15,C0|S|MKT|15|v0.3.0-tier0|SPY,102.01,100,10201,-7,-0.07,0,7,0.07,-16,-0.16,73,0.07,1
257,Exit long,2011-04-25 07:15,TX15,102.07,100,10223,-16,-0.16,0,5,0.05,-19,-0.19,57,0.06,1
257,Entry long,2011-04-25 07:00,C0|L|MKT|15|v0.3.0-tier0|SPY,102.23,100,10223,-16,-0.16,0,5,0.05,-19,-0.19,57,0.06,1
258,Exit long,2011-04-26 07:45,TX15,102.86,100,10266,20,0.19,0,21,0.20,0,0.00,77,0.08,1
258,Entry long,2011-04-26 07:30,C0|L|MKT|15|v0.3.0-tier0|SPY,102.66,100,10266,20,0.19,0,21,0.20,0,0.00,77,0.08,1
259,Exit short,2011-04-27 07:30,TX15,102.98,100,10295,-3,-0.03,0,6,0.06,-6,-0.06,74,0.07,1
259,Entry short,2011-04-27 07:15,C0|S|MKT|15|v0.3.0-tier0|SPY,102.95,100,10295,-3,-0.03,0,6,0.06,-6,-0.06,74,0.07,1
260,Exit long,2011-04-28 07:15,TX15,103.75,100,10376,-1,-0.01,0,6,0.06,-7,-0.07,73,0.07,1
260,Entry long,2011-04-28 07:00,C0|L|MKT|15|v0.3.0-tier0|SPY,103.76,100,10376,-1,-0.01,0,6,0.06,-7,-0.07,73,0.07,1
261,Exit short,2011-04-29 07:15,TX15,104.06,100,10395,-11,-0.11,0,3,0.03,-12,-0.12,62,0.06,1
261,Entry short,2011-04-29 07:00,C0|S|MKT|15|v0.3.0-tier0|SPY,103.95,100,10395,-11,-0.11,0,3,0.03,-12,-0.12,62,0.06,1
262,Exit short,2011-05-04 07:15,TX15,103.06,100,10332,26,0.25,0,48,0.46,0,0.00,88,0.09,1
262,Entry short,2011-05-04 07:00,C0|S|MKT|15|v0.3.0-tier0|SPY,103.32,100,10332,26,0.25,0,48,0.46,0,0.00,88,0.09,1
263,Exit long,2011-05-05 07:15,TX15,102.53,100,10260,-7,-0.07,0,19,0.19,-7,-0.07,81,0.08,1
263,Entry long,2011-05-05 07:00,C0|L|MKT|15|v0.3.0-tier0|SPY,102.6,100,10260,-7,-0.07,0,19,0.19,-7,-0.07,81,0.08,1
264,Exit short,2011-05-09 07:15,TX15,102.72,100,10252,-20,-0.20,0,6,0.06,-26,-0.25,61,0.06,1
264,Entry short,2011-05-09 07:00,C0|S|MKT|15|v0.3.0-tier0|SPY,102.52,100,10252,-20,-0.20,0,6,0.06,-26,-0.25,61,0.06,1
265,Exit long,2011-05-10 07:15,TX15,103.56,100,10348,8,0.08,0,8,0.08,-6,-0.06,69,0.07,1
265,Entry long,2011-05-10 07:00,C0|L|MKT|15|v0.3.0-tier0|SPY,103.48,100,10348,8,0.08,0,8,0.08,-6,-0.06,69,0.07,1
266,Exit short,2011-05-13 07:30,TX15,103.13,100,10304,-9,-0.09,0,1,0.01,-17,-0.16,60,0.06,1
266,Entry short,2011-05-13 07:15,C0|S|MKT|15|v0.3.0-tier0|SPY,103.04,100,10304,-9,-0.09,0,1,0.01,-17,-0.16,60,0.06,1
267,Exit long,2011-05-16 07:30,TX15,102.48,100,10236,12,0.12,0,21,0.21,-3,-0.03,72,0.07,1
267,Entry long,2011-05-16 07:15,C0|L|MKT|15|v0.3.0-tier0|SPY,102.36,100,10236,12,0.12,0,21,0.21,-3,-0.03,72,0.07,1
268,Exit long,2011-05-17 07:15,TX15,101.55,100,10167,-12,-0.12,0,0,0.00,-28,-0.28,60,0.06,1
268,Entry long,2011-05-17 07:00,C0|L|MKT|15|v0.3.0-tier0|SPY,101.67,100,10167,-12,-0.12,0,0,0.00,-28,-0.28,60,0.06,1
269,Exit long,2011-05-18 07:30,TX15,102.04,100,10200,4,0.04,0,4,0.04,-8,-0.08,64,0.06,1
269,Entry long,2011-05-18 07:15,C0|L|MKT|15|v0.3.0-tier0|SPY,102,100,10200,4,0.04,0,4,0.04,-8,-0.08,64,0.06,1
270,Exit long,2011-05-19 07:15,TX15,102.69,100,10311,-42,-0.41,0,2,0.02,-49,-0.48,22,0.02,1
270,Entry long,2011-05-19 07:00,C0|L|MKT|15|v0.3.0-tier0|SPY,103.11,100,10311,-42,-0.41,0,2,0.02,-49,-0.48,22,0.02,1
271,Exit short,2011-05-20 07:15,TX15,102.17,100,10233,16,0.16,0,17,0.17,0,0.00,38,0.04,1
271,Entry short,2011-05-20 07:00,C0|S|MKT|15|v0.3.0-tier0|SPY,102.33,100,10233,16,0.16,0,17,0.17,0,0.00,38,0.04,1
272,Exit long,2011-05-24 07:30,TX15,101.18,100,10139,-21,-0.21,0,4,0.04,-23,-0.23,17,0.02,1
272,Entry long,2011-05-24 07:15,C0|L|MKT|15|v0.3.0-tier0|SPY,101.39,100,10139,-21,-0.21,0,4,0.04,-23,-0.23,17,0.02,1
273,Exit long,2011-05-25 07:45,TX15,101.05,100,10082,23,0.23,0,27,0.27,-7,-0.07,40,0.04,1
273,Entry long,2011-05-25 07:30,C0|L|MKT|15|v0.3.0-tier0|SPY,100.82,100,10082,23,0.23,0,27,0.27,-7,-0.07,40,0.04,1
274,Exit short,2011-05-26 07:15,TX15,100.8,100,10083,3,0.03,0,12,0.12,-12,-0.12,43,0.04,1
274,Entry short,2011-05-26 07:00,C0|S|MKT|15|v0.3.0-tier0|SPY,100.83,100,10083,3,0.03,0,12,0.12,-12,-0.12,43,0.04,1
275,Exit long,2011-05-27 07:15,TX15,101.81,100,10215,-34,-0.33,0,0,0.00,-36,-0.35,9,0.01,1
275,Entry long,2011-05-27 07:00,C0|L|MKT|15|v0.3.0-tier0|SPY,102.15,100,10215,-34,-0.33,0,0,0.00,-36,-0.35,9,0.01,1
276,Exit short,2011-05-31 07:15,TX15,102.69,100,10282,13,0.13,0,16,0.16,0,0.00,22,0.02,1
276,Entry short,2011-05-31 07:00,C0|S|MKT|15|v0.3.0-tier0|SPY,102.82,100,10282,13,0.13,0,16,0.16,0,0.00,22,0.02,1
277,Exit short,2011-06-01 07:15,TX15,102.23,100,10262,39,0.38,0,47,0.46,0,0.00,61,0.06,1
277,Entry short,2011-06-01 07:00,C0|S|MKT|15|v0.3.0-tier0|SPY,102.62,100,10262,39,0.38,0,47,0.46,0,0.00,61,0.06,1
278,Exit long,2011-06-03 07:15,TX15,99.85,100,9977,8,0.08,0,26,0.26,0,0.00,69,0.07,1
278,Entry long,2011-06-03 07:00,C0|L|MKT|15|v0.3.0-tier0|SPY,99.77,100,9977,8,0.08,0,26,0.26,0,0.00,69,0.07,1
279,Exit short,2011-06-06 07:15,TX15,99.18,100,9935,17,0.17,0,27,0.27,-2,-0.02,86,0.09,1
279,Entry short,2011-06-06 07:00,C0|S|MKT|15|v0.3.0-tier0|SPY,99.35,100,9935,17,0.17,0,27,0.27,-2,-0.02,86,0.09,1
280,Exit long,2011-06-07 07:30,TX15,99.16,100,9919,-3,-0.03,0,9,0.09,-7,-0.07,83,0.08,1
280,Entry long,2011-06-07 07:15,C0|L|MKT|15|v0.3.0-tier0|SPY,99.19,100,9919,-3,-0.03,0,9,0.09,-7,-0.07,83,0.08,1
281,Exit short,2011-06-08 07:15,TX15,98.44,100,9821,-23,-0.23,0,3,0.03,-29,-0.30,60,0.06,1
281,Entry short,2011-06-08 07:00,C0|S|MKT|15|v0.3.0-tier0|SPY,98.21,100,9821,-23,-0.23,0,3,0.03,-29,-0.30,60,0.06,1
282,Exit long,2011-06-09 07:15,TX15,98.78,100,9862,16,0.16,0,21,0.21,-1,-0.01,76,0.08,1
282,Entry long,2011-06-09 07:00,C0|L|MKT|15|v0.3.0-tier0|SPY,98.62,100,9862,16,0.16,0,21,0.21,-1,-0.01,76,0.08,1
283,Exit short,2011-06-10 07:15,TX15,97.96,100,9805,9,0.09,0,22,0.22,-3,-0.03,85,0.09,1
283,Entry short,2011-06-10 07:00,C0|S|MKT|15|v0.3.0-tier0|SPY,98.05,100,9805,9,0.09,0,22,0.22,-3,-0.03,85,0.09,1
284,Exit long,2011-06-14 07:15,TX15,98.65,100,9870,-5,-0.05,0,10,0.10,-5,-0.05,80,0.08,1
284,Entry long,2011-06-14 07:00,C0|L|MKT|15|v0.3.0-tier0|SPY,98.7,100,9870,-5,-0.05,0,10,0.10,-5,-0.05,80,0.08,1
285,Exit long,2011-06-15 07:15,TX15,98.22,100,9818,4,0.04,0,14,0.14,-10,-0.10,84,0.08,1
285,Entry long,2011-06-15 07:00,C0|L|MKT|15|v0.3.0-tier0|SPY,98.18,100,9818,4,0.04,0,14,0.14,-10,-0.10,84,0.08,1
286,Exit long,2011-06-16 07:30,TX15,97.37,100,9757,-20,-0.20,0,6,0.06,-23,-0.24,64,0.06,1
286,Entry long,2011-06-16 07:15,C0|L|MKT|15|v0.3.0-tier0|SPY,97.57,100,9757,-20,-0.20,0,6,0.06,-23,-0.24,64,0.06,1
287,Exit short,2011-06-17 07:45,TX15,97.99,100,9783,-16,-0.16,0,6,0.06,-19,-0.19,48,0.05,1
287,Entry short,2011-06-17 07:30,C0|S|MKT|15|v0.3.0-tier0|SPY,97.83,100,9783,-16,-0.16,0,6,0.06,-19,-0.19,48,0.05,1
288,Exit long,2011-06-20 07:15,TX15,97.47,100,9765,-18,-0.18,0,11,0.11,-19,-0.19,30,0.03,1
288,Entry long,2011-06-20 07:00,C0|L|MKT|15|v0.3.0-tier0|SPY,97.65,100,9765,-18,-0.18,0,11,0.11,-19,-0.19,30,0.03,1
289,Exit long,2011-06-21 07:15,TX15,98.86,100,9872,14,0.14,0,23,0.23,-1,-0.01,44,0.04,1
289,Entry long,2011-06-21 07:00,C0|L|MKT|15|v0.3.0-tier0|SPY,98.72,100,9872,14,0.14,0,23,0.23,-1,-0.01,44,0.04,1
290,Exit long,2011-06-22 07:15,TX15,99.35,100,9946,-11,-0.11,0,7,0.07,-11,-0.11,33,0.03,1
290,Entry long,2011-06-22 07:00,C0|L|MKT|15|v0.3.0-tier0|SPY,99.46,100,9946,-11,-0.11,0,7,0.07,-11,-0.11,33,0.03,1
291,Exit short,2011-06-24 07:15,TX15,97.76,100,9821,45,0.46,0,51,0.52,-8,-0.08,78,0.08,1
291,Entry short,2011-06-24 07:00,C0|S|MKT|15|v0.3.0-tier0|SPY,98.21,100,9821,45,0.46,0,51,0.52,-8,-0.08,78,0.08,1
292,Exit long,2011-06-27 07:30,TX15,98.11,100,9781,30,0.31,0,30,0.31,-6,-0.06,108,0.11,1
292,Entry long,2011-06-27 07:15,C0|L|MKT|15|v0.3.0-tier0|SPY,97.81,100,9781,30,0.31,0,30,0.31,-6,-0.06,108,0.11,1
293,Exit long,2011-06-28 07:30,TX15,99.12,100,9902,10,0.10,0,10,0.10,-9,-0.09,118,0.12,1
293,Entry long,2011-06-28 07:15,C0|L|MKT|15|v0.3.0-tier0|SPY,99.02,100,9902,10,0.10,0,10,0.10,-9,-0.09,118,0.12,1
294,Exit long,2011-06-30 07:15,TX15,101.07,100,10102,5,0.05,0,21,0.21,-1,-0.01,123,0.12,1
294,Entry long,2011-06-30 07:00,C0|L|MKT|15|v0.3.0-tier0|SPY,101.02,100,10102,5,0.05,0,21,0.21,-1,-0.01,123,0.12,1
295,Exit long,2011-07-01 07:15,TX15,102,100,10146,54,0.53,0,65,0.64,0,0.00,177,0.18,1
295,Entry long,2011-07-01 07:00,C0|L|MKT|15|v0.3.0-tier0|SPY,101.46,100,10146,54,0.53,0,65,0.64,0,0.00,177,0.18,1
296,Exit long,2011-07-05 07:30,TX15,102.62,100,10281,-19,-0.18,0,0,0.00,-31,-0.30,158,0.16,1
296,Entry long,2011-07-05 07:15,C0|L|MKT|15|v0.3.0-tier0|SPY,102.81,100,10281,-19,-0.18,0,0,0.00,-31,-0.30,158,0.16,1
297,Exit short,2011-07-06 07:30,TX15,102.44,100,10239,-5,-0.05,0,16,0.16,-6,-0.06,153,0.15,1
297,Entry short,2011-07-06 07:15,C0|S|MKT|15|v0.3.0-tier0|SPY,102.39,100,10239,-5,-0.05,0,16,0.16,-6,-0.06,153,0.15,1
298,Exit short,2011-07-08 07:45,TX15,102.76,100,10276,0,0.00,0,18,0.18,-13,-0.13,153,0.15,1
298,Entry short,2011-07-08 07:30,C0|S|MKT|15|v0.3.0-tier0|SPY,102.76,100,10276,0,0.00,0,18,0.18,-13,-0.13,153,0.15,1
299,Exit short,2011-07-11 07:30,TX15,101.73,100,10192,19,0.19,0,27,0.26,-1,-0.01,172,0.17,1
299,Entry short,2011-07-11 07:15,C0|S|MKT|15|v0.3.0-tier0|SPY,101.92,100,10192,19,0.19,0,27,0.26,-1,-0.01,172,0.17,1
300,Exit short,2011-07-13 07:15,TX15,101.84,100,10133,-51,-0.50,0,2,0.02,-60,-0.59,121,0.12,1
300,Entry short,2011-07-13 07:00,C0|S|MKT|15|v0.3.0-tier0|SPY,101.33,100,10133,-51,-0.50,0,2,0.02,-60,-0.59,121,0.12,1
301,Exit long,2011-07-14 07:15,TX15,101.77,100,10188,-11,-0.11,0,8,0.08,-16,-0.16,110,0.11,1
301,Entry long,2011-07-14 07:00,C0|L|MKT|15|v0.3.0-tier0|SPY,101.88,100,10188,-11,-0.11,0,8,0.08,-16,-0.16,110,0.11,1
302,Exit short,2011-07-15 07:15,TX15,100.9,100,10084,-6,-0.06,0,10,0.10,-34,-0.34,104,0.10,1
302,Entry short,2011-07-15 07:00,C0|S|MKT|15|v0.3.0-tier0|SPY,100.84,100,10084,-6,-0.06,0,10,0.10,-34,-0.34,104,0.10,1
303,Exit short,2011-07-18 07:15,TX15,100,100,10044,44,0.44,0,47,0.47,-7,-0.07,148,0.15,1
303,Entry short,2011-07-18 07:00,C0|S|MKT|15|v0.3.0-tier0|SPY,100.44,100,10044,44,0.44,0,47,0.47,-7,-0.07,148,0.15,1
304,Exit long,2011-07-19 07:30,TX15,101.36,100,10133,3,0.03,0,13,0.13,0,0.00,151,0.15,1
304,Entry long,2011-07-19 07:15,C0|L|MKT|15|v0.3.0-tier0|SPY,101.33,100,10133,3,0.03,0,13,0.13,0,0.00,151,0.15,1
305,Exit short,2011-07-20 07:15,TX15,101.9,100,10193,3,0.03,0,13,0.13,-15,-0.15,154,0.15,1
305,Entry short,2011-07-20 07:00,C0|S|MKT|15|v0.3.0-tier0|SPY,101.93,100,10193,3,0.03,0,13,0.13,-15,-0.15,154,0.15,1
306,Exit long,2011-07-21 07:15,TX15,103.13,100,10280,33,0.32,0,39,0.38,-12,-0.12,187,0.19,1
306,Entry long,2011-07-21 07:00,C0|L|MKT|15|v0.3.0-tier0|SPY,102.8,100,10280,33,0.32,0,39,0.38,-12,-0.12,187,0.19,1
307,Exit short,2011-07-22 07:15,TX15,103.07,100,10297,-10,-0.10,0,7,0.07,-17,-0.17,177,0.18,1
307,Entry short,2011-07-22 07:00,C0|S|MKT|15|v0.3.0-tier0|SPY,102.97,100,10297,-10,-0.10,0,7,0.07,-17,-0.17,177,0.18,1
308,Exit long,2011-07-25 07:15,TX15,102.78,100,10267,11,0.11,0,27,0.26,-2,-0.02,188,0.19,1
308,Entry long,2011-07-25 07:00,C0|L|MKT|15|v0.3.0-tier0|SPY,102.67,100,10267,11,0.11,0,27,0.26,-2,-0.02,188,0.19,1
309,Exit short,2011-07-26 07:15,TX15,102.35,100,10229,-6,-0.06,0,12,0.12,-21,-0.21,182,0.18,1
309,Entry short,2011-07-26 07:00,C0|S|MKT|15|v0.3.0-tier0|SPY,102.29,100,10229,-6,-0.06,0,12,0.12,-21,-0.21,182,0.18,1
310,Exit short,2011-07-27 07:15,TX15,101.22,100,10143,21,0.21,0,42,0.41,-3,-0.03,203,0.20,1
310,Entry short,2011-07-27 07:00,C0|S|MKT|15|v0.3.0-tier0|SPY,101.43,100,10143,21,0.21,0,42,0.41,-3,-0.03,203,0.20,1
311,Exit long,2011-07-28 07:30,TX15,100.6,100,10062,-2,-0.02,0,17,0.17,-7,-0.07,201,0.20,1
311,Entry long,2011-07-28 07:15,C0|L|MKT|15|v0.3.0-tier0|SPY,100.62,100,10062,-2,-0.02,0,17,0.17,-7,-0.07,201,0.20,1
312,Exit long,2011-07-29 07:15,TX15,99.23,100,9916,7,0.07,0,24,0.24,-16,-0.16,208,0.21,1
312,Entry long,2011-07-29 07:00,C0|L|MKT|15|v0.3.0-tier0|SPY,99.16,100,9916,7,0.07,0,24,0.24,-16,-0.16,208,0.21,1
313,Exit short,2011-08-01 07:15,TX15,98.84,100,9958,74,0.74,0,121,1.22,0,0.00,282,0.28,1
313,Entry short,2011-08-01 07:00,C0|S|MKT|15|v0.3.0-tier0|SPY,99.58,100,9958,74,0.74,0,121,1.22,0,0.00,282,0.28,1
314,Exit long,2011-08-02 07:15,TX15,98.44,100,9857,-13,-0.13,0,12,0.12,-17,-0.17,269,0.27,1
314,Entry long,2011-08-02 07:00,C0|L|MKT|15|v0.3.0-tier0|SPY,98.57,100,9857,-13,-0.13,0,12,0.12,-17,-0.17,269,0.27,1
315,Exit short,2011-08-03 07:45,TX15,95.24,100,9585,61,0.64,0,97,1.01,0,0.00,330,0.33,1
315,Entry short,2011-08-03 07:30,C0|S|MKT|15|v0.3.0-tier0|SPY,95.85,100,9585,61,0.64,0,97,1.01,0,0.00,330,0.33,1
316,Exit short,2011-08-04 07:30,TX15,95.16,100,9519,3,0.03,0,36,0.38,-17,-0.18,333,0.33,1
316,Entry short,2011-08-04 07:15,C0|S|MKT|15|v0.3.0-tier0|SPY,95.19,100,9519,3,0.03,0,36,0.38,-17,-0.18,333,0.33,1
317,Exit short,2011-08-05 07:15,TX15,91.9,100,9145,-45,-0.49,0,20,0.22,-80,-0.87,288,0.29,1
317,Entry short,2011-08-05 07:00,C0|S|MKT|15|v0.3.0-tier0|SPY,91.45,100,9145,-45,-0.49,0,20,0.22,-80,-0.87,288,0.29,1
318,Exit short,2011-08-08 07:45,TX15,89.13,100,8893,-20,-0.22,0,38,0.43,-35,-0.39,268,0.27,1
318,Entry short,2011-08-08 07:30,C0|S|MKT|15|v0.3.0-tier0|SPY,88.93,100,8893,-20,-0.22,0,38,0.43,-35,-0.39,268,0.27,1
319,Exit long,2011-08-09 07:30,TX15,88.29,100,8820,9,0.10,0,11,0.12,-48,-0.54,277,0.28,1
319,Entry long,2011-08-09 07:15,C0|L|MKT|15|v0.3.0-tier0|SPY,88.2,100,8820,9,0.10,0,11,0.12,-48,-0.54,277,0.28,1
320,Exit short,2011-08-10 07:30,TX15,87.2,100,8734,14,0.16,0,71,0.81,-16,-0.18,291,0.29,1
320,Entry short,2011-08-10 07:15,C0|S|MKT|15|v0.3.0-tier0|SPY,87.34,100,8734,14,0.16,0,71,0.81,-16,-0.18,291,0.29,1
321,Exit long,2011-08-11 07:45,TX15,88.55,100,8805,50,0.57,0,51,0.58,-9,-0.10,341,0.34,1
321,Entry long,2011-08-11 07:30,C0|L|MKT|15|v0.3.0-tier0|SPY,88.05,100,8805,50,0.57,0,51,0.58,-9,-0.10,341,0.34,1
322,Exit short,2011-08-12 07:15,TX15,90.68,100,9064,-4,-0.04,0,56,0.62,-13,-0.14,337,0.34,1
322,Entry short,2011-08-12 07:00,C0|S|MKT|15|v0.3.0-tier0|SPY,90.64,100,9064,-4,-0.04,0,56,0.62,-13,-0.14,337,0.34,1
323,Exit long,2011-08-15 07:30,TX15,92.28,100,9210,18,0.20,0,24,0.26,0,0.00,355,0.36,1
323,Entry long,2011-08-15 07:15,C0|L|MKT|15|v0.3.0-tier0|SPY,92.1,100,9210,18,0.20,0,24,0.26,0,0.00,355,0.36,1
324,Exit long,2011-08-16 07:45,TX15,91.93,100,9208,-15,-0.16,0,7,0.08,-18,-0.20,340,0.34,1
324,Entry long,2011-08-16 07:30,C0|L|MKT|15|v0.3.0-tier0|SPY,92.08,100,9208,-15,-0.16,0,7,0.08,-18,-0.20,340,0.34,1
325,Exit long,2011-08-17 07:15,TX15,92.93,100,9293,0,0.00,0,4,0.04,-18,-0.19,340,0.34,1
325,Entry long,2011-08-17 07:00,C0|L|MKT|15|v0.3.0-tier0|SPY,92.93,100,9293,0,0.00,0,4,0.04,-18,-0.19,340,0.34,1
326,Exit short,2011-08-18 07:30,TX15,88.24,100,8786,-38,-0.43,0,3,0.03,-52,-0.59,302,0.30,1
326,Entry short,2011-08-18 07:15,C0|S|MKT|15|v0.3.0-tier0|SPY,87.86,100,8786,-38,-0.43,0,3,0.03,-52,-0.59,302,0.30,1
327,Exit long,2011-08-19 07:30,TX15,88.82,100,8791,91,1.04,0,109,1.24,-5,-0.06,393,0.39,1
327,Entry long,2011-08-19 07:15,C0|L|MKT|15|v0.3.0-tier0|SPY,87.91,100,8791,91,1.04,0,109,1.24,-5,-0.06,393,0.39,1
328,Exit short,2011-08-22 07:15,TX15,87.54,100,8768,14,0.16,0,33,0.38,-18,-0.21,407,0.41,1
328,Entry short,2011-08-22 07:00,C0|S|MKT|15|v0.3.0-tier0|SPY,87.68,100,8768,14,0.16,0,33,0.38,-18,-0.21,407,0.41,1
329,Exit long,2011-08-23 07:30,TX15,87.66,100,8760,6,0.07,0,15,0.17,-25,-0.29,413,0.41,1
329,Entry long,2011-08-23 07:15,C0|L|MKT|15|v0.3.0-tier0|SPY,87.6,100,8760,6,0.07,0,15,0.17,-25,-0.29,413,0.41,1
330,Exit long,2011-08-24 07:15,TX15,90.26,100,9018,8,0.09,0,40,0.44,-11,-0.12,421,0.42,1
330,Entry long,2011-08-24 07:00,C0|L|MKT|15|v0.3.0-tier0|SPY,90.18,100,9018,8,0.09,0,40,0.44,-11,-0.12,421,0.42,1
331,Exit short,2011-08-25 07:15,TX15,90.66,100,9068,2,0.02,0,50,0.55,-2,-0.02,423,0.42,1
331,Entry short,2011-08-25 07:00,C0|S|MKT|15|v0.3.0-tier0|SPY,90.68,100,9068,2,0.02,0,50,0.55,-2,-0.02,423,0.42,1
332,Exit short,2011-08-26 07:30,TX15,88.95,100,8798,-97,-1.10,0,4,0.05,-134,-1.52,326,0.33,1
332,Entry short,2011-08-26 07:15,C0|S|MKT|15|v0.3.0-tier0|SPY,87.98,100,8798,-97,-1.10,0,4,0.05,-134,-1.52,326,0.33,1
333,Exit long,2011-08-29 07:30,TX15,92.3,100,9237,-7,-0.08,0,13,0.14,-10,-0.11,319,0.32,1
333,Entry long,2011-08-29 07:15,C0|L|MKT|15|v0.3.0-tier0|SPY,92.37,100,9237,-7,-0.08,0,13,0.14,-10,-0.11,319,0.32,1
334,Exit short,2011-08-30 07:30,TX15,92.6,100,9253,-7,-0.08,0,26,0.28,-10,-0.11,312,0.31,1
334,Entry short,2011-08-30 07:15,C0|S|MKT|15|v0.3.0-tier0|SPY,92.53,100,9253,-7,-0.08,0,26,0.28,-10,-0.11,312,0.31,1
335,Exit long,2011-08-31 07:15,TX15,94.72,100,9450,22,0.23,0,26,0.28,-3,-0.03,334,0.33,1
335,Entry long,2011-08-31 07:00,C0|L|MKT|15|v0.3.0-tier0|SPY,94.5,100,9450,22,0.23,0,26,0.28,-3,-0.03,334,0.33,1
336,Exit short,2011-09-01 07:15,TX15,94.09,100,9365,-44,-0.47,0,10,0.11,-112,-1.20,290,0.29,1
336,Entry short,2011-09-01 07:00,C0|S|MKT|15|v0.3.0-tier0|SPY,93.65,100,9365,-44,-0.47,0,10,0.11,-112,-1.20,290,0.29,1
337,Exit long,2011-09-06 07:15,TX15,88.35,100,8856,-21,-0.24,0,49,0.55,-27,-0.30,269,0.27,1
337,Entry long,2011-09-06 07:00,C0|L|MKT|15|v0.3.0-tier0|SPY,88.56,100,8856,-21,-0.24,0,49,0.55,-27,-0.30,269,0.27,1
338,Exit long,2011-09-07 07:15,TX15,91.47,100,9139,8,0.09,0,15,0.16,-10,-0.11,277,0.28,1
338,Entry long,2011-09-07 07:00,C0|L|MKT|15|v0.3.0-tier0|SPY,91.39,100,9139,8,0.09,0,15,0.16,-10,-0.11,277,0.28,1
339,Exit long,2011-09-12 07:15,TX15,88.82,100,8898,-16,-0.18,0,31,0.35,-17,-0.19,261,0.26,1
339,Entry long,2011-09-12 07:00,C0|L|MKT|15|v0.3.0-tier0|SPY,88.98,100,8898,-16,-0.18,0,31,0.35,-17,-0.19,261,0.26,1
340,Exit long,2011-09-13 07:15,TX15,90.35,100,9021,14,0.16,0,39,0.43,-7,-0.08,275,0.27,1
340,Entry long,2011-09-13 07:00,C0|L|MKT|15|v0.3.0-tier0|SPY,90.21,100,9021,14,0.16,0,39,0.43,-7,-0.08,275,0.27,1
341,Exit short,2011-09-14 07:45,TX15,90.08,100,9014,6,0.07,0,18,0.20,-24,-0.27,281,0.28,1
341,Entry short,2011-09-14 07:30,C0|S|MKT|15|v0.3.0-tier0|SPY,90.14,100,9014,6,0.07,0,18,0.20,-24,-0.27,281,0.28,1
342,Exit long,2011-09-16 07:30,TX15,93.55,100,9410,-55,-0.58,0,4,0.04,-59,-0.63,226,0.23,1
342,Entry long,2011-09-16 07:15,C0|L|MKT|15|v0.3.0-tier0|SPY,94.1,100,9410,-55,-0.58,0,4,0.04,-59,-0.63,226,0.23,1
343,Exit short,2011-09-19 07:15,TX15,91.85,100,9175,-10,-0.11,0,3,0.03,-30,-0.33,216,0.22,1
343,Entry short,2011-09-19 07:00,C0|S|MKT|15|v0.3.0-tier0|SPY,91.75,100,9175,-10,-0.11,0,3,0.03,-30,-0.33,216,0.22,1
344,Exit long,2011-09-20 07:45,TX15,93.81,100,9341,40,0.43,0,40,0.43,-7,-0.07,256,0.26,1
344,Entry long,2011-09-20 07:30,C0|L|MKT|15|v0.3.0-tier0|SPY,93.41,100,9341,40,0.43,0,40,0.43,-7,-0.07,256,0.26,1
345,Exit short,2011-09-21 07:45,TX15,92.5,100,9260,10,0.11,0,28,0.30,-9,-0.10,266,0.27,1
345,Entry short,2011-09-21 07:30,C0|S|MKT|15|v0.3.0-tier0|SPY,92.6,100,9260,10,0.11,0,28,0.30,-9,-0.10,266,0.27,1
346,Exit short,2011-09-22 07:15,TX15,87.66,100,8703,-63,-0.72,0,2,0.02,-78,-0.90,203,0.20,1
346,Entry short,2011-09-22 07:00,C0|S|MKT|15|v0.3.0-tier0|SPY,87.03,100,8703,-63,-0.72,0,2,0.02,-78,-0.90,203,0.20,1
347,Exit long,2011-09-23 07:15,TX15,86.98,100,8732,-34,-0.39,0,14,0.16,-44,-0.50,169,0.17,1
347,Entry long,2011-09-23 07:00,C0|L|MKT|15|v0.3.0-tier0|SPY,87.32,100,8732,-34,-0.39,0,14,0.16,-44,-0.50,169,0.17,1
348,Exit short,2011-09-26 07:15,TX15,87.44,100,8780,36,0.41,0,44,0.50,-16,-0.18,205,0.21,1
348,Entry short,2011-09-26 07:00,C0|S|MKT|15|v0.3.0-tier0|SPY,87.8,100,8780,36,0.41,0,44,0.50,-16,-0.18,205,0.21,1
349,Exit long,2011-09-27 07:15,TX15,91.52,100,9174,-22,-0.24,0,20,0.22,-33,-0.36,183,0.18,1
349,Entry long,2011-09-27 07:00,C0|L|MKT|15|v0.3.0-tier0|SPY,91.74,100,9174,-22,-0.24,0,20,0.22,-33,-0.36,183,0.18,1
350,Exit long,2011-09-28 07:15,TX15,91.02,100,9129,-27,-0.30,0,0,0.00,-38,-0.42,156,0.16,1
350,Entry long,2011-09-28 07:00,C0|L|MKT|15|v0.3.0-tier0|SPY,91.29,100,9129,-27,-0.30,0,0,0.00,-38,-0.42,156,0.16,1
351,Exit short,2011-09-29 07:45,TX15,89.48,100,8983,35,0.39,0,37,0.41,-5,-0.06,191,0.19,1
351,Entry short,2011-09-29 07:30,C0|S|MKT|15|v0.3.0-tier0|SPY,89.83,100,8983,35,0.39,0,37,0.41,-5,-0.06,191,0.19,1
352,Exit short,2011-09-30 07:15,TX15,88.49,100,8809,-40,-0.45,0,7,0.08,-69,-0.78,151,0.15,1
352,Entry short,2011-09-30 07:00,C0|S|MKT|15|v0.3.0-tier0|SPY,88.09,100,8809,-40,-0.45,0,7,0.08,-69,-0.78,151,0.15,1
353,Exit short,2011-10-03 07:15,TX15,87.82,100,8660,-122,-1.41,0,6,0.07,-136,-1.57,29,0.03,1
353,Entry short,2011-10-03 07:00,C0|S|MKT|15|v0.3.0-tier0|SPY,86.6,100,8660,-122,-1.41,0,6,0.07,-136,-1.57,29,0.03,1
354,Exit short,2011-10-04 07:15,TX15,83.67,100,8325,-42,-0.50,0,27,0.32,-72,-0.86,-13,-0.01,1
354,Entry short,2011-10-04 07:00,C0|S|MKT|15|v0.3.0-tier0|SPY,83.25,100,8325,-42,-0.50,0,27,0.32,-72,-0.86,-13,-0.01,1
355,Exit short,2011-10-06 07:15,TX15,88.52,100,8793,-59,-0.67,0,20,0.23,-62,-0.71,-72,-0.07,1
355,Entry short,2011-10-06 07:00,C0|S|MKT|15|v0.3.0-tier0|SPY,87.93,100,8793,-59,-0.67,0,20,0.23,-62,-0.71,-72,-0.07,1
356,Exit long,2011-10-10 07:15,TX15,91.55,100,9135,20,0.22,0,27,0.30,-9,-0.10,-52,-0.05,1
356,Entry long,2011-10-10 07:00,C0|L|MKT|15|v0.3.0-tier0|SPY,91.35,100,9135,20,0.22,0,27,0.30,-9,-0.10,-52,-0.05,1
357,Exit long,2011-10-11 07:15,TX15,92.11,100,9201,10,0.11,0,16,0.17,-21,-0.23,-42,-0.04,1
357,Entry long,2011-10-11 07:00,C0|L|MKT|15|v0.3.0-tier0|SPY,92.01,100,9201,10,0.11,0,16,0.17,-21,-0.23,-42,-0.04,1
358,Exit long,2011-10-12 07:30,TX15,93.55,100,9341,14,0.15,0,31,0.33,0,0.00,-28,-0.03,1
358,Entry long,2011-10-12 07:15,C0|L|MKT|15|v0.3.0-tier0|SPY,93.41,100,9341,14,0.15,0,31,0.33,0,0.00,-28,-0.03,1
359,Exit short,2011-10-13 07:15,TX15,92.4,100,9228,-12,-0.13,0,16,0.17,-21,-0.23,-40,-0.04,1
359,Entry short,2011-10-13 07:00,C0|S|MKT|15|v0.3.0-tier0|SPY,92.28,100,9228,-12,-0.13,0,16,0.17,-21,-0.23,-40,-0.04,1
360,Exit short,2011-10-14 07:30,TX15,93.79,100,9406,27,0.29,0,28,0.30,0,0.00,-13,-0.01,1
360,Entry short,2011-10-14 07:15,C0|S|MKT|15|v0.3.0-tier0|SPY,94.06,100,9406,27,0.29,0,28,0.30,0,0.00,-13,-0.01,1
361,Exit short,2011-10-17 07:15,TX15,93.76,100,9385,9,0.10,0,13,0.14,-3,-0.03,-4,0.00,1
361,Entry short,2011-10-17 07:00,C0|S|MKT|15|v0.3.0-tier0|SPY,93.85,100,9385,9,0.10,0,13,0.14,-3,-0.03,-4,0.00,1
362,Exit short,2011-10-18 07:15,TX15,92.44,100,9228,-16,-0.17,0,25,0.27,-25,-0.27,-20,-0.02,1
362,Entry short,2011-10-18 07:00,C0|S|MKT|15|v0.3.0-tier0|SPY,92.28,100,9228,-16,-0.17,0,25,0.27,-25,-0.27,-20,-0.02,1
363,Exit long,2011-10-19 07:45,TX15,94.77,100,9499,-22,-0.23,0,3,0.03,-24,-0.25,-42,-0.04,1
363,Entry long,2011-10-19 07:30,C0|L|MKT|15|v0.3.0-tier0|SPY,94.99,100,9499,-22,-0.23,0,3,0.03,-24,-0.25,-42,-0.04,1
364,Exit long,2011-10-20 07:30,TX15,93.62,100,9397,-35,-0.37,0,2,0.02,-48,-0.51,-77,-0.08,1
364,Entry long,2011-10-20 07:15,C0|L|MKT|15|v0.3.0-tier0|SPY,93.97,100,9397,-35,-0.37,0,2,0.02,-48,-0.51,-77,-0.08,1
365,Exit long,2011-10-21 07:15,TX15,95.33,100,9524,9,0.09,0,10,0.10,-14,-0.15,-68,-0.07,1
365,Entry long,2011-10-21 07:00,C0|L|MKT|15|v0.3.0-tier0|SPY,95.24,100,9524,9,0.09,0,10,0.10,-14,-0.15,-68,-0.07,1
366,Exit long,2011-10-24 07:30,TX15,96.54,100,9642,12,0.12,0,21,0.22,-5,-0.05,-56,-0.06,1
366,Entry long,2011-10-24 07:15,C0|L|MKT|15|v0.3.0-tier0|SPY,96.42,100,9642,12,0.12,0,21,0.22,-5,-0.05,-56,-0.06,1
367,Exit short,2011-10-26 07:30,TX15,95.34,100,9520,-14,-0.15,0,13,0.14,-16,-0.17,-70,-0.07,1
367,Entry short,2011-10-26 07:15,C0|S|MKT|15|v0.3.0-tier0|SPY,95.2,100,9520,-14,-0.15,0,13,0.14,-16,-0.17,-70,-0.07,1
368,Exit short,2011-10-27 07:15,TX15,98.08,100,9815,7,0.07,0,19,0.19,-7,-0.07,-63,-0.06,1
368,Entry short,2011-10-27 07:00,C0|S|MKT|15|v0.3.0-tier0|SPY,98.15,100,9815,7,0.07,0,19,0.19,-7,-0.07,-63,-0.06,1
369,Exit long,2011-11-01 07:15,TX15,94.88,100,9469,19,0.20,0,28,0.30,-46,-0.49,-44,-0.04,1
369,Entry long,2011-11-01 07:00,C0|L|MKT|15|v0.3.0-tier0|SPY,94.69,100,9469,19,0.20,0,28,0.30,-46,-0.49,-44,-0.04,1
370,Exit short,2011-11-02 07:15,TX15,95.51,100,9537,-14,-0.15,0,20,0.21,-15,-0.16,-58,-0.06,1
370,Entry short,2011-11-02 07:00,C0|S|MKT|15|v0.3.0-tier0|SPY,95.37,100,9537,-14,-0.15,0,20,0.21,-15,-0.16,-58,-0.06,1
371,Exit short,2011-11-03 07:15,TX15,95.87,100,9602,15,0.16,0,60,0.62,-6,-0.06,-43,-0.04,1
371,Entry short,2011-11-03 07:00,C0|S|MKT|15|v0.3.0-tier0|SPY,96.02,100,9602,15,0.16,0,60,0.62,-6,-0.06,-43,-0.04,1
372,Exit short,2011-11-04 07:15,TX15,96.39,100,9643,4,0.04,0,14,0.15,-10,-0.10,-39,-0.04,1
372,Entry short,2011-11-04 07:00,C0|S|MKT|15|v0.3.0-tier0|SPY,96.43,100,9643,4,0.04,0,14,0.15,-10,-0.10,-39,-0.04,1
373,Exit long,2011-11-08 07:15,TX15,97.94,100,9831,-37,-0.38,0,4,0.04,-58,-0.59,-76,-0.08,1
373,Entry long,2011-11-08 07:00,C0|L|MKT|15|v0.3.0-tier0|SPY,98.31,100,9831,-37,-0.38,0,4,0.04,-58,-0.59,-76,-0.08,1
374,Exit short,2011-11-09 07:15,TX15,96.39,100,9612,-27,-0.28,0,0,0.00,-32,-0.33,-103,-0.10,1
374,Entry short,2011-11-09 07:00,C0|S|MKT|15|v0.3.0-tier0|SPY,96.12,100,9612,-27,-0.28,0,0,0.00,-32,-0.33,-103,-0.10,1
375,Exit short,2011-11-10 07:15,TX15,95.65,100,9570,5,0.05,0,7,0.07,-28,-0.29,-98,-0.10,1
375,Entry short,2011-11-10 07:00,C0|S|MKT|15|v0.3.0-tier0|SPY,95.7,100,9570,5,0.05,0,7,0.07,-28,-0.29,-98,-0.10,1
376,Exit long,2011-11-11 07:45,TX15,97.9,100,9760,30,0.31,0,32,0.33,0,0.00,-68,-0.07,1
376,Entry long,2011-11-11 07:30,C0|L|MKT|15|v0.3.0-tier0|SPY,97.6,100,9760,30,0.31,0,32,0.33,0,0.00,-68,-0.07,1
377,Exit short,2011-11-14 07:15,TX15,97.36,100,9719,-17,-0.17,0,16,0.16,-25,-0.26,-85,-0.08,1
377,Entry short,2011-11-14 07:00,C0|S|MKT|15|v0.3.0-tier0|SPY,97.19,100,9719,-17,-0.17,0,16,0.16,-25,-0.26,-85,-0.08,1
378,Exit long,2011-11-15 07:15,TX15,96.69,100,9699,-30,-0.31,0,4,0.04,-34,-0.35,-115,-0.11,1
378,Entry long,2011-11-15 07:00,C0|L|MKT|15|v0.3.0-tier0|SPY,96.99,100,9699,-30,-0.31,0,4,0.04,-34,-0.35,-115,-0.11,1
379,Exit long,2011-11-16 07:15,TX15,96.49,100,9668,-19,-0.20,0,12,0.12,-29,-0.30,-134,-0.13,1
379,Entry long,2011-11-16 07:00,C0|L|MKT|15|v0.3.0-tier0|SPY,96.68,100,9668,-19,-0.20,0,12,0.12,-29,-0.30,-134,-0.13,1
380,Exit short,2011-11-18 07:45,TX15,94.42,100,9419,-23,-0.24,0,3,0.03,-36,-0.38,-157,-0.16,1
380,Entry short,2011-11-18 07:30,C0|S|MKT|15|v0.3.0-tier0|SPY,94.19,100,9419,-23,-0.24,0,3,0.03,-36,-0.38,-157,-0.16,1
381,Exit short,2011-11-21 07:45,TX15,92.05,100,9229,24,0.26,0,24,0.26,-3,-0.03,-133,-0.13,1
381,Entry short,2011-11-21 07:30,C0|S|MKT|15|v0.3.0-tier0|SPY,92.29,100,9229,24,0.26,0,24,0.26,-3,-0.03,-133,-0.13,1
382,Exit short,2011-11-23 07:15,TX15,90.5,100,9066,16,0.18,0,16,0.18,-11,-0.12,-117,-0.12,1
382,Entry short,2011-11-23 07:00,C0|S|MKT|15|v0.3.0-tier0|SPY,90.66,100,9066,16,0.18,0,16,0.18,-11,-0.12,-117,-0.12,1
383,Exit long,2011-11-25 07:30,TX15,90.61,100,9078,-17,-0.19,0,9,0.10,-19,-0.21,-134,-0.13,1
383,Entry long,2011-11-25 07:15,C0|L|MKT|15|v0.3.0-tier0|SPY,90.78,100,9078,-17,-0.19,0,9,0.10,-19,-0.21,-134,-0.13,1
384,Exit long,2011-11-28 07:15,TX15,92.6,100,9256,4,0.04,0,12,0.13,-10,-0.11,-130,-0.13,1
384,Entry long,2011-11-28 07:00,C0|L|MKT|15|v0.3.0-tier0|SPY,92.56,100,9256,4,0.04,0,12,0.13,-10,-0.11,-130,-0.13,1
385,Exit long,2011-11-29 07:15,TX15,93.04,100,9275,29,0.31,0,54,0.58,-12,-0.13,-101,-0.10,1
385,Entry long,2011-11-29 07:00,C0|L|MKT|15|v0.3.0-tier0|SPY,92.75,100,9275,29,0.31,0,54,0.58,-12,-0.13,-101,-0.10,1
386,Exit long,2011-11-30 07:15,TX15,95.58,100,9573,-15,-0.16,0,12,0.13,-20,-0.21,-116,-0.12,1
386,Entry long,2011-11-30 07:00,C0|L|MKT|15|v0.3.0-tier0|SPY,95.73,100,9573,-15,-0.16,0,12,0.13,-20,-0.21,-116,-0.12,1
387,Exit long,2011-12-01 07:15,TX15,96.75,100,9677,-2,-0.02,0,23,0.24,-16,-0.17,-118,-0.12,1
387,Entry long,2011-12-01 07:00,C0|L|MKT|15|v0.3.0-tier0|SPY,96.77,100,9677,-2,-0.02,0,23,0.24,-16,-0.17,-118,-0.12,1
388,Exit long,2011-12-02 07:30,TX15,97.58,100,9753,5,0.05,0,13,0.13,-2,-0.02,-113,-0.11,1
388,Entry long,2011-12-02 07:15,C0|L|MKT|15|v0.3.0-tier0|SPY,97.53,100,9753,5,0.05,0,13,0.13,-2,-0.02,-113,-0.11,1
389,Exit long,2011-12-05 07:15,TX15,97.96,100,9793,3,0.03,0,6,0.06,-23,-0.23,-110,-0.11,1
389,Entry long,2011-12-05 07:00,C0|L|MKT|15|v0.3.0-tier0|SPY,97.93,100,9793,3,0.03,0,6,0.06,-23,-0.23,-110,-0.11,1
390,Exit short,2011-12-08 07:30,TX15,96.74,100,9694,20,0.21,0,28,0.29,-6,-0.06,-90,-0.09,1
390,Entry short,2011-12-08 07:15,C0|S|MKT|15|v0.3.0-tier0|SPY,96.94,100,9694,20,0.21,0,28,0.29,-6,-0.06,-90,-0.09,1
391,Exit long,2011-12-09 07:30,TX15,96.69,100,9679,-10,-0.10,0,3,0.03,-23,-0.24,-100,-0.10,1
391,Entry long,2011-12-09 07:15,C0|L|MKT|15|v0.3.0-tier0|SPY,96.79,100,9679,-10,-0.10,0,3,0.03,-23,-0.24,-100,-0.10,1
392,Exit short,2011-12-12 07:15,TX15,95.94,100,9590,-4,-0.04,0,13,0.14,-9,-0.09,-104,-0.10,1
392,Entry short,2011-12-12 07:00,C0|S|MKT|15|v0.3.0-tier0|SPY,95.9,100,9590,-4,-0.04,0,13,0.14,-9,-0.09,-104,-0.10,1
393,Exit long,2011-12-13 07:30,TX15,96.51,100,9683,-32,-0.33,0,2,0.02,-32,-0.33,-136,-0.14,1
393,Entry long,2011-12-13 07:15,C0|L|MKT|15|v0.3.0-tier0|SPY,96.83,100,9683,-32,-0.33,0,2,0.02,-32,-0.33,-136,-0.14,1
394,Exit short,2011-12-14 07:30,TX15,94.39,100,9417,-22,-0.23,0,6,0.06,-23,-0.24,-158,-0.16,1
394,Entry short,2011-12-14 07:15,C0|S|MKT|15|v0.3.0-tier0|SPY,94.17,100,9417,-22,-0.23,0,6,0.06,-23,-0.24,-158,-0.16,1
395,Exit short,2011-12-15 07:30,TX15,94.62,100,9466,4,0.04,0,10,0.11,-9,-0.10,-154,-0.15,1
395,Entry short,2011-12-15 07:15,C0|S|MKT|15|v0.3.0-tier0|SPY,94.66,100,9466,4,0.04,0,10,0.11,-9,-0.10,-154,-0.15,1
396,Exit long,2011-12-16 07:30,TX15,95.3,100,9540,-10,-0.10,0,12,0.13,-10,-0.10,-164,-0.16,1
396,Entry long,2011-12-16 07:15,C0|L|MKT|15|v0.3.0-tier0|SPY,95.4,100,9540,-10,-0.10,0,12,0.13,-10,-0.10,-164,-0.16,1
397,Exit short,2011-12-19 07:30,TX15,94.7,100,9474,4,0.04,0,7,0.07,-8,-0.08,-160,-0.16,1
397,Entry short,2011-12-19 07:15,C0|S|MKT|15|v0.3.0-tier0|SPY,94.74,100,9474,4,0.04,0,7,0.07,-8,-0.08,-160,-0.16,1
398,Exit long,2011-12-20 07:45,TX15,95.77,100,9578,-1,-0.01,0,8,0.08,-5,-0.05,-161,-0.16,1
398,Entry long,2011-12-20 07:30,C0|L|MKT|15|v0.3.0-tier0|SPY,95.78,100,9578,-1,-0.01,0,8,0.08,-5,-0.05,-161,-0.16,1
399,Exit long,2011-12-22 07:15,TX15,97.01,100,9708,-7,-0.07,0,12,0.12,-18,-0.19,-168,-0.17,1
399,Entry long,2011-12-22 07:00,C0|L|MKT|15|v0.3.0-tier0|SPY,97.08,100,9708,-7,-0.07,0,12,0.12,-18,-0.19,-168,-0.17,1
400,Exit long,2011-12-27 07:15,TX15,98.51,100,9839,12,0.12,0,14,0.14,-2,-0.02,-156,-0.16,1
400,Entry long,2011-12-27 07:00,C0|L|MKT|15|v0.3.0-tier0|SPY,98.39,100,9839,12,0.12,0,14,0.14,-2,-0.02,-156,-0.16,1
401,Exit short,2011-12-28 07:15,TX15,97.72,100,9770,-2,-0.02,0,7,0.07,-14,-0.14,-158,-0.16,1
401,Entry short,2011-12-28 07:00,C0|S|MKT|15|v0.3.0-tier0|SPY,97.7,100,9770,-2,-0.02,0,7,0.07,-14,-0.14,-158,-0.16,1
402,Exit long,2011-12-29 07:45,TX15,97.75,100,9766,9,0.09,0,15,0.15,0,0.00,-149,-0.15,1
402,Entry long,2011-12-29 07:30,C0|L|MKT|15|v0.3.0-tier0|SPY,97.66,100,9766,9,0.09,0,15,0.15,0,0.00,-149,-0.15,1
403,Exit long,2011-12-30 07:15,TX15,98.05,100,9802,3,0.03,0,13,0.13,-2,-0.02,-146,-0.15,1
403,Entry long,2011-12-30 07:00,C0|L|MKT|15|v0.3.0-tier0|SPY,98.02,100,9802,3,0.03,0,13,0.13,-2,-0.02,-146,-0.15,1
404,Exit long,2012-01-03 07:30,TX15,99.59,100,9965,-6,-0.06,0,9,0.09,-7,-0.07,-152,-0.15,1
404,Entry long,2012-01-03 07:15,C0|L|MKT|15|v0.3.0-tier0|SPY,99.65,100,9965,-6,-0.06,0,9,0.09,-7,-0.07,-152,-0.15,1
405,Exit short,2012-01-04 07:30,TX15,98.61,100,9864,3,0.03,0,8,0.08,-9,-0.09,-149,-0.15,1
405,Entry short,2012-01-04 07:15,C0|S|MKT|15|v0.3.0-tier0|SPY,98.64,100,9864,3,0.03,0,8,0.08,-9,-0.09,-149,-0.15,1
406,Exit short,2012-01-06 07:15,TX15,99.12,100,9901,-11,-0.11,0,9,0.09,-14,-0.14,-160,-0.16,1
406,Entry short,2012-01-06 07:00,C0|S|MKT|15|v0.3.0-tier0|SPY,99.01,100,9901,-11,-0.11,0,9,0.09,-14,-0.14,-160,-0.16,1
407,Exit long,2012-01-09 07:45,TX15,99.32,100,9955,-23,-0.23,0,3,0.03,-23,-0.23,-183,-0.18,1
407,Entry long,2012-01-09 07:30,C0|L|MKT|15|v0.3.0-tier0|SPY,99.55,100,9955,-23,-0.23,0,3,0.03,-23,-0.23,-183,-0.18,1
408,Exit long,2012-01-10 07:30,TX15,100.54,100,10063,-9,-0.09,0,3,0.03,-15,-0.15,-192,-0.19,1
408,Entry long,2012-01-10 07:15,C0|L|MKT|15|v0.3.0-tier0|SPY,100.63,100,10063,-9,-0.09,0,3,0.03,-15,-0.15,-192,-0.19,1
409,Exit short,2012-01-12 07:30,TX15,100.11,100,10010,-1,-0.01,0,12,0.12,-4,-0.04,-193,-0.19,1
409,Entry short,2012-01-12 07:15,C0|S|MKT|15|v0.3.0-tier0|SPY,100.1,100,10010,-1,-0.01,0,12,0.12,-4,-0.04,-193,-0.19,1
410,Exit short,2012-01-13 07:30,TX15,99.52,100,9955,3,0.03,0,32,0.32,-3,-0.03,-190,-0.19,1
410,Entry short,2012-01-13 07:15,C0|S|MKT|15|v0.3.0-tier0|SPY,99.55,100,9955,3,0.03,0,32,0.32,-3,-0.03,-190,-0.19,1
411,Exit short,2012-01-17 07:30,TX15,100.96,100,10093,-3,-0.03,0,13,0.13,-8,-0.08,-193,-0.19,1
411,Entry short,2012-01-17 07:15,C0|S|MKT|15|v0.3.0-tier0|SPY,100.93,100,10093,-3,-0.03,0,13,0.13,-8,-0.08,-193,-0.19,1
412,Exit long,2012-01-18 07:15,TX15,100.94,100,10085,9,0.09,0,16,0.16,0,0.00,-184,-0.18,1
412,Entry long,2012-01-18 07:00,C0|L|MKT|15|v0.3.0-tier0|SPY,100.85,100,10085,9,0.09,0,16,0.16,0,0.00,-184,-0.18,1
413,Exit long,2012-01-19 07:15,TX15,101.78,100,10195,-17,-0.17,0,0,0.00,-33,-0.32,-201,-0.20,1
413,Entry long,2012-01-19 07:00,C0|L|MKT|15|v0.3.0-tier0|SPY,101.95,100,10195,-17,-0.17,0,0,0.00,-33,-0.32,-201,-0.20,1
414,Exit long,2012-01-23 07:15,TX15,102.67,100,10261,6,0.06,0,12,0.12,-2,-0.02,-195,-0.19,1
414,Entry long,2012-01-23 07:00,C0|L|MKT|15|v0.3.0-tier0|SPY,102.61,100,10261,6,0.06,0,12,0.12,-2,-0.02,-195,-0.19,1
415,Exit long,2012-01-24 07:30,TX15,101.75,100,10184,-9,-0.09,0,2,0.02,-10,-0.10,-204,-0.20,1
415,Entry long,2012-01-24 07:15,C0|L|MKT|15|v0.3.0-tier0|SPY,101.84,100,10184,-9,-0.09,0,2,0.02,-10,-0.10,-204,-0.20,1
416,Exit long,2012-01-26 07:15,TX15,103.31,100,10357,-26,-0.25,0,0,0.00,-28,-0.27,-230,-0.23,1
416,Entry long,2012-01-26 07:00,C0|L|MKT|15|v0.3.0-tier0|SPY,103.57,100,10357,-26,-0.25,0,0,0.00,-28,-0.27,-230,-0.23,1
417,Exit long,2012-01-27 07:15,TX15,102.2,100,10236,-16,-0.16,0,2,0.02,-32,-0.31,-246,-0.25,1
417,Entry long,2012-01-27 07:00,C0|L|MKT|15|v0.3.0-tier0|SPY,102.36,100,10236,-16,-0.16,0,2,0.02,-32,-0.31,-246,-0.25,1
418,Exit short,2012-01-30 07:30,TX15,101.15,100,10109,-6,-0.06,0,3,0.03,-19,-0.19,-252,-0.25,1
418,Entry short,2012-01-30 07:15,C0|S|MKT|15|v0.3.0-tier0|SPY,101.09,100,10109,-6,-0.06,0,3,0.03,-19,-0.19,-252,-0.25,1
419,Exit short,2012-01-31 07:30,TX15,102.16,100,10208,-8,-0.08,0,6,0.06,-16,-0.16,-260,-0.26,1
419,Entry short,2012-01-31 07:15,C0|S|MKT|15|v0.3.0-tier0|SPY,102.08,100,10208,-8,-0.08,0,6,0.06,-16,-0.16,-260,-0.26,1
420,Exit long,2012-02-01 07:30,TX15,103.07,100,10314,-7,-0.07,0,3,0.03,-11,-0.11,-267,-0.27,1
420,Entry long,2012-02-01 07:15,C0|L|MKT|15|v0.3.0-tier0|SPY,103.14,100,10314,-7,-0.07,0,3,0.03,-11,-0.11,-267,-0.27,1
421,Exit long,2012-02-03 07:30,TX15,104.27,100,10432,-5,-0.05,0,8,0.08,-7,-0.07,-272,-0.27,1
421,Entry long,2012-02-03 07:15,C0|L|MKT|15|v0.3.0-tier0|SPY,104.32,100,10432,-5,-0.05,0,8,0.08,-7,-0.07,-272,-0.27,1
422,Exit long,2012-02-06 07:15,TX15,104.25,100,10420,5,0.05,0,14,0.13,0,0.00,-267,-0.27,1
422,Entry long,2012-02-06 07:00,C0|L|MKT|15|v0.3.0-tier0|SPY,104.2,100,10420,5,0.05,0,14,0.13,0,0.00,-267,-0.27,1
423,Exit short,2012-02-07 07:15,TX15,104.13,100,10404,-9,-0.09,0,21,0.20,-10,-0.10,-276,-0.28,1
423,Entry short,2012-02-07 07:00,C0|S|MKT|15|v0.3.0-tier0|SPY,104.04,100,10404,-9,-0.09,0,21,0.20,-10,-0.10,-276,-0.28,1
424,Exit long,2012-02-08 07:15,TX15,105.02,100,10498,4,0.04,0,7,0.07,-3,-0.03,-272,-0.27,1
424,Entry long,2012-02-08 07:00,C0|L|MKT|15|v0.3.0-tier0|SPY,104.98,100,10498,4,0.04,0,7,0.07,-3,-0.03,-272,-0.27,1
425,Exit short,2012-02-09 07:45,TX15,104.71,100,10466,-5,-0.05,0,12,0.11,-11,-0.11,-277,-0.28,1
425,Entry short,2012-02-09 07:30,C0|S|MKT|15|v0.3.0-tier0|SPY,104.66,100,10466,-5,-0.05,0,12,0.11,-11,-0.11,-277,-0.28,1
426,Exit short,2012-02-10 07:30,TX15,104.18,100,10401,-17,-0.16,0,2,0.02,-21,-0.20,-294,-0.29,1
426,Entry short,2012-02-10 07:15,C0|S|MKT|15|v0.3.0-tier0|SPY,104.01,100,10401,-17,-0.16,0,2,0.02,-21,-0.20,-294,-0.29,1
427,Exit short,2012-02-13 07:30,TX15,104.87,100,10494,7,0.07,0,14,0.13,0,0.00,-287,-0.29,1
427,Entry short,2012-02-13 07:15,C0|S|MKT|15|v0.3.0-tier0|SPY,104.94,100,10494,7,0.07,0,14,0.13,0,0.00,-287,-0.29,1
428,Exit short,2012-02-14 07:30,TX15,104.78,100,10467,-11,-0.11,0,7,0.07,-13,-0.12,-298,-0.30,1
428,Entry short,2012-02-14 07:15,C0|S|MKT|15|v0.3.0-tier0|SPY,104.67,100,10467,-11,-0.11,0,7,0.07,-13,-0.12,-298,-0.30,1
429,Exit long,2012-02-16 07:30,TX15,104.93,100,10479,14,0.13,0,16,0.15,-5,-0.05,-284,-0.28,1
429,Entry long,2012-02-16 07:15,C0|L|MKT|15|v0.3.0-tier0|SPY,104.79,100,10479,14,0.13,0,16,0.15,-5,-0.05,-284,-0.28,1
430,Exit short,2012-02-17 07:30,TX15,105.89,100,10585,-4,-0.04,0,2,0.02,-11,-0.10,-288,-0.29,1
430,Entry short,2012-02-17 07:15,C0|S|MKT|15|v0.3.0-tier0|SPY,105.85,100,10585,-4,-0.04,0,2,0.02,-11,-0.10,-288,-0.29,1
431,Exit short,2012-02-21 07:15,TX15,106.1,100,10599,-11,-0.10,0,3,0.03,-14,-0.13,-299,-0.30,1
431,Entry short,2012-02-21 07:00,C0|S|MKT|15|v0.3.0-tier0|SPY,105.99,100,10599,-11,-0.10,0,3,0.03,-14,-0.13,-299,-0.30,1
432,Exit long,2012-02-27 07:30,TX15,105.99,100,10589,10,0.09,0,12,0.11,-4,-0.04,-289,-0.29,1
432,Entry long,2012-02-27 07:15,C0|L|MKT|15|v0.3.0-tier0|SPY,105.89,100,10589,10,0.09,0,12,0.11,-4,-0.04,-289,-0.29,1
433,Exit long,2012-02-28 07:15,TX15,106.54,100,10672,-18,-0.17,0,28,0.26,-24,-0.22,-307,-0.31,1
433,Entry long,2012-02-28 07:00,C0|L|MKT|15|v0.3.0-tier0|SPY,106.72,100,10672,-18,-0.17,0,28,0.26,-24,-0.22,-307,-0.31,1
434,Exit long,2012-02-29 07:15,TX15,107.17,100,10728,-11,-0.10,0,8,0.07,-28,-0.26,-318,-0.32,1
434,Entry long,2012-02-29 07:00,C0|L|MKT|15|v0.3.0-tier0|SPY,107.28,100,10728,-11,-0.10,0,8,0.07,-28,-0.26,-318,-0.32,1
435,Exit long,2012-03-01 07:15,TX15,106.83,100,10701,-18,-0.17,0,0,0.00,-48,-0.45,-336,-0.34,1
435,Entry long,2012-03-01 07:00,C0|L|MKT|15|v0.3.0-tier0|SPY,107.01,100,10701,-18,-0.17,0,0,0.00,-48,-0.45,-336,-0.34,1
436,Exit short,2012-03-02 07:15,TX15,106.92,100,10680,-12,-0.11,0,5,0.05,-14,-0.13,-348,-0.35,1
436,Entry short,2012-03-02 07:00,C0|S|MKT|15|v0.3.0-tier0|SPY,106.8,100,10680,-12,-0.11,0,5,0.05,-14,-0.13,-348,-0.35,1
437,Exit short,2012-03-05 07:45,TX15,106.09,100,10606,-3,-0.03,0,7,0.07,-9,-0.08,-351,-0.35,1
437,Entry short,2012-03-05 07:30,C0|S|MKT|15|v0.3.0-tier0|SPY,106.06,100,10606,-3,-0.03,0,7,0.07,-9,-0.08,-351,-0.35,1
438,Exit short,2012-03-06 07:15,TX15,104.91,100,10497,6,0.06,0,11,0.10,-8,-0.08,-345,-0.34,1
438,Entry short,2012-03-06 07:00,C0|S|MKT|15|v0.3.0-tier0|SPY,104.97,100,10497,6,0.06,0,11,0.10,-8,-0.08,-345,-0.34,1
439,Exit short,2012-03-08 07:30,TX15,105.92,100,10591,-1,-0.01,0,6,0.06,-8,-0.08,-346,-0.35,1
439,Entry short,2012-03-08 07:15,C0|S|MKT|15|v0.3.0-tier0|SPY,105.91,100,10591,-1,-0.01,0,6,0.06,-8,-0.08,-346,-0.35,1
440,Exit long,2012-03-09 07:45,TX15,107.05,100,10697,8,0.07,0,18,0.17,0,0.00,-338,-0.34,1
440,Entry long,2012-03-09 07:30,C0|L|MKT|15|v0.3.0-tier0|SPY,106.97,100,10697,8,0.07,0,18,0.17,0,0.00,-338,-0.34,1
441,Exit short,2012-03-12 07:30,TX15,106.72,100,10669,-3,-0.03,0,3,0.03,-14,-0.13,-341,-0.34,1
441,Entry short,2012-03-12 07:15,C0|S|MKT|15|v0.3.0-tier0|SPY,106.69,100,10669,-3,-0.03,0,3,0.03,-14,-0.13,-341,-0.34,1
442,Exit long,2012-03-14 07:15,TX15,109.02,100,10899,3,0.03,0,10,0.09,-7,-0.06,-338,-0.34,1
442,Entry long,2012-03-14 07:00,C0|L|MKT|15|v0.3.0-tier0|SPY,108.99,100,10899,3,0.03,0,10,0.09,-7,-0.06,-338,-0.34,1
443,Exit long,2012-03-15 07:45,TX15,109.02,100,10895,7,0.06,0,11,0.10,-1,-0.01,-331,-0.33,1
443,Entry long,2012-03-15 07:30,C0|L|MKT|15|v0.3.0-tier0|SPY,108.95,100,10895,7,0.06,0,11,0.10,-1,-0.01,-331,-0.33,1
444,Exit short,2012-03-16 07:15,TX15,109.4,100,10935,-5,-0.05,0,2,0.02,-8,-0.07,-336,-0.34,1
444,Entry short,2012-03-16 07:00,C0|S|MKT|15|v0.3.0-tier0|SPY,109.35,100,10935,-5,-0.05,0,2,0.02,-8,-0.07,-336,-0.34,1
445,Exit long,2012-03-19 07:15,TX15,109.57,100,10969,-12,-0.11,0,1,0.01,-20,-0.18,-348,-0.35,1
445,Entry long,2012-03-19 07:00,C0|L|MKT|15|v0.3.0-tier0|SPY,109.69,100,10969,-12,-0.11,0,1,0.01,-20,-0.18,-348,-0.35,1
446,Exit short,2012-03-21 07:30,TX15,109.49,100,10943,-6,-0.05,0,3,0.03,-9,-0.08,-354,-0.35,1
446,Entry short,2012-03-21 07:15,C0|S|MKT|15|v0.3.0-tier0|SPY,109.43,100,10943,-6,-0.05,0,3,0.03,-9,-0.08,-354,-0.35,1
447,Exit short,2012-03-23 07:30,TX15,108.29,100,10825,-4,-0.04,0,1,0.01,-14,-0.13,-358,-0.36,1
447,Entry short,2012-03-23 07:15,C0|S|MKT|15|v0.3.0-tier0|SPY,108.25,100,10825,-4,-0.04,0,1,0.01,-14,-0.13,-358,-0.36,1
448,Exit long,2012-03-26 07:30,TX15,110.03,100,11004,-1,-0.01,0,7,0.06,-2,-0.02,-359,-0.36,1
448,Entry long,2012-03-26 07:15,C0|L|MKT|15|v0.3.0-tier0|SPY,110.04,100,11004,-1,-0.01,0,7,0.06,-2,-0.02,-359,-0.36,1
449,Exit short,2012-03-29 07:30,TX15,108.68,100,10884,16,0.15,0,19,0.17,-5,-0.05,-343,-0.34,1
449,Entry short,2012-03-29 07:15,C0|S|MKT|15|v0.3.0-tier0|SPY,108.84,100,10884,16,0.15,0,19,0.17,-5,-0.05,-343,-0.34,1
450,Exit short,2012-03-30 07:15,TX15,109.72,100,10971,-1,-0.01,0,6,0.05,-10,-0.09,-344,-0.34,1
450,Entry short,2012-03-30 07:00,C0|S|MKT|15|v0.3.0-tier0|SPY,109.71,100,10971,-1,-0.01,0,6,0.05,-10,-0.09,-344,-0.34,1
451,Exit long,2012-04-02 07:30,TX15,110.1,100,11014,-4,-0.04,0,11,0.10,-4,-0.04,-348,-0.35,1
451,Entry long,2012-04-02 07:15,C0|L|MKT|15|v0.3.0-tier0|SPY,110.14,100,11014,-4,-0.04,0,11,0.10,-4,-0.04,-348,-0.35,1
452,Exit short,2012-04-04 07:30,TX15,109.08,100,10924,16,0.15,0,24,0.22,0,0.00,-332,-0.33,1
452,Entry short,2012-04-04 07:15,C0|S|MKT|15|v0.3.0-tier0|SPY,109.24,100,10924,16,0.15,0,24,0.22,0,0.00,-332,-0.33,1
453,Exit long,2012-04-05 07:15,TX15,109.07,100,10899,8,0.07,0,22,0.20,-1,-0.01,-324,-0.32,1
453,Entry long,2012-04-05 07:00,C0|L|MKT|15|v0.3.0-tier0|SPY,108.99,100,10899,8,0.07,0,22,0.20,-1,-0.01,-324,-0.32,1
454,Exit long,2012-04-09 07:45,TX15,107.86,100,10789,-3,-0.03,0,3,0.03,-13,-0.12,-327,-0.33,1
454,Entry long,2012-04-09 07:30,C0|L|MKT|15|v0.3.0-tier0|SPY,107.89,100,10789,-3,-0.03,0,3,0.03,-13,-0.12,-327,-0.33,1
455,Exit short,2012-04-10 07:30,TX15,107.53,100,10752,-1,-0.01,0,17,0.16,-2,-0.02,-328,-0.33,1
455,Entry short,2012-04-10 07:15,C0|S|MKT|15|v0.3.0-tier0|SPY,107.52,100,10752,-1,-0.01,0,17,0.16,-2,-0.02,-328,-0.33,1
456,Exit long,2012-04-12 07:15,TX15,107.57,100,10754,3,0.03,0,7,0.07,-9,-0.08,-325,-0.32,1
456,Entry long,2012-04-12 07:00,C0|L|MKT|15|v0.3.0-tier0|SPY,107.54,100,10754,3,0.03,0,7,0.07,-9,-0.08,-325,-0.32,1
457,Exit short,2012-04-13 07:15,TX15,107.71,100,10760,-11,-0.10,0,5,0.05,-15,-0.14,-336,-0.34,1
457,Entry short,2012-04-13 07:00,C0|S|MKT|15|v0.3.0-tier0|SPY,107.6,100,10760,-11,-0.10,0,5,0.05,-15,-0.14,-336,-0.34,1
458,Exit short,2012-04-16 07:15,TX15,106.76,100,10710,34,0.32,0,44,0.41,-4,-0.04,-302,-0.30,1
458,Entry short,2012-04-16 07:00,C0|S|MKT|15|v0.3.0-tier0|SPY,107.1,100,10710,34,0.32,0,44,0.41,-4,-0.04,-302,-0.30,1
459,Exit long,2012-04-17 07:45,TX15,108.02,100,10795,7,0.06,0,10,0.09,-3,-0.03,-295,-0.29,1
459,Entry long,2012-04-17 07:30,C0|L|MKT|15|v0.3.0-tier0|SPY,107.95,100,10795,7,0.06,0,10,0.09,-3,-0.03,-295,-0.29,1
460,Exit long,2012-04-18 07:15,TX15,108.37,100,10836,1,0.01,0,3,0.03,-12,-0.11,-294,-0.29,1
460,Entry long,2012-04-18 07:00,C0|L|MKT|15|v0.3.0-tier0|SPY,108.36,100,10836,1,0.01,0,3,0.03,-12,-0.11,-294,-0.29,1
461,Exit long,2012-04-19 07:15,TX15,107.82,100,10830,-48,-0.44,0,0,0.00,-64,-0.59,-342,-0.34,1
461,Entry long,2012-04-19 07:00,C0|L|MKT|15|v0.3.0-tier0|SPY,108.3,100,10830,-48,-0.44,0,0,0.00,-64,-0.59,-342,-0.34,1
462,Exit long,2012-04-20 07:15,TX15,108.06,100,10809,-3,-0.03,0,3,0.03,-25,-0.23,-345,-0.34,1
462,Entry long,2012-04-20 07:00,C0|L|MKT|15|v0.3.0-tier0|SPY,108.09,100,10809,-3,-0.03,0,3,0.03,-25,-0.23,-345,-0.34,1
463,Exit short,2012-04-23 07:30,TX15,106.27,100,10624,-3,-0.03,0,16,0.15,-8,-0.08,-348,-0.35,1
463,Entry short,2012-04-23 07:15,C0|S|MKT|15|v0.3.0-tier0|SPY,106.24,100,10624,-3,-0.03,0,16,0.15,-8,-0.08,-348,-0.35,1
464,Exit long,2012-04-24 07:30,TX15,107.19,100,10721,-2,-0.02,0,5,0.05,-7,-0.07,-350,-0.35,1
464,Entry long,2012-04-24 07:15,C0|L|MKT|15|v0.3.0-tier0|SPY,107.21,100,10721,-2,-0.02,0,5,0.05,-7,-0.07,-350,-0.35,1
465,Exit long,2012-04-25 07:15,TX15,108.32,100,10851,-19,-0.18,0,2,0.02,-26,-0.24,-369,-0.37,1
465,Entry long,2012-04-25 07:00,C0|L|MKT|15|v0.3.0-tier0|SPY,108.51,100,10851,-19,-0.18,0,2,0.02,-26,-0.24,-369,-0.37,1
466,Exit long,2012-04-26 07:30,TX15,108.63,100,10869,-6,-0.06,0,7,0.06,-9,-0.08,-375,-0.37,1
466,Entry long,2012-04-26 07:15,C0|L|MKT|15|v0.3.0-tier0|SPY,108.69,100,10869,-6,-0.06,0,7,0.06,-9,-0.08,-375,-0.37,1
467,Exit short,2012-04-27 07:15,TX15,109.14,100,10941,27,0.25,0,31,0.28,-1,-0.01,-348,-0.35,1
467,Entry short,2012-04-27 07:00,C0|S|MKT|15|v0.3.0-tier0|SPY,109.41,100,10941,27,0.25,0,31,0.28,-1,-0.01,-348,-0.35,1
468,Exit short,2012-04-30 07:15,TX15,109.21,100,10903,-18,-0.17,0,7,0.06,-18,-0.17,-366,-0.37,1
468,Entry short,2012-04-30 07:00,C0|S|MKT|15|v0.3.0-tier0|SPY,109.03,100,10903,-18,-0.17,0,7,0.06,-18,-0.17,-366,-0.37,1
469,Exit short,2012-05-01 07:15,TX15,109.81,100,10902,-79,-0.72,0,1,0.01,-81,-0.74,-445,-0.44,1
469,Entry short,2012-05-01 07:00,C0|S|MKT|15|v0.3.0-tier0|SPY,109.02,100,10902,-79,-0.72,0,1,0.01,-81,-0.74,-445,-0.44,1
470,Exit short,2012-05-02 07:30,TX15,108.91,100,10901,10,0.09,0,14,0.13,0,0.00,-435,-0.43,1
470,Entry short,2012-05-02 07:15,C0|S|MKT|15|v0.3.0-tier0|SPY,109.01,100,10901,10,0.09,0,14,0.13,0,0.00,-435,-0.43,1
471,Exit short,2012-05-03 07:30,TX15,109.14,100,10914,0,0.00,0,18,0.16,0,0.00,-435,-0.43,1
471,Entry short,2012-05-03 07:15,C0|S|MKT|15|v0.3.0-tier0|SPY,109.14,100,10914,0,0.00,0,18,0.16,0,0.00,-435,-0.43,1
472,Exit short,2012-05-04 07:15,TX15,107.65,100,10774,9,0.08,0,16,0.15,-2,-0.02,-426,-0.43,1
472,Entry short,2012-05-04 07:00,C0|S|MKT|15|v0.3.0-tier0|SPY,107.74,100,10774,9,0.08,0,16,0.15,-2,-0.02,-426,-0.43,1
473,Exit short,2012-05-08 07:30,TX15,105.86,100,10596,10,0.09,0,10,0.09,-15,-0.14,-416,-0.42,1
473,Entry short,2012-05-08 07:15,C0|S|MKT|15|v0.3.0-tier0|SPY,105.96,100,10596,10,0.09,0,10,0.09,-15,-0.14,-416,-0.42,1
474,Exit short,2012-05-09 07:45,TX15,105.51,100,10498,-53,-0.50,0,0,0.00,-56,-0.53,-469,-0.47,1
474,Entry short,2012-05-09 07:30,C0|S|MKT|15|v0.3.0-tier0|SPY,104.98,100,10498,-53,-0.50,0,0,0.00,-56,-0.53,-469,-0.47,1
475,Exit short,2012-05-10 07:45,TX15,106.41,100,10630,-11,-0.10,0,11,0.10,-16,-0.15,-480,-0.48,1
475,Entry short,2012-05-10 07:30,C0|S|MKT|15|v0.3.0-tier0|SPY,106.3,100,10630,-11,-0.10,0,11,0.10,-16,-0.15,-480,-0.48,1
476,Exit long,2012-05-11 07:15,TX15,105.99,100,10589,10,0.09,0,33,0.31,0,0.00,-470,-0.47,1
476,Entry long,2012-05-11 07:00,C0|L|MKT|15|v0.3.0-tier0|SPY,105.89,100,10589,10,0.09,0,33,0.31,0,0.00,-470,-0.47,1
477,Exit short,2012-05-14 07:30,TX15,104.52,100,10458,6,0.06,0,9,0.09,-10,-0.10,-464,-0.46,1
477,Entry short,2012-05-14 07:15,C0|S|MKT|15|v0.3.0-tier0|SPY,104.58,100,10458,6,0.06,0,9,0.09,-10,-0.10,-464,-0.46,1
478,Exit long,2012-05-15 07:45,TX15,104.92,100,10510,-18,-0.17,0,0,0.00,-21,-0.20,-482,-0.48,1
478,Entry long,2012-05-15 07:30,C0|L|MKT|15|v0.3.0-tier0|SPY,105.1,100,10510,-18,-0.17,0,0,0.00,-21,-0.20,-482,-0.48,1
479,Exit long,2012-05-16 07:15,TX15,104.73,100,10484,-11,-0.10,0,11,0.10,-16,-0.15,-493,-0.49,1
479,Entry long,2012-05-16 07:00,C0|L|MKT|15|v0.3.0-tier0|SPY,104.84,100,10484,-11,-0.10,0,11,0.10,-16,-0.15,-493,-0.49,1
480,Exit long,2012-05-21 07:45,TX15,102.32,100,10216,16,0.16,0,23,0.23,0,0.00,-477,-0.48,1
480,Entry long,2012-05-21 07:30,C0|L|MKT|15|v0.3.0-tier0|SPY,102.16,100,10216,16,0.16,0,23,0.23,0,0.00,-477,-0.48,1
481,Exit long,2012-05-22 07:30,TX15,103.68,100,10365,3,0.03,0,15,0.14,0,0.00,-474,-0.47,1
481,Entry long,2012-05-22 07:15,C0|L|MKT|15|v0.3.0-tier0|SPY,103.65,100,10365,3,0.03,0,15,0.14,0,0.00,-474,-0.47,1
482,Exit short,2012-05-23 07:45,TX15,101.86,100,10203,17,0.17,0,32,0.31,-3,-0.03,-457,-0.46,1
482,Entry short,2012-05-23 07:30,C0|S|MKT|15|v0.3.0-tier0|SPY,102.03,100,10203,17,0.17,0,32,0.31,-3,-0.03,-457,-0.46,1
483,Exit short,2012-05-24 07:15,TX15,103.17,100,10313,-4,-0.04,0,14,0.14,-21,-0.20,-461,-0.46,1
483,Entry short,2012-05-24 07:00,C0|S|MKT|15|v0.3.0-tier0|SPY,103.13,100,10313,-4,-0.04,0,14,0.14,-21,-0.20,-461,-0.46,1
484,Exit long,2012-05-29 07:15,TX15,104.24,100,10406,18,0.17,0,24,0.23,-23,-0.22,-443,-0.44,1
484,Entry long,2012-05-29 07:00,C0|L|MKT|15|v0.3.0-tier0|SPY,104.06,100,10406,18,0.17,0,24,0.23,-23,-0.22,-443,-0.44,1
485,Exit short,2012-05-31 07:15,TX15,101.99,100,10219,20,0.20,0,30,0.29,-8,-0.08,-423,-0.42,1
485,Entry short,2012-05-31 07:00,C0|S|MKT|15|v0.3.0-tier0|SPY,102.19,100,10219,20,0.20,0,30,0.29,-8,-0.08,-423,-0.42,1
486,Exit short,2012-06-01 07:15,TX15,100.97,100,10093,-4,-0.04,0,10,0.10,-32,-0.32,-427,-0.43,1
486,Entry short,2012-06-01 07:00,C0|S|MKT|15|v0.3.0-tier0|SPY,100.93,100,10093,-4,-0.04,0,10,0.10,-32,-0.32,-427,-0.43,1
487,Exit short,2012-06-04 07:15,TX15,99.86,100,9987,1,0.01,0,34,0.34,-1,-0.01,-426,-0.43,1
487,Entry short,2012-06-04 07:00,C0|S|MKT|15|v0.3.0-tier0|SPY,99.87,100,9987,1,0.01,0,34,0.34,-1,-0.01,-426,-0.43,1
488,Exit long,2012-06-05 07:15,TX15,100.48,100,10019,29,0.29,0,39,0.39,0,0.00,-397,-0.40,1
488,Entry long,2012-06-05 07:00,C0|L|MKT|15|v0.3.0-tier0|SPY,100.19,100,10019,29,0.29,0,39,0.39,0,0.00,-397,-0.40,1
489,Exit long,2012-06-06 07:15,TX15,102.08,100,10196,12,0.12,0,13,0.13,-3,-0.03,-385,-0.38,1
489,Entry long,2012-06-06 07:00,C0|L|MKT|15|v0.3.0-tier0|SPY,101.96,100,10196,12,0.12,0,13,0.13,-3,-0.03,-385,-0.38,1
490,Exit short,2012-06-07 07:30,TX15,103.72,100,10358,-14,-0.14,0,21,0.20,-20,-0.19,-399,-0.40,1
490,Entry short,2012-06-07 07:15,C0|S|MKT|15|v0.3.0-tier0|SPY,103.58,100,10358,-14,-0.14,0,21,0.20,-20,-0.19,-399,-0.40,1
491,Exit long,2012-06-08 07:45,TX15,103.02,100,10285,17,0.17,0,17,0.17,-4,-0.04,-382,-0.38,1
491,Entry long,2012-06-08 07:30,C0|L|MKT|15|v0.3.0-tier0|SPY,102.85,100,10285,17,0.17,0,17,0.17,-4,-0.04,-382,-0.38,1
492,Exit short,2012-06-11 07:15,TX15,103.9,100,10398,8,0.08,0,22,0.21,-17,-0.16,-374,-0.37,1
492,Entry short,2012-06-11 07:00,C0|S|MKT|15|v0.3.0-tier0|SPY,103.98,100,10398,8,0.08,0,22,0.21,-17,-0.16,-374,-0.37,1
493,Exit short,2012-06-12 07:30,TX15,102.56,100,10249,-7,-0.07,0,5,0.05,-21,-0.20,-381,-0.38,1
493,Entry short,2012-06-12 07:15,C0|S|MKT|15|v0.3.0-tier0|SPY,102.49,100,10249,-7,-0.07,0,5,0.05,-21,-0.20,-381,-0.38,1
494,Exit long,2012-06-13 07:30,TX15,103.56,100,10356,0,0.00,0,12,0.12,-10,-0.10,-381,-0.38,1
494,Entry long,2012-06-13 07:15,C0|L|MKT|15|v0.3.0-tier0|SPY,103.56,100,10356,0,0.00,0,12,0.12,-10,-0.10,-381,-0.38,1
495,Exit long,2012-06-14 07:15,TX15,103.59,100,10356,3,0.03,0,18,0.17,0,0.00,-378,-0.38,1
495,Entry long,2012-06-14 07:00,C0|L|MKT|15|v0.3.0-tier0|SPY,103.56,100,10356,3,0.03,0,18,0.17,0,0.00,-378,-0.38,1
496,Exit long,2012-06-15 07:30,TX15,104.67,100,10474,-7,-0.07,0,3,0.03,-19,-0.18,-385,-0.38,1
496,Entry long,2012-06-15 07:15,C0|L|MKT|15|v0.3.0-tier0|SPY,104.74,100,10474,-7,-0.07,0,3,0.03,-19,-0.18,-385,-0.38,1
497,Exit long,2012-06-18 07:30,TX15,105.31,100,10507,24,0.23,0,29,0.28,-5,-0.05,-361,-0.36,1
497,Entry long,2012-06-18 07:15,C0|L|MKT|15|v0.3.0-tier0|SPY,105.07,100,10507,24,0.23,0,29,0.28,-5,-0.05,-361,-0.36,1
498,Exit long,2012-06-19 07:15,TX15,106.35,100,10622,13,0.12,0,13,0.12,-4,-0.04,-348,-0.35,1
498,Entry long,2012-06-19 07:00,C0|L|MKT|15|v0.3.0-tier0|SPY,106.22,100,10622,13,0.12,0,13,0.12,-4,-0.04,-348,-0.35,1
499,Exit short,2012-06-21 07:30,TX15,105.78,100,10587,9,0.09,0,18,0.17,-7,-0.07,-339,-0.34,1
499,Entry short,2012-06-21 07:15,C0|S|MKT|15|v0.3.0-tier0|SPY,105.87,100,10587,9,0.09,0,18,0.17,-7,-0.07,-339,-0.34,1
500,Exit short,2012-06-25 07:45,TX15,102.99,100,10296,-3,-0.03,0,2,0.02,-16,-0.16,-342,-0.34,1
500,Entry short,2012-06-25 07:30,C0|S|MKT|15|v0.3.0-tier0|SPY,102.96,100,10296,-3,-0.03,0,2,0.02,-16,-0.16,-342,-0.34,1
501,Exit short,2012-06-26 07:45,TX15,103.08,100,10304,-4,-0.04,0,8,0.08,-11,-0.11,-346,-0.35,1
501,Entry short,2012-06-26 07:30,C0|S|MKT|15|v0.3.0-tier0|SPY,103.04,100,10304,-4,-0.04,0,8,0.08,-11,-0.11,-346,-0.35,1
502,Exit long,2012-06-27 07:30,TX15,104.38,100,10440,-2,-0.02,0,6,0.06,-10,-0.10,-348,-0.35,1
502,Entry long,2012-06-27 07:15,C0|L|MKT|15|v0.3.0-tier0|SPY,104.4,100,10440,-2,-0.02,0,6,0.06,-10,-0.10,-348,-0.35,1
503,Exit long,2012-06-29 07:45,TX15,106.22,100,10628,-6,-0.06,0,2,0.02,-14,-0.13,-354,-0.35,1
503,Entry long,2012-06-29 07:30,C0|L|MKT|15|v0.3.0-tier0|SPY,106.28,100,10628,-6,-0.06,0,2,0.02,-14,-0.13,-354,-0.35,1
504,Exit short,2012-07-02 07:30,TX15,106.52,100,10656,4,0.04,0,5,0.05,-20,-0.19,-350,-0.35,1
504,Entry short,2012-07-02 07:15,C0|S|MKT|15|v0.3.0-tier0|SPY,106.56,100,10656,4,0.04,0,5,0.05,-20,-0.19,-350,-0.35,1
505,Exit long,2012-07-03 07:15,TX15,107.35,100,10730,5,0.05,0,18,0.17,-1,-0.01,-345,-0.34,1
505,Entry long,2012-07-03 07:00,C0|L|MKT|15|v0.3.0-tier0|SPY,107.3,100,10730,5,0.05,0,18,0.17,-1,-0.01,-345,-0.34,1
506,Exit short,2012-07-05 07:15,TX15,106.99,100,10715,16,0.15,0,25,0.23,-6,-0.06,-329,-0.33,1
506,Entry short,2012-07-05 07:00,C0|S|MKT|15|v0.3.0-tier0|SPY,107.15,100,10715,16,0.15,0,25,0.23,-6,-0.06,-329,-0.33,1
507,Exit short,2012-07-06 07:30,TX15,106.3,100,10621,-9,-0.08,0,9,0.08,-17,-0.16,-338,-0.34,1
507,Entry short,2012-07-06 07:15,C0|S|MKT|15|v0.3.0-tier0|SPY,106.21,100,10621,-9,-0.08,0,9,0.08,-17,-0.16,-338,-0.34,1
508,Exit short,2012-07-09 07:15,TX15,105.94,100,10591,-3,-0.03,0,13,0.12,-8,-0.08,-341,-0.34,1
508,Entry short,2012-07-09 07:00,C0|S|MKT|15|v0.3.0-tier0|SPY,105.91,100,10591,-3,-0.03,0,13,0.12,-8,-0.08,-341,-0.34,1
509,Exit short,2012-07-10 07:15,TX15,106.25,100,10658,33,0.31,0,33,0.31,-11,-0.10,-308,-0.31,1
509,Entry short,2012-07-10 07:00,C0|S|MKT|15|v0.3.0-tier0|SPY,106.58,100,10658,33,0.31,0,33,0.31,-11,-0.10,-308,-0.31,1
510,Exit long,2012-07-11 07:15,TX15,105.4,100,10536,4,0.04,0,22,0.21,-5,-0.05,-304,-0.30,1
510,Entry long,2012-07-11 07:00,C0|L|MKT|15|v0.3.0-tier0|SPY,105.36,100,10536,4,0.04,0,22,0.21,-5,-0.05,-304,-0.30,1
511,Exit long,2012-07-13 07:15,TX15,105.99,100,10576,23,0.22,0,40,0.38,-5,-0.05,-281,-0.28,1
511,Entry long,2012-07-13 07:00,C0|L|MKT|15|v0.3.0-tier0|SPY,105.76,100,10576,23,0.22,0,40,0.38,-5,-0.05,-281,-0.28,1
512,Exit short,2012-07-16 07:15,TX15,105.91,100,10590,-1,-0.01,0,9,0.08,-8,-0.08,-282,-0.28,1
512,Entry short,2012-07-16 07:00,C0|S|MKT|15|v0.3.0-tier0|SPY,105.9,100,10590,-1,-0.01,0,9,0.08,-8,-0.08,-282,-0.28,1
513,Exit short,2012-07-17 07:15,TX15,106.18,100,10649,31,0.29,0,56,0.53,-2,-0.02,-251,-0.25,1
513,Entry short,2012-07-17 07:00,C0|S|MKT|15|v0.3.0-tier0|SPY,106.49,100,10649,31,0.29,0,56,0.53,-2,-0.02,-251,-0.25,1
514,Exit long,2012-07-18 07:15,TX15,107.41,100,10730,11,0.10,0,24,0.22,-2,-0.02,-240,-0.24,1
514,Entry long,2012-07-18 07:00,C0|L|MKT|15|v0.3.0-tier0|SPY,107.3,100,10730,11,0.10,0,24,0.22,-2,-0.02,-240,-0.24,1
515,Exit short,2012-07-19 07:30,TX15,107.86,100,10772,-14,-0.13,0,5,0.05,-23,-0.21,-254,-0.25,1
515,Entry short,2012-07-19 07:15,C0|S|MKT|15|v0.3.0-tier0|SPY,107.72,100,10772,-14,-0.13,0,5,0.05,-23,-0.21,-254,-0.25,1
516,Exit short,2012-07-23 07:30,TX15,105.18,100,10507,-11,-0.10,0,6,0.06,-14,-0.13,-265,-0.26,1
516,Entry short,2012-07-23 07:15,C0|S|MKT|15|v0.3.0-tier0|SPY,105.07,100,10507,-11,-0.10,0,6,0.06,-14,-0.13,-265,-0.26,1
517,Exit short,2012-07-24 07:15,TX15,105.54,100,10562,8,0.08,0,11,0.10,-13,-0.12,-257,-0.26,1
517,Entry short,2012-07-24 07:00,C0|S|MKT|15|v0.3.0-tier0|SPY,105.62,100,10562,8,0.08,0,11,0.10,-13,-0.12,-257,-0.26,1
518,Exit short,2012-07-25 07:15,TX15,105.04,100,10515,11,0.10,0,30,0.29,-1,-0.01,-246,-0.25,1
518,Entry short,2012-07-25 07:00,C0|S|MKT|15|v0.3.0-tier0|SPY,105.15,100,10515,11,0.10,0,30,0.29,-1,-0.01,-246,-0.25,1
519,Exit long,2012-07-27 07:15,TX15,107.55,100,10757,-2,-0.02,0,15,0.14,-6,-0.06,-248,-0.25,1
519,Entry long,2012-07-27 07:00,C0|L|MKT|15|v0.3.0-tier0|SPY,107.57,100,10757,-2,-0.02,0,15,0.14,-6,-0.06,-248,-0.25,1
520,Exit long,2012-07-30 07:15,TX15,109.03,100,10900,3,0.03,0,7,0.06,-8,-0.07,-245,-0.24,1
520,Entry long,2012-07-30 07:00,C0|L|MKT|15|v0.3.0-tier0|SPY,109,100,10900,3,0.03,0,7,0.06,-8,-0.07,-245,-0.24,1
521,Exit short,2012-08-01 07:30,TX15,108.41,100,10839,-2,-0.02,0,16,0.15,-3,-0.03,-247,-0.25,1
521,Entry short,2012-08-01 07:15,C0|S|MKT|15|v0.3.0-tier0|SPY,108.39,100,10839,-2,-0.02,0,16,0.15,-3,-0.03,-247,-0.25,1
522,Exit long,2012-08-02 07:15,TX15,107.65,100,10749,16,0.15,0,23,0.21,-22,-0.20,-231,-0.23,1
522,Entry long,2012-08-02 07:00,C0|L|MKT|15|v0.3.0-tier0|SPY,107.49,100,10749,16,0.15,0,23,0.21,-22,-0.20,-231,-0.23,1
523,Exit long,2012-08-03 07:15,TX15,109.17,100,10903,14,0.13,0,25,0.23,0,0.00,-217,-0.22,1
523,Entry long,2012-08-03 07:00,C0|L|MKT|15|v0.3.0-tier0|SPY,109.03,100,10903,14,0.13,0,25,0.23,0,0.00,-217,-0.22,1
524,Exit long,2012-08-06 07:15,TX15,109.8,100,10980,0,0.00,0,11,0.10,-2,-0.02,-217,-0.22,1
524,Entry long,2012-08-06 07:00,C0|L|MKT|15|v0.3.0-tier0|SPY,109.8,100,10980,0,0.00,0,11,0.10,-2,-0.02,-217,-0.22,1
525,Exit long,2012-08-07 07:15,TX15,110.26,100,11015,11,0.10,0,13,0.12,-7,-0.06,-206,-0.21,1
525,Entry long,2012-08-07 07:00,C0|L|MKT|15|v0.3.0-tier0|SPY,110.15,100,11015,11,0.10,0,13,0.12,-7,-0.06,-206,-0.21,1
526,Exit long,2012-08-08 07:30,TX15,109.93,100,10994,-1,-0.01,0,6,0.05,-4,-0.04,-207,-0.21,1
526,Entry long,2012-08-08 07:15,C0|L|MKT|15|v0.3.0-tier0|SPY,109.94,100,10994,-1,-0.01,0,6,0.05,-4,-0.04,-207,-0.21,1
527,Exit long,2012-08-10 07:30,TX15,110.04,100,11009,-5,-0.05,0,3,0.03,-9,-0.08,-212,-0.21,1
527,Entry long,2012-08-10 07:15,C0|L|MKT|15|v0.3.0-tier0|SPY,110.09,100,11009,-5,-0.05,0,3,0.03,-9,-0.08,-212,-0.21,1
528,Exit short,2012-08-13 07:45,TX15,110.12,100,11012,0,0.00,0,12,0.11,0,0.00,-212,-0.21,1
528,Entry short,2012-08-13 07:30,C0|S|MKT|15|v0.3.0-tier0|SPY,110.12,100,11012,0,0.00,0,12,0.11,0,0.00,-212,-0.21,1
529,Exit long,2012-08-15 07:15,TX15,110.56,100,11057,-1,-0.01,0,9,0.08,-5,-0.05,-213,-0.21,1
529,Entry long,2012-08-15 07:00,C0|L|MKT|15|v0.3.0-tier0|SPY,110.57,100,11057,-1,-0.01,0,9,0.08,-5,-0.05,-213,-0.21,1
530,Exit short,2012-08-20 07:15,TX15,111.2,100,11124,4,0.04,0,8,0.07,-5,-0.04,-209,-0.21,1
530,Entry short,2012-08-20 07:00,C0|S|MKT|15|v0.3.0-tier0|SPY,111.24,100,11124,4,0.04,0,8,0.07,-5,-0.04,-209,-0.21,1
531,Exit long,2012-08-21 07:15,TX15,112.04,100,11196,8,0.07,0,13,0.12,0,0.00,-201,-0.20,1
531,Entry long,2012-08-21 07:00,C0|L|MKT|15|v0.3.0-tier0|SPY,111.96,100,11196,8,0.07,0,13,0.12,0,0.00,-201,-0.20,1
532,Exit long,2012-08-22 07:15,TX15,111.03,100,11107,-4,-0.04,0,7,0.06,-11,-0.10,-205,-0.20,1
532,Entry long,2012-08-22 07:00,C0|L|MKT|15|v0.3.0-tier0|SPY,111.07,100,11107,-4,-0.04,0,7,0.06,-11,-0.10,-205,-0.20,1
533,Exit short,2012-08-23 07:15,TX15,110.49,100,11058,9,0.08,0,14,0.13,-15,-0.14,-196,-0.20,1
533,Entry short,2012-08-23 07:00,C0|S|MKT|15|v0.3.0-tier0|SPY,110.58,100,11058,9,0.08,0,14,0.13,-15,-0.14,-196,-0.20,1
534,Exit short,2012-08-27 07:15,TX15,110.93,100,11093,0,0.00,0,4,0.04,-10,-0.09,-196,-0.20,1
534,Entry short,2012-08-27 07:00,C0|S|MKT|15|v0.3.0-tier0|SPY,110.93,100,11093,0,0.00,0,4,0.04,-10,-0.09,-196,-0.20,1
535,Exit long,2012-08-28 07:45,TX15,111.08,100,11114,-6,-0.05,0,11,0.10,-7,-0.06,-202,-0.20,1
535,Entry long,2012-08-28 07:30,C0|L|MKT|15|v0.3.0-tier0|SPY,111.14,100,11114,-6,-0.05,0,11,0.10,-7,-0.06,-202,-0.20,1
536,Exit short,2012-08-29 07:15,TX15,111.05,100,11089,-16,-0.14,0,4,0.04,-16,-0.14,-218,-0.22,1
536,Entry short,2012-08-29 07:00,C0|S|MKT|15|v0.3.0-tier0|SPY,110.89,100,11089,-16,-0.14,0,4,0.04,-16,-0.14,-218,-0.22,1
537,Exit short,2012-08-30 07:45,TX15,110.12,100,11016,4,0.04,0,8,0.07,-4,-0.04,-214,-0.21,1
537,Entry short,2012-08-30 07:30,C0|S|MKT|15|v0.3.0-tier0|SPY,110.16,100,11016,4,0.04,0,8,0.07,-4,-0.04,-214,-0.21,1
538,Exit short,2012-08-31 07:30,TX15,110.72,100,11044,-28,-0.25,0,7,0.06,-49,-0.44,-242,-0.24,1
538,Entry short,2012-08-31 07:15,C0|S|MKT|15|v0.3.0-tier0|SPY,110.44,100,11044,-28,-0.25,0,7,0.06,-49,-0.44,-242,-0.24,1
539,Exit short,2012-09-04 07:30,TX15,110.15,100,11017,2,0.02,0,5,0.05,-10,-0.09,-240,-0.24,1
539,Entry short,2012-09-04 07:15,C0|S|MKT|15|v0.3.0-tier0|SPY,110.17,100,11017,2,0.02,0,5,0.05,-10,-0.09,-240,-0.24,1
540,Exit long,2012-09-05 07:45,TX15,110.81,100,11085,-4,-0.04,0,11,0.10,-10,-0.09,-244,-0.24,1
540,Entry long,2012-09-05 07:30,C0|L|MKT|15|v0.3.0-tier0|SPY,110.85,100,11085,-4,-0.04,0,11,0.10,-10,-0.09,-244,-0.24,1
541,Exit long,2012-09-06 07:30,TX15,112.16,100,11202,14,0.12,0,15,0.13,0,0.00,-230,-0.23,1
541,Entry long,2012-09-06 07:15,C0|L|MKT|15|v0.3.0-tier0|SPY,112.02,100,11202,14,0.12,0,15,0.13,0,0.00,-230,-0.23,1
542,Exit long,2012-09-10 07:45,TX15,113.12,100,11324,-12,-0.11,0,2,0.02,-12,-0.11,-242,-0.24,1
542,Entry long,2012-09-10 07:30,C0|L|MKT|15|v0.3.0-tier0|SPY,113.24,100,11324,-12,-0.11,0,2,0.02,-12,-0.11,-242,-0.24,1
543,Exit long,2012-09-11 07:15,TX15,112.94,100,11296,-2,-0.02,0,4,0.04,-9,-0.08,-244,-0.24,1
543,Entry long,2012-09-11 07:00,C0|L|MKT|15|v0.3.0-tier0|SPY,112.96,100,11296,-2,-0.02,0,4,0.04,-9,-0.08,-244,-0.24,1
544,Exit short,2012-09-12 07:45,TX15,113,100,11311,11,0.10,0,17,0.15,-2,-0.02,-233,-0.23,1
544,Entry short,2012-09-12 07:30,C0|S|MKT|15|v0.3.0-tier0|SPY,113.11,100,11311,11,0.10,0,17,0.15,-2,-0.02,-233,-0.23,1
545,Exit long,2012-09-14 07:30,TX15,115.98,100,11598,0,0.00,0,19,0.16,-2,-0.02,-233,-0.23,1
545,Entry long,2012-09-14 07:15,C0|L|MKT|15|v0.3.0-tier0|SPY,115.98,100,11598,0,0.00,0,19,0.16,-2,-0.02,-233,-0.23,1
546,Exit long,2012-09-19 07:30,TX15,115.08,100,11522,-14,-0.12,0,4,0.03,-15,-0.13,-247,-0.25,1
546,Entry long,2012-09-19 07:15,C0|L|MKT|15|v0.3.0-tier0|SPY,115.22,100,11522,-14,-0.12,0,4,0.03,-15,-0.13,-247,-0.25,1
547,Exit short,2012-09-20 07:15,TX15,114.6,100,11431,-29,-0.25,0,2,0.02,-33,-0.29,-276,-0.28,1
547,Entry short,2012-09-20 07:00,C0|S|MKT|15|v0.3.0-tier0|SPY,114.31,100,11431,-29,-0.25,0,2,0.02,-33,-0.29,-276,-0.28,1
548,Exit short,2012-09-25 07:15,TX15,115.21,100,11499,-22,-0.19,0,0,0.00,-29,-0.25,-298,-0.30,1
548,Entry short,2012-09-25 07:00,C0|S|MKT|15|v0.3.0-tier0|SPY,114.99,100,11499,-22,-0.19,0,0,0.00,-29,-0.25,-298,-0.30,1
549,Exit short,2012-09-26 07:30,TX15,112.98,100,11328,30,0.26,0,30,0.26,-2,-0.02,-268,-0.27,1
549,Entry short,2012-09-26 07:15,C0|S|MKT|15|v0.3.0-tier0|SPY,113.28,100,11328,30,0.26,0,30,0.26,-2,-0.02,-268,-0.27,1
550,Exit short,2012-09-27 07:15,TX15,113.3,100,11331,1,0.01,0,14,0.12,-7,-0.06,-267,-0.27,1
550,Entry short,2012-09-27 07:00,C0|S|MKT|15|v0.3.0-tier0|SPY,113.31,100,11331,1,0.01,0,14,0.12,-7,-0.06,-267,-0.27,1
551,Exit short,2012-09-28 07:15,TX15,113.43,100,11328,-15,-0.13,0,2,0.02,-21,-0.19,-282,-0.28,1
551,Entry short,2012-09-28 07:00,C0|S|MKT|15|v0.3.0-tier0|SPY,113.28,100,11328,-15,-0.13,0,2,0.02,-21,-0.19,-282,-0.28,1
552,Exit long,2012-10-01 07:30,TX15,114.68,100,11476,-8,-0.07,0,5,0.04,-16,-0.14,-290,-0.29,1
552,Entry long,2012-10-01 07:15,C0|L|MKT|15|v0.3.0-tier0|SPY,114.76,100,11476,-8,-0.07,0,5,0.04,-16,-0.14,-290,-0.29,1
553,Exit short,2012-10-02 07:30,TX15,114.12,100,11397,-15,-0.13,0,6,0.05,-16,-0.14,-305,-0.30,1
553,Entry short,2012-10-02 07:15,C0|S|MKT|15|v0.3.0-tier0|SPY,113.97,100,11397,-15,-0.13,0,6,0.05,-16,-0.14,-305,-0.30,1
554,Exit short,2012-10-03 07:15,TX15,114,100,11389,-11,-0.10,0,24,0.21,-15,-0.13,-316,-0.32,1
554,Entry short,2012-10-03 07:00,C0|S|MKT|15|v0.3.0-tier0|SPY,113.89,100,11389,-11,-0.10,0,24,0.21,-15,-0.13,-316,-0.32,1
555,Exit long,2012-10-04 07:30,TX15,115.24,100,11530,-6,-0.05,0,5,0.04,-6,-0.05,-322,-0.32,1
555,Entry long,2012-10-04 07:15,C0|L|MKT|15|v0.3.0-tier0|SPY,115.3,100,11530,-6,-0.05,0,5,0.04,-6,-0.05,-322,-0.32,1
556,Exit long,2012-10-05 07:45,TX15,115.8,100,11597,-17,-0.15,0,7,0.06,-19,-0.16,-339,-0.34,1
556,Entry long,2012-10-05 07:30,C0|L|MKT|15|v0.3.0-tier0|SPY,115.97,100,11597,-17,-0.15,0,7,0.06,-19,-0.16,-339,-0.34,1
557,Exit long,2012-10-08 07:30,TX15,114.68,100,11485,-17,-0.15,0,0,0.00,-19,-0.17,-356,-0.36,1
557,Entry long,2012-10-08 07:15,C0|L|MKT|15|v0.3.0-tier0|SPY,114.85,100,11485,-17,-0.15,0,0,0.00,-19,-0.17,-356,-0.36,1
558,Exit short,2012-10-09 07:15,TX15,114.67,100,11458,-9,-0.08,0,1,0.01,-19,-0.17,-365,-0.36,1
558,Entry short,2012-10-09 07:00,C0|S|MKT|15|v0.3.0-tier0|SPY,114.58,100,11458,-9,-0.08,0,1,0.01,-19,-0.17,-365,-0.36,1
559,Exit short,2012-10-11 07:15,TX15,113.69,100,11361,-8,-0.07,0,7,0.06,-11,-0.10,-373,-0.37,1
559,Entry short,2012-10-11 07:00,C0|S|MKT|15|v0.3.0-tier0|SPY,113.61,100,11361,-8,-0.07,0,7,0.06,-11,-0.10,-373,-0.37,1
560,Exit long,2012-10-12 07:15,TX15,113.4,100,11337,3,0.03,0,14,0.12,-13,-0.11,-370,-0.37,1
560,Entry long,2012-10-12 07:00,C0|L|MKT|15|v0.3.0-tier0|SPY,113.37,100,11337,3,0.03,0,14,0.12,-13,-0.11,-370,-0.37,1
561,Exit short,2012-10-15 07:30,TX15,112.63,100,11268,5,0.04,0,5,0.04,-11,-0.10,-365,-0.36,1
561,Entry short,2012-10-15 07:15,C0|S|MKT|15|v0.3.0-tier0|SPY,112.68,100,11268,5,0.04,0,5,0.04,-11,-0.10,-365,-0.36,1
562,Exit long,2012-10-16 07:15,TX15,114.42,100,11441,1,0.01,0,9,0.08,-5,-0.04,-364,-0.36,1
562,Entry long,2012-10-16 07:00,C0|L|MKT|15|v0.3.0-tier0|SPY,114.41,100,11441,1,0.01,0,9,0.08,-5,-0.04,-364,-0.36,1
563,Exit long,2012-10-17 07:15,TX15,115.25,100,11503,22,0.19,0,25,0.22,-2,-0.02,-342,-0.34,1
563,Entry long,2012-10-17 07:00,C0|L|MKT|15|v0.3.0-tier0|SPY,115.03,100,11503,22,0.19,0,25,0.22,-2,-0.02,-342,-0.34,1
564,Exit long,2012-10-18 07:15,TX15,115.09,100,11511,-2,-0.02,0,19,0.17,-4,-0.03,-344,-0.34,1
564,Entry long,2012-10-18 07:00,C0|L|MKT|15|v0.3.0-tier0|SPY,115.11,100,11511,-2,-0.02,0,19,0.17,-4,-0.03,-344,-0.34,1
565,Exit long,2012-10-22 07:30,TX15,113.15,100,11320,-5,-0.04,0,0,0.00,-15,-0.13,-349,-0.35,1
565,Entry long,2012-10-22 07:15,C0|L|MKT|15|v0.3.0-tier0|SPY,113.2,100,11320,-5,-0.04,0,0,0.00,-15,-0.13,-349,-0.35,1
566,Exit short,2012-10-23 07:45,TX15,111.26,100,11142,16,0.14,0,37,0.33,0,0.00,-333,-0.33,1
566,Entry short,2012-10-23 07:30,C0|S|MKT|15|v0.3.0-tier0|SPY,111.42,100,11142,16,0.14,0,37,0.33,0,0.00,-333,-0.33,1
567,Exit short,2012-10-24 07:30,TX15,111.56,100,11155,-1,-0.01,0,2,0.02,-18,-0.16,-334,-0.33,1
567,Entry short,2012-10-24 07:15,C0|S|MKT|15|v0.3.0-tier0|SPY,111.55,100,11155,-1,-0.01,0,2,0.02,-18,-0.16,-334,-0.33,1
568,Exit short,2012-10-25 07:45,TX15,111.55,100,11173,18,0.16,0,24,0.21,0,0.00,-316,-0.32,1
568,Entry short,2012-10-25 07:30,C0|S|MKT|15|v0.3.0-tier0|SPY,111.73,100,11173,18,0.16,0,24,0.21,0,0.00,-316,-0.32,1
569,Exit short,2012-10-26 07:15,TX15,111.53,100,11134,-19,-0.17,0,11,0.10,-22,-0.20,-335,-0.33,1
569,Entry short,2012-10-26 07:00,C0|S|MKT|15|v0.3.0-tier0|SPY,111.34,100,11134,-19,-0.17,0,11,0.10,-22,-0.20,-335,-0.33,1
570,Exit short,2012-10-31 07:30,TX15,111.69,100,11160,-9,-0.08,0,2,0.02,-19,-0.17,-344,-0.34,1
570,Entry short,2012-10-31 07:15,C0|S|MKT|15|v0.3.0-tier0|SPY,111.6,100,11160,-9,-0.08,0,2,0.02,-19,-0.17,-344,-0.34,1
571,Exit long,2012-11-01 07:15,TX15,112.35,100,11211,24,0.21,0,31,0.28,0,0.00,-320,-0.32,1
571,Entry long,2012-11-01 07:00,C0|L|MKT|15|v0.3.0-tier0|SPY,112.11,100,11211,24,0.21,0,31,0.28,0,0.00,-320,-0.32,1
572,Exit short,2012-11-02 07:15,TX15,112.68,100,11292,24,0.21,0,28,0.25,-3,-0.03,-296,-0.30,1
572,Entry short,2012-11-02 07:00,C0|S|MKT|15|v0.3.0-tier0|SPY,112.92,100,11292,24,0.21,0,28,0.25,-3,-0.03,-296,-0.30,1
573,Exit long,2012-11-06 07:15,TX15,112.24,100,11242,-18,-0.16,0,0,0.00,-19,-0.17,-314,-0.31,1
573,Entry long,2012-11-06 07:00,C0|L|MKT|15|v0.3.0-tier0|SPY,112.42,100,11242,-18,-0.16,0,0,0.00,-19,-0.17,-314,-0.31,1
574,Exit short,2012-11-07 07:30,TX15,110.81,100,11100,19,0.17,0,37,0.33,0,0.00,-295,-0.29,1
574,Entry short,2012-11-07 07:15,C0|S|MKT|15|v0.3.0-tier0|SPY,111,100,11100,19,0.17,0,37,0.33,0,0.00,-295,-0.29,1
575,Exit short,2012-11-08 07:45,TX15,110,100,11008,8,0.07,0,26,0.24,-19,-0.17,-287,-0.29,1
575,Entry short,2012-11-08 07:30,C0|S|MKT|15|v0.3.0-tier0|SPY,110.08,100,11008,8,0.07,0,26,0.24,-19,-0.17,-287,-0.29,1
576,Exit long,2012-11-09 07:30,TX15,109.22,100,10923,-1,-0.01,0,11,0.10,-20,-0.18,-288,-0.29,1
576,Entry long,2012-11-09 07:15,C0|L|MKT|15|v0.3.0-tier0|SPY,109.23,100,10923,-1,-0.01,0,11,0.10,-20,-0.18,-288,-0.29,1
577,Exit short,2012-11-12 07:30,TX15,109.11,100,10906,-5,-0.05,0,3,0.03,-8,-0.07,-293,-0.29,1
577,Entry short,2012-11-12 07:15,C0|S|MKT|15|v0.3.0-tier0|SPY,109.06,100,10906,-5,-0.05,0,3,0.03,-8,-0.07,-293,-0.29,1
578,Exit long,2012-11-13 07:15,TX15,109.33,100,10909,24,0.22,0,26,0.24,-21,-0.19,-269,-0.27,1
578,Entry long,2012-11-13 07:00,C0|L|MKT|15|v0.3.0-tier0|SPY,109.09,100,10909,24,0.22,0,26,0.24,-21,-0.19,-269,-0.27,1
579,Exit short,2012-11-14 07:15,TX15,108.73,100,10871,-2,-0.02,0,6,0.06,-18,-0.17,-271,-0.27,1
579,Entry short,2012-11-14 07:00,C0|S|MKT|15|v0.3.0-tier0|SPY,108.71,100,10871,-2,-0.02,0,6,0.06,-18,-0.17,-271,-0.27,1
580,Exit short,2012-11-15 07:15,TX15,107.42,100,10709,-33,-0.31,0,23,0.21,-39,-0.36,-304,-0.30,1
580,Entry short,2012-11-15 07:00,C0|S|MKT|15|v0.3.0-tier0|SPY,107.09,100,10709,-33,-0.31,0,23,0.21,-39,-0.36,-304,-0.30,1
581,Exit short,2012-11-16 07:15,TX15,106.58,100,10674,16,0.15,0,38,0.36,-8,-0.07,-288,-0.29,1
581,Entry short,2012-11-16 07:00,C0|S|MKT|15|v0.3.0-tier0|SPY,106.74,100,10674,16,0.15,0,38,0.36,-8,-0.07,-288,-0.29,1
582,Exit long,2012-11-19 07:15,TX15,108.99,100,10918,-19,-0.17,0,11,0.10,-21,-0.19,-307,-0.31,1
582,Entry long,2012-11-19 07:00,C0|L|MKT|15|v0.3.0-tier0|SPY,109.18,100,10918,-19,-0.17,0,11,0.10,-21,-0.19,-307,-0.31,1
583,Exit long,2012-11-20 07:30,TX15,109.62,100,10959,3,0.03,0,12,0.11,-1,-0.01,-304,-0.30,1
583,Entry long,2012-11-20 07:15,C0|L|MKT|15|v0.3.0-tier0|SPY,109.59,100,10959,3,0.03,0,12,0.11,-1,-0.01,-304,-0.30,1
584,Exit short,2012-11-21 07:30,TX15,109.78,100,10971,-7,-0.06,0,8,0.07,-14,-0.13,-311,-0.31,1
584,Entry short,2012-11-21 07:15,C0|S|MKT|15|v0.3.0-tier0|SPY,109.71,100,10971,-7,-0.06,0,8,0.07,-14,-0.13,-311,-0.31,1
585,Exit long,2012-11-23 07:15,TX15,110.83,100,11062,21,0.19,0,21,0.19,0,0.00,-290,-0.29,1
585,Entry long,2012-11-23 07:00,C0|L|MKT|15|v0.3.0-tier0|SPY,110.62,100,11062,21,0.19,0,21,0.19,0,0.00,-290,-0.29,1
586,Exit long,2012-11-26 07:15,TX15,110.93,100,11100,-7,-0.06,0,9,0.08,-10,-0.09,-297,-0.30,1
586,Entry long,2012-11-26 07:00,C0|L|MKT|15|v0.3.0-tier0|SPY,111,100,11100,-7,-0.06,0,9,0.08,-10,-0.09,-297,-0.30,1
587,Exit long,2012-11-27 07:15,TX15,111.08,100,11140,-32,-0.29,0,3,0.03,-33,-0.30,-329,-0.33,1
587,Entry long,2012-11-27 07:00,C0|L|MKT|15|v0.3.0-tier0|SPY,111.4,100,11140,-32,-0.29,0,3,0.03,-33,-0.30,-329,-0.33,1
588,Exit short,2012-11-28 07:30,TX15,110.09,100,10981,-28,-0.25,0,2,0.02,-45,-0.41,-357,-0.36,1
588,Entry short,2012-11-28 07:15,C0|S|MKT|15|v0.3.0-tier0|SPY,109.81,100,10981,-28,-0.25,0,2,0.02,-45,-0.41,-357,-0.36,1
589,Exit short,2012-12-03 07:15,TX15,112.32,100,11244,12,0.11,0,34,0.30,0,0.00,-345,-0.34,1
589,Entry short,2012-12-03 07:00,C0|S|MKT|15|v0.3.0-tier0|SPY,112.44,100,11244,12,0.11,0,34,0.30,0,0.00,-345,-0.34,1
590,Exit long,2012-12-04 07:30,TX15,111.45,100,11184,-39,-0.35,0,2,0.02,-43,-0.38,-384,-0.38,1
590,Entry long,2012-12-04 07:15,C0|L|MKT|15|v0.3.0-tier0|SPY,111.84,100,11184,-39,-0.35,0,2,0.02,-43,-0.38,-384,-0.38,1
591,Exit short,2012-12-05 07:15,TX15,111.33,100,11134,1,0.01,0,11,0.10,-21,-0.19,-383,-0.38,1
591,Entry short,2012-12-05 07:00,C0|S|MKT|15|v0.3.0-tier0|SPY,111.34,100,11134,1,0.01,0,11,0.10,-21,-0.19,-383,-0.38,1
592,Exit short,2012-12-07 07:15,TX15,112.2,100,11208,-12,-0.11,0,4,0.04,-27,-0.24,-395,-0.39,1
592,Entry short,2012-12-07 07:00,C0|S|MKT|15|v0.3.0-tier0|SPY,112.08,100,11208,-12,-0.11,0,4,0.04,-27,-0.24,-395,-0.39,1
593,Exit long,2012-12-10 07:15,TX15,112.38,100,11235,3,0.03,0,11,0.10,-4,-0.04,-392,-0.39,1
593,Entry long,2012-12-10 07:00,C0|L|MKT|15|v0.3.0-tier0|SPY,112.35,100,11235,3,0.03,0,11,0.10,-4,-0.04,-392,-0.39,1
594,Exit long,2012-12-11 07:15,TX15,113.26,100,11312,14,0.12,0,19,0.17,0,0.00,-378,-0.38,1
594,Entry long,2012-12-11 07:00,C0|L|MKT|15|v0.3.0-tier0|SPY,113.12,100,11312,14,0.12,0,19,0.17,0,0.00,-378,-0.38,1
595,Exit short,2012-12-12 07:30,TX15,113.39,100,11327,-12,-0.11,0,3,0.03,-16,-0.14,-390,-0.39,1
595,Entry short,2012-12-12 07:15,C0|S|MKT|15|v0.3.0-tier0|SPY,113.27,100,11327,-12,-0.11,0,3,0.03,-16,-0.14,-390,-0.39,1
596,Exit long,2012-12-13 07:30,TX15,113.32,100,11331,1,0.01,0,11,0.10,-4,-0.04,-389,-0.39,1
596,Entry long,2012-12-13 07:15,C0|L|MKT|15|v0.3.0-tier0|SPY,113.31,100,11331,1,0.01,0,11,0.10,-4,-0.04,-389,-0.39,1
597,Exit long,2012-12-17 07:15,TX15,112.74,100,11272,2,0.02,0,12,0.11,-2,-0.02,-387,-0.39,1
597,Entry long,2012-12-17 07:00,C0|L|MKT|15|v0.3.0-tier0|SPY,112.72,100,11272,2,0.02,0,12,0.11,-2,-0.02,-387,-0.39,1
598,Exit long,2012-12-18 07:45,TX15,114,100,11378,22,0.19,0,22,0.19,-1,-0.01,-365,-0.36,1
598,Entry long,2012-12-18 07:30,C0|L|MKT|15|v0.3.0-tier0|SPY,113.78,100,11378,22,0.19,0,22,0.19,-1,-0.01,-365,-0.36,1
599,Exit short,2012-12-19 07:15,TX15,114.43,100,11440,-3,-0.03,0,5,0.04,-7,-0.06,-368,-0.37,1
599,Entry short,2012-12-19 07:00,C0|S|MKT|15|v0.3.0-tier0|SPY,114.4,100,11440,-3,-0.03,0,5,0.04,-7,-0.06,-368,-0.37,1
600,Exit short,2012-12-20 07:15,TX15,113.99,100,11357,-42,-0.37,0,0,0.00,-45,-0.40,-410,-0.41,1
600,Entry short,2012-12-20 07:00,C0|S|MKT|15|v0.3.0-tier0|SPY,113.57,100,11357,-42,-0.37,0,0,0.00,-45,-0.40,-410,-0.41,1
601,Exit long,2012-12-21 07:30,TX15,113.52,100,11344,8,0.07,0,20,0.18,-12,-0.11,-402,-0.40,1
601,Entry long,2012-12-21 07:15,C0|L|MKT|15|v0.3.0-tier0|SPY,113.44,100,11344,8,0.07,0,20,0.18,-12,-0.11,-402,-0.40,1
602,Exit short,2012-12-24 07:15,TX15,113.08,100,11298,-10,-0.09,0,1,0.01,-18,-0.16,-412,-0.41,1
602,Entry short,2012-12-24 07:00,C0|S|MKT|15|v0.3.0-tier0|SPY,112.98,100,11298,-10,-0.09,0,1,0.01,-18,-0.16,-412,-0.41,1
603,Exit short,2012-12-26 07:45,TX15,112.96,100,11307,11,0.10,0,14,0.12,-1,-0.01,-401,-0.40,1
603,Entry short,2012-12-26 07:30,C0|S|MKT|15|v0.3.0-tier0|SPY,113.07,100,11307,11,0.10,0,14,0.12,-1,-0.01,-401,-0.40,1
604,Exit short,2012-12-27 07:30,TX15,111.81,100,11236,55,0.49,0,69,0.61,-3,-0.03,-346,-0.35,1
604,Entry short,2012-12-27 07:15,C0|S|MKT|15|v0.3.0-tier0|SPY,112.36,100,11236,55,0.49,0,69,0.61,-3,-0.03,-346,-0.35,1
605,Exit short,2012-12-28 07:30,TX15,111.72,100,11157,-15,-0.13,0,0,0.00,-26,-0.23,-361,-0.36,1
605,Entry short,2012-12-28 07:15,C0|S|MKT|15|v0.3.0-tier0|SPY,111.57,100,11157,-15,-0.13,0,0,0.00,-26,-0.23,-361,-0.36,1
606,Exit long,2012-12-31 07:15,TX15,111.42,100,11152,-10,-0.09,0,10,0.09,-16,-0.14,-371,-0.37,1
606,Entry long,2012-12-31 07:00,C0|L|MKT|15|v0.3.0-tier0|SPY,111.52,100,11152,-10,-0.09,0,10,0.09,-16,-0.14,-371,-0.37,1
607,Exit long,2013-01-02 07:15,TX15,115.44,100,11551,-7,-0.06,0,11,0.10,-14,-0.12,-378,-0.38,1
607,Entry long,2013-01-02 07:00,C0|L|MKT|15|v0.3.0-tier0|SPY,115.51,100,11551,-7,-0.06,0,11,0.10,-14,-0.12,-378,-0.38,1
608,Exit long,2013-01-04 07:15,TX15,115.98,100,11605,-7,-0.06,0,6,0.05,-23,-0.20,-385,-0.38,1
608,Entry long,2013-01-04 07:00,C0|L|MKT|15|v0.3.0-tier0|SPY,116.05,100,11605,-7,-0.06,0,6,0.05,-23,-0.20,-385,-0.38,1
609,Exit short,2013-01-08 07:15,TX15,115.37,100,11557,20,0.17,0,21,0.18,-5,-0.04,-365,-0.36,1
609,Entry short,2013-01-08 07:00,C0|S|MKT|15|v0.3.0-tier0|SPY,115.57,100,11557,20,0.17,0,21,0.18,-5,-0.04,-365,-0.36,1
610,Exit long,2013-01-09 07:15,TX15,116.12,100,11607,5,0.04,0,9,0.08,-5,-0.04,-360,-0.36,1
610,Entry long,2013-01-09 07:00,C0|L|MKT|15|v0.3.0-tier0|SPY,116.07,100,11607,5,0.04,0,9,0.08,-5,-0.04,-360,-0.36,1
611,Exit short,2013-01-10 07:45,TX15,116.2,100,11633,13,0.11,0,27,0.23,-1,-0.01,-347,-0.35,1
611,Entry short,2013-01-10 07:30,C0|S|MKT|15|v0.3.0-tier0|SPY,116.33,100,11633,13,0.11,0,27,0.23,-1,-0.01,-347,-0.35,1
612,Exit short,2013-01-11 07:15,TX15,116.49,100,11652,3,0.03,0,7,0.06,-4,-0.03,-344,-0.34,1
612,Entry short,2013-01-11 07:00,C0|S|MKT|15|v0.3.0-tier0|SPY,116.52,100,11652,3,0.03,0,7,0.06,-4,-0.03,-344,-0.34,1
613,Exit short,2013-01-14 07:15,TX15,116.42,100,11647,5,0.04,0,12,0.10,-2,-0.02,-339,-0.34,1
613,Entry short,2013-01-14 07:00,C0|S|MKT|15|v0.3.0-tier0|SPY,116.47,100,11647,5,0.04,0,12,0.10,-2,-0.02,-339,-0.34,1
614,Exit long,2013-01-15 07:30,TX15,116.26,100,11640,-14,-0.12,0,1,0.01,-16,-0.14,-353,-0.35,1
614,Entry long,2013-01-15 07:15,C0|L|MKT|15|v0.3.0-tier0|SPY,116.4,100,11640,-14,-0.12,0,1,0.01,-16,-0.14,-353,-0.35,1
615,Exit long,2013-01-16 07:30,TX15,116.72,100,11666,6,0.05,0,10,0.09,-4,-0.03,-347,-0.35,1
615,Entry long,2013-01-16 07:15,C0|L|MKT|15|v0.3.0-tier0|SPY,116.66,100,11666,6,0.05,0,10,0.09,-4,-0.03,-347,-0.35,1
616,Exit long,2013-01-17 07:45,TX15,117.31,100,11740,-9,-0.08,0,1,0.01,-13,-0.11,-356,-0.36,1
616,Entry long,2013-01-17 07:30,C0|L|MKT|15|v0.3.0-tier0|SPY,117.4,100,11740,-9,-0.08,0,1,0.01,-13,-0.11,-356,-0.36,1
617,Exit short,2013-01-22 07:30,TX15,117.57,100,11766,9,0.08,0,10,0.08,-2,-0.02,-347,-0.35,1
617,Entry short,2013-01-22 07:15,C0|S|MKT|15|v0.3.0-tier0|SPY,117.66,100,11766,9,0.08,0,10,0.08,-2,-0.02,-347,-0.35,1
618,Exit long,2013-01-23 07:30,TX15,118.36,100,11857,-21,-0.18,0,2,0.02,-23,-0.19,-368,-0.37,1
618,Entry long,2013-01-23 07:15,C0|L|MKT|15|v0.3.0-tier0|SPY,118.57,100,11857,-21,-0.18,0,2,0.02,-23,-0.19,-368,-0.37,1
619,Exit long,2013-01-24 07:15,TX15,119,100,11892,8,0.07,0,25,0.21,-1,-0.01,-360,-0.36,1
619,Entry long,2013-01-24 07:00,C0|L|MKT|15|v0.3.0-tier0|SPY,118.92,100,11892,8,0.07,0,25,0.21,-1,-0.01,-360,-0.36,1
620,Exit short,2013-01-25 07:45,TX15,118.76,100,11874,-2,-0.02,0,4,0.03,-12,-0.10,-362,-0.36,1
620,Entry short,2013-01-25 07:30,C0|S|MKT|15|v0.3.0-tier0|SPY,118.74,100,11874,-2,-0.02,0,4,0.03,-12,-0.10,-362,-0.36,1
621,Exit short,2013-01-28 07:15,TX15,118.82,100,11906,24,0.20,0,24,0.20,0,0.00,-338,-0.34,1
621,Entry short,2013-01-28 07:00,C0|S|MKT|15|v0.3.0-tier0|SPY,119.06,100,11906,24,0.20,0,24,0.20,0,0.00,-338,-0.34,1
622,Exit long,2013-01-29 07:15,TX15,119.02,100,11916,-14,-0.12,0,0,0.00,-29,-0.24,-352,-0.35,1
622,Entry long,2013-01-29 07:00,C0|L|MKT|15|v0.3.0-tier0|SPY,119.16,100,11916,-14,-0.12,0,0,0.00,-29,-0.24,-352,-0.35,1
623,Exit short,2013-01-30 07:30,TX15,119.44,100,11951,7,0.06,0,13,0.11,-7,-0.06,-345,-0.34,1
623,Entry short,2013-01-30 07:15,C0|S|MKT|15|v0.3.0-tier0|SPY,119.51,100,11951,7,0.06,0,13,0.11,-7,-0.06,-345,-0.34,1
624,Exit long,2013-01-31 07:15,TX15,119.19,100,11931,-12,-0.10,0,2,0.02,-12,-0.10,-357,-0.36,1
624,Entry long,2013-01-31 07:00,C0|L|MKT|15|v0.3.0-tier0|SPY,119.31,100,11931,-12,-0.10,0,2,0.02,-12,-0.10,-357,-0.36,1
625,Exit long,2013-02-01 07:30,TX15,119.69,100,11984,-15,-0.13,0,10,0.08,-18,-0.15,-372,-0.37,1
625,Entry long,2013-02-01 07:15,C0|L|MKT|15|v0.3.0-tier0|SPY,119.84,100,11984,-15,-0.13,0,10,0.08,-18,-0.15,-372,-0.37,1
626,Exit long,2013-02-05 07:15,TX15,119.72,100,11969,3,0.03,0,12,0.10,-7,-0.06,-369,-0.37,1
626,Entry long,2013-02-05 07:00,C0|L|MKT|15|v0.3.0-tier0|SPY,119.69,100,11969,3,0.03,0,12,0.10,-7,-0.06,-369,-0.37,1
627,Exit long,2013-02-06 07:15,TX15,119.82,100,11977,5,0.04,0,6,0.05,-12,-0.10,-364,-0.36,1
627,Entry long,2013-02-06 07:00,C0|L|MKT|15|v0.3.0-tier0|SPY,119.77,100,11977,5,0.04,0,6,0.05,-12,-0.10,-364,-0.36,1
628,Exit short,2013-02-07 07:30,TX15,119.38,100,11959,21,0.18,0,32,0.27,-10,-0.08,-343,-0.34,1
628,Entry short,2013-02-07 07:15,C0|S|MKT|15|v0.3.0-tier0|SPY,119.59,100,11959,21,0.18,0,32,0.27,-10,-0.08,-343,-0.34,1
629,Exit long,2013-02-12 07:30,TX15,120.66,100,12063,3,0.02,0,10,0.08,-2,-0.02,-340,-0.34,1
629,Entry long,2013-02-12 07:15,C0|L|MKT|15|v0.3.0-tier0|SPY,120.63,100,12063,3,0.02,0,10,0.08,-2,-0.02,-340,-0.34,1
630,Exit long,2013-02-14 07:30,TX15,120.73,100,12065,8,0.07,0,12,0.10,-3,-0.02,-332,-0.33,1
630,Entry long,2013-02-14 07:15,C0|L|MKT|15|v0.3.0-tier0|SPY,120.65,100,12065,8,0.07,0,12,0.10,-3,-0.02,-332,-0.33,1
631,Exit long,2013-02-15 07:15,TX15,121.1,100,12110,0,0.00,0,8,0.07,-1,-0.01,-332,-0.33,1
631,Entry long,2013-02-15 07:00,C0|L|MKT|15|v0.3.0-tier0|SPY,121.1,100,12110,0,0.00,0,8,0.07,-1,-0.01,-332,-0.33,1
632,Exit long,2013-02-19 07:15,TX15,121.26,100,12137,-11,-0.09,0,2,0.02,-13,-0.11,-343,-0.34,1
632,Entry long,2013-02-19 07:00,C0|L|MKT|15|v0.3.0-tier0|SPY,121.37,100,12137,-11,-0.09,0,2,0.02,-13,-0.11,-343,-0.34,1
633,Exit short,2013-02-21 07:15,TX15,119.5,100,11950,0,0.00,0,24,0.20,-7,-0.06,-343,-0.34,1
633,Entry short,2013-02-21 07:00,C0|S|MKT|15|v0.3.0-tier0|SPY,119.5,100,11950,0,0.00,0,24,0.20,-7,-0.06,-343,-0.34,1
634,Exit short,2013-02-22 07:15,TX15,119.84,100,11992,8,0.07,0,10,0.08,-10,-0.08,-335,-0.33,1
634,Entry short,2013-02-22 07:00,C0|S|MKT|15|v0.3.0-tier0|SPY,119.92,100,11992,8,0.07,0,10,0.08,-10,-0.08,-335,-0.33,1
635,Exit short,2013-02-25 07:45,TX15,120.86,100,12073,-13,-0.11,0,12,0.10,-20,-0.17,-348,-0.35,1
635,Entry short,2013-02-25 07:30,C0|S|MKT|15|v0.3.0-tier0|SPY,120.73,100,12073,-13,-0.11,0,12,0.10,-20,-0.17,-348,-0.35,1
636,Exit short,2013-02-26 07:30,TX15,118.56,100,11873,17,0.14,0,17,0.14,-15,-0.13,-331,-0.33,1
636,Entry short,2013-02-26 07:15,C0|S|MKT|15|v0.3.0-tier0|SPY,118.73,100,11873,17,0.14,0,17,0.14,-15,-0.13,-331,-0.33,1
637,Exit long,2013-02-27 07:30,TX15,119.73,100,11957,16,0.13,0,27,0.23,-4,-0.03,-315,-0.31,1
637,Entry long,2013-02-27 07:15,C0|L|MKT|15|v0.3.0-tier0|SPY,119.57,100,11957,16,0.13,0,27,0.23,-4,-0.03,-315,-0.31,1
638,Exit long,2013-03-01 07:30,TX15,120.23,100,12016,7,0.06,0,7,0.06,-22,-0.18,-308,-0.31,1
638,Entry long,2013-03-01 07:15,C0|L|MKT|15|v0.3.0-tier0|SPY,120.16,100,12016,7,0.06,0,7,0.06,-22,-0.18,-308,-0.31,1
639,Exit long,2013-03-05 07:45,TX15,122.69,100,12252,17,0.14,0,18,0.15,-2,-0.02,-291,-0.29,1
639,Entry long,2013-03-05 07:30,C0|L|MKT|15|v0.3.0-tier0|SPY,122.52,100,12252,17,0.14,0,18,0.15,-2,-0.02,-291,-0.29,1
640,Exit short,2013-03-08 07:15,TX15,122.89,100,12312,23,0.19,0,29,0.24,0,0.00,-268,-0.27,1
640,Entry short,2013-03-08 07:00,C0|S|MKT|15|v0.3.0-tier0|SPY,123.12,100,12312,23,0.19,0,29,0.24,0,0.00,-268,-0.27,1
641,Exit long,2013-03-12 07:30,TX15,123.93,100,12392,1,0.01,0,5,0.04,-8,-0.06,-267,-0.27,1
641,Entry long,2013-03-12 07:15,C0|L|MKT|15|v0.3.0-tier0|SPY,123.92,100,12392,1,0.01,0,5,0.04,-8,-0.06,-267,-0.27,1
642,Exit short,2013-03-15 07:15,TX15,124,100,12399,-1,-0.01,0,10,0.08,-5,-0.04,-268,-0.27,1
642,Entry short,2013-03-15 07:00,C0|S|MKT|15|v0.3.0-tier0|SPY,123.99,100,12399,-1,-0.01,0,10,0.08,-5,-0.04,-268,-0.27,1
643,Exit long,2013-03-18 07:15,TX15,123.58,100,12349,9,0.07,0,15,0.12,-8,-0.06,-259,-0.26,1
643,Entry long,2013-03-18 07:00,C0|L|MKT|15|v0.3.0-tier0|SPY,123.49,100,12349,9,0.07,0,15,0.12,-8,-0.06,-259,-0.26,1
644,Exit short,2013-03-19 07:45,TX15,123.67,100,12366,-1,-0.01,0,13,0.11,-2,-0.02,-260,-0.26,1
644,Entry short,2013-03-19 07:30,C0|S|MKT|15|v0.3.0-tier0|SPY,123.66,100,12366,-1,-0.01,0,13,0.11,-2,-0.02,-260,-0.26,1
645,Exit short,2013-03-20 07:15,TX15,124.09,100,12397,-12,-0.10,0,6,0.05,-18,-0.15,-272,-0.27,1
645,Entry short,2013-03-20 07:00,C0|S|MKT|15|v0.3.0-tier0|SPY,123.97,100,12397,-12,-0.10,0,6,0.05,-18,-0.15,-272,-0.27,1
646,Exit long,2013-03-21 07:15,TX15,123.56,100,12374,-18,-0.15,0,6,0.05,-27,-0.22,-290,-0.29,1
646,Entry long,2013-03-21 07:00,C0|L|MKT|15|v0.3.0-tier0|SPY,123.74,100,12374,-18,-0.15,0,6,0.05,-27,-0.22,-290,-0.29,1
647,Exit long,2013-03-22 07:30,TX15,123.87,100,12388,-1,-0.01,0,4,0.03,-10,-0.08,-291,-0.29,1
647,Entry long,2013-03-22 07:15,C0|L|MKT|15|v0.3.0-tier0|SPY,123.88,100,12388,-1,-0.01,0,4,0.03,-10,-0.08,-291,-0.29,1
648,Exit long,2013-03-25 07:15,TX15,124.58,100,12461,-3,-0.02,0,4,0.03,-5,-0.04,-294,-0.29,1
648,Entry long,2013-03-25 07:00,C0|L|MKT|15|v0.3.0-tier0|SPY,124.61,100,12461,-3,-0.02,0,4,0.03,-5,-0.04,-294,-0.29,1
649,Exit long,2013-03-26 07:30,TX15,124.33,100,12435,-2,-0.02,0,0,0.00,-13,-0.10,-296,-0.30,1
649,Entry long,2013-03-26 07:15,C0|L|MKT|15|v0.3.0-tier0|SPY,124.35,100,12435,-2,-0.02,0,0,0.00,-13,-0.10,-296,-0.30,1
650,Exit long,2013-03-27 07:45,TX15,124.15,100,12398,17,0.14,0,22,0.18,-1,-0.01,-279,-0.28,1
650,Entry long,2013-03-27 07:30,C0|L|MKT|15|v0.3.0-tier0|SPY,123.98,100,12398,17,0.14,0,22,0.18,-1,-0.01,-279,-0.28,1
651,Exit short,2013-04-01 07:30,TX15,124.8,100,12478,-2,-0.02,0,4,0.03,-4,-0.03,-281,-0.28,1
651,Entry short,2013-04-01 07:15,C0|S|MKT|15|v0.3.0-tier0|SPY,124.78,100,12478,-2,-0.02,0,4,0.03,-4,-0.03,-281,-0.28,1
652,Exit long,2013-04-02 07:15,TX15,125.14,100,12513,1,0.01,0,19,0.15,0,0.00,-280,-0.28,1
652,Entry long,2013-04-02 07:00,C0|L|MKT|15|v0.3.0-tier0|SPY,125.13,100,12513,1,0.01,0,19,0.15,0,0.00,-280,-0.28,1
653,Exit short,2013-04-03 07:15,TX15,124.57,100,12485,28,0.22,0,31,0.25,-6,-0.05,-252,-0.25,1
653,Entry short,2013-04-03 07:00,C0|S|MKT|15|v0.3.0-tier0|SPY,124.85,100,12485,28,0.22,0,31,0.25,-6,-0.05,-252,-0.25,1
654,Exit long,2013-04-04 07:15,TX15,124.41,100,12433,8,0.06,0,24,0.19,0,0.00,-244,-0.24,1
654,Entry long,2013-04-04 07:00,C0|L|MKT|15|v0.3.0-tier0|SPY,124.33,100,12433,8,0.06,0,24,0.19,0,0.00,-244,-0.24,1
655,Exit long,2013-04-05 07:45,TX15,122.97,100,12305,-8,-0.07,0,11,0.09,-14,-0.11,-252,-0.25,1
655,Entry long,2013-04-05 07:30,C0|L|MKT|15|v0.3.0-tier0|SPY,123.05,100,12305,-8,-0.07,0,11,0.09,-14,-0.11,-252,-0.25,1
656,Exit short,2013-04-08 07:15,TX15,123.64,100,12366,2,0.02,0,16,0.13,-8,-0.06,-250,-0.25,1
656,Entry short,2013-04-08 07:00,C0|S|MKT|15|v0.3.0-tier0|SPY,123.66,100,12366,2,0.02,0,16,0.13,-8,-0.06,-250,-0.25,1
657,Exit short,2013-04-09 07:15,TX15,124.65,100,12449,-16,-0.13,0,3,0.02,-22,-0.18,-266,-0.27,1
657,Entry short,2013-04-09 07:00,C0|S|MKT|15|v0.3.0-tier0|SPY,124.49,100,12449,-16,-0.13,0,3,0.02,-22,-0.18,-266,-0.27,1
658,Exit long,2013-04-10 07:15,TX15,125.92,100,12573,19,0.15,0,23,0.18,0,0.00,-247,-0.25,1
658,Entry long,2013-04-10 07:00,C0|L|MKT|15|v0.3.0-tier0|SPY,125.73,100,12573,19,0.15,0,23,0.18,0,0.00,-247,-0.25,1
659,Exit long,2013-04-11 07:15,TX15,126.86,100,12669,17,0.13,0,24,0.19,0,0.00,-230,-0.23,1
659,Entry long,2013-04-11 07:00,C0|L|MKT|15|v0.3.0-tier0|SPY,126.69,100,12669,17,0.13,0,24,0.19,0,0.00,-230,-0.23,1
660,Exit short,2013-04-12 07:15,TX15,126.66,100,12652,-14,-0.11,0,9,0.07,-18,-0.14,-244,-0.24,1
660,Entry short,2013-04-12 07:00,C0|S|MKT|15|v0.3.0-tier0|SPY,126.52,100,12652,-14,-0.11,0,9,0.07,-18,-0.14,-244,-0.24,1
661,Exit short,2013-04-15 07:30,TX15,125.83,100,12586,3,0.02,0,20,0.16,-6,-0.05,-241,-0.24,1
661,Entry short,2013-04-15 07:15,C0|S|MKT|15|v0.3.0-tier0|SPY,125.86,100,12586,3,0.02,0,20,0.16,-6,-0.05,-241,-0.24,1
662,Exit short,2013-04-17 07:30,TX15,124.16,100,12413,-3,-0.02,0,20,0.16,-8,-0.06,-244,-0.24,1
662,Entry short,2013-04-17 07:15,C0|S|MKT|15|v0.3.0-tier0|SPY,124.13,100,12413,-3,-0.02,0,20,0.16,-8,-0.06,-244,-0.24,1
663,Exit short,2013-04-18 07:15,TX15,123.21,100,12335,14,0.11,0,47,0.38,-1,-0.01,-230,-0.23,1
663,Entry short,2013-04-18 07:00,C0|S|MKT|15|v0.3.0-tier0|SPY,123.35,100,12335,14,0.11,0,47,0.38,-1,-0.01,-230,-0.23,1
664,Exit long,2013-04-19 07:30,TX15,123.35,100,12350,-15,-0.12,0,8,0.06,-25,-0.20,-245,-0.24,1
664,Entry long,2013-04-19 07:15,C0|L|MKT|15|v0.3.0-tier0|SPY,123.5,100,12350,-15,-0.12,0,8,0.06,-25,-0.20,-245,-0.24,1
665,Exit short,2013-04-22 07:30,TX15,123.66,100,12364,-2,-0.02,0,13,0.11,-16,-0.13,-247,-0.25,1
665,Entry short,2013-04-22 07:15,C0|S|MKT|15|v0.3.0-tier0|SPY,123.64,100,12364,-2,-0.02,0,13,0.11,-16,-0.13,-247,-0.25,1
666,Exit long,2013-04-23 07:45,TX15,125.71,100,12569,2,0.02,0,10,0.08,-5,-0.04,-245,-0.24,1
666,Entry long,2013-04-23 07:30,C0|L|MKT|15|v0.3.0-tier0|SPY,125.69,100,12569,2,0.02,0,10,0.08,-5,-0.04,-245,-0.24,1
667,Exit short,2013-04-24 07:30,TX15,125.85,100,12571,-14,-0.11,0,4,0.03,-17,-0.14,-259,-0.26,1
667,Entry short,2013-04-24 07:15,C0|S|MKT|15|v0.3.0-tier0|SPY,125.71,100,12571,-14,-0.11,0,4,0.03,-17,-0.14,-259,-0.26,1
668,Exit long,2013-04-25 07:30,TX15,126.69,100,12649,20,0.16,0,26,0.21,-4,-0.03,-239,-0.24,1
668,Entry long,2013-04-25 07:15,C0|L|MKT|15|v0.3.0-tier0|SPY,126.49,100,12649,20,0.16,0,26,0.21,-4,-0.03,-239,-0.24,1
669,Exit long,2013-04-26 07:15,TX15,126.2,100,12646,-26,-0.21,0,4,0.03,-39,-0.31,-265,-0.26,1
669,Entry long,2013-04-26 07:00,C0|L|MKT|15|v0.3.0-tier0|SPY,126.46,100,12646,-26,-0.21,0,4,0.03,-39,-0.31,-265,-0.26,1
670,Exit long,2013-04-29 07:30,TX15,126.9,100,12678,12,0.09,0,18,0.14,0,0.00,-253,-0.25,1
670,Entry long,2013-04-29 07:15,C0|L|MKT|15|v0.3.0-tier0|SPY,126.78,100,12678,12,0.09,0,18,0.14,0,0.00,-253,-0.25,1
671,Exit short,2013-04-30 07:15,TX15,126.7,100,12666,-4,-0.03,0,14,0.11,-22,-0.17,-257,-0.26,1
671,Entry short,2013-04-30 07:00,C0|S|MKT|15|v0.3.0-tier0|SPY,126.66,100,12666,-4,-0.03,0,14,0.11,-22,-0.17,-257,-0.26,1
672,Exit short,2013-05-01 07:30,TX15,126.77,100,12666,-11,-0.09,0,1,0.01,-16,-0.13,-268,-0.27,1
672,Entry short,2013-05-01 07:15,C0|S|MKT|15|v0.3.0-tier0|SPY,126.66,100,12666,-11,-0.09,0,1,0.01,-16,-0.13,-268,-0.27,1
673,Exit long,2013-05-02 07:30,TX15,127.01,100,12697,4,0.03,0,7,0.06,-5,-0.04,-264,-0.26,1
673,Entry long,2013-05-02 07:15,C0|L|MKT|15|v0.3.0-tier0|SPY,126.97,100,12697,4,0.03,0,7,0.06,-5,-0.04,-264,-0.26,1
674,Exit long,2013-05-03 07:45,TX15,129.06,100,12908,-2,-0.02,0,5,0.04,-5,-0.04,-266,-0.27,1
674,Entry long,2013-05-03 07:30,C0|L|MKT|15|v0.3.0-tier0|SPY,129.08,100,12908,-2,-0.02,0,5,0.04,-5,-0.04,-266,-0.27,1
675,Exit long,2013-05-06 07:45,TX15,128.98,100,12905,-7,-0.05,0,5,0.04,-11,-0.09,-273,-0.27,1
675,Entry long,2013-05-06 07:30,C0|L|MKT|15|v0.3.0-tier0|SPY,129.05,100,12905,-7,-0.05,0,5,0.04,-11,-0.09,-273,-0.27,1
676,Exit long,2013-05-07 07:15,TX15,129.18,100,12952,-34,-0.26,0,5,0.04,-38,-0.29,-307,-0.31,1
676,Entry long,2013-05-07 07:00,C0|L|MKT|15|v0.3.0-tier0|SPY,129.52,100,12952,-34,-0.26,0,5,0.04,-38,-0.29,-307,-0.31,1
677,Exit long,2013-05-08 07:15,TX15,129.9,100,12985,5,0.04,0,7,0.05,-6,-0.05,-302,-0.30,1
677,Entry long,2013-05-08 07:00,C0|L|MKT|15|v0.3.0-tier0|SPY,129.85,100,12985,5,0.04,0,7,0.05,-6,-0.05,-302,-0.30,1
678,Exit short,2013-05-09 07:30,TX15,129.95,100,13014,19,0.15,0,24,0.18,0,0.00,-283,-0.28,1
678,Entry short,2013-05-09 07:15,C0|S|MKT|15|v0.3.0-tier0|SPY,130.14,100,13014,19,0.15,0,24,0.18,0,0.00,-283,-0.28,1
679,Exit long,2013-05-10 07:15,TX15,130.21,100,13022,-1,-0.01,0,11,0.08,-8,-0.06,-284,-0.28,1
679,Entry long,2013-05-10 07:00,C0|L|MKT|15|v0.3.0-tier0|SPY,130.22,100,13022,-1,-0.01,0,11,0.08,-8,-0.06,-284,-0.28,1
680,Exit short,2013-05-13 07:15,TX15,130.28,100,12997,-31,-0.24,0,7,0.05,-36,-0.28,-315,-0.31,1
680,Entry short,2013-05-13 07:00,C0|S|MKT|15|v0.3.0-tier0|SPY,129.97,100,12997,-31,-0.24,0,7,0.05,-36,-0.28,-315,-0.31,1
681,Exit long,2013-05-14 07:15,TX15,131.16,100,13102,14,0.11,0,16,0.12,0,0.00,-301,-0.30,1
681,Entry long,2013-05-14 07:00,C0|L|MKT|15|v0.3.0-tier0|SPY,131.02,100,13102,14,0.11,0,16,0.12,0,0.00,-301,-0.30,1
682,Exit long,2013-05-16 07:15,TX15,132.33,100,13253,-20,-0.15,0,1,0.01,-46,-0.35,-321,-0.32,1
682,Entry long,2013-05-16 07:00,C0|L|MKT|15|v0.3.0-tier0|SPY,132.53,100,13253,-20,-0.15,0,1,0.01,-46,-0.35,-321,-0.32,1
683,Exit long,2013-05-17 07:15,TX15,132.55,100,13257,-2,-0.02,0,12,0.09,-6,-0.05,-323,-0.32,1
683,Entry long,2013-05-17 07:00,C0|L|MKT|15|v0.3.0-tier0|SPY,132.57,100,13257,-2,-0.02,0,12,0.09,-6,-0.05,-323,-0.32,1
684,Exit short,2013-05-21 07:30,TX15,133,100,13310,10,0.08,0,22,0.17,-7,-0.05,-313,-0.31,1
684,Entry short,2013-05-21 07:15,C0|S|MKT|15|v0.3.0-tier0|SPY,133.1,100,13310,10,0.08,0,22,0.17,-7,-0.05,-313,-0.31,1
685,Exit long,2013-05-22 07:15,TX15,134.58,100,13379,79,0.59,0,82,0.61,0,0.00,-234,-0.23,1
685,Entry long,2013-05-22 07:00,C0|L|MKT|15|v0.3.0-tier0|SPY,133.79,100,13379,79,0.59,0,82,0.61,0,0.00,-234,-0.23,1
686,Exit long,2013-05-23 07:30,TX15,131.48,100,13143,5,0.04,0,22,0.17,-7,-0.05,-229,-0.23,1
686,Entry long,2013-05-23 07:15,C0|L|MKT|15|v0.3.0-tier0|SPY,131.43,100,13143,5,0.04,0,22,0.17,-7,-0.05,-229,-0.23,1
687,Exit short,2013-05-24 07:30,TX15,131.03,100,13095,-8,-0.06,0,10,0.08,-9,-0.07,-237,-0.24,1
687,Entry short,2013-05-24 07:15,C0|S|MKT|15|v0.3.0-tier0|SPY,130.95,100,13095,-8,-0.06,0,10,0.08,-9,-0.07,-237,-0.24,1
688,Exit long,2013-05-28 07:15,TX15,133.64,100,13359,5,0.04,0,18,0.13,-8,-0.06,-232,-0.23,1
688,Entry long,2013-05-28 07:00,C0|L|MKT|15|v0.3.0-tier0|SPY,133.59,100,13359,5,0.04,0,18,0.13,-8,-0.06,-232,-0.23,1
689,Exit long,2013-05-30 07:15,TX15,132.4,100,13257,-17,-0.13,0,14,0.11,-25,-0.19,-249,-0.25,1
689,Entry long,2013-05-30 07:00,C0|L|MKT|15|v0.3.0-tier0|SPY,132.57,100,13257,-17,-0.13,0,14,0.11,-25,-0.19,-249,-0.25,1
690,Exit short,2013-06-03 07:15,TX15,130.74,100,13031,-43,-0.33,0,23,0.18,-61,-0.47,-292,-0.29,1
690,Entry short,2013-06-03 07:00,C0|S|MKT|15|v0.3.0-tier0|SPY,130.31,100,13031,-43,-0.33,0,23,0.18,-61,-0.47,-292,-0.29,1
691,Exit short,2013-06-05 07:30,TX15,129.89,100,12989,0,0.00,0,32,0.25,-4,-0.03,-292,-0.29,1
691,Entry short,2013-06-05 07:15,C0|S|MKT|15|v0.3.0-tier0|SPY,129.89,100,12989,0,0.00,0,32,0.25,-4,-0.03,-292,-0.29,1
692,Exit long,2013-06-07 07:30,TX15,131.04,100,13104,0,0.00,0,12,0.09,-11,-0.08,-292,-0.29,1
692,Entry long,2013-06-07 07:15,C0|L|MKT|15|v0.3.0-tier0|SPY,131.04,100,13104,0,0.00,0,12,0.09,-11,-0.08,-292,-0.29,1
693,Exit short,2013-06-10 07:30,TX15,131.49,100,13118,-31,-0.24,0,3,0.02,-32,-0.24,-323,-0.32,1
693,Entry short,2013-06-10 07:15,C0|S|MKT|15|v0.3.0-tier0|SPY,131.18,100,13118,-31,-0.24,0,3,0.02,-32,-0.24,-323,-0.32,1
694,Exit long,2013-06-11 07:45,TX15,130.64,100,13038,26,0.20,0,26,0.20,-2,-0.02,-297,-0.30,1
694,Entry long,2013-06-11 07:30,C0|L|MKT|15|v0.3.0-tier0|SPY,130.38,100,13038,26,0.20,0,26,0.20,-2,-0.02,-297,-0.30,1
695,Exit short,2013-06-12 07:15,TX15,130.38,100,13068,30,0.23,0,50,0.38,0,0.00,-267,-0.27,1
695,Entry short,2013-06-12 07:00,C0|S|MKT|15|v0.3.0-tier0|SPY,130.68,100,13068,30,0.23,0,50,0.38,0,0.00,-267,-0.27,1
696,Exit long,2013-06-13 07:15,TX15,129.02,100,12922,-20,-0.15,0,18,0.14,-20,-0.15,-287,-0.29,1
696,Entry long,2013-06-13 07:00,C0|L|MKT|15|v0.3.0-tier0|SPY,129.22,100,12922,-20,-0.15,0,18,0.14,-20,-0.15,-287,-0.29,1
697,Exit long,2013-06-14 07:15,TX15,131.21,100,13118,3,0.02,0,17,0.13,-6,-0.05,-284,-0.28,1
697,Entry long,2013-06-14 07:00,C0|L|MKT|15|v0.3.0-tier0|SPY,131.18,100,13118,3,0.02,0,17,0.13,-6,-0.05,-284,-0.28,1
698,Exit long,2013-06-17 07:15,TX15,131.52,100,13147,5,0.04,0,14,0.11,-11,-0.08,-279,-0.28,1
698,Entry long,2013-06-17 07:00,C0|L|MKT|15|v0.3.0-tier0|SPY,131.47,100,13147,5,0.04,0,14,0.11,-11,-0.08,-279,-0.28,1
699,Exit long,2013-06-18 07:45,TX15,131.83,100,13165,18,0.14,0,24,0.18,0,0.00,-261,-0.26,1
699,Entry long,2013-06-18 07:30,C0|L|MKT|15|v0.3.0-tier0|SPY,131.65,100,13165,18,0.14,0,24,0.18,0,0.00,-261,-0.26,1
700,Exit short,2013-06-20 07:30,TX15,128.46,100,12871,25,0.19,0,34,0.26,-3,-0.02,-236,-0.24,1
700,Entry short,2013-06-20 07:15,C0|S|MKT|15|v0.3.0-tier0|SPY,128.71,100,12871,25,0.19,0,34,0.26,-3,-0.02,-236,-0.24,1
701,Exit short,2013-06-21 07:15,TX15,127.53,100,12757,4,0.03,0,7,0.05,-35,-0.27,-232,-0.23,1
701,Entry short,2013-06-21 07:00,C0|S|MKT|15|v0.3.0-tier0|SPY,127.57,100,12757,4,0.03,0,7,0.05,-35,-0.27,-232,-0.23,1
702,Exit short,2013-06-24 07:15,TX15,125.43,100,12543,0,0.00,0,27,0.22,-11,-0.09,-232,-0.23,1
702,Entry short,2013-06-24 07:00,C0|S|MKT|15|v0.3.0-tier0|SPY,125.43,100,12543,0,0.00,0,27,0.22,-11,-0.09,-232,-0.23,1
703,Exit short,2013-06-25 07:15,TX15,126.63,100,12670,7,0.06,0,33,0.26,-19,-0.15,-225,-0.22,1
703,Entry short,2013-06-25 07:00,C0|S|MKT|15|v0.3.0-tier0|SPY,126.7,100,12670,7,0.06,0,33,0.26,-19,-0.15,-225,-0.22,1
704,Exit short,2013-06-26 07:30,TX15,128.01,100,12813,12,0.09,0,17,0.13,-7,-0.05,-213,-0.21,1
704,Entry short,2013-06-26 07:15,C0|S|MKT|15|v0.3.0-tier0|SPY,128.13,100,12813,12,0.09,0,17,0.13,-7,-0.05,-213,-0.21,1
705,Exit long,2013-06-27 07:15,TX15,129.36,100,12948,-12,-0.09,0,9,0.07,-27,-0.21,-225,-0.22,1
705,Entry long,2013-06-27 07:00,C0|L|MKT|15|v0.3.0-tier0|SPY,129.48,100,12948,-12,-0.09,0,9,0.07,-27,-0.21,-225,-0.22,1
706,Exit short,2013-06-28 07:15,TX15,128.49,100,12833,-16,-0.12,0,13,0.10,-20,-0.16,-241,-0.24,1
706,Entry short,2013-06-28 07:00,C0|S|MKT|15|v0.3.0-tier0|SPY,128.33,100,12833,-16,-0.12,0,13,0.10,-20,-0.16,-241,-0.24,1
707,Exit long,2013-07-01 07:15,TX15,130.23,100,12981,42,0.32,0,43,0.33,-6,-0.05,-199,-0.20,1
707,Entry long,2013-07-01 07:00,C0|L|MKT|15|v0.3.0-tier0|SPY,129.81,100,12981,42,0.32,0,43,0.33,-6,-0.05,-199,-0.20,1
708,Exit long,2013-07-02 07:15,TX15,129.93,100,12980,13,0.10,0,18,0.14,-14,-0.11,-186,-0.19,1
708,Entry long,2013-07-02 07:00,C0|L|MKT|15|v0.3.0-tier0|SPY,129.8,100,12980,13,0.10,0,18,0.14,-14,-0.11,-186,-0.19,1
709,Exit short,2013-07-05 07:30,TX15,129.59,100,12971,12,0.09,0,36,0.28,-2,-0.02,-174,-0.17,1
709,Entry short,2013-07-05 07:15,C0|S|MKT|15|v0.3.0-tier0|SPY,129.71,100,12971,12,0.09,0,36,0.28,-2,-0.02,-174,-0.17,1
710,Exit long,2013-07-08 07:15,TX15,131.62,100,13157,5,0.04,0,25,0.19,-1,-0.01,-169,-0.17,1
710,Entry long,2013-07-08 07:00,C0|L|MKT|15|v0.3.0-tier0|SPY,131.57,100,13157,5,0.04,0,25,0.19,-1,-0.01,-169,-0.17,1
711,Exit short,2013-07-09 07:30,TX15,131.79,100,13195,16,0.12,0,20,0.15,-3,-0.02,-153,-0.15,1
711,Entry short,2013-07-09 07:15,C0|S|MKT|15|v0.3.0-tier0|SPY,131.95,100,13195,16,0.12,0,20,0.15,-3,-0.02,-153,-0.15,1
712,Exit short,2013-07-10 07:45,TX15,132.18,100,13227,9,0.07,0,14,0.11,-2,-0.02,-144,-0.14,1
712,Entry short,2013-07-10 07:30,C0|S|MKT|15|v0.3.0-tier0|SPY,132.27,100,13227,9,0.07,0,14,0.11,-2,-0.02,-144,-0.14,1
713,Exit short,2013-07-11 07:15,TX15,133.82,100,13376,-6,-0.04,0,10,0.07,-6,-0.04,-150,-0.15,1
713,Entry short,2013-07-11 07:00,C0|S|MKT|15|v0.3.0-tier0|SPY,133.76,100,13376,-6,-0.04,0,10,0.07,-6,-0.04,-150,-0.15,1
714,Exit short,2013-07-17 07:15,TX15,134.82,100,13470,-12,-0.09,0,1,0.01,-19,-0.14,-162,-0.16,1
714,Entry short,2013-07-17 07:00,C0|S|MKT|15|v0.3.0-tier0|SPY,134.7,100,13470,-12,-0.09,0,1,0.01,-19,-0.14,-162,-0.16,1
715,Exit long,2013-07-18 07:30,TX15,135.6,100,13538,22,0.16,0,24,0.18,0,0.00,-140,-0.14,1
715,Entry long,2013-07-18 07:15,C0|L|MKT|15|v0.3.0-tier0|SPY,135.38,100,13538,22,0.16,0,24,0.18,0,0.00,-140,-0.14,1
716,Exit short,2013-07-22 07:15,TX15,135.73,100,13559,-14,-0.10,0,5,0.04,-19,-0.14,-154,-0.15,1
716,Entry short,2013-07-22 07:00,C0|S|MKT|15|v0.3.0-tier0|SPY,135.59,100,13559,-14,-0.10,0,5,0.04,-19,-0.14,-154,-0.15,1
717,Exit short,2013-07-23 07:15,TX15,135.89,100,13603,14,0.10,0,23,0.17,0,0.00,-140,-0.14,1
717,Entry short,2013-07-23 07:00,C0|S|MKT|15|v0.3.0-tier0|SPY,136.03,100,13603,14,0.10,0,23,0.17,0,0.00,-140,-0.14,1
718,Exit short,2013-07-24 07:15,TX15,135.42,100,13562,20,0.15,0,32,0.24,-12,-0.09,-120,-0.12,1
718,Entry short,2013-07-24 07:00,C0|S|MKT|15|v0.3.0-tier0|SPY,135.62,100,13562,20,0.15,0,32,0.24,-12,-0.09,-120,-0.12,1
719,Exit long,2013-07-25 07:15,TX15,135.21,100,13506,15,0.11,0,20,0.15,0,0.00,-105,-0.10,1
719,Entry long,2013-07-25 07:00,C0|L|MKT|15|v0.3.0-tier0|SPY,135.06,100,13506,15,0.11,0,20,0.15,0,0.00,-105,-0.10,1
720,Exit short,2013-07-26 07:45,TX15,134.81,100,13481,0,0.00,0,8,0.06,-5,-0.04,-105,-0.10,1
720,Entry short,2013-07-26 07:30,C0|S|MKT|15|v0.3.0-tier0|SPY,134.81,100,13481,0,0.00,0,8,0.06,-5,-0.04,-105,-0.10,1
721,Exit short,2013-07-29 07:30,TX15,135.33,100,13521,-12,-0.09,0,6,0.04,-15,-0.11,-117,-0.12,1
721,Entry short,2013-07-29 07:15,C0|S|MKT|15|v0.3.0-tier0|SPY,135.21,100,13521,-12,-0.09,0,6,0.04,-15,-0.11,-117,-0.12,1
722,Exit long,2013-07-31 07:45,TX15,135.98,100,13588,10,0.07,0,16,0.12,-4,-0.03,-107,-0.11,1
722,Entry long,2013-07-31 07:30,C0|L|MKT|15|v0.3.0-tier0|SPY,135.88,100,13588,10,0.07,0,16,0.12,-4,-0.03,-107,-0.11,1
723,Exit long,2013-08-01 07:30,TX15,136.7,100,13665,5,0.04,0,9,0.07,-7,-0.05,-102,-0.10,1
723,Entry long,2013-08-01 07:15,C0|L|MKT|15|v0.3.0-tier0|SPY,136.65,100,13665,5,0.04,0,9,0.07,-7,-0.05,-102,-0.10,1
724,Exit long,2013-08-02 07:45,TX15,136.68,100,13672,-4,-0.03,0,2,0.01,-8,-0.06,-106,-0.11,1
724,Entry long,2013-08-02 07:30,C0|L|MKT|15|v0.3.0-tier0|SPY,136.72,100,13672,-4,-0.03,0,2,0.01,-8,-0.06,-106,-0.11,1
725,Exit long,2013-08-05 07:15,TX15,136.92,100,13683,9,0.07,0,12,0.09,-3,-0.02,-97,-0.10,1
725,Entry long,2013-08-05 07:00,C0|L|MKT|15|v0.3.0-tier0|SPY,136.83,100,13683,9,0.07,0,12,0.09,-3,-0.02,-97,-0.10,1
726,Exit short,2013-08-06 07:15,TX15,136.32,100,13647,15,0.11,0,26,0.19,0,0.00,-82,-0.08,1
726,Entry short,2013-08-06 07:00,C0|S|MKT|15|v0.3.0-tier0|SPY,136.47,100,13647,15,0.11,0,26,0.19,0,0.00,-82,-0.08,1
727,Exit short,2013-08-07 07:15,TX15,135.25,100,13543,18,0.13,0,23,0.17,0,0.00,-64,-0.06,1
727,Entry short,2013-08-07 07:00,C0|S|MKT|15|v0.3.0-tier0|SPY,135.43,100,13543,18,0.13,0,23,0.17,0,0.00,-64,-0.06,1
728,Exit short,2013-08-08 07:15,TX15,135.79,100,13619,40,0.29,0,42,0.31,-4,-0.03,-24,-0.02,1
728,Entry short,2013-08-08 07:00,C0|S|MKT|15|v0.3.0-tier0|SPY,136.19,100,13619,40,0.29,0,42,0.31,-4,-0.03,-24,-0.02,1
729,Exit long,2013-08-12 07:30,TX15,135.48,100,13563,-15,-0.11,0,3,0.02,-18,-0.13,-39,-0.04,1
729,Entry long,2013-08-12 07:15,C0|L|MKT|15|v0.3.0-tier0|SPY,135.63,100,13563,-15,-0.11,0,3,0.02,-18,-0.13,-39,-0.04,1
730,Exit short,2013-08-13 07:15,TX15,135.26,100,13559,33,0.24,0,42,0.31,-1,-0.01,-6,-0.01,1
730,Entry short,2013-08-13 07:00,C0|S|MKT|15|v0.3.0-tier0|SPY,135.59,100,13559,33,0.24,0,42,0.31,-1,-0.01,-6,-0.01,1
731,Exit short,2013-08-14 07:30,TX15,135.79,100,13573,-6,-0.04,0,5,0.04,-16,-0.12,-12,-0.01,1
731,Entry short,2013-08-14 07:15,C0|S|MKT|15|v0.3.0-tier0|SPY,135.73,100,13573,-6,-0.04,0,5,0.04,-16,-0.12,-12,-0.01,1
732,Exit short,2013-08-15 07:15,TX15,133.33,100,13361,28,0.21,0,36,0.27,-11,-0.08,16,0.02,1
732,Entry short,2013-08-15 07:00,C0|S|MKT|15|v0.3.0-tier0|SPY,133.61,100,13361,28,0.21,0,36,0.27,-11,-0.08,16,0.02,1
733,Exit long,2013-08-16 07:15,TX15,133.42,100,13336,6,0.04,0,17,0.13,-18,-0.13,22,0.02,1
733,Entry long,2013-08-16 07:00,C0|L|MKT|15|v0.3.0-tier0|SPY,133.36,100,13336,6,0.04,0,17,0.13,-18,-0.13,22,0.02,1
734,Exit long,2013-08-19 07:15,TX15,133.14,100,13318,-4,-0.03,0,10,0.08,-9,-0.07,18,0.02,1
734,Entry long,2013-08-19 07:00,C0|L|MKT|15|v0.3.0-tier0|SPY,133.18,100,13318,-4,-0.03,0,10,0.08,-9,-0.07,18,0.02,1
735,Exit long,2013-08-20 07:45,TX15,132.82,100,13259,23,0.17,0,31,0.23,-3,-0.02,41,0.04,1
735,Entry long,2013-08-20 07:30,C0|L|MKT|15|v0.3.0-tier0|SPY,132.59,100,13259,23,0.17,0,31,0.23,-3,-0.02,41,0.04,1
736,Exit long,2013-08-22 07:30,TX15,132.9,100,13272,18,0.14,0,18,0.14,0,0.00,59,0.06,1
736,Entry long,2013-08-22 07:15,C0|L|MKT|15|v0.3.0-tier0|SPY,132.72,100,13272,18,0.14,0,18,0.14,0,0.00,59,0.06,1
737,Exit short,2013-08-23 07:15,TX15,133.16,100,13323,7,0.05,0,29,0.22,-5,-0.04,66,0.07,1
737,Entry short,2013-08-23 07:00,C0|S|MKT|15|v0.3.0-tier0|SPY,133.23,100,13323,7,0.05,0,29,0.22,-5,-0.04,66,0.07,1
738,Exit long,2013-08-26 07:30,TX15,133.93,100,13393,0,0.00,0,7,0.05,-4,-0.03,66,0.07,1
738,Entry long,2013-08-26 07:15,C0|L|MKT|15|v0.3.0-tier0|SPY,133.93,100,13393,0,0.00,0,7,0.05,-4,-0.03,66,0.07,1
739,Exit long,2013-08-27 07:15,TX15,131.96,100,13211,-15,-0.11,0,14,0.11,-19,-0.14,51,0.05,1
739,Entry long,2013-08-27 07:00,C0|L|MKT|15|v0.3.0-tier0|SPY,132.11,100,13211,-15,-0.11,0,14,0.11,-19,-0.14,51,0.05,1
740,Exit long,2013-08-28 07:45,TX15,131.38,100,13129,9,0.07,0,18,0.14,-8,-0.06,60,0.06,1
740,Entry long,2013-08-28 07:30,C0|L|MKT|15|v0.3.0-tier0|SPY,131.29,100,13129,9,0.07,0,18,0.14,-8,-0.06,60,0.06,1
741,Exit long,2013-08-29 07:15,TX15,131.89,100,13169,20,0.15,0,23,0.17,-2,-0.02,80,0.08,1
741,Entry long,2013-08-29 07:00,C0|L|MKT|15|v0.3.0-tier0|SPY,131.69,100,13169,20,0.15,0,23,0.17,-2,-0.02,80,0.08,1
742,Exit short,2013-08-30 07:30,TX15,131.4,100,13136,-4,-0.03,0,3,0.02,-16,-0.12,76,0.08,1
742,Entry short,2013-08-30 07:15,C0|S|MKT|15|v0.3.0-tier0|SPY,131.36,100,13136,-4,-0.03,0,3,0.02,-16,-0.12,76,0.08,1
743,Exit short,2013-09-03 07:45,TX15,132.53,100,13242,-11,-0.08,0,6,0.05,-11,-0.08,65,0.07,1
743,Entry short,2013-09-03 07:30,C0|S|MKT|15|v0.3.0-tier0|SPY,132.42,100,13242,-11,-0.08,0,6,0.05,-11,-0.08,65,0.07,1
744,Exit long,2013-09-04 07:15,TX15,132.45,100,13219,26,0.20,0,31,0.23,0,0.00,91,0.09,1
744,Entry long,2013-09-04 07:00,C0|L|MKT|15|v0.3.0-tier0|SPY,132.19,100,13219,26,0.20,0,31,0.23,0,0.00,91,0.09,1
745,Exit long,2013-09-05 07:15,TX15,133.34,100,13336,-2,-0.01,0,6,0.04,-16,-0.12,89,0.09,1
745,Entry long,2013-09-05 07:00,C0|L|MKT|15|v0.3.0-tier0|SPY,133.36,100,13336,-2,-0.01,0,6,0.04,-16,-0.12,89,0.09,1
746,Exit short,2013-09-06 07:15,TX15,132.45,100,13245,0,0.00,0,55,0.42,-7,-0.05,89,0.09,1
746,Entry short,2013-09-06 07:00,C0|S|MKT|15|v0.3.0-tier0|SPY,132.45,100,13245,0,0.00,0,55,0.42,-7,-0.05,89,0.09,1
747,Exit long,2013-09-09 07:15,TX15,133.74,100,13391,-17,-0.13,0,10,0.07,-23,-0.17,72,0.07,1
747,Entry long,2013-09-09 07:00,C0|L|MKT|15|v0.3.0-tier0|SPY,133.91,100,13391,-17,-0.13,0,10,0.07,-23,-0.17,72,0.07,1
748,Exit long,2013-09-10 07:30,TX15,135.3,100,13532,-2,-0.01,0,2,0.01,-21,-0.16,70,0.07,1
748,Entry long,2013-09-10 07:15,C0|L|MKT|15|v0.3.0-tier0|SPY,135.32,100,13532,-2,-0.01,0,2,0.01,-21,-0.16,70,0.07,1
749,Exit short,2013-09-11 07:15,TX15,135.15,100,13512,-3,-0.02,0,3,0.02,-16,-0.12,67,0.07,1
749,Entry short,2013-09-11 07:00,C0|S|MKT|15|v0.3.0-tier0|SPY,135.12,100,13512,-3,-0.02,0,3,0.02,-16,-0.12,67,0.07,1
750,Exit long,2013-09-12 07:45,TX15,135.92,100,13591,1,0.01,0,6,0.04,-3,-0.02,68,0.07,1
750,Entry long,2013-09-12 07:30,C0|L|MKT|15|v0.3.0-tier0|SPY,135.91,100,13591,1,0.01,0,6,0.04,-3,-0.02,68,0.07,1
751,Exit short,2013-09-13 07:30,TX15,135.41,100,13544,3,0.02,0,13,0.10,-3,-0.02,71,0.07,1
751,Entry short,2013-09-13 07:15,C0|S|MKT|15|v0.3.0-tier0|SPY,135.44,100,13544,3,0.02,0,13,0.10,-3,-0.02,71,0.07,1
752,Exit long,2013-09-17 07:15,TX15,137.07,100,13692,15,0.11,0,16,0.12,-1,-0.01,86,0.09,1
752,Entry long,2013-09-17 07:00,C0|L|MKT|15|v0.3.0-tier0|SPY,136.92,100,13692,15,0.11,0,16,0.12,-1,-0.01,86,0.09,1
753,Exit short,2013-09-18 07:45,TX15,136.94,100,13699,5,0.04,0,8,0.06,-3,-0.02,91,0.09,1
753,Entry short,2013-09-18 07:30,C0|S|MKT|15|v0.3.0-tier0|SPY,136.99,100,13699,5,0.04,0,8,0.06,-3,-0.02,91,0.09,1
754,Exit short,2013-09-19 07:30,TX15,138.9,100,13881,-9,-0.06,0,7,0.05,-17,-0.12,82,0.08,1
754,Entry short,2013-09-19 07:15,C0|S|MKT|15|v0.3.0-tier0|SPY,138.81,100,13881,-9,-0.06,0,7,0.05,-17,-0.12,82,0.08,1
755,Exit short,2013-09-20 07:15,TX15,138.39,100,13849,10,0.07,0,21,0.15,-6,-0.04,92,0.09,1
755,Entry short,2013-09-20 07:00,C0|S|MKT|15|v0.3.0-tier0|SPY,138.49,100,13849,10,0.07,0,21,0.15,-6,-0.04,92,0.09,1
756,Exit short,2013-09-23 07:15,TX15,136.95,100,13706,11,0.08,0,19,0.14,-8,-0.06,103,0.10,1
756,Entry short,2013-09-23 07:00,C0|S|MKT|15|v0.3.0-tier0|SPY,137.06,100,13706,11,0.08,0,19,0.14,-8,-0.06,103,0.10,1
757,Exit short,2013-09-24 07:30,TX15,136.71,100,13649,-22,-0.16,0,13,0.10,-22,-0.16,81,0.08,1
757,Entry short,2013-09-24 07:15,C0|S|MKT|15|v0.3.0-tier0|SPY,136.49,100,13649,-22,-0.16,0,13,0.10,-22,-0.16,81,0.08,1
758,Exit short,2013-09-25 07:30,TX15,136.5,100,13621,-29,-0.21,0,4,0.03,-32,-0.23,52,0.05,1
758,Entry short,2013-09-25 07:15,C0|S|MKT|15|v0.3.0-tier0|SPY,136.21,100,13621,-29,-0.21,0,4,0.03,-32,-0.23,52,0.05,1
759,Exit long,2013-09-26 07:15,TX15,136.95,100,13691,4,0.03,0,21,0.15,-4,-0.03,56,0.06,1
759,Entry long,2013-09-26 07:00,C0|L|MKT|15|v0.3.0-tier0|SPY,136.91,100,13691,4,0.03,0,21,0.15,-4,-0.03,56,0.06,1
760,Exit long,2013-09-30 07:45,TX15,135.57,100,13538,19,0.14,0,20,0.15,-6,-0.04,75,0.08,1
760,Entry long,2013-09-30 07:30,C0|L|MKT|15|v0.3.0-tier0|SPY,135.38,100,13538,19,0.14,0,20,0.15,-6,-0.04,75,0.08,1
761,Exit long,2013-10-01 07:45,TX15,136.25,100,13604,21,0.15,0,26,0.19,0,0.00,96,0.10,1
761,Entry long,2013-10-01 07:30,C0|L|MKT|15|v0.3.0-tier0|SPY,136.04,100,13604,21,0.15,0,26,0.19,0,0.00,96,0.10,1
762,Exit short,2013-10-02 07:30,TX15,135.42,100,13539,-3,-0.02,0,14,0.10,-6,-0.04,93,0.09,1
762,Entry short,2013-10-02 07:15,C0|S|MKT|15|v0.3.0-tier0|SPY,135.39,100,13539,-3,-0.02,0,14,0.10,-6,-0.04,93,0.09,1
763,Exit short,2013-10-03 07:15,TX15,135.41,100,13566,25,0.18,0,38,0.28,0,0.00,118,0.12,1
763,Entry short,2013-10-03 07:00,C0|S|MKT|15|v0.3.0-tier0|SPY,135.66,100,13566,25,0.18,0,38,0.28,0,0.00,118,0.12,1
764,Exit long,2013-10-04 07:15,TX15,135.68,100,13554,14,0.10,0,17,0.13,-10,-0.07,132,0.13,1
764,Entry long,2013-10-04 07:00,C0|L|MKT|15|v0.3.0-tier0|SPY,135.54,100,13554,14,0.10,0,17,0.13,-10,-0.07,132,0.13,1
765,Exit long,2013-10-07 07:15,TX15,135.49,100,13515,34,0.25,0,38,0.28,-9,-0.07,166,0.17,1
765,Entry long,2013-10-07 07:00,C0|L|MKT|15|v0.3.0-tier0|SPY,135.15,100,13515,34,0.25,0,38,0.28,-9,-0.07,166,0.17,1
766,Exit long,2013-10-10 07:15,TX15,135.14,100,13523,-9,-0.07,0,11,0.08,-14,-0.10,157,0.16,1
766,Entry long,2013-10-10 07:00,C0|L|MKT|15|v0.3.0-tier0|SPY,135.23,100,13523,-9,-0.07,0,11,0.08,-14,-0.10,157,0.16,1
767,Exit long,2013-10-11 07:15,TX15,136.61,100,13660,1,0.01,0,10,0.07,-6,-0.04,158,0.16,1
767,Entry long,2013-10-11 07:00,C0|L|MKT|15|v0.3.0-tier0|SPY,136.6,100,13660,1,0.01,0,10,0.07,-6,-0.04,158,0.16,1
768,Exit long,2013-10-15 07:30,TX15,137.65,100,13758,7,0.05,0,12,0.09,-6,-0.04,165,0.17,1
768,Entry long,2013-10-15 07:15,C0|L|MKT|15|v0.3.0-tier0|SPY,137.58,100,13758,7,0.05,0,12,0.09,-6,-0.04,165,0.17,1
769,Exit long,2013-10-16 07:15,TX15,138.29,100,13832,-3,-0.02,0,10,0.07,-26,-0.19,162,0.16,1
769,Entry long,2013-10-16 07:00,C0|L|MKT|15|v0.3.0-tier0|SPY,138.32,100,13832,-3,-0.02,0,10,0.07,-26,-0.19,162,0.16,1
770,Exit long,2013-10-17 07:30,TX15,138.61,100,13844,17,0.12,0,24,0.17,-1,-0.01,179,0.18,1
770,Entry long,2013-10-17 07:15,C0|L|MKT|15|v0.3.0-tier0|SPY,138.44,100,13844,17,0.12,0,24,0.17,-1,-0.01,179,0.18,1
771,Exit long,2013-10-18 07:15,TX15,140.15,100,14021,-6,-0.04,0,9,0.06,-7,-0.05,173,0.17,1
771,Entry long,2013-10-18 07:00,C0|L|MKT|15|v0.3.0-tier0|SPY,140.21,100,14021,-6,-0.04,0,9,0.06,-7,-0.05,173,0.17,1
772,Exit long,2013-10-21 07:15,TX15,140.63,100,14070,-7,-0.05,0,11,0.08,-10,-0.07,166,0.17,1
772,Entry long,2013-10-21 07:00,C0|L|MKT|15|v0.3.0-tier0|SPY,140.7,100,14070,-7,-0.05,0,11,0.08,-10,-0.07,166,0.17,1
773,Exit long,2013-10-22 07:15,TX15,141.6,100,14133,27,0.19,0,28,0.20,-2,-0.01,193,0.19,1
773,Entry long,2013-10-22 07:00,C0|L|MKT|15|v0.3.0-tier0|SPY,141.33,100,14133,27,0.19,0,28,0.20,-2,-0.01,193,0.19,1
774,Exit short,2013-10-23 07:15,TX15,140.75,100,14040,-35,-0.25,0,11,0.08,-36,-0.26,158,0.16,1
774,Entry short,2013-10-23 07:00,C0|S|MKT|15|v0.3.0-tier0|SPY,140.4,100,14040,-35,-0.25,0,11,0.08,-36,-0.26,158,0.16,1
775,Exit short,2013-10-25 07:45,TX15,141.3,100,14127,-3,-0.02,0,6,0.04,-9,-0.06,155,0.16,1
775,Entry short,2013-10-25 07:30,C0|S|MKT|15|v0.3.0-tier0|SPY,141.27,100,14127,-3,-0.02,0,6,0.04,-9,-0.06,155,0.16,1
776,Exit long,2013-10-28 07:30,TX15,141.9,100,14194,-4,-0.03,0,10,0.07,-4,-0.03,151,0.15,1
776,Entry long,2013-10-28 07:15,C0|L|MKT|15|v0.3.0-tier0|SPY,141.94,100,14194,-4,-0.03,0,10,0.07,-4,-0.03,151,0.15,1
777,Exit short,2013-10-29 07:30,TX15,142.36,100,14226,-10,-0.07,0,2,0.01,-10,-0.07,141,0.14,1
777,Entry short,2013-10-29 07:15,C0|S|MKT|15|v0.3.0-tier0|SPY,142.26,100,14226,-10,-0.07,0,2,0.01,-10,-0.07,141,0.14,1
778,Exit short,2013-10-31 07:15,TX15,141.79,100,14176,-3,-0.02,0,25,0.18,-3,-0.02,138,0.14,1
778,Entry short,2013-10-31 07:00,C0|S|MKT|15|v0.3.0-tier0|SPY,141.76,100,14176,-3,-0.02,0,25,0.18,-3,-0.02,138,0.14,1
779,Exit short,2013-11-01 07:45,TX15,141.88,100,14175,-13,-0.09,0,6,0.04,-14,-0.10,125,0.13,1
779,Entry short,2013-11-01 07:30,C0|S|MKT|15|v0.3.0-tier0|SPY,141.75,100,14175,-13,-0.09,0,6,0.04,-14,-0.10,125,0.13,1
780,Exit short,2013-11-04 07:15,TX15,142.1,100,14218,8,0.06,0,14,0.10,-2,-0.01,133,0.13,1
780,Entry short,2013-11-04 07:00,C0|S|MKT|15|v0.3.0-tier0|SPY,142.18,100,14218,8,0.06,0,14,0.10,-2,-0.01,133,0.13,1
781,Exit short,2013-11-05 07:15,TX15,141.67,100,14167,0,0.00,0,19,0.13,-14,-0.10,133,0.13,1
781,Entry short,2013-11-05 07:00,C0|S|MKT|15|v0.3.0-tier0|SPY,141.67,100,14167,0,0.00,0,19,0.13,-14,-0.10,133,0.13,1
782,Exit long,2013-11-06 07:15,TX15,142.89,100,14291,-2,-0.01,0,10,0.07,-4,-0.03,131,0.13,1
782,Entry long,2013-11-06 07:00,C0|L|MKT|15|v0.3.0-tier0|SPY,142.91,100,14291,-2,-0.01,0,10,0.07,-4,-0.03,131,0.13,1
783,Exit short,2013-11-07 07:15,TX15,142.45,100,14276,31,0.22,0,41,0.29,-7,-0.05,162,0.16,1
783,Entry short,2013-11-07 07:00,C0|S|MKT|15|v0.3.0-tier0|SPY,142.76,100,14276,31,0.22,0,41,0.29,-7,-0.05,162,0.16,1
784,Exit long,2013-11-08 07:45,TX15,141.85,100,14177,8,0.06,0,27,0.19,0,0.00,170,0.17,1
784,Entry long,2013-11-08 07:30,C0|L|MKT|15|v0.3.0-tier0|SPY,141.77,100,14177,8,0.06,0,27,0.19,0,0.00,170,0.17,1
785,Exit long,2013-11-11 07:15,TX15,142.97,100,14298,-1,-0.01,0,5,0.03,-8,-0.06,169,0.17,1
785,Entry long,2013-11-11 07:00,C0|L|MKT|15|v0.3.0-tier0|SPY,142.98,100,14298,-1,-0.01,0,5,0.03,-8,-0.06,169,0.17,1
786,Exit long,2013-11-12 07:15,TX15,142.58,100,14274,-16,-0.11,0,5,0.04,-18,-0.13,153,0.15,1
786,Entry long,2013-11-12 07:00,C0|L|MKT|15|v0.3.0-tier0|SPY,142.74,100,14274,-16,-0.11,0,5,0.04,-18,-0.13,153,0.15,1
787,Exit long,2013-11-13 07:15,TX15,142.36,100,14238,-2,-0.01,0,8,0.06,-20,-0.14,151,0.15,1
787,Entry long,2013-11-13 07:00,C0|L|MKT|15|v0.3.0-tier0|SPY,142.38,100,14238,-2,-0.01,0,8,0.06,-20,-0.14,151,0.15,1
788,Exit short,2013-11-18 07:15,TX15,145.04,100,14497,-7,-0.05,0,9,0.06,-9,-0.06,144,0.14,1
788,Entry short,2013-11-18 07:00,C0|S|MKT|15|v0.3.0-tier0|SPY,144.97,100,14497,-7,-0.05,0,9,0.06,-9,-0.06,144,0.14,1
789,Exit long,2013-11-19 07:30,TX15,144.68,100,14475,-7,-0.05,0,11,0.08,-7,-0.05,137,0.14,1
789,Entry long,2013-11-19 07:15,C0|L|MKT|15|v0.3.0-tier0|SPY,144.75,100,14475,-7,-0.05,0,11,0.08,-7,-0.05,137,0.14,1
790,Exit long,2013-11-20 07:45,TX15,144.54,100,14475,-21,-0.15,0,3,0.02,-39,-0.27,116,0.12,1
790,Entry long,2013-11-20 07:30,C0|L|MKT|15|v0.3.0-tier0|SPY,144.75,100,14475,-21,-0.15,0,3,0.02,-39,-0.27,116,0.12,1
791,Exit long,2013-11-21 07:15,TX15,144.5,100,14446,4,0.03,0,10,0.07,-16,-0.11,120,0.12,1
791,Entry long,2013-11-21 07:00,C0|L|MKT|15|v0.3.0-tier0|SPY,144.46,100,14446,4,0.03,0,10,0.07,-16,-0.11,120,0.12,1
792,Exit long,2013-11-22 07:30,TX15,145.13,100,14517,-4,-0.03,0,7,0.05,-7,-0.05,116,0.12,1
792,Entry long,2013-11-22 07:15,C0|L|MKT|15|v0.3.0-tier0|SPY,145.17,100,14517,-4,-0.03,0,7,0.05,-7,-0.05,116,0.12,1
793,Exit short,2013-11-25 07:15,TX15,145.74,100,14574,0,0.00,0,11,0.08,-5,-0.03,116,0.12,1
793,Entry short,2013-11-25 07:00,C0|S|MKT|15|v0.3.0-tier0|SPY,145.74,100,14574,0,0.00,0,11,0.08,-5,-0.03,116,0.12,1
794,Exit short,2013-11-26 07:30,TX15,145.7,100,14558,-12,-0.08,0,0,0.00,-15,-0.10,104,0.10,1
794,Entry short,2013-11-26 07:15,C0|S|MKT|15|v0.3.0-tier0|SPY,145.58,100,14558,-12,-0.08,0,0,0.00,-15,-0.10,104,0.10,1
795,Exit long,2013-11-27 07:15,TX15,145.86,100,14594,-8,-0.05,0,5,0.03,-8,-0.05,96,0.10,1
795,Entry long,2013-11-27 07:00,C0|L|MKT|15|v0.3.0-tier0|SPY,145.94,100,14594,-8,-0.05,0,5,0.03,-8,-0.05,96,0.10,1
796,Exit long,2013-11-29 07:15,TX15,146.37,100,14630,7,0.05,0,9,0.06,-5,-0.03,103,0.10,1
796,Entry long,2013-11-29 07:00,C0|L|MKT|15|v0.3.0-tier0|SPY,146.3,100,14630,7,0.05,0,9,0.06,-5,-0.03,103,0.10,1
797,Exit short,2013-12-02 07:15,TX15,145.71,100,14569,-2,-0.01,0,14,0.10,-17,-0.12,101,0.10,1
797,Entry short,2013-12-02 07:00,C0|S|MKT|15|v0.3.0-tier0|SPY,145.69,100,14569,-2,-0.01,0,14,0.10,-17,-0.12,101,0.10,1
798,Exit long,2013-12-03 07:15,TX15,145.19,100,14527,-8,-0.06,0,9,0.06,-9,-0.06,93,0.09,1
798,Entry long,2013-12-03 07:00,C0|L|MKT|15|v0.3.0-tier0|SPY,145.27,100,14527,-8,-0.06,0,9,0.06,-9,-0.06,93,0.09,1
799,Exit long,2013-12-04 07:30,TX15,145.33,100,14527,6,0.04,0,16,0.11,-3,-0.02,99,0.10,1
799,Entry long,2013-12-04 07:15,C0|L|MKT|15|v0.3.0-tier0|SPY,145.27,100,14527,6,0.04,0,16,0.11,-3,-0.02,99,0.10,1
800,Exit long,2013-12-09 07:15,TX15,146.23,100,14636,-13,-0.09,0,2,0.01,-19,-0.13,86,0.09,1
800,Entry long,2013-12-09 07:00,C0|L|MKT|15|v0.3.0-tier0|SPY,146.36,100,14636,-13,-0.09,0,2,0.01,-19,-0.13,86,0.09,1
801,Exit long,2013-12-10 07:30,TX15,145.96,100,14603,-7,-0.05,0,1,0.01,-8,-0.05,79,0.08,1
801,Entry long,2013-12-10 07:15,C0|L|MKT|15|v0.3.0-tier0|SPY,146.03,100,14603,-7,-0.05,0,1,0.01,-8,-0.05,79,0.08,1
802,Exit short,2013-12-11 07:15,TX15,145.09,100,14529,20,0.14,0,39,0.27,0,0.00,99,0.10,1
802,Entry short,2013-12-11 07:00,C0|S|MKT|15|v0.3.0-tier0|SPY,145.29,100,14529,20,0.14,0,39,0.27,0,0.00,99,0.10,1
803,Exit short,2013-12-12 07:15,TX15,143.72,100,14378,6,0.04,0,8,0.06,-14,-0.10,105,0.11,1
803,Entry short,2013-12-12 07:00,C0|S|MKT|15|v0.3.0-tier0|SPY,143.78,100,14378,6,0.04,0,8,0.06,-14,-0.10,105,0.11,1
804,Exit short,2013-12-13 07:15,TX15,143.51,100,14347,-4,-0.03,0,3,0.02,-17,-0.12,101,0.10,1
804,Entry short,2013-12-13 07:00,C0|S|MKT|15|v0.3.0-tier0|SPY,143.47,100,14347,-4,-0.03,0,3,0.02,-17,-0.12,101,0.10,1
805,Exit long,2013-12-16 07:15,TX15,144.63,100,14480,-17,-0.12,0,9,0.06,-19,-0.13,84,0.08,1
805,Entry long,2013-12-16 07:00,C0|L|MKT|15|v0.3.0-tier0|SPY,144.8,100,14480,-17,-0.12,0,9,0.06,-19,-0.13,84,0.08,1
806,Exit short,2013-12-19 07:30,TX15,145.9,100,14566,-24,-0.16,0,3,0.02,-26,-0.18,60,0.06,1
806,Entry short,2013-12-19 07:15,C0|S|MKT|15|v0.3.0-tier0|SPY,145.66,100,14566,-24,-0.16,0,3,0.02,-26,-0.18,60,0.06,1
807,Exit short,2013-12-23 07:15,TX15,147.67,100,14760,-7,-0.05,0,9,0.06,-16,-0.11,53,0.05,1
807,Entry short,2013-12-23 07:00,C0|S|MKT|15|v0.3.0-tier0|SPY,147.6,100,14760,-7,-0.05,0,9,0.06,-16,-0.11,53,0.05,1
808,Exit long,2013-12-24 07:45,TX15,148.1,100,14812,-2,-0.01,0,1,0.01,-4,-0.03,51,0.05,1
808,Entry long,2013-12-24 07:30,C0|L|MKT|15|v0.3.0-tier0|SPY,148.12,100,14812,-2,-0.01,0,1,0.01,-4,-0.03,51,0.05,1
809,Exit long,2013-12-26 07:45,TX15,148.7,100,14870,0,0.00,0,2,0.01,-3,-0.02,51,0.05,1
809,Entry long,2013-12-26 07:30,C0|L|MKT|15|v0.3.0-tier0|SPY,148.7,100,14870,0,0.00,0,2,0.01,-3,-0.02,51,0.05,1
810,Exit short,2013-12-30 07:15,TX15,148.85,100,14881,-4,-0.03,0,1,0.01,-10,-0.07,47,0.05,1
810,Entry short,2013-12-30 07:00,C0|S|MKT|15|v0.3.0-tier0|SPY,148.81,100,14881,-4,-0.03,0,1,0.01,-10,-0.07,47,0.05,1
811,Exit long,2013-12-31 07:30,TX15,149.25,100,14927,-2,-0.01,0,0,0.00,-9,-0.06,45,0.05,1
811,Entry long,2013-12-31 07:15,C0|L|MKT|15|v0.3.0-tier0|SPY,149.27,100,14927,-2,-0.01,0,0,0.00,-9,-0.06,45,0.05,1
812,Exit long,2014-01-07 07:15,TX15,148.69,100,14866,3,0.02,0,7,0.05,-2,-0.01,48,0.05,1
812,Entry long,2014-01-07 07:00,C0|L|MKT|15|v0.3.0-tier0|SPY,148.66,100,14866,3,0.02,0,7,0.05,-2,-0.01,48,0.05,1
813,Exit long,2014-01-08 07:45,TX15,148.76,100,14881,-5,-0.03,0,12,0.08,-6,-0.04,43,0.04,1
813,Entry long,2014-01-08 07:30,C0|L|MKT|15|v0.3.0-tier0|SPY,148.81,100,14881,-5,-0.03,0,12,0.08,-6,-0.04,43,0.04,1
814,Exit short,2014-01-09 07:30,TX15,148.72,100,14887,15,0.10,0,19,0.13,-1,-0.01,58,0.06,1
814,Entry short,2014-01-09 07:15,C0|S|MKT|15|v0.3.0-tier0|SPY,148.87,100,14887,15,0.10,0,19,0.13,-1,-0.01,58,0.06,1
815,Exit short,2014-01-10 07:15,TX15,148.51,100,14881,30,0.20,0,45,0.30,0,0.00,88,0.09,1
815,Entry short,2014-01-10 07:00,C0|S|MKT|15|v0.3.0-tier0|SPY,148.81,100,14881,30,0.20,0,45,0.30,0,0.00,88,0.09,1
816,Exit long,2014-01-13 07:30,TX15,149.18,100,14908,10,0.07,0,13,0.09,-9,-0.06,98,0.10,1
816,Entry long,2014-01-13 07:15,C0|L|MKT|15|v0.3.0-tier0|SPY,149.08,100,14908,10,0.07,0,13,0.09,-9,-0.06,98,0.10,1
817,Exit long,2014-01-15 07:30,TX15,149.58,100,14953,5,0.03,0,5,0.03,-4,-0.03,103,0.10,1
817,Entry long,2014-01-15 07:15,C0|L|MKT|15|v0.3.0-tier0|SPY,149.53,100,14953,5,0.03,0,5,0.03,-4,-0.03,103,0.10,1
818,Exit short,2014-01-17 07:15,TX15,149.15,100,14907,-8,-0.05,0,13,0.09,-12,-0.08,95,0.10,1
818,Entry short,2014-01-17 07:00,C0|S|MKT|15|v0.3.0-tier0|SPY,149.07,100,14907,-8,-0.05,0,13,0.09,-12,-0.08,95,0.10,1
819,Exit short,2014-01-21 07:30,TX15,149.09,100,14921,12,0.08,0,21,0.14,-1,-0.01,107,0.11,1
819,Entry short,2014-01-21 07:15,C0|S|MKT|15|v0.3.0-tier0|SPY,149.21,100,14921,12,0.08,0,21,0.14,-1,-0.01,107,0.11,1
820,Exit short,2014-01-22 07:30,TX15,149.41,100,14920,-21,-0.14,0,10,0.07,-23,-0.15,86,0.09,1
820,Entry short,2014-01-22 07:15,C0|S|MKT|15|v0.3.0-tier0|SPY,149.2,100,14920,-21,-0.14,0,10,0.07,-23,-0.15,86,0.09,1
821,Exit short,2014-01-23 07:30,TX15,147.98,100,14796,-2,-0.01,0,8,0.05,-16,-0.11,84,0.08,1
821,Entry short,2014-01-23 07:15,C0|S|MKT|15|v0.3.0-tier0|SPY,147.96,100,14796,-2,-0.01,0,8,0.05,-16,-0.11,84,0.08,1
822,Exit short,2014-01-27 07:30,TX15,144.35,100,14486,51,0.35,0,55,0.38,-13,-0.09,135,0.14,1
822,Entry short,2014-01-27 07:15,C0|S|MKT|15|v0.3.0-tier0|SPY,144.86,100,14486,51,0.35,0,55,0.38,-13,-0.09,135,0.14,1
823,Exit long,2014-01-28 07:15,TX15,144.91,100,14492,-1,-0.01,0,31,0.21,-1,-0.01,134,0.13,1
823,Entry long,2014-01-28 07:00,C0|L|MKT|15|v0.3.0-tier0|SPY,144.92,100,14492,-1,-0.01,0,31,0.21,-1,-0.01,134,0.13,1
824,Exit short,2014-01-30 07:15,TX15,144.57,100,14463,6,0.04,0,17,0.12,-20,-0.14,140,0.14,1
824,Entry short,2014-01-30 07:00,C0|S|MKT|15|v0.3.0-tier0|SPY,144.63,100,14463,6,0.04,0,17,0.12,-20,-0.14,140,0.14,1
825,Exit long,2014-01-31 07:30,TX15,143.64,100,14403,-39,-0.27,0,2,0.01,-42,-0.29,101,0.10,1
825,Entry long,2014-01-31 07:15,C0|L|MKT|15|v0.3.0-tier0|SPY,144.03,100,14403,-39,-0.27,0,2,0.01,-42,-0.29,101,0.10,1
826,Exit short,2014-02-03 07:15,TX15,143.14,100,14395,81,0.56,0,93,0.65,0,0.00,182,0.18,1
826,Entry short,2014-02-03 07:00,C0|S|MKT|15|v0.3.0-tier0|SPY,143.95,100,14395,81,0.56,0,93,0.65,0,0.00,182,0.18,1
827,Exit long,2014-02-04 07:15,TX15,141.81,100,14190,-9,-0.06,0,9,0.06,-23,-0.16,173,0.17,1
827,Entry long,2014-02-04 07:00,C0|L|MKT|15|v0.3.0-tier0|SPY,141.9,100,14190,-9,-0.06,0,9,0.06,-23,-0.16,173,0.17,1
828,Exit short,2014-02-05 07:15,TX15,141.27,100,14139,12,0.08,0,23,0.16,-71,-0.50,185,0.19,1
828,Entry short,2014-02-05 07:00,C0|S|MKT|15|v0.3.0-tier0|SPY,141.39,100,14139,12,0.08,0,23,0.16,-71,-0.50,185,0.19,1
829,Exit long,2014-02-06 07:15,TX15,142.99,100,14293,6,0.04,0,16,0.11,-5,-0.03,191,0.19,1
829,Entry long,2014-02-06 07:00,C0|L|MKT|15|v0.3.0-tier0|SPY,142.93,100,14293,6,0.04,0,16,0.11,-5,-0.03,191,0.19,1
830,Exit short,2014-02-07 07:30,TX15,144.08,100,14424,16,0.11,0,24,0.17,-13,-0.09,207,0.21,1
830,Entry short,2014-02-07 07:15,C0|S|MKT|15|v0.3.0-tier0|SPY,144.24,100,14424,16,0.11,0,24,0.17,-13,-0.09,207,0.21,1
831,Exit long,2014-02-11 07:30,TX15,146.48,100,14629,19,0.13,0,26,0.18,-2,-0.01,226,0.23,1
831,Entry long,2014-02-11 07:15,C0|L|MKT|15|v0.3.0-tier0|SPY,146.29,100,14629,19,0.13,0,26,0.18,-2,-0.01,226,0.23,1
832,Exit long,2014-02-12 07:15,TX15,147.83,100,14808,-25,-0.17,0,5,0.03,-27,-0.18,201,0.20,1
832,Entry long,2014-02-12 07:00,C0|L|MKT|15|v0.3.0-tier0|SPY,148.08,100,14808,-25,-0.17,0,5,0.03,-27,-0.18,201,0.20,1
833,Exit long,2014-02-13 07:15,TX15,147.29,100,14709,20,0.14,0,27,0.18,-7,-0.05,221,0.22,1
833,Entry long,2014-02-13 07:00,C0|L|MKT|15|v0.3.0-tier0|SPY,147.09,100,14709,20,0.14,0,27,0.18,-7,-0.05,221,0.22,1
834,Exit long,2014-02-14 07:30,TX15,148.71,100,14857,14,0.09,0,19,0.13,-5,-0.03,235,0.24,1
834,Entry long,2014-02-14 07:15,C0|L|MKT|15|v0.3.0-tier0|SPY,148.57,100,14857,14,0.09,0,19,0.13,-5,-0.03,235,0.24,1
835,Exit short,2014-02-18 07:15,TX15,148.93,100,14911,18,0.12,0,32,0.21,0,0.00,253,0.25,1
835,Entry short,2014-02-18 07:00,C0|S|MKT|15|v0.3.0-tier0|SPY,149.11,100,14911,18,0.12,0,32,0.21,0,0.00,253,0.25,1
836,Exit long,2014-02-19 07:15,TX15,149.62,100,14945,17,0.11,0,17,0.11,-18,-0.12,270,0.27,1
836,Entry long,2014-02-19 07:00,C0|L|MKT|15|v0.3.0-tier0|SPY,149.45,100,14945,17,0.11,0,17,0.11,-18,-0.12,270,0.27,1
837,Exit short,2014-02-20 07:15,TX15,148.52,100,14821,-31,-0.21,0,26,0.18,-32,-0.22,239,0.24,1
837,Entry short,2014-02-20 07:00,C0|S|MKT|15|v0.3.0-tier0|SPY,148.21,100,14821,-31,-0.21,0,26,0.18,-32,-0.22,239,0.24,1
838,Exit long,2014-02-21 07:15,TX15,149.55,100,14955,0,0.00,0,17,0.11,-3,-0.02,239,0.24,1
838,Entry long,2014-02-21 07:00,C0|L|MKT|15|v0.3.0-tier0|SPY,149.55,100,14955,0,0.00,0,17,0.11,-3,-0.02,239,0.24,1
839,Exit long,2014-02-24 07:15,TX15,150.08,100,15019,-11,-0.07,0,5,0.03,-18,-0.12,228,0.23,1
839,Entry long,2014-02-24 07:00,C0|L|MKT|15|v0.3.0-tier0|SPY,150.19,100,15019,-11,-0.07,0,5,0.03,-18,-0.12,228,0.23,1
840,Exit short,2014-02-25 07:15,TX15,149.54,100,14943,-11,-0.07,0,17,0.11,-23,-0.15,217,0.22,1
840,Entry short,2014-02-25 07:00,C0|S|MKT|15|v0.3.0-tier0|SPY,149.43,100,14943,-11,-0.07,0,17,0.11,-23,-0.15,217,0.22,1
841,Exit short,2014-02-26 07:15,TX15,149.86,100,14959,-27,-0.18,0,1,0.01,-40,-0.27,190,0.19,1
841,Entry short,2014-02-26 07:00,C0|S|MKT|15|v0.3.0-tier0|SPY,149.59,100,14959,-27,-0.18,0,1,0.01,-40,-0.27,190,0.19,1
842,Exit short,2014-02-27 07:30,TX15,149.66,100,14949,-17,-0.11,0,7,0.05,-29,-0.19,173,0.17,1
842,Entry short,2014-02-27 07:15,C0|S|MKT|15|v0.3.0-tier0|SPY,149.49,100,14949,-17,-0.11,0,7,0.05,-29,-0.19,173,0.17,1
843,Exit long,2014-02-28 07:30,TX15,151.38,100,15141,-3,-0.02,0,5,0.03,-12,-0.08,170,0.17,1
843,Entry long,2014-02-28 07:15,C0|L|MKT|15|v0.3.0-tier0|SPY,151.41,100,15141,-3,-0.02,0,5,0.03,-12,-0.08,170,0.17,1
844,Exit long,2014-03-04 07:15,TX15,151.71,100,15168,3,0.02,0,11,0.07,-19,-0.13,173,0.17,1
844,Entry long,2014-03-04 07:00,C0|L|MKT|15|v0.3.0-tier0|SPY,151.68,100,15168,3,0.02,0,11,0.07,-19,-0.13,173,0.17,1
845,Exit long,2014-03-06 07:15,TX15,152.52,100,15278,-26,-0.17,0,0,0.00,-28,-0.18,147,0.15,1
845,Entry long,2014-03-06 07:00,C0|L|MKT|15|v0.3.0-tier0|SPY,152.78,100,15278,-26,-0.17,0,0,0.00,-28,-0.18,147,0.15,1
846,Exit short,2014-03-07 07:15,TX15,152.76,100,15246,-30,-0.20,0,21,0.14,-33,-0.22,117,0.12,1
846,Entry short,2014-03-07 07:00,C0|S|MKT|15|v0.3.0-tier0|SPY,152.46,100,15246,-30,-0.20,0,21,0.14,-33,-0.22,117,0.12,1
847,Exit long,2014-03-10 07:15,TX15,151.94,100,15240,-46,-0.30,0,2,0.01,-46,-0.30,71,0.07,1
847,Entry long,2014-03-10 07:00,C0|L|MKT|15|v0.3.0-tier0|SPY,152.4,100,15240,-46,-0.30,0,2,0.01,-46,-0.30,71,0.07,1
848,Exit short,2014-03-11 07:15,TX15,152.33,100,15227,-6,-0.04,0,23,0.15,-10,-0.07,65,0.07,1
848,Entry short,2014-03-11 07:00,C0|S|MKT|15|v0.3.0-tier0|SPY,152.27,100,15227,-6,-0.04,0,23,0.15,-10,-0.07,65,0.07,1
849,Exit short,2014-03-13 07:30,TX15,151.93,100,15188,-5,-0.03,0,6,0.04,-13,-0.09,60,0.06,1
849,Entry short,2014-03-13 07:15,C0|S|MKT|15|v0.3.0-tier0|SPY,151.88,100,15188,-5,-0.03,0,6,0.04,-13,-0.09,60,0.06,1
850,Exit long,2014-03-18 07:15,TX15,151.63,100,15165,-2,-0.01,0,8,0.05,-12,-0.08,58,0.06,1
850,Entry long,2014-03-18 07:00,C0|L|MKT|15|v0.3.0-tier0|SPY,151.65,100,15165,-2,-0.01,0,8,0.05,-12,-0.08,58,0.06,1
851,Exit long,2014-03-19 07:15,TX15,152.22,100,15219,3,0.02,0,8,0.05,-6,-0.04,61,0.06,1
851,Entry long,2014-03-19 07:00,C0|L|MKT|15|v0.3.0-tier0|SPY,152.19,100,15219,3,0.02,0,8,0.05,-6,-0.04,61,0.06,1
852,Exit long,2014-03-20 07:30,TX15,151.57,100,15150,7,0.05,0,24,0.16,0,0.00,68,0.07,1
852,Entry long,2014-03-20 07:15,C0|L|MKT|15|v0.3.0-tier0|SPY,151.5,100,15150,7,0.05,0,24,0.16,0,0.00,68,0.07,1
853,Exit short,2014-03-21 07:30,TX15,152.51,100,15268,17,0.11,0,27,0.18,0,0.00,85,0.09,1
853,Entry short,2014-03-21 07:15,C0|S|MKT|15|v0.3.0-tier0|SPY,152.68,100,15268,17,0.11,0,27,0.18,0,0.00,85,0.09,1
854,Exit short,2014-03-24 07:15,TX15,151.03,100,15160,57,0.38,0,58,0.38,-1,-0.01,142,0.14,1
854,Entry short,2014-03-24 07:00,C0|S|MKT|15|v0.3.0-tier0|SPY,151.6,100,15160,57,0.38,0,58,0.38,-1,-0.01,142,0.14,1
855,Exit short,2014-03-26 07:45,TX15,151.99,100,15199,0,0.00,0,7,0.05,-14,-0.09,142,0.14,1
855,Entry short,2014-03-26 07:30,C0|S|MKT|15|v0.3.0-tier0|SPY,151.99,100,15199,0,0.00,0,7,0.05,-14,-0.09,142,0.14,1
856,Exit long,2014-03-27 07:45,TX15,150.54,100,15072,-18,-0.12,0,7,0.05,-23,-0.15,124,0.12,1
856,Entry long,2014-03-27 07:30,C0|L|MKT|15|v0.3.0-tier0|SPY,150.72,100,15072,-18,-0.12,0,7,0.05,-23,-0.15,124,0.12,1
857,Exit long,2014-03-28 07:15,TX15,151.5,100,15135,15,0.10,0,24,0.16,0,0.00,139,0.14,1
857,Entry long,2014-03-28 07:00,C0|L|MKT|15|v0.3.0-tier0|SPY,151.35,100,15135,15,0.10,0,24,0.16,0,0.00,139,0.14,1
858,Exit long,2014-03-31 07:15,TX15,152.12,100,15219,-7,-0.05,0,13,0.09,-11,-0.07,132,0.13,1
858,Entry long,2014-03-31 07:00,C0|L|MKT|15|v0.3.0-tier0|SPY,152.19,100,15219,-7,-0.05,0,13,0.09,-11,-0.07,132,0.13,1
859,Exit long,2014-04-01 07:15,TX15,152.99,100,15294,5,0.03,0,23,0.15,-2,-0.01,137,0.14,1
859,Entry long,2014-04-01 07:00,C0|L|MKT|15|v0.3.0-tier0|SPY,152.94,100,15294,5,0.03,0,23,0.15,-2,-0.01,137,0.14,1
860,Exit long,2014-04-02 07:45,TX15,153.61,100,15353,8,0.05,0,13,0.08,-4,-0.03,145,0.14,1
860,Entry long,2014-04-02 07:30,C0|L|MKT|15|v0.3.0-tier0|SPY,153.53,100,15353,8,0.05,0,13,0.08,-4,-0.03,145,0.14,1
861,Exit short,2014-04-03 07:30,TX15,153.59,100,15373,14,0.09,0,15,0.10,-9,-0.06,159,0.16,1
861,Entry short,2014-04-03 07:15,C0|S|MKT|15|v0.3.0-tier0|SPY,153.73,100,15373,14,0.09,0,15,0.10,-9,-0.06,159,0.16,1
862,Exit long,2014-04-07 07:30,TX15,151.07,100,15148,-41,-0.27,0,3,0.02,-41,-0.27,118,0.12,1
862,Entry long,2014-04-07 07:15,C0|L|MKT|15|v0.3.0-tier0|SPY,151.48,100,15148,-41,-0.27,0,3,0.02,-41,-0.27,118,0.12,1
863,Exit short,2014-04-08 07:45,TX15,150.02,100,14941,-61,-0.41,0,0,0.00,-63,-0.42,57,0.06,1
863,Entry short,2014-04-08 07:30,C0|S|MKT|15|v0.3.0-tier0|SPY,149.41,100,14941,-61,-0.41,0,0,0.00,-63,-0.42,57,0.06,1
864,Exit short,2014-04-09 07:30,TX15,150.94,100,15067,-27,-0.18,0,1,0.01,-44,-0.29,30,0.03,1
864,Entry short,2014-04-09 07:15,C0|S|MKT|15|v0.3.0-tier0|SPY,150.67,100,15067,-27,-0.18,0,1,0.01,-44,-0.29,30,0.03,1
865,Exit long,2014-04-11 07:15,TX15,148.16,100,14866,-50,-0.34,0,6,0.04,-54,-0.36,-20,-0.02,1
865,Entry long,2014-04-11 07:00,C0|L|MKT|15|v0.3.0-tier0|SPY,148.66,100,14866,-50,-0.34,0,6,0.04,-54,-0.36,-20,-0.02,1
866,Exit short,2014-04-14 07:15,TX15,148.48,100,14833,-15,-0.10,0,12,0.08,-35,-0.24,-35,-0.03,1
866,Entry short,2014-04-14 07:00,C0|S|MKT|15|v0.3.0-tier0|SPY,148.33,100,14833,-15,-0.10,0,12,0.08,-35,-0.24,-35,-0.03,1
867,Exit long,2014-04-15 07:15,TX15,149.28,100,14981,-53,-0.35,0,12,0.08,-58,-0.39,-88,-0.09,1
867,Entry long,2014-04-15 07:00,C0|L|MKT|15|v0.3.0-tier0|SPY,149.81,100,14981,-53,-0.35,0,12,0.08,-58,-0.39,-88,-0.09,1
868,Exit short,2014-04-16 07:15,TX15,150.47,100,15061,14,0.09,0,20,0.13,-4,-0.03,-74,-0.07,1
868,Entry short,2014-04-16 07:00,C0|S|MKT|15|v0.3.0-tier0|SPY,150.61,100,15061,14,0.09,0,20,0.13,-4,-0.03,-74,-0.07,1
869,Exit long,2014-04-17 07:45,TX15,151.52,100,15154,-2,-0.01,0,15,0.10,-10,-0.07,-76,-0.08,1
869,Entry long,2014-04-17 07:30,C0|L|MKT|15|v0.3.0-tier0|SPY,151.54,100,15154,-2,-0.01,0,15,0.10,-10,-0.07,-76,-0.08,1
870,Exit long,2014-04-22 07:15,TX15,152.91,100,15270,21,0.14,0,22,0.14,-6,-0.04,-55,-0.05,1
870,Entry long,2014-04-22 07:00,C0|L|MKT|15|v0.3.0-tier0|SPY,152.7,100,15270,21,0.14,0,22,0.14,-6,-0.04,-55,-0.05,1
871,Exit short,2014-04-23 07:30,TX15,152.74,100,15258,-16,-0.10,0,3,0.02,-20,-0.13,-71,-0.07,1
871,Entry short,2014-04-23 07:15,C0|S|MKT|15|v0.3.0-tier0|SPY,152.58,100,15258,-16,-0.10,0,3,0.02,-20,-0.13,-71,-0.07,1
872,Exit short,2014-04-24 07:15,TX15,152.42,100,15254,12,0.08,0,42,0.28,0,0.00,-59,-0.06,1
872,Entry short,2014-04-24 07:00,C0|S|MKT|15|v0.3.0-tier0|SPY,152.54,100,15254,12,0.08,0,42,0.28,0,0.00,-59,-0.06,1
873,Exit short,2014-04-25 07:15,TX15,152.08,100,15203,-5,-0.03,0,15,0.10,-15,-0.10,-64,-0.06,1
873,Entry short,2014-04-25 07:00,C0|S|MKT|15|v0.3.0-tier0|SPY,152.03,100,15203,-5,-0.03,0,15,0.10,-15,-0.10,-64,-0.06,1
874,Exit long,2014-04-28 07:30,TX15,152.56,100,15242,14,0.09,0,26,0.17,-1,-0.01,-50,-0.05,1
874,Entry long,2014-04-28 07:15,C0|L|MKT|15|v0.3.0-tier0|SPY,152.42,100,15242,14,0.09,0,26,0.17,-1,-0.01,-50,-0.05,1
875,Exit short,2014-04-29 07:45,TX15,152.67,100,15226,-41,-0.27,0,2,0.01,-42,-0.28,-91,-0.09,1
875,Entry short,2014-04-29 07:30,C0|S|MKT|15|v0.3.0-tier0|SPY,152.26,100,15226,-41,-0.27,0,2,0.01,-42,-0.28,-91,-0.09,1
876,Exit long,2014-04-30 07:45,TX15,152.79,100,15281,-2,-0.01,0,9,0.06,-5,-0.03,-93,-0.09,1
876,Entry long,2014-04-30 07:30,C0|L|MKT|15|v0.3.0-tier0|SPY,152.81,100,15281,-2,-0.01,0,9,0.06,-5,-0.03,-93,-0.09,1
877,Exit short,2014-05-01 07:30,TX15,153.03,100,15293,-10,-0.07,0,16,0.10,-13,-0.09,-103,-0.10,1
877,Entry short,2014-05-01 07:15,C0|S|MKT|15|v0.3.0-tier0|SPY,152.93,100,15293,-10,-0.07,0,16,0.10,-13,-0.09,-103,-0.10,1
878,Exit long,2014-05-02 07:30,TX15,153.71,100,15383,-12,-0.08,0,6,0.04,-18,-0.12,-115,-0.11,1
878,Entry long,2014-05-02 07:15,C0|L|MKT|15|v0.3.0-tier0|SPY,153.83,100,15383,-12,-0.08,0,6,0.04,-18,-0.12,-115,-0.11,1
879,Exit long,2014-05-05 07:15,TX15,152.57,100,15250,7,0.05,0,11,0.07,-14,-0.09,-108,-0.11,1
879,Entry long,2014-05-05 07:00,C0|L|MKT|15|v0.3.0-tier0|SPY,152.5,100,15250,7,0.05,0,11,0.07,-14,-0.09,-108,-0.11,1
880,Exit short,2014-05-07 07:15,TX15,151.48,100,15212,64,0.42,0,67,0.44,-31,-0.20,-44,-0.04,1
880,Entry short,2014-05-07 07:00,C0|S|MKT|15|v0.3.0-tier0|SPY,152.12,100,15212,64,0.42,0,67,0.44,-31,-0.20,-44,-0.04,1
881,Exit long,2014-05-08 07:15,TX15,153.57,100,15343,14,0.09,0,24,0.16,0,0.00,-30,-0.03,1
881,Entry long,2014-05-08 07:00,C0|L|MKT|15|v0.3.0-tier0|SPY,153.43,100,15343,14,0.09,0,24,0.16,0,0.00,-30,-0.03,1
882,Exit long,2014-05-12 07:15,TX15,154.13,100,15408,5,0.03,0,8,0.05,-7,-0.05,-25,-0.02,1
882,Entry long,2014-05-12 07:00,C0|L|MKT|15|v0.3.0-tier0|SPY,154.08,100,15408,5,0.03,0,8,0.05,-7,-0.05,-25,-0.02,1
883,Exit long,2014-05-13 07:30,TX15,154.83,100,15478,5,0.03,0,9,0.06,-6,-0.04,-20,-0.02,1
883,Entry long,2014-05-13 07:15,C0|L|MKT|15|v0.3.0-tier0|SPY,154.78,100,15478,5,0.03,0,9,0.06,-6,-0.04,-20,-0.02,1
884,Exit short,2014-05-15 07:15,TX15,152.28,100,15295,67,0.44,0,72,0.47,0,0.00,47,0.05,1
884,Entry short,2014-05-15 07:00,C0|S|MKT|15|v0.3.0-tier0|SPY,152.95,100,15295,67,0.44,0,72,0.47,0,0.00,47,0.05,1
885,Exit short,2014-05-16 07:30,TX15,151.99,100,15212,13,0.09,0,17,0.11,-17,-0.11,60,0.06,1
885,Entry short,2014-05-16 07:15,C0|S|MKT|15|v0.3.0-tier0|SPY,152.12,100,15212,13,0.09,0,17,0.11,-17,-0.11,60,0.06,1
886,Exit long,2014-05-19 07:45,TX15,153.27,100,15329,-2,-0.01,0,1,0.01,-12,-0.08,58,0.06,1
886,Entry long,2014-05-19 07:30,C0|L|MKT|15|v0.3.0-tier0|SPY,153.29,100,15329,-2,-0.01,0,1,0.01,-12,-0.08,58,0.06,1
887,Exit short,2014-05-20 07:15,TX15,153.19,100,15306,-13,-0.08,0,6,0.04,-17,-0.11,45,0.05,1
887,Entry short,2014-05-20 07:00,C0|S|MKT|15|v0.3.0-tier0|SPY,153.06,100,15306,-13,-0.08,0,6,0.04,-17,-0.11,45,0.05,1
888,Exit long,2014-05-21 07:30,TX15,153.56,100,15356,0,0.00,0,4,0.03,-9,-0.06,45,0.05,1
888,Entry long,2014-05-21 07:15,C0|L|MKT|15|v0.3.0-tier0|SPY,153.56,100,15356,0,0.00,0,4,0.03,-9,-0.06,45,0.05,1
889,Exit long,2014-05-22 07:15,TX15,154.07,100,15417,-10,-0.06,0,5,0.03,-26,-0.17,35,0.03,1
889,Entry long,2014-05-22 07:00,C0|L|MKT|15|v0.3.0-tier0|SPY,154.17,100,15417,-10,-0.06,0,5,0.03,-26,-0.17,35,0.03,1
890,Exit long,2014-05-23 07:30,TX15,154.71,100,15464,7,0.05,0,8,0.05,-7,-0.05,42,0.04,1
890,Entry long,2014-05-23 07:15,C0|L|MKT|15|v0.3.0-tier0|SPY,154.64,100,15464,7,0.05,0,8,0.05,-7,-0.05,42,0.04,1
891,Exit long,2014-05-27 07:30,TX15,155.8,100,15566,14,0.09,0,15,0.10,-2,-0.01,56,0.06,1
891,Entry long,2014-05-27 07:15,C0|L|MKT|15|v0.3.0-tier0|SPY,155.66,100,15566,14,0.09,0,15,0.10,-2,-0.01,56,0.06,1
892,Exit short,2014-05-28 07:30,TX15,155.73,100,15563,-10,-0.06,0,8,0.05,-11,-0.07,46,0.05,1
892,Entry short,2014-05-28 07:15,C0|S|MKT|15|v0.3.0-tier0|SPY,155.63,100,15563,-10,-0.06,0,8,0.05,-11,-0.07,46,0.05,1
893,Exit short,2014-05-29 07:30,TX15,155.87,100,15580,-7,-0.04,0,10,0.06,-9,-0.06,39,0.04,1
893,Entry short,2014-05-29 07:15,C0|S|MKT|15|v0.3.0-tier0|SPY,155.8,100,15580,-7,-0.04,0,10,0.06,-9,-0.06,39,0.04,1
894,Exit long,2014-05-30 07:30,TX15,156.59,100,15661,-2,-0.01,0,5,0.03,-8,-0.05,37,0.04,1
894,Entry long,2014-05-30 07:15,C0|L|MKT|15|v0.3.0-tier0|SPY,156.61,100,15661,-2,-0.01,0,5,0.03,-8,-0.05,37,0.04,1
895,Exit short,2014-06-02 07:15,TX15,156.41,100,15666,25,0.16,0,44,0.28,-2,-0.01,62,0.06,1
895,Entry short,2014-06-02 07:00,C0|S|MKT|15|v0.3.0-tier0|SPY,156.66,100,15666,25,0.16,0,44,0.28,-2,-0.01,62,0.06,1
896,Exit long,2014-06-03 07:15,TX15,156.87,100,15677,10,0.06,0,14,0.09,-2,-0.01,72,0.07,1
896,Entry long,2014-06-03 07:00,C0|L|MKT|15|v0.3.0-tier0|SPY,156.77,100,15677,10,0.06,0,14,0.09,-2,-0.01,72,0.07,1
897,Exit long,2014-06-04 07:15,TX15,156.89,100,15679,10,0.06,0,13,0.08,-4,-0.03,82,0.08,1
897,Entry long,2014-06-04 07:00,C0|L|MKT|15|v0.3.0-tier0|SPY,156.79,100,15679,10,0.06,0,13,0.08,-4,-0.03,82,0.08,1
898,Exit short,2014-06-05 07:30,TX15,157.29,100,15695,-34,-0.22,0,14,0.09,-34,-0.22,48,0.05,1
898,Entry short,2014-06-05 07:15,C0|S|MKT|15|v0.3.0-tier0|SPY,156.95,100,15695,-34,-0.22,0,14,0.09,-34,-0.22,48,0.05,1
899,Exit long,2014-06-06 07:15,TX15,158.77,100,15883,-6,-0.04,0,8,0.05,-7,-0.04,42,0.04,1
899,Entry long,2014-06-06 07:00,C0|L|MKT|15|v0.3.0-tier0|SPY,158.83,100,15883,-6,-0.04,0,8,0.05,-7,-0.04,42,0.04,1
900,Exit long,2014-06-09 07:45,TX15,159.16,100,15919,-3,-0.02,0,4,0.03,-7,-0.04,39,0.04,1
900,Entry long,2014-06-09 07:30,C0|L|MKT|15|v0.3.0-tier0|SPY,159.19,100,15919,-3,-0.02,0,4,0.03,-7,-0.04,39,0.04,1
901,Exit short,2014-06-10 07:30,TX15,158.98,100,15879,-19,-0.12,0,5,0.03,-23,-0.14,20,0.02,1
901,Entry short,2014-06-10 07:15,C0|S|MKT|15|v0.3.0-tier0|SPY,158.79,100,15879,-19,-0.12,0,5,0.03,-23,-0.14,20,0.02,1
902,Exit short,2014-06-12 07:45,TX15,157.92,100,15805,13,0.08,0,18,0.11,-7,-0.04,33,0.03,1
902,Entry short,2014-06-12 07:30,C0|S|MKT|15|v0.3.0-tier0|SPY,158.05,100,15805,13,0.08,0,18,0.11,-7,-0.04,33,0.03,1
903,Exit short,2014-06-13 07:30,TX15,157.84,100,15740,-44,-0.28,0,1,0.01,-51,-0.32,-11,-0.01,1
903,Entry short,2014-06-13 07:15,C0|S|MKT|15|v0.3.0-tier0|SPY,157.4,100,15740,-44,-0.28,0,1,0.01,-51,-0.32,-11,-0.01,1
904,Exit long,2014-06-16 07:30,TX15,158.32,100,15837,-5,-0.03,0,6,0.04,-6,-0.04,-16,-0.02,1
904,Entry long,2014-06-16 07:15,C0|L|MKT|15|v0.3.0-tier0|SPY,158.37,100,15837,-5,-0.03,0,6,0.04,-6,-0.04,-16,-0.02,1
905,Exit long,2014-06-17 07:15,TX15,158.36,100,15817,19,0.12,0,29,0.18,0,0.00,3,0.00,1
905,Entry long,2014-06-17 07:00,C0|L|MKT|15|v0.3.0-tier0|SPY,158.17,100,15817,19,0.12,0,29,0.18,0,0.00,3,0.00,1
906,Exit long,2014-06-18 07:15,TX15,158.55,100,15871,-16,-0.10,0,3,0.02,-23,-0.14,-13,-0.01,1
906,Entry long,2014-06-18 07:00,C0|L|MKT|15|v0.3.0-tier0|SPY,158.71,100,15871,-16,-0.10,0,3,0.02,-23,-0.14,-13,-0.01,1
907,Exit short,2014-06-19 07:30,TX15,159.72,100,15976,4,0.03,0,16,0.10,-7,-0.04,-9,-0.01,1
907,Entry short,2014-06-19 07:15,C0|S|MKT|15|v0.3.0-tier0|SPY,159.76,100,15976,4,0.03,0,16,0.10,-7,-0.04,-9,-0.01,1
908,Exit short,2014-06-20 07:45,TX15,160.09,100,16004,-5,-0.03,0,0,0.00,-11,-0.07,-14,-0.01,1
908,Entry short,2014-06-20 07:30,C0|S|MKT|15|v0.3.0-tier0|SPY,160.04,100,16004,-5,-0.03,0,0,0.00,-11,-0.07,-14,-0.01,1
909,Exit long,2014-06-24 07:30,TX15,160.48,100,16028,20,0.12,0,20,0.12,-6,-0.04,6,0.01,1
909,Entry long,2014-06-24 07:15,C0|L|MKT|15|v0.3.0-tier0|SPY,160.28,100,16028,20,0.12,0,20,0.12,-6,-0.04,6,0.01,1
910,Exit long,2014-06-25 07:15,TX15,159.45,100,15939,6,0.04,0,12,0.08,-21,-0.13,12,0.01,1
910,Entry long,2014-06-25 07:00,C0|L|MKT|15|v0.3.0-tier0|SPY,159.39,100,15939,6,0.04,0,12,0.08,-21,-0.13,12,0.01,1
911,Exit short,2014-06-26 07:15,TX15,159.01,100,15898,-3,-0.02,0,6,0.04,-16,-0.10,9,0.01,1
911,Entry short,2014-06-26 07:00,C0|S|MKT|15|v0.3.0-tier0|SPY,158.98,100,15898,-3,-0.02,0,6,0.04,-16,-0.10,9,0.01,1
912,Exit long,2014-06-30 07:30,TX15,160.3,100,16029,1,0.01,0,11,0.07,-6,-0.04,10,0.01,1
912,Entry long,2014-06-30 07:15,C0|L|MKT|15|v0.3.0-tier0|SPY,160.29,100,16029,1,0.01,0,11,0.07,-6,-0.04,10,0.01,1
913,Exit long,2014-07-01 07:15,TX15,160.91,100,16071,20,0.12,0,29,0.18,-14,-0.09,30,0.03,1
913,Entry long,2014-07-01 07:00,C0|L|MKT|15|v0.3.0-tier0|SPY,160.71,100,16071,20,0.12,0,29,0.18,-14,-0.09,30,0.03,1
914,Exit long,2014-07-07 07:30,TX15,161.79,100,16181,-2,-0.01,0,6,0.04,-5,-0.03,28,0.03,1
914,Entry long,2014-07-07 07:15,C0|L|MKT|15|v0.3.0-tier0|SPY,161.81,100,16181,-2,-0.01,0,6,0.04,-5,-0.03,28,0.03,1
915,Exit short,2014-07-08 07:30,TX15,160.56,100,16061,5,0.03,0,14,0.09,-9,-0.06,33,0.03,1
915,Entry short,2014-07-08 07:15,C0|S|MKT|15|v0.3.0-tier0|SPY,160.61,100,16061,5,0.03,0,14,0.09,-9,-0.06,33,0.03,1
916,Exit short,2014-07-09 07:15,TX15,160.58,100,16064,6,0.04,0,10,0.06,-18,-0.11,39,0.04,1
916,Entry short,2014-07-09 07:00,C0|S|MKT|15|v0.3.0-tier0|SPY,160.64,100,16064,6,0.04,0,10,0.06,-18,-0.11,39,0.04,1
917,Exit long,2014-07-10 07:30,TX15,160.15,100,15999,16,0.10,0,19,0.12,-4,-0.03,55,0.06,1
917,Entry long,2014-07-10 07:15,C0|L|MKT|15|v0.3.0-tier0|SPY,159.99,100,15999,16,0.10,0,19,0.12,-4,-0.03,55,0.06,1
918,Exit short,2014-07-15 07:30,TX15,161.5,100,16146,-4,-0.02,0,11,0.07,-12,-0.07,51,0.05,1
918,Entry short,2014-07-15 07:15,C0|S|MKT|15|v0.3.0-tier0|SPY,161.46,100,16146,-4,-0.02,0,11,0.07,-12,-0.07,51,0.05,1
919,Exit long,2014-07-17 07:15,TX15,161.71,100,16177,-6,-0.04,0,13,0.08,-12,-0.07,45,0.05,1
919,Entry long,2014-07-17 07:00,C0|L|MKT|15|v0.3.0-tier0|SPY,161.77,100,16177,-6,-0.04,0,13,0.08,-12,-0.07,45,0.05,1
920,Exit long,2014-07-22 07:30,TX15,162.14,100,16212,2,0.01,0,5,0.03,-5,-0.03,47,0.05,1
920,Entry long,2014-07-22 07:15,C0|L|MKT|15|v0.3.0-tier0|SPY,162.12,100,16212,2,0.01,0,5,0.03,-5,-0.03,47,0.05,1
921,Exit short,2014-07-24 07:15,TX15,162.47,100,16244,-3,-0.02,0,18,0.11,-4,-0.02,44,0.04,1
921,Entry short,2014-07-24 07:00,C0|S|MKT|15|v0.3.0-tier0|SPY,162.44,100,16244,-3,-0.02,0,18,0.11,-4,-0.02,44,0.04,1
922,Exit short,2014-07-28 07:15,TX15,161.01,100,16124,23,0.14,0,35,0.22,-1,-0.01,67,0.07,1
922,Entry short,2014-07-28 07:00,C0|S|MKT|15|v0.3.0-tier0|SPY,161.24,100,16124,23,0.14,0,35,0.22,-1,-0.01,67,0.07,1
923,Exit long,2014-07-29 07:30,TX15,162.17,100,16221,-4,-0.02,0,5,0.03,-11,-0.07,63,0.06,1
923,Entry long,2014-07-29 07:15,C0|L|MKT|15|v0.3.0-tier0|SPY,162.21,100,16221,-4,-0.02,0,5,0.03,-11,-0.07,63,0.06,1
924,Exit short,2014-07-30 07:15,TX15,161.13,100,16127,14,0.09,0,36,0.22,-4,-0.02,77,0.08,1
924,Entry short,2014-07-30 07:00,C0|S|MKT|15|v0.3.0-tier0|SPY,161.27,100,16127,14,0.09,0,36,0.22,-4,-0.02,77,0.08,1
925,Exit short,2014-07-31 07:45,TX15,159.37,100,15950,13,0.08,0,28,0.18,-3,-0.02,90,0.09,1
925,Entry short,2014-07-31 07:30,C0|S|MKT|15|v0.3.0-tier0|SPY,159.5,100,15950,13,0.08,0,28,0.18,-3,-0.02,90,0.09,1
926,Exit long,2014-08-01 07:15,TX15,157.8,100,15815,-35,-0.22,0,27,0.17,-36,-0.23,55,0.06,1
926,Entry long,2014-08-01 07:00,C0|L|MKT|15|v0.3.0-tier0|SPY,158.15,100,15815,-35,-0.22,0,27,0.17,-36,-0.23,55,0.06,1
927,Exit long,2014-08-04 07:15,TX15,157.64,100,15777,-13,-0.08,0,10,0.06,-19,-0.12,42,0.04,1
927,Entry long,2014-08-04 07:00,C0|L|MKT|15|v0.3.0-tier0|SPY,157.77,100,15777,-13,-0.08,0,10,0.06,-19,-0.12,42,0.04,1
928,Exit short,2014-08-05 07:15,TX15,157.81,100,15772,-9,-0.06,0,26,0.16,-21,-0.13,33,0.03,1
928,Entry short,2014-08-05 07:00,C0|S|MKT|15|v0.3.0-tier0|SPY,157.72,100,15772,-9,-0.06,0,26,0.16,-21,-0.13,33,0.03,1
929,Exit long,2014-08-06 07:30,TX15,157.33,100,15698,35,0.22,0,35,0.22,-20,-0.13,68,0.07,1
929,Entry long,2014-08-06 07:15,C0|L|MKT|15|v0.3.0-tier0|SPY,156.98,100,15698,35,0.22,0,35,0.22,-20,-0.13,68,0.07,1
930,Exit long,2014-08-11 07:15,TX15,158.81,100,15876,5,0.03,0,14,0.09,-8,-0.05,73,0.07,1
930,Entry long,2014-08-11 07:00,C0|L|MKT|15|v0.3.0-tier0|SPY,158.76,100,15876,5,0.03,0,14,0.09,-8,-0.05,73,0.07,1
931,Exit short,2014-08-13 07:15,TX15,158.65,100,15869,4,0.03,0,7,0.04,-21,-0.13,77,0.08,1
931,Entry short,2014-08-13 07:00,C0|S|MKT|15|v0.3.0-tier0|SPY,158.69,100,15869,4,0.03,0,7,0.04,-21,-0.13,77,0.08,1
932,Exit long,2014-08-15 07:45,TX15,160.24,100,16069,-45,-0.28,0,10,0.06,-49,-0.30,32,0.03,1
932,Entry long,2014-08-15 07:30,C0|L|MKT|15|v0.3.0-tier0|SPY,160.69,100,16069,-45,-0.28,0,10,0.06,-49,-0.30,32,0.03,1
933,Exit long,2014-08-18 07:15,TX15,161.16,100,16118,-2,-0.01,0,6,0.04,-9,-0.06,30,0.03,1
933,Entry long,2014-08-18 07:00,C0|L|MKT|15|v0.3.0-tier0|SPY,161.18,100,16118,-2,-0.01,0,6,0.04,-9,-0.06,30,0.03,1
934,Exit long,2014-08-19 07:15,TX15,161.96,100,16190,6,0.04,0,9,0.06,-9,-0.06,36,0.04,1
934,Entry long,2014-08-19 07:00,C0|L|MKT|15|v0.3.0-tier0|SPY,161.9,100,16190,6,0.04,0,9,0.06,-9,-0.06,36,0.04,1
935,Exit long,2014-08-20 07:30,TX15,162.35,100,16217,18,0.11,0,20,0.12,-1,-0.01,54,0.05,1
935,Entry long,2014-08-20 07:15,C0|L|MKT|15|v0.3.0-tier0|SPY,162.17,100,16217,18,0.11,0,20,0.12,-1,-0.01,54,0.05,1
936,Exit long,2014-08-21 07:15,TX15,162.73,100,16301,-28,-0.17,0,10,0.06,-35,-0.21,26,0.03,1
936,Entry long,2014-08-21 07:00,C0|L|MKT|15|v0.3.0-tier0|SPY,163.01,100,16301,-28,-0.17,0,10,0.06,-35,-0.21,26,0.03,1
937,Exit long,2014-08-22 07:30,TX15,163.11,100,16321,-10,-0.06,0,0,0.00,-26,-0.16,16,0.02,1
937,Entry long,2014-08-22 07:15,C0|L|MKT|15|v0.3.0-tier0|SPY,163.21,100,16321,-10,-0.06,0,0,0.00,-26,-0.16,16,0.02,1
938,Exit long,2014-08-25 07:15,TX15,163.7,100,16374,-4,-0.02,0,7,0.04,-7,-0.04,12,0.01,1
938,Entry long,2014-08-25 07:00,C0|L|MKT|15|v0.3.0-tier0|SPY,163.74,100,16374,-4,-0.02,0,7,0.04,-7,-0.04,12,0.01,1
939,Exit short,2014-08-27 07:15,TX15,163.71,100,16367,-4,-0.02,0,4,0.02,-6,-0.04,8,0.01,1
939,Entry short,2014-08-27 07:00,C0|S|MKT|15|v0.3.0-tier0|SPY,163.67,100,16367,-4,-0.02,0,4,0.02,-6,-0.04,8,0.01,1
940,Exit long,2014-08-28 07:15,TX15,163.25,100,16338,-13,-0.08,0,9,0.06,-13,-0.08,-5,0.00,1
940,Entry long,2014-08-28 07:00,C0|L|MKT|15|v0.3.0-tier0|SPY,163.38,100,16338,-13,-0.08,0,9,0.06,-13,-0.08,-5,0.00,1
941,Exit short,2014-08-29 07:15,TX15,163.47,100,16365,18,0.11,0,27,0.16,-3,-0.02,13,0.01,1
941,Entry short,2014-08-29 07:00,C0|S|MKT|15|v0.3.0-tier0|SPY,163.65,100,16365,18,0.11,0,27,0.16,-3,-0.02,13,0.01,1
942,Exit short,2014-09-03 07:45,TX15,164.43,100,16432,-11,-0.07,0,3,0.02,-13,-0.08,2,0.00,1
942,Entry short,2014-09-03 07:30,C0|S|MKT|15|v0.3.0-tier0|SPY,164.32,100,16432,-11,-0.07,0,3,0.02,-13,-0.08,2,0.00,1
943,Exit long,2014-09-04 07:15,TX15,164.75,100,16459,16,0.10,0,19,0.12,-9,-0.05,18,0.02,1
943,Entry long,2014-09-04 07:00,C0|L|MKT|15|v0.3.0-tier0|SPY,164.59,100,16459,16,0.10,0,19,0.12,-9,-0.05,18,0.02,1
944,Exit short,2014-09-08 07:45,TX15,164.07,100,16414,7,0.04,0,18,0.11,0,0.00,25,0.03,1
944,Entry short,2014-09-08 07:30,C0|S|MKT|15|v0.3.0-tier0|SPY,164.14,100,16414,7,0.04,0,18,0.11,0,0.00,25,0.03,1
945,Exit short,2014-09-09 07:15,TX15,163.42,100,16336,-6,-0.04,0,12,0.07,-19,-0.12,19,0.02,1
945,Entry short,2014-09-09 07:00,C0|S|MKT|15|v0.3.0-tier0|SPY,163.36,100,16336,-6,-0.04,0,12,0.07,-19,-0.12,19,0.02,1
946,Exit long,2014-09-11 07:15,TX15,163.27,100,16342,-15,-0.09,0,6,0.04,-19,-0.12,4,0.00,1
946,Entry long,2014-09-11 07:00,C0|L|MKT|15|v0.3.0-tier0|SPY,163.42,100,16342,-15,-0.09,0,6,0.04,-19,-0.12,4,0.00,1
947,Exit short,2014-09-12 07:15,TX15,163.23,100,16314,-9,-0.06,0,25,0.15,-14,-0.09,-5,0.00,1
947,Entry short,2014-09-12 07:00,C0|S|MKT|15|v0.3.0-tier0|SPY,163.14,100,16314,-9,-0.06,0,25,0.15,-14,-0.09,-5,0.00,1
948,Exit short,2014-09-15 07:15,TX15,162.61,100,16239,-22,-0.14,0,18,0.11,-27,-0.17,-27,-0.03,1
948,Entry short,2014-09-15 07:00,C0|S|MKT|15|v0.3.0-tier0|SPY,162.39,100,16239,-22,-0.14,0,18,0.11,-27,-0.17,-27,-0.03,1
949,Exit long,2014-09-16 07:15,TX15,163.11,100,16291,20,0.12,0,20,0.12,-4,-0.02,-7,-0.01,1
949,Entry long,2014-09-16 07:00,C0|L|MKT|15|v0.3.0-tier0|SPY,162.91,100,16291,20,0.12,0,20,0.12,-4,-0.02,-7,-0.01,1
950,Exit long,2014-09-18 07:15,TX15,164.77,100,16471,6,0.04,0,19,0.12,-3,-0.02,-1,0.00,1
950,Entry long,2014-09-18 07:00,C0|L|MKT|15|v0.3.0-tier0|SPY,164.71,100,16471,6,0.04,0,19,0.12,-3,-0.02,-1,0.00,1
951,Exit short,2014-09-19 07:45,TX15,165.21,100,16527,6,0.04,0,10,0.06,-6,-0.04,5,0.01,1
951,Entry short,2014-09-19 07:30,C0|S|MKT|15|v0.3.0-tier0|SPY,165.27,100,16527,6,0.04,0,10,0.06,-6,-0.04,5,0.01,1
952,Exit short,2014-09-22 07:45,TX15,163.83,100,16404,21,0.13,0,30,0.18,-1,-0.01,26,0.03,1
952,Entry short,2014-09-22 07:30,C0|S|MKT|15|v0.3.0-tier0|SPY,164.04,100,16404,21,0.13,0,30,0.18,-1,-0.01,26,0.03,1
953,Exit long,2014-09-23 07:15,TX15,163.44,100,16351,-7,-0.04,0,13,0.08,-10,-0.06,19,0.02,1
953,Entry long,2014-09-23 07:00,C0|L|MKT|15|v0.3.0-tier0|SPY,163.51,100,16351,-7,-0.04,0,13,0.08,-10,-0.06,19,0.02,1
954,Exit short,2014-09-24 07:15,TX15,162.45,100,16258,13,0.08,0,27,0.17,-11,-0.07,32,0.03,1
954,Entry short,2014-09-24 07:00,C0|S|MKT|15|v0.3.0-tier0|SPY,162.58,100,16258,13,0.08,0,27,0.17,-11,-0.07,32,0.03,1
955,Exit short,2014-09-25 07:15,TX15,162.5,100,16269,19,0.12,0,30,0.18,-6,-0.04,51,0.05,1
955,Entry short,2014-09-25 07:00,C0|S|MKT|15|v0.3.0-tier0|SPY,162.69,100,16269,19,0.12,0,30,0.18,-6,-0.04,51,0.05,1
956,Exit long,2014-09-29 07:15,TX15,161.58,100,16149,9,0.06,0,15,0.09,-14,-0.09,60,0.06,1
956,Entry long,2014-09-29 07:00,C0|L|MKT|15|v0.3.0-tier0|SPY,161.49,100,16149,9,0.06,0,15,0.09,-14,-0.09,60,0.06,1
957,Exit short,2014-10-01 07:30,TX15,160.76,100,16053,-23,-0.14,0,0,0.00,-30,-0.19,37,0.04,1
957,Entry short,2014-10-01 07:15,C0|S|MKT|15|v0.3.0-tier0|SPY,160.53,100,16053,-23,-0.14,0,0,0.00,-30,-0.19,37,0.04,1
958,Exit short,2014-10-02 07:30,TX15,159.57,100,15944,-13,-0.08,0,3,0.02,-28,-0.18,24,0.02,1
958,Entry short,2014-10-02 07:15,C0|S|MKT|15|v0.3.0-tier0|SPY,159.44,100,15944,-13,-0.08,0,3,0.02,-28,-0.18,24,0.02,1
959,Exit long,2014-10-03 07:15,TX15,161.24,100,16103,21,0.13,0,39,0.24,0,0.00,45,0.05,1
959,Entry long,2014-10-03 07:00,C0|L|MKT|15|v0.3.0-tier0|SPY,161.03,100,16103,21,0.13,0,39,0.24,0,0.00,45,0.05,1
960,Exit short,2014-10-06 07:30,TX15,161.77,100,16191,14,0.09,0,21,0.13,-9,-0.06,59,0.06,1
960,Entry short,2014-10-06 07:15,C0|S|MKT|15|v0.3.0-tier0|SPY,161.91,100,16191,14,0.09,0,21,0.13,-9,-0.06,59,0.06,1
961,Exit short,2014-10-09 07:15,TX15,160.89,100,16077,-12,-0.07,0,20,0.12,-25,-0.16,47,0.05,1
961,Entry short,2014-10-09 07:00,C0|S|MKT|15|v0.3.0-tier0|SPY,160.77,100,16077,-12,-0.07,0,20,0.12,-25,-0.16,47,0.05,1
962,Exit short,2014-10-10 07:30,TX15,157.31,100,15767,36,0.23,0,44,0.28,-11,-0.07,83,0.08,1
962,Entry short,2014-10-10 07:15,C0|S|MKT|15|v0.3.0-tier0|SPY,157.67,100,15767,36,0.23,0,44,0.28,-11,-0.07,83,0.08,1
963,Exit short,2014-10-13 07:15,TX15,156.06,100,15615,9,0.06,0,18,0.12,-29,-0.19,92,0.09,1
963,Entry short,2014-10-13 07:00,C0|S|MKT|15|v0.3.0-tier0|SPY,156.15,100,15615,9,0.06,0,18,0.12,-29,-0.19,92,0.09,1
964,Exit short,2014-10-14 07:15,TX15,154.76,100,15430,-46,-0.30,0,26,0.17,-56,-0.36,46,0.05,1
964,Entry short,2014-10-14 07:00,C0|S|MKT|15|v0.3.0-tier0|SPY,154.3,100,15430,-46,-0.30,0,26,0.17,-56,-0.36,46,0.05,1
965,Exit long,2014-10-15 07:15,TX15,153.19,100,15270,49,0.32,0,64,0.42,-4,-0.03,95,0.10,1
965,Entry long,2014-10-15 07:00,C0|L|MKT|15|v0.3.0-tier0|SPY,152.7,100,15270,49,0.32,0,64,0.42,-4,-0.03,95,0.10,1
966,Exit long,2014-10-16 07:15,TX15,151.2,100,15205,-85,-0.56,0,10,0.07,-87,-0.57,10,0.01,1
966,Entry long,2014-10-16 07:00,C0|L|MKT|15|v0.3.0-tier0|SPY,152.05,100,15205,-85,-0.56,0,10,0.07,-87,-0.57,10,0.01,1
967,Exit long,2014-10-17 07:30,TX15,155.43,100,15494,49,0.32,0,50,0.32,-3,-0.02,59,0.06,1
967,Entry long,2014-10-17 07:15,C0|L|MKT|15|v0.3.0-tier0|SPY,154.94,100,15494,49,0.32,0,50,0.32,-3,-0.02,59,0.06,1
968,Exit long,2014-10-20 07:45,TX15,155.59,100,15545,14,0.09,0,19,0.12,-14,-0.09,73,0.07,1
968,Entry long,2014-10-20 07:30,C0|L|MKT|15|v0.3.0-tier0|SPY,155.45,100,15545,14,0.09,0,19,0.12,-14,-0.09,73,0.07,1
969,Exit long,2014-10-21 07:15,TX15,158.03,100,15785,18,0.11,0,19,0.12,-12,-0.08,91,0.09,1
969,Entry long,2014-10-21 07:00,C0|L|MKT|15|v0.3.0-tier0|SPY,157.85,100,15785,18,0.11,0,19,0.12,-12,-0.08,91,0.09,1
970,Exit long,2014-10-22 07:15,TX15,159.53,100,15990,-37,-0.23,0,2,0.01,-41,-0.26,54,0.05,1
970,Entry long,2014-10-22 07:00,C0|L|MKT|15|v0.3.0-tier0|SPY,159.9,100,15990,-37,-0.23,0,2,0.01,-41,-0.26,54,0.05,1
971,Exit short,2014-10-23 07:15,TX15,160.29,100,15975,-54,-0.34,0,4,0.03,-56,-0.35,0,0.00,1
971,Entry short,2014-10-23 07:00,C0|S|MKT|15|v0.3.0-tier0|SPY,159.75,100,15975,-54,-0.34,0,4,0.03,-56,-0.35,0,0.00,1
972,Exit short,2014-10-27 07:15,TX15,160.72,100,16051,-21,-0.13,0,30,0.19,-26,-0.16,-21,-0.02,1
972,Entry short,2014-10-27 07:00,C0|S|MKT|15|v0.3.0-tier0|SPY,160.51,100,16051,-21,-0.13,0,30,0.19,-26,-0.16,-21,-0.02,1
973,Exit long,2014-10-29 07:15,TX15,163.2,100,16354,-34,-0.21,0,3,0.02,-35,-0.21,-55,-0.05,1
973,Entry long,2014-10-29 07:00,C0|L|MKT|15|v0.3.0-tier0|SPY,163.54,100,16354,-34,-0.21,0,3,0.02,-35,-0.21,-55,-0.05,1
974,Exit short,2014-11-03 07:45,TX15,165.63,100,16551,-12,-0.07,0,4,0.02,-24,-0.15,-67,-0.07,1
974,Entry short,2014-11-03 07:30,C0|S|MKT|15|v0.3.0-tier0|SPY,165.51,100,16551,-12,-0.07,0,4,0.02,-24,-0.15,-67,-0.07,1
975,Exit short,2014-11-04 07:45,TX15,164.95,100,16506,11,0.07,0,21,0.13,-2,-0.01,-56,-0.06,1
975,Entry short,2014-11-04 07:30,C0|S|MKT|15|v0.3.0-tier0|SPY,165.06,100,16506,11,0.07,0,21,0.13,-2,-0.01,-56,-0.06,1
976,Exit short,2014-11-05 07:45,TX15,165.64,100,16572,8,0.05,0,23,0.14,-5,-0.03,-48,-0.05,1
976,Entry short,2014-11-05 07:30,C0|S|MKT|15|v0.3.0-tier0|SPY,165.72,100,16572,8,0.05,0,23,0.14,-5,-0.03,-48,-0.05,1
977,Exit short,2014-11-06 07:30,TX15,165.97,100,16597,0,0.00,0,33,0.20,-11,-0.07,-48,-0.05,1
977,Entry short,2014-11-06 07:15,C0|S|MKT|15|v0.3.0-tier0|SPY,165.97,100,16597,0,0.00,0,33,0.20,-11,-0.07,-48,-0.05,1
978,Exit long,2014-11-11 07:45,TX15,167.67,100,16769,-2,-0.01,0,4,0.02,-7,-0.04,-50,-0.05,1
978,Entry long,2014-11-11 07:30,C0|L|MKT|15|v0.3.0-tier0|SPY,167.69,100,16769,-2,-0.01,0,4,0.02,-7,-0.04,-50,-0.05,1
979,Exit long,2014-11-12 07:30,TX15,167.41,100,16742,-1,-0.01,0,11,0.07,-4,-0.02,-51,-0.05,1
979,Entry long,2014-11-12 07:15,C0|L|MKT|15|v0.3.0-tier0|SPY,167.42,100,16742,-1,-0.01,0,11,0.07,-4,-0.02,-51,-0.05,1
980,Exit long,2014-11-13 07:15,TX15,167.96,100,16806,-10,-0.06,0,1,0.01,-17,-0.10,-61,-0.06,1
980,Entry long,2014-11-13 07:00,C0|L|MKT|15|v0.3.0-tier0|SPY,168.06,100,16806,-10,-0.06,0,1,0.01,-17,-0.10,-61,-0.06,1
981,Exit long,2014-11-14 07:30,TX15,167.64,100,16791,-27,-0.16,0,0,0.00,-34,-0.20,-88,-0.09,1
981,Entry long,2014-11-14 07:15,C0|L|MKT|15|v0.3.0-tier0|SPY,167.91,100,16791,-27,-0.16,0,0,0.00,-34,-0.20,-88,-0.09,1
982,Exit long,2014-11-17 07:30,TX15,167.88,100,16769,19,0.11,0,29,0.17,0,0.00,-69,-0.07,1
982,Entry long,2014-11-17 07:15,C0|L|MKT|15|v0.3.0-tier0|SPY,167.69,100,16769,19,0.11,0,29,0.17,0,0.00,-69,-0.07,1
983,Exit long,2014-11-18 07:15,TX15,168.53,100,16853,0,0.00,0,12,0.07,-2,-0.01,-69,-0.07,1
983,Entry long,2014-11-18 07:00,C0|L|MKT|15|v0.3.0-tier0|SPY,168.53,100,16853,0,0.00,0,12,0.07,-2,-0.01,-69,-0.07,1
984,Exit short,2014-11-19 07:30,TX15,168.07,100,16812,5,0.03,0,10,0.06,-12,-0.07,-64,-0.06,1
984,Entry short,2014-11-19 07:15,C0|S|MKT|15|v0.3.0-tier0|SPY,168.12,100,16812,5,0.03,0,10,0.06,-12,-0.07,-64,-0.06,1
985,Exit long,2014-11-20 07:15,TX15,168.39,100,16828,11,0.07,0,28,0.17,-2,-0.01,-53,-0.05,1
985,Entry long,2014-11-20 07:00,C0|L|MKT|15|v0.3.0-tier0|SPY,168.28,100,16828,11,0.07,0,28,0.17,-2,-0.01,-53,-0.05,1
986,Exit short,2014-11-21 07:45,TX15,170.2,100,17025,5,0.03,0,13,0.08,0,0.00,-48,-0.05,1
986,Entry short,2014-11-21 07:30,C0|S|MKT|15|v0.3.0-tier0|SPY,170.25,100,17025,5,0.03,0,13,0.08,0,0.00,-48,-0.05,1
987,Exit short,2014-11-24 07:15,TX15,170.16,100,17005,-11,-0.06,0,3,0.02,-18,-0.11,-59,-0.06,1
987,Entry short,2014-11-24 07:00,C0|S|MKT|15|v0.3.0-tier0|SPY,170.05,100,17005,-11,-0.06,0,3,0.02,-18,-0.11,-59,-0.06,1
988,Exit short,2014-11-25 07:30,TX15,170.32,100,17027,-5,-0.03,0,16,0.09,-7,-0.04,-64,-0.06,1
988,Entry short,2014-11-25 07:15,C0|S|MKT|15|v0.3.0-tier0|SPY,170.27,100,17027,-5,-0.03,0,16,0.09,-7,-0.04,-64,-0.06,1
989,Exit long,2014-11-28 07:15,TX15,170.67,100,17057,10,0.06,0,11,0.06,-10,-0.06,-54,-0.05,1
989,Entry long,2014-11-28 07:00,C0|L|MKT|15|v0.3.0-tier0|SPY,170.57,100,17057,10,0.06,0,11,0.06,-10,-0.06,-54,-0.05,1
990,Exit short,2014-12-01 07:15,TX15,169.23,100,16900,-23,-0.14,0,6,0.04,-25,-0.15,-77,-0.08,1
990,Entry short,2014-12-01 07:00,C0|S|MKT|15|v0.3.0-tier0|SPY,169,100,16900,-23,-0.14,0,6,0.04,-25,-0.15,-77,-0.08,1
991,Exit long,2014-12-02 07:30,TX15,169.68,100,16966,2,0.01,0,9,0.05,-5,-0.03,-75,-0.07,1
991,Entry long,2014-12-02 07:15,C0|L|MKT|15|v0.3.0-tier0|SPY,169.66,100,16966,2,0.01,0,9,0.05,-5,-0.03,-75,-0.07,1
992,Exit long,2014-12-03 07:30,TX15,170.54,100,17052,2,0.01,0,8,0.05,-18,-0.11,-73,-0.07,1
992,Entry long,2014-12-03 07:15,C0|L|MKT|15|v0.3.0-tier0|SPY,170.52,100,17052,2,0.01,0,8,0.05,-18,-0.11,-73,-0.07,1
993,Exit short,2014-12-04 07:45,TX15,169.92,100,17028,36,0.21,0,38,0.22,0,0.00,-37,-0.04,1
993,Entry short,2014-12-04 07:30,C0|S|MKT|15|v0.3.0-tier0|SPY,170.28,100,17028,36,0.21,0,38,0.22,0,0.00,-37,-0.04,1
994,Exit long,2014-12-08 07:45,TX15,170.88,100,17095,-7,-0.04,0,1,0.01,-10,-0.06,-44,-0.04,1
994,Entry long,2014-12-08 07:30,C0|L|MKT|15|v0.3.0-tier0|SPY,170.95,100,17095,-7,-0.04,0,1,0.01,-10,-0.06,-44,-0.04,1
995,Exit long,2014-12-09 07:15,TX15,168.12,100,16844,-32,-0.19,0,11,0.07,-40,-0.24,-76,-0.08,1
995,Entry long,2014-12-09 07:00,C0|L|MKT|15|v0.3.0-tier0|SPY,168.44,100,16844,-32,-0.19,0,11,0.07,-40,-0.24,-76,-0.08,1
996,Exit short,2014-12-10 07:15,TX15,168.67,100,16872,5,0.03,0,33,0.20,-3,-0.02,-71,-0.07,1
996,Entry short,2014-12-10 07:00,C0|S|MKT|15|v0.3.0-tier0|SPY,168.72,100,16872,5,0.03,0,33,0.20,-3,-0.02,-71,-0.07,1
997,Exit long,2014-12-11 07:15,TX15,168.72,100,16860,12,0.07,0,15,0.09,-8,-0.05,-59,-0.06,1
997,Entry long,2014-12-11 07:00,C0|L|MKT|15|v0.3.0-tier0|SPY,168.6,100,16860,12,0.07,0,15,0.09,-8,-0.05,-59,-0.06,1
998,Exit long,2014-12-12 07:15,TX15,166.74,100,16737,-63,-0.38,0,4,0.02,-67,-0.40,-122,-0.12,1
998,Entry long,2014-12-12 07:00,C0|L|MKT|15|v0.3.0-tier0|SPY,167.37,100,16737,-63,-0.38,0,4,0.02,-67,-0.40,-122,-0.12,1
999,Exit short,2014-12-15 07:30,TX15,165.26,100,16570,44,0.27,0,60,0.36,-16,-0.10,-78,-0.08,1
999,Entry short,2014-12-15 07:15,C0|S|MKT|15|v0.3.0-tier0|SPY,165.7,100,16570,44,0.27,0,60,0.36,-16,-0.10,-78,-0.08,1
1000,Exit long,2014-12-16 07:45,TX15,163.94,100,16426,-32,-0.19,0,5,0.03,-44,-0.27,-110,-0.11,1
1000,Entry long,2014-12-16 07:30,C0|L|MKT|15|v0.3.0-tier0|SPY,164.26,100,16426,-32,-0.19,0,5,0.03,-44,-0.27,-110,-0.11,1
1001,Exit long,2014-12-18 07:15,TX15,168.56,100,16843,13,0.08,0,26,0.15,-19,-0.11,-97,-0.10,1
1001,Entry long,2014-12-18 07:00,C0|L|MKT|15|v0.3.0-tier0|SPY,168.43,100,16843,13,0.08,0,26,0.15,-19,-0.11,-97,-0.10,1
1002,Exit short,2014-12-23 07:15,TX15,171.61,100,17174,13,0.08,0,14,0.08,-19,-0.11,-84,-0.08,1
1002,Entry short,2014-12-23 07:00,C0|S|MKT|15|v0.3.0-tier0|SPY,171.74,100,17174,13,0.08,0,14,0.08,-19,-0.11,-84,-0.08,1
1003,Exit long,2014-12-26 07:15,TX15,172.31,100,17236,-5,-0.03,0,6,0.03,-7,-0.04,-89,-0.09,1
1003,Entry long,2014-12-26 07:00,C0|L|MKT|15|v0.3.0-tier0|SPY,172.36,100,17236,-5,-0.03,0,6,0.03,-7,-0.04,-89,-0.09,1
1004,Exit long,2014-12-29 07:15,TX15,172.51,100,17243,8,0.05,0,9,0.05,-7,-0.04,-81,-0.08,1
1004,Entry long,2014-12-29 07:00,C0|L|MKT|15|v0.3.0-tier0|SPY,172.43,100,17243,8,0.05,0,9,0.05,-7,-0.04,-81,-0.08,1
1005,Exit short,2014-12-30 07:30,TX15,171.77,100,17180,3,0.02,0,4,0.02,-10,-0.06,-78,-0.08,1
1005,Entry short,2014-12-30 07:15,C0|S|MKT|15|v0.3.0-tier0|SPY,171.8,100,17180,3,0.02,0,4,0.02,-10,-0.06,-78,-0.08,1
1006,Exit short,2015-01-02 07:45,TX15,169.31,100,17020,89,0.52,0,100,0.59,0,0.00,11,0.01,1
1006,Entry short,2015-01-02 07:30,C0|S|MKT|15|v0.3.0-tier0|SPY,170.2,100,17020,89,0.52,0,100,0.59,0,0.00,11,0.01,1
1007,Exit short,2015-01-05 07:15,TX15,167.87,100,16778,-9,-0.05,0,17,0.10,-30,-0.18,2,0.00,1
1007,Entry short,2015-01-05 07:00,C0|S|MKT|15|v0.3.0-tier0|SPY,167.78,100,16778,-9,-0.05,0,17,0.10,-30,-0.18,2,0.00,1
1008,Exit long,2015-01-06 07:45,TX15,166.7,100,16731,-61,-0.36,0,2,0.01,-65,-0.39,-59,-0.06,1
1008,Entry long,2015-01-06 07:30,C0|L|MKT|15|v0.3.0-tier0|SPY,167.31,100,16731,-61,-0.36,0,2,0.01,-65,-0.39,-59,-0.06,1
1009,Exit long,2015-01-07 07:15,TX15,166.6,100,16684,-24,-0.14,0,18,0.11,-25,-0.15,-83,-0.08,1
1009,Entry long,2015-01-07 07:00,C0|L|MKT|15|v0.3.0-tier0|SPY,166.84,100,16684,-24,-0.14,0,18,0.11,-25,-0.15,-83,-0.08,1
1010,Exit long,2015-01-08 07:15,TX15,169.51,100,16918,33,0.20,0,33,0.20,0,0.00,-50,-0.05,1
1010,Entry long,2015-01-08 07:00,C0|L|MKT|15|v0.3.0-tier0|SPY,169.18,100,16918,33,0.20,0,33,0.20,0,0.00,-50,-0.05,1
1011,Exit short,2015-01-09 07:15,TX15,169.66,100,16935,-31,-0.18,0,6,0.04,-44,-0.26,-81,-0.08,1
1011,Entry short,2015-01-09 07:00,C0|S|MKT|15|v0.3.0-tier0|SPY,169.35,100,16935,-31,-0.18,0,6,0.04,-44,-0.26,-81,-0.08,1
1012,Exit short,2015-01-12 07:15,TX15,167.04,100,16716,12,0.07,0,36,0.22,-15,-0.09,-69,-0.07,1
1012,Entry short,2015-01-12 07:00,C0|S|MKT|15|v0.3.0-tier0|SPY,167.16,100,16716,12,0.07,0,36,0.22,-15,-0.09,-69,-0.07,1
1013,Exit long,2015-01-13 07:15,TX15,169.39,100,16962,-23,-0.14,0,10,0.06,-25,-0.15,-92,-0.09,1
1013,Entry long,2015-01-13 07:00,C0|L|MKT|15|v0.3.0-tier0|SPY,169.62,100,16962,-23,-0.14,0,10,0.06,-25,-0.15,-92,-0.09,1
1014,Exit long,2015-01-14 07:30,TX15,165.86,100,16579,7,0.04,0,12,0.07,-15,-0.09,-85,-0.08,1
1014,Entry long,2015-01-14 07:15,C0|L|MKT|15|v0.3.0-tier0|SPY,165.79,100,16579,7,0.04,0,12,0.07,-15,-0.09,-85,-0.08,1
1015,Exit short,2015-01-15 07:15,TX15,165.35,100,16515,-20,-0.12,0,33,0.20,-32,-0.19,-105,-0.10,1
1015,Entry short,2015-01-15 07:00,C0|S|MKT|15|v0.3.0-tier0|SPY,165.15,100,16515,-20,-0.12,0,33,0.20,-32,-0.19,-105,-0.10,1
1016,Exit short,2015-01-16 07:30,TX15,164.76,100,16403,-73,-0.45,0,2,0.01,-92,-0.56,-178,-0.18,1
1016,Entry short,2015-01-16 07:15,C0|S|MKT|15|v0.3.0-tier0|SPY,164.03,100,16403,-73,-0.45,0,2,0.01,-92,-0.56,-178,-0.18,1
1017,Exit short,2015-01-20 07:15,TX15,166.3,100,16605,-25,-0.15,0,21,0.13,-32,-0.19,-203,-0.20,1
1017,Entry short,2015-01-20 07:00,C0|S|MKT|15|v0.3.0-tier0|SPY,166.05,100,16605,-25,-0.15,0,21,0.13,-32,-0.19,-203,-0.20,1
1018,Exit short,2015-01-28 07:45,TX15,167.43,100,16804,61,0.36,0,63,0.37,-15,-0.09,-142,-0.14,1
1018,Entry short,2015-01-28 07:30,C0|S|MKT|15|v0.3.0-tier0|SPY,168.04,100,16804,61,0.36,0,63,0.37,-15,-0.09,-142,-0.14,1
1019,Exit short,2015-02-02 07:15,TX15,163.76,100,16433,57,0.35,0,89,0.54,0,0.00,-85,-0.08,1
1019,Entry short,2015-02-02 07:00,C0|S|MKT|15|v0.3.0-tier0|SPY,164.33,100,16433,57,0.35,0,89,0.54,0,0.00,-85,-0.08,1
1020,Exit long,2015-02-03 07:15,TX15,167.95,100,16833,-38,-0.23,0,5,0.03,-44,-0.26,-123,-0.12,1
1020,Entry long,2015-02-03 07:00,C0|L|MKT|15|v0.3.0-tier0|SPY,168.33,100,16833,-38,-0.23,0,5,0.03,-44,-0.26,-123,-0.12,1
1021,Exit long,2015-02-05 07:15,TX15,169.65,100,16962,3,0.02,0,32,0.19,-7,-0.04,-120,-0.12,1
1021,Entry long,2015-02-05 07:00,C0|L|MKT|15|v0.3.0-tier0|SPY,169.62,100,16962,3,0.02,0,32,0.19,-7,-0.04,-120,-0.12,1
1022,Exit long,2015-02-06 07:30,TX15,170.79,100,17087,-8,-0.05,0,8,0.05,-8,-0.05,-128,-0.13,1
1022,Entry long,2015-02-06 07:15,C0|L|MKT|15|v0.3.0-tier0|SPY,170.87,100,17087,-8,-0.05,0,8,0.05,-8,-0.05,-128,-0.13,1
1023,Exit short,2015-02-10 07:15,TX15,169.75,100,16960,-15,-0.09,0,8,0.05,-21,-0.12,-143,-0.14,1
1023,Entry short,2015-02-10 07:00,C0|S|MKT|15|v0.3.0-tier0|SPY,169.6,100,16960,-15,-0.09,0,8,0.05,-21,-0.12,-143,-0.14,1
1024,Exit long,2015-02-11 07:15,TX15,170.77,100,17089,-12,-0.07,0,4,0.02,-20,-0.12,-155,-0.15,1
1024,Entry long,2015-02-11 07:00,C0|L|MKT|15|v0.3.0-tier0|SPY,170.89,100,17089,-12,-0.07,0,4,0.02,-20,-0.12,-155,-0.15,1
1025,Exit long,2015-02-12 07:15,TX15,172.12,100,17198,14,0.08,0,21,0.12,-5,-0.03,-141,-0.14,1
1025,Entry long,2015-02-12 07:00,C0|L|MKT|15|v0.3.0-tier0|SPY,171.98,100,17198,14,0.08,0,21,0.12,-5,-0.03,-141,-0.14,1
1026,Exit long,2015-02-13 07:15,TX15,172.83,100,17298,-15,-0.09,0,9,0.05,-28,-0.16,-156,-0.16,1
1026,Entry long,2015-02-13 07:00,C0|L|MKT|15|v0.3.0-tier0|SPY,172.98,100,17298,-15,-0.09,0,9,0.05,-28,-0.16,-156,-0.16,1
1027,Exit long,2015-02-17 07:30,TX15,173.1,100,17319,-9,-0.05,0,0,0.00,-23,-0.13,-165,-0.16,1
1027,Entry long,2015-02-17 07:15,C0|L|MKT|15|v0.3.0-tier0|SPY,173.19,100,17319,-9,-0.05,0,0,0.00,-23,-0.13,-165,-0.16,1
1028,Exit short,2015-02-18 07:45,TX15,173.31,100,17300,-31,-0.18,0,3,0.02,-32,-0.18,-196,-0.20,1
1028,Entry short,2015-02-18 07:30,C0|S|MKT|15|v0.3.0-tier0|SPY,173,100,17300,-31,-0.18,0,3,0.02,-32,-0.18,-196,-0.20,1
1029,Exit long,2015-02-19 07:30,TX15,173.44,100,17332,12,0.07,0,16,0.09,-6,-0.03,-184,-0.18,1
1029,Entry long,2015-02-19 07:15,C0|L|MKT|15|v0.3.0-tier0|SPY,173.32,100,17332,12,0.07,0,16,0.09,-6,-0.03,-184,-0.18,1
1030,Exit short,2015-02-20 07:15,TX15,172.77,100,17253,-24,-0.14,0,11,0.06,-26,-0.15,-208,-0.21,1
1030,Entry short,2015-02-20 07:00,C0|S|MKT|15|v0.3.0-tier0|SPY,172.53,100,17253,-24,-0.14,0,11,0.06,-26,-0.15,-208,-0.21,1
1031,Exit long,2015-02-24 07:45,TX15,174.74,100,17476,-2,-0.01,0,4,0.02,-11,-0.06,-210,-0.21,1
1031,Entry long,2015-02-24 07:30,C0|L|MKT|15|v0.3.0-tier0|SPY,174.76,100,17476,-2,-0.01,0,4,0.02,-11,-0.06,-210,-0.21,1
1032,Exit short,2015-02-26 07:15,TX15,174.4,100,17421,-19,-0.11,0,2,0.01,-19,-0.11,-229,-0.23,1
1032,Entry short,2015-02-26 07:00,C0|S|MKT|15|v0.3.0-tier0|SPY,174.21,100,17421,-19,-0.11,0,2,0.01,-19,-0.11,-229,-0.23,1
1033,Exit long,2015-03-02 07:15,TX15,174.72,100,17451,21,0.12,0,32,0.18,-2,-0.01,-208,-0.21,1
1033,Entry long,2015-03-02 07:00,C0|L|MKT|15|v0.3.0-tier0|SPY,174.51,100,17451,21,0.12,0,32,0.18,-2,-0.01,-208,-0.21,1
1034,Exit short,2015-03-03 07:15,TX15,174.3,100,17420,-10,-0.06,0,3,0.02,-20,-0.11,-218,-0.22,1
1034,Entry short,2015-03-03 07:00,C0|S|MKT|15|v0.3.0-tier0|SPY,174.2,100,17420,-10,-0.06,0,3,0.02,-20,-0.11,-218,-0.22,1
1035,Exit short,2015-03-04 07:30,TX15,172.94,100,17284,-10,-0.06,0,5,0.03,-16,-0.09,-228,-0.23,1
1035,Entry short,2015-03-04 07:15,C0|S|MKT|15|v0.3.0-tier0|SPY,172.84,100,17284,-10,-0.06,0,5,0.03,-16,-0.09,-228,-0.23,1
1036,Exit long,2015-03-05 07:30,TX15,174.07,100,17406,1,0.01,0,1,0.01,-17,-0.10,-227,-0.23,1
1036,Entry long,2015-03-05 07:15,C0|L|MKT|15|v0.3.0-tier0|SPY,174.06,100,17406,1,0.01,0,1,0.01,-17,-0.10,-227,-0.23,1
1037,Exit long,2015-03-06 07:15,TX15,173.1,100,17334,-24,-0.14,0,7,0.04,-24,-0.14,-251,-0.25,1
1037,Entry long,2015-03-06 07:00,C0|L|MKT|15|v0.3.0-tier0|SPY,173.34,100,17334,-24,-0.14,0,7,0.04,-24,-0.14,-251,-0.25,1
1038,Exit long,2015-03-09 07:30,TX15,171.73,100,17185,-12,-0.07,0,8,0.05,-21,-0.12,-263,-0.26,1
1038,Entry long,2015-03-09 07:15,C0|L|MKT|15|v0.3.0-tier0|SPY,171.85,100,17185,-12,-0.07,0,8,0.05,-21,-0.12,-263,-0.26,1
1039,Exit short,2015-03-10 07:30,TX15,170.22,100,17022,0,0.00,0,24,0.14,-7,-0.04,-263,-0.26,1
1039,Entry short,2015-03-10 07:15,C0|S|MKT|15|v0.3.0-tier0|SPY,170.22,100,17022,0,0.00,0,24,0.14,-7,-0.04,-263,-0.26,1
1040,Exit short,2015-03-13 07:30,TX15,170.08,100,17029,21,0.12,0,27,0.16,-18,-0.11,-242,-0.24,1
1040,Entry short,2015-03-13 07:15,C0|S|MKT|15|v0.3.0-tier0|SPY,170.29,100,17029,21,0.12,0,27,0.16,-18,-0.11,-242,-0.24,1
1041,Exit long,2015-03-16 07:15,TX15,171.6,100,17149,11,0.06,0,24,0.14,0,0.00,-231,-0.23,1
1041,Entry long,2015-03-16 07:00,C0|L|MKT|15|v0.3.0-tier0|SPY,171.49,100,17149,11,0.06,0,24,0.14,0,0.00,-231,-0.23,1
1042,Exit short,2015-03-17 07:30,TX15,171.58,100,17141,-17,-0.10,0,6,0.04,-19,-0.11,-248,-0.25,1
1042,Entry short,2015-03-17 07:15,C0|S|MKT|15|v0.3.0-tier0|SPY,171.41,100,17141,-17,-0.10,0,6,0.04,-19,-0.11,-248,-0.25,1
1043,Exit long,2015-03-18 07:45,TX15,171.33,100,17137,-4,-0.02,0,4,0.02,-20,-0.12,-252,-0.25,1
1043,Entry long,2015-03-18 07:30,C0|L|MKT|15|v0.3.0-tier0|SPY,171.37,100,17137,-4,-0.02,0,4,0.02,-20,-0.12,-252,-0.25,1
1044,Exit long,2015-03-19 07:30,TX15,173.5,100,17352,-2,-0.01,0,17,0.10,-7,-0.04,-254,-0.25,1
1044,Entry long,2015-03-19 07:15,C0|L|MKT|15|v0.3.0-tier0|SPY,173.52,100,17352,-2,-0.01,0,17,0.10,-7,-0.04,-254,-0.25,1
1045,Exit long,2015-03-23 07:30,TX15,174.97,100,17511,-14,-0.08,0,2,0.01,-14,-0.08,-268,-0.27,1
1045,Entry long,2015-03-23 07:15,C0|L|MKT|15|v0.3.0-tier0|SPY,175.11,100,17511,-14,-0.08,0,2,0.01,-14,-0.08,-268,-0.27,1
1046,Exit long,2015-03-24 07:30,TX15,174.26,100,17430,-4,-0.02,0,10,0.06,-16,-0.09,-272,-0.27,1
1046,Entry long,2015-03-24 07:15,C0|L|MKT|15|v0.3.0-tier0|SPY,174.3,100,17430,-4,-0.02,0,10,0.06,-16,-0.09,-272,-0.27,1
1047,Exit short,2015-03-25 07:15,TX15,173.13,100,17300,-13,-0.08,0,9,0.05,-27,-0.16,-285,-0.29,1
1047,Entry short,2015-03-25 07:00,C0|S|MKT|15|v0.3.0-tier0|SPY,173,100,17300,-13,-0.08,0,9,0.05,-27,-0.16,-285,-0.29,1
1048,Exit short,2015-03-26 07:30,TX15,169.88,100,16959,-29,-0.17,0,22,0.13,-36,-0.21,-314,-0.31,1
1048,Entry short,2015-03-26 07:15,C0|S|MKT|15|v0.3.0-tier0|SPY,169.59,100,16959,-29,-0.17,0,22,0.13,-36,-0.21,-314,-0.31,1
1049,Exit long,2015-03-30 07:15,TX15,172.44,100,17252,-8,-0.05,0,14,0.08,-19,-0.11,-322,-0.32,1
1049,Entry long,2015-03-30 07:00,C0|L|MKT|15|v0.3.0-tier0|SPY,172.52,100,17252,-8,-0.05,0,14,0.08,-19,-0.11,-322,-0.32,1
1050,Exit long,2015-03-31 07:45,TX15,172.34,100,17224,10,0.06,0,15,0.09,-2,-0.01,-312,-0.31,1
1050,Entry long,2015-03-31 07:30,C0|L|MKT|15|v0.3.0-tier0|SPY,172.24,100,17224,10,0.06,0,15,0.09,-2,-0.01,-312,-0.31,1
1051,Exit short,2015-04-01 07:15,TX15,170,100,16993,-7,-0.04,0,12,0.07,-28,-0.16,-319,-0.32,1
1051,Entry short,2015-04-01 07:00,C0|S|MKT|15|v0.3.0-tier0|SPY,169.93,100,16993,-7,-0.04,0,12,0.07,-28,-0.16,-319,-0.32,1
1052,Exit long,2015-04-02 07:15,TX15,171.48,100,17156,-8,-0.05,0,17,0.10,-9,-0.05,-327,-0.33,1
1052,Entry long,2015-04-02 07:00,C0|L|MKT|15|v0.3.0-tier0|SPY,171.56,100,17156,-8,-0.05,0,17,0.10,-9,-0.05,-327,-0.33,1
1053,Exit long,2015-04-06 07:15,TX15,171.49,100,17134,15,0.09,0,35,0.20,0,0.00,-312,-0.31,1
1053,Entry long,2015-04-06 07:00,C0|L|MKT|15|v0.3.0-tier0|SPY,171.34,100,17134,15,0.09,0,35,0.20,0,0.00,-312,-0.31,1
1054,Exit long,2015-04-08 07:15,TX15,172.68,100,17289,-21,-0.12,0,10,0.06,-22,-0.13,-333,-0.33,1
1054,Entry long,2015-04-08 07:00,C0|L|MKT|15|v0.3.0-tier0|SPY,172.89,100,17289,-21,-0.12,0,10,0.06,-22,-0.13,-333,-0.33,1
1055,Exit long,2015-04-10 07:30,TX15,173.78,100,17373,5,0.03,0,8,0.05,-10,-0.06,-328,-0.33,1
1055,Entry long,2015-04-10 07:15,C0|L|MKT|15|v0.3.0-tier0|SPY,173.73,100,17373,5,0.03,0,8,0.05,-10,-0.06,-328,-0.33,1
1056,Exit long,2015-04-13 07:15,TX15,174.62,100,17461,1,0.01,0,6,0.03,-11,-0.06,-327,-0.33,1
1056,Entry long,2015-04-13 07:00,C0|L|MKT|15|v0.3.0-tier0|SPY,174.61,100,17461,1,0.01,0,6,0.03,-11,-0.06,-327,-0.33,1
1057,Exit short,2015-04-14 07:15,TX15,173.04,100,17316,12,0.07,0,49,0.28,-1,-0.01,-315,-0.31,1
1057,Entry short,2015-04-14 07:00,C0|S|MKT|15|v0.3.0-tier0|SPY,173.16,100,17316,12,0.07,0,49,0.28,-1,-0.01,-315,-0.31,1
1058,Exit short,2015-04-17 07:30,TX15,172.61,100,17265,4,0.02,0,18,0.10,-9,-0.05,-311,-0.31,1
1058,Entry short,2015-04-17 07:15,C0|S|MKT|15|v0.3.0-tier0|SPY,172.65,100,17265,4,0.02,0,18,0.10,-9,-0.05,-311,-0.31,1
1059,Exit long,2015-04-20 07:15,TX15,173.9,100,17407,-17,-0.10,0,12,0.07,-21,-0.12,-328,-0.33,1
1059,Entry long,2015-04-20 07:00,C0|L|MKT|15|v0.3.0-tier0|SPY,174.07,100,17407,-17,-0.10,0,12,0.07,-21,-0.12,-328,-0.33,1
1060,Exit short,2015-04-21 07:30,TX15,174.27,100,17420,-7,-0.04,0,6,0.03,-22,-0.13,-335,-0.33,1
1060,Entry short,2015-04-21 07:15,C0|S|MKT|15|v0.3.0-tier0|SPY,174.2,100,17420,-7,-0.04,0,6,0.03,-22,-0.13,-335,-0.33,1
1061,Exit short,2015-04-22 07:30,TX15,173.73,100,17359,-14,-0.08,0,27,0.16,-26,-0.15,-349,-0.35,1
1061,Entry short,2015-04-22 07:15,C0|S|MKT|15|v0.3.0-tier0|SPY,173.59,100,17359,-14,-0.08,0,27,0.16,-26,-0.15,-349,-0.35,1
1062,Exit long,2015-04-23 07:15,TX15,174.72,100,17475,-3,-0.02,0,20,0.11,-16,-0.09,-352,-0.35,1
1062,Entry long,2015-04-23 07:00,C0|L|MKT|15|v0.3.0-tier0|SPY,174.75,100,17475,-3,-0.02,0,20,0.11,-16,-0.09,-352,-0.35,1
1063,Exit short,2015-04-28 07:30,TX15,174.21,100,17372,-49,-0.28,0,3,0.02,-55,-0.32,-401,-0.40,1
1063,Entry short,2015-04-28 07:15,C0|S|MKT|15|v0.3.0-tier0|SPY,173.72,100,17372,-49,-0.28,0,3,0.02,-55,-0.32,-401,-0.40,1
1064,Exit short,2015-04-29 07:45,TX15,174.86,100,17444,-42,-0.24,0,2,0.01,-44,-0.25,-443,-0.44,1
1064,Entry short,2015-04-29 07:30,C0|S|MKT|15|v0.3.0-tier0|SPY,174.44,100,17444,-42,-0.24,0,2,0.01,-44,-0.25,-443,-0.44,1
1065,Exit short,2015-04-30 07:15,TX15,173.77,100,17365,-12,-0.07,0,25,0.14,-18,-0.10,-455,-0.45,1
1065,Entry short,2015-04-30 07:00,C0|S|MKT|15|v0.3.0-tier0|SPY,173.65,100,17365,-12,-0.07,0,25,0.14,-18,-0.10,-455,-0.45,1
1066,Exit long,2015-05-04 07:15,TX15,175.82,100,17583,-1,-0.01,0,8,0.05,-11,-0.06,-456,-0.46,1
1066,Entry long,2015-05-04 07:00,C0|L|MKT|15|v0.3.0-tier0|SPY,175.83,100,17583,-1,-0.01,0,8,0.05,-11,-0.06,-456,-0.46,1
1067,Exit short,2015-05-05 07:15,TX15,174.66,100,17476,10,0.06,0,28,0.16,-4,-0.02,-446,-0.45,1
1067,Entry short,2015-05-05 07:00,C0|S|MKT|15|v0.3.0-tier0|SPY,174.76,100,17476,10,0.06,0,28,0.16,-4,-0.02,-446,-0.45,1
1068,Exit short,2015-05-06 07:30,TX15,172.87,100,17255,-32,-0.19,0,9,0.05,-38,-0.22,-478,-0.48,1
1068,Entry short,2015-05-06 07:15,C0|S|MKT|15|v0.3.0-tier0|SPY,172.55,100,17255,-32,-0.19,0,9,0.05,-38,-0.22,-478,-0.48,1
1069,Exit long,2015-05-08 07:30,TX15,175.37,100,17541,-4,-0.02,0,2,0.01,-14,-0.08,-482,-0.48,1
1069,Entry long,2015-05-08 07:15,C0|L|MKT|15|v0.3.0-tier0|SPY,175.41,100,17541,-4,-0.02,0,2,0.01,-14,-0.08,-482,-0.48,1
1070,Exit long,2015-05-14 07:30,TX15,175.5,100,17559,-9,-0.05,0,2,0.01,-15,-0.09,-491,-0.49,1
1070,Entry long,2015-05-14 07:15,C0|L|MKT|15|v0.3.0-tier0|SPY,175.59,100,17559,-9,-0.05,0,2,0.01,-15,-0.09,-491,-0.49,1
1071,Exit short,2015-05-15 07:30,TX15,176,100,17594,-6,-0.03,0,10,0.06,-12,-0.07,-497,-0.50,1
1071,Entry short,2015-05-15 07:15,C0|S|MKT|15|v0.3.0-tier0|SPY,175.94,100,17594,-6,-0.03,0,10,0.06,-12,-0.07,-497,-0.50,1
1072,Exit long,2015-05-18 07:15,TX15,176.14,100,17637,-23,-0.13,0,2,0.01,-24,-0.14,-520,-0.52,1
1072,Entry long,2015-05-18 07:00,C0|L|MKT|15|v0.3.0-tier0|SPY,176.37,100,17637,-23,-0.13,0,2,0.01,-24,-0.14,-520,-0.52,1
1073,Exit long,2015-05-21 07:30,TX15,176.88,100,17686,2,0.01,0,11,0.06,-4,-0.02,-518,-0.52,1
1073,Entry long,2015-05-21 07:15,C0|L|MKT|15|v0.3.0-tier0|SPY,176.86,100,17686,2,0.01,0,11,0.06,-4,-0.02,-518,-0.52,1
1074,Exit short,2015-05-26 07:15,TX15,175.35,100,17554,19,0.11,0,27,0.15,-10,-0.06,-499,-0.50,1
1074,Entry short,2015-05-26 07:00,C0|S|MKT|15|v0.3.0-tier0|SPY,175.54,100,17554,19,0.11,0,27,0.15,-10,-0.06,-499,-0.50,1
1075,Exit long,2015-05-27 07:15,TX15,175.7,100,17579,-9,-0.05,0,7,0.04,-20,-0.11,-508,-0.51,1
1075,Entry long,2015-05-27 07:00,C0|L|MKT|15|v0.3.0-tier0|SPY,175.79,100,17579,-9,-0.05,0,7,0.04,-20,-0.11,-508,-0.51,1
1076,Exit short,2015-05-28 07:15,TX15,175.87,100,17579,-8,-0.05,0,8,0.05,-20,-0.11,-516,-0.52,1
1076,Entry short,2015-05-28 07:00,C0|S|MKT|15|v0.3.0-tier0|SPY,175.79,100,17579,-8,-0.05,0,8,0.05,-20,-0.11,-516,-0.52,1
1077,Exit short,2015-05-29 07:30,TX15,175.66,100,17578,12,0.07,0,14,0.08,-16,-0.09,-504,-0.50,1
1077,Entry short,2015-05-29 07:15,C0|S|MKT|15|v0.3.0-tier0|SPY,175.78,100,17578,12,0.07,0,14,0.08,-16,-0.09,-504,-0.50,1
1078,Exit short,2015-06-01 07:15,TX15,174.96,100,17531,35,0.20,0,36,0.21,-36,-0.21,-469,-0.47,1
1078,Entry short,2015-06-01 07:00,C0|S|MKT|15|v0.3.0-tier0|SPY,175.31,100,17531,35,0.20,0,36,0.21,-36,-0.21,-469,-0.47,1
1079,Exit long,2015-06-03 07:30,TX15,176.29,100,17620,9,0.05,0,14,0.08,-9,-0.05,-460,-0.46,1
1079,Entry long,2015-06-03 07:15,C0|L|MKT|15|v0.3.0-tier0|SPY,176.2,100,17620,9,0.05,0,14,0.08,-9,-0.05,-460,-0.46,1
1080,Exit long,2015-06-04 07:15,TX15,175.5,100,17535,15,0.09,0,35,0.20,-1,-0.01,-445,-0.44,1
1080,Entry long,2015-06-04 07:00,C0|L|MKT|15|v0.3.0-tier0|SPY,175.35,100,17535,15,0.09,0,35,0.20,-1,-0.01,-445,-0.44,1
1081,Exit long,2015-06-05 07:45,TX15,174.48,100,17443,5,0.03,0,29,0.17,-1,-0.01,-440,-0.44,1
1081,Entry long,2015-06-05 07:30,C0|L|MKT|15|v0.3.0-tier0|SPY,174.43,100,17443,5,0.03,0,29,0.17,-1,-0.01,-440,-0.44,1
1082,Exit short,2015-06-09 07:15,TX15,172.81,100,17255,-26,-0.15,0,16,0.09,-33,-0.19,-466,-0.47,1
1082,Entry short,2015-06-09 07:00,C0|S|MKT|15|v0.3.0-tier0|SPY,172.55,100,17255,-26,-0.15,0,16,0.09,-33,-0.19,-466,-0.47,1
1083,Exit long,2015-06-10 07:15,TX15,174.29,100,17416,13,0.07,0,30,0.17,0,0.00,-453,-0.45,1
1083,Entry long,2015-06-10 07:00,C0|L|MKT|15|v0.3.0-tier0|SPY,174.16,100,17416,13,0.07,0,30,0.17,0,0.00,-453,-0.45,1
1084,Exit long,2015-06-11 07:15,TX15,175.83,100,17584,-1,-0.01,0,12,0.07,-7,-0.04,-454,-0.45,1
1084,Entry long,2015-06-11 07:00,C0|L|MKT|15|v0.3.0-tier0|SPY,175.84,100,17584,-1,-0.01,0,12,0.07,-7,-0.04,-454,-0.45,1
1085,Exit long,2015-06-18 07:15,TX15,176.12,100,17579,33,0.19,0,40,0.23,0,0.00,-421,-0.42,1
1085,Entry long,2015-06-18 07:00,C0|L|MKT|15|v0.3.0-tier0|SPY,175.79,100,17579,33,0.19,0,40,0.23,0,0.00,-421,-0.42,1
1086,Exit long,2015-06-22 07:30,TX15,176.88,100,17696,-8,-0.05,0,4,0.02,-14,-0.08,-429,-0.43,1
1086,Entry long,2015-06-22 07:15,C0|L|MKT|15|v0.3.0-tier0|SPY,176.96,100,17696,-8,-0.05,0,4,0.02,-14,-0.08,-429,-0.43,1
1087,Exit long,2015-06-23 07:30,TX15,176.69,100,17705,-36,-0.20,0,0,0.00,-41,-0.23,-465,-0.46,1
1087,Entry long,2015-06-23 07:15,C0|L|MKT|15|v0.3.0-tier0|SPY,177.05,100,17705,-36,-0.20,0,0,0.00,-41,-0.23,-465,-0.46,1
1088,Exit long,2015-06-24 07:45,TX15,176.73,100,17678,-5,-0.03,0,10,0.06,-7,-0.04,-470,-0.47,1
1088,Entry long,2015-06-24 07:30,C0|L|MKT|15|v0.3.0-tier0|SPY,176.78,100,17678,-5,-0.03,0,10,0.06,-7,-0.04,-470,-0.47,1
1089,Exit long,2015-06-26 07:15,TX15,175.33,100,17540,-7,-0.04,0,16,0.09,-16,-0.09,-477,-0.48,1
1089,Entry long,2015-06-26 07:00,C0|L|MKT|15|v0.3.0-tier0|SPY,175.4,100,17540,-7,-0.04,0,16,0.09,-16,-0.09,-477,-0.48,1
1090,Exit short,2015-06-30 07:15,TX15,171.82,100,17187,5,0.03,0,12,0.07,-24,-0.14,-472,-0.47,1
1090,Entry short,2015-06-30 07:00,C0|S|MKT|15|v0.3.0-tier0|SPY,171.87,100,17187,5,0.03,0,12,0.07,-24,-0.14,-472,-0.47,1
1091,Exit short,2015-07-02 07:15,TX15,173.22,100,17330,8,0.05,0,11,0.06,-12,-0.07,-464,-0.46,1
1091,Entry short,2015-07-02 07:00,C0|S|MKT|15|v0.3.0-tier0|SPY,173.3,100,17330,8,0.05,0,11,0.06,-12,-0.07,-464,-0.46,1
1092,Exit long,2015-07-06 07:15,TX15,172.37,100,17207,30,0.17,0,39,0.23,-12,-0.07,-434,-0.43,1
1092,Entry long,2015-07-06 07:00,C0|L|MKT|15|v0.3.0-tier0|SPY,172.07,100,17207,30,0.17,0,39,0.23,-12,-0.07,-434,-0.43,1
1093,Exit short,2015-07-07 07:15,TX15,171.39,100,17172,33,0.19,0,59,0.34,0,0.00,-401,-0.40,1
1093,Entry short,2015-07-07 07:00,C0|S|MKT|15|v0.3.0-tier0|SPY,171.72,100,17172,33,0.19,0,59,0.34,0,0.00,-401,-0.40,1
1094,Exit short,2015-07-08 07:15,TX15,171.53,100,17172,19,0.11,0,44,0.26,0,0.00,-382,-0.38,1
1094,Entry short,2015-07-08 07:00,C0|S|MKT|15|v0.3.0-tier0|SPY,171.72,100,17172,19,0.11,0,44,0.26,0,0.00,-382,-0.38,1
1095,Exit short,2015-07-09 07:15,TX15,172.32,100,17242,10,0.06,0,35,0.20,-11,-0.06,-372,-0.37,1
1095,Entry short,2015-07-09 07:00,C0|S|MKT|15|v0.3.0-tier0|SPY,172.42,100,17242,10,0.06,0,35,0.20,-11,-0.06,-372,-0.37,1
1096,Exit short,2015-07-10 07:15,TX15,172.58,100,17247,-11,-0.06,0,0,0.00,-28,-0.16,-383,-0.38,1
1096,Entry short,2015-07-10 07:00,C0|S|MKT|15|v0.3.0-tier0|SPY,172.47,100,17247,-11,-0.06,0,0,0.00,-28,-0.16,-383,-0.38,1
1097,Exit long,2015-07-13 07:15,TX15,174.67,100,17452,15,0.09,0,17,0.10,-5,-0.03,-368,-0.37,1
1097,Entry long,2015-07-13 07:00,C0|L|MKT|15|v0.3.0-tier0|SPY,174.52,100,17452,15,0.09,0,17,0.10,-5,-0.03,-368,-0.37,1
1098,Exit long,2015-07-14 07:15,TX15,175.25,100,17523,2,0.01,0,8,0.05,-10,-0.06,-366,-0.37,1
1098,Entry long,2015-07-14 07:00,C0|L|MKT|15|v0.3.0-tier0|SPY,175.23,100,17523,2,0.01,0,8,0.05,-10,-0.06,-366,-0.37,1
1099,Exit long,2015-07-15 07:30,TX15,175.82,100,17589,-7,-0.04,0,7,0.04,-9,-0.05,-373,-0.37,1
1099,Entry long,2015-07-15 07:15,C0|L|MKT|15|v0.3.0-tier0|SPY,175.89,100,17589,-7,-0.04,0,7,0.04,-9,-0.05,-373,-0.37,1
1100,Exit short,2015-07-17 07:30,TX15,176.7,100,17663,-7,-0.04,0,5,0.03,-11,-0.06,-380,-0.38,1
1100,Entry short,2015-07-17 07:15,C0|S|MKT|15|v0.3.0-tier0|SPY,176.63,100,17663,-7,-0.04,0,5,0.03,-11,-0.06,-380,-0.38,1
1101,Exit short,2015-07-20 07:15,TX15,177.06,100,17708,2,0.01,0,15,0.08,-4,-0.02,-378,-0.38,1
1101,Entry short,2015-07-20 07:00,C0|S|MKT|15|v0.3.0-tier0|SPY,177.08,100,17708,2,0.01,0,15,0.08,-4,-0.02,-378,-0.38,1
1102,Exit long,2015-07-22 07:15,TX15,176.37,100,17642,-5,-0.03,0,5,0.03,-12,-0.07,-383,-0.38,1
1102,Entry long,2015-07-22 07:00,C0|L|MKT|15|v0.3.0-tier0|SPY,176.42,100,17642,-5,-0.03,0,5,0.03,-12,-0.07,-383,-0.38,1
1103,Exit short,2015-07-24 07:45,TX15,174.61,100,17472,11,0.06,0,21,0.12,0,0.00,-372,-0.37,1
1103,Entry short,2015-07-24 07:30,C0|S|MKT|15|v0.3.0-tier0|SPY,174.72,100,17472,11,0.06,0,21,0.12,0,0.00,-372,-0.37,1
1104,Exit short,2015-07-28 07:45,TX15,172.96,100,17250,-46,-0.27,0,3,0.02,-46,-0.27,-418,-0.42,1
1104,Entry short,2015-07-28 07:30,C0|S|MKT|15|v0.3.0-tier0|SPY,172.5,100,17250,-46,-0.27,0,3,0.02,-46,-0.27,-418,-0.42,1
1105,Exit short,2015-07-30 07:15,TX15,175.05,100,17474,-31,-0.18,0,11,0.06,-34,-0.19,-449,-0.45,1
1105,Entry short,2015-07-30 07:00,C0|S|MKT|15|v0.3.0-tier0|SPY,174.74,100,17474,-31,-0.18,0,11,0.06,-34,-0.19,-449,-0.45,1
1106,Exit short,2015-07-31 07:15,TX15,175.75,100,17560,-15,-0.09,0,6,0.03,-30,-0.17,-464,-0.46,1
1106,Entry short,2015-07-31 07:00,C0|S|MKT|15|v0.3.0-tier0|SPY,175.6,100,17560,-15,-0.09,0,6,0.03,-30,-0.17,-464,-0.46,1
1107,Exit long,2015-08-04 07:30,TX15,175.2,100,17513,7,0.04,0,15,0.09,-21,-0.12,-457,-0.46,1
1107,Entry long,2015-08-04 07:15,C0|L|MKT|15|v0.3.0-tier0|SPY,175.13,100,17513,7,0.04,0,15,0.09,-21,-0.12,-457,-0.46,1
1108,Exit long,2015-08-05 07:15,TX15,175.97,100,17583,14,0.08,0,24,0.14,-19,-0.11,-443,-0.44,1
1108,Entry long,2015-08-05 07:00,C0|L|MKT|15|v0.3.0-tier0|SPY,175.83,100,17583,14,0.08,0,24,0.14,-19,-0.11,-443,-0.44,1
1109,Exit short,2015-08-06 07:15,TX15,174.68,100,17453,-15,-0.09,0,18,0.10,-23,-0.13,-458,-0.46,1
1109,Entry short,2015-08-06 07:00,C0|S|MKT|15|v0.3.0-tier0|SPY,174.53,100,17453,-15,-0.09,0,18,0.10,-23,-0.13,-458,-0.46,1
1110,Exit short,2015-08-07 07:45,TX15,173.28,100,17302,-26,-0.15,0,8,0.05,-35,-0.20,-484,-0.48,1
1110,Entry short,2015-08-07 07:30,C0|S|MKT|15|v0.3.0-tier0|SPY,173.02,100,17302,-26,-0.15,0,8,0.05,-35,-0.20,-484,-0.48,1
1111,Exit long,2015-08-10 07:15,TX15,175.04,100,17497,7,0.04,0,11,0.06,-8,-0.05,-477,-0.48,1
1111,Entry long,2015-08-10 07:00,C0|L|MKT|15|v0.3.0-tier0|SPY,174.97,100,17497,7,0.04,0,11,0.06,-8,-0.05,-477,-0.48,1
1112,Exit short,2015-08-12 07:30,TX15,171.62,100,17165,3,0.02,0,43,0.25,-19,-0.11,-474,-0.47,1
1112,Entry short,2015-08-12 07:15,C0|S|MKT|15|v0.3.0-tier0|SPY,171.65,100,17165,3,0.02,0,43,0.25,-19,-0.11,-474,-0.47,1
1113,Exit short,2015-08-13 07:30,TX15,173.74,100,17354,-20,-0.12,0,11,0.06,-25,-0.14,-494,-0.49,1
1113,Entry short,2015-08-13 07:15,C0|S|MKT|15|v0.3.0-tier0|SPY,173.54,100,17354,-20,-0.12,0,11,0.06,-25,-0.14,-494,-0.49,1
1114,Exit long,2015-08-14 07:15,TX15,174.12,100,17423,-11,-0.06,0,10,0.06,-20,-0.11,-505,-0.50,1
1114,Entry long,2015-08-14 07:00,C0|L|MKT|15|v0.3.0-tier0|SPY,174.23,100,17423,-11,-0.06,0,10,0.06,-20,-0.11,-505,-0.50,1
1115,Exit long,2015-08-17 07:30,TX15,174.44,100,17418,26,0.15,0,44,0.25,-2,-0.01,-479,-0.48,1
1115,Entry long,2015-08-17 07:15,C0|L|MKT|15|v0.3.0-tier0|SPY,174.18,100,17418,26,0.15,0,44,0.25,-2,-0.01,-479,-0.48,1
1116,Exit short,2015-08-19 07:15,TX15,174.06,100,17365,-41,-0.24,0,9,0.05,-46,-0.26,-520,-0.52,1
1116,Entry short,2015-08-19 07:00,C0|S|MKT|15|v0.3.0-tier0|SPY,173.65,100,17365,-41,-0.24,0,9,0.05,-46,-0.26,-520,-0.52,1
1117,Exit short,2015-08-20 07:30,TX15,171.42,100,17187,45,0.26,0,55,0.32,-2,-0.01,-475,-0.47,1
1117,Entry short,2015-08-20 07:15,C0|S|MKT|15|v0.3.0-tier0|SPY,171.87,100,17187,45,0.26,0,55,0.32,-2,-0.01,-475,-0.47,1
1118,Exit long,2015-08-24 07:30,TX15,160.24,100,15936,88,0.55,0,208,1.31,-1,-0.01,-387,-0.39,1
1118,Entry long,2015-08-24 07:15,C0|L|MKT|15|v0.3.0-tier0|SPY,159.36,100,15936,88,0.55,0,208,1.31,-1,-0.01,-387,-0.39,1
1119,Exit short,2015-08-26 07:45,TX15,158.72,100,15873,1,0.01,0,31,0.20,-77,-0.49,-386,-0.39,1
1119,Entry short,2015-08-26 07:30,C0|S|MKT|15|v0.3.0-tier0|SPY,158.73,100,15873,1,0.01,0,31,0.20,-77,-0.49,-386,-0.39,1
1120,Exit long,2015-08-28 07:15,TX15,165.61,100,16599,-38,-0.23,0,7,0.04,-61,-0.37,-424,-0.42,1
1120,Entry long,2015-08-28 07:00,C0|L|MKT|15|v0.3.0-tier0|SPY,165.99,100,16599,-38,-0.23,0,7,0.04,-61,-0.37,-424,-0.42,1
1121,Exit short,2015-08-31 07:15,TX15,164.59,100,16465,6,0.04,0,40,0.24,-3,-0.02,-418,-0.42,1
1121,Entry short,2015-08-31 07:00,C0|S|MKT|15|v0.3.0-tier0|SPY,164.65,100,16465,6,0.04,0,40,0.24,-3,-0.02,-418,-0.42,1
1122,Exit long,2015-09-01 07:45,TX15,161.53,100,16191,-38,-0.23,0,39,0.24,-43,-0.27,-456,-0.46,1
1122,Entry long,2015-09-01 07:30,C0|L|MKT|15|v0.3.0-tier0|SPY,161.91,100,16191,-38,-0.23,0,39,0.24,-43,-0.27,-456,-0.46,1
1123,Exit short,2015-09-02 07:15,TX15,161.65,100,16141,-24,-0.15,0,10,0.06,-46,-0.28,-480,-0.48,1
1123,Entry short,2015-09-02 07:00,C0|S|MKT|15|v0.3.0-tier0|SPY,161.41,100,16141,-24,-0.15,0,10,0.06,-46,-0.28,-480,-0.48,1
1124,Exit long,2015-09-03 07:45,TX15,164.65,100,16466,-1,-0.01,0,2,0.01,-30,-0.18,-481,-0.48,1
1124,Entry long,2015-09-03 07:30,C0|L|MKT|15|v0.3.0-tier0|SPY,164.66,100,16466,-1,-0.01,0,2,0.01,-30,-0.18,-481,-0.48,1
1125,Exit short,2015-09-08 07:30,TX15,163.25,100,16314,-11,-0.07,0,20,0.12,-15,-0.09,-492,-0.49,1
1125,Entry short,2015-09-08 07:15,C0|S|MKT|15|v0.3.0-tier0|SPY,163.14,100,16314,-11,-0.07,0,20,0.12,-15,-0.09,-492,-0.49,1
1126,Exit short,2015-09-09 07:30,TX15,165.3,100,16528,-2,-0.01,0,21,0.13,-17,-0.10,-494,-0.49,1
1126,Entry short,2015-09-09 07:15,C0|S|MKT|15|v0.3.0-tier0|SPY,165.28,100,16528,-2,-0.01,0,21,0.13,-17,-0.10,-494,-0.49,1
1127,Exit short,2015-09-10 07:30,TX15,162.44,100,16210,-34,-0.21,0,15,0.09,-44,-0.27,-528,-0.53,1
1127,Entry short,2015-09-10 07:15,C0|S|MKT|15|v0.3.0-tier0|SPY,162.1,100,16210,-34,-0.21,0,15,0.09,-44,-0.27,-528,-0.53,1
1128,Exit short,2015-09-11 07:15,TX15,162.49,100,16233,-16,-0.10,0,14,0.09,-23,-0.14,-544,-0.54,1
1128,Entry short,2015-09-11 07:00,C0|S|MKT|15|v0.3.0-tier0|SPY,162.33,100,16233,-16,-0.10,0,14,0.09,-23,-0.14,-544,-0.54,1
1129,Exit short,2015-09-14 07:15,TX15,163.6,100,16329,-31,-0.19,0,7,0.04,-36,-0.22,-575,-0.57,1
1129,Entry short,2015-09-14 07:00,C0|S|MKT|15|v0.3.0-tier0|SPY,163.29,100,16329,-31,-0.19,0,7,0.04,-36,-0.22,-575,-0.57,1
1130,Exit long,2015-09-15 07:45,TX15,164.68,100,16410,58,0.35,0,58,0.35,0,0.00,-517,-0.52,1
1130,Entry long,2015-09-15 07:30,C0|L|MKT|15|v0.3.0-tier0|SPY,164.1,100,16410,58,0.35,0,58,0.35,0,0.00,-517,-0.52,1
1131,Exit long,2015-09-17 07:15,TX15,166.86,100,16685,1,0.01,0,24,0.14,-9,-0.05,-516,-0.52,1
1131,Entry long,2015-09-17 07:00,C0|L|MKT|15|v0.3.0-tier0|SPY,166.85,100,16685,1,0.01,0,24,0.14,-9,-0.05,-516,-0.52,1
1132,Exit long,2015-09-18 07:30,TX15,165.11,100,16494,17,0.10,0,44,0.27,-33,-0.20,-499,-0.50,1
1132,Entry long,2015-09-18 07:15,C0|L|MKT|15|v0.3.0-tier0|SPY,164.94,100,16494,17,0.10,0,44,0.27,-33,-0.20,-499,-0.50,1
1133,Exit short,2015-09-24 07:15,TX15,160.54,100,16042,-12,-0.07,0,7,0.04,-31,-0.19,-511,-0.51,1
1133,Entry short,2015-09-24 07:00,C0|S|MKT|15|v0.3.0-tier0|SPY,160.42,100,16042,-12,-0.07,0,7,0.04,-31,-0.19,-511,-0.51,1
1134,Exit short,2015-09-28 07:15,TX15,159.37,100,15981,44,0.28,0,49,0.31,-13,-0.08,-467,-0.47,1
1134,Entry short,2015-09-28 07:00,C0|S|MKT|15|v0.3.0-tier0|SPY,159.81,100,15981,44,0.28,0,49,0.31,-13,-0.08,-467,-0.47,1
1135,Exit long,2015-09-29 07:15,TX15,158.41,100,15811,30,0.19,0,34,0.22,-28,-0.18,-437,-0.44,1
1135,Entry long,2015-09-29 07:00,C0|L|MKT|15|v0.3.0-tier0|SPY,158.11,100,15811,30,0.19,0,34,0.22,-28,-0.18,-437,-0.44,1
1136,Exit long,2015-09-30 07:45,TX15,160.26,100,16031,-5,-0.03,0,16,0.10,-29,-0.18,-442,-0.44,1
1136,Entry long,2015-09-30 07:30,C0|L|MKT|15|v0.3.0-tier0|SPY,160.31,100,16031,-5,-0.03,0,16,0.10,-29,-0.18,-442,-0.44,1
1137,Exit short,2015-10-01 07:15,TX15,160.52,100,16015,-37,-0.23,0,40,0.25,-55,-0.34,-479,-0.48,1
1137,Entry short,2015-10-01 07:00,C0|S|MKT|15|v0.3.0-tier0|SPY,160.15,100,16015,-37,-0.23,0,40,0.25,-55,-0.34,-479,-0.48,1
1138,Exit long,2015-10-05 07:15,TX15,165.48,100,16535,13,0.08,0,19,0.11,-29,-0.18,-466,-0.47,1
1138,Entry long,2015-10-05 07:00,C0|L|MKT|15|v0.3.0-tier0|SPY,165.35,100,16535,13,0.08,0,19,0.11,-29,-0.18,-466,-0.47,1
1139,Exit long,2015-10-06 07:15,TX15,166.37,100,16671,-34,-0.20,0,1,0.01,-45,-0.27,-500,-0.50,1
1139,Entry long,2015-10-06 07:00,C0|L|MKT|15|v0.3.0-tier0|SPY,166.71,100,16671,-34,-0.20,0,1,0.01,-45,-0.27,-500,-0.50,1
1140,Exit long,2015-10-07 07:15,TX15,167.4,100,16716,24,0.14,0,26,0.16,-12,-0.07,-476,-0.48,1
1140,Entry long,2015-10-07 07:00,C0|L|MKT|15|v0.3.0-tier0|SPY,167.16,100,16716,24,0.14,0,26,0.16,-12,-0.07,-476,-0.48,1
1141,Exit short,2015-10-09 07:30,TX15,168.68,100,16854,-14,-0.08,0,7,0.04,-25,-0.15,-490,-0.49,1
1141,Entry short,2015-10-09 07:15,C0|S|MKT|15|v0.3.0-tier0|SPY,168.54,100,16854,-14,-0.08,0,7,0.04,-25,-0.15,-490,-0.49,1
1142,Exit long,2015-10-13 07:15,TX15,168.73,100,16859,14,0.08,0,32,0.19,-5,-0.03,-476,-0.48,1
1142,Entry long,2015-10-13 07:00,C0|L|MKT|15|v0.3.0-tier0|SPY,168.59,100,16859,14,0.08,0,32,0.19,-5,-0.03,-476,-0.48,1
1143,Exit long,2015-10-14 07:15,TX15,167.97,100,16824,-27,-0.16,0,4,0.02,-27,-0.16,-503,-0.50,1
1143,Entry long,2015-10-14 07:00,C0|L|MKT|15|v0.3.0-tier0|SPY,168.24,100,16824,-27,-0.16,0,4,0.02,-27,-0.16,-503,-0.50,1
1144,Exit short,2015-10-16 07:45,TX15,169.62,100,16959,-3,-0.02,0,9,0.05,-14,-0.08,-506,-0.51,1
1144,Entry short,2015-10-16 07:30,C0|S|MKT|15|v0.3.0-tier0|SPY,169.59,100,16959,-3,-0.02,0,9,0.05,-14,-0.08,-506,-0.51,1
1145,Exit long,2015-10-19 07:15,TX15,170.12,100,17002,10,0.06,0,11,0.06,-19,-0.11,-496,-0.50,1
1145,Entry long,2015-10-19 07:00,C0|L|MKT|15|v0.3.0-tier0|SPY,170.02,100,17002,10,0.06,0,11,0.06,-19,-0.11,-496,-0.50,1
1146,Exit long,2015-10-20 07:15,TX15,170.41,100,17036,5,0.03,0,18,0.11,-12,-0.07,-491,-0.49,1
1146,Entry long,2015-10-20 07:00,C0|L|MKT|15|v0.3.0-tier0|SPY,170.36,100,17036,5,0.03,0,18,0.11,-12,-0.07,-491,-0.49,1
1147,Exit short,2015-10-21 07:30,TX15,169.92,100,17014,22,0.13,0,34,0.20,-1,-0.01,-469,-0.47,1
1147,Entry short,2015-10-21 07:15,C0|S|MKT|15|v0.3.0-tier0|SPY,170.14,100,17014,22,0.13,0,34,0.20,-1,-0.01,-469,-0.47,1
1148,Exit long,2015-10-22 07:15,TX15,170.98,100,17089,9,0.05,0,24,0.14,-8,-0.05,-460,-0.46,1
1148,Entry long,2015-10-22 07:00,C0|L|MKT|15|v0.3.0-tier0|SPY,170.89,100,17089,9,0.05,0,24,0.14,-8,-0.05,-460,-0.46,1
1149,Exit long,2015-10-23 07:15,TX15,173.62,100,17406,-44,-0.25,0,5,0.03,-49,-0.28,-504,-0.50,1
1149,Entry long,2015-10-23 07:00,C0|L|MKT|15|v0.3.0-tier0|SPY,174.06,100,17406,-44,-0.25,0,5,0.03,-49,-0.28,-504,-0.50,1
1150,Exit short,2015-10-26 07:15,TX15,173.21,100,17331,10,0.06,0,20,0.12,-15,-0.09,-494,-0.49,1
1150,Entry short,2015-10-26 07:00,C0|S|MKT|15|v0.3.0-tier0|SPY,173.31,100,17331,10,0.06,0,20,0.12,-15,-0.09,-494,-0.49,1
1151,Exit long,2015-10-27 07:15,TX15,173.04,100,17316,-12,-0.07,0,6,0.03,-14,-0.08,-506,-0.51,1
1151,Entry long,2015-10-27 07:00,C0|L|MKT|15|v0.3.0-tier0|SPY,173.16,100,17316,-12,-0.07,0,6,0.03,-14,-0.08,-506,-0.51,1
1152,Exit long,2015-10-28 07:15,TX15,173.79,100,17377,2,0.01,0,16,0.09,-1,-0.01,-504,-0.50,1
1152,Entry long,2015-10-28 07:00,C0|L|MKT|15|v0.3.0-tier0|SPY,173.77,100,17377,2,0.01,0,16,0.09,-1,-0.01,-504,-0.50,1
1153,Exit long,2015-10-29 07:30,TX15,174.68,100,17509,-41,-0.23,0,1,0.01,-44,-0.25,-545,-0.55,1
1153,Entry long,2015-10-29 07:15,C0|L|MKT|15|v0.3.0-tier0|SPY,175.09,100,17509,-41,-0.23,0,1,0.01,-44,-0.25,-545,-0.55,1
1154,Exit short,2015-10-30 07:15,TX15,174.75,100,17487,12,0.07,0,22,0.13,-13,-0.07,-533,-0.53,1
1154,Entry short,2015-10-30 07:00,C0|S|MKT|15|v0.3.0-tier0|SPY,174.87,100,17487,12,0.07,0,22,0.13,-13,-0.07,-533,-0.53,1
1155,Exit long,2015-11-02 07:15,TX15,175.11,100,17513,-2,-0.01,0,16,0.09,-9,-0.05,-535,-0.53,1
1155,Entry long,2015-11-02 07:00,C0|L|MKT|15|v0.3.0-tier0|SPY,175.13,100,17513,-2,-0.01,0,16,0.09,-9,-0.05,-535,-0.53,1
1156,Exit long,2015-11-03 07:45,TX15,176.32,100,17622,10,0.06,0,22,0.12,0,0.00,-525,-0.52,1
1156,Entry long,2015-11-03 07:30,C0|L|MKT|15|v0.3.0-tier0|SPY,176.22,100,17622,10,0.06,0,22,0.12,0,0.00,-525,-0.52,1
1157,Exit short,2015-11-04 07:15,TX15,176.57,100,17656,-1,-0.01,0,27,0.15,-24,-0.14,-526,-0.53,1
1157,Entry short,2015-11-04 07:00,C0|S|MKT|15|v0.3.0-tier0|SPY,176.56,100,17656,-1,-0.01,0,27,0.15,-24,-0.14,-526,-0.53,1
1158,Exit long,2015-11-05 07:15,TX15,176.14,100,17672,-58,-0.33,0,10,0.06,-59,-0.33,-584,-0.58,1
1158,Entry long,2015-11-05 07:00,C0|L|MKT|15|v0.3.0-tier0|SPY,176.72,100,17672,-58,-0.33,0,10,0.06,-59,-0.33,-584,-0.58,1
1159,Exit short,2015-11-06 07:15,TX15,175.16,100,17527,11,0.06,0,56,0.32,-3,-0.02,-573,-0.57,1
1159,Entry short,2015-11-06 07:00,C0|S|MKT|15|v0.3.0-tier0|SPY,175.27,100,17527,11,0.06,0,56,0.32,-3,-0.02,-573,-0.57,1
1160,Exit short,2015-11-09 07:15,TX15,174.61,100,17484,23,0.13,0,35,0.20,-9,-0.05,-550,-0.55,1
1160,Entry short,2015-11-09 07:00,C0|S|MKT|15|v0.3.0-tier0|SPY,174.84,100,17484,23,0.13,0,35,0.20,-9,-0.05,-550,-0.55,1
1161,Exit short,2015-11-10 07:45,TX15,173.95,100,17381,-14,-0.08,0,10,0.06,-20,-0.12,-564,-0.56,1
1161,Entry short,2015-11-10 07:30,C0|S|MKT|15|v0.3.0-tier0|SPY,173.81,100,17381,-14,-0.08,0,10,0.06,-20,-0.12,-564,-0.56,1
1162,Exit short,2015-11-11 07:15,TX15,174.34,100,17466,32,0.18,0,35,0.20,-8,-0.05,-532,-0.53,1
1162,Entry short,2015-11-11 07:00,C0|S|MKT|15|v0.3.0-tier0|SPY,174.66,100,17466,32,0.18,0,35,0.20,-8,-0.05,-532,-0.53,1
1163,Exit short,2015-11-13 07:15,TX15,170.37,100,17102,65,0.38,0,65,0.38,-14,-0.08,-467,-0.47,1
1163,Entry short,2015-11-13 07:00,C0|S|MKT|15|v0.3.0-tier0|SPY,171.02,100,17102,65,0.38,0,65,0.38,-14,-0.08,-467,-0.47,1
1164,Exit long,2015-11-20 07:15,TX15,176.02,100,17595,7,0.04,0,12,0.07,-21,-0.12,-460,-0.46,1
1164,Entry long,2015-11-20 07:00,C0|L|MKT|15|v0.3.0-tier0|SPY,175.95,100,17595,7,0.04,0,12,0.07,-21,-0.12,-460,-0.46,1
1165,Exit long,2015-11-23 07:30,TX15,175.81,100,17573,8,0.05,0,25,0.14,-4,-0.02,-452,-0.45,1
1165,Entry long,2015-11-23 07:15,C0|L|MKT|15|v0.3.0-tier0|SPY,175.73,100,17573,8,0.05,0,25,0.14,-4,-0.02,-452,-0.45,1
1166,Exit long,2015-11-25 07:15,TX15,175.6,100,17563,-3,-0.02,0,1,0.01,-22,-0.13,-455,-0.45,1
1166,Entry long,2015-11-25 07:00,C0|L|MKT|15|v0.3.0-tier0|SPY,175.63,100,17563,-3,-0.02,0,1,0.01,-22,-0.13,-455,-0.45,1
1167,Exit short,2015-11-27 07:30,TX15,175.43,100,17531,-12,-0.07,0,9,0.05,-19,-0.11,-467,-0.47,1
1167,Entry short,2015-11-27 07:15,C0|S|MKT|15|v0.3.0-tier0|SPY,175.31,100,17531,-12,-0.07,0,9,0.05,-19,-0.11,-467,-0.47,1
1168,Exit short,2015-11-30 07:15,TX15,175.33,100,17530,-3,-0.02,0,8,0.05,-15,-0.09,-470,-0.47,1
1168,Entry short,2015-11-30 07:00,C0|S|MKT|15|v0.3.0-tier0|SPY,175.3,100,17530,-3,-0.02,0,8,0.05,-15,-0.09,-470,-0.47,1
1169,Exit long,2015-12-01 07:15,TX15,175.79,100,17619,-40,-0.23,0,2,0.01,-42,-0.24,-510,-0.51,1
1169,Entry long,2015-12-01 07:00,C0|L|MKT|15|v0.3.0-tier0|SPY,176.19,100,17619,-40,-0.23,0,2,0.01,-42,-0.24,-510,-0.51,1
1170,Exit short,2015-12-03 07:15,TX15,174.08,100,17440,32,0.18,0,61,0.35,0,0.00,-478,-0.48,1
1170,Entry short,2015-12-03 07:00,C0|S|MKT|15|v0.3.0-tier0|SPY,174.4,100,17440,32,0.18,0,61,0.35,0,0.00,-478,-0.48,1
1171,Exit long,2015-12-04 07:15,TX15,173.77,100,17373,4,0.02,0,13,0.07,-26,-0.15,-474,-0.47,1
1171,Entry long,2015-12-04 07:00,C0|L|MKT|15|v0.3.0-tier0|SPY,173.73,100,17373,4,0.02,0,13,0.07,-26,-0.15,-474,-0.47,1
1172,Exit short,2015-12-07 07:15,TX15,174.7,100,17484,14,0.08,0,31,0.18,-5,-0.03,-460,-0.46,1
1172,Entry short,2015-12-07 07:00,C0|S|MKT|15|v0.3.0-tier0|SPY,174.84,100,17484,14,0.08,0,31,0.18,-5,-0.03,-460,-0.46,1
1173,Exit long,2015-12-09 07:30,TX15,174.13,100,17428,-15,-0.09,0,16,0.09,-16,-0.09,-475,-0.47,1
1173,Entry long,2015-12-09 07:15,C0|L|MKT|15|v0.3.0-tier0|SPY,174.28,100,17428,-15,-0.09,0,16,0.09,-16,-0.09,-475,-0.47,1
1174,Exit short,2015-12-11 07:15,TX15,170.75,100,17013,-62,-0.36,0,14,0.08,-70,-0.41,-537,-0.54,1
1174,Entry short,2015-12-11 07:00,C0|S|MKT|15|v0.3.0-tier0|SPY,170.13,100,17013,-62,-0.36,0,14,0.08,-70,-0.41,-537,-0.54,1
1175,Exit short,2015-12-14 07:15,TX15,168.75,100,16894,19,0.11,0,52,0.31,-74,-0.44,-518,-0.52,1
1175,Entry short,2015-12-14 07:00,C0|S|MKT|15|v0.3.0-tier0|SPY,168.94,100,16894,19,0.11,0,52,0.31,-74,-0.44,-518,-0.52,1
1176,Exit long,2015-12-15 07:15,TX15,172.16,100,17227,-11,-0.06,0,7,0.04,-20,-0.12,-529,-0.53,1
1176,Entry long,2015-12-15 07:00,C0|L|MKT|15|v0.3.0-tier0|SPY,172.27,100,17227,-11,-0.06,0,7,0.04,-20,-0.12,-529,-0.53,1
1177,Exit short,2015-12-16 07:15,TX15,172.69,100,17278,9,0.05,0,20,0.12,-16,-0.09,-520,-0.52,1
1177,Entry short,2015-12-16 07:00,C0|S|MKT|15|v0.3.0-tier0|SPY,172.78,100,17278,9,0.05,0,20,0.12,-16,-0.09,-520,-0.52,1
1178,Exit short,2015-12-17 07:45,TX15,173.35,100,17355,20,0.12,0,22,0.13,-19,-0.11,-500,-0.50,1
1178,Entry short,2015-12-17 07:30,C0|S|MKT|15|v0.3.0-tier0|SPY,173.55,100,17355,20,0.12,0,22,0.13,-19,-0.11,-500,-0.50,1
1179,Exit short,2015-12-18 07:30,TX15,170.12,100,17007,-5,-0.03,0,6,0.04,-48,-0.28,-505,-0.50,1
1179,Entry short,2015-12-18 07:15,C0|S|MKT|15|v0.3.0-tier0|SPY,170.07,100,17007,-5,-0.03,0,6,0.04,-48,-0.28,-505,-0.50,1
1180,Exit short,2015-12-24 07:15,TX15,173.32,100,17331,-1,-0.01,0,12,0.07,-5,-0.03,-506,-0.51,1
1180,Entry short,2015-12-24 07:00,C0|S|MKT|15|v0.3.0-tier0|SPY,173.31,100,17331,-1,-0.01,0,12,0.07,-5,-0.03,-506,-0.51,1
1181,Exit short,2015-12-28 07:30,TX15,172.32,100,17219,-13,-0.08,0,4,0.02,-19,-0.11,-519,-0.52,1
1181,Entry short,2015-12-28 07:15,C0|S|MKT|15|v0.3.0-tier0|SPY,172.19,100,17219,-13,-0.08,0,4,0.02,-19,-0.11,-519,-0.52,1
1182,Exit long,2015-12-29 07:15,TX15,174.55,100,17454,1,0.01,0,17,0.10,0,0.00,-518,-0.52,1
1182,Entry long,2015-12-29 07:00,C0|L|MKT|15|v0.3.0-tier0|SPY,174.54,100,17454,1,0.01,0,17,0.10,0,0.00,-518,-0.52,1
1183,Exit short,2015-12-30 07:45,TX15,174.36,100,17417,-19,-0.11,0,7,0.04,-21,-0.12,-537,-0.54,1
1183,Entry short,2015-12-30 07:30,C0|S|MKT|15|v0.3.0-tier0|SPY,174.17,100,17417,-19,-0.11,0,7,0.04,-21,-0.12,-537,-0.54,1
1184,Exit short,2015-12-31 07:45,TX15,172.25,100,17243,18,0.10,0,30,0.17,-3,-0.02,-519,-0.52,1
1184,Entry short,2015-12-31 07:30,C0|S|MKT|15|v0.3.0-tier0|SPY,172.43,100,17243,18,0.10,0,30,0.17,-3,-0.02,-519,-0.52,1
1185,Exit short,2016-01-05 07:15,TX15,169.39,100,16939,0,0.00,0,25,0.15,-8,-0.05,-519,-0.52,1
1185,Entry short,2016-01-05 07:00,C0|S|MKT|15|v0.3.0-tier0|SPY,169.39,100,16939,0,0.00,0,25,0.15,-8,-0.05,-519,-0.52,1
1186,Exit long,2016-01-06 07:15,TX15,167.8,100,16793,-13,-0.08,0,3,0.02,-39,-0.23,-532,-0.53,1
1186,Entry long,2016-01-06 07:00,C0|L|MKT|15|v0.3.0-tier0|SPY,167.93,100,16793,-13,-0.08,0,3,0.02,-39,-0.23,-532,-0.53,1
1187,Exit short,2016-01-08 07:30,TX15,164.11,100,16377,-34,-0.21,0,5,0.03,-54,-0.33,-566,-0.57,1
1187,Entry short,2016-01-08 07:15,C0|S|MKT|15|v0.3.0-tier0|SPY,163.77,100,16377,-34,-0.21,0,5,0.03,-54,-0.33,-566,-0.57,1
1188,Exit short,2016-01-11 07:15,TX15,162.07,100,16193,-14,-0.09,0,8,0.05,-42,-0.26,-580,-0.58,1
1188,Entry short,2016-01-11 07:00,C0|S|MKT|15|v0.3.0-tier0|SPY,161.93,100,16193,-14,-0.09,0,8,0.05,-42,-0.26,-580,-0.58,1
1189,Exit short,2016-01-12 07:45,TX15,162.79,100,16279,0,0.00,0,18,0.11,-48,-0.29,-580,-0.58,1
1189,Entry short,2016-01-12 07:30,C0|S|MKT|15|v0.3.0-tier0|SPY,162.79,100,16279,0,0.00,0,18,0.11,-48,-0.29,-580,-0.58,1
1190,Exit short,2016-01-13 07:15,TX15,163.34,100,16365,31,0.19,0,35,0.21,-24,-0.15,-549,-0.55,1
1190,Entry short,2016-01-13 07:00,C0|S|MKT|15|v0.3.0-tier0|SPY,163.65,100,16365,31,0.19,0,35,0.21,-24,-0.15,-549,-0.55,1
1191,Exit short,2016-01-14 07:15,TX15,159.16,100,15846,-70,-0.44,0,25,0.16,-73,-0.46,-619,-0.62,1
1191,Entry short,2016-01-14 07:00,C0|S|MKT|15|v0.3.0-tier0|SPY,158.46,100,15846,-70,-0.44,0,25,0.16,-73,-0.46,-619,-0.62,1
1192,Exit short,2016-01-20 07:15,TX15,155.26,100,15524,-2,-0.01,0,35,0.23,-26,-0.17,-621,-0.62,1
1192,Entry short,2016-01-20 07:00,C0|S|MKT|15|v0.3.0-tier0|SPY,155.24,100,15524,-2,-0.01,0,35,0.23,-26,-0.17,-621,-0.62,1
1193,Exit short,2016-01-21 07:15,TX15,157.6,100,15607,-153,-0.98,0,5,0.03,-172,-1.10,-774,-0.77,1
1193,Entry short,2016-01-21 07:00,C0|S|MKT|15|v0.3.0-tier0|SPY,156.07,100,15607,-153,-0.98,0,5,0.03,-172,-1.10,-774,-0.77,1
1194,Exit long,2016-01-22 07:15,TX15,160.59,100,16038,21,0.13,0,21,0.13,-21,-0.13,-753,-0.75,1
1194,Entry long,2016-01-22 07:00,C0|L|MKT|15|v0.3.0-tier0|SPY,160.38,100,16038,21,0.13,0,21,0.13,-21,-0.13,-753,-0.75,1
1195,Exit short,2016-01-25 07:30,TX15,159.87,100,15963,-24,-0.15,0,7,0.04,-43,-0.27,-777,-0.78,1
1195,Entry short,2016-01-25 07:15,C0|S|MKT|15|v0.3.0-tier0|SPY,159.63,100,15963,-24,-0.15,0,7,0.04,-43,-0.27,-777,-0.78,1
1196,Exit short,2016-01-26 07:15,TX15,159.65,100,15873,-92,-0.58,0,1,0.01,-102,-0.64,-869,-0.87,1
1196,Entry short,2016-01-26 07:00,C0|S|MKT|15|v0.3.0-tier0|SPY,158.73,100,15873,-92,-0.58,0,1,0.01,-102,-0.64,-869,-0.87,1
1197,Exit short,2016-01-27 07:30,TX15,159.06,100,15908,2,0.01,0,12,0.08,-26,-0.16,-867,-0.87,1
1197,Entry short,2016-01-27 07:15,C0|S|MKT|15|v0.3.0-tier0|SPY,159.08,100,15908,2,0.01,0,12,0.08,-26,-0.16,-867,-0.87,1
1198,Exit short,2016-01-28 07:30,TX15,158.26,100,15912,86,0.54,0,86,0.54,-7,-0.04,-781,-0.78,1
1198,Entry short,2016-01-28 07:15,C0|S|MKT|15|v0.3.0-tier0|SPY,159.12,100,15912,86,0.54,0,86,0.54,-7,-0.04,-781,-0.78,1
1199,Exit long,2016-01-29 07:15,TX15,161.3,100,16115,15,0.09,0,40,0.25,-8,-0.05,-766,-0.77,1
1199,Entry long,2016-01-29 07:00,C0|L|MKT|15|v0.3.0-tier0|SPY,161.15,100,16115,15,0.09,0,40,0.25,-8,-0.05,-766,-0.77,1
1200,Exit short,2016-02-03 07:15,TX15,158.7,100,16025,155,0.97,0,170,1.06,0,0.00,-611,-0.61,1
1200,Entry short,2016-02-03 07:00,C0|S|MKT|15|v0.3.0-tier0|SPY,160.25,100,16025,155,0.97,0,170,1.06,0,0.00,-611,-0.61,1
1201,Exit long,2016-02-04 07:30,TX15,162.04,100,16178,26,0.16,0,36,0.22,-11,-0.07,-585,-0.58,1
1201,Entry long,2016-02-04 07:15,C0|L|MKT|15|v0.3.0-tier0|SPY,161.78,100,16178,26,0.16,0,36,0.22,-11,-0.07,-585,-0.58,1
1202,Exit short,2016-02-05 07:15,TX15,160.37,100,16026,-11,-0.07,0,4,0.02,-40,-0.25,-596,-0.60,1
1202,Entry short,2016-02-05 07:00,C0|S|MKT|15|v0.3.0-tier0|SPY,160.26,100,16026,-11,-0.07,0,4,0.02,-40,-0.25,-596,-0.60,1
1203,Exit short,2016-02-08 07:15,TX15,155.54,100,15560,6,0.04,0,32,0.21,-43,-0.28,-590,-0.59,1
1203,Entry short,2016-02-08 07:00,C0|S|MKT|15|v0.3.0-tier0|SPY,155.6,100,15560,6,0.04,0,32,0.21,-43,-0.28,-590,-0.59,1
1204,Exit long,2016-02-09 07:15,TX15,156.59,100,15616,43,0.28,0,88,0.56,-9,-0.06,-547,-0.55,1
1204,Entry long,2016-02-09 07:00,C0|L|MKT|15|v0.3.0-tier0|SPY,156.16,100,15616,43,0.28,0,88,0.56,-9,-0.06,-547,-0.55,1
1205,Exit long,2016-02-10 07:15,TX15,157.74,100,15774,0,0.00,0,14,0.09,-32,-0.20,-547,-0.55,1
1205,Entry long,2016-02-10 07:00,C0|L|MKT|15|v0.3.0-tier0|SPY,157.74,100,15774,0,0.00,0,14,0.09,-32,-0.20,-547,-0.55,1
1206,Exit long,2016-02-11 07:15,TX15,154.65,100,15472,-7,-0.05,0,28,0.18,-37,-0.24,-554,-0.55,1
1206,Entry long,2016-02-11 07:00,C0|L|MKT|15|v0.3.0-tier0|SPY,154.72,100,15472,-7,-0.05,0,28,0.18,-37,-0.24,-554,-0.55,1
1207,Exit short,2016-02-12 07:15,TX15,155.48,100,15536,-12,-0.08,0,26,0.17,-30,-0.19,-566,-0.57,1
1207,Entry short,2016-02-12 07:00,C0|S|MKT|15|v0.3.0-tier0|SPY,155.36,100,15536,-12,-0.08,0,26,0.17,-30,-0.19,-566,-0.57,1
1208,Exit short,2016-02-16 07:15,TX15,158.67,100,15874,7,0.04,0,37,0.23,-20,-0.13,-559,-0.56,1
1208,Entry short,2016-02-16 07:00,C0|S|MKT|15|v0.3.0-tier0|SPY,158.74,100,15874,7,0.04,0,37,0.23,-20,-0.13,-559,-0.56,1
1209,Exit long,2016-02-17 07:30,TX15,162.21,100,16190,31,0.19,0,31,0.19,-12,-0.07,-528,-0.53,1
1209,Entry long,2016-02-17 07:15,C0|L|MKT|15|v0.3.0-tier0|SPY,161.9,100,16190,31,0.19,0,31,0.19,-12,-0.07,-528,-0.53,1
1210,Exit long,2016-02-22 07:30,TX15,164.01,100,16408,-7,-0.04,0,0,0.00,-17,-0.10,-535,-0.53,1
1210,Entry long,2016-02-22 07:15,C0|L|MKT|15|v0.3.0-tier0|SPY,164.08,100,16408,-7,-0.04,0,0,0.00,-17,-0.10,-535,-0.53,1
1211,Exit short,2016-02-23 07:30,TX15,163.12,100,16293,-19,-0.12,0,5,0.03,-22,-0.14,-554,-0.55,1
1211,Entry short,2016-02-23 07:15,C0|S|MKT|15|v0.3.0-tier0|SPY,162.93,100,16293,-19,-0.12,0,5,0.03,-22,-0.14,-554,-0.55,1
1212,Exit short,2016-02-24 07:15,TX15,160.02,100,16001,-1,-0.01,0,31,0.19,-19,-0.12,-555,-0.56,1
1212,Entry short,2016-02-24 07:00,C0|S|MKT|15|v0.3.0-tier0|SPY,160.01,100,16001,-1,-0.01,0,31,0.19,-19,-0.12,-555,-0.56,1
1213,Exit short,2016-02-25 07:30,TX15,163.22,100,16290,-32,-0.20,0,6,0.04,-32,-0.20,-587,-0.59,1
1213,Entry short,2016-02-25 07:15,C0|S|MKT|15|v0.3.0-tier0|SPY,162.9,100,16290,-32,-0.20,0,6,0.04,-32,-0.20,-587,-0.59,1
1214,Exit short,2016-02-26 07:30,TX15,165,100,16511,11,0.07,0,28,0.17,-7,-0.04,-576,-0.58,1
1214,Entry short,2016-02-26 07:15,C0|S|MKT|15|v0.3.0-tier0|SPY,165.11,100,16511,11,0.07,0,28,0.17,-7,-0.04,-576,-0.58,1
1215,Exit long,2016-03-01 07:30,TX15,165.15,100,16466,49,0.30,0,54,0.33,-31,-0.19,-527,-0.53,1
1215,Entry long,2016-03-01 07:15,C0|L|MKT|15|v0.3.0-tier0|SPY,164.66,100,16466,49,0.30,0,54,0.33,-31,-0.19,-527,-0.53,1
1216,Exit long,2016-03-02 07:30,TX15,166.83,100,16707,-24,-0.14,0,7,0.04,-32,-0.19,-551,-0.55,1
1216,Entry long,2016-03-02 07:15,C0|L|MKT|15|v0.3.0-tier0|SPY,167.07,100,16707,-24,-0.14,0,7,0.04,-32,-0.19,-551,-0.55,1
1217,Exit short,2016-03-03 07:30,TX15,167.4,100,16703,-37,-0.22,0,0,0.00,-42,-0.25,-588,-0.59,1
1217,Entry short,2016-03-03 07:15,C0|S|MKT|15|v0.3.0-tier0|SPY,167.03,100,16703,-37,-0.22,0,0,0.00,-42,-0.25,-588,-0.59,1
1218,Exit short,2016-03-04 07:15,TX15,168.37,100,16801,-36,-0.21,0,18,0.11,-36,-0.21,-624,-0.62,1
1218,Entry short,2016-03-04 07:00,C0|S|MKT|15|v0.3.0-tier0|SPY,168.01,100,16801,-36,-0.21,0,18,0.11,-36,-0.21,-624,-0.62,1
1219,Exit short,2016-03-08 07:45,TX15,167.37,100,16746,9,0.05,0,12,0.07,-33,-0.20,-615,-0.61,1
1219,Entry short,2016-03-08 07:30,C0|S|MKT|15|v0.3.0-tier0|SPY,167.46,100,16746,9,0.05,0,12,0.07,-33,-0.20,-615,-0.61,1
1220,Exit short,2016-03-09 07:30,TX15,167.82,100,16767,-15,-0.09,0,7,0.04,-24,-0.14,-630,-0.63,1
1220,Entry short,2016-03-09 07:15,C0|S|MKT|15|v0.3.0-tier0|SPY,167.67,100,16767,-15,-0.09,0,7,0.04,-24,-0.14,-630,-0.63,1
1221,Exit long,2016-03-10 07:15,TX15,169.04,100,16929,-25,-0.15,0,21,0.12,-46,-0.27,-655,-0.65,1
1221,Entry long,2016-03-10 07:00,C0|L|MKT|15|v0.3.0-tier0|SPY,169.29,100,16929,-25,-0.15,0,21,0.12,-46,-0.27,-655,-0.65,1
1222,Exit short,2016-03-14 07:15,TX15,170.36,100,17017,-19,-0.11,0,7,0.04,-21,-0.12,-674,-0.67,1
1222,Entry short,2016-03-14 07:00,C0|S|MKT|15|v0.3.0-tier0|SPY,170.17,100,17017,-19,-0.11,0,7,0.04,-21,-0.12,-674,-0.67,1
1223,Exit long,2016-03-15 07:45,TX15,170.01,100,17003,-2,-0.01,0,12,0.07,-10,-0.06,-676,-0.68,1
1223,Entry long,2016-03-15 07:30,C0|L|MKT|15|v0.3.0-tier0|SPY,170.03,100,17003,-2,-0.01,0,12,0.07,-10,-0.06,-676,-0.68,1
1224,Exit long,2016-03-16 07:15,TX15,170.59,100,17046,13,0.08,0,13,0.08,-6,-0.04,-663,-0.66,1
1224,Entry long,2016-03-16 07:00,C0|L|MKT|15|v0.3.0-tier0|SPY,170.46,100,17046,13,0.08,0,13,0.08,-6,-0.04,-663,-0.66,1
1225,Exit long,2016-03-18 07:30,TX15,173.06,100,17327,-21,-0.12,0,5,0.03,-23,-0.13,-684,-0.68,1
1225,Entry long,2016-03-18 07:15,C0|L|MKT|15|v0.3.0-tier0|SPY,173.27,100,17327,-21,-0.12,0,5,0.03,-23,-0.13,-684,-0.68,1
1226,Exit short,2016-03-21 07:30,TX15,172.92,100,17286,-6,-0.03,0,2,0.01,-20,-0.12,-690,-0.69,1
1226,Entry short,2016-03-21 07:15,C0|S|MKT|15|v0.3.0-tier0|SPY,172.86,100,17286,-6,-0.03,0,2,0.01,-20,-0.12,-690,-0.69,1
1227,Exit long,2016-03-22 07:15,TX15,173.06,100,17303,3,0.02,0,15,0.09,-11,-0.06,-687,-0.69,1
1227,Entry long,2016-03-22 07:00,C0|L|MKT|15|v0.3.0-tier0|SPY,173.03,100,17303,3,0.02,0,15,0.09,-11,-0.06,-687,-0.69,1
1228,Exit long,2016-03-24 07:15,TX15,171.26,100,17139,-13,-0.08,0,6,0.04,-21,-0.12,-700,-0.70,1
1228,Entry long,2016-03-24 07:00,C0|L|MKT|15|v0.3.0-tier0|SPY,171.39,100,17139,-13,-0.08,0,6,0.04,-21,-0.12,-700,-0.70,1
1229,Exit long,2016-03-29 07:30,TX15,171.95,100,17194,1,0.01,0,11,0.06,-6,-0.03,-699,-0.70,1
1229,Entry long,2016-03-29 07:15,C0|L|MKT|15|v0.3.0-tier0|SPY,171.94,100,17194,1,0.01,0,11,0.06,-6,-0.03,-699,-0.70,1
1230,Exit long,2016-03-31 07:30,TX15,174.61,100,17471,-10,-0.06,0,17,0.10,-11,-0.06,-709,-0.71,1
1230,Entry long,2016-03-31 07:15,C0|L|MKT|15|v0.3.0-tier0|SPY,174.71,100,17471,-10,-0.06,0,17,0.10,-11,-0.06,-709,-0.71,1
1231,Exit long,2016-04-01 07:15,TX15,173.97,100,17333,64,0.37,0,65,0.38,-9,-0.05,-645,-0.64,1
1231,Entry long,2016-04-01 07:00,C0|L|MKT|15|v0.3.0-tier0|SPY,173.33,100,17333,64,0.37,0,65,0.38,-9,-0.05,-645,-0.64,1
1232,Exit long,2016-04-04 07:15,TX15,175.23,100,17535,-12,-0.07,0,12,0.07,-15,-0.09,-657,-0.66,1
1232,Entry long,2016-04-04 07:00,C0|L|MKT|15|v0.3.0-tier0|SPY,175.35,100,17535,-12,-0.07,0,12,0.07,-15,-0.09,-657,-0.66,1
1233,Exit long,2016-04-05 07:45,TX15,173.36,100,17376,-40,-0.23,0,0,0.00,-41,-0.24,-697,-0.70,1
1233,Entry long,2016-04-05 07:30,C0|L|MKT|15|v0.3.0-tier0|SPY,173.76,100,17376,-40,-0.23,0,0,0.00,-41,-0.24,-697,-0.70,1
1234,Exit short,2016-04-07 07:30,TX15,173.32,100,17373,41,0.24,0,42,0.24,0,0.00,-656,-0.66,1
1234,Entry short,2016-04-07 07:15,C0|S|MKT|15|v0.3.0-tier0|SPY,173.73,100,17373,41,0.24,0,42,0.24,0,0.00,-656,-0.66,1
1235,Exit long,2016-04-08 07:15,TX15,174.34,100,17420,14,0.08,0,17,0.10,-5,-0.03,-642,-0.64,1
1235,Entry long,2016-04-08 07:00,C0|L|MKT|15|v0.3.0-tier0|SPY,174.2,100,17420,14,0.08,0,17,0.10,-5,-0.03,-642,-0.64,1
1236,Exit long,2016-04-11 07:30,TX15,174.37,100,17454,-17,-0.10,0,6,0.03,-22,-0.13,-659,-0.66,1
1236,Entry long,2016-04-11 07:15,C0|L|MKT|15|v0.3.0-tier0|SPY,174.54,100,17454,-17,-0.10,0,6,0.03,-22,-0.13,-659,-0.66,1
1237,Exit short,2016-04-12 07:30,TX15,172.76,100,17282,6,0.03,0,20,0.12,-8,-0.05,-653,-0.65,1
1237,Entry short,2016-04-12 07:15,C0|S|MKT|15|v0.3.0-tier0|SPY,172.82,100,17282,6,0.03,0,20,0.12,-8,-0.05,-653,-0.65,1
1238,Exit short,2016-04-14 07:15,TX15,176.12,100,17601,-11,-0.06,0,7,0.04,-16,-0.09,-664,-0.66,1
1238,Entry short,2016-04-14 07:00,C0|S|MKT|15|v0.3.0-tier0|SPY,176.01,100,17601,-11,-0.06,0,7,0.04,-16,-0.09,-664,-0.66,1
1239,Exit short,2016-04-15 07:30,TX15,176.12,100,17595,-17,-0.10,0,5,0.03,-17,-0.10,-681,-0.68,1
1239,Entry short,2016-04-15 07:15,C0|S|MKT|15|v0.3.0-tier0|SPY,175.95,100,17595,-17,-0.10,0,5,0.03,-17,-0.10,-681,-0.68,1
1240,Exit long,2016-04-18 07:15,TX15,176.55,100,17609,46,0.26,0,47,0.27,0,0.00,-635,-0.63,1
1240,Entry long,2016-04-18 07:00,C0|L|MKT|15|v0.3.0-tier0|SPY,176.09,100,17609,46,0.26,0,47,0.27,0,0.00,-635,-0.63,1
1241,Exit long,2016-04-19 07:15,TX15,178.05,100,17795,10,0.06,0,14,0.08,-6,-0.03,-625,-0.62,1
1241,Entry long,2016-04-19 07:00,C0|L|MKT|15|v0.3.0-tier0|SPY,177.95,100,17795,10,0.06,0,14,0.08,-6,-0.03,-625,-0.62,1
1242,Exit short,2016-04-21 07:15,TX15,177.68,100,17756,-12,-0.07,0,17,0.10,-17,-0.10,-637,-0.64,1
1242,Entry short,2016-04-21 07:00,C0|S|MKT|15|v0.3.0-tier0|SPY,177.56,100,17756,-12,-0.07,0,17,0.10,-17,-0.10,-637,-0.64,1
1243,Exit short,2016-04-25 07:15,TX15,176.13,100,17637,24,0.14,0,24,0.14,-14,-0.08,-613,-0.61,1
1243,Entry short,2016-04-25 07:00,C0|S|MKT|15|v0.3.0-tier0|SPY,176.37,100,17637,24,0.14,0,24,0.14,-14,-0.08,-613,-0.61,1
1244,Exit long,2016-04-26 07:15,TX15,177.23,100,17749,-26,-0.15,0,6,0.03,-31,-0.17,-639,-0.64,1
1244,Entry long,2016-04-26 07:00,C0|L|MKT|15|v0.3.0-tier0|SPY,177.49,100,17749,-26,-0.15,0,6,0.03,-31,-0.17,-639,-0.64,1
1245,Exit long,2016-04-28 07:15,TX15,177.23,100,17714,9,0.05,0,26,0.15,-3,-0.02,-630,-0.63,1
1245,Entry long,2016-04-28 07:00,C0|L|MKT|15|v0.3.0-tier0|SPY,177.14,100,17714,9,0.05,0,26,0.15,-3,-0.02,-630,-0.63,1
1246,Exit short,2016-04-29 07:15,TX15,174.78,100,17466,-12,-0.07,0,25,0.14,-24,-0.14,-642,-0.64,1
1246,Entry short,2016-04-29 07:00,C0|S|MKT|15|v0.3.0-tier0|SPY,174.66,100,17466,-12,-0.07,0,25,0.14,-24,-0.14,-642,-0.64,1
1247,Exit long,2016-05-02 07:45,TX15,175.37,100,17553,-16,-0.09,0,8,0.05,-21,-0.12,-658,-0.66,1
1247,Entry long,2016-05-02 07:30,C0|L|MKT|15|v0.3.0-tier0|SPY,175.53,100,17553,-16,-0.09,0,8,0.05,-21,-0.12,-658,-0.66,1
1248,Exit short,2016-05-03 07:15,TX15,174.23,100,17465,42,0.24,0,48,0.27,0,0.00,-616,-0.62,1
1248,Entry short,2016-05-03 07:00,C0|S|MKT|15|v0.3.0-tier0|SPY,174.65,100,17465,42,0.24,0,48,0.27,0,0.00,-616,-0.62,1
1249,Exit long,2016-05-04 07:15,TX15,174.23,100,17402,21,0.12,0,40,0.23,-14,-0.08,-595,-0.60,1
1249,Entry long,2016-05-04 07:00,C0|L|MKT|15|v0.3.0-tier0|SPY,174.02,100,17402,21,0.12,0,40,0.23,-14,-0.08,-595,-0.60,1
1250,Exit long,2016-05-05 07:30,TX15,174,100,17453,-53,-0.30,0,1,0.01,-58,-0.33,-648,-0.65,1
1250,Entry long,2016-05-05 07:15,C0|L|MKT|15|v0.3.0-tier0|SPY,174.53,100,17453,-53,-0.30,0,1,0.01,-58,-0.33,-648,-0.65,1
1251,Exit long,2016-05-10 07:15,TX15,175.6,100,17565,-5,-0.03,0,2,0.01,-18,-0.10,-653,-0.65,1
1251,Entry long,2016-05-10 07:00,C0|L|MKT|15|v0.3.0-tier0|SPY,175.65,100,17565,-5,-0.03,0,2,0.01,-18,-0.10,-653,-0.65,1
1252,Exit short,2016-05-11 07:15,TX15,176.06,100,17601,-5,-0.03,0,12,0.07,-5,-0.03,-658,-0.66,1
1252,Entry short,2016-05-11 07:00,C0|S|MKT|15|v0.3.0-tier0|SPY,176.01,100,17601,-5,-0.03,0,12,0.07,-5,-0.03,-658,-0.66,1
1253,Exit short,2016-05-12 07:15,TX15,175.34,100,17510,-24,-0.14,0,1,0.01,-29,-0.17,-682,-0.68,1
1253,Entry short,2016-05-12 07:00,C0|S|MKT|15|v0.3.0-tier0|SPY,175.1,100,17510,-24,-0.14,0,1,0.01,-29,-0.17,-682,-0.68,1
1254,Exit short,2016-05-13 07:45,TX15,174.35,100,17463,28,0.16,0,35,0.20,-8,-0.05,-654,-0.65,1
1254,Entry short,2016-05-13 07:30,C0|S|MKT|15|v0.3.0-tier0|SPY,174.63,100,17463,28,0.16,0,35,0.20,-8,-0.05,-654,-0.65,1
1255,Exit long,2016-05-16 07:30,TX15,174.32,100,17437,-5,-0.03,0,4,0.02,-20,-0.11,-659,-0.66,1
1255,Entry long,2016-05-16 07:15,C0|L|MKT|15|v0.3.0-tier0|SPY,174.37,100,17437,-5,-0.03,0,4,0.02,-20,-0.11,-659,-0.66,1
1256,Exit short,2016-05-17 07:30,TX15,174.57,100,17450,-7,-0.04,0,4,0.02,-31,-0.18,-666,-0.67,1
1256,Entry short,2016-05-17 07:15,C0|S|MKT|15|v0.3.0-tier0|SPY,174.5,100,17450,-7,-0.04,0,4,0.02,-31,-0.18,-666,-0.67,1
1257,Exit long,2016-05-18 07:15,TX15,174.04,100,17358,46,0.27,0,48,0.28,-13,-0.07,-620,-0.62,1
1257,Entry long,2016-05-18 07:00,C0|L|MKT|15|v0.3.0-tier0|SPY,173.58,100,17358,46,0.27,0,48,0.28,-13,-0.07,-620,-0.62,1
1258,Exit short,2016-05-19 07:15,TX15,172.08,100,17212,4,0.02,0,14,0.08,-28,-0.16,-616,-0.62,1
1258,Entry short,2016-05-19 07:00,C0|S|MKT|15|v0.3.0-tier0|SPY,172.12,100,17212,4,0.02,0,14,0.08,-28,-0.16,-616,-0.62,1
1259,Exit long,2016-05-20 07:15,TX15,174.48,100,17428,20,0.11,0,24,0.14,-14,-0.08,-596,-0.60,1
1259,Entry long,2016-05-20 07:00,C0|L|MKT|15|v0.3.0-tier0|SPY,174.28,100,17428,20,0.11,0,24,0.14,-14,-0.08,-596,-0.60,1
1260,Exit long,2016-05-24 07:15,TX15,175.52,100,17531,21,0.12,0,29,0.17,0,0.00,-575,-0.57,1
1260,Entry long,2016-05-24 07:00,C0|L|MKT|15|v0.3.0-tier0|SPY,175.31,100,17531,21,0.12,0,29,0.17,0,0.00,-575,-0.57,1
1261,Exit long,2016-05-25 07:15,TX15,177.56,100,17728,28,0.16,0,31,0.17,0,0.00,-547,-0.55,1
1261,Entry long,2016-05-25 07:00,C0|L|MKT|15|v0.3.0-tier0|SPY,177.28,100,17728,28,0.16,0,31,0.17,0,0.00,-547,-0.55,1
1262,Exit short,2016-05-26 07:15,TX15,177.31,100,17716,-15,-0.08,0,1,0.01,-23,-0.13,-562,-0.56,1
1262,Entry short,2016-05-26 07:00,C0|S|MKT|15|v0.3.0-tier0|SPY,177.16,100,17716,-15,-0.08,0,1,0.01,-23,-0.13,-562,-0.56,1
1263,Exit long,2016-05-27 07:30,TX15,177.77,100,17782,-5,-0.03,0,8,0.04,-15,-0.08,-567,-0.57,1
1263,Entry long,2016-05-27 07:15,C0|L|MKT|15|v0.3.0-tier0|SPY,177.82,100,17782,-5,-0.03,0,8,0.04,-15,-0.08,-567,-0.57,1
1264,Exit long,2016-06-01 07:30,TX15,177.39,100,17751,-12,-0.07,0,8,0.05,-14,-0.08,-579,-0.58,1
1264,Entry long,2016-06-01 07:15,C0|L|MKT|15|v0.3.0-tier0|SPY,177.51,100,17751,-12,-0.07,0,8,0.05,-14,-0.08,-579,-0.58,1
1265,Exit short,2016-06-02 07:15,TX15,177.59,100,17745,-14,-0.08,0,4,0.02,-28,-0.16,-593,-0.59,1
1265,Entry short,2016-06-02 07:00,C0|S|MKT|15|v0.3.0-tier0|SPY,177.45,100,17745,-14,-0.08,0,4,0.02,-28,-0.16,-593,-0.59,1
1266,Exit short,2016-06-03 07:15,TX15,177.36,100,17764,28,0.16,0,52,0.29,0,0.00,-565,-0.56,1
1266,Entry short,2016-06-03 07:00,C0|S|MKT|15|v0.3.0-tier0|SPY,177.64,100,17764,28,0.16,0,52,0.29,0,0.00,-565,-0.56,1
1267,Exit long,2016-06-06 07:15,TX15,178.91,100,17896,-5,-0.03,0,11,0.06,-8,-0.04,-570,-0.57,1
1267,Entry long,2016-06-06 07:00,C0|L|MKT|15|v0.3.0-tier0|SPY,178.96,100,17896,-5,-0.03,0,11,0.06,-8,-0.04,-570,-0.57,1
1268,Exit long,2016-06-07 07:30,TX15,179.63,100,17951,12,0.07,0,12,0.07,-3,-0.02,-558,-0.56,1
1268,Entry long,2016-06-07 07:15,C0|L|MKT|15|v0.3.0-tier0|SPY,179.51,100,17951,12,0.07,0,12,0.07,-3,-0.02,-558,-0.56,1
1269,Exit long,2016-06-08 07:15,TX15,179.59,100,17999,-40,-0.22,0,1,0.01,-43,-0.24,-598,-0.60,1
1269,Entry long,2016-06-08 07:00,C0|L|MKT|15|v0.3.0-tier0|SPY,179.99,100,17999,-40,-0.22,0,1,0.01,-43,-0.24,-598,-0.60,1
1270,Exit long,2016-06-13 07:15,TX15,177.79,100,17793,-14,-0.08,0,22,0.12,-21,-0.12,-612,-0.61,1
1270,Entry long,2016-06-13 07:00,C0|L|MKT|15|v0.3.0-tier0|SPY,177.93,100,17793,-14,-0.08,0,22,0.12,-21,-0.12,-612,-0.61,1
1271,Exit short,2016-06-14 07:45,TX15,176.06,100,17603,-3,-0.02,0,22,0.12,-17,-0.10,-615,-0.61,1
1271,Entry short,2016-06-14 07:30,C0|S|MKT|15|v0.3.0-tier0|SPY,176.03,100,17603,-3,-0.02,0,22,0.12,-17,-0.10,-615,-0.61,1
1272,Exit long,2016-06-15 07:30,TX15,176.78,100,17706,-28,-0.16,0,0,0.00,-30,-0.17,-643,-0.64,1
1272,Entry long,2016-06-15 07:15,C0|L|MKT|15|v0.3.0-tier0|SPY,177.06,100,17706,-28,-0.16,0,0,0.00,-30,-0.17,-643,-0.64,1
1273,Exit short,2016-06-16 07:15,TX15,174.69,100,17448,-21,-0.12,0,16,0.09,-23,-0.13,-664,-0.66,1
1273,Entry short,2016-06-16 07:00,C0|S|MKT|15|v0.3.0-tier0|SPY,174.48,100,17448,-21,-0.12,0,16,0.09,-23,-0.13,-664,-0.66,1
1274,Exit short,2016-06-17 07:45,TX15,175.8,100,17586,6,0.03,0,30,0.17,0,0.00,-658,-0.66,1
1274,Entry short,2016-06-17 07:30,C0|S|MKT|15|v0.3.0-tier0|SPY,175.86,100,17586,6,0.03,0,30,0.17,0,0.00,-658,-0.66,1
1275,Exit long,2016-06-22 07:45,TX15,178.33,100,17806,27,0.15,0,28,0.16,-19,-0.11,-631,-0.63,1
1275,Entry long,2016-06-22 07:30,C0|L|MKT|15|v0.3.0-tier0|SPY,178.06,100,17806,27,0.15,0,28,0.16,-19,-0.11,-631,-0.63,1
1276,Exit long,2016-06-24 07:15,TX15,175.84,100,17546,38,0.22,0,78,0.44,-15,-0.09,-593,-0.59,1
1276,Entry long,2016-06-24 07:00,C0|L|MKT|15|v0.3.0-tier0|SPY,175.46,100,17546,38,0.22,0,78,0.44,-15,-0.09,-593,-0.59,1
1277,Exit short,2016-06-27 07:15,TX15,170.32,100,17075,43,0.25,0,50,0.29,-34,-0.20,-550,-0.55,1
1277,Entry short,2016-06-27 07:00,C0|S|MKT|15|v0.3.0-tier0|SPY,170.75,100,17075,43,0.25,0,50,0.29,-34,-0.20,-550,-0.55,1
1278,Exit long,2016-06-28 07:15,TX15,172.04,100,17218,-14,-0.08,0,14,0.08,-25,-0.15,-564,-0.56,1
1278,Entry long,2016-06-28 07:00,C0|L|MKT|15|v0.3.0-tier0|SPY,172.18,100,17218,-14,-0.08,0,14,0.08,-25,-0.15,-564,-0.56,1
1279,Exit long,2016-06-29 07:30,TX15,175.07,100,17487,20,0.11,0,26,0.15,-4,-0.02,-544,-0.54,1
1279,Entry long,2016-06-29 07:15,C0|L|MKT|15|v0.3.0-tier0|SPY,174.87,100,17487,20,0.11,0,26,0.15,-4,-0.02,-544,-0.54,1
1280,Exit short,2016-06-30 07:15,TX15,176.31,100,17604,-27,-0.15,0,8,0.05,-27,-0.15,-571,-0.57,1
1280,Entry short,2016-06-30 07:00,C0|S|MKT|15|v0.3.0-tier0|SPY,176.04,100,17604,-27,-0.15,0,8,0.05,-27,-0.15,-571,-0.57,1
1281,Exit long,2016-07-01 07:30,TX15,179.19,100,17903,16,0.09,0,20,0.11,-2,-0.01,-555,-0.56,1
1281,Entry long,2016-07-01 07:15,C0|L|MKT|15|v0.3.0-tier0|SPY,179.03,100,17903,16,0.09,0,20,0.11,-2,-0.01,-555,-0.56,1
1282,Exit short,2016-07-05 07:15,TX15,177.47,100,17753,6,0.03,0,24,0.14,-3,-0.02,-549,-0.55,1
1282,Entry short,2016-07-05 07:00,C0|S|MKT|15|v0.3.0-tier0|SPY,177.53,100,17753,6,0.03,0,24,0.14,-3,-0.02,-549,-0.55,1
1283,Exit short,2016-07-06 07:45,TX15,176.75,100,17654,-21,-0.12,0,16,0.09,-30,-0.17,-570,-0.57,1
1283,Entry short,2016-07-06 07:30,C0|S|MKT|15|v0.3.0-tier0|SPY,176.54,100,17654,-21,-0.12,0,16,0.09,-30,-0.17,-570,-0.57,1
1284,Exit long,2016-07-07 07:15,TX15,179.2,100,17936,-16,-0.09,0,2,0.01,-21,-0.12,-586,-0.59,1
1284,Entry long,2016-07-07 07:00,C0|L|MKT|15|v0.3.0-tier0|SPY,179.36,100,17936,-16,-0.09,0,2,0.01,-21,-0.12,-586,-0.59,1
1285,Exit long,2016-07-08 07:15,TX15,180.34,100,18003,31,0.17,0,37,0.21,-3,-0.02,-555,-0.56,1
1285,Entry long,2016-07-08 07:00,C0|L|MKT|15|v0.3.0-tier0|SPY,180.03,100,18003,31,0.17,0,37,0.21,-3,-0.02,-555,-0.56,1
1286,Exit short,2016-07-11 07:45,TX15,181.82,100,18155,-27,-0.15,0,0,0.00,-27,-0.15,-582,-0.58,1
1286,Entry short,2016-07-11 07:30,C0|S|MKT|15|v0.3.0-tier0|SPY,181.55,100,18155,-27,-0.15,0,0,0.00,-27,-0.15,-582,-0.58,1
1287,Exit short,2016-07-12 07:30,TX15,182.68,100,18265,-3,-0.02,0,15,0.08,-7,-0.04,-585,-0.58,1
1287,Entry short,2016-07-12 07:15,C0|S|MKT|15|v0.3.0-tier0|SPY,182.65,100,18265,-3,-0.02,0,15,0.08,-7,-0.04,-585,-0.58,1
1288,Exit short,2016-07-13 07:15,TX15,183.22,100,18303,-19,-0.10,0,1,0.01,-25,-0.14,-604,-0.60,1
1288,Entry short,2016-07-13 07:00,C0|S|MKT|15|v0.3.0-tier0|SPY,183.03,100,18303,-19,-0.10,0,1,0.01,-25,-0.14,-604,-0.60,1
1289,Exit long,2016-07-14 07:30,TX15,184.33,100,18451,-18,-0.10,0,4,0.02,-25,-0.14,-622,-0.62,1
1289,Entry long,2016-07-14 07:15,C0|L|MKT|15|v0.3.0-tier0|SPY,184.51,100,18451,-18,-0.10,0,4,0.02,-25,-0.14,-622,-0.62,1
1290,Exit short,2016-07-15 07:30,TX15,184.25,100,18415,-10,-0.05,0,10,0.05,-12,-0.07,-632,-0.63,1
1290,Entry short,2016-07-15 07:15,C0|S|MKT|15|v0.3.0-tier0|SPY,184.15,100,18415,-10,-0.05,0,10,0.05,-12,-0.07,-632,-0.63,1
1291,Exit long,2016-07-18 07:30,TX15,184.25,100,18411,14,0.08,0,17,0.09,0,0.00,-618,-0.62,1
1291,Entry long,2016-07-18 07:15,C0|L|MKT|15|v0.3.0-tier0|SPY,184.11,100,18411,14,0.08,0,17,0.09,0,0.00,-618,-0.62,1
1292,Exit long,2016-07-20 07:45,TX15,184.9,100,18469,21,0.11,0,21,0.11,-7,-0.04,-597,-0.60,1
1292,Entry long,2016-07-20 07:30,C0|L|MKT|15|v0.3.0-tier0|SPY,184.69,100,18469,21,0.11,0,21,0.11,-7,-0.04,-597,-0.60,1
1293,Exit short,2016-07-25 07:15,TX15,184.24,100,18449,25,0.14,0,29,0.16,-4,-0.02,-572,-0.57,1
1293,Entry short,2016-07-25 07:00,C0|S|MKT|15|v0.3.0-tier0|SPY,184.49,100,18449,25,0.14,0,29,0.16,-4,-0.02,-572,-0.57,1
1294,Exit short,2016-07-27 07:45,TX15,184.22,100,18457,35,0.19,0,37,0.20,0,0.00,-537,-0.54,1
1294,Entry short,2016-07-27 07:30,C0|S|MKT|15|v0.3.0-tier0|SPY,184.57,100,18457,35,0.19,0,37,0.20,0,0.00,-537,-0.54,1
1295,Exit short,2016-07-29 07:45,TX15,184.61,100,18432,-29,-0.16,0,1,0.01,-36,-0.20,-566,-0.57,1
1295,Entry short,2016-07-29 07:30,C0|S|MKT|15|v0.3.0-tier0|SPY,184.32,100,18432,-29,-0.16,0,1,0.01,-36,-0.20,-566,-0.57,1
1296,Exit short,2016-08-02 07:30,TX15,183.74,100,18387,13,0.07,0,34,0.18,0,0.00,-553,-0.55,1
1296,Entry short,2016-08-02 07:15,C0|S|MKT|15|v0.3.0-tier0|SPY,183.87,100,18387,13,0.07,0,34,0.18,0,0.00,-553,-0.55,1
1297,Exit long,2016-08-03 07:30,TX15,183.73,100,18387,-14,-0.08,0,4,0.02,-17,-0.09,-567,-0.57,1
1297,Entry long,2016-08-03 07:15,C0|L|MKT|15|v0.3.0-tier0|SPY,183.87,100,18387,-14,-0.08,0,4,0.02,-17,-0.09,-567,-0.57,1
1298,Exit short,2016-08-04 07:15,TX15,183.97,100,18407,10,0.05,0,22,0.12,-7,-0.04,-557,-0.56,1
1298,Entry short,2016-08-04 07:00,C0|S|MKT|15|v0.3.0-tier0|SPY,184.07,100,18407,10,0.05,0,22,0.12,-7,-0.04,-557,-0.56,1
1299,Exit long,2016-08-05 07:15,TX15,185.54,100,18558,-4,-0.02,0,8,0.04,-6,-0.03,-561,-0.56,1
1299,Entry long,2016-08-05 07:00,C0|L|MKT|15|v0.3.0-tier0|SPY,185.58,100,18558,-4,-0.02,0,8,0.04,-6,-0.03,-561,-0.56,1
1300,Exit short,2016-08-08 07:15,TX15,185.88,100,18584,-4,-0.02,0,4,0.02,-9,-0.05,-565,-0.56,1
1300,Entry short,2016-08-08 07:00,C0|S|MKT|15|v0.3.0-tier0|SPY,185.84,100,18584,-4,-0.02,0,4,0.02,-9,-0.05,-565,-0.56,1
1301,Exit long,2016-08-09 07:15,TX15,186.08,100,18604,4,0.02,0,6,0.03,-19,-0.10,-561,-0.56,1
1301,Entry long,2016-08-09 07:00,C0|L|MKT|15|v0.3.0-tier0|SPY,186.04,100,18604,4,0.02,0,6,0.03,-19,-0.10,-561,-0.56,1
1302,Exit short,2016-08-10 07:15,TX15,185.72,100,18564,-8,-0.04,0,3,0.02,-14,-0.08,-569,-0.57,1
1302,Entry short,2016-08-10 07:00,C0|S|MKT|15|v0.3.0-tier0|SPY,185.64,100,18564,-8,-0.04,0,3,0.02,-14,-0.08,-569,-0.57,1
1303,Exit short,2016-08-11 07:15,TX15,185.74,100,18584,10,0.05,0,19,0.10,-5,-0.03,-559,-0.56,1
1303,Entry short,2016-08-11 07:00,C0|S|MKT|15|v0.3.0-tier0|SPY,185.84,100,18584,10,0.05,0,19,0.10,-5,-0.03,-559,-0.56,1
1304,Exit long,2016-08-12 07:30,TX15,186.05,100,18611,-6,-0.03,0,4,0.02,-12,-0.06,-565,-0.56,1
1304,Entry long,2016-08-12 07:15,C0|L|MKT|15|v0.3.0-tier0|SPY,186.11,100,18611,-6,-0.03,0,4,0.02,-12,-0.06,-565,-0.56,1
1305,Exit long,2016-08-15 07:45,TX15,186.9,100,18679,11,0.06,0,16,0.09,0,0.00,-554,-0.55,1
1305,Entry long,2016-08-15 07:30,C0|L|MKT|15|v0.3.0-tier0|SPY,186.79,100,18679,11,0.06,0,16,0.09,0,0.00,-554,-0.55,1
1306,Exit short,2016-08-17 07:15,TX15,185.2,100,18514,-6,-0.03,0,4,0.02,-10,-0.05,-560,-0.56,1
1306,Entry short,2016-08-17 07:00,C0|S|MKT|15|v0.3.0-tier0|SPY,185.14,100,18514,-6,-0.03,0,4,0.02,-10,-0.05,-560,-0.56,1
1307,Exit long,2016-08-19 07:45,TX15,186.12,100,18604,8,0.04,0,15,0.08,-7,-0.04,-552,-0.55,1
1307,Entry long,2016-08-19 07:30,C0|L|MKT|15|v0.3.0-tier0|SPY,186.04,100,18604,8,0.04,0,15,0.08,-7,-0.04,-552,-0.55,1
1308,Exit long,2016-08-22 07:45,TX15,186.26,100,18623,3,0.02,0,9,0.05,-2,-0.01,-549,-0.55,1
1308,Entry long,2016-08-22 07:30,C0|L|MKT|15|v0.3.0-tier0|SPY,186.23,100,18623,3,0.02,0,9,0.05,-2,-0.01,-549,-0.55,1
1309,Exit short,2016-08-24 07:45,TX15,186.18,100,18624,6,0.03,0,12,0.06,-3,-0.02,-543,-0.54,1
1309,Entry short,2016-08-24 07:30,C0|S|MKT|15|v0.3.0-tier0|SPY,186.24,100,18624,6,0.03,0,12,0.06,-3,-0.02,-543,-0.54,1
1310,Exit long,2016-08-25 07:30,TX15,185.52,100,18556,-4,-0.02,0,7,0.04,-19,-0.10,-547,-0.55,1
1310,Entry long,2016-08-25 07:15,C0|L|MKT|15|v0.3.0-tier0|SPY,185.56,100,18556,-4,-0.02,0,7,0.04,-19,-0.10,-547,-0.55,1
1311,Exit long,2016-08-26 07:45,TX15,186.24,100,18652,-28,-0.15,0,2,0.01,-30,-0.16,-575,-0.57,1
1311,Entry long,2016-08-26 07:30,C0|L|MKT|15|v0.3.0-tier0|SPY,186.52,100,18652,-28,-0.15,0,2,0.01,-30,-0.16,-575,-0.57,1
1312,Exit short,2016-08-30 07:30,TX15,185.64,100,18569,5,0.03,0,19,0.10,-6,-0.03,-570,-0.57,1
1312,Entry short,2016-08-30 07:15,C0|S|MKT|15|v0.3.0-tier0|SPY,185.69,100,18569,5,0.03,0,19,0.10,-6,-0.03,-570,-0.57,1
1313,Exit short,2016-09-01 07:15,TX15,185.09,100,18506,-3,-0.02,0,23,0.12,-17,-0.09,-573,-0.57,1
1313,Entry short,2016-09-01 07:00,C0|S|MKT|15|v0.3.0-tier0|SPY,185.06,100,18506,-3,-0.02,0,23,0.12,-17,-0.09,-573,-0.57,1
1314,Exit long,2016-09-02 07:15,TX15,185.98,100,18632,-34,-0.18,0,12,0.06,-34,-0.18,-607,-0.61,1
1314,Entry long,2016-09-02 07:00,C0|L|MKT|15|v0.3.0-tier0|SPY,186.32,100,18632,-34,-0.18,0,12,0.06,-34,-0.18,-607,-0.61,1
1315,Exit short,2016-09-06 07:30,TX15,185.72,100,18582,10,0.05,0,24,0.13,-8,-0.04,-597,-0.60,1
1315,Entry short,2016-09-06 07:15,C0|S|MKT|15|v0.3.0-tier0|SPY,185.82,100,18582,10,0.05,0,24,0.13,-8,-0.04,-597,-0.60,1
1316,Exit long,2016-09-07 07:30,TX15,186.71,100,18663,8,0.04,0,8,0.04,-6,-0.03,-589,-0.59,1
1316,Entry long,2016-09-07 07:15,C0|L|MKT|15|v0.3.0-tier0|SPY,186.63,100,18663,8,0.04,0,8,0.04,-6,-0.03,-589,-0.59,1
1317,Exit short,2016-09-09 07:15,TX15,184.41,100,18443,2,0.01,0,30,0.16,-1,-0.01,-587,-0.59,1
1317,Entry short,2016-09-09 07:00,C0|S|MKT|15|v0.3.0-tier0|SPY,184.43,100,18443,2,0.01,0,30,0.16,-1,-0.01,-587,-0.59,1
1318,Exit long,2016-09-12 07:15,TX15,182,100,18182,18,0.10,0,31,0.17,-5,-0.03,-569,-0.57,1
1318,Entry long,2016-09-12 07:00,C0|L|MKT|15|v0.3.0-tier0|SPY,181.82,100,18182,18,0.10,0,31,0.17,-5,-0.03,-569,-0.57,1
1319,Exit short,2016-09-13 07:15,TX15,182.23,100,18236,13,0.07,0,29,0.16,-12,-0.07,-556,-0.56,1
1319,Entry short,2016-09-13 07:00,C0|S|MKT|15|v0.3.0-tier0|SPY,182.36,100,18236,13,0.07,0,29,0.16,-12,-0.07,-556,-0.56,1
1320,Exit long,2016-09-14 07:30,TX15,182.61,100,18237,24,0.13,0,30,0.16,-14,-0.08,-532,-0.53,1
1320,Entry long,2016-09-14 07:15,C0|L|MKT|15|v0.3.0-tier0|SPY,182.37,100,18237,24,0.13,0,30,0.16,-14,-0.08,-532,-0.53,1
1321,Exit long,2016-09-15 07:30,TX15,182.21,100,18218,3,0.02,0,19,0.10,-1,-0.01,-529,-0.53,1
1321,Entry long,2016-09-15 07:15,C0|L|MKT|15|v0.3.0-tier0|SPY,182.18,100,18218,3,0.02,0,19,0.10,-1,-0.01,-529,-0.53,1
1322,Exit short,2016-09-16 07:30,TX15,182.24,100,18214,-10,-0.05,0,10,0.05,-22,-0.12,-539,-0.54,1
1322,Entry short,2016-09-16 07:15,C0|S|MKT|15|v0.3.0-tier0|SPY,182.14,100,18214,-10,-0.05,0,10,0.05,-22,-0.12,-539,-0.54,1
1323,Exit long,2016-09-19 07:15,TX15,183.74,100,18388,-14,-0.08,0,7,0.04,-15,-0.08,-553,-0.55,1
1323,Entry long,2016-09-19 07:00,C0|L|MKT|15|v0.3.0-tier0|SPY,183.88,100,18388,-14,-0.08,0,7,0.04,-15,-0.08,-553,-0.55,1
1324,Exit long,2016-09-21 07:15,TX15,183.66,100,18370,-4,-0.02,0,11,0.06,-11,-0.06,-557,-0.56,1
1324,Entry long,2016-09-21 07:00,C0|L|MKT|15|v0.3.0-tier0|SPY,183.7,100,18370,-4,-0.02,0,11,0.06,-11,-0.06,-557,-0.56,1
1325,Exit short,2016-09-23 07:15,TX15,185.43,100,18542,-1,-0.01,0,10,0.05,-11,-0.06,-558,-0.56,1
1325,Entry short,2016-09-23 07:00,C0|S|MKT|15|v0.3.0-tier0|SPY,185.42,100,18542,-1,-0.01,0,10,0.05,-11,-0.06,-558,-0.56,1
1326,Exit long,2016-09-27 07:15,TX15,183.88,100,18381,7,0.04,0,37,0.20,-2,-0.01,-551,-0.55,1
1326,Entry long,2016-09-27 07:00,C0|L|MKT|15|v0.3.0-tier0|SPY,183.81,100,18381,7,0.04,0,37,0.20,-2,-0.01,-551,-0.55,1
1327,Exit short,2016-09-28 07:30,TX15,184.57,100,18454,-3,-0.02,0,10,0.05,-7,-0.04,-554,-0.55,1
1327,Entry short,2016-09-28 07:15,C0|S|MKT|15|v0.3.0-tier0|SPY,184.54,100,18454,-3,-0.02,0,10,0.05,-7,-0.04,-554,-0.55,1
1328,Exit long,2016-09-29 07:15,TX15,185.24,100,18543,-19,-0.10,0,24,0.13,-19,-0.10,-573,-0.57,1
1328,Entry long,2016-09-29 07:00,C0|L|MKT|15|v0.3.0-tier0|SPY,185.43,100,18543,-19,-0.10,0,24,0.13,-19,-0.10,-573,-0.57,1
1329,Exit short,2016-09-30 07:15,TX15,184.84,100,18449,-35,-0.19,0,2,0.01,-35,-0.19,-608,-0.61,1
1329,Entry short,2016-09-30 07:00,C0|S|MKT|15|v0.3.0-tier0|SPY,184.49,100,18449,-35,-0.19,0,2,0.01,-35,-0.19,-608,-0.61,1
1330,Exit short,2016-10-04 07:30,TX15,184.52,100,18436,-16,-0.09,0,16,0.09,-20,-0.11,-624,-0.62,1
1330,Entry short,2016-10-04 07:15,C0|S|MKT|15|v0.3.0-tier0|SPY,184.36,100,18436,-16,-0.09,0,16,0.09,-20,-0.11,-624,-0.62,1
1331,Exit long,2016-10-05 07:30,TX15,184.71,100,18467,4,0.02,0,4,0.02,-23,-0.12,-620,-0.62,1
1331,Entry long,2016-10-05 07:15,C0|L|MKT|15|v0.3.0-tier0|SPY,184.67,100,18467,4,0.02,0,4,0.02,-23,-0.12,-620,-0.62,1
1332,Exit short,2016-10-07 07:15,TX15,184.5,100,18425,-25,-0.14,0,3,0.02,-29,-0.16,-645,-0.64,1
1332,Entry short,2016-10-07 07:00,C0|S|MKT|15|v0.3.0-tier0|SPY,184.25,100,18425,-25,-0.14,0,3,0.02,-29,-0.16,-645,-0.64,1
1333,Exit short,2016-10-11 07:15,TX15,183.75,100,18399,24,0.13,0,37,0.20,-7,-0.04,-621,-0.62,1
1333,Entry short,2016-10-11 07:00,C0|S|MKT|15|v0.3.0-tier0|SPY,183.99,100,18399,24,0.13,0,37,0.20,-7,-0.04,-621,-0.62,1
1334,Exit long,2016-10-12 07:45,TX15,182.99,100,18312,-13,-0.07,0,3,0.02,-22,-0.12,-634,-0.63,1
1334,Entry long,2016-10-12 07:30,C0|L|MKT|15|v0.3.0-tier0|SPY,183.12,100,18312,-13,-0.07,0,3,0.02,-22,-0.12,-634,-0.63,1
1335,Exit short,2016-10-13 07:15,TX15,181.13,100,18104,-9,-0.05,0,22,0.12,-12,-0.07,-643,-0.64,1
1335,Entry short,2016-10-13 07:00,C0|S|MKT|15|v0.3.0-tier0|SPY,181.04,100,18104,-9,-0.05,0,22,0.12,-12,-0.07,-643,-0.64,1
1336,Exit long,2016-10-14 07:30,TX15,183.53,100,18363,-10,-0.05,0,17,0.09,-11,-0.06,-653,-0.65,1
1336,Entry long,2016-10-14 07:15,C0|L|MKT|15|v0.3.0-tier0|SPY,183.63,100,18363,-10,-0.05,0,17,0.09,-11,-0.06,-653,-0.65,1
1337,Exit short,2016-10-17 07:15,TX15,182.2,100,18203,-17,-0.09,0,13,0.07,-23,-0.13,-670,-0.67,1
1337,Entry short,2016-10-17 07:00,C0|S|MKT|15|v0.3.0-tier0|SPY,182.03,100,18203,-17,-0.09,0,13,0.07,-23,-0.13,-670,-0.67,1
1338,Exit short,2016-10-18 07:15,TX15,182.89,100,18292,3,0.02,0,8,0.04,-8,-0.04,-667,-0.67,1
1338,Entry short,2016-10-18 07:00,C0|S|MKT|15|v0.3.0-tier0|SPY,182.92,100,18292,3,0.02,0,8,0.04,-8,-0.04,-667,-0.67,1
1339,Exit long,2016-10-19 07:45,TX15,183.44,100,18330,14,0.08,0,14,0.08,-5,-0.03,-653,-0.65,1
1339,Entry long,2016-10-19 07:30,C0|L|MKT|15|v0.3.0-tier0|SPY,183.3,100,18330,14,0.08,0,14,0.08,-5,-0.03,-653,-0.65,1
1340,Exit long,2016-10-20 07:15,TX15,183.43,100,18333,10,0.05,0,33,0.18,0,0.00,-643,-0.64,1
1340,Entry long,2016-10-20 07:00,C0|L|MKT|15|v0.3.0-tier0|SPY,183.33,100,18333,10,0.05,0,33,0.18,0,0.00,-643,-0.64,1
1341,Exit long,2016-10-21 07:15,TX15,182.41,100,18250,-9,-0.05,0,5,0.03,-17,-0.09,-652,-0.65,1
1341,Entry long,2016-10-21 07:00,C0|L|MKT|15|v0.3.0-tier0|SPY,182.5,100,18250,-9,-0.05,0,5,0.03,-17,-0.09,-652,-0.65,1
1342,Exit short,2016-10-24 07:30,TX15,183.95,100,18395,0,0.00,0,2,0.01,-11,-0.06,-652,-0.65,1
1342,Entry short,2016-10-24 07:15,C0|S|MKT|15|v0.3.0-tier0|SPY,183.95,100,18395,0,0.00,0,2,0.01,-11,-0.06,-652,-0.65,1
1343,Exit long,2016-10-25 07:15,TX15,183.92,100,18388,4,0.02,0,17,0.09,-3,-0.02,-648,-0.65,1
1343,Entry long,2016-10-25 07:00,C0|L|MKT|15|v0.3.0-tier0|SPY,183.88,100,18388,4,0.02,0,17,0.09,-3,-0.02,-648,-0.65,1
1344,Exit short,2016-10-27 07:30,TX15,182.67,100,18286,19,0.10,0,42,0.23,-6,-0.03,-629,-0.63,1
1344,Entry short,2016-10-27 07:15,C0|S|MKT|15|v0.3.0-tier0|SPY,182.86,100,18286,19,0.10,0,42,0.23,-6,-0.03,-629,-0.63,1
1345,Exit short,2016-10-31 07:15,TX15,182.13,100,18204,-9,-0.05,0,5,0.03,-12,-0.07,-638,-0.64,1
1345,Entry short,2016-10-31 07:00,C0|S|MKT|15|v0.3.0-tier0|SPY,182.04,100,18204,-9,-0.05,0,5,0.03,-12,-0.07,-638,-0.64,1
1346,Exit short,2016-11-01 07:30,TX15,181.58,100,18166,8,0.04,0,9,0.05,-9,-0.05,-630,-0.63,1
1346,Entry short,2016-11-01 07:15,C0|S|MKT|15|v0.3.0-tier0|SPY,181.66,100,18166,8,0.04,0,9,0.05,-9,-0.05,-630,-0.63,1
1347,Exit long,2016-11-07 07:45,TX15,181.57,100,18138,19,0.10,0,31,0.17,-2,-0.01,-611,-0.61,1
1347,Entry long,2016-11-07 07:30,C0|L|MKT|15|v0.3.0-tier0|SPY,181.38,100,18138,19,0.10,0,31,0.17,-2,-0.01,-611,-0.61,1
1348,Exit long,2016-11-09 07:15,TX15,182.88,100,18358,-70,-0.38,0,1,0.01,-94,-0.51,-681,-0.68,1
1348,Entry long,2016-11-09 07:00,C0|L|MKT|15|v0.3.0-tier0|SPY,183.58,100,18358,-70,-0.38,0,1,0.01,-94,-0.51,-681,-0.68,1
1349,Exit short,2016-11-10 07:30,TX15,184.92,100,18545,53,0.29,0,57,0.31,-31,-0.17,-628,-0.63,1
1349,Entry short,2016-11-10 07:15,C0|S|MKT|15|v0.3.0-tier0|SPY,185.45,100,18545,53,0.29,0,57,0.31,-31,-0.17,-628,-0.63,1
1350,Exit short,2016-11-11 07:45,TX15,185.01,100,18482,-19,-0.10,0,12,0.06,-19,-0.10,-647,-0.65,1
1350,Entry short,2016-11-11 07:30,C0|S|MKT|15|v0.3.0-tier0|SPY,184.82,100,18482,-19,-0.10,0,12,0.06,-19,-0.10,-647,-0.65,1
1351,Exit long,2016-11-15 07:30,TX15,185.98,100,18603,-5,-0.03,0,11,0.06,-9,-0.05,-652,-0.65,1
1351,Entry long,2016-11-15 07:15,C0|L|MKT|15|v0.3.0-tier0|SPY,186.03,100,18603,-5,-0.03,0,11,0.06,-9,-0.05,-652,-0.65,1
1352,Exit long,2016-11-17 07:15,TX15,187,100,18715,-15,-0.08,0,0,0.00,-20,-0.11,-667,-0.67,1
1352,Entry long,2016-11-17 07:00,C0|L|MKT|15|v0.3.0-tier0|SPY,187.15,100,18715,-15,-0.08,0,0,0.00,-20,-0.11,-667,-0.67,1
1353,Exit long,2016-11-21 07:15,TX15,187.87,100,18800,-13,-0.07,0,2,0.01,-15,-0.08,-680,-0.68,1
1353,Entry long,2016-11-21 07:00,C0|L|MKT|15|v0.3.0-tier0|SPY,188,100,18800,-13,-0.07,0,2,0.01,-15,-0.08,-680,-0.68,1
1354,Exit long,2016-11-23 07:45,TX15,188.54,100,18858,-4,-0.02,0,14,0.07,-11,-0.06,-684,-0.68,1
1354,Entry long,2016-11-23 07:30,C0|L|MKT|15|v0.3.0-tier0|SPY,188.58,100,18858,-4,-0.02,0,14,0.07,-11,-0.06,-684,-0.68,1
1355,Exit long,2016-11-25 07:15,TX15,189.37,100,18943,-6,-0.03,0,2,0.01,-9,-0.05,-690,-0.69,1
1355,Entry long,2016-11-25 07:00,C0|L|MKT|15|v0.3.0-tier0|SPY,189.43,100,18943,-6,-0.03,0,2,0.01,-9,-0.05,-690,-0.69,1
1356,Exit short,2016-11-29 07:15,TX15,188.81,100,18860,-21,-0.11,0,0,0.00,-25,-0.13,-711,-0.71,1
1356,Entry short,2016-11-29 07:00,C0|S|MKT|15|v0.3.0-tier0|SPY,188.6,100,18860,-21,-0.11,0,0,0.00,-25,-0.13,-711,-0.71,1
1357,Exit short,2016-11-30 07:15,TX15,189.57,100,18958,1,0.01,0,14,0.07,-13,-0.07,-710,-0.71,1
1357,Entry short,2016-11-30 07:00,C0|S|MKT|15|v0.3.0-tier0|SPY,189.58,100,18958,1,0.01,0,14,0.07,-13,-0.07,-710,-0.71,1
1358,Exit long,2016-12-05 07:15,TX15,189.4,100,18930,10,0.05,0,24,0.13,0,0.00,-700,-0.70,1
1358,Entry long,2016-12-05 07:00,C0|L|MKT|15|v0.3.0-tier0|SPY,189.3,100,18930,10,0.05,0,24,0.13,0,0.00,-700,-0.70,1
1359,Exit short,2016-12-06 07:45,TX15,189.18,100,18893,-25,-0.13,0,0,0.00,-37,-0.20,-725,-0.73,1
1359,Entry short,2016-12-06 07:30,C0|S|MKT|15|v0.3.0-tier0|SPY,188.93,100,18893,-25,-0.13,0,0,0.00,-37,-0.20,-725,-0.73,1
1360,Exit long,2016-12-07 07:30,TX15,189.94,100,18983,11,0.06,0,13,0.07,-4,-0.02,-714,-0.71,1
1360,Entry long,2016-12-07 07:15,C0|L|MKT|15|v0.3.0-tier0|SPY,189.83,100,18983,11,0.06,0,13,0.07,-4,-0.02,-714,-0.71,1
1361,Exit long,2016-12-09 07:15,TX15,193.22,100,19327,-5,-0.03,0,3,0.02,-17,-0.09,-719,-0.72,1
1361,Entry long,2016-12-09 07:00,C0|L|MKT|15|v0.3.0-tier0|SPY,193.27,100,19327,-5,-0.03,0,3,0.02,-17,-0.09,-719,-0.72,1
1362,Exit long,2016-12-12 07:15,TX15,193.95,100,19417,-22,-0.11,0,12,0.06,-23,-0.12,-741,-0.74,1
1362,Entry long,2016-12-12 07:00,C0|L|MKT|15|v0.3.0-tier0|SPY,194.17,100,19417,-22,-0.11,0,12,0.06,-23,-0.12,-741,-0.74,1
1363,Exit short,2016-12-14 07:30,TX15,194.72,100,19465,-7,-0.04,0,13,0.07,-18,-0.09,-748,-0.75,1
1363,Entry short,2016-12-14 07:15,C0|S|MKT|15|v0.3.0-tier0|SPY,194.65,100,19465,-7,-0.04,0,13,0.07,-18,-0.09,-748,-0.75,1
1364,Exit long,2016-12-15 07:15,TX15,194.41,100,19447,-6,-0.03,0,26,0.13,-12,-0.06,-754,-0.75,1
1364,Entry long,2016-12-15 07:00,C0|L|MKT|15|v0.3.0-tier0|SPY,194.47,100,19447,-6,-0.03,0,26,0.13,-12,-0.06,-754,-0.75,1
1365,Exit short,2016-12-16 07:45,TX15,194.52,100,19436,-16,-0.08,0,21,0.11,-21,-0.11,-770,-0.77,1
1365,Entry short,2016-12-16 07:30,C0|S|MKT|15|v0.3.0-tier0|SPY,194.36,100,19436,-16,-0.08,0,21,0.11,-21,-0.11,-770,-0.77,1
1366,Exit long,2016-12-23 07:15,TX15,194.2,100,19421,-1,-0.01,0,8,0.04,-4,-0.02,-771,-0.77,1
1366,Entry long,2016-12-23 07:00,C0|L|MKT|15|v0.3.0-tier0|SPY,194.21,100,19421,-1,-0.01,0,8,0.04,-4,-0.02,-771,-0.77,1
1367,Exit long,2016-12-27 07:15,TX15,195.13,100,19515,-2,-0.01,0,9,0.05,-4,-0.02,-773,-0.77,1
1367,Entry long,2016-12-27 07:00,C0|L|MKT|15|v0.3.0-tier0|SPY,195.15,100,19515,-2,-0.01,0,9,0.05,-4,-0.02,-773,-0.77,1
1368,Exit short,2016-12-28 07:15,TX15,194.15,100,19422,7,0.04,0,18,0.09,-4,-0.02,-766,-0.77,1
1368,Entry short,2016-12-28 07:00,C0|S|MKT|15|v0.3.0-tier0|SPY,194.22,100,19422,7,0.04,0,18,0.09,-4,-0.02,-766,-0.77,1
1369,Exit short,2016-12-30 07:15,TX15,192.78,100,19268,-10,-0.05,0,8,0.04,-13,-0.07,-776,-0.78,1
1369,Entry short,2016-12-30 07:00,C0|S|MKT|15|v0.3.0-tier0|SPY,192.68,100,19268,-10,-0.05,0,8,0.04,-13,-0.07,-776,-0.78,1
1370,Exit long,2017-01-03 07:30,TX15,194.2,100,19425,-5,-0.03,0,6,0.03,-8,-0.04,-781,-0.78,1
1370,Entry long,2017-01-03 07:15,C0|L|MKT|15|v0.3.0-tier0|SPY,194.25,100,19425,-5,-0.03,0,6,0.03,-8,-0.04,-781,-0.78,1
1371,Exit long,2017-01-05 07:30,TX15,195.07,100,19507,0,0.00,0,5,0.03,-14,-0.07,-781,-0.78,1
1371,Entry long,2017-01-05 07:15,C0|L|MKT|15|v0.3.0-tier0|SPY,195.07,100,19507,0,0.00,0,5,0.03,-14,-0.07,-781,-0.78,1
1372,Exit long,2017-01-11 07:15,TX15,195.19,100,19532,-13,-0.07,0,1,0.01,-15,-0.08,-794,-0.79,1
1372,Entry long,2017-01-11 07:00,C0|L|MKT|15|v0.3.0-tier0|SPY,195.32,100,19532,-13,-0.07,0,1,0.01,-15,-0.08,-794,-0.79,1
1373,Exit short,2017-01-12 07:15,TX15,194.11,100,19463,52,0.27,0,69,0.35,-4,-0.02,-742,-0.74,1
1373,Entry short,2017-01-12 07:00,C0|S|MKT|15|v0.3.0-tier0|SPY,194.63,100,19463,52,0.27,0,69,0.35,-4,-0.02,-742,-0.74,1
1374,Exit long,2017-01-17 07:30,TX15,195.12,100,19507,5,0.03,0,22,0.11,-2,-0.01,-737,-0.74,1
1374,Entry long,2017-01-17 07:15,C0|L|MKT|15|v0.3.0-tier0|SPY,195.07,100,19507,5,0.03,0,22,0.11,-2,-0.01,-737,-0.74,1
1375,Exit short,2017-01-19 07:30,TX15,195.1,100,19508,-2,-0.01,0,19,0.10,-4,-0.02,-739,-0.74,1
1375,Entry short,2017-01-19 07:15,C0|S|MKT|15|v0.3.0-tier0|SPY,195.08,100,19508,-2,-0.01,0,19,0.10,-4,-0.02,-739,-0.74,1
1376,Exit short,2017-01-23 07:45,TX15,194.43,100,19455,12,0.06,0,26,0.13,-1,-0.01,-727,-0.73,1
1376,Entry short,2017-01-23 07:30,C0|S|MKT|15|v0.3.0-tier0|SPY,194.55,100,19455,12,0.06,0,26,0.13,-1,-0.01,-727,-0.73,1
1377,Exit long,2017-01-25 07:15,TX15,197.17,100,19712,5,0.03,0,14,0.07,-7,-0.04,-722,-0.72,1
1377,Entry long,2017-01-25 07:00,C0|L|MKT|15|v0.3.0-tier0|SPY,197.12,100,19712,5,0.03,0,14,0.07,-7,-0.04,-722,-0.72,1
1378,Exit long,2017-01-26 07:30,TX15,197.53,100,19781,-28,-0.14,0,1,0.01,-31,-0.16,-750,-0.75,1
1378,Entry long,2017-01-26 07:15,C0|L|MKT|15|v0.3.0-tier0|SPY,197.81,100,19781,-28,-0.14,0,1,0.01,-31,-0.16,-750,-0.75,1
1379,Exit short,2017-01-27 07:15,TX15,197.22,100,19723,1,0.01,0,12,0.06,-9,-0.05,-749,-0.75,1
1379,Entry short,2017-01-27 07:00,C0|S|MKT|15|v0.3.0-tier0|SPY,197.23,100,19723,1,0.01,0,12,0.06,-9,-0.05,-749,-0.75,1
1380,Exit short,2017-01-30 07:30,TX15,195.46,100,19544,-2,-0.01,0,22,0.11,-4,-0.02,-751,-0.75,1
1380,Entry short,2017-01-30 07:15,C0|S|MKT|15|v0.3.0-tier0|SPY,195.44,100,19544,-2,-0.01,0,22,0.11,-4,-0.02,-751,-0.75,1
1381,Exit short,2017-01-31 07:15,TX15,195.22,100,19539,17,0.09,0,33,0.17,-4,-0.02,-734,-0.73,1
1381,Entry short,2017-01-31 07:00,C0|S|MKT|15|v0.3.0-tier0|SPY,195.39,100,19539,17,0.09,0,33,0.17,-4,-0.02,-734,-0.73,1
1382,Exit short,2017-02-01 07:15,TX15,196.13,100,19652,39,0.20,0,39,0.20,-13,-0.07,-695,-0.69,1
1382,Entry short,2017-02-01 07:00,C0|S|MKT|15|v0.3.0-tier0|SPY,196.52,100,19652,39,0.20,0,39,0.20,-13,-0.07,-695,-0.69,1
1383,Exit long,2017-02-02 07:15,TX15,195.96,100,19584,12,0.06,0,12,0.06,-15,-0.08,-683,-0.68,1
1383,Entry long,2017-02-02 07:00,C0|L|MKT|15|v0.3.0-tier0|SPY,195.84,100,19584,12,0.06,0,12,0.06,-15,-0.08,-683,-0.68,1
1384,Exit long,2017-02-03 07:30,TX15,197.3,100,19711,19,0.10,0,35,0.18,-1,-0.01,-664,-0.66,1
1384,Entry long,2017-02-03 07:15,C0|L|MKT|15|v0.3.0-tier0|SPY,197.11,100,19711,19,0.10,0,35,0.18,-1,-0.01,-664,-0.66,1
1385,Exit long,2017-02-06 07:15,TX15,197.29,100,19733,-4,-0.02,0,2,0.01,-10,-0.05,-668,-0.67,1
1385,Entry long,2017-02-06 07:00,C0|L|MKT|15|v0.3.0-tier0|SPY,197.33,100,19733,-4,-0.02,0,2,0.01,-10,-0.05,-668,-0.67,1
1386,Exit long,2017-02-07 07:30,TX15,197.61,100,19769,-8,-0.04,0,4,0.02,-12,-0.06,-676,-0.68,1
1386,Entry long,2017-02-07 07:15,C0|L|MKT|15|v0.3.0-tier0|SPY,197.69,100,19769,-8,-0.04,0,4,0.02,-12,-0.06,-676,-0.68,1
1387,Exit long,2017-02-08 07:30,TX15,196.95,100,19702,-7,-0.04,0,4,0.02,-14,-0.07,-683,-0.68,1
1387,Entry long,2017-02-08 07:15,C0|L|MKT|15|v0.3.0-tier0|SPY,197.02,100,19702,-7,-0.04,0,4,0.02,-14,-0.07,-683,-0.68,1
1388,Exit long,2017-02-09 07:30,TX15,198.22,100,19794,28,0.14,0,29,0.15,0,0.00,-655,-0.65,1
1388,Entry long,2017-02-09 07:15,C0|L|MKT|15|v0.3.0-tier0|SPY,197.94,100,19794,28,0.14,0,29,0.15,0,0.00,-655,-0.65,1
1389,Exit long,2017-02-15 07:15,TX15,201.24,100,20130,-6,-0.03,0,0,0.00,-19,-0.09,-661,-0.66,1
1389,Entry long,2017-02-15 07:00,C0|L|MKT|15|v0.3.0-tier0|SPY,201.3,100,20130,-6,-0.03,0,0,0.00,-19,-0.09,-661,-0.66,1
1390,Exit short,2017-02-16 07:15,TX15,202,100,20208,8,0.04,0,14,0.07,-6,-0.03,-653,-0.65,1
1390,Entry short,2017-02-16 07:00,C0|S|MKT|15|v0.3.0-tier0|SPY,202.08,100,20208,8,0.04,0,14,0.07,-6,-0.03,-653,-0.65,1
1391,Exit long,2017-02-17 07:15,TX15,201.86,100,20178,8,0.04,0,11,0.05,-8,-0.04,-645,-0.64,1
1391,Entry long,2017-02-17 07:00,C0|L|MKT|15|v0.3.0-tier0|SPY,201.78,100,20178,8,0.04,0,11,0.05,-8,-0.04,-645,-0.64,1
1392,Exit long,2017-02-21 07:15,TX15,203.61,100,20332,29,0.14,0,31,0.15,-2,-0.01,-616,-0.62,1
1392,Entry long,2017-02-21 07:00,C0|L|MKT|15|v0.3.0-tier0|SPY,203.32,100,20332,29,0.14,0,31,0.15,-2,-0.01,-616,-0.62,1
1393,Exit long,2017-02-22 07:30,TX15,203.49,100,20347,2,0.01,0,5,0.02,-6,-0.03,-614,-0.61,1
1393,Entry long,2017-02-22 07:15,C0|L|MKT|15|v0.3.0-tier0|SPY,203.47,100,20347,2,0.01,0,5,0.02,-6,-0.03,-614,-0.61,1
1394,Exit short,2017-02-23 07:30,TX15,203.36,100,20341,5,0.02,0,11,0.05,-8,-0.04,-609,-0.61,1
1394,Entry short,2017-02-23 07:15,C0|S|MKT|15|v0.3.0-tier0|SPY,203.41,100,20341,5,0.02,0,11,0.05,-8,-0.04,-609,-0.61,1
1395,Exit long,2017-02-24 07:15,TX15,202.97,100,20319,-22,-0.11,0,17,0.08,-25,-0.12,-631,-0.63,1
1395,Entry long,2017-02-24 07:00,C0|L|MKT|15|v0.3.0-tier0|SPY,203.19,100,20319,-22,-0.11,0,17,0.08,-25,-0.12,-631,-0.63,1
1396,Exit long,2017-02-27 07:15,TX15,203.85,100,20397,-12,-0.06,0,0,0.00,-25,-0.12,-643,-0.64,1
1396,Entry long,2017-02-27 07:00,C0|L|MKT|15|v0.3.0-tier0|SPY,203.97,100,20397,-12,-0.06,0,0,0.00,-25,-0.12,-643,-0.64,1
1397,Exit long,2017-02-28 07:30,TX15,203.88,100,20402,-14,-0.07,0,1,0.00,-18,-0.09,-657,-0.66,1
1397,Entry long,2017-02-28 07:15,C0|L|MKT|15|v0.3.0-tier0|SPY,204.02,100,20402,-14,-0.07,0,1,0.00,-18,-0.09,-657,-0.66,1
1398,Exit long,2017-03-01 07:15,TX15,205.86,100,20565,21,0.10,0,23,0.11,-1,0.00,-636,-0.64,1
1398,Entry long,2017-03-01 07:00,C0|L|MKT|15|v0.3.0-tier0|SPY,205.65,100,20565,21,0.10,0,23,0.11,-1,0.00,-636,-0.64,1
1399,Exit short,2017-03-02 07:30,TX15,206.02,100,20582,-20,-0.10,0,1,0.00,-21,-0.10,-656,-0.66,1
1399,Entry short,2017-03-02 07:15,C0|S|MKT|15|v0.3.0-tier0|SPY,205.82,100,20582,-20,-0.10,0,1,0.00,-21,-0.10,-656,-0.66,1
1400,Exit short,2017-03-03 07:15,TX15,205.17,100,20500,-17,-0.08,0,4,0.02,-21,-0.10,-673,-0.67,1
1400,Entry short,2017-03-03 07:00,C0|S|MKT|15|v0.3.0-tier0|SPY,205,100,20500,-17,-0.08,0,4,0.02,-21,-0.10,-673,-0.67,1
1401,Exit long,2017-03-07 07:45,TX15,204.65,100,20461,4,0.02,0,15,0.07,-3,-0.01,-669,-0.67,1
1401,Entry long,2017-03-07 07:30,C0|L|MKT|15|v0.3.0-tier0|SPY,204.61,100,20461,4,0.02,0,15,0.07,-3,-0.01,-669,-0.67,1
1402,Exit short,2017-03-08 07:30,TX15,204.47,100,20420,-27,-0.13,0,0,0.00,-30,-0.15,-696,-0.70,1
1402,Entry short,2017-03-08 07:15,C0|S|MKT|15|v0.3.0-tier0|SPY,204.2,100,20420,-27,-0.13,0,0,0.00,-30,-0.15,-696,-0.70,1
1403,Exit long,2017-03-09 07:15,TX15,204.26,100,20399,27,0.13,0,31,0.15,0,0.00,-669,-0.67,1
1403,Entry long,2017-03-09 07:00,C0|L|MKT|15|v0.3.0-tier0|SPY,203.99,100,20399,27,0.13,0,31,0.15,0,0.00,-669,-0.67,1
1404,Exit short,2017-03-13 07:15,TX15,204.6,100,20448,-12,-0.06,0,5,0.02,-17,-0.08,-681,-0.68,1
1404,Entry short,2017-03-13 07:00,C0|S|MKT|15|v0.3.0-tier0|SPY,204.48,100,20448,-12,-0.06,0,5,0.02,-17,-0.08,-681,-0.68,1
1405,Exit short,2017-03-14 07:15,TX15,203.86,100,20397,11,0.05,0,19,0.09,0,0.00,-670,-0.67,1
1405,Entry short,2017-03-14 07:00,C0|S|MKT|15|v0.3.0-tier0|SPY,203.97,100,20397,11,0.05,0,19,0.09,0,0.00,-670,-0.67,1
1406,Exit long,2017-03-15 07:45,TX15,204.64,100,20471,-7,-0.03,0,3,0.01,-11,-0.05,-677,-0.68,1
1406,Entry long,2017-03-15 07:30,C0|L|MKT|15|v0.3.0-tier0|SPY,204.71,100,20471,-7,-0.03,0,3,0.01,-11,-0.05,-677,-0.68,1
1407,Exit short,2017-03-16 07:30,TX15,205.6,100,20566,6,0.03,0,25,0.12,-2,-0.01,-671,-0.67,1
1407,Entry short,2017-03-16 07:15,C0|S|MKT|15|v0.3.0-tier0|SPY,205.66,100,20566,6,0.03,0,25,0.12,-2,-0.01,-671,-0.67,1
1408,Exit long,2017-03-20 07:30,TX15,205.23,100,20506,17,0.08,0,22,0.11,-1,0.00,-654,-0.65,1
1408,Entry long,2017-03-20 07:15,C0|L|MKT|15|v0.3.0-tier0|SPY,205.06,100,20506,17,0.08,0,22,0.11,-1,0.00,-654,-0.65,1
1409,Exit short,2017-03-21 07:15,TX15,204.62,100,20510,48,0.23,0,51,0.25,0,0.00,-606,-0.61,1
1409,Entry short,2017-03-21 07:00,C0|S|MKT|15|v0.3.0-tier0|SPY,205.1,100,20510,48,0.23,0,51,0.25,0,0.00,-606,-0.61,1
1410,Exit short,2017-03-22 07:15,TX15,201.69,100,20176,7,0.03,0,13,0.06,-24,-0.12,-599,-0.60,1
1410,Entry short,2017-03-22 07:00,C0|S|MKT|15|v0.3.0-tier0|SPY,201.76,100,20176,7,0.03,0,13,0.06,-24,-0.12,-599,-0.60,1
1411,Exit long,2017-03-24 07:45,TX15,202.99,100,20296,3,0.01,0,15,0.07,-4,-0.02,-596,-0.60,1
1411,Entry long,2017-03-24 07:30,C0|L|MKT|15|v0.3.0-tier0|SPY,202.96,100,20296,3,0.01,0,15,0.07,-4,-0.02,-596,-0.60,1
1412,Exit long,2017-03-27 07:15,TX15,200.95,100,20106,-11,-0.05,0,5,0.02,-28,-0.14,-607,-0.61,1
1412,Entry long,2017-03-27 07:00,C0|L|MKT|15|v0.3.0-tier0|SPY,201.06,100,20106,-11,-0.05,0,5,0.02,-28,-0.14,-607,-0.61,1
1413,Exit long,2017-03-29 07:15,TX15,203.43,100,20348,-5,-0.02,0,6,0.03,-16,-0.08,-612,-0.61,1
1413,Entry long,2017-03-29 07:00,C0|L|MKT|15|v0.3.0-tier0|SPY,203.48,100,20348,-5,-0.02,0,6,0.03,-16,-0.08,-612,-0.61,1
1414,Exit long,2017-03-30 07:15,TX15,204.14,100,20388,26,0.13,0,28,0.14,-1,0.00,-586,-0.59,1
1414,Entry long,2017-03-30 07:00,C0|L|MKT|15|v0.3.0-tier0|SPY,203.88,100,20388,26,0.13,0,28,0.14,-1,0.00,-586,-0.59,1
1415,Exit long,2017-03-31 07:15,TX15,204.21,100,20415,6,0.03,0,24,0.12,-1,0.00,-580,-0.58,1
1415,Entry long,2017-03-31 07:00,C0|L|MKT|15|v0.3.0-tier0|SPY,204.15,100,20415,6,0.03,0,24,0.12,-1,0.00,-580,-0.58,1
1416,Exit short,2017-04-03 07:30,TX15,203.75,100,20354,-21,-0.10,0,3,0.01,-27,-0.13,-601,-0.60,1
1416,Entry short,2017-04-03 07:15,C0|S|MKT|15|v0.3.0-tier0|SPY,203.54,100,20354,-21,-0.10,0,3,0.01,-27,-0.13,-601,-0.60,1
1417,Exit short,2017-04-04 07:30,TX15,203.11,100,20303,-8,-0.04,0,8,0.04,-11,-0.05,-609,-0.61,1
1417,Entry short,2017-04-04 07:15,C0|S|MKT|15|v0.3.0-tier0|SPY,203.03,100,20303,-8,-0.04,0,8,0.04,-11,-0.05,-609,-0.61,1
1418,Exit long,2017-04-05 07:15,TX15,205.03,100,20487,16,0.08,0,29,0.14,-13,-0.06,-593,-0.59,1
1418,Entry long,2017-04-05 07:00,C0|L|MKT|15|v0.3.0-tier0|SPY,204.87,100,20487,16,0.08,0,29,0.14,-13,-0.06,-593,-0.59,1
1419,Exit long,2017-04-06 07:15,TX15,203.34,100,20352,-18,-0.09,0,6,0.03,-29,-0.14,-611,-0.61,1
1419,Entry long,2017-04-06 07:00,C0|L|MKT|15|v0.3.0-tier0|SPY,203.52,100,20352,-18,-0.09,0,6,0.03,-29,-0.14,-611,-0.61,1
1420,Exit short,2017-04-07 07:15,TX15,203.49,100,20302,-47,-0.23,0,8,0.04,-56,-0.28,-658,-0.66,1
1420,Entry short,2017-04-07 07:00,C0|S|MKT|15|v0.3.0-tier0|SPY,203.02,100,20302,-47,-0.23,0,8,0.04,-56,-0.28,-658,-0.66,1
1421,Exit long,2017-04-10 07:15,TX15,204.07,100,20407,0,0.00,0,12,0.06,-6,-0.03,-658,-0.66,1
1421,Entry long,2017-04-10 07:00,C0|L|MKT|15|v0.3.0-tier0|SPY,204.07,100,20407,0,0.00,0,12,0.06,-6,-0.03,-658,-0.66,1
1422,Exit short,2017-04-11 07:45,TX15,202.21,100,20259,38,0.19,0,64,0.32,0,0.00,-620,-0.62,1
1422,Entry short,2017-04-11 07:30,C0|S|MKT|15|v0.3.0-tier0|SPY,202.59,100,20259,38,0.19,0,64,0.32,0,0.00,-620,-0.62,1
1423,Exit long,2017-04-13 07:15,TX15,202.59,100,20250,9,0.04,0,29,0.14,-1,0.00,-611,-0.61,1
1423,Entry long,2017-04-13 07:00,C0|L|MKT|15|v0.3.0-tier0|SPY,202.5,100,20250,9,0.04,0,29,0.14,-1,0.00,-611,-0.61,1
1424,Exit long,2017-04-17 07:30,TX15,201.96,100,20200,-4,-0.02,0,18,0.09,-4,-0.02,-615,-0.61,1
1424,Entry long,2017-04-17 07:15,C0|L|MKT|15|v0.3.0-tier0|SPY,202,100,20200,-4,-0.02,0,18,0.09,-4,-0.02,-615,-0.61,1
1425,Exit long,2017-04-18 07:15,TX15,202.49,100,20279,-30,-0.15,0,1,0.00,-35,-0.17,-645,-0.64,1
1425,Entry long,2017-04-18 07:00,C0|L|MKT|15|v0.3.0-tier0|SPY,202.79,100,20279,-30,-0.15,0,1,0.00,-35,-0.17,-645,-0.64,1
1426,Exit long,2017-04-19 07:15,TX15,203.05,100,20317,-12,-0.06,0,2,0.01,-15,-0.07,-657,-0.66,1
1426,Entry long,2017-04-19 07:00,C0|L|MKT|15|v0.3.0-tier0|SPY,203.17,100,20317,-12,-0.06,0,2,0.01,-15,-0.07,-657,-0.66,1
1427,Exit long,2017-04-20 07:30,TX15,202.56,100,20271,-15,-0.07,0,2,0.01,-17,-0.08,-672,-0.67,1
1427,Entry long,2017-04-20 07:15,C0|L|MKT|15|v0.3.0-tier0|SPY,202.71,100,20271,-15,-0.07,0,2,0.01,-17,-0.08,-672,-0.67,1
1428,Exit long,2017-04-25 07:30,TX15,206.31,100,20639,-8,-0.04,0,2,0.01,-13,-0.06,-680,-0.68,1
1428,Entry long,2017-04-25 07:15,C0|L|MKT|15|v0.3.0-tier0|SPY,206.39,100,20639,-8,-0.04,0,2,0.01,-13,-0.06,-680,-0.68,1
1429,Exit long,2017-04-26 07:30,TX15,206.61,100,20663,-2,-0.01,0,0,0.00,-13,-0.06,-682,-0.68,1
1429,Entry long,2017-04-26 07:15,C0|L|MKT|15|v0.3.0-tier0|SPY,206.63,100,20663,-2,-0.01,0,0,0.00,-13,-0.06,-682,-0.68,1
1430,Exit short,2017-04-28 07:45,TX15,206.18,100,20613,-5,-0.02,0,11,0.05,-11,-0.05,-687,-0.69,1
1430,Entry short,2017-04-28 07:30,C0|S|MKT|15|v0.3.0-tier0|SPY,206.13,100,20613,-5,-0.02,0,11,0.05,-11,-0.05,-687,-0.69,1
1431,Exit short,2017-05-01 07:30,TX15,206.15,100,20604,-11,-0.05,0,2,0.01,-17,-0.08,-698,-0.70,1
1431,Entry short,2017-05-01 07:15,C0|S|MKT|15|v0.3.0-tier0|SPY,206.04,100,20604,-11,-0.05,0,2,0.01,-17,-0.08,-698,-0.70,1
1432,Exit short,2017-05-02 07:15,TX15,206.21,100,20616,-5,-0.02,0,5,0.02,-10,-0.05,-703,-0.70,1
1432,Entry short,2017-05-02 07:00,C0|S|MKT|15|v0.3.0-tier0|SPY,206.16,100,20616,-5,-0.02,0,5,0.02,-10,-0.05,-703,-0.70,1
1433,Exit short,2017-05-04 07:15,TX15,206.31,100,20620,-11,-0.05,0,3,0.01,-18,-0.09,-714,-0.71,1
1433,Entry short,2017-05-04 07:00,C0|S|MKT|15|v0.3.0-tier0|SPY,206.2,100,20620,-11,-0.05,0,3,0.01,-18,-0.09,-714,-0.71,1
1434,Exit short,2017-05-05 07:15,TX15,206.7,100,20658,-12,-0.06,0,2,0.01,-18,-0.09,-726,-0.73,1
1434,Entry short,2017-05-05 07:00,C0|S|MKT|15|v0.3.0-tier0|SPY,206.58,100,20658,-12,-0.06,0,2,0.01,-18,-0.09,-726,-0.73,1
1435,Exit long,2017-05-09 07:30,TX15,207.67,100,20769,-2,-0.01,0,4,0.02,-11,-0.05,-728,-0.73,1
1435,Entry long,2017-05-09 07:15,C0|L|MKT|15|v0.3.0-tier0|SPY,207.69,100,20769,-2,-0.01,0,4,0.02,-11,-0.05,-728,-0.73,1
1436,Exit short,2017-05-10 07:45,TX15,207.1,100,20689,-21,-0.10,0,3,0.01,-21,-0.10,-749,-0.75,1
1436,Entry short,2017-05-10 07:30,C0|S|MKT|15|v0.3.0-tier0|SPY,206.89,100,20689,-21,-0.10,0,3,0.01,-21,-0.10,-749,-0.75,1
1437,Exit short,2017-05-11 07:15,TX15,206.36,100,20633,-3,-0.01,0,20,0.10,-10,-0.05,-752,-0.75,1
1437,Entry short,2017-05-11 07:00,C0|S|MKT|15|v0.3.0-tier0|SPY,206.33,100,20633,-3,-0.01,0,20,0.10,-10,-0.05,-752,-0.75,1
1438,Exit short,2017-05-12 07:45,TX15,206.58,100,20652,-6,-0.03,0,3,0.01,-10,-0.05,-758,-0.76,1
1438,Entry short,2017-05-12 07:30,C0|S|MKT|15|v0.3.0-tier0|SPY,206.52,100,20652,-6,-0.03,0,3,0.01,-10,-0.05,-758,-0.76,1
1439,Exit long,2017-05-15 07:15,TX15,207.71,100,20760,11,0.05,0,18,0.09,-1,0.00,-747,-0.75,1
1439,Entry long,2017-05-15 07:00,C0|L|MKT|15|v0.3.0-tier0|SPY,207.6,100,20760,11,0.05,0,18,0.09,-1,0.00,-747,-0.75,1
1440,Exit short,2017-05-16 07:45,TX15,207.33,100,20755,22,0.11,0,29,0.14,-4,-0.02,-725,-0.73,1
1440,Entry short,2017-05-16 07:30,C0|S|MKT|15|v0.3.0-tier0|SPY,207.55,100,20755,22,0.11,0,29,0.14,-4,-0.02,-725,-0.73,1
1441,Exit short,2017-05-17 07:15,TX15,205.54,100,20564,10,0.05,0,22,0.11,-18,-0.09,-715,-0.71,1
1441,Entry short,2017-05-17 07:00,C0|S|MKT|15|v0.3.0-tier0|SPY,205.64,100,20564,10,0.05,0,22,0.11,-18,-0.09,-715,-0.71,1
1442,Exit long,2017-05-18 07:30,TX15,204.77,100,20453,24,0.12,0,35,0.17,-10,-0.05,-691,-0.69,1
1442,Entry long,2017-05-18 07:15,C0|L|MKT|15|v0.3.0-tier0|SPY,204.53,100,20453,24,0.12,0,35,0.17,-10,-0.05,-691,-0.69,1
1443,Exit long,2017-05-19 07:15,TX15,206.06,100,20586,20,0.10,0,20,0.10,-4,-0.02,-671,-0.67,1
1443,Entry long,2017-05-19 07:00,C0|L|MKT|15|v0.3.0-tier0|SPY,205.86,100,20586,20,0.10,0,20,0.10,-4,-0.02,-671,-0.67,1
1444,Exit short,2017-05-23 07:15,TX15,207.33,100,20727,-6,-0.03,0,11,0.05,-14,-0.07,-677,-0.68,1
1444,Entry short,2017-05-23 07:00,C0|S|MKT|15|v0.3.0-tier0|SPY,207.27,100,20727,-6,-0.03,0,11,0.05,-14,-0.07,-677,-0.68,1
1445,Exit long,2017-05-25 07:15,TX15,209.01,100,20880,21,0.10,0,23,0.11,-6,-0.03,-656,-0.66,1
1445,Entry long,2017-05-25 07:00,C0|L|MKT|15|v0.3.0-tier0|SPY,208.8,100,20880,21,0.10,0,23,0.11,-6,-0.03,-656,-0.66,1
1446,Exit long,2017-05-26 07:15,TX15,209.05,100,20907,-2,-0.01,0,9,0.04,-8,-0.04,-658,-0.66,1
1446,Entry long,2017-05-26 07:00,C0|L|MKT|15|v0.3.0-tier0|SPY,209.07,100,20907,-2,-0.01,0,9,0.04,-8,-0.04,-658,-0.66,1
1447,Exit short,2017-05-31 07:15,TX15,208.41,100,20842,1,0.00,0,29,0.14,-1,0.00,-657,-0.66,1
1447,Entry short,2017-05-31 07:00,C0|S|MKT|15|v0.3.0-tier0|SPY,208.42,100,20842,1,0.00,0,29,0.14,-1,0.00,-657,-0.66,1
1448,Exit long,2017-06-05 07:15,TX15,211.18,100,21111,7,0.03,0,19,0.09,-1,0.00,-650,-0.65,1
1448,Entry long,2017-06-05 07:00,C0|L|MKT|15|v0.3.0-tier0|SPY,211.11,100,21111,7,0.03,0,19,0.09,-1,0.00,-650,-0.65,1
1449,Exit long,2017-06-06 07:15,TX15,210.78,100,21074,4,0.02,0,5,0.02,-16,-0.08,-646,-0.65,1
1449,Entry long,2017-06-06 07:00,C0|L|MKT|15|v0.3.0-tier0|SPY,210.74,100,21074,4,0.02,0,5,0.02,-16,-0.08,-646,-0.65,1
1450,Exit short,2017-06-08 07:15,TX15,210.7,100,21067,-3,-0.01,0,3,0.01,-18,-0.09,-649,-0.65,1
1450,Entry short,2017-06-08 07:00,C0|S|MKT|15|v0.3.0-tier0|SPY,210.67,100,21067,-3,-0.01,0,3,0.01,-18,-0.09,-649,-0.65,1
1451,Exit long,2017-06-09 07:15,TX15,211.56,100,21145,11,0.05,0,22,0.10,-7,-0.03,-638,-0.64,1
1451,Entry long,2017-06-09 07:00,C0|L|MKT|15|v0.3.0-tier0|SPY,211.45,100,21145,11,0.05,0,22,0.10,-7,-0.03,-638,-0.64,1
1452,Exit short,2017-06-12 07:15,TX15,209.92,100,20986,-6,-0.03,0,22,0.10,-14,-0.07,-644,-0.64,1
1452,Entry short,2017-06-12 07:00,C0|S|MKT|15|v0.3.0-tier0|SPY,209.86,100,20986,-6,-0.03,0,22,0.10,-14,-0.07,-644,-0.64,1
1453,Exit long,2017-06-19 07:15,TX15,212.31,100,21197,34,0.16,0,42,0.20,-3,-0.01,-610,-0.61,1
1453,Entry long,2017-06-19 07:00,C0|L|MKT|15|v0.3.0-tier0|SPY,211.97,100,21197,34,0.16,0,42,0.20,-3,-0.01,-610,-0.61,1
1454,Exit short,2017-06-20 07:15,TX15,212.01,100,21193,-8,-0.04,0,8,0.04,-12,-0.06,-618,-0.62,1
1454,Entry short,2017-06-20 07:00,C0|S|MKT|15|v0.3.0-tier0|SPY,211.93,100,21193,-8,-0.04,0,8,0.04,-12,-0.06,-618,-0.62,1
1455,Exit short,2017-06-21 07:15,TX15,211.31,100,21128,-3,-0.01,0,0,0.00,-18,-0.09,-621,-0.62,1
1455,Entry short,2017-06-21 07:00,C0|S|MKT|15|v0.3.0-tier0|SPY,211.28,100,21128,-3,-0.01,0,0,0.00,-18,-0.09,-621,-0.62,1
1456,Exit long,2017-06-23 07:45,TX15,211.48,100,21115,33,0.16,0,34,0.16,-1,0.00,-588,-0.59,1
1456,Entry long,2017-06-23 07:30,C0|L|MKT|15|v0.3.0-tier0|SPY,211.15,100,21115,33,0.16,0,34,0.16,-1,0.00,-588,-0.59,1
1457,Exit long,2017-06-26 07:15,TX15,212.2,100,21238,-18,-0.08,0,0,0.00,-25,-0.12,-606,-0.61,1
1457,Entry long,2017-06-26 07:00,C0|L|MKT|15|v0.3.0-tier0|SPY,212.38,100,21238,-18,-0.08,0,0,0.00,-25,-0.12,-606,-0.61,1
1458,Exit short,2017-06-28 07:15,TX15,210.93,100,21061,-32,-0.15,0,1,0.00,-48,-0.23,-638,-0.64,1
1458,Entry short,2017-06-28 07:00,C0|S|MKT|15|v0.3.0-tier0|SPY,210.61,100,21061,-32,-0.15,0,1,0.00,-48,-0.23,-638,-0.64,1
1459,Exit short,2017-06-29 07:30,TX15,210.94,100,21078,-16,-0.08,0,18,0.09,-20,-0.09,-654,-0.65,1
1459,Entry short,2017-06-29 07:15,C0|S|MKT|15|v0.3.0-tier0|SPY,210.78,100,21078,-16,-0.08,0,18,0.09,-20,-0.09,-654,-0.65,1
1460,Exit short,2017-06-30 07:15,TX15,210.07,100,21041,34,0.16,0,38,0.18,-3,-0.01,-620,-0.62,1
1460,Entry short,2017-06-30 07:00,C0|S|MKT|15|v0.3.0-tier0|SPY,210.41,100,21041,34,0.16,0,38,0.18,-3,-0.01,-620,-0.62,1
1461,Exit long,2017-07-03 07:30,TX15,211.23,100,21148,-25,-0.12,0,4,0.02,-33,-0.16,-645,-0.64,1
1461,Entry long,2017-07-03 07:15,C0|L|MKT|15|v0.3.0-tier0|SPY,211.48,100,21148,-25,-0.12,0,4,0.02,-33,-0.16,-645,-0.64,1
1462,Exit short,2017-07-05 07:30,TX15,210.31,100,21017,-14,-0.07,0,9,0.04,-14,-0.07,-659,-0.66,1
1462,Entry short,2017-07-05 07:15,C0|S|MKT|15|v0.3.0-tier0|SPY,210.17,100,21017,-14,-0.07,0,9,0.04,-14,-0.07,-659,-0.66,1
1463,Exit short,2017-07-06 07:15,TX15,209.73,100,20972,-1,0.00,0,39,0.19,-16,-0.08,-660,-0.66,1
1463,Entry short,2017-07-06 07:00,C0|S|MKT|15|v0.3.0-tier0|SPY,209.72,100,20972,-1,0.00,0,39,0.19,-16,-0.08,-660,-0.66,1
1464,Exit long,2017-07-07 07:15,TX15,209.81,100,20988,-7,-0.03,0,2,0.01,-23,-0.11,-667,-0.67,1
1464,Entry long,2017-07-07 07:00,C0|L|MKT|15|v0.3.0-tier0|SPY,209.88,100,20988,-7,-0.03,0,2,0.01,-23,-0.11,-667,-0.67,1
1465,Exit long,2017-07-11 07:45,TX15,210.61,100,21057,4,0.02,0,10,0.05,0,0.00,-663,-0.66,1
1465,Entry long,2017-07-11 07:30,C0|L|MKT|15|v0.3.0-tier0|SPY,210.57,100,21057,4,0.02,0,10,0.05,0,0.00,-663,-0.66,1
1466,Exit long,2017-07-12 07:15,TX15,211.96,100,21195,1,0.00,0,9,0.04,-8,-0.04,-662,-0.66,1
1466,Entry long,2017-07-12 07:00,C0|L|MKT|15|v0.3.0-tier0|SPY,211.95,100,21195,1,0.00,0,9,0.04,-8,-0.04,-662,-0.66,1
1467,Exit short,2017-07-13 07:45,TX15,211.99,100,21194,-5,-0.02,0,7,0.03,-16,-0.08,-667,-0.67,1
1467,Entry short,2017-07-13 07:30,C0|S|MKT|15|v0.3.0-tier0|SPY,211.94,100,21194,-5,-0.02,0,7,0.03,-16,-0.08,-667,-0.67,1
1468,Exit long,2017-07-17 07:15,TX15,213.53,100,21350,3,0.01,0,9,0.04,-7,-0.03,-664,-0.66,1
1468,Entry long,2017-07-17 07:00,C0|L|MKT|15|v0.3.0-tier0|SPY,213.5,100,21350,3,0.01,0,9,0.04,-7,-0.03,-664,-0.66,1
1469,Exit long,2017-07-18 07:30,TX15,213.12,100,21318,-6,-0.03,0,3,0.01,-8,-0.04,-670,-0.67,1
1469,Entry long,2017-07-18 07:15,C0|L|MKT|15|v0.3.0-tier0|SPY,213.18,100,21318,-6,-0.03,0,3,0.01,-8,-0.04,-670,-0.67,1
1470,Exit long,2017-07-19 07:15,TX15,214.09,100,21413,-4,-0.02,0,13,0.06,-10,-0.05,-674,-0.67,1
1470,Entry long,2017-07-19 07:00,C0|L|MKT|15|v0.3.0-tier0|SPY,214.13,100,21413,-4,-0.02,0,13,0.06,-10,-0.05,-674,-0.67,1
1471,Exit short,2017-07-20 07:45,TX15,214.44,100,21471,27,0.13,0,50,0.23,-7,-0.03,-647,-0.65,1
1471,Entry short,2017-07-20 07:30,C0|S|MKT|15|v0.3.0-tier0|SPY,214.71,100,21471,27,0.13,0,50,0.23,-7,-0.03,-647,-0.65,1
1472,Exit short,2017-07-21 07:15,TX15,214.2,100,21409,-11,-0.05,0,13,0.06,-14,-0.07,-658,-0.66,1
1472,Entry short,2017-07-21 07:00,C0|S|MKT|15|v0.3.0-tier0|SPY,214.09,100,21409,-11,-0.05,0,13,0.06,-14,-0.07,-658,-0.66,1
1473,Exit short,2017-07-25 07:30,TX15,215.11,100,21489,-22,-0.10,0,0,0.00,-29,-0.13,-680,-0.68,1
1473,Entry short,2017-07-25 07:15,C0|S|MKT|15|v0.3.0-tier0|SPY,214.89,100,21489,-22,-0.10,0,0,0.00,-29,-0.13,-680,-0.68,1
1474,Exit short,2017-07-27 07:15,TX15,215.31,100,21520,-11,-0.05,0,2,0.01,-11,-0.05,-691,-0.69,1
1474,Entry short,2017-07-27 07:00,C0|S|MKT|15|v0.3.0-tier0|SPY,215.2,100,21520,-11,-0.05,0,2,0.01,-11,-0.05,-691,-0.69,1
1475,Exit short,2017-07-28 07:45,TX15,214.17,100,21412,-5,-0.02,0,14,0.07,-8,-0.04,-696,-0.70,1
1475,Entry short,2017-07-28 07:30,C0|S|MKT|15|v0.3.0-tier0|SPY,214.12,100,21412,-5,-0.02,0,14,0.07,-8,-0.04,-696,-0.70,1
1476,Exit short,2017-07-31 07:15,TX15,214.62,100,21470,8,0.04,0,24,0.11,-3,-0.01,-688,-0.69,1
1476,Entry short,2017-07-31 07:00,C0|S|MKT|15|v0.3.0-tier0|SPY,214.7,100,21470,8,0.04,0,24,0.11,-3,-0.01,-688,-0.69,1
1477,Exit short,2017-08-01 07:15,TX15,214.91,100,21468,-23,-0.11,0,2,0.01,-25,-0.12,-711,-0.71,1
1477,Entry short,2017-08-01 07:00,C0|S|MKT|15|v0.3.0-tier0|SPY,214.68,100,21468,-23,-0.11,0,2,0.01,-25,-0.12,-711,-0.71,1
1478,Exit short,2017-08-02 07:15,TX15,215,100,21484,-16,-0.07,0,0,0.00,-25,-0.12,-727,-0.73,1
1478,Entry short,2017-08-02 07:00,C0|S|MKT|15|v0.3.0-tier0|SPY,214.84,100,21484,-16,-0.07,0,0,0.00,-25,-0.12,-727,-0.73,1
1479,Exit short,2017-08-03 07:15,TX15,214.62,100,21466,4,0.02,0,10,0.05,-13,-0.06,-723,-0.72,1
1479,Entry short,2017-08-03 07:00,C0|S|MKT|15|v0.3.0-tier0|SPY,214.66,100,21466,4,0.02,0,10,0.05,-13,-0.06,-723,-0.72,1
1480,Exit short,2017-08-04 07:15,TX15,214.8,100,21490,10,0.05,0,25,0.12,-4,-0.02,-713,-0.71,1
1480,Entry short,2017-08-04 07:00,C0|S|MKT|15|v0.3.0-tier0|SPY,214.9,100,21490,10,0.05,0,25,0.12,-4,-0.02,-713,-0.71,1
1481,Exit long,2017-08-07 07:15,TX15,215.15,100,21517,-2,-0.01,0,5,0.02,-2,-0.01,-715,-0.71,1
1481,Entry long,2017-08-07 07:00,C0|L|MKT|15|v0.3.0-tier0|SPY,215.17,100,21517,-2,-0.01,0,5,0.02,-2,-0.01,-715,-0.71,1
1482,Exit long,2017-08-08 07:15,TX15,215.26,100,21520,6,0.03,0,7,0.03,-2,-0.01,-709,-0.71,1
1482,Entry long,2017-08-08 07:00,C0|L|MKT|15|v0.3.0-tier0|SPY,215.2,100,21520,6,0.03,0,7,0.03,-2,-0.01,-709,-0.71,1
1483,Exit short,2017-08-10 07:30,TX15,213.45,100,21325,-20,-0.09,0,14,0.07,-20,-0.09,-729,-0.73,1
1483,Entry short,2017-08-10 07:15,C0|S|MKT|15|v0.3.0-tier0|SPY,213.25,100,21325,-20,-0.09,0,14,0.07,-20,-0.09,-729,-0.73,1
1484,Exit long,2017-08-11 07:30,TX15,212.45,100,21250,-5,-0.02,0,7,0.03,-10,-0.05,-734,-0.73,1
1484,Entry long,2017-08-11 07:15,C0|L|MKT|15|v0.3.0-tier0|SPY,212.5,100,21250,-5,-0.02,0,7,0.03,-10,-0.05,-734,-0.73,1
1485,Exit long,2017-08-14 07:15,TX15,213.95,100,21397,-2,-0.01,0,14,0.07,-2,-0.01,-736,-0.74,1
1485,Entry long,2017-08-14 07:00,C0|L|MKT|15|v0.3.0-tier0|SPY,213.97,100,21397,-2,-0.01,0,14,0.07,-2,-0.01,-736,-0.74,1
1486,Exit short,2017-08-15 07:30,TX15,214.19,100,21412,-7,-0.03,0,12,0.06,-13,-0.06,-743,-0.74,1
1486,Entry short,2017-08-15 07:15,C0|S|MKT|15|v0.3.0-tier0|SPY,214.12,100,21412,-7,-0.03,0,12,0.06,-13,-0.06,-743,-0.74,1
1487,Exit long,2017-08-16 07:45,TX15,214.98,100,21491,7,0.03,0,8,0.04,-8,-0.04,-736,-0.74,1
1487,Entry long,2017-08-16 07:30,C0|L|MKT|15|v0.3.0-tier0|SPY,214.91,100,21491,7,0.03,0,8,0.04,-8,-0.04,-736,-0.74,1
1488,Exit short,2017-08-17 07:15,TX15,213.47,100,21386,39,0.18,0,42,0.20,-8,-0.04,-697,-0.70,1
1488,Entry short,2017-08-17 07:00,C0|S|MKT|15|v0.3.0-tier0|SPY,213.86,100,21386,39,0.18,0,42,0.20,-8,-0.04,-697,-0.70,1
1489,Exit short,2017-08-18 07:15,TX15,211.03,100,21051,-52,-0.25,0,0,0.00,-62,-0.29,-749,-0.75,1
1489,Entry short,2017-08-18 07:00,C0|S|MKT|15|v0.3.0-tier0|SPY,210.51,100,21051,-52,-0.25,0,0,0.00,-62,-0.29,-749,-0.75,1
1490,Exit short,2017-08-21 07:15,TX15,210.47,100,21061,14,0.07,0,26,0.12,-3,-0.01,-735,-0.73,1
1490,Entry short,2017-08-21 07:00,C0|S|MKT|15|v0.3.0-tier0|SPY,210.61,100,21061,14,0.07,0,26,0.12,-3,-0.01,-735,-0.73,1
1491,Exit long,2017-08-22 07:30,TX15,212.47,100,21245,2,0.01,0,10,0.05,-7,-0.03,-733,-0.73,1
1491,Entry long,2017-08-22 07:15,C0|L|MKT|15|v0.3.0-tier0|SPY,212.45,100,21245,2,0.01,0,10,0.05,-7,-0.03,-733,-0.73,1
1492,Exit long,2017-08-23 07:15,TX15,212.61,100,21275,-14,-0.07,0,0,0.00,-34,-0.16,-747,-0.75,1
1492,Entry long,2017-08-23 07:00,C0|L|MKT|15|v0.3.0-tier0|SPY,212.75,100,21275,-14,-0.07,0,0,0.00,-34,-0.16,-747,-0.75,1
1493,Exit short,2017-08-24 07:15,TX15,212.29,100,21223,-6,-0.03,0,16,0.08,-16,-0.08,-753,-0.75,1
1493,Entry short,2017-08-24 07:00,C0|S|MKT|15|v0.3.0-tier0|SPY,212.23,100,21223,-6,-0.03,0,16,0.08,-16,-0.08,-753,-0.75,1
1494,Exit long,2017-08-25 07:15,TX15,213.27,100,21317,10,0.05,0,30,0.14,-3,-0.01,-743,-0.74,1
1494,Entry long,2017-08-25 07:00,C0|L|MKT|15|v0.3.0-tier0|SPY,213.17,100,21317,10,0.05,0,30,0.14,-3,-0.01,-743,-0.74,1
1495,Exit short,2017-08-28 07:15,TX15,212.62,100,21262,0,0.00,0,16,0.08,-8,-0.04,-743,-0.74,1
1495,Entry short,2017-08-28 07:00,C0|S|MKT|15|v0.3.0-tier0|SPY,212.62,100,21262,0,0.00,0,16,0.08,-8,-0.04,-743,-0.74,1
1496,Exit long,2017-08-29 07:15,TX15,211.75,100,21189,-14,-0.07,0,7,0.03,-28,-0.13,-757,-0.76,1
1496,Entry long,2017-08-29 07:00,C0|L|MKT|15|v0.3.0-tier0|SPY,211.89,100,21189,-14,-0.07,0,7,0.03,-28,-0.13,-757,-0.76,1
1497,Exit long,2017-08-30 07:15,TX15,213.02,100,21303,-1,0.00,0,4,0.02,-11,-0.05,-758,-0.76,1
1497,Entry long,2017-08-30 07:00,C0|L|MKT|15|v0.3.0-tier0|SPY,213.03,100,21303,-1,0.00,0,4,0.02,-11,-0.05,-758,-0.76,1
1498,Exit long,2017-08-31 07:30,TX15,214.84,100,21491,-7,-0.03,0,3,0.01,-11,-0.05,-765,-0.76,1
1498,Entry long,2017-08-31 07:15,C0|L|MKT|15|v0.3.0-tier0|SPY,214.91,100,21491,-7,-0.03,0,3,0.01,-11,-0.05,-765,-0.76,1
1499,Exit short,2017-09-07 07:15,TX15,214.29,100,21460,31,0.14,0,42,0.20,0,0.00,-734,-0.73,1
1499,Entry short,2017-09-07 07:00,C0|S|MKT|15|v0.3.0-tier0|SPY,214.6,100,21460,31,0.14,0,42,0.20,0,0.00,-734,-0.73,1
1500,Exit long,2017-09-08 07:15,TX15,214.4,100,21442,-2,-0.01,0,13,0.06,-9,-0.04,-736,-0.74,1
1500,Entry long,2017-09-08 07:00,C0|L|MKT|15|v0.3.0-tier0|SPY,214.42,100,21442,-2,-0.01,0,13,0.06,-9,-0.04,-736,-0.74,1
1501,Exit long,2017-09-11 07:30,TX15,216.12,100,21617,-5,-0.02,0,5,0.02,-8,-0.04,-741,-0.74,1
1501,Entry long,2017-09-11 07:15,C0|L|MKT|15|v0.3.0-tier0|SPY,216.17,100,21617,-5,-0.02,0,5,0.02,-8,-0.04,-741,-0.74,1
1502,Exit long,2017-09-13 07:15,TX15,217.32,100,21725,7,0.03,0,8,0.04,-7,-0.03,-734,-0.73,1
1502,Entry long,2017-09-13 07:00,C0|L|MKT|15|v0.3.0-tier0|SPY,217.25,100,21725,7,0.03,0,8,0.04,-7,-0.03,-734,-0.73,1
1503,Exit long,2017-09-14 07:15,TX15,217.25,100,21725,0,0.00,0,0,0.00,-13,-0.06,-734,-0.73,1
1503,Entry long,2017-09-14 07:00,C0|L|MKT|15|v0.3.0-tier0|SPY,217.25,100,21725,0,0.00,0,0,0.00,-13,-0.06,-734,-0.73,1
1504,Exit short,2017-09-15 07:30,TX15,217.28,100,21714,-14,-0.06,0,0,0.00,-17,-0.08,-748,-0.75,1
1504,Entry short,2017-09-15 07:15,C0|S|MKT|15|v0.3.0-tier0|SPY,217.14,100,21714,-14,-0.06,0,0,0.00,-17,-0.08,-748,-0.75,1
1505,Exit long,2017-09-18 07:15,TX15,218.33,100,21835,-2,-0.01,0,5,0.02,-5,-0.02,-750,-0.75,1
1505,Entry long,2017-09-18 07:00,C0|L|MKT|15|v0.3.0-tier0|SPY,218.35,100,21835,-2,-0.01,0,5,0.02,-5,-0.02,-750,-0.75,1
1506,Exit short,2017-09-20 07:30,TX15,218.32,100,21829,-3,-0.01,0,5,0.02,-5,-0.02,-753,-0.75,1
1506,Entry short,2017-09-20 07:15,C0|S|MKT|15|v0.3.0-tier0|SPY,218.29,100,21829,-3,-0.01,0,5,0.02,-5,-0.02,-753,-0.75,1
1507,Exit short,2017-09-21 07:15,TX15,217.88,100,21784,-4,-0.02,0,6,0.03,-7,-0.03,-757,-0.76,1
1507,Entry short,2017-09-21 07:00,C0|S|MKT|15|v0.3.0-tier0|SPY,217.84,100,21784,-4,-0.02,0,6,0.03,-7,-0.03,-757,-0.76,1
1508,Exit long,2017-09-22 07:45,TX15,217.74,100,21778,-4,-0.02,0,7,0.03,-7,-0.03,-761,-0.76,1
1508,Entry long,2017-09-22 07:30,C0|L|MKT|15|v0.3.0-tier0|SPY,217.78,100,21778,-4,-0.02,0,7,0.03,-7,-0.03,-761,-0.76,1
1509,Exit long,2017-09-25 07:30,TX15,217.85,100,21792,-7,-0.03,0,5,0.02,-9,-0.04,-768,-0.77,1
1509,Entry long,2017-09-25 07:15,C0|L|MKT|15|v0.3.0-tier0|SPY,217.92,100,21792,-7,-0.03,0,5,0.02,-9,-0.04,-768,-0.77,1
1510,Exit short,2017-09-27 07:15,TX15,217.98,100,21814,16,0.07,0,21,0.10,-10,-0.05,-752,-0.75,1
1510,Entry short,2017-09-27 07:00,C0|S|MKT|15|v0.3.0-tier0|SPY,218.14,100,21814,16,0.07,0,21,0.10,-10,-0.05,-752,-0.75,1
1511,Exit long,2017-09-28 07:45,TX15,218.5,100,21832,18,0.08,0,20,0.09,-4,-0.02,-734,-0.73,1
1511,Entry long,2017-09-28 07:30,C0|L|MKT|15|v0.3.0-tier0|SPY,218.32,100,21832,18,0.08,0,20,0.09,-4,-0.02,-734,-0.73,1
1512,Exit long,2017-10-02 07:15,TX15,220.04,100,21999,5,0.02,0,13,0.06,-9,-0.04,-729,-0.73,1
1512,Entry long,2017-10-02 07:00,C0|L|MKT|15|v0.3.0-tier0|SPY,219.99,100,21999,5,0.02,0,13,0.06,-9,-0.04,-729,-0.73,1
1513,Exit long,2017-10-05 07:30,TX15,221.59,100,22161,-2,-0.01,0,6,0.03,-3,-0.01,-731,-0.73,1
1513,Entry long,2017-10-05 07:15,C0|L|MKT|15|v0.3.0-tier0|SPY,221.61,100,22161,-2,-0.01,0,6,0.03,-3,-0.01,-731,-0.73,1
1514,Exit long,2017-10-06 07:30,TX15,222.23,100,22218,5,0.02,0,7,0.03,-7,-0.03,-726,-0.73,1
1514,Entry long,2017-10-06 07:15,C0|L|MKT|15|v0.3.0-tier0|SPY,222.18,100,22218,5,0.02,0,7,0.03,-7,-0.03,-726,-0.73,1
1515,Exit short,2017-10-09 07:15,TX15,222.05,100,22211,6,0.03,0,10,0.05,-4,-0.02,-720,-0.72,1
1515,Entry short,2017-10-09 07:00,C0|S|MKT|15|v0.3.0-tier0|SPY,222.11,100,22211,6,0.03,0,10,0.05,-4,-0.02,-720,-0.72,1
1516,Exit short,2017-10-10 07:30,TX15,222.18,100,22224,6,0.03,0,36,0.16,0,0.00,-714,-0.71,1
1516,Entry short,2017-10-10 07:15,C0|S|MKT|15|v0.3.0-tier0|SPY,222.24,100,22224,6,0.03,0,36,0.16,0,0.00,-714,-0.71,1
1517,Exit long,2017-10-12 07:45,TX15,222.59,100,22256,3,0.01,0,12,0.05,-1,0.00,-711,-0.71,1
1517,Entry long,2017-10-12 07:30,C0|L|MKT|15|v0.3.0-tier0|SPY,222.56,100,22256,3,0.01,0,12,0.05,-1,0.00,-711,-0.71,1
1518,Exit long,2017-10-13 07:45,TX15,222.94,100,22292,2,0.01,0,3,0.01,-3,-0.01,-709,-0.71,1
1518,Entry long,2017-10-13 07:30,C0|L|MKT|15|v0.3.0-tier0|SPY,222.92,100,22292,2,0.01,0,3,0.01,-3,-0.01,-709,-0.71,1
1519,Exit short,2017-10-16 07:45,TX15,222.74,100,22281,7,0.03,0,9,0.04,-1,0.00,-702,-0.70,1
1519,Entry short,2017-10-16 07:30,C0|S|MKT|15|v0.3.0-tier0|SPY,222.81,100,22281,7,0.03,0,9,0.04,-1,0.00,-702,-0.70,1
1520,Exit long,2017-10-17 07:30,TX15,222.89,100,22301,-12,-0.05,0,1,0.00,-15,-0.07,-714,-0.71,1
1520,Entry long,2017-10-17 07:15,C0|L|MKT|15|v0.3.0-tier0|SPY,223.01,100,22301,-12,-0.05,0,1,0.00,-15,-0.07,-714,-0.71,1
1521,Exit short,2017-10-18 07:30,TX15,223.31,100,22323,-8,-0.04,0,1,0.00,-9,-0.04,-722,-0.72,1
1521,Entry short,2017-10-18 07:15,C0|S|MKT|15|v0.3.0-tier0|SPY,223.23,100,22323,-8,-0.04,0,1,0.00,-9,-0.04,-722,-0.72,1
1522,Exit short,2017-10-19 07:15,TX15,222.4,100,22234,-6,-0.03,0,18,0.08,-7,-0.03,-728,-0.73,1
1522,Entry short,2017-10-19 07:00,C0|S|MKT|15|v0.3.0-tier0|SPY,222.34,100,22234,-6,-0.03,0,18,0.08,-7,-0.03,-728,-0.73,1
1523,Exit long,2017-10-20 07:30,TX15,224.11,100,22424,-13,-0.06,0,1,0.00,-16,-0.07,-741,-0.74,1
1523,Entry long,2017-10-20 07:15,C0|L|MKT|15|v0.3.0-tier0|SPY,224.24,100,22424,-13,-0.06,0,1,0.00,-16,-0.07,-741,-0.74,1
1524,Exit short,2017-10-23 07:45,TX15,224.6,100,22457,-3,-0.01,0,1,0.00,-10,-0.04,-744,-0.74,1
1524,Entry short,2017-10-23 07:30,C0|S|MKT|15|v0.3.0-tier0|SPY,224.57,100,22457,-3,-0.01,0,1,0.00,-10,-0.04,-744,-0.74,1
1525,Exit short,2017-10-24 07:15,TX15,223.96,100,22375,-21,-0.09,0,2,0.01,-22,-0.10,-765,-0.76,1
1525,Entry short,2017-10-24 07:00,C0|S|MKT|15|v0.3.0-tier0|SPY,223.75,100,22375,-21,-0.09,0,2,0.01,-22,-0.10,-765,-0.76,1
1526,Exit short,2017-10-25 07:15,TX15,223.36,100,22343,7,0.03,0,8,0.04,-18,-0.08,-758,-0.76,1
1526,Entry short,2017-10-25 07:00,C0|S|MKT|15|v0.3.0-tier0|SPY,223.43,100,22343,7,0.03,0,8,0.04,-18,-0.08,-758,-0.76,1
1527,Exit short,2017-10-26 07:30,TX15,223.42,100,22331,-11,-0.05,0,9,0.04,-12,-0.05,-769,-0.77,1
1527,Entry short,2017-10-26 07:15,C0|S|MKT|15|v0.3.0-tier0|SPY,223.31,100,22331,-11,-0.05,0,9,0.04,-12,-0.05,-769,-0.77,1
1528,Exit long,2017-10-27 07:30,TX15,224.29,100,22432,-3,-0.01,0,14,0.06,-7,-0.03,-772,-0.77,1
1528,Entry long,2017-10-27 07:15,C0|L|MKT|15|v0.3.0-tier0|SPY,224.32,100,22432,-3,-0.01,0,14,0.06,-7,-0.03,-772,-0.77,1
1529,Exit long,2017-10-30 07:45,TX15,224.94,100,22488,6,0.03,0,11,0.05,-1,0.00,-766,-0.77,1
1529,Entry long,2017-10-30 07:30,C0|L|MKT|15|v0.3.0-tier0|SPY,224.88,100,22488,6,0.03,0,11,0.05,-1,0.00,-766,-0.77,1
1530,Exit short,2017-10-31 07:15,TX15,224.35,100,22442,7,0.03,0,12,0.05,-6,-0.03,-759,-0.76,1
1530,Entry short,2017-10-31 07:00,C0|S|MKT|15|v0.3.0-tier0|SPY,224.42,100,22442,7,0.03,0,12,0.05,-6,-0.03,-759,-0.76,1
1531,Exit long,2017-11-01 07:15,TX15,225.49,100,22560,-11,-0.05,0,1,0.00,-11,-0.05,-770,-0.77,1
1531,Entry long,2017-11-01 07:00,C0|L|MKT|15|v0.3.0-tier0|SPY,225.6,100,22560,-11,-0.05,0,1,0.00,-11,-0.05,-770,-0.77,1
1532,Exit short,2017-11-02 07:30,TX15,224.16,100,22387,-29,-0.13,0,1,0.00,-32,-0.14,-799,-0.80,1
1532,Entry short,2017-11-02 07:15,C0|S|MKT|15|v0.3.0-tier0|SPY,223.87,100,22387,-29,-0.13,0,1,0.00,-32,-0.14,-799,-0.80,1
1533,Exit long,2017-11-06 07:15,TX15,225.76,100,22586,-10,-0.04,0,2,0.01,-12,-0.05,-809,-0.81,1
1533,Entry long,2017-11-06 07:00,C0|L|MKT|15|v0.3.0-tier0|SPY,225.86,100,22586,-10,-0.04,0,2,0.01,-12,-0.05,-809,-0.81,1
1534,Exit short,2017-11-08 07:15,TX15,225.82,100,22557,-25,-0.11,0,0,0.00,-25,-0.11,-834,-0.83,1
1534,Entry short,2017-11-08 07:00,C0|S|MKT|15|v0.3.0-tier0|SPY,225.57,100,22557,-25,-0.11,0,0,0.00,-25,-0.11,-834,-0.83,1
1535,Exit long,2017-11-09 07:45,TX15,225.29,100,22545,-16,-0.07,0,4,0.02,-30,-0.13,-850,-0.85,1
1535,Entry long,2017-11-09 07:30,C0|L|MKT|15|v0.3.0-tier0|SPY,225.45,100,22545,-16,-0.07,0,4,0.02,-30,-0.13,-850,-0.85,1
1536,Exit long,2017-11-13 07:15,TX15,225.44,100,22519,25,0.11,0,37,0.16,0,0.00,-825,-0.82,1
1536,Entry long,2017-11-13 07:00,C0|L|MKT|15|v0.3.0-tier0|SPY,225.19,100,22519,25,0.11,0,37,0.16,0,0.00,-825,-0.82,1
1537,Exit short,2017-11-14 07:30,TX15,224.54,100,22451,-3,-0.01,0,4,0.02,-16,-0.07,-828,-0.83,1
1537,Entry short,2017-11-14 07:15,C0|S|MKT|15|v0.3.0-tier0|SPY,224.51,100,22451,-3,-0.01,0,4,0.02,-16,-0.07,-828,-0.83,1
1538,Exit long,2017-11-16 07:30,TX15,225.37,100,22529,8,0.04,0,19,0.08,-2,-0.01,-820,-0.82,1
1538,Entry long,2017-11-16 07:15,C0|L|MKT|15|v0.3.0-tier0|SPY,225.29,100,22529,8,0.04,0,19,0.08,-2,-0.01,-820,-0.82,1
1539,Exit long,2017-11-21 07:30,TX15,227.07,100,22692,15,0.07,0,16,0.07,0,0.00,-805,-0.80,1
1539,Entry long,2017-11-21 07:15,C0|L|MKT|15|v0.3.0-tier0|SPY,226.92,100,22692,15,0.07,0,16,0.07,0,0.00,-805,-0.80,1
1540,Exit short,2017-11-22 07:45,TX15,227.02,100,22694,-8,-0.04,0,12,0.05,-9,-0.04,-813,-0.81,1
1540,Entry short,2017-11-22 07:30,C0|S|MKT|15|v0.3.0-tier0|SPY,226.94,100,22694,-8,-0.04,0,12,0.05,-9,-0.04,-813,-0.81,1
1541,Exit long,2017-11-28 07:30,TX15,227.92,100,22798,-6,-0.03,0,7,0.03,-7,-0.03,-819,-0.82,1
1541,Entry long,2017-11-28 07:15,C0|L|MKT|15|v0.3.0-tier0|SPY,227.98,100,22798,-6,-0.03,0,7,0.03,-7,-0.03,-819,-0.82,1
1542,Exit long,2017-11-29 07:15,TX15,229.98,100,23016,-18,-0.08,0,1,0.00,-20,-0.09,-837,-0.84,1
1542,Entry long,2017-11-29 07:00,C0|L|MKT|15|v0.3.0-tier0|SPY,230.16,100,23016,-18,-0.08,0,1,0.00,-20,-0.09,-837,-0.84,1
1543,Exit long,2017-11-30 07:30,TX15,230.66,100,23075,-9,-0.04,0,0,0.00,-18,-0.08,-846,-0.85,1
1543,Entry long,2017-11-30 07:15,C0|L|MKT|15|v0.3.0-tier0|SPY,230.75,100,23075,-9,-0.04,0,0,0.00,-18,-0.08,-846,-0.85,1
1544,Exit long,2017-12-05 07:45,TX15,231.06,100,23099,7,0.03,0,11,0.05,-17,-0.07,-839,-0.84,1
1544,Entry long,2017-12-05 07:30,C0|L|MKT|15|v0.3.0-tier0|SPY,230.99,100,23099,7,0.03,0,11,0.05,-17,-0.07,-839,-0.84,1
1545,Exit long,2017-12-07 07:15,TX15,230.08,100,23019,-11,-0.05,0,1,0.00,-20,-0.09,-850,-0.85,1
1545,Entry long,2017-12-07 07:00,C0|L|MKT|15|v0.3.0-tier0|SPY,230.19,100,23019,-11,-0.05,0,1,0.00,-20,-0.09,-850,-0.85,1
1546,Exit long,2017-12-11 07:15,TX15,232.32,100,23231,1,0.00,0,10,0.04,-7,-0.03,-849,-0.85,1
1546,Entry long,2017-12-11 07:00,C0|L|MKT|15|v0.3.0-tier0|SPY,232.31,100,23231,1,0.00,0,10,0.04,-7,-0.03,-849,-0.85,1
1547,Exit long,2017-12-12 07:30,TX15,232.92,100,23289,3,0.01,0,10,0.04,-3,-0.01,-846,-0.85,1
1547,Entry long,2017-12-12 07:15,C0|L|MKT|15|v0.3.0-tier0|SPY,232.89,100,23289,3,0.01,0,10,0.04,-3,-0.01,-846,-0.85,1
1548,Exit long,2017-12-15 07:45,TX15,233.54,100,23364,-10,-0.04,0,0,0.00,-23,-0.10,-856,-0.86,1
1548,Entry long,2017-12-15 07:30,C0|L|MKT|15|v0.3.0-tier0|SPY,233.64,100,23364,-10,-0.04,0,0,0.00,-23,-0.10,-856,-0.86,1
1549,Exit short,2017-12-19 07:15,TX15,235.19,100,23516,-3,-0.01,0,1,0.00,-15,-0.06,-859,-0.86,1
1549,Entry short,2017-12-19 07:00,C0|S|MKT|15|v0.3.0-tier0|SPY,235.16,100,23516,-3,-0.01,0,1,0.00,-15,-0.06,-859,-0.86,1
1550,Exit short,2017-12-21 07:15,TX15,234.9,100,23473,-17,-0.07,0,0,0.00,-22,-0.09,-876,-0.88,1
1550,Entry short,2017-12-21 07:00,C0|S|MKT|15|v0.3.0-tier0|SPY,234.73,100,23473,-17,-0.07,0,0,0.00,-22,-0.09,-876,-0.88,1
1551,Exit long,2017-12-27 07:30,TX15,234.85,100,23479,6,0.03,0,9,0.04,-5,-0.02,-870,-0.87,1
1551,Entry long,2017-12-27 07:15,C0|L|MKT|15|v0.3.0-tier0|SPY,234.79,100,23479,6,0.03,0,9,0.04,-5,-0.02,-870,-0.87,1
1552,Exit short,2017-12-28 07:15,TX15,234.91,100,23494,3,0.01,0,12,0.05,-2,-0.01,-867,-0.87,1
1552,Entry short,2017-12-28 07:00,C0|S|MKT|15|v0.3.0-tier0|SPY,234.94,100,23494,3,0.01,0,12,0.05,-2,-0.01,-867,-0.87,1
1553,Exit short,2017-12-29 07:30,TX15,235.24,100,23508,-16,-0.07,0,8,0.03,-19,-0.08,-883,-0.88,1
1553,Entry short,2017-12-29 07:15,C0|S|MKT|15|v0.3.0-tier0|SPY,235.08,100,23508,-16,-0.07,0,8,0.03,-19,-0.08,-883,-0.88,1
1554,Exit long,2018-01-02 07:15,TX15,235.43,100,23526,17,0.07,0,25,0.11,-1,0.00,-866,-0.87,1
1554,Entry long,2018-01-02 07:00,C0|L|MKT|15|v0.3.0-tier0|SPY,235.26,100,23526,17,0.07,0,25,0.11,-1,0.00,-866,-0.87,1
1555,Exit long,2018-01-03 07:15,TX15,236.79,100,23665,14,0.06,0,23,0.10,-2,-0.01,-852,-0.85,1
1555,Entry long,2018-01-03 07:00,C0|L|MKT|15|v0.3.0-tier0|SPY,236.65,100,23665,14,0.06,0,23,0.10,-2,-0.01,-852,-0.85,1
1556,Exit long,2018-01-04 07:15,TX15,238.67,100,23865,2,0.01,0,2,0.01,-16,-0.07,-850,-0.85,1
1556,Entry long,2018-01-04 07:00,C0|L|MKT|15|v0.3.0-tier0|SPY,238.65,100,23865,2,0.01,0,2,0.01,-16,-0.07,-850,-0.85,1
1557,Exit short,2018-01-09 07:15,TX15,240.87,100,24075,-12,-0.05,0,10,0.04,-17,-0.07,-862,-0.86,1
1557,Entry short,2018-01-09 07:00,C0|S|MKT|15|v0.3.0-tier0|SPY,240.75,100,24075,-12,-0.05,0,10,0.04,-17,-0.07,-862,-0.86,1
1558,Exit short,2018-01-10 07:15,TX15,240.17,100,23999,-18,-0.08,0,20,0.08,-18,-0.08,-880,-0.88,1
1558,Entry short,2018-01-10 07:00,C0|S|MKT|15|v0.3.0-tier0|SPY,239.99,100,23999,-18,-0.08,0,20,0.08,-18,-0.08,-880,-0.88,1
1559,Exit long,2018-01-11 07:15,TX15,241.43,100,24148,-5,-0.02,0,15,0.06,-7,-0.03,-885,-0.88,1
1559,Entry long,2018-01-11 07:00,C0|L|MKT|15|v0.3.0-tier0|SPY,241.48,100,24148,-5,-0.02,0,15,0.06,-7,-0.03,-885,-0.88,1
1560,Exit long,2018-01-12 07:15,TX15,243.23,100,24320,3,0.01,0,7,0.03,-17,-0.07,-882,-0.88,1
1560,Entry long,2018-01-12 07:00,C0|L|MKT|15|v0.3.0-tier0|SPY,243.2,100,24320,3,0.01,0,7,0.03,-17,-0.07,-882,-0.88,1
1561,Exit long,2018-01-16 07:15,TX15,245.64,100,24581,-17,-0.07,0,1,0.00,-31,-0.13,-899,-0.90,1
1561,Entry long,2018-01-16 07:00,C0|L|MKT|15|v0.3.0-tier0|SPY,245.81,100,24581,-17,-0.07,0,1,0.00,-31,-0.13,-899,-0.90,1
1562,Exit short,2018-01-17 07:15,TX15,243.98,100,24342,-56,-0.23,0,0,0.00,-60,-0.25,-955,-0.95,1
1562,Entry short,2018-01-17 07:00,C0|S|MKT|15|v0.3.0-tier0|SPY,243.42,100,24342,-56,-0.23,0,0,0.00,-60,-0.25,-955,-0.95,1
1563,Exit short,2018-01-18 07:30,TX15,245.01,100,24508,7,0.03,0,36,0.15,-11,-0.04,-948,-0.95,1
1563,Entry short,2018-01-18 07:15,C0|S|MKT|15|v0.3.0-tier0|SPY,245.08,100,24508,7,0.03,0,36,0.15,-11,-0.04,-948,-0.95,1
1564,Exit short,2018-01-19 07:30,TX15,245.68,100,24536,-32,-0.13,0,13,0.05,-42,-0.17,-980,-0.98,1
1564,Entry short,2018-01-19 07:15,C0|S|MKT|15|v0.3.0-tier0|SPY,245.36,100,24536,-32,-0.13,0,13,0.05,-42,-0.17,-980,-0.98,1
1565,Exit long,2018-01-22 07:15,TX15,246.75,100,24639,36,0.15,0,40,0.16,-6,-0.02,-944,-0.94,1
1565,Entry long,2018-01-22 07:00,C0|L|MKT|15|v0.3.0-tier0|SPY,246.39,100,24639,36,0.15,0,40,0.16,-6,-0.02,-944,-0.94,1
1566,Exit long,2018-01-24 07:15,TX15,249.83,100,24957,26,0.10,0,26,0.10,-6,-0.02,-918,-0.92,1
1566,Entry long,2018-01-24 07:00,C0|L|MKT|15|v0.3.0-tier0|SPY,249.57,100,24957,26,0.10,0,26,0.10,-6,-0.02,-918,-0.92,1
1567,Exit short,2018-01-25 07:15,TX15,248.4,100,24841,1,0.00,0,21,0.08,-40,-0.16,-917,-0.92,1
1567,Entry short,2018-01-25 07:00,C0|S|MKT|15|v0.3.0-tier0|SPY,248.41,100,24841,1,0.00,0,21,0.08,-40,-0.16,-917,-0.92,1
1568,Exit long,2018-01-26 07:15,TX15,249.61,100,24971,-10,-0.04,0,11,0.04,-10,-0.04,-927,-0.93,1
1568,Entry long,2018-01-26 07:00,C0|L|MKT|15|v0.3.0-tier0|SPY,249.71,100,24971,-10,-0.04,0,11,0.04,-10,-0.04,-927,-0.93,1
1569,Exit short,2018-01-30 07:15,TX15,247.38,100,24755,17,0.07,0,67,0.27,-18,-0.07,-910,-0.91,1
1569,Entry short,2018-01-30 07:00,C0|S|MKT|15|v0.3.0-tier0|SPY,247.55,100,24755,17,0.07,0,67,0.27,-18,-0.07,-910,-0.91,1
1570,Exit short,2018-02-02 07:15,TX15,244.99,100,24528,29,0.12,0,88,0.36,0,0.00,-881,-0.88,1
1570,Entry short,2018-02-02 07:00,C0|S|MKT|15|v0.3.0-tier0|SPY,245.28,100,24528,29,0.12,0,88,0.36,0,0.00,-881,-0.88,1
1571,Exit long,2018-02-05 07:30,TX15,242.03,100,24144,59,0.24,0,72,0.30,-23,-0.10,-822,-0.82,1
1571,Entry long,2018-02-05 07:15,C0|L|MKT|15|v0.3.0-tier0|SPY,241.44,100,24144,59,0.24,0,72,0.30,-23,-0.10,-822,-0.82,1
1572,Exit long,2018-02-06 07:15,TX15,232.73,100,23338,-65,-0.28,0,175,0.75,-67,-0.29,-887,-0.89,1
1572,Entry long,2018-02-06 07:00,C0|L|MKT|15|v0.3.0-tier0|SPY,233.38,100,23338,-65,-0.28,0,175,0.75,-67,-0.29,-887,-0.89,1
1573,Exit long,2018-02-07 07:30,TX15,237.4,100,23798,-58,-0.24,0,19,0.08,-67,-0.28,-945,-0.94,1
1573,Entry long,2018-02-07 07:15,C0|L|MKT|15|v0.3.0-tier0|SPY,237.98,100,23798,-58,-0.24,0,19,0.08,-67,-0.28,-945,-0.94,1
1574,Exit short,2018-02-08 07:45,TX15,233.48,100,23357,9,0.04,0,33,0.14,-43,-0.18,-936,-0.94,1
1574,Entry short,2018-02-08 07:30,C0|S|MKT|15|v0.3.0-tier0|SPY,233.57,100,23357,9,0.04,0,33,0.14,-43,-0.18,-936,-0.94,1
1575,Exit short,2018-02-12 07:15,TX15,231.23,100,23148,25,0.11,0,50,0.22,-87,-0.38,-911,-0.91,1
1575,Entry short,2018-02-12 07:00,C0|S|MKT|15|v0.3.0-tier0|SPY,231.48,100,23148,25,0.11,0,50,0.22,-87,-0.38,-911,-0.91,1
1576,Exit long,2018-02-14 07:30,TX15,234.23,100,23390,33,0.14,0,77,0.33,-19,-0.08,-878,-0.88,1
1576,Entry long,2018-02-14 07:15,C0|L|MKT|15|v0.3.0-tier0|SPY,233.9,100,23390,33,0.14,0,77,0.33,-19,-0.08,-878,-0.88,1
1577,Exit long,2018-02-16 07:45,TX15,240.18,100,24020,-2,-0.01,0,37,0.15,-9,-0.04,-880,-0.88,1
1577,Entry long,2018-02-16 07:30,C0|L|MKT|15|v0.3.0-tier0|SPY,240.2,100,24020,-2,-0.01,0,37,0.15,-9,-0.04,-880,-0.88,1
1578,Exit short,2018-02-23 07:45,TX15,238.85,100,23824,-61,-0.26,0,11,0.05,-61,-0.26,-941,-0.94,1
1578,Entry short,2018-02-23 07:30,C0|S|MKT|15|v0.3.0-tier0|SPY,238.24,100,23824,-61,-0.26,0,11,0.05,-61,-0.26,-941,-0.94,1
1579,Exit short,2018-02-26 07:45,TX15,242.2,100,24197,-23,-0.10,0,32,0.13,-26,-0.11,-964,-0.96,1
1579,Entry short,2018-02-26 07:30,C0|S|MKT|15|v0.3.0-tier0|SPY,241.97,100,24197,-23,-0.10,0,32,0.13,-26,-0.11,-964,-0.96,1
1580,Exit long,2018-02-27 07:30,TX15,244.59,100,24459,0,0.00,0,27,0.11,-30,-0.12,-964,-0.96,1
1580,Entry long,2018-02-27 07:15,C0|L|MKT|15|v0.3.0-tier0|SPY,244.59,100,24459,0,0.00,0,27,0.11,-30,-0.12,-964,-0.96,1
1581,Exit long,2018-02-28 07:15,TX15,242.11,100,24245,-34,-0.14,0,1,0.00,-56,-0.23,-998,-1.00,1
1581,Entry long,2018-02-28 07:00,C0|L|MKT|15|v0.3.0-tier0|SPY,242.45,100,24245,-34,-0.14,0,1,0.00,-56,-0.23,-998,-1.00,1
1582,Exit short,2018-03-06 07:30,TX15,239.47,100,23891,-56,-0.23,0,0,0.00,-66,-0.28,-1054,-1.05,1
1582,Entry short,2018-03-06 07:15,C0|S|MKT|15|v0.3.0-tier0|SPY,238.91,100,23891,-56,-0.23,0,0,0.00,-66,-0.28,-1054,-1.05,1
1583,Exit long,2018-03-07 07:45,TX15,238.96,100,23865,31,0.13,0,43,0.18,-14,-0.06,-1023,-1.02,1
1583,Entry long,2018-03-07 07:30,C0|L|MKT|15|v0.3.0-tier0|SPY,238.65,100,23865,31,0.13,0,43,0.18,-14,-0.06,-1023,-1.02,1
1584,Exit short,2018-03-08 07:15,TX15,240.05,100,23993,-12,-0.05,0,34,0.14,-15,-0.06,-1035,-1.03,1
1584,Entry short,2018-03-08 07:00,C0|S|MKT|15|v0.3.0-tier0|SPY,239.93,100,23993,-12,-0.05,0,34,0.14,-15,-0.06,-1035,-1.03,1
1585,Exit long,2018-03-09 07:30,TX15,242.68,100,24264,4,0.02,0,19,0.08,-5,-0.02,-1031,-1.03,1
1585,Entry long,2018-03-09 07:15,C0|L|MKT|15|v0.3.0-tier0|SPY,242.64,100,24264,4,0.02,0,19,0.08,-5,-0.02,-1031,-1.03,1
1586,Exit short,2018-03-14 07:30,TX15,243.05,100,24289,-16,-0.07,0,23,0.09,-20,-0.08,-1047,-1.05,1
1586,Entry short,2018-03-14 07:15,C0|S|MKT|15|v0.3.0-tier0|SPY,242.89,100,24289,-16,-0.07,0,23,0.09,-20,-0.08,-1047,-1.05,1
1587,Exit long,2018-03-16 07:45,TX15,242.32,100,24248,-16,-0.07,0,13,0.05,-17,-0.07,-1063,-1.06,1
1587,Entry long,2018-03-16 07:30,C0|L|MKT|15|v0.3.0-tier0|SPY,242.48,100,24248,-16,-0.07,0,13,0.05,-17,-0.07,-1063,-1.06,1
1588,Exit short,2018-03-19 07:30,TX15,240.22,100,23997,-25,-0.10,0,19,0.08,-26,-0.11,-1088,-1.09,1
1588,Entry short,2018-03-19 07:15,C0|S|MKT|15|v0.3.0-tier0|SPY,239.97,100,23997,-25,-0.10,0,19,0.08,-26,-0.11,-1088,-1.09,1
1589,Exit short,2018-03-20 07:30,TX15,239.16,100,23862,-54,-0.23,0,15,0.06,-57,-0.24,-1142,-1.14,1
1589,Entry short,2018-03-20 07:15,C0|S|MKT|15|v0.3.0-tier0|SPY,238.62,100,23862,-54,-0.23,0,15,0.06,-57,-0.24,-1142,-1.14,1
1590,Exit long,2018-03-21 07:30,TX15,238.7,100,23888,-18,-0.08,0,5,0.02,-33,-0.14,-1160,-1.16,1
1590,Entry long,2018-03-21 07:15,C0|L|MKT|15|v0.3.0-tier0|SPY,238.88,100,23888,-18,-0.08,0,5,0.02,-33,-0.14,-1160,-1.16,1
1591,Exit long,2018-03-22 07:30,TX15,236.27,100,23687,-60,-0.25,0,9,0.04,-62,-0.26,-1220,-1.22,1
1591,Entry long,2018-03-22 07:15,C0|L|MKT|15|v0.3.0-tier0|SPY,236.87,100,23687,-60,-0.25,0,9,0.04,-62,-0.26,-1220,-1.22,1
1592,Exit short,2018-03-26 07:45,TX15,230.23,100,23051,28,0.12,0,39,0.17,-22,-0.10,-1192,-1.19,1
1592,Entry short,2018-03-26 07:30,C0|S|MKT|15|v0.3.0-tier0|SPY,230.51,100,23051,28,0.12,0,39,0.17,-22,-0.10,-1192,-1.19,1
1593,Exit short,2018-03-27 07:30,TX15,233.62,100,23341,-21,-0.09,0,22,0.09,-41,-0.18,-1213,-1.21,1
1593,Entry short,2018-03-27 07:15,C0|S|MKT|15|v0.3.0-tier0|SPY,233.41,100,23341,-21,-0.09,0,22,0.09,-41,-0.18,-1213,-1.21,1
1594,Exit short,2018-03-29 07:15,TX15,230.05,100,22964,-41,-0.18,0,13,0.06,-51,-0.22,-1254,-1.25,1
1594,Entry short,2018-03-29 07:00,C0|S|MKT|15|v0.3.0-tier0|SPY,229.64,100,22964,-41,-0.18,0,13,0.06,-51,-0.22,-1254,-1.25,1
1595,Exit short,2018-04-02 07:15,TX15,229.91,100,23070,79,0.34,0,88,0.38,-10,-0.04,-1175,-1.17,1
1595,Entry short,2018-04-02 07:00,C0|S|MKT|15|v0.3.0-tier0|SPY,230.7,100,23070,79,0.34,0,88,0.38,-10,-0.04,-1175,-1.17,1
1596,Exit short,2018-04-03 07:30,TX15,227.25,100,22684,-41,-0.18,0,46,0.20,-42,-0.19,-1216,-1.22,1
1596,Entry short,2018-04-03 07:15,C0|S|MKT|15|v0.3.0-tier0|SPY,226.84,100,22684,-41,-0.18,0,46,0.20,-42,-0.19,-1216,-1.22,1
1597,Exit long,2018-04-04 07:15,TX15,227.97,100,22765,32,0.14,0,60,0.26,-60,-0.26,-1184,-1.18,1
1597,Entry long,2018-04-04 07:00,C0|L|MKT|15|v0.3.0-tier0|SPY,227.65,100,22765,32,0.14,0,60,0.26,-60,-0.26,-1184,-1.18,1
1598,Exit long,2018-04-09 07:15,TX15,230.61,100,23103,-42,-0.18,0,13,0.06,-48,-0.21,-1226,-1.23,1
1598,Entry long,2018-04-09 07:00,C0|L|MKT|15|v0.3.0-tier0|SPY,231.03,100,23103,-42,-0.18,0,13,0.06,-48,-0.21,-1226,-1.23,1
1599,Exit short,2018-04-10 07:15,TX15,232.98,100,23226,-72,-0.31,0,11,0.05,-78,-0.34,-1298,-1.30,1
1599,Entry short,2018-04-10 07:00,C0|S|MKT|15|v0.3.0-tier0|SPY,232.26,100,23226,-72,-0.31,0,11,0.05,-78,-0.34,-1298,-1.30,1
1600,Exit long,2018-04-11 07:15,TX15,232.83,100,23311,-28,-0.12,0,14,0.06,-40,-0.17,-1326,-1.33,1
1600,Entry long,2018-04-11 07:00,C0|L|MKT|15|v0.3.0-tier0|SPY,233.11,100,23311,-28,-0.12,0,14,0.06,-40,-0.17,-1326,-1.33,1
1601,Exit long,2018-04-12 07:15,TX15,234.68,100,23485,-17,-0.07,0,14,0.06,-34,-0.14,-1343,-1.34,1
1601,Entry long,2018-04-12 07:00,C0|L|MKT|15|v0.3.0-tier0|SPY,234.85,100,23485,-17,-0.07,0,14,0.06,-34,-0.14,-1343,-1.34,1
1602,Exit short,2018-04-13 07:15,TX15,234.48,100,23496,48,0.20,0,81,0.34,-16,-0.07,-1295,-1.29,1
1602,Entry short,2018-04-13 07:00,C0|S|MKT|15|v0.3.0-tier0|SPY,234.96,100,23496,48,0.20,0,81,0.34,-16,-0.07,-1295,-1.29,1
1603,Exit long,2018-04-16 07:45,TX15,235.38,100,23543,-5,-0.02,0,8,0.03,-19,-0.08,-1300,-1.30,1
1603,Entry long,2018-04-16 07:30,C0|L|MKT|15|v0.3.0-tier0|SPY,235.43,100,23543,-5,-0.02,0,8,0.03,-19,-0.08,-1300,-1.30,1
1604,Exit long,2018-04-17 07:45,TX15,237.75,100,23745,30,0.13,0,31,0.13,-2,-0.01,-1270,-1.27,1
1604,Entry long,2018-04-17 07:30,C0|L|MKT|15|v0.3.0-tier0|SPY,237.45,100,23745,30,0.13,0,31,0.13,-2,-0.01,-1270,-1.27,1
1605,Exit short,2018-04-18 07:30,TX15,238.5,100,23790,-60,-0.25,0,2,0.01,-60,-0.25,-1330,-1.33,1
1605,Entry short,2018-04-18 07:15,C0|S|MKT|15|v0.3.0-tier0|SPY,237.9,100,23790,-60,-0.25,0,2,0.01,-60,-0.25,-1330,-1.33,1
1606,Exit short,2018-04-20 07:30,TX15,236.51,100,23625,-26,-0.11,0,3,0.01,-26,-0.11,-1356,-1.36,1
1606,Entry short,2018-04-20 07:15,C0|S|MKT|15|v0.3.0-tier0|SPY,236.25,100,23625,-26,-0.11,0,3,0.01,-26,-0.11,-1356,-1.36,1
1607,Exit short,2018-04-23 07:30,TX15,235.28,100,23508,-20,-0.09,0,3,0.01,-45,-0.19,-1376,-1.38,1
1607,Entry short,2018-04-23 07:15,C0|S|MKT|15|v0.3.0-tier0|SPY,235.08,100,23508,-20,-0.09,0,3,0.01,-45,-0.19,-1376,-1.38,1
1608,Exit short,2018-04-24 07:15,TX15,235.66,100,23559,-7,-0.03,0,8,0.03,-44,-0.19,-1383,-1.38,1
1608,Entry short,2018-04-24 07:00,C0|S|MKT|15|v0.3.0-tier0|SPY,235.59,100,23559,-7,-0.03,0,8,0.03,-44,-0.19,-1383,-1.38,1
1609,Exit long,2018-04-26 07:15,TX15,234.09,100,23353,56,0.24,0,62,0.27,-16,-0.07,-1327,-1.33,1
1609,Entry long,2018-04-26 07:00,C0|L|MKT|15|v0.3.0-tier0|SPY,233.53,100,23353,56,0.24,0,62,0.27,-16,-0.07,-1327,-1.33,1
1610,Exit short,2018-04-27 07:15,TX15,235.1,100,23486,-24,-0.10,0,3,0.01,-50,-0.21,-1351,-1.35,1
1610,Entry short,2018-04-27 07:00,C0|S|MKT|15|v0.3.0-tier0|SPY,234.86,100,23486,-24,-0.10,0,3,0.01,-50,-0.21,-1351,-1.35,1
1611,Exit short,2018-05-02 07:15,TX15,233.24,100,23282,-42,-0.18,0,7,0.03,-49,-0.21,-1393,-1.39,1
1611,Entry short,2018-05-02 07:00,C0|S|MKT|15|v0.3.0-tier0|SPY,232.82,100,23282,-42,-0.18,0,7,0.03,-49,-0.21,-1393,-1.39,1
1612,Exit short,2018-05-03 07:45,TX15,228.91,100,22956,65,0.28,0,97,0.42,-8,-0.03,-1328,-1.33,1
1612,Entry short,2018-05-03 07:30,C0|S|MKT|15|v0.3.0-tier0|SPY,229.56,100,22956,65,0.28,0,97,0.42,-8,-0.03,-1328,-1.33,1
1613,Exit long,2018-05-04 07:15,TX15,231.98,100,23142,56,0.24,0,61,0.26,-24,-0.10,-1272,-1.27,1
1613,Entry long,2018-05-04 07:00,C0|L|MKT|15|v0.3.0-tier0|SPY,231.42,100,23142,56,0.24,0,61,0.26,-24,-0.10,-1272,-1.27,1
1614,Exit long,2018-05-07 07:15,TX15,235.63,100,23599,-36,-0.15,0,3,0.01,-37,-0.16,-1308,-1.31,1
1614,Entry long,2018-05-07 07:00,C0|L|MKT|15|v0.3.0-tier0|SPY,235.99,100,23599,-36,-0.15,0,3,0.01,-37,-0.16,-1308,-1.31,1
1615,Exit short,2018-05-08 07:15,TX15,234.63,100,23459,-4,-0.02,0,3,0.01,-27,-0.12,-1312,-1.31,1
1615,Entry short,2018-05-08 07:00,C0|S|MKT|15|v0.3.0-tier0|SPY,234.59,100,23459,-4,-0.02,0,3,0.01,-27,-0.12,-1312,-1.31,1
1616,Exit long,2018-05-10 07:45,TX15,238.78,100,23873,5,0.02,0,19,0.08,-9,-0.04,-1307,-1.31,1
1616,Entry long,2018-05-10 07:30,C0|L|MKT|15|v0.3.0-tier0|SPY,238.73,100,23873,5,0.02,0,19,0.08,-9,-0.04,-1307,-1.31,1
1617,Exit long,2018-05-11 07:15,TX15,240.39,100,24038,1,0.00,0,26,0.11,-12,-0.05,-1306,-1.31,1
1617,Entry long,2018-05-11 07:00,C0|L|MKT|15|v0.3.0-tier0|SPY,240.38,100,24038,1,0.00,0,26,0.11,-12,-0.05,-1306,-1.31,1
1618,Exit long,2018-05-14 07:15,TX15,241.3,100,24131,-1,0.00,0,1,0.00,-29,-0.12,-1307,-1.31,1
1618,Entry long,2018-05-14 07:00,C0|L|MKT|15|v0.3.0-tier0|SPY,241.31,100,24131,-1,0.00,0,1,0.00,-29,-0.12,-1307,-1.31,1
1619,Exit short,2018-05-15 07:15,TX15,238.78,100,23829,-49,-0.21,0,3,0.01,-52,-0.22,-1356,-1.36,1
1619,Entry short,2018-05-15 07:00,C0|S|MKT|15|v0.3.0-tier0|SPY,238.29,100,23829,-49,-0.21,0,3,0.01,-52,-0.22,-1356,-1.36,1
1620,Exit long,2018-05-16 07:15,TX15,239.31,100,23960,-29,-0.12,0,4,0.02,-47,-0.20,-1385,-1.38,1
1620,Entry long,2018-05-16 07:00,C0|L|MKT|15|v0.3.0-tier0|SPY,239.6,100,23960,-29,-0.12,0,4,0.02,-47,-0.20,-1385,-1.38,1
1621,Exit long,2018-05-17 07:30,TX15,240.28,100,24010,18,0.07,0,32,0.13,-5,-0.02,-1367,-1.37,1
1621,Entry long,2018-05-17 07:15,C0|L|MKT|15|v0.3.0-tier0|SPY,240.1,100,24010,18,0.07,0,32,0.13,-5,-0.02,-1367,-1.37,1
1622,Exit short,2018-05-22 07:30,TX15,241.08,100,24114,6,0.02,0,16,0.07,-14,-0.06,-1361,-1.36,1
1622,Entry short,2018-05-22 07:15,C0|S|MKT|15|v0.3.0-tier0|SPY,241.14,100,24114,6,0.02,0,16,0.07,-14,-0.06,-1361,-1.36,1
1623,Exit long,2018-05-23 07:30,TX15,239.67,100,23984,-17,-0.07,0,2,0.01,-18,-0.08,-1378,-1.38,1
1623,Entry long,2018-05-23 07:15,C0|L|MKT|15|v0.3.0-tier0|SPY,239.84,100,23984,-17,-0.07,0,2,0.01,-18,-0.08,-1378,-1.38,1
1624,Exit short,2018-05-24 07:15,TX15,239.69,100,23963,-6,-0.03,0,25,0.10,-35,-0.15,-1384,-1.38,1
1624,Entry short,2018-05-24 07:00,C0|S|MKT|15|v0.3.0-tier0|SPY,239.63,100,23963,-6,-0.03,0,25,0.10,-35,-0.15,-1384,-1.38,1
1625,Exit long,2018-05-25 07:45,TX15,240.2,100,24034,-14,-0.06,0,16,0.07,-15,-0.06,-1398,-1.40,1
1625,Entry long,2018-05-25 07:30,C0|L|MKT|15|v0.3.0-tier0|SPY,240.34,100,24034,-14,-0.06,0,16,0.07,-15,-0.06,-1398,-1.40,1
1626,Exit long,2018-05-29 07:15,TX15,238.68,100,23880,-12,-0.05,0,21,0.09,-14,-0.06,-1410,-1.41,1
1626,Entry long,2018-05-29 07:00,C0|L|MKT|15|v0.3.0-tier0|SPY,238.8,100,23880,-12,-0.05,0,21,0.09,-14,-0.06,-1410,-1.41,1
1627,Exit short,2018-05-30 07:15,TX15,238.89,100,23842,-47,-0.20,0,6,0.03,-47,-0.20,-1457,-1.46,1
1627,Entry short,2018-05-30 07:00,C0|S|MKT|15|v0.3.0-tier0|SPY,238.42,100,23842,-47,-0.20,0,6,0.03,-47,-0.20,-1457,-1.46,1
1628,Exit short,2018-05-31 07:45,TX15,239.27,100,23949,22,0.09,0,26,0.11,-15,-0.06,-1435,-1.43,1
1628,Entry short,2018-05-31 07:30,C0|S|MKT|15|v0.3.0-tier0|SPY,239.49,100,23949,22,0.09,0,26,0.11,-15,-0.06,-1435,-1.43,1
1629,Exit long,2018-06-01 07:45,TX15,240.55,100,24068,-13,-0.05,0,15,0.06,-26,-0.11,-1448,-1.45,1
1629,Entry long,2018-06-01 07:30,C0|L|MKT|15|v0.3.0-tier0|SPY,240.68,100,24068,-13,-0.05,0,15,0.06,-26,-0.11,-1448,-1.45,1
1630,Exit long,2018-06-05 07:15,TX15,242.65,100,24257,8,0.03,0,28,0.12,-3,-0.01,-1440,-1.44,1
1630,Entry long,2018-06-05 07:00,C0|L|MKT|15|v0.3.0-tier0|SPY,242.57,100,24257,8,0.03,0,28,0.12,-3,-0.01,-1440,-1.44,1
1631,Exit short,2018-06-06 07:15,TX15,242.7,100,24274,4,0.02,0,24,0.10,-4,-0.02,-1436,-1.44,1
1631,Entry short,2018-06-06 07:00,C0|S|MKT|15|v0.3.0-tier0|SPY,242.74,100,24274,4,0.02,0,24,0.10,-4,-0.02,-1436,-1.44,1
1632,Exit long,2018-06-07 07:15,TX15,244.8,100,24505,-25,-0.10,0,20,0.08,-43,-0.18,-1461,-1.46,1
1632,Entry long,2018-06-07 07:00,C0|L|MKT|15|v0.3.0-tier0|SPY,245.05,100,24505,-25,-0.10,0,20,0.08,-43,-0.18,-1461,-1.46,1
1633,Exit long,2018-06-08 07:15,TX15,244.21,100,24441,-20,-0.08,0,0,0.00,-24,-0.10,-1481,-1.48,1
1633,Entry long,2018-06-08 07:00,C0|L|MKT|15|v0.3.0-tier0|SPY,244.41,100,24441,-20,-0.08,0,0,0.00,-24,-0.10,-1481,-1.48,1
1634,Exit short,2018-06-12 07:15,TX15,245.88,100,24565,-23,-0.09,0,5,0.02,-26,-0.11,-1504,-1.50,1
1634,Entry short,2018-06-12 07:00,C0|S|MKT|15|v0.3.0-tier0|SPY,245.65,100,24565,-23,-0.09,0,5,0.02,-26,-0.11,-1504,-1.50,1
1635,Exit long,2018-06-13 07:45,TX15,246.07,100,24619,-12,-0.05,0,11,0.04,-14,-0.06,-1516,-1.52,1
1635,Entry long,2018-06-13 07:30,C0|L|MKT|15|v0.3.0-tier0|SPY,246.19,100,24619,-12,-0.05,0,11,0.04,-14,-0.06,-1516,-1.52,1
1636,Exit short,2018-06-14 07:15,TX15,246.1,100,24566,-44,-0.18,0,0,0.00,-55,-0.22,-1560,-1.56,1
1636,Entry short,2018-06-14 07:00,C0|S|MKT|15|v0.3.0-tier0|SPY,245.66,100,24566,-44,-0.18,0,0,0.00,-55,-0.22,-1560,-1.56,1
1637,Exit long,2018-06-18 07:15,TX15,243.79,100,24393,-14,-0.06,0,11,0.05,-16,-0.07,-1574,-1.57,1
1637,Entry long,2018-06-18 07:00,C0|L|MKT|15|v0.3.0-tier0|SPY,243.93,100,24393,-14,-0.06,0,11,0.05,-16,-0.07,-1574,-1.57,1
1638,Exit short,2018-06-19 07:45,TX15,242.57,100,24230,-27,-0.11,0,12,0.05,-29,-0.12,-1601,-1.60,1
1638,Entry short,2018-06-19 07:30,C0|S|MKT|15|v0.3.0-tier0|SPY,242.3,100,24230,-27,-0.11,0,12,0.05,-29,-0.12,-1601,-1.60,1
1639,Exit short,2018-06-20 07:30,TX15,244.13,100,24434,21,0.09,0,26,0.11,-7,-0.03,-1580,-1.58,1
1639,Entry short,2018-06-20 07:15,C0|S|MKT|15|v0.3.0-tier0|SPY,244.34,100,24434,21,0.09,0,26,0.11,-7,-0.03,-1580,-1.58,1
1640,Exit short,2018-06-21 07:15,TX15,243.36,100,24392,56,0.23,0,75,0.31,-1,0.00,-1524,-1.52,1
1640,Entry short,2018-06-21 07:00,C0|S|MKT|15|v0.3.0-tier0|SPY,243.92,100,24392,56,0.23,0,75,0.31,-1,0.00,-1524,-1.52,1
1641,Exit short,2018-06-22 07:15,TX15,243.95,100,24364,-31,-0.13,0,7,0.03,-32,-0.13,-1555,-1.55,1
1641,Entry short,2018-06-22 07:00,C0|S|MKT|15|v0.3.0-tier0|SPY,243.64,100,24364,-31,-0.13,0,7,0.03,-32,-0.13,-1555,-1.55,1
1642,Exit short,2018-06-25 07:15,TX15,240.25,100,24083,58,0.24,0,59,0.24,-17,-0.07,-1497,-1.50,1
1642,Entry short,2018-06-25 07:00,C0|S|MKT|15|v0.3.0-tier0|SPY,240.83,100,24083,58,0.24,0,59,0.24,-17,-0.07,-1497,-1.50,1
1643,Exit long,2018-06-27 07:15,TX15,242.17,100,24195,22,0.09,0,23,0.10,-26,-0.11,-1475,-1.47,1
1643,Entry long,2018-06-27 07:00,C0|L|MKT|15|v0.3.0-tier0|SPY,241.95,100,24195,22,0.09,0,23,0.10,-26,-0.11,-1475,-1.47,1
1644,Exit short,2018-06-28 07:30,TX15,238.31,100,23821,-10,-0.04,0,26,0.11,-48,-0.20,-1485,-1.48,1
1644,Entry short,2018-06-28 07:15,C0|S|MKT|15|v0.3.0-tier0|SPY,238.21,100,23821,-10,-0.04,0,26,0.11,-48,-0.20,-1485,-1.48,1
1645,Exit long,2018-07-02 07:15,TX15,238.75,100,23909,-34,-0.14,0,36,0.15,-38,-0.16,-1519,-1.52,1
1645,Entry long,2018-07-02 07:00,C0|L|MKT|15|v0.3.0-tier0|SPY,239.09,100,23909,-34,-0.14,0,36,0.15,-38,-0.16,-1519,-1.52,1
1646,Exit short,2018-07-05 07:15,TX15,240.56,100,24063,7,0.03,0,15,0.06,-34,-0.14,-1512,-1.51,1
1646,Entry short,2018-07-05 07:00,C0|S|MKT|15|v0.3.0-tier0|SPY,240.63,100,24063,7,0.03,0,15,0.06,-34,-0.14,-1512,-1.51,1
1647,Exit long,2018-07-06 07:15,TX15,242.45,100,24234,11,0.05,0,23,0.09,-13,-0.05,-1501,-1.50,1
1647,Entry long,2018-07-06 07:00,C0|L|MKT|15|v0.3.0-tier0|SPY,242.34,100,24234,11,0.05,0,23,0.09,-13,-0.05,-1501,-1.50,1
1648,Exit long,2018-07-10 07:45,TX15,246.97,100,24666,31,0.13,0,31,0.13,-1,0.00,-1470,-1.47,1
1648,Entry long,2018-07-10 07:30,C0|L|MKT|15|v0.3.0-tier0|SPY,246.66,100,24666,31,0.13,0,31,0.13,-1,0.00,-1470,-1.47,1
1649,Exit long,2018-07-11 07:45,TX15,245.84,100,24604,-20,-0.08,0,12,0.05,-23,-0.09,-1490,-1.49,1
1649,Entry long,2018-07-11 07:30,C0|L|MKT|15|v0.3.0-tier0|SPY,246.04,100,24604,-20,-0.08,0,12,0.05,-23,-0.09,-1490,-1.49,1
1650,Exit long,2018-07-12 07:45,TX15,246.45,100,24673,-28,-0.11,0,7,0.03,-29,-0.12,-1518,-1.52,1
1650,Entry long,2018-07-12 07:30,C0|L|MKT|15|v0.3.0-tier0|SPY,246.73,100,24673,-28,-0.11,0,7,0.03,-29,-0.12,-1518,-1.52,1
1651,Exit short,2018-07-13 07:15,TX15,247.16,100,24684,-32,-0.13,0,3,0.01,-41,-0.17,-1550,-1.55,1
1651,Entry short,2018-07-13 07:00,C0|S|MKT|15|v0.3.0-tier0|SPY,246.84,100,24684,-32,-0.13,0,3,0.01,-41,-0.17,-1550,-1.55,1
1652,Exit short,2018-07-16 07:30,TX15,247.25,100,24720,-5,-0.02,0,15,0.06,-12,-0.05,-1555,-1.55,1
1652,Entry short,2018-07-16 07:15,C0|S|MKT|15|v0.3.0-tier0|SPY,247.2,100,24720,-5,-0.02,0,15,0.06,-12,-0.05,-1555,-1.55,1
1653,Exit long,2018-07-17 07:15,TX15,247.11,100,24697,14,0.06,0,18,0.07,-2,-0.01,-1541,-1.54,1
1653,Entry long,2018-07-17 07:00,C0|L|MKT|15|v0.3.0-tier0|SPY,246.97,100,24697,14,0.06,0,18,0.07,-2,-0.01,-1541,-1.54,1
1654,Exit short,2018-07-18 07:30,TX15,248.23,100,24812,-11,-0.04,0,16,0.06,-19,-0.08,-1552,-1.55,1
1654,Entry short,2018-07-18 07:15,C0|S|MKT|15|v0.3.0-tier0|SPY,248.12,100,24812,-11,-0.04,0,16,0.06,-19,-0.08,-1552,-1.55,1
1655,Exit short,2018-07-19 07:15,TX15,248.05,100,24770,-35,-0.14,0,4,0.02,-38,-0.15,-1587,-1.59,1
1655,Entry short,2018-07-19 07:00,C0|S|MKT|15|v0.3.0-tier0|SPY,247.7,100,24770,-35,-0.14,0,4,0.02,-38,-0.15,-1587,-1.59,1
1656,Exit long,2018-07-20 07:15,TX15,247.85,100,24794,-9,-0.04,0,9,0.04,-15,-0.06,-1596,-1.60,1
1656,Entry long,2018-07-20 07:00,C0|L|MKT|15|v0.3.0-tier0|SPY,247.94,100,24794,-9,-0.04,0,9,0.04,-15,-0.06,-1596,-1.60,1
1657,Exit long,2018-07-24 07:45,TX15,250,100,25008,-8,-0.03,0,8,0.03,-14,-0.06,-1604,-1.60,1
1657,Entry long,2018-07-24 07:30,C0|L|MKT|15|v0.3.0-tier0|SPY,250.08,100,25008,-8,-0.03,0,8,0.03,-14,-0.06,-1604,-1.60,1
1658,Exit long,2018-07-25 07:15,TX15,249.27,100,24957,-30,-0.12,0,5,0.02,-36,-0.14,-1634,-1.63,1
1658,Entry long,2018-07-25 07:00,C0|L|MKT|15|v0.3.0-tier0|SPY,249.57,100,24957,-30,-0.12,0,5,0.02,-36,-0.14,-1634,-1.63,1
1659,Exit short,2018-07-27 07:15,TX15,250.52,100,25061,9,0.04,0,13,0.05,-21,-0.08,-1625,-1.62,1
1659,Entry short,2018-07-27 07:00,C0|S|MKT|15|v0.3.0-tier0|SPY,250.61,100,25061,9,0.04,0,13,0.05,-21,-0.08,-1625,-1.62,1
1660,Exit short,2018-07-30 07:30,TX15,248.92,100,24845,-47,-0.19,0,3,0.01,-50,-0.20,-1672,-1.67,1
1660,Entry short,2018-07-30 07:15,C0|S|MKT|15|v0.3.0-tier0|SPY,248.45,100,24845,-47,-0.19,0,3,0.01,-50,-0.20,-1672,-1.67,1
1661,Exit short,2018-07-31 07:15,TX15,248.73,100,24849,-24,-0.10,0,2,0.01,-44,-0.18,-1696,-1.70,1
1661,Entry short,2018-07-31 07:00,C0|S|MKT|15|v0.3.0-tier0|SPY,248.49,100,24849,-24,-0.10,0,2,0.01,-44,-0.18,-1696,-1.70,1
1662,Exit long,2018-08-01 07:30,TX15,249.62,100,24951,11,0.04,0,18,0.07,-10,-0.04,-1685,-1.68,1
1662,Entry long,2018-08-01 07:15,C0|L|MKT|15|v0.3.0-tier0|SPY,249.51,100,24951,11,0.04,0,18,0.07,-10,-0.04,-1685,-1.68,1
1663,Exit long,2018-08-02 07:15,TX15,248.17,100,24790,27,0.11,0,37,0.15,-4,-0.02,-1658,-1.66,1
1663,Entry long,2018-08-02 07:00,C0|L|MKT|15|v0.3.0-tier0|SPY,247.9,100,24790,27,0.11,0,37,0.15,-4,-0.02,-1658,-1.66,1
1664,Exit long,2018-08-03 07:45,TX15,250.58,100,25061,-3,-0.01,0,11,0.04,-6,-0.02,-1661,-1.66,1
1664,Entry long,2018-08-03 07:30,C0|L|MKT|15|v0.3.0-tier0|SPY,250.61,100,25061,-3,-0.01,0,11,0.04,-6,-0.02,-1661,-1.66,1
1665,Exit long,2018-08-06 07:15,TX15,251.38,100,25123,15,0.06,0,15,0.06,-11,-0.04,-1646,-1.65,1
1665,Entry long,2018-08-06 07:00,C0|L|MKT|15|v0.3.0-tier0|SPY,251.23,100,25123,15,0.06,0,15,0.06,-11,-0.04,-1646,-1.65,1
1666,Exit long,2018-08-07 07:30,TX15,253.04,100,25297,7,0.03,0,7,0.03,-18,-0.07,-1639,-1.64,1
1666,Entry long,2018-08-07 07:15,C0|L|MKT|15|v0.3.0-tier0|SPY,252.97,100,25297,7,0.03,0,7,0.03,-18,-0.07,-1639,-1.64,1
1667,Exit long,2018-08-09 07:45,TX15,253.16,100,25307,9,0.04,0,12,0.05,-5,-0.02,-1630,-1.63,1
1667,Entry long,2018-08-09 07:30,C0|L|MKT|15|v0.3.0-tier0|SPY,253.07,100,25307,9,0.04,0,12,0.05,-5,-0.02,-1630,-1.63,1
1668,Exit short,2018-08-10 07:15,TX15,251.02,100,25077,-25,-0.10,0,24,0.10,-29,-0.12,-1655,-1.65,1
1668,Entry short,2018-08-10 07:00,C0|S|MKT|15|v0.3.0-tier0|SPY,250.77,100,25077,-25,-0.10,0,24,0.10,-29,-0.12,-1655,-1.65,1
1669,Exit long,2018-08-13 07:15,TX15,251.42,100,25136,6,0.02,0,13,0.05,-12,-0.05,-1649,-1.65,1
1669,Entry long,2018-08-13 07:00,C0|L|MKT|15|v0.3.0-tier0|SPY,251.36,100,25136,6,0.02,0,13,0.05,-12,-0.05,-1649,-1.65,1
1670,Exit long,2018-08-14 07:45,TX15,250.99,100,25079,20,0.08,0,23,0.09,-7,-0.03,-1629,-1.63,1
1670,Entry long,2018-08-14 07:30,C0|L|MKT|15|v0.3.0-tier0|SPY,250.79,100,25079,20,0.08,0,23,0.09,-7,-0.03,-1629,-1.63,1
1671,Exit short,2018-08-15 07:15,TX15,248.65,100,24910,45,0.18,0,65,0.26,0,0.00,-1584,-1.58,1
1671,Entry short,2018-08-15 07:00,C0|S|MKT|15|v0.3.0-tier0|SPY,249.1,100,24910,45,0.18,0,65,0.26,0,0.00,-1584,-1.58,1
1672,Exit long,2018-08-16 07:45,TX15,251.51,100,25133,18,0.07,0,19,0.08,-4,-0.02,-1566,-1.57,1
1672,Entry long,2018-08-16 07:30,C0|L|MKT|15|v0.3.0-tier0|SPY,251.33,100,25133,18,0.07,0,19,0.08,-4,-0.02,-1566,-1.57,1
1673,Exit short,2018-08-17 07:30,TX15,250.98,100,25102,4,0.02,0,13,0.05,-12,-0.05,-1562,-1.56,1
1673,Entry short,2018-08-17 07:15,C0|S|MKT|15|v0.3.0-tier0|SPY,251.02,100,25102,4,0.02,0,13,0.05,-12,-0.05,-1562,-1.56,1
1674,Exit short,2018-08-20 07:15,TX15,252.53,100,25265,12,0.05,0,13,0.05,-30,-0.12,-1550,-1.55,1
1674,Entry short,2018-08-20 07:00,C0|S|MKT|15|v0.3.0-tier0|SPY,252.65,100,25265,12,0.05,0,13,0.05,-30,-0.12,-1550,-1.55,1
1675,Exit long,2018-08-21 07:15,TX15,253.85,100,25395,-10,-0.04,0,4,0.02,-23,-0.09,-1560,-1.56,1
1675,Entry long,2018-08-21 07:00,C0|L|MKT|15|v0.3.0-tier0|SPY,253.95,100,25395,-10,-0.04,0,4,0.02,-23,-0.09,-1560,-1.56,1
1676,Exit short,2018-08-22 07:15,TX15,253.19,100,25302,-17,-0.07,0,18,0.07,-22,-0.09,-1577,-1.58,1
1676,Entry short,2018-08-22 07:00,C0|S|MKT|15|v0.3.0-tier0|SPY,253.02,100,25302,-17,-0.07,0,18,0.07,-22,-0.09,-1577,-1.58,1
1677,Exit long,2018-08-23 07:15,TX15,253.68,100,25363,5,0.02,0,13,0.05,-6,-0.02,-1572,-1.57,1
1677,Entry long,2018-08-23 07:00,C0|L|MKT|15|v0.3.0-tier0|SPY,253.63,100,25363,5,0.02,0,13,0.05,-6,-0.02,-1572,-1.57,1
1678,Exit long,2018-08-24 07:45,TX15,254.35,100,25390,45,0.18,0,45,0.18,-1,0.00,-1527,-1.53,1
1678,Entry long,2018-08-24 07:30,C0|L|MKT|15|v0.3.0-tier0|SPY,253.9,100,25390,45,0.18,0,45,0.18,-1,0.00,-1527,-1.53,1
1679,Exit long,2018-08-27 07:15,TX15,256.36,100,25616,20,0.08,0,22,0.09,-7,-0.03,-1507,-1.51,1
1679,Entry long,2018-08-27 07:00,C0|L|MKT|15|v0.3.0-tier0|SPY,256.16,100,25616,20,0.08,0,22,0.09,-7,-0.03,-1507,-1.51,1
1680,Exit short,2018-08-28 07:30,TX15,256.66,100,25683,17,0.07,0,22,0.09,0,0.00,-1490,-1.49,1
1680,Entry short,2018-08-28 07:15,C0|S|MKT|15|v0.3.0-tier0|SPY,256.83,100,25683,17,0.07,0,22,0.09,0,0.00,-1490,-1.49,1
1681,Exit long,2018-08-29 07:45,TX15,257.48,100,25723,25,0.10,0,26,0.10,-2,-0.01,-1465,-1.46,1
1681,Entry long,2018-08-29 07:30,C0|L|MKT|15|v0.3.0-tier0|SPY,257.23,100,25723,25,0.10,0,26,0.10,-2,-0.01,-1465,-1.46,1
1682,Exit long,2018-08-31 07:15,TX15,257.4,100,25692,48,0.19,0,48,0.19,-1,0.00,-1417,-1.42,1
1682,Entry long,2018-08-31 07:00,C0|L|MKT|15|v0.3.0-tier0|SPY,256.92,100,25692,48,0.19,0,48,0.19,-1,0.00,-1417,-1.42,1
1683,Exit short,2018-09-05 07:15,TX15,255.42,100,25576,34,0.13,0,35,0.14,-14,-0.05,-1383,-1.38,1
1683,Entry short,2018-09-05 07:00,C0|S|MKT|15|v0.3.0-tier0|SPY,255.76,100,25576,34,0.13,0,35,0.14,-14,-0.05,-1383,-1.38,1
1684,Exit long,2018-09-06 07:15,TX15,255.32,100,25628,-96,-0.37,0,2,0.01,-108,-0.42,-1479,-1.48,1
1684,Entry long,2018-09-06 07:00,C0|L|MKT|15|v0.3.0-tier0|SPY,256.28,100,25628,-96,-0.37,0,2,0.01,-108,-0.42,-1479,-1.48,1
1685,Exit long,2018-09-07 07:15,TX15,255.16,100,25479,37,0.15,0,45,0.18,-11,-0.04,-1442,-1.44,1
1685,Entry long,2018-09-07 07:00,C0|L|MKT|15|v0.3.0-tier0|SPY,254.79,100,25479,37,0.15,0,45,0.18,-11,-0.04,-1442,-1.44,1
1686,Exit short,2018-09-10 07:30,TX15,255.26,100,25512,-14,-0.05,0,11,0.04,-27,-0.11,-1456,-1.46,1
1686,Entry short,2018-09-10 07:15,C0|S|MKT|15|v0.3.0-tier0|SPY,255.12,100,25512,-14,-0.05,0,11,0.04,-27,-0.11,-1456,-1.46,1
1687,Exit long,2018-09-11 07:15,TX15,255.11,100,25486,25,0.10,0,31,0.12,-8,-0.03,-1431,-1.43,1
1687,Entry long,2018-09-11 07:00,C0|L|MKT|15|v0.3.0-tier0|SPY,254.86,100,25486,25,0.10,0,31,0.12,-8,-0.03,-1431,-1.43,1
1688,Exit short,2018-09-12 07:30,TX15,255.5,100,25564,14,0.05,0,27,0.11,-4,-0.02,-1417,-1.42,1
1688,Entry short,2018-09-12 07:15,C0|S|MKT|15|v0.3.0-tier0|SPY,255.64,100,25564,14,0.05,0,27,0.11,-4,-0.02,-1417,-1.42,1
1689,Exit short,2018-09-14 07:30,TX15,257.5,100,25732,-18,-0.07,0,0,0.00,-25,-0.10,-1435,-1.43,1
1689,Entry short,2018-09-14 07:15,C0|S|MKT|15|v0.3.0-tier0|SPY,257.32,100,25732,-18,-0.07,0,0,0.00,-25,-0.10,-1435,-1.43,1
1690,Exit short,2018-09-17 07:45,TX15,257.01,100,25705,4,0.02,0,11,0.04,-5,-0.02,-1431,-1.43,1
1690,Entry short,2018-09-17 07:30,C0|S|MKT|15|v0.3.0-tier0|SPY,257.05,100,25705,4,0.02,0,11,0.04,-5,-0.02,-1431,-1.43,1
1691,Exit long,2018-09-18 07:45,TX15,257.32,100,25729,3,0.01,0,11,0.04,-24,-0.09,-1428,-1.43,1
1691,Entry long,2018-09-18 07:30,C0|L|MKT|15|v0.3.0-tier0|SPY,257.29,100,25729,3,0.01,0,11,0.04,-24,-0.09,-1428,-1.43,1
1692,Exit short,2018-09-19 07:30,TX15,257.71,100,25759,-12,-0.05,0,10,0.04,-31,-0.12,-1440,-1.44,1
1692,Entry short,2018-09-19 07:15,C0|S|MKT|15|v0.3.0-tier0|SPY,257.59,100,25759,-12,-0.05,0,10,0.04,-31,-0.12,-1440,-1.44,1
1693,Exit short,2018-09-21 07:45,TX15,260.22,100,26021,-1,0.00,0,10,0.04,-14,-0.05,-1441,-1.44,1
1693,Entry short,2018-09-21 07:30,C0|S|MKT|15|v0.3.0-tier0|SPY,260.21,100,26021,-1,0.00,0,10,0.04,-14,-0.05,-1441,-1.44,1
1694,Exit short,2018-09-24 07:45,TX15,258.46,100,25867,21,0.08,0,42,0.16,-16,-0.06,-1420,-1.42,1
1694,Entry short,2018-09-24 07:30,C0|S|MKT|15|v0.3.0-tier0|SPY,258.67,100,25867,21,0.08,0,42,0.16,-16,-0.06,-1420,-1.42,1
1695,Exit short,2018-09-25 07:15,TX15,259.02,100,25900,-2,-0.01,0,15,0.06,-14,-0.05,-1422,-1.42,1
1695,Entry short,2018-09-25 07:00,C0|S|MKT|15|v0.3.0-tier0|SPY,259,100,25900,-2,-0.01,0,15,0.06,-14,-0.05,-1422,-1.42,1
1696,Exit long,2018-09-27 07:15,TX15,258.83,100,25848,35,0.14,0,50,0.19,-1,0.00,-1387,-1.39,1
1696,Entry long,2018-09-27 07:00,C0|L|MKT|15|v0.3.0-tier0|SPY,258.48,100,25848,35,0.14,0,50,0.19,-1,0.00,-1387,-1.39,1
1697,Exit long,2018-09-28 07:45,TX15,258.6,100,25852,8,0.03,0,17,0.07,-10,-0.04,-1379,-1.38,1
1697,Entry long,2018-09-28 07:30,C0|L|MKT|15|v0.3.0-tier0|SPY,258.52,100,25852,8,0.03,0,17,0.07,-10,-0.04,-1379,-1.38,1
1698,Exit long,2018-10-01 07:15,TX15,260.37,100,26022,15,0.06,0,20,0.08,-8,-0.03,-1364,-1.36,1
1698,Entry long,2018-10-01 07:00,C0|L|MKT|15|v0.3.0-tier0|SPY,260.22,100,26022,15,0.06,0,20,0.08,-8,-0.03,-1364,-1.36,1
1699,Exit short,2018-10-03 07:15,TX15,260.67,100,26015,-52,-0.20,0,1,0.00,-52,-0.20,-1416,-1.42,1
1699,Entry short,2018-10-03 07:00,C0|S|MKT|15|v0.3.0-tier0|SPY,260.15,100,26015,-52,-0.20,0,1,0.00,-52,-0.20,-1416,-1.42,1
1700,Exit short,2018-10-04 07:30,TX15,257.64,100,25803,39,0.15,0,62,0.24,-5,-0.02,-1377,-1.38,1
1700,Entry short,2018-10-04 07:15,C0|S|MKT|15|v0.3.0-tier0|SPY,258.03,100,25803,39,0.15,0,62,0.24,-5,-0.02,-1377,-1.38,1
1701,Exit short,2018-10-05 07:30,TX15,257.68,100,25723,-45,-0.17,0,6,0.02,-56,-0.22,-1422,-1.42,1
1701,Entry short,2018-10-05 07:15,C0|S|MKT|15|v0.3.0-tier0|SPY,257.23,100,25723,-45,-0.17,0,6,0.02,-56,-0.22,-1422,-1.42,1
1702,Exit long,2018-10-08 07:15,TX15,256.29,100,25590,39,0.15,0,40,0.16,-5,-0.02,-1383,-1.38,1
1702,Entry long,2018-10-08 07:00,C0|L|MKT|15|v0.3.0-tier0|SPY,255.9,100,25590,39,0.15,0,40,0.16,-5,-0.02,-1383,-1.38,1
1703,Exit long,2018-10-09 07:15,TX15,255.87,100,25601,-14,-0.05,0,19,0.07,-32,-0.12,-1397,-1.40,1
1703,Entry long,2018-10-09 07:00,C0|L|MKT|15|v0.3.0-tier0|SPY,256.01,100,25601,-14,-0.05,0,19,0.07,-32,-0.12,-1397,-1.40,1
1704,Exit short,2018-10-10 07:15,TX15,252.94,100,25324,30,0.12,0,66,0.26,-21,-0.08,-1367,-1.37,1
1704,Entry short,2018-10-10 07:00,C0|S|MKT|15|v0.3.0-tier0|SPY,253.24,100,25324,30,0.12,0,66,0.26,-21,-0.08,-1367,-1.37,1
1705,Exit long,2018-10-11 07:15,TX15,246.91,100,24792,-101,-0.41,0,3,0.01,-109,-0.44,-1468,-1.47,1
1705,Entry long,2018-10-11 07:00,C0|L|MKT|15|v0.3.0-tier0|SPY,247.92,100,24792,-101,-0.41,0,3,0.01,-109,-0.44,-1468,-1.47,1
1706,Exit short,2018-10-12 07:45,TX15,245.69,100,24466,-103,-0.42,0,1,0.00,-123,-0.50,-1571,-1.57,1
1706,Entry short,2018-10-12 07:30,C0|S|MKT|15|v0.3.0-tier0|SPY,244.66,100,24466,-103,-0.42,0,1,0.00,-123,-0.50,-1571,-1.57,1
1707,Exit short,2018-10-15 07:30,TX15,244.64,100,24412,-52,-0.21,0,16,0.07,-69,-0.28,-1623,-1.62,1
1707,Entry short,2018-10-15 07:15,C0|S|MKT|15|v0.3.0-tier0|SPY,244.12,100,24412,-52,-0.21,0,16,0.07,-69,-0.28,-1623,-1.62,1
1708,Exit long,2018-10-16 07:15,TX15,246.38,100,24635,3,0.01,0,49,0.20,-1,0.00,-1620,-1.62,1
1708,Entry long,2018-10-16 07:00,C0|L|MKT|15|v0.3.0-tier0|SPY,246.35,100,24635,3,0.01,0,49,0.20,-1,0.00,-1620,-1.62,1
1709,Exit short,2018-10-17 07:15,TX15,247.93,100,24825,32,0.13,0,38,0.15,-31,-0.12,-1588,-1.59,1
1709,Entry short,2018-10-17 07:00,C0|S|MKT|15|v0.3.0-tier0|SPY,248.25,100,24825,32,0.13,0,38,0.15,-31,-0.12,-1588,-1.59,1
1710,Exit long,2018-10-19 07:15,TX15,247.9,100,24764,26,0.10,0,76,0.31,-7,-0.03,-1562,-1.56,1
1710,Entry long,2018-10-19 07:00,C0|L|MKT|15|v0.3.0-tier0|SPY,247.64,100,24764,26,0.10,0,76,0.31,-7,-0.03,-1562,-1.56,1
1711,Exit short,2018-10-22 07:15,TX15,244.86,100,24490,4,0.02,0,48,0.20,-12,-0.05,-1558,-1.56,1
1711,Entry short,2018-10-22 07:00,C0|S|MKT|15|v0.3.0-tier0|SPY,244.9,100,24490,4,0.02,0,48,0.20,-12,-0.05,-1558,-1.56,1
1712,Exit short,2018-10-23 07:30,TX15,239.67,100,23931,-36,-0.15,0,40,0.17,-65,-0.27,-1594,-1.59,1
1712,Entry short,2018-10-23 07:15,C0|S|MKT|15|v0.3.0-tier0|SPY,239.31,100,23931,-36,-0.15,0,40,0.17,-65,-0.27,-1594,-1.59,1
1713,Exit short,2018-10-24 07:15,TX15,242.38,100,24260,22,0.09,0,45,0.19,-30,-0.12,-1572,-1.57,1
1713,Entry short,2018-10-24 07:00,C0|S|MKT|15|v0.3.0-tier0|SPY,242.6,100,24260,22,0.09,0,45,0.19,-30,-0.12,-1572,-1.57,1
1714,Exit long,2018-10-25 07:15,TX15,238.83,100,23842,41,0.17,0,97,0.41,-2,-0.01,-1531,-1.53,1
1714,Entry long,2018-10-25 07:00,C0|L|MKT|15|v0.3.0-tier0|SPY,238.42,100,23842,41,0.17,0,97,0.41,-2,-0.01,-1531,-1.53,1
1715,Exit short,2018-10-26 07:30,TX15,235.15,100,23498,-17,-0.07,0,22,0.09,-111,-0.47,-1548,-1.55,1
1715,Entry short,2018-10-26 07:15,C0|S|MKT|15|v0.3.0-tier0|SPY,234.98,100,23498,-17,-0.07,0,22,0.09,-111,-0.47,-1548,-1.55,1
1716,Exit long,2018-10-29 07:30,TX15,239.91,100,23987,4,0.02,0,31,0.13,-4,-0.02,-1544,-1.54,1
1716,Entry long,2018-10-29 07:15,C0|L|MKT|15|v0.3.0-tier0|SPY,239.87,100,23987,4,0.02,0,31,0.13,-4,-0.02,-1544,-1.54,1
1717,Exit long,2018-10-30 07:15,TX15,236.74,100,23720,-46,-0.19,0,18,0.08,-98,-0.41,-1590,-1.59,1
1717,Entry long,2018-10-30 07:00,C0|L|MKT|15|v0.3.0-tier0|SPY,237.2,100,23720,-46,-0.19,0,18,0.08,-98,-0.41,-1590,-1.59,1
1718,Exit long,2018-10-31 07:15,TX15,241.19,100,24151,-32,-0.13,0,14,0.06,-43,-0.18,-1622,-1.62,1
1718,Entry long,2018-10-31 07:00,C0|L|MKT|15|v0.3.0-tier0|SPY,241.51,100,24151,-32,-0.13,0,14,0.06,-43,-0.18,-1622,-1.62,1
1719,Exit short,2018-11-01 07:15,TX15,241.68,100,24125,-43,-0.18,0,78,0.32,-77,-0.32,-1665,-1.67,1
1719,Entry short,2018-11-01 07:00,C0|S|MKT|15|v0.3.0-tier0|SPY,241.25,100,24125,-43,-0.18,0,78,0.32,-77,-0.32,-1665,-1.67,1
1720,Exit short,2018-11-02 07:30,TX15,242.81,100,24373,92,0.38,0,92,0.38,-28,-0.11,-1573,-1.57,1
1720,Entry short,2018-11-02 07:15,C0|S|MKT|15|v0.3.0-tier0|SPY,243.73,100,24373,92,0.38,0,92,0.38,-28,-0.11,-1573,-1.57,1
1721,Exit short,2018-11-05 07:15,TX15,241.53,100,24204,51,0.21,0,65,0.27,-8,-0.03,-1522,-1.52,1
1721,Entry short,2018-11-05 07:00,C0|S|MKT|15|v0.3.0-tier0|SPY,242.04,100,24204,51,0.21,0,65,0.27,-8,-0.03,-1522,-1.52,1
1722,Exit long,2018-11-06 07:15,TX15,244.07,100,24421,-14,-0.06,0,4,0.02,-36,-0.15,-1536,-1.54,1
1722,Entry long,2018-11-06 07:00,C0|L|MKT|15|v0.3.0-tier0|SPY,244.21,100,24421,-14,-0.06,0,4,0.02,-36,-0.15,-1536,-1.54,1
1723,Exit short,2018-11-07 07:15,TX15,247,100,24672,-28,-0.11,0,29,0.12,-34,-0.14,-1564,-1.56,1
1723,Entry short,2018-11-07 07:00,C0|S|MKT|15|v0.3.0-tier0|SPY,246.72,100,24672,-28,-0.11,0,29,0.12,-34,-0.14,-1564,-1.56,1
1724,Exit long,2018-11-08 07:15,TX15,249.23,100,24984,-61,-0.24,0,8,0.03,-68,-0.27,-1625,-1.62,1
1724,Entry long,2018-11-08 07:00,C0|L|MKT|15|v0.3.0-tier0|SPY,249.84,100,24984,-61,-0.24,0,8,0.03,-68,-0.27,-1625,-1.62,1
1725,Exit short,2018-11-09 07:30,TX15,247.56,100,24699,-57,-0.23,0,15,0.06,-57,-0.23,-1682,-1.68,1
1725,Entry short,2018-11-09 07:15,C0|S|MKT|15|v0.3.0-tier0|SPY,246.99,100,24699,-57,-0.23,0,15,0.06,-57,-0.23,-1682,-1.68,1
1726,Exit short,2018-11-12 07:15,TX15,244.86,100,24512,26,0.11,0,43,0.18,-3,-0.01,-1656,-1.66,1
1726,Entry short,2018-11-12 07:00,C0|S|MKT|15|v0.3.0-tier0|SPY,245.12,100,24512,26,0.11,0,43,0.18,-3,-0.01,-1656,-1.66,1
1727,Exit short,2018-11-13 07:45,TX15,242.5,100,24187,-63,-0.26,0,20,0.08,-109,-0.45,-1719,-1.72,1
1727,Entry short,2018-11-13 07:30,C0|S|MKT|15|v0.3.0-tier0|SPY,241.87,100,24187,-63,-0.26,0,20,0.08,-109,-0.45,-1719,-1.72,1
1728,Exit short,2018-11-14 07:30,TX15,242.66,100,24291,25,0.10,0,51,0.21,-6,-0.02,-1694,-1.69,1
1728,Entry short,2018-11-14 07:15,C0|S|MKT|15|v0.3.0-tier0|SPY,242.91,100,24291,25,0.10,0,51,0.21,-6,-0.02,-1694,-1.69,1
1729,Exit long,2018-11-16 07:15,TX15,242.61,100,24252,9,0.04,0,24,0.10,-36,-0.15,-1685,-1.68,1
1729,Entry long,2018-11-16 07:00,C0|L|MKT|15|v0.3.0-tier0|SPY,242.52,100,24252,9,0.04,0,24,0.10,-36,-0.15,-1685,-1.68,1
1730,Exit short,2018-11-19 07:15,TX15,241.72,100,24237,65,0.27,0,90,0.37,-3,-0.01,-1620,-1.62,1
1730,Entry short,2018-11-19 07:00,C0|S|MKT|15|v0.3.0-tier0|SPY,242.37,100,24237,65,0.27,0,90,0.37,-3,-0.01,-1620,-1.62,1
1731,Exit short,2018-11-20 07:15,TX15,234.25,100,23535,110,0.47,0,110,0.47,-30,-0.13,-1510,-1.51,1
1731,Entry short,2018-11-20 07:00,C0|S|MKT|15|v0.3.0-tier0|SPY,235.35,100,23535,110,0.47,0,110,0.47,-30,-0.13,-1510,-1.51,1
1732,Exit long,2018-11-21 07:45,TX15,236.57,100,23698,-41,-0.17,0,10,0.04,-44,-0.19,-1551,-1.55,1
1732,Entry long,2018-11-21 07:30,C0|L|MKT|15|v0.3.0-tier0|SPY,236.98,100,23698,-41,-0.17,0,10,0.04,-44,-0.19,-1551,-1.55,1
1733,Exit long,2018-11-23 07:15,TX15,234.8,100,23488,-8,-0.03,0,28,0.12,-25,-0.11,-1559,-1.56,1
1733,Entry long,2018-11-23 07:00,C0|L|MKT|15|v0.3.0-tier0|SPY,234.88,100,23488,-8,-0.03,0,28,0.12,-25,-0.11,-1559,-1.56,1
1734,Exit long,2018-11-26 07:15,TX15,237.5,100,23760,-10,-0.04,0,8,0.03,-22,-0.09,-1569,-1.57,1
1734,Entry long,2018-11-26 07:00,C0|L|MKT|15|v0.3.0-tier0|SPY,237.6,100,23760,-10,-0.04,0,8,0.03,-22,-0.09,-1569,-1.57,1
1735,Exit long,2018-11-27 07:30,TX15,237.47,100,23794,-47,-0.20,0,14,0.06,-48,-0.20,-1616,-1.62,1
1735,Entry long,2018-11-27 07:15,C0|L|MKT|15|v0.3.0-tier0|SPY,237.94,100,23794,-47,-0.20,0,14,0.06,-48,-0.20,-1616,-1.62,1
1736,Exit short,2018-11-28 07:15,TX15,239.19,100,23954,35,0.15,0,38,0.16,-28,-0.12,-1581,-1.58,1
1736,Entry short,2018-11-28 07:00,C0|S|MKT|15|v0.3.0-tier0|SPY,239.54,100,23954,35,0.15,0,38,0.16,-28,-0.12,-1581,-1.58,1
1737,Exit short,2018-11-29 07:45,TX15,242.75,100,24285,10,0.04,0,26,0.11,-95,-0.39,-1571,-1.57,1
1737,Entry short,2018-11-29 07:30,C0|S|MKT|15|v0.3.0-tier0|SPY,242.85,100,24285,10,0.04,0,26,0.11,-95,-0.39,-1571,-1.57,1
1738,Exit long,2018-11-30 07:15,TX15,244.05,100,24385,20,0.08,0,21,0.09,-21,-0.09,-1551,-1.55,1
1738,Entry long,2018-11-30 07:00,C0|L|MKT|15|v0.3.0-tier0|SPY,243.85,100,24385,20,0.08,0,21,0.09,-21,-0.09,-1551,-1.55,1
1739,Exit short,2018-12-03 07:15,TX15,247.87,100,24808,21,0.08,0,22,0.09,-26,-0.10,-1530,-1.53,1
1739,Entry short,2018-12-03 07:00,C0|S|MKT|15|v0.3.0-tier0|SPY,248.08,100,24808,21,0.08,0,22,0.09,-26,-0.10,-1530,-1.53,1
1740,Exit short,2018-12-04 07:15,TX15,246.75,100,24703,28,0.11,0,28,0.11,-20,-0.08,-1502,-1.50,1
1740,Entry short,2018-12-04 07:00,C0|S|MKT|15|v0.3.0-tier0|SPY,247.03,100,24703,28,0.11,0,28,0.11,-20,-0.08,-1502,-1.50,1
1741,Exit short,2018-12-06 07:15,TX15,236.23,100,23575,-48,-0.20,0,29,0.12,-77,-0.33,-1550,-1.55,1
1741,Entry short,2018-12-06 07:00,C0|S|MKT|15|v0.3.0-tier0|SPY,235.75,100,23575,-48,-0.20,0,29,0.12,-77,-0.33,-1550,-1.55,1
1742,Exit short,2018-12-07 07:30,TX15,238.59,100,23942,83,0.35,0,144,0.60,0,0.00,-1467,-1.47,1
1742,Entry short,2018-12-07 07:15,C0|S|MKT|15|v0.3.0-tier0|SPY,239.42,100,23942,83,0.35,0,144,0.60,0,0.00,-1467,-1.47,1
1743,Exit short,2018-12-10 07:15,TX15,233.84,100,23272,-112,-0.48,0,30,0.13,-115,-0.49,-1579,-1.58,1
1743,Entry short,2018-12-10 07:00,C0|S|MKT|15|v0.3.0-tier0|SPY,232.72,100,23272,-112,-0.48,0,30,0.13,-115,-0.49,-1579,-1.58,1
1744,Exit short,2018-12-11 07:15,TX15,237.29,100,23759,30,0.13,0,47,0.20,-62,-0.26,-1549,-1.55,1
1744,Entry short,2018-12-11 07:00,C0|S|MKT|15|v0.3.0-tier0|SPY,237.59,100,23759,30,0.13,0,47,0.20,-62,-0.26,-1549,-1.55,1
1745,Exit long,2018-12-12 07:30,TX15,237.89,100,23823,-34,-0.14,0,17,0.07,-35,-0.15,-1583,-1.58,1
1745,Entry long,2018-12-12 07:15,C0|L|MKT|15|v0.3.0-tier0|SPY,238.23,100,23823,-34,-0.14,0,17,0.07,-35,-0.15,-1583,-1.58,1
1746,Exit short,2018-12-13 07:15,TX15,237.64,100,23636,-128,-0.54,0,1,0.00,-154,-0.65,-1711,-1.71,1
1746,Entry short,2018-12-13 07:00,C0|S|MKT|15|v0.3.0-tier0|SPY,236.36,100,23636,-128,-0.54,0,1,0.00,-154,-0.65,-1711,-1.71,1
1747,Exit long,2018-12-14 07:15,TX15,234.38,100,23447,-9,-0.04,0,19,0.08,-26,-0.11,-1720,-1.72,1
1747,Entry long,2018-12-14 07:00,C0|L|MKT|15|v0.3.0-tier0|SPY,234.47,100,23447,-9,-0.04,0,19,0.08,-26,-0.11,-1720,-1.72,1
1748,Exit long,2018-12-18 07:15,TX15,228.84,100,22926,-42,-0.18,0,7,0.03,-73,-0.32,-1762,-1.76,1
1748,Entry long,2018-12-18 07:00,C0|L|MKT|15|v0.3.0-tier0|SPY,229.26,100,22926,-42,-0.18,0,7,0.03,-73,-0.32,-1762,-1.76,1
1749,Exit long,2018-12-19 07:15,TX15,228.8,100,22849,31,0.14,0,41,0.18,-3,-0.01,-1731,-1.73,1
1749,Entry long,2018-12-19 07:00,C0|L|MKT|15|v0.3.0-tier0|SPY,228.49,100,22849,31,0.14,0,41,0.18,-3,-0.01,-1731,-1.73,1
1750,Exit long,2018-12-20 07:30,TX15,222.61,100,22334,-73,-0.33,0,12,0.05,-110,-0.49,-1804,-1.80,1
1750,Entry long,2018-12-20 07:15,C0|L|MKT|15|v0.3.0-tier0|SPY,223.34,100,22334,-73,-0.33,0,12,0.05,-110,-0.49,-1804,-1.80,1
1751,Exit long,2018-12-21 07:30,TX15,222.31,100,22222,9,0.04,0,116,0.52,-27,-0.12,-1795,-1.80,1
1751,Entry long,2018-12-21 07:15,C0|L|MKT|15|v0.3.0-tier0|SPY,222.22,100,22222,9,0.04,0,116,0.52,-27,-0.12,-1795,-1.80,1
1752,Exit short,2018-12-24 07:15,TX15,212.57,100,21235,-22,-0.10,0,132,0.62,-42,-0.20,-1817,-1.82,1
1752,Entry short,2018-12-24 07:00,C0|S|MKT|15|v0.3.0-tier0|SPY,212.35,100,21235,-22,-0.10,0,132,0.62,-42,-0.20,-1817,-1.82,1
1753,Exit short,2018-12-26 07:15,TX15,209.81,100,21075,94,0.45,0,104,0.49,-32,-0.15,-1723,-1.72,1
1753,Entry short,2018-12-26 07:00,C0|S|MKT|15|v0.3.0-tier0|SPY,210.75,100,21075,94,0.45,0,104,0.49,-32,-0.15,-1723,-1.72,1
1754,Exit short,2018-12-27 07:15,TX15,216.04,100,21647,43,0.20,0,88,0.41,-87,-0.40,-1680,-1.68,1
1754,Entry short,2018-12-27 07:00,C0|S|MKT|15|v0.3.0-tier0|SPY,216.47,100,21647,43,0.20,0,88,0.41,-87,-0.40,-1680,-1.68,1
1755,Exit short,2018-12-28 07:45,TX15,220.98,100,22151,53,0.24,0,104,0.47,-26,-0.12,-1627,-1.63,1
1755,Entry short,2018-12-28 07:30,C0|S|MKT|15|v0.3.0-tier0|SPY,221.51,100,22151,53,0.24,0,104,0.47,-26,-0.12,-1627,-1.63,1
1756,Exit short,2018-12-31 07:30,TX15,222.86,100,22285,-1,0.00,0,21,0.09,-21,-0.09,-1628,-1.63,1
1756,Entry short,2018-12-31 07:15,C0|S|MKT|15|v0.3.0-tier0|SPY,222.85,100,22285,-1,0.00,0,21,0.09,-21,-0.09,-1628,-1.63,1
1757,Exit long,2019-01-02 07:15,TX15,222.21,100,22112,109,0.49,0,127,0.57,-49,-0.22,-1519,-1.52,1
1757,Entry long,2019-01-02 07:00,C0|L|MKT|15|v0.3.0-tier0|SPY,221.12,100,22112,109,0.49,0,127,0.57,-49,-0.22,-1519,-1.52,1
1758,Exit short,2019-01-03 07:15,TX15,219.27,100,22112,185,0.84,0,185,0.84,-2,-0.01,-1334,-1.33,1
1758,Entry short,2019-01-03 07:00,C0|S|MKT|15|v0.3.0-tier0|SPY,221.12,100,22112,185,0.84,0,185,0.84,-2,-0.01,-1334,-1.33,1
1759,Exit long,2019-01-04 07:15,TX15,222.53,100,22284,-31,-0.14,0,41,0.18,-33,-0.15,-1365,-1.36,1
1759,Entry long,2019-01-04 07:00,C0|L|MKT|15|v0.3.0-tier0|SPY,222.84,100,22284,-31,-0.14,0,41,0.18,-33,-0.15,-1365,-1.36,1
1760,Exit long,2019-01-07 07:45,TX15,226.98,100,22629,69,0.30,0,96,0.42,0,0.00,-1296,-1.30,1
1760,Entry long,2019-01-07 07:30,C0|L|MKT|15|v0.3.0-tier0|SPY,226.29,100,22629,69,0.30,0,96,0.42,0,0.00,-1296,-1.30,1
1761,Exit short,2019-01-08 07:15,TX15,228.62,100,22921,59,0.26,0,68,0.30,-42,-0.18,-1237,-1.24,1
1761,Entry short,2019-01-08 07:00,C0|S|MKT|15|v0.3.0-tier0|SPY,229.21,100,22921,59,0.26,0,68,0.30,-42,-0.18,-1237,-1.24,1
1762,Exit long,2019-01-09 07:15,TX15,230.38,100,23086,-48,-0.21,0,20,0.09,-48,-0.21,-1285,-1.28,1
1762,Entry long,2019-01-09 07:00,C0|L|MKT|15|v0.3.0-tier0|SPY,230.86,100,23086,-48,-0.21,0,20,0.09,-48,-0.21,-1285,-1.28,1
1763,Exit long,2019-01-10 07:45,TX15,229.97,100,23000,-3,-0.01,0,17,0.07,-17,-0.07,-1288,-1.29,1
1763,Entry long,2019-01-10 07:30,C0|L|MKT|15|v0.3.0-tier0|SPY,230,100,23000,-3,-0.01,0,17,0.07,-17,-0.07,-1288,-1.29,1
1764,Exit short,2019-01-11 07:45,TX15,230.59,100,23009,-50,-0.22,0,12,0.05,-59,-0.26,-1338,-1.34,1
1764,Entry short,2019-01-11 07:30,C0|S|MKT|15|v0.3.0-tier0|SPY,230.09,100,23009,-50,-0.22,0,12,0.05,-59,-0.26,-1338,-1.34,1
1765,Exit long,2019-01-14 07:30,TX15,230.36,100,23051,-15,-0.07,0,15,0.07,-31,-0.13,-1353,-1.35,1
1765,Entry long,2019-01-14 07:15,C0|L|MKT|15|v0.3.0-tier0|SPY,230.51,100,23051,-15,-0.07,0,15,0.07,-31,-0.13,-1353,-1.35,1
1766,Exit long,2019-01-16 07:15,TX15,234.08,100,23386,22,0.09,0,28,0.12,-4,-0.02,-1331,-1.33,1
1766,Entry long,2019-01-16 07:00,C0|L|MKT|15|v0.3.0-tier0|SPY,233.86,100,23386,22,0.09,0,28,0.12,-4,-0.02,-1331,-1.33,1
1767,Exit long,2019-01-17 07:15,TX15,233.48,100,23353,-5,-0.02,0,2,0.01,-31,-0.13,-1336,-1.34,1
1767,Entry long,2019-01-17 07:00,C0|L|MKT|15|v0.3.0-tier0|SPY,233.53,100,23353,-5,-0.02,0,2,0.01,-31,-0.13,-1336,-1.34,1
1768,Exit short,2019-01-22 07:15,TX15,235.87,100,23653,66,0.28,0,77,0.33,0,0.00,-1270,-1.27,1
1768,Entry short,2019-01-22 07:00,C0|S|MKT|15|v0.3.0-tier0|SPY,236.53,100,23653,66,0.28,0,77,0.33,0,0.00,-1270,-1.27,1
1769,Exit short,2019-01-23 07:45,TX15,235.29,100,23576,47,0.20,0,48,0.20,-14,-0.06,-1223,-1.22,1
1769,Entry short,2019-01-23 07:30,C0|S|MKT|15|v0.3.0-tier0|SPY,235.76,100,23576,47,0.20,0,48,0.20,-14,-0.06,-1223,-1.22,1
1770,Exit long,2019-01-24 07:30,TX15,236.28,100,23590,38,0.16,0,43,0.18,-7,-0.03,-1185,-1.18,1
1770,Entry long,2019-01-24 07:15,C0|L|MKT|15|v0.3.0-tier0|SPY,235.9,100,23590,38,0.16,0,43,0.18,-7,-0.03,-1185,-1.18,1
1771,Exit long,2019-01-25 07:15,TX15,238.17,100,23769,48,0.20,0,49,0.21,-1,0.00,-1137,-1.14,1
1771,Entry long,2019-01-25 07:00,C0|L|MKT|15|v0.3.0-tier0|SPY,237.69,100,23769,48,0.20,0,49,0.21,-1,0.00,-1137,-1.14,1
1772,Exit short,2019-01-28 07:30,TX15,235.49,100,23478,-71,-0.30,0,4,0.02,-78,-0.33,-1208,-1.21,1
1772,Entry short,2019-01-28 07:15,C0|S|MKT|15|v0.3.0-tier0|SPY,234.78,100,23478,-71,-0.30,0,4,0.02,-78,-0.33,-1208,-1.21,1
1773,Exit long,2019-01-29 07:15,TX15,235.77,100,23635,-58,-0.25,0,30,0.13,-60,-0.25,-1266,-1.27,1
1773,Entry long,2019-01-29 07:00,C0|L|MKT|15|v0.3.0-tier0|SPY,236.35,100,23635,-58,-0.25,0,30,0.13,-60,-0.25,-1266,-1.27,1
1774,Exit short,2019-01-30 07:15,TX15,236.73,100,23666,-7,-0.03,0,27,0.11,-12,-0.05,-1273,-1.27,1
1774,Entry short,2019-01-30 07:00,C0|S|MKT|15|v0.3.0-tier0|SPY,236.66,100,23666,-7,-0.03,0,27,0.11,-12,-0.05,-1273,-1.27,1
1775,Exit long,2019-01-31 07:15,TX15,240.26,100,23970,56,0.23,0,56,0.23,-6,-0.03,-1217,-1.22,1
1775,Entry long,2019-01-31 07:00,C0|L|MKT|15|v0.3.0-tier0|SPY,239.7,100,23970,56,0.23,0,56,0.23,-6,-0.03,-1217,-1.22,1
1776,Exit short,2019-02-01 07:15,TX15,242.2,100,24114,-106,-0.44,0,0,0.00,-121,-0.50,-1323,-1.32,1
1776,Entry short,2019-02-01 07:00,C0|S|MKT|15|v0.3.0-tier0|SPY,241.14,100,24114,-106,-0.44,0,0,0.00,-121,-0.50,-1323,-1.32,1
1777,Exit long,2019-02-05 07:15,TX15,243.92,100,24405,-13,-0.05,0,18,0.07,-26,-0.11,-1336,-1.34,1
1777,Entry long,2019-02-05 07:00,C0|L|MKT|15|v0.3.0-tier0|SPY,244.05,100,24405,-13,-0.05,0,18,0.07,-26,-0.11,-1336,-1.34,1
1778,Exit short,2019-02-06 07:30,TX15,243.57,100,24341,-16,-0.07,0,16,0.07,-29,-0.12,-1352,-1.35,1
1778,Entry short,2019-02-06 07:15,C0|S|MKT|15|v0.3.0-tier0|SPY,243.41,100,24341,-16,-0.07,0,16,0.07,-29,-0.12,-1352,-1.35,1
1779,Exit long,2019-02-07 07:45,TX15,242.42,100,24269,-27,-0.11,0,22,0.09,-39,-0.16,-1379,-1.38,1
1779,Entry long,2019-02-07 07:30,C0|L|MKT|15|v0.3.0-tier0|SPY,242.69,100,24269,-27,-0.11,0,22,0.09,-39,-0.16,-1379,-1.38,1
1780,Exit short,2019-02-08 07:15,TX15,240.12,100,24028,16,0.07,0,23,0.10,-32,-0.13,-1363,-1.36,1
1780,Entry short,2019-02-08 07:00,C0|S|MKT|15|v0.3.0-tier0|SPY,240.28,100,24028,16,0.07,0,23,0.10,-32,-0.13,-1363,-1.36,1
1781,Exit short,2019-02-11 07:15,TX15,242.18,100,24222,4,0.02,0,11,0.05,-27,-0.11,-1359,-1.36,1
1781,Entry short,2019-02-11 07:00,C0|S|MKT|15|v0.3.0-tier0|SPY,242.22,100,24222,4,0.02,0,11,0.05,-27,-0.11,-1359,-1.36,1
1782,Exit long,2019-02-12 07:15,TX15,244.17,100,24424,-7,-0.03,0,23,0.09,-7,-0.03,-1366,-1.37,1
1782,Entry long,2019-02-12 07:00,C0|L|MKT|15|v0.3.0-tier0|SPY,244.24,100,24424,-7,-0.03,0,23,0.09,-7,-0.03,-1366,-1.37,1
1783,Exit long,2019-02-14 07:30,TX15,245.4,100,24513,27,0.11,0,30,0.12,0,0.00,-1339,-1.34,1
1783,Entry long,2019-02-14 07:15,C0|L|MKT|15|v0.3.0-tier0|SPY,245.13,100,24513,27,0.11,0,30,0.12,0,0.00,-1339,-1.34,1
1784,Exit long,2019-02-19 07:15,TX15,248.31,100,24810,21,0.08,0,24,0.10,-8,-0.03,-1318,-1.32,1
1784,Entry long,2019-02-19 07:00,C0|L|MKT|15|v0.3.0-tier0|SPY,248.1,100,24810,21,0.08,0,24,0.10,-8,-0.03,-1318,-1.32,1
1785,Exit long,2019-02-20 07:15,TX15,248.47,100,24871,-24,-0.10,0,3,0.01,-24,-0.10,-1342,-1.34,1
1785,Entry long,2019-02-20 07:00,C0|L|MKT|15|v0.3.0-tier0|SPY,248.71,100,24871,-24,-0.10,0,3,0.01,-24,-0.10,-1342,-1.34,1
1786,Exit short,2019-02-21 07:15,TX15,247.89,100,24803,14,0.06,0,37,0.15,-10,-0.04,-1328,-1.33,1
1786,Entry short,2019-02-21 07:00,C0|S|MKT|15|v0.3.0-tier0|SPY,248.03,100,24803,14,0.06,0,37,0.15,-10,-0.04,-1328,-1.33,1
1787,Exit long,2019-02-22 07:15,TX15,249.09,100,24910,-1,0.00,0,12,0.05,-13,-0.05,-1329,-1.33,1
1787,Entry long,2019-02-22 07:00,C0|L|MKT|15|v0.3.0-tier0|SPY,249.1,100,24910,-1,0.00,0,12,0.05,-13,-0.05,-1329,-1.33,1
1788,Exit short,2019-02-25 07:15,TX15,251.29,100,25104,-25,-0.10,0,13,0.05,-26,-0.10,-1354,-1.35,1
1788,Entry short,2019-02-25 07:00,C0|S|MKT|15|v0.3.0-tier0|SPY,251.04,100,25104,-25,-0.10,0,13,0.05,-26,-0.10,-1354,-1.35,1
1789,Exit long,2019-02-26 07:30,TX15,250.15,100,25024,-9,-0.04,0,21,0.08,-11,-0.04,-1363,-1.36,1
1789,Entry long,2019-02-26 07:15,C0|L|MKT|15|v0.3.0-tier0|SPY,250.24,100,25024,-9,-0.04,0,21,0.08,-11,-0.04,-1363,-1.36,1
1790,Exit short,2019-02-27 07:30,TX15,248.54,100,24858,4,0.02,0,34,0.14,-28,-0.11,-1359,-1.36,1
1790,Entry short,2019-02-27 07:15,C0|S|MKT|15|v0.3.0-tier0|SPY,248.58,100,24858,4,0.02,0,34,0.14,-28,-0.11,-1359,-1.36,1
1791,Exit short,2019-03-01 07:30,TX15,250.27,100,25068,41,0.16,0,60,0.24,0,0.00,-1318,-1.32,1
1791,Entry short,2019-03-01 07:15,C0|S|MKT|15|v0.3.0-tier0|SPY,250.68,100,25068,41,0.16,0,60,0.24,0,0.00,-1318,-1.32,1
1792,Exit short,2019-03-04 07:30,TX15,251.86,100,25158,-28,-0.11,0,3,0.01,-32,-0.13,-1346,-1.35,1
1792,Entry short,2019-03-04 07:15,C0|S|MKT|15|v0.3.0-tier0|SPY,251.58,100,25158,-28,-0.11,0,3,0.01,-32,-0.13,-1346,-1.35,1
1793,Exit short,2019-03-05 07:15,TX15,249.56,100,24934,-22,-0.09,0,0,0.00,-61,-0.24,-1368,-1.37,1
1793,Entry short,2019-03-05 07:00,C0|S|MKT|15|v0.3.0-tier0|SPY,249.34,100,24934,-22,-0.09,0,0,0.00,-61,-0.24,-1368,-1.37,1
1794,Exit short,2019-03-06 07:15,TX15,249.21,100,24917,-4,-0.02,0,17,0.07,-17,-0.07,-1372,-1.37,1
1794,Entry short,2019-03-06 07:00,C0|S|MKT|15|v0.3.0-tier0|SPY,249.17,100,24917,-4,-0.02,0,17,0.07,-17,-0.07,-1372,-1.37,1
1795,Exit short,2019-03-07 07:15,TX15,245.93,100,24625,32,0.13,0,37,0.15,-8,-0.03,-1340,-1.34,1
1795,Entry short,2019-03-07 07:00,C0|S|MKT|15|v0.3.0-tier0|SPY,246.25,100,24625,32,0.13,0,37,0.15,-8,-0.03,-1340,-1.34,1
1796,Exit long,2019-03-11 07:15,TX15,247.42,100,24716,26,0.11,0,27,0.11,-3,-0.01,-1314,-1.31,1
1796,Entry long,2019-03-11 07:00,C0|L|MKT|15|v0.3.0-tier0|SPY,247.16,100,24716,26,0.11,0,27,0.11,-3,-0.01,-1314,-1.31,1
1797,Exit long,2019-03-12 07:45,TX15,250.11,100,25015,-4,-0.02,0,29,0.12,-6,-0.02,-1318,-1.32,1
1797,Entry long,2019-03-12 07:30,C0|L|MKT|15|v0.3.0-tier0|SPY,250.15,100,25015,-4,-0.02,0,29,0.12,-6,-0.02,-1318,-1.32,1
1798,Exit long,2019-03-13 07:15,TX15,251.32,100,25126,6,0.02,0,7,0.03,-6,-0.02,-1312,-1.31,1
1798,Entry long,2019-03-13 07:00,C0|L|MKT|15|v0.3.0-tier0|SPY,251.26,100,25126,6,0.02,0,7,0.03,-6,-0.02,-1312,-1.31,1
1799,Exit short,2019-03-14 07:30,TX15,251.44,100,25121,-23,-0.09,0,0,0.00,-34,-0.14,-1335,-1.33,1
1799,Entry short,2019-03-14 07:15,C0|S|MKT|15|v0.3.0-tier0|SPY,251.21,100,25121,-23,-0.09,0,0,0.00,-34,-0.14,-1335,-1.33,1
1800,Exit long,2019-03-15 07:15,TX15,252.05,100,25233,-28,-0.11,0,6,0.02,-39,-0.15,-1363,-1.36,1
1800,Entry long,2019-03-15 07:00,C0|L|MKT|15|v0.3.0-tier0|SPY,252.33,100,25233,-28,-0.11,0,6,0.02,-39,-0.15,-1363,-1.36,1
1801,Exit long,2019-03-18 07:15,TX15,253.57,100,25378,-21,-0.08,0,16,0.06,-23,-0.09,-1384,-1.38,1
1801,Entry long,2019-03-18 07:00,C0|L|MKT|15|v0.3.0-tier0|SPY,253.78,100,25378,-21,-0.08,0,16,0.06,-23,-0.09,-1384,-1.38,1
1802,Exit short,2019-03-19 07:15,TX15,254.72,100,25443,-29,-0.11,0,0,0.00,-35,-0.14,-1413,-1.41,1
1802,Entry short,2019-03-19 07:00,C0|S|MKT|15|v0.3.0-tier0|SPY,254.43,100,25443,-29,-0.11,0,0,0.00,-35,-0.14,-1413,-1.41,1
1803,Exit short,2019-03-20 07:15,TX15,252.86,100,25275,-11,-0.04,0,2,0.01,-44,-0.17,-1424,-1.42,1
1803,Entry short,2019-03-20 07:00,C0|S|MKT|15|v0.3.0-tier0|SPY,252.75,100,25275,-11,-0.04,0,2,0.01,-44,-0.17,-1424,-1.42,1
1804,Exit long,2019-03-21 07:15,TX15,253.77,100,25349,28,0.11,0,45,0.18,-2,-0.01,-1396,-1.40,1
1804,Entry long,2019-03-21 07:00,C0|L|MKT|15|v0.3.0-tier0|SPY,253.49,100,25349,28,0.11,0,45,0.18,-2,-0.01,-1396,-1.40,1
1805,Exit short,2019-03-22 07:15,TX15,253.71,100,25332,-39,-0.15,0,12,0.05,-53,-0.21,-1435,-1.43,1
1805,Entry short,2019-03-22 07:00,C0|S|MKT|15|v0.3.0-tier0|SPY,253.32,100,25332,-39,-0.15,0,12,0.05,-53,-0.21,-1435,-1.43,1
1806,Exit short,2019-03-25 07:15,TX15,249.61,100,24979,18,0.07,0,25,0.10,-40,-0.16,-1417,-1.42,1
1806,Entry short,2019-03-25 07:00,C0|S|MKT|15|v0.3.0-tier0|SPY,249.79,100,24979,18,0.07,0,25,0.10,-40,-0.16,-1417,-1.42,1
1807,Exit long,2019-03-26 07:15,TX15,253.08,100,25336,-28,-0.11,0,6,0.02,-45,-0.18,-1445,-1.44,1
1807,Entry long,2019-03-26 07:00,C0|L|MKT|15|v0.3.0-tier0|SPY,253.36,100,25336,-28,-0.11,0,6,0.02,-45,-0.18,-1445,-1.44,1
1808,Exit short,2019-03-27 07:15,TX15,252.6,100,25219,-41,-0.16,0,18,0.07,-42,-0.17,-1486,-1.49,1
1808,Entry short,2019-03-27 07:00,C0|S|MKT|15|v0.3.0-tier0|SPY,252.19,100,25219,-41,-0.16,0,18,0.07,-42,-0.17,-1486,-1.49,1
1809,Exit long,2019-03-28 07:30,TX15,252.38,100,25237,1,0.00,0,17,0.07,-13,-0.05,-1485,-1.48,1
1809,Entry long,2019-03-28 07:15,C0|L|MKT|15|v0.3.0-tier0|SPY,252.37,100,25237,1,0.00,0,17,0.07,-13,-0.05,-1485,-1.48,1
1810,Exit short,2019-04-03 07:30,TX15,257.86,100,25762,-24,-0.09,0,3,0.01,-35,-0.14,-1509,-1.51,1
1810,Entry short,2019-04-03 07:15,C0|S|MKT|15|v0.3.0-tier0|SPY,257.62,100,25762,-24,-0.09,0,3,0.01,-35,-0.14,-1509,-1.51,1
1811,Exit long,2019-04-04 07:15,TX15,258.03,100,25817,-14,-0.05,0,9,0.03,-27,-0.10,-1523,-1.52,1
1811,Entry long,2019-04-04 07:00,C0|L|MKT|15|v0.3.0-tier0|SPY,258.17,100,25817,-14,-0.05,0,9,0.03,-27,-0.10,-1523,-1.52,1
1812,Exit long,2019-04-05 07:15,TX15,259.12,100,25894,18,0.07,0,23,0.09,-4,-0.02,-1505,-1.50,1
1812,Entry long,2019-04-05 07:00,C0|L|MKT|15|v0.3.0-tier0|SPY,258.94,100,25894,18,0.07,0,23,0.09,-4,-0.02,-1505,-1.50,1
1813,Exit short,2019-04-10 07:30,TX15,258.23,100,25831,8,0.03,0,14,0.05,-9,-0.03,-1497,-1.50,1
1813,Entry short,2019-04-10 07:15,C0|S|MKT|15|v0.3.0-tier0|SPY,258.31,100,25831,8,0.03,0,14,0.05,-9,-0.03,-1497,-1.50,1
1814,Exit short,2019-04-15 07:15,TX15,260.29,100,26041,12,0.05,0,13,0.05,-11,-0.04,-1485,-1.48,1
1814,Entry short,2019-04-15 07:00,C0|S|MKT|15|v0.3.0-tier0|SPY,260.41,100,26041,12,0.05,0,13,0.05,-11,-0.04,-1485,-1.48,1
1815,Exit short,2019-04-16 07:15,TX15,261.25,100,26116,-9,-0.03,0,10,0.04,-14,-0.05,-1494,-1.49,1
1815,Entry short,2019-04-16 07:00,C0|S|MKT|15|v0.3.0-tier0|SPY,261.16,100,26116,-9,-0.03,0,10,0.04,-14,-0.05,-1494,-1.49,1
1816,Exit short,2019-04-17 07:15,TX15,260.36,100,26068,32,0.12,0,49,0.19,0,0.00,-1462,-1.46,1
1816,Entry short,2019-04-17 07:00,C0|S|MKT|15|v0.3.0-tier0|SPY,260.68,100,26068,32,0.12,0,49,0.19,0,0.00,-1462,-1.46,1
1817,Exit short,2019-04-18 07:15,TX15,259.91,100,26004,13,0.05,0,33,0.13,-4,-0.02,-1449,-1.45,1
1817,Entry short,2019-04-18 07:00,C0|S|MKT|15|v0.3.0-tier0|SPY,260.04,100,26004,13,0.05,0,33,0.13,-4,-0.02,-1449,-1.45,1
1818,Exit long,2019-04-22 07:15,TX15,260.26,100,26046,-20,-0.08,0,17,0.07,-23,-0.09,-1469,-1.47,1
1818,Entry long,2019-04-22 07:00,C0|L|MKT|15|v0.3.0-tier0|SPY,260.46,100,26046,-20,-0.08,0,17,0.07,-23,-0.09,-1469,-1.47,1
1819,Exit long,2019-04-23 07:30,TX15,261.93,100,26183,10,0.04,0,10,0.04,-22,-0.08,-1459,-1.46,1
1819,Entry long,2019-04-23 07:15,C0|L|MKT|15|v0.3.0-tier0|SPY,261.83,100,26183,10,0.04,0,10,0.04,-22,-0.08,-1459,-1.46,1
1820,Exit long,2019-04-24 07:45,TX15,263.03,100,26318,-15,-0.06,0,16,0.06,-15,-0.06,-1474,-1.47,1
1820,Entry long,2019-04-24 07:30,C0|L|MKT|15|v0.3.0-tier0|SPY,263.18,100,26318,-15,-0.06,0,16,0.06,-15,-0.06,-1474,-1.47,1
1821,Exit short,2019-04-25 07:30,TX15,261.58,100,26150,-8,-0.03,0,22,0.08,-22,-0.08,-1482,-1.48,1
1821,Entry short,2019-04-25 07:15,C0|S|MKT|15|v0.3.0-tier0|SPY,261.5,100,26150,-8,-0.03,0,22,0.08,-22,-0.08,-1482,-1.48,1
1822,Exit short,2019-04-30 07:45,TX15,263.22,100,26324,2,0.01,0,4,0.02,-27,-0.10,-1480,-1.48,1
1822,Entry short,2019-04-30 07:30,C0|S|MKT|15|v0.3.0-tier0|SPY,263.24,100,26324,2,0.01,0,4,0.02,-27,-0.10,-1480,-1.48,1
1823,Exit short,2019-05-01 07:45,TX15,264.41,100,26435,-6,-0.02,0,5,0.02,-17,-0.06,-1486,-1.49,1
1823,Entry short,2019-05-01 07:30,C0|S|MKT|15|v0.3.0-tier0|SPY,264.35,100,26435,-6,-0.02,0,5,0.02,-17,-0.06,-1486,-1.49,1
1824,Exit long,2019-05-02 07:15,TX15,262.95,100,26252,43,0.16,0,47,0.18,0,0.00,-1443,-1.44,1
1824,Entry long,2019-05-02 07:00,C0|L|MKT|15|v0.3.0-tier0|SPY,262.52,100,26252,43,0.16,0,47,0.18,0,0.00,-1443,-1.44,1
1825,Exit long,2019-05-06 07:15,TX15,261.44,100,26140,4,0.02,0,18,0.07,-43,-0.16,-1439,-1.44,1
1825,Entry long,2019-05-06 07:00,C0|L|MKT|15|v0.3.0-tier0|SPY,261.4,100,26140,4,0.02,0,18,0.07,-43,-0.16,-1439,-1.44,1
1826,Exit short,2019-05-07 07:15,TX15,259.54,100,26040,86,0.33,0,89,0.34,0,0.00,-1353,-1.35,1
1826,Entry short,2019-05-07 07:00,C0|S|MKT|15|v0.3.0-tier0|SPY,260.4,100,26040,86,0.33,0,89,0.34,0,0.00,-1353,-1.35,1
1827,Exit long,2019-05-08 07:15,TX15,258.88,100,25878,10,0.04,0,23,0.09,-27,-0.10,-1343,-1.34,1
1827,Entry long,2019-05-08 07:00,C0|L|MKT|15|v0.3.0-tier0|SPY,258.78,100,25878,10,0.04,0,23,0.09,-27,-0.10,-1343,-1.34,1
1828,Exit short,2019-05-09 07:15,TX15,255.42,100,25567,25,0.10,0,61,0.24,0,0.00,-1318,-1.32,1
1828,Entry short,2019-05-09 07:00,C0|S|MKT|15|v0.3.0-tier0|SPY,255.67,100,25567,25,0.10,0,61,0.24,0,0.00,-1318,-1.32,1
1829,Exit short,2019-05-10 07:30,TX15,255.47,100,25573,26,0.10,0,47,0.18,-1,0.00,-1292,-1.29,1
1829,Entry short,2019-05-10 07:15,C0|S|MKT|15|v0.3.0-tier0|SPY,255.73,100,25573,26,0.10,0,47,0.18,-1,0.00,-1292,-1.29,1
1830,Exit short,2019-05-13 07:15,TX15,253.1,100,25352,42,0.17,0,97,0.38,0,0.00,-1250,-1.25,1
1830,Entry short,2019-05-13 07:00,C0|S|MKT|15|v0.3.0-tier0|SPY,253.52,100,25352,42,0.17,0,97,0.38,0,0.00,-1250,-1.25,1
1831,Exit long,2019-05-14 07:30,TX15,254.68,100,25423,45,0.18,0,57,0.22,-5,-0.02,-1205,-1.20,1
1831,Entry long,2019-05-14 07:15,C0|L|MKT|15|v0.3.0-tier0|SPY,254.23,100,25423,45,0.18,0,57,0.22,-5,-0.02,-1205,-1.20,1
1832,Exit long,2019-05-15 07:15,TX15,254.79,100,25362,117,0.46,0,119,0.47,-36,-0.14,-1088,-1.09,1
1832,Entry long,2019-05-15 07:00,C0|L|MKT|15|v0.3.0-tier0|SPY,253.62,100,25362,117,0.46,0,119,0.47,-36,-0.14,-1088,-1.09,1
1833,Exit long,2019-05-16 07:15,TX15,258.42,100,25844,-2,-0.01,0,20,0.08,-4,-0.02,-1090,-1.09,1
1833,Entry long,2019-05-16 07:00,C0|L|MKT|15|v0.3.0-tier0|SPY,258.44,100,25844,-2,-0.01,0,20,0.08,-4,-0.02,-1090,-1.09,1
1834,Exit long,2019-05-17 07:45,TX15,257.94,100,25780,14,0.05,0,21,0.08,-31,-0.12,-1076,-1.08,1
1834,Entry long,2019-05-17 07:30,C0|L|MKT|15|v0.3.0-tier0|SPY,257.8,100,25780,14,0.05,0,21,0.08,-31,-0.12,-1076,-1.08,1
1835,Exit long,2019-05-20 07:15,TX15,255.62,100,25562,0,0.00,0,24,0.09,-38,-0.15,-1076,-1.08,1
1835,Entry long,2019-05-20 07:00,C0|L|MKT|15|v0.3.0-tier0|SPY,255.62,100,25562,0,0.00,0,24,0.09,-38,-0.15,-1076,-1.08,1
1836,Exit long,2019-05-22 07:15,TX15,256.75,100,25698,-23,-0.09,0,5,0.02,-40,-0.16,-1099,-1.10,1
1836,Entry long,2019-05-22 07:00,C0|L|MKT|15|v0.3.0-tier0|SPY,256.98,100,25698,-23,-0.09,0,5,0.02,-40,-0.16,-1099,-1.10,1
1837,Exit short,2019-05-23 07:15,TX15,253.31,100,25341,10,0.04,0,21,0.08,-46,-0.18,-1089,-1.09,1
1837,Entry short,2019-05-23 07:00,C0|S|MKT|15|v0.3.0-tier0|SPY,253.41,100,25341,10,0.04,0,21,0.08,-46,-0.18,-1089,-1.09,1
1838,Exit short,2019-05-24 07:15,TX15,254.6,100,25485,25,0.10,0,29,0.11,-18,-0.07,-1064,-1.06,1
1838,Entry short,2019-05-24 07:00,C0|S|MKT|15|v0.3.0-tier0|SPY,254.85,100,25485,25,0.10,0,29,0.11,-18,-0.07,-1064,-1.06,1
1839,Exit long,2019-05-29 07:45,TX15,250.35,100,25090,-55,-0.22,0,10,0.04,-55,-0.22,-1119,-1.12,1
1839,Entry long,2019-05-29 07:30,C0|L|MKT|15|v0.3.0-tier0|SPY,250.9,100,25090,-55,-0.22,0,10,0.04,-55,-0.22,-1119,-1.12,1
1840,Exit short,2019-06-03 07:15,TX15,247.09,100,24671,-38,-0.15,0,51,0.21,-44,-0.18,-1157,-1.16,1
1840,Entry short,2019-06-03 07:00,C0|S|MKT|15|v0.3.0-tier0|SPY,246.71,100,24671,-38,-0.15,0,51,0.21,-44,-0.18,-1157,-1.16,1
1841,Exit long,2019-06-04 07:45,TX15,249.69,100,24983,-14,-0.06,0,15,0.06,-24,-0.10,-1171,-1.17,1
1841,Entry long,2019-06-04 07:30,C0|L|MKT|15|v0.3.0-tier0|SPY,249.83,100,24983,-14,-0.06,0,15,0.06,-24,-0.10,-1171,-1.17,1
1842,Exit short,2019-06-05 07:30,TX15,252.61,100,25284,23,0.09,0,29,0.11,-24,-0.09,-1148,-1.15,1
1842,Entry short,2019-06-05 07:15,C0|S|MKT|15|v0.3.0-tier0|SPY,252.84,100,25284,23,0.09,0,29,0.11,-24,-0.09,-1148,-1.15,1
1843,Exit short,2019-06-06 07:45,TX15,254.6,100,25397,-63,-0.25,0,7,0.03,-75,-0.30,-1211,-1.21,1
1843,Entry short,2019-06-06 07:30,C0|S|MKT|15|v0.3.0-tier0|SPY,253.97,100,25397,-63,-0.25,0,7,0.03,-75,-0.30,-1211,-1.21,1
1844,Exit long,2019-06-07 07:15,TX15,257.88,100,25793,-5,-0.02,0,35,0.14,-5,-0.02,-1216,-1.22,1
1844,Entry long,2019-06-07 07:00,C0|L|MKT|15|v0.3.0-tier0|SPY,257.93,100,25793,-5,-0.02,0,35,0.14,-5,-0.02,-1216,-1.22,1
1845,Exit long,2019-06-10 07:30,TX15,260.48,100,26049,-1,0.00,0,12,0.05,-18,-0.07,-1217,-1.22,1
1845,Entry long,2019-06-10 07:15,C0|L|MKT|15|v0.3.0-tier0|SPY,260.49,100,26049,-1,0.00,0,12,0.05,-18,-0.07,-1217,-1.22,1
1846,Exit short,2019-06-11 07:30,TX15,261.06,100,26079,-27,-0.10,0,9,0.03,-28,-0.11,-1244,-1.24,1
1846,Entry short,2019-06-11 07:15,C0|S|MKT|15|v0.3.0-tier0|SPY,260.79,100,26079,-27,-0.10,0,9,0.03,-28,-0.11,-1244,-1.24,1
1847,Exit short,2019-06-12 07:45,TX15,259.25,100,25901,-24,-0.09,0,20,0.08,-37,-0.14,-1268,-1.27,1
1847,Entry short,2019-06-12 07:30,C0|S|MKT|15|v0.3.0-tier0|SPY,259.01,100,25901,-24,-0.09,0,20,0.08,-37,-0.14,-1268,-1.27,1
1848,Exit long,2019-06-17 07:15,TX15,260.34,100,26036,-2,-0.01,0,15,0.06,-11,-0.04,-1270,-1.27,1
1848,Entry long,2019-06-17 07:00,C0|L|MKT|15|v0.3.0-tier0|SPY,260.36,100,26036,-2,-0.01,0,15,0.06,-11,-0.04,-1270,-1.27,1
1849,Exit short,2019-06-20 07:45,TX15,265.35,100,26541,6,0.02,0,29,0.11,-7,-0.03,-1264,-1.26,1
1849,Entry short,2019-06-20 07:30,C0|S|MKT|15|v0.3.0-tier0|SPY,265.41,100,26541,6,0.02,0,29,0.11,-7,-0.03,-1264,-1.26,1
1850,Exit short,2019-06-24 07:15,TX15,265.89,100,26538,-51,-0.19,0,4,0.02,-54,-0.20,-1315,-1.31,1
1850,Entry short,2019-06-24 07:00,C0|S|MKT|15|v0.3.0-tier0|SPY,265.38,100,26538,-51,-0.19,0,4,0.02,-54,-0.20,-1315,-1.31,1
1851,Exit short,2019-06-26 07:15,TX15,262.9,100,26325,35,0.13,0,37,0.14,-4,-0.02,-1280,-1.28,1
1851,Entry short,2019-06-26 07:00,C0|S|MKT|15|v0.3.0-tier0|SPY,263.25,100,26325,35,0.13,0,37,0.14,-4,-0.02,-1280,-1.28,1
1852,Exit long,2019-06-27 07:15,TX15,263.25,100,26345,-20,-0.08,0,7,0.03,-28,-0.11,-1300,-1.30,1
1852,Entry long,2019-06-27 07:00,C0|L|MKT|15|v0.3.0-tier0|SPY,263.45,100,26345,-20,-0.08,0,7,0.03,-28,-0.11,-1300,-1.30,1
1853,Exit short,2019-06-28 07:15,TX15,263.93,100,26383,-10,-0.04,0,12,0.05,-14,-0.05,-1310,-1.31,1
1853,Entry short,2019-06-28 07:00,C0|S|MKT|15|v0.3.0-tier0|SPY,263.83,100,26383,-10,-0.04,0,12,0.05,-14,-0.05,-1310,-1.31,1
1854,Exit short,2019-07-01 07:15,TX15,267.39,100,26739,0,0.00,0,7,0.03,-32,-0.12,-1310,-1.31,1
1854,Entry short,2019-07-01 07:00,C0|S|MKT|15|v0.3.0-tier0|SPY,267.39,100,26739,0,0.00,0,7,0.03,-32,-0.12,-1310,-1.31,1
1855,Exit long,2019-07-02 07:45,TX15,267.12,100,26718,-6,-0.02,0,21,0.08,-6,-0.02,-1316,-1.32,1
1855,Entry long,2019-07-02 07:30,C0|L|MKT|15|v0.3.0-tier0|SPY,267.18,100,26718,-6,-0.02,0,21,0.08,-6,-0.02,-1316,-1.32,1
1856,Exit long,2019-07-03 07:45,TX15,269.03,100,26873,30,0.11,0,33,0.12,-3,-0.01,-1286,-1.29,1
1856,Entry long,2019-07-03 07:30,C0|L|MKT|15|v0.3.0-tier0|SPY,268.73,100,26873,30,0.11,0,33,0.12,-3,-0.01,-1286,-1.29,1
1857,Exit short,2019-07-05 07:15,TX15,268.01,100,26790,-11,-0.04,0,13,0.05,-34,-0.13,-1297,-1.30,1
1857,Entry short,2019-07-05 07:00,C0|S|MKT|15|v0.3.0-tier0|SPY,267.9,100,26790,-11,-0.04,0,13,0.05,-34,-0.13,-1297,-1.30,1
1858,Exit long,2019-07-08 07:30,TX15,267.99,100,26836,-37,-0.14,0,9,0.03,-37,-0.14,-1334,-1.33,1
1858,Entry long,2019-07-08 07:15,C0|L|MKT|15|v0.3.0-tier0|SPY,268.36,100,26836,-37,-0.14,0,9,0.03,-37,-0.14,-1334,-1.33,1
1859,Exit long,2019-07-09 07:45,TX15,267.81,100,26756,25,0.09,0,30,0.11,-2,-0.01,-1309,-1.31,1
1859,Entry long,2019-07-09 07:30,C0|L|MKT|15|v0.3.0-tier0|SPY,267.56,100,26756,25,0.09,0,30,0.11,-2,-0.01,-1309,-1.31,1
1860,Exit long,2019-07-10 07:15,TX15,270.04,100,27031,-27,-0.10,0,8,0.03,-36,-0.13,-1336,-1.34,1
1860,Entry long,2019-07-10 07:00,C0|L|MKT|15|v0.3.0-tier0|SPY,270.31,100,27031,-27,-0.10,0,8,0.03,-36,-0.13,-1336,-1.34,1
1861,Exit short,2019-07-11 07:45,TX15,269.58,100,26985,27,0.10,0,31,0.11,0,0.00,-1309,-1.31,1
1861,Entry short,2019-07-11 07:30,C0|S|MKT|15|v0.3.0-tier0|SPY,269.85,100,26985,27,0.10,0,31,0.11,0,0.00,-1309,-1.31,1
1862,Exit short,2019-07-17 07:15,TX15,270.11,100,27047,36,0.13,0,36,0.13,-9,-0.03,-1273,-1.27,1
1862,Entry short,2019-07-17 07:00,C0|S|MKT|15|v0.3.0-tier0|SPY,270.47,100,27047,36,0.13,0,36,0.13,-9,-0.03,-1273,-1.27,1
1863,Exit long,2019-07-18 07:30,TX15,268.99,100,26883,16,0.06,0,27,0.10,-6,-0.02,-1257,-1.26,1
1863,Entry long,2019-07-18 07:15,C0|L|MKT|15|v0.3.0-tier0|SPY,268.83,100,26883,16,0.06,0,27,0.10,-6,-0.02,-1257,-1.26,1
1864,Exit short,2019-07-19 07:15,TX15,270.24,100,27050,26,0.10,0,32,0.12,-10,-0.04,-1231,-1.23,1
1864,Entry short,2019-07-19 07:00,C0|S|MKT|15|v0.3.0-tier0|SPY,270.5,100,27050,26,0.10,0,32,0.12,-10,-0.04,-1231,-1.23,1
1865,Exit long,2019-07-22 07:15,TX15,268.83,100,26914,-31,-0.12,0,2,0.01,-35,-0.13,-1262,-1.26,1
1865,Entry long,2019-07-22 07:00,C0|L|MKT|15|v0.3.0-tier0|SPY,269.14,100,26914,-31,-0.12,0,2,0.01,-35,-0.13,-1262,-1.26,1
1866,Exit short,2019-07-23 07:15,TX15,269.43,100,26960,17,0.06,0,22,0.08,-10,-0.04,-1245,-1.24,1
1866,Entry short,2019-07-23 07:00,C0|S|MKT|15|v0.3.0-tier0|SPY,269.6,100,26960,17,0.06,0,22,0.08,-10,-0.04,-1245,-1.24,1
1867,Exit long,2019-07-24 07:15,TX15,270.99,100,27081,18,0.07,0,20,0.07,-6,-0.02,-1227,-1.23,1
1867,Entry long,2019-07-24 07:00,C0|L|MKT|15|v0.3.0-tier0|SPY,270.81,100,27081,18,0.07,0,20,0.07,-6,-0.02,-1227,-1.23,1
1868,Exit short,2019-07-25 07:15,TX15,271.11,100,27087,-24,-0.09,0,8,0.03,-37,-0.14,-1251,-1.25,1
1868,Entry short,2019-07-25 07:00,C0|S|MKT|15|v0.3.0-tier0|SPY,270.87,100,27087,-24,-0.09,0,8,0.03,-37,-0.14,-1251,-1.25,1
1869,Exit short,2019-07-29 07:15,TX15,271.75,100,27188,13,0.05,0,25,0.09,-4,-0.01,-1238,-1.24,1
1869,Entry short,2019-07-29 07:00,C0|S|MKT|15|v0.3.0-tier0|SPY,271.88,100,27188,13,0.05,0,25,0.09,-4,-0.01,-1238,-1.24,1
1870,Exit long,2019-07-30 07:15,TX15,271.2,100,27122,-2,-0.01,0,29,0.11,-22,-0.08,-1240,-1.24,1
1870,Entry long,2019-07-30 07:00,C0|L|MKT|15|v0.3.0-tier0|SPY,271.22,100,27122,-2,-0.01,0,29,0.11,-22,-0.08,-1240,-1.24,1
1871,Exit short,2019-07-31 07:45,TX15,271.27,100,27136,9,0.03,0,22,0.08,-7,-0.03,-1231,-1.23,1
1871,Entry short,2019-07-31 07:30,C0|S|MKT|15|v0.3.0-tier0|SPY,271.36,100,27136,9,0.03,0,22,0.08,-7,-0.03,-1231,-1.23,1
1872,Exit long,2019-08-01 07:15,TX15,269.86,100,26966,20,0.07,0,33,0.12,-28,-0.10,-1211,-1.21,1
1872,Entry long,2019-08-01 07:00,C0|L|MKT|15|v0.3.0-tier0|SPY,269.66,100,26966,20,0.07,0,33,0.12,-28,-0.10,-1211,-1.21,1
1873,Exit short,2019-08-02 07:15,TX15,263.7,100,26450,80,0.30,0,93,0.35,-32,-0.12,-1131,-1.13,1
1873,Entry short,2019-08-02 07:00,C0|S|MKT|15|v0.3.0-tier0|SPY,264.5,100,26450,80,0.30,0,93,0.35,-32,-0.12,-1131,-1.13,1
1874,Exit short,2019-08-05 07:30,TX15,258.77,100,25900,23,0.09,0,44,0.17,-30,-0.12,-1108,-1.11,1
1874,Entry short,2019-08-05 07:15,C0|S|MKT|15|v0.3.0-tier0|SPY,259,100,25900,23,0.09,0,44,0.17,-30,-0.12,-1108,-1.11,1
1875,Exit short,2019-08-06 07:30,TX15,257.66,100,25761,-5,-0.02,0,55,0.21,-37,-0.14,-1113,-1.11,1
1875,Entry short,2019-08-06 07:15,C0|S|MKT|15|v0.3.0-tier0|SPY,257.61,100,25761,-5,-0.02,0,55,0.21,-37,-0.14,-1113,-1.11,1
1876,Exit long,2019-08-08 07:15,TX15,262.31,100,26197,34,0.13,0,35,0.13,-6,-0.02,-1079,-1.08,1
1876,Entry long,2019-08-08 07:00,C0|L|MKT|15|v0.3.0-tier0|SPY,261.97,100,26197,34,0.13,0,35,0.13,-6,-0.02,-1079,-1.08,1
1877,Exit short,2019-08-09 07:15,TX15,263.52,100,26363,11,0.04,0,64,0.24,-35,-0.13,-1068,-1.07,1
1877,Entry short,2019-08-09 07:00,C0|S|MKT|15|v0.3.0-tier0|SPY,263.63,100,26363,11,0.04,0,64,0.24,-35,-0.13,-1068,-1.07,1
1878,Exit long,2019-08-13 07:15,TX15,264.01,100,26448,-47,-0.18,0,14,0.05,-84,-0.32,-1115,-1.11,1
1878,Entry long,2019-08-13 07:00,C0|L|MKT|15|v0.3.0-tier0|SPY,264.48,100,26448,-47,-0.18,0,14,0.05,-84,-0.32,-1115,-1.11,1
1879,Exit short,2019-08-14 07:30,TX15,259.94,100,25943,-51,-0.20,0,15,0.06,-62,-0.24,-1166,-1.17,1
1879,Entry short,2019-08-14 07:15,C0|S|MKT|15|v0.3.0-tier0|SPY,259.43,100,25943,-51,-0.20,0,15,0.06,-62,-0.24,-1166,-1.17,1
1880,Exit long,2019-08-16 07:45,TX15,260.21,100,25958,63,0.24,0,69,0.27,-5,-0.02,-1103,-1.10,1
1880,Entry long,2019-08-16 07:30,C0|L|MKT|15|v0.3.0-tier0|SPY,259.58,100,25958,63,0.24,0,69,0.27,-5,-0.02,-1103,-1.10,1
1881,Exit short,2019-08-19 07:30,TX15,263.45,100,26324,-21,-0.08,0,9,0.03,-36,-0.14,-1124,-1.12,1
1881,Entry short,2019-08-19 07:15,C0|S|MKT|15|v0.3.0-tier0|SPY,263.24,100,26324,-21,-0.08,0,9,0.03,-36,-0.14,-1124,-1.12,1
1882,Exit short,2019-08-22 07:30,TX15,263.75,100,26436,61,0.23,0,72,0.27,-11,-0.04,-1063,-1.06,1
1882,Entry short,2019-08-22 07:15,C0|S|MKT|15|v0.3.0-tier0|SPY,264.36,100,26436,61,0.23,0,72,0.27,-11,-0.04,-1063,-1.06,1
1883,Exit long,2019-08-23 07:30,TX15,263.2,100,26320,0,0.00,0,30,0.11,-22,-0.08,-1063,-1.06,1
1883,Entry long,2019-08-23 07:15,C0|L|MKT|15|v0.3.0-tier0|SPY,263.2,100,26320,0,0.00,0,30,0.11,-22,-0.08,-1063,-1.06,1
1884,Exit short,2019-08-26 07:30,TX15,258.4,100,25827,-13,-0.05,0,42,0.16,-18,-0.07,-1076,-1.08,1
1884,Entry short,2019-08-26 07:15,C0|S|MKT|15|v0.3.0-tier0|SPY,258.27,100,25827,-13,-0.05,0,42,0.16,-18,-0.07,-1076,-1.08,1
1885,Exit short,2019-08-27 07:30,TX15,260.68,100,26090,22,0.08,0,22,0.08,-35,-0.13,-1054,-1.05,1
1885,Entry short,2019-08-27 07:15,C0|S|MKT|15|v0.3.0-tier0|SPY,260.9,100,26090,22,0.08,0,22,0.08,-35,-0.13,-1054,-1.05,1
1886,Exit long,2019-08-28 07:15,TX15,259.3,100,25926,4,0.02,0,41,0.16,-16,-0.06,-1050,-1.05,1
1886,Entry long,2019-08-28 07:00,C0|L|MKT|15|v0.3.0-tier0|SPY,259.26,100,25926,4,0.02,0,41,0.16,-16,-0.06,-1050,-1.05,1
1887,Exit short,2019-08-30 07:45,TX15,264.87,100,26495,8,0.03,0,11,0.04,-25,-0.09,-1042,-1.04,1
1887,Entry short,2019-08-30 07:30,C0|S|MKT|15|v0.3.0-tier0|SPY,264.95,100,26495,8,0.03,0,11,0.04,-25,-0.09,-1042,-1.04,1
1888,Exit long,2019-09-03 07:15,TX15,261.32,100,26306,-174,-0.66,0,0,0.00,-186,-0.71,-1216,-1.22,1
1888,Entry long,2019-09-03 07:00,C0|L|MKT|15|v0.3.0-tier0|SPY,263.06,100,26306,-174,-0.66,0,0,0.00,-186,-0.71,-1216,-1.22,1
1889,Exit short,2019-09-04 07:30,TX15,264.25,100,26399,-26,-0.10,0,6,0.02,-31,-0.12,-1242,-1.24,1
1889,Entry short,2019-09-04 07:15,C0|S|MKT|15|v0.3.0-tier0|SPY,263.99,100,26399,-26,-0.10,0,6,0.02,-31,-0.12,-1242,-1.24,1
1890,Exit long,2019-09-05 07:15,TX15,269.32,100,26865,67,0.25,0,72,0.27,0,0.00,-1175,-1.17,1
1890,Entry long,2019-09-05 07:00,C0|L|MKT|15|v0.3.0-tier0|SPY,268.65,100,26865,67,0.25,0,72,0.27,0,0.00,-1175,-1.17,1
1891,Exit long,2019-09-06 07:45,TX15,269.53,100,26944,9,0.03,0,9,0.03,-20,-0.07,-1166,-1.17,1
1891,Entry long,2019-09-06 07:30,C0|L|MKT|15|v0.3.0-tier0|SPY,269.44,100,26944,9,0.03,0,9,0.03,-20,-0.07,-1166,-1.17,1
1892,Exit short,2019-09-09 07:15,TX15,269.61,100,26935,-26,-0.10,0,4,0.01,-40,-0.15,-1192,-1.19,1
1892,Entry short,2019-09-09 07:00,C0|S|MKT|15|v0.3.0-tier0|SPY,269.35,100,26935,-26,-0.10,0,4,0.01,-40,-0.15,-1192,-1.19,1
1893,Exit long,2019-09-11 07:15,TX15,269.94,100,26958,36,0.13,0,38,0.14,-6,-0.02,-1156,-1.16,1
1893,Entry long,2019-09-11 07:00,C0|L|MKT|15|v0.3.0-tier0|SPY,269.58,100,26958,36,0.13,0,38,0.14,-6,-0.02,-1156,-1.16,1
1894,Exit long,2019-09-12 07:45,TX15,272.53,100,27273,-20,-0.07,0,8,0.03,-43,-0.16,-1176,-1.18,1
1894,Entry long,2019-09-12 07:30,C0|L|MKT|15|v0.3.0-tier0|SPY,272.73,100,27273,-20,-0.07,0,8,0.03,-43,-0.16,-1176,-1.18,1
1895,Exit short,2019-09-13 07:30,TX15,272.47,100,27207,-40,-0.15,0,2,0.01,-56,-0.21,-1216,-1.22,1
1895,Entry short,2019-09-13 07:15,C0|S|MKT|15|v0.3.0-tier0|SPY,272.07,100,27207,-40,-0.15,0,2,0.01,-56,-0.21,-1216,-1.22,1
1896,Exit long,2019-09-16 07:15,TX15,271.14,100,27133,-19,-0.07,0,11,0.04,-22,-0.08,-1235,-1.23,1
1896,Entry long,2019-09-16 07:00,C0|L|MKT|15|v0.3.0-tier0|SPY,271.33,100,27133,-19,-0.07,0,11,0.04,-22,-0.08,-1235,-1.23,1
1897,Exit long,2019-09-19 07:45,TX15,273.03,100,27291,12,0.04,0,23,0.08,-1,0.00,-1223,-1.22,1
1897,Entry long,2019-09-19 07:30,C0|L|MKT|15|v0.3.0-tier0|SPY,272.91,100,27291,12,0.04,0,23,0.08,-1,0.00,-1223,-1.22,1
1898,Exit short,2019-09-24 07:45,TX15,271.28,100,27106,-22,-0.08,0,0,0.00,-50,-0.18,-1245,-1.24,1
1898,Entry short,2019-09-24 07:30,C0|S|MKT|15|v0.3.0-tier0|SPY,271.06,100,27106,-22,-0.08,0,0,0.00,-50,-0.18,-1245,-1.24,1
1899,Exit short,2019-09-25 07:15,TX15,267.7,100,26776,6,0.02,0,79,0.30,-55,-0.21,-1239,-1.24,1
1899,Entry short,2019-09-25 07:00,C0|S|MKT|15|v0.3.0-tier0|SPY,267.76,100,26776,6,0.02,0,79,0.30,-55,-0.21,-1239,-1.24,1
1900,Exit short,2019-09-27 07:15,TX15,268.95,100,26929,34,0.13,0,37,0.14,-7,-0.03,-1205,-1.20,1
1900,Entry short,2019-09-27 07:00,C0|S|MKT|15|v0.3.0-tier0|SPY,269.29,100,26929,34,0.13,0,37,0.14,-7,-0.03,-1205,-1.20,1
1901,Exit long,2019-09-30 07:15,TX15,269.1,100,26890,20,0.07,0,23,0.09,-10,-0.04,-1185,-1.18,1
1901,Entry long,2019-09-30 07:00,C0|L|MKT|15|v0.3.0-tier0|SPY,268.9,100,26890,20,0.07,0,23,0.09,-10,-0.04,-1185,-1.18,1
1902,Exit short,2019-10-01 07:30,TX15,268.69,100,26829,-40,-0.15,0,30,0.11,-40,-0.15,-1225,-1.23,1
1902,Entry short,2019-10-01 07:15,C0|S|MKT|15|v0.3.0-tier0|SPY,268.29,100,26829,-40,-0.15,0,30,0.11,-40,-0.15,-1225,-1.23,1
1903,Exit short,2019-10-02 07:15,TX15,262.88,100,26284,-4,-0.02,0,61,0.23,-18,-0.07,-1229,-1.23,1
1903,Entry short,2019-10-02 07:00,C0|S|MKT|15|v0.3.0-tier0|SPY,262.84,100,26284,-4,-0.02,0,61,0.23,-18,-0.07,-1229,-1.23,1
1904,Exit short,2019-10-03 07:30,TX15,260.4,100,25890,-150,-0.58,0,15,0.06,-193,-0.75,-1379,-1.38,1
1904,Entry short,2019-10-03 07:15,C0|S|MKT|15|v0.3.0-tier0|SPY,258.9,100,25890,-150,-0.58,0,15,0.06,-193,-0.75,-1379,-1.38,1
1905,Exit long,2019-10-04 07:15,TX15,265.02,100,26514,-12,-0.05,0,35,0.13,-28,-0.11,-1391,-1.39,1
1905,Entry long,2019-10-04 07:00,C0|L|MKT|15|v0.3.0-tier0|SPY,265.14,100,26514,-12,-0.05,0,35,0.13,-28,-0.11,-1391,-1.39,1
1906,Exit long,2019-10-07 07:45,TX15,266.47,100,26648,-1,0.00,0,13,0.05,-31,-0.12,-1392,-1.39,1
1906,Entry long,2019-10-07 07:30,C0|L|MKT|15|v0.3.0-tier0|SPY,266.48,100,26648,-1,0.00,0,13,0.05,-31,-0.12,-1392,-1.39,1
1907,Exit short,2019-10-08 07:15,TX15,262.67,100,26276,9,0.03,0,56,0.21,-19,-0.07,-1383,-1.38,1
1907,Entry short,2019-10-08 07:00,C0|S|MKT|15|v0.3.0-tier0|SPY,262.76,100,26276,9,0.03,0,56,0.21,-19,-0.07,-1383,-1.38,1
1908,Exit long,2019-10-10 07:15,TX15,265.49,100,26594,-45,-0.17,0,9,0.03,-56,-0.21,-1428,-1.43,1
1908,Entry long,2019-10-10 07:00,C0|L|MKT|15|v0.3.0-tier0|SPY,265.94,100,26594,-45,-0.17,0,9,0.03,-56,-0.21,-1428,-1.43,1
1909,Exit long,2019-10-11 07:15,TX15,270.02,100,26966,36,0.13,0,46,0.17,0,0.00,-1392,-1.39,1
1909,Entry long,2019-10-11 07:00,C0|L|MKT|15|v0.3.0-tier0|SPY,269.66,100,26966,36,0.13,0,46,0.17,0,0.00,-1392,-1.39,1
1910,Exit long,2019-10-14 07:30,TX15,268.42,100,26876,-34,-0.13,0,3,0.01,-41,-0.15,-1426,-1.43,1
1910,Entry long,2019-10-14 07:15,C0|L|MKT|15|v0.3.0-tier0|SPY,268.76,100,26876,-34,-0.13,0,3,0.01,-41,-0.15,-1426,-1.43,1
1911,Exit long,2019-10-15 07:30,TX15,270.68,100,27038,30,0.11,0,48,0.18,-7,-0.03,-1396,-1.40,1
1911,Entry long,2019-10-15 07:15,C0|L|MKT|15|v0.3.0-tier0|SPY,270.38,100,27038,30,0.11,0,48,0.18,-7,-0.03,-1396,-1.40,1
1912,Exit long,2019-10-16 07:45,TX15,270.93,100,27096,-3,-0.01,0,8,0.03,-13,-0.05,-1399,-1.40,1
1912,Entry long,2019-10-16 07:30,C0|L|MKT|15|v0.3.0-tier0|SPY,270.96,100,27096,-3,-0.01,0,8,0.03,-13,-0.05,-1399,-1.40,1
1913,Exit long,2019-10-17 07:15,TX15,272.15,100,27220,-5,-0.02,0,2,0.01,-24,-0.09,-1404,-1.40,1
1913,Entry long,2019-10-17 07:00,C0|L|MKT|15|v0.3.0-tier0|SPY,272.2,100,27220,-5,-0.02,0,2,0.01,-24,-0.09,-1404,-1.40,1
1914,Exit long,2019-10-18 07:15,TX15,271.05,100,27147,-42,-0.15,0,2,0.01,-47,-0.17,-1446,-1.45,1
1914,Entry long,2019-10-18 07:00,C0|L|MKT|15|v0.3.0-tier0|SPY,271.47,100,27147,-42,-0.15,0,2,0.01,-47,-0.17,-1446,-1.45,1
1915,Exit short,2019-10-21 07:15,TX15,271.45,100,27142,-3,-0.01,0,27,0.10,-13,-0.05,-1449,-1.45,1
1915,Entry short,2019-10-21 07:00,C0|S|MKT|15|v0.3.0-tier0|SPY,271.42,100,27142,-3,-0.01,0,27,0.10,-13,-0.05,-1449,-1.45,1
1916,Exit long,2019-10-23 07:15,TX15,271.28,100,27147,-19,-0.07,0,7,0.03,-24,-0.09,-1468,-1.47,1
1916,Entry long,2019-10-23 07:00,C0|L|MKT|15|v0.3.0-tier0|SPY,271.47,100,27147,-19,-0.07,0,7,0.03,-24,-0.09,-1468,-1.47,1
1917,Exit short,2019-10-24 07:15,TX15,271.82,100,27201,19,0.07,0,30,0.11,-13,-0.05,-1449,-1.45,1
1917,Entry short,2019-10-24 07:00,C0|S|MKT|15|v0.3.0-tier0|SPY,272.01,100,27201,19,0.07,0,30,0.11,-13,-0.05,-1449,-1.45,1
1918,Exit long,2019-10-25 07:15,TX15,272.75,100,27244,31,0.11,0,33,0.12,-6,-0.02,-1418,-1.42,1
1918,Entry long,2019-10-25 07:00,C0|L|MKT|15|v0.3.0-tier0|SPY,272.44,100,27244,31,0.11,0,33,0.12,-6,-0.02,-1418,-1.42,1
1919,Exit long,2019-10-29 07:15,TX15,275.23,100,27514,9,0.03,0,11,0.04,-17,-0.06,-1409,-1.41,1
1919,Entry long,2019-10-29 07:00,C0|L|MKT|15|v0.3.0-tier0|SPY,275.14,100,27514,9,0.03,0,11,0.04,-17,-0.06,-1409,-1.41,1
1920,Exit short,2019-10-31 07:15,TX15,274.45,100,27508,63,0.23,0,63,0.23,-1,0.00,-1346,-1.35,1
1920,Entry short,2019-10-31 07:00,C0|S|MKT|15|v0.3.0-tier0|SPY,275.08,100,27508,63,0.23,0,63,0.23,-1,0.00,-1346,-1.35,1
1921,Exit long,2019-11-01 07:15,TX15,277.4,100,27685,55,0.20,0,59,0.21,-38,-0.14,-1291,-1.29,1
1921,Entry long,2019-11-01 07:00,C0|L|MKT|15|v0.3.0-tier0|SPY,276.85,100,27685,55,0.20,0,59,0.21,-38,-0.14,-1291,-1.29,1
1922,Exit short,2019-11-04 07:15,TX15,278.89,100,27904,15,0.05,0,28,0.10,-2,-0.01,-1276,-1.28,1
1922,Entry short,2019-11-04 07:00,C0|S|MKT|15|v0.3.0-tier0|SPY,279.04,100,27904,15,0.05,0,28,0.10,-2,-0.01,-1276,-1.28,1
1923,Exit short,2019-11-05 07:30,TX15,278.38,100,27852,14,0.05,0,21,0.08,-14,-0.05,-1262,-1.26,1
1923,Entry short,2019-11-05 07:15,C0|S|MKT|15|v0.3.0-tier0|SPY,278.52,100,27852,14,0.05,0,21,0.08,-14,-0.05,-1262,-1.26,1
1924,Exit long,2019-11-06 07:30,TX15,278.36,100,27858,-22,-0.08,0,1,0.00,-22,-0.08,-1284,-1.28,1
1924,Entry long,2019-11-06 07:15,C0|L|MKT|15|v0.3.0-tier0|SPY,278.58,100,27858,-22,-0.08,0,1,0.00,-22,-0.08,-1284,-1.28,1
1925,Exit short,2019-11-08 07:15,TX15,279.19,100,27876,-43,-0.15,0,26,0.09,-47,-0.17,-1327,-1.33,1
1925,Entry short,2019-11-08 07:00,C0|S|MKT|15|v0.3.0-tier0|SPY,278.76,100,27876,-43,-0.15,0,26,0.09,-47,-0.17,-1327,-1.33,1
1926,Exit long,2019-11-11 07:15,TX15,279.43,100,27939,4,0.01,0,6,0.02,-12,-0.04,-1323,-1.32,1
1926,Entry long,2019-11-11 07:00,C0|L|MKT|15|v0.3.0-tier0|SPY,279.39,100,27939,4,0.01,0,6,0.02,-12,-0.04,-1323,-1.32,1
1927,Exit long,2019-11-12 07:15,TX15,280.8,100,28071,9,0.03,0,15,0.05,-17,-0.06,-1314,-1.31,1
1927,Entry long,2019-11-12 07:00,C0|L|MKT|15|v0.3.0-tier0|SPY,280.71,100,28071,9,0.03,0,15,0.05,-17,-0.06,-1314,-1.31,1
1928,Exit long,2019-11-13 07:30,TX15,279.88,100,27991,-3,-0.01,0,11,0.04,-8,-0.03,-1317,-1.32,1
1928,Entry long,2019-11-13 07:15,C0|L|MKT|15|v0.3.0-tier0|SPY,279.91,100,27991,-3,-0.01,0,11,0.04,-8,-0.03,-1317,-1.32,1
1929,Exit long,2019-11-14 07:15,TX15,280.62,100,28046,16,0.06,0,21,0.07,-6,-0.02,-1301,-1.30,1
1929,Entry long,2019-11-14 07:00,C0|L|MKT|15|v0.3.0-tier0|SPY,280.46,100,28046,16,0.06,0,21,0.07,-6,-0.02,-1301,-1.30,1
1930,Exit short,2019-11-15 07:15,TX15,281.7,100,28147,-23,-0.08,0,2,0.01,-27,-0.10,-1324,-1.32,1
1930,Entry short,2019-11-15 07:00,C0|S|MKT|15|v0.3.0-tier0|SPY,281.47,100,28147,-23,-0.08,0,2,0.01,-27,-0.10,-1324,-1.32,1
1931,Exit short,2019-11-19 07:15,TX15,282.92,100,28301,9,0.03,0,22,0.08,-10,-0.04,-1315,-1.31,1
1931,Entry short,2019-11-19 07:00,C0|S|MKT|15|v0.3.0-tier0|SPY,283.01,100,28301,9,0.03,0,22,0.08,-10,-0.04,-1315,-1.31,1
1932,Exit short,2019-11-21 07:45,TX15,281.1,100,28088,-22,-0.08,0,25,0.09,-32,-0.11,-1337,-1.34,1
1932,Entry short,2019-11-21 07:30,C0|S|MKT|15|v0.3.0-tier0|SPY,280.88,100,28088,-22,-0.08,0,25,0.09,-32,-0.11,-1337,-1.34,1
1933,Exit short,2019-11-22 07:45,TX15,281.62,100,28164,2,0.01,0,24,0.09,-7,-0.02,-1335,-1.33,1
1933,Entry short,2019-11-22 07:30,C0|S|MKT|15|v0.3.0-tier0|SPY,281.64,100,28164,2,0.01,0,24,0.09,-7,-0.02,-1335,-1.33,1
1934,Exit long,2019-11-25 07:15,TX15,283.83,100,28365,18,0.06,0,23,0.08,-3,-0.01,-1317,-1.32,1
1934,Entry long,2019-11-25 07:00,C0|L|MKT|15|v0.3.0-tier0|SPY,283.65,100,28365,18,0.06,0,23,0.08,-3,-0.01,-1317,-1.32,1
1935,Exit long,2019-11-26 07:15,TX15,284.42,100,28458,-16,-0.06,0,12,0.04,-30,-0.11,-1333,-1.33,1
1935,Entry long,2019-11-26 07:00,C0|L|MKT|15|v0.3.0-tier0|SPY,284.58,100,28458,-16,-0.06,0,12,0.04,-30,-0.11,-1333,-1.33,1
1936,Exit short,2019-12-02 07:15,TX15,283.7,100,28399,29,0.10,0,118,0.42,0,0.00,-1304,-1.30,1
1936,Entry short,2019-12-02 07:00,C0|S|MKT|15|v0.3.0-tier0|SPY,283.99,100,28399,29,0.10,0,118,0.42,0,0.00,-1304,-1.30,1
1937,Exit short,2019-12-03 07:30,TX15,279.34,100,27915,-19,-0.07,0,9,0.03,-68,-0.24,-1323,-1.32,1
1937,Entry short,2019-12-03 07:15,C0|S|MKT|15|v0.3.0-tier0|SPY,279.15,100,27915,-19,-0.07,0,9,0.03,-68,-0.24,-1323,-1.32,1
1938,Exit long,2019-12-04 07:15,TX15,282.6,100,28268,-8,-0.03,0,26,0.09,-12,-0.04,-1331,-1.33,1
1938,Entry long,2019-12-04 07:00,C0|L|MKT|15|v0.3.0-tier0|SPY,282.68,100,28268,-8,-0.03,0,26,0.09,-12,-0.04,-1331,-1.33,1
1939,Exit short,2019-12-05 07:15,TX15,281.8,100,28247,67,0.24,0,75,0.27,-3,-0.01,-1264,-1.26,1
1939,Entry short,2019-12-05 07:00,C0|S|MKT|15|v0.3.0-tier0|SPY,282.47,100,28247,67,0.24,0,75,0.27,-3,-0.01,-1264,-1.26,1
1940,Exit long,2019-12-06 07:15,TX15,285.58,100,28539,19,0.07,0,22,0.08,-2,-0.01,-1245,-1.24,1
1940,Entry long,2019-12-06 07:00,C0|L|MKT|15|v0.3.0-tier0|SPY,285.39,100,28539,19,0.07,0,22,0.08,-2,-0.01,-1245,-1.24,1
1941,Exit long,2019-12-09 07:30,TX15,285.69,100,28586,-17,-0.06,0,2,0.01,-17,-0.06,-1262,-1.26,1
1941,Entry long,2019-12-09 07:15,C0|L|MKT|15|v0.3.0-tier0|SPY,285.86,100,28586,-17,-0.06,0,2,0.01,-17,-0.06,-1262,-1.26,1
1942,Exit long,2019-12-10 07:30,TX15,285.19,100,28478,41,0.14,0,43,0.15,-7,-0.02,-1221,-1.22,1
1942,Entry long,2019-12-10 07:15,C0|L|MKT|15|v0.3.0-tier0|SPY,284.78,100,28478,41,0.14,0,43,0.15,-7,-0.02,-1221,-1.22,1
1943,Exit long,2019-12-11 07:15,TX15,285.11,100,28521,-10,-0.04,0,9,0.03,-11,-0.04,-1231,-1.23,1
1943,Entry long,2019-12-11 07:00,C0|L|MKT|15|v0.3.0-tier0|SPY,285.21,100,28521,-10,-0.04,0,9,0.03,-11,-0.04,-1231,-1.23,1
1944,Exit long,2019-12-12 07:15,TX15,288.18,100,28741,77,0.27,0,102,0.35,0,0.00,-1154,-1.15,1
1944,Entry long,2019-12-12 07:00,C0|L|MKT|15|v0.3.0-tier0|SPY,287.41,100,28741,77,0.27,0,102,0.35,0,0.00,-1154,-1.15,1
1945,Exit long,2019-12-13 07:15,TX15,288.17,100,28783,34,0.12,0,122,0.42,-29,-0.10,-1120,-1.12,1
1945,Entry long,2019-12-13 07:00,C0|L|MKT|15|v0.3.0-tier0|SPY,287.83,100,28783,34,0.12,0,122,0.42,-29,-0.10,-1120,-1.12,1
1946,Exit long,2019-12-16 07:30,TX15,290.22,100,29007,15,0.05,0,23,0.08,-9,-0.03,-1105,-1.10,1
1946,Entry long,2019-12-16 07:15,C0|L|MKT|15|v0.3.0-tier0|SPY,290.07,100,29007,15,0.05,0,23,0.08,-9,-0.03,-1105,-1.10,1
1947,Exit short,2019-12-17 07:15,TX15,290.16,100,28989,-27,-0.09,0,6,0.02,-29,-0.10,-1132,-1.13,1
1947,Entry short,2019-12-17 07:00,C0|S|MKT|15|v0.3.0-tier0|SPY,289.89,100,28989,-27,-0.09,0,6,0.02,-29,-0.10,-1132,-1.13,1
1948,Exit short,2019-12-18 07:15,TX15,290.02,100,29001,-1,0.00,0,18,0.06,-7,-0.02,-1133,-1.13,1
1948,Entry short,2019-12-18 07:00,C0|S|MKT|15|v0.3.0-tier0|SPY,290.01,100,29001,-1,0.00,0,18,0.06,-7,-0.02,-1133,-1.13,1
1949,Exit long,2019-12-19 07:45,TX15,290.41,100,29036,5,0.02,0,9,0.03,-11,-0.04,-1128,-1.13,1
1949,Entry long,2019-12-19 07:30,C0|L|MKT|15|v0.3.0-tier0|SPY,290.36,100,29036,5,0.02,0,9,0.03,-11,-0.04,-1128,-1.13,1
1950,Exit long,2019-12-26 07:30,TX15,293.64,100,29358,6,0.02,0,10,0.03,-4,-0.01,-1122,-1.12,1
1950,Entry long,2019-12-26 07:15,C0|L|MKT|15|v0.3.0-tier0|SPY,293.58,100,29358,6,0.02,0,10,0.03,-4,-0.01,-1122,-1.12,1
1951,Exit short,2019-12-27 07:15,TX15,294.38,100,29399,-39,-0.13,0,4,0.01,-39,-0.13,-1161,-1.16,1
1951,Entry short,2019-12-27 07:00,C0|S|MKT|15|v0.3.0-tier0|SPY,293.99,100,29399,-39,-0.13,0,4,0.01,-39,-0.13,-1161,-1.16,1
1952,Exit short,2019-12-30 07:15,TX15,292.39,100,29302,63,0.22,0,63,0.22,-15,-0.05,-1098,-1.10,1
1952,Entry short,2019-12-30 07:00,C0|S|MKT|15|v0.3.0-tier0|SPY,293.02,100,29302,63,0.22,0,63,0.22,-15,-0.05,-1098,-1.10,1
1953,Exit short,2020-01-02 07:30,TX15,294.44,100,29453,9,0.03,0,46,0.16,0,0.00,-1089,-1.09,1
1953,Entry short,2020-01-02 07:15,C0|S|MKT|15|v0.3.0-tier0|SPY,294.53,100,29453,9,0.03,0,46,0.16,0,0.00,-1089,-1.09,1
1954,Exit long,2020-01-06 07:15,TX15,293.34,100,29314,20,0.07,0,26,0.09,-10,-0.03,-1069,-1.07,1
1954,Entry long,2020-01-06 07:00,C0|L|MKT|15|v0.3.0-tier0|SPY,293.14,100,29314,20,0.07,0,26,0.09,-10,-0.03,-1069,-1.07,1
1955,Exit long,2020-01-08 07:15,TX15,295.22,100,29509,13,0.04,0,15,0.05,-12,-0.04,-1056,-1.06,1
1955,Entry long,2020-01-08 07:00,C0|L|MKT|15|v0.3.0-tier0|SPY,295.09,100,29509,13,0.04,0,15,0.05,-12,-0.04,-1056,-1.06,1
1956,Exit long,2020-01-13 07:15,TX15,297.51,100,29775,-24,-0.08,0,4,0.01,-26,-0.09,-1080,-1.08,1
1956,Entry long,2020-01-13 07:00,C0|L|MKT|15|v0.3.0-tier0|SPY,297.75,100,29775,-24,-0.08,0,4,0.01,-26,-0.09,-1080,-1.08,1
1957,Exit short,2020-01-14 07:15,TX15,298.61,100,29819,-42,-0.14,0,9,0.03,-44,-0.15,-1122,-1.12,1
1957,Entry short,2020-01-14 07:00,C0|S|MKT|15|v0.3.0-tier0|SPY,298.19,100,29819,-42,-0.14,0,9,0.03,-44,-0.15,-1122,-1.12,1
1958,Exit long,2020-01-15 07:15,TX15,299.37,100,29954,-17,-0.06,0,16,0.05,-20,-0.07,-1139,-1.14,1
1958,Entry long,2020-01-15 07:00,C0|L|MKT|15|v0.3.0-tier0|SPY,299.54,100,29954,-17,-0.06,0,16,0.05,-20,-0.07,-1139,-1.14,1
1959,Exit long,2020-01-17 07:45,TX15,302.31,100,30244,-13,-0.04,0,2,0.01,-26,-0.09,-1152,-1.15,1
1959,Entry long,2020-01-17 07:30,C0|L|MKT|15|v0.3.0-tier0|SPY,302.44,100,30244,-13,-0.04,0,2,0.01,-26,-0.09,-1152,-1.15,1
1960,Exit short,2020-01-24 07:30,TX15,301.69,100,30248,79,0.26,0,80,0.26,-8,-0.03,-1073,-1.07,1
1960,Entry short,2020-01-24 07:15,C0|S|MKT|15|v0.3.0-tier0|SPY,302.48,100,30248,79,0.26,0,80,0.26,-8,-0.03,-1073,-1.07,1
1961,Exit long,2020-01-27 07:15,TX15,295.34,100,29576,-42,-0.14,0,3,0.01,-73,-0.25,-1115,-1.11,1
1961,Entry long,2020-01-27 07:00,C0|L|MKT|15|v0.3.0-tier0|SPY,295.76,100,29576,-42,-0.14,0,3,0.01,-73,-0.25,-1115,-1.11,1
1962,Exit long,2020-01-28 07:30,TX15,297.47,100,29726,21,0.07,0,43,0.14,-21,-0.07,-1094,-1.09,1
1962,Entry long,2020-01-28 07:15,C0|L|MKT|15|v0.3.0-tier0|SPY,297.26,100,29726,21,0.07,0,43,0.14,-21,-0.07,-1094,-1.09,1
1963,Exit short,2020-01-29 07:15,TX15,297.75,100,29827,52,0.17,0,75,0.25,0,0.00,-1042,-1.04,1
1963,Entry short,2020-01-29 07:00,C0|S|MKT|15|v0.3.0-tier0|SPY,298.27,100,29827,52,0.17,0,75,0.25,0,0.00,-1042,-1.04,1
1964,Exit short,2020-01-31 07:30,TX15,295.92,100,29627,35,0.12,0,35,0.12,-41,-0.14,-1007,-1.01,1
1964,Entry short,2020-01-31 07:15,C0|S|MKT|15|v0.3.0-tier0|SPY,296.27,100,29627,35,0.12,0,35,0.12,-41,-0.14,-1007,-1.01,1
1965,Exit long,2020-02-03 07:15,TX15,296.77,100,29640,37,0.12,0,67,0.23,-14,-0.05,-970,-0.97,1
1965,Entry long,2020-02-03 07:00,C0|L|MKT|15|v0.3.0-tier0|SPY,296.4,100,29640,37,0.12,0,67,0.23,-14,-0.05,-970,-0.97,1
1966,Exit long,2020-02-04 07:15,TX15,299.35,100,29966,-31,-0.10,0,14,0.05,-36,-0.12,-1001,-1.00,1
1966,Entry long,2020-02-04 07:00,C0|L|MKT|15|v0.3.0-tier0|SPY,299.66,100,29966,-31,-0.10,0,14,0.05,-36,-0.12,-1001,-1.00,1
1967,Exit short,2020-02-05 07:45,TX15,301.86,100,30184,-2,-0.01,0,42,0.14,-13,-0.04,-1003,-1.00,1
1967,Entry short,2020-02-05 07:30,C0|S|MKT|15|v0.3.0-tier0|SPY,301.84,100,30184,-2,-0.01,0,42,0.14,-13,-0.04,-1003,-1.00,1
1968,Exit long,2020-02-10 07:15,TX15,303.39,100,30335,4,0.01,0,21,0.07,-4,-0.01,-999,-1.00,1
1968,Entry long,2020-02-10 07:00,C0|L|MKT|15|v0.3.0-tier0|SPY,303.35,100,30335,4,0.01,0,21,0.07,-4,-0.01,-999,-1.00,1
1969,Exit long,2020-02-11 07:30,TX15,307.1,100,30699,11,0.04,0,15,0.05,-7,-0.02,-988,-0.99,1
1969,Entry long,2020-02-11 07:15,C0|L|MKT|15|v0.3.0-tier0|SPY,306.99,100,30699,11,0.04,0,15,0.05,-7,-0.02,-988,-0.99,1
1970,Exit short,2020-02-14 07:15,TX15,306.99,100,30721,22,0.07,0,31,0.10,-18,-0.06,-966,-0.97,1
1970,Entry short,2020-02-14 07:00,C0|S|MKT|15|v0.3.0-tier0|SPY,307.21,100,30721,22,0.07,0,31,0.10,-18,-0.06,-966,-0.97,1
1971,Exit short,2020-02-18 07:45,TX15,306.62,100,30626,-36,-0.12,0,1,0.00,-40,-0.13,-1002,-1.00,1
1971,Entry short,2020-02-18 07:30,C0|S|MKT|15|v0.3.0-tier0|SPY,306.26,100,30626,-36,-0.12,0,1,0.00,-40,-0.13,-1002,-1.00,1
1972,Exit long,2020-02-19 07:15,TX15,308.07,100,30824,-17,-0.06,0,2,0.01,-19,-0.06,-1019,-1.02,1
1972,Entry long,2020-02-19 07:00,C0|L|MKT|15|v0.3.0-tier0|SPY,308.24,100,30824,-17,-0.06,0,2,0.01,-19,-0.06,-1019,-1.02,1
1973,Exit long,2020-02-20 07:15,TX15,308.63,100,30834,29,0.09,0,33,0.11,-4,-0.01,-990,-0.99,1
1973,Entry long,2020-02-20 07:00,C0|L|MKT|15|v0.3.0-tier0|SPY,308.34,100,30834,29,0.09,0,33,0.11,-4,-0.01,-990,-0.99,1
1974,Exit short,2020-02-21 07:15,TX15,304.14,100,30453,39,0.13,0,50,0.16,-12,-0.04,-951,-0.95,1
1974,Entry short,2020-02-21 07:00,C0|S|MKT|15|v0.3.0-tier0|SPY,304.53,100,30453,39,0.13,0,50,0.16,-12,-0.04,-951,-0.95,1
1975,Exit long,2020-02-24 07:15,TX15,296.91,100,29653,38,0.13,0,48,0.16,-35,-0.12,-913,-0.91,1
1975,Entry long,2020-02-24 07:00,C0|L|MKT|15|v0.3.0-tier0|SPY,296.53,100,29653,38,0.13,0,48,0.16,-35,-0.12,-913,-0.91,1
1976,Exit short,2020-02-25 07:30,TX15,291.94,100,29401,207,0.70,0,234,0.80,-19,-0.06,-706,-0.71,1
1976,Entry short,2020-02-25 07:15,C0|S|MKT|15|v0.3.0-tier0|SPY,294.01,100,29401,207,0.70,0,234,0.80,-19,-0.06,-706,-0.71,1
1977,Exit short,2020-02-27 07:45,TX15,275.29,100,27579,50,0.18,0,173,0.63,-37,-0.13,-656,-0.66,1
1977,Entry short,2020-02-27 07:30,C0|S|MKT|15|v0.3.0-tier0|SPY,275.79,100,27579,50,0.18,0,173,0.63,-37,-0.13,-656,-0.66,1
1978,Exit short,2020-02-28 07:15,TX15,261.53,100,26211,58,0.22,0,183,0.70,-55,-0.21,-598,-0.60,1
1978,Entry short,2020-02-28 07:00,C0|S|MKT|15|v0.3.0-tier0|SPY,262.11,100,26211,58,0.22,0,183,0.70,-55,-0.21,-598,-0.60,1
1979,Exit short,2020-03-03 07:15,TX15,281.26,100,27887,-239,-0.86,0,11,0.04,-717,-2.57,-837,-0.84,1
1979,Entry short,2020-03-03 07:00,C0|S|MKT|15|v0.3.0-tier0|SPY,278.87,100,27887,-239,-0.86,0,11,0.04,-717,-2.57,-837,-0.84,1
1980,Exit long,2020-03-06 07:45,TX15,270.85,100,27018,67,0.25,0,128,0.47,-120,-0.44,-770,-0.77,1
1980,Entry long,2020-03-06 07:30,C0|L|MKT|15|v0.3.0-tier0|SPY,270.18,100,27018,67,0.25,0,128,0.47,-120,-0.44,-770,-0.77,1
1981,Exit long,2020-03-09 07:15,TX15,256.18,100,25506,112,0.44,0,209,0.82,-134,-0.53,-658,-0.66,1
1981,Entry long,2020-03-09 07:00,C0|L|MKT|15|v0.3.0-tier0|SPY,255.06,100,25506,112,0.44,0,209,0.82,-134,-0.53,-658,-0.66,1
1982,Exit short,2020-03-11 07:45,TX15,253.53,100,25412,59,0.23,0,66,0.26,-92,-0.36,-599,-0.60,1
1982,Entry short,2020-03-11 07:30,C0|S|MKT|15|v0.3.0-tier0|SPY,254.12,100,25412,59,0.23,0,66,0.26,-92,-0.36,-599,-0.60,1
1983,Exit long,2020-03-12 07:15,TX15,232.8,100,23572,-292,-1.24,0,2,0.01,-489,-2.07,-891,-0.89,1
1983,Entry long,2020-03-12 07:00,C0|L|MKT|15|v0.3.0-tier0|SPY,235.72,100,23572,-292,-1.24,0,2,0.01,-489,-2.07,-891,-0.89,1
1984,Exit short,2020-03-13 07:15,TX15,234.6,100,23385,-75,-0.32,0,82,0.35,-168,-0.72,-966,-0.97,1
1984,Entry short,2020-03-13 07:00,C0|S|MKT|15|v0.3.0-tier0|SPY,233.85,100,23385,-75,-0.32,0,82,0.35,-168,-0.72,-966,-0.97,1
1985,Exit long,2020-03-16 07:15,TX15,223.7,100,22379,-9,-0.04,0,122,0.55,-270,-1.21,-975,-0.97,1
1985,Entry long,2020-03-16 07:00,C0|L|MKT|15|v0.3.0-tier0|SPY,223.79,100,22379,-9,-0.04,0,122,0.55,-270,-1.21,-975,-0.97,1
1986,Exit short,2020-03-17 07:15,TX15,220.22,100,21709,-313,-1.44,0,100,0.46,-412,-1.90,-1288,-1.29,1
1986,Entry short,2020-03-17 07:00,C0|S|MKT|15|v0.3.0-tier0|SPY,217.09,100,21709,-313,-1.44,0,100,0.46,-412,-1.90,-1288,-1.29,1
1987,Exit long,2020-03-18 07:30,TX15,222.46,100,22244,2,0.01,0,125,0.56,-202,-0.91,-1286,-1.29,1
1987,Entry long,2020-03-18 07:15,C0|L|MKT|15|v0.3.0-tier0|SPY,222.44,100,22244,2,0.01,0,125,0.56,-202,-0.91,-1286,-1.29,1
1988,Exit long,2020-03-19 07:30,TX15,220.68,100,22150,-82,-0.37,0,81,0.37,-241,-1.09,-1368,-1.37,1
1988,Entry long,2020-03-19 07:15,C0|L|MKT|15|v0.3.0-tier0|SPY,221.5,100,22150,-82,-0.37,0,81,0.37,-241,-1.09,-1368,-1.37,1
1989,Exit long,2020-03-24 07:45,TX15,218.75,100,21865,10,0.05,0,57,0.26,-85,-0.39,-1358,-1.36,1
1989,Entry long,2020-03-24 07:30,C0|L|MKT|15|v0.3.0-tier0|SPY,218.65,100,21865,10,0.05,0,57,0.26,-85,-0.39,-1358,-1.36,1
1990,Exit short,2020-03-25 07:15,TX15,220.24,100,22234,210,0.94,0,251,1.13,-64,-0.29,-1148,-1.15,1
1990,Entry short,2020-03-25 07:00,C0|S|MKT|15|v0.3.0-tier0|SPY,222.34,100,22234,210,0.94,0,251,1.13,-64,-0.29,-1148,-1.15,1
1991,Exit long,2020-03-26 07:15,TX15,233.36,100,23268,68,0.29,0,186,0.80,-88,-0.38,-1080,-1.08,1
1991,Entry long,2020-03-26 07:00,C0|L|MKT|15|v0.3.0-tier0|SPY,232.68,100,23268,68,0.29,0,186,0.80,-88,-0.38,-1080,-1.08,1
1992,Exit short,2020-03-31 07:15,TX15,240.41,100,23759,-282,-1.19,0,0,0.00,-283,-1.19,-1362,-1.36,1
1992,Entry short,2020-03-31 07:00,C0|S|MKT|15|v0.3.0-tier0|SPY,237.59,100,23759,-282,-1.19,0,0,0.00,-283,-1.19,-1362,-1.36,1
1993,Exit long,2020-04-02 07:30,TX15,228.31,100,22754,77,0.34,0,84,0.37,-69,-0.30,-1285,-1.28,1
1993,Entry long,2020-04-02 07:15,C0|L|MKT|15|v0.3.0-tier0|SPY,227.54,100,22754,77,0.34,0,84,0.37,-69,-0.30,-1285,-1.28,1
1994,Exit short,2020-04-03 07:45,TX15,228.78,100,22943,65,0.28,0,133,0.58,-26,-0.11,-1220,-1.22,1
1994,Entry short,2020-04-03 07:30,C0|S|MKT|15|v0.3.0-tier0|SPY,229.43,100,22943,65,0.28,0,133,0.58,-26,-0.11,-1220,-1.22,1
1995,Exit long,2020-04-06 07:15,TX15,238.03,100,23818,-15,-0.06,0,68,0.29,-27,-0.11,-1235,-1.23,1
1995,Entry long,2020-04-06 07:00,C0|L|MKT|15|v0.3.0-tier0|SPY,238.18,100,23818,-15,-0.06,0,68,0.29,-27,-0.11,-1235,-1.23,1
1996,Exit short,2020-04-07 07:30,TX15,247.24,100,24817,93,0.37,0,126,0.51,-20,-0.08,-1142,-1.14,1
1996,Entry short,2020-04-07 07:15,C0|S|MKT|15|v0.3.0-tier0|SPY,248.17,100,24817,93,0.37,0,126,0.51,-20,-0.08,-1142,-1.14,1
1997,Exit short,2020-04-08 07:15,TX15,244.48,100,24437,-11,-0.05,0,88,0.36,-51,-0.21,-1153,-1.15,1
1997,Entry short,2020-04-08 07:00,C0|S|MKT|15|v0.3.0-tier0|SPY,244.37,100,24437,-11,-0.05,0,88,0.36,-51,-0.21,-1153,-1.15,1
1998,Exit long,2020-04-09 07:15,TX15,255.87,100,25721,-134,-0.52,0,5,0.02,-198,-0.77,-1287,-1.29,1
1998,Entry long,2020-04-09 07:00,C0|L|MKT|15|v0.3.0-tier0|SPY,257.21,100,25721,-134,-0.52,0,5,0.02,-198,-0.77,-1287,-1.29,1
1999,Exit short,2020-04-13 07:15,TX15,251.94,100,25141,-53,-0.21,0,23,0.09,-123,-0.49,-1340,-1.34,1
1999,Entry short,2020-04-13 07:00,C0|S|MKT|15|v0.3.0-tier0|SPY,251.41,100,25141,-53,-0.21,0,23,0.09,-123,-0.49,-1340,-1.34,1
2000,Exit long,2020-04-14 07:15,TX15,259.3,100,25936,-6,-0.02,0,16,0.06,-49,-0.19,-1346,-1.35,1
2000,Entry long,2020-04-14 07:00,C0|L|MKT|15|v0.3.0-tier0|SPY,259.36,100,25936,-6,-0.02,0,16,0.06,-49,-0.19,-1346,-1.35,1
2001,Exit short,2020-04-15 07:30,TX15,252.99,100,25373,74,0.29,0,101,0.40,-19,-0.07,-1272,-1.27,1
2001,Entry short,2020-04-15 07:15,C0|S|MKT|15|v0.3.0-tier0|SPY,253.73,100,25373,74,0.29,0,101,0.40,-19,-0.07,-1272,-1.27,1
2002,Exit short,2020-04-16 07:15,TX15,253.15,100,25381,66,0.26,0,97,0.38,-30,-0.12,-1206,-1.21,1
2002,Entry short,2020-04-16 07:00,C0|S|MKT|15|v0.3.0-tier0|SPY,253.81,100,25381,66,0.26,0,97,0.38,-30,-0.12,-1206,-1.21,1
2003,Exit short,2020-04-17 07:45,TX15,259.73,100,26014,41,0.16,0,74,0.28,-16,-0.06,-1165,-1.16,1
2003,Entry short,2020-04-17 07:30,C0|S|MKT|15|v0.3.0-tier0|SPY,260.14,100,26014,41,0.16,0,74,0.28,-16,-0.06,-1165,-1.16,1
2004,Exit long,2020-04-20 07:30,TX15,260.11,100,26026,-15,-0.06,0,11,0.04,-41,-0.16,-1180,-1.18,1
2004,Entry long,2020-04-20 07:15,C0|L|MKT|15|v0.3.0-tier0|SPY,260.26,100,26026,-15,-0.06,0,11,0.04,-41,-0.16,-1180,-1.18,1
2005,Exit long,2020-04-21 07:15,TX15,253.47,100,25461,-114,-0.45,0,10,0.04,-115,-0.45,-1294,-1.29,1
2005,Entry long,2020-04-21 07:00,C0|L|MKT|15|v0.3.0-tier0|SPY,254.61,100,25461,-114,-0.45,0,10,0.04,-115,-0.45,-1294,-1.29,1
2006,Exit short,2020-04-22 07:30,TX15,254.66,100,25399,-67,-0.26,0,9,0.04,-110,-0.43,-1361,-1.36,1
2006,Entry short,2020-04-22 07:15,C0|S|MKT|15|v0.3.0-tier0|SPY,253.99,100,25399,-67,-0.26,0,9,0.04,-110,-0.43,-1361,-1.36,1
2007,Exit long,2020-04-23 07:45,TX15,260.19,100,25899,120,0.46,0,135,0.52,-3,-0.01,-1241,-1.24,1
2007,Entry long,2020-04-23 07:30,C0|L|MKT|15|v0.3.0-tier0|SPY,258.99,100,25899,120,0.46,0,135,0.52,-3,-0.01,-1241,-1.24,1
2008,Exit short,2020-04-24 07:15,TX15,256.15,100,25571,-44,-0.17,0,6,0.02,-78,-0.31,-1285,-1.28,1
2008,Entry short,2020-04-24 07:00,C0|S|MKT|15|v0.3.0-tier0|SPY,255.71,100,25571,-44,-0.17,0,6,0.02,-78,-0.31,-1285,-1.28,1
2009,Exit long,2020-04-27 07:30,TX15,262.1,100,26193,17,0.06,0,55,0.21,-18,-0.07,-1268,-1.27,1
2009,Entry long,2020-04-27 07:15,C0|L|MKT|15|v0.3.0-tier0|SPY,261.93,100,26193,17,0.06,0,55,0.21,-18,-0.07,-1268,-1.27,1
2010,Exit short,2020-04-28 07:15,TX15,265.58,100,26540,-18,-0.07,0,54,0.20,-47,-0.18,-1286,-1.29,1
2010,Entry short,2020-04-28 07:00,C0|S|MKT|15|v0.3.0-tier0|SPY,265.4,100,26540,-18,-0.07,0,54,0.20,-47,-0.18,-1286,-1.29,1
2011,Exit long,2020-04-29 07:15,TX15,266.93,100,26768,-75,-0.28,0,5,0.02,-104,-0.39,-1361,-1.36,1
2011,Entry long,2020-04-29 07:00,C0|L|MKT|15|v0.3.0-tier0|SPY,267.68,100,26768,-75,-0.28,0,5,0.02,-104,-0.39,-1361,-1.36,1
2012,Exit long,2020-04-30 07:45,TX15,266.55,100,26776,-121,-0.45,0,18,0.07,-134,-0.50,-1482,-1.48,1
2012,Entry long,2020-04-30 07:30,C0|L|MKT|15|v0.3.0-tier0|SPY,267.76,100,26776,-121,-0.45,0,18,0.07,-134,-0.50,-1482,-1.48,1
2013,Exit long,2020-05-04 07:30,TX15,257.74,100,25790,-16,-0.06,0,76,0.29,-36,-0.14,-1498,-1.50,1
2013,Entry long,2020-05-04 07:15,C0|L|MKT|15|v0.3.0-tier0|SPY,257.9,100,25790,-16,-0.06,0,76,0.29,-36,-0.14,-1498,-1.50,1
2014,Exit long,2020-05-05 07:15,TX15,263.76,100,26421,-45,-0.17,0,28,0.11,-51,-0.19,-1543,-1.54,1
2014,Entry long,2020-05-05 07:00,C0|L|MKT|15|v0.3.0-tier0|SPY,264.21,100,26421,-45,-0.17,0,28,0.11,-51,-0.19,-1543,-1.54,1
2015,Exit short,2020-05-06 07:15,TX15,261.78,100,26253,75,0.29,0,117,0.45,-25,-0.10,-1468,-1.47,1
2015,Entry short,2020-05-06 07:00,C0|S|MKT|15|v0.3.0-tier0|SPY,262.53,100,26253,75,0.29,0,117,0.45,-25,-0.10,-1468,-1.47,1
2016,Exit short,2020-05-07 07:30,TX15,264.08,100,26364,-44,-0.17,0,16,0.06,-58,-0.22,-1512,-1.51,1
2016,Entry short,2020-05-07 07:15,C0|S|MKT|15|v0.3.0-tier0|SPY,263.64,100,26364,-44,-0.17,0,16,0.06,-58,-0.22,-1512,-1.51,1
2017,Exit short,2020-05-12 07:15,TX15,268.03,100,26797,-6,-0.02,0,38,0.14,-30,-0.11,-1518,-1.52,1
2017,Entry short,2020-05-12 07:00,C0|S|MKT|15|v0.3.0-tier0|SPY,267.97,100,26797,-6,-0.02,0,38,0.14,-30,-0.11,-1518,-1.52,1
2018,Exit short,2020-05-14 07:15,TX15,254.22,100,25392,-30,-0.12,0,51,0.20,-92,-0.36,-1548,-1.55,1
2018,Entry short,2020-05-14 07:00,C0|S|MKT|15|v0.3.0-tier0|SPY,253.92,100,25392,-30,-0.12,0,51,0.20,-92,-0.36,-1548,-1.55,1
2019,Exit long,2020-05-15 07:15,TX15,261.13,100,26026,87,0.33,0,95,0.37,-42,-0.16,-1461,-1.46,1
2019,Entry long,2020-05-15 07:00,C0|L|MKT|15|v0.3.0-tier0|SPY,260.26,100,26026,87,0.33,0,95,0.37,-42,-0.16,-1461,-1.46,1
2020,Exit long,2020-05-19 07:30,TX15,270.55,100,27101,-46,-0.17,0,1,0.00,-85,-0.31,-1507,-1.51,1
2020,Entry long,2020-05-19 07:15,C0|L|MKT|15|v0.3.0-tier0|SPY,271.01,100,27101,-46,-0.17,0,1,0.00,-85,-0.31,-1507,-1.51,1
2021,Exit long,2020-05-20 07:15,TX15,272.59,100,27195,64,0.24,0,71,0.26,-11,-0.04,-1443,-1.44,1
2021,Entry long,2020-05-20 07:00,C0|L|MKT|15|v0.3.0-tier0|SPY,271.95,100,27195,64,0.24,0,71,0.26,-11,-0.04,-1443,-1.44,1
2022,Exit short,2020-05-26 07:15,TX15,275.76,100,27580,4,0.01,0,40,0.15,-28,-0.10,-1439,-1.44,1
2022,Entry short,2020-05-26 07:00,C0|S|MKT|15|v0.3.0-tier0|SPY,275.8,100,27580,4,0.01,0,40,0.15,-28,-0.10,-1439,-1.44,1
2023,Exit short,2020-05-27 07:15,TX15,275.46,100,27491,-55,-0.20,0,51,0.19,-58,-0.21,-1494,-1.49,1
2023,Entry short,2020-05-27 07:00,C0|S|MKT|15|v0.3.0-tier0|SPY,274.91,100,27491,-55,-0.20,0,51,0.19,-58,-0.21,-1494,-1.49,1
2024,Exit short,2020-05-29 07:45,TX15,276.27,100,27650,23,0.08,0,47,0.17,-43,-0.16,-1471,-1.47,1
2024,Entry short,2020-05-29 07:30,C0|S|MKT|15|v0.3.0-tier0|SPY,276.5,100,27650,23,0.08,0,47,0.17,-43,-0.16,-1471,-1.47,1
2025,Exit long,2020-06-01 07:30,TX15,279.65,100,27949,16,0.06,0,22,0.08,-23,-0.08,-1455,-1.45,1
2025,Entry long,2020-06-01 07:15,C0|L|MKT|15|v0.3.0-tier0|SPY,279.49,100,27949,16,0.06,0,22,0.08,-23,-0.08,-1455,-1.45,1
2026,Exit long,2020-06-02 07:45,TX15,281.12,100,28164,-52,-0.18,0,8,0.03,-53,-0.19,-1507,-1.51,1
2026,Entry long,2020-06-02 07:30,C0|L|MKT|15|v0.3.0-tier0|SPY,281.64,100,28164,-52,-0.18,0,8,0.03,-53,-0.19,-1507,-1.51,1
2027,Exit long,2020-06-03 07:45,TX15,285.29,100,28508,21,0.07,0,22,0.08,-13,-0.05,-1486,-1.49,1
2027,Entry long,2020-06-03 07:30,C0|L|MKT|15|v0.3.0-tier0|SPY,285.08,100,28508,21,0.07,0,22,0.08,-13,-0.05,-1486,-1.49,1
2028,Exit long,2020-06-04 07:15,TX15,286.09,100,28615,-6,-0.02,0,24,0.08,-18,-0.06,-1492,-1.49,1
2028,Entry long,2020-06-04 07:00,C0|L|MKT|15|v0.3.0-tier0|SPY,286.15,100,28615,-6,-0.02,0,24,0.08,-18,-0.06,-1492,-1.49,1
2029,Exit long,2020-06-05 07:30,TX15,291.65,100,29203,-38,-0.13,0,0,0.00,-65,-0.22,-1530,-1.53,1
2029,Entry long,2020-06-05 07:15,C0|L|MKT|15|v0.3.0-tier0|SPY,292.03,100,29203,-38,-0.13,0,0,0.00,-65,-0.22,-1530,-1.53,1
2030,Exit short,2020-06-08 07:45,TX15,293.77,100,29332,-45,-0.15,0,26,0.09,-45,-0.15,-1575,-1.57,1
2030,Entry short,2020-06-08 07:30,C0|S|MKT|15|v0.3.0-tier0|SPY,293.32,100,29332,-45,-0.15,0,26,0.09,-45,-0.15,-1575,-1.57,1
2031,Exit short,2020-06-09 07:30,TX15,293.5,100,29286,-64,-0.22,0,4,0.01,-93,-0.32,-1639,-1.64,1
2031,Entry short,2020-06-09 07:15,C0|S|MKT|15|v0.3.0-tier0|SPY,292.86,100,29286,-64,-0.22,0,4,0.01,-93,-0.32,-1639,-1.64,1
2032,Exit short,2020-06-10 07:15,TX15,292.75,100,29367,92,0.31,0,104,0.35,-26,-0.09,-1547,-1.55,1
2032,Entry short,2020-06-10 07:00,C0|S|MKT|15|v0.3.0-tier0|SPY,293.67,100,29367,92,0.31,0,104,0.35,-26,-0.09,-1547,-1.55,1
2033,Exit short,2020-06-12 07:30,TX15,280.65,100,28124,59,0.21,0,61,0.22,-72,-0.26,-1488,-1.49,1
2033,Entry short,2020-06-12 07:15,C0|S|MKT|15|v0.3.0-tier0|SPY,281.24,100,28124,59,0.21,0,61,0.22,-72,-0.26,-1488,-1.49,1
2034,Exit long,2020-06-15 07:15,TX15,275.89,100,27502,87,0.32,0,126,0.46,-50,-0.18,-1401,-1.40,1
2034,Entry long,2020-06-15 07:00,C0|L|MKT|15|v0.3.0-tier0|SPY,275.02,100,27502,87,0.32,0,126,0.46,-50,-0.18,-1401,-1.40,1
2035,Exit short,2020-06-17 07:45,TX15,286.58,100,28574,-84,-0.29,0,45,0.16,-88,-0.31,-1485,-1.48,1
2035,Entry short,2020-06-17 07:30,C0|S|MKT|15|v0.3.0-tier0|SPY,285.74,100,28574,-84,-0.29,0,45,0.16,-88,-0.31,-1485,-1.48,1
2036,Exit long,2020-06-18 07:30,TX15,285.28,100,28575,-47,-0.16,0,13,0.05,-71,-0.25,-1532,-1.53,1
2036,Entry long,2020-06-18 07:15,C0|L|MKT|15|v0.3.0-tier0|SPY,285.75,100,28575,-47,-0.16,0,13,0.05,-71,-0.25,-1532,-1.53,1
2037,Exit short,2020-06-19 07:15,TX15,288.36,100,28821,-15,-0.05,0,22,0.08,-37,-0.13,-1547,-1.55,1
2037,Entry short,2020-06-19 07:00,C0|S|MKT|15|v0.3.0-tier0|SPY,288.21,100,28821,-15,-0.05,0,22,0.08,-37,-0.13,-1547,-1.55,1
2038,Exit long,2020-06-22 07:15,TX15,285.1,100,28415,95,0.33,0,96,0.34,-22,-0.08,-1452,-1.45,1
2038,Entry long,2020-06-22 07:00,C0|L|MKT|15|v0.3.0-tier0|SPY,284.15,100,28415,95,0.33,0,96,0.34,-22,-0.08,-1452,-1.45,1
2039,Exit short,2020-06-24 07:15,TX15,283.64,100,28336,-28,-0.10,0,62,0.22,-33,-0.12,-1480,-1.48,1
2039,Entry short,2020-06-24 07:00,C0|S|MKT|15|v0.3.0-tier0|SPY,283.36,100,28336,-28,-0.10,0,62,0.22,-33,-0.12,-1480,-1.48,1
2040,Exit long,2020-06-25 07:30,TX15,280.72,100,28027,45,0.16,0,58,0.21,-51,-0.18,-1435,-1.43,1
2040,Entry long,2020-06-25 07:15,C0|L|MKT|15|v0.3.0-tier0|SPY,280.27,100,28027,45,0.16,0,58,0.21,-51,-0.18,-1435,-1.43,1
2041,Exit short,2020-06-26 07:30,TX15,278.9,100,27970,80,0.29,0,151,0.54,0,0.00,-1355,-1.35,1
2041,Entry short,2020-06-26 07:15,C0|S|MKT|15|v0.3.0-tier0|SPY,279.7,100,27970,80,0.29,0,151,0.54,0,0.00,-1355,-1.35,1
2042,Exit long,2020-06-29 07:45,TX15,278.82,100,27810,72,0.26,0,99,0.36,-6,-0.02,-1283,-1.28,1
2042,Entry long,2020-06-29 07:30,C0|L|MKT|15|v0.3.0-tier0|SPY,278.1,100,27810,72,0.26,0,99,0.36,-6,-0.02,-1283,-1.28,1
2043,Exit long,2020-06-30 07:30,TX15,281.29,100,28123,6,0.02,0,53,0.19,-18,-0.06,-1277,-1.28,1
2043,Entry long,2020-06-30 07:15,C0|L|MKT|15|v0.3.0-tier0|SPY,281.23,100,28123,6,0.02,0,53,0.19,-18,-0.06,-1277,-1.28,1
2044,Exit long,2020-07-01 07:45,TX15,285.88,100,28633,-45,-0.16,0,30,0.10,-47,-0.16,-1322,-1.32,1
2044,Entry long,2020-07-01 07:30,C0|L|MKT|15|v0.3.0-tier0|SPY,286.33,100,28633,-45,-0.16,0,30,0.10,-47,-0.16,-1322,-1.32,1
2045,Exit short,2020-07-02 07:45,TX15,289.32,100,28880,-52,-0.18,0,18,0.06,-61,-0.21,-1374,-1.37,1
2045,Entry short,2020-07-02 07:30,C0|S|MKT|15|v0.3.0-tier0|SPY,288.8,100,28880,-52,-0.18,0,18,0.06,-61,-0.21,-1374,-1.37,1
2046,Exit long,2020-07-06 07:15,TX15,290.96,100,29171,-75,-0.26,0,64,0.22,-95,-0.33,-1449,-1.45,1
2046,Entry long,2020-07-06 07:00,C0|L|MKT|15|v0.3.0-tier0|SPY,291.71,100,29171,-75,-0.26,0,64,0.22,-95,-0.33,-1449,-1.45,1
2047,Exit long,2020-07-07 07:15,TX15,291.85,100,29101,84,0.29,0,87,0.30,-14,-0.05,-1365,-1.36,1
2047,Entry long,2020-07-07 07:00,C0|L|MKT|15|v0.3.0-tier0|SPY,291.01,100,29101,84,0.29,0,87,0.30,-14,-0.05,-1365,-1.36,1
2048,Exit long,2020-07-08 07:15,TX15,290.91,100,29112,-21,-0.07,0,15,0.05,-31,-0.11,-1386,-1.39,1
2048,Entry long,2020-07-08 07:00,C0|L|MKT|15|v0.3.0-tier0|SPY,291.12,100,29112,-21,-0.07,0,15,0.05,-31,-0.11,-1386,-1.39,1
2049,Exit short,2020-07-09 07:45,TX15,288.6,100,29021,161,0.55,0,177,0.61,-24,-0.08,-1225,-1.23,1
2049,Entry short,2020-07-09 07:30,C0|S|MKT|15|v0.3.0-tier0|SPY,290.21,100,29021,161,0.55,0,177,0.61,-24,-0.08,-1225,-1.23,1
2050,Exit short,2020-07-13 07:15,TX15,295.15,100,29432,-83,-0.28,0,32,0.11,-95,-0.32,-1308,-1.31,1
2050,Entry short,2020-07-13 07:00,C0|S|MKT|15|v0.3.0-tier0|SPY,294.32,100,29432,-83,-0.28,0,32,0.11,-95,-0.32,-1308,-1.31,1
2051,Exit short,2020-07-14 07:30,TX15,289.45,100,28772,-173,-0.60,0,8,0.03,-176,-0.61,-1481,-1.48,1
2051,Entry short,2020-07-14 07:15,C0|S|MKT|15|v0.3.0-tier0|SPY,287.72,100,28772,-173,-0.60,0,8,0.03,-176,-0.61,-1481,-1.48,1
2052,Exit short,2020-07-17 07:30,TX15,294.76,100,29562,86,0.29,0,106,0.36,-21,-0.07,-1395,-1.39,1
2052,Entry short,2020-07-17 07:15,C0|S|MKT|15|v0.3.0-tier0|SPY,295.62,100,29562,86,0.29,0,106,0.36,-21,-0.07,-1395,-1.39,1
2053,Exit long,2020-07-20 07:45,TX15,297.25,100,29712,13,0.04,0,35,0.12,-9,-0.03,-1382,-1.38,1
2053,Entry long,2020-07-20 07:30,C0|L|MKT|15|v0.3.0-tier0|SPY,297.12,100,29712,13,0.04,0,35,0.12,-9,-0.03,-1382,-1.38,1
2054,Exit long,2020-07-21 07:15,TX15,300.48,100,30091,-43,-0.14,0,13,0.04,-48,-0.16,-1425,-1.42,1
2054,Entry long,2020-07-21 07:00,C0|L|MKT|15|v0.3.0-tier0|SPY,300.91,100,30091,-43,-0.14,0,13,0.04,-48,-0.16,-1425,-1.42,1
2055,Exit long,2020-07-22 07:15,TX15,299.81,100,29996,-15,-0.05,0,26,0.09,-18,-0.06,-1440,-1.44,1
2055,Entry long,2020-07-22 07:00,C0|L|MKT|15|v0.3.0-tier0|SPY,299.96,100,29996,-15,-0.05,0,26,0.09,-18,-0.06,-1440,-1.44,1
2056,Exit long,2020-07-23 07:15,TX15,300.28,100,30111,-83,-0.28,0,10,0.03,-99,-0.33,-1523,-1.52,1
2056,Entry long,2020-07-23 07:00,C0|L|MKT|15|v0.3.0-tier0|SPY,301.11,100,30111,-83,-0.28,0,10,0.03,-99,-0.33,-1523,-1.52,1
2057,Exit long,2020-07-24 07:45,TX15,295.57,100,29590,-33,-0.11,0,11,0.04,-103,-0.35,-1556,-1.56,1
2057,Entry long,2020-07-24 07:30,C0|L|MKT|15|v0.3.0-tier0|SPY,295.9,100,29590,-33,-0.11,0,11,0.04,-103,-0.35,-1556,-1.56,1
2058,Exit long,2020-07-27 07:15,TX15,296.98,100,29710,-12,-0.04,0,13,0.04,-18,-0.06,-1568,-1.57,1
2058,Entry long,2020-07-27 07:00,C0|L|MKT|15|v0.3.0-tier0|SPY,297.1,100,29710,-12,-0.04,0,13,0.04,-18,-0.06,-1568,-1.57,1
2059,Exit short,2020-07-28 07:15,TX15,297.02,100,29637,-65,-0.22,0,8,0.03,-73,-0.25,-1633,-1.63,1
2059,Entry short,2020-07-28 07:00,C0|S|MKT|15|v0.3.0-tier0|SPY,296.37,100,29637,-65,-0.22,0,8,0.03,-73,-0.25,-1633,-1.63,1
2060,Exit long,2020-07-29 07:30,TX15,297.66,100,29766,0,0.00,0,12,0.04,-3,-0.01,-1633,-1.63,1
2060,Entry long,2020-07-29 07:15,C0|L|MKT|15|v0.3.0-tier0|SPY,297.66,100,29766,0,0.00,0,12,0.04,-3,-0.01,-1633,-1.63,1
2061,Exit short,2020-07-30 07:15,TX15,295.1,100,29482,-28,-0.09,0,46,0.16,-77,-0.26,-1661,-1.66,1
2061,Entry short,2020-07-30 07:00,C0|S|MKT|15|v0.3.0-tier0|SPY,294.82,100,29482,-28,-0.09,0,46,0.16,-77,-0.26,-1661,-1.66,1
2062,Exit short,2020-07-31 07:30,TX15,297.19,100,29785,66,0.22,0,92,0.31,-9,-0.03,-1595,-1.59,1
2062,Entry short,2020-07-31 07:15,C0|S|MKT|15|v0.3.0-tier0|SPY,297.85,100,29785,66,0.22,0,92,0.31,-9,-0.03,-1595,-1.59,1
2063,Exit long,2020-08-03 07:30,TX15,302.65,100,30291,-26,-0.09,0,19,0.06,-41,-0.14,-1621,-1.62,1
2063,Entry long,2020-08-03 07:15,C0|L|MKT|15|v0.3.0-tier0|SPY,302.91,100,30291,-26,-0.09,0,19,0.06,-41,-0.14,-1621,-1.62,1
2064,Exit long,2020-08-04 07:15,TX15,303.23,100,30265,58,0.19,0,62,0.20,-9,-0.03,-1563,-1.56,1
2064,Entry long,2020-08-04 07:00,C0|L|MKT|15|v0.3.0-tier0|SPY,302.65,100,30265,58,0.19,0,62,0.20,-9,-0.03,-1563,-1.56,1
2065,Exit long,2020-08-05 07:15,TX15,305.74,100,30565,9,0.03,0,20,0.07,-15,-0.05,-1554,-1.55,1
2065,Entry long,2020-08-05 07:00,C0|L|MKT|15|v0.3.0-tier0|SPY,305.65,100,30565,9,0.03,0,20,0.07,-15,-0.05,-1554,-1.55,1
2066,Exit long,2020-08-06 07:15,TX15,306.02,100,30603,-1,0.00,0,17,0.06,-30,-0.10,-1555,-1.55,1
2066,Entry long,2020-08-06 07:00,C0|L|MKT|15|v0.3.0-tier0|SPY,306.03,100,30603,-1,0.00,0,17,0.06,-30,-0.10,-1555,-1.55,1
2067,Exit long,2020-08-07 07:15,TX15,307.46,100,30744,2,0.01,0,23,0.07,-30,-0.10,-1553,-1.55,1
2067,Entry long,2020-08-07 07:00,C0|L|MKT|15|v0.3.0-tier0|SPY,307.44,100,30744,2,0.01,0,23,0.07,-30,-0.10,-1553,-1.55,1
2068,Exit short,2020-08-11 07:30,TX15,309.9,100,30925,-65,-0.21,0,12,0.04,-66,-0.21,-1618,-1.62,1
2068,Entry short,2020-08-11 07:15,C0|S|MKT|15|v0.3.0-tier0|SPY,309.25,100,30925,-65,-0.21,0,12,0.04,-66,-0.21,-1618,-1.62,1
2069,Exit long,2020-08-12 07:15,TX15,309.87,100,30979,8,0.03,0,44,0.14,-26,-0.08,-1610,-1.61,1
2069,Entry long,2020-08-12 07:00,C0|L|MKT|15|v0.3.0-tier0|SPY,309.79,100,30979,8,0.03,0,44,0.14,-26,-0.08,-1610,-1.61,1
2070,Exit long,2020-08-13 07:15,TX15,310.86,100,31112,-26,-0.08,0,13,0.04,-27,-0.09,-1636,-1.64,1
2070,Entry long,2020-08-13 07:00,C0|L|MKT|15|v0.3.0-tier0|SPY,311.12,100,31112,-26,-0.08,0,13,0.04,-27,-0.09,-1636,-1.64,1
2071,Exit long,2020-08-14 07:15,TX15,309.75,100,31005,-30,-0.10,0,18,0.06,-41,-0.13,-1666,-1.67,1
2071,Entry long,2020-08-14 07:00,C0|L|MKT|15|v0.3.0-tier0|SPY,310.05,100,31005,-30,-0.10,0,18,0.06,-41,-0.13,-1666,-1.67,1
2072,Exit short,2020-08-17 07:30,TX15,311.23,100,31096,-27,-0.09,0,17,0.05,-28,-0.09,-1693,-1.69,1
2072,Entry short,2020-08-17 07:15,C0|S|MKT|15|v0.3.0-tier0|SPY,310.96,100,31096,-27,-0.09,0,17,0.05,-28,-0.09,-1693,-1.69,1
2073,Exit short,2020-08-18 07:30,TX15,310.14,100,31093,79,0.25,0,80,0.26,-17,-0.05,-1614,-1.61,1
2073,Entry short,2020-08-18 07:15,C0|S|MKT|15|v0.3.0-tier0|SPY,310.93,100,31093,79,0.25,0,80,0.26,-17,-0.05,-1614,-1.61,1
2074,Exit long,2020-08-20 07:15,TX15,310.14,100,31012,2,0.01,0,16,0.05,-21,-0.07,-1612,-1.61,1
2074,Entry long,2020-08-20 07:00,C0|L|MKT|15|v0.3.0-tier0|SPY,310.12,100,31012,2,0.01,0,16,0.05,-21,-0.07,-1612,-1.61,1
2075,Exit long,2020-08-21 07:15,TX15,311.35,100,31185,-50,-0.16,0,13,0.04,-52,-0.17,-1662,-1.66,1
2075,Entry long,2020-08-21 07:00,C0|L|MKT|15|v0.3.0-tier0|SPY,311.85,100,31185,-50,-0.16,0,13,0.04,-52,-0.17,-1662,-1.66,1
2076,Exit short,2020-08-25 07:30,TX15,315.57,100,31556,-1,0.00,0,4,0.01,-56,-0.18,-1663,-1.66,1
2076,Entry short,2020-08-25 07:15,C0|S|MKT|15|v0.3.0-tier0|SPY,315.56,100,31556,-1,0.00,0,4,0.01,-56,-0.18,-1663,-1.66,1
2077,Exit long,2020-08-26 07:45,TX15,317.84,100,31763,21,0.07,0,29,0.09,-5,-0.02,-1642,-1.64,1
2077,Entry long,2020-08-26 07:30,C0|L|MKT|15|v0.3.0-tier0|SPY,317.63,100,31763,21,0.07,0,29,0.09,-5,-0.02,-1642,-1.64,1
2078,Exit long,2020-08-27 07:15,TX15,320.34,100,32164,-130,-0.40,0,7,0.02,-160,-0.50,-1772,-1.77,1
2078,Entry long,2020-08-27 07:00,C0|L|MKT|15|v0.3.0-tier0|SPY,321.64,100,32164,-130,-0.40,0,7,0.02,-160,-0.50,-1772,-1.77,1
2079,Exit long,2020-09-01 07:15,TX15,322.66,100,32279,-13,-0.04,0,51,0.16,-25,-0.08,-1785,-1.78,1
2079,Entry long,2020-09-01 07:00,C0|L|MKT|15|v0.3.0-tier0|SPY,322.79,100,32279,-13,-0.04,0,51,0.16,-25,-0.08,-1785,-1.78,1
2080,Exit long,2020-09-02 07:45,TX15,326.61,100,32689,-28,-0.09,0,30,0.09,-47,-0.14,-1813,-1.81,1
2080,Entry long,2020-09-02 07:30,C0|L|MKT|15|v0.3.0-tier0|SPY,326.89,100,32689,-28,-0.09,0,30,0.09,-47,-0.14,-1813,-1.81,1
2081,Exit short,2020-09-03 07:30,TX15,324.85,100,32663,178,0.54,0,245,0.75,0,0.00,-1635,-1.63,1
2081,Entry short,2020-09-03 07:15,C0|S|MKT|15|v0.3.0-tier0|SPY,326.63,100,32663,178,0.54,0,245,0.75,0,0.00,-1635,-1.63,1
2082,Exit short,2020-09-04 07:15,TX15,315.11,100,31632,121,0.38,0,126,0.40,-113,-0.36,-1514,-1.51,1
2082,Entry short,2020-09-04 07:00,C0|S|MKT|15|v0.3.0-tier0|SPY,316.32,100,31632,121,0.38,0,126,0.40,-113,-0.36,-1514,-1.51,1
2083,Exit long,2020-09-08 07:30,TX15,310.63,100,31064,-1,0.00,0,28,0.09,-116,-0.37,-1515,-1.51,1
2083,Entry long,2020-09-08 07:15,C0|L|MKT|15|v0.3.0-tier0|SPY,310.64,100,31064,-1,0.00,0,28,0.09,-116,-0.37,-1515,-1.51,1
2084,Exit long,2020-09-09 07:15,TX15,311.7,100,31141,29,0.09,0,89,0.29,-4,-0.01,-1486,-1.49,1
2084,Entry long,2020-09-09 07:00,C0|L|MKT|15|v0.3.0-tier0|SPY,311.41,100,31141,29,0.09,0,89,0.29,-4,-0.01,-1486,-1.49,1
2085,Exit short,2020-09-11 07:15,TX15,308.33,100,30770,-63,-0.20,0,37,0.12,-113,-0.37,-1549,-1.55,1
2085,Entry short,2020-09-11 07:00,C0|S|MKT|15|v0.3.0-tier0|SPY,307.7,100,30770,-63,-0.20,0,37,0.12,-113,-0.37,-1549,-1.55,1
2086,Exit long,2020-09-14 07:15,TX15,312.62,100,31221,41,0.13,0,69,0.22,-23,-0.07,-1508,-1.51,1
2086,Entry long,2020-09-14 07:00,C0|L|MKT|15|v0.3.0-tier0|SPY,312.21,100,31221,41,0.13,0,69,0.22,-23,-0.07,-1508,-1.51,1
2087,Exit long,2020-09-17 07:15,TX15,309.61,100,30866,95,0.31,0,151,0.49,-30,-0.10,-1413,-1.41,1
2087,Entry long,2020-09-17 07:00,C0|L|MKT|15|v0.3.0-tier0|SPY,308.66,100,30866,95,0.31,0,151,0.49,-30,-0.10,-1413,-1.41,1
2088,Exit short,2020-09-18 07:15,TX15,309.27,100,30874,-53,-0.17,0,3,0.01,-75,-0.24,-1466,-1.47,1
2088,Entry short,2020-09-18 07:00,C0|S|MKT|15|v0.3.0-tier0|SPY,308.74,100,30874,-53,-0.17,0,3,0.01,-75,-0.24,-1466,-1.47,1
2089,Exit short,2020-09-21 07:45,TX15,297.83,100,29834,51,0.17,0,87,0.29,-19,-0.06,-1415,-1.41,1
2089,Entry short,2020-09-21 07:30,C0|S|MKT|15|v0.3.0-tier0|SPY,298.34,100,29834,51,0.17,0,87,0.29,-19,-0.06,-1415,-1.41,1
2090,Exit short,2020-09-22 07:15,TX15,303.54,100,30277,-77,-0.25,0,10,0.03,-79,-0.26,-1492,-1.49,1
2090,Entry short,2020-09-22 07:00,C0|S|MKT|15|v0.3.0-tier0|SPY,302.77,100,30277,-77,-0.25,0,10,0.03,-79,-0.26,-1492,-1.49,1
2091,Exit short,2020-09-23 07:15,TX15,304.8,100,30495,15,0.05,0,52,0.17,-40,-0.13,-1477,-1.48,1
2091,Entry short,2020-09-23 07:00,C0|S|MKT|15|v0.3.0-tier0|SPY,304.95,100,30495,15,0.05,0,52,0.17,-40,-0.13,-1477,-1.48,1
2092,Exit long,2020-09-24 07:15,TX15,299.56,100,29790,166,0.56,0,191,0.64,0,0.00,-1311,-1.31,1
2092,Entry long,2020-09-24 07:00,C0|L|MKT|15|v0.3.0-tier0|SPY,297.9,100,29790,166,0.56,0,191,0.64,0,0.00,-1311,-1.31,1
2093,Exit short,2020-09-25 07:30,TX15,299.66,100,29765,-201,-0.68,0,15,0.05,-216,-0.73,-1512,-1.51,1
2093,Entry short,2020-09-25 07:15,C0|S|MKT|15|v0.3.0-tier0|SPY,297.65,100,29765,-201,-0.68,0,15,0.05,-216,-0.73,-1512,-1.51,1
2094,Exit long,2020-09-28 07:45,TX15,308.63,100,30880,-17,-0.06,0,44,0.14,-47,-0.15,-1529,-1.53,1
2094,Entry long,2020-09-28 07:30,C0|L|MKT|15|v0.3.0-tier0|SPY,308.8,100,30880,-17,-0.06,0,44,0.14,-47,-0.15,-1529,-1.53,1
2095,Exit long,2020-09-29 07:30,TX15,309.21,100,30929,-8,-0.03,0,23,0.07,-20,-0.06,-1537,-1.54,1
2095,Entry long,2020-09-29 07:15,C0|L|MKT|15|v0.3.0-tier0|SPY,309.29,100,30929,-8,-0.03,0,23,0.07,-20,-0.06,-1537,-1.54,1
2096,Exit long,2020-09-30 07:15,TX15,310.29,100,30983,46,0.15,0,85,0.27,-8,-0.03,-1491,-1.49,1
2096,Entry long,2020-09-30 07:00,C0|L|MKT|15|v0.3.0-tier0|SPY,309.83,100,30983,46,0.15,0,85,0.27,-8,-0.03,-1491,-1.49,1
2097,Exit short,2020-10-01 07:15,TX15,310.88,100,31137,49,0.16,0,109,0.35,-27,-0.09,-1442,-1.44,1
2097,Entry short,2020-10-01 07:00,C0|S|MKT|15|v0.3.0-tier0|SPY,311.37,100,31137,49,0.16,0,109,0.35,-27,-0.09,-1442,-1.44,1
2098,Exit long,2020-10-02 07:30,TX15,309.75,100,30965,10,0.03,0,20,0.06,-72,-0.23,-1432,-1.43,1
2098,Entry long,2020-10-02 07:15,C0|L|MKT|15|v0.3.0-tier0|SPY,309.65,100,30965,10,0.03,0,20,0.06,-72,-0.23,-1432,-1.43,1
2099,Exit long,2020-10-05 07:30,TX15,312.24,100,31199,25,0.08,0,37,0.12,-2,-0.01,-1407,-1.41,1
2099,Entry long,2020-10-05 07:15,C0|L|MKT|15|v0.3.0-tier0|SPY,311.99,100,31199,25,0.08,0,37,0.12,-2,-0.01,-1407,-1.41,1
2100,Exit long,2020-10-06 07:45,TX15,313.91,100,31466,-75,-0.24,0,20,0.06,-116,-0.37,-1482,-1.48,1
2100,Entry long,2020-10-06 07:30,C0|L|MKT|15|v0.3.0-tier0|SPY,314.66,100,31466,-75,-0.24,0,20,0.06,-116,-0.37,-1482,-1.48,1
2101,Exit long,2020-10-08 07:15,TX15,316.96,100,31732,-36,-0.11,0,22,0.07,-82,-0.26,-1518,-1.52,1
2101,Entry long,2020-10-08 07:00,C0|L|MKT|15|v0.3.0-tier0|SPY,317.32,100,31732,-36,-0.11,0,22,0.07,-82,-0.26,-1518,-1.52,1
2102,Exit short,2020-10-09 07:30,TX15,318.98,100,31905,7,0.02,0,17,0.05,-39,-0.12,-1511,-1.51,1
2102,Entry short,2020-10-09 07:15,C0|S|MKT|15|v0.3.0-tier0|SPY,319.05,100,31905,7,0.02,0,17,0.05,-39,-0.12,-1511,-1.51,1
2103,Exit long,2020-10-12 07:30,TX15,323.76,100,32352,24,0.07,0,28,0.09,-7,-0.02,-1487,-1.49,1
2103,Entry long,2020-10-12 07:15,C0|L|MKT|15|v0.3.0-tier0|SPY,323.52,100,32352,24,0.07,0,28,0.09,-7,-0.02,-1487,-1.49,1
2104,Exit short,2020-10-13 07:30,TX15,324.85,100,32458,-27,-0.08,0,12,0.04,-59,-0.18,-1514,-1.51,1
2104,Entry short,2020-10-13 07:15,C0|S|MKT|15|v0.3.0-tier0|SPY,324.58,100,32458,-27,-0.08,0,12,0.04,-59,-0.18,-1514,-1.51,1
2105,Exit long,2020-10-14 07:15,TX15,324.63,100,32521,-58,-0.18,0,5,0.02,-63,-0.19,-1572,-1.57,1
2105,Entry long,2020-10-14 07:00,C0|L|MKT|15|v0.3.0-tier0|SPY,325.21,100,32521,-58,-0.18,0,5,0.02,-63,-0.19,-1572,-1.57,1
2106,Exit long,2020-10-15 07:15,TX15,318.79,100,31958,-79,-0.25,0,4,0.01,-91,-0.28,-1651,-1.65,1
2106,Entry long,2020-10-15 07:00,C0|L|MKT|15|v0.3.0-tier0|SPY,319.58,100,31958,-79,-0.25,0,4,0.01,-91,-0.28,-1651,-1.65,1
2107,Exit long,2020-10-16 07:30,TX15,324.21,100,32304,117,0.36,0,120,0.37,-4,-0.01,-1534,-1.53,1
2107,Entry long,2020-10-16 07:15,C0|L|MKT|15|v0.3.0-tier0|SPY,323.04,100,32304,117,0.36,0,120,0.37,-4,-0.01,-1534,-1.53,1
2108,Exit short,2020-10-19 07:15,TX15,321.19,100,32219,100,0.31,0,147,0.46,0,0.00,-1434,-1.43,1
2108,Entry short,2020-10-19 07:00,C0|S|MKT|15|v0.3.0-tier0|SPY,322.19,100,32219,100,0.31,0,147,0.46,0,0.00,-1434,-1.43,1
2109,Exit long,2020-10-20 07:15,TX15,318.84,100,31885,-1,0.00,0,31,0.10,-33,-0.10,-1435,-1.43,1
2109,Entry long,2020-10-20 07:00,C0|L|MKT|15|v0.3.0-tier0|SPY,318.85,100,31885,-1,0.00,0,31,0.10,-33,-0.10,-1435,-1.43,1
2110,Exit long,2020-10-21 07:15,TX15,319.5,100,31941,9,0.03,0,16,0.05,-40,-0.13,-1426,-1.43,1
2110,Entry long,2020-10-21 07:00,C0|L|MKT|15|v0.3.0-tier0|SPY,319.41,100,31941,9,0.03,0,16,0.05,-40,-0.13,-1426,-1.43,1
2111,Exit short,2020-10-22 07:45,TX15,315.03,100,31615,112,0.35,0,119,0.38,-10,-0.03,-1314,-1.31,1
2111,Entry short,2020-10-22 07:30,C0|S|MKT|15|v0.3.0-tier0|SPY,316.15,100,31615,112,0.35,0,119,0.38,-10,-0.03,-1314,-1.31,1
2112,Exit short,2020-10-23 07:30,TX15,318.88,100,31895,7,0.02,0,51,0.16,-15,-0.05,-1307,-1.31,1
2112,Entry short,2020-10-23 07:15,C0|S|MKT|15|v0.3.0-tier0|SPY,318.95,100,31895,7,0.02,0,51,0.16,-15,-0.05,-1307,-1.31,1
2113,Exit short,2020-10-26 07:45,TX15,315.19,100,31572,53,0.17,0,89,0.28,-9,-0.03,-1254,-1.25,1
2113,Entry short,2020-10-26 07:30,C0|S|MKT|15|v0.3.0-tier0|SPY,315.72,100,31572,53,0.17,0,89,0.28,-9,-0.03,-1254,-1.25,1
2114,Exit short,2020-10-27 07:45,TX15,313.25,100,31295,-30,-0.10,0,12,0.04,-69,-0.22,-1284,-1.28,1
2114,Entry short,2020-10-27 07:30,C0|S|MKT|15|v0.3.0-tier0|SPY,312.95,100,31295,-30,-0.10,0,12,0.04,-69,-0.22,-1284,-1.28,1
2115,Exit short,2020-10-28 07:15,TX15,305.61,100,30631,70,0.23,0,102,0.33,-14,-0.05,-1214,-1.21,1
2115,Entry short,2020-10-28 07:00,C0|S|MKT|15|v0.3.0-tier0|SPY,306.31,100,30631,70,0.23,0,102,0.33,-14,-0.05,-1214,-1.21,1
2116,Exit long,2020-10-29 07:15,TX15,302.69,100,30315,-46,-0.15,0,84,0.28,-71,-0.23,-1260,-1.26,1
2116,Entry long,2020-10-29 07:00,C0|L|MKT|15|v0.3.0-tier0|SPY,303.15,100,30315,-46,-0.15,0,84,0.28,-71,-0.23,-1260,-1.26,1
2117,Exit short,2020-10-30 07:30,TX15,300.7,100,30250,180,0.60,0,208,0.69,-18,-0.06,-1080,-1.08,1
2117,Entry short,2020-10-30 07:15,C0|S|MKT|15|v0.3.0-tier0|SPY,302.5,100,30250,180,0.60,0,208,0.69,-18,-0.06,-1080,-1.08,1
2118,Exit long,2020-11-02 07:15,TX15,306.35,100,30587,48,0.16,0,73,0.24,-1,0.00,-1032,-1.03,1
2118,Entry long,2020-11-02 07:00,C0|L|MKT|15|v0.3.0-tier0|SPY,305.87,100,30587,48,0.16,0,73,0.24,-1,0.00,-1032,-1.03,1
2119,Exit long,2020-11-03 07:15,TX15,311.06,100,31009,97,0.31,0,116,0.37,-14,-0.05,-935,-0.93,1
2119,Entry long,2020-11-03 07:00,C0|L|MKT|15|v0.3.0-tier0|SPY,310.09,100,31009,97,0.31,0,116,0.37,-14,-0.05,-935,-0.93,1
2120,Exit long,2020-11-04 07:15,TX15,318.45,100,31671,174,0.55,0,200,0.63,-19,-0.06,-761,-0.76,1
2120,Entry long,2020-11-04 07:00,C0|L|MKT|15|v0.3.0-tier0|SPY,316.71,100,31671,174,0.55,0,200,0.63,-19,-0.06,-761,-0.76,1
2121,Exit long,2020-11-05 07:30,TX15,324.4,100,32464,-24,-0.07,0,97,0.30,-25,-0.08,-785,-0.78,1
2121,Entry long,2020-11-05 07:15,C0|L|MKT|15|v0.3.0-tier0|SPY,324.64,100,32464,-24,-0.07,0,97,0.30,-25,-0.08,-785,-0.78,1
2122,Exit short,2020-11-09 07:15,TX15,334,100,33334,-66,-0.20,0,2,0.01,-228,-0.68,-851,-0.85,1
2122,Entry short,2020-11-09 07:00,C0|S|MKT|15|v0.3.0-tier0|SPY,333.34,100,33334,-66,-0.20,0,2,0.01,-228,-0.68,-851,-0.85,1
2123,Exit short,2020-11-11 07:15,TX15,328.82,100,32853,-29,-0.09,0,18,0.05,-45,-0.14,-880,-0.88,1
2123,Entry short,2020-11-11 07:00,C0|S|MKT|15|v0.3.0-tier0|SPY,328.53,100,32853,-29,-0.09,0,18,0.05,-45,-0.14,-880,-0.88,1
2124,Exit long,2020-11-12 07:30,TX15,328.54,100,32926,-72,-0.22,0,11,0.03,-87,-0.26,-952,-0.95,1
2124,Entry long,2020-11-12 07:15,C0|L|MKT|15|v0.3.0-tier0|SPY,329.26,100,32926,-72,-0.22,0,11,0.03,-87,-0.26,-952,-0.95,1
2125,Exit long,2020-11-16 07:45,TX15,334.33,100,33429,4,0.01,0,12,0.04,-20,-0.06,-948,-0.95,1
2125,Entry long,2020-11-16 07:30,C0|L|MKT|15|v0.3.0-tier0|SPY,334.29,100,33429,4,0.01,0,12,0.04,-20,-0.06,-948,-0.95,1
2126,Exit short,2020-11-17 07:15,TX15,332.24,100,33139,-85,-0.26,0,3,0.01,-92,-0.28,-1033,-1.03,1
2126,Entry short,2020-11-17 07:00,C0|S|MKT|15|v0.3.0-tier0|SPY,331.39,100,33139,-85,-0.26,0,3,0.01,-92,-0.28,-1033,-1.03,1
2127,Exit long,2020-11-19 07:15,TX15,328.77,100,32928,-51,-0.15,0,25,0.08,-65,-0.20,-1084,-1.08,1
2127,Entry long,2020-11-19 07:00,C0|L|MKT|15|v0.3.0-tier0|SPY,329.28,100,32928,-51,-0.15,0,25,0.08,-65,-0.20,-1084,-1.08,1
2128,Exit short,2020-11-20 07:30,TX15,329.89,100,32950,-39,-0.12,0,17,0.05,-44,-0.13,-1123,-1.12,1
2128,Entry short,2020-11-20 07:15,C0|S|MKT|15|v0.3.0-tier0|SPY,329.5,100,32950,-39,-0.12,0,17,0.05,-44,-0.13,-1123,-1.12,1
2129,Exit long,2020-11-23 07:15,TX15,330.29,100,33114,-85,-0.26,0,10,0.03,-112,-0.34,-1208,-1.21,1
2129,Entry long,2020-11-23 07:00,C0|L|MKT|15|v0.3.0-tier0|SPY,331.14,100,33114,-85,-0.26,0,10,0.03,-112,-0.34,-1208,-1.21,1
2130,Exit long,2020-11-24 07:30,TX15,333.57,100,33345,12,0.04,0,34,0.10,-12,-0.04,-1196,-1.20,1
2130,Entry long,2020-11-24 07:15,C0|L|MKT|15|v0.3.0-tier0|SPY,333.45,100,33345,12,0.04,0,34,0.10,-12,-0.04,-1196,-1.20,1
2131,Exit short,2020-11-25 07:15,TX15,334.96,100,33485,-11,-0.03,0,63,0.19,-17,-0.05,-1207,-1.21,1
2131,Entry short,2020-11-25 07:00,C0|S|MKT|15|v0.3.0-tier0|SPY,334.85,100,33485,-11,-0.03,0,63,0.19,-17,-0.05,-1207,-1.21,1
2132,Exit short,2020-11-27 07:15,TX15,336.48,100,33627,-21,-0.06,0,7,0.02,-28,-0.08,-1228,-1.23,1
2132,Entry short,2020-11-27 07:00,C0|S|MKT|15|v0.3.0-tier0|SPY,336.27,100,33627,-21,-0.06,0,7,0.02,-28,-0.08,-1228,-1.23,1
2133,Exit short,2020-11-30 07:30,TX15,333.97,100,33455,58,0.17,0,65,0.19,-17,-0.05,-1170,-1.17,1
2133,Entry short,2020-11-30 07:15,C0|S|MKT|15|v0.3.0-tier0|SPY,334.55,100,33455,58,0.17,0,65,0.19,-17,-0.05,-1170,-1.17,1
2134,Exit long,2020-12-01 07:15,TX15,339,100,33856,44,0.13,0,73,0.22,-19,-0.06,-1126,-1.13,1
2134,Entry long,2020-12-01 07:00,C0|L|MKT|15|v0.3.0-tier0|SPY,338.56,100,33856,44,0.13,0,73,0.22,-19,-0.06,-1126,-1.13,1
2135,Exit long,2020-12-02 07:15,TX15,337.6,100,33786,-26,-0.08,0,17,0.05,-42,-0.12,-1152,-1.15,1
2135,Entry long,2020-12-02 07:00,C0|L|MKT|15|v0.3.0-tier0|SPY,337.86,100,33786,-26,-0.08,0,17,0.05,-42,-0.12,-1152,-1.15,1
2136,Exit long,2020-12-03 07:30,TX15,339.85,100,33977,8,0.02,0,44,0.13,-2,-0.01,-1144,-1.14,1
2136,Entry long,2020-12-03 07:15,C0|L|MKT|15|v0.3.0-tier0|SPY,339.77,100,33977,8,0.02,0,44,0.13,-2,-0.01,-1144,-1.14,1
2137,Exit long,2020-12-04 07:45,TX15,341.34,100,34060,74,0.22,0,74,0.22,-1,0.00,-1070,-1.07,1
2137,Entry long,2020-12-04 07:30,C0|L|MKT|15|v0.3.0-tier0|SPY,340.6,100,34060,74,0.22,0,74,0.22,-1,0.00,-1070,-1.07,1
2138,Exit long,2020-12-07 07:15,TX15,341.53,100,34153,0,0.00,0,4,0.01,-30,-0.09,-1070,-1.07,1
2138,Entry long,2020-12-07 07:00,C0|L|MKT|15|v0.3.0-tier0|SPY,341.53,100,34153,0,0.00,0,4,0.01,-30,-0.09,-1070,-1.07,1
2139,Exit long,2020-12-08 07:30,TX15,340.42,100,34089,-47,-0.14,0,0,0.00,-89,-0.26,-1117,-1.12,1
2139,Entry long,2020-12-08 07:15,C0|L|MKT|15|v0.3.0-tier0|SPY,340.89,100,34089,-47,-0.14,0,0,0.00,-89,-0.26,-1117,-1.12,1
2140,Exit short,2020-12-09 07:30,TX15,342.37,100,34178,-59,-0.17,0,12,0.04,-80,-0.23,-1176,-1.18,1
2140,Entry short,2020-12-09 07:15,C0|S|MKT|15|v0.3.0-tier0|SPY,341.78,100,34178,-59,-0.17,0,12,0.04,-80,-0.23,-1176,-1.18,1
2141,Exit long,2020-12-10 07:15,TX15,339.53,100,33950,3,0.01,0,37,0.11,-44,-0.13,-1173,-1.17,1
2141,Entry long,2020-12-10 07:00,C0|L|MKT|15|v0.3.0-tier0|SPY,339.5,100,33950,3,0.01,0,37,0.11,-44,-0.13,-1173,-1.17,1
2142,Exit long,2020-12-11 07:30,TX15,337.91,100,33820,-29,-0.09,0,13,0.04,-37,-0.11,-1202,-1.20,1
2142,Entry long,2020-12-11 07:15,C0|L|MKT|15|v0.3.0-tier0|SPY,338.2,100,33820,-29,-0.09,0,13,0.04,-37,-0.11,-1202,-1.20,1
2143,Exit long,2020-12-14 07:15,TX15,341.62,100,34166,-4,-0.01,0,25,0.07,-18,-0.05,-1206,-1.21,1
2143,Entry long,2020-12-14 07:00,C0|L|MKT|15|v0.3.0-tier0|SPY,341.66,100,34166,-4,-0.01,0,25,0.07,-18,-0.05,-1206,-1.21,1
2144,Exit short,2020-12-15 07:15,TX15,339.29,100,33926,-3,-0.01,0,31,0.09,-22,-0.06,-1209,-1.21,1
2144,Entry short,2020-12-15 07:00,C0|S|MKT|15|v0.3.0-tier0|SPY,339.26,100,33926,-3,-0.01,0,31,0.09,-22,-0.06,-1209,-1.21,1
2145,Exit long,2020-12-16 07:45,TX15,342.2,100,34213,7,0.02,0,17,0.05,-2,-0.01,-1202,-1.20,1
2145,Entry long,2020-12-16 07:30,C0|L|MKT|15|v0.3.0-tier0|SPY,342.13,100,34213,7,0.02,0,17,0.05,-2,-0.01,-1202,-1.20,1
2146,Exit short,2020-12-17 07:15,TX15,343.47,100,34369,22,0.06,0,26,0.08,-15,-0.04,-1180,-1.18,1
2146,Entry short,2020-12-17 07:00,C0|S|MKT|15|v0.3.0-tier0|SPY,343.69,100,34369,22,0.06,0,26,0.08,-15,-0.04,-1180,-1.18,1
2147,Exit short,2020-12-18 07:15,TX15,342.99,100,34320,21,0.06,0,86,0.25,0,0.00,-1159,-1.16,1
2147,Entry short,2020-12-18 07:00,C0|S|MKT|15|v0.3.0-tier0|SPY,343.2,100,34320,21,0.06,0,86,0.25,0,0.00,-1159,-1.16,1
2148,Exit short,2020-12-21 07:30,TX15,336.87,100,33708,21,0.06,0,92,0.27,-33,-0.10,-1138,-1.14,1
2148,Entry short,2020-12-21 07:15,C0|S|MKT|15|v0.3.0-tier0|SPY,337.08,100,33708,21,0.06,0,92,0.27,-33,-0.10,-1138,-1.14,1
2149,Exit short,2020-12-22 07:30,TX15,341.66,100,34096,-70,-0.21,0,1,0.00,-71,-0.21,-1208,-1.21,1
2149,Entry short,2020-12-22 07:15,C0|S|MKT|15|v0.3.0-tier0|SPY,340.96,100,34096,-70,-0.21,0,1,0.00,-71,-0.21,-1208,-1.21,1
2150,Exit long,2020-12-24 07:45,TX15,342.08,100,34227,-19,-0.06,0,9,0.03,-19,-0.06,-1227,-1.23,1
2150,Entry long,2020-12-24 07:30,C0|L|MKT|15|v0.3.0-tier0|SPY,342.27,100,34227,-19,-0.06,0,9,0.03,-19,-0.06,-1227,-1.23,1
2151,Exit long,2020-12-28 07:45,TX15,345.57,100,34543,14,0.04,0,26,0.08,-5,-0.01,-1213,-1.21,1
2151,Entry long,2020-12-28 07:30,C0|L|MKT|15|v0.3.0-tier0|SPY,345.43,100,34543,14,0.04,0,26,0.08,-5,-0.01,-1213,-1.21,1
2152,Exit short,2020-12-29 07:15,TX15,345.33,100,34591,58,0.17,0,70,0.20,-33,-0.10,-1155,-1.15,1
2152,Entry short,2020-12-29 07:00,C0|S|MKT|15|v0.3.0-tier0|SPY,345.91,100,34591,58,0.17,0,70,0.20,-33,-0.10,-1155,-1.15,1
2153,Exit long,2020-12-31 07:30,TX15,345.37,100,34537,0,0.00,0,26,0.08,-4,-0.01,-1155,-1.15,1
2153,Entry long,2020-12-31 07:15,C0|L|MKT|15|v0.3.0-tier0|SPY,345.37,100,34537,0,0.00,0,26,0.08,-4,-0.01,-1155,-1.15,1
2154,Exit short,2021-01-04 07:15,TX15,345.93,100,34696,103,0.30,0,103,0.30,-6,-0.02,-1052,-1.05,1
2154,Entry short,2021-01-04 07:00,C0|S|MKT|15|v0.3.0-tier0|SPY,346.96,100,34696,103,0.30,0,103,0.30,-6,-0.02,-1052,-1.05,1
2155,Exit long,2021-01-06 07:15,TX15,346.58,100,34571,87,0.25,0,99,0.29,-33,-0.10,-965,-0.97,1
2155,Entry long,2021-01-06 07:00,C0|L|MKT|15|v0.3.0-tier0|SPY,345.71,100,34571,87,0.25,0,99,0.29,-33,-0.10,-965,-0.97,1
2156,Exit long,2021-01-07 07:15,TX15,351.4,100,35087,53,0.15,0,97,0.28,-10,-0.03,-912,-0.91,1
2156,Entry long,2021-01-07 07:00,C0|L|MKT|15|v0.3.0-tier0|SPY,350.87,100,35087,53,0.15,0,97,0.28,-10,-0.03,-912,-0.91,1
2157,Exit short,2021-01-08 07:45,TX15,353.1,100,35183,-127,-0.36,0,0,0.00,-135,-0.38,-1039,-1.04,1
2157,Entry short,2021-01-08 07:30,C0|S|MKT|15|v0.3.0-tier0|SPY,351.83,100,35183,-127,-0.36,0,0,0.00,-135,-0.38,-1039,-1.04,1
2158,Exit long,2021-01-11 07:15,TX15,351.94,100,35201,-7,-0.02,0,28,0.08,-14,-0.04,-1046,-1.05,1
2158,Entry long,2021-01-11 07:00,C0|L|MKT|15|v0.3.0-tier0|SPY,352.01,100,35201,-7,-0.02,0,28,0.08,-14,-0.04,-1046,-1.05,1
2159,Exit long,2021-01-12 07:45,TX15,352.08,100,35231,-23,-0.07,0,10,0.03,-31,-0.09,-1069,-1.07,1
2159,Entry long,2021-01-12 07:30,C0|L|MKT|15|v0.3.0-tier0|SPY,352.31,100,35231,-23,-0.07,0,10,0.03,-31,-0.09,-1069,-1.07,1
2160,Exit long,2021-01-14 07:15,TX15,353.51,100,35360,-9,-0.03,0,24,0.07,-29,-0.08,-1078,-1.08,1
2160,Entry long,2021-01-14 07:00,C0|L|MKT|15|v0.3.0-tier0|SPY,353.6,100,35360,-9,-0.03,0,24,0.07,-29,-0.08,-1078,-1.08,1
2161,Exit short,2021-01-15 07:30,TX15,347.81,100,34836,55,0.16,0,134,0.38,-29,-0.08,-1023,-1.02,1
2161,Entry short,2021-01-15 07:15,C0|S|MKT|15|v0.3.0-tier0|SPY,348.36,100,34836,55,0.16,0,134,0.38,-29,-0.08,-1023,-1.02,1
2162,Exit short,2021-01-19 07:15,TX15,350.63,100,35073,10,0.03,0,63,0.18,-14,-0.04,-1013,-1.01,1
2162,Entry short,2021-01-19 07:00,C0|S|MKT|15|v0.3.0-tier0|SPY,350.73,100,35073,10,0.03,0,63,0.18,-14,-0.04,-1013,-1.01,1
2163,Exit long,2021-01-20 07:30,TX15,355.07,100,35506,1,0.00,0,47,0.13,-3,-0.01,-1012,-1.01,1
2163,Entry long,2021-01-20 07:15,C0|L|MKT|15|v0.3.0-tier0|SPY,355.06,100,35506,1,0.00,0,47,0.13,-3,-0.01,-1012,-1.01,1
2164,Exit long,2021-01-21 07:45,TX15,357.2,100,35731,-11,-0.03,0,8,0.02,-17,-0.05,-1023,-1.02,1
2164,Entry long,2021-01-21 07:30,C0|L|MKT|15|v0.3.0-tier0|SPY,357.31,100,35731,-11,-0.03,0,8,0.02,-17,-0.05,-1023,-1.02,1
2165,Exit long,2021-01-22 07:15,TX15,355.52,100,35560,-8,-0.02,0,32,0.09,-17,-0.05,-1031,-1.03,1
2165,Entry long,2021-01-22 07:00,C0|L|MKT|15|v0.3.0-tier0|SPY,355.6,100,35560,-8,-0.02,0,32,0.09,-17,-0.05,-1031,-1.03,1
2166,Exit long,2021-01-25 07:45,TX15,356.94,100,35707,-13,-0.04,0,7,0.02,-32,-0.09,-1044,-1.04,1
2166,Entry long,2021-01-25 07:30,C0|L|MKT|15|v0.3.0-tier0|SPY,357.07,100,35707,-13,-0.04,0,7,0.02,-32,-0.09,-1044,-1.04,1
2167,Exit short,2021-01-26 07:30,TX15,357.33,100,35681,-52,-0.15,0,41,0.11,-52,-0.15,-1096,-1.10,1
2167,Entry short,2021-01-26 07:15,C0|S|MKT|15|v0.3.0-tier0|SPY,356.81,100,35681,-52,-0.15,0,41,0.11,-52,-0.15,-1096,-1.10,1
2168,Exit long,2021-01-28 07:30,TX15,351.88,100,35206,-18,-0.05,0,94,0.27,-24,-0.07,-1114,-1.11,1
2168,Entry long,2021-01-28 07:15,C0|L|MKT|15|v0.3.0-tier0|SPY,352.06,100,35206,-18,-0.05,0,94,0.27,-24,-0.07,-1114,-1.11,1
2169,Exit long,2021-01-29 07:45,TX15,348.01,100,34936,-135,-0.39,0,39,0.11,-135,-0.39,-1249,-1.25,1
2169,Entry long,2021-01-29 07:30,C0|L|MKT|15|v0.3.0-tier0|SPY,349.36,100,34936,-135,-0.39,0,39,0.11,-135,-0.39,-1249,-1.25,1
2170,Exit short,2021-02-01 07:15,TX15,346.02,100,34593,-9,-0.03,0,77,0.22,-39,-0.11,-1258,-1.26,1
2170,Entry short,2021-02-01 07:00,C0|S|MKT|15|v0.3.0-tier0|SPY,345.93,100,34593,-9,-0.03,0,77,0.22,-39,-0.11,-1258,-1.26,1
2171,Exit long,2021-02-02 07:15,TX15,354.28,100,35368,60,0.17,0,79,0.22,-1,0.00,-1198,-1.20,1
2171,Entry long,2021-02-02 07:00,C0|L|MKT|15|v0.3.0-tier0|SPY,353.68,100,35368,60,0.17,0,79,0.22,-1,0.00,-1198,-1.20,1
2172,Exit short,2021-02-03 07:45,TX15,354.21,100,35355,-66,-0.19,0,25,0.07,-76,-0.21,-1264,-1.26,1
2172,Entry short,2021-02-03 07:30,C0|S|MKT|15|v0.3.0-tier0|SPY,353.55,100,35355,-66,-0.19,0,25,0.07,-76,-0.21,-1264,-1.26,1
2173,Exit long,2021-02-04 07:15,TX15,356.59,100,35647,12,0.03,0,29,0.08,-32,-0.09,-1252,-1.25,1
2173,Entry long,2021-02-04 07:00,C0|L|MKT|15|v0.3.0-tier0|SPY,356.47,100,35647,12,0.03,0,29,0.08,-32,-0.09,-1252,-1.25,1
2174,Exit short,2021-02-05 07:15,TX15,359.22,100,35948,26,0.07,0,41,0.11,-23,-0.06,-1226,-1.23,1
2174,Entry short,2021-02-05 07:00,C0|S|MKT|15|v0.3.0-tier0|SPY,359.48,100,35948,26,0.07,0,41,0.11,-23,-0.06,-1226,-1.23,1
2175,Exit long,2021-02-08 07:15,TX15,361.79,100,36178,1,0.00,0,23,0.06,-13,-0.04,-1225,-1.23,1
2175,Entry long,2021-02-08 07:00,C0|L|MKT|15|v0.3.0-tier0|SPY,361.78,100,36178,1,0.00,0,23,0.06,-13,-0.04,-1225,-1.23,1
2176,Exit long,2021-02-09 07:15,TX15,362.46,100,36224,22,0.06,0,25,0.07,-27,-0.07,-1203,-1.20,1
2176,Entry long,2021-02-09 07:00,C0|L|MKT|15|v0.3.0-tier0|SPY,362.24,100,36224,22,0.06,0,25,0.07,-27,-0.07,-1203,-1.20,1
2177,Exit short,2021-02-10 07:30,TX15,361.58,100,36318,160,0.44,0,227,0.63,-3,-0.01,-1043,-1.04,1
2177,Entry short,2021-02-10 07:15,C0|S|MKT|15|v0.3.0-tier0|SPY,363.18,100,36318,160,0.44,0,227,0.63,-3,-0.01,-1043,-1.04,1
2178,Exit short,2021-02-11 07:15,TX15,362.91,100,36253,-38,-0.10,0,9,0.02,-49,-0.14,-1081,-1.08,1
2178,Entry short,2021-02-11 07:00,C0|S|MKT|15|v0.3.0-tier0|SPY,362.53,100,36253,-38,-0.10,0,9,0.02,-49,-0.14,-1081,-1.08,1
2179,Exit long,2021-02-12 07:30,TX15,362.59,100,36281,-22,-0.06,0,1,0.00,-34,-0.09,-1103,-1.10,1
2179,Entry long,2021-02-12 07:15,C0|L|MKT|15|v0.3.0-tier0|SPY,362.81,100,36281,-22,-0.06,0,1,0.00,-34,-0.09,-1103,-1.10,1
2180,Exit short,2021-02-16 07:30,TX15,365.91,100,36495,-96,-0.26,0,18,0.05,-96,-0.26,-1199,-1.20,1
2180,Entry short,2021-02-16 07:15,C0|S|MKT|15|v0.3.0-tier0|SPY,364.95,100,36495,-96,-0.26,0,18,0.05,-96,-0.26,-1199,-1.20,1
2181,Exit long,2021-02-17 07:15,TX15,363.03,100,36310,-7,-0.02,0,62,0.17,-21,-0.06,-1206,-1.21,1
2181,Entry long,2021-02-17 07:00,C0|L|MKT|15|v0.3.0-tier0|SPY,363.1,100,36310,-7,-0.02,0,62,0.17,-21,-0.06,-1206,-1.21,1
2182,Exit short,2021-02-18 07:45,TX15,361.03,100,36072,-31,-0.09,0,68,0.19,-44,-0.12,-1237,-1.24,1
2182,Entry short,2021-02-18 07:30,C0|S|MKT|15|v0.3.0-tier0|SPY,360.72,100,36072,-31,-0.09,0,68,0.19,-44,-0.12,-1237,-1.24,1
2183,Exit long,2021-02-22 07:30,TX15,359.84,100,36059,-75,-0.21,0,0,0.00,-107,-0.30,-1312,-1.31,1
2183,Entry long,2021-02-22 07:15,C0|L|MKT|15|v0.3.0-tier0|SPY,360.59,100,36059,-75,-0.21,0,0,0.00,-107,-0.30,-1312,-1.31,1
2184,Exit long,2021-02-24 07:45,TX15,360.12,100,35977,35,0.10,0,47,0.13,-41,-0.11,-1277,-1.28,1
2184,Entry long,2021-02-24 07:30,C0|L|MKT|15|v0.3.0-tier0|SPY,359.77,100,35977,35,0.10,0,47,0.13,-41,-0.11,-1277,-1.28,1
2185,Exit short,2021-02-25 07:30,TX15,361.85,100,36158,-27,-0.07,0,11,0.03,-121,-0.33,-1304,-1.30,1
2185,Entry short,2021-02-25 07:15,C0|S|MKT|15|v0.3.0-tier0|SPY,361.58,100,36158,-27,-0.07,0,11,0.03,-121,-0.33,-1304,-1.30,1
2186,Exit short,2021-02-26 07:15,TX15,353.88,100,35476,88,0.25,0,150,0.42,-31,-0.09,-1216,-1.22,1
2186,Entry short,2021-02-26 07:00,C0|S|MKT|15|v0.3.0-tier0|SPY,354.76,100,35476,88,0.25,0,150,0.42,-31,-0.09,-1216,-1.22,1
2187,Exit long,2021-03-01 07:15,TX15,359.58,100,35929,29,0.08,0,62,0.17,-43,-0.12,-1187,-1.19,1
2187,Entry long,2021-03-01 07:00,C0|L|MKT|15|v0.3.0-tier0|SPY,359.29,100,35929,29,0.08,0,62,0.17,-43,-0.12,-1187,-1.19,1
2188,Exit short,2021-03-02 07:45,TX15,359.83,100,35984,1,0.00,0,26,0.07,-67,-0.19,-1186,-1.19,1
2188,Entry short,2021-03-02 07:30,C0|S|MKT|15|v0.3.0-tier0|SPY,359.84,100,35984,1,0.00,0,26,0.07,-67,-0.19,-1186,-1.19,1
2189,Exit short,2021-03-03 07:15,TX15,356.26,100,35703,77,0.22,0,79,0.22,-52,-0.15,-1109,-1.11,1
2189,Entry short,2021-03-03 07:00,C0|S|MKT|15|v0.3.0-tier0|SPY,357.03,100,35703,77,0.22,0,79,0.22,-52,-0.15,-1109,-1.11,1
2190,Exit short,2021-03-04 07:15,TX15,352.48,100,35365,117,0.33,0,196,0.55,-27,-0.08,-992,-0.99,1
2190,Entry short,2021-03-04 07:00,C0|S|MKT|15|v0.3.0-tier0|SPY,353.65,100,35365,117,0.33,0,196,0.55,-27,-0.08,-992,-0.99,1
2191,Exit short,2021-03-05 07:15,TX15,349.8,100,35036,56,0.16,0,86,0.25,-177,-0.51,-936,-0.94,1
2191,Entry short,2021-03-05 07:00,C0|S|MKT|15|v0.3.0-tier0|SPY,350.36,100,35036,56,0.16,0,86,0.25,-177,-0.51,-936,-0.94,1
2192,Exit long,2021-03-08 07:45,TX15,359.27,100,35908,19,0.05,0,62,0.17,-44,-0.12,-917,-0.92,1
2192,Entry long,2021-03-08 07:30,C0|L|MKT|15|v0.3.0-tier0|SPY,359.08,100,35908,19,0.05,0,62,0.17,-44,-0.12,-917,-0.92,1
2193,Exit long,2021-03-09 07:15,TX15,359.71,100,35959,12,0.03,0,104,0.29,-19,-0.05,-905,-0.90,1
2193,Entry long,2021-03-09 07:00,C0|L|MKT|15|v0.3.0-tier0|SPY,359.59,100,35959,12,0.03,0,104,0.29,-19,-0.05,-905,-0.90,1
2194,Exit long,2021-03-10 07:15,TX15,361.78,100,36243,-65,-0.18,0,46,0.13,-76,-0.21,-970,-0.97,1
2194,Entry long,2021-03-10 07:00,C0|L|MKT|15|v0.3.0-tier0|SPY,362.43,100,36243,-65,-0.18,0,46,0.13,-76,-0.21,-970,-0.97,1
2195,Exit long,2021-03-11 07:15,TX15,364.74,100,36487,-13,-0.04,0,28,0.08,-19,-0.05,-983,-0.98,1
2195,Entry long,2021-03-11 07:00,C0|L|MKT|15|v0.3.0-tier0|SPY,364.87,100,36487,-13,-0.04,0,28,0.08,-19,-0.05,-983,-0.98,1
2196,Exit long,2021-03-12 07:15,TX15,364.37,100,36477,-40,-0.11,0,22,0.06,-68,-0.19,-1023,-1.02,1
2196,Entry long,2021-03-12 07:00,C0|L|MKT|15|v0.3.0-tier0|SPY,364.77,100,36477,-40,-0.11,0,22,0.06,-68,-0.19,-1023,-1.02,1
2197,Exit short,2021-03-15 07:45,TX15,365.45,100,36546,1,0.00,0,23,0.06,-17,-0.05,-1022,-1.02,1
2197,Entry short,2021-03-15 07:30,C0|S|MKT|15|v0.3.0-tier0|SPY,365.46,100,36546,1,0.00,0,23,0.06,-17,-0.05,-1022,-1.02,1
2198,Exit long,2021-03-16 07:15,TX15,369.07,100,36905,2,0.01,0,10,0.03,-39,-0.11,-1020,-1.02,1
2198,Entry long,2021-03-16 07:00,C0|L|MKT|15|v0.3.0-tier0|SPY,369.05,100,36905,2,0.01,0,10,0.03,-39,-0.11,-1020,-1.02,1
2199,Exit long,2021-03-17 07:45,TX15,365.47,100,36652,-105,-0.29,0,0,0.00,-107,-0.29,-1125,-1.12,1
2199,Entry long,2021-03-17 07:30,C0|L|MKT|15|v0.3.0-tier0|SPY,366.52,100,36652,-105,-0.29,0,0,0.00,-107,-0.29,-1125,-1.12,1
2200,Exit long,2021-03-22 07:15,TX15,364.78,100,36452,26,0.07,0,35,0.10,-24,-0.07,-1099,-1.10,1
2200,Entry long,2021-03-22 07:00,C0|L|MKT|15|v0.3.0-tier0|SPY,364.52,100,36452,26,0.07,0,35,0.10,-24,-0.07,-1099,-1.10,1
2201,Exit long,2021-03-23 07:15,TX15,365.87,100,36559,28,0.08,0,36,0.10,-18,-0.05,-1071,-1.07,1
2201,Entry long,2021-03-23 07:00,C0|L|MKT|15|v0.3.0-tier0|SPY,365.59,100,36559,28,0.08,0,36,0.10,-18,-0.05,-1071,-1.07,1
2202,Exit short,2021-03-24 07:15,TX15,364.5,100,36397,-53,-0.15,0,10,0.03,-89,-0.24,-1124,-1.12,1
2202,Entry short,2021-03-24 07:00,C0|S|MKT|15|v0.3.0-tier0|SPY,363.97,100,36397,-53,-0.15,0,10,0.03,-89,-0.24,-1124,-1.12,1
2203,Exit long,2021-03-25 07:30,TX15,359.64,100,36030,-66,-0.18,0,30,0.08,-67,-0.19,-1190,-1.19,1
2203,Entry long,2021-03-25 07:15,C0|L|MKT|15|v0.3.0-tier0|SPY,360.3,100,36030,-66,-0.18,0,30,0.08,-67,-0.19,-1190,-1.19,1
2204,Exit long,2021-03-26 07:30,TX15,365.26,100,36489,37,0.10,0,37,0.10,-37,-0.10,-1153,-1.15,1
2204,Entry long,2021-03-26 07:15,C0|L|MKT|15|v0.3.0-tier0|SPY,364.89,100,36489,37,0.10,0,37,0.10,-37,-0.10,-1153,-1.15,1
2205,Exit short,2021-03-29 07:15,TX15,367.14,100,36715,1,0.00,0,56,0.15,-25,-0.07,-1152,-1.15,1
2205,Entry short,2021-03-29 07:00,C0|S|MKT|15|v0.3.0-tier0|SPY,367.15,100,36715,1,0.00,0,56,0.15,-25,-0.07,-1152,-1.15,1
2206,Exit long,2021-04-01 07:30,TX15,371.9,100,37166,24,0.06,0,24,0.06,-4,-0.01,-1128,-1.13,1
2206,Entry long,2021-04-01 07:15,C0|L|MKT|15|v0.3.0-tier0|SPY,371.66,100,37166,24,0.06,0,24,0.06,-4,-0.01,-1128,-1.13,1
2207,Exit long,2021-04-05 07:15,TX15,377.13,100,37687,26,0.07,0,26,0.07,-31,-0.08,-1102,-1.10,1
2207,Entry long,2021-04-05 07:00,C0|L|MKT|15|v0.3.0-tier0|SPY,376.87,100,37687,26,0.07,0,26,0.07,-31,-0.08,-1102,-1.10,1
2208,Exit long,2021-04-06 07:15,TX15,378.99,100,37895,4,0.01,0,22,0.06,-13,-0.03,-1098,-1.10,1
2208,Entry long,2021-04-06 07:00,C0|L|MKT|15|v0.3.0-tier0|SPY,378.95,100,37895,4,0.01,0,22,0.06,-13,-0.03,-1098,-1.10,1
2209,Exit long,2021-04-07 07:45,TX15,379,100,37902,-2,-0.01,0,8,0.02,-14,-0.04,-1100,-1.10,1
2209,Entry long,2021-04-07 07:30,C0|L|MKT|15|v0.3.0-tier0|SPY,379.02,100,37902,-2,-0.01,0,8,0.02,-14,-0.04,-1100,-1.10,1
2210,Exit short,2021-04-08 07:30,TX15,379.56,100,37927,-29,-0.08,0,7,0.02,-34,-0.09,-1129,-1.13,1
2210,Entry short,2021-04-08 07:15,C0|S|MKT|15|v0.3.0-tier0|SPY,379.27,100,37927,-29,-0.08,0,7,0.02,-34,-0.09,-1129,-1.13,1
2211,Exit long,2021-04-09 07:15,TX15,380.95,100,38107,-12,-0.03,0,17,0.04,-12,-0.03,-1141,-1.14,1
2211,Entry long,2021-04-09 07:00,C0|L|MKT|15|v0.3.0-tier0|SPY,381.07,100,38107,-12,-0.03,0,17,0.04,-12,-0.03,-1141,-1.14,1
2212,Exit long,2021-04-13 07:15,TX15,383.78,100,38362,16,0.04,0,31,0.08,-1,0.00,-1125,-1.12,1
2212,Entry long,2021-04-13 07:00,C0|L|MKT|15|v0.3.0-tier0|SPY,383.62,100,38362,16,0.04,0,31,0.08,-1,0.00,-1125,-1.12,1
2213,Exit long,2021-04-14 07:15,TX15,385.29,100,38551,-22,-0.06,0,0,0.00,-45,-0.12,-1147,-1.15,1
2213,Entry long,2021-04-14 07:00,C0|L|MKT|15|v0.3.0-tier0|SPY,385.51,100,38551,-22,-0.06,0,0,0.00,-45,-0.12,-1147,-1.15,1
2214,Exit long,2021-04-15 07:45,TX15,386.68,100,38619,49,0.13,0,56,0.15,0,0.00,-1098,-1.10,1
2214,Entry long,2021-04-15 07:30,C0|L|MKT|15|v0.3.0-tier0|SPY,386.19,100,38619,49,0.13,0,56,0.15,0,0.00,-1098,-1.10,1
2215,Exit short,2021-04-16 07:15,TX15,388.12,100,38759,-53,-0.14,0,30,0.08,-71,-0.18,-1151,-1.15,1
2215,Entry short,2021-04-16 07:00,C0|S|MKT|15|v0.3.0-tier0|SPY,387.59,100,38759,-53,-0.14,0,30,0.08,-71,-0.18,-1151,-1.15,1
2216,Exit short,2021-04-19 07:30,TX15,387.34,100,38695,-39,-0.10,0,23,0.06,-57,-0.15,-1190,-1.19,1
2216,Entry short,2021-04-19 07:15,C0|S|MKT|15|v0.3.0-tier0|SPY,386.95,100,38695,-39,-0.10,0,23,0.06,-57,-0.15,-1190,-1.19,1
2217,Exit long,2021-04-21 07:15,TX15,384.88,100,38513,-25,-0.06,0,12,0.03,-33,-0.09,-1215,-1.21,1
2217,Entry long,2021-04-21 07:00,C0|L|MKT|15|v0.3.0-tier0|SPY,385.13,100,38513,-25,-0.06,0,12,0.03,-33,-0.09,-1215,-1.21,1
2218,Exit long,2021-04-23 07:15,TX15,386.06,100,38585,21,0.05,0,26,0.07,-7,-0.02,-1194,-1.19,1
2218,Entry long,2021-04-23 07:00,C0|L|MKT|15|v0.3.0-tier0|SPY,385.85,100,38585,21,0.05,0,26,0.07,-7,-0.02,-1194,-1.19,1
2219,Exit long,2021-04-26 07:30,TX15,389.25,100,38953,-28,-0.07,0,3,0.01,-49,-0.13,-1222,-1.22,1
2219,Entry long,2021-04-26 07:15,C0|L|MKT|15|v0.3.0-tier0|SPY,389.53,100,38953,-28,-0.07,0,3,0.01,-49,-0.13,-1222,-1.22,1
2220,Exit long,2021-04-28 07:15,TX15,389.68,100,38978,-10,-0.03,0,3,0.01,-28,-0.07,-1232,-1.23,1
2220,Entry long,2021-04-28 07:00,C0|L|MKT|15|v0.3.0-tier0|SPY,389.78,100,38978,-10,-0.03,0,3,0.01,-28,-0.07,-1232,-1.23,1
2221,Exit short,2021-04-29 07:15,TX15,390.54,100,39086,32,0.08,0,44,0.11,0,0.00,-1200,-1.20,1
2221,Entry short,2021-04-29 07:00,C0|S|MKT|15|v0.3.0-tier0|SPY,390.86,100,39086,32,0.08,0,44,0.11,0,0.00,-1200,-1.20,1
2222,Exit long,2021-04-30 07:15,TX15,389.2,100,38983,-63,-0.16,0,7,0.02,-67,-0.17,-1263,-1.26,1
2222,Entry long,2021-04-30 07:00,C0|L|MKT|15|v0.3.0-tier0|SPY,389.83,100,38983,-63,-0.16,0,7,0.02,-67,-0.17,-1263,-1.26,1
2223,Exit long,2021-05-03 07:15,TX15,390.67,100,39078,-11,-0.03,0,16,0.04,-56,-0.14,-1274,-1.27,1
2223,Entry long,2021-05-03 07:00,C0|L|MKT|15|v0.3.0-tier0|SPY,390.78,100,39078,-11,-0.03,0,16,0.04,-56,-0.14,-1274,-1.27,1
2224,Exit short,2021-05-04 07:15,TX15,385.61,100,38556,-5,-0.01,0,67,0.17,-26,-0.07,-1279,-1.28,1
2224,Entry short,2021-05-04 07:00,C0|S|MKT|15|v0.3.0-tier0|SPY,385.56,100,38556,-5,-0.01,0,67,0.17,-26,-0.07,-1279,-1.28,1
2225,Exit short,2021-05-05 07:30,TX15,387.36,100,38733,-3,-0.01,0,77,0.20,-10,-0.03,-1282,-1.28,1
2225,Entry short,2021-05-05 07:15,C0|S|MKT|15|v0.3.0-tier0|SPY,387.33,100,38733,-3,-0.01,0,77,0.20,-10,-0.03,-1282,-1.28,1
2226,Exit short,2021-05-06 07:15,TX15,386.04,100,38637,33,0.09,0,57,0.15,-11,-0.03,-1249,-1.25,1
2226,Entry short,2021-05-06 07:00,C0|S|MKT|15|v0.3.0-tier0|SPY,386.37,100,38637,33,0.09,0,57,0.15,-11,-0.03,-1249,-1.25,1
2227,Exit long,2021-05-07 07:15,TX15,393.37,100,39217,120,0.31,0,136,0.35,-9,-0.02,-1129,-1.13,1
2227,Entry long,2021-05-07 07:00,C0|L|MKT|15|v0.3.0-tier0|SPY,392.17,100,39217,120,0.31,0,136,0.35,-9,-0.02,-1129,-1.13,1
2228,Exit long,2021-05-11 07:15,TX15,385.4,100,38651,-111,-0.29,0,35,0.09,-126,-0.33,-1240,-1.24,1
2228,Entry long,2021-05-11 07:00,C0|L|MKT|15|v0.3.0-tier0|SPY,386.51,100,38651,-111,-0.29,0,35,0.09,-126,-0.33,-1240,-1.24,1
2229,Exit short,2021-05-12 07:30,TX15,382.28,100,38264,36,0.09,0,36,0.09,-70,-0.18,-1204,-1.20,1
2229,Entry short,2021-05-12 07:15,C0|S|MKT|15|v0.3.0-tier0|SPY,382.64,100,38264,36,0.09,0,36,0.09,-70,-0.18,-1204,-1.20,1
2230,Exit long,2021-05-13 07:15,TX15,382.56,100,38202,54,0.14,0,96,0.25,0,0.00,-1150,-1.15,1
2230,Entry long,2021-05-13 07:00,C0|L|MKT|15|v0.3.0-tier0|SPY,382.02,100,38202,54,0.14,0,96,0.25,0,0.00,-1150,-1.15,1
2231,Exit long,2021-05-14 07:15,TX15,386.48,100,38651,-3,-0.01,0,12,0.03,-68,-0.18,-1153,-1.15,1
2231,Entry long,2021-05-14 07:00,C0|L|MKT|15|v0.3.0-tier0|SPY,386.51,100,38651,-3,-0.01,0,12,0.03,-68,-0.18,-1153,-1.15,1
2232,Exit short,2021-05-17 07:15,TX15,386.27,100,38653,26,0.07,0,71,0.18,-13,-0.03,-1127,-1.13,1
2232,Entry short,2021-05-17 07:00,C0|S|MKT|15|v0.3.0-tier0|SPY,386.53,100,38653,26,0.07,0,71,0.18,-13,-0.03,-1127,-1.13,1
2233,Exit long,2021-05-20 07:15,TX15,384.95,100,38482,13,0.03,0,56,0.15,-11,-0.03,-1114,-1.11,1
2233,Entry long,2021-05-20 07:00,C0|L|MKT|15|v0.3.0-tier0|SPY,384.82,100,38482,13,0.03,0,56,0.15,-11,-0.03,-1114,-1.11,1
2234,Exit long,2021-05-21 07:15,TX15,388.72,100,38958,-86,-0.22,0,0,0.00,-86,-0.22,-1200,-1.20,1
2234,Entry long,2021-05-21 07:00,C0|L|MKT|15|v0.3.0-tier0|SPY,389.58,100,38958,-86,-0.22,0,0,0.00,-86,-0.22,-1200,-1.20,1
2235,Exit long,2021-05-24 07:15,TX15,389.94,100,38958,36,0.09,0,37,0.09,0,0.00,-1164,-1.16,1
2235,Entry long,2021-05-24 07:00,C0|L|MKT|15|v0.3.0-tier0|SPY,389.58,100,38958,36,0.09,0,37,0.09,0,0.00,-1164,-1.16,1
2236,Exit short,2021-05-25 07:15,TX15,390.73,100,39059,-14,-0.04,0,9,0.02,-35,-0.09,-1178,-1.18,1
2236,Entry short,2021-05-25 07:00,C0|S|MKT|15|v0.3.0-tier0|SPY,390.59,100,39059,-14,-0.04,0,9,0.02,-35,-0.09,-1178,-1.18,1
2237,Exit short,2021-05-26 07:15,TX15,389.66,100,38932,-34,-0.09,0,15,0.04,-34,-0.09,-1212,-1.21,1
2237,Entry short,2021-05-26 07:00,C0|S|MKT|15|v0.3.0-tier0|SPY,389.32,100,38932,-34,-0.09,0,15,0.04,-34,-0.09,-1212,-1.21,1
2238,Exit short,2021-05-28 07:30,TX15,391.37,100,39175,38,0.10,0,52,0.13,-7,-0.02,-1174,-1.17,1
2238,Entry short,2021-05-28 07:15,C0|S|MKT|15|v0.3.0-tier0|SPY,391.75,100,39175,38,0.10,0,52,0.13,-7,-0.02,-1174,-1.17,1
2239,Exit short,2021-06-01 07:15,TX15,391.7,100,39247,77,0.20,0,78,0.20,-19,-0.05,-1097,-1.10,1
2239,Entry short,2021-06-01 07:00,C0|S|MKT|15|v0.3.0-tier0|SPY,392.47,100,39247,77,0.20,0,78,0.20,-19,-0.05,-1097,-1.10,1
2240,Exit long,2021-06-02 07:15,TX15,391.72,100,39163,9,0.02,0,23,0.06,-14,-0.04,-1088,-1.09,1
2240,Entry long,2021-06-02 07:00,C0|L|MKT|15|v0.3.0-tier0|SPY,391.63,100,39163,9,0.02,0,23,0.06,-14,-0.04,-1088,-1.09,1
2241,Exit long,2021-06-04 07:30,TX15,392.54,100,39267,-13,-0.03,0,12,0.03,-25,-0.06,-1101,-1.10,1
2241,Entry long,2021-06-04 07:15,C0|L|MKT|15|v0.3.0-tier0|SPY,392.67,100,39267,-13,-0.03,0,12,0.03,-25,-0.06,-1101,-1.10,1
2242,Exit short,2021-06-07 07:15,TX15,392.87,100,39330,43,0.11,0,48,0.12,0,0.00,-1058,-1.06,1
2242,Entry short,2021-06-07 07:00,C0|S|MKT|15|v0.3.0-tier0|SPY,393.3,100,39330,43,0.11,0,48,0.12,0,0.00,-1058,-1.06,1
2243,Exit short,2021-06-08 07:15,TX15,393.26,100,39286,-40,-0.10,0,15,0.04,-51,-0.13,-1098,-1.10,1
2243,Entry short,2021-06-08 07:00,C0|S|MKT|15|v0.3.0-tier0|SPY,392.86,100,39286,-40,-0.10,0,15,0.04,-51,-0.13,-1098,-1.10,1
2244,Exit short,2021-06-11 07:45,TX15,394.38,100,39466,28,0.07,0,38,0.10,-3,-0.01,-1070,-1.07,1
2244,Entry short,2021-06-11 07:30,C0|S|MKT|15|v0.3.0-tier0|SPY,394.66,100,39466,28,0.07,0,38,0.10,-3,-0.01,-1070,-1.07,1
2245,Exit short,2021-06-14 07:30,TX15,394.54,100,39454,0,0.00,0,7,0.02,-18,-0.05,-1070,-1.07,1
2245,Entry short,2021-06-14 07:15,C0|S|MKT|15|v0.3.0-tier0|SPY,394.54,100,39454,0,0.00,0,7,0.02,-18,-0.05,-1070,-1.07,1
2246,Exit short,2021-06-15 07:30,TX15,395.35,100,39540,5,0.01,0,18,0.05,-26,-0.07,-1065,-1.06,1
2246,Entry short,2021-06-15 07:15,C0|S|MKT|15|v0.3.0-tier0|SPY,395.4,100,39540,5,0.01,0,18,0.05,-26,-0.07,-1065,-1.06,1
2247,Exit short,2021-06-17 07:30,TX15,393.13,100,39253,-60,-0.15,0,6,0.02,-84,-0.21,-1125,-1.12,1
2247,Entry short,2021-06-17 07:15,C0|S|MKT|15|v0.3.0-tier0|SPY,392.53,100,39253,-60,-0.15,0,6,0.02,-84,-0.21,-1125,-1.12,1
2248,Exit long,2021-06-21 07:15,TX15,391.12,100,39056,56,0.14,0,88,0.23,-7,-0.02,-1069,-1.07,1
2248,Entry long,2021-06-21 07:00,C0|L|MKT|15|v0.3.0-tier0|SPY,390.56,100,39056,56,0.14,0,88,0.23,-7,-0.02,-1069,-1.07,1
2249,Exit long,2021-06-22 07:45,TX15,393.84,100,39372,12,0.03,0,19,0.05,-4,-0.01,-1057,-1.06,1
2249,Entry long,2021-06-22 07:30,C0|L|MKT|15|v0.3.0-tier0|SPY,393.72,100,39372,12,0.03,0,19,0.05,-4,-0.01,-1057,-1.06,1
2250,Exit long,2021-06-23 07:30,TX15,395.97,100,39611,-14,-0.04,0,22,0.06,-19,-0.05,-1071,-1.07,1
2250,Entry long,2021-06-23 07:15,C0|L|MKT|15|v0.3.0-tier0|SPY,396.11,100,39611,-14,-0.04,0,22,0.06,-19,-0.05,-1071,-1.07,1
2251,Exit long,2021-06-24 07:45,TX15,397.66,100,39766,0,0.00,0,4,0.01,-17,-0.04,-1071,-1.07,1
2251,Entry long,2021-06-24 07:30,C0|L|MKT|15|v0.3.0-tier0|SPY,397.66,100,39766,0,0.00,0,4,0.01,-17,-0.04,-1071,-1.07,1
2252,Exit long,2021-06-25 07:30,TX15,398.48,100,39830,18,0.05,0,30,0.08,-5,-0.01,-1053,-1.05,1
2252,Entry long,2021-06-25 07:15,C0|L|MKT|15|v0.3.0-tier0|SPY,398.3,100,39830,18,0.05,0,30,0.08,-5,-0.01,-1053,-1.05,1
2253,Exit long,2021-07-01 07:15,TX15,401.45,100,40127,18,0.04,0,24,0.06,-21,-0.05,-1035,-1.03,1
2253,Entry long,2021-07-01 07:00,C0|L|MKT|15|v0.3.0-tier0|SPY,401.27,100,40127,18,0.04,0,24,0.06,-21,-0.05,-1035,-1.03,1
2254,Exit long,2021-07-02 07:15,TX15,403.46,100,40358,-12,-0.03,0,7,0.02,-18,-0.04,-1047,-1.05,1
2254,Entry long,2021-07-02 07:00,C0|L|MKT|15|v0.3.0-tier0|SPY,403.58,100,40358,-12,-0.03,0,7,0.02,-18,-0.04,-1047,-1.05,1
2255,Exit short,2021-07-06 07:30,TX15,404,100,40433,33,0.08,0,69,0.17,0,0.00,-1014,-1.01,1
2255,Entry short,2021-07-06 07:15,C0|S|MKT|15|v0.3.0-tier0|SPY,404.33,100,40433,33,0.08,0,69,0.17,0,0.00,-1014,-1.01,1
2256,Exit short,2021-07-07 07:45,TX15,403.42,100,40429,87,0.22,0,87,0.22,-22,-0.05,-927,-0.93,1
2256,Entry short,2021-07-07 07:30,C0|S|MKT|15|v0.3.0-tier0|SPY,404.29,100,40429,87,0.22,0,87,0.22,-22,-0.05,-927,-0.93,1
2257,Exit long,2021-07-09 07:15,TX15,405.44,100,40523,21,0.05,0,54,0.13,0,0.00,-906,-0.91,1
2257,Entry long,2021-07-09 07:00,C0|L|MKT|15|v0.3.0-tier0|SPY,405.23,100,40523,21,0.05,0,54,0.13,0,0.00,-906,-0.91,1
2258,Exit long,2021-07-12 07:15,TX15,407.61,100,40747,14,0.03,0,31,0.08,-32,-0.08,-892,-0.89,1
2258,Entry long,2021-07-12 07:00,C0|L|MKT|15|v0.3.0-tier0|SPY,407.47,100,40747,14,0.03,0,31,0.08,-32,-0.08,-892,-0.89,1
2259,Exit long,2021-07-13 07:30,TX15,408.56,100,40840,16,0.04,0,20,0.05,-5,-0.01,-876,-0.88,1
2259,Entry long,2021-07-13 07:15,C0|L|MKT|15|v0.3.0-tier0|SPY,408.4,100,40840,16,0.04,0,20,0.05,-5,-0.01,-876,-0.88,1
2260,Exit short,2021-07-14 07:15,TX15,408.55,100,40847,-8,-0.02,0,5,0.01,-35,-0.09,-884,-0.88,1
2260,Entry short,2021-07-14 07:00,C0|S|MKT|15|v0.3.0-tier0|SPY,408.47,100,40847,-8,-0.02,0,5,0.01,-35,-0.09,-884,-0.88,1
2261,Exit long,2021-07-15 07:15,TX15,406.96,100,40694,2,0.00,0,11,0.03,-17,-0.04,-882,-0.88,1
2261,Entry long,2021-07-15 07:00,C0|L|MKT|15|v0.3.0-tier0|SPY,406.94,100,40694,2,0.00,0,11,0.03,-17,-0.04,-882,-0.88,1
2262,Exit short,2021-07-16 07:15,TX15,405.76,100,40674,98,0.24,0,113,0.28,-7,-0.02,-784,-0.78,1
2262,Entry short,2021-07-16 07:00,C0|S|MKT|15|v0.3.0-tier0|SPY,406.74,100,40674,98,0.24,0,113,0.28,-7,-0.02,-784,-0.78,1
2263,Exit short,2021-07-19 07:15,TX15,396.02,100,39651,49,0.12,0,73,0.18,-16,-0.04,-735,-0.73,1
2263,Entry short,2021-07-19 07:00,C0|S|MKT|15|v0.3.0-tier0|SPY,396.51,100,39651,49,0.12,0,73,0.18,-16,-0.04,-735,-0.73,1
2264,Exit long,2021-07-20 07:15,TX15,400.11,100,40023,-12,-0.03,0,38,0.09,-26,-0.06,-747,-0.75,1
2264,Entry long,2021-07-20 07:00,C0|L|MKT|15|v0.3.0-tier0|SPY,400.23,100,40023,-12,-0.03,0,38,0.09,-26,-0.06,-747,-0.75,1
2265,Exit long,2021-07-21 07:15,TX15,405.19,100,40531,-12,-0.03,0,4,0.01,-29,-0.07,-759,-0.76,1
2265,Entry long,2021-07-21 07:00,C0|L|MKT|15|v0.3.0-tier0|SPY,405.31,100,40531,-12,-0.03,0,4,0.01,-29,-0.07,-759,-0.76,1
2266,Exit short,2021-07-23 07:15,TX15,408.79,100,40841,-38,-0.09,0,2,0.00,-44,-0.11,-797,-0.80,1
2266,Entry short,2021-07-23 07:00,C0|S|MKT|15|v0.3.0-tier0|SPY,408.41,100,40841,-38,-0.09,0,2,0.00,-44,-0.11,-797,-0.80,1
2267,Exit short,2021-07-27 07:30,TX15,410.39,100,40961,-78,-0.19,0,20,0.05,-84,-0.21,-875,-0.88,1
2267,Entry short,2021-07-27 07:15,C0|S|MKT|15|v0.3.0-tier0|SPY,409.61,100,40961,-78,-0.19,0,20,0.05,-84,-0.21,-875,-0.88,1
2268,Exit long,2021-07-30 07:15,TX15,411.13,100,41066,47,0.11,0,62,0.15,0,0.00,-828,-0.83,1
2268,Entry long,2021-07-30 07:00,C0|L|MKT|15|v0.3.0-tier0|SPY,410.66,100,41066,47,0.11,0,62,0.15,0,0.00,-828,-0.83,1
2269,Exit short,2021-08-03 07:15,TX15,407.85,100,40786,1,0.00,0,26,0.06,-62,-0.15,-827,-0.83,1
2269,Entry short,2021-08-03 07:00,C0|S|MKT|15|v0.3.0-tier0|SPY,407.86,100,40786,1,0.00,0,26,0.06,-62,-0.15,-827,-0.83,1
2270,Exit long,2021-08-04 07:30,TX15,410.99,100,41136,-37,-0.09,0,0,0.00,-44,-0.11,-864,-0.86,1
2270,Entry long,2021-08-04 07:15,C0|L|MKT|15|v0.3.0-tier0|SPY,411.36,100,41136,-37,-0.09,0,0,0.00,-44,-0.11,-864,-0.86,1
2271,Exit long,2021-08-05 07:15,TX15,411.99,100,41198,1,0.00,0,8,0.02,-24,-0.06,-863,-0.86,1
2271,Entry long,2021-08-05 07:00,C0|L|MKT|15|v0.3.0-tier0|SPY,411.98,100,41198,1,0.00,0,8,0.02,-24,-0.06,-863,-0.86,1
2272,Exit short,2021-08-06 07:15,TX15,413.27,100,41315,-12,-0.03,0,23,0.06,-44,-0.11,-875,-0.88,1
2272,Entry short,2021-08-06 07:00,C0|S|MKT|15|v0.3.0-tier0|SPY,413.15,100,41315,-12,-0.03,0,23,0.06,-44,-0.11,-875,-0.88,1
2273,Exit long,2021-08-10 07:15,TX15,414.33,100,41394,39,0.09,0,42,0.10,-3,-0.01,-836,-0.84,1
2273,Entry long,2021-08-10 07:00,C0|L|MKT|15|v0.3.0-tier0|SPY,413.94,100,41394,39,0.09,0,42,0.10,-3,-0.01,-836,-0.84,1
2274,Exit short,2021-08-16 07:15,TX15,414.87,100,41440,-47,-0.11,0,21,0.05,-68,-0.16,-883,-0.88,1
2274,Entry short,2021-08-16 07:00,C0|S|MKT|15|v0.3.0-tier0|SPY,414.4,100,41440,-47,-0.11,0,21,0.05,-68,-0.16,-883,-0.88,1
2275,Exit long,2021-08-18 07:15,TX15,415.3,100,41506,24,0.06,0,25,0.06,-22,-0.05,-859,-0.86,1
2275,Entry long,2021-08-18 07:00,C0|L|MKT|15|v0.3.0-tier0|SPY,415.06,100,41506,24,0.06,0,25,0.06,-22,-0.05,-859,-0.86,1
2276,Exit long,2021-08-19 07:15,TX15,410.61,100,40987,74,0.18,0,86,0.21,-11,-0.03,-785,-0.78,1
2276,Entry long,2021-08-19 07:00,C0|L|MKT|15|v0.3.0-tier0|SPY,409.87,100,40987,74,0.18,0,86,0.21,-11,-0.03,-785,-0.78,1
2277,Exit long,2021-08-20 07:15,TX15,413.13,100,41296,17,0.04,0,68,0.16,-10,-0.02,-768,-0.77,1
2277,Entry long,2021-08-20 07:00,C0|L|MKT|15|v0.3.0-tier0|SPY,412.96,100,41296,17,0.04,0,68,0.16,-10,-0.02,-768,-0.77,1
2278,Exit long,2021-08-23 07:15,TX15,417.63,100,41718,45,0.11,0,49,0.12,-17,-0.04,-723,-0.72,1
2278,Entry long,2021-08-23 07:00,C0|L|MKT|15|v0.3.0-tier0|SPY,417.18,100,41718,45,0.11,0,49,0.12,-17,-0.04,-723,-0.72,1
2279,Exit long,2021-08-24 07:30,TX15,419.05,100,41884,21,0.05,0,22,0.05,-2,0.00,-702,-0.70,1
2279,Entry long,2021-08-24 07:15,C0|L|MKT|15|v0.3.0-tier0|SPY,418.84,100,41884,21,0.05,0,22,0.05,-2,0.00,-702,-0.70,1
2280,Exit long,2021-08-25 07:30,TX15,418.94,100,41905,-11,-0.03,0,12,0.03,-17,-0.04,-713,-0.71,1
2280,Entry long,2021-08-25 07:15,C0|L|MKT|15|v0.3.0-tier0|SPY,419.05,100,41905,-11,-0.03,0,12,0.03,-17,-0.04,-713,-0.71,1
2281,Exit short,2021-08-26 07:15,TX15,419.2,100,41888,-32,-0.08,0,1,0.00,-40,-0.10,-745,-0.74,1
2281,Entry short,2021-08-26 07:00,C0|S|MKT|15|v0.3.0-tier0|SPY,418.88,100,41888,-32,-0.08,0,1,0.00,-40,-0.10,-745,-0.74,1
2282,Exit long,2021-08-27 07:15,TX15,419.9,100,41851,139,0.33,0,155,0.37,-59,-0.14,-606,-0.61,1
2282,Entry long,2021-08-27 07:00,C0|L|MKT|15|v0.3.0-tier0|SPY,418.51,100,41851,139,0.33,0,155,0.37,-59,-0.14,-606,-0.61,1
2283,Exit long,2021-08-30 07:15,TX15,421.94,100,42194,0,0.00,0,12,0.03,-18,-0.04,-606,-0.61,1
2283,Entry long,2021-08-30 07:00,C0|L|MKT|15|v0.3.0-tier0|SPY,421.94,100,42194,0,0.00,0,12,0.03,-18,-0.04,-606,-0.61,1
2284,Exit short,2021-08-31 07:15,TX15,422.37,100,42162,-75,-0.18,0,7,0.02,-77,-0.18,-681,-0.68,1
2284,Entry short,2021-08-31 07:00,C0|S|MKT|15|v0.3.0-tier0|SPY,421.62,100,42162,-75,-0.18,0,7,0.02,-77,-0.18,-681,-0.68,1
2285,Exit short,2021-09-01 07:15,TX15,422.8,100,42246,-34,-0.08,0,3,0.01,-54,-0.13,-715,-0.71,1
2285,Entry short,2021-09-01 07:00,C0|S|MKT|15|v0.3.0-tier0|SPY,422.46,100,42246,-34,-0.08,0,3,0.01,-54,-0.13,-715,-0.71,1
2286,Exit short,2021-09-02 07:30,TX15,423.89,100,42353,-36,-0.08,0,8,0.02,-40,-0.09,-751,-0.75,1
2286,Entry short,2021-09-02 07:15,C0|S|MKT|15|v0.3.0-tier0|SPY,423.53,100,42353,-36,-0.08,0,8,0.02,-40,-0.09,-751,-0.75,1
2287,Exit long,2021-09-03 07:30,TX15,423,100,42331,-31,-0.07,0,6,0.01,-34,-0.08,-782,-0.78,1
2287,Entry long,2021-09-03 07:15,C0|L|MKT|15|v0.3.0-tier0|SPY,423.31,100,42331,-31,-0.07,0,6,0.01,-34,-0.08,-782,-0.78,1
2288,Exit short,2021-09-07 07:15,TX15,421.53,100,42221,68,0.16,0,93,0.22,-7,-0.02,-714,-0.71,1
2288,Entry short,2021-09-07 07:00,C0|S|MKT|15|v0.3.0-tier0|SPY,422.21,100,42221,68,0.16,0,93,0.22,-7,-0.02,-714,-0.71,1
2289,Exit long,2021-09-08 07:15,TX15,421.91,100,42177,14,0.03,0,36,0.09,-12,-0.03,-700,-0.70,1
2289,Entry long,2021-09-08 07:00,C0|L|MKT|15|v0.3.0-tier0|SPY,421.77,100,42177,14,0.03,0,36,0.09,-12,-0.03,-700,-0.70,1
2290,Exit long,2021-09-09 07:30,TX15,422.66,100,42281,-15,-0.04,0,15,0.04,-36,-0.09,-715,-0.71,1
2290,Entry long,2021-09-09 07:15,C0|L|MKT|15|v0.3.0-tier0|SPY,422.81,100,42281,-15,-0.04,0,15,0.04,-36,-0.09,-715,-0.71,1
2291,Exit short,2021-09-10 07:15,TX15,419.71,100,42030,59,0.14,0,94,0.22,-1,0.00,-656,-0.66,1
2291,Entry short,2021-09-10 07:00,C0|S|MKT|15|v0.3.0-tier0|SPY,420.3,100,42030,59,0.14,0,94,0.22,-1,0.00,-656,-0.66,1
2292,Exit short,2021-09-13 07:30,TX15,416.85,100,41670,-15,-0.04,0,35,0.08,-40,-0.10,-671,-0.67,1
2292,Entry short,2021-09-13 07:15,C0|S|MKT|15|v0.3.0-tier0|SPY,416.7,100,41670,-15,-0.04,0,35,0.08,-40,-0.10,-671,-0.67,1
2293,Exit short,2021-09-14 07:15,TX15,416.36,100,41691,55,0.13,0,77,0.18,-3,-0.01,-616,-0.62,1
2293,Entry short,2021-09-14 07:00,C0|S|MKT|15|v0.3.0-tier0|SPY,416.91,100,41691,55,0.13,0,77,0.18,-3,-0.01,-616,-0.62,1
2294,Exit long,2021-09-15 07:15,TX15,415.31,100,41597,-66,-0.16,0,40,0.10,-91,-0.22,-682,-0.68,1
2294,Entry long,2021-09-15 07:00,C0|L|MKT|15|v0.3.0-tier0|SPY,415.97,100,41597,-66,-0.16,0,40,0.10,-91,-0.22,-682,-0.68,1
2295,Exit short,2021-09-16 07:15,TX15,415.94,100,41697,103,0.25,0,104,0.25,0,0.00,-579,-0.58,1
2295,Entry short,2021-09-16 07:00,C0|S|MKT|15|v0.3.0-tier0|SPY,416.97,100,41697,103,0.25,0,104,0.25,0,0.00,-579,-0.58,1
2296,Exit short,2021-09-17 07:15,TX15,415.11,100,41582,71,0.17,0,77,0.19,-23,-0.06,-508,-0.51,1
2296,Entry short,2021-09-17 07:00,C0|S|MKT|15|v0.3.0-tier0|SPY,415.82,100,41582,71,0.17,0,77,0.19,-23,-0.06,-508,-0.51,1
2297,Exit short,2021-09-21 07:30,TX15,408.18,100,40802,-16,-0.04,0,69,0.17,-50,-0.12,-524,-0.52,1
2297,Entry short,2021-09-21 07:15,C0|S|MKT|15|v0.3.0-tier0|SPY,408.02,100,40802,-16,-0.04,0,69,0.17,-50,-0.12,-524,-0.52,1
2298,Exit long,2021-09-22 07:15,TX15,409.75,100,40959,16,0.04,0,70,0.17,-21,-0.05,-508,-0.51,1
2298,Entry long,2021-09-22 07:00,C0|L|MKT|15|v0.3.0-tier0|SPY,409.59,100,40959,16,0.04,0,70,0.17,-21,-0.05,-508,-0.51,1
2299,Exit long,2021-09-23 07:15,TX15,415.58,100,41464,94,0.23,0,95,0.23,0,0.00,-414,-0.41,1
2299,Entry long,2021-09-23 07:00,C0|L|MKT|15|v0.3.0-tier0|SPY,414.64,100,41464,94,0.23,0,95,0.23,0,0.00,-414,-0.41,1
2300,Exit long,2021-09-24 07:15,TX15,415.42,100,41595,-53,-0.13,0,27,0.06,-66,-0.16,-467,-0.47,1
2300,Entry long,2021-09-24 07:00,C0|L|MKT|15|v0.3.0-tier0|SPY,415.95,100,41595,-53,-0.13,0,27,0.06,-66,-0.16,-467,-0.47,1
2301,Exit long,2021-09-27 07:30,TX15,416.13,100,41571,42,0.10,0,42,0.10,-6,-0.01,-425,-0.43,1
2301,Entry long,2021-09-27 07:15,C0|L|MKT|15|v0.3.0-tier0|SPY,415.71,100,41571,42,0.10,0,42,0.10,-6,-0.01,-425,-0.43,1
2302,Exit short,2021-09-28 07:15,TX15,408.89,100,41060,171,0.42,0,178,0.43,-1,0.00,-254,-0.25,1
2302,Entry short,2021-09-28 07:00,C0|S|MKT|15|v0.3.0-tier0|SPY,410.6,100,41060,171,0.42,0,178,0.43,-1,0.00,-254,-0.25,1
2303,Exit long,2021-09-29 07:15,TX15,408.85,100,40914,-29,-0.07,0,56,0.14,-54,-0.13,-283,-0.28,1
2303,Entry long,2021-09-29 07:00,C0|L|MKT|15|v0.3.0-tier0|SPY,409.14,100,40914,-29,-0.07,0,56,0.14,-54,-0.13,-283,-0.28,1
2304,Exit short,2021-09-30 07:30,TX15,407.92,100,40769,-23,-0.06,0,1,0.00,-120,-0.29,-306,-0.31,1
2304,Entry short,2021-09-30 07:15,C0|S|MKT|15|v0.3.0-tier0|SPY,407.69,100,40769,-23,-0.06,0,1,0.00,-120,-0.29,-306,-0.31,1
2305,Exit short,2021-10-01 07:45,TX15,400.88,100,40100,12,0.03,0,29,0.07,-62,-0.15,-294,-0.29,1
2305,Entry short,2021-10-01 07:30,C0|S|MKT|15|v0.3.0-tier0|SPY,401,100,40100,12,0.03,0,29,0.07,-62,-0.15,-294,-0.29,1
2306,Exit short,2021-10-04 07:30,TX15,403.06,100,40499,193,0.48,0,196,0.48,-7,-0.02,-101,-0.10,1
2306,Entry short,2021-10-04 07:15,C0|S|MKT|15|v0.3.0-tier0|SPY,404.99,100,40499,193,0.48,0,196,0.48,-7,-0.02,-101,-0.10,1
2307,Exit long,2021-10-05 07:15,TX15,405.98,100,40438,160,0.40,0,160,0.40,-11,-0.03,59,0.06,1
2307,Entry long,2021-10-05 07:00,C0|L|MKT|15|v0.3.0-tier0|SPY,404.38,100,40438,160,0.40,0,160,0.40,-11,-0.03,59,0.06,1
2308,Exit short,2021-10-06 07:15,TX15,402.73,100,40206,-67,-0.17,0,119,0.30,-75,-0.19,-8,-0.01,1
2308,Entry short,2021-10-06 07:00,C0|S|MKT|15|v0.3.0-tier0|SPY,402.06,100,40206,-67,-0.17,0,119,0.30,-75,-0.19,-8,-0.01,1
2309,Exit long,2021-10-07 07:15,TX15,413.77,100,41318,59,0.14,0,64,0.15,-11,-0.03,51,0.05,1
2309,Entry long,2021-10-07 07:00,C0|L|MKT|15|v0.3.0-tier0|SPY,413.18,100,41318,59,0.14,0,64,0.15,-11,-0.03,51,0.05,1
2310,Exit long,2021-10-11 07:15,TX15,412.35,100,41200,35,0.08,0,57,0.14,-5,-0.01,86,0.09,1
2310,Entry long,2021-10-11 07:00,C0|L|MKT|15|v0.3.0-tier0|SPY,412,100,41200,35,0.08,0,57,0.14,-5,-0.01,86,0.09,1
2311,Exit short,2021-10-12 07:15,TX15,407.44,100,40704,-40,-0.10,0,32,0.08,-79,-0.19,46,0.05,1
2311,Entry short,2021-10-12 07:00,C0|S|MKT|15|v0.3.0-tier0|SPY,407.04,100,40704,-40,-0.10,0,32,0.08,-79,-0.19,46,0.05,1
2312,Exit short,2021-10-13 07:15,TX15,404.86,100,40608,122,0.30,0,145,0.36,-15,-0.04,168,0.17,1
2312,Entry short,2021-10-13 07:00,C0|S|MKT|15|v0.3.0-tier0|SPY,406.08,100,40608,122,0.30,0,145,0.36,-15,-0.04,168,0.17,1
2313,Exit long,2021-10-14 07:30,TX15,413.12,100,41323,-11,-0.03,0,22,0.05,-14,-0.03,157,0.16,1
2313,Entry long,2021-10-14 07:15,C0|L|MKT|15|v0.3.0-tier0|SPY,413.23,100,41323,-11,-0.03,0,22,0.05,-14,-0.03,157,0.16,1
2314,Exit long,2021-10-15 07:15,TX15,417.69,100,41748,21,0.05,0,42,0.10,-32,-0.08,178,0.18,1
2314,Entry long,2021-10-15 07:00,C0|L|MKT|15|v0.3.0-tier0|SPY,417.48,100,41748,21,0.05,0,42,0.10,-32,-0.08,178,0.18,1
2315,Exit long,2021-10-18 07:15,TX15,417.82,100,41757,25,0.06,0,34,0.08,-11,-0.03,203,0.20,1
2315,Entry long,2021-10-18 07:00,C0|L|MKT|15|v0.3.0-tier0|SPY,417.57,100,41757,25,0.06,0,34,0.08,-11,-0.03,203,0.20,1
2316,Exit long,2021-10-19 07:30,TX15,421.67,100,42148,19,0.05,0,22,0.05,-19,-0.05,222,0.22,1
2316,Entry long,2021-10-19 07:15,C0|L|MKT|15|v0.3.0-tier0|SPY,421.48,100,42148,19,0.05,0,22,0.05,-19,-0.05,222,0.22,1
2317,Exit long,2021-10-20 07:15,TX15,423.78,100,42341,37,0.09,0,49,0.12,-22,-0.05,259,0.26,1
2317,Entry long,2021-10-20 07:00,C0|L|MKT|15|v0.3.0-tier0|SPY,423.41,100,42341,37,0.09,0,49,0.12,-22,-0.05,259,0.26,1
2318,Exit long,2021-10-21 07:15,TX15,423.94,100,42377,17,0.04,0,28,0.07,-18,-0.04,276,0.28,1
2318,Entry long,2021-10-21 07:00,C0|L|MKT|15|v0.3.0-tier0|SPY,423.77,100,42377,17,0.04,0,28,0.07,-18,-0.04,276,0.28,1
2319,Exit long,2021-10-22 07:45,TX15,425.47,100,42629,-82,-0.19,0,0,0.00,-92,-0.22,194,0.19,1
2319,Entry long,2021-10-22 07:30,C0|L|MKT|15|v0.3.0-tier0|SPY,426.29,100,42629,-82,-0.19,0,0,0.00,-92,-0.22,194,0.19,1
2320,Exit long,2021-10-26 07:30,TX15,429.62,100,42939,23,0.05,0,50,0.12,0,0.00,217,0.22,1
2320,Entry long,2021-10-26 07:15,C0|L|MKT|15|v0.3.0-tier0|SPY,429.39,100,42939,23,0.05,0,50,0.12,0,0.00,217,0.22,1
2321,Exit long,2021-10-27 07:15,TX15,427.84,100,42852,-68,-0.16,0,10,0.02,-101,-0.24,149,0.15,1
2321,Entry long,2021-10-27 07:00,C0|L|MKT|15|v0.3.0-tier0|SPY,428.52,100,42852,-68,-0.16,0,10,0.02,-101,-0.24,149,0.15,1
2322,Exit long,2021-10-28 07:15,TX15,428,100,42828,-28,-0.07,0,15,0.04,-67,-0.16,121,0.12,1
2322,Entry long,2021-10-28 07:00,C0|L|MKT|15|v0.3.0-tier0|SPY,428.28,100,42828,-28,-0.07,0,15,0.04,-67,-0.16,121,0.12,1
2323,Exit short,2021-11-01 07:15,TX15,430.49,100,43064,15,0.03,0,102,0.24,-10,-0.02,136,0.14,1
2323,Entry short,2021-11-01 07:00,C0|S|MKT|15|v0.3.0-tier0|SPY,430.64,100,43064,15,0.03,0,102,0.24,-10,-0.02,136,0.14,1
2324,Exit long,2021-11-02 07:15,TX15,432.14,100,43240,-26,-0.06,0,24,0.06,-40,-0.09,110,0.11,1
2324,Entry long,2021-11-02 07:00,C0|L|MKT|15|v0.3.0-tier0|SPY,432.4,100,43240,-26,-0.06,0,24,0.06,-40,-0.09,110,0.11,1
2325,Exit long,2021-11-04 07:15,TX15,437.72,100,43729,43,0.10,0,43,0.10,-15,-0.03,153,0.15,1
2325,Entry long,2021-11-04 07:00,C0|L|MKT|15|v0.3.0-tier0|SPY,437.29,100,43729,43,0.10,0,43,0.10,-15,-0.03,153,0.15,1
2326,Exit short,2021-11-09 07:15,TX15,438.02,100,43779,-23,-0.05,0,71,0.16,-50,-0.11,130,0.13,1
2326,Entry short,2021-11-09 07:00,C0|S|MKT|15|v0.3.0-tier0|SPY,437.79,100,43779,-23,-0.05,0,71,0.16,-50,-0.11,130,0.13,1
2327,Exit long,2021-11-10 07:15,TX15,437.91,100,43801,-10,-0.02,0,11,0.03,-38,-0.09,120,0.12,1
2327,Entry long,2021-11-10 07:00,C0|L|MKT|15|v0.3.0-tier0|SPY,438.01,100,43801,-10,-0.02,0,11,0.03,-38,-0.09,120,0.12,1
2328,Exit short,2021-11-15 07:30,TX15,438.55,100,43860,5,0.01,0,23,0.05,-12,-0.03,125,0.13,1
2328,Entry short,2021-11-15 07:15,C0|S|MKT|15|v0.3.0-tier0|SPY,438.6,100,43860,5,0.01,0,23,0.05,-12,-0.03,125,0.13,1
2329,Exit long,2021-11-16 07:30,TX15,438.91,100,43965,-74,-0.17,0,17,0.04,-77,-0.18,51,0.05,1
2329,Entry long,2021-11-16 07:15,C0|L|MKT|15|v0.3.0-tier0|SPY,439.65,100,43965,-74,-0.17,0,17,0.04,-77,-0.18,51,0.05,1
2330,Exit short,2021-11-17 07:15,TX15,439.06,100,43839,-67,-0.15,0,6,0.01,-68,-0.16,-16,-0.02,1
2330,Entry short,2021-11-17 07:00,C0|S|MKT|15|v0.3.0-tier0|SPY,438.39,100,43839,-67,-0.15,0,6,0.01,-68,-0.16,-16,-0.02,1
2331,Exit short,2021-11-18 07:15,TX15,437.92,100,43929,137,0.31,0,159,0.36,-16,-0.04,121,0.12,1
2331,Entry short,2021-11-18 07:00,C0|S|MKT|15|v0.3.0-tier0|SPY,439.29,100,43929,137,0.31,0,159,0.36,-16,-0.04,121,0.12,1
2332,Exit long,2021-11-19 07:15,TX15,440.25,100,44085,-60,-0.14,0,3,0.01,-108,-0.24,61,0.06,1
2332,Entry long,2021-11-19 07:00,C0|L|MKT|15|v0.3.0-tier0|SPY,440.85,100,44085,-60,-0.14,0,3,0.01,-108,-0.24,61,0.06,1
2333,Exit long,2021-11-22 07:15,TX15,443.79,100,44321,58,0.13,0,71,0.16,0,0.00,119,0.12,1
2333,Entry long,2021-11-22 07:00,C0|L|MKT|15|v0.3.0-tier0|SPY,443.21,100,44321,58,0.13,0,71,0.16,0,0.00,119,0.12,1
2334,Exit long,2021-11-23 07:15,TX15,437.83,100,43934,-151,-0.34,0,13,0.03,-193,-0.44,-32,-0.03,1
2334,Entry long,2021-11-23 07:00,C0|L|MKT|15|v0.3.0-tier0|SPY,439.34,100,43934,-151,-0.34,0,13,0.03,-193,-0.44,-32,-0.03,1
2335,Exit long,2021-11-24 07:45,TX15,437.85,100,43822,-37,-0.08,0,24,0.05,-43,-0.10,-69,-0.07,1
2335,Entry long,2021-11-24 07:30,C0|L|MKT|15|v0.3.0-tier0|SPY,438.22,100,43822,-37,-0.08,0,24,0.05,-43,-0.10,-69,-0.07,1
2336,Exit short,2021-11-26 07:15,TX15,431.25,100,43269,144,0.33,0,162,0.37,-1,0.00,75,0.08,1
2336,Entry short,2021-11-26 07:00,C0|S|MKT|15|v0.3.0-tier0|SPY,432.69,100,43269,144,0.33,0,162,0.37,-1,0.00,75,0.08,1
2337,Exit short,2021-11-29 07:45,TX15,433.4,100,43377,37,0.09,0,83,0.19,-42,-0.10,112,0.11,1
2337,Entry short,2021-11-29 07:30,C0|S|MKT|15|v0.3.0-tier0|SPY,433.77,100,43377,37,0.09,0,83,0.19,-42,-0.10,112,0.11,1
2338,Exit long,2021-11-30 07:30,TX15,433.96,100,43410,-14,-0.03,0,44,0.10,-78,-0.18,98,0.10,1
2338,Entry long,2021-11-30 07:15,C0|L|MKT|15|v0.3.0-tier0|SPY,434.1,100,43410,-14,-0.03,0,44,0.10,-78,-0.18,98,0.10,1
2339,Exit long,2021-12-01 07:30,TX15,433.45,100,43377,-32,-0.07,0,48,0.11,-37,-0.09,66,0.07,1
2339,Entry long,2021-12-01 07:15,C0|L|MKT|15|v0.3.0-tier0|SPY,433.77,100,43377,-32,-0.07,0,48,0.11,-37,-0.09,66,0.07,1
2340,Exit long,2021-12-02 07:15,TX15,426.23,100,42743,-120,-0.28,0,42,0.10,-171,-0.40,-54,-0.05,1
2340,Entry long,2021-12-02 07:00,C0|L|MKT|15|v0.3.0-tier0|SPY,427.43,100,42743,-120,-0.28,0,42,0.10,-171,-0.40,-54,-0.05,1
2341,Exit short,2021-12-03 07:15,TX15,425.69,100,42702,133,0.31,0,176,0.41,-66,-0.15,79,0.08,1
2341,Entry short,2021-12-03 07:00,C0|S|MKT|15|v0.3.0-tier0|SPY,427.02,100,42702,133,0.31,0,176,0.41,-66,-0.15,79,0.08,1
2342,Exit long,2021-12-06 07:30,TX15,429.53,100,42920,33,0.08,0,49,0.11,-23,-0.05,112,0.11,1
2342,Entry long,2021-12-06 07:15,C0|L|MKT|15|v0.3.0-tier0|SPY,429.2,100,42920,33,0.08,0,49,0.11,-23,-0.05,112,0.11,1
2343,Exit long,2021-12-07 07:15,TX15,438.79,100,43809,70,0.16,0,70,0.16,-25,-0.06,182,0.18,1
2343,Entry long,2021-12-07 07:00,C0|L|MKT|15|v0.3.0-tier0|SPY,438.09,100,43809,70,0.16,0,70,0.16,-25,-0.06,182,0.18,1
2344,Exit short,2021-12-08 07:45,TX15,438.45,100,43831,-14,-0.03,0,2,0.00,-75,-0.17,168,0.17,1
2344,Entry short,2021-12-08 07:30,C0|S|MKT|15|v0.3.0-tier0|SPY,438.31,100,43831,-14,-0.03,0,2,0.00,-75,-0.17,168,0.17,1
2345,Exit short,2021-12-09 07:45,TX15,438.61,100,43839,-22,-0.05,0,46,0.10,-28,-0.06,146,0.15,1
2345,Entry short,2021-12-09 07:30,C0|S|MKT|15|v0.3.0-tier0|SPY,438.39,100,43839,-22,-0.05,0,46,0.10,-28,-0.06,146,0.15,1
2346,Exit short,2021-12-10 07:15,TX15,439.37,100,43916,-21,-0.05,0,12,0.03,-64,-0.15,125,0.13,1
2346,Entry short,2021-12-10 07:00,C0|S|MKT|15|v0.3.0-tier0|SPY,439.16,100,43916,-21,-0.05,0,12,0.03,-64,-0.15,125,0.13,1
2347,Exit short,2021-12-13 07:15,TX15,439.89,100,43946,-43,-0.10,0,41,0.09,-57,-0.13,82,0.08,1
2347,Entry short,2021-12-13 07:00,C0|S|MKT|15|v0.3.0-tier0|SPY,439.46,100,43946,-43,-0.10,0,41,0.09,-57,-0.13,82,0.08,1
2348,Exit short,2021-12-15 07:15,TX15,432.97,100,43283,-14,-0.03,0,44,0.10,-49,-0.11,68,0.07,1
2348,Entry short,2021-12-15 07:00,C0|S|MKT|15|v0.3.0-tier0|SPY,432.83,100,43283,-14,-0.03,0,44,0.10,-49,-0.11,68,0.07,1
2349,Exit short,2021-12-16 07:15,TX15,441.28,100,44147,19,0.04,0,99,0.22,-29,-0.07,87,0.09,1
2349,Entry short,2021-12-16 07:00,C0|S|MKT|15|v0.3.0-tier0|SPY,441.47,100,44147,19,0.04,0,99,0.22,-29,-0.07,87,0.09,1
2350,Exit short,2021-12-17 07:30,TX15,432.26,100,43147,-79,-0.18,0,47,0.11,-83,-0.19,8,0.01,1
2350,Entry short,2021-12-17 07:15,C0|S|MKT|15|v0.3.0-tier0|SPY,431.47,100,43147,-79,-0.18,0,47,0.11,-83,-0.19,8,0.01,1
2351,Exit short,2021-12-20 07:30,TX15,425.64,100,42609,45,0.11,0,56,0.13,-104,-0.24,53,0.05,1
2351,Entry short,2021-12-20 07:15,C0|S|MKT|15|v0.3.0-tier0|SPY,426.09,100,42609,45,0.11,0,56,0.13,-104,-0.24,53,0.05,1
2352,Exit short,2021-12-21 07:15,TX15,430.94,100,43038,-56,-0.13,0,13,0.03,-63,-0.15,-3,0.00,1
2352,Entry short,2021-12-21 07:00,C0|S|MKT|15|v0.3.0-tier0|SPY,430.38,100,43038,-56,-0.13,0,13,0.03,-63,-0.15,-3,0.00,1
2353,Exit long,2021-12-22 07:45,TX15,437.86,100,43673,113,0.26,0,120,0.27,-2,0.00,110,0.11,1
2353,Entry long,2021-12-22 07:30,C0|L|MKT|15|v0.3.0-tier0|SPY,436.73,100,43673,113,0.26,0,120,0.27,-2,0.00,110,0.11,1
2354,Exit long,2021-12-23 07:30,TX15,442.83,100,44291,-8,-0.02,0,10,0.02,-27,-0.06,102,0.10,1
2354,Entry long,2021-12-23 07:15,C0|L|MKT|15|v0.3.0-tier0|SPY,442.91,100,44291,-8,-0.02,0,10,0.02,-27,-0.06,102,0.10,1
2355,Exit long,2021-12-27 07:30,TX15,446.63,100,44598,65,0.15,0,65,0.15,-14,-0.03,167,0.17,1
2355,Entry long,2021-12-27 07:15,C0|L|MKT|15|v0.3.0-tier0|SPY,445.98,100,44598,65,0.15,0,65,0.15,-14,-0.03,167,0.17,1
2356,Exit long,2021-12-28 07:15,TX15,449.41,100,45021,-80,-0.18,0,25,0.06,-102,-0.23,87,0.09,1
2356,Entry long,2021-12-28 07:00,C0|L|MKT|15|v0.3.0-tier0|SPY,450.21,100,45021,-80,-0.18,0,25,0.06,-102,-0.23,87,0.09,1
2357,Exit short,2021-12-29 07:30,TX15,448.52,100,44832,-20,-0.04,0,51,0.11,-50,-0.11,67,0.07,1
2357,Entry short,2021-12-29 07:15,C0|S|MKT|15|v0.3.0-tier0|SPY,448.32,100,44832,-20,-0.04,0,51,0.11,-50,-0.11,67,0.07,1
2358,Exit short,2022-01-03 07:15,TX15,447.93,100,44689,-104,-0.23,0,16,0.04,-114,-0.26,-37,-0.04,1
2358,Entry short,2022-01-03 07:00,C0|S|MKT|15|v0.3.0-tier0|SPY,446.89,100,44689,-104,-0.23,0,16,0.04,-114,-0.26,-37,-0.04,1
2359,Exit long,2022-01-05 07:45,TX15,449.02,100,44950,-48,-0.11,0,0,0.00,-70,-0.16,-85,-0.08,1
2359,Entry long,2022-01-05 07:30,C0|L|MKT|15|v0.3.0-tier0|SPY,449.5,100,44950,-48,-0.11,0,0,0.00,-70,-0.16,-85,-0.08,1
2360,Exit short,2022-01-06 07:15,TX15,438.83,100,43945,62,0.14,0,150,0.34,-55,-0.13,-23,-0.02,1
2360,Entry short,2022-01-06 07:00,C0|S|MKT|15|v0.3.0-tier0|SPY,439.45,100,43945,62,0.14,0,150,0.34,-55,-0.13,-23,-0.02,1
2361,Exit short,2022-01-10 07:15,TX15,430.57,100,43219,162,0.37,0,164,0.38,-23,-0.05,139,0.14,1
2361,Entry short,2022-01-10 07:00,C0|S|MKT|15|v0.3.0-tier0|SPY,432.19,100,43219,162,0.37,0,164,0.38,-23,-0.05,139,0.14,1
2362,Exit long,2022-01-12 07:30,TX15,444.47,100,44510,-63,-0.14,0,1,0.00,-76,-0.17,76,0.08,1
2362,Entry long,2022-01-12 07:15,C0|L|MKT|15|v0.3.0-tier0|SPY,445.1,100,44510,-63,-0.14,0,1,0.00,-76,-0.17,76,0.08,1
2363,Exit short,2022-01-13 07:30,TX15,443.27,100,44330,3,0.01,0,59,0.13,-11,-0.02,79,0.08,1
2363,Entry short,2022-01-13 07:15,C0|S|MKT|15|v0.3.0-tier0|SPY,443.3,100,44330,3,0.01,0,59,0.13,-11,-0.02,79,0.08,1
2364,Exit long,2022-01-14 07:15,TX15,436.06,100,43694,-88,-0.20,0,19,0.04,-143,-0.33,-9,-0.01,1
2364,Entry long,2022-01-14 07:00,C0|L|MKT|15|v0.3.0-tier0|SPY,436.94,100,43694,-88,-0.20,0,19,0.04,-143,-0.33,-9,-0.01,1
2365,Exit short,2022-01-19 07:45,TX15,429.02,100,42944,42,0.10,0,64,0.15,-31,-0.07,33,0.03,1
2365,Entry short,2022-01-19 07:30,C0|S|MKT|15|v0.3.0-tier0|SPY,429.44,100,42944,42,0.10,0,64,0.15,-31,-0.07,33,0.03,1
2366,Exit long,2022-01-20 07:15,TX15,429.4,100,42975,-35,-0.08,0,21,0.05,-76,-0.18,-2,0.00,1
2366,Entry long,2022-01-20 07:00,C0|L|MKT|15|v0.3.0-tier0|SPY,429.75,100,42975,-35,-0.08,0,21,0.05,-76,-0.18,-2,0.00,1
2367,Exit short,2022-01-21 07:30,TX15,416.65,100,41585,-80,-0.19,0,123,0.30,-162,-0.39,-82,-0.08,1
2367,Entry short,2022-01-21 07:15,C0|S|MKT|15|v0.3.0-tier0|SPY,415.85,100,41585,-80,-0.19,0,123,0.30,-162,-0.39,-82,-0.08,1
2368,Exit short,2022-01-24 07:15,TX15,402.54,100,40373,119,0.29,0,309,0.77,-118,-0.29,37,0.04,1
2368,Entry short,2022-01-24 07:00,C0|S|MKT|15|v0.3.0-tier0|SPY,403.73,100,40373,119,0.29,0,309,0.77,-118,-0.29,37,0.04,1
2369,Exit short,2022-01-25 07:15,TX15,404.42,100,40379,-63,-0.16,0,188,0.47,-75,-0.19,-26,-0.03,1
2369,Entry short,2022-01-25 07:00,C0|S|MKT|15|v0.3.0-tier0|SPY,403.79,100,40379,-63,-0.16,0,188,0.47,-75,-0.19,-26,-0.03,1
2370,Exit long,2022-01-26 07:15,TX15,414.96,100,41588,-92,-0.22,0,102,0.25,-104,-0.25,-118,-0.12,1
2370,Entry long,2022-01-26 07:00,C0|L|MKT|15|v0.3.0-tier0|SPY,415.88,100,41588,-92,-0.22,0,102,0.25,-104,-0.25,-118,-0.12,1
2371,Exit long,2022-01-27 07:15,TX15,415.24,100,41429,95,0.23,0,121,0.29,-168,-0.41,-23,-0.02,1
2371,Entry long,2022-01-27 07:00,C0|L|MKT|15|v0.3.0-tier0|SPY,414.29,100,41429,95,0.23,0,121,0.29,-168,-0.41,-23,-0.02,1
2372,Exit short,2022-01-28 07:15,TX15,404.81,100,40317,-164,-0.41,0,63,0.16,-221,-0.55,-187,-0.19,1
2372,Entry short,2022-01-28 07:00,C0|S|MKT|15|v0.3.0-tier0|SPY,403.17,100,40317,-164,-0.41,0,63,0.16,-221,-0.55,-187,-0.19,1
2373,Exit long,2022-01-31 07:15,TX15,418.5,100,41714,136,0.33,0,167,0.40,-4,-0.01,-51,-0.05,1
2373,Entry long,2022-01-31 07:00,C0|L|MKT|15|v0.3.0-tier0|SPY,417.14,100,41714,136,0.33,0,167,0.40,-4,-0.01,-51,-0.05,1
2374,Exit short,2022-02-01 07:45,TX15,421.78,100,42228,50,0.12,0,78,0.18,-88,-0.21,-1,0.00,1
2374,Entry short,2022-02-01 07:30,C0|S|MKT|15|v0.3.0-tier0|SPY,422.28,100,42228,50,0.12,0,78,0.18,-88,-0.21,-1,0.00,1
2375,Exit short,2022-02-02 07:15,TX15,427.93,100,42769,-24,-0.06,0,0,0.00,-144,-0.34,-25,-0.02,1
2375,Entry short,2022-02-02 07:00,C0|S|MKT|15|v0.3.0-tier0|SPY,427.69,100,42769,-24,-0.06,0,0,0.00,-144,-0.34,-25,-0.02,1
2376,Exit long,2022-02-03 07:45,TX15,425.74,100,42579,-5,-0.01,0,36,0.08,-54,-0.13,-30,-0.03,1
2376,Entry long,2022-02-03 07:30,C0|L|MKT|15|v0.3.0-tier0|SPY,425.79,100,42579,-5,-0.01,0,36,0.08,-54,-0.13,-30,-0.03,1
2377,Exit long,2022-02-07 07:15,TX15,422.19,100,42337,-118,-0.28,0,32,0.08,-128,-0.30,-148,-0.15,1
2377,Entry long,2022-02-07 07:00,C0|L|MKT|15|v0.3.0-tier0|SPY,423.37,100,42337,-118,-0.28,0,32,0.08,-128,-0.30,-148,-0.15,1
2378,Exit short,2022-02-08 07:45,TX15,420.48,100,41995,-53,-0.13,0,47,0.11,-65,-0.15,-201,-0.20,1
2378,Entry short,2022-02-08 07:30,C0|S|MKT|15|v0.3.0-tier0|SPY,419.95,100,41995,-53,-0.13,0,47,0.11,-65,-0.15,-201,-0.20,1
2379,Exit long,2022-02-10 07:15,TX15,429.27,100,42829,98,0.23,0,162,0.38,-14,-0.03,-103,-0.10,1
2379,Entry long,2022-02-10 07:00,C0|L|MKT|15|v0.3.0-tier0|SPY,428.29,100,42829,98,0.23,0,162,0.38,-14,-0.03,-103,-0.10,1
2380,Exit short,2022-02-14 07:45,TX15,412.51,100,41301,50,0.12,0,149,0.36,-40,-0.10,-53,-0.05,1
2380,Entry short,2022-02-14 07:30,C0|S|MKT|15|v0.3.0-tier0|SPY,413.01,100,41301,50,0.12,0,149,0.36,-40,-0.10,-53,-0.05,1
2381,Exit short,2022-02-16 07:15,TX15,416.79,100,41660,-19,-0.05,0,40,0.10,-62,-0.15,-72,-0.07,1
2381,Entry short,2022-02-16 07:00,C0|S|MKT|15|v0.3.0-tier0|SPY,416.6,100,41660,-19,-0.05,0,40,0.10,-62,-0.15,-72,-0.07,1
2382,Exit short,2022-02-17 07:15,TX15,415.49,100,41472,-77,-0.19,0,41,0.10,-85,-0.20,-149,-0.15,1
2382,Entry short,2022-02-17 07:00,C0|S|MKT|15|v0.3.0-tier0|SPY,414.72,100,41472,-77,-0.19,0,41,0.10,-85,-0.20,-149,-0.15,1
2383,Exit long,2022-02-18 07:15,TX15,412,100,41249,-49,-0.12,0,8,0.02,-120,-0.29,-198,-0.20,1
2383,Entry long,2022-02-18 07:00,C0|L|MKT|15|v0.3.0-tier0|SPY,412.49,100,41249,-49,-0.12,0,8,0.02,-120,-0.29,-198,-0.20,1
2384,Exit long,2022-02-22 07:15,TX15,408.57,100,40854,3,0.01,0,17,0.04,-124,-0.30,-195,-0.19,1
2384,Entry long,2022-02-22 07:00,C0|L|MKT|15|v0.3.0-tier0|SPY,408.54,100,40854,3,0.01,0,17,0.04,-124,-0.30,-195,-0.19,1
2385,Exit short,2022-02-23 07:15,TX15,404.83,100,40566,83,0.20,0,157,0.39,-3,-0.01,-112,-0.11,1
2385,Entry short,2022-02-23 07:00,C0|S|MKT|15|v0.3.0-tier0|SPY,405.66,100,40566,83,0.20,0,157,0.39,-3,-0.01,-112,-0.11,1
2386,Exit long,2022-02-24 07:15,TX15,391.72,100,39113,59,0.15,0,75,0.19,-243,-0.62,-53,-0.05,1
2386,Entry long,2022-02-24 07:00,C0|L|MKT|15|v0.3.0-tier0|SPY,391.13,100,39113,59,0.15,0,75,0.19,-243,-0.62,-53,-0.05,1
2387,Exit short,2022-02-25 07:15,TX15,404.5,100,40317,-133,-0.33,0,59,0.15,-206,-0.51,-186,-0.19,1
2387,Entry short,2022-02-25 07:00,C0|S|MKT|15|v0.3.0-tier0|SPY,403.17,100,40317,-133,-0.33,0,59,0.15,-206,-0.51,-186,-0.19,1
2388,Exit long,2022-02-28 07:15,TX15,406.91,100,40861,-170,-0.42,0,27,0.07,-191,-0.47,-356,-0.36,1
2388,Entry long,2022-02-28 07:00,C0|L|MKT|15|v0.3.0-tier0|SPY,408.61,100,40861,-170,-0.42,0,27,0.07,-191,-0.47,-356,-0.36,1
2389,Exit short,2022-03-01 07:15,TX15,408.22,100,40917,95,0.23,0,136,0.33,-126,-0.31,-261,-0.26,1
2389,Entry short,2022-03-01 07:00,C0|S|MKT|15|v0.3.0-tier0|SPY,409.17,100,40917,95,0.23,0,136,0.33,-126,-0.31,-261,-0.26,1
2390,Exit short,2022-03-02 07:30,TX15,408.68,100,40633,-235,-0.58,0,25,0.06,-304,-0.75,-496,-0.50,1
2390,Entry short,2022-03-02 07:15,C0|S|MKT|15|v0.3.0-tier0|SPY,406.33,100,40633,-235,-0.58,0,25,0.06,-304,-0.75,-496,-0.50,1
2391,Exit short,2022-03-03 07:30,TX15,411.79,100,41306,127,0.31,0,178,0.43,0,0.00,-369,-0.37,1
2391,Entry short,2022-03-03 07:15,C0|S|MKT|15|v0.3.0-tier0|SPY,413.06,100,41306,127,0.31,0,178,0.43,0,0.00,-369,-0.37,1
2392,Exit short,2022-03-04 07:30,TX15,404.42,100,40371,-71,-0.18,0,32,0.08,-94,-0.23,-440,-0.44,1
2392,Entry short,2022-03-04 07:15,C0|S|MKT|15|v0.3.0-tier0|SPY,403.71,100,40371,-71,-0.18,0,32,0.08,-94,-0.23,-440,-0.44,1
2393,Exit short,2022-03-07 07:15,TX15,401.72,100,40253,81,0.20,0,90,0.22,-84,-0.21,-359,-0.36,1
2393,Entry short,2022-03-07 07:00,C0|S|MKT|15|v0.3.0-tier0|SPY,402.53,100,40253,81,0.20,0,90,0.22,-84,-0.21,-359,-0.36,1
2394,Exit short,2022-03-08 07:30,TX15,391.76,100,39201,25,0.06,0,27,0.07,-245,-0.62,-334,-0.33,1
2394,Entry short,2022-03-08 07:15,C0|S|MKT|15|v0.3.0-tier0|SPY,392.01,100,39201,25,0.06,0,27,0.07,-245,-0.62,-334,-0.33,1
2395,Exit long,2022-03-09 07:30,TX15,400.6,100,40068,-8,-0.02,0,48,0.12,-95,-0.24,-342,-0.34,1
2395,Entry long,2022-03-09 07:15,C0|L|MKT|15|v0.3.0-tier0|SPY,400.68,100,40068,-8,-0.02,0,48,0.12,-95,-0.24,-342,-0.34,1
2396,Exit long,2022-03-10 07:15,TX15,399.03,100,39944,-41,-0.10,0,10,0.03,-109,-0.27,-383,-0.38,1
2396,Entry long,2022-03-10 07:00,C0|L|MKT|15|v0.3.0-tier0|SPY,399.44,100,39944,-41,-0.10,0,10,0.03,-109,-0.27,-383,-0.38,1
2397,Exit short,2022-03-11 07:30,TX15,400.51,100,40053,2,0.00,0,72,0.18,-59,-0.15,-381,-0.38,1
2397,Entry short,2022-03-11 07:15,C0|S|MKT|15|v0.3.0-tier0|SPY,400.53,100,40053,2,0.00,0,72,0.18,-59,-0.15,-381,-0.38,1
2398,Exit long,2022-03-14 07:30,TX15,397.81,100,39798,-17,-0.04,0,48,0.12,-48,-0.12,-398,-0.40,1
2398,Entry long,2022-03-14 07:15,C0|L|MKT|15|v0.3.0-tier0|SPY,397.98,100,39798,-17,-0.04,0,48,0.12,-48,-0.12,-398,-0.40,1
2399,Exit long,2022-03-15 07:45,TX15,397.39,100,39683,56,0.14,0,79,0.20,-10,-0.03,-342,-0.34,1
2399,Entry long,2022-03-15 07:30,C0|L|MKT|15|v0.3.0-tier0|SPY,396.83,100,39683,56,0.14,0,79,0.20,-10,-0.03,-342,-0.34,1
2400,Exit long,2022-03-16 07:45,TX15,407,100,40785,-85,-0.21,0,76,0.19,-125,-0.31,-427,-0.43,1
2400,Entry long,2022-03-16 07:30,C0|L|MKT|15|v0.3.0-tier0|SPY,407.85,100,40785,-85,-0.21,0,76,0.19,-125,-0.31,-427,-0.43,1
2401,Exit long,2022-03-17 07:15,TX15,410.47,100,41042,5,0.01,0,72,0.18,-27,-0.07,-422,-0.42,1
2401,Entry long,2022-03-17 07:00,C0|L|MKT|15|v0.3.0-tier0|SPY,410.42,100,41042,5,0.01,0,72,0.18,-27,-0.07,-422,-0.42,1
2402,Exit long,2022-03-18 07:15,TX15,415.37,100,41441,96,0.23,0,171,0.41,-28,-0.07,-326,-0.33,1
2402,Entry long,2022-03-18 07:00,C0|L|MKT|15|v0.3.0-tier0|SPY,414.41,100,41441,96,0.23,0,171,0.41,-28,-0.07,-326,-0.33,1
2403,Exit short,2022-03-21 07:15,TX15,418.55,100,41901,46,0.11,0,82,0.20,-32,-0.08,-280,-0.28,1
2403,Entry short,2022-03-21 07:00,C0|S|MKT|15|v0.3.0-tier0|SPY,419.01,100,41901,46,0.11,0,82,0.20,-32,-0.08,-280,-0.28,1
2404,Exit long,2022-03-22 07:30,TX15,423.38,100,42292,46,0.11,0,64,0.15,-37,-0.09,-234,-0.23,1
2404,Entry long,2022-03-22 07:15,C0|L|MKT|15|v0.3.0-tier0|SPY,422.92,100,42292,46,0.11,0,64,0.15,-37,-0.09,-234,-0.23,1
2405,Exit short,2022-03-23 07:15,TX15,422.35,100,42102,-133,-0.32,0,35,0.08,-135,-0.32,-367,-0.37,1
2405,Entry short,2022-03-23 07:00,C0|S|MKT|15|v0.3.0-tier0|SPY,421.02,100,42102,-133,-0.32,0,35,0.08,-135,-0.32,-367,-0.37,1
2406,Exit long,2022-03-24 07:30,TX15,420.49,100,42141,-92,-0.22,0,9,0.02,-112,-0.27,-459,-0.46,1
2406,Entry long,2022-03-24 07:15,C0|L|MKT|15|v0.3.0-tier0|SPY,421.41,100,42141,-92,-0.22,0,9,0.02,-112,-0.27,-459,-0.46,1
2407,Exit long,2022-03-25 07:45,TX15,427.42,100,42647,95,0.22,0,107,0.25,0,0.00,-364,-0.36,1
2407,Entry long,2022-03-25 07:30,C0|L|MKT|15|v0.3.0-tier0|SPY,426.47,100,42647,95,0.22,0,107,0.25,0,0.00,-364,-0.36,1
2408,Exit long,2022-03-28 07:15,TX15,427.35,100,42809,-74,-0.17,0,1,0.00,-103,-0.24,-438,-0.44,1
2408,Entry long,2022-03-28 07:00,C0|L|MKT|15|v0.3.0-tier0|SPY,428.09,100,42809,-74,-0.17,0,1,0.00,-103,-0.24,-438,-0.44,1
2409,Exit short,2022-03-29 07:15,TX15,431.84,100,43355,171,0.39,0,204,0.47,-33,-0.08,-267,-0.27,1
2409,Entry short,2022-03-29 07:00,C0|S|MKT|15|v0.3.0-tier0|SPY,433.55,100,43355,171,0.39,0,204,0.47,-33,-0.08,-267,-0.27,1
2410,Exit long,2022-03-30 07:15,TX15,435.02,100,43505,-3,-0.01,0,24,0.06,-56,-0.13,-270,-0.27,1
2410,Entry long,2022-03-30 07:00,C0|L|MKT|15|v0.3.0-tier0|SPY,435.05,100,43505,-3,-0.01,0,24,0.06,-56,-0.13,-270,-0.27,1
2411,Exit short,2022-03-31 07:45,TX15,431.95,100,43150,-45,-0.10,0,14,0.03,-80,-0.19,-315,-0.31,1
2411,Entry short,2022-03-31 07:30,C0|S|MKT|15|v0.3.0-tier0|SPY,431.5,100,43150,-45,-0.10,0,14,0.03,-80,-0.19,-315,-0.31,1
2412,Exit short,2022-04-01 07:45,TX15,426.01,100,42574,-27,-0.06,0,25,0.06,-60,-0.14,-342,-0.34,1
2412,Entry short,2022-04-01 07:30,C0|S|MKT|15|v0.3.0-tier0|SPY,425.74,100,42574,-27,-0.06,0,25,0.06,-60,-0.14,-342,-0.34,1
2413,Exit long,2022-04-04 07:15,TX15,428.61,100,42898,-37,-0.09,0,17,0.04,-47,-0.11,-379,-0.38,1
2413,Entry long,2022-04-04 07:00,C0|L|MKT|15|v0.3.0-tier0|SPY,428.98,100,42898,-37,-0.09,0,17,0.04,-47,-0.11,-379,-0.38,1
2414,Exit short,2022-04-05 07:30,TX15,428.87,100,42938,51,0.12,0,97,0.23,0,0.00,-328,-0.33,1
2414,Entry short,2022-04-05 07:15,C0|S|MKT|15|v0.3.0-tier0|SPY,429.38,100,42938,51,0.12,0,97,0.23,0,0.00,-328,-0.33,1
2415,Exit short,2022-04-06 07:15,TX15,420,100,42059,59,0.14,0,104,0.25,-16,-0.04,-269,-0.27,1
2415,Entry short,2022-04-06 07:00,C0|S|MKT|15|v0.3.0-tier0|SPY,420.59,100,42059,59,0.14,0,104,0.25,-16,-0.04,-269,-0.27,1
2416,Exit short,2022-04-08 07:15,TX15,421.67,100,42103,-64,-0.15,0,12,0.03,-140,-0.33,-333,-0.33,1
2416,Entry short,2022-04-08 07:00,C0|S|MKT|15|v0.3.0-tier0|SPY,421.03,100,42103,-64,-0.15,0,12,0.03,-140,-0.33,-333,-0.33,1
2417,Exit short,2022-04-11 07:45,TX15,417.34,100,41790,56,0.13,0,74,0.18,-4,-0.01,-277,-0.28,1
2417,Entry short,2022-04-11 07:30,C0|S|MKT|15|v0.3.0-tier0|SPY,417.9,100,41790,56,0.13,0,74,0.18,-4,-0.01,-277,-0.28,1
2418,Exit long,2022-04-12 07:15,TX15,419.81,100,42013,-32,-0.08,0,15,0.04,-89,-0.21,-309,-0.31,1
2418,Entry long,2022-04-12 07:00,C0|L|MKT|15|v0.3.0-tier0|SPY,420.13,100,42013,-32,-0.08,0,15,0.04,-89,-0.21,-309,-0.31,1
2419,Exit short,2022-04-14 07:15,TX15,416.25,100,41737,112,0.27,0,160,0.38,-70,-0.17,-197,-0.20,1
2419,Entry short,2022-04-14 07:00,C0|S|MKT|15|v0.3.0-tier0|SPY,417.37,100,41737,112,0.27,0,160,0.38,-70,-0.17,-197,-0.20,1
2420,Exit long,2022-04-19 07:15,TX15,417.34,100,41661,73,0.18,0,114,0.27,-21,-0.05,-124,-0.12,1
2420,Entry long,2022-04-19 07:00,C0|L|MKT|15|v0.3.0-tier0|SPY,416.61,100,41661,73,0.18,0,114,0.27,-21,-0.05,-124,-0.12,1
2421,Exit short,2022-04-20 07:15,TX15,420.25,100,41997,-28,-0.07,0,54,0.13,-48,-0.11,-152,-0.15,1
2421,Entry short,2022-04-20 07:00,C0|S|MKT|15|v0.3.0-tier0|SPY,419.97,100,41997,-28,-0.07,0,54,0.13,-48,-0.11,-152,-0.15,1
2422,Exit short,2022-04-21 07:30,TX15,423.53,100,42330,-23,-0.05,0,59,0.14,-37,-0.09,-175,-0.17,1
2422,Entry short,2022-04-21 07:15,C0|S|MKT|15|v0.3.0-tier0|SPY,423.3,100,42330,-23,-0.05,0,59,0.14,-37,-0.09,-175,-0.17,1
2423,Exit short,2022-04-22 07:45,TX15,408.48,100,40862,14,0.03,0,47,0.12,-107,-0.26,-161,-0.16,1
2423,Entry short,2022-04-22 07:30,C0|S|MKT|15|v0.3.0-tier0|SPY,408.62,100,40862,14,0.03,0,47,0.12,-107,-0.26,-161,-0.16,1
2424,Exit short,2022-04-25 07:15,TX15,397.26,100,39676,-50,-0.13,0,35,0.09,-129,-0.33,-211,-0.21,1
2424,Entry short,2022-04-25 07:00,C0|S|MKT|15|v0.3.0-tier0|SPY,396.76,100,39676,-50,-0.13,0,35,0.09,-129,-0.33,-211,-0.21,1
2425,Exit short,2022-04-26 07:15,TX15,399.52,100,40003,51,0.13,0,51,0.13,-73,-0.18,-160,-0.16,1
2425,Entry short,2022-04-26 07:00,C0|S|MKT|15|v0.3.0-tier0|SPY,400.03,100,40003,51,0.13,0,51,0.13,-73,-0.18,-160,-0.16,1
2426,Exit long,2022-04-27 07:15,TX15,393.61,100,39713,-352,-0.89,0,92,0.23,-363,-0.91,-512,-0.51,1
2426,Entry long,2022-04-27 07:00,C0|L|MKT|15|v0.3.0-tier0|SPY,397.13,100,39713,-352,-0.89,0,92,0.23,-363,-0.91,-512,-0.51,1
2427,Exit short,2022-04-28 07:30,TX15,394.95,100,39592,97,0.24,0,97,0.24,-114,-0.29,-415,-0.41,1
2427,Entry short,2022-04-28 07:15,C0|S|MKT|15|v0.3.0-tier0|SPY,395.92,100,39592,97,0.24,0,97,0.24,-114,-0.29,-415,-0.41,1
2428,Exit long,2022-04-29 07:15,TX15,400.48,100,40179,-131,-0.33,0,14,0.03,-162,-0.40,-546,-0.55,1
2428,Entry long,2022-04-29 07:00,C0|L|MKT|15|v0.3.0-tier0|SPY,401.79,100,40179,-131,-0.33,0,14,0.03,-162,-0.40,-546,-0.55,1
2429,Exit long,2022-05-02 07:45,TX15,390.79,100,39117,-38,-0.10,0,138,0.35,-52,-0.13,-584,-0.58,1
2429,Entry long,2022-05-02 07:30,C0|L|MKT|15|v0.3.0-tier0|SPY,391.17,100,39117,-38,-0.10,0,138,0.35,-52,-0.13,-584,-0.58,1
2430,Exit long,2022-05-03 07:45,TX15,391.24,100,39241,-117,-0.30,0,89,0.23,-121,-0.31,-701,-0.70,1
2430,Entry long,2022-05-03 07:30,C0|L|MKT|15|v0.3.0-tier0|SPY,392.41,100,39241,-117,-0.30,0,89,0.23,-121,-0.31,-701,-0.70,1
2431,Exit short,2022-05-04 07:15,TX15,391.61,100,39264,103,0.26,0,103,0.26,-15,-0.04,-598,-0.60,1
2431,Entry short,2022-05-04 07:00,C0|S|MKT|15|v0.3.0-tier0|SPY,392.64,100,39264,103,0.26,0,103,0.26,-15,-0.04,-598,-0.60,1
2432,Exit short,2022-05-05 07:15,TX15,396.33,100,39792,159,0.40,0,315,0.79,-2,-0.01,-439,-0.44,1
2432,Entry short,2022-05-05 07:00,C0|S|MKT|15|v0.3.0-tier0|SPY,397.92,100,39792,159,0.40,0,315,0.79,-2,-0.01,-439,-0.44,1
2433,Exit short,2022-05-06 07:15,TX15,385.1,100,38361,-149,-0.39,0,65,0.17,-217,-0.57,-588,-0.59,1
2433,Entry short,2022-05-06 07:00,C0|S|MKT|15|v0.3.0-tier0|SPY,383.61,100,38361,-149,-0.39,0,65,0.17,-217,-0.57,-588,-0.59,1
2434,Exit short,2022-05-09 07:45,TX15,379.96,100,37979,-17,-0.04,0,113,0.30,-40,-0.11,-605,-0.60,1
2434,Entry short,2022-05-09 07:30,C0|S|MKT|15|v0.3.0-tier0|SPY,379.79,100,37979,-17,-0.04,0,113,0.30,-40,-0.11,-605,-0.60,1
2435,Exit short,2022-05-10 07:45,TX15,378.23,100,37991,168,0.44,0,247,0.65,-22,-0.06,-437,-0.44,1
2435,Entry short,2022-05-10 07:30,C0|S|MKT|15|v0.3.0-tier0|SPY,379.91,100,37991,168,0.44,0,247,0.65,-22,-0.06,-437,-0.44,1
2436,Exit long,2022-05-11 07:15,TX15,378.52,100,37966,-114,-0.30,0,20,0.05,-250,-0.66,-551,-0.55,1
2436,Entry long,2022-05-11 07:00,C0|L|MKT|15|v0.3.0-tier0|SPY,379.66,100,37966,-114,-0.30,0,20,0.05,-250,-0.66,-551,-0.55,1
2437,Exit long,2022-05-12 07:30,TX15,370,100,36987,13,0.04,0,173,0.47,-103,-0.28,-538,-0.54,1
2437,Entry long,2022-05-12 07:15,C0|L|MKT|15|v0.3.0-tier0|SPY,369.87,100,36987,13,0.04,0,173,0.47,-103,-0.28,-538,-0.54,1
2438,Exit long,2022-05-13 07:15,TX15,377.31,100,37626,105,0.28,0,148,0.39,-12,-0.03,-433,-0.43,1
2438,Entry long,2022-05-13 07:00,C0|L|MKT|15|v0.3.0-tier0|SPY,376.26,100,37626,105,0.28,0,148,0.39,-12,-0.03,-433,-0.43,1
2439,Exit short,2022-05-16 07:15,TX15,377.51,100,37624,-127,-0.34,0,91,0.24,-207,-0.55,-560,-0.56,1
2439,Entry short,2022-05-16 07:00,C0|S|MKT|15|v0.3.0-tier0|SPY,376.24,100,37624,-127,-0.34,0,91,0.24,-207,-0.55,-560,-0.56,1
2440,Exit short,2022-05-17 07:15,TX15,382.43,100,38243,0,0.00,0,56,0.15,-89,-0.23,-560,-0.56,1
2440,Entry short,2022-05-17 07:00,C0|S|MKT|15|v0.3.0-tier0|SPY,382.43,100,38243,0,0.00,0,56,0.15,-89,-0.23,-560,-0.56,1
2441,Exit short,2022-05-18 07:15,TX15,379.17,100,37863,-54,-0.14,0,24,0.06,-88,-0.23,-614,-0.61,1
2441,Entry short,2022-05-18 07:00,C0|S|MKT|15|v0.3.0-tier0|SPY,378.63,100,37863,-54,-0.14,0,24,0.06,-88,-0.23,-614,-0.61,1
2442,Exit short,2022-05-20 07:30,TX15,369.02,100,36878,-24,-0.07,0,80,0.22,-57,-0.15,-638,-0.64,1
2442,Entry short,2022-05-20 07:15,C0|S|MKT|15|v0.3.0-tier0|SPY,368.78,100,36878,-24,-0.07,0,80,0.22,-57,-0.15,-638,-0.64,1
2443,Exit long,2022-05-23 07:45,TX15,372.07,100,37193,14,0.04,0,66,0.18,-48,-0.13,-624,-0.62,1
2443,Entry long,2022-05-23 07:30,C0|L|MKT|15|v0.3.0-tier0|SPY,371.93,100,37193,14,0.04,0,66,0.18,-48,-0.13,-624,-0.62,1
2444,Exit short,2022-05-24 07:15,TX15,366.47,100,36880,233,0.63,0,238,0.65,-11,-0.03,-391,-0.39,1
2444,Entry short,2022-05-24 07:00,C0|S|MKT|15|v0.3.0-tier0|SPY,368.8,100,36880,233,0.63,0,238,0.65,-11,-0.03,-391,-0.39,1
2445,Exit long,2022-05-25 07:30,TX15,374.12,100,37285,127,0.34,0,137,0.37,-37,-0.10,-264,-0.26,1
2445,Entry long,2022-05-25 07:15,C0|L|MKT|15|v0.3.0-tier0|SPY,372.85,100,37285,127,0.34,0,137,0.37,-37,-0.10,-264,-0.26,1
2446,Exit long,2022-05-26 07:15,TX15,380.65,100,38006,59,0.16,0,72,0.19,-32,-0.08,-205,-0.20,1
2446,Entry long,2022-05-26 07:00,C0|L|MKT|15|v0.3.0-tier0|SPY,380.06,100,38006,59,0.16,0,72,0.19,-32,-0.08,-205,-0.20,1
2447,Exit long,2022-05-27 07:15,TX15,388.43,100,38797,46,0.12,0,62,0.16,-37,-0.10,-159,-0.16,1
2447,Entry long,2022-05-27 07:00,C0|L|MKT|15|v0.3.0-tier0|SPY,387.97,100,38797,46,0.12,0,62,0.16,-37,-0.10,-159,-0.16,1
2448,Exit short,2022-06-01 07:30,TX15,387.2,100,38881,161,0.41,0,161,0.41,-1,0.00,2,0.00,1
2448,Entry short,2022-06-01 07:15,C0|S|MKT|15|v0.3.0-tier0|SPY,388.81,100,38881,161,0.41,0,161,0.41,-1,0.00,2,0.00,1
2449,Exit long,2022-06-02 07:30,TX15,385.04,100,38725,-221,-0.57,0,5,0.01,-307,-0.79,-219,-0.22,1
2449,Entry long,2022-06-02 07:15,C0|L|MKT|15|v0.3.0-tier0|SPY,387.25,100,38725,-221,-0.57,0,5,0.01,-307,-0.79,-219,-0.22,1
2450,Exit long,2022-06-06 07:30,TX15,392.56,100,39295,-39,-0.10,0,5,0.01,-82,-0.21,-258,-0.26,1
2450,Entry long,2022-06-06 07:15,C0|L|MKT|15|v0.3.0-tier0|SPY,392.95,100,39295,-39,-0.10,0,5,0.01,-82,-0.21,-258,-0.26,1
2451,Exit long,2022-06-07 07:15,TX15,386.38,100,38670,-32,-0.08,0,81,0.21,-69,-0.18,-290,-0.29,1
2451,Entry long,2022-06-07 07:00,C0|L|MKT|15|v0.3.0-tier0|SPY,386.7,100,38670,-32,-0.08,0,81,0.21,-69,-0.18,-290,-0.29,1
2452,Exit long,2022-06-08 07:15,TX15,390.27,100,39201,-174,-0.44,0,10,0.03,-174,-0.44,-464,-0.46,1
2452,Entry long,2022-06-08 07:00,C0|L|MKT|15|v0.3.0-tier0|SPY,392.01,100,39201,-174,-0.44,0,10,0.03,-174,-0.44,-464,-0.46,1
2453,Exit long,2022-06-09 07:15,TX15,386.72,100,38854,-182,-0.47,0,8,0.02,-249,-0.64,-646,-0.65,1
2453,Entry long,2022-06-09 07:00,C0|L|MKT|15|v0.3.0-tier0|SPY,388.54,100,38854,-182,-0.47,0,8,0.02,-249,-0.64,-646,-0.65,1
2454,Exit short,2022-06-10 07:30,TX15,368.39,100,36926,87,0.24,0,98,0.27,-9,-0.02,-559,-0.56,1
2454,Entry short,2022-06-10 07:15,C0|S|MKT|15|v0.3.0-tier0|SPY,369.26,100,36926,87,0.24,0,98,0.27,-9,-0.02,-559,-0.56,1
2455,Exit short,2022-06-13 07:30,TX15,355.98,100,35719,121,0.34,0,144,0.40,-1,0.00,-438,-0.44,1
2455,Entry short,2022-06-13 07:15,C0|S|MKT|15|v0.3.0-tier0|SPY,357.19,100,35719,121,0.34,0,144,0.40,-1,0.00,-438,-0.44,1
2456,Exit long,2022-06-14 07:15,TX15,354.26,100,35624,-198,-0.56,0,46,0.13,-209,-0.59,-636,-0.64,1
2456,Entry long,2022-06-14 07:00,C0|L|MKT|15|v0.3.0-tier0|SPY,356.24,100,35624,-198,-0.56,0,46,0.13,-209,-0.59,-636,-0.64,1
2457,Exit short,2022-06-16 07:30,TX15,348.12,100,34693,-119,-0.34,0,13,0.04,-148,-0.43,-755,-0.75,1
2457,Entry short,2022-06-16 07:15,C0|S|MKT|15|v0.3.0-tier0|SPY,346.93,100,34693,-119,-0.34,0,13,0.04,-148,-0.43,-755,-0.75,1
2458,Exit short,2022-06-17 07:45,TX15,344.84,100,34558,74,0.21,0,183,0.53,-36,-0.10,-681,-0.68,1
2458,Entry short,2022-06-17 07:30,C0|S|MKT|15|v0.3.0-tier0|SPY,345.58,100,34558,74,0.21,0,183,0.53,-36,-0.10,-681,-0.68,1
2459,Exit long,2022-06-21 07:15,TX15,355.51,100,35533,18,0.05,0,26,0.07,-43,-0.12,-663,-0.66,1
2459,Entry long,2022-06-21 07:00,C0|L|MKT|15|v0.3.0-tier0|SPY,355.33,100,35533,18,0.05,0,26,0.07,-43,-0.12,-663,-0.66,1
2460,Exit long,2022-06-22 07:15,TX15,355.22,100,35409,113,0.32,0,130,0.37,-73,-0.21,-550,-0.55,1
2460,Entry long,2022-06-22 07:00,C0|L|MKT|15|v0.3.0-tier0|SPY,354.09,100,35409,113,0.32,0,130,0.37,-73,-0.21,-550,-0.55,1
2461,Exit long,2022-06-24 07:15,TX15,366.14,100,36381,233,0.64,0,305,0.84,0,0.00,-317,-0.32,1
2461,Entry long,2022-06-24 07:00,C0|L|MKT|15|v0.3.0-tier0|SPY,363.81,100,36381,233,0.64,0,305,0.84,0,0.00,-317,-0.32,1
2462,Exit short,2022-06-27 07:15,TX15,368.25,100,36792,-33,-0.09,0,9,0.02,-164,-0.45,-350,-0.35,1
2462,Entry short,2022-06-27 07:00,C0|S|MKT|15|v0.3.0-tier0|SPY,367.92,100,36792,-33,-0.09,0,9,0.02,-164,-0.45,-350,-0.35,1
2463,Exit short,2022-06-28 07:45,TX15,368.77,100,36924,47,0.13,0,115,0.31,-10,-0.03,-303,-0.30,1
2463,Entry short,2022-06-28 07:30,C0|S|MKT|15|v0.3.0-tier0|SPY,369.24,100,36924,47,0.13,0,115,0.31,-10,-0.03,-303,-0.30,1
2464,Exit short,2022-06-30 07:15,TX15,354.44,100,35391,-53,-0.15,0,74,0.21,-53,-0.15,-356,-0.36,1
2464,Entry short,2022-06-30 07:00,C0|S|MKT|15|v0.3.0-tier0|SPY,353.91,100,35391,-53,-0.15,0,74,0.21,-53,-0.15,-356,-0.36,1
2465,Exit long,2022-07-01 07:15,TX15,356.12,100,35897,-285,-0.79,0,125,0.35,-293,-0.82,-641,-0.64,1
2465,Entry long,2022-07-01 07:00,C0|L|MKT|15|v0.3.0-tier0|SPY,358.97,100,35897,-285,-0.79,0,125,0.35,-293,-0.82,-641,-0.64,1
2466,Exit short,2022-07-06 07:30,TX15,362.27,100,36128,-99,-0.27,0,37,0.10,-123,-0.34,-740,-0.74,1
2466,Entry short,2022-07-06 07:15,C0|S|MKT|15|v0.3.0-tier0|SPY,361.28,100,36128,-99,-0.27,0,37,0.10,-123,-0.34,-740,-0.74,1
2467,Exit long,2022-07-07 07:15,TX15,366.52,100,36715,-63,-0.17,0,1,0.00,-120,-0.33,-803,-0.80,1
2467,Entry long,2022-07-07 07:00,C0|L|MKT|15|v0.3.0-tier0|SPY,367.15,100,36715,-63,-0.17,0,1,0.00,-120,-0.33,-803,-0.80,1
2468,Exit short,2022-07-08 07:15,TX15,367.12,100,36621,-91,-0.25,0,64,0.17,-92,-0.25,-894,-0.89,1
2468,Entry short,2022-07-08 07:00,C0|S|MKT|15|v0.3.0-tier0|SPY,366.21,100,36621,-91,-0.25,0,64,0.17,-92,-0.25,-894,-0.89,1
2469,Exit short,2022-07-12 07:30,TX15,362.98,100,36342,44,0.12,0,63,0.17,-50,-0.14,-850,-0.85,1
2469,Entry short,2022-07-12 07:15,C0|S|MKT|15|v0.3.0-tier0|SPY,363.42,100,36342,44,0.12,0,63,0.17,-50,-0.14,-850,-0.85,1
2470,Exit short,2022-07-14 07:30,TX15,352.56,100,35227,-29,-0.08,0,47,0.13,-54,-0.15,-879,-0.88,1
2470,Entry short,2022-07-14 07:15,C0|S|MKT|15|v0.3.0-tier0|SPY,352.27,100,35227,-29,-0.08,0,47,0.13,-54,-0.15,-879,-0.88,1
2471,Exit short,2022-07-15 07:15,TX15,362.91,100,36160,-131,-0.36,0,1,0.00,-240,-0.66,-1010,-1.01,1
2471,Entry short,2022-07-15 07:00,C0|S|MKT|15|v0.3.0-tier0|SPY,361.6,100,36160,-131,-0.36,0,1,0.00,-240,-0.66,-1010,-1.01,1
2472,Exit long,2022-07-19 07:15,TX15,366.86,100,36675,11,0.03,0,58,0.16,-63,-0.17,-999,-1.00,1
2472,Entry long,2022-07-19 07:00,C0|L|MKT|15|v0.3.0-tier0|SPY,366.75,100,36675,11,0.03,0,58,0.16,-63,-0.17,-999,-1.00,1
2473,Exit short,2022-07-20 07:15,TX15,371.74,100,37107,-67,-0.18,0,40,0.11,-79,-0.21,-1066,-1.07,1
2473,Entry short,2022-07-20 07:00,C0|S|MKT|15|v0.3.0-tier0|SPY,371.07,100,37107,-67,-0.18,0,40,0.11,-79,-0.21,-1066,-1.07,1
2474,Exit long,2022-07-21 07:15,TX15,372.12,100,37438,-226,-0.60,0,77,0.21,-247,-0.66,-1292,-1.29,1
2474,Entry long,2022-07-21 07:00,C0|L|MKT|15|v0.3.0-tier0|SPY,374.38,100,37438,-226,-0.60,0,77,0.21,-247,-0.66,-1292,-1.29,1
2475,Exit short,2022-07-22 07:15,TX15,377.76,100,37722,-54,-0.14,0,70,0.19,-64,-0.17,-1346,-1.35,1
2475,Entry short,2022-07-22 07:00,C0|S|MKT|15|v0.3.0-tier0|SPY,377.22,100,37722,-54,-0.14,0,70,0.19,-64,-0.17,-1346,-1.35,1
2476,Exit short,2022-07-26 07:30,TX15,372.06,100,37242,36,0.10,0,55,0.15,-23,-0.06,-1310,-1.31,1
2476,Entry short,2022-07-26 07:15,C0|S|MKT|15|v0.3.0-tier0|SPY,372.42,100,37242,36,0.10,0,55,0.15,-23,-0.06,-1310,-1.31,1
2477,Exit long,2022-07-27 07:30,TX15,375.12,100,37495,17,0.05,0,41,0.11,-9,-0.02,-1293,-1.29,1
2477,Entry long,2022-07-27 07:15,C0|L|MKT|15|v0.3.0-tier0|SPY,374.95,100,37495,17,0.05,0,41,0.11,-9,-0.02,-1293,-1.29,1
2478,Exit short,2022-07-28 07:15,TX15,378.22,100,37858,36,0.10,0,89,0.24,-60,-0.16,-1257,-1.26,1
2478,Entry short,2022-07-28 07:00,C0|S|MKT|15|v0.3.0-tier0|SPY,378.58,100,37858,36,0.10,0,89,0.24,-60,-0.16,-1257,-1.26,1
2479,Exit long,2022-07-29 07:15,TX15,388.32,100,38788,44,0.11,0,115,0.30,-45,-0.12,-1213,-1.21,1
2479,Entry long,2022-07-29 07:00,C0|L|MKT|15|v0.3.0-tier0|SPY,387.88,100,38788,44,0.11,0,115,0.30,-45,-0.12,-1213,-1.21,1
2480,Exit long,2022-08-01 07:15,TX15,390.99,100,38972,127,0.33,0,163,0.42,-48,-0.12,-1086,-1.09,1
2480,Entry long,2022-08-01 07:00,C0|L|MKT|15|v0.3.0-tier0|SPY,389.72,100,38972,127,0.33,0,163,0.42,-48,-0.12,-1086,-1.09,1
2481,Exit short,2022-08-02 07:30,TX15,387.83,100,38676,-107,-0.28,0,16,0.04,-107,-0.28,-1193,-1.19,1
2481,Entry short,2022-08-02 07:15,C0|S|MKT|15|v0.3.0-tier0|SPY,386.76,100,38676,-107,-0.28,0,16,0.04,-107,-0.28,-1193,-1.19,1
2482,Exit long,2022-08-03 07:30,TX15,390.2,100,39076,-56,-0.14,0,8,0.02,-141,-0.36,-1249,-1.25,1
2482,Entry long,2022-08-03 07:15,C0|L|MKT|15|v0.3.0-tier0|SPY,390.76,100,39076,-56,-0.14,0,8,0.02,-141,-0.36,-1249,-1.25,1
2483,Exit long,2022-08-05 07:15,TX15,392.16,100,39059,157,0.40,0,183,0.47,-18,-0.05,-1092,-1.09,1
2483,Entry long,2022-08-05 07:00,C0|L|MKT|15|v0.3.0-tier0|SPY,390.59,100,39059,157,0.40,0,183,0.47,-18,-0.05,-1092,-1.09,1
2484,Exit short,2022-08-09 07:15,TX15,389.78,100,38966,-12,-0.03,0,32,0.08,-35,-0.09,-1104,-1.10,1
2484,Entry short,2022-08-09 07:00,C0|S|MKT|15|v0.3.0-tier0|SPY,389.66,100,38966,-12,-0.03,0,32,0.08,-35,-0.09,-1104,-1.10,1
2485,Exit long,2022-08-11 07:15,TX15,402.09,100,40141,68,0.17,0,84,0.21,-10,-0.02,-1036,-1.04,1
2485,Entry long,2022-08-11 07:00,C0|L|MKT|15|v0.3.0-tier0|SPY,401.41,100,40141,68,0.17,0,84,0.21,-10,-0.02,-1036,-1.04,1
2486,Exit long,2022-08-15 07:15,TX15,403.83,100,40471,-88,-0.22,0,0,0.00,-93,-0.23,-1124,-1.12,1
2486,Entry long,2022-08-15 07:00,C0|L|MKT|15|v0.3.0-tier0|SPY,404.71,100,40471,-88,-0.22,0,0,0.00,-93,-0.23,-1124,-1.12,1
2487,Exit short,2022-08-19 07:15,TX15,400.79,100,40115,36,0.09,0,42,0.10,-34,-0.08,-1088,-1.09,1
2487,Entry short,2022-08-19 07:00,C0|S|MKT|15|v0.3.0-tier0|SPY,401.15,100,40115,36,0.09,0,42,0.10,-34,-0.08,-1088,-1.09,1
2488,Exit short,2022-08-22 07:30,TX15,393.27,100,39394,67,0.17,0,85,0.22,-14,-0.04,-1021,-1.02,1
2488,Entry short,2022-08-22 07:15,C0|S|MKT|15|v0.3.0-tier0|SPY,393.94,100,39394,67,0.17,0,85,0.22,-14,-0.04,-1021,-1.02,1
2489,Exit long,2022-08-23 07:30,TX15,392.49,100,39355,-106,-0.27,0,19,0.05,-108,-0.27,-1127,-1.13,1
2489,Entry long,2022-08-23 07:15,C0|L|MKT|15|v0.3.0-tier0|SPY,393.55,100,39355,-106,-0.27,0,19,0.05,-108,-0.27,-1127,-1.13,1
2490,Exit long,2022-08-24 07:45,TX15,391.22,100,39173,-51,-0.13,0,26,0.07,-78,-0.20,-1178,-1.18,1
2490,Entry long,2022-08-24 07:30,C0|L|MKT|15|v0.3.0-tier0|SPY,391.73,100,39173,-51,-0.13,0,26,0.07,-78,-0.20,-1178,-1.18,1
2491,Exit long,2022-08-25 07:15,TX15,394.94,100,39473,21,0.05,0,50,0.13,-30,-0.08,-1157,-1.16,1
2491,Entry long,2022-08-25 07:00,C0|L|MKT|15|v0.3.0-tier0|SPY,394.73,100,39473,21,0.05,0,50,0.13,-30,-0.08,-1157,-1.16,1
2492,Exit short,2022-08-26 07:30,TX15,393.29,100,39675,346,0.87,0,393,0.99,-33,-0.08,-811,-0.81,1
2492,Entry short,2022-08-26 07:15,C0|S|MKT|15|v0.3.0-tier0|SPY,396.75,100,39675,346,0.87,0,393,0.99,-33,-0.08,-811,-0.81,1
2493,Exit short,2022-08-30 07:15,TX15,379.53,100,38092,139,0.36,0,173,0.45,-49,-0.13,-672,-0.67,1
2493,Entry short,2022-08-30 07:00,C0|S|MKT|15|v0.3.0-tier0|SPY,380.92,100,38092,139,0.36,0,173,0.45,-49,-0.13,-672,-0.67,1
2494,Exit short,2022-08-31 07:45,TX15,378.13,100,37737,-76,-0.20,0,52,0.14,-84,-0.22,-748,-0.75,1
2494,Entry short,2022-08-31 07:30,C0|S|MKT|15|v0.3.0-tier0|SPY,377.37,100,37737,-76,-0.20,0,52,0.14,-84,-0.22,-748,-0.75,1
2495,Exit short,2022-09-01 07:30,TX15,372.18,100,37059,-159,-0.43,0,37,0.10,-168,-0.45,-907,-0.91,1
2495,Entry short,2022-09-01 07:15,C0|S|MKT|15|v0.3.0-tier0|SPY,370.59,100,37059,-159,-0.43,0,37,0.10,-168,-0.45,-907,-0.91,1
2496,Exit short,2022-09-06 07:15,TX15,369.06,100,37108,202,0.54,0,289,0.78,-13,-0.04,-705,-0.70,1
2496,Entry short,2022-09-06 07:00,C0|S|MKT|15|v0.3.0-tier0|SPY,371.08,100,37108,202,0.54,0,289,0.78,-13,-0.04,-705,-0.70,1
2497,Exit long,2022-09-08 07:15,TX15,375.94,100,37663,-69,-0.18,0,12,0.03,-148,-0.39,-774,-0.77,1
2497,Entry long,2022-09-08 07:00,C0|L|MKT|15|v0.3.0-tier0|SPY,376.63,100,37663,-69,-0.18,0,12,0.03,-148,-0.39,-774,-0.77,1
2498,Exit long,2022-09-09 07:15,TX15,383.71,100,38321,50,0.13,0,91,0.24,-14,-0.04,-724,-0.72,1
2498,Entry long,2022-09-09 07:00,C0|L|MKT|15|v0.3.0-tier0|SPY,383.21,100,38321,50,0.13,0,91,0.24,-14,-0.04,-724,-0.72,1
2499,Exit long,2022-09-12 07:15,TX15,389.43,100,38961,-18,-0.05,0,8,0.02,-38,-0.10,-742,-0.74,1
2499,Entry long,2022-09-12 07:00,C0|L|MKT|15|v0.3.0-tier0|SPY,389.61,100,38961,-18,-0.05,0,8,0.02,-38,-0.10,-742,-0.74,1
2500,Exit short,2022-09-13 07:30,TX15,379.26,100,37950,24,0.06,0,54,0.14,-64,-0.17,-718,-0.72,1
2500,Entry short,2022-09-13 07:15,C0|S|MKT|15|v0.3.0-tier0|SPY,379.5,100,37950,24,0.06,0,54,0.14,-64,-0.17,-718,-0.72,1
2501,Exit long,2022-09-14 07:15,TX15,373.71,100,37454,-83,-0.22,0,2,0.01,-109,-0.29,-801,-0.80,1
2501,Entry long,2022-09-14 07:00,C0|L|MKT|15|v0.3.0-tier0|SPY,374.54,100,37454,-83,-0.22,0,2,0.01,-109,-0.29,-801,-0.80,1
2502,Exit long,2022-09-15 07:15,TX15,374.56,100,37468,-12,-0.03,0,65,0.17,-50,-0.13,-813,-0.81,1
2502,Entry long,2022-09-15 07:00,C0|L|MKT|15|v0.3.0-tier0|SPY,374.68,100,37468,-12,-0.03,0,65,0.17,-50,-0.13,-813,-0.81,1
2503,Exit short,2022-09-16 07:15,TX15,366.31,100,36411,-220,-0.60,0,2,0.01,-261,-0.72,-1033,-1.03,1
2503,Entry short,2022-09-16 07:00,C0|S|MKT|15|v0.3.0-tier0|SPY,364.11,100,36411,-220,-0.60,0,2,0.01,-261,-0.72,-1033,-1.03,1
2504,Exit long,2022-09-19 07:15,TX15,366.82,100,36631,51,0.14,0,103,0.28,-78,-0.21,-982,-0.98,1
2504,Entry long,2022-09-19 07:00,C0|L|MKT|15|v0.3.0-tier0|SPY,366.31,100,36631,51,0.14,0,103,0.28,-78,-0.21,-982,-0.98,1
2505,Exit short,2022-09-20 07:30,TX15,365.49,100,36507,-42,-0.12,0,42,0.12,-60,-0.16,-1024,-1.02,1
2505,Entry short,2022-09-20 07:15,C0|S|MKT|15|v0.3.0-tier0|SPY,365.07,100,36507,-42,-0.12,0,42,0.12,-60,-0.16,-1024,-1.02,1
2506,Exit long,2022-09-21 07:45,TX15,367.36,100,36851,-115,-0.31,0,8,0.02,-119,-0.32,-1139,-1.14,1
2506,Entry long,2022-09-21 07:30,C0|L|MKT|15|v0.3.0-tier0|SPY,368.51,100,36851,-115,-0.31,0,8,0.02,-119,-0.32,-1139,-1.14,1
2507,Exit short,2022-09-22 07:15,TX15,358.3,100,35688,-142,-0.40,0,63,0.18,-143,-0.40,-1281,-1.28,1
2507,Entry short,2022-09-22 07:00,C0|S|MKT|15|v0.3.0-tier0|SPY,356.88,100,35688,-142,-0.40,0,63,0.18,-143,-0.40,-1281,-1.28,1
2508,Exit short,2022-09-23 07:15,TX15,350.5,100,35008,-42,-0.12,0,36,0.10,-95,-0.27,-1323,-1.32,1
2508,Entry short,2022-09-23 07:00,C0|S|MKT|15|v0.3.0-tier0|SPY,350.08,100,35008,-42,-0.12,0,36,0.10,-95,-0.27,-1323,-1.32,1
2509,Exit long,2022-09-26 07:30,TX15,352.04,100,35124,80,0.23,0,112,0.32,-1,0.00,-1243,-1.24,1
2509,Entry long,2022-09-26 07:15,C0|L|MKT|15|v0.3.0-tier0|SPY,351.24,100,35124,80,0.23,0,112,0.32,-1,0.00,-1243,-1.24,1
2510,Exit short,2022-09-27 07:30,TX15,349.12,100,34935,23,0.07,0,51,0.15,-107,-0.31,-1220,-1.22,1
2510,Entry short,2022-09-27 07:15,C0|S|MKT|15|v0.3.0-tier0|SPY,349.35,100,34935,23,0.07,0,51,0.15,-107,-0.31,-1220,-1.22,1
2511,Exit long,2022-09-28 07:45,TX15,349.16,100,34880,36,0.10,0,69,0.20,-47,-0.13,-1184,-1.18,1
2511,Entry long,2022-09-28 07:30,C0|L|MKT|15|v0.3.0-tier0|SPY,348.8,100,34880,36,0.10,0,69,0.20,-47,-0.13,-1184,-1.18,1
2512,Exit short,2022-09-29 07:15,TX15,343.72,100,34569,197,0.57,0,208,0.60,-11,-0.03,-987,-0.99,1
2512,Entry short,2022-09-29 07:00,C0|S|MKT|15|v0.3.0-tier0|SPY,345.69,100,34569,197,0.57,0,208,0.60,-11,-0.03,-987,-0.99,1
2513,Exit long,2022-09-30 07:15,TX15,345.17,100,34560,-43,-0.12,0,25,0.07,-84,-0.24,-1030,-1.03,1
2513,Entry long,2022-09-30 07:00,C0|L|MKT|15|v0.3.0-tier0|SPY,345.6,100,34560,-43,-0.12,0,25,0.07,-84,-0.24,-1030,-1.03,1
2514,Exit long,2022-10-03 07:30,TX15,346.82,100,34564,118,0.34,0,157,0.45,-18,-0.05,-912,-0.91,1
2514,Entry long,2022-10-03 07:15,C0|L|MKT|15|v0.3.0-tier0|SPY,345.64,100,34564,118,0.34,0,157,0.45,-18,-0.05,-912,-0.91,1
2515,Exit long,2022-10-04 07:15,TX15,358.62,100,35789,73,0.20,0,114,0.32,0,0.00,-839,-0.84,1
2515,Entry long,2022-10-04 07:00,C0|L|MKT|15|v0.3.0-tier0|SPY,357.89,100,35789,73,0.20,0,114,0.32,0,0.00,-839,-0.84,1
2516,Exit short,2022-10-05 07:30,TX15,353.57,100,35429,72,0.20,0,76,0.21,-9,-0.03,-767,-0.77,1
2516,Entry short,2022-10-05 07:15,C0|S|MKT|15|v0.3.0-tier0|SPY,354.29,100,35429,72,0.20,0,76,0.21,-9,-0.03,-767,-0.77,1
2517,Exit short,2022-10-06 07:30,TX15,355.64,100,35620,56,0.16,0,57,0.16,-94,-0.26,-711,-0.71,1
2517,Entry short,2022-10-06 07:15,C0|S|MKT|15|v0.3.0-tier0|SPY,356.2,100,35620,56,0.16,0,57,0.16,-94,-0.26,-711,-0.71,1
2518,Exit short,2022-10-07 07:15,TX15,348.01,100,34787,-14,-0.04,0,65,0.19,-54,-0.16,-725,-0.73,1
2518,Entry short,2022-10-07 07:00,C0|S|MKT|15|v0.3.0-tier0|SPY,347.87,100,34787,-14,-0.04,0,65,0.19,-54,-0.16,-725,-0.73,1
2519,Exit short,2022-10-10 07:15,TX15,343.84,100,34419,35,0.10,0,63,0.18,-44,-0.13,-690,-0.69,1
2519,Entry short,2022-10-10 07:00,C0|S|MKT|15|v0.3.0-tier0|SPY,344.19,100,34419,35,0.10,0,63,0.18,-44,-0.13,-690,-0.69,1
2520,Exit short,2022-10-11 07:15,TX15,339.67,100,33933,-34,-0.10,0,66,0.19,-41,-0.12,-724,-0.72,1
2520,Entry short,2022-10-11 07:00,C0|S|MKT|15|v0.3.0-tier0|SPY,339.33,100,33933,-34,-0.10,0,66,0.19,-41,-0.12,-724,-0.72,1
2521,Exit long,2022-10-13 07:15,TX15,336.73,100,33499,174,0.52,0,181,0.54,-48,-0.14,-550,-0.55,1
2521,Entry long,2022-10-13 07:00,C0|L|MKT|15|v0.3.0-tier0|SPY,334.99,100,33499,174,0.52,0,181,0.54,-48,-0.14,-550,-0.55,1
2522,Exit short,2022-10-14 07:15,TX15,344.63,100,34894,431,1.24,0,464,1.33,0,0.00,-119,-0.12,1
2522,Entry short,2022-10-14 07:00,C0|S|MKT|15|v0.3.0-tier0|SPY,348.94,100,34894,431,1.24,0,464,1.33,0,0.00,-119,-0.12,1
2523,Exit long,2022-10-17 07:30,TX15,349.06,100,35008,-102,-0.29,0,16,0.05,-123,-0.35,-221,-0.22,1
2523,Entry long,2022-10-17 07:15,C0|L|MKT|15|v0.3.0-tier0|SPY,350.08,100,35008,-102,-0.29,0,16,0.05,-123,-0.35,-221,-0.22,1
2524,Exit short,2022-10-18 07:15,TX15,355.78,100,35519,-59,-0.17,0,10,0.03,-114,-0.32,-280,-0.28,1
2524,Entry short,2022-10-18 07:00,C0|S|MKT|15|v0.3.0-tier0|SPY,355.19,100,35519,-59,-0.17,0,10,0.03,-114,-0.32,-280,-0.28,1
2525,Exit long,2022-10-19 07:45,TX15,352.69,100,35371,-102,-0.29,0,22,0.06,-132,-0.37,-382,-0.38,1
2525,Entry long,2022-10-19 07:30,C0|L|MKT|15|v0.3.0-tier0|SPY,353.71,100,35371,-102,-0.29,0,22,0.06,-132,-0.37,-382,-0.38,1
2526,Exit long,2022-10-20 07:15,TX15,353.19,100,35135,184,0.52,0,251,0.71,-15,-0.04,-198,-0.20,1
2526,Entry long,2022-10-20 07:00,C0|L|MKT|15|v0.3.0-tier0|SPY,351.35,100,35135,184,0.52,0,251,0.71,-15,-0.04,-198,-0.20,1
2527,Exit long,2022-10-21 07:15,TX15,352.03,100,35143,60,0.17,0,132,0.38,-40,-0.11,-138,-0.14,1
2527,Entry long,2022-10-21 07:00,C0|L|MKT|15|v0.3.0-tier0|SPY,351.43,100,35143,60,0.17,0,132,0.38,-40,-0.11,-138,-0.14,1
2528,Exit short,2022-10-24 07:45,TX15,357.19,100,35657,-62,-0.17,0,44,0.12,-156,-0.44,-200,-0.20,1
2528,Entry short,2022-10-24 07:30,C0|S|MKT|15|v0.3.0-tier0|SPY,356.57,100,35657,-62,-0.17,0,44,0.12,-156,-0.44,-200,-0.20,1
2529,Exit long,2022-10-25 07:15,TX15,363.55,100,36396,-41,-0.11,0,36,0.10,-102,-0.28,-241,-0.24,1
2529,Entry long,2022-10-25 07:00,C0|L|MKT|15|v0.3.0-tier0|SPY,363.96,100,36396,-41,-0.11,0,36,0.10,-102,-0.28,-241,-0.24,1
2530,Exit long,2022-10-26 07:30,TX15,366.09,100,36532,77,0.21,0,102,0.28,-38,-0.10,-164,-0.16,1
2530,Entry long,2022-10-26 07:15,C0|L|MKT|15|v0.3.0-tier0|SPY,365.32,100,36532,77,0.21,0,102,0.28,-38,-0.10,-164,-0.16,1
2531,Exit short,2022-10-27 07:15,TX15,365.48,100,36283,-265,-0.73,0,34,0.09,-288,-0.79,-429,-0.43,1
2531,Entry short,2022-10-27 07:00,C0|S|MKT|15|v0.3.0-tier0|SPY,362.83,100,36283,-265,-0.73,0,34,0.09,-288,-0.79,-429,-0.43,1
2532,Exit long,2022-10-28 07:45,TX15,366.23,100,36550,73,0.20,0,83,0.23,-20,-0.05,-356,-0.36,1
2532,Entry long,2022-10-28 07:30,C0|L|MKT|15|v0.3.0-tier0|SPY,365.5,100,36550,73,0.20,0,83,0.23,-20,-0.05,-356,-0.36,1
2533,Exit short,2022-10-31 07:15,TX15,367.43,100,36685,-58,-0.16,0,15,0.04,-84,-0.23,-414,-0.41,1
2533,Entry short,2022-10-31 07:00,C0|S|MKT|15|v0.3.0-tier0|SPY,366.85,100,36685,-58,-0.16,0,15,0.04,-84,-0.23,-414,-0.41,1
2534,Exit short,2022-11-01 07:15,TX15,367.02,100,36942,240,0.65,0,290,0.79,-26,-0.07,-174,-0.17,1
2534,Entry short,2022-11-01 07:00,C0|S|MKT|15|v0.3.0-tier0|SPY,369.42,100,36942,240,0.65,0,290,0.79,-26,-0.07,-174,-0.17,1
2535,Exit short,2022-11-02 07:15,TX15,363.95,100,36401,6,0.02,0,6,0.02,-60,-0.16,-168,-0.17,1
2535,Entry short,2022-11-02 07:00,C0|S|MKT|15|v0.3.0-tier0|SPY,364.01,100,36401,6,0.02,0,6,0.02,-60,-0.16,-168,-0.17,1
2536,Exit short,2022-11-03 07:15,TX15,353.59,100,35143,-216,-0.61,0,40,0.11,-216,-0.61,-384,-0.38,1
2536,Entry short,2022-11-03 07:00,C0|S|MKT|15|v0.3.0-tier0|SPY,351.43,100,35143,-216,-0.61,0,40,0.11,-216,-0.61,-384,-0.38,1
2537,Exit long,2022-11-04 07:45,TX15,359.85,100,35947,38,0.11,0,112,0.31,-42,-0.12,-346,-0.35,1
2537,Entry long,2022-11-04 07:30,C0|L|MKT|15|v0.3.0-tier0|SPY,359.47,100,35947,38,0.11,0,112,0.31,-42,-0.12,-346,-0.35,1
2538,Exit short,2022-11-07 07:15,TX15,359.43,100,35799,-144,-0.40,0,9,0.03,-144,-0.40,-490,-0.49,1
2538,Entry short,2022-11-07 07:00,C0|S|MKT|15|v0.3.0-tier0|SPY,357.99,100,35799,-144,-0.40,0,9,0.03,-144,-0.40,-490,-0.49,1
2539,Exit long,2022-11-08 07:45,TX15,364.58,100,36355,103,0.28,0,114,0.31,-5,-0.01,-387,-0.39,1
2539,Entry long,2022-11-08 07:30,C0|L|MKT|15|v0.3.0-tier0|SPY,363.55,100,36355,103,0.28,0,114,0.31,-5,-0.01,-387,-0.39,1
2540,Exit long,2022-11-09 07:30,TX15,361.27,100,36227,-100,-0.28,0,47,0.13,-115,-0.32,-487,-0.49,1
2540,Entry long,2022-11-09 07:15,C0|L|MKT|15|v0.3.0-tier0|SPY,362.27,100,36227,-100,-0.28,0,47,0.13,-115,-0.32,-487,-0.49,1
2541,Exit long,2022-11-10 07:15,TX15,370.14,100,37104,-90,-0.24,0,61,0.16,-94,-0.25,-577,-0.58,1
2541,Entry long,2022-11-10 07:00,C0|L|MKT|15|v0.3.0-tier0|SPY,371.04,100,37104,-90,-0.24,0,61,0.16,-94,-0.25,-577,-0.58,1
2542,Exit long,2022-11-11 07:30,TX15,377.92,100,37729,63,0.17,0,110,0.29,-2,-0.01,-514,-0.51,1
2542,Entry long,2022-11-11 07:15,C0|L|MKT|15|v0.3.0-tier0|SPY,377.29,100,37729,63,0.17,0,110,0.29,-2,-0.01,-514,-0.51,1
2543,Exit long,2022-11-14 07:30,TX15,378.76,100,37915,-39,-0.10,0,59,0.16,-75,-0.20,-553,-0.55,1
2543,Entry long,2022-11-14 07:15,C0|L|MKT|15|v0.3.0-tier0|SPY,379.15,100,37915,-39,-0.10,0,59,0.16,-75,-0.20,-553,-0.55,1
2544,Exit short,2022-11-15 07:30,TX15,382.2,100,38154,-66,-0.17,0,60,0.16,-87,-0.23,-619,-0.62,1
2544,Entry short,2022-11-15 07:15,C0|S|MKT|15|v0.3.0-tier0|SPY,381.54,100,38154,-66,-0.17,0,60,0.16,-87,-0.23,-619,-0.62,1
2545,Exit short,2022-11-16 07:15,TX15,377.22,100,37722,0,0.00,0,37,0.10,-70,-0.19,-619,-0.62,1
2545,Entry short,2022-11-16 07:00,C0|S|MKT|15|v0.3.0-tier0|SPY,377.22,100,37722,0,0.00,0,37,0.10,-70,-0.19,-619,-0.62,1
2546,Exit long,2022-11-17 07:45,TX15,372.44,100,37307,-63,-0.17,0,1,0.00,-70,-0.19,-682,-0.68,1
2546,Entry long,2022-11-17 07:30,C0|L|MKT|15|v0.3.0-tier0|SPY,373.07,100,37307,-63,-0.17,0,1,0.00,-70,-0.19,-682,-0.68,1
2547,Exit short,2022-11-18 07:30,TX15,376.35,100,37576,-59,-0.16,0,29,0.08,-78,-0.21,-741,-0.74,1
2547,Entry short,2022-11-18 07:15,C0|S|MKT|15|v0.3.0-tier0|SPY,375.76,100,37576,-59,-0.16,0,29,0.08,-78,-0.21,-741,-0.74,1
2548,Exit short,2022-11-21 07:45,TX15,374.65,100,37493,28,0.07,0,45,0.12,-23,-0.06,-713,-0.71,1
2548,Entry short,2022-11-21 07:30,C0|S|MKT|15|v0.3.0-tier0|SPY,374.93,100,37493,28,0.07,0,45,0.12,-23,-0.06,-713,-0.71,1
2549,Exit long,2022-11-22 07:30,TX15,378.03,100,37816,-13,-0.03,0,13,0.03,-53,-0.14,-726,-0.73,1
2549,Entry long,2022-11-22 07:15,C0|L|MKT|15|v0.3.0-tier0|SPY,378.16,100,37816,-13,-0.03,0,13,0.03,-53,-0.14,-726,-0.73,1
2550,Exit long,2022-11-23 07:15,TX15,382.25,100,38207,18,0.05,0,63,0.16,-66,-0.17,-708,-0.71,1
2550,Entry long,2022-11-23 07:00,C0|L|MKT|15|v0.3.0-tier0|SPY,382.07,100,38207,18,0.05,0,63,0.16,-66,-0.17,-708,-0.71,1
2551,Exit long,2022-11-25 07:15,TX15,383.14,100,38305,9,0.02,0,24,0.06,-14,-0.04,-699,-0.70,1
2551,Entry long,2022-11-25 07:00,C0|L|MKT|15|v0.3.0-tier0|SPY,383.05,100,38305,9,0.02,0,24,0.06,-14,-0.04,-699,-0.70,1
2552,Exit long,2022-11-29 07:45,TX15,377.59,100,37790,-31,-0.08,0,20,0.05,-39,-0.10,-730,-0.73,1
2552,Entry long,2022-11-29 07:30,C0|L|MKT|15|v0.3.0-tier0|SPY,377.9,100,37790,-31,-0.08,0,20,0.05,-39,-0.10,-730,-0.73,1
2553,Exit short,2022-11-30 07:30,TX15,375.21,100,37565,44,0.12,0,70,0.19,-6,-0.02,-686,-0.69,1
2553,Entry short,2022-11-30 07:15,C0|S|MKT|15|v0.3.0-tier0|SPY,375.65,100,37565,44,0.12,0,70,0.19,-6,-0.02,-686,-0.69,1
2554,Exit short,2022-12-01 07:30,TX15,385.77,100,38691,114,0.29,0,134,0.35,-24,-0.06,-572,-0.57,1
2554,Entry short,2022-12-01 07:15,C0|S|MKT|15|v0.3.0-tier0|SPY,386.91,100,38691,114,0.29,0,134,0.35,-24,-0.06,-572,-0.57,1
2555,Exit long,2022-12-02 07:30,TX15,384.25,100,38500,-75,-0.19,0,17,0.04,-121,-0.31,-647,-0.65,1
2555,Entry long,2022-12-02 07:15,C0|L|MKT|15|v0.3.0-tier0|SPY,385,100,38500,-75,-0.19,0,17,0.04,-121,-0.31,-647,-0.65,1
2556,Exit short,2022-12-05 07:15,TX15,383.46,100,38385,39,0.10,0,160,0.42,0,0.00,-608,-0.61,1
2556,Entry short,2022-12-05 07:00,C0|S|MKT|15|v0.3.0-tier0|SPY,383.85,100,38385,39,0.10,0,160,0.42,0,0.00,-608,-0.61,1
2557,Exit short,2022-12-06 07:15,TX15,377.21,100,37804,83,0.22,0,112,0.30,-30,-0.08,-525,-0.52,1
2557,Entry short,2022-12-06 07:00,C0|S|MKT|15|v0.3.0-tier0|SPY,378.04,100,37804,83,0.22,0,112,0.30,-30,-0.08,-525,-0.52,1
2558,Exit long,2022-12-08 07:15,TX15,377.58,100,37711,47,0.12,0,69,0.18,-10,-0.03,-478,-0.48,1
2558,Entry long,2022-12-08 07:00,C0|L|MKT|15|v0.3.0-tier0|SPY,377.11,100,37711,47,0.12,0,69,0.18,-10,-0.03,-478,-0.48,1
2559,Exit long,2022-12-12 07:15,TX15,375.33,100,37558,-25,-0.07,0,25,0.07,-40,-0.11,-503,-0.50,1
2559,Entry long,2022-12-12 07:00,C0|L|MKT|15|v0.3.0-tier0|SPY,375.58,100,37558,-25,-0.07,0,25,0.07,-40,-0.11,-503,-0.50,1
2560,Exit short,2022-12-13 07:45,TX15,385.32,100,38594,62,0.16,0,176,0.46,-62,-0.16,-441,-0.44,1
2560,Entry short,2022-12-13 07:30,C0|S|MKT|15|v0.3.0-tier0|SPY,385.94,100,38594,62,0.16,0,176,0.46,-62,-0.16,-441,-0.44,1
2561,Exit long,2022-12-14 07:15,TX15,384.7,100,38441,29,0.08,0,39,0.10,-38,-0.10,-412,-0.41,1
2561,Entry long,2022-12-14 07:00,C0|L|MKT|15|v0.3.0-tier0|SPY,384.41,100,38441,29,0.08,0,39,0.10,-38,-0.10,-412,-0.41,1
2562,Exit short,2022-12-15 07:15,TX15,372.19,100,37279,60,0.16,0,128,0.34,-1,0.00,-352,-0.35,1
2562,Entry short,2022-12-15 07:00,C0|S|MKT|15|v0.3.0-tier0|SPY,372.79,100,37279,60,0.16,0,128,0.34,-1,0.00,-352,-0.35,1
2563,Exit short,2022-12-16 07:30,TX15,365.89,100,36643,54,0.15,0,57,0.16,-54,-0.15,-298,-0.30,1
2563,Entry short,2022-12-16 07:15,C0|S|MKT|15|v0.3.0-tier0|SPY,366.43,100,36643,54,0.15,0,57,0.16,-54,-0.15,-298,-0.30,1
2564,Exit short,2022-12-19 07:15,TX15,365.9,100,36567,-23,-0.06,0,66,0.18,-31,-0.08,-321,-0.32,1
2564,Entry short,2022-12-19 07:00,C0|S|MKT|15|v0.3.0-tier0|SPY,365.67,100,36567,-23,-0.06,0,66,0.18,-31,-0.08,-321,-0.32,1
2565,Exit long,2022-12-20 07:15,TX15,364.04,100,36344,60,0.17,0,81,0.22,-10,-0.03,-261,-0.26,1
2565,Entry long,2022-12-20 07:00,C0|L|MKT|15|v0.3.0-tier0|SPY,363.44,100,36344,60,0.17,0,81,0.22,-10,-0.03,-261,-0.26,1
2566,Exit long,2022-12-21 07:30,TX15,368.32,100,36763,69,0.19,0,71,0.19,-11,-0.03,-192,-0.19,1
2566,Entry long,2022-12-21 07:15,C0|L|MKT|15|v0.3.0-tier0|SPY,367.63,100,36763,69,0.19,0,71,0.19,-11,-0.03,-192,-0.19,1
2567,Exit short,2022-12-22 07:30,TX15,362.86,100,36327,41,0.11,0,41,0.11,-26,-0.07,-151,-0.15,1
2567,Entry short,2022-12-22 07:15,C0|S|MKT|15|v0.3.0-tier0|SPY,363.27,100,36327,41,0.11,0,41,0.11,-26,-0.07,-151,-0.15,1
2568,Exit long,2022-12-23 07:45,TX15,365.32,100,36470,62,0.17,0,121,0.33,-5,-0.01,-89,-0.09,1
2568,Entry long,2022-12-23 07:30,C0|L|MKT|15|v0.3.0-tier0|SPY,364.7,100,36470,62,0.17,0,121,0.33,-5,-0.01,-89,-0.09,1
2569,Exit short,2022-12-27 07:15,TX15,364.54,100,36385,-69,-0.19,0,83,0.23,-76,-0.21,-158,-0.16,1
2569,Entry short,2022-12-27 07:00,C0|S|MKT|15|v0.3.0-tier0|SPY,363.85,100,36385,-69,-0.19,0,83,0.23,-76,-0.21,-158,-0.16,1
2570,Exit long,2022-12-29 07:15,TX15,365.64,100,36489,75,0.21,0,85,0.23,-25,-0.07,-83,-0.08,1
2570,Entry long,2022-12-29 07:00,C0|L|MKT|15|v0.3.0-tier0|SPY,364.89,100,36489,75,0.21,0,85,0.23,-25,-0.07,-83,-0.08,1
2571,Exit short,2023-01-03 07:15,TX15,364.33,100,36501,68,0.19,0,76,0.21,-77,-0.21,-15,-0.01,1
2571,Entry short,2023-01-03 07:00,C0|S|MKT|15|v0.3.0-tier0|SPY,365.01,100,36501,68,0.19,0,76,0.21,-77,-0.21,-15,-0.01,1
2572,Exit short,2023-01-04 07:30,TX15,364.94,100,36428,-66,-0.18,0,38,0.10,-66,-0.18,-81,-0.08,1
2572,Entry short,2023-01-04 07:15,C0|S|MKT|15|v0.3.0-tier0|SPY,364.28,100,36428,-66,-0.18,0,38,0.10,-66,-0.18,-81,-0.08,1
2573,Exit long,2023-01-09 07:15,TX15,374.22,100,37455,-33,-0.09,0,32,0.09,-46,-0.12,-114,-0.11,1
2573,Entry long,2023-01-09 07:00,C0|L|MKT|15|v0.3.0-tier0|SPY,374.55,100,37455,-33,-0.09,0,32,0.09,-46,-0.12,-114,-0.11,1
2574,Exit long,2023-01-10 07:30,TX15,371.12,100,37246,-134,-0.36,0,44,0.12,-142,-0.38,-248,-0.25,1
2574,Entry long,2023-01-10 07:15,C0|L|MKT|15|v0.3.0-tier0|SPY,372.46,100,37246,-134,-0.36,0,44,0.12,-142,-0.38,-248,-0.25,1
2575,Exit long,2023-01-13 07:15,TX15,378.35,100,37745,90,0.24,0,127,0.34,-38,-0.10,-158,-0.16,1
2575,Entry long,2023-01-13 07:00,C0|L|MKT|15|v0.3.0-tier0|SPY,377.45,100,37745,90,0.24,0,127,0.34,-38,-0.10,-158,-0.16,1
2576,Exit long,2023-01-17 07:30,TX15,382.22,100,38213,9,0.02,0,56,0.15,-15,-0.04,-149,-0.15,1
2576,Entry long,2023-01-17 07:15,C0|L|MKT|15|v0.3.0-tier0|SPY,382.13,100,38213,9,0.02,0,56,0.15,-15,-0.04,-149,-0.15,1
2577,Exit short,2023-01-19 07:30,TX15,371.97,100,37182,-15,-0.04,0,20,0.05,-95,-0.26,-164,-0.16,1
2577,Entry short,2023-01-19 07:15,C0|S|MKT|15|v0.3.0-tier0|SPY,371.82,100,37182,-15,-0.04,0,20,0.05,-95,-0.26,-164,-0.16,1
2578,Exit long,2023-01-20 07:30,TX15,373.82,100,37322,60,0.16,0,70,0.19,-40,-0.11,-104,-0.10,1
2578,Entry long,2023-01-20 07:15,C0|L|MKT|15|v0.3.0-tier0|SPY,373.22,100,37322,60,0.16,0,70,0.19,-40,-0.11,-104,-0.10,1
2579,Exit long,2023-01-23 07:15,TX15,381.01,100,38045,56,0.15,0,86,0.23,-25,-0.07,-48,-0.05,1
2579,Entry long,2023-01-23 07:00,C0|L|MKT|15|v0.3.0-tier0|SPY,380.45,100,38045,56,0.15,0,86,0.23,-25,-0.07,-48,-0.05,1
2580,Exit long,2023-01-24 07:30,TX15,381.78,100,38177,1,0.00,0,68,0.18,-75,-0.20,-47,-0.05,1
2580,Entry long,2023-01-24 07:15,C0|L|MKT|15|v0.3.0-tier0|SPY,381.77,100,38177,1,0.00,0,68,0.18,-75,-0.20,-47,-0.05,1
2581,Exit short,2023-01-25 07:15,TX15,377.41,100,37713,-28,-0.07,0,18,0.05,-138,-0.37,-75,-0.07,1
2581,Entry short,2023-01-25 07:00,C0|S|MKT|15|v0.3.0-tier0|SPY,377.13,100,37713,-28,-0.07,0,18,0.05,-138,-0.37,-75,-0.07,1
2582,Exit short,2023-01-26 07:15,TX15,384.47,100,38394,-53,-0.14,0,61,0.16,-71,-0.18,-128,-0.13,1
2582,Entry short,2023-01-26 07:00,C0|S|MKT|15|v0.3.0-tier0|SPY,383.94,100,38394,-53,-0.14,0,61,0.16,-71,-0.18,-128,-0.13,1
2583,Exit long,2023-01-27 07:15,TX15,388.28,100,38740,88,0.23,0,139,0.36,-64,-0.17,-40,-0.04,1
2583,Entry long,2023-01-27 07:00,C0|L|MKT|15|v0.3.0-tier0|SPY,387.4,100,38740,88,0.23,0,139,0.36,-64,-0.17,-40,-0.04,1
2584,Exit long,2023-01-30 07:15,TX15,386.9,100,38660,30,0.08,0,78,0.20,-12,-0.03,-10,-0.01,1
2584,Entry long,2023-01-30 07:00,C0|L|MKT|15|v0.3.0-tier0|SPY,386.6,100,38660,30,0.08,0,78,0.20,-12,-0.03,-10,-0.01,1
2585,Exit long,2023-01-31 07:30,TX15,385.14,100,38452,62,0.16,0,62,0.16,-31,-0.08,52,0.05,1
2585,Entry long,2023-01-31 07:15,C0|L|MKT|15|v0.3.0-tier0|SPY,384.52,100,38452,62,0.16,0,62,0.16,-31,-0.08,52,0.05,1
2586,Exit long,2023-02-01 07:15,TX15,387.9,100,38849,-59,-0.15,0,6,0.02,-144,-0.37,-7,-0.01,1
2586,Entry long,2023-02-01 07:00,C0|L|MKT|15|v0.3.0-tier0|SPY,388.49,100,38849,-59,-0.15,0,6,0.02,-144,-0.37,-7,-0.01,1
2587,Exit short,2023-02-02 07:15,TX15,395.27,100,39546,19,0.05,0,66,0.17,-58,-0.15,12,0.01,1
2587,Entry short,2023-02-02 07:00,C0|S|MKT|15|v0.3.0-tier0|SPY,395.46,100,39546,19,0.05,0,66,0.17,-58,-0.15,12,0.01,1
2588,Exit long,2023-02-03 07:30,TX15,396.81,100,39638,43,0.11,0,134,0.34,-30,-0.08,55,0.06,1
2588,Entry long,2023-02-03 07:15,C0|L|MKT|15|v0.3.0-tier0|SPY,396.38,100,39638,43,0.11,0,134,0.34,-30,-0.08,55,0.06,1
2589,Exit short,2023-02-06 07:45,TX15,391.08,100,39078,-30,-0.08,0,56,0.14,-50,-0.13,25,0.03,1
2589,Entry short,2023-02-06 07:30,C0|S|MKT|15|v0.3.0-tier0|SPY,390.78,100,39078,-30,-0.08,0,56,0.14,-50,-0.13,25,0.03,1
2590,Exit short,2023-02-09 07:45,TX15,394.38,100,39421,-17,-0.04,0,18,0.05,-64,-0.16,8,0.01,1
2590,Entry short,2023-02-09 07:30,C0|S|MKT|15|v0.3.0-tier0|SPY,394.21,100,39421,-17,-0.04,0,18,0.05,-64,-0.16,8,0.01,1
2591,Exit long,2023-02-10 07:30,TX15,389.7,100,38947,23,0.06,0,75,0.19,-37,-0.10,31,0.03,1
2591,Entry long,2023-02-10 07:15,C0|L|MKT|15|v0.3.0-tier0|SPY,389.47,100,38947,23,0.06,0,75,0.19,-37,-0.10,31,0.03,1
2592,Exit long,2023-02-13 07:15,TX15,392.26,100,39234,-8,-0.02,0,21,0.05,-32,-0.08,23,0.02,1
2592,Entry long,2023-02-13 07:00,C0|L|MKT|15|v0.3.0-tier0|SPY,392.34,100,39234,-8,-0.02,0,21,0.05,-32,-0.08,23,0.02,1
2593,Exit long,2023-02-14 07:15,TX15,396.52,100,39525,127,0.32,0,161,0.41,-3,-0.01,150,0.15,1
2593,Entry long,2023-02-14 07:00,C0|L|MKT|15|v0.3.0-tier0|SPY,395.25,100,39525,127,0.32,0,161,0.41,-3,-0.01,150,0.15,1
2594,Exit long,2023-02-16 07:30,TX15,392.49,100,39183,66,0.17,0,81,0.21,-44,-0.11,216,0.22,1
2594,Entry long,2023-02-16 07:15,C0|L|MKT|15|v0.3.0-tier0|SPY,391.83,100,39183,66,0.17,0,81,0.21,-44,-0.11,216,0.22,1
2595,Exit short,2023-02-17 07:15,TX15,388.03,100,38698,-105,-0.27,0,2,0.01,-126,-0.33,111,0.11,1
2595,Entry short,2023-02-17 07:00,C0|S|MKT|15|v0.3.0-tier0|SPY,386.98,100,38698,-105,-0.27,0,2,0.01,-126,-0.33,111,0.11,1
2596,Exit short,2023-02-21 07:15,TX15,384.18,100,38486,68,0.18,0,79,0.21,-40,-0.10,179,0.18,1
2596,Entry short,2023-02-21 07:00,C0|S|MKT|15|v0.3.0-tier0|SPY,384.86,100,38486,68,0.18,0,79,0.21,-40,-0.10,179,0.18,1
2597,Exit short,2023-02-22 07:30,TX15,380.95,100,38086,-9,-0.02,0,38,0.10,-83,-0.22,170,0.17,1
2597,Entry short,2023-02-22 07:15,C0|S|MKT|15|v0.3.0-tier0|SPY,380.86,100,38086,-9,-0.02,0,38,0.10,-83,-0.22,170,0.17,1
2598,Exit long,2023-02-23 07:15,TX15,383.4,100,38421,-81,-0.21,0,34,0.09,-125,-0.33,89,0.09,1
2598,Entry long,2023-02-23 07:00,C0|L|MKT|15|v0.3.0-tier0|SPY,384.21,100,38421,-81,-0.21,0,34,0.09,-125,-0.33,89,0.09,1
2599,Exit short,2023-02-24 07:15,TX15,377.03,100,37712,9,0.02,0,27,0.07,-96,-0.25,98,0.10,1
2599,Entry short,2023-02-24 07:00,C0|S|MKT|15|v0.3.0-tier0|SPY,377.12,100,37712,9,0.02,0,27,0.07,-96,-0.25,98,0.10,1
2600,Exit long,2023-02-27 07:15,TX15,383.38,100,38277,61,0.16,0,93,0.24,-21,-0.05,159,0.16,1
2600,Entry long,2023-02-27 07:00,C0|L|MKT|15|v0.3.0-tier0|SPY,382.77,100,38277,61,0.16,0,93,0.24,-21,-0.05,159,0.16,1
2601,Exit long,2023-03-01 07:15,TX15,377.06,100,37875,-169,-0.45,0,44,0.12,-192,-0.51,-10,-0.01,1
2601,Entry long,2023-03-01 07:00,C0|L|MKT|15|v0.3.0-tier0|SPY,378.75,100,37875,-169,-0.45,0,44,0.12,-192,-0.51,-10,-0.01,1
2602,Exit long,2023-03-02 07:15,TX15,376.55,100,37600,55,0.15,0,80,0.21,0,0.00,45,0.05,1
2602,Entry long,2023-03-02 07:00,C0|L|MKT|15|v0.3.0-tier0|SPY,376,100,37600,55,0.15,0,80,0.21,0,0.00,45,0.05,1
2603,Exit long,2023-03-03 07:15,TX15,382.89,100,38298,-9,-0.02,0,29,0.08,-143,-0.37,36,0.04,1
2603,Entry long,2023-03-03 07:00,C0|L|MKT|15|v0.3.0-tier0|SPY,382.98,100,38298,-9,-0.02,0,29,0.08,-143,-0.37,36,0.04,1
2604,Exit long,2023-03-06 07:30,TX15,388.82,100,38864,18,0.05,0,56,0.14,-9,-0.02,54,0.05,1
2604,Entry long,2023-03-06 07:15,C0|L|MKT|15|v0.3.0-tier0|SPY,388.64,100,38864,18,0.05,0,56,0.14,-9,-0.02,54,0.05,1
2605,Exit short,2023-03-07 07:30,TX15,384.04,100,38362,-42,-0.11,0,42,0.11,-118,-0.31,12,0.01,1
2605,Entry short,2023-03-07 07:15,C0|S|MKT|15|v0.3.0-tier0|SPY,383.62,100,38362,-42,-0.11,0,42,0.11,-118,-0.31,12,0.01,1
2606,Exit long,2023-03-09 07:15,TX15,382.6,100,38322,-62,-0.16,0,47,0.12,-68,-0.18,-50,-0.05,1
2606,Entry long,2023-03-09 07:00,C0|L|MKT|15|v0.3.0-tier0|SPY,383.22,100,38322,-62,-0.16,0,47,0.12,-68,-0.18,-50,-0.05,1
2607,Exit long,2023-03-13 07:15,TX15,368.42,100,36866,-24,-0.07,0,166,0.45,-106,-0.29,-74,-0.07,1
2607,Entry long,2023-03-13 07:00,C0|L|MKT|15|v0.3.0-tier0|SPY,368.66,100,36866,-24,-0.07,0,166,0.45,-106,-0.29,-74,-0.07,1
2608,Exit long,2023-03-14 07:30,TX15,375.04,100,37445,59,0.16,0,65,0.17,-44,-0.12,-15,-0.01,1
2608,Entry long,2023-03-14 07:15,C0|L|MKT|15|v0.3.0-tier0|SPY,374.45,100,37445,59,0.16,0,65,0.17,-44,-0.12,-15,-0.01,1
2609,Exit short,2023-03-15 07:15,TX15,369.15,100,36865,-50,-0.14,0,46,0.12,-181,-0.49,-65,-0.06,1
2609,Entry short,2023-03-15 07:00,C0|S|MKT|15|v0.3.0-tier0|SPY,368.65,100,36865,-50,-0.14,0,46,0.12,-181,-0.49,-65,-0.06,1
2610,Exit long,2023-03-16 07:15,TX15,370.26,100,37155,-129,-0.35,0,37,0.10,-172,-0.46,-194,-0.19,1
2610,Entry long,2023-03-16 07:00,C0|L|MKT|15|v0.3.0-tier0|SPY,371.55,100,37155,-129,-0.35,0,37,0.10,-172,-0.46,-194,-0.19,1
2611,Exit short,2023-03-17 07:30,TX15,375.49,100,37681,132,0.35,0,194,0.51,-47,-0.12,-62,-0.06,1
2611,Entry short,2023-03-17 07:15,C0|S|MKT|15|v0.3.0-tier0|SPY,376.81,100,37681,132,0.35,0,194,0.51,-47,-0.12,-62,-0.06,1
2612,Exit long,2023-03-20 07:45,TX15,376.29,100,37660,-31,-0.08,0,37,0.10,-53,-0.14,-93,-0.09,1
2612,Entry long,2023-03-20 07:30,C0|L|MKT|15|v0.3.0-tier0|SPY,376.6,100,37660,-31,-0.08,0,37,0.10,-53,-0.14,-93,-0.09,1
2613,Exit short,2023-03-21 07:30,TX15,380.52,100,38103,51,0.13,0,89,0.23,-9,-0.02,-42,-0.04,1
2613,Entry short,2023-03-21 07:15,C0|S|MKT|15|v0.3.0-tier0|SPY,381.03,100,38103,51,0.13,0,89,0.23,-9,-0.02,-42,-0.04,1
2614,Exit long,2023-03-22 07:45,TX15,383.5,100,38368,-18,-0.05,0,14,0.04,-30,-0.08,-60,-0.06,1
2614,Entry long,2023-03-22 07:30,C0|L|MKT|15|v0.3.0-tier0|SPY,383.68,100,38368,-18,-0.05,0,14,0.04,-30,-0.08,-60,-0.06,1
2615,Exit long,2023-03-23 07:30,TX15,380.76,100,38077,-1,0.00,0,53,0.14,-39,-0.10,-61,-0.06,1
2615,Entry long,2023-03-23 07:15,C0|L|MKT|15|v0.3.0-tier0|SPY,380.77,100,38077,-1,0.00,0,53,0.14,-39,-0.10,-61,-0.06,1
2616,Exit long,2023-03-24 07:45,TX15,375.48,100,37668,-120,-0.32,0,47,0.12,-128,-0.34,-181,-0.18,1
2616,Entry long,2023-03-24 07:30,C0|L|MKT|15|v0.3.0-tier0|SPY,376.68,100,37668,-120,-0.32,0,47,0.12,-128,-0.34,-181,-0.18,1
2617,Exit short,2023-03-27 07:45,TX15,380.57,100,38119,62,0.16,0,75,0.20,-3,-0.01,-119,-0.12,1
2617,Entry short,2023-03-27 07:30,C0|S|MKT|15|v0.3.0-tier0|SPY,381.19,100,38119,62,0.16,0,75,0.20,-3,-0.01,-119,-0.12,1
2618,Exit long,2023-03-28 07:30,TX15,380.03,100,38032,-29,-0.08,0,24,0.06,-60,-0.16,-148,-0.15,1
2618,Entry long,2023-03-28 07:15,C0|L|MKT|15|v0.3.0-tier0|SPY,380.32,100,38032,-29,-0.08,0,24,0.06,-60,-0.16,-148,-0.15,1
2619,Exit short,2023-03-30 07:30,TX15,387.59,100,38680,-79,-0.20,0,13,0.03,-104,-0.27,-227,-0.23,1
2619,Entry short,2023-03-30 07:15,C0|S|MKT|15|v0.3.0-tier0|SPY,386.8,100,38680,-79,-0.20,0,13,0.03,-104,-0.27,-227,-0.23,1
2620,Exit long,2023-04-03 07:15,TX15,394.25,100,39366,59,0.15,0,69,0.18,-8,-0.02,-168,-0.17,1
2620,Entry long,2023-04-03 07:00,C0|L|MKT|15|v0.3.0-tier0|SPY,393.66,100,39366,59,0.15,0,69,0.18,-8,-0.02,-168,-0.17,1
2621,Exit short,2023-04-04 07:45,TX15,393.81,100,39399,18,0.05,0,58,0.15,-53,-0.13,-150,-0.15,1
2621,Entry short,2023-04-04 07:30,C0|S|MKT|15|v0.3.0-tier0|SPY,393.99,100,39399,18,0.05,0,58,0.15,-53,-0.13,-150,-0.15,1
2622,Exit long,2023-04-05 07:15,TX15,391.24,100,39200,-76,-0.19,0,26,0.07,-109,-0.28,-226,-0.23,1
2622,Entry long,2023-04-05 07:00,C0|L|MKT|15|v0.3.0-tier0|SPY,392,100,39200,-76,-0.19,0,26,0.07,-109,-0.28,-226,-0.23,1
2623,Exit long,2023-04-06 07:30,TX15,390.49,100,39079,-30,-0.08,0,14,0.04,-51,-0.13,-256,-0.26,1
2623,Entry long,2023-04-06 07:15,C0|L|MKT|15|v0.3.0-tier0|SPY,390.79,100,39079,-30,-0.08,0,14,0.04,-51,-0.13,-256,-0.26,1
2624,Exit long,2023-04-10 07:30,TX15,390.16,100,39053,-37,-0.09,0,27,0.07,-53,-0.14,-293,-0.29,1
2624,Entry long,2023-04-10 07:15,C0|L|MKT|15|v0.3.0-tier0|SPY,390.53,100,39053,-37,-0.09,0,27,0.07,-53,-0.14,-293,-0.29,1
2625,Exit short,2023-04-11 07:15,TX15,393.07,100,39308,1,0.00,0,12,0.03,-38,-0.10,-292,-0.29,1
2625,Entry short,2023-04-11 07:00,C0|S|MKT|15|v0.3.0-tier0|SPY,393.08,100,39308,1,0.00,0,12,0.03,-38,-0.10,-292,-0.29,1
2626,Exit short,2023-04-12 07:15,TX15,394.95,100,39423,-72,-0.18,0,37,0.09,-92,-0.23,-364,-0.36,1
2626,Entry short,2023-04-12 07:00,C0|S|MKT|15|v0.3.0-tier0|SPY,394.23,100,39423,-72,-0.18,0,37,0.09,-92,-0.23,-364,-0.36,1
2627,Exit long,2023-04-13 07:30,TX15,394.25,100,39379,46,0.12,0,56,0.14,0,0.00,-318,-0.32,1
2627,Entry long,2023-04-13 07:15,C0|L|MKT|15|v0.3.0-tier0|SPY,393.79,100,39379,46,0.12,0,56,0.14,0,0.00,-318,-0.32,1
2628,Exit long,2023-04-14 07:15,TX15,396.7,100,39813,-143,-0.36,0,17,0.04,-202,-0.51,-461,-0.46,1
2628,Entry long,2023-04-14 07:00,C0|L|MKT|15|v0.3.0-tier0|SPY,398.13,100,39813,-143,-0.36,0,17,0.04,-202,-0.51,-461,-0.46,1
2629,Exit short,2023-04-18 07:15,TX15,397.58,100,39802,44,0.11,0,79,0.20,-2,-0.01,-417,-0.42,1
2629,Entry short,2023-04-18 07:00,C0|S|MKT|15|v0.3.0-tier0|SPY,398.02,100,39802,44,0.11,0,79,0.20,-2,-0.01,-417,-0.42,1
2630,Exit long,2023-04-19 07:30,TX15,396.4,100,39627,13,0.03,0,14,0.04,-28,-0.07,-404,-0.40,1
2630,Entry long,2023-04-19 07:15,C0|L|MKT|15|v0.3.0-tier0|SPY,396.27,100,39627,13,0.03,0,14,0.04,-28,-0.07,-404,-0.40,1
2631,Exit long,2023-04-20 07:30,TX15,395.7,100,39581,-11,-0.03,0,13,0.03,-26,-0.07,-415,-0.41,1
2631,Entry long,2023-04-20 07:15,C0|L|MKT|15|v0.3.0-tier0|SPY,395.81,100,39581,-11,-0.03,0,13,0.03,-26,-0.07,-415,-0.41,1
2632,Exit short,2023-04-21 07:15,TX15,394.94,100,39444,-50,-0.13,0,49,0.12,-58,-0.15,-465,-0.46,1
2632,Entry short,2023-04-21 07:00,C0|S|MKT|15|v0.3.0-tier0|SPY,394.44,100,39444,-50,-0.13,0,49,0.12,-58,-0.15,-465,-0.46,1
2633,Exit short,2023-04-25 07:15,TX15,393.27,100,39380,53,0.13,0,78,0.20,-49,-0.12,-412,-0.41,1
2633,Entry short,2023-04-25 07:00,C0|S|MKT|15|v0.3.0-tier0|SPY,393.8,100,39380,53,0.13,0,78,0.20,-49,-0.12,-412,-0.41,1
2634,Exit short,2023-04-26 07:30,TX15,389.1,100,38982,72,0.18,0,107,0.27,0,0.00,-340,-0.34,1
2634,Entry short,2023-04-26 07:15,C0|S|MKT|15|v0.3.0-tier0|SPY,389.82,100,38982,72,0.18,0,107,0.27,0,0.00,-340,-0.34,1
2635,Exit long,2023-04-27 07:15,TX15,392.01,100,39123,78,0.20,0,78,0.20,-16,-0.04,-262,-0.26,1
2635,Entry long,2023-04-27 07:00,C0|L|MKT|15|v0.3.0-tier0|SPY,391.23,100,39123,78,0.20,0,78,0.20,-16,-0.04,-262,-0.26,1
2636,Exit long,2023-04-28 07:15,TX15,397.45,100,39596,149,0.38,0,167,0.42,-18,-0.05,-113,-0.11,1
2636,Entry long,2023-04-28 07:00,C0|L|MKT|15|v0.3.0-tier0|SPY,395.96,100,39596,149,0.38,0,167,0.42,-18,-0.05,-113,-0.11,1
2637,Exit long,2023-05-01 07:15,TX15,399.54,100,39963,-9,-0.02,0,17,0.04,-56,-0.14,-122,-0.12,1
2637,Entry long,2023-05-01 07:00,C0|L|MKT|15|v0.3.0-tier0|SPY,399.63,100,39963,-9,-0.02,0,17,0.04,-56,-0.14,-122,-0.12,1
2638,Exit short,2023-05-02 07:30,TX15,394.47,100,39548,101,0.26,0,140,0.35,-27,-0.07,-21,-0.02,1
2638,Entry short,2023-05-02 07:15,C0|S|MKT|15|v0.3.0-tier0|SPY,395.48,100,39548,101,0.26,0,140,0.35,-27,-0.07,-21,-0.02,1
2639,Exit long,2023-05-03 07:15,TX15,395.06,100,39564,-58,-0.15,0,27,0.07,-76,-0.19,-79,-0.08,1
2639,Entry long,2023-05-03 07:00,C0|L|MKT|15|v0.3.0-tier0|SPY,395.64,100,39564,-58,-0.15,0,27,0.07,-76,-0.19,-79,-0.08,1
2640,Exit short,2023-05-04 07:45,TX15,388.07,100,38778,-29,-0.07,0,14,0.04,-82,-0.21,-108,-0.11,1
2640,Entry short,2023-05-04 07:30,C0|S|MKT|15|v0.3.0-tier0|SPY,387.78,100,38778,-29,-0.07,0,14,0.04,-82,-0.21,-108,-0.11,1
2641,Exit long,2023-05-05 07:30,TX15,394.3,100,39436,-6,-0.02,0,25,0.06,-38,-0.10,-114,-0.11,1
2641,Entry long,2023-05-05 07:15,C0|L|MKT|15|v0.3.0-tier0|SPY,394.36,100,39436,-6,-0.02,0,25,0.06,-38,-0.10,-114,-0.11,1
2642,Exit short,2023-05-08 07:15,TX15,395.4,100,39566,26,0.07,0,43,0.11,-28,-0.07,-88,-0.09,1
2642,Entry short,2023-05-08 07:00,C0|S|MKT|15|v0.3.0-tier0|SPY,395.66,100,39566,26,0.07,0,43,0.11,-28,-0.07,-88,-0.09,1
2643,Exit long,2023-05-09 07:15,TX15,394.47,100,39510,-63,-0.16,0,20,0.05,-76,-0.19,-151,-0.15,1
2643,Entry long,2023-05-09 07:00,C0|L|MKT|15|v0.3.0-tier0|SPY,395.1,100,39510,-63,-0.16,0,20,0.05,-76,-0.19,-151,-0.15,1
2644,Exit short,2023-05-11 07:15,TX15,394.08,100,39384,-24,-0.06,0,29,0.07,-34,-0.09,-175,-0.17,1
2644,Entry short,2023-05-11 07:00,C0|S|MKT|15|v0.3.0-tier0|SPY,393.84,100,39384,-24,-0.06,0,29,0.07,-34,-0.09,-175,-0.17,1
2645,Exit short,2023-05-12 07:15,TX15,395.7,100,39628,58,0.15,0,98,0.25,-6,-0.02,-117,-0.12,1
2645,Entry short,2023-05-12 07:00,C0|S|MKT|15|v0.3.0-tier0|SPY,396.28,100,39628,58,0.15,0,98,0.25,-6,-0.02,-117,-0.12,1
2646,Exit short,2023-05-15 07:15,TX15,393.84,100,39436,52,0.13,0,55,0.14,-30,-0.08,-65,-0.06,1
2646,Entry short,2023-05-15 07:00,C0|S|MKT|15|v0.3.0-tier0|SPY,394.36,100,39436,52,0.13,0,55,0.14,-30,-0.08,-65,-0.06,1
2647,Exit short,2023-05-16 07:15,TX15,394.33,100,39508,75,0.19,0,88,0.22,-47,-0.12,10,0.01,1
2647,Entry short,2023-05-16 07:00,C0|S|MKT|15|v0.3.0-tier0|SPY,395.08,100,39508,75,0.19,0,88,0.22,-47,-0.12,10,0.01,1
2648,Exit short,2023-05-17 07:15,TX15,394.78,100,39427,-51,-0.13,0,12,0.03,-70,-0.18,-41,-0.04,1
2648,Entry short,2023-05-17 07:00,C0|S|MKT|15|v0.3.0-tier0|SPY,394.27,100,39427,-51,-0.13,0,12,0.03,-70,-0.18,-41,-0.04,1
2649,Exit long,2023-05-18 07:30,TX15,400.15,100,39902,113,0.28,0,113,0.28,-13,-0.03,72,0.07,1
2649,Entry long,2023-05-18 07:15,C0|L|MKT|15|v0.3.0-tier0|SPY,399.02,100,39902,113,0.28,0,113,0.28,-13,-0.03,72,0.07,1
2650,Exit long,2023-05-23 07:15,TX15,400.87,100,40087,0,0.00,0,47,0.12,-14,-0.03,72,0.07,1
2650,Entry long,2023-05-23 07:00,C0|L|MKT|15|v0.3.0-tier0|SPY,400.87,100,40087,0,0.00,0,47,0.12,-14,-0.03,72,0.07,1
2651,Exit short,2023-05-24 07:15,TX15,394.5,100,39462,12,0.03,0,55,0.14,-25,-0.06,84,0.08,1
2651,Entry short,2023-05-24 07:00,C0|S|MKT|15|v0.3.0-tier0|SPY,394.62,100,39462,12,0.03,0,55,0.14,-25,-0.06,84,0.08,1
2652,Exit long,2023-05-26 07:30,TX15,402.36,100,40099,137,0.34,0,137,0.34,0,0.00,221,0.22,1
2652,Entry long,2023-05-26 07:15,C0|L|MKT|15|v0.3.0-tier0|SPY,400.99,100,40099,137,0.34,0,137,0.34,0,0.00,221,0.22,1
2653,Exit short,2023-05-30 07:15,TX15,404.09,100,40443,34,0.08,0,91,0.23,-4,-0.01,255,0.26,1
2653,Entry short,2023-05-30 07:00,C0|S|MKT|15|v0.3.0-tier0|SPY,404.43,100,40443,34,0.08,0,91,0.23,-4,-0.01,255,0.26,1
2654,Exit short,2023-05-31 07:30,TX15,400.12,100,40065,53,0.13,0,91,0.23,-8,-0.02,308,0.31,1
2654,Entry short,2023-05-31 07:15,C0|S|MKT|15|v0.3.0-tier0|SPY,400.65,100,40065,53,0.13,0,91,0.23,-8,-0.02,308,0.31,1
2655,Exit long,2023-06-01 07:30,TX15,401.23,100,40167,-44,-0.11,0,26,0.06,-102,-0.25,264,0.26,1
2655,Entry long,2023-06-01 07:15,C0|L|MKT|15|v0.3.0-tier0|SPY,401.67,100,40167,-44,-0.11,0,26,0.06,-102,-0.25,264,0.26,1
2656,Exit short,2023-06-02 07:15,TX15,408.54,100,40733,-121,-0.30,0,41,0.10,-136,-0.33,143,0.14,1
2656,Entry short,2023-06-02 07:00,C0|S|MKT|15|v0.3.0-tier0|SPY,407.33,100,40733,-121,-0.30,0,41,0.10,-136,-0.33,143,0.14,1
2657,Exit short,2023-06-05 07:30,TX15,410.72,100,41075,3,0.01,0,30,0.07,-23,-0.06,146,0.15,1
2657,Entry short,2023-06-05 07:15,C0|S|MKT|15|v0.3.0-tier0|SPY,410.75,100,41075,3,0.01,0,30,0.07,-23,-0.06,146,0.15,1
2658,Exit long,2023-06-06 07:30,TX15,410.26,100,41005,21,0.05,0,37,0.09,-24,-0.06,167,0.17,1
2658,Entry long,2023-06-06 07:15,C0|L|MKT|15|v0.3.0-tier0|SPY,410.05,100,41005,21,0.05,0,37,0.09,-24,-0.06,167,0.17,1
2659,Exit long,2023-06-08 07:30,TX15,410.24,100,40999,25,0.06,0,30,0.07,-23,-0.06,192,0.19,1
2659,Entry long,2023-06-08 07:15,C0|L|MKT|15|v0.3.0-tier0|SPY,409.99,100,40999,25,0.06,0,30,0.07,-23,-0.06,192,0.19,1
2660,Exit long,2023-06-09 07:30,TX15,414.46,100,41425,21,0.05,0,30,0.07,-10,-0.02,213,0.21,1
2660,Entry long,2023-06-09 07:15,C0|L|MKT|15|v0.3.0-tier0|SPY,414.25,100,41425,21,0.05,0,30,0.07,-10,-0.02,213,0.21,1
2661,Exit long,2023-06-14 07:15,TX15,420.33,100,41994,39,0.09,0,55,0.13,-16,-0.04,252,0.25,1
2661,Entry long,2023-06-14 07:00,C0|L|MKT|15|v0.3.0-tier0|SPY,419.94,100,41994,39,0.09,0,55,0.13,-16,-0.04,252,0.25,1
2662,Exit long,2023-06-15 07:15,TX15,421.44,100,42110,34,0.08,0,75,0.18,-27,-0.06,286,0.29,1
2662,Entry long,2023-06-15 07:00,C0|L|MKT|15|v0.3.0-tier0|SPY,421.1,100,42110,34,0.08,0,75,0.18,-27,-0.06,286,0.29,1
2663,Exit short,2023-06-20 07:30,TX15,419.34,100,42077,143,0.34,0,162,0.39,-1,0.00,429,0.43,1
2663,Entry short,2023-06-20 07:15,C0|S|MKT|15|v0.3.0-tier0|SPY,420.77,100,42077,143,0.34,0,162,0.39,-1,0.00,429,0.43,1
2664,Exit long,2023-06-22 07:15,TX15,419.79,100,41887,92,0.22,0,94,0.22,-25,-0.06,521,0.52,1
2664,Entry long,2023-06-22 07:00,C0|L|MKT|15|v0.3.0-tier0|SPY,418.87,100,41887,92,0.22,0,94,0.22,-25,-0.06,521,0.52,1
2665,Exit long,2023-06-23 07:45,TX15,418.23,100,41780,43,0.10,0,55,0.13,-12,-0.03,564,0.56,1
2665,Entry long,2023-06-23 07:30,C0|L|MKT|15|v0.3.0-tier0|SPY,417.8,100,41780,43,0.10,0,55,0.13,-12,-0.03,564,0.56,1
2666,Exit long,2023-06-26 07:15,TX15,418.4,100,41837,3,0.01,0,33,0.08,-51,-0.12,567,0.57,1
2666,Entry long,2023-06-26 07:00,C0|L|MKT|15|v0.3.0-tier0|SPY,418.37,100,41837,3,0.01,0,33,0.08,-51,-0.12,567,0.57,1
2667,Exit long,2023-06-28 07:45,TX15,420.09,100,41959,50,0.12,0,84,0.20,-6,-0.01,617,0.62,1
2667,Entry long,2023-06-28 07:30,C0|L|MKT|15|v0.3.0-tier0|SPY,419.59,100,41959,50,0.12,0,84,0.20,-6,-0.01,617,0.62,1
2668,Exit long,2023-06-30 07:30,TX15,426.79,100,42667,12,0.03,0,41,0.10,-17,-0.04,629,0.63,1
2668,Entry long,2023-06-30 07:15,C0|L|MKT|15|v0.3.0-tier0|SPY,426.67,100,42667,12,0.03,0,41,0.10,-17,-0.04,629,0.63,1
2669,Exit long,2023-07-03 07:15,TX15,427.2,100,42726,-6,-0.01,0,18,0.04,-18,-0.04,623,0.62,1
2669,Entry long,2023-07-03 07:00,C0|L|MKT|15|v0.3.0-tier0|SPY,427.26,100,42726,-6,-0.01,0,18,0.04,-18,-0.04,623,0.62,1
2670,Exit long,2023-07-05 07:15,TX15,427.04,100,42704,0,0.00,0,18,0.04,-31,-0.07,623,0.62,1
2670,Entry long,2023-07-05 07:00,C0|L|MKT|15|v0.3.0-tier0|SPY,427.04,100,42704,0,0.00,0,18,0.04,-31,-0.07,623,0.62,1
2671,Exit short,2023-07-06 07:15,TX15,422.01,100,42241,40,0.09,0,95,0.22,-5,-0.01,663,0.66,1
2671,Entry short,2023-07-06 07:00,C0|S|MKT|15|v0.3.0-tier0|SPY,422.41,100,42241,40,0.09,0,95,0.22,-5,-0.01,663,0.66,1
2672,Exit long,2023-07-07 07:15,TX15,423.93,100,42404,-11,-0.03,0,10,0.02,-38,-0.09,652,0.65,1
2672,Entry long,2023-07-07 07:00,C0|L|MKT|15|v0.3.0-tier0|SPY,424.04,100,42404,-11,-0.03,0,10,0.02,-38,-0.09,652,0.65,1
2673,Exit long,2023-07-10 07:30,TX15,423.19,100,42355,-36,-0.08,0,18,0.04,-43,-0.10,616,0.62,1
2673,Entry long,2023-07-10 07:15,C0|L|MKT|15|v0.3.0-tier0|SPY,423.55,100,42355,-36,-0.08,0,18,0.04,-43,-0.10,616,0.62,1
2674,Exit short,2023-07-11 07:30,TX15,424.14,100,42345,-69,-0.16,0,4,0.01,-83,-0.20,547,0.55,1
2674,Entry short,2023-07-11 07:15,C0|S|MKT|15|v0.3.0-tier0|SPY,423.45,100,42345,-69,-0.16,0,4,0.01,-83,-0.20,547,0.55,1
2675,Exit long,2023-07-12 07:15,TX15,430.78,100,43059,19,0.04,0,23,0.05,-41,-0.10,566,0.57,1
2675,Entry long,2023-07-12 07:00,C0|L|MKT|15|v0.3.0-tier0|SPY,430.59,100,43059,19,0.04,0,23,0.05,-41,-0.10,566,0.57,1
2676,Exit long,2023-07-14 07:15,TX15,434.53,100,43452,1,0.00,0,10,0.02,-82,-0.19,567,0.57,1
2676,Entry long,2023-07-14 07:00,C0|L|MKT|15|v0.3.0-tier0|SPY,434.52,100,43452,1,0.00,0,10,0.02,-82,-0.19,567,0.57,1
2677,Exit long,2023-07-17 07:30,TX15,433.39,100,43340,-1,0.00,0,16,0.04,-13,-0.03,566,0.57,1
2677,Entry long,2023-07-17 07:15,C0|L|MKT|15|v0.3.0-tier0|SPY,433.4,100,43340,-1,0.00,0,16,0.04,-13,-0.03,566,0.57,1
2678,Exit long,2023-07-18 07:15,TX15,435.16,100,43499,17,0.04,0,30,0.07,0,0.00,583,0.58,1
2678,Entry long,2023-07-18 07:00,C0|L|MKT|15|v0.3.0-tier0|SPY,434.99,100,43499,17,0.04,0,30,0.07,0,0.00,583,0.58,1
2679,Exit short,2023-07-20 07:30,TX15,436.89,100,43742,53,0.12,0,78,0.18,-19,-0.04,636,0.64,1
2679,Entry short,2023-07-20 07:15,C0|S|MKT|15|v0.3.0-tier0|SPY,437.42,100,43742,53,0.12,0,78,0.18,-19,-0.04,636,0.64,1
2680,Exit short,2023-07-21 07:15,TX15,436.68,100,43626,-42,-0.10,0,60,0.14,-48,-0.11,594,0.59,1
2680,Entry short,2023-07-21 07:00,C0|S|MKT|15|v0.3.0-tier0|SPY,436.26,100,43626,-42,-0.10,0,60,0.14,-48,-0.11,594,0.59,1
2681,Exit short,2023-07-24 07:15,TX15,437.18,100,43661,-57,-0.13,0,27,0.06,-62,-0.14,537,0.54,1
2681,Entry short,2023-07-24 07:00,C0|S|MKT|15|v0.3.0-tier0|SPY,436.61,100,43661,-57,-0.13,0,27,0.06,-62,-0.14,537,0.54,1
2682,Exit long,2023-07-25 07:15,TX15,438.3,100,43817,13,0.03,0,13,0.03,-35,-0.08,550,0.55,1
2682,Entry long,2023-07-25 07:00,C0|L|MKT|15|v0.3.0-tier0|SPY,438.17,100,43817,13,0.03,0,13,0.03,-35,-0.08,550,0.55,1
2683,Exit short,2023-07-27 07:30,TX15,440.95,100,44157,62,0.14,0,70,0.16,-19,-0.04,612,0.61,1
2683,Entry short,2023-07-27 07:15,C0|S|MKT|15|v0.3.0-tier0|SPY,441.57,100,44157,62,0.14,0,70,0.16,-19,-0.04,612,0.61,1
2684,Exit long,2023-07-28 07:30,TX15,439.7,100,43984,-14,-0.03,0,31,0.07,-50,-0.11,598,0.60,1
2684,Entry long,2023-07-28 07:15,C0|L|MKT|15|v0.3.0-tier0|SPY,439.84,100,43984,-14,-0.03,0,31,0.07,-50,-0.11,598,0.60,1
2685,Exit short,2023-07-31 07:15,TX15,440.62,100,44028,-34,-0.08,0,33,0.07,-41,-0.09,564,0.56,1
2685,Entry short,2023-07-31 07:00,C0|S|MKT|15|v0.3.0-tier0|SPY,440.28,100,44028,-34,-0.08,0,33,0.07,-41,-0.09,564,0.56,1
2686,Exit short,2023-08-01 07:30,TX15,439.24,100,43931,7,0.02,0,45,0.10,-14,-0.03,571,0.57,1
2686,Entry short,2023-08-01 07:15,C0|S|MKT|15|v0.3.0-tier0|SPY,439.31,100,43931,7,0.02,0,45,0.10,-14,-0.03,571,0.57,1
2687,Exit short,2023-08-02 07:30,TX15,435.43,100,43545,2,0.00,0,38,0.09,-34,-0.08,573,0.57,1
2687,Entry short,2023-08-02 07:15,C0|S|MKT|15|v0.3.0-tier0|SPY,435.45,100,43545,2,0.00,0,38,0.09,-34,-0.08,573,0.57,1
2688,Exit short,2023-08-03 07:45,TX15,431.98,100,43105,-93,-0.22,0,4,0.01,-95,-0.22,480,0.48,1
2688,Entry short,2023-08-03 07:30,C0|S|MKT|15|v0.3.0-tier0|SPY,431.05,100,43105,-93,-0.22,0,4,0.01,-95,-0.22,480,0.48,1
2689,Exit short,2023-08-04 07:15,TX15,432.98,100,43384,86,0.20,0,149,0.34,-7,-0.02,566,0.57,1
2689,Entry short,2023-08-04 07:00,C0|S|MKT|15|v0.3.0-tier0|SPY,433.84,100,43384,86,0.20,0,149,0.34,-7,-0.02,566,0.57,1
2690,Exit short,2023-08-08 07:15,TX15,429.45,100,43024,79,0.18,0,88,0.20,-27,-0.06,645,0.65,1
2690,Entry short,2023-08-08 07:00,C0|S|MKT|15|v0.3.0-tier0|SPY,430.24,100,43024,79,0.18,0,88,0.20,-27,-0.06,645,0.65,1
2691,Exit long,2023-08-10 07:15,TX15,434.65,100,43471,-6,-0.01,0,46,0.11,-25,-0.06,639,0.64,1
2691,Entry long,2023-08-10 07:00,C0|L|MKT|15|v0.3.0-tier0|SPY,434.71,100,43471,-6,-0.01,0,46,0.11,-25,-0.06,639,0.64,1
2692,Exit long,2023-08-11 07:30,TX15,429.76,100,42913,63,0.15,0,119,0.28,-5,-0.01,702,0.70,1
2692,Entry long,2023-08-11 07:15,C0|L|MKT|15|v0.3.0-tier0|SPY,429.13,100,42913,63,0.15,0,119,0.28,-5,-0.01,702,0.70,1
2693,Exit long,2023-08-14 07:30,TX15,429.58,100,42979,-21,-0.05,0,25,0.06,-35,-0.08,681,0.68,1
2693,Entry long,2023-08-14 07:15,C0|L|MKT|15|v0.3.0-tier0|SPY,429.79,100,42979,-21,-0.05,0,25,0.06,-35,-0.08,681,0.68,1
2694,Exit short,2023-08-15 07:15,TX15,427.79,100,42894,115,0.27,0,136,0.32,-2,0.00,796,0.80,1
2694,Entry short,2023-08-15 07:00,C0|S|MKT|15|v0.3.0-tier0|SPY,428.94,100,42894,115,0.27,0,136,0.32,-2,0.00,796,0.80,1
2695,Exit short,2023-08-17 07:15,TX15,424.14,100,42428,14,0.03,0,41,0.10,-33,-0.08,810,0.81,1
2695,Entry short,2023-08-17 07:00,C0|S|MKT|15|v0.3.0-tier0|SPY,424.28,100,42428,14,0.03,0,41,0.10,-33,-0.08,810,0.81,1
2696,Exit long,2023-08-21 07:15,TX15,421.9,100,42266,-76,-0.18,0,16,0.04,-80,-0.19,734,0.73,1
2696,Entry long,2023-08-21 07:00,C0|L|MKT|15|v0.3.0-tier0|SPY,422.66,100,42266,-76,-0.18,0,16,0.04,-80,-0.19,734,0.73,1
2697,Exit short,2023-08-22 07:15,TX15,423.98,100,42356,-42,-0.10,0,24,0.06,-67,-0.16,692,0.69,1
2697,Entry short,2023-08-22 07:00,C0|S|MKT|15|v0.3.0-tier0|SPY,423.56,100,42356,-42,-0.10,0,24,0.06,-67,-0.16,692,0.69,1
2698,Exit long,2023-08-23 07:15,TX15,424.94,100,42425,69,0.16,0,73,0.17,-15,-0.04,761,0.76,1
2698,Entry long,2023-08-23 07:00,C0|L|MKT|15|v0.3.0-tier0|SPY,424.25,100,42425,69,0.16,0,73,0.17,-15,-0.04,761,0.76,1
2699,Exit short,2023-08-24 07:30,TX15,426,100,42706,106,0.25,0,107,0.25,-5,-0.01,867,0.87,1
2699,Entry short,2023-08-24 07:15,C0|S|MKT|15|v0.3.0-tier0|SPY,427.06,100,42706,106,0.25,0,107,0.25,-5,-0.01,867,0.87,1
2700,Exit long,2023-08-25 07:30,TX15,421.57,100,42372,-215,-0.51,0,133,0.31,-255,-0.60,652,0.65,1
2700,Entry long,2023-08-25 07:15,C0|L|MKT|15|v0.3.0-tier0|SPY,423.72,100,42372,-215,-0.51,0,133,0.31,-255,-0.60,652,0.65,1
2701,Exit long,2023-08-29 07:15,TX15,428.88,100,42762,126,0.29,0,139,0.33,-1,0.00,778,0.78,1
2701,Entry long,2023-08-29 07:00,C0|L|MKT|15|v0.3.0-tier0|SPY,427.62,100,42762,126,0.29,0,139,0.33,-1,0.00,778,0.78,1
2702,Exit long,2023-08-30 07:15,TX15,435,100,43473,27,0.06,0,36,0.08,-17,-0.04,805,0.81,1
2702,Entry long,2023-08-30 07:00,C0|L|MKT|15|v0.3.0-tier0|SPY,434.73,100,43473,27,0.06,0,36,0.08,-17,-0.04,805,0.81,1
2703,Exit long,2023-08-31 07:15,TX15,435.87,100,43590,-3,-0.01,0,7,0.02,-62,-0.14,802,0.80,1
2703,Entry long,2023-08-31 07:00,C0|L|MKT|15|v0.3.0-tier0|SPY,435.9,100,43590,-3,-0.01,0,7,0.02,-62,-0.14,802,0.80,1
2704,Exit short,2023-09-05 07:30,TX15,433.42,100,43313,-29,-0.07,0,39,0.09,-80,-0.18,773,0.77,1
2704,Entry short,2023-09-05 07:15,C0|S|MKT|15|v0.3.0-tier0|SPY,433.13,100,43313,-29,-0.07,0,39,0.09,-80,-0.18,773,0.77,1
2705,Exit short,2023-09-06 07:30,TX15,429.74,100,43041,67,0.16,0,71,0.16,-52,-0.12,840,0.84,1
2705,Entry short,2023-09-06 07:15,C0|S|MKT|15|v0.3.0-tier0|SPY,430.41,100,43041,67,0.16,0,71,0.16,-52,-0.12,840,0.84,1
2706,Exit long,2023-09-08 07:30,TX15,430.52,100,43009,43,0.10,0,46,0.11,-2,0.00,883,0.88,1
2706,Entry long,2023-09-08 07:15,C0|L|MKT|15|v0.3.0-tier0|SPY,430.09,100,43009,43,0.10,0,46,0.11,-2,0.00,883,0.88,1
2707,Exit short,2023-09-11 07:15,TX15,430.55,100,43062,7,0.02,0,26,0.06,-36,-0.08,890,0.89,1
2707,Entry short,2023-09-11 07:00,C0|S|MKT|15|v0.3.0-tier0|SPY,430.62,100,43062,7,0.02,0,26,0.06,-36,-0.08,890,0.89,1
2708,Exit short,2023-09-12 07:45,TX15,430.4,100,43028,-12,-0.03,0,25,0.06,-30,-0.07,878,0.88,1
2708,Entry short,2023-09-12 07:30,C0|S|MKT|15|v0.3.0-tier0|SPY,430.28,100,43028,-12,-0.03,0,25,0.06,-30,-0.07,878,0.88,1
2709,Exit short,2023-09-13 07:30,TX15,429.79,100,42918,-61,-0.14,0,39,0.09,-74,-0.17,817,0.82,1
2709,Entry short,2023-09-13 07:15,C0|S|MKT|15|v0.3.0-tier0|SPY,429.18,100,42918,-61,-0.14,0,39,0.09,-74,-0.17,817,0.82,1
2710,Exit short,2023-09-14 07:30,TX15,432.11,100,43173,-38,-0.09,0,41,0.09,-38,-0.09,779,0.78,1
2710,Entry short,2023-09-14 07:15,C0|S|MKT|15|v0.3.0-tier0|SPY,431.73,100,43173,-38,-0.09,0,41,0.09,-38,-0.09,779,0.78,1
2711,Exit short,2023-09-15 07:15,TX15,431.13,100,43158,45,0.10,0,52,0.12,-52,-0.12,824,0.82,1
2711,Entry short,2023-09-15 07:00,C0|S|MKT|15|v0.3.0-tier0|SPY,431.58,100,43158,45,0.10,0,52,0.12,-52,-0.12,824,0.82,1
2712,Exit short,2023-09-19 07:15,TX15,426.78,100,42751,73,0.17,0,83,0.19,-4,-0.01,897,0.90,1
2712,Entry short,2023-09-19 07:00,C0|S|MKT|15|v0.3.0-tier0|SPY,427.51,100,42751,73,0.17,0,83,0.19,-4,-0.01,897,0.90,1
2713,Exit short,2023-09-21 07:15,TX15,420.25,100,41973,-52,-0.12,0,13,0.03,-80,-0.19,845,0.85,1
2713,Entry short,2023-09-21 07:00,C0|S|MKT|15|v0.3.0-tier0|SPY,419.73,100,41973,-52,-0.12,0,13,0.03,-80,-0.19,845,0.85,1
2714,Exit long,2023-09-22 07:45,TX15,418.91,100,41839,52,0.12,0,80,0.19,0,0.00,897,0.90,1
2714,Entry long,2023-09-22 07:30,C0|L|MKT|15|v0.3.0-tier0|SPY,418.39,100,41839,52,0.12,0,80,0.19,0,0.00,897,0.90,1
2715,Exit long,2023-09-25 07:15,TX15,415.99,100,41627,-28,-0.07,0,13,0.03,-85,-0.20,869,0.87,1
2715,Entry long,2023-09-25 07:00,C0|L|MKT|15|v0.3.0-tier0|SPY,416.27,100,41627,-28,-0.07,0,13,0.03,-85,-0.20,869,0.87,1
2716,Exit short,2023-09-26 07:15,TX15,413.29,100,41446,117,0.28,0,121,0.29,-24,-0.06,986,0.99,1
2716,Entry short,2023-09-26 07:00,C0|S|MKT|15|v0.3.0-tier0|SPY,414.46,100,41446,117,0.28,0,121,0.29,-24,-0.06,986,0.99,1
2717,Exit short,2023-09-27 07:30,TX15,412.65,100,41176,-89,-0.22,0,4,0.01,-108,-0.26,897,0.90,1
2717,Entry short,2023-09-27 07:15,C0|S|MKT|15|v0.3.0-tier0|SPY,411.76,100,41176,-89,-0.22,0,4,0.01,-108,-0.26,897,0.90,1
2718,Exit long,2023-09-28 07:15,TX15,412.81,100,41257,24,0.06,0,49,0.12,-19,-0.05,921,0.92,1
2718,Entry long,2023-09-28 07:00,C0|L|MKT|15|v0.3.0-tier0|SPY,412.57,100,41257,24,0.06,0,49,0.12,-19,-0.05,921,0.92,1
2719,Exit short,2023-09-29 07:45,TX15,416.44,100,41607,-37,-0.09,0,7,0.02,-48,-0.12,884,0.88,1
2719,Entry short,2023-09-29 07:30,C0|S|MKT|15|v0.3.0-tier0|SPY,416.07,100,41607,-37,-0.09,0,7,0.02,-48,-0.12,884,0.88,1
2720,Exit long,2023-10-03 07:15,TX15,409.36,100,41215,-279,-0.68,0,4,0.01,-280,-0.68,605,0.61,1
2720,Entry long,2023-10-03 07:00,C0|L|MKT|15|v0.3.0-tier0|SPY,412.15,100,41215,-279,-0.68,0,4,0.01,-280,-0.68,605,0.61,1
2721,Exit short,2023-10-04 07:30,TX15,406.68,100,40786,118,0.29,0,126,0.31,0,0.00,723,0.72,1
2721,Entry short,2023-10-04 07:15,C0|S|MKT|15|v0.3.0-tier0|SPY,407.86,100,40786,118,0.29,0,126,0.31,0,0.00,723,0.72,1
2722,Exit short,2023-10-05 07:30,TX15,409.36,100,40922,-14,-0.03,0,43,0.11,-49,-0.12,709,0.71,1
2722,Entry short,2023-10-05 07:15,C0|S|MKT|15|v0.3.0-tier0|SPY,409.22,100,40922,-14,-0.03,0,43,0.11,-49,-0.12,709,0.71,1
2723,Exit long,2023-10-09 07:15,TX15,414.03,100,41460,-57,-0.14,0,28,0.07,-110,-0.27,652,0.65,1
2723,Entry long,2023-10-09 07:00,C0|L|MKT|15|v0.3.0-tier0|SPY,414.6,100,41460,-57,-0.14,0,28,0.07,-110,-0.27,652,0.65,1
2724,Exit long,2023-10-10 07:15,TX15,420.3,100,41923,107,0.26,0,108,0.26,0,0.00,759,0.76,1
2724,Entry long,2023-10-10 07:00,C0|L|MKT|15|v0.3.0-tier0|SPY,419.23,100,41923,107,0.26,0,108,0.26,0,0.00,759,0.76,1
2725,Exit short,2023-10-11 07:15,TX15,420.38,100,42107,69,0.16,0,72,0.17,-9,-0.02,828,0.83,1
2725,Entry short,2023-10-11 07:00,C0|S|MKT|15|v0.3.0-tier0|SPY,421.07,100,42107,69,0.16,0,72,0.17,-9,-0.02,828,0.83,1
2726,Exit short,2023-10-12 07:15,TX15,421.69,100,42097,-72,-0.17,0,43,0.10,-87,-0.21,756,0.76,1
2726,Entry short,2023-10-12 07:00,C0|S|MKT|15|v0.3.0-tier0|SPY,420.97,100,42097,-72,-0.17,0,43,0.10,-87,-0.21,756,0.76,1
2727,Exit short,2023-10-13 07:30,TX15,420.02,100,42001,-1,0.00,0,28,0.07,-54,-0.13,755,0.76,1
2727,Entry short,2023-10-13 07:15,C0|S|MKT|15|v0.3.0-tier0|SPY,420.01,100,42001,-1,0.00,0,28,0.07,-54,-0.13,755,0.76,1
2728,Exit long,2023-10-16 07:30,TX15,421.46,100,42056,90,0.21,0,92,0.22,-12,-0.03,845,0.85,1
2728,Entry long,2023-10-16 07:15,C0|L|MKT|15|v0.3.0-tier0|SPY,420.56,100,42056,90,0.21,0,92,0.22,-12,-0.03,845,0.85,1
2729,Exit short,2023-10-17 07:15,TX15,420.13,100,41834,-179,-0.43,0,10,0.02,-191,-0.46,666,0.67,1
2729,Entry short,2023-10-17 07:00,C0|S|MKT|15|v0.3.0-tier0|SPY,418.34,100,41834,-179,-0.43,0,10,0.02,-191,-0.46,666,0.67,1
2730,Exit short,2023-10-18 07:45,TX15,418.76,100,41917,41,0.10,0,81,0.19,-17,-0.04,707,0.71,1
2730,Entry short,2023-10-18 07:30,C0|S|MKT|15|v0.3.0-tier0|SPY,419.17,100,41917,41,0.10,0,81,0.19,-17,-0.04,707,0.71,1
2731,Exit short,2023-10-19 07:45,TX15,414.91,100,41477,-14,-0.03,0,33,0.08,-57,-0.14,693,0.69,1
2731,Entry short,2023-10-19 07:30,C0|S|MKT|15|v0.3.0-tier0|SPY,414.77,100,41477,-14,-0.03,0,33,0.08,-57,-0.14,693,0.69,1
2732,Exit short,2023-10-20 07:15,TX15,409.67,100,41096,129,0.31,0,137,0.33,-35,-0.09,822,0.82,1
2732,Entry short,2023-10-20 07:00,C0|S|MKT|15|v0.3.0-tier0|SPY,410.96,100,41096,129,0.31,0,137,0.33,-35,-0.09,822,0.82,1
2733,Exit long,2023-10-23 07:15,TX15,406.94,100,40667,27,0.07,0,34,0.08,-38,-0.09,849,0.85,1
2733,Entry long,2023-10-23 07:00,C0|L|MKT|15|v0.3.0-tier0|SPY,406.67,100,40667,27,0.07,0,34,0.08,-38,-0.09,849,0.85,1
2734,Exit long,2023-10-24 07:45,TX15,410.15,100,41032,-17,-0.04,0,16,0.04,-54,-0.13,832,0.83,1
2734,Entry long,2023-10-24 07:30,C0|L|MKT|15|v0.3.0-tier0|SPY,410.32,100,41032,-17,-0.04,0,16,0.04,-54,-0.13,832,0.83,1
2735,Exit short,2023-10-25 07:30,TX15,405.38,100,40539,1,0.00,0,28,0.07,-28,-0.07,833,0.83,1
2735,Entry short,2023-10-25 07:15,C0|S|MKT|15|v0.3.0-tier0|SPY,405.39,100,40539,1,0.00,0,28,0.07,-28,-0.07,833,0.83,1
2736,Exit short,2023-10-26 07:15,TX15,401.14,100,40160,46,0.11,0,80,0.20,-3,-0.01,879,0.88,1
2736,Entry short,2023-10-26 07:00,C0|S|MKT|15|v0.3.0-tier0|SPY,401.6,100,40160,46,0.11,0,80,0.20,-3,-0.01,879,0.88,1
2737,Exit short,2023-10-27 07:45,TX15,398.42,100,39928,86,0.22,0,108,0.27,-59,-0.15,965,0.97,1
2737,Entry short,2023-10-27 07:30,C0|S|MKT|15|v0.3.0-tier0|SPY,399.28,100,39928,86,0.22,0,108,0.27,-59,-0.15,965,0.97,1
2738,Exit short,2023-10-30 07:45,TX15,398.64,100,39928,64,0.16,0,68,0.17,-17,-0.04,1029,1.03,1
2738,Entry short,2023-10-30 07:30,C0|S|MKT|15|v0.3.0-tier0|SPY,399.28,100,39928,64,0.16,0,68,0.17,-17,-0.04,1029,1.03,1
2739,Exit long,2023-11-01 07:15,TX15,406.15,100,40556,59,0.15,0,92,0.23,-31,-0.08,1088,1.09,1
2739,Entry long,2023-11-01 07:00,C0|L|MKT|15|v0.3.0-tier0|SPY,405.56,100,40556,59,0.15,0,92,0.23,-31,-0.08,1088,1.09,1
2740,Exit long,2023-11-02 07:45,TX15,414.65,100,41401,64,0.15,0,68,0.16,-5,-0.01,1152,1.15,1
2740,Entry long,2023-11-02 07:30,C0|L|MKT|15|v0.3.0-tier0|SPY,414.01,100,41401,64,0.15,0,68,0.16,-5,-0.01,1152,1.15,1
2741,Exit long,2023-11-03 07:15,TX15,419.74,100,42024,-50,-0.12,0,78,0.19,-53,-0.13,1102,1.10,1
2741,Entry long,2023-11-03 07:00,C0|L|MKT|15|v0.3.0-tier0|SPY,420.24,100,42024,-50,-0.12,0,78,0.19,-53,-0.13,1102,1.10,1
2742,Exit short,2023-11-06 07:30,TX15,420.83,100,42034,-49,-0.12,0,0,0.00,-83,-0.20,1053,1.05,1
2742,Entry short,2023-11-06 07:15,C0|S|MKT|15|v0.3.0-tier0|SPY,420.34,100,42034,-49,-0.12,0,0,0.00,-83,-0.20,1053,1.05,1
2743,Exit long,2023-11-07 07:45,TX15,422.37,100,42196,41,0.10,0,51,0.12,-12,-0.03,1094,1.09,1
2743,Entry long,2023-11-07 07:30,C0|L|MKT|15|v0.3.0-tier0|SPY,421.96,100,42196,41,0.10,0,51,0.12,-12,-0.03,1094,1.09,1
2744,Exit short,2023-11-08 07:30,TX15,422.44,100,42274,30,0.07,0,52,0.12,-11,-0.03,1124,1.12,1
2744,Entry short,2023-11-08 07:15,C0|S|MKT|15|v0.3.0-tier0|SPY,422.74,100,42274,30,0.07,0,52,0.12,-11,-0.03,1124,1.12,1
2745,Exit short,2023-11-09 07:30,TX15,422.01,100,42239,38,0.09,0,52,0.12,-7,-0.02,1162,1.16,1
2745,Entry short,2023-11-09 07:15,C0|S|MKT|15|v0.3.0-tier0|SPY,422.39,100,42239,38,0.09,0,52,0.12,-7,-0.02,1162,1.16,1
2746,Exit short,2023-11-10 07:45,TX15,420.25,100,42036,11,0.03,0,35,0.08,-24,-0.06,1173,1.17,1
2746,Entry short,2023-11-10 07:30,C0|S|MKT|15|v0.3.0-tier0|SPY,420.36,100,42036,11,0.03,0,35,0.08,-24,-0.06,1173,1.17,1
2747,Exit long,2023-11-14 07:15,TX15,433.25,100,43306,19,0.04,0,58,0.13,-30,-0.07,1192,1.19,1
2747,Entry long,2023-11-14 07:00,C0|L|MKT|15|v0.3.0-tier0|SPY,433.06,100,43306,19,0.04,0,58,0.13,-30,-0.07,1192,1.19,1
2748,Exit long,2023-11-16 07:15,TX15,434.84,100,43542,-58,-0.13,0,18,0.04,-60,-0.14,1134,1.13,1
2748,Entry long,2023-11-16 07:00,C0|L|MKT|15|v0.3.0-tier0|SPY,435.42,100,43542,-58,-0.13,0,18,0.04,-60,-0.14,1134,1.13,1
2749,Exit long,2023-11-20 07:15,TX15,437.02,100,43715,-13,-0.03,0,16,0.04,-27,-0.06,1121,1.12,1
2749,Entry long,2023-11-20 07:00,C0|L|MKT|15|v0.3.0-tier0|SPY,437.15,100,43715,-13,-0.03,0,16,0.04,-27,-0.06,1121,1.12,1
2750,Exit short,2023-11-21 07:15,TX15,437.87,100,43779,-8,-0.02,0,8,0.02,-33,-0.08,1113,1.11,1
2750,Entry short,2023-11-21 07:00,C0|S|MKT|15|v0.3.0-tier0|SPY,437.79,100,43779,-8,-0.02,0,8,0.02,-33,-0.08,1113,1.11,1
2751,Exit short,2023-11-22 07:30,TX15,439.86,100,43934,-52,-0.12,0,52,0.12,-52,-0.12,1061,1.06,1
2751,Entry short,2023-11-22 07:15,C0|S|MKT|15|v0.3.0-tier0|SPY,439.34,100,43934,-52,-0.12,0,52,0.12,-52,-0.12,1061,1.06,1
2752,Exit long,2023-11-29 07:15,TX15,441.54,100,44291,-137,-0.31,0,13,0.03,-153,-0.35,924,0.92,1
2752,Entry long,2023-11-29 07:00,C0|L|MKT|15|v0.3.0-tier0|SPY,442.91,100,44291,-137,-0.31,0,13,0.03,-153,-0.35,924,0.92,1
2753,Exit long,2023-12-01 07:15,TX15,441.14,100,44101,13,0.03,0,94,0.21,-20,-0.05,937,0.94,1
2753,Entry long,2023-12-01 07:00,C0|L|MKT|15|v0.3.0-tier0|SPY,441.01,100,44101,13,0.03,0,94,0.21,-20,-0.05,937,0.94,1
2754,Exit short,2023-12-04 07:45,TX15,439.72,100,43971,-1,0.00,0,23,0.05,-26,-0.06,936,0.94,1
2754,Entry short,2023-12-04 07:30,C0|S|MKT|15|v0.3.0-tier0|SPY,439.71,100,43971,-1,0.00,0,23,0.05,-26,-0.06,936,0.94,1
2755,Exit long,2023-12-05 07:30,TX15,441.23,100,44094,29,0.07,0,79,0.18,-32,-0.07,965,0.97,1
2755,Entry long,2023-12-05 07:15,C0|L|MKT|15|v0.3.0-tier0|SPY,440.94,100,44094,29,0.07,0,79,0.18,-32,-0.07,965,0.97,1
2756,Exit short,2023-12-06 07:45,TX15,442.08,100,44195,-13,-0.03,0,2,0.00,-42,-0.10,952,0.95,1
2756,Entry short,2023-12-06 07:30,C0|S|MKT|15|v0.3.0-tier0|SPY,441.95,100,44195,-13,-0.03,0,2,0.00,-42,-0.10,952,0.95,1
2757,Exit short,2023-12-07 07:15,TX15,442.14,100,44130,-84,-0.19,0,5,0.01,-85,-0.19,868,0.87,1
2757,Entry short,2023-12-07 07:00,C0|S|MKT|15|v0.3.0-tier0|SPY,441.3,100,44130,-84,-0.19,0,5,0.01,-85,-0.19,868,0.87,1
2758,Exit long,2023-12-08 07:30,TX15,444.59,100,44465,-6,-0.01,0,47,0.11,-13,-0.03,862,0.86,1
2758,Entry long,2023-12-08 07:15,C0|L|MKT|15|v0.3.0-tier0|SPY,444.65,100,44465,-6,-0.01,0,47,0.11,-13,-0.03,862,0.86,1
2759,Exit long,2023-12-11 07:15,TX15,445.2,100,44511,9,0.02,0,15,0.03,-43,-0.10,871,0.87,1
2759,Entry long,2023-12-11 07:00,C0|L|MKT|15|v0.3.0-tier0|SPY,445.11,100,44511,9,0.02,0,15,0.03,-43,-0.10,871,0.87,1
2760,Exit long,2023-12-12 07:30,TX15,446.7,100,44655,15,0.03,0,46,0.10,-2,0.00,886,0.89,1
2760,Entry long,2023-12-12 07:15,C0|L|MKT|15|v0.3.0-tier0|SPY,446.55,100,44655,15,0.03,0,46,0.10,-2,0.00,886,0.89,1
2761,Exit long,2023-12-15 07:45,TX15,456.1,100,45631,-21,-0.05,0,22,0.05,-22,-0.05,865,0.87,1
2761,Entry long,2023-12-15 07:30,C0|L|MKT|15|v0.3.0-tier0|SPY,456.31,100,45631,-21,-0.05,0,22,0.05,-22,-0.05,865,0.87,1
2762,Exit long,2023-12-18 07:30,TX15,457.99,100,45766,33,0.07,0,40,0.09,-9,-0.02,898,0.90,1
2762,Entry long,2023-12-18 07:15,C0|L|MKT|15|v0.3.0-tier0|SPY,457.66,100,45766,33,0.07,0,40,0.09,-9,-0.02,898,0.90,1
2763,Exit long,2023-12-19 07:15,TX15,459.9,100,45964,26,0.06,0,33,0.07,-45,-0.10,924,0.92,1
2763,Entry long,2023-12-19 07:00,C0|L|MKT|15|v0.3.0-tier0|SPY,459.64,100,45964,26,0.06,0,33,0.07,-45,-0.10,924,0.92,1
2764,Exit long,2023-12-20 07:15,TX15,461.17,100,46072,45,0.10,0,56,0.12,-6,-0.01,969,0.97,1
2764,Entry long,2023-12-20 07:00,C0|L|MKT|15|v0.3.0-tier0|SPY,460.72,100,46072,45,0.10,0,56,0.12,-6,-0.01,969,0.97,1
2765,Exit short,2023-12-21 07:45,TX15,457.76,100,45742,-34,-0.07,0,13,0.03,-57,-0.12,935,0.94,1
2765,Entry short,2023-12-21 07:30,C0|S|MKT|15|v0.3.0-tier0|SPY,457.42,100,45742,-34,-0.07,0,13,0.03,-57,-0.12,935,0.94,1
2766,Exit long,2023-12-22 07:45,TX15,461.05,100,46124,-19,-0.04,0,13,0.03,-54,-0.12,916,0.92,1
2766,Entry long,2023-12-22 07:30,C0|L|MKT|15|v0.3.0-tier0|SPY,461.24,100,46124,-19,-0.04,0,13,0.03,-54,-0.12,916,0.92,1
2767,Exit long,2023-12-26 07:30,TX15,460.97,100,46098,-1,0.00,0,23,0.05,-11,-0.02,915,0.92,1
2767,Entry long,2023-12-26 07:15,C0|L|MKT|15|v0.3.0-tier0|SPY,460.98,100,46098,-1,0.00,0,23,0.05,-11,-0.02,915,0.92,1
2768,Exit short,2024-01-03 07:15,TX15,455.68,100,45616,48,0.11,0,51,0.11,-99,-0.22,963,0.96,1
2768,Entry short,2024-01-03 07:00,C0|S|MKT|15|v0.3.0-tier0|SPY,456.16,100,45616,48,0.11,0,51,0.11,-99,-0.22,963,0.96,1
2769,Exit long,2024-01-04 07:30,TX15,456,100,45633,-33,-0.07,0,4,0.01,-55,-0.12,930,0.93,1
2769,Entry long,2024-01-04 07:15,C0|L|MKT|15|v0.3.0-tier0|SPY,456.33,100,45633,-33,-0.07,0,4,0.01,-55,-0.12,930,0.93,1
2770,Exit long,2024-01-05 07:30,TX15,455.73,100,45596,-23,-0.05,0,23,0.05,-54,-0.12,907,0.91,1
2770,Entry long,2024-01-05 07:15,C0|L|MKT|15|v0.3.0-tier0|SPY,455.96,100,45596,-23,-0.05,0,23,0.05,-54,-0.12,907,0.91,1
2771,Exit long,2024-01-08 07:15,TX15,455.74,100,45602,-28,-0.06,0,17,0.04,-40,-0.09,879,0.88,1
2771,Entry long,2024-01-08 07:00,C0|L|MKT|15|v0.3.0-tier0|SPY,456.02,100,45602,-28,-0.06,0,17,0.04,-40,-0.09,879,0.88,1
2772,Exit long,2024-01-09 07:30,TX15,458.65,100,45871,-6,-0.01,0,39,0.09,-16,-0.03,873,0.87,1
2772,Entry long,2024-01-09 07:15,C0|L|MKT|15|v0.3.0-tier0|SPY,458.71,100,45871,-6,-0.01,0,39,0.09,-16,-0.03,873,0.87,1
2773,Exit short,2024-01-11 07:15,TX15,459.9,100,46237,247,0.53,0,266,0.58,-6,-0.01,1120,1.12,1
2773,Entry short,2024-01-11 07:00,C0|S|MKT|15|v0.3.0-tier0|SPY,462.37,100,46237,247,0.53,0,266,0.58,-6,-0.01,1120,1.12,1
2774,Exit short,2024-01-12 07:15,TX15,462.62,100,46319,57,0.12,0,88,0.19,-33,-0.07,1177,1.18,1
2774,Entry short,2024-01-12 07:00,C0|S|MKT|15|v0.3.0-tier0|SPY,463.19,100,46319,57,0.12,0,88,0.19,-33,-0.07,1177,1.18,1
2775,Exit long,2024-01-16 07:45,TX15,462.36,100,46200,36,0.08,0,62,0.13,-33,-0.07,1213,1.21,1
2775,Entry long,2024-01-16 07:30,C0|L|MKT|15|v0.3.0-tier0|SPY,462,100,46200,36,0.08,0,62,0.13,-33,-0.07,1213,1.21,1
2776,Exit long,2024-01-17 07:30,TX15,457.98,100,45830,-32,-0.07,0,13,0.03,-79,-0.17,1181,1.18,1
2776,Entry long,2024-01-17 07:15,C0|L|MKT|15|v0.3.0-tier0|SPY,458.3,100,45830,-32,-0.07,0,13,0.03,-79,-0.17,1181,1.18,1
2777,Exit long,2024-01-22 07:15,TX15,470.76,100,47082,-6,-0.01,0,19,0.04,-74,-0.16,1175,1.18,1
2777,Entry long,2024-01-22 07:00,C0|L|MKT|15|v0.3.0-tier0|SPY,470.82,100,47082,-6,-0.01,0,19,0.04,-74,-0.16,1175,1.18,1
2778,Exit short,2024-01-24 07:15,TX15,472.89,100,47283,-6,-0.01,0,67,0.14,-16,-0.03,1169,1.17,1
2778,Entry short,2024-01-24 07:00,C0|S|MKT|15|v0.3.0-tier0|SPY,472.83,100,47283,-6,-0.01,0,67,0.14,-16,-0.03,1169,1.17,1
2779,Exit long,2024-01-25 07:45,TX15,473.29,100,47380,-51,-0.11,0,8,0.02,-113,-0.24,1118,1.12,1
2779,Entry long,2024-01-25 07:30,C0|L|MKT|15|v0.3.0-tier0|SPY,473.8,100,47380,-51,-0.11,0,8,0.02,-113,-0.24,1118,1.12,1
2780,Exit long,2024-01-30 07:15,TX15,476.43,100,47693,-50,-0.10,0,4,0.01,-88,-0.18,1068,1.07,1
2780,Entry long,2024-01-30 07:00,C0|L|MKT|15|v0.3.0-tier0|SPY,476.93,100,47693,-50,-0.10,0,4,0.01,-88,-0.18,1068,1.07,1
2781,Exit short,2024-01-31 07:15,TX15,472.95,100,47348,53,0.11,0,55,0.12,-7,-0.01,1121,1.12,1
2781,Entry short,2024-01-31 07:00,C0|S|MKT|15|v0.3.0-tier0|SPY,473.48,100,47348,53,0.11,0,55,0.12,-7,-0.01,1121,1.12,1
2782,Exit long,2024-02-01 07:30,TX15,471.93,100,47152,41,0.09,0,44,0.09,-73,-0.15,1162,1.16,1
2782,Entry long,2024-02-01 07:15,C0|L|MKT|15|v0.3.0-tier0|SPY,471.52,100,47152,41,0.09,0,44,0.09,-73,-0.15,1162,1.16,1
2783,Exit long,2024-02-02 07:15,TX15,476.18,100,47610,8,0.02,0,27,0.06,-45,-0.09,1170,1.17,1
2783,Entry long,2024-02-02 07:00,C0|L|MKT|15|v0.3.0-tier0|SPY,476.1,100,47610,8,0.02,0,27,0.06,-45,-0.09,1170,1.17,1
2784,Exit short,2024-02-05 07:30,TX15,477.01,100,47762,61,0.13,0,120,0.25,-1,0.00,1231,1.23,1
2784,Entry short,2024-02-05 07:15,C0|S|MKT|15|v0.3.0-tier0|SPY,477.62,100,47762,61,0.13,0,120,0.25,-1,0.00,1231,1.23,1
2785,Exit short,2024-02-06 07:15,TX15,477.91,100,47856,65,0.14,0,80,0.17,-2,0.00,1296,1.30,1
2785,Entry short,2024-02-06 07:00,C0|S|MKT|15|v0.3.0-tier0|SPY,478.56,100,47856,65,0.14,0,80,0.17,-2,0.00,1296,1.30,1
2786,Exit long,2024-02-07 07:30,TX15,483.38,100,48230,108,0.22,0,109,0.23,-14,-0.03,1404,1.40,1
2786,Entry long,2024-02-07 07:15,C0|L|MKT|15|v0.3.0-tier0|SPY,482.3,100,48230,108,0.22,0,109,0.23,-14,-0.03,1404,1.40,1
2787,Exit long,2024-02-09 07:15,TX15,484.82,100,48488,-6,-0.01,0,16,0.03,-36,-0.07,1398,1.40,1
2787,Entry long,2024-02-09 07:00,C0|L|MKT|15|v0.3.0-tier0|SPY,484.88,100,48488,-6,-0.01,0,16,0.03,-36,-0.07,1398,1.40,1
2788,Exit short,2024-02-13 07:15,TX15,479.13,100,47936,23,0.05,0,37,0.08,-9,-0.02,1421,1.42,1
2788,Entry short,2024-02-13 07:00,C0|S|MKT|15|v0.3.0-tier0|SPY,479.36,100,47936,23,0.05,0,37,0.08,-9,-0.02,1421,1.42,1
2789,Exit long,2024-02-14 07:45,TX15,482.35,100,48314,-79,-0.16,0,19,0.04,-93,-0.19,1342,1.34,1
2789,Entry long,2024-02-14 07:30,C0|L|MKT|15|v0.3.0-tier0|SPY,483.14,100,48314,-79,-0.16,0,19,0.04,-93,-0.19,1342,1.34,1
2790,Exit long,2024-02-15 07:30,TX15,485.07,100,48553,-46,-0.09,0,38,0.08,-53,-0.11,1296,1.30,1
2790,Entry long,2024-02-15 07:15,C0|L|MKT|15|v0.3.0-tier0|SPY,485.53,100,48553,-46,-0.09,0,38,0.08,-53,-0.11,1296,1.30,1
2791,Exit short,2024-02-16 07:15,TX15,485.51,100,48502,-49,-0.10,0,87,0.18,-70,-0.14,1247,1.25,1
2791,Entry short,2024-02-16 07:00,C0|S|MKT|15|v0.3.0-tier0|SPY,485.02,100,48502,-49,-0.10,0,87,0.18,-70,-0.14,1247,1.25,1
2792,Exit short,2024-02-20 07:30,TX15,481.69,100,48142,-27,-0.06,0,6,0.01,-71,-0.15,1220,1.22,1
2792,Entry short,2024-02-20 07:15,C0|S|MKT|15|v0.3.0-tier0|SPY,481.42,100,48142,-27,-0.06,0,6,0.01,-71,-0.15,1220,1.22,1
2793,Exit long,2024-02-22 07:15,TX15,490,100,49021,-21,-0.04,0,27,0.06,-39,-0.08,1199,1.20,1
2793,Entry long,2024-02-22 07:00,C0|L|MKT|15|v0.3.0-tier0|SPY,490.21,100,49021,-21,-0.04,0,27,0.06,-39,-0.08,1199,1.20,1
2794,Exit short,2024-02-26 07:30,TX15,493.09,100,49308,-1,0.00,0,16,0.03,-32,-0.06,1198,1.20,1
2794,Entry short,2024-02-26 07:15,C0|S|MKT|15|v0.3.0-tier0|SPY,493.08,100,49308,-1,0.00,0,16,0.03,-32,-0.06,1198,1.20,1
2795,Exit short,2024-02-29 07:30,TX15,492.83,100,49214,-69,-0.14,0,12,0.02,-78,-0.16,1129,1.13,1
2795,Entry short,2024-02-29 07:15,C0|S|MKT|15|v0.3.0-tier0|SPY,492.14,100,49214,-69,-0.14,0,12,0.02,-78,-0.16,1129,1.13,1
2796,Exit long,2024-03-01 07:30,TX15,495.42,100,49492,50,0.10,0,53,0.11,-11,-0.02,1179,1.18,1
2796,Entry long,2024-03-01 07:15,C0|L|MKT|15|v0.3.0-tier0|SPY,494.92,100,49492,50,0.10,0,53,0.11,-11,-0.02,1179,1.18,1
2797,Exit short,2024-03-05 07:30,TX15,493.49,100,49414,65,0.13,0,91,0.18,-21,-0.04,1244,1.24,1
2797,Entry short,2024-03-05 07:15,C0|S|MKT|15|v0.3.0-tier0|SPY,494.14,100,49414,65,0.13,0,91,0.18,-21,-0.04,1244,1.24,1
2798,Exit short,2024-03-06 07:30,TX15,494.44,100,49422,-22,-0.04,0,6,0.01,-65,-0.13,1222,1.22,1
2798,Entry short,2024-03-06 07:15,C0|S|MKT|15|v0.3.0-tier0|SPY,494.22,100,49422,-22,-0.04,0,6,0.01,-65,-0.13,1222,1.22,1
2799,Exit long,2024-03-07 07:30,TX15,499.12,100,49865,47,0.09,0,48,0.10,-5,-0.01,1269,1.27,1
2799,Entry long,2024-03-07 07:15,C0|L|MKT|15|v0.3.0-tier0|SPY,498.65,100,49865,47,0.09,0,48,0.10,-5,-0.01,1269,1.27,1
2800,Exit long,2024-03-08 07:15,TX15,502.84,100,50260,24,0.05,0,45,0.09,-13,-0.03,1293,1.29,1
2800,Entry long,2024-03-08 07:00,C0|L|MKT|15|v0.3.0-tier0|SPY,502.6,100,50260,24,0.05,0,45,0.09,-13,-0.03,1293,1.29,1
2801,Exit short,2024-03-11 07:15,TX15,493.73,100,49452,79,0.16,0,91,0.18,-19,-0.04,1372,1.37,1
2801,Entry short,2024-03-11 07:00,C0|S|MKT|15|v0.3.0-tier0|SPY,494.52,100,49452,79,0.16,0,91,0.18,-19,-0.04,1372,1.37,1
2802,Exit long,2024-03-12 07:45,TX15,500.67,100,49998,69,0.14,0,72,0.14,0,0.00,1441,1.44,1
2802,Entry long,2024-03-12 07:30,C0|L|MKT|15|v0.3.0-tier0|SPY,499.98,100,49998,69,0.14,0,72,0.14,0,0.00,1441,1.44,1
2803,Exit short,2024-03-13 07:15,TX15,501.13,100,50097,-16,-0.03,0,41,0.08,-49,-0.10,1425,1.43,1
2803,Entry short,2024-03-13 07:00,C0|S|MKT|15|v0.3.0-tier0|SPY,500.97,100,50097,-16,-0.03,0,41,0.08,-49,-0.10,1425,1.43,1
2804,Exit short,2024-03-14 07:15,TX15,500.1,100,49894,-116,-0.23,0,62,0.12,-117,-0.23,1309,1.31,1
2804,Entry short,2024-03-14 07:00,C0|S|MKT|15|v0.3.0-tier0|SPY,498.94,100,49894,-116,-0.23,0,62,0.12,-117,-0.23,1309,1.31,1
2805,Exit short,2024-03-18 07:15,TX15,501.15,100,50034,-81,-0.16,0,2,0.00,-113,-0.23,1228,1.23,1
2805,Entry short,2024-03-18 07:00,C0|S|MKT|15|v0.3.0-tier0|SPY,500.34,100,50034,-81,-0.16,0,2,0.00,-113,-0.23,1228,1.23,1
2806,Exit long,2024-03-20 07:45,TX15,502.13,100,50278,-65,-0.13,0,10,0.02,-77,-0.15,1163,1.16,1
2806,Entry long,2024-03-20 07:30,C0|L|MKT|15|v0.3.0-tier0|SPY,502.78,100,50278,-65,-0.13,0,10,0.02,-77,-0.15,1163,1.16,1
2807,Exit short,2024-03-22 07:30,TX15,508.09,100,50801,-8,-0.02,0,29,0.06,-27,-0.05,1155,1.16,1
2807,Entry short,2024-03-22 07:15,C0|S|MKT|15|v0.3.0-tier0|SPY,508.01,100,50801,-8,-0.02,0,29,0.06,-27,-0.05,1155,1.16,1
2808,Exit long,2024-03-25 07:30,TX15,506.77,100,50698,-21,-0.04,0,23,0.05,-28,-0.06,1134,1.13,1
2808,Entry long,2024-03-25 07:15,C0|L|MKT|15|v0.3.0-tier0|SPY,506.98,100,50698,-21,-0.04,0,23,0.05,-28,-0.06,1134,1.13,1
2809,Exit short,2024-03-27 07:15,TX15,506.51,100,50722,71,0.14,0,115,0.23,-5,-0.01,1205,1.21,1
2809,Entry short,2024-03-27 07:00,C0|S|MKT|15|v0.3.0-tier0|SPY,507.22,100,50722,71,0.14,0,115,0.23,-5,-0.01,1205,1.21,1
2810,Exit short,2024-04-01 07:45,TX15,508.84,100,50924,40,0.08,0,86,0.17,-12,-0.02,1245,1.24,1
2810,Entry short,2024-04-01 07:30,C0|S|MKT|15|v0.3.0-tier0|SPY,509.24,100,50924,40,0.08,0,86,0.17,-12,-0.02,1245,1.24,1
2811,Exit short,2024-04-02 07:30,TX15,503.6,100,50305,-55,-0.11,0,10,0.02,-94,-0.19,1190,1.19,1
2811,Entry short,2024-04-02 07:15,C0|S|MKT|15|v0.3.0-tier0|SPY,503.05,100,50305,-55,-0.11,0,10,0.02,-94,-0.19,1190,1.19,1
2812,Exit long,2024-04-03 07:30,TX15,506.74,100,50657,17,0.03,0,39,0.08,-18,-0.04,1207,1.21,1
2812,Entry long,2024-04-03 07:15,C0|L|MKT|15|v0.3.0-tier0|SPY,506.57,100,50657,17,0.03,0,39,0.08,-18,-0.04,1207,1.21,1
2813,Exit short,2024-04-04 07:15,TX15,509.17,100,50911,-6,-0.01,0,9,0.02,-19,-0.04,1201,1.20,1
2813,Entry short,2024-04-04 07:00,C0|S|MKT|15|v0.3.0-tier0|SPY,509.11,100,50911,-6,-0.01,0,9,0.02,-19,-0.04,1201,1.20,1
2814,Exit long,2024-04-05 07:15,TX15,502.5,100,50237,13,0.03,0,50,0.10,-90,-0.18,1214,1.21,1
2814,Entry long,2024-04-05 07:00,C0|L|MKT|15|v0.3.0-tier0|SPY,502.37,100,50237,13,0.03,0,50,0.10,-90,-0.18,1214,1.21,1
2815,Exit long,2024-04-08 07:45,TX15,506.1,100,50588,22,0.04,0,58,0.11,-3,-0.01,1236,1.24,1
2815,Entry long,2024-04-08 07:30,C0|L|MKT|15|v0.3.0-tier0|SPY,505.88,100,50588,22,0.04,0,58,0.11,-3,-0.01,1236,1.24,1
2816,Exit short,2024-04-09 07:15,TX15,505.42,100,50527,-15,-0.03,0,23,0.05,-27,-0.05,1221,1.22,1
2816,Entry short,2024-04-09 07:00,C0|S|MKT|15|v0.3.0-tier0|SPY,505.27,100,50527,-15,-0.03,0,23,0.05,-27,-0.05,1221,1.22,1
2817,Exit long,2024-04-10 07:45,TX15,501.77,100,50114,63,0.13,0,146,0.29,-10,-0.02,1284,1.28,1
2817,Entry long,2024-04-10 07:30,C0|L|MKT|15|v0.3.0-tier0|SPY,501.14,100,50114,63,0.13,0,146,0.29,-10,-0.02,1284,1.28,1
2818,Exit short,2024-04-11 07:30,TX15,499.11,100,49960,49,0.10,0,96,0.19,-2,0.00,1333,1.33,1
2818,Entry short,2024-04-11 07:15,C0|S|MKT|15|v0.3.0-tier0|SPY,499.6,100,49960,49,0.10,0,96,0.19,-2,0.00,1333,1.33,1
2819,Exit long,2024-04-12 07:15,TX15,500.67,100,50183,-116,-0.23,0,6,0.01,-161,-0.32,1217,1.22,1
2819,Entry long,2024-04-12 07:00,C0|L|MKT|15|v0.3.0-tier0|SPY,501.83,100,50183,-116,-0.23,0,6,0.01,-161,-0.32,1217,1.22,1
2820,Exit short,2024-04-15 07:30,TX15,499.12,100,49907,-5,-0.01,0,31,0.06,-88,-0.18,1212,1.21,1
2820,Entry short,2024-04-15 07:15,C0|S|MKT|15|v0.3.0-tier0|SPY,499.07,100,49907,-5,-0.01,0,31,0.06,-88,-0.18,1212,1.21,1
2821,Exit short,2024-04-16 07:45,TX15,490.02,100,48995,-7,-0.01,0,72,0.15,-39,-0.08,1205,1.21,1
2821,Entry short,2024-04-16 07:30,C0|S|MKT|15|v0.3.0-tier0|SPY,489.95,100,48995,-7,-0.01,0,72,0.15,-39,-0.08,1205,1.21,1
2822,Exit short,2024-04-17 07:30,TX15,491.08,100,49082,-26,-0.05,0,59,0.12,-60,-0.12,1179,1.18,1
2822,Entry short,2024-04-17 07:15,C0|S|MKT|15|v0.3.0-tier0|SPY,490.82,100,49082,-26,-0.05,0,59,0.12,-60,-0.12,1179,1.18,1
2823,Exit short,2024-04-19 07:45,TX15,485.53,100,48536,-17,-0.04,0,85,0.18,-92,-0.19,1162,1.16,1
2823,Entry short,2024-04-19 07:30,C0|S|MKT|15|v0.3.0-tier0|SPY,485.36,100,48536,-17,-0.04,0,85,0.18,-92,-0.19,1162,1.16,1
2824,Exit short,2024-04-22 07:45,TX15,483.85,100,48340,-45,-0.09,0,2,0.00,-85,-0.18,1117,1.12,1
2824,Entry short,2024-04-22 07:30,C0|S|MKT|15|v0.3.0-tier0|SPY,483.4,100,48340,-45,-0.09,0,2,0.00,-85,-0.18,1117,1.12,1
2825,Exit long,2024-04-23 07:15,TX15,490.09,100,48987,22,0.04,0,62,0.13,-38,-0.08,1139,1.14,1
2825,Entry long,2024-04-23 07:00,C0|L|MKT|15|v0.3.0-tier0|SPY,489.87,100,48987,22,0.04,0,62,0.13,-38,-0.08,1139,1.14,1
2826,Exit short,2024-04-25 07:15,TX15,485.88,100,48511,-77,-0.16,0,69,0.14,-84,-0.17,1062,1.06,1
2826,Entry short,2024-04-25 07:00,C0|S|MKT|15|v0.3.0-tier0|SPY,485.11,100,48511,-77,-0.16,0,69,0.14,-84,-0.17,1062,1.06,1
2827,Exit long,2024-04-26 07:15,TX15,495.48,100,49449,99,0.20,0,117,0.24,-17,-0.03,1161,1.16,1
2827,Entry long,2024-04-26 07:00,C0|L|MKT|15|v0.3.0-tier0|SPY,494.49,100,49449,99,0.20,0,117,0.24,-17,-0.03,1161,1.16,1
2828,Exit short,2024-05-01 07:15,TX15,487.52,100,48768,16,0.03,0,73,0.15,-40,-0.08,1177,1.18,1
2828,Entry short,2024-05-01 07:00,C0|S|MKT|15|v0.3.0-tier0|SPY,487.68,100,48768,16,0.03,0,73,0.15,-40,-0.08,1177,1.18,1
2829,Exit short,2024-05-02 07:15,TX15,487.65,100,48880,115,0.24,0,237,0.48,-1,0.00,1292,1.29,1
2829,Entry short,2024-05-02 07:00,C0|S|MKT|15|v0.3.0-tier0|SPY,488.8,100,48880,115,0.24,0,237,0.48,-1,0.00,1292,1.29,1
2830,Exit long,2024-05-03 07:15,TX15,496.29,100,49826,-197,-0.40,0,82,0.16,-241,-0.48,1095,1.10,1
2830,Entry long,2024-05-03 07:00,C0|L|MKT|15|v0.3.0-tier0|SPY,498.26,100,49826,-197,-0.40,0,82,0.16,-241,-0.48,1095,1.10,1
2831,Exit long,2024-05-06 07:30,TX15,500.8,100,50090,-10,-0.02,0,12,0.02,-36,-0.07,1085,1.09,1
2831,Entry long,2024-05-06 07:15,C0|L|MKT|15|v0.3.0-tier0|SPY,500.9,100,50090,-10,-0.02,0,12,0.02,-36,-0.07,1085,1.09,1
2832,Exit short,2024-05-07 07:15,TX15,504.08,100,50363,-45,-0.09,0,26,0.05,-51,-0.10,1040,1.04,1
2832,Entry short,2024-05-07 07:00,C0|S|MKT|15|v0.3.0-tier0|SPY,503.63,100,50363,-45,-0.09,0,26,0.05,-51,-0.10,1040,1.04,1
2833,Exit long,2024-05-08 07:15,TX15,502.62,100,50293,-31,-0.06,0,17,0.03,-43,-0.09,1009,1.01,1
2833,Entry long,2024-05-08 07:00,C0|L|MKT|15|v0.3.0-tier0|SPY,502.93,100,50293,-31,-0.06,0,17,0.03,-43,-0.09,1009,1.01,1
2834,Exit long,2024-05-09 07:45,TX15,505.32,100,50445,87,0.17,0,108,0.21,0,0.00,1096,1.10,1
2834,Entry long,2024-05-09 07:30,C0|L|MKT|15|v0.3.0-tier0|SPY,504.45,100,50445,87,0.17,0,108,0.21,0,0.00,1096,1.10,1
2835,Exit short,2024-05-10 07:45,TX15,507.44,100,50710,-34,-0.07,0,27,0.05,-58,-0.11,1062,1.06,1
2835,Entry short,2024-05-10 07:30,C0|S|MKT|15|v0.3.0-tier0|SPY,507.1,100,50710,-34,-0.07,0,27,0.05,-58,-0.11,1062,1.06,1
2836,Exit long,2024-05-14 07:45,TX15,507.43,100,50850,-107,-0.21,0,6,0.01,-153,-0.30,955,0.96,1
2836,Entry long,2024-05-14 07:30,C0|L|MKT|15|v0.3.0-tier0|SPY,508.5,100,50850,-107,-0.21,0,6,0.01,-153,-0.30,955,0.96,1
2837,Exit short,2024-05-15 07:15,TX15,512.35,100,51186,-49,-0.10,0,4,0.01,-87,-0.17,906,0.91,1
2837,Entry short,2024-05-15 07:00,C0|S|MKT|15|v0.3.0-tier0|SPY,511.86,100,51186,-49,-0.10,0,4,0.01,-87,-0.17,906,0.91,1
2838,Exit long,2024-05-16 07:30,TX15,516.7,100,51643,27,0.05,0,41,0.08,0,0.00,933,0.93,1
2838,Entry long,2024-05-16 07:15,C0|L|MKT|15|v0.3.0-tier0|SPY,516.43,100,51643,27,0.05,0,41,0.08,0,0.00,933,0.93,1
2839,Exit long,2024-05-20 07:15,TX15,517.04,100,51721,-17,-0.03,0,7,0.01,-45,-0.09,916,0.92,1
2839,Entry long,2024-05-20 07:00,C0|L|MKT|15|v0.3.0-tier0|SPY,517.21,100,51721,-17,-0.03,0,7,0.01,-45,-0.09,916,0.92,1
2840,Exit long,2024-05-21 07:30,TX15,516.1,100,51593,17,0.03,0,18,0.03,-13,-0.03,933,0.93,1
2840,Entry long,2024-05-21 07:15,C0|L|MKT|15|v0.3.0-tier0|SPY,515.93,100,51593,17,0.03,0,18,0.03,-13,-0.03,933,0.93,1
2841,Exit long,2024-05-22 07:15,TX15,517.2,100,51719,1,0.00,0,14,0.03,-20,-0.04,934,0.93,1
2841,Entry long,2024-05-22 07:00,C0|L|MKT|15|v0.3.0-tier0|SPY,517.19,100,51719,1,0.00,0,14,0.03,-20,-0.04,934,0.93,1
2842,Exit short,2024-05-23 07:15,TX15,516.85,100,51600,-85,-0.16,0,35,0.07,-98,-0.19,849,0.85,1
2842,Entry short,2024-05-23 07:00,C0|S|MKT|15|v0.3.0-tier0|SPY,516,100,51600,-85,-0.16,0,35,0.07,-98,-0.19,849,0.85,1
2843,Exit short,2024-05-24 07:15,TX15,513.93,100,51340,-53,-0.10,0,0,0.00,-103,-0.20,796,0.80,1
2843,Entry short,2024-05-24 07:00,C0|S|MKT|15|v0.3.0-tier0|SPY,513.4,100,51340,-53,-0.10,0,0,0.00,-103,-0.20,796,0.80,1
2844,Exit short,2024-05-28 07:15,TX15,515.5,100,51545,-5,-0.01,0,34,0.07,-35,-0.07,791,0.79,1
2844,Entry short,2024-05-28 07:00,C0|S|MKT|15|v0.3.0-tier0|SPY,515.45,100,51545,-5,-0.01,0,34,0.07,-35,-0.07,791,0.79,1
2845,Exit long,2024-05-29 07:15,TX15,512.59,100,51238,21,0.04,0,33,0.06,-20,-0.04,812,0.81,1
2845,Entry long,2024-05-29 07:00,C0|L|MKT|15|v0.3.0-tier0|SPY,512.38,100,51238,21,0.04,0,33,0.06,-20,-0.04,812,0.81,1
2846,Exit short,2024-05-30 07:30,TX15,510.22,100,50988,-34,-0.07,0,17,0.03,-63,-0.12,778,0.78,1
2846,Entry short,2024-05-30 07:15,C0|S|MKT|15|v0.3.0-tier0|SPY,509.88,100,50988,-34,-0.07,0,17,0.03,-63,-0.12,778,0.78,1
2847,Exit short,2024-05-31 07:15,TX15,508.26,100,50941,115,0.23,0,122,0.24,-6,-0.01,893,0.89,1
2847,Entry short,2024-05-31 07:00,C0|S|MKT|15|v0.3.0-tier0|SPY,509.41,100,50941,115,0.23,0,122,0.24,-6,-0.01,893,0.89,1
2848,Exit short,2024-06-03 07:15,TX15,514.38,100,51405,-33,-0.06,0,46,0.09,-125,-0.24,860,0.86,1
2848,Entry short,2024-06-03 07:00,C0|S|MKT|15|v0.3.0-tier0|SPY,514.05,100,51405,-33,-0.06,0,46,0.09,-125,-0.24,860,0.86,1
2849,Exit long,2024-06-04 07:45,TX15,513.38,100,51312,26,0.05,0,41,0.08,-65,-0.13,886,0.89,1
2849,Entry long,2024-06-04 07:30,C0|L|MKT|15|v0.3.0-tier0|SPY,513.12,100,51312,26,0.05,0,41,0.08,-65,-0.13,886,0.89,1
2850,Exit short,2024-06-05 07:30,TX15,516.34,100,51542,-92,-0.18,0,12,0.02,-106,-0.21,794,0.79,1
2850,Entry short,2024-06-05 07:15,C0|S|MKT|15|v0.3.0-tier0|SPY,515.42,100,51542,-92,-0.18,0,12,0.02,-106,-0.21,794,0.79,1
2851,Exit short,2024-06-06 07:15,TX15,520.69,100,52032,-37,-0.07,0,0,0.00,-61,-0.12,757,0.76,1
2851,Entry short,2024-06-06 07:00,C0|S|MKT|15|v0.3.0-tier0|SPY,520.32,100,52032,-37,-0.07,0,0,0.00,-61,-0.12,757,0.76,1
2852,Exit long,2024-06-07 07:15,TX15,520.22,100,52002,20,0.04,0,30,0.06,-17,-0.03,777,0.78,1
2852,Entry long,2024-06-07 07:00,C0|L|MKT|15|v0.3.0-tier0|SPY,520.02,100,52002,20,0.04,0,30,0.06,-17,-0.03,777,0.78,1
2853,Exit long,2024-06-10 07:45,TX15,519.54,100,51958,-4,-0.01,0,12,0.02,-16,-0.03,773,0.77,1
2853,Entry long,2024-06-10 07:30,C0|L|MKT|15|v0.3.0-tier0|SPY,519.58,100,51958,-4,-0.01,0,12,0.02,-16,-0.03,773,0.77,1
2854,Exit short,2024-06-11 07:15,TX15,519.34,100,51877,-57,-0.11,0,16,0.03,-69,-0.13,716,0.72,1
2854,Entry short,2024-06-11 07:00,C0|S|MKT|15|v0.3.0-tier0|SPY,518.77,100,51877,-57,-0.11,0,16,0.03,-69,-0.13,716,0.72,1
2855,Exit long,2024-06-12 07:30,TX15,529.63,100,52887,76,0.14,0,77,0.15,-1,0.00,792,0.79,1
2855,Entry long,2024-06-12 07:15,C0|L|MKT|15|v0.3.0-tier0|SPY,528.87,100,52887,76,0.14,0,77,0.15,-1,0.00,792,0.79,1
2856,Exit short,2024-06-13 07:15,TX15,527.1,100,52776,66,0.13,0,66,0.13,-28,-0.05,858,0.86,1
2856,Entry short,2024-06-13 07:00,C0|S|MKT|15|v0.3.0-tier0|SPY,527.76,100,52776,66,0.13,0,66,0.13,-28,-0.05,858,0.86,1
2857,Exit short,2024-06-14 07:30,TX15,526.67,100,52594,-73,-0.14,0,2,0.00,-107,-0.20,785,0.78,1
2857,Entry short,2024-06-14 07:15,C0|S|MKT|15|v0.3.0-tier0|SPY,525.94,100,52594,-73,-0.14,0,2,0.00,-107,-0.20,785,0.78,1
2858,Exit long,2024-06-17 07:30,TX15,528.06,100,52826,-20,-0.04,0,37,0.07,-41,-0.08,765,0.77,1
2858,Entry long,2024-06-17 07:15,C0|L|MKT|15|v0.3.0-tier0|SPY,528.26,100,52826,-20,-0.04,0,37,0.07,-41,-0.08,765,0.77,1
2859,Exit short,2024-06-20 07:30,TX15,534.64,100,53428,-36,-0.07,0,28,0.05,-49,-0.09,729,0.73,1
2859,Entry short,2024-06-20 07:15,C0|S|MKT|15|v0.3.0-tier0|SPY,534.28,100,53428,-36,-0.07,0,28,0.05,-49,-0.09,729,0.73,1
2860,Exit long,2024-06-24 07:15,TX15,533.89,100,53303,86,0.16,0,126,0.24,-7,-0.01,815,0.82,1
2860,Entry long,2024-06-24 07:00,C0|L|MKT|15|v0.3.0-tier0|SPY,533.03,100,53303,86,0.16,0,126,0.24,-7,-0.01,815,0.82,1
2861,Exit short,2024-06-25 07:15,TX15,531.51,100,53060,-91,-0.17,0,13,0.02,-99,-0.19,724,0.72,1
2861,Entry short,2024-06-25 07:00,C0|S|MKT|15|v0.3.0-tier0|SPY,530.6,100,53060,-91,-0.17,0,13,0.02,-99,-0.19,724,0.72,1
2862,Exit long,2024-06-26 07:15,TX15,531.93,100,53152,41,0.08,0,50,0.09,-27,-0.05,765,0.77,1
2862,Entry long,2024-06-26 07:00,C0|L|MKT|15|v0.3.0-tier0|SPY,531.52,100,53152,41,0.08,0,50,0.09,-27,-0.05,765,0.77,1
2863,Exit long,2024-06-27 07:30,TX15,533.9,100,53422,-32,-0.06,0,10,0.02,-67,-0.13,733,0.73,1
2863,Entry long,2024-06-27 07:15,C0|L|MKT|15|v0.3.0-tier0|SPY,534.22,100,53422,-32,-0.06,0,10,0.02,-67,-0.13,733,0.73,1
2864,Exit long,2024-06-28 07:15,TX15,537.49,100,53539,210,0.39,0,217,0.41,0,0.00,943,0.94,1
2864,Entry long,2024-06-28 07:00,C0|L|MKT|15|v0.3.0-tier0|SPY,535.39,100,53539,210,0.39,0,217,0.41,0,0.00,943,0.94,1
2865,Exit short,2024-07-01 07:15,TX15,530.24,100,53217,193,0.36,0,199,0.37,-66,-0.12,1136,1.14,1
2865,Entry short,2024-07-01 07:00,C0|S|MKT|15|v0.3.0-tier0|SPY,532.17,100,53217,193,0.36,0,199,0.37,-66,-0.12,1136,1.14,1
2866,Exit long,2024-07-03 07:15,TX15,537.07,100,53688,19,0.04,0,47,0.09,-69,-0.13,1155,1.16,1
2866,Entry long,2024-07-03 07:00,C0|L|MKT|15|v0.3.0-tier0|SPY,536.88,100,53688,19,0.04,0,47,0.09,-69,-0.13,1155,1.16,1
2867,Exit long,2024-07-05 07:15,TX15,539.03,100,53976,-73,-0.14,0,23,0.04,-138,-0.26,1082,1.08,1
2867,Entry long,2024-07-05 07:00,C0|L|MKT|15|v0.3.0-tier0|SPY,539.76,100,53976,-73,-0.14,0,23,0.04,-138,-0.26,1082,1.08,1
2868,Exit short,2024-07-09 07:45,TX15,543.78,100,54315,-63,-0.12,0,24,0.04,-66,-0.12,1019,1.02,1
2868,Entry short,2024-07-09 07:30,C0|S|MKT|15|v0.3.0-tier0|SPY,543.15,100,54315,-63,-0.12,0,24,0.04,-66,-0.12,1019,1.02,1
2869,Exit long,2024-07-10 07:30,TX15,544.45,100,54480,-35,-0.06,0,3,0.01,-53,-0.10,984,0.98,1
2869,Entry long,2024-07-10 07:15,C0|L|MKT|15|v0.3.0-tier0|SPY,544.8,100,54480,-35,-0.06,0,3,0.01,-53,-0.10,984,0.98,1
2870,Exit short,2024-07-11 07:30,TX15,546.81,100,54812,131,0.24,0,176,0.32,0,0.00,1115,1.12,1
2870,Entry short,2024-07-11 07:15,C0|S|MKT|15|v0.3.0-tier0|SPY,548.12,100,54812,131,0.24,0,176,0.32,0,0.00,1115,1.12,1
2871,Exit long,2024-07-12 07:15,TX15,546.8,100,54593,87,0.16,0,97,0.18,-21,-0.04,1202,1.20,1
2871,Entry long,2024-07-12 07:00,C0|L|MKT|15|v0.3.0-tier0|SPY,545.93,100,54593,87,0.16,0,97,0.18,-21,-0.04,1202,1.20,1
2872,Exit short,2024-07-16 07:30,TX15,549.63,100,54923,-40,-0.07,0,12,0.02,-65,-0.12,1162,1.16,1
2872,Entry short,2024-07-16 07:15,C0|S|MKT|15|v0.3.0-tier0|SPY,549.23,100,54923,-40,-0.07,0,12,0.02,-65,-0.12,1162,1.16,1
2873,Exit short,2024-07-17 07:45,TX15,545.88,100,54577,-11,-0.02,0,39,0.07,-40,-0.07,1151,1.15,1
2873,Entry short,2024-07-17 07:30,C0|S|MKT|15|v0.3.0-tier0|SPY,545.77,100,54577,-11,-0.02,0,39,0.07,-40,-0.07,1151,1.15,1
2874,Exit long,2024-07-18 07:30,TX15,545.91,100,54625,-34,-0.06,0,34,0.06,-47,-0.09,1117,1.12,1
2874,Entry long,2024-07-18 07:15,C0|L|MKT|15|v0.3.0-tier0|SPY,546.25,100,54625,-34,-0.06,0,34,0.06,-47,-0.09,1117,1.12,1
2875,Exit short,2024-07-19 07:45,TX15,537.94,100,53839,45,0.08,0,46,0.09,-60,-0.11,1162,1.16,1
2875,Entry short,2024-07-19 07:30,C0|S|MKT|15|v0.3.0-tier0|SPY,538.39,100,53839,45,0.08,0,46,0.09,-60,-0.11,1162,1.16,1
2876,Exit long,2024-07-23 07:30,TX15,543.16,100,54302,14,0.03,0,52,0.10,-5,-0.01,1176,1.18,1
2876,Entry long,2024-07-23 07:15,C0|L|MKT|15|v0.3.0-tier0|SPY,543.02,100,54302,14,0.03,0,52,0.10,-5,-0.01,1176,1.18,1
2877,Exit short,2024-07-24 07:15,TX15,533.06,100,53410,104,0.19,0,117,0.22,-14,-0.03,1280,1.28,1
2877,Entry short,2024-07-24 07:00,C0|S|MKT|15|v0.3.0-tier0|SPY,534.1,100,53410,104,0.19,0,117,0.22,-14,-0.03,1280,1.28,1
2878,Exit short,2024-07-25 07:15,TX15,525.74,100,52737,163,0.31,0,235,0.45,0,0.00,1443,1.44,1
2878,Entry short,2024-07-25 07:00,C0|S|MKT|15|v0.3.0-tier0|SPY,527.37,100,52737,163,0.31,0,235,0.45,0,0.00,1443,1.44,1
2879,Exit long,2024-07-26 07:45,TX15,529.94,100,53107,-113,-0.21,0,16,0.03,-193,-0.36,1330,1.33,1
2879,Entry long,2024-07-26 07:30,C0|L|MKT|15|v0.3.0-tier0|SPY,531.07,100,53107,-113,-0.21,0,16,0.03,-193,-0.36,1330,1.33,1
2880,Exit long,2024-07-29 07:15,TX15,532.59,100,53399,-140,-0.26,0,40,0.07,-153,-0.29,1190,1.19,1
2880,Entry long,2024-07-29 07:00,C0|L|MKT|15|v0.3.0-tier0|SPY,533.99,100,53399,-140,-0.26,0,40,0.07,-153,-0.29,1190,1.19,1
2881,Exit short,2024-07-30 07:30,TX15,532.37,100,53298,61,0.11,0,79,0.15,-37,-0.07,1251,1.25,1
2881,Entry short,2024-07-30 07:15,C0|S|MKT|15|v0.3.0-tier0|SPY,532.98,100,53298,61,0.11,0,79,0.15,-37,-0.07,1251,1.25,1
2882,Exit long,2024-07-31 07:30,TX15,537.61,100,53713,48,0.09,0,69,0.13,-7,-0.01,1299,1.30,1
2882,Entry long,2024-07-31 07:15,C0|L|MKT|15|v0.3.0-tier0|SPY,537.13,100,53713,48,0.09,0,69,0.13,-7,-0.01,1299,1.30,1
2883,Exit short,2024-08-01 07:30,TX15,537.15,100,53932,217,0.40,0,221,0.41,-17,-0.03,1516,1.52,1
2883,Entry short,2024-08-01 07:15,C0|S|MKT|15|v0.3.0-tier0|SPY,539.32,100,53932,217,0.40,0,221,0.41,-17,-0.03,1516,1.52,1
2884,Exit short,2024-08-02 07:30,TX15,518.24,100,51765,-59,-0.11,0,32,0.06,-134,-0.26,1457,1.46,1
2884,Entry short,2024-08-02 07:15,C0|S|MKT|15|v0.3.0-tier0|SPY,517.65,100,51765,-59,-0.11,0,32,0.06,-134,-0.26,1457,1.46,1
2885,Exit long,2024-08-05 07:30,TX15,502.76,100,50564,-288,-0.57,0,84,0.17,-293,-0.58,1169,1.17,1
2885,Entry long,2024-08-05 07:15,C0|L|MKT|15|v0.3.0-tier0|SPY,505.64,100,50564,-288,-0.57,0,84,0.17,-293,-0.58,1169,1.17,1
2886,Exit long,2024-08-06 07:15,TX15,511.08,100,50982,126,0.25,0,201,0.39,-68,-0.13,1295,1.30,1
2886,Entry long,2024-08-06 07:00,C0|L|MKT|15|v0.3.0-tier0|SPY,509.82,100,50982,126,0.25,0,201,0.39,-68,-0.13,1295,1.30,1
2887,Exit long,2024-08-07 07:15,TX15,518.05,100,51878,-73,-0.14,0,52,0.10,-124,-0.24,1222,1.22,1
2887,Entry long,2024-08-07 07:00,C0|L|MKT|15|v0.3.0-tier0|SPY,518.78,100,51878,-73,-0.14,0,52,0.10,-124,-0.24,1222,1.22,1
2888,Exit long,2024-08-08 07:15,TX15,514.17,100,51293,124,0.24,0,137,0.27,-39,-0.08,1346,1.35,1
2888,Entry long,2024-08-08 07:00,C0|L|MKT|15|v0.3.0-tier0|SPY,512.93,100,51293,124,0.24,0,137,0.27,-39,-0.08,1346,1.35,1
2889,Exit long,2024-08-09 07:30,TX15,518.4,100,51914,-74,-0.14,0,17,0.03,-100,-0.19,1272,1.27,1
2889,Entry long,2024-08-09 07:15,C0|L|MKT|15|v0.3.0-tier0|SPY,519.14,100,51914,-74,-0.14,0,17,0.03,-100,-0.19,1272,1.27,1
2890,Exit short,2024-08-12 07:15,TX15,521.44,100,51914,-230,-0.44,0,21,0.04,-237,-0.46,1042,1.04,1
2890,Entry short,2024-08-12 07:00,C0|S|MKT|15|v0.3.0-tier0|SPY,519.14,100,51914,-230,-0.44,0,21,0.04,-237,-0.46,1042,1.04,1
2891,Exit long,2024-08-13 07:15,TX15,524.77,100,52535,-58,-0.11,0,14,0.03,-93,-0.18,984,0.98,1
2891,Entry long,2024-08-13 07:00,C0|L|MKT|15|v0.3.0-tier0|SPY,525.35,100,52535,-58,-0.11,0,14,0.03,-93,-0.18,984,0.98,1
2892,Exit short,2024-08-14 07:15,TX15,528.7,100,52898,28,0.05,0,65,0.12,-25,-0.05,1012,1.01,1
2892,Entry short,2024-08-14 07:00,C0|S|MKT|15|v0.3.0-tier0|SPY,528.98,100,52898,28,0.05,0,65,0.12,-25,-0.05,1012,1.01,1
2893,Exit long,2024-08-15 07:45,TX15,538.15,100,53767,48,0.09,0,52,0.10,-3,-0.01,1060,1.06,1
2893,Entry long,2024-08-15 07:30,C0|L|MKT|15|v0.3.0-tier0|SPY,537.67,100,53767,48,0.09,0,52,0.10,-3,-0.01,1060,1.06,1
2894,Exit long,2024-08-16 07:30,TX15,540.18,100,54009,9,0.02,0,74,0.14,-2,0.00,1069,1.07,1
2894,Entry long,2024-08-16 07:15,C0|L|MKT|15|v0.3.0-tier0|SPY,540.09,100,54009,9,0.02,0,74,0.14,-2,0.00,1069,1.07,1
2895,Exit long,2024-08-20 07:15,TX15,546.52,100,54778,-126,-0.23,0,7,0.01,-163,-0.30,943,0.94,1
2895,Entry long,2024-08-20 07:00,C0|L|MKT|15|v0.3.0-tier0|SPY,547.78,100,54778,-126,-0.23,0,7,0.01,-163,-0.30,943,0.94,1
2896,Exit long,2024-08-21 07:15,TX15,546.52,100,54741,-89,-0.16,0,46,0.08,-108,-0.20,854,0.85,1
2896,Entry long,2024-08-21 07:00,C0|L|MKT|15|v0.3.0-tier0|SPY,547.41,100,54741,-89,-0.16,0,46,0.08,-108,-0.20,854,0.85,1
2897,Exit short,2024-08-22 07:15,TX15,548.05,100,54936,131,0.24,0,179,0.33,-9,-0.02,985,0.99,1
2897,Entry short,2024-08-22 07:00,C0|S|MKT|15|v0.3.0-tier0|SPY,549.36,100,54936,131,0.24,0,179,0.33,-9,-0.02,985,0.99,1
2898,Exit long,2024-08-23 07:15,TX15,549.38,100,54686,252,0.46,0,322,0.59,0,0.00,1237,1.24,1
2898,Entry long,2024-08-23 07:00,C0|L|MKT|15|v0.3.0-tier0|SPY,546.86,100,54686,252,0.46,0,322,0.59,0,0.00,1237,1.24,1
2899,Exit short,2024-08-26 07:30,TX15,548.91,100,54910,19,0.03,0,58,0.11,-12,-0.02,1256,1.26,1
2899,Entry short,2024-08-26 07:15,C0|S|MKT|15|v0.3.0-tier0|SPY,549.1,100,54910,19,0.03,0,58,0.11,-12,-0.02,1256,1.26,1
2900,Exit long,2024-08-27 07:15,TX15,546.97,100,54689,8,0.01,0,56,0.10,-21,-0.04,1264,1.26,1
2900,Entry long,2024-08-27 07:00,C0|L|MKT|15|v0.3.0-tier0|SPY,546.89,100,54689,8,0.01,0,56,0.10,-21,-0.04,1264,1.26,1
2901,Exit long,2024-08-29 07:15,TX15,548.2,100,54813,7,0.01,0,77,0.14,-42,-0.08,1271,1.27,1
2901,Entry long,2024-08-29 07:00,C0|L|MKT|15|v0.3.0-tier0|SPY,548.13,100,54813,7,0.01,0,77,0.14,-42,-0.08,1271,1.27,1
2902,Exit short,2024-09-03 07:15,TX15,543.68,100,54619,251,0.46,0,255,0.47,-2,0.00,1522,1.52,1
2902,Entry short,2024-09-03 07:00,C0|S|MKT|15|v0.3.0-tier0|SPY,546.19,100,54619,251,0.46,0,255,0.47,-2,0.00,1522,1.52,1
2903,Exit long,2024-09-04 07:15,TX15,539.18,100,53970,-52,-0.10,0,30,0.06,-241,-0.45,1470,1.47,1
2903,Entry long,2024-09-04 07:00,C0|L|MKT|15|v0.3.0-tier0|SPY,539.7,100,53970,-52,-0.10,0,30,0.06,-241,-0.45,1470,1.47,1
2904,Exit long,2024-09-05 07:45,TX15,539.38,100,54019,-81,-0.15,0,56,0.10,-88,-0.16,1389,1.39,1
2904,Entry long,2024-09-05 07:30,C0|L|MKT|15|v0.3.0-tier0|SPY,540.19,100,54019,-81,-0.15,0,56,0.10,-88,-0.16,1389,1.39,1
2905,Exit short,2024-09-06 07:15,TX15,534.55,100,53522,67,0.13,0,130,0.24,-36,-0.07,1456,1.46,1
2905,Entry short,2024-09-06 07:00,C0|S|MKT|15|v0.3.0-tier0|SPY,535.22,100,53522,67,0.13,0,130,0.24,-36,-0.07,1456,1.46,1
2906,Exit long,2024-09-09 07:30,TX15,532.12,100,53341,-129,-0.24,0,20,0.04,-132,-0.25,1327,1.33,1
2906,Entry long,2024-09-09 07:15,C0|L|MKT|15|v0.3.0-tier0|SPY,533.41,100,53341,-129,-0.24,0,20,0.04,-132,-0.25,1327,1.33,1
2907,Exit short,2024-09-10 07:30,TX15,534.46,100,53328,-118,-0.22,0,35,0.07,-134,-0.25,1209,1.21,1
2907,Entry short,2024-09-10 07:15,C0|S|MKT|15|v0.3.0-tier0|SPY,533.28,100,53328,-118,-0.22,0,35,0.07,-134,-0.25,1209,1.21,1
2908,Exit short,2024-09-11 07:15,TX15,529.64,100,53210,246,0.46,0,250,0.47,-7,-0.01,1455,1.46,1
2908,Entry short,2024-09-11 07:00,C0|S|MKT|15|v0.3.0-tier0|SPY,532.1,100,53210,246,0.46,0,250,0.47,-7,-0.01,1455,1.46,1
2909,Exit short,2024-09-12 07:15,TX15,542.56,100,54100,-156,-0.29,0,48,0.09,-171,-0.32,1299,1.30,1
2909,Entry short,2024-09-12 07:00,C0|S|MKT|15|v0.3.0-tier0|SPY,541,100,54100,-156,-0.29,0,48,0.09,-171,-0.32,1299,1.30,1
2910,Exit long,2024-09-13 07:15,TX15,548.28,100,54804,24,0.04,0,77,0.14,-106,-0.19,1323,1.32,1
2910,Entry long,2024-09-13 07:00,C0|L|MKT|15|v0.3.0-tier0|SPY,548.04,100,54804,24,0.04,0,77,0.14,-106,-0.19,1323,1.32,1
2911,Exit long,2024-09-16 07:15,TX15,549.51,100,54949,2,0.00,0,33,0.06,-80,-0.15,1325,1.33,1
2911,Entry long,2024-09-16 07:00,C0|L|MKT|15|v0.3.0-tier0|SPY,549.49,100,54949,2,0.00,0,33,0.06,-80,-0.15,1325,1.33,1
2912,Exit short,2024-09-17 07:15,TX15,552.7,100,55146,-124,-0.22,0,24,0.04,-169,-0.31,1201,1.20,1
2912,Entry short,2024-09-17 07:00,C0|S|MKT|15|v0.3.0-tier0|SPY,551.46,100,55146,-124,-0.22,0,24,0.04,-169,-0.31,1201,1.20,1
2913,Exit long,2024-09-19 07:45,TX15,557.56,100,55812,-56,-0.10,0,55,0.10,-88,-0.16,1145,1.15,1
2913,Entry long,2024-09-19 07:30,C0|L|MKT|15|v0.3.0-tier0|SPY,558.12,100,55812,-56,-0.10,0,55,0.10,-88,-0.16,1145,1.15,1
2914,Exit short,2024-09-20 07:15,TX15,555.18,100,55567,49,0.09,0,67,0.12,-27,-0.05,1194,1.19,1
2914,Entry short,2024-09-20 07:00,C0|S|MKT|15|v0.3.0-tier0|SPY,555.67,100,55567,49,0.09,0,67,0.12,-27,-0.05,1194,1.19,1
2915,Exit long,2024-09-23 07:45,TX15,558.31,100,55834,-3,-0.01,0,3,0.01,-92,-0.16,1191,1.19,1
2915,Entry long,2024-09-23 07:30,C0|L|MKT|15|v0.3.0-tier0|SPY,558.34,100,55834,-3,-0.01,0,3,0.01,-92,-0.16,1191,1.19,1
2916,Exit short,2024-09-24 07:15,TX15,557.02,100,55788,86,0.15,0,159,0.29,0,0.00,1277,1.28,1
2916,Entry short,2024-09-24 07:00,C0|S|MKT|15|v0.3.0-tier0|SPY,557.88,100,55788,86,0.15,0,159,0.29,0,0.00,1277,1.28,1
2917,Exit short,2024-09-26 07:30,TX15,561.1,100,56164,54,0.10,0,73,0.13,-19,-0.03,1331,1.33,1
2917,Entry short,2024-09-26 07:15,C0|S|MKT|15|v0.3.0-tier0|SPY,561.64,100,56164,54,0.10,0,73,0.13,-19,-0.03,1331,1.33,1
2918,Exit long,2024-09-27 07:45,TX15,562.02,100,56231,-29,-0.05,0,8,0.01,-59,-0.10,1302,1.30,1
2918,Entry long,2024-09-27 07:30,C0|L|MKT|15|v0.3.0-tier0|SPY,562.31,100,56231,-29,-0.05,0,8,0.01,-59,-0.10,1302,1.30,1
2919,Exit short,2024-10-01 07:15,TX15,556.12,100,55803,191,0.34,0,242,0.43,-81,-0.15,1493,1.49,1
2919,Entry short,2024-10-01 07:00,C0|S|MKT|15|v0.3.0-tier0|SPY,558.03,100,55803,191,0.34,0,242,0.43,-81,-0.15,1493,1.49,1
2920,Exit long,2024-10-02 07:30,TX15,556.84,100,55644,40,0.07,0,99,0.18,-50,-0.09,1533,1.53,1
2920,Entry long,2024-10-02 07:15,C0|L|MKT|15|v0.3.0-tier0|SPY,556.44,100,55644,40,0.07,0,99,0.18,-50,-0.09,1533,1.53,1
2921,Exit short,2024-10-04 07:15,TX15,558.38,100,55866,28,0.05,0,137,0.25,-99,-0.18,1561,1.56,1
2921,Entry short,2024-10-04 07:00,C0|S|MKT|15|v0.3.0-tier0|SPY,558.66,100,55866,28,0.05,0,137,0.25,-99,-0.18,1561,1.56,1
2922,Exit short,2024-10-07 07:15,TX15,560.05,100,55924,-81,-0.14,0,7,0.01,-96,-0.17,1480,1.48,1
2922,Entry short,2024-10-07 07:00,C0|S|MKT|15|v0.3.0-tier0|SPY,559.24,100,55924,-81,-0.14,0,7,0.01,-96,-0.17,1480,1.48,1
2923,Exit long,2024-10-08 07:15,TX15,559.14,100,55928,-14,-0.03,0,57,0.10,-26,-0.05,1466,1.47,1
2923,Entry long,2024-10-08 07:00,C0|L|MKT|15|v0.3.0-tier0|SPY,559.28,100,55928,-14,-0.03,0,57,0.10,-26,-0.05,1466,1.47,1
2924,Exit long,2024-10-09 07:45,TX15,562.67,100,56254,13,0.02,0,32,0.06,-16,-0.03,1479,1.48,1
2924,Entry long,2024-10-09 07:30,C0|L|MKT|15|v0.3.0-tier0|SPY,562.54,100,56254,13,0.02,0,32,0.06,-16,-0.03,1479,1.48,1
2925,Exit long,2024-10-10 07:30,TX15,564.36,100,56459,-23,-0.04,0,23,0.04,-50,-0.09,1456,1.46,1
2925,Entry long,2024-10-10 07:15,C0|L|MKT|15|v0.3.0-tier0|SPY,564.59,100,56459,-23,-0.04,0,23,0.04,-50,-0.09,1456,1.46,1
2926,Exit long,2024-10-11 07:15,TX15,567.38,100,56572,166,0.29,0,183,0.32,-32,-0.06,1622,1.62,1
2926,Entry long,2024-10-11 07:00,C0|L|MKT|15|v0.3.0-tier0|SPY,565.72,100,56572,166,0.29,0,183,0.32,-32,-0.06,1622,1.62,1
2927,Exit long,2024-10-14 07:15,TX15,571.28,100,57157,-29,-0.05,0,15,0.03,-55,-0.10,1593,1.59,1
2927,Entry long,2024-10-14 07:00,C0|L|MKT|15|v0.3.0-tier0|SPY,571.57,100,57157,-29,-0.05,0,15,0.03,-55,-0.10,1593,1.59,1
2928,Exit short,2024-10-15 07:15,TX15,572.11,100,57245,34,0.06,0,44,0.08,-41,-0.07,1627,1.63,1
2928,Entry short,2024-10-15 07:00,C0|S|MKT|15|v0.3.0-tier0|SPY,572.45,100,57245,34,0.06,0,44,0.08,-41,-0.07,1627,1.63,1
2929,Exit long,2024-10-16 07:30,TX15,569.14,100,56860,54,0.09,0,85,0.15,-17,-0.03,1681,1.68,1
2929,Entry long,2024-10-16 07:15,C0|L|MKT|15|v0.3.0-tier0|SPY,568.6,100,56860,54,0.09,0,85,0.15,-17,-0.03,1681,1.68,1
2930,Exit long,2024-10-21 07:30,TX15,572.18,100,57285,-67,-0.12,0,23,0.04,-79,-0.14,1614,1.61,1
2930,Entry long,2024-10-21 07:15,C0|L|MKT|15|v0.3.0-tier0|SPY,572.85,100,57285,-67,-0.12,0,23,0.04,-79,-0.14,1614,1.61,1
2931,Exit long,2024-10-22 07:15,TX15,570.33,100,56963,70,0.12,0,86,0.15,-28,-0.05,1684,1.68,1
2931,Entry long,2024-10-22 07:00,C0|L|MKT|15|v0.3.0-tier0|SPY,569.63,100,56963,70,0.12,0,86,0.15,-28,-0.05,1684,1.68,1
2932,Exit short,2024-10-23 07:30,TX15,569.3,100,56909,-21,-0.04,0,67,0.12,-36,-0.06,1663,1.66,1
2932,Entry short,2024-10-23 07:15,C0|S|MKT|15|v0.3.0-tier0|SPY,569.09,100,56909,-21,-0.04,0,67,0.12,-36,-0.06,1663,1.66,1
2933,Exit long,2024-10-25 07:15,TX15,572.04,100,57157,47,0.08,0,87,0.15,0,0.00,1710,1.71,1
2933,Entry long,2024-10-25 07:00,C0|L|MKT|15|v0.3.0-tier0|SPY,571.57,100,57157,47,0.08,0,87,0.15,0,0.00,1710,1.71,1
2934,Exit short,2024-10-28 07:15,TX15,570.15,100,56980,-35,-0.06,0,26,0.05,-49,-0.09,1675,1.68,1
2934,Entry short,2024-10-28 07:00,C0|S|MKT|15|v0.3.0-tier0|SPY,569.8,100,56980,-35,-0.06,0,26,0.05,-49,-0.09,1675,1.68,1
2935,Exit long,2024-10-29 07:15,TX15,568.58,100,56827,31,0.05,0,85,0.15,-39,-0.07,1706,1.71,1
2935,Entry long,2024-10-29 07:00,C0|L|MKT|15|v0.3.0-tier0|SPY,568.27,100,56827,31,0.05,0,85,0.15,-39,-0.07,1706,1.71,1
2936,Exit long,2024-10-30 07:15,TX15,570.81,100,57015,66,0.12,0,80,0.14,-12,-0.02,1772,1.77,1
2936,Entry long,2024-10-30 07:00,C0|L|MKT|15|v0.3.0-tier0|SPY,570.15,100,57015,66,0.12,0,80,0.14,-12,-0.02,1772,1.77,1
2937,Exit short,2024-10-31 07:15,TX15,560.97,100,56219,122,0.22,0,145,0.26,-5,-0.01,1894,1.89,1
2937,Entry short,2024-10-31 07:00,C0|S|MKT|15|v0.3.0-tier0|SPY,562.19,100,56219,122,0.22,0,145,0.26,-5,-0.01,1894,1.89,1
2938,Exit long,2024-11-01 07:15,TX15,562.8,100,56159,121,0.22,0,137,0.24,-48,-0.09,2015,2.02,1
2938,Entry long,2024-11-01 07:00,C0|L|MKT|15|v0.3.0-tier0|SPY,561.59,100,56159,121,0.22,0,137,0.24,-48,-0.09,2015,2.02,1
2939,Exit long,2024-11-04 07:45,TX15,560.45,100,56059,-14,-0.02,0,11,0.02,-64,-0.11,2001,2.00,1
2939,Entry long,2024-11-04 07:30,C0|L|MKT|15|v0.3.0-tier0|SPY,560.59,100,56059,-14,-0.02,0,11,0.02,-64,-0.11,2001,2.00,1
2940,Exit long,2024-11-05 07:15,TX15,562.42,100,56246,-4,-0.01,0,49,0.09,-49,-0.09,1997,2.00,1
2940,Entry long,2024-11-05 07:00,C0|L|MKT|15|v0.3.0-tier0|SPY,562.46,100,56246,-4,-0.01,0,49,0.09,-49,-0.09,1997,2.00,1
2941,Exit short,2024-11-06 07:15,TX15,575.57,100,57434,-123,-0.21,0,2,0.00,-146,-0.25,1874,1.87,1
2941,Entry short,2024-11-06 07:00,C0|S|MKT|15|v0.3.0-tier0|SPY,574.34,100,57434,-123,-0.21,0,2,0.00,-146,-0.25,1874,1.87,1
2942,Exit long,2024-11-07 07:15,TX15,582.21,100,58202,19,0.03,0,32,0.05,-17,-0.03,1893,1.89,1
2942,Entry long,2024-11-07 07:00,C0|L|MKT|15|v0.3.0-tier0|SPY,582.02,100,58202,19,0.03,0,32,0.05,-17,-0.03,1893,1.89,1
2943,Exit long,2024-11-08 07:15,TX15,584.71,100,58517,-46,-0.08,0,30,0.05,-60,-0.10,1847,1.85,1
2943,Entry long,2024-11-08 07:00,C0|L|MKT|15|v0.3.0-tier0|SPY,585.17,100,58517,-46,-0.08,0,30,0.05,-60,-0.10,1847,1.85,1
2944,Exit short,2024-11-11 07:15,TX15,586.89,100,58712,23,0.04,0,51,0.09,-8,-0.01,1870,1.87,1
2944,Entry short,2024-11-11 07:00,C0|S|MKT|15|v0.3.0-tier0|SPY,587.12,100,58712,23,0.04,0,51,0.09,-8,-0.01,1870,1.87,1
2945,Exit short,2024-11-12 07:30,TX15,585.93,100,58628,35,0.06,0,41,0.07,-6,-0.01,1905,1.91,1
2945,Entry short,2024-11-12 07:15,C0|S|MKT|15|v0.3.0-tier0|SPY,586.28,100,58628,35,0.06,0,41,0.07,-6,-0.01,1905,1.91,1
2946,Exit short,2024-11-13 07:30,TX15,584.35,100,58411,-24,-0.04,0,21,0.04,-38,-0.07,1881,1.88,1
2946,Entry short,2024-11-13 07:15,C0|S|MKT|15|v0.3.0-tier0|SPY,584.11,100,58411,-24,-0.04,0,21,0.04,-38,-0.07,1881,1.88,1
2947,Exit short,2024-11-15 07:15,TX15,575.65,100,57688,123,0.21,0,154,0.27,-1,0.00,2004,2.00,1
2947,Entry short,2024-11-15 07:00,C0|S|MKT|15|v0.3.0-tier0|SPY,576.88,100,57688,123,0.21,0,154,0.27,-1,0.00,2004,2.00,1
2948,Exit long,2024-11-18 07:30,TX15,575.54,100,57497,57,0.10,0,60,0.10,-22,-0.04,2061,2.06,1
2948,Entry long,2024-11-18 07:15,C0|L|MKT|15|v0.3.0-tier0|SPY,574.97,100,57497,57,0.10,0,60,0.10,-22,-0.04,2061,2.06,1
2949,Exit long,2024-11-19 07:45,TX15,575.7,100,57465,105,0.18,0,114,0.20,-34,-0.06,2166,2.17,1
2949,Entry long,2024-11-19 07:30,C0|L|MKT|15|v0.3.0-tier0|SPY,574.65,100,57465,105,0.18,0,114,0.20,-34,-0.06,2166,2.17,1
2950,Exit short,2024-11-20 07:15,TX15,573.87,100,57558,171,0.30,0,205,0.36,-73,-0.13,2337,2.34,1
2950,Entry short,2024-11-20 07:00,C0|S|MKT|15|v0.3.0-tier0|SPY,575.58,100,57558,171,0.30,0,205,0.36,-73,-0.13,2337,2.34,1
2951,Exit short,2024-11-21 07:45,TX15,577.18,100,57586,-132,-0.23,0,25,0.04,-159,-0.28,2205,2.21,1
2951,Entry short,2024-11-21 07:30,C0|S|MKT|15|v0.3.0-tier0|SPY,575.86,100,57586,-132,-0.23,0,25,0.04,-159,-0.28,2205,2.21,1
2952,Exit long,2024-11-22 07:15,TX15,582.51,100,58393,-142,-0.24,0,9,0.02,-196,-0.34,2063,2.06,1
2952,Entry long,2024-11-22 07:00,C0|L|MKT|15|v0.3.0-tier0|SPY,583.93,100,58393,-142,-0.24,0,9,0.02,-196,-0.34,2063,2.06,1
2953,Exit short,2024-11-25 07:30,TX15,587.01,100,58597,-104,-0.18,0,7,0.01,-110,-0.19,1959,1.96,1
2953,Entry short,2024-11-25 07:15,C0|S|MKT|15|v0.3.0-tier0|SPY,585.97,100,58597,-104,-0.18,0,7,0.01,-110,-0.19,1959,1.96,1
2954,Exit short,2024-11-27 07:30,TX15,587.31,100,58775,44,0.07,0,61,0.10,-16,-0.03,2003,2.00,1
2954,Entry short,2024-11-27 07:15,C0|S|MKT|15|v0.3.0-tier0|SPY,587.75,100,58775,44,0.07,0,61,0.10,-16,-0.03,2003,2.00,1
2955,Exit long,2024-11-29 07:15,TX15,589.47,100,58863,84,0.14,0,91,0.15,-2,0.00,2087,2.09,1
2955,Entry long,2024-11-29 07:00,C0|L|MKT|15|v0.3.0-tier0|SPY,588.63,100,58863,84,0.14,0,91,0.15,-2,0.00,2087,2.09,1
2956,Exit short,2024-12-03 07:45,TX15,590.52,100,59036,-16,-0.03,0,4,0.01,-49,-0.08,2071,2.07,1
2956,Entry short,2024-12-03 07:30,C0|S|MKT|15|v0.3.0-tier0|SPY,590.36,100,59036,-16,-0.03,0,4,0.01,-49,-0.08,2071,2.07,1
2957,Exit short,2024-12-04 07:30,TX15,593.49,100,59326,-23,-0.04,0,49,0.08,-30,-0.05,2048,2.05,1
2957,Entry short,2024-12-04 07:15,C0|S|MKT|15|v0.3.0-tier0|SPY,593.26,100,59326,-23,-0.04,0,49,0.08,-30,-0.05,2048,2.05,1
2958,Exit short,2024-12-05 07:45,TX15,594.98,100,59489,-9,-0.02,0,29,0.05,-9,-0.02,2039,2.04,1
2958,Entry short,2024-12-05 07:30,C0|S|MKT|15|v0.3.0-tier0|SPY,594.89,100,59489,-9,-0.02,0,29,0.05,-9,-0.02,2039,2.04,1
2959,Exit long,2024-12-06 07:15,TX15,596.36,100,59676,-40,-0.07,0,5,0.01,-59,-0.10,1999,2.00,1
2959,Entry long,2024-12-06 07:00,C0|L|MKT|15|v0.3.0-tier0|SPY,596.76,100,59676,-40,-0.07,0,5,0.01,-59,-0.10,1999,2.00,1
2960,Exit short,2024-12-09 07:45,TX15,593.77,100,59416,39,0.07,0,53,0.09,-27,-0.05,2038,2.04,1
2960,Entry short,2024-12-09 07:30,C0|S|MKT|15|v0.3.0-tier0|SPY,594.16,100,59416,39,0.07,0,53,0.09,-27,-0.05,2038,2.04,1
2961,Exit long,2024-12-11 07:15,TX15,594.94,100,59441,53,0.09,0,60,0.10,-29,-0.05,2091,2.09,1
2961,Entry long,2024-12-11 07:00,C0|L|MKT|15|v0.3.0-tier0|SPY,594.41,100,59441,53,0.09,0,60,0.10,-29,-0.05,2091,2.09,1
2962,Exit short,2024-12-12 07:30,TX15,594.35,100,59328,-107,-0.18,0,20,0.03,-116,-0.20,1984,1.98,1
2962,Entry short,2024-12-12 07:15,C0|S|MKT|15|v0.3.0-tier0|SPY,593.28,100,59328,-107,-0.18,0,20,0.03,-116,-0.20,1984,1.98,1
2963,Exit short,2024-12-13 07:30,TX15,592.83,100,59332,49,0.08,0,57,0.10,-13,-0.02,2033,2.03,1
2963,Entry short,2024-12-13 07:15,C0|S|MKT|15|v0.3.0-tier0|SPY,593.32,100,59332,49,0.08,0,57,0.10,-13,-0.02,2033,2.03,1
2964,Exit long,2024-12-16 07:45,TX15,594.67,100,59424,43,0.07,0,58,0.10,-9,-0.02,2076,2.08,1
2964,Entry long,2024-12-16 07:30,C0|L|MKT|15|v0.3.0-tier0|SPY,594.24,100,59424,43,0.07,0,58,0.10,-9,-0.02,2076,2.08,1
2965,Exit short,2024-12-17 07:30,TX15,591.04,100,59126,22,0.04,0,24,0.04,-34,-0.06,2098,2.10,1
2965,Entry short,2024-12-17 07:15,C0|S|MKT|15|v0.3.0-tier0|SPY,591.26,100,59126,22,0.04,0,24,0.04,-34,-0.06,2098,2.10,1
2966,Exit long,2024-12-18 07:15,TX15,592.85,100,59246,39,0.07,0,41,0.07,-14,-0.02,2137,2.14,1
2966,Entry long,2024-12-18 07:00,C0|L|MKT|15|v0.3.0-tier0|SPY,592.46,100,59246,39,0.07,0,41,0.07,-14,-0.02,2137,2.14,1
2967,Exit short,2024-12-19 07:15,TX15,578.81,100,57863,-18,-0.03,0,176,0.30,-40,-0.07,2119,2.12,1
2967,Entry short,2024-12-19 07:00,C0|S|MKT|15|v0.3.0-tier0|SPY,578.63,100,57863,-18,-0.03,0,176,0.30,-40,-0.07,2119,2.12,1
2968,Exit long,2024-12-20 07:30,TX15,577.1,100,57450,260,0.45,0,271,0.47,-25,-0.04,2379,2.38,1
2968,Entry long,2024-12-20 07:15,C0|L|MKT|15|v0.3.0-tier0|SPY,574.5,100,57450,260,0.45,0,271,0.47,-25,-0.04,2379,2.38,1
2969,Exit short,2024-12-23 07:15,TX15,578.89,100,58050,161,0.28,0,273,0.47,-17,-0.03,2540,2.54,1
2969,Entry short,2024-12-23 07:00,C0|S|MKT|15|v0.3.0-tier0|SPY,580.5,100,58050,161,0.28,0,273,0.47,-17,-0.03,2540,2.54,1
2970,Exit long,2024-12-24 07:15,TX15,588.06,100,58716,90,0.15,0,90,0.15,0,0.00,2630,2.63,1
2970,Entry long,2024-12-24 07:00,C0|L|MKT|15|v0.3.0-tier0|SPY,587.16,100,58716,90,0.15,0,90,0.15,0,0.00,2630,2.63,1
2971,Exit long,2024-12-26 07:45,TX15,589.88,100,59018,-30,-0.05,0,19,0.03,-47,-0.08,2600,2.60,1
2971,Entry long,2024-12-26 07:30,C0|L|MKT|15|v0.3.0-tier0|SPY,590.18,100,59018,-30,-0.05,0,19,0.03,-47,-0.08,2600,2.60,1
2972,Exit short,2024-12-27 07:30,TX15,583.19,100,58403,84,0.14,0,121,0.21,-51,-0.09,2684,2.68,1
2972,Entry short,2024-12-27 07:15,C0|S|MKT|15|v0.3.0-tier0|SPY,584.03,100,58403,84,0.14,0,121,0.21,-51,-0.09,2684,2.68,1
2973,Exit short,2024-12-30 07:15,TX15,576.13,100,57535,-78,-0.14,0,54,0.09,-102,-0.18,2606,2.61,1
2973,Entry short,2024-12-30 07:00,C0|S|MKT|15|v0.3.0-tier0|SPY,575.35,100,57535,-78,-0.14,0,54,0.09,-102,-0.18,2606,2.61,1
2974,Exit long,2025-01-02 07:15,TX15,580.69,100,58024,45,0.08,0,94,0.16,-37,-0.06,2651,2.65,1
2974,Entry long,2025-01-02 07:00,C0|L|MKT|15|v0.3.0-tier0|SPY,580.24,100,58024,45,0.08,0,94,0.16,-37,-0.06,2651,2.65,1
2975,Exit long,2025-01-06 07:15,TX15,588.67,100,58787,80,0.14,0,91,0.15,-25,-0.04,2731,2.73,1
2975,Entry long,2025-01-06 07:00,C0|L|MKT|15|v0.3.0-tier0|SPY,587.87,100,58787,80,0.14,0,91,0.15,-25,-0.04,2731,2.73,1
2976,Exit short,2025-01-07 07:30,TX15,583.57,100,58308,-49,-0.08,0,101,0.17,-147,-0.25,2682,2.68,1
2976,Entry short,2025-01-07 07:15,C0|S|MKT|15|v0.3.0-tier0|SPY,583.08,100,58308,-49,-0.08,0,101,0.17,-147,-0.25,2682,2.68,1
2977,Exit short,2025-01-08 07:30,TX15,576.58,100,57665,7,0.01,0,51,0.09,-80,-0.14,2689,2.69,1
2977,Entry short,2025-01-08 07:15,C0|S|MKT|15|v0.3.0-tier0|SPY,576.65,100,57665,7,0.01,0,51,0.09,-80,-0.14,2689,2.69,1
2978,Exit short,2025-01-10 07:15,TX15,569.8,100,57315,335,0.58,0,375,0.65,0,0.00,3024,3.02,1
2978,Entry short,2025-01-10 07:00,C0|S|MKT|15|v0.3.0-tier0|SPY,573.15,100,57315,335,0.58,0,375,0.65,0,0.00,3024,3.02,1
2979,Exit long,2025-01-13 07:15,TX15,567.21,100,56807,-86,-0.15,0,82,0.14,-91,-0.16,2938,2.94,1
2979,Entry long,2025-01-13 07:00,C0|L|MKT|15|v0.3.0-tier0|SPY,568.07,100,56807,-86,-0.15,0,82,0.14,-91,-0.16,2938,2.94,1
2980,Exit short,2025-01-14 07:15,TX15,574.24,100,57250,-174,-0.30,0,12,0.02,-222,-0.39,2764,2.76,1
2980,Entry short,2025-01-14 07:00,C0|S|MKT|15|v0.3.0-tier0|SPY,572.5,100,57250,-174,-0.30,0,12,0.02,-222,-0.39,2764,2.76,1
2981,Exit long,2025-01-15 07:15,TX15,582.33,100,58201,32,0.05,0,68,0.12,-41,-0.07,2796,2.80,1
2981,Entry long,2025-01-15 07:00,C0|L|MKT|15|v0.3.0-tier0|SPY,582.01,100,58201,32,0.05,0,68,0.12,-41,-0.07,2796,2.80,1
2982,Exit short,2025-01-16 07:15,TX15,582,100,58221,21,0.04,0,84,0.14,-102,-0.18,2817,2.82,1
2982,Entry short,2025-01-16 07:00,C0|S|MKT|15|v0.3.0-tier0|SPY,582.21,100,58221,21,0.04,0,84,0.14,-102,-0.18,2817,2.82,1
2983,Exit short,2025-01-21 07:30,TX15,590.23,100,58887,-136,-0.23,0,19,0.03,-142,-0.24,2681,2.68,1
2983,Entry short,2025-01-21 07:15,C0|S|MKT|15|v0.3.0-tier0|SPY,588.87,100,58887,-136,-0.23,0,19,0.03,-142,-0.24,2681,2.68,1
2984,Exit long,2025-01-22 07:15,TX15,596.52,100,59629,23,0.04,0,41,0.07,-50,-0.08,2704,2.70,1
2984,Entry long,2025-01-22 07:00,C0|L|MKT|15|v0.3.0-tier0|SPY,596.29,100,59629,23,0.04,0,41,0.07,-50,-0.08,2704,2.70,1
2985,Exit short,2025-01-24 07:30,TX15,599.09,100,59929,20,0.03,0,29,0.05,-34,-0.06,2724,2.72,1
2985,Entry short,2025-01-24 07:15,C0|S|MKT|15|v0.3.0-tier0|SPY,599.29,100,59929,20,0.03,0,29,0.05,-34,-0.06,2724,2.72,1
2986,Exit long,2025-01-27 07:15,TX15,587.65,100,58852,-87,-0.15,0,10,0.02,-118,-0.20,2637,2.64,1
2986,Entry long,2025-01-27 07:00,C0|L|MKT|15|v0.3.0-tier0|SPY,588.52,100,58852,-87,-0.15,0,10,0.02,-118,-0.20,2637,2.64,1
2987,Exit long,2025-01-28 07:30,TX15,592.36,100,59071,165,0.28,0,193,0.33,-18,-0.03,2802,2.80,1
2987,Entry long,2025-01-28 07:15,C0|L|MKT|15|v0.3.0-tier0|SPY,590.71,100,59071,165,0.28,0,193,0.33,-18,-0.03,2802,2.80,1
2988,Exit long,2025-01-30 07:15,TX15,593.55,100,59478,-123,-0.21,0,0,0.00,-185,-0.31,2679,2.68,1
2988,Entry long,2025-01-30 07:00,C0|L|MKT|15|v0.3.0-tier0|SPY,594.78,100,59478,-123,-0.21,0,0,0.00,-185,-0.31,2679,2.68,1
2989,Exit long,2025-01-31 07:15,TX15,598.55,100,59788,67,0.11,0,83,0.14,-7,-0.01,2746,2.75,1
2989,Entry long,2025-01-31 07:00,C0|L|MKT|15|v0.3.0-tier0|SPY,597.88,100,59788,67,0.11,0,83,0.14,-7,-0.01,2746,2.75,1
2990,Exit short,2025-02-03 07:30,TX15,586.31,100,58114,-517,-0.89,0,58,0.10,-540,-0.93,2229,2.23,1
2990,Entry short,2025-02-03 07:15,C0|S|MKT|15|v0.3.0-tier0|SPY,581.14,100,58114,-517,-0.89,0,58,0.10,-540,-0.93,2229,2.23,1
2991,Exit long,2025-02-04 07:15,TX15,590.39,100,58894,145,0.25,0,188,0.32,-4,-0.01,2374,2.37,1
2991,Entry long,2025-02-04 07:00,C0|L|MKT|15|v0.3.0-tier0|SPY,588.94,100,58894,145,0.25,0,188,0.32,-4,-0.01,2374,2.37,1
2992,Exit short,2025-02-05 07:15,TX15,589.82,100,59002,20,0.03,0,151,0.26,-96,-0.16,2394,2.39,1
2992,Entry short,2025-02-05 07:00,C0|S|MKT|15|v0.3.0-tier0|SPY,590.02,100,59002,20,0.03,0,151,0.26,-96,-0.16,2394,2.39,1
2993,Exit short,2025-02-06 07:45,TX15,594.54,100,59477,23,0.04,0,56,0.09,-79,-0.13,2417,2.42,1
2993,Entry short,2025-02-06 07:30,C0|S|MKT|15|v0.3.0-tier0|SPY,594.77,100,59477,23,0.04,0,56,0.09,-79,-0.13,2417,2.42,1
2994,Exit long,2025-02-07 07:15,TX15,594.13,100,59754,-341,-0.57,0,4,0.01,-392,-0.66,2076,2.08,1
2994,Entry long,2025-02-07 07:00,C0|L|MKT|15|v0.3.0-tier0|SPY,597.54,100,59754,-341,-0.57,0,4,0.01,-392,-0.66,2076,2.08,1
2995,Exit long,2025-02-10 07:30,TX15,594.59,100,59422,37,0.06,0,39,0.07,-29,-0.05,2113,2.11,1
2995,Entry long,2025-02-10 07:15,C0|L|MKT|15|v0.3.0-tier0|SPY,594.22,100,59422,37,0.06,0,39,0.07,-29,-0.05,2113,2.11,1
2996,Exit long,2025-02-11 07:45,TX15,594.32,100,59399,33,0.06,0,33,0.06,-16,-0.03,2146,2.15,1
2996,Entry long,2025-02-11 07:30,C0|L|MKT|15|v0.3.0-tier0|SPY,593.99,100,59399,33,0.06,0,33,0.06,-16,-0.03,2146,2.15,1
2997,Exit long,2025-02-12 07:15,TX15,589.73,100,59124,-151,-0.26,0,6,0.01,-173,-0.29,1995,2.00,1
2997,Entry long,2025-02-12 07:00,C0|L|MKT|15|v0.3.0-tier0|SPY,591.24,100,59124,-151,-0.26,0,6,0.01,-173,-0.29,1995,2.00,1
2998,Exit long,2025-02-13 07:30,TX15,595.9,100,59510,80,0.13,0,109,0.18,0,0.00,2075,2.08,1
2998,Entry long,2025-02-13 07:15,C0|L|MKT|15|v0.3.0-tier0|SPY,595.1,100,59510,80,0.13,0,109,0.18,0,0.00,2075,2.08,1
2999,Exit long,2025-02-14 07:30,TX15,599.97,100,60038,-41,-0.07,0,12,0.02,-50,-0.08,2034,2.03,1
2999,Entry long,2025-02-14 07:15,C0|L|MKT|15|v0.3.0-tier0|SPY,600.38,100,60038,-41,-0.07,0,12,0.02,-50,-0.08,2034,2.03,1
3000,Exit short,2025-02-18 07:45,TX15,599.9,100,59937,-53,-0.09,0,23,0.04,-59,-0.10,1981,1.98,1
3000,Entry short,2025-02-18 07:30,C0|S|MKT|15|v0.3.0-tier0|SPY,599.37,100,59937,-53,-0.09,0,23,0.04,-59,-0.10,1981,1.98,1
3001,Exit short,2025-02-19 07:30,TX15,599.78,100,59943,-35,-0.06,0,7,0.01,-48,-0.08,1946,1.95,1
3001,Entry short,2025-02-19 07:15,C0|S|MKT|15|v0.3.0-tier0|SPY,599.43,100,59943,-35,-0.06,0,7,0.01,-48,-0.08,1946,1.95,1
3002,Exit short,2025-02-20 07:15,TX15,598.2,100,59816,-4,-0.01,0,136,0.23,-42,-0.07,1942,1.94,1
3002,Entry short,2025-02-20 07:00,C0|S|MKT|15|v0.3.0-tier0|SPY,598.16,100,59816,-4,-0.01,0,136,0.23,-42,-0.07,1942,1.94,1
3003,Exit short,2025-02-21 07:15,TX15,597.72,100,59823,51,0.09,0,102,0.17,-18,-0.03,1993,1.99,1
3003,Entry short,2025-02-21 07:00,C0|S|MKT|15|v0.3.0-tier0|SPY,598.23,100,59823,51,0.09,0,102,0.17,-18,-0.03,1993,1.99,1
3004,Exit short,2025-02-24 07:15,TX15,588.85,100,58868,-17,-0.03,0,224,0.38,-40,-0.07,1976,1.98,1
3004,Entry short,2025-02-24 07:00,C0|S|MKT|15|v0.3.0-tier0|SPY,588.68,100,58868,-17,-0.03,0,224,0.38,-40,-0.07,1976,1.98,1
3005,Exit short,2025-02-25 07:15,TX15,582.63,100,58524,261,0.45,0,272,0.46,-2,0.00,2237,2.24,1
3005,Entry short,2025-02-25 07:00,C0|S|MKT|15|v0.3.0-tier0|SPY,585.24,100,58524,261,0.45,0,272,0.46,-2,0.00,2237,2.24,1
3006,Exit long,2025-02-26 07:15,TX15,588.55,100,58765,90,0.15,0,98,0.17,-45,-0.08,2327,2.33,1
3006,Entry long,2025-02-26 07:00,C0|L|MKT|15|v0.3.0-tier0|SPY,587.65,100,58765,90,0.15,0,98,0.17,-45,-0.08,2327,2.33,1
3007,Exit short,2025-02-27 07:15,TX15,584.04,100,58246,-158,-0.27,0,188,0.32,-193,-0.33,2169,2.17,1
3007,Entry short,2025-02-27 07:00,C0|S|MKT|15|v0.3.0-tier0|SPY,582.46,100,58246,-158,-0.27,0,188,0.32,-193,-0.33,2169,2.17,1
3008,Exit long,2025-02-28 07:30,TX15,578.46,100,57759,87,0.15,0,89,0.15,-166,-0.29,2256,2.26,1
3008,Entry long,2025-02-28 07:15,C0|L|MKT|15|v0.3.0-tier0|SPY,577.59,100,57759,87,0.15,0,89,0.15,-166,-0.29,2256,2.26,1
3009,Exit short,2025-03-03 07:15,TX15,581.92,100,58279,87,0.15,0,204,0.35,-66,-0.11,2343,2.34,1
3009,Entry short,2025-03-03 07:00,C0|S|MKT|15|v0.3.0-tier0|SPY,582.79,100,58279,87,0.15,0,204,0.35,-66,-0.11,2343,2.34,1
3010,Exit short,2025-03-04 07:15,TX15,564.99,100,56601,102,0.18,0,169,0.30,-46,-0.08,2445,2.44,1
3010,Entry short,2025-03-04 07:00,C0|S|MKT|15|v0.3.0-tier0|SPY,566.01,100,56601,102,0.18,0,169,0.30,-46,-0.08,2445,2.44,1
3011,Exit short,2025-03-05 07:15,TX15,568.61,100,56615,-246,-0.43,0,0,0.00,-373,-0.66,2199,2.20,1
3011,Entry short,2025-03-05 07:00,C0|S|MKT|15|v0.3.0-tier0|SPY,566.15,100,56615,-246,-0.43,0,0,0.00,-373,-0.66,2199,2.20,1
3012,Exit long,2025-03-06 07:30,TX15,568.76,100,56772,104,0.18,0,128,0.23,-43,-0.08,2303,2.30,1
3012,Entry long,2025-03-06 07:15,C0|L|MKT|15|v0.3.0-tier0|SPY,567.72,100,56772,104,0.18,0,128,0.23,-43,-0.08,2303,2.30,1
3013,Exit short,2025-03-10 07:45,TX15,555.05,100,55601,96,0.17,0,119,0.21,-51,-0.09,2399,2.40,1
3013,Entry short,2025-03-10 07:30,C0|S|MKT|15|v0.3.0-tier0|SPY,556.01,100,55601,96,0.17,0,119,0.21,-51,-0.09,2399,2.40,1
3014,Exit short,2025-03-11 07:30,TX15,546.6,100,54861,201,0.37,0,231,0.42,-84,-0.15,2600,2.60,1
3014,Entry short,2025-03-11 07:15,C0|S|MKT|15|v0.3.0-tier0|SPY,548.61,100,54861,201,0.37,0,231,0.42,-84,-0.15,2600,2.60,1
3015,Exit short,2025-03-12 07:15,TX15,549.96,100,55005,9,0.02,0,147,0.27,-108,-0.20,2609,2.61,1
3015,Entry short,2025-03-12 07:00,C0|S|MKT|15|v0.3.0-tier0|SPY,550.05,100,55005,9,0.02,0,147,0.27,-108,-0.20,2609,2.61,1
3016,Exit short,2025-03-13 07:15,TX15,548.27,100,54557,-270,-0.49,0,46,0.08,-285,-0.52,2339,2.34,1
3016,Entry short,2025-03-13 07:00,C0|S|MKT|15|v0.3.0-tier0|SPY,545.57,100,54557,-270,-0.49,0,46,0.08,-285,-0.52,2339,2.34,1
3017,Exit long,2025-03-14 07:15,TX15,547.31,100,54829,-98,-0.18,0,120,0.22,-214,-0.39,2241,2.24,1
3017,Entry long,2025-03-14 07:00,C0|L|MKT|15|v0.3.0-tier0|SPY,548.29,100,54829,-98,-0.18,0,120,0.22,-214,-0.39,2241,2.24,1
3018,Exit long,2025-03-17 07:30,TX15,555.13,100,55667,-154,-0.28,0,9,0.02,-163,-0.29,2087,2.09,1
3018,Entry long,2025-03-17 07:15,C0|L|MKT|15|v0.3.0-tier0|SPY,556.67,100,55667,-154,-0.28,0,9,0.02,-163,-0.29,2087,2.09,1
3019,Exit short,2025-03-18 07:15,TX15,551.12,100,55136,24,0.04,0,55,0.10,-85,-0.15,2111,2.11,1
3019,Entry short,2025-03-18 07:00,C0|S|MKT|15|v0.3.0-tier0|SPY,551.36,100,55136,24,0.04,0,55,0.10,-85,-0.15,2111,2.11,1
3020,Exit long,2025-03-19 07:15,TX15,555.4,100,55455,85,0.15,0,129,0.23,0,0.00,2196,2.20,1
3020,Entry long,2025-03-19 07:00,C0|L|MKT|15|v0.3.0-tier0|SPY,554.55,100,55455,85,0.15,0,129,0.23,0,0.00,2196,2.20,1
3021,Exit long,2025-03-20 07:15,TX15,558.7,100,55711,159,0.29,0,202,0.36,-19,-0.03,2355,2.36,1
3021,Entry long,2025-03-20 07:00,C0|L|MKT|15|v0.3.0-tier0|SPY,557.11,100,55711,159,0.29,0,202,0.36,-19,-0.03,2355,2.36,1
3022,Exit long,2025-03-24 07:15,TX15,564.88,100,56480,8,0.01,0,14,0.02,-73,-0.13,2363,2.36,1
3022,Entry long,2025-03-24 07:00,C0|L|MKT|15|v0.3.0-tier0|SPY,564.8,100,56480,8,0.01,0,14,0.02,-73,-0.13,2363,2.36,1
3023,Exit long,2025-03-25 07:45,TX15,568.23,100,56782,41,0.07,0,44,0.08,-43,-0.08,2404,2.40,1
3023,Entry long,2025-03-25 07:30,C0|L|MKT|15|v0.3.0-tier0|SPY,567.82,100,56782,41,0.07,0,44,0.08,-43,-0.08,2404,2.40,1
3024,Exit short,2025-03-26 07:15,TX15,566.07,100,56566,-41,-0.07,0,28,0.05,-89,-0.16,2363,2.36,1
3024,Entry short,2025-03-26 07:00,C0|S|MKT|15|v0.3.0-tier0|SPY,565.66,100,56566,-41,-0.07,0,28,0.05,-89,-0.16,2363,2.36,1
3025,Exit long,2025-03-27 07:15,TX15,561,100,56043,57,0.10,0,74,0.13,-76,-0.14,2420,2.42,1
3025,Entry long,2025-03-27 07:00,C0|L|MKT|15|v0.3.0-tier0|SPY,560.43,100,56043,57,0.10,0,74,0.13,-76,-0.14,2420,2.42,1
3026,Exit short,2025-03-28 07:15,TX15,553.58,100,55606,248,0.45,0,269,0.48,-47,-0.08,2668,2.67,1
3026,Entry short,2025-03-28 07:00,C0|S|MKT|15|v0.3.0-tier0|SPY,556.06,100,55606,248,0.45,0,269,0.48,-47,-0.08,2668,2.67,1
3027,Exit long,2025-03-31 07:30,TX15,541.86,100,54324,-138,-0.25,0,19,0.03,-142,-0.26,2530,2.53,1
3027,Entry long,2025-03-31 07:15,C0|L|MKT|15|v0.3.0-tier0|SPY,543.24,100,54324,-138,-0.25,0,19,0.03,-142,-0.26,2530,2.53,1
3028,Exit short,2025-04-01 07:30,TX15,547.42,100,54663,-79,-0.14,0,64,0.12,-146,-0.27,2451,2.45,1
3028,Entry short,2025-04-01 07:15,C0|S|MKT|15|v0.3.0-tier0|SPY,546.63,100,54663,-79,-0.14,0,64,0.12,-146,-0.27,2451,2.45,1
3029,Exit long,2025-04-02 07:30,TX15,553.06,100,55134,172,0.31,0,179,0.32,-17,-0.03,2623,2.62,1
3029,Entry long,2025-04-02 07:15,C0|L|MKT|15|v0.3.0-tier0|SPY,551.34,100,55134,172,0.31,0,179,0.32,-17,-0.03,2623,2.62,1
3030,Exit short,2025-04-03 07:30,TX15,535.51,100,53515,-36,-0.07,0,109,0.20,-103,-0.19,2587,2.59,1
3030,Entry short,2025-04-03 07:15,C0|S|MKT|15|v0.3.0-tier0|SPY,535.15,100,53515,-36,-0.07,0,109,0.20,-103,-0.19,2587,2.59,1
3031,Exit short,2025-04-04 07:30,TX15,509.12,100,51117,205,0.40,0,210,0.41,-107,-0.21,2792,2.79,1
3031,Entry short,2025-04-04 07:15,C0|S|MKT|15|v0.3.0-tier0|SPY,511.17,100,51117,205,0.40,0,210,0.41,-107,-0.21,2792,2.79,1
3032,Exit long,2025-04-07 07:15,TX15,506.73,100,48878,1795,3.67,0,2146,4.39,-227,-0.46,4587,4.59,1
3032,Entry long,2025-04-07 07:00,C0|L|MKT|15|v0.3.0-tier0|SPY,488.78,100,48878,1795,3.67,0,2146,4.39,-227,-0.46,4587,4.59,1
3033,Exit long,2025-04-08 07:15,TX15,516.54,100,51533,121,0.23,0,183,0.36,-41,-0.08,4708,4.71,1
3033,Entry long,2025-04-08 07:00,C0|L|MKT|15|v0.3.0-tier0|SPY,515.33,100,51533,121,0.23,0,183,0.36,-41,-0.08,4708,4.71,1
3034,Exit short,2025-04-10 07:30,TX15,520.81,100,52037,-44,-0.08,0,65,0.12,-289,-0.56,4664,4.66,1
3034,Entry short,2025-04-10 07:15,C0|S|MKT|15|v0.3.0-tier0|SPY,520.37,100,52037,-44,-0.08,0,65,0.12,-289,-0.56,4664,4.66,1
3035,Exit long,2025-04-11 07:15,TX15,519.01,100,51919,-18,-0.03,0,190,0.37,-307,-0.59,4646,4.65,1
3035,Entry long,2025-04-11 07:00,C0|L|MKT|15|v0.3.0-tier0|SPY,519.19,100,51919,-18,-0.03,0,190,0.37,-307,-0.59,4646,4.65,1
3036,Exit short,2025-04-16 07:15,TX15,522.82,100,52255,-27,-0.05,0,23,0.04,-162,-0.31,4619,4.62,1
3036,Entry short,2025-04-16 07:00,C0|S|MKT|15|v0.3.0-tier0|SPY,522.55,100,52255,-27,-0.05,0,23,0.04,-162,-0.31,4619,4.62,1
3037,Exit long,2025-04-17 07:15,TX15,520.06,100,52125,-119,-0.23,0,56,0.11,-154,-0.30,4500,4.50,1
3037,Entry long,2025-04-17 07:00,C0|L|MKT|15|v0.3.0-tier0|SPY,521.25,100,52125,-119,-0.23,0,56,0.11,-154,-0.30,4500,4.50,1
3038,Exit short,2025-04-21 07:15,TX15,509.53,100,51034,81,0.16,0,123,0.24,0,0.00,4581,4.58,1
3038,Entry short,2025-04-21 07:00,C0|S|MKT|15|v0.3.0-tier0|SPY,510.34,100,51034,81,0.16,0,123,0.24,0,0.00,4581,4.58,1
3039,Exit long,2025-04-22 07:15,TX15,515.51,100,51472,79,0.15,0,146,0.28,-16,-0.03,4660,4.66,1
3039,Entry long,2025-04-22 07:00,C0|L|MKT|15|v0.3.0-tier0|SPY,514.72,100,51472,79,0.15,0,146,0.28,-16,-0.03,4660,4.66,1
3040,Exit long,2025-04-24 07:15,TX15,532.49,100,53200,49,0.09,0,90,0.17,-47,-0.09,4709,4.71,1
3040,Entry long,2025-04-24 07:00,C0|L|MKT|15|v0.3.0-tier0|SPY,532,100,53200,49,0.09,0,90,0.17,-47,-0.09,4709,4.71,1
3041,Exit short,2025-04-25 07:15,TX15,539.96,100,53738,-258,-0.48,0,15,0.03,-295,-0.55,4451,4.45,1
3041,Entry short,2025-04-25 07:00,C0|S|MKT|15|v0.3.0-tier0|SPY,537.38,100,53738,-258,-0.48,0,15,0.03,-295,-0.55,4451,4.45,1
3042,Exit short,2025-04-28 07:15,TX15,543.25,100,54270,-55,-0.10,0,66,0.12,-94,-0.17,4396,4.40,1
3042,Entry short,2025-04-28 07:00,C0|S|MKT|15|v0.3.0-tier0|SPY,542.7,100,54270,-55,-0.10,0,66,0.12,-94,-0.17,4396,4.40,1
3043,Exit long,2025-04-29 07:15,TX15,544.16,100,54303,113,0.21,0,209,0.38,-95,-0.17,4509,4.51,1
3043,Entry long,2025-04-29 07:00,C0|L|MKT|15|v0.3.0-tier0|SPY,543.03,100,54303,113,0.21,0,209,0.38,-95,-0.17,4509,4.51,1
3044,Exit short,2025-04-30 07:15,TX15,537.44,100,53430,-314,-0.59,0,17,0.03,-319,-0.60,4195,4.20,1
3044,Entry short,2025-04-30 07:00,C0|S|MKT|15|v0.3.0-tier0|SPY,534.3,100,53430,-314,-0.59,0,17,0.03,-319,-0.60,4195,4.20,1
3045,Exit short,2025-05-01 07:15,TX15,552.61,100,55110,-151,-0.27,0,0,0.00,-220,-0.40,4044,4.04,1
3045,Entry short,2025-05-01 07:00,C0|S|MKT|15|v0.3.0-tier0|SPY,551.1,100,55110,-151,-0.27,0,0,0.00,-220,-0.40,4044,4.04,1
3046,Exit short,2025-05-02 07:15,TX15,557.37,100,55577,-160,-0.29,0,31,0.06,-164,-0.30,3884,3.88,1
3046,Entry short,2025-05-02 07:00,C0|S|MKT|15|v0.3.0-tier0|SPY,555.77,100,55577,-160,-0.29,0,31,0.06,-164,-0.30,3884,3.88,1
3047,Exit long,2025-05-05 07:45,TX15,556.71,100,55587,84,0.15,0,103,0.19,-76,-0.14,3968,3.97,1
3047,Entry long,2025-05-05 07:30,C0|L|MKT|15|v0.3.0-tier0|SPY,555.87,100,55587,84,0.15,0,103,0.19,-76,-0.14,3968,3.97,1
3048,Exit short,2025-05-06 07:15,TX15,551.09,100,54967,-142,-0.26,0,29,0.05,-185,-0.34,3826,3.83,1
3048,Entry short,2025-05-06 07:00,C0|S|MKT|15|v0.3.0-tier0|SPY,549.67,100,54967,-142,-0.26,0,29,0.05,-185,-0.34,3826,3.83,1
3049,Exit long,2025-05-07 07:15,TX15,553.7,100,55369,1,0.00,0,36,0.07,-49,-0.09,3827,3.83,1
3049,Entry long,2025-05-07 07:00,C0|L|MKT|15|v0.3.0-tier0|SPY,553.69,100,55369,1,0.00,0,36,0.07,-49,-0.09,3827,3.83,1
3050,Exit short,2025-05-08 07:15,TX15,554.97,100,55631,134,0.24,0,180,0.32,-67,-0.12,3961,3.96,1
3050,Entry short,2025-05-08 07:00,C0|S|MKT|15|v0.3.0-tier0|SPY,556.31,100,55631,134,0.24,0,180,0.32,-67,-0.12,3961,3.96,1
3051,Exit short,2025-05-09 07:45,TX15,556.31,100,55662,31,0.06,0,165,0.30,-30,-0.05,3992,3.99,1
3051,Entry short,2025-05-09 07:30,C0|S|MKT|15|v0.3.0-tier0|SPY,556.62,100,55662,31,0.06,0,165,0.30,-30,-0.05,3992,3.99,1
3052,Exit short,2025-05-12 07:45,TX15,571.25,100,57025,-100,-0.18,0,122,0.21,-104,-0.18,3892,3.89,1
3052,Entry short,2025-05-12 07:30,C0|S|MKT|15|v0.3.0-tier0|SPY,570.25,100,57025,-100,-0.18,0,122,0.21,-104,-0.18,3892,3.89,1
3053,Exit long,2025-05-13 07:15,TX15,579.1,100,57716,194,0.34,0,198,0.34,-6,-0.01,4086,4.09,1
3053,Entry long,2025-05-13 07:00,C0|L|MKT|15|v0.3.0-tier0|SPY,577.16,100,57716,194,0.34,0,198,0.34,-6,-0.01,4086,4.09,1
3054,Exit short,2025-05-14 07:15,TX15,579.04,100,57939,35,0.06,0,113,0.20,-25,-0.04,4121,4.12,1
3054,Entry short,2025-05-14 07:00,C0|S|MKT|15|v0.3.0-tier0|SPY,579.39,100,57939,35,0.06,0,113,0.20,-25,-0.04,4121,4.12,1
3055,Exit long,2025-05-19 07:15,TX15,584.18,100,58302,116,0.20,0,185,0.32,-17,-0.03,4237,4.24,1
3055,Entry long,2025-05-19 07:00,C0|L|MKT|15|v0.3.0-tier0|SPY,583.02,100,58302,116,0.20,0,185,0.32,-17,-0.03,4237,4.24,1
3056,Exit long,2025-05-21 07:30,TX15,581.45,100,58182,-37,-0.06,0,54,0.09,-41,-0.07,4200,4.20,1
3056,Entry long,2025-05-21 07:15,C0|L|MKT|15|v0.3.0-tier0|SPY,581.82,100,58182,-37,-0.06,0,54,0.09,-41,-0.07,4200,4.20,1
3057,Exit long,2025-05-22 07:15,TX15,575.7,100,57610,-40,-0.07,0,95,0.16,-52,-0.09,4160,4.16,1
3057,Entry long,2025-05-22 07:00,C0|L|MKT|15|v0.3.0-tier0|SPY,576.1,100,57610,-40,-0.07,0,95,0.16,-52,-0.09,4160,4.16,1
3058,Exit long,2025-05-23 07:30,TX15,569.72,100,57023,-51,-0.09,0,34,0.06,-130,-0.23,4109,4.11,1
3058,Entry long,2025-05-23 07:15,C0|L|MKT|15|v0.3.0-tier0|SPY,570.23,100,57023,-51,-0.09,0,34,0.06,-130,-0.23,4109,4.11,1
3059,Exit long,2025-05-27 07:30,TX15,579.72,100,57890,82,0.14,0,120,0.21,-7,-0.01,4191,4.19,1
3059,Entry long,2025-05-27 07:15,C0|L|MKT|15|v0.3.0-tier0|SPY,578.9,100,57890,82,0.14,0,120,0.21,-7,-0.01,4191,4.19,1
3060,Exit short,2025-05-28 07:15,TX15,582.27,100,58260,33,0.06,0,46,0.08,-35,-0.06,4224,4.22,1
3060,Entry short,2025-05-28 07:00,C0|S|MKT|15|v0.3.0-tier0|SPY,582.6,100,58260,33,0.06,0,46,0.08,-35,-0.06,4224,4.22,1
3061,Exit short,2025-05-29 07:30,TX15,581.9,100,58152,-38,-0.07,0,119,0.20,-54,-0.09,4186,4.19,1
3061,Entry short,2025-05-29 07:15,C0|S|MKT|15|v0.3.0-tier0|SPY,581.52,100,58152,-38,-0.07,0,119,0.20,-54,-0.09,4186,4.19,1
3062,Exit short,2025-05-30 07:15,TX15,581.01,100,57891,-210,-0.36,0,4,0.01,-244,-0.42,3976,3.98,1
3062,Entry short,2025-05-30 07:00,C0|S|MKT|15|v0.3.0-tier0|SPY,578.91,100,57891,-210,-0.36,0,4,0.01,-244,-0.42,3976,3.98,1
3063,Exit short,2025-06-02 07:15,TX15,578.79,100,57849,-30,-0.05,0,155,0.27,-57,-0.10,3946,3.95,1
3063,Entry short,2025-06-02 07:00,C0|S|MKT|15|v0.3.0-tier0|SPY,578.49,100,57849,-30,-0.05,0,155,0.27,-57,-0.10,3946,3.95,1
3064,Exit long,2025-06-03 07:45,TX15,585.44,100,58565,-21,-0.04,0,0,0.00,-71,-0.12,3925,3.93,1
3064,Entry long,2025-06-03 07:30,C0|L|MKT|15|v0.3.0-tier0|SPY,585.65,100,58565,-21,-0.04,0,0,0.00,-71,-0.12,3925,3.93,1
3065,Exit short,2025-06-04 07:30,TX15,589.29,100,58851,-78,-0.13,0,14,0.02,-90,-0.15,3847,3.85,1
3065,Entry short,2025-06-04 07:15,C0|S|MKT|15|v0.3.0-tier0|SPY,588.51,100,58851,-78,-0.13,0,14,0.02,-90,-0.15,3847,3.85,1
3066,Exit short,2025-06-05 07:15,TX15,586.43,100,58605,-38,-0.06,0,11,0.02,-98,-0.17,3809,3.81,1
3066,Entry short,2025-06-05 07:00,C0|S|MKT|15|v0.3.0-tier0|SPY,586.05,100,58605,-38,-0.06,0,11,0.02,-98,-0.17,3809,3.81,1
3067,Exit long,2025-06-10 07:45,TX15,593.19,100,59286,33,0.06,0,59,0.10,-19,-0.03,3842,3.84,1
3067,Entry long,2025-06-10 07:30,C0|L|MKT|15|v0.3.0-tier0|SPY,592.86,100,59286,33,0.06,0,59,0.10,-19,-0.03,3842,3.84,1
3068,Exit long,2025-06-11 07:45,TX15,596.37,100,59635,2,0.00,0,8,0.01,-36,-0.06,3844,3.84,1
3068,Entry long,2025-06-11 07:30,C0|L|MKT|15|v0.3.0-tier0|SPY,596.35,100,59635,2,0.00,0,8,0.01,-36,-0.06,3844,3.84,1
3069,Exit long,2025-06-12 07:30,TX15,594.13,100,59351,62,0.10,0,77,0.13,-6,-0.01,3906,3.91,1
3069,Entry long,2025-06-12 07:15,C0|L|MKT|15|v0.3.0-tier0|SPY,593.51,100,59351,62,0.10,0,77,0.13,-6,-0.01,3906,3.91,1
3070,Exit short,2025-06-13 07:15,TX15,589.66,100,58988,22,0.04,0,65,0.11,-98,-0.17,3928,3.93,1
3070,Entry short,2025-06-13 07:00,C0|S|MKT|15|v0.3.0-tier0|SPY,589.88,100,58988,22,0.04,0,65,0.11,-98,-0.17,3928,3.93,1
3071,Exit long,2025-06-16 07:15,TX15,595.28,100,59469,59,0.10,0,65,0.11,-9,-0.02,3987,3.99,1
3071,Entry long,2025-06-16 07:00,C0|L|MKT|15|v0.3.0-tier0|SPY,594.69,100,59469,59,0.10,0,65,0.11,-9,-0.02,3987,3.99,1
3072,Exit long,2025-06-17 07:30,TX15,592.8,100,59317,-37,-0.06,0,9,0.02,-51,-0.09,3950,3.95,1
3072,Entry long,2025-06-17 07:15,C0|L|MKT|15|v0.3.0-tier0|SPY,593.17,100,59317,-37,-0.06,0,9,0.02,-51,-0.09,3950,3.95,1
3073,Exit long,2025-06-18 07:15,TX15,591.77,100,59082,95,0.16,0,107,0.18,-38,-0.06,4045,4.05,1
3073,Entry long,2025-06-18 07:00,C0|L|MKT|15|v0.3.0-tier0|SPY,590.82,100,59082,95,0.16,0,107,0.18,-38,-0.06,4045,4.05,1
3074,Exit short,2025-06-20 07:15,TX15,590.51,100,59079,28,0.05,0,71,0.12,-25,-0.04,4073,4.07,1
3074,Entry short,2025-06-20 07:00,C0|S|MKT|15|v0.3.0-tier0|SPY,590.79,100,59079,28,0.05,0,71,0.12,-25,-0.04,4073,4.07,1
3075,Exit long,2025-06-23 07:15,TX15,591.07,100,59012,95,0.16,0,131,0.22,0,0.00,4168,4.17,1
3075,Entry long,2025-06-23 07:00,C0|L|MKT|15|v0.3.0-tier0|SPY,590.12,100,59012,95,0.16,0,131,0.22,0,0.00,4168,4.17,1
3076,Exit short,2025-06-25 07:30,TX15,601.05,100,60083,-22,-0.04,0,18,0.03,-43,-0.07,4146,4.15,1
3076,Entry short,2025-06-25 07:15,C0|S|MKT|15|v0.3.0-tier0|SPY,600.83,100,60083,-22,-0.04,0,18,0.03,-43,-0.07,4146,4.15,1
3077,Exit long,2025-06-26 07:30,TX15,603.25,100,60272,53,0.09,0,58,0.10,-13,-0.02,4199,4.20,1
3077,Entry long,2025-06-26 07:15,C0|L|MKT|15|v0.3.0-tier0|SPY,602.72,100,60272,53,0.09,0,58,0.10,-13,-0.02,4199,4.20,1
3078,Exit long,2025-06-27 07:15,TX15,608.35,100,60769,66,0.11,0,106,0.17,0,0.00,4265,4.26,1
3078,Entry long,2025-06-27 07:00,C0|L|MKT|15|v0.3.0-tier0|SPY,607.69,100,60769,66,0.11,0,106,0.17,0,0.00,4265,4.26,1
3079,Exit long,2025-07-01 07:15,TX15,610.9,100,61047,43,0.07,0,56,0.09,-37,-0.06,4308,4.31,1
3079,Entry long,2025-07-01 07:00,C0|L|MKT|15|v0.3.0-tier0|SPY,610.47,100,61047,43,0.07,0,56,0.09,-37,-0.06,4308,4.31,1
3080,Exit long,2025-07-02 07:30,TX15,611.82,100,61115,67,0.11,0,79,0.13,-5,-0.01,4375,4.38,1
3080,Entry long,2025-07-02 07:15,C0|L|MKT|15|v0.3.0-tier0|SPY,611.15,100,61115,67,0.11,0,79,0.13,-5,-0.01,4375,4.38,1
3081,Exit long,2025-07-03 07:15,TX15,617.93,100,61723,70,0.11,0,89,0.14,-1,0.00,4445,4.45,1
3081,Entry long,2025-07-03 07:00,C0|L|MKT|15|v0.3.0-tier0|SPY,617.23,100,61723,70,0.11,0,89,0.14,-1,0.00,4445,4.45,1
3082,Exit short,2025-07-07 07:30,TX15,616.21,100,61593,-28,-0.05,0,22,0.04,-66,-0.11,4417,4.42,1
3082,Entry short,2025-07-07 07:15,C0|S|MKT|15|v0.3.0-tier0|SPY,615.93,100,61593,-28,-0.05,0,22,0.04,-66,-0.11,4417,4.42,1
3083,Exit short,2025-07-08 07:30,TX15,613.23,100,61352,29,0.05,0,66,0.11,-35,-0.06,4446,4.45,1
3083,Entry short,2025-07-08 07:15,C0|S|MKT|15|v0.3.0-tier0|SPY,613.52,100,61352,29,0.05,0,66,0.11,-35,-0.06,4446,4.45,1
3084,Exit long,2025-07-09 07:15,TX15,617.35,100,61739,-4,-0.01,0,30,0.05,-36,-0.06,4442,4.44,1
3084,Entry long,2025-07-09 07:00,C0|L|MKT|15|v0.3.0-tier0|SPY,617.39,100,61739,-4,-0.01,0,30,0.05,-36,-0.06,4442,4.44,1
3085,Exit short,2025-07-10 07:15,TX15,616.9,100,61659,-31,-0.05,0,41,0.07,-36,-0.06,4411,4.41,1
3085,Entry short,2025-07-10 07:00,C0|S|MKT|15|v0.3.0-tier0|SPY,616.59,100,61659,-31,-0.05,0,41,0.07,-36,-0.06,4411,4.41,1
3086,Exit long,2025-07-11 07:30,TX15,617.17,100,61674,43,0.07,0,68,0.11,-17,-0.03,4454,4.45,1
3086,Entry long,2025-07-11 07:15,C0|L|MKT|15|v0.3.0-tier0|SPY,616.74,100,61674,43,0.07,0,68,0.11,-17,-0.03,4454,4.45,1
3087,Exit short,2025-07-15 07:15,TX15,619.35,100,61881,-54,-0.09,0,39,0.06,-58,-0.09,4400,4.40,1
3087,Entry short,2025-07-15 07:00,C0|S|MKT|15|v0.3.0-tier0|SPY,618.81,100,61881,-54,-0.09,0,39,0.06,-58,-0.09,4400,4.40,1
3088,Exit short,2025-07-16 07:15,TX15,615.38,100,61529,-9,-0.01,0,42,0.07,-66,-0.11,4391,4.39,1
3088,Entry short,2025-07-16 07:00,C0|S|MKT|15|v0.3.0-tier0|SPY,615.29,100,61529,-9,-0.01,0,42,0.07,-66,-0.11,4391,4.39,1
3089,Exit long,2025-07-17 07:15,TX15,619.29,100,61894,35,0.06,0,43,0.07,-6,-0.01,4426,4.43,1
3089,Entry long,2025-07-17 07:00,C0|L|MKT|15|v0.3.0-tier0|SPY,618.94,100,61894,35,0.06,0,43,0.07,-6,-0.01,4426,4.43,1
3090,Exit short,2025-07-18 07:30,TX15,620.51,100,62118,67,0.11,0,81,0.13,-15,-0.02,4493,4.49,1
3090,Entry short,2025-07-18 07:15,C0|S|MKT|15|v0.3.0-tier0|SPY,621.18,100,62118,67,0.11,0,81,0.13,-15,-0.02,4493,4.49,1
3091,Exit long,2025-07-21 07:15,TX15,623.72,100,62367,5,0.01,0,44,0.07,-20,-0.03,4498,4.50,1
3091,Entry long,2025-07-21 07:00,C0|L|MKT|15|v0.3.0-tier0|SPY,623.67,100,62367,5,0.01,0,44,0.07,-20,-0.03,4498,4.50,1
3092,Exit short,2025-07-22 07:15,TX15,620.26,100,62001,-25,-0.04,0,63,0.10,-38,-0.06,4473,4.47,1
3092,Entry short,2025-07-22 07:00,C0|S|MKT|15|v0.3.0-tier0|SPY,620.01,100,62001,-25,-0.04,0,63,0.10,-38,-0.06,4473,4.47,1
3093,Exit short,2025-07-23 07:15,TX15,623.06,100,62309,3,0.00,0,26,0.04,-50,-0.08,4476,4.48,1
3093,Entry short,2025-07-23 07:00,C0|S|MKT|15|v0.3.0-tier0|SPY,623.09,100,62309,3,0.00,0,26,0.04,-50,-0.08,4476,4.48,1
3094,Exit long,2025-07-24 07:15,TX15,627.38,100,62817,-79,-0.13,0,20,0.03,-90,-0.14,4397,4.40,1
3094,Entry long,2025-07-24 07:00,C0|L|MKT|15|v0.3.0-tier0|SPY,628.17,100,62817,-79,-0.13,0,20,0.03,-90,-0.14,4397,4.40,1
3095,Exit long,2025-07-28 07:30,TX15,630.74,100,63097,-23,-0.04,0,8,0.01,-64,-0.10,4374,4.37,1
3095,Entry long,2025-07-28 07:15,C0|L|MKT|15|v0.3.0-tier0|SPY,630.97,100,63097,-23,-0.04,0,8,0.01,-64,-0.10,4374,4.37,1
3096,Exit short,2025-07-29 07:30,TX15,630.76,100,63087,11,0.02,0,47,0.07,-18,-0.03,4385,4.39,1
3096,Entry short,2025-07-29 07:15,C0|S|MKT|15|v0.3.0-tier0|SPY,630.87,100,63087,11,0.02,0,47,0.07,-18,-0.03,4385,4.39,1
3097,Exit long,2025-07-30 07:45,TX15,629.51,100,62936,15,0.02,0,48,0.08,0,0.00,4400,4.40,1
3097,Entry long,2025-07-30 07:30,C0|L|MKT|15|v0.3.0-tier0|SPY,629.36,100,62936,15,0.02,0,48,0.08,0,0.00,4400,4.40,1
3098,Exit short,2025-08-01 07:15,TX15,615.08,100,61458,-50,-0.08,0,172,0.28,-114,-0.19,4350,4.35,1
3098,Entry short,2025-08-01 07:00,C0|S|MKT|15|v0.3.0-tier0|SPY,614.58,100,61458,-50,-0.08,0,172,0.28,-114,-0.19,4350,4.35,1
3099,Exit long,2025-08-04 07:15,TX15,622.17,100,62212,5,0.01,0,32,0.05,-74,-0.12,4355,4.35,1
3099,Entry long,2025-08-04 07:00,C0|L|MKT|15|v0.3.0-tier0|SPY,622.12,100,62212,5,0.01,0,32,0.05,-74,-0.12,4355,4.35,1
3100,Exit short,2025-08-05 07:30,TX15,622.96,100,62344,48,0.08,0,115,0.18,-27,-0.04,4403,4.40,1
3100,Entry short,2025-08-05 07:15,C0|S|MKT|15|v0.3.0-tier0|SPY,623.44,100,62344,48,0.08,0,115,0.18,-27,-0.04,4403,4.40,1
3101,Exit short,2025-08-07 07:30,TX15,626.87,100,62771,84,0.13,0,153,0.24,-7,-0.01,4487,4.49,1
3101,Entry short,2025-08-07 07:15,C0|S|MKT|15|v0.3.0-tier0|SPY,627.71,100,62771,84,0.13,0,153,0.24,-7,-0.01,4487,4.49,1
3102,Exit long,2025-08-08 07:15,TX15,629.16,100,62889,27,0.04,0,91,0.14,-11,-0.02,4514,4.51,1
3102,Entry long,2025-08-08 07:00,C0|L|MKT|15|v0.3.0-tier0|SPY,628.89,100,62889,27,0.04,0,91,0.14,-11,-0.02,4514,4.51,1
3103,Exit short,2025-08-12 07:15,TX15,631.94,100,63039,-155,-0.25,0,58,0.09,-159,-0.25,4359,4.36,1
3103,Entry short,2025-08-12 07:00,C0|S|MKT|15|v0.3.0-tier0|SPY,630.39,100,63039,-155,-0.25,0,58,0.09,-159,-0.25,4359,4.36,1
3104,Exit long,2025-08-13 07:15,TX15,638.07,100,63854,-47,-0.07,0,10,0.02,-73,-0.11,4312,4.31,1
3104,Entry long,2025-08-13 07:00,C0|L|MKT|15|v0.3.0-tier0|SPY,638.54,100,63854,-47,-0.07,0,10,0.02,-73,-0.11,4312,4.31,1
3105,Exit long,2025-08-14 07:15,TX15,636.76,100,63697,-21,-0.03,0,29,0.05,-32,-0.05,4291,4.29,1
3105,Entry long,2025-08-14 07:00,C0|L|MKT|15|v0.3.0-tier0|SPY,636.97,100,63697,-21,-0.03,0,29,0.05,-32,-0.05,4291,4.29,1
3106,Exit short,2025-08-15 07:15,TX15,637.38,100,63676,-62,-0.10,0,59,0.09,-71,-0.11,4229,4.23,1
3106,Entry short,2025-08-15 07:00,C0|S|MKT|15|v0.3.0-tier0|SPY,636.76,100,63676,-62,-0.10,0,59,0.09,-71,-0.11,4229,4.23,1
3107,Exit short,2025-08-18 07:15,TX15,636.24,100,63569,-55,-0.09,0,1,0.00,-69,-0.11,4174,4.17,1
3107,Entry short,2025-08-18 07:00,C0|S|MKT|15|v0.3.0-tier0|SPY,635.69,100,63569,-55,-0.09,0,1,0.00,-69,-0.11,4174,4.17,1
3108,Exit long,2025-08-19 07:30,TX15,635.99,100,63671,-72,-0.11,0,15,0.02,-93,-0.15,4102,4.10,1
3108,Entry long,2025-08-19 07:15,C0|L|MKT|15|v0.3.0-tier0|SPY,636.71,100,63671,-72,-0.11,0,15,0.02,-93,-0.15,4102,4.10,1
3109,Exit short,2025-08-20 07:15,TX15,627.48,100,62842,94,0.15,0,118,0.19,-90,-0.14,4196,4.20,1
3109,Entry short,2025-08-20 07:00,C0|S|MKT|15|v0.3.0-tier0|SPY,628.42,100,62842,94,0.15,0,118,0.19,-90,-0.14,4196,4.20,1
3110,Exit short,2025-08-21 07:15,TX15,630.13,100,62816,-197,-0.31,0,50,0.08,-224,-0.36,3999,4.00,1
3110,Entry short,2025-08-21 07:00,C0|S|MKT|15|v0.3.0-tier0|SPY,628.16,100,62816,-197,-0.31,0,50,0.08,-224,-0.36,3999,4.00,1
3111,Exit long,2025-08-22 07:30,TX15,637.08,100,63764,-56,-0.09,0,82,0.13,-164,-0.26,3943,3.94,1
3111,Entry long,2025-08-22 07:15,C0|L|MKT|15|v0.3.0-tier0|SPY,637.64,100,63764,-56,-0.09,0,82,0.13,-164,-0.26,3943,3.94,1
3112,Exit long,2025-08-26 07:45,TX15,635.86,100,63600,-14,-0.02,0,13,0.02,-55,-0.09,3929,3.93,1
3112,Entry long,2025-08-26 07:30,C0|L|MKT|15|v0.3.0-tier0|SPY,636,100,63600,-14,-0.02,0,13,0.02,-55,-0.09,3929,3.93,1
3113,Exit long,2025-08-27 07:30,TX15,639.03,100,63876,27,0.04,0,50,0.08,-1,0.00,3956,3.96,1
3113,Entry long,2025-08-27 07:15,C0|L|MKT|15|v0.3.0-tier0|SPY,638.76,100,63876,27,0.04,0,50,0.08,-1,0.00,3956,3.96,1
3114,Exit short,2025-08-28 07:15,TX15,639.28,100,63886,-42,-0.07,0,35,0.05,-72,-0.11,3914,3.91,1
3114,Entry short,2025-08-28 07:00,C0|S|MKT|15|v0.3.0-tier0|SPY,638.86,100,63886,-42,-0.07,0,35,0.05,-72,-0.11,3914,3.91,1
3115,Exit short,2025-08-29 07:15,TX15,637.25,100,63843,118,0.18,0,170,0.27,-54,-0.08,4032,4.03,1
3115,Entry short,2025-08-29 07:00,C0|S|MKT|15|v0.3.0-tier0|SPY,638.43,100,63843,118,0.18,0,170,0.27,-54,-0.08,4032,4.03,1
3116,Exit long,2025-09-02 07:15,TX15,631.9,100,63200,-10,-0.02,0,112,0.18,-33,-0.05,4022,4.02,1
3116,Entry long,2025-09-02 07:00,C0|L|MKT|15|v0.3.0-tier0|SPY,632,100,63200,-10,-0.02,0,112,0.18,-33,-0.05,4022,4.02,1
3117,Exit short,2025-09-03 07:15,TX15,634.6,100,63494,34,0.05,0,38,0.06,-90,-0.14,4056,4.06,1
3117,Entry short,2025-09-03 07:00,C0|S|MKT|15|v0.3.0-tier0|SPY,634.94,100,63494,34,0.05,0,38,0.06,-90,-0.14,4056,4.06,1
3118,Exit short,2025-09-04 07:30,TX15,637.81,100,63686,-95,-0.15,0,41,0.06,-118,-0.19,3961,3.96,1
3118,Entry short,2025-09-04 07:15,C0|S|MKT|15|v0.3.0-tier0|SPY,636.86,100,63686,-95,-0.15,0,41,0.06,-118,-0.19,3961,3.96,1
3119,Exit short,2025-09-05 07:15,TX15,641.86,100,64392,206,0.32,0,209,0.32,-2,0.00,4167,4.17,1
3119,Entry short,2025-09-05 07:00,C0|S|MKT|15|v0.3.0-tier0|SPY,643.92,100,64392,206,0.32,0,209,0.32,-2,0.00,4167,4.17,1
3120,Exit short,2025-09-09 07:45,TX15,640.59,100,64164,105,0.16,0,151,0.24,-5,-0.01,4272,4.27,1
3120,Entry short,2025-09-09 07:30,C0|S|MKT|15|v0.3.0-tier0|SPY,641.64,100,64164,105,0.16,0,151,0.24,-5,-0.01,4272,4.27,1
3121,Exit long,2025-09-10 07:30,TX15,646.74,100,64721,-47,-0.07,0,17,0.03,-47,-0.07,4225,4.23,1
3121,Entry long,2025-09-10 07:15,C0|L|MKT|15|v0.3.0-tier0|SPY,647.21,100,64721,-47,-0.07,0,17,0.03,-47,-0.07,4225,4.23,1
3122,Exit long,2025-09-11 07:15,TX15,648.49,100,64838,11,0.02,0,68,0.10,-18,-0.03,4236,4.24,1
3122,Entry long,2025-09-11 07:00,C0|L|MKT|15|v0.3.0-tier0|SPY,648.38,100,64838,11,0.02,0,68,0.10,-18,-0.03,4236,4.24,1
3123,Exit long,2025-09-12 07:15,TX15,650.29,100,65080,-51,-0.08,0,18,0.03,-52,-0.08,4185,4.18,1
3123,Entry long,2025-09-12 07:00,C0|L|MKT|15|v0.3.0-tier0|SPY,650.8,100,65080,-51,-0.08,0,18,0.03,-52,-0.08,4185,4.18,1
3124,Exit long,2025-09-15 07:15,TX15,652.97,100,65340,-43,-0.07,0,9,0.01,-65,-0.10,4142,4.14,1
3124,Entry long,2025-09-15 07:00,C0|L|MKT|15|v0.3.0-tier0|SPY,653.4,100,65340,-43,-0.07,0,9,0.01,-65,-0.10,4142,4.14,1
3125,Exit short,2025-09-16 07:15,TX15,652.7,100,65303,33,0.05,0,63,0.10,-4,-0.01,4175,4.18,1
3125,Entry short,2025-09-16 07:00,C0|S|MKT|15|v0.3.0-tier0|SPY,653.03,100,65303,33,0.05,0,63,0.10,-4,-0.01,4175,4.18,1
3126,Exit short,2025-09-17 07:30,TX15,651.96,100,65224,28,0.04,0,36,0.06,-11,-0.02,4203,4.20,1
3126,Entry short,2025-09-17 07:15,C0|S|MKT|15|v0.3.0-tier0|SPY,652.24,100,65224,28,0.04,0,36,0.06,-11,-0.02,4203,4.20,1
3127,Exit long,2025-09-18 07:30,TX15,657.11,100,65632,79,0.12,0,89,0.14,-6,-0.01,4282,4.28,1
3127,Entry long,2025-09-18 07:15,C0|L|MKT|15|v0.3.0-tier0|SPY,656.32,100,65632,79,0.12,0,89,0.14,-6,-0.01,4282,4.28,1
3128,Exit long,2025-09-22 07:15,TX15,657.99,100,65797,2,0.00,0,34,0.05,-25,-0.04,4284,4.28,1
3128,Entry long,2025-09-22 07:00,C0|L|MKT|15|v0.3.0-tier0|SPY,657.97,100,65797,2,0.00,0,34,0.05,-25,-0.04,4284,4.28,1
3129,Exit short,2025-09-24 07:15,TX15,657.8,100,65760,-20,-0.03,0,39,0.06,-40,-0.06,4264,4.26,1
3129,Entry short,2025-09-24 07:00,C0|S|MKT|15|v0.3.0-tier0|SPY,657.6,100,65760,-20,-0.03,0,39,0.06,-40,-0.06,4264,4.26,1
3130,Exit long,2025-09-25 07:45,TX15,653.34,100,65307,27,0.04,0,50,0.08,-24,-0.04,4291,4.29,1
3130,Entry long,2025-09-25 07:30,C0|L|MKT|15|v0.3.0-tier0|SPY,653.07,100,65307,27,0.04,0,50,0.08,-24,-0.04,4291,4.29,1
3131,Exit long,2025-09-26 07:15,TX15,654.13,100,65634,-221,-0.34,0,60,0.09,-250,-0.38,4070,4.07,1
3131,Entry long,2025-09-26 07:00,C0|L|MKT|15|v0.3.0-tier0|SPY,656.34,100,65634,-221,-0.34,0,60,0.09,-250,-0.38,4070,4.07,1
3132,Exit long,2025-10-01 07:45,TX15,660.01,100,66007,-6,-0.01,0,52,0.08,-28,-0.04,4064,4.06,1
3132,Entry long,2025-10-01 07:30,C0|L|MKT|15|v0.3.0-tier0|SPY,660.07,100,66007,-6,-0.01,0,52,0.08,-28,-0.04,4064,4.06,1
3133,Exit short,2025-10-02 07:30,TX15,663.23,100,66313,-10,-0.02,0,34,0.05,-36,-0.05,4054,4.05,1
3133,Entry short,2025-10-02 07:15,C0|S|MKT|15|v0.3.0-tier0|SPY,663.13,100,66313,-10,-0.02,0,34,0.05,-36,-0.05,4054,4.05,1
3134,Exit long,2025-10-03 07:45,TX15,666.58,100,66587,71,0.11,0,89,0.13,-7,-0.01,4125,4.13,1
3134,Entry long,2025-10-03 07:30,C0|L|MKT|15|v0.3.0-tier0|SPY,665.87,100,66587,71,0.11,0,89,0.13,-7,-0.01,4125,4.13,1
3135,Exit short,2025-10-06 07:15,TX15,664.79,100,66451,-28,-0.04,0,56,0.08,-31,-0.05,4097,4.10,1
3135,Entry short,2025-10-06 07:00,C0|S|MKT|15|v0.3.0-tier0|SPY,664.51,100,66451,-28,-0.04,0,56,0.08,-31,-0.05,4097,4.10,1
3136,Exit short,2025-10-07 07:30,TX15,665.76,100,66644,68,0.10,0,70,0.11,-20,-0.03,4165,4.17,1
3136,Entry short,2025-10-07 07:15,C0|S|MKT|15|v0.3.0-tier0|SPY,666.44,100,66644,68,0.10,0,70,0.11,-20,-0.03,4165,4.17,1
3137,Exit long,2025-10-08 07:30,TX15,666.36,100,66623,13,0.02,0,15,0.02,-57,-0.09,4178,4.18,1
3137,Entry long,2025-10-08 07:15,C0|L|MKT|15|v0.3.0-tier0|SPY,666.23,100,66623,13,0.02,0,15,0.02,-57,-0.09,4178,4.18,1
3138,Exit short,2025-10-09 07:15,TX15,666.47,100,66639,-8,-0.01,0,48,0.07,-33,-0.05,4170,4.17,1
3138,Entry short,2025-10-09 07:00,C0|S|MKT|15|v0.3.0-tier0|SPY,666.39,100,66639,-8,-0.01,0,48,0.07,-33,-0.05,4170,4.17,1
3139,Exit long,2025-10-13 07:15,TX15,656.75,100,65741,-66,-0.10,0,37,0.06,-93,-0.14,4104,4.10,1
3139,Entry long,2025-10-13 07:00,C0|L|MKT|15|v0.3.0-tier0|SPY,657.41,100,65741,-66,-0.10,0,37,0.06,-93,-0.14,4104,4.10,1
3140,Exit long,2025-10-14 07:30,TX15,654.36,100,65280,156,0.24,0,169,0.26,-40,-0.06,4260,4.26,1
3140,Entry long,2025-10-14 07:15,C0|L|MKT|15|v0.3.0-tier0|SPY,652.8,100,65280,156,0.24,0,169,0.26,-40,-0.06,4260,4.26,1
3141,Exit long,2025-10-15 07:15,TX15,664,100,66284,116,0.18,0,188,0.28,-2,0.00,4376,4.38,1
3141,Entry long,2025-10-15 07:00,C0|L|MKT|15|v0.3.0-tier0|SPY,662.84,100,66284,116,0.18,0,188,0.28,-2,0.00,4376,4.38,1
3142,Exit short,2025-10-16 07:30,TX15,661.45,100,66035,-110,-0.17,0,29,0.04,-173,-0.26,4266,4.27,1
3142,Entry short,2025-10-16 07:15,C0|S|MKT|15|v0.3.0-tier0|SPY,660.35,100,66035,-110,-0.17,0,29,0.04,-173,-0.26,4266,4.27,1
3143,Exit long,2025-10-17 07:30,TX15,656.87,100,65768,-81,-0.12,0,59,0.09,-158,-0.24,4185,4.18,1
3143,Entry long,2025-10-17 07:15,C0|L|MKT|15|v0.3.0-tier0|SPY,657.68,100,65768,-81,-0.12,0,59,0.09,-158,-0.24,4185,4.18,1
3144,Exit long,2025-10-20 07:30,TX15,664.75,100,66407,68,0.10,0,82,0.12,-56,-0.08,4253,4.25,1
3144,Entry long,2025-10-20 07:15,C0|L|MKT|15|v0.3.0-tier0|SPY,664.07,100,66407,68,0.10,0,82,0.12,-56,-0.08,4253,4.25,1
3145,Exit short,2025-10-21 07:15,TX15,665.44,100,66507,-37,-0.06,0,59,0.09,-46,-0.07,4216,4.22,1
3145,Entry short,2025-10-21 07:00,C0|S|MKT|15|v0.3.0-tier0|SPY,665.07,100,66507,-37,-0.06,0,59,0.09,-46,-0.07,4216,4.22,1
3146,Exit short,2025-10-22 07:45,TX15,663.08,100,66395,87,0.13,0,94,0.14,-34,-0.05,4303,4.30,1
3146,Entry short,2025-10-22 07:30,C0|S|MKT|15|v0.3.0-tier0|SPY,663.95,100,66395,87,0.13,0,94,0.14,-34,-0.05,4303,4.30,1
3147,Exit long,2025-10-23 07:15,TX15,663.62,100,66449,-87,-0.13,0,37,0.06,-112,-0.17,4216,4.22,1
3147,Entry long,2025-10-23 07:00,C0|L|MKT|15|v0.3.0-tier0|SPY,664.49,100,66449,-87,-0.13,0,37,0.06,-112,-0.17,4216,4.22,1
3148,Exit long,2025-10-24 07:30,TX15,671.22,100,67222,-100,-0.15,0,2,0.00,-103,-0.15,4116,4.12,1
3148,Entry long,2025-10-24 07:15,C0|L|MKT|15|v0.3.0-tier0|SPY,672.22,100,67222,-100,-0.15,0,2,0.00,-103,-0.15,4116,4.12,1
3149,Exit long,2025-10-27 07:30,TX15,677.4,100,67763,-23,-0.03,0,3,0.00,-84,-0.12,4093,4.09,1
3149,Entry long,2025-10-27 07:15,C0|L|MKT|15|v0.3.0-tier0|SPY,677.63,100,67763,-23,-0.03,0,3,0.00,-84,-0.12,4093,4.09,1
3150,Exit short,2025-10-28 07:15,TX15,680.17,100,68005,-12,-0.02,0,18,0.03,-27,-0.04,4081,4.08,1
3150,Entry short,2025-10-28 07:00,C0|S|MKT|15|v0.3.0-tier0|SPY,680.05,100,68005,-12,-0.02,0,18,0.03,-27,-0.04,4081,4.08,1
3151,Exit long,2025-10-29 07:15,TX15,683.14,100,68393,-79,-0.12,0,10,0.01,-114,-0.17,4002,4.00,1
3151,Entry long,2025-10-29 07:00,C0|L|MKT|15|v0.3.0-tier0|SPY,683.93,100,68393,-79,-0.12,0,10,0.01,-114,-0.17,4002,4.00,1
3152,Exit long,2025-10-30 07:15,TX15,679.21,100,67937,-16,-0.02,0,93,0.14,-116,-0.17,3986,3.99,1
3152,Entry long,2025-10-30 07:00,C0|L|MKT|15|v0.3.0-tier0|SPY,679.37,100,67937,-16,-0.02,0,93,0.14,-116,-0.17,3986,3.99,1
3153,Exit short,2025-10-31 07:30,TX15,677.63,100,67716,-47,-0.07,0,55,0.08,-69,-0.10,3939,3.94,1
3153,Entry short,2025-10-31 07:15,C0|S|MKT|15|v0.3.0-tier0|SPY,677.16,100,67716,-47,-0.07,0,55,0.08,-69,-0.10,3939,3.94,1
3154,Exit short,2025-11-03 07:15,TX15,676.72,100,67696,24,0.04,0,91,0.13,-43,-0.06,3963,3.96,1
3154,Entry short,2025-11-03 07:00,C0|S|MKT|15|v0.3.0-tier0|SPY,676.96,100,67696,24,0.04,0,91,0.13,-43,-0.06,3963,3.96,1
3155,Exit long,2025-11-04 07:15,TX15,673.34,100,67311,23,0.03,0,52,0.08,-33,-0.05,3986,3.99,1
3155,Entry long,2025-11-04 07:00,C0|L|MKT|15|v0.3.0-tier0|SPY,673.11,100,67311,23,0.03,0,52,0.08,-33,-0.05,3986,3.99,1
3156,Exit long,2025-11-05 07:15,TX15,671.3,100,67177,-47,-0.07,0,75,0.11,-85,-0.13,3939,3.94,1
3156,Entry long,2025-11-05 07:00,C0|L|MKT|15|v0.3.0-tier0|SPY,671.77,100,67177,-47,-0.07,0,75,0.11,-85,-0.13,3939,3.94,1
3157,Exit short,2025-11-06 07:15,TX15,667.62,100,66858,96,0.14,0,159,0.24,-13,-0.02,4035,4.04,1
3157,Entry short,2025-11-06 07:00,C0|S|MKT|15|v0.3.0-tier0|SPY,668.58,100,66858,96,0.14,0,159,0.24,-13,-0.02,4035,4.04,1
3158,Exit long,2025-11-11 07:15,TX15,673.89,100,67510,-121,-0.18,0,0,0.00,-155,-0.23,3914,3.91,1
3158,Entry long,2025-11-11 07:00,C0|L|MKT|15|v0.3.0-tier0|SPY,675.1,100,67510,-121,-0.18,0,0,0.00,-155,-0.23,3914,3.91,1
3159,Exit short,2025-11-12 07:15,TX15,677.54,100,67810,56,0.08,0,66,0.10,-53,-0.08,3970,3.97,1
3159,Entry short,2025-11-12 07:00,C0|S|MKT|15|v0.3.0-tier0|SPY,678.1,100,67810,56,0.08,0,66,0.10,-53,-0.08,3970,3.97,1
3160,Exit long,2025-11-14 07:15,TX15,662.03,100,66322,-119,-0.18,0,20,0.03,-177,-0.27,3851,3.85,1
3160,Entry long,2025-11-14 07:00,C0|L|MKT|15|v0.3.0-tier0|SPY,663.22,100,66322,-119,-0.18,0,20,0.03,-177,-0.27,3851,3.85,1
3161,Exit long,2025-11-17 07:15,TX15,666.22,100,66719,-97,-0.15,0,42,0.06,-223,-0.33,3754,3.75,1
3161,Entry long,2025-11-17 07:00,C0|L|MKT|15|v0.3.0-tier0|SPY,667.19,100,66719,-97,-0.15,0,42,0.06,-223,-0.33,3754,3.75,1
3162,Exit short,2025-11-18 07:15,TX15,653.39,100,65324,-15,-0.02,0,183,0.28,-80,-0.12,3739,3.74,1
3162,Entry short,2025-11-18 07:00,C0|S|MKT|15|v0.3.0-tier0|SPY,653.24,100,65324,-15,-0.02,0,183,0.28,-80,-0.12,3739,3.74,1
3163,Exit long,2025-11-19 07:15,TX15,661.08,100,66020,88,0.13,0,108,0.16,-25,-0.04,3827,3.83,1
3163,Entry long,2025-11-19 07:00,C0|L|MKT|15|v0.3.0-tier0|SPY,660.2,100,66020,88,0.13,0,108,0.16,-25,-0.04,3827,3.83,1
3164,Exit long,2025-11-20 07:15,TX15,667.65,100,66938,-173,-0.26,0,48,0.07,-213,-0.32,3654,3.65,1
3164,Entry long,2025-11-20 07:00,C0|L|MKT|15|v0.3.0-tier0|SPY,669.38,100,66938,-173,-0.26,0,48,0.07,-213,-0.32,3654,3.65,1
3165,Exit short,2025-11-21 07:30,TX15,647.69,100,64836,67,0.10,0,138,0.21,-219,-0.34,3721,3.72,1
3165,Entry short,2025-11-21 07:15,C0|S|MKT|15|v0.3.0-tier0|SPY,648.36,100,64836,67,0.10,0,138,0.21,-219,-0.34,3721,3.72,1
3166,Exit short,2025-11-26 07:15,TX15,672.02,100,67174,-28,-0.04,0,56,0.08,-122,-0.18,3693,3.69,1
3166,Entry short,2025-11-26 07:00,C0|S|MKT|15|v0.3.0-tier0|SPY,671.74,100,67174,-28,-0.04,0,56,0.08,-122,-0.18,3693,3.69,1
3167,Exit long,2025-12-01 07:15,TX15,675.22,100,67589,-67,-0.10,0,27,0.04,-85,-0.13,3626,3.63,1
3167,Entry long,2025-12-01 07:00,C0|L|MKT|15|v0.3.0-tier0|SPY,675.89,100,67589,-67,-0.10,0,27,0.04,-85,-0.13,3626,3.63,1
3168,Exit long,2025-12-02 07:30,TX15,675.93,100,67739,-146,-0.22,0,23,0.03,-158,-0.23,3480,3.48,1
3168,Entry long,2025-12-02 07:15,C0|L|MKT|15|v0.3.0-tier0|SPY,677.39,100,67739,-146,-0.22,0,23,0.03,-158,-0.23,3480,3.48,1
3169,Exit long,2025-12-03 07:45,TX15,677.06,100,67606,100,0.15,0,127,0.19,-32,-0.05,3580,3.58,1
3169,Entry long,2025-12-03 07:30,C0|L|MKT|15|v0.3.0-tier0|SPY,676.06,100,67606,100,0.15,0,127,0.19,-32,-0.05,3580,3.58,1
3170,Exit short,2025-12-04 07:15,TX15,677.56,100,67745,-11,-0.02,0,40,0.06,-47,-0.07,3569,3.57,1
3170,Entry short,2025-12-04 07:00,C0|S|MKT|15|v0.3.0-tier0|SPY,677.45,100,67745,-11,-0.02,0,40,0.06,-47,-0.07,3569,3.57,1
3171,Exit long,2025-12-05 07:15,TX15,682.58,100,68128,130,0.19,0,132,0.19,-18,-0.03,3699,3.70,1
3171,Entry long,2025-12-05 07:00,C0|L|MKT|15|v0.3.0-tier0|SPY,681.28,100,68128,130,0.19,0,132,0.19,-18,-0.03,3699,3.70,1
3172,Exit short,2025-12-08 07:30,TX15,678.89,100,67930,41,0.06,0,104,0.15,-29,-0.04,3740,3.74,1
3172,Entry short,2025-12-08 07:15,C0|S|MKT|15|v0.3.0-tier0|SPY,679.3,100,67930,41,0.06,0,104,0.15,-29,-0.04,3740,3.74,1
3173,Exit long,2025-12-09 07:15,TX15,678.59,100,67882,-23,-0.03,0,48,0.07,-47,-0.07,3717,3.72,1
3173,Entry long,2025-12-09 07:00,C0|L|MKT|15|v0.3.0-tier0|SPY,678.82,100,67882,-23,-0.03,0,48,0.07,-47,-0.07,3717,3.72,1
3174,Exit long,2025-12-10 07:15,TX15,677.42,100,67749,-7,-0.01,0,32,0.05,-38,-0.06,3710,3.71,1
3174,Entry long,2025-12-10 07:00,C0|L|MKT|15|v0.3.0-tier0|SPY,677.49,100,67749,-7,-0.01,0,32,0.05,-38,-0.06,3710,3.71,1
3175,Exit short,2025-12-11 07:15,TX15,679.37,100,67704,-233,-0.34,0,48,0.07,-271,-0.40,3477,3.48,1
3175,Entry short,2025-12-11 07:00,C0|S|MKT|15|v0.3.0-tier0|SPY,677.04,100,67704,-233,-0.34,0,48,0.07,-271,-0.40,3477,3.48,1
3176,Exit short,2025-12-12 07:15,TX15,680.26,100,68181,155,0.23,0,187,0.27,-5,-0.01,3632,3.63,1
3176,Entry short,2025-12-12 07:00,C0|S|MKT|15|v0.3.0-tier0|SPY,681.81,100,68181,155,0.23,0,187,0.27,-5,-0.01,3632,3.63,1
3177,Exit short,2025-12-15 07:15,TX15,675.74,100,67681,107,0.16,0,127,0.19,-16,-0.02,3739,3.74,1
3177,Entry short,2025-12-15 07:00,C0|S|MKT|15|v0.3.0-tier0|SPY,676.81,100,67681,107,0.16,0,127,0.19,-16,-0.02,3739,3.74,1
3178,Exit long,2025-12-16 07:15,TX15,673.7,100,67526,-156,-0.23,0,22,0.03,-185,-0.27,3583,3.58,1
3178,Entry long,2025-12-16 07:00,C0|L|MKT|15|v0.3.0-tier0|SPY,675.26,100,67526,-156,-0.23,0,22,0.03,-185,-0.27,3583,3.58,1
3179,Exit long,2025-12-18 07:45,TX15,674.87,100,67343,144,0.21,0,158,0.23,-34,-0.05,3727,3.73,1
3179,Entry long,2025-12-18 07:30,C0|L|MKT|15|v0.3.0-tier0|SPY,673.43,100,67343,144,0.21,0,158,0.23,-34,-0.05,3727,3.73,1
3180,Exit long,2025-12-19 07:15,TX15,676.01,100,67622,-21,-0.03,0,69,0.10,-60,-0.09,3706,3.71,1
3180,Entry long,2025-12-19 07:00,C0|L|MKT|15|v0.3.0-tier0|SPY,676.22,100,67622,-21,-0.03,0,69,0.10,-60,-0.09,3706,3.71,1
3181,Exit long,2025-12-24 07:30,TX15,685.52,100,68540,12,0.02,0,18,0.03,-21,-0.03,3718,3.72,1
3181,Entry long,2025-12-24 07:15,C0|L|MKT|15|v0.3.0-tier0|SPY,685.4,100,68540,12,0.02,0,18,0.03,-21,-0.03,3718,3.72,1
3182,Exit short,2025-12-26 07:30,TX15,687.08,100,68626,-82,-0.12,0,26,0.04,-85,-0.12,3636,3.64,1
3182,Entry short,2025-12-26 07:15,C0|S|MKT|15|v0.3.0-tier0|SPY,686.26,100,68626,-82,-0.12,0,26,0.04,-85,-0.12,3636,3.64,1
3183,Exit short,2025-12-29 07:30,TX15,684.28,100,68347,-81,-0.12,0,1,0.00,-94,-0.14,3555,3.56,1
3183,Entry short,2025-12-29 07:15,C0|S|MKT|15|v0.3.0-tier0|SPY,683.47,100,68347,-81,-0.12,0,1,0.00,-94,-0.14,3555,3.56,1
3184,Exit long,2025-12-30 07:15,TX15,683.3,100,68445,-115,-0.17,0,8,0.01,-127,-0.19,3440,3.44,1
3184,Entry long,2025-12-30 07:00,C0|L|MKT|15|v0.3.0-tier0|SPY,684.45,100,68445,-115,-0.17,0,8,0.01,-127,-0.19,3440,3.44,1
3185,Exit short,2025-12-31 07:30,TX15,681.92,100,68183,-9,-0.01,0,53,0.08,-19,-0.03,3431,3.43,1
3185,Entry short,2025-12-31 07:15,C0|S|MKT|15|v0.3.0-tier0|SPY,681.83,100,68183,-9,-0.01,0,53,0.08,-19,-0.03,3431,3.43,1
3186,Exit long,2026-01-02 07:15,TX15,680.73,100,68257,-184,-0.27,0,67,0.10,-207,-0.30,3247,3.25,1
3186,Entry long,2026-01-02 07:00,C0|L|MKT|15|v0.3.0-tier0|SPY,682.57,100,68257,-184,-0.27,0,67,0.10,-207,-0.30,3247,3.25,1
3187,Exit long,2026-01-05 07:45,TX15,684.4,100,68488,-48,-0.07,0,29,0.04,-56,-0.08,3199,3.20,1
3187,Entry long,2026-01-05 07:30,C0|L|MKT|15|v0.3.0-tier0|SPY,684.88,100,68488,-48,-0.07,0,29,0.04,-56,-0.08,3199,3.20,1
3188,Exit long,2026-01-06 07:15,TX15,686.96,100,68643,53,0.08,0,56,0.08,-9,-0.01,3252,3.25,1
3188,Entry long,2026-01-06 07:00,C0|L|MKT|15|v0.3.0-tier0|SPY,686.43,100,68643,53,0.08,0,56,0.08,-9,-0.01,3252,3.25,1
3189,Exit short,2026-01-07 07:30,TX15,688.02,100,68797,-5,-0.01,0,51,0.07,-30,-0.04,3247,3.25,1
3189,Entry short,2026-01-07 07:15,C0|S|MKT|15|v0.3.0-tier0|SPY,687.97,100,68797,-5,-0.01,0,51,0.07,-30,-0.04,3247,3.25,1
3190,Exit long,2026-01-08 07:30,TX15,685.99,100,68603,-4,-0.01,0,34,0.05,-27,-0.04,3243,3.24,1
3190,Entry long,2026-01-08 07:15,C0|L|MKT|15|v0.3.0-tier0|SPY,686.03,100,68603,-4,-0.01,0,34,0.05,-27,-0.04,3243,3.24,1
3191,Exit long,2026-01-09 07:45,TX15,688.02,100,68947,-145,-0.21,0,31,0.04,-149,-0.22,3098,3.10,1
3191,Entry long,2026-01-09 07:30,C0|L|MKT|15|v0.3.0-tier0|SPY,689.47,100,68947,-145,-0.21,0,31,0.04,-149,-0.22,3098,3.10,1
3192,Exit long,2026-01-12 07:15,TX15,689.65,100,68996,-31,-0.04,0,16,0.02,-61,-0.09,3067,3.07,1
3192,Entry long,2026-01-12 07:00,C0|L|MKT|15|v0.3.0-tier0|SPY,689.96,100,68996,-31,-0.04,0,16,0.02,-61,-0.09,3067,3.07,1
3193,Exit short,2026-01-13 07:15,TX15,689.79,100,69057,78,0.11,0,106,0.15,-27,-0.04,3145,3.15,1
3193,Entry short,2026-01-13 07:00,C0|S|MKT|15|v0.3.0-tier0|SPY,690.57,100,69057,78,0.11,0,106,0.15,-27,-0.04,3145,3.15,1
3194,Exit short,2026-01-14 07:15,TX15,686.95,100,68503,-192,-0.28,0,99,0.14,-195,-0.28,2953,2.95,1
3194,Entry short,2026-01-14 07:00,C0|S|MKT|15|v0.3.0-tier0|SPY,685.03,100,68503,-192,-0.28,0,99,0.14,-195,-0.28,2953,2.95,1
3195,Exit short,2026-01-16 07:15,TX15,688.62,100,68830,-32,-0.05,0,37,0.05,-85,-0.12,2921,2.92,1
3195,Entry short,2026-01-16 07:00,C0|S|MKT|15|v0.3.0-tier0|SPY,688.3,100,68830,-32,-0.05,0,37,0.05,-85,-0.12,2921,2.92,1
3196,Exit long,2026-01-20 07:45,TX15,680.66,100,68024,42,0.06,0,91,0.13,-18,-0.03,2963,2.96,1
3196,Entry long,2026-01-20 07:30,C0|L|MKT|15|v0.3.0-tier0|SPY,680.24,100,68024,42,0.06,0,91,0.13,-18,-0.03,2963,2.96,1
3197,Exit long,2026-01-21 07:15,TX15,678.68,100,67887,-19,-0.03,0,33,0.05,-82,-0.12,2944,2.94,1
3197,Entry long,2026-01-21 07:00,C0|L|MKT|15|v0.3.0-tier0|SPY,678.87,100,67887,-19,-0.03,0,33,0.05,-82,-0.12,2944,2.94,1
3198,Exit short,2026-01-22 07:15,TX15,683.72,100,68425,53,0.08,0,96,0.14,-11,-0.02,2997,3.00,1
3198,Entry short,2026-01-22 07:00,C0|S|MKT|15|v0.3.0-tier0|SPY,684.25,100,68425,53,0.08,0,96,0.14,-11,-0.02,2997,3.00,1
3199,Exit long,2026-01-23 07:15,TX15,684.99,100,68520,-21,-0.03,0,59,0.09,-35,-0.05,2976,2.98,1
3199,Entry long,2026-01-23 07:00,C0|L|MKT|15|v0.3.0-tier0|SPY,685.2,100,68520,-21,-0.03,0,59,0.09,-35,-0.05,2976,2.98,1
3200,Exit long,2026-01-26 07:30,TX15,688.88,100,68894,-6,-0.01,0,80,0.12,-11,-0.02,2970,2.97,1
3200,Entry long,2026-01-26 07:15,C0|L|MKT|15|v0.3.0-tier0|SPY,688.94,100,68894,-6,-0.01,0,80,0.12,-11,-0.02,2970,2.97,1
3201,Exit long,2026-01-27 07:15,TX15,691.46,100,69155,-9,-0.01,0,21,0.03,-71,-0.10,2961,2.96,1
3201,Entry long,2026-01-27 07:00,C0|L|MKT|15|v0.3.0-tier0|SPY,691.55,100,69155,-9,-0.01,0,21,0.03,-71,-0.10,2961,2.96,1
3202,Exit short,2026-01-28 07:30,TX15,692.84,100,69244,-40,-0.06,0,9,0.01,-98,-0.14,2921,2.92,1
3202,Entry short,2026-01-28 07:15,C0|S|MKT|15|v0.3.0-tier0|SPY,692.44,100,69244,-40,-0.06,0,9,0.01,-98,-0.14,2921,2.92,1
3203,Exit short,2026-01-29 07:15,TX15,685.55,100,68790,235,0.34,0,257,0.37,-8,-0.01,3156,3.16,1
3203,Entry short,2026-01-29 07:00,C0|S|MKT|15|v0.3.0-tier0|SPY,687.9,100,68790,235,0.34,0,257,0.37,-8,-0.01,3156,3.16,1
3204,Exit long,2026-02-02 07:30,TX15,691.02,100,69144,-42,-0.06,0,55,0.08,-54,-0.08,3114,3.11,1
3204,Entry long,2026-02-02 07:15,C0|L|MKT|15|v0.3.0-tier0|SPY,691.44,100,69144,-42,-0.06,0,55,0.08,-54,-0.08,3114,3.11,1
3205,Exit short,2026-02-03 07:15,TX15,688.26,100,68985,159,0.23,0,189,0.27,-20,-0.03,3273,3.27,1
3205,Entry short,2026-02-03 07:00,C0|S|MKT|15|v0.3.0-tier0|SPY,689.85,100,68985,159,0.23,0,189,0.27,-20,-0.03,3273,3.27,1
3206,Exit short,2026-02-04 07:15,TX15,685.25,100,68452,-73,-0.11,0,163,0.24,-144,-0.21,3200,3.20,1
3206,Entry short,2026-02-04 07:00,C0|S|MKT|15|v0.3.0-tier0|SPY,684.52,100,68452,-73,-0.11,0,163,0.24,-144,-0.21,3200,3.20,1
3207,Exit short,2026-02-05 07:30,TX15,673.06,100,67328,22,0.03,0,67,0.10,-169,-0.25,3222,3.22,1
3207,Entry short,2026-02-05 07:15,C0|S|MKT|15|v0.3.0-tier0|SPY,673.28,100,67328,22,0.03,0,67,0.10,-169,-0.25,3222,3.22,1
3208,Exit long,2026-02-06 07:45,TX15,682.73,100,68203,70,0.10,0,109,0.16,-74,-0.11,3292,3.29,1
3208,Entry long,2026-02-06 07:30,C0|L|MKT|15|v0.3.0-tier0|SPY,682.03,100,68203,70,0.10,0,109,0.16,-74,-0.11,3292,3.29,1
3209,Exit long,2026-02-09 07:30,TX15,688.3,100,68813,17,0.02,0,114,0.17,-8,-0.01,3309,3.31,1
3209,Entry long,2026-02-09 07:15,C0|L|MKT|15|v0.3.0-tier0|SPY,688.13,100,68813,17,0.02,0,114,0.17,-8,-0.01,3309,3.31,1
3210,Exit long,2026-02-10 07:15,TX15,691.74,100,69204,-30,-0.04,0,72,0.10,-100,-0.14,3279,3.28,1
3210,Entry long,2026-02-10 07:00,C0|L|MKT|15|v0.3.0-tier0|SPY,692.04,100,69204,-30,-0.04,0,72,0.10,-100,-0.14,3279,3.28,1
3211,Exit short,2026-02-11 07:15,TX15,688.09,100,69047,238,0.34,0,330,0.48,-62,-0.09,3517,3.52,1
3211,Entry short,2026-02-11 07:00,C0|S|MKT|15|v0.3.0-tier0|SPY,690.47,100,69047,238,0.34,0,330,0.48,-62,-0.09,3517,3.52,1
3212,Exit short,2026-02-12 07:15,TX15,689.71,100,68917,-54,-0.08,0,67,0.10,-77,-0.11,3463,3.46,1
3212,Entry short,2026-02-12 07:00,C0|S|MKT|15|v0.3.0-tier0|SPY,689.17,100,68917,-54,-0.08,0,67,0.10,-77,-0.11,3463,3.46,1
3213,Exit long,2026-02-13 07:45,TX15,678.07,100,67934,-127,-0.19,0,161,0.24,-140,-0.21,3336,3.34,1
3213,Entry long,2026-02-13 07:30,C0|L|MKT|15|v0.3.0-tier0|SPY,679.34,100,67934,-127,-0.19,0,161,0.24,-140,-0.21,3336,3.34,1
3214,Exit short,2026-02-17 07:15,TX15,673.32,100,67302,-30,-0.04,0,32,0.05,-194,-0.29,3306,3.31,1
3214,Entry short,2026-02-17 07:00,C0|S|MKT|15|v0.3.0-tier0|SPY,673.02,100,67302,-30,-0.04,0,32,0.05,-194,-0.29,3306,3.31,1
3215,Exit long,2026-02-18 07:15,TX15,684.16,100,68254,162,0.24,0,195,0.29,-6,-0.01,3468,3.47,1
3215,Entry long,2026-02-18 07:00,C0|L|MKT|15|v0.3.0-tier0|SPY,682.54,100,68254,162,0.24,0,195,0.29,-6,-0.01,3468,3.47,1
3216,Exit long,2026-02-19 07:15,TX15,680.56,100,68138,-82,-0.12,0,117,0.17,-100,-0.15,3386,3.39,1
3216,Entry long,2026-02-19 07:00,C0|L|MKT|15|v0.3.0-tier0|SPY,681.38,100,68138,-82,-0.12,0,117,0.17,-100,-0.15,3386,3.39,1
3217,Exit long,2026-02-20 07:30,TX15,683.19,100,68182,137,0.20,0,261,0.38,-124,-0.18,3523,3.52,1
3217,Entry long,2026-02-20 07:15,C0|L|MKT|15|v0.3.0-tier0|SPY,681.82,100,68182,137,0.20,0,261,0.38,-124,-0.18,3523,3.52,1
3218,Exit short,2026-02-23 07:15,TX15,681.13,100,68285,172,0.25,0,194,0.28,-75,-0.11,3695,3.70,1
3218,Entry short,2026-02-23 07:00,C0|S|MKT|15|v0.3.0-tier0|SPY,682.85,100,68285,172,0.25,0,194,0.28,-75,-0.11,3695,3.70,1
3219,Exit long,2026-02-24 07:45,TX15,682.65,100,68268,-3,0.00,0,23,0.03,-65,-0.10,3692,3.69,1
3219,Entry long,2026-02-24 07:30,C0|L|MKT|15|v0.3.0-tier0|SPY,682.68,100,68268,-3,0.00,0,23,0.03,-65,-0.10,3692,3.69,1
3220,Exit short,2026-02-26 07:15,TX15,684.95,100,68700,205,0.30,0,208,0.30,-37,-0.05,3897,3.90,1
3220,Entry short,2026-02-26 07:00,C0|S|MKT|15|v0.3.0-tier0|SPY,687,100,68700,205,0.30,0,208,0.30,-37,-0.05,3897,3.90,1
3221,Exit long,2026-02-27 07:30,TX15,680.89,100,68101,-12,-0.02,0,36,0.05,-99,-0.15,3885,3.89,1
3221,Entry long,2026-02-27 07:15,C0|L|MKT|15|v0.3.0-tier0|SPY,681.01,100,68101,-12,-0.02,0,36,0.05,-99,-0.15,3885,3.89,1
3222,Exit long,2026-03-02 07:15,TX15,681.32,100,67928,204,0.30,0,242,0.36,-92,-0.14,4089,4.09,1
3222,Entry long,2026-03-02 07:00,C0|L|MKT|15|v0.3.0-tier0|SPY,679.28,100,67928,204,0.30,0,242,0.36,-92,-0.14,4089,4.09,1
3223,Exit short,2026-03-03 07:15,TX15,669.03,100,66881,-22,-0.03,0,72,0.11,-156,-0.23,4067,4.07,1
3223,Entry short,2026-03-03 07:00,C0|S|MKT|15|v0.3.0-tier0|SPY,668.81,100,66881,-22,-0.03,0,72,0.11,-156,-0.23,4067,4.07,1
3224,Exit long,2026-03-04 07:45,TX15,680.86,100,68252,-166,-0.24,0,16,0.02,-179,-0.26,3901,3.90,1
3224,Entry long,2026-03-04 07:30,C0|L|MKT|15|v0.3.0-tier0|SPY,682.52,100,68252,-166,-0.24,0,16,0.02,-179,-0.26,3901,3.90,1
3225,Exit long,2026-03-05 07:15,TX15,680.7,100,68147,-77,-0.11,0,43,0.06,-218,-0.32,3824,3.82,1
3225,Entry long,2026-03-05 07:00,C0|L|MKT|15|v0.3.0-tier0|SPY,681.47,100,68147,-77,-0.11,0,43,0.06,-218,-0.32,3824,3.82,1
3226,Exit long,2026-03-06 07:45,TX15,671.12,100,67059,53,0.08,0,175,0.26,-2,0.00,3877,3.88,1
3226,Entry long,2026-03-06 07:30,C0|L|MKT|15|v0.3.0-tier0|SPY,670.59,100,67059,53,0.08,0,175,0.26,-2,0.00,3877,3.88,1
3227,Exit short,2026-03-09 07:30,TX15,660.52,100,65968,-84,-0.13,0,33,0.05,-246,-0.37,3793,3.79,1
3227,Entry short,2026-03-09 07:15,C0|S|MKT|15|v0.3.0-tier0|SPY,659.68,100,65968,-84,-0.13,0,33,0.05,-246,-0.37,3793,3.79,1
3228,Exit short,2026-03-10 07:30,TX15,674.07,100,67196,-211,-0.31,0,70,0.10,-248,-0.37,3582,3.58,1
3228,Entry short,2026-03-10 07:15,C0|S|MKT|15|v0.3.0-tier0|SPY,671.96,100,67196,-211,-0.31,0,70,0.10,-248,-0.37,3582,3.58,1
3229,Exit short,2026-03-11 07:45,TX15,673.8,100,67256,-124,-0.18,0,93,0.14,-151,-0.22,3458,3.46,1
3229,Entry short,2026-03-11 07:30,C0|S|MKT|15|v0.3.0-tier0|SPY,672.56,100,67256,-124,-0.18,0,93,0.14,-151,-0.22,3458,3.46,1
3230,Exit short,2026-03-12 07:15,TX15,667.45,100,66533,-212,-0.32,0,6,0.01,-226,-0.34,3246,3.25,1
3230,Entry short,2026-03-12 07:00,C0|S|MKT|15|v0.3.0-tier0|SPY,665.33,100,66533,-212,-0.32,0,6,0.01,-226,-0.34,3246,3.25,1
3231,Exit short,2026-03-13 07:30,TX15,665.33,100,66532,-1,0.00,0,113,0.17,-41,-0.06,3245,3.25,1
3231,Entry short,2026-03-13 07:15,C0|S|MKT|15|v0.3.0-tier0|SPY,665.32,100,66532,-1,0.00,0,113,0.17,-41,-0.06,3245,3.25,1
3232,Exit long,2026-03-16 07:15,TX15,667.11,100,66728,-17,-0.03,0,57,0.09,-82,-0.12,3228,3.23,1
3232,Entry long,2026-03-16 07:00,C0|L|MKT|15|v0.3.0-tier0|SPY,667.28,100,66728,-17,-0.03,0,57,0.09,-82,-0.12,3228,3.23,1
3233,Exit short,2026-03-18 07:30,TX15,662.45,100,66363,118,0.18,0,143,0.22,-67,-0.10,3346,3.35,1
3233,Entry short,2026-03-18 07:15,C0|S|MKT|15|v0.3.0-tier0|SPY,663.63,100,66363,118,0.18,0,143,0.22,-67,-0.10,3346,3.35,1
3234,Exit long,2026-03-19 07:15,TX15,654.63,100,65517,-54,-0.08,0,81,0.12,-67,-0.10,3292,3.29,1
3234,Entry long,2026-03-19 07:00,C0|L|MKT|15|v0.3.0-tier0|SPY,655.17,100,65517,-54,-0.08,0,81,0.12,-67,-0.10,3292,3.29,1
3235,Exit short,2026-03-20 07:15,TX15,650.1,100,65146,136,0.21,0,165,0.25,-68,-0.10,3428,3.43,1
3235,Entry short,2026-03-20 07:00,C0|S|MKT|15|v0.3.0-tier0|SPY,651.46,100,65146,136,0.21,0,165,0.25,-68,-0.10,3428,3.43,1
3236,Exit long,2026-03-23 07:15,TX15,658.45,100,65849,-4,-0.01,0,58,0.09,-154,-0.23,3424,3.42,1
3236,Entry long,2026-03-23 07:00,C0|L|MKT|15|v0.3.0-tier0|SPY,658.49,100,65849,-4,-0.01,0,58,0.09,-154,-0.23,3424,3.42,1
3237,Exit short,2026-03-25 07:15,TX15,656.36,100,65486,-150,-0.23,0,87,0.13,-156,-0.24,3274,3.27,1
3237,Entry short,2026-03-25 07:00,C0|S|MKT|15|v0.3.0-tier0|SPY,654.86,100,65486,-150,-0.23,0,87,0.13,-156,-0.24,3274,3.27,1
3238,Exit long,2026-03-26 07:15,TX15,652.75,100,65278,-3,0.00,0,37,0.06,-109,-0.17,3271,3.27,1
3238,Entry long,2026-03-26 07:00,C0|L|MKT|15|v0.3.0-tier0|SPY,652.78,100,65278,-3,0.00,0,37,0.06,-109,-0.17,3271,3.27,1
3239,Exit short,2026-03-27 07:15,TX15,638.06,100,63737,-69,-0.11,0,36,0.06,-97,-0.15,3202,3.20,1
3239,Entry short,2026-03-27 07:00,C0|S|MKT|15|v0.3.0-tier0|SPY,637.37,100,63737,-69,-0.11,0,36,0.06,-97,-0.15,3202,3.20,1
3240,Exit short,2026-03-30 07:15,TX15,634.86,100,63342,-144,-0.23,0,5,0.01,-174,-0.27,3058,3.06,1
3240,Entry short,2026-03-30 07:00,C0|S|MKT|15|v0.3.0-tier0|SPY,633.42,100,63342,-144,-0.23,0,5,0.01,-174,-0.27,3058,3.06,1
3241,Exit long,2026-03-31 07:15,TX15,639.84,100,64096,-112,-0.17,0,34,0.05,-150,-0.23,2946,2.95,1
3241,Entry long,2026-03-31 07:00,C0|L|MKT|15|v0.3.0-tier0|SPY,640.96,100,64096,-112,-0.17,0,34,0.05,-150,-0.23,2946,2.95,1
3242,Exit long,2026-04-02 07:15,TX15,647.99,100,64796,3,0.00,0,100,0.15,-108,-0.17,2949,2.95,1
3242,Entry long,2026-04-02 07:00,C0|L|MKT|15|v0.3.0-tier0|SPY,647.96,100,64796,3,0.00,0,100,0.15,-108,-0.17,2949,2.95,1
3243,Exit long,2026-04-06 07:15,TX15,656.33,100,65681,-48,-0.07,0,122,0.19,-245,-0.37,2901,2.90,1
3243,Entry long,2026-04-06 07:00,C0|L|MKT|15|v0.3.0-tier0|SPY,656.81,100,65681,-48,-0.07,0,122,0.19,-245,-0.37,2901,2.90,1
3244,Exit short,2026-04-07 07:15,TX15,651.05,100,65239,134,0.21,0,213,0.33,-15,-0.02,3035,3.03,1
3244,Entry short,2026-04-07 07:00,C0|S|MKT|15|v0.3.0-tier0|SPY,652.39,100,65239,134,0.21,0,213,0.33,-15,-0.02,3035,3.03,1
3245,Exit short,2026-04-08 07:15,TX15,673.18,100,67290,-28,-0.04,0,56,0.08,-60,-0.09,3007,3.01,1
3245,Entry short,2026-04-08 07:00,C0|S|MKT|15|v0.3.0-tier0|SPY,672.9,100,67290,-28,-0.04,0,56,0.08,-60,-0.09,3007,3.01,1
3246,Exit short,2026-04-09 07:45,TX15,672.52,100,67253,1,0.00,0,49,0.07,-38,-0.06,3008,3.01,1
3246,Entry short,2026-04-09 07:30,C0|S|MKT|15|v0.3.0-tier0|SPY,672.53,100,67253,1,0.00,0,49,0.07,-38,-0.06,3008,3.01,1
3247,Exit long,2026-04-13 07:15,TX15,677.35,100,67799,-64,-0.09,0,28,0.04,-87,-0.13,2944,2.94,1
3247,Entry long,2026-04-13 07:00,C0|L|MKT|15|v0.3.0-tier0|SPY,677.99,100,67799,-64,-0.09,0,28,0.04,-87,-0.13,2944,2.94,1
3248,Exit long,2026-04-14 07:30,TX15,689.21,100,68911,10,0.01,0,16,0.02,-29,-0.04,2954,2.95,1
3248,Entry long,2026-04-14 07:15,C0|L|MKT|15|v0.3.0-tier0|SPY,689.11,100,68911,10,0.01,0,16,0.02,-29,-0.04,2954,2.95,1
3249,Exit long,2026-04-15 07:45,TX15,694.96,100,69513,-17,-0.02,0,15,0.02,-98,-0.14,2937,2.94,1
3249,Entry long,2026-04-15 07:30,C0|L|MKT|15|v0.3.0-tier0|SPY,695.13,100,69513,-17,-0.02,0,15,0.02,-98,-0.14,2937,2.94,1
3250,Exit short,2026-04-16 07:15,TX15,697.84,100,69767,-17,-0.02,0,75,0.11,-68,-0.10,2920,2.92,1
3250,Entry short,2026-04-16 07:00,C0|S|MKT|15|v0.3.0-tier0|SPY,697.67,100,69767,-17,-0.02,0,75,0.11,-68,-0.10,2920,2.92,1
3251,Exit long,2026-04-17 07:15,TX15,707.33,100,70653,80,0.11,0,104,0.15,-20,-0.03,3000,3.00,1
3251,Entry long,2026-04-17 07:00,C0|L|MKT|15|v0.3.0-tier0|SPY,706.53,100,70653,80,0.11,0,104,0.15,-20,-0.03,3000,3.00,1
3252,Exit long,2026-04-20 07:15,TX15,707.39,100,70786,-47,-0.07,0,4,0.01,-101,-0.14,2953,2.95,1
3252,Entry long,2026-04-20 07:00,C0|L|MKT|15|v0.3.0-tier0|SPY,707.86,100,70786,-47,-0.07,0,4,0.01,-101,-0.14,2953,2.95,1
3253,Exit long,2026-04-21 07:15,TX15,709.21,100,70894,27,0.04,0,41,0.06,-31,-0.04,2980,2.98,1
3253,Entry long,2026-04-21 07:00,C0|L|MKT|15|v0.3.0-tier0|SPY,708.94,100,70894,27,0.04,0,41,0.06,-31,-0.04,2980,2.98,1
3254,Exit long,2026-04-22 07:15,TX15,708.29,100,70757,72,0.10,0,75,0.11,-62,-0.09,3052,3.05,1
3254,Entry long,2026-04-22 07:00,C0|L|MKT|15|v0.3.0-tier0|SPY,707.57,100,70757,72,0.10,0,75,0.11,-62,-0.09,3052,3.05,1
3255,Exit long,2026-04-29 07:45,TX15,710.04,100,70966,38,0.05,0,70,0.10,-19,-0.03,3090,3.09,1
3255,Entry long,2026-04-29 07:30,C0|L|MKT|15|v0.3.0-tier0|SPY,709.66,100,70966,38,0.05,0,70,0.10,-19,-0.03,3090,3.09,1
3256,Exit short,2026-04-30 07:15,TX15,709.8,100,70948,-32,-0.05,0,62,0.09,-94,-0.13,3058,3.06,1
3256,Entry short,2026-04-30 07:00,C0|S|MKT|15|v0.3.0-tier0|SPY,709.48,100,70948,-32,-0.05,0,62,0.09,-94,-0.13,3058,3.06,1
3257,Exit long,2026-05-01 07:15,TX15,722.59,100,72236,23,0.03,0,44,0.06,-44,-0.06,3081,3.08,1
3257,Entry long,2026-05-01 07:00,C0|L|MKT|15|v0.3.0-tier0|SPY,722.36,100,72236,23,0.03,0,44,0.06,-44,-0.06,3081,3.08,1
3258,Exit long,2026-05-04 07:15,TX15,719.14,100,71895,19,0.03,0,41,0.06,-92,-0.13,3100,3.10,1
3258,Entry long,2026-05-04 07:00,C0|L|MKT|15|v0.3.0-tier0|SPY,718.95,100,71895,19,0.03,0,41,0.06,-92,-0.13,3100,3.10,1
3259,Exit long,2026-05-05 07:15,TX15,720.42,100,72069,-27,-0.04,0,84,0.12,-41,-0.06,3073,3.07,1
3259,Entry long,2026-05-05 07:00,C0|L|MKT|15|v0.3.0-tier0|SPY,720.69,100,72069,-27,-0.04,0,84,0.12,-41,-0.06,3073,3.07,1
3260,Exit long,2026-05-06 07:15,TX15,728.19,100,72783,36,0.05,0,51,0.07,-99,-0.14,3109,3.11,1
3260,Entry long,2026-05-06 07:00,C0|L|MKT|15|v0.3.0-tier0|SPY,727.83,100,72783,36,0.05,0,51,0.07,-99,-0.14,3109,3.11,1
3261,Exit short,2026-05-07 07:15,TX15,732.63,100,73205,-58,-0.08,0,5,0.01,-97,-0.13,3051,3.05,1
3261,Entry short,2026-05-07 07:00,C0|S|MKT|15|v0.3.0-tier0|SPY,732.05,100,73205,-58,-0.08,0,5,0.01,-97,-0.13,3051,3.05,1
3262,Exit long,2026-05-08 07:15,TX15,734.92,100,73472,20,0.03,0,28,0.04,-37,-0.05,3071,3.07,1
3262,Entry long,2026-05-08 07:00,C0|L|MKT|15|v0.3.0-tier0|SPY,734.72,100,73472,20,0.03,0,28,0.04,-37,-0.05,3071,3.07,1
3263,Exit long,2026-05-11 07:15,TX15,737.14,100,73678,36,0.05,0,38,0.05,-17,-0.02,3107,3.11,1
3263,Entry long,2026-05-11 07:00,C0|L|MKT|15|v0.3.0-tier0|SPY,736.78,100,73678,36,0.05,0,38,0.05,-17,-0.02,3107,3.11,1
3264,Exit short,2026-05-12 07:15,TX15,734.23,100,73322,-101,-0.14,0,46,0.06,-104,-0.14,3006,3.01,1
3264,Entry short,2026-05-12 07:00,C0|S|MKT|15|v0.3.0-tier0|SPY,733.22,100,73322,-101,-0.14,0,46,0.06,-104,-0.14,3006,3.01,1
3265,Exit long,2026-05-14 07:45,TX15,745.07,100,74403,104,0.14,0,104,0.14,-19,-0.03,3110,3.11,1
3265,Entry long,2026-05-14 07:30,C0|L|MKT|15|v0.3.0-tier0|SPY,744.03,100,74403,104,0.14,0,104,0.14,-19,-0.03,3110,3.11,1
3266,Exit long,2026-05-18 07:15,TX15,738.01,100,73865,-64,-0.09,0,12,0.02,-195,-0.26,3046,3.05,1
3266,Entry long,2026-05-18 07:00,C0|L|MKT|15|v0.3.0-tier0|SPY,738.65,100,73865,-64,-0.09,0,12,0.02,-195,-0.26,3046,3.05,1
3267,Exit short,2026-05-19 07:30,TX15,730.53,100,73104,51,0.07,0,118,0.16,-25,-0.03,3097,3.10,1
3267,Entry short,2026-05-19 07:15,C0|S|MKT|15|v0.3.0-tier0|SPY,731.04,100,73104,51,0.07,0,118,0.16,-25,-0.03,3097,3.10,1
3268,Exit long,2026-05-20 07:45,TX15,736.44,100,73603,41,0.06,0,104,0.14,-48,-0.07,3138,3.14,1
3268,Entry long,2026-05-20 07:30,C0|L|MKT|15|v0.3.0-tier0|SPY,736.03,100,73603,41,0.06,0,104,0.14,-48,-0.07,3138,3.14,1
3269,Exit long,2026-05-21 07:15,TX15,737.63,100,73789,-26,-0.04,0,82,0.11,-54,-0.07,3112,3.11,1
3269,Entry long,2026-05-21 07:00,C0|L|MKT|15|v0.3.0-tier0|SPY,737.89,100,73789,-26,-0.04,0,82,0.11,-54,-0.07,3112,3.11,1
3270,Exit short,2026-05-22 07:30,TX15,743.77,100,74362,-15,-0.02,0,104,0.14,-52,-0.07,3097,3.10,1
3270,Entry short,2026-05-22 07:15,C0|S|MKT|15|v0.3.0-tier0|SPY,743.62,100,74362,-15,-0.02,0,104,0.14,-52,-0.07,3097,3.10,1
3271,Exit long,2026-05-26 07:15,TX15,749.51,100,74885,66,0.09,0,67,0.09,-24,-0.03,3163,3.16,1
3271,Entry long,2026-05-26 07:00,C0|L|MKT|15|v0.3.0-tier0|SPY,748.85,100,74885,66,0.09,0,67,0.09,-24,-0.03,3163,3.16,1
3272,Exit long,2026-05-28 07:30,TX15,750.84,100,75108,-24,-0.03,0,44,0.06,-107,-0.14,3139,3.14,1
3272,Entry long,2026-05-28 07:15,C0|L|MKT|15|v0.3.0-tier0|SPY,751.08,100,75108,-24,-0.03,0,44,0.06,-107,-0.14,3139,3.14,1
3273,Exit long,2026-05-29 07:15,TX15,755.34,100,75587,-53,-0.07,0,26,0.03,-63,-0.08,3086,3.09,1
3273,Entry long,2026-05-29 07:00,C0|L|MKT|15|v0.3.0-tier0|SPY,755.87,100,75587,-53,-0.07,0,26,0.03,-63,-0.08,3086,3.09,1
3274,Exit long,2026-06-02 07:30,TX15,755.78,100,75625,-47,-0.06,0,27,0.04,-66,-0.09,3039,3.04,1
3274,Entry long,2026-06-02 07:15,C0|L|MKT|15|v0.3.0-tier0|SPY,756.25,100,75625,-47,-0.06,0,27,0.04,-66,-0.09,3039,3.04,1
3275,Exit short,2026-06-03 07:15,TX15,754.96,100,75397,-99,-0.13,0,8,0.01,-102,-0.14,2940,2.94,1
3275,Entry short,2026-06-03 07:00,C0|S|MKT|15|v0.3.0-tier0|SPY,753.97,100,75397,-99,-0.13,0,8,0.01,-102,-0.14,2940,2.94,1
3276,Exit long,2026-06-04 07:45,TX15,751.9,100,75207,-17,-0.02,0,18,0.02,-51,-0.07,2923,2.92,1
3276,Entry long,2026-06-04 07:30,C0|L|MKT|15|v0.3.0-tier0|SPY,752.07,100,75207,-17,-0.02,0,18,0.02,-51,-0.07,2923,2.92,1
3277,Exit short,2026-06-05 07:15,TX15,748.18,100,74683,-135,-0.18,0,52,0.07,-149,-0.20,2788,2.79,1
3277,Entry short,2026-06-05 07:00,C0|S|MKT|15|v0.3.0-tier0|SPY,746.83,100,74683,-135,-0.18,0,52,0.07,-149,-0.20,2788,2.79,1
3278,Exit short,2026-06-08 07:15,TX15,739.73,100,73890,-83,-0.11,0,18,0.02,-171,-0.23,2705,2.71,1
3278,Entry short,2026-06-08 07:00,C0|S|MKT|15|v0.3.0-tier0|SPY,738.9,100,73890,-83,-0.11,0,18,0.02,-171,-0.23,2705,2.71,1
3279,Exit short,2026-06-09 07:30,TX15,739.21,100,73964,43,0.06,0,212,0.29,-64,-0.09,2748,2.75,1
3279,Entry short,2026-06-09 07:15,C0|S|MKT|15|v0.3.0-tier0|SPY,739.64,100,73964,43,0.06,0,212,0.29,-64,-0.09,2748,2.75,1
3280,Exit long,2026-06-10 07:30,TX15,735.31,100,73481,50,0.07,0,167,0.23,-90,-0.12,2798,2.80,1
3280,Entry long,2026-06-10 07:15,C0|L|MKT|15|v0.3.0-tier0|SPY,734.81,100,73481,50,0.07,0,167,0.23,-90,-0.12,2798,2.80,1
3281,Exit long,2026-06-11 07:15,TX15,725.97,100,72789,-192,-0.26,0,180,0.25,-199,-0.27,2606,2.61,1
3281,Entry long,2026-06-11 07:00,C0|L|MKT|15|v0.3.0-tier0|SPY,727.89,100,72789,-192,-0.26,0,180,0.25,-199,-0.27,2606,2.61,1
3282,Exit long,2026-06-15 07:45,TX15,751.38,100,75171,-33,-0.04,0,9,0.01,-68,-0.09,2573,2.57,1
3282,Entry long,2026-06-15 07:30,C0|L|MKT|15|v0.3.0-tier0|SPY,751.71,100,75171,-33,-0.04,0,9,0.01,-68,-0.09,2573,2.57,1
3283,Exit short,2026-06-16 07:15,TX15,752.9,100,75217,-73,-0.10,0,5,0.01,-108,-0.14,2500,2.50,1
3283,Entry short,2026-06-16 07:00,C0|S|MKT|15|v0.3.0-tier0|SPY,752.17,100,75217,-73,-0.10,0,5,0.01,-108,-0.14,2500,2.50,1
3284,Exit short,2026-06-17 07:15,TX15,749.28,100,74793,-135,-0.18,0,23,0.03,-140,-0.19,2365,2.37,1
3284,Entry short,2026-06-17 07:00,C0|S|MKT|15|v0.3.0-tier0|SPY,747.93,100,74793,-135,-0.18,0,23,0.03,-140,-0.19,2365,2.37,1
3285,Exit short,2026-06-22 07:45,TX15,744.54,100,74651,197,0.26,0,206,0.28,-8,-0.01,2562,2.56,1
3285,Entry short,2026-06-22 07:30,C0|S|MKT|15|v0.3.0-tier0|SPY,746.51,100,74651,197,0.26,0,206,0.28,-8,-0.01,2562,2.56,1
3286,Exit long,2026-06-23 07:15,TX15,738.89,100,73715,174,0.24,0,188,0.26,-15,-0.02,2736,2.74,1
3286,Entry long,2026-06-23 07:00,C0|L|MKT|15|v0.3.0-tier0|SPY,737.15,100,73715,174,0.24,0,188,0.26,-15,-0.02,2736,2.74,1
3287,Exit short,2026-06-25 07:15,TX15,734.13,100,72985,-428,-0.59,0,22,0.03,-600,-0.82,2308,2.31,1
3287,Entry short,2026-06-25 07:00,C0|S|MKT|15|v0.3.0-tier0|SPY,729.85,100,72985,-428,-0.59,0,22,0.03,-600,-0.82,2308,2.31,1
3288,Exit long,2026-06-26 07:15,TX15,733.19,100,73088,231,0.32,0,254,0.35,-24,-0.03,2539,2.54,1
3288,Entry long,2026-06-26 07:00,C0|L|MKT|15|v0.3.0-tier0|SPY,730.88,100,73088,231,0.32,0,254,0.35,-24,-0.03,2539,2.54,1
3289,Exit short,2026-06-29 07:30,TX15,736.08,100,73270,-338,-0.46,0,61,0.08,-347,-0.47,2201,2.20,1
3289,Entry short,2026-06-29 07:15,C0|S|MKT|15|v0.3.0-tier0|SPY,732.7,100,73270,-338,-0.46,0,61,0.08,-347,-0.47,2201,2.20,1
3290,Exit long,2026-06-30 07:15,TX15,743.64,100,74392,-28,-0.04,0,61,0.08,-106,-0.14,2173,2.17,1
3290,Entry long,2026-06-30 07:00,C0|L|MKT|15|v0.3.0-tier0|SPY,743.92,100,74392,-28,-0.04,0,61,0.08,-106,-0.14,2173,2.17,1
3291,Exit long,2026-07-01 07:15,TX15,746.64,100,74534,130,0.17,0,155,0.21,-34,-0.05,2303,2.30,1
3291,Entry long,2026-07-01 07:00,C0|L|MKT|15|v0.3.0-tier0|SPY,745.34,100,74534,130,0.17,0,155,0.21,-34,-0.05,2303,2.30,1
3292,Exit long,2026-07-02 07:15,TX15,750.96,100,75078,18,0.02,0,46,0.06,-112,-0.15,2321,2.32,1
3292,Entry long,2026-07-02 07:00,C0|L|MKT|15|v0.3.0-tier0|SPY,750.78,100,75078,18,0.02,0,46,0.06,-112,-0.15,2321,2.32,1
3293,Exit long,2026-07-06 07:45,TX15,749.68,100,74996,-28,-0.04,0,21,0.03,-86,-0.11,2293,2.29,1
3293,Entry long,2026-07-06 07:30,C0|L|MKT|15|v0.3.0-tier0|SPY,749.96,100,74996,-28,-0.04,0,21,0.03,-86,-0.11,2293,2.29,1
3294,Exit short,2026-07-07 07:15,TX15,747.02,100,74882,180,0.24,0,186,0.25,-38,-0.05,2473,2.47,1
3294,Entry short,2026-07-07 07:00,C0|S|MKT|15|v0.3.0-tier0|SPY,748.82,100,74882,180,0.24,0,186,0.25,-38,-0.05,2473,2.47,1
3295,Exit long,2026-07-09 07:15,TX15,747.55,100,74869,-114,-0.15,0,33,0.04,-142,-0.19,2359,2.36,1
3295,Entry long,2026-07-09 07:00,C0|L|MKT|15|v0.3.0-tier0|SPY,748.69,100,74869,-114,-0.15,0,33,0.04,-142,-0.19,2359,2.36,1
3296,Exit long,2026-07-16 07:45,TX15,754.36,100,75432,4,0.01,0,18,0.02,-57,-0.08,2363,2.36,1
3296,Entry long,2026-07-16 07:30,C0|L|MKT|15|v0.3.0-tier0|SPY,754.32,100,75432,4,0.01,0,18,0.02,-57,-0.08,2363,2.36,1
3297,Exit long,2026-07-17 07:15,TX15,746.27,100,74484,143,0.19,0,196,0.26,-14,-0.02,2506,2.51,1
3297,Entry long,2026-07-17 07:00,C0|L|MKT|15|v0.3.0-tier0|SPY,744.84,100,74484,143,0.19,0,196,0.26,-14,-0.02,2506,2.51,1
3298,Exit short,2026-07-20 07:15,TX15,744.99,100,74571,72,0.10,0,93,0.12,-65,-0.09,2578,2.58,1
3298,Entry short,2026-07-20 07:00,C0|S|MKT|15|v0.3.0-tier0|SPY,745.71,100,74571,72,0.10,0,93,0.12,-65,-0.09,2578,2.58,1
3299,Exit long,2026-07-21 07:45,TX15,746.6,100,74685,-25,-0.03,0,38,0.05,-107,-0.14,2553,2.55,1
3299,Entry long,2026-07-21 07:30,C0|L|MKT|15|v0.3.0-tier0|SPY,746.85,100,74685,-25,-0.03,0,38,0.05,-107,-0.14,2553,2.55,1
3300,Exit long,2026-07-22 07:15,TX15,748.24,100,74877,-53,-0.07,0,61,0.08,-67,-0.09,2500,2.50,1
3300,Entry long,2026-07-22 07:00,C0|L|MKT|15|v0.3.0-tier0|SPY,748.77,100,74877,-53,-0.07,0,61,0.08,-67,-0.09,2500,2.50,1